pc_time,pc_monotonic_ms,trial_id,label,expected_state,reference_hr_bpm,reference_spo2_pct,action_marker,seq,t_ms,red,ir,red_dc,ir_dc,red_ac,ir_ac,filtered_ir,envelope,peak_candidate,beat_accepted,ibi_ms,finger,sqi,hr_bpm,spo2_pct,valid,fifo_overflow,rhythm_state,rhythm_valid,rhythm_confidence,model_calibrated,rhythm_ibi_mean_ms,rhythm_sdnn_ms,rhythm_rmssd_ms,rhythm_pnn50,rhythm_beat_count,rhythm_inference_us,rhythm_inference_count,rhythm_model_bytes,rhythm_classifier_state_bytes,imu_accel_g,imu_gyro_dps
2026-08-31T22:59:01.483,128380734,P042,rhythm_normal,NORMAL,,,,1,400425,1181,1322,nan,nan,nan,nan,nan,nan,False,False,nan,False,0.0,nan,nan,False,0,NO_FINGER,0,,0,,,,,0,54,19,30,60,0.9997654724984255,0.24494897427831783
2026-08-31T22:59:01.636,128380890,P042,rhythm_normal,NORMAL,,,,2,400465,1175,1327,nan,nan,nan,nan,nan,nan,False,False,nan,False,0.0,nan,nan,False,0,NO_FINGER,0,,0,,,,,0,54,19,30,60,0.9997654724984255,0.17320508075688776
2026-08-31T22:59:01.643,128380890,P042,rhythm_normal,NORMAL,,,,3,400505,1164,1334,nan,nan,nan,nan,nan,nan,False,False,nan,False,0.0,nan,nan,False,0,NO_FINGER,0,,0,,,,,0,54,19,30,60,0.9997654724984255,0.17320508075688776
2026-08-31T22:59:01.649,128380906,P042,rhythm_normal,NORMAL,,,,4,400545,1197,1317,nan,nan,nan,nan,nan,nan,False,False,nan,False,0.0,nan,nan,False,0,NO_FINGER,0,,0,,,,,0,54,19,30,60,0.9997654724984255,0.17320508075688776
2026-08-31T22:59:01.655,128380906,P042,rhythm_normal,NORMAL,,,,5,400585,1172,1340,nan,nan,nan,nan,nan,nan,False,False,nan,False,0.0,nan,nan,False,0,NO_FINGER,0,,0,,,,,0,54,19,30,60,0.9997654724984255,0.17320508075688776
2026-08-31T22:59:01.693,128380937,P042,rhythm_normal,NORMAL,,,,6,400625,1191,1335,nan,nan,nan,nan,nan,nan,False,False,nan,False,0.0,nan,nan,False,0,NO_FINGER,0,,0,,,,,0,54,19,30,60,0.9997654724984255,0.17320508075688776
2026-08-31T22:59:01.842,128381093,P042,rhythm_normal,NORMAL,,,,7,400665,1189,1327,nan,nan,nan,nan,nan,nan,False,False,nan,False,0.0,nan,nan,False,0,NO_FINGER,0,,0,,,,,0,54,19,30,60,0.9997654724984255,0.24494897427831783
2026-08-31T22:59:01.856,128381109,P042,rhythm_normal,NORMAL,,,,8,400705,1166,1341,nan,nan,nan,nan,nan,nan,False,False,nan,False,0.0,nan,nan,False,0,NO_FINGER,0,,0,,,,,0,54,19,30,60,0.9997654724984255,0.24494897427831783
2026-08-31T22:59:01.862,128381109,P042,rhythm_normal,NORMAL,,,,9,400745,1204,1313,nan,nan,nan,nan,nan,nan,False,False,nan,False,0.0,nan,nan,False,0,NO_FINGER,0,,0,,,,,0,54,19,30,60,0.9997654724984255,0.24494897427831783
2026-08-31T22:59:01.871,128381125,P042,rhythm_normal,NORMAL,,,,10,400785,1179,1322,nan,nan,nan,nan,nan,nan,False,False,nan,False,0.0,nan,nan,False,0,NO_FINGER,0,,0,,,,,0,54,19,30,60,0.9997654724984255,0.24494897427831783
2026-08-31T22:59:01.882,128381140,P042,rhythm_normal,NORMAL,,,,11,400825,1196,1340,nan,nan,nan,nan,nan,nan,False,False,nan,False,0.0,nan,nan,False,0,NO_FINGER,0,,0,,,,,0,54,19,30,60,0.9997654724984255,0.24494897427831783
2026-08-31T22:59:02.047,128381296,P042,rhythm_normal,NORMAL,,,,12,400865,1151,1304,nan,nan,nan,nan,nan,nan,False,False,nan,False,0.0,nan,nan,False,0,NO_FINGER,0,,0,,,,,0,54,19,30,60,0.9997654724984255,0.17320508075688776
2026-08-31T22:59:02.057,128381312,P042,rhythm_normal,NORMAL,,,,13,400905,1127,1304,nan,nan,nan,nan,nan,nan,False,False,nan,False,0.0,nan,nan,False,0,NO_FINGER,0,,0,,,,,0,54,19,30,60,0.9997654724984255,0.17320508075688776
2026-08-31T22:59:02.064,128381312,P042,rhythm_normal,NORMAL,,,,14,400945,1151,1299,nan,nan,nan,nan,nan,nan,False,False,nan,False,0.0,nan,nan,False,0,NO_FINGER,0,,0,,,,,0,54,19,30,60,0.9997654724984255,0.17320508075688776
2026-08-31T22:59:02.070,128381328,P042,rhythm_normal,NORMAL,,,,15,400985,1149,1300,nan,nan,nan,nan,nan,nan,False,False,nan,False,0.0,nan,nan,False,0,NO_FINGER,0,,0,,,,,0,54,19,30,60,0.9997654724984255,0.17320508075688776
2026-08-31T22:59:02.085,128381343,P042,rhythm_normal,NORMAL,,,,16,401025,1142,1302,nan,nan,nan,nan,nan,nan,False,False,nan,False,0.0,nan,nan,False,0,NO_FINGER,0,,0,,,,,0,54,19,30,60,0.9997654724984255,0.17320508075688776
2026-08-31T22:59:02.233,128381484,P042,rhythm_normal,NORMAL,,,,17,401065,1195,1303,nan,nan,nan,nan,nan,nan,False,False,nan,False,0.0,nan,nan,False,0,NO_FINGER,0,,0,,,,,0,54,19,30,60,0.9997654724984255,0.24494897427831783
2026-08-31T22:59:02.245,128381500,P042,rhythm_normal,NORMAL,,,,18,401105,1157,1291,nan,nan,nan,nan,nan,nan,False,False,nan,False,0.0,nan,nan,False,0,NO_FINGER,0,,0,,,,,0,54,19,30,60,0.9997654724984255,0.24494897427831783
2026-08-31T22:59:02.254,128381500,P042,rhythm_normal,NORMAL,,,,19,401145,1205,1292,nan,nan,nan,nan,nan,nan,False,False,nan,False,0.0,nan,nan,False,0,NO_FINGER,0,,0,,,,,0,54,19,30,60,0.9997654724984255,0.24494897427831783
2026-08-31T22:59:02.261,128381515,P042,rhythm_normal,NORMAL,,,,20,401185,1201,1289,nan,nan,nan,nan,nan,nan,False,False,nan,False,0.0,nan,nan,False,0,NO_FINGER,0,,0,,,,,0,54,19,30,60,0.9997654724984255,0.24494897427831783
2026-08-31T22:59:02.283,128381531,P042,rhythm_normal,NORMAL,,,,21,401225,1174,1290,nan,nan,nan,nan,nan,nan,False,False,nan,False,0.0,nan,nan,False,0,NO_FINGER,0,,0,,,,,0,54,19,30,60,0.9997654724984255,0.24494897427831783
2026-08-31T22:59:02.447,128381703,P042,rhythm_normal,NORMAL,,,,22,401265,1194,1281,nan,nan,nan,nan,nan,nan,False,False,nan,False,0.0,nan,nan,False,0,NO_FINGER,0,,0,,,,,0,54,19,30,60,0.9997654724984255,0.24494897427831783
2026-08-31T22:59:02.458,128381703,P042,rhythm_normal,NORMAL,,,,23,401305,1204,1283,nan,nan,nan,nan,nan,nan,False,False,nan,False,0.0,nan,nan,False,0,NO_FINGER,0,,0,,,,,0,54,19,30,60,0.9997654724984255,0.24494897427831783
2026-08-31T22:59:02.467,128381718,P042,rhythm_normal,NORMAL,,,,24,401345,1174,1276,nan,nan,nan,nan,nan,nan,False,False,nan,False,0.0,nan,nan,False,0,NO_FINGER,0,,0,,,,,0,54,19,30,60,0.9997654724984255,0.24494897427831783
2026-08-31T22:59:02.476,128381734,P042,rhythm_normal,NORMAL,,,,25,401385,1183,1275,nan,nan,nan,nan,nan,nan,False,False,nan,False,0.0,nan,nan,False,0,NO_FINGER,0,,0,,,,,0,54,19,30,60,0.9997654724984255,0.24494897427831783
2026-08-31T22:59:02.488,128381734,P042,rhythm_normal,NORMAL,,,,26,401425,1197,1271,nan,nan,nan,nan,nan,nan,False,False,nan,False,0.0,nan,nan,False,0,NO_FINGER,0,,0,,,,,0,54,19,30,60,0.9997654724984255,0.24494897427831783
2026-08-31T22:59:02.651,128381906,P042,rhythm_normal,NORMAL,,,,27,401465,1160,1276,nan,nan,nan,nan,nan,nan,False,False,nan,False,0.0,nan,nan,False,0,NO_FINGER,0,,0,,,,,0,54,19,30,60,0.9997654724984255,0.24494897427831783
2026-08-31T22:59:02.666,128381921,P042,rhythm_normal,NORMAL,,,,28,401505,1176,1282,nan,nan,nan,nan,nan,nan,False,False,nan,False,0.0,nan,nan,False,0,NO_FINGER,0,,0,,,,,0,54,19,30,60,0.9997654724984255,0.24494897427831783
2026-08-31T22:59:02.678,128381921,P042,rhythm_normal,NORMAL,,,,29,401545,1161,1281,nan,nan,nan,nan,nan,nan,False,False,nan,False,0.0,nan,nan,False,0,NO_FINGER,0,,0,,,,,0,54,19,30,60,0.9997654724984255,0.24494897427831783
2026-08-31T22:59:02.687,128381937,P042,rhythm_normal,NORMAL,,,,30,401585,1179,1273,nan,nan,nan,nan,nan,nan,False,False,nan,False,0.0,nan,nan,False,0,NO_FINGER,0,,0,,,,,0,54,19,30,60,0.9997654724984255,0.24494897427831783
2026-08-31T22:59:02.699,128381953,P042,rhythm_normal,NORMAL,,,,31,401625,1193,1269,nan,nan,nan,nan,nan,nan,False,False,nan,False,0.0,nan,nan,False,0,NO_FINGER,0,,0,,,,,0,54,19,30,60,0.9997654724984255,0.24494897427831783
2026-08-31T22:59:02.830,128382078,P042,rhythm_normal,NORMAL,,,,32,401665,1164,1271,nan,nan,nan,nan,nan,nan,False,False,nan,False,0.0,nan,nan,False,0,NO_FINGER,0,,0,,,,,0,54,19,30,60,0.9997654724984255,0.24494897427831783
2026-08-31T22:59:02.841,128382093,P042,rhythm_normal,NORMAL,,,,33,401705,1171,1269,nan,nan,nan,nan,nan,nan,False,False,nan,False,0.0,nan,nan,False,0,NO_FINGER,0,,0,,,,,0,54,19,30,60,0.9997654724984255,0.24494897427831783
2026-08-31T22:59:02.848,128382093,P042,rhythm_normal,NORMAL,,,,34,401745,1167,1270,nan,nan,nan,nan,nan,nan,False,False,nan,False,0.0,nan,nan,False,0,NO_FINGER,0,,0,,,,,0,54,19,30,60,0.9997654724984255,0.24494897427831783
2026-08-31T22:59:02.852,128382109,P042,rhythm_normal,NORMAL,,,,35,401785,1168,1271,nan,nan,nan,nan,nan,nan,False,False,nan,False,0.0,nan,nan,False,0,NO_FINGER,0,,0,,,,,0,54,19,30,60,0.9997654724984255,0.24494897427831783
2026-08-31T22:59:02.882,128382140,P042,rhythm_normal,NORMAL,,,,36,401825,1154,1268,nan,nan,nan,nan,nan,nan,False,False,nan,False,0.0,nan,nan,False,0,NO_FINGER,0,,0,,,,,0,54,19,30,60,0.9997654724984255,0.24494897427831783
2026-08-31T22:59:03.051,128382296,P042,rhythm_normal,NORMAL,,,,37,401865,1163,1269,nan,nan,nan,nan,nan,nan,False,False,nan,False,0.0,nan,nan,False,0,NO_FINGER,0,,0,,,,,0,54,19,30,60,0.9997654724984255,0.17320508075688776
2026-08-31T22:59:03.060,128382312,P042,rhythm_normal,NORMAL,,,,38,401905,1163,1271,nan,nan,nan,nan,nan,nan,False,False,nan,False,0.0,nan,nan,False,0,NO_FINGER,0,,0,,,,,0,54,19,30,60,0.9997654724984255,0.17320508075688776
2026-08-31T22:59:03.065,128382312,P042,rhythm_normal,NORMAL,,,,39,401945,1160,1272,nan,nan,nan,nan,nan,nan,False,False,nan,False,0.0,nan,nan,False,0,NO_FINGER,0,,0,,,,,0,54,19,30,60,0.9997654724984255,0.17320508075688776
2026-08-31T22:59:03.071,128382328,P042,rhythm_normal,NORMAL,,,,40,401985,1158,1279,nan,nan,nan,nan,nan,nan,False,False,nan,False,0.0,nan,nan,False,0,NO_FINGER,0,,0,,,,,0,54,19,30,60,0.9997654724984255,0.17320508075688776
2026-08-31T22:59:03.088,128382343,P042,rhythm_normal,NORMAL,,,,41,402025,1164,1277,nan,nan,nan,nan,nan,nan,False,False,nan,False,0.0,nan,nan,False,0,NO_FINGER,0,,0,,,,,0,54,19,30,60,0.9997654724984255,0.17320508075688776
2026-08-31T22:59:03.249,128382500,P042,rhythm_normal,NORMAL,,,,42,402065,1161,1278,nan,nan,nan,nan,nan,nan,False,False,nan,False,0.0,nan,nan,False,0,NO_FINGER,0,,0,,,,,0,54,19,30,60,0.9997654724984255,0.17320508075688776
2026-08-31T22:59:03.261,128382515,P042,rhythm_normal,NORMAL,,,,43,402105,1157,1280,nan,nan,nan,nan,nan,nan,False,False,nan,False,0.0,nan,nan,False,0,NO_FINGER,0,,0,,,,,0,54,19,30,60,0.9997654724984255,0.17320508075688776
2026-08-31T22:59:03.270,128382515,P042,rhythm_normal,NORMAL,,,,44,402145,1164,1275,nan,nan,nan,nan,nan,nan,False,False,nan,False,0.0,nan,nan,False,0,NO_FINGER,0,,0,,,,,0,54,19,30,60,0.9997654724984255,0.17320508075688776
2026-08-31T22:59:03.279,128382531,P042,rhythm_normal,NORMAL,,,,45,402185,1160,1282,nan,nan,nan,nan,nan,nan,False,False,nan,False,0.0,nan,nan,False,0,NO_FINGER,0,,0,,,,,0,54,19,30,60,0.9997654724984255,0.17320508075688776
2026-08-31T22:59:03.285,128382531,P042,rhythm_normal,NORMAL,,,,46,402225,1161,1274,nan,nan,nan,nan,nan,nan,False,False,nan,False,0.0,nan,nan,False,0,NO_FINGER,0,,0,,,,,0,54,19,30,60,0.9997654724984255,0.17320508075688776
2026-08-31T22:59:03.444,128382687,P042,rhythm_normal,NORMAL,,,,47,402265,1157,1266,nan,nan,nan,nan,nan,nan,False,False,nan,False,0.0,nan,nan,False,0,NO_FINGER,0,,0,,,,,0,54,19,30,60,0.9997654724984255,0.17320508075688776
2026-08-31T22:59:03.455,128382703,P042,rhythm_normal,NORMAL,,,,48,402305,1160,1281,nan,nan,nan,nan,nan,nan,False,False,nan,False,0.0,nan,nan,False,0,NO_FINGER,0,,0,,,,,0,54,19,30,60,0.9997654724984255,0.17320508075688776
2026-08-31T22:59:03.465,128382718,P042,rhythm_normal,NORMAL,,,,49,402345,1161,1277,nan,nan,nan,nan,nan,nan,False,False,nan,False,0.0,nan,nan,False,0,NO_FINGER,0,,0,,,,,0,54,19,30,60,0.9997654724984255,0.17320508075688776
2026-08-31T22:59:03.473,128382718,P042,rhythm_normal,NORMAL,,,,50,402385,1160,1284,nan,nan,nan,nan,nan,nan,False,False,nan,False,0.0,nan,nan,False,0,NO_FINGER,0,,0,,,,,0,54,19,30,60,0.9997654724984255,0.17320508075688776
2026-08-31T22:59:03.486,128382734,P042,rhythm_normal,NORMAL,,,,51,402425,1161,1276,nan,nan,nan,nan,nan,nan,False,False,nan,False,0.0,nan,nan,False,0,NO_FINGER,0,,0,,,,,0,54,19,30,60,0.9997654724984255,0.17320508075688776
2026-08-31T22:59:03.647,128382890,P042,rhythm_normal,NORMAL,,,,52,402465,1159,1274,nan,nan,nan,nan,nan,nan,False,False,nan,False,0.0,nan,nan,False,0,NO_FINGER,0,,0,,,,,0,54,19,30,60,0.9997654724984255,0.24494897427831783
2026-08-31T22:59:03.662,128382906,P042,rhythm_normal,NORMAL,,,,53,402505,1159,1281,nan,nan,nan,nan,nan,nan,False,False,nan,False,0.0,nan,nan,False,0,NO_FINGER,0,,0,,,,,0,54,19,30,60,0.9997654724984255,0.24494897427831783
2026-08-31T22:59:03.675,128382921,P042,rhythm_normal,NORMAL,,,,54,402545,1160,1279,nan,nan,nan,nan,nan,nan,False,False,nan,False,0.0,nan,nan,False,0,NO_FINGER,0,,0,,,,,0,54,19,30,60,0.9997654724984255,0.24494897427831783
2026-08-31T22:59:03.685,128382937,P042,rhythm_normal,NORMAL,,,,55,402585,1161,1279,nan,nan,nan,nan,nan,nan,False,False,nan,False,0.0,nan,nan,False,0,NO_FINGER,0,,0,,,,,0,54,19,30,60,0.9997654724984255,0.24494897427831783
2026-08-31T22:59:03.698,128382953,P042,rhythm_normal,NORMAL,,,,56,402625,1157,1281,nan,nan,nan,nan,nan,nan,False,False,nan,False,0.0,nan,nan,False,0,NO_FINGER,0,,0,,,,,0,54,19,30,60,0.9997654724984255,0.24494897427831783
2026-08-31T22:59:03.840,128383093,P042,rhythm_normal,NORMAL,,,,57,402665,1153,1275,nan,nan,nan,nan,nan,nan,False,False,nan,False,0.0,nan,nan,False,0,NO_FINGER,0,,0,,,,,0,54,19,30,60,0.9997654724984255,0.24494897427831783
2026-08-31T22:59:03.878,128383125,P042,rhythm_normal,NORMAL,,,,58,402705,1147,1266,nan,nan,nan,nan,nan,nan,False,False,nan,False,0.0,nan,nan,False,0,NO_FINGER,0,,0,,,,,0,54,19,30,60,0.9997654724984255,0.24494897427831783
2026-08-31T22:59:03.888,128383140,P042,rhythm_normal,NORMAL,,,,59,402745,1151,1276,nan,nan,nan,nan,nan,nan,False,False,nan,False,0.0,nan,nan,False,0,NO_FINGER,0,,0,,,,,0,54,19,30,60,0.9997654724984255,0.24494897427831783
2026-08-31T22:59:03.897,128383140,P042,rhythm_normal,NORMAL,,,,60,402785,1149,1277,nan,nan,nan,nan,nan,nan,False,False,nan,False,0.0,nan,nan,False,0,NO_FINGER,0,,0,,,,,0,54,19,30,60,0.9997654724984255,0.24494897427831783
2026-08-31T22:59:03.908,128383156,P042,rhythm_normal,NORMAL,,,,61,402825,1149,1282,nan,nan,nan,nan,nan,nan,False,False,nan,False,0.0,nan,nan,False,0,NO_FINGER,0,,0,,,,,0,54,19,30,60,0.9997654724984255,0.24494897427831783
2026-08-31T22:59:04.050,128383296,P042,rhythm_normal,NORMAL,,,,62,402865,1151,1288,nan,nan,nan,nan,nan,nan,False,False,nan,False,0.0,nan,nan,False,0,NO_FINGER,0,,0,,,,,0,54,19,30,60,0.9997654724984255,0.30000000000000004
2026-08-31T22:59:04.060,128383312,P042,rhythm_normal,NORMAL,,,,63,402905,1157,1294,nan,nan,nan,nan,nan,nan,False,False,nan,False,0.0,nan,nan,False,0,NO_FINGER,0,,0,,,,,0,54,19,30,60,0.9997654724984255,0.30000000000000004
2026-08-31T22:59:04.072,128383328,P042,rhythm_normal,NORMAL,,,,64,402945,1151,1292,nan,nan,nan,nan,nan,nan,False,False,nan,False,0.0,nan,nan,False,0,NO_FINGER,0,,0,,,,,0,54,19,30,60,0.9997654724984255,0.30000000000000004
2026-08-31T22:59:04.084,128383328,P042,rhythm_normal,NORMAL,,,,65,402985,1153,1293,nan,nan,nan,nan,nan,nan,False,False,nan,False,0.0,nan,nan,False,0,NO_FINGER,0,,0,,,,,0,54,19,30,60,0.9997654724984255,0.30000000000000004
2026-08-31T22:59:04.096,128383343,P042,rhythm_normal,NORMAL,,,,66,403025,1154,1301,nan,nan,nan,nan,nan,nan,False,False,nan,False,0.0,nan,nan,False,0,NO_FINGER,0,,0,,,,,0,54,19,30,60,0.9997654724984255,0.30000000000000004
2026-08-31T22:59:04.232,128383484,P042,rhythm_normal,NORMAL,,,,67,403065,1162,1300,nan,nan,nan,nan,nan,nan,False,False,nan,False,0.0,nan,nan,False,0,NO_FINGER,0,,0,,,,,0,54,19,30,60,0.9997654724984255,0.17320508075688776
2026-08-31T22:59:04.245,128383500,P042,rhythm_normal,NORMAL,,,,68,403105,1155,1293,nan,nan,nan,nan,nan,nan,False,False,nan,False,0.0,nan,nan,False,0,NO_FINGER,0,,0,,,,,0,54,19,30,60,0.9997654724984255,0.17320508075688776
2026-08-31T22:59:04.252,128383500,P042,rhythm_normal,NORMAL,,,,69,403145,1163,1300,nan,nan,nan,nan,nan,nan,False,False,nan,False,0.0,nan,nan,False,0,NO_FINGER,0,,0,,,,,0,54,19,30,60,0.9997654724984255,0.17320508075688776
2026-08-31T22:59:04.267,128383515,P042,rhythm_normal,NORMAL,,,,70,403185,1160,1299,nan,nan,nan,nan,nan,nan,False,False,nan,False,0.0,nan,nan,False,0,NO_FINGER,0,,0,,,,,0,54,19,30,60,0.9997654724984255,0.17320508075688776
2026-08-31T22:59:04.283,128383531,P042,rhythm_normal,NORMAL,,,,71,403225,1155,1298,nan,nan,nan,nan,nan,nan,False,False,nan,False,0.0,nan,nan,False,0,NO_FINGER,0,,0,,,,,0,54,19,30,60,0.9997654724984255,0.17320508075688776
2026-08-31T22:59:04.438,128383687,P042,rhythm_normal,NORMAL,,,,72,403265,1154,1294,nan,nan,nan,nan,nan,nan,False,False,nan,False,0.0,nan,nan,False,0,NO_FINGER,0,,0,,,,,0,54,19,30,60,0.9997654724984255,0.30000000000000004
2026-08-31T22:59:04.458,128383703,P042,rhythm_normal,NORMAL,,,,73,403305,1152,1303,nan,nan,nan,nan,nan,nan,False,False,nan,False,0.0,nan,nan,False,0,NO_FINGER,0,,0,,,,,0,54,19,30,60,0.9997654724984255,0.30000000000000004
2026-08-31T22:59:04.470,128383718,P042,rhythm_normal,NORMAL,,,,74,403345,1152,1291,nan,nan,nan,nan,nan,nan,False,False,nan,False,0.0,nan,nan,False,0,NO_FINGER,0,,0,,,,,0,54,19,30,60,0.9997654724984255,0.30000000000000004
2026-08-31T22:59:04.485,128383734,P042,rhythm_normal,NORMAL,,,,75,403385,1157,1299,nan,nan,nan,nan,nan,nan,False,False,nan,False,0.0,nan,nan,False,0,NO_FINGER,0,,0,,,,,0,54,19,30,60,0.9997654724984255,0.30000000000000004
2026-08-31T22:59:04.499,128383750,P042,rhythm_normal,NORMAL,,,,76,403425,1161,1292,nan,nan,nan,nan,nan,nan,False,False,nan,False,0.0,nan,nan,False,0,NO_FINGER,0,,0,,,,,0,54,19,30,60,0.9997654724984255,0.30000000000000004
2026-08-31T22:59:04.638,128383890,P042,rhythm_normal,NORMAL,,,,77,403465,1152,1288,nan,nan,nan,nan,nan,nan,False,False,nan,False,0.0,nan,nan,False,0,NO_FINGER,0,,0,,,,,0,54,19,30,60,0.9997654724984255,0.24494897427831783
2026-08-31T22:59:04.653,128383906,P042,rhythm_normal,NORMAL,,,,78,403505,1152,1288,nan,nan,nan,nan,nan,nan,False,False,nan,False,0.0,nan,nan,False,0,NO_FINGER,0,,0,,,,,0,54,19,30,60,0.9997654724984255,0.24494897427831783
2026-08-31T22:59:04.667,128383921,P042,rhythm_normal,NORMAL,,,,79,403545,1155,1291,nan,nan,nan,nan,nan,nan,False,False,nan,False,0.0,nan,nan,False,0,NO_FINGER,0,,0,,,,,0,54,19,30,60,0.9997654724984255,0.24494897427831783
2026-08-31T22:59:04.674,128383921,P042,rhythm_normal,NORMAL,,,,80,403585,1152,1294,nan,nan,nan,nan,nan,nan,False,False,nan,False,0.0,nan,nan,False,0,NO_FINGER,0,,0,,,,,0,54,19,30,60,0.9997654724984255,0.24494897427831783
2026-08-31T22:59:04.694,128383937,P042,rhythm_normal,NORMAL,,,,81,403625,1155,1284,nan,nan,nan,nan,nan,nan,False,False,nan,False,0.0,nan,nan,False,0,NO_FINGER,0,,0,,,,,0,54,19,30,60,0.9997654724984255,0.24494897427831783
2026-08-31T22:59:04.850,128384093,P042,rhythm_normal,NORMAL,,,,82,403665,1161,1269,nan,nan,nan,nan,nan,nan,False,False,nan,False,0.0,nan,nan,False,0,NO_FINGER,0,,0,,,,,0,54,19,30,60,0.9997654724984255,0.24494897427831783
2026-08-31T22:59:04.862,128384109,P042,rhythm_normal,NORMAL,,,,83,403705,1155,1272,nan,nan,nan,nan,nan,nan,False,False,nan,False,0.0,nan,nan,False,0,NO_FINGER,0,,0,,,,,0,54,19,30,60,0.9997654724984255,0.24494897427831783
2026-08-31T22:59:04.876,128384125,P042,rhythm_normal,NORMAL,,,,84,403745,1155,1252,nan,nan,nan,nan,nan,nan,False,False,nan,False,0.0,nan,nan,False,0,NO_FINGER,0,,0,,,,,0,54,19,30,60,0.9997654724984255,0.24494897427831783
2026-08-31T22:59:04.886,128384140,P042,rhythm_normal,NORMAL,,,,85,403785,1162,1219,nan,nan,nan,nan,nan,nan,False,False,nan,False,0.0,nan,nan,False,0,NO_FINGER,0,,0,,,,,0,54,19,30,60,0.9997654724984255,0.24494897427831783
2026-08-31T22:59:04.895,128384140,P042,rhythm_normal,NORMAL,,,,86,403825,1152,1192,nan,nan,nan,nan,nan,nan,False,False,nan,False,0.0,nan,nan,False,0,NO_FINGER,0,,0,,,,,0,54,19,30,60,0.9997654724984255,0.24494897427831783
2026-08-31T22:59:05.056,128384312,P042,rhythm_normal,NORMAL,,,,87,403865,1157,1180,nan,nan,nan,nan,nan,nan,False,False,nan,False,0.0,nan,nan,False,0,NO_FINGER,0,,0,,,,,0,54,19,30,60,0.9997654724984255,0.24494897427831783
2026-08-31T22:59:05.066,128384312,P042,rhythm_normal,NORMAL,,,,88,403905,1147,1182,nan,nan,nan,nan,nan,nan,False,False,nan,False,0.0,nan,nan,False,0,NO_FINGER,0,,0,,,,,0,54,19,30,60,0.9997654724984255,0.24494897427831783
2026-08-31T22:59:05.071,128384328,P042,rhythm_normal,NORMAL,,,,89,403945,1161,1196,nan,nan,nan,nan,nan,nan,False,False,nan,False,0.0,nan,nan,False,0,NO_FINGER,0,,0,,,,,0,54,19,30,60,0.9997654724984255,0.24494897427831783
2026-08-31T22:59:05.080,128384328,P042,rhythm_normal,NORMAL,,,,90,403985,1138,1173,nan,nan,nan,nan,nan,nan,False,False,nan,False,0.0,nan,nan,False,0,NO_FINGER,0,,0,,,,,0,54,19,30,60,0.9997654724984255,0.24494897427831783
2026-08-31T22:59:05.099,128384343,P042,rhythm_normal,NORMAL,,,,91,404025,1135,1169,nan,nan,nan,nan,nan,nan,False,False,nan,False,0.0,nan,nan,False,0,NO_FINGER,0,,0,,,,,0,54,19,30,60,0.9997654724984255,0.24494897427831783
2026-08-31T22:59:05.252,128384500,P042,rhythm_normal,NORMAL,,,,92,404065,1133,1163,nan,nan,nan,nan,nan,nan,False,False,nan,False,0.0,nan,nan,False,0,NO_FINGER,0,,0,,,,,0,54,19,30,60,0.9997654724984255,0.24494897427831783
2026-08-31T22:59:05.270,128384515,P042,rhythm_normal,NORMAL,,,,93,404105,1141,1157,nan,nan,nan,nan,nan,nan,False,False,nan,False,0.0,nan,nan,False,0,NO_FINGER,0,,0,,,,,0,54,19,30,60,0.9997654724984255,0.24494897427831783
2026-08-31T22:59:05.286,128384531,P042,rhythm_normal,NORMAL,,,,94,404145,1121,1133,nan,nan,nan,nan,nan,nan,False,False,nan,False,0.0,nan,nan,False,0,NO_FINGER,0,,0,,,,,0,54,19,30,60,0.9997654724984255,0.24494897427831783
2026-08-31T22:59:05.294,128384546,P042,rhythm_normal,NORMAL,,,,95,404185,1130,1122,nan,nan,nan,nan,nan,nan,False,False,nan,False,0.0,nan,nan,False,0,NO_FINGER,0,,0,,,,,0,54,19,30,60,0.9997654724984255,0.24494897427831783
2026-08-31T22:59:05.298,128384546,P042,rhythm_normal,NORMAL,,,,96,404225,1115,1064,nan,nan,nan,nan,nan,nan,False,False,nan,False,0.0,nan,nan,False,0,NO_FINGER,0,,0,,,,,0,54,19,30,60,0.9997654724984255,0.24494897427831783
2026-08-31T22:59:05.453,128384703,P042,rhythm_normal,NORMAL,,,,97,404265,1118,1038,nan,nan,nan,nan,nan,nan,False,False,nan,False,0.0,nan,nan,False,0,NO_FINGER,0,,0,,,,,0,54,19,30,60,0.9988863799251645,0.24494897427831783
2026-08-31T22:59:05.459,128384703,P042,rhythm_normal,NORMAL,,,,98,404305,1122,1035,nan,nan,nan,nan,nan,nan,False,False,nan,False,0.0,nan,nan,False,0,NO_FINGER,0,,0,,,,,0,54,19,30,60,0.9988863799251645,0.24494897427831783
2026-08-31T22:59:05.466,128384718,P042,rhythm_normal,NORMAL,,,,99,404345,1114,1020,nan,nan,nan,nan,nan,nan,False,False,nan,False,0.0,nan,nan,False,0,NO_FINGER,0,,0,,,,,0,54,19,30,60,0.9988863799251645,0.24494897427831783
2026-08-31T22:59:05.481,128384734,P042,rhythm_normal,NORMAL,,,,100,404385,1115,1007,nan,nan,nan,nan,nan,nan,False,False,nan,False,0.0,nan,nan,False,0,NO_FINGER,0,,0,,,,,0,54,19,30,60,0.9988863799251645,0.24494897427831783
2026-08-31T22:59:05.494,128384750,P042,rhythm_normal,NORMAL,,,,101,404425,1117,1016,nan,nan,nan,nan,nan,nan,False,False,nan,False,0.0,nan,nan,False,0,NO_FINGER,0,,0,,,,,0,54,19,30,60,0.9988863799251645,0.24494897427831783
2026-08-31T22:59:05.634,128384890,P042,rhythm_normal,NORMAL,,,,102,404465,1115,1006,nan,nan,nan,nan,nan,nan,False,False,nan,False,0.0,nan,nan,False,0,NO_FINGER,0,,0,,,,,0,54,19,30,60,0.9997654724984255,0.24494897427831783
2026-08-31T22:59:05.655,128384906,P042,rhythm_normal,NORMAL,,,,103,404505,1110,1009,nan,nan,nan,nan,nan,nan,False,False,nan,False,0.0,nan,nan,False,0,NO_FINGER,0,,0,,,,,0,54,19,30,60,0.9997654724984255,0.24494897427831783
2026-08-31T22:59:05.665,128384921,P042,rhythm_normal,NORMAL,,,,104,404545,1114,1011,nan,nan,nan,nan,nan,nan,False,False,nan,False,0.0,nan,nan,False,0,NO_FINGER,0,,0,,,,,0,54,19,30,60,0.9997654724984255,0.24494897427831783
2026-08-31T22:59:05.679,128384937,P042,rhythm_normal,NORMAL,,,,105,404585,1119,1005,nan,nan,nan,nan,nan,nan,False,False,nan,False,0.0,nan,nan,False,0,NO_FINGER,0,,0,,,,,0,54,19,30,60,0.9997654724984255,0.24494897427831783
2026-08-31T22:59:05.693,128384937,P042,rhythm_normal,NORMAL,,,,106,404625,1113,989,nan,nan,nan,nan,nan,nan,False,False,nan,False,0.0,nan,nan,False,0,NO_FINGER,0,,0,,,,,0,54,19,30,60,0.9997654724984255,0.24494897427831783
2026-08-31T22:59:05.848,128385093,P042,rhythm_normal,NORMAL,,,,107,404665,1109,970,nan,nan,nan,nan,nan,nan,False,False,nan,False,0.0,nan,nan,False,0,NO_FINGER,0,,0,,,,,0,54,19,30,60,0.9997654724984255,0.17320508075688776
2026-08-31T22:59:05.862,128385109,P042,rhythm_normal,NORMAL,,,,108,404705,1103,960,nan,nan,nan,nan,nan,nan,False,False,nan,False,0.0,nan,nan,False,0,NO_FINGER,0,,0,,,,,0,54,19,30,60,0.9997654724984255,0.17320508075688776
2026-08-31T22:59:05.877,128385125,P042,rhythm_normal,NORMAL,,,,109,404745,1106,934,nan,nan,nan,nan,nan,nan,False,False,nan,False,0.0,nan,nan,False,0,NO_FINGER,0,,0,,,,,0,54,19,30,60,0.9997654724984255,0.17320508075688776
2026-08-31T22:59:05.894,128385140,P042,rhythm_normal,NORMAL,,,,110,404785,1125,854,nan,nan,nan,nan,nan,nan,False,False,nan,False,0.0,nan,nan,False,0,NO_FINGER,0,,0,,,,,0,54,19,30,60,0.9997654724984255,0.17320508075688776
2026-08-31T22:59:05.903,128385156,P042,rhythm_normal,NORMAL,,,,111,404825,1119,839,nan,nan,nan,nan,nan,nan,False,False,nan,False,0.0,nan,nan,False,0,NO_FINGER,0,,0,,,,,0,54,19,30,60,0.9997654724984255,0.17320508075688776
2026-08-31T22:59:06.056,128385312,P042,rhythm_normal,NORMAL,,,,112,404865,1114,816,nan,nan,nan,nan,nan,nan,False,False,nan,False,0.0,nan,nan,False,0,NO_FINGER,0,,0,,,,,0,54,19,30,60,0.9997654724984255,0.17320508075688776
2026-08-31T22:59:06.072,128385328,P042,rhythm_normal,NORMAL,,,,113,404905,1109,812,nan,nan,nan,nan,nan,nan,False,False,nan,False,0.0,nan,nan,False,0,NO_FINGER,0,,0,,,,,0,54,19,30,60,0.9997654724984255,0.17320508075688776
2026-08-31T22:59:06.087,128385343,P042,rhythm_normal,NORMAL,,,,114,404945,1114,799,nan,nan,nan,nan,nan,nan,False,False,nan,False,0.0,nan,nan,False,0,NO_FINGER,0,,0,,,,,0,54,19,30,60,0.9997654724984255,0.17320508075688776
2026-08-31T22:59:06.094,128385343,P042,rhythm_normal,NORMAL,,,,115,404985,1109,801,nan,nan,nan,nan,nan,nan,False,False,nan,False,0.0,nan,nan,False,0,NO_FINGER,0,,0,,,,,0,54,19,30,60,0.9997654724984255,0.17320508075688776
2026-08-31T22:59:06.108,128385359,P042,rhythm_normal,NORMAL,,,,116,405025,1112,801,nan,nan,nan,nan,nan,nan,False,False,nan,False,0.0,nan,nan,False,0,NO_FINGER,0,,0,,,,,0,54,19,30,60,0.9997654724984255,0.17320508075688776
2026-08-31T22:59:06.261,128385515,P042,rhythm_normal,NORMAL,,,,117,405065,1114,791,nan,nan,nan,nan,nan,nan,False,False,nan,False,0.0,nan,nan,False,0,NO_FINGER,0,,0,,,,,0,54,19,30,60,0.9988863799251645,0.24494897427831783
2026-08-31T22:59:06.272,128385531,P042,rhythm_normal,NORMAL,,,,118,405105,1120,801,nan,nan,nan,nan,nan,nan,False,False,nan,False,0.0,nan,nan,False,0,NO_FINGER,0,,0,,,,,0,54,19,30,60,0.9988863799251645,0.24494897427831783
2026-08-31T22:59:06.288,128385531,P042,rhythm_normal,NORMAL,,,,119,405145,1119,804,nan,nan,nan,nan,nan,nan,False,False,nan,False,0.0,nan,nan,False,0,NO_FINGER,0,,0,,,,,0,54,19,30,60,0.9988863799251645,0.24494897427831783
2026-08-31T22:59:06.301,128385546,P042,rhythm_normal,NORMAL,,,,120,405185,1124,808,nan,nan,nan,nan,nan,nan,False,False,nan,False,0.0,nan,nan,False,0,NO_FINGER,0,,0,,,,,0,54,19,30,60,0.9988863799251645,0.24494897427831783
2026-08-31T22:59:06.309,128385562,P042,rhythm_normal,NORMAL,,,,121,405225,1116,800,nan,nan,nan,nan,nan,nan,False,False,nan,False,0.0,nan,nan,False,0,NO_FINGER,0,,0,,,,,0,54,19,30,60,0.9988863799251645,0.24494897427831783
2026-08-31T22:59:06.451,128385703,P042,rhythm_normal,NORMAL,,,,122,405265,1120,797,nan,nan,nan,nan,nan,nan,False,False,nan,False,0.0,nan,nan,False,0,NO_FINGER,0,,0,,,,,0,54,19,30,60,0.9997654724984255,0.24494897427831783
2026-08-31T22:59:06.463,128385718,P042,rhythm_normal,NORMAL,,,,123,405305,1116,797,nan,nan,nan,nan,nan,nan,False,False,nan,False,0.0,nan,nan,False,0,NO_FINGER,0,,0,,,,,0,54,19,30,60,0.9997654724984255,0.24494897427831783
2026-08-31T22:59:06.470,128385718,P042,rhythm_normal,NORMAL,,,,124,405345,1122,800,nan,nan,nan,nan,nan,nan,False,False,nan,False,0.0,nan,nan,False,0,NO_FINGER,0,,0,,,,,0,54,19,30,60,0.9997654724984255,0.24494897427831783
2026-08-31T22:59:06.482,128385734,P042,rhythm_normal,NORMAL,,,,125,405385,1134,806,nan,nan,nan,nan,nan,nan,False,False,nan,False,0.0,nan,nan,False,0,NO_FINGER,0,,0,,,,,0,54,19,30,60,0.9997654724984255,0.24494897427831783
2026-08-31T22:59:06.495,128385750,P042,rhythm_normal,NORMAL,,,,126,405425,1130,797,nan,nan,nan,nan,nan,nan,False,False,nan,False,0.0,nan,nan,False,0,NO_FINGER,0,,0,,,,,0,54,19,30,60,0.9997654724984255,0.24494897427831783
2026-08-31T22:59:06.640,128385890,P042,rhythm_normal,NORMAL,,,,127,405465,1124,797,nan,nan,nan,nan,nan,nan,False,False,nan,False,0.0,nan,nan,False,0,NO_FINGER,0,,0,,,,,0,54,19,30,60,0.9997654724984255,0.24494897427831783
2026-08-31T22:59:06.660,128385906,P042,rhythm_normal,NORMAL,,,,128,405505,1119,798,nan,nan,nan,nan,nan,nan,False,False,nan,False,0.0,nan,nan,False,0,NO_FINGER,0,,0,,,,,0,54,19,30,60,0.9997654724984255,0.24494897427831783
2026-08-31T22:59:06.666,128385921,P042,rhythm_normal,NORMAL,,,,129,405545,1125,804,nan,nan,nan,nan,nan,nan,False,False,nan,False,0.0,nan,nan,False,0,NO_FINGER,0,,0,,,,,0,54,19,30,60,0.9997654724984255,0.24494897427831783
2026-08-31T22:59:06.671,128385921,P042,rhythm_normal,NORMAL,,,,130,405585,1134,802,nan,nan,nan,nan,nan,nan,False,False,nan,False,0.0,nan,nan,False,0,NO_FINGER,0,,0,,,,,0,54,19,30,60,0.9997654724984255,0.24494897427831783
2026-08-31T22:59:06.696,128385953,P042,rhythm_normal,NORMAL,,,,131,405625,1150,808,nan,nan,nan,nan,nan,nan,False,False,nan,False,0.0,nan,nan,False,0,NO_FINGER,0,,0,,,,,0,54,19,30,60,0.9997654724984255,0.24494897427831783
2026-08-31T22:59:06.870,128386125,P042,rhythm_normal,NORMAL,,,,132,405665,1144,804,nan,nan,nan,nan,nan,nan,False,False,nan,False,0.0,nan,nan,False,0,NO_FINGER,0,,0,,,,,0,54,19,30,60,0.9997654724984255,0.24494897427831783
2026-08-31T22:59:06.885,128386140,P042,rhythm_normal,NORMAL,,,,133,405705,1145,793,nan,nan,nan,nan,nan,nan,False,False,nan,False,0.0,nan,nan,False,0,NO_FINGER,0,,0,,,,,0,54,19,30,60,0.9997654724984255,0.24494897427831783
2026-08-31T22:59:06.890,128386140,P042,rhythm_normal,NORMAL,,,,134,405745,1152,804,nan,nan,nan,nan,nan,nan,False,False,nan,False,0.0,nan,nan,False,0,NO_FINGER,0,,0,,,,,0,54,19,30,60,0.9997654724984255,0.24494897427831783
2026-08-31T22:59:06.901,128386156,P042,rhythm_normal,NORMAL,,,,135,405785,1162,809,nan,nan,nan,nan,nan,nan,False,False,nan,False,0.0,nan,nan,False,0,NO_FINGER,0,,0,,,,,0,54,19,30,60,0.9997654724984255,0.24494897427831783
2026-08-31T22:59:06.908,128386156,P042,rhythm_normal,NORMAL,,,,136,405825,1161,805,nan,nan,nan,nan,nan,nan,False,False,nan,False,0.0,nan,nan,False,0,NO_FINGER,0,,0,,,,,0,54,19,30,60,0.9997654724984255,0.24494897427831783
2026-08-31T22:59:07.055,128386312,P042,rhythm_normal,NORMAL,,,,137,405865,1201,831,nan,nan,nan,nan,nan,nan,False,False,nan,False,0.0,nan,nan,False,0,NO_FINGER,0,,0,,,,,0,54,19,30,60,0.9997654724984255,0.24494897427831783
2026-08-31T22:59:07.063,128386312,P042,rhythm_normal,NORMAL,,,,138,405905,1446,927,nan,nan,nan,nan,nan,nan,False,False,nan,False,0.0,nan,nan,False,0,NO_FINGER,0,,0,,,,,0,54,19,30,60,0.9997654724984255,0.24494897427831783
2026-08-31T22:59:07.083,128386328,P042,rhythm_normal,NORMAL,,,,139,405945,5207,2933,nan,nan,nan,nan,nan,nan,False,False,nan,False,0.0,nan,nan,False,0,NO_FINGER,0,,0,,,,,0,54,19,30,60,0.9997654724984255,0.24494897427831783
2026-08-31T22:59:07.093,128386343,P042,rhythm_normal,NORMAL,,,,140,405985,5020,3017,nan,nan,nan,nan,nan,nan,False,False,nan,False,0.0,nan,nan,False,0,NO_FINGER,0,,0,,,,,0,54,19,30,60,0.9997654724984255,0.24494897427831783
2026-08-31T22:59:07.101,128386359,P042,rhythm_normal,NORMAL,,,,141,406025,3776,2432,nan,nan,nan,nan,nan,nan,False,False,nan,False,0.0,nan,nan,False,0,NO_FINGER,0,,0,,,,,0,54,19,30,60,0.9997654724984255,0.24494897427831783
2026-08-31T22:59:07.252,128386500,P042,rhythm_normal,NORMAL,,,,142,406065,3701,2668,nan,nan,nan,nan,nan,nan,False,False,nan,False,0.0,nan,nan,False,0,NO_FINGER,0,,0,,,,,0,54,19,30,60,0.9988863799251645,0.17320508075688776
2026-08-31T22:59:07.261,128386515,P042,rhythm_normal,NORMAL,,,,143,406115,4111,3374,nan,nan,nan,nan,nan,nan,False,False,nan,False,0.0,nan,nan,False,0,NO_FINGER,0,,0,,,,,0,54,19,30,60,0.9988863799251645,0.17320508075688776
2026-08-31T22:59:07.267,128386515,P042,rhythm_normal,NORMAL,,,,144,406145,4830,4357,nan,nan,nan,nan,nan,nan,False,False,nan,False,0.0,nan,nan,False,0,NO_FINGER,0,,0,,,,,0,54,19,30,60,0.9988863799251645,0.17320508075688776
2026-08-31T22:59:07.278,128386531,P042,rhythm_normal,NORMAL,,,,145,406195,5672,5281,nan,nan,nan,nan,nan,nan,False,False,nan,False,0.0,nan,nan,False,0,NO_FINGER,0,,0,,,,,0,54,19,30,60,0.9988863799251645,0.17320508075688776
2026-08-31T22:59:07.294,128386546,P042,rhythm_normal,NORMAL,,,,146,406235,6207,5781,nan,nan,nan,nan,nan,nan,False,False,nan,False,0.0,nan,nan,False,0,NO_FINGER,0,,0,,,,,0,54,19,30,60,0.9988863799251645,0.17320508075688776
2026-08-31T22:59:07.446,128386703,P042,rhythm_normal,NORMAL,,,,147,406275,6259,5896,nan,nan,nan,nan,nan,nan,False,False,nan,False,0.0,nan,nan,False,0,NO_FINGER,0,,0,,,,,0,54,19,30,60,0.9997654724984255,0.24494897427831783
2026-08-31T22:59:07.458,128386703,P042,rhythm_normal,NORMAL,,,,148,406315,6843,6415,nan,nan,nan,nan,nan,nan,False,False,nan,False,0.0,nan,nan,False,0,NO_FINGER,0,,0,,,,,0,54,19,30,60,0.9997654724984255,0.24494897427831783
2026-08-31T22:59:07.463,128386718,P042,rhythm_normal,NORMAL,,,,149,406355,7047,6592,nan,nan,nan,nan,nan,nan,False,False,nan,False,0.0,nan,nan,False,0,NO_FINGER,0,,0,,,,,0,54,19,30,60,0.9997654724984255,0.24494897427831783
2026-08-31T22:59:07.469,128386718,P042,rhythm_normal,NORMAL,,,,150,406395,6984,6526,nan,nan,nan,nan,nan,nan,False,False,nan,False,0.0,nan,nan,False,0,NO_FINGER,0,,0,,,,,0,54,19,30,60,0.9997654724984255,0.24494897427831783
2026-08-31T22:59:07.493,128386750,P042,rhythm_normal,NORMAL,,,,151,406435,6652,6228,nan,nan,nan,nan,nan,nan,False,False,nan,False,0.0,nan,nan,False,0,NO_FINGER,0,,0,,,,,0,54,19,30,60,0.9997654724984255,0.24494897427831783
2026-08-31T22:59:07.647,128386890,P042,rhythm_normal,NORMAL,,,,152,406475,5534,5118,nan,nan,nan,nan,nan,nan,False,False,nan,False,0.0,nan,nan,False,0,NO_FINGER,0,,0,,,,,0,54,19,30,60,0.9995468973489938,0.24494897427831783
2026-08-31T22:59:07.654,128386906,P042,rhythm_normal,NORMAL,,,,153,406515,4753,4425,nan,nan,nan,nan,nan,nan,False,False,nan,False,0.0,nan,nan,False,0,NO_FINGER,0,,0,,,,,0,54,19,30,60,0.9995468973489938,0.24494897427831783
2026-08-31T22:59:07.660,128386906,P042,rhythm_normal,NORMAL,,,,154,406555,4451,4128,nan,nan,nan,nan,nan,nan,False,False,nan,False,0.0,nan,nan,False,0,NO_FINGER,0,,0,,,,,0,54,19,30,60,0.9995468973489938,0.24494897427831783
2026-08-31T22:59:07.672,128386921,P042,rhythm_normal,NORMAL,,,,155,406595,4789,4458,nan,nan,nan,nan,nan,nan,False,False,nan,False,0.0,nan,nan,False,0,NO_FINGER,0,,0,,,,,0,54,19,30,60,0.9995468973489938,0.24494897427831783
2026-08-31T22:59:07.703,128386953,P042,rhythm_normal,NORMAL,,,,156,406635,5817,5449,nan,nan,nan,nan,nan,nan,False,False,nan,False,0.0,nan,nan,False,0,NO_FINGER,0,,0,,,,,0,54,19,30,60,0.9995468973489938,0.24494897427831783
2026-08-31T22:59:07.837,128387093,P042,rhythm_normal,NORMAL,,,,157,406675,8127,7395,nan,nan,nan,nan,nan,nan,False,False,nan,False,0.0,nan,nan,False,0,NO_FINGER,0,,0,,,,,0,54,19,30,60,0.9995468973489938,0.24494897427831783
2026-08-31T22:59:07.844,128387093,P042,rhythm_normal,NORMAL,,,,158,406715,11697,10331,nan,nan,nan,nan,nan,nan,False,False,nan,False,0.0,nan,nan,False,0,NO_FINGER,0,,0,,,,,0,54,19,30,60,0.9995468973489938,0.24494897427831783
2026-08-31T22:59:07.852,128387109,P042,rhythm_normal,NORMAL,,,,159,406755,20422,17072,nan,nan,nan,nan,nan,nan,False,False,nan,False,0.0,nan,nan,False,0,NO_FINGER,0,,0,,,,,0,54,19,30,60,0.9995468973489938,0.24494897427831783
2026-08-31T22:59:07.856,128387109,P042,rhythm_normal,NORMAL,,,,160,406795,50038,37710,nan,nan,nan,nan,nan,nan,False,False,nan,False,0.0,nan,nan,False,0,NO_FINGER,0,,0,,,,,0,54,19,30,60,0.9995468973489938,0.24494897427831783
2026-08-31T22:59:07.894,128387140,P042,rhythm_normal,NORMAL,,,,161,406835,79032,60431,79032.0,60431.0,0.0,0.0,0.0,0.0,False,False,nan,True,0.0,nan,nan,False,0,NO_FINGER,0,,0,,,,,0,54,19,30,60,0.9995468973489938,0.24494897427831783
2026-08-31T22:59:08.032,128387281,P042,rhythm_normal,NORMAL,,,,162,406875,93144,80922,79314.24,60840.82,13829.76,20081.18,5020.29,100.41,False,False,nan,True,0.0,nan,nan,False,0,COLLECTING,0,,0,,,,,0,54,19,30,60,0.9995468973489938,0.17320508075688776
2026-08-31T22:59:08.042,128387296,P042,rhythm_normal,NORMAL,,,,163,406915,104149,105684,79810.94,61737.68,24338.06,43946.32,14751.8,393.43,False,False,nan,True,0.0,nan,nan,False,0,COLLECTING,0,,0,,,,,0,54,19,30,60,0.9995468973489938,0.17320508075688776
2026-08-31T22:59:08.052,128387296,P042,rhythm_normal,NORMAL,,,,164,406955,110245,116942,80419.62,62841.77,29825.38,54100.23,24588.91,877.34,False,False,nan,True,0.0,nan,nan,False,0,COLLECTING,0,,0,,,,,0,54,19,30,60,0.9995468973489938,0.17320508075688776
2026-08-31T22:59:08.060,128387312,P042,rhythm_normal,NORMAL,,,,165,406995,109472,117080,81000.66,63926.54,28471.34,53153.46,31730.05,1494.4,False,False,nan,True,0.0,nan,nan,False,0,COLLECTING,0,,0,,,,,0,54,19,30,60,0.9995468973489938,0.17320508075688776
2026-08-31T22:59:08.098,128387343,P042,rhythm_normal,NORMAL,,,,166,407035,108815,116756,81556.95,64983.12,27258.05,51772.88,36740.75,2199.32,False,False,nan,True,0.0,nan,nan,False,0,COLLECTING,0,,0,,,,,0,54,19,30,60,0.9995468973489938,0.17320508075688776
2026-08-31T22:59:08.231,128387484,P042,rhythm_normal,NORMAL,,,,167,407075,108502,116591,82095.85,66015.28,26406.15,50575.72,40199.5,2959.33,False,False,nan,True,0.0,nan,nan,False,0,COLLECTING,0,,0,,,,,0,54,19,30,60,0.9997654724984255,0.24494897427831783
2026-08-31T22:59:08.242,128387500,P042,rhythm_normal,NORMAL,,,,168,407115,107987,116143,82613.67,67017.84,25373.33,49125.16,42430.91,3748.76,False,False,nan,True,0.0,nan,nan,False,0,COLLECTING,0,,0,,,,,0,54,19,30,60,0.9997654724984255,0.24494897427831783
2026-08-31T22:59:08.256,128387500,P042,rhythm_normal,NORMAL,,,,169,407155,107556,115767,83112.52,67992.82,24443.48,47774.18,43766.73,4549.12,False,False,nan,True,0.0,nan,nan,False,0,COLLECTING,0,,0,,,,,0,54,19,30,60,0.9997654724984255,0.24494897427831783
2026-08-31T22:59:08.267,128387515,P042,rhythm_normal,NORMAL,,,,170,407195,107625,116283,83602.77,68958.62,24022.23,47324.38,44656.14,5351.26,False,False,nan,True,0.0,nan,nan,False,0,COLLECTING,0,,0,,,,,0,54,19,30,60,0.9997654724984255,0.24494897427831783
2026-08-31T22:59:08.294,128387546,P042,rhythm_normal,NORMAL,,,,171,407235,107796,116795,84086.63,69915.35,23709.37,46879.65,45212.02,6148.48,False,False,nan,True,0.0,nan,nan,False,0,COLLECTING,0,,0,,,,,0,54,19,30,60,0.9997654724984255,0.24494897427831783
2026-08-31T22:59:08.436,128387687,P042,rhythm_normal,NORMAL,,,,172,407275,107884,117112,84562.58,70859.28,23321.42,46252.72,45472.19,6934.95,False,False,nan,True,0.0,nan,nan,False,0,COLLECTING,0,,0,,,,,0,54,19,30,60,0.9997654724984255,0.24494897427831783
2026-08-31T22:59:08.448,128387703,P042,rhythm_normal,NORMAL,,,,173,407315,107624,116532,85023.8,71772.73,22600.2,44759.27,45293.96,7702.13,True,True,nan,True,0.0,nan,nan,False,0,COLLECTING,0,,0,,,,,0,54,19,30,60,0.9997654724984255,0.24494897427831783
2026-08-31T22:59:08.456,128387703,P042,rhythm_normal,NORMAL,,,,174,407355,107241,115743,85468.15,72652.14,21772.85,43090.86,44743.19,8442.95,False,False,nan,True,0.0,nan,nan,False,0,COLLECTING,0,,0,,,,,0,54,19,30,60,0.9997654724984255,0.24494897427831783
2026-08-31T22:59:08.467,128387718,P042,rhythm_normal,NORMAL,,,,175,407395,107207,115898,85902.92,73517.05,21304.08,42380.95,44152.62,9157.14,False,False,nan,True,0.0,nan,nan,False,0,COLLECTING,0,,0,,,,,0,54,19,30,60,0.9997654724984255,0.24494897427831783
2026-08-31T22:59:08.496,128387750,P042,rhythm_normal,NORMAL,,,,176,407435,107324,116125,86331.34,74369.21,20992.66,41755.79,43553.41,9845.07,False,False,nan,True,0.0,nan,nan,False,0,COLLECTING,0,,0,,,,,0,54,19,30,60,0.9997654724984255,0.24494897427831783
2026-08-31T22:59:08.631,128387875,P042,rhythm_normal,NORMAL,,,ACTION_START,177,407475,107420,116457,86753.12,75210.97,20666.88,41246.03,42976.57,10507.7,False,False,nan,True,0.0,nan,nan,False,0,COLLECTING,0,,0,,,,,0,54,19,30,60,0.9995468973489938,0.24494897427831783
2026-08-31T22:59:08.642,128387890,P042,rhythm_normal,NORMAL,,,,178,407515,107474,116661,87167.53,76039.97,20306.47,40621.03,42387.69,11145.3,False,False,nan,True,0.0,nan,nan,False,0,COLLECTING,0,,0,,,,,0,54,19,30,60,0.9995468973489938,0.24494897427831783
2026-08-31T22:59:08.655,128387906,P042,rhythm_normal,NORMAL,,,,179,407555,107724,117241,87578.66,76863.99,20145.34,40377.01,41885.02,11760.09,False,False,nan,True,0.0,nan,nan,False,0,COLLECTING,0,,0,,,,,0,54,19,30,60,0.9995468973489938,0.24494897427831783
2026-08-31T22:59:08.667,128387921,P042,rhythm_normal,NORMAL,,,,180,407595,107903,117714,87985.15,77680.99,19917.85,40033.01,41422.02,12353.33,False,False,nan,True,0.0,nan,nan,False,0,COLLECTING,0,,0,,,,,0,54,19,30,60,0.9995468973489938,0.24494897427831783
2026-08-31T22:59:08.704,128387953,P042,rhythm_normal,NORMAL,,,,181,407635,107975,117906,88384.95,78485.49,19590.05,39420.51,40921.64,12924.7,False,False,nan,True,0.0,nan,nan,False,0,COLLECTING,0,,0,,,,,0,54,19,30,60,0.9995468973489938,0.24494897427831783
2026-08-31T22:59:08.839,128388093,P042,rhythm_normal,NORMAL,,,,182,407675,108041,118036,88778.06,79276.5,19262.94,38759.5,40381.11,13473.83,False,False,nan,True,0.0,nan,nan,False,0,COLLECTING,0,,0,,,,,0,54,19,30,60,0.9995468973489938,0.24494897427831783
2026-08-31T22:59:08.851,128388109,P042,rhythm_normal,NORMAL,,,,183,407715,108082,118003,89164.14,80051.03,18917.86,37951.97,39773.82,13999.83,False,False,nan,True,0.0,nan,nan,False,0,COLLECTING,0,,0,,,,,0,54,19,30,60,0.9995468973489938,0.24494897427831783
2026-08-31T22:59:08.858,128388109,P042,rhythm_normal,NORMAL,,,,184,407755,108050,118010,89541.86,80810.21,18508.14,37199.79,39130.31,14502.43,False,False,nan,True,0.0,nan,nan,False,0,COLLECTING,0,,0,,,,,0,54,19,30,60,0.9995468973489938,0.24494897427831783
2026-08-31T22:59:08.869,128388125,P042,rhythm_normal,NORMAL,,,,185,407795,108084,117983,89912.7,81553.66,18171.3,36429.34,38455.07,14981.49,False,False,nan,True,0.0,nan,nan,False,0,COLLECTING,0,,0,,,,,0,54,19,30,60,0.9995468973489938,0.24494897427831783
2026-08-31T22:59:08.897,128388140,P042,rhythm_normal,NORMAL,,,,186,407835,108169,118027,90277.83,82283.13,17891.17,35743.87,37777.27,15437.4,False,False,nan,True,0.0,nan,nan,False,0,COLLECTING,0,,0,,,,,0,54,19,30,60,0.9995468973489938,0.24494897427831783
2026-08-31T22:59:09.035,128388281,P042,rhythm_normal,NORMAL,,,,187,407875,108189,118045,90636.05,82998.37,17552.95,35046.63,37094.61,15870.55,False,False,nan,True,0.0,nan,nan,False,0,COLLECTING,0,,0,,,,,0,54,19,30,60,0.9997654724984255,0.24494897427831783
2026-08-31T22:59:09.047,128388296,P042,rhythm_normal,NORMAL,,,,188,407915,108209,118055,90987.52,83699.5,17221.48,34355.5,36409.83,16281.33,False,False,nan,True,0.0,nan,nan,False,0,COLLECTING,0,,0,,,,,0,54,19,30,60,0.9997654724984255,0.24494897427831783
2026-08-31T22:59:09.060,128388312,P042,rhythm_normal,NORMAL,,,,189,407955,108193,118054,91331.62,84386.59,16861.38,33667.41,35724.23,16670.19,False,False,nan,True,0.0,nan,nan,False,0,COLLECTING,0,,0,,,,,0,54,19,30,60,0.9997654724984255,0.24494897427831783
2026-08-31T22:59:09.068,128388312,P042,rhythm_normal,NORMAL,,,,190,407995,108212,118131,91669.23,85061.48,16542.77,33069.52,35060.55,17038.0,False,False,nan,True,0.0,nan,nan,False,0,COLLECTING,0,,0,,,,,0,54,19,30,60,0.9997654724984255,0.24494897427831783
2026-08-31T22:59:09.095,128388343,P042,rhythm_normal,NORMAL,,,,191,408035,108238,118202,92000.61,85724.3,16237.39,32477.7,34414.84,17385.54,False,False,nan,True,0.0,nan,nan,False,0,COLLECTING,0,,0,,,,,0,54,19,30,60,0.9997654724984255,0.24494897427831783
2026-08-31T22:59:09.236,128388484,P042,rhythm_normal,NORMAL,,,,192,408075,108211,118353,92324.82,86376.87,15886.18,31976.13,33805.16,17713.93,False,False,nan,True,0.0,nan,nan,False,0,COLLECTING,0,,0,,,,,0,54,19,30,60,0.9986676123716038,0.24494897427831783
2026-08-31T22:59:09.249,128388500,P042,rhythm_normal,NORMAL,,,,193,408115,108284,118399,92644.0,87017.31,15640.0,31381.69,33199.29,18023.63,False,False,nan,True,0.0,nan,nan,False,0,COLLECTING,0,,0,,,,,0,54,19,30,60,0.9986676123716038,0.24494897427831783
2026-08-31T22:59:09.258,128388515,P042,rhythm_normal,NORMAL,,,,194,408155,108244,118342,92956.0,87643.8,15288.0,30698.2,32574.02,18314.64,False,False,nan,True,0.0,nan,nan,False,0,COLLECTING,0,,0,,,,,0,54,19,30,60,0.9986676123716038,0.24494897427831783
2026-08-31T22:59:09.266,128388515,P042,rhythm_normal,NORMAL,,,,195,408195,108175,118120,93260.38,88253.33,14914.62,29866.67,31897.18,18586.29,False,False,nan,True,0.0,nan,nan,False,0,COLLECTING,0,,0,,,,,0,54,19,30,60,0.9986676123716038,0.24494897427831783
2026-08-31T22:59:09.295,128388546,P042,rhythm_normal,NORMAL,,,,196,408235,107453,116492,93544.23,88818.1,13908.77,27673.9,30841.36,18831.39,False,False,nan,True,0.0,nan,nan,False,0,COLLECTING,0,,0,,,,,0,54,19,30,60,0.9986676123716038,0.24494897427831783
2026-08-31T22:59:09.435,128388687,P042,rhythm_normal,NORMAL,,,,197,408275,107033,115413,93814.01,89350.0,13218.99,26063.0,29646.77,19047.7,False,False,nan,True,0.0,nan,nan,False,0,COLLECTING,0,,0,,,,,0,54,19,30,60,0.9997654724984255,0.24494897427831783
2026-08-31T22:59:09.453,128388703,P042,rhythm_normal,NORMAL,,,,198,408315,107003,115488,94077.79,89872.76,12925.21,25615.24,28638.89,19239.53,False,False,nan,True,0.0,nan,nan,False,0,COLLECTING,0,,0,,,,,0,54,19,30,60,0.9997654724984255,0.24494897427831783
2026-08-31T22:59:09.462,128388718,P042,rhythm_normal,NORMAL,,,,199,408355,107232,115896,94340.88,90393.22,12891.12,25502.78,27854.86,19411.83,False,False,nan,True,0.0,nan,nan,False,0,COLLECTING,0,,0,,,,,0,54,19,30,60,0.9997654724984255,0.24494897427831783
2026-08-31T22:59:09.469,128388718,P042,rhythm_normal,NORMAL,,,,200,408395,107287,116187,94599.8,90909.09,12687.2,25277.91,27210.62,19567.81,False,False,nan,True,0.0,nan,nan,False,0,COLLECTING,0,,0,,,,,0,54,19,30,60,0.9997654724984255,0.24494897427831783
2026-08-31T22:59:09.501,128388750,P042,rhythm_normal,NORMAL,,,,201,408435,107353,116298,94854.86,91416.88,12498.14,24881.12,26628.25,19709.02,False,False,nan,True,0.0,nan,nan,False,0,COLLECTING,0,,0,,,,,0,54,19,30,60,0.9997654724984255,0.24494897427831783
2026-08-31T22:59:09.651,128388906,P042,rhythm_normal,NORMAL,,,,202,408475,107424,116511,95106.24,91918.76,12317.76,24592.24,26119.25,19837.22,False,False,nan,True,0.0,nan,nan,False,0,COLLECTING,0,,0,,,,,0,54,19,30,60,0.9995468973489938,0.17320508075688776
2026-08-31T22:59:09.665,128388921,P042,rhythm_normal,NORMAL,,,,203,408515,107404,116453,95352.2,92409.45,12051.8,24043.55,25600.32,19952.48,False,False,nan,True,0.0,nan,nan,False,0,COLLECTING,0,,0,,,,,0,54,19,30,60,0.9995468973489938,0.17320508075688776
2026-08-31T22:59:09.684,128388937,P042,rhythm_normal,NORMAL,,,,204,408555,107448,116512,95594.11,92891.5,11853.89,23620.5,25105.37,20055.54,False,False,nan,True,0.0,nan,nan,False,0,COLLECTING,0,,0,,,,,0,54,19,30,60,0.9995468973489938,0.17320508075688776
2026-08-31T22:59:09.696,128388953,P042,rhythm_normal,NORMAL,,,,205,408595,107554,116931,95833.3,93372.29,11720.7,23558.71,24718.7,20148.81,False,False,nan,True,0.0,nan,nan,False,0,COLLECTING,0,,0,,,,,0,54,19,30,60,0.9995468973489938,0.17320508075688776
2026-08-31T22:59:09.714,128388968,P042,rhythm_normal,NORMAL,,,,206,408635,107758,117469,96071.8,93854.23,11686.2,23614.77,24442.72,20234.69,False,False,nan,True,0.0,nan,nan,False,0,COLLECTING,0,,0,,,,,0,54,19,30,60,0.9995468973489938,0.17320508075688776
2026-08-31T22:59:09.872,128389125,P042,rhythm_normal,NORMAL,,,,207,408675,107922,117859,96308.8,94334.32,11613.2,23524.68,24213.21,20314.26,False,False,nan,True,0.0,nan,nan,False,0,COLLECTING,0,,0,,,,,0,54,19,30,60,0.9995468973489938,0.24494897427831783
2026-08-31T22:59:09.884,128389140,P042,rhythm_normal,NORMAL,,,,208,408715,108025,118096,96543.12,94809.55,11481.88,23286.45,23981.52,20387.6,False,False,nan,True,0.0,nan,nan,False,0,COLLECTING,0,,0,,,,,0,54,19,30,60,0.9995468973489938,0.24494897427831783
2026-08-31T22:59:09.894,128389140,P042,rhythm_normal,NORMAL,,,,209,408755,108094,118274,96774.14,95278.84,11319.86,22995.16,23734.93,20454.55,False,False,nan,True,0.0,nan,nan,False,0,COLLECTING,0,,0,,,,,0,54,19,30,60,0.9995468973489938,0.24494897427831783
2026-08-31T22:59:09.903,128389156,P042,rhythm_normal,NORMAL,,,,210,408795,108128,118376,97001.22,95740.79,11126.78,22635.21,23460.0,20514.66,False,False,nan,True,0.0,nan,nan,False,0,COLLECTING,0,,0,,,,,0,54,19,30,60,0.9995468973489938,0.24494897427831783
2026-08-31T22:59:09.925,128389171,P042,rhythm_normal,NORMAL,,,,211,408835,108162,118455,97224.44,96195.07,10937.56,22259.93,23159.98,20567.56,False,False,nan,True,0.0,nan,nan,False,0,COLLECTING,0,,0,,,,,0,54,19,30,60,0.9995468973489938,0.24494897427831783
2026-08-31T22:59:10.054,128389312,P042,rhythm_normal,NORMAL,,,,212,408875,108168,118523,97443.31,96641.62,10724.69,21881.38,22840.33,20613.02,False,False,nan,True,0.0,nan,nan,False,0,COLLECTING,0,,0,,,,,0,54,19,30,60,0.9997654724984255,0.17320508075688776
2026-08-31T22:59:10.071,128389328,P042,rhythm_normal,NORMAL,,,,213,408915,108160,118593,97657.65,97080.66,10502.35,21512.34,22508.33,20650.93,False,False,nan,True,0.0,nan,nan,False,0,COLLECTING,0,,0,,,,,0,54,19,30,60,0.9997654724984255,0.17320508075688776
2026-08-31T22:59:10.095,128389343,P042,rhythm_normal,NORMAL,,,,214,408955,108171,118697,97867.91,97512.98,10303.09,21184.02,22177.25,20681.45,False,False,nan,True,0.0,nan,nan,False,0,COLLECTING,0,,0,,,,,0,54,19,30,60,0.9997654724984255,0.17320508075688776
2026-08-31T22:59:10.109,128389359,P042,rhythm_normal,NORMAL,,,,215,408995,108176,118825,98074.08,97939.23,10101.92,20885.77,21854.38,20704.91,False,False,nan,True,0.0,nan,nan,False,0,COLLECTING,0,,0,,,,,0,54,19,30,60,0.9997654724984255,0.17320508075688776
2026-08-31T22:59:10.119,128389375,P042,rhythm_normal,NORMAL,,,,216,409035,108190,118932,98276.4,98359.08,9913.6,20572.92,21534.02,20721.49,False,False,nan,True,0.0,nan,nan,False,0,COLLECTING,0,,0,,,,,0,54,19,30,60,0.9997654724984255,0.17320508075688776
2026-08-31T22:59:10.255,128389500,P042,rhythm_normal,NORMAL,,,,217,409075,108225,119012,98475.37,98772.13,9749.63,20239.87,21210.48,20731.27,False,False,nan,True,0.0,nan,nan,False,0,COLLECTING,0,,0,,,,,0,54,19,30,60,0.9997654724984255,0.17320508075688776
2026-08-31T22:59:10.275,128389531,P042,rhythm_normal,NORMAL,,,,218,409115,108191,118927,98669.68,99175.23,9521.32,19751.77,20845.8,20733.56,False,False,nan,True,0.0,nan,nan,False,0,COLLECTING,0,,0,,,,,0,54,19,30,60,0.9997654724984255,0.17320508075688776
2026-08-31T22:59:10.286,128389531,P042,rhythm_normal,NORMAL,,,,219,409155,107582,117405,98847.93,99539.82,8734.07,17865.18,20100.65,20720.91,False,False,nan,True,0.0,nan,nan,False,0,COLLECTING,0,,0,,,,,0,54,19,30,60,0.9997654724984255,0.17320508075688776
2026-08-31T22:59:10.297,128389546,P042,rhythm_normal,NORMAL,,,,220,409195,107040,116104,99011.77,99871.1,8028.23,16232.9,19133.71,20689.16,False,False,nan,True,0.0,nan,nan,False,0,COLLECTING,0,,0,,,,,0,54,19,30,60,0.9997654724984255,0.17320508075688776
2026-08-31T22:59:10.316,128389562,P042,rhythm_normal,NORMAL,,,,221,409235,106913,115795,99169.8,100189.58,7743.2,15605.42,18251.64,20640.41,False,False,nan,True,0.0,nan,nan,False,0,COLLECTING,0,,0,,,,,0,54,19,30,60,0.9997654724984255,0.17320508075688776
2026-08-31T22:59:10.558,128389812,P042,rhythm_normal,NORMAL,,,,222,409275,106958,115884,99325.56,100503.47,7632.44,15380.53,17533.86,20578.28,False,False,nan,True,0.0,nan,nan,False,0,COLLECTING,0,,0,,,,,0,54,19,30,60,0.9997654724984255,0.17320508075688776
2026-08-31T22:59:10.574,128389828,P042,rhythm_normal,NORMAL,,,,223,409315,106969,115922,99478.43,100811.84,7490.57,15110.16,16927.94,20505.27,False,False,nan,True,0.0,nan,nan,False,0,COLLECTING,0,,0,,,,,0,54,19,30,60,0.9997654724984255,0.17320508075688776
2026-08-31T22:59:10.589,128389843,P042,rhythm_normal,NORMAL,,,,224,409355,106978,115982,99628.42,101115.24,7349.58,14866.76,16412.64,20423.42,False,False,nan,True,0.0,nan,nan,False,0,COLLECTING,0,,0,,,,,0,54,19,30,60,0.9997654724984255,0.17320508075688776
2026-08-31T22:59:10.606,128389859,P042,rhythm_normal,NORMAL,,,,225,409395,107027,116085,99776.39,101414.64,7250.61,14670.36,15977.07,20334.49,False,False,nan,True,0.0,nan,nan,False,0,COLLECTING,0,,0,,,,,0,54,19,30,60,0.9997654724984255,0.17320508075688776
2026-08-31T22:59:10.614,128389859,P042,rhythm_normal,NORMAL,,,,226,409435,107009,116054,99921.04,101707.43,7087.96,14346.57,15569.45,20239.19,False,False,nan,True,0.0,nan,nan,False,0,COLLECTING,0,,0,,,,,0,54,19,30,60,0.9997654724984255,0.17320508075688776
2026-08-31T22:59:10.661,128389906,P042,rhythm_normal,NORMAL,,,,227,409475,106978,115990,100062.18,101993.08,6915.82,13996.92,15176.32,20137.93,False,False,nan,True,0.0,nan,nan,False,0,COLLECTING,0,,0,,,,,0,54,19,30,60,0.9997654724984255,0.24494897427831783
2026-08-31T22:59:10.679,128389937,P042,rhythm_normal,NORMAL,,,,228,409515,106986,116031,100200.66,102273.84,6785.34,13757.16,14821.53,20031.61,False,False,nan,True,0.0,nan,nan,False,0,COLLECTING,0,,0,,,,,0,54,19,30,60,0.9997654724984255,0.24494897427831783
2026-08-31T22:59:10.688,128389937,P042,rhythm_normal,NORMAL,,,,229,409555,107039,116144,100337.42,102551.24,6701.58,13592.76,14514.34,19921.26,False,False,nan,True,0.0,nan,nan,False,0,COLLECTING,0,,0,,,,,0,54,19,30,60,0.9997654724984255,0.24494897427831783
2026-08-31T22:59:10.697,128389953,P042,rhythm_normal,NORMAL,,,,230,409595,107095,116285,100472.57,102825.91,6622.43,13459.09,14250.52,19807.85,False,False,nan,True,0.0,nan,nan,False,0,COLLECTING,0,,0,,,,,0,54,19,30,60,0.9997654724984255,0.24494897427831783
2026-08-31T22:59:10.714,128389968,P042,rhythm_normal,NORMAL,,,,231,409635,107152,116426,100606.16,103097.91,6545.84,13328.09,14019.91,19692.09,False,False,nan,True,0.0,nan,nan,False,0,COLLECTING,0,,0,,,,,0,54,19,30,60,0.9997654724984255,0.24494897427831783
2026-08-31T22:59:10.858,128390109,P042,rhythm_normal,NORMAL,,,,232,409675,107192,116512,100737.88,103366.2,6454.12,13145.8,13801.39,19574.27,False,False,nan,True,0.0,nan,nan,False,0,COLLECTING,0,,0,,,,,0,54,19,30,60,0.9995468973489938,0.17320508075688776
2026-08-31T22:59:10.886,128390140,P042,rhythm_normal,NORMAL,,,,233,409715,107224,116609,100867.59,103631.05,6356.41,12977.95,13595.53,19454.7,False,False,nan,True,0.0,nan,nan,False,0,COLLECTING,0,,0,,,,,0,54,19,30,60,0.9995468973489938,0.17320508075688776
2026-08-31T22:59:10.896,128390140,P042,rhythm_normal,NORMAL,,,,234,409755,107240,116652,100995.04,103891.48,6244.96,12760.52,13386.78,19333.34,False,False,nan,True,0.0,nan,nan,False,0,COLLECTING,0,,0,,,,,0,54,19,30,60,0.9995468973489938,0.17320508075688776
2026-08-31T22:59:10.916,128390171,P042,rhythm_normal,NORMAL,,,,235,409795,107258,116709,101120.3,104147.83,6137.7,12561.17,13180.38,19210.28,False,False,nan,True,0.0,nan,nan,False,0,COLLECTING,0,,0,,,,,0,54,19,30,60,0.9995468973489938,0.17320508075688776
2026-08-31T22:59:10.932,128390187,P042,rhythm_normal,NORMAL,,,,236,409835,107279,116775,101243.47,104400.38,6035.53,12374.62,12978.94,19085.65,False,False,nan,True,0.0,nan,nan,False,0,COLLECTING,0,,0,,,,,0,54,19,30,60,0.9995468973489938,0.17320508075688776
2026-08-31T22:59:11.047,128390296,P042,rhythm_normal,NORMAL,,,,237,409875,107321,116880,101365.02,104649.97,5955.98,12230.03,12791.71,18959.78,False,False,nan,True,0.0,nan,nan,False,0,COLLECTING,0,,0,,,,,0,54,19,30,60,0.9995468973489938,0.24494897427831783
2026-08-31T22:59:11.065,128390312,P042,rhythm_normal,NORMAL,,,,238,409915,107372,117002,101485.16,104897.01,5886.84,12104.99,12620.03,18832.98,False,False,nan,True,0.0,nan,nan,False,0,COLLECTING,0,,0,,,,,0,54,19,30,60,0.9995468973489938,0.24494897427831783
2026-08-31T22:59:11.078,128390328,P042,rhythm_normal,NORMAL,,,,239,409955,107427,117130,101603.99,105141.66,5823.01,11988.34,12462.11,18705.56,False,False,nan,True,0.0,nan,nan,False,0,COLLECTING,0,,0,,,,,0,54,19,30,60,0.9995468973489938,0.24494897427831783
2026-08-31T22:59:11.090,128390343,P042,rhythm_normal,NORMAL,,,,240,409995,107473,117219,101721.38,105383.21,5751.62,11835.79,12305.53,18577.56,False,False,nan,True,0.0,nan,nan,False,0,COLLECTING,0,,0,,,,,0,54,19,30,60,0.9995468973489938,0.24494897427831783
2026-08-31T22:59:11.114,128390359,P042,rhythm_normal,NORMAL,,,,241,410035,107464,117197,101836.23,105619.48,5627.77,11577.52,12123.52,18448.48,False,False,nan,True,0.0,nan,nan,False,0,COLLECTING,0,,0,,,,,0,54,19,30,60,0.9995468973489938,0.24494897427831783
2026-08-31T22:59:11.252,128390500,P042,rhythm_normal,NORMAL,,,,242,410075,107120,116420,101941.9,105835.49,5178.1,10584.51,11738.77,18314.29,False,False,nan,True,0.0,nan,nan,False,0,COLLECTING,0,,0,,,,,0,54,19,30,60,0.9997654724984255,0.17320508075688776
2026-08-31T22:59:11.269,128390515,P042,rhythm_normal,NORMAL,,,,243,410115,106830,115750,102039.66,106033.78,4790.34,9716.22,11233.13,18172.67,False,False,nan,True,0.0,nan,nan,False,0,COLLECTING,0,,0,,,,,0,54,19,30,60,0.9997654724984255,0.17320508075688776
2026-08-31T22:59:11.278,128390531,P042,rhythm_normal,NORMAL,,,,244,410155,106770,115592,102134.27,106224.95,4635.73,9367.05,10766.61,18024.54,False,False,nan,True,0.0,nan,nan,False,0,COLLECTING,0,,0,,,,,0,54,19,30,60,0.9997654724984255,0.17320508075688776
2026-08-31T22:59:11.294,128390546,P042,rhythm_normal,NORMAL,,,,245,410195,106786,115631,102227.3,106413.06,4558.7,9217.94,10379.44,17871.64,False,False,nan,True,0.0,nan,nan,False,0,COLLECTING,0,,0,,,,,0,54,19,30,60,0.9997654724984255,0.17320508075688776
2026-08-31T22:59:11.313,128390562,P042,rhythm_normal,NORMAL,,,,246,410235,106806,115658,102318.88,106597.96,4487.12,9060.04,10049.59,17715.2,False,False,nan,True,0.0,nan,nan,False,0,COLLECTING,0,,0,,,,,0,54,19,30,60,0.9997654724984255,0.17320508075688776
2026-08-31T22:59:11.447,128390703,P042,rhythm_normal,NORMAL,,,,247,410275,106813,115700,102408.76,106780.0,4404.24,8920.0,9767.19,17556.24,False,False,nan,True,0.0,nan,nan,False,0,COLLECTING,0,,0,,,,,0,54,19,30,60,0.9995468973489938,0.24494897427831783
2026-08-31T22:59:11.462,128390718,P042,rhythm_normal,NORMAL,,,,248,410315,106839,115761,102497.36,106959.62,4341.64,8801.38,9525.74,17395.63,False,False,nan,True,0.0,nan,nan,False,0,COLLECTING,0,,0,,,,,0,54,19,30,60,0.9995468973489938,0.24494897427831783
2026-08-31T22:59:11.481,128390734,P042,rhythm_normal,NORMAL,,,,249,410355,106849,115754,102584.39,107135.51,4264.61,8618.49,9298.93,17233.7,False,False,nan,True,0.0,nan,nan,False,0,COLLECTING,0,,0,,,,,0,54,19,30,60,0.9995468973489938,0.24494897427831783
2026-08-31T22:59:11.497,128390750,P042,rhythm_normal,NORMAL,,,,250,410395,106794,115651,102668.59,107305.82,4125.41,8345.18,9060.49,17070.23,False,False,nan,True,0.0,nan,nan,False,0,COLLECTING,0,,0,,,,,0,54,19,30,60,0.9995468973489938,0.24494897427831783
2026-08-31T22:59:11.509,128390765,P042,rhythm_normal,NORMAL,,,,251,410435,106779,115631,102750.8,107472.32,4028.2,8158.68,8835.04,16905.53,False,False,nan,True,0.0,nan,nan,False,0,COLLECTING,0,,0,,,,,0,54,19,30,60,0.9995468973489938,0.24494897427831783
2026-08-31T22:59:11.663,128390921,P042,rhythm_normal,NORMAL,,,,252,410475,106815,115699,102832.08,107636.85,3982.92,8062.15,8641.82,16740.26,False,False,nan,True,0.0,nan,nan,False,0,COLLECTING,0,,0,,,,,0,54,19,30,60,0.9995468973489938,0.223606797749979
2026-08-31T22:59:11.685,128390937,P042,rhythm_normal,NORMAL,,,,253,410515,106852,115813,102912.48,107800.38,3939.52,8012.62,8484.52,16575.14,False,False,nan,True,0.0,nan,nan,False,0,COLLECTING,0,,0,,,,,0,54,19,30,60,0.9995468973489938,0.223606797749979
2026-08-31T22:59:11.703,128390953,P042,rhythm_normal,NORMAL,,,,254,410555,106907,115926,102992.37,107962.89,3914.63,7963.11,8354.17,16410.72,False,False,nan,True,0.0,nan,nan,False,0,COLLECTING,0,,0,,,,,0,54,19,30,60,0.9995468973489938,0.223606797749979
2026-08-31T22:59:11.719,128390968,P042,rhythm_normal,NORMAL,,,,255,410595,106934,115995,103071.2,108123.53,3862.8,7871.47,8233.49,16247.18,False,False,nan,True,0.0,nan,nan,False,0,COLLECTING,0,,0,,,,,0,54,19,30,60,0.9995468973489938,0.223606797749979
2026-08-31T22:59:11.748,128391000,P042,rhythm_normal,NORMAL,,,,256,410635,106955,116042,103148.88,108281.9,3806.12,7760.1,8115.14,16084.54,False,False,nan,True,0.0,nan,nan,False,0,COLLECTING,0,,0,,,,,0,54,19,30,60,0.9995468973489938,0.223606797749979
2026-08-31T22:59:11.849,128391093,P042,rhythm_normal,NORMAL,,,,257,410675,106961,116086,103225.12,108437.98,3735.88,7648.02,7998.36,15922.81,False,False,nan,True,0.0,nan,nan,False,0,COLLECTING,0,,0,,,,,0,54,19,30,60,0.9995468973489938,0.17320508075688776
2026-08-31T22:59:11.871,128391125,P042,rhythm_normal,NORMAL,,,,258,410715,106973,116113,103300.09,108591.48,3672.91,7521.52,7879.15,15761.94,False,False,nan,True,0.0,nan,nan,False,0,COLLECTING,0,,0,,,,,0,54,19,30,60,0.9995468973489938,0.17320508075688776
2026-08-31T22:59:11.877,128391125,P042,rhythm_normal,NORMAL,,,,259,410755,106989,116167,103373.87,108742.98,3615.13,7424.02,7765.37,15602.01,False,False,nan,True,0.0,nan,nan,False,0,COLLECTING,0,,0,,,,,0,54,19,30,60,0.9995468973489938,0.17320508075688776
2026-08-31T22:59:11.890,128391140,P042,rhythm_normal,NORMAL,,,,260,410795,107019,116252,103446.77,108893.16,3572.23,7358.84,7663.74,15443.24,False,False,nan,True,0.0,nan,nan,False,0,COLLECTING,0,,0,,,,,0,54,19,30,60,0.9995468973489938,0.17320508075688776
2026-08-31T22:59:11.910,128391156,P042,rhythm_normal,NORMAL,,,,261,410835,107058,116355,103519.0,109042.4,3539.0,7312.6,7575.95,15285.9,False,False,nan,True,0.7,nan,95.97,False,0,COLLECTING,0,,0,,,,,0,54,19,30,60,0.9995468973489938,0.17320508075688776
2026-08-31T22:59:12.069,128391312,P042,rhythm_normal,NORMAL,,,,262,410875,106974,116172,103588.1,109184.99,3385.9,6987.01,7428.72,15128.75,False,False,nan,True,0.7,nan,95.97,False,0,COLLECTING,0,,0,,,,,0,54,19,30,60,0.9997654724984255,0.24494897427831783
2026-08-31T22:59:12.091,128391343,P042,rhythm_normal,NORMAL,,,,263,410915,106679,115516,103649.92,109311.61,3029.08,6204.39,7122.63,14968.63,False,False,nan,True,0.7,nan,95.97,False,0,COLLECTING,0,,0,,,,,0,54,19,30,60,0.9997654724984255,0.24494897427831783
2026-08-31T22:59:12.100,128391343,P042,rhythm_normal,NORMAL,,,,264,410955,106535,115171,103707.62,109428.8,2827.38,5742.2,6777.53,14804.81,False,False,nan,True,0.7,nan,95.97,False,0,COLLECTING,0,,0,,,,,0,54,19,30,60,0.9997654724984255,0.24494897427831783
2026-08-31T22:59:12.118,128391375,P042,rhythm_normal,NORMAL,,,,265,410995,106522,115119,103763.91,109542.6,2758.09,5576.4,6477.24,14638.26,False,False,nan,True,0.7,nan,95.97,False,0,COLLECTING,0,,0,,,,,0,54,19,30,60,0.9997654724984255,0.24494897427831783
2026-08-31T22:59:12.138,128391390,P042,rhythm_normal,NORMAL,,,,266,411035,106547,115185,103819.58,109655.45,2727.42,5529.55,6240.32,14470.3,False,False,nan,True,0.7,nan,95.97,False,0,COLLECTING,0,,0,,,,,0,54,19,30,60,0.9997654724984255,0.24494897427831783
2026-08-31T22:59:12.266,128391515,P042,rhythm_normal,NORMAL,,,,267,411075,106563,115217,103874.45,109766.69,2688.55,5450.31,6042.82,14301.75,False,False,nan,True,0.7,nan,95.97,False,0,COLLECTING,0,,0,,,,,0,54,19,30,60,0.9997654724984255,0.24494897427831783
2026-08-31T22:59:12.281,128391531,P042,rhythm_normal,NORMAL,,,,268,411115,106589,115295,103928.73,109877.25,2660.27,5417.75,5886.55,14133.44,False,False,nan,True,0.7,nan,95.97,False,0,COLLECTING,0,,0,,,,,0,54,19,30,60,0.9997654724984255,0.24494897427831783
2026-08-31T22:59:12.287,128391531,P042,rhythm_normal,NORMAL,,,,269,411155,106605,115347,103982.26,109986.65,2622.74,5360.35,5755.0,13965.88,False,False,nan,True,0.7,nan,95.97,False,0,COLLECTING,0,,0,,,,,0,54,19,30,60,0.9997654724984255,0.24494897427831783
2026-08-31T22:59:12.302,128391546,P042,rhythm_normal,NORMAL,,,,270,411195,106548,115236,104033.57,110091.63,2514.43,5144.37,5602.34,13798.6,False,False,nan,True,0.7,nan,95.97,False,0,COLLECTING,0,,0,,,,,0,54,19,30,60,0.9997654724984255,0.24494897427831783
2026-08-31T22:59:12.313,128391562,P042,rhythm_normal,NORMAL,,,,271,411235,106520,115189,104083.3,110193.58,2436.7,4995.42,5450.61,13631.64,False,False,nan,True,0.7,nan,95.97,False,0,COLLECTING,0,,0,,,,,0,54,19,30,60,0.9997654724984255,0.24494897427831783
2026-08-31T22:59:12.446,128391703,P042,rhythm_normal,NORMAL,,,,272,411275,106548,115234,104132.59,110294.38,2415.41,4939.62,5322.86,13465.47,False,False,nan,True,0.7,nan,95.97,False,0,COLLECTING,0,,0,,,,,0,54,19,30,60,0.9995468973489938,0.24494897427831783
2026-08-31T22:59:12.459,128391703,P042,rhythm_normal,NORMAL,,,,273,411315,106601,115367,104181.96,110395.84,2419.04,4971.16,5234.94,13300.86,False,False,nan,True,0.7,nan,95.97,False,0,COLLECTING,0,,0,,,,,0,54,19,30,60,0.9995468973489938,0.24494897427831783
2026-08-31T22:59:12.469,128391718,P042,rhythm_normal,NORMAL,,,,274,411355,106666,115508,104231.64,110498.08,2434.36,5009.92,5178.68,13138.42,False,False,nan,True,0.7,nan,95.97,False,0,COLLECTING,0,,0,,,,,0,54,19,30,60,0.9995468973489938,0.24494897427831783
2026-08-31T22:59:12.485,128391734,P042,rhythm_normal,NORMAL,,,,275,411395,106708,115634,104281.16,110600.8,2426.84,5033.2,5142.31,12978.49,False,False,nan,True,0.7,nan,95.97,False,0,COLLECTING,0,,0,,,,,0,54,19,30,60,0.9995468973489938,0.24494897427831783
2026-08-31T22:59:12.501,128391750,P042,rhythm_normal,NORMAL,,,,276,411435,106757,115740,104330.68,110703.58,2426.32,5036.42,5115.84,12821.24,False,False,nan,True,0.7,nan,95.97,False,0,COLLECTING,0,,0,,,,,0,54,19,30,60,0.9995468973489938,0.24494897427831783
2026-08-31T22:59:12.654,128391906,P042,rhythm_normal,NORMAL,,,,277,411475,106776,115818,104379.59,110805.87,2396.41,5012.13,5089.91,12666.61,False,False,nan,True,0.7,nan,95.97,False,0,COLLECTING,0,,0,,,,,0,54,19,30,60,0.9997654724984255,0.24494897427831783
2026-08-31T22:59:12.673,128391921,P042,rhythm_normal,NORMAL,,,,278,411515,106790,115863,104427.8,110907.01,2362.2,4955.99,5056.43,12514.41,False,False,nan,True,0.7,nan,95.97,False,0,COLLECTING,0,,0,,,,,0,54,19,30,60,0.9997654724984255,0.24494897427831783
2026-08-31T22:59:12.681,128391937,P042,rhythm_normal,NORMAL,,,,279,411555,106801,115915,104475.26,111007.16,2325.74,4907.84,5019.28,12364.51,False,False,nan,True,0.7,nan,95.97,False,0,COLLECTING,0,,0,,,,,0,54,19,30,60,0.9997654724984255,0.24494897427831783
2026-08-31T22:59:12.690,128391937,P042,rhythm_normal,NORMAL,,,,280,411595,106837,115986,104522.49,111106.74,2314.51,4879.26,4984.28,12216.9,False,False,nan,True,0.7,nan,95.97,False,0,COLLECTING,0,,0,,,,,0,54,19,30,60,0.9997654724984255,0.24494897427831783
2026-08-31T22:59:12.709,128391953,P042,rhythm_normal,NORMAL,,,,281,411635,106872,116116,104569.48,111206.93,2302.52,4909.07,4965.48,12071.88,False,False,nan,True,0.7,nan,95.97,False,0,COLLECTING,0,,0,,,,,0,54,19,30,60,0.9997654724984255,0.24494897427831783
2026-08-31T22:59:12.839,128392093,P042,rhythm_normal,NORMAL,,,,282,411675,106934,116244,104616.77,111307.67,2317.23,4936.33,4958.19,11929.6,False,False,nan,True,0.7,nan,95.97,False,0,COLLECTING,0,,0,,,,,0,54,19,30,60,0.9995468973489938,0.24494897427831783
2026-08-31T22:59:12.872,128392125,P042,rhythm_normal,NORMAL,,,,283,411715,106775,115906,104659.94,111399.64,2115.06,4506.36,4845.23,11787.91,False,False,nan,True,0.7,nan,95.97,False,0,COLLECTING,0,,0,,,,,0,54,19,30,60,0.9995468973489938,0.24494897427831783
2026-08-31T22:59:12.881,128392125,P042,rhythm_normal,NORMAL,,,,284,411755,106419,115119,104695.12,111474.03,1723.88,3644.97,4545.17,11643.06,False,False,nan,True,0.7,nan,95.97,False,0,COLLECTING,0,,0,,,,,0,54,19,30,60,0.9995468973489938,0.24494897427831783
2026-08-31T22:59:12.897,128392140,P042,rhythm_normal,NORMAL,,,,285,411795,106274,114803,104726.7,111540.61,1547.3,3262.39,4224.47,11494.69,False,False,nan,True,0.7,nan,95.97,False,0,COLLECTING,0,,0,,,,,0,54,19,30,60,0.9995468973489938,0.24494897427831783
2026-08-31T22:59:12.918,128392171,P042,rhythm_normal,NORMAL,,,,286,411835,106280,114771,104757.76,111605.22,1522.24,3165.78,3959.8,11343.99,False,False,nan,True,0.7,nan,95.97,False,0,COLLECTING,0,,0,,,,,0,54,19,30,60,0.9995468973489938,0.24494897427831783
2026-08-31T22:59:13.046,128392296,P042,rhythm_normal,NORMAL,,,,287,411875,106288,114795,104788.36,111669.02,1499.64,3125.98,3751.35,11192.14,False,False,nan,True,0.7,nan,95.97,False,0,COLLECTING,0,,0,,,,,0,54,19,30,60,0.9997654724984255,0.24494897427831783
2026-08-31T22:59:13.071,128392328,P042,rhythm_normal,NORMAL,,,,288,411915,106284,114778,104818.27,111731.2,1465.73,3046.8,3575.21,11039.8,False,False,nan,True,0.7,nan,95.97,False,0,COLLECTING,0,,0,,,,,0,54,19,30,60,0.9997654724984255,0.24494897427831783
2026-08-31T22:59:13.084,128392328,P042,rhythm_normal,NORMAL,,,,289,411955,106303,114846,104847.97,111793.49,1455.03,3052.51,3444.53,10887.89,False,False,nan,True,0.7,nan,95.97,False,0,COLLECTING,0,,0,,,,,0,54,19,30,60,0.9997654724984255,0.24494897427831783
2026-08-31T22:59:13.102,128392359,P042,rhythm_normal,NORMAL,,,,290,411995,106346,114981,104877.93,111857.24,1468.07,3123.76,3364.34,10737.42,False,False,nan,True,0.7,nan,95.97,False,0,COLLECTING,0,,0,,,,,0,54,19,30,60,0.9997654724984255,0.24494897427831783
2026-08-31T22:59:13.146,128392390,P042,rhythm_normal,NORMAL,,,,291,412035,106322,114970,104906.81,111919.5,1415.19,3050.5,3285.88,10588.39,False,False,nan,True,0.7,nan,95.97,False,0,COLLECTING,0,,0,,,,,0,54,19,30,60,0.9997654724984255,0.24494897427831783
2026-08-31T22:59:13.246,128392500,P042,rhythm_normal,NORMAL,,,,292,412075,106295,114915,104934.58,111979.41,1360.42,2935.59,3198.31,10440.59,False,False,nan,True,0.7,nan,95.97,False,0,COLLECTING,0,,0,,,,,0,54,19,30,60,0.9997654724984255,0.24494897427831783
2026-08-31T22:59:13.271,128392515,P042,rhythm_normal,NORMAL,,,,293,412115,106301,114957,104961.91,112038.96,1339.09,2918.04,3128.24,10294.34,False,False,nan,True,0.7,nan,95.97,False,0,COLLECTING,0,,0,,,,,0,54,19,30,60,0.9997654724984255,0.24494897427831783
2026-08-31T22:59:13.288,128392531,P042,rhythm_normal,NORMAL,,,,294,412155,106340,115063,104989.47,112099.45,1350.53,2963.55,3087.07,10150.2,False,False,nan,True,0.7,nan,95.97,False,0,COLLECTING,0,,0,,,,,0,54,19,30,60,0.9997654724984255,0.24494897427831783
2026-08-31T22:59:13.301,128392546,P042,rhythm_normal,NORMAL,,,,295,412195,106375,115140,105017.18,112160.26,1357.82,2979.74,3060.24,10008.4,False,False,nan,True,0.7,nan,95.97,False,0,COLLECTING,0,,0,,,,,0,54,19,30,60,0.9997654724984255,0.24494897427831783
2026-08-31T22:59:13.311,128392562,P042,rhythm_normal,NORMAL,,,,296,412235,106406,115227,105044.95,112221.59,1361.05,3005.41,3046.53,9869.16,False,False,nan,True,0.7,nan,95.97,False,0,COLLECTING,0,,0,,,,,0,54,19,30,60,0.9997654724984255,0.24494897427831783
2026-08-31T22:59:13.448,128392703,P042,rhythm_normal,NORMAL,,,,297,412275,106422,115248,105072.49,112282.12,1349.51,2965.88,3026.37,9732.3,False,False,nan,True,0.7,nan,95.97,False,0,COLLECTING,0,,0,,,,,0,54,19,30,60,0.9995468973489938,0.14142135623730953
2026-08-31T22:59:13.472,128392718,P042,rhythm_normal,NORMAL,,,,298,412315,106434,115220,105099.72,112340.88,1334.28,2879.12,2989.55,9597.45,False,False,nan,True,0.7,nan,95.97,False,0,COLLECTING,0,,0,,,,,0,54,19,30,60,0.9995468973489938,0.14142135623730953
2026-08-31T22:59:13.486,128392734,P042,rhythm_normal,NORMAL,,,,299,412355,106457,115254,105126.87,112399.15,1330.13,2854.85,2955.88,9464.62,False,False,nan,True,0.7,nan,95.97,False,0,COLLECTING,0,,0,,,,,0,54,19,30,60,0.9995468973489938,0.14142135623730953
2026-08-31T22:59:13.498,128392750,P042,rhythm_normal,NORMAL,,,,300,412395,106510,115354,105154.53,112458.24,1355.47,2895.76,2940.85,9334.14,False,False,nan,True,0.7,nan,95.97,False,0,COLLECTING,0,,0,,,,,0,54,19,30,60,0.9995468973489938,0.14142135623730953
2026-08-31T22:59:13.507,128392765,P042,rhythm_normal,NORMAL,,,,301,412435,106537,115434,105182.18,112517.76,1354.82,2916.24,2934.7,9206.15,False,False,nan,True,0.7,nan,95.97,False,0,COLLECTING,0,,0,,,,,0,54,19,30,60,0.9995468973489938,0.14142135623730953
2026-08-31T22:59:13.651,128392906,P042,rhythm_normal,NORMAL,,,,302,412475,106578,115494,105210.09,112577.28,1367.91,2916.72,2930.2,9080.63,False,False,nan,True,0.7,nan,95.97,False,0,COLLECTING,0,,0,,,,,0,54,19,30,60,0.9999704995648622,0.17320508075688776
2026-08-31T22:59:13.674,128392921,P042,rhythm_normal,NORMAL,,,,303,412515,106707,115752,105240.03,112640.77,1466.97,3111.23,2975.46,8958.53,False,False,nan,True,0.7,nan,95.97,False,0,COLLECTING,0,,0,,,,,0,54,19,30,60,0.9999704995648622,0.17320508075688776
2026-08-31T22:59:13.691,128392937,P042,rhythm_normal,NORMAL,,,,304,412555,106805,116005,105271.33,112708.05,1533.67,3296.95,3055.83,8840.48,False,False,nan,True,0.7,nan,95.97,False,0,COLLECTING,0,,0,,,,,0,54,19,30,60,0.9999704995648622,0.17320508075688776
2026-08-31T22:59:13.708,128392953,P042,rhythm_normal,NORMAL,,,,305,412595,106681,115743,105299.52,112768.75,1381.48,2974.25,3035.44,8724.38,True,False,nan,True,0.7,nan,95.97,False,0,COLLECTING,0,,0,,,,,0,54,19,30,60,0.9999704995648622,0.17320508075688776
2026-08-31T22:59:13.730,128392984,P042,rhythm_normal,NORMAL,,,,306,412635,106184,114673,105317.21,112806.84,866.79,1866.16,2743.12,8604.75,False,False,nan,True,0.7,nan,95.97,False,0,COLLECTING,0,,0,,,,,0,54,19,30,60,0.9999704995648622,0.17320508075688776
2026-08-31T22:59:13.841,128393093,P042,rhythm_normal,NORMAL,,,,307,412675,105961,114176,105330.09,112834.22,630.91,1341.78,2392.78,8480.51,False,False,nan,True,0.7,nan,95.97,False,0,COLLECTING,0,,0,,,,,0,54,19,30,60,0.9988863799251645,0.24494897427831783
2026-08-31T22:59:13.857,128393109,P042,rhythm_normal,NORMAL,,,,308,412715,105946,114130,105342.41,112860.13,603.59,1269.87,2112.05,8353.14,False,False,nan,True,0.7,nan,95.97,False,0,COLLECTING,0,,0,,,,,0,54,19,30,60,0.9988863799251645,0.24494897427831783
2026-08-31T22:59:13.876,128393125,P042,rhythm_normal,NORMAL,,,,309,412755,105970,114159,105354.96,112886.11,615.04,1272.89,1902.26,8224.13,False,False,nan,True,0.7,nan,95.97,False,0,COLLECTING,0,,0,,,,,0,54,19,30,60,0.9988863799251645,0.24494897427831783
2026-08-31T22:59:13.886,128393140,P042,rhythm_normal,NORMAL,,,,310,412795,105953,114145,105366.92,112911.29,586.08,1233.71,1735.13,8094.35,False,False,nan,True,0.7,nan,95.97,False,0,COLLECTING,0,,0,,,,,0,54,19,30,60,0.9988863799251645,0.24494897427831783
2026-08-31T22:59:13.903,128393156,P042,rhythm_normal,NORMAL,,,,311,412835,105968,114215,105378.95,112937.36,589.05,1277.64,1620.75,7964.87,False,False,nan,True,0.7,nan,95.97,False,0,COLLECTING,0,,0,,,,,0,54,19,30,60,0.9988863799251645,0.24494897427831783
2026-08-31T22:59:14.042,128393296,P042,rhythm_normal,NORMAL,,,,312,412875,106014,114331,105391.65,112965.23,622.35,1365.77,1557.01,7836.72,False,False,nan,True,0.7,nan,95.97,False,0,COLLECTING,0,,0,,,,,0,54,19,30,60,0.9997654724984255,0.24494897427831783
2026-08-31T22:59:14.067,128393312,P042,rhythm_normal,NORMAL,,,,313,412915,106006,114345,105403.94,112992.83,602.06,1352.17,1505.8,7710.1,False,False,nan,True,0.7,nan,95.97,False,0,COLLECTING,0,,0,,,,,0,54,19,30,60,0.9997654724984255,0.24494897427831783
2026-08-31T22:59:14.075,128393328,P042,rhythm_normal,NORMAL,,,,314,412955,105977,114262,105415.4,113018.21,561.6,1243.79,1440.3,7584.7,False,False,nan,True,0.7,nan,95.97,False,0,COLLECTING,0,,0,,,,,0,54,19,30,60,0.9997654724984255,0.24494897427831783
2026-08-31T22:59:14.083,128393328,P042,rhythm_normal,NORMAL,,,,315,412995,105971,114225,105426.51,113042.34,544.49,1182.66,1375.89,7460.53,False,False,nan,True,0.7,nan,95.97,False,0,COLLECTING,0,,0,,,,,0,54,19,30,60,0.9997654724984255,0.24494897427831783
2026-08-31T22:59:14.096,128393343,P042,rhythm_normal,NORMAL,,,,316,413035,106010,114316,105438.18,113067.82,571.82,1248.18,1343.96,7338.2,False,False,nan,True,0.7,nan,95.97,False,0,COLLECTING,0,,0,,,,,0,54,19,30,60,0.9997654724984255,0.24494897427831783
2026-08-31T22:59:14.238,128393484,P042,rhythm_normal,NORMAL,,,,317,413075,106068,114491,105450.77,113096.28,617.23,1394.72,1356.65,7218.56,False,False,nan,True,0.7,nan,95.97,False,0,COLLECTING,0,,0,,,,,0,54,19,30,60,0.9995468973489938,0.24494897427831783
2026-08-31T22:59:14.254,128393500,P042,rhythm_normal,NORMAL,,,,318,413115,106126,114649,105464.28,113127.34,661.72,1521.66,1397.9,7102.15,False,False,nan,True,0.7,nan,95.97,False,0,COLLECTING,0,,0,,,,,0,54,19,30,60,0.9995468973489938,0.24494897427831783
2026-08-31T22:59:14.267,128393515,P042,rhythm_normal,NORMAL,,,,319,413155,106174,114754,105478.48,113159.87,695.52,1594.13,1446.96,6989.05,False,False,nan,True,0.7,nan,95.97,False,0,COLLECTING,0,,0,,,,,0,54,19,30,60,0.9995468973489938,0.24494897427831783
2026-08-31T22:59:14.271,128393515,P042,rhythm_normal,NORMAL,,,,320,413195,106215,114836,105493.2,113193.39,721.8,1642.61,1495.87,6879.18,False,False,nan,True,0.7,nan,95.97,False,0,COLLECTING,0,,0,,,,,0,54,19,30,60,0.9995468973489938,0.24494897427831783
2026-08-31T22:59:14.296,128393546,P042,rhythm_normal,NORMAL,,,,321,413235,106237,114884,105508.08,113227.2,728.92,1656.8,1536.1,6772.32,False,False,nan,True,0.7,nan,95.97,False,0,COLLECTING,0,,0,,,,,0,54,19,30,60,0.9995468973489938,0.24494897427831783
2026-08-31T22:59:14.445,128393703,P042,rhythm_normal,NORMAL,,,,322,413275,106283,114952,105523.58,113261.7,759.42,1690.3,1574.65,6668.37,False,False,nan,True,0.7,nan,95.97,False,0,COLLECTING,0,,0,,,,,0,54,19,30,60,0.9997654724984255,0.24494897427831783
2026-08-31T22:59:14.467,128393718,P042,rhythm_normal,NORMAL,,,,323,413315,106321,115037,105539.52,113297.2,781.48,1739.8,1615.94,6567.32,False,False,nan,True,0.7,nan,95.97,False,0,COLLECTING,0,,0,,,,,0,54,19,30,60,0.9997654724984255,0.24494897427831783
2026-08-31T22:59:14.473,128393718,P042,rhythm_normal,NORMAL,,,,324,413355,106367,115142,105556.07,113334.1,810.93,1807.9,1663.93,6469.25,False,False,nan,True,0.7,nan,95.97,False,0,COLLECTING,0,,0,,,,,0,54,19,30,60,0.9997654724984255,0.24494897427831783
2026-08-31T22:59:14.478,128393734,P042,rhythm_normal,NORMAL,,,,325,413395,106430,115304,105573.55,113373.5,856.45,1930.5,1730.57,6374.48,False,False,nan,True,0.7,nan,95.97,False,0,COLLECTING,0,,0,,,,,0,54,19,30,60,0.9997654724984255,0.24494897427831783
2026-08-31T22:59:14.498,128393750,P042,rhythm_normal,NORMAL,,,,326,413435,106488,115444,105591.84,113414.91,896.16,2029.09,1805.2,6283.09,False,False,nan,True,0.7,nan,95.97,False,0,COLLECTING,0,,0,,,,,0,54,19,30,60,0.9997654724984255,0.24494897427831783
2026-08-31T22:59:14.639,128393890,P042,rhythm_normal,NORMAL,,,,327,413475,106553,115646,105611.06,113459.53,941.94,2186.47,1900.52,6195.44,False,False,nan,True,0.7,nan,95.97,False,0,COLLECTING,0,,0,,,,,0,54,19,30,60,0.9997654724984255,0.24494897427831783
2026-08-31T22:59:14.655,128393906,P042,rhythm_normal,NORMAL,,,,328,413515,106456,115412,105627.96,113498.58,828.04,1913.42,1903.74,6109.61,False,False,nan,True,0.7,nan,95.97,False,0,COLLECTING,0,,0,,,,,0,54,19,30,60,0.9997654724984255,0.24494897427831783
2026-08-31T22:59:14.662,128393906,P042,rhythm_normal,NORMAL,,,,329,413555,106030,114499,105636.0,113518.59,394.0,980.41,1672.91,6020.87,False,False,nan,True,0.7,nan,95.97,False,0,COLLECTING,0,,0,,,,,0,54,19,30,60,0.9997654724984255,0.24494897427831783
2026-08-31T22:59:14.673,128393921,P042,rhythm_normal,NORMAL,,,,330,413595,105845,114091,105640.18,113530.03,204.82,560.97,1394.93,5928.35,False,False,nan,True,0.7,nan,95.97,False,0,COLLECTING,0,,0,,,,,0,54,19,30,60,0.9997654724984255,0.24494897427831783
2026-08-31T22:59:14.706,128393953,P042,rhythm_normal,NORMAL,,,,331,413635,105829,114031,105643.95,113540.05,185.05,490.95,1168.93,5833.17,False,False,nan,True,0.7,nan,95.97,False,0,COLLECTING,0,,0,,,,,0,54,19,30,60,0.9997654724984255,0.24494897427831783
2026-08-31T22:59:14.837,128394093,P042,rhythm_normal,NORMAL,,,,332,413675,105843,114027,105647.94,113549.79,195.06,477.21,996.0,5736.42,False,False,nan,True,0.7,nan,95.97,False,0,COLLECTING,0,,0,,,,,0,54,19,30,60,0.9997654724984255,0.24494897427831783
2026-08-31T22:59:14.852,128394109,P042,rhythm_normal,NORMAL,,,,333,413715,105846,113996,105651.9,113558.71,194.1,437.29,856.32,5638.82,False,False,nan,True,0.7,nan,95.97,False,0,COLLECTING,0,,0,,,,,0,54,19,30,60,0.9997654724984255,0.24494897427831783
2026-08-31T22:59:14.863,128394109,P042,rhythm_normal,NORMAL,,,,334,413765,105853,114018,105655.92,113567.9,197.08,450.1,754.77,5541.14,False,False,nan,True,0.7,nan,95.97,False,0,COLLECTING,0,,0,,,,,0,54,19,30,60,0.9997654724984255,0.24494897427831783
2026-08-31T22:59:14.876,128394125,P042,rhythm_normal,NORMAL,,,,335,413805,105887,114073,105660.55,113578.0,226.45,495.0,689.83,5444.11,False,False,nan,True,0.7,nan,95.97,False,0,COLLECTING,0,,0,,,,,0,54,19,30,60,0.9997654724984255,0.24494897427831783
2026-08-31T22:59:14.919,128394171,P042,rhythm_normal,NORMAL,,,,336,413845,105883,114087,105664.99,113588.18,218.01,498.82,642.07,5348.07,False,False,nan,True,0.7,nan,95.97,False,0,COLLECTING,0,,0,,,,,0,54,19,30,60,0.9997654724984255,0.24494897427831783
2026-08-31T22:59:15.032,128394281,P042,rhythm_normal,NORMAL,,,,337,413885,105855,114109,105668.79,113598.59,186.21,510.41,609.16,5253.29,False,False,nan,True,0.7,nan,95.97,False,0,COLLECTING,0,,0,,,,,0,54,19,30,60,0.9997654724984255,0.24494897427831783
2026-08-31T22:59:15.047,128394296,P042,rhythm_normal,NORMAL,,,,338,413925,105862,114146,105672.66,113609.54,189.34,536.46,590.98,5160.05,False,False,nan,True,0.7,nan,95.97,False,0,COLLECTING,0,,0,,,,,0,54,19,30,60,0.9997654724984255,0.24494897427831783
2026-08-31T22:59:15.058,128394312,P042,rhythm_normal,NORMAL,,,,339,413965,105916,114194,105677.52,113621.23,238.48,572.77,586.43,5068.58,False,False,nan,True,0.7,nan,95.97,False,0,COLLECTING,0,,0,,,,,0,54,19,30,60,0.9997654724984255,0.24494897427831783
2026-08-31T22:59:15.076,128394328,P042,rhythm_normal,NORMAL,,,,340,414005,105987,114377,105683.71,113636.34,303.29,740.66,624.99,4979.7,False,False,nan,True,0.7,nan,95.97,False,0,COLLECTING,0,,0,,,,,0,54,19,30,60,0.9997654724984255,0.24494897427831783
2026-08-31T22:59:15.114,128394359,P042,rhythm_normal,NORMAL,,,,341,414045,106066,114554,105691.36,113654.7,374.64,899.3,693.57,4893.98,False,False,nan,True,0.7,nan,95.97,False,0,COLLECTING,0,,0,,,,,0,54,19,30,60,0.9997654724984255,0.24494897427831783
2026-08-31T22:59:15.246,128394500,P042,rhythm_normal,NORMAL,,,,342,414085,106120,114665,105699.93,113674.9,420.07,990.1,767.7,4811.46,False,False,nan,True,0.7,nan,95.97,False,0,COLLECTING,0,,0,,,,,0,54,19,30,60,0.9988863799251645,0.17320508075688776
2026-08-31T22:59:15.255,128394500,P042,rhythm_normal,NORMAL,,,,343,414125,106160,114819,105709.13,113697.78,450.87,1121.22,856.08,4732.35,False,False,nan,True,0.7,nan,95.97,False,0,COLLECTING,0,,0,,,,,0,54,19,30,60,0.9988863799251645,0.17320508075688776
2026-08-31T22:59:15.269,128394515,P042,rhythm_normal,NORMAL,,,,344,414165,106193,114924,105718.81,113722.3,474.19,1201.7,942.48,4656.55,False,False,nan,True,0.7,nan,95.97,False,0,COLLECTING,0,,0,,,,,0,54,19,30,60,0.9988863799251645,0.17320508075688776
2026-08-31T22:59:15.288,128394531,P042,rhythm_normal,NORMAL,,,,345,414205,106205,114938,105728.54,113746.62,476.46,1191.38,1004.71,4583.52,False,False,nan,True,0.7,nan,95.97,False,0,COLLECTING,0,,0,,,,,0,54,19,30,60,0.9988863799251645,0.17320508075688776
2026-08-31T22:59:15.318,128394562,P042,rhythm_normal,NORMAL,,,,346,414245,106247,115020,105738.91,113772.09,508.09,1247.91,1065.51,4513.16,False,False,nan,True,0.7,nan,95.97,False,0,COLLECTING,0,,0,,,,,0,54,19,30,60,0.9988863799251645,0.17320508075688776
2026-08-31T22:59:15.444,128394687,P042,rhythm_normal,NORMAL,,,,347,414285,106292,115219,105749.97,113801.02,542.03,1417.98,1153.63,4445.96,False,False,nan,True,0.7,nan,95.97,False,0,COLLECTING,0,,0,,,,,0,54,19,30,60,0.9995468973489938,0.24494897427831783
2026-08-31T22:59:15.460,128394718,P042,rhythm_normal,NORMAL,,,,348,414325,106355,115373,105762.07,113832.46,592.93,1540.54,1250.35,4382.05,False,False,nan,True,0.7,nan,95.97,False,0,COLLECTING,0,,0,,,,,0,54,19,30,60,0.9995468973489938,0.24494897427831783
2026-08-31T22:59:15.470,128394718,P042,rhythm_normal,NORMAL,,,,349,414365,106171,114924,105770.25,113854.29,400.75,1069.71,1205.19,4318.52,False,False,nan,True,0.7,nan,95.97,False,0,COLLECTING,0,,0,,,,,0,54,19,30,60,0.9995468973489938,0.24494897427831783
2026-08-31T22:59:15.488,128394734,P042,rhythm_normal,NORMAL,,,,350,414405,105802,114170,105770.88,113860.6,31.12,309.4,981.24,4251.77,False,False,nan,True,0.7,nan,95.97,False,0,COLLECTING,0,,0,,,,,0,54,19,30,60,0.9995468973489938,0.24494897427831783
2026-08-31T22:59:15.519,128394765,P042,rhythm_normal,NORMAL,,,,351,414445,105698,113864,105769.42,113860.67,-71.42,3.33,736.77,4181.47,False,False,nan,True,0.7,nan,95.97,False,0,COLLECTING,0,,0,,,,,0,54,19,30,60,0.9995468973489938,0.24494897427831783
2026-08-31T22:59:15.643,128394890,P042,rhythm_normal,NORMAL,,,,352,414485,105658,113824,105767.2,113859.94,-109.2,-35.94,543.59,4108.71,False,False,nan,True,0.7,nan,95.97,False,0,COLLECTING,0,,0,,,,,0,54,19,30,60,0.9997654724984255,0.24494897427831783
2026-08-31T22:59:15.663,128394921,P042,rhythm_normal,NORMAL,,,,353,414525,105688,113910,105765.61,113860.94,-77.61,49.06,419.96,4034.94,False,False,nan,True,0.7,nan,95.97,False,0,COLLECTING,0,,0,,,,,0,54,19,30,60,0.9997654724984255,0.24494897427831783
2026-08-31T22:59:15.673,128394921,P042,rhythm_normal,NORMAL,,,,354,414565,105751,113994,105765.32,113863.6,-14.32,130.4,347.57,3961.19,False,False,nan,True,0.7,nan,95.97,False,0,COLLECTING,0,,0,,,,,0,54,19,30,60,0.9997654724984255,0.24494897427831783
2026-08-31T22:59:15.686,128394937,P042,rhythm_normal,NORMAL,,,,355,414605,105782,114107,105765.66,113868.47,16.34,238.53,320.31,3888.37,False,False,nan,True,0.7,nan,95.97,False,0,COLLECTING,0,,0,,,,,0,54,19,30,60,0.9997654724984255,0.24494897427831783
2026-08-31T22:59:15.720,128394968,P042,rhythm_normal,NORMAL,,,,356,414645,105815,114133,105766.64,113873.76,48.36,259.24,305.04,3816.71,False,False,nan,True,0.7,nan,95.97,False,0,COLLECTING,0,,0,,,,,0,54,19,30,60,0.9997654724984255,0.24494897427831783
2026-08-31T22:59:15.868,128395125,P042,rhythm_normal,NORMAL,,,,357,414685,105717,114024,105765.65,113876.77,-48.65,147.23,265.59,3745.68,False,False,nan,True,0.7,nan,95.97,False,0,COLLECTING,0,,0,,,,,0,54,19,30,60,0.9995468973489938,0.24494897427831783
2026-08-31T22:59:15.878,128395125,P042,rhythm_normal,NORMAL,,,,358,414725,105690,113978,105764.13,113878.79,-74.13,99.21,224.0,3675.25,False,False,nan,True,0.7,nan,95.97,False,0,COLLECTING,0,,0,,,,,0,54,19,30,60,0.9995468973489938,0.24494897427831783
2026-08-31T22:59:15.888,128395140,P042,rhythm_normal,NORMAL,,,,359,414765,105747,114099,105763.79,113883.2,-16.79,215.8,221.95,3606.18,False,False,nan,True,0.7,nan,95.97,False,0,COLLECTING,0,,0,,,,,0,54,19,30,60,0.9995468973489938,0.24494897427831783
2026-08-31T22:59:15.909,128395156,P042,rhythm_normal,NORMAL,,,,360,414805,105815,114309,105764.81,113891.71,50.19,417.29,270.78,3539.48,False,False,nan,True,0.7,nan,95.97,False,0,COLLECTING,0,,0,,,,,0,54,19,30,60,0.9995468973489938,0.24494897427831783
2026-08-31T22:59:15.929,128395187,P042,rhythm_normal,NORMAL,,,,361,414845,105930,114501,105768.12,113903.9,161.88,597.1,352.36,3475.73,False,False,nan,True,0.7,nan,95.11,False,0,COLLECTING,0,,0,,,,,0,54,19,30,60,0.9995468973489938,0.24494897427831783
2026-08-31T22:59:16.044,128395296,P042,rhythm_normal,NORMAL,,,,362,414885,105992,114610,105772.59,113918.02,219.41,691.98,437.27,3414.96,False,False,nan,True,0.7,nan,95.11,False,0,COLLECTING,0,,0,,,,,0,54,19,30,60,0.9995468973489938,0.24494897427831783
2026-08-31T22:59:16.061,128395312,P042,rhythm_normal,NORMAL,,,,363,414925,106058,114750,105778.3,113934.66,279.7,815.34,531.78,3357.3,False,False,nan,True,0.7,nan,95.11,False,0,COLLECTING,0,,0,,,,,0,54,19,30,60,0.9995468973489938,0.24494897427831783
2026-08-31T22:59:16.071,128395328,P042,rhythm_normal,NORMAL,,,,364,414965,106104,114852,105784.82,113953.01,319.18,898.99,623.59,3302.63,False,False,nan,True,0.7,nan,95.11,False,0,COLLECTING,0,,0,,,,,0,54,19,30,60,0.9995468973489938,0.24494897427831783
2026-08-31T22:59:16.086,128395343,P042,rhythm_normal,NORMAL,,,,365,415005,106076,114850,105790.64,113970.95,285.36,879.05,687.45,3250.32,False,False,nan,True,0.7,nan,95.11,False,0,COLLECTING,0,,0,,,,,0,54,19,30,60,0.9995468973489938,0.24494897427831783
2026-08-31T22:59:16.117,128395375,P042,rhythm_normal,NORMAL,,,,366,415045,106102,114913,105796.87,113989.79,305.13,923.21,746.39,3200.24,False,False,nan,True,0.7,nan,95.11,False,0,COLLECTING,0,,0,,,,,0,54,19,30,60,0.9995468973489938,0.24494897427831783
2026-08-31T22:59:16.244,128395500,P042,rhythm_normal,NORMAL,,,,367,415085,106189,115061,105804.71,114011.21,384.29,1049.79,822.24,3152.68,False,False,nan,True,0.7,nan,95.11,False,0,COLLECTING,0,,0,,,,,0,54,19,30,60,0.9997654724984255,0.24494897427831783
2026-08-31T22:59:16.260,128395515,P042,rhythm_normal,NORMAL,,,,368,415125,106136,114980,105811.34,114030.59,324.66,949.41,854.03,3106.71,False,False,nan,True,0.7,nan,95.11,False,0,COLLECTING,0,,0,,,,,0,54,19,30,60,0.9997654724984255,0.24494897427831783
2026-08-31T22:59:16.268,128395515,P042,rhythm_normal,NORMAL,,,,369,415165,105757,114159,105810.25,114033.16,-53.25,125.84,671.99,3058.02,False,False,nan,True,0.7,nan,95.11,False,0,COLLECTING,0,,0,,,,,0,54,19,30,60,0.9997654724984255,0.24494897427831783
2026-08-31T22:59:16.287,128395531,P042,rhythm_normal,NORMAL,,,,370,415205,105611,113765,105806.27,114027.8,-195.27,-262.8,438.29,3005.62,False,False,nan,True,0.7,nan,95.11,False,0,COLLECTING,0,,0,,,,,0,54,19,30,60,0.9997654724984255,0.24494897427831783
2026-08-31T22:59:16.319,128395578,P042,rhythm_normal,NORMAL,,,,371,415245,105574,113667,105801.62,114020.58,-227.62,-353.58,240.32,2950.32,False,False,nan,True,0.7,nan,95.11,False,0,COLLECTING,0,,0,,,,,0,54,19,30,60,0.9997654724984255,0.24494897427831783
2026-08-31T22:59:16.442,128395687,P042,rhythm_normal,NORMAL,,,,372,415285,105601,113744,105797.6,114015.05,-196.6,-271.05,112.48,2893.56,False,False,nan,True,0.7,nan,95.11,False,0,COLLECTING,0,,0,,,,,0,54,19,30,60,0.9995468973489938,0.24494897427831783
2026-08-31T22:59:16.460,128395703,P042,rhythm_normal,NORMAL,,,,373,415325,105647,113849,105794.59,114011.73,-147.59,-162.73,43.68,2836.56,False,False,nan,True,0.7,nan,95.11,False,0,COLLECTING,0,,0,,,,,0,54,19,30,60,0.9995468973489938,0.24494897427831783
2026-08-31T22:59:16.472,128395718,P042,rhythm_normal,NORMAL,,,,374,415365,105700,113933,105792.7,114010.15,-92.7,-77.15,13.47,2780.1,False,False,nan,True,0.7,nan,95.11,False,0,COLLECTING,0,,0,,,,,0,54,19,30,60,0.9995468973489938,0.24494897427831783
2026-08-31T22:59:16.487,128395734,P042,rhythm_normal,NORMAL,,,,375,415405,105727,114027,105791.38,114010.48,-64.38,16.52,14.23,2724.78,False,False,nan,True,0.7,nan,95.11,False,0,COLLECTING,0,,0,,,,,0,54,19,30,60,0.9995468973489938,0.24494897427831783
2026-08-31T22:59:16.518,128395765,P042,rhythm_normal,NORMAL,,,,376,415445,105670,113926,105788.95,114008.8,-118.95,-82.8,-10.02,2670.49,False,False,nan,True,0.7,nan,95.11,False,0,COLLECTING,0,,0,,,,,0,54,19,30,60,0.9995468973489938,0.24494897427831783
2026-08-31T22:59:16.643,128395890,P042,rhythm_normal,NORMAL,,,,377,415485,105643,113857,105786.03,114005.76,-143.03,-148.76,-44.71,2617.97,False,False,nan,True,0.7,nan,95.11,False,0,COLLECTING,0,,0,,,,,0,54,19,30,60,0.9997654724984255,0.17320508075688776
2026-08-31T22:59:16.663,128395921,P042,rhythm_normal,NORMAL,,,,378,415525,105665,113892,105783.61,114003.48,-118.61,-111.48,-61.4,2566.84,False,False,nan,True,0.7,nan,95.11,False,0,COLLECTING,0,,0,,,,,0,54,19,30,60,0.9997654724984255,0.17320508075688776
2026-08-31T22:59:16.681,128395937,P042,rhythm_normal,NORMAL,,,,379,415565,105703,114055,105782.0,114004.52,-79.0,50.48,-33.43,2516.17,False,False,nan,True,0.7,nan,95.11,False,0,COLLECTING,0,,0,,,,,0,54,19,30,60,0.9997654724984255,0.17320508075688776
2026-08-31T22:59:16.689,128395937,P042,rhythm_normal,NORMAL,,,,380,415605,105801,114225,105782.38,114008.92,18.62,216.08,28.95,2466.43,False,False,nan,True,0.7,nan,95.11,False,0,COLLECTING,0,,0,,,,,0,54,19,30,60,0.9997654724984255,0.17320508075688776
2026-08-31T22:59:16.721,128395968,P042,rhythm_normal,NORMAL,,,,381,415645,105864,114412,105784.02,114016.98,79.98,395.02,120.46,2419.51,False,False,nan,True,0.7,nan,95.11,False,0,COLLECTING,0,,0,,,,,0,54,19,30,60,0.9997654724984255,0.17320508075688776
2026-08-31T22:59:16.848,128396093,P042,rhythm_normal,NORMAL,,,,382,415685,105920,114511,105786.73,114026.87,133.27,484.13,211.38,2375.35,False,False,nan,True,0.7,nan,95.11,False,0,COLLECTING,0,,0,,,,,0,54,19,30,60,0.9997654724984255,0.17320508075688776
2026-08-31T22:59:16.856,128396109,P042,rhythm_normal,NORMAL,,,,383,415725,105956,114602,105790.12,114038.37,165.88,563.63,299.44,2333.83,False,False,nan,True,0.7,nan,95.11,False,0,COLLECTING,0,,0,,,,,0,54,19,30,60,0.9997654724984255,0.17320508075688776
2026-08-31T22:59:16.875,128396125,P042,rhythm_normal,NORMAL,,,,384,415765,106019,114677,105794.7,114051.14,224.3,625.86,381.05,2294.77,False,False,nan,True,0.7,nan,95.11,False,0,COLLECTING,0,,0,,,,,0,54,19,30,60,0.9997654724984255,0.17320508075688776
2026-08-31T22:59:16.890,128396140,P042,rhythm_normal,NORMAL,,,,385,415805,106002,114722,105798.84,114064.55,203.16,657.45,450.15,2257.88,False,False,nan,True,0.7,nan,95.11,False,0,COLLECTING,0,,0,,,,,0,54,19,30,60,0.9997654724984255,0.17320508075688776
2026-08-31T22:59:16.922,128396171,P042,rhythm_normal,NORMAL,,,,386,415845,106016,114837,105803.19,114080.0,212.81,757.0,526.86,2223.26,False,False,nan,True,0.7,nan,95.11,False,0,COLLECTING,0,,0,,,,,0,54,19,30,60,0.9997654724984255,0.17320508075688776
2026-08-31T22:59:17.045,128396296,P042,rhythm_normal,NORMAL,,,,387,415885,106055,114976,105808.23,114097.92,246.77,878.08,614.66,2191.09,False,False,nan,True,0.7,nan,95.11,False,0,COLLECTING,0,,0,,,,,0,54,19,30,60,0.9988863799251645,0.24494897427831783
2026-08-31T22:59:17.067,128396312,P042,rhythm_normal,NORMAL,,,,388,415925,106006,114826,105812.18,114112.48,193.82,713.52,639.38,2160.05,False,False,nan,True,0.7,nan,95.11,False,0,COLLECTING,0,,0,,,,,0,54,19,30,60,0.9988863799251645,0.24494897427831783
2026-08-31T22:59:17.078,128396328,P042,rhythm_normal,NORMAL,,,,389,415965,105593,113939,105807.8,114109.02,-214.8,-170.02,437.03,2125.59,False,False,nan,True,0.7,nan,95.11,False,0,COLLECTING,0,,0,,,,,0,54,19,30,60,0.9988863799251645,0.24494897427831783
2026-08-31T22:59:17.096,128396343,P042,rhythm_normal,NORMAL,,,,390,416005,105424,113484,105800.12,114096.52,-376.12,-612.52,174.64,2086.57,False,False,nan,True,0.7,nan,95.11,False,0,COLLECTING,0,,0,,,,,0,54,19,30,60,0.9988863799251645,0.24494897427831783
2026-08-31T22:59:17.121,128396375,P042,rhythm_normal,NORMAL,,,,391,416045,105377,113406,105791.66,114082.7,-414.66,-676.7,-38.19,2045.61,False,False,nan,True,0.7,nan,95.11,False,0,COLLECTING,0,,0,,,,,0,54,19,30,60,0.9988863799251645,0.24494897427831783
2026-08-31T22:59:17.248,128396500,P042,rhythm_normal,NORMAL,,,,392,416085,105445,113493,105784.73,114070.91,-339.73,-577.91,-173.12,2008.16,False,False,nan,True,0.7,nan,95.11,False,0,COLLECTING,0,,0,,,,,0,54,19,30,60,0.9997654724984255,0.17320508075688776
2026-08-31T22:59:17.264,128396515,P042,rhythm_normal,NORMAL,,,,393,416125,105469,113557,105778.41,114060.62,-309.41,-503.62,-255.75,1973.11,False,False,nan,True,0.7,nan,95.11,False,0,COLLECTING,0,,0,,,,,0,54,19,30,60,0.9997654724984255,0.17320508075688776
2026-08-31T22:59:17.284,128396531,P042,rhythm_normal,NORMAL,,,,394,416165,105475,113622,105772.34,114051.85,-297.34,-429.85,-299.27,1939.63,False,False,nan,True,0.7,nan,95.11,False,0,COLLECTING,0,,0,,,,,0,54,19,30,60,0.9997654724984255,0.17320508075688776
2026-08-31T22:59:17.295,128396546,P042,rhythm_normal,NORMAL,,,,395,416205,105517,113710,105767.23,114045.02,-250.23,-335.02,-308.21,1907.0,False,False,nan,True,0.7,nan,95.11,False,0,COLLECTING,0,,0,,,,,0,54,19,30,60,0.9997654724984255,0.17320508075688776
2026-08-31T22:59:17.328,128396578,P042,rhythm_normal,NORMAL,,,,396,416245,105505,113667,105761.99,114037.45,-256.99,-370.45,-323.77,1875.34,False,False,nan,True,0.7,nan,95.11,False,0,COLLECTING,0,,0,,,,,0,54,19,30,60,0.9997654724984255,0.17320508075688776
2026-08-31T22:59:17.452,128396703,P042,rhythm_normal,NORMAL,,,,397,416285,105454,113584,105755.84,114028.38,-301.84,-444.38,-353.92,1844.91,False,False,nan,True,0.7,nan,95.11,False,0,COLLECTING,0,,0,,,,,0,54,19,30,60,0.9995468973489938,0.17320508075688776
2026-08-31T22:59:17.477,128396734,P042,rhythm_normal,NORMAL,,,,398,416325,105453,113627,105749.78,114020.35,-296.78,-393.35,-363.78,1815.29,False,False,nan,True,0.7,nan,95.11,False,0,COLLECTING,0,,0,,,,,0,54,19,30,60,0.9995468973489938,0.17320508075688776
2026-08-31T22:59:17.488,128396734,P042,rhythm_normal,NORMAL,,,,399,416365,105508,113767,105744.95,114015.28,-236.95,-248.28,-334.91,1785.68,False,False,nan,True,0.7,nan,95.11,False,0,COLLECTING,0,,0,,,,,0,54,19,30,60,0.9995468973489938,0.17320508075688776
2026-08-31T22:59:17.504,128396750,P042,rhythm_normal,NORMAL,,,,400,416405,105580,113950,105741.65,114013.98,-161.65,-63.98,-267.17,1755.31,False,False,nan,True,0.7,nan,95.11,False,0,COLLECTING,0,,0,,,,,0,54,19,30,60,0.9995468973489938,0.17320508075688776
2026-08-31T22:59:17.530,128396781,P042,rhythm_normal,NORMAL,,,,401,416445,105650,114106,105739.81,114015.82,-89.81,90.18,-177.84,1723.76,False,False,nan,True,0.7,nan,95.11,False,0,COLLECTING,0,,0,,,,,0,54,19,30,60,0.9995468973489938,0.17320508075688776
2026-08-31T22:59:17.670,128396921,P042,rhythm_normal,NORMAL,,,,402,416485,105707,114238,105739.16,114020.27,-32.16,217.73,-78.94,1690.86,False,False,nan,True,0.7,nan,95.11,False,0,COLLECTING,0,,0,,,,,0,54,19,30,60,0.9997654724984255,0.24494897427831783
2026-08-31T22:59:17.697,128396953,P042,rhythm_normal,NORMAL,,,,403,416525,105730,114324,105738.98,114026.34,-8.98,297.66,15.21,1657.35,False,False,nan,True,0.7,nan,95.11,False,0,COLLECTING,0,,0,,,,,0,54,19,30,60,0.9997654724984255,0.24494897427831783
2026-08-31T22:59:17.706,128396953,P042,rhythm_normal,NORMAL,,,,404,416565,105772,114423,105739.64,114034.27,32.36,388.73,108.59,1626.38,False,False,nan,True,0.7,nan,95.11,False,0,COLLECTING,0,,0,,,,,0,54,19,30,60,0.9997654724984255,0.24494897427831783
2026-08-31T22:59:17.724,128396968,P042,rhythm_normal,NORMAL,,,,405,416605,105788,114483,105740.61,114043.25,47.39,439.75,191.38,1597.68,False,False,nan,True,0.7,nan,95.11,False,0,COLLECTING,0,,0,,,,,0,54,19,30,60,0.9997654724984255,0.24494897427831783
2026-08-31T22:59:17.743,128397000,P042,rhythm_normal,NORMAL,,,,406,416645,105809,114539,105741.98,114053.16,67.02,485.84,264.99,1571.02,False,False,nan,True,0.7,nan,95.11,False,0,COLLECTING,0,,0,,,,,0,54,19,30,60,0.9997654724984255,0.24494897427831783
2026-08-31T22:59:17.862,128397109,P042,rhythm_normal,NORMAL,,,,407,416685,105872,114683,105744.58,114065.76,127.42,617.24,353.05,1546.66,False,False,nan,True,0.7,nan,95.11,False,0,COLLECTING,0,,0,,,,,0,54,19,30,60,0.9995468973489938,0.24494897427831783
2026-08-31T22:59:17.875,128397125,P042,rhythm_normal,NORMAL,,,,408,416725,105927,114835,105748.23,114081.14,178.77,753.86,453.26,1524.79,False,False,nan,True,0.7,nan,95.11,False,0,COLLECTING,0,,0,,,,,0,54,19,30,60,0.9995468973489938,0.24494897427831783
2026-08-31T22:59:17.888,128397140,P042,rhythm_normal,NORMAL,,,,409,416765,105719,114363,105747.64,114086.78,-28.64,276.22,409.0,1502.48,False,False,nan,True,0.7,nan,95.11,False,0,COLLECTING,0,,0,,,,,0,54,19,30,60,0.9995468973489938,0.24494897427831783
2026-08-31T22:59:17.911,128397156,P042,rhythm_normal,NORMAL,,,,410,416805,105348,113539,105739.65,114075.83,-391.65,-536.83,172.54,1475.88,False,False,nan,True,0.7,nan,95.11,False,0,COLLECTING,0,,0,,,,,0,54,19,30,60,0.9995468973489938,0.24494897427831783
2026-08-31T22:59:17.924,128397171,P042,rhythm_normal,NORMAL,,,,411,416845,105222,113245,105729.3,114059.21,-507.3,-814.21,-74.15,1447.84,False,False,nan,True,0.7,nan,95.11,False,0,COLLECTING,0,,0,,,,,0,54,19,30,60,0.9995468973489938,0.24494897427831783
2026-08-31T22:59:18.059,128397312,P042,rhythm_normal,NORMAL,,,,412,416885,105233,113254,105719.37,114043.11,-486.37,-789.11,-252.89,1423.95,False,False,nan,True,0.7,nan,95.11,False,0,COLLECTING,0,,0,,,,,0,54,19,30,60,0.9997654724984255,0.17320508075688776
2026-08-31T22:59:18.078,128397328,P042,rhythm_normal,NORMAL,,,,413,416925,105262,113339,105710.22,114029.02,-448.22,-690.02,-362.17,1402.71,False,False,nan,True,0.7,nan,95.11,False,0,COLLECTING,0,,0,,,,,0,54,19,30,60,0.9997654724984255,0.17320508075688776
2026-08-31T22:59:18.101,128397359,P042,rhythm_normal,NORMAL,,,,414,416965,105285,113376,105701.71,114015.96,-416.71,-639.96,-431.62,1383.29,False,False,nan,True,0.7,nan,95.11,False,0,COLLECTING,0,,0,,,,,0,54,19,30,60,0.9997654724984255,0.17320508075688776
2026-08-31T22:59:18.112,128397359,P042,rhythm_normal,NORMAL,,,,415,417005,105314,113466,105693.95,114004.96,-379.95,-538.96,-458.45,1364.79,False,False,nan,True,0.7,nan,95.11,False,0,COLLECTING,0,,0,,,,,0,54,19,30,60,0.9997654724984255,0.17320508075688776
2026-08-31T22:59:18.127,128397375,P042,rhythm_normal,NORMAL,,,,416,417045,105336,113526,105686.8,113995.38,-350.8,-469.38,-461.19,1346.72,False,False,nan,True,0.7,nan,95.11,False,0,COLLECTING,0,,0,,,,,0,54,19,30,60,0.9997654724984255,0.17320508075688776
2026-08-31T22:59:18.260,128397515,P042,rhythm_normal,NORMAL,,,,417,417085,105296,113454,105678.98,113984.55,-382.98,-530.55,-478.53,1329.36,False,False,nan,True,0.7,nan,95.11,False,0,COLLECTING,0,,0,,,,,0,54,19,30,60,0.9997654724984255,0.17320508075688776
2026-08-31T22:59:18.269,128397515,P042,rhythm_normal,NORMAL,,,,418,417125,105276,113413,105670.92,113973.12,-394.92,-560.12,-498.93,1312.75,False,False,nan,True,0.7,nan,95.11,False,0,COLLECTING,0,,0,,,,,0,54,19,30,60,0.9997654724984255,0.17320508075688776
2026-08-31T22:59:18.288,128397546,P042,rhythm_normal,NORMAL,,,,419,417165,105297,113485,105663.45,113963.36,-366.45,-478.36,-493.79,1296.37,False,False,nan,True,0.7,nan,95.11,False,0,COLLECTING,0,,0,,,,,0,54,19,30,60,0.9997654724984255,0.17320508075688776
2026-08-31T22:59:18.304,128397562,P042,rhythm_normal,NORMAL,,,,420,417205,105364,113657,105657.45,113957.23,-293.45,-300.23,-445.4,1279.35,False,False,nan,True,0.7,nan,95.11,False,0,COLLECTING,0,,0,,,,,0,54,19,30,60,0.9997654724984255,0.17320508075688776
2026-08-31T22:59:18.333,128397578,P042,rhythm_normal,NORMAL,,,,421,417245,105441,113842,105653.12,113954.93,-212.12,-112.93,-362.28,1261.01,False,False,nan,True,0.7,nan,95.11,False,0,COLLECTING,0,,0,,,,,0,54,19,30,60,0.9997654724984255,0.17320508075688776
2026-08-31T22:59:18.461,128397718,P042,rhythm_normal,NORMAL,,,,422,417285,105514,114018,105650.34,113956.19,-136.34,61.81,-256.26,1240.91,False,False,nan,True,0.7,nan,95.11,False,0,COLLECTING,0,,0,,,,,0,54,19,30,60,0.9997654724984255,0.24494897427831783
2026-08-31T22:59:18.496,128397750,P042,rhythm_normal,NORMAL,,,,423,417325,105554,114136,105648.41,113959.78,-94.41,176.22,-148.14,1219.06,False,False,nan,True,0.7,nan,95.11,False,0,COLLECTING,0,,0,,,,,0,54,19,30,60,0.9997654724984255,0.24494897427831783
2026-08-31T22:59:18.510,128397765,P042,rhythm_normal,NORMAL,,,,424,417365,105589,114216,105647.23,113964.91,-58.23,251.09,-48.33,1195.64,False,False,nan,True,0.7,nan,95.11,False,0,COLLECTING,0,,0,,,,,0,54,19,30,60,0.9997654724984255,0.24494897427831783
2026-08-31T22:59:18.528,128397781,P042,rhythm_normal,NORMAL,,,,425,417405,105611,114277,105646.5,113971.15,-35.5,305.85,40.22,1172.53,False,False,nan,True,0.7,nan,95.11,False,0,COLLECTING,0,,0,,,,,0,54,19,30,60,0.9997654724984255,0.24494897427831783
2026-08-31T22:59:18.544,128397796,P042,rhythm_normal,NORMAL,,,,426,417445,105640,114360,105646.37,113978.92,-6.37,381.08,125.43,1151.59,False,False,nan,True,0.7,nan,95.11,False,0,COLLECTING,0,,0,,,,,0,54,19,30,60,0.9997654724984255,0.24494897427831783
2026-08-31T22:59:18.665,128397921,P042,rhythm_normal,NORMAL,,,,427,417485,105671,114447,105646.86,113988.28,24.14,458.72,208.75,1132.73,False,False,nan,True,0.7,nan,95.11,False,0,COLLECTING,0,,0,,,,,0,54,19,30,60,0.9997654724984255,0.24494897427831783
2026-08-31T22:59:18.681,128397937,P042,rhythm_normal,NORMAL,,,,428,417525,105717,114557,105648.27,113999.66,68.73,557.34,295.9,1116.0,False,False,nan,True,0.7,nan,95.11,False,0,COLLECTING,0,,0,,,,,0,54,19,30,60,0.9997654724984255,0.24494897427831783
2026-08-31T22:59:18.690,128397937,P042,rhythm_normal,NORMAL,,,,429,417565,105794,114730,105651.18,114014.27,142.82,715.73,400.86,1101.7,False,False,nan,True,0.7,nan,95.11,False,0,COLLECTING,0,,0,,,,,0,54,19,30,60,0.9997654724984255,0.24494897427831783
2026-08-31T22:59:18.711,128397968,P042,rhythm_normal,NORMAL,,,,430,417605,105788,114726,105653.91,114028.5,134.09,697.5,475.02,1089.16,False,False,nan,True,0.7,nan,95.11,False,0,COLLECTING,0,,0,,,,,0,54,19,30,60,0.9997654724984255,0.24494897427831783
2026-08-31T22:59:18.725,128397968,P042,rhythm_normal,NORMAL,,,,431,417645,105396,113850,105648.76,114024.93,-252.76,-174.93,312.53,1073.63,True,False,nan,True,0.7,nan,95.11,False,0,COLLECTING,0,,0,,,,,0,54,19,30,60,0.9997654724984255,0.24494897427831783
2026-08-31T22:59:18.883,128398140,P042,rhythm_normal,NORMAL,,,,432,417685,105143,113261,105638.64,114009.65,-495.64,-748.65,47.24,1053.1,False,False,nan,True,0.7,nan,95.11,False,0,COLLECTING,0,,0,,,,,0,54,19,30,60,0.9997654724984255,0.24494897427831783
2026-08-31T22:59:18.897,128398140,P042,rhythm_normal,NORMAL,,,,433,417725,105076,113122,105627.39,113991.9,-551.39,-869.9,-182.05,1035.68,False,False,nan,True,0.7,nan,95.11,False,0,COLLECTING,0,,0,,,,,0,54,19,30,60,0.9997654724984255,0.24494897427831783
2026-08-31T22:59:18.912,128398156,P042,rhythm_normal,NORMAL,,,,434,417765,105109,113198,105617.02,113976.02,-508.02,-778.02,-331.04,1021.59,False,False,nan,True,0.7,nan,95.11,False,0,COLLECTING,0,,0,,,,,0,54,19,30,60,0.9997654724984255,0.24494897427831783
2026-08-31T22:59:18.925,128398171,P042,rhythm_normal,NORMAL,,,,435,417805,105135,113253,105607.38,113961.56,-472.38,-708.56,-425.42,1009.66,False,False,nan,True,0.7,nan,95.11,False,0,COLLECTING,0,,0,,,,,0,54,19,30,60,0.9997654724984255,0.24494897427831783
2026-08-31T22:59:18.953,128398203,P042,rhythm_normal,NORMAL,,,,436,417845,105149,113310,105598.22,113948.53,-449.22,-638.53,-478.7,999.04,False,False,nan,True,0.7,nan,95.11,False,0,COLLECTING,0,,0,,,,,0,54,19,30,60,0.9997654724984255,0.24494897427831783
2026-08-31T22:59:19.055,128398312,P042,rhythm_normal,NORMAL,,,,437,417885,105197,113437,105590.2,113938.3,-393.2,-501.3,-484.35,988.75,False,False,nan,True,0.7,nan,95.11,False,0,COLLECTING,0,,0,,,,,0,54,19,30,60,0.9997654724984255,0.17320508075688776
2026-08-31T22:59:19.083,128398328,P042,rhythm_normal,NORMAL,,,,438,417925,105172,113412,105581.83,113927.77,-409.83,-515.77,-492.2,978.82,False,False,nan,True,0.7,nan,95.11,False,0,COLLECTING,0,,0,,,,,0,54,19,30,60,0.9997654724984255,0.17320508075688776
2026-08-31T22:59:19.101,128398359,P042,rhythm_normal,NORMAL,,,,439,417965,105123,113313,105572.65,113915.48,-449.65,-602.48,-519.77,969.64,False,False,nan,True,0.7,nan,95.11,False,0,COLLECTING,0,,0,,,,,0,54,19,30,60,0.9997654724984255,0.17320508075688776
2026-08-31T22:59:19.117,128398375,P042,rhythm_normal,NORMAL,,,,440,418005,105134,113310,105563.88,113903.37,-429.88,-593.37,-538.17,961.01,False,False,nan,True,0.7,nan,95.11,False,0,COLLECTING,0,,0,,,,,0,54,19,30,60,0.9997654724984255,0.17320508075688776
2026-08-31T22:59:19.149,128398406,P042,rhythm_normal,NORMAL,,,,441,418045,105179,113433,105556.18,113893.96,-377.18,-460.96,-518.87,952.17,False,False,nan,True,0.7,nan,95.11,False,0,COLLECTING,0,,0,,,,,0,54,19,30,60,0.9997654724984255,0.17320508075688776
2026-08-31T22:59:19.267,128398515,P042,rhythm_normal,NORMAL,,,,442,418085,105243,113598,105549.91,113888.04,-306.91,-290.04,-461.66,942.36,False,False,nan,True,0.7,nan,95.11,False,0,COLLECTING,0,,0,,,,,0,54,19,30,60,0.9995468973489938,0.17320508075688776
2026-08-31T22:59:19.284,128398531,P042,rhythm_normal,NORMAL,,,,443,418125,105313,113772,105545.18,113885.72,-232.18,-113.72,-374.68,931.0,False,False,nan,True,0.7,nan,95.11,False,0,COLLECTING,0,,0,,,,,0,54,19,30,60,0.9995468973489938,0.17320508075688776
2026-08-31T22:59:19.293,128398546,P042,rhythm_normal,NORMAL,,,,444,418165,105370,113892,105541.68,113885.84,-171.68,6.16,-279.47,917.97,False,False,nan,True,0.7,nan,95.11,False,0,COLLECTING,0,,0,,,,,0,54,19,30,60,0.9995468973489938,0.17320508075688776
2026-08-31T22:59:19.319,128398562,P042,rhythm_normal,NORMAL,,,,445,418205,105406,113993,105538.97,113887.98,-132.97,105.02,-183.35,903.28,False,False,nan,True,0.7,nan,95.11,False,0,COLLECTING,0,,0,,,,,0,54,19,30,60,0.9995468973489938,0.17320508075688776
2026-08-31T22:59:19.332,128398578,P042,rhythm_normal,NORMAL,,,,446,418245,105431,114064,105536.81,113891.51,-105.81,172.49,-94.39,887.1,False,False,nan,True,0.7,nan,95.11,False,0,COLLECTING,0,,0,,,,,0,54,19,30,60,0.9995468973489938,0.17320508075688776
2026-08-31T22:59:19.450,128398703,P042,rhythm_normal,NORMAL,,,,447,418285,105451,114133,105535.09,113896.34,-84.09,236.66,-11.62,869.59,False,False,nan,True,0.7,nan,95.11,False,0,COLLECTING,0,,0,,,,,0,54,19,30,60,0.9997654724984255,0.17320508075688776
2026-08-31T22:59:19.462,128398718,P042,rhythm_normal,NORMAL,,,,448,418325,105484,114198,105534.07,113902.37,-50.07,295.63,65.19,853.5,False,False,nan,True,0.7,nan,95.11,False,0,COLLECTING,0,,0,,,,,0,54,19,30,60,0.9997654724984255,0.17320508075688776
2026-08-31T22:59:19.481,128398734,P042,rhythm_normal,NORMAL,,,,449,418365,105521,114278,105533.81,113909.88,-12.81,368.12,140.92,839.25,False,False,nan,True,0.7,nan,95.11,False,0,COLLECTING,0,,0,,,,,0,54,19,30,60,0.9997654724984255,0.17320508075688776
2026-08-31T22:59:19.493,128398750,P042,rhythm_normal,NORMAL,,,,450,418405,105572,114378,105534.58,113919.24,37.42,458.76,220.38,826.88,False,False,nan,True,0.7,nan,95.11,False,0,COLLECTING,0,,0,,,,,0,54,19,30,60,0.9997654724984255,0.17320508075688776
2026-08-31T22:59:19.516,128398765,P042,rhythm_normal,NORMAL,,,,451,418445,105635,114559,105536.59,113932.04,98.41,626.96,322.03,816.78,False,False,nan,True,0.7,nan,95.11,False,0,COLLECTING,0,,0,,,,,0,54,19,30,60,0.9997654724984255,0.17320508075688776
2026-08-31T22:59:19.666,128398921,P042,rhythm_normal,NORMAL,,,,452,418485,105545,114352,105536.76,113940.44,8.24,411.56,344.41,807.33,False,False,nan,True,0.7,nan,95.11,False,0,COLLECTING,0,,0,,,,,0,54,19,30,60,0.9997654724984255,0.24494897427831783
2026-08-31T22:59:19.681,128398937,P042,rhythm_normal,NORMAL,,,,453,418525,105167,113505,105529.36,113931.73,-362.36,-426.73,151.63,794.22,True,True,880.0,True,0.7,nan,95.11,False,0,COLLECTING,0,,0,,,,,0,54,19,30,60,0.9997654724984255,0.24494897427831783
2026-08-31T22:59:19.715,128398968,P042,rhythm_normal,NORMAL,,,,454,418565,104977,113063,105518.31,113914.35,-541.31,-851.35,-99.12,780.32,False,False,nan,True,0.7,nan,95.11,False,0,COLLECTING,0,,0,,,,,0,54,19,30,60,0.9997654724984255,0.24494897427831783
2026-08-31T22:59:19.730,128398984,P042,rhythm_normal,NORMAL,,,,455,418605,104940,112967,105506.75,113895.41,-566.75,-928.41,-306.44,770.84,False,False,nan,True,0.7,nan,95.11,False,0,COLLECTING,0,,0,,,,,0,54,19,30,60,0.9997654724984255,0.24494897427831783
2026-08-31T22:59:19.753,128399000,P042,rhythm_normal,NORMAL,,,,456,418645,104967,113024,105495.95,113877.98,-528.95,-853.98,-443.32,764.29,False,False,nan,True,0.7,nan,95.11,False,0,COLLECTING,0,,0,,,,,0,54,19,30,60,0.9997654724984255,0.24494897427831783
2026-08-31T22:59:19.853,128399109,P042,rhythm_normal,NORMAL,,,,457,418685,104981,113079,105485.66,113862.0,-504.66,-783.0,-528.24,759.57,False,False,nan,True,0.7,nan,95.11,False,0,COLLECTING,0,,0,,,,,1,54,19,30,60,0.9997654724984255,0.24494897427831783
2026-08-31T22:59:19.862,128399109,P042,rhythm_normal,NORMAL,,,,458,418725,105010,113155,105476.14,113847.86,-466.14,-692.86,-569.4,755.76,False,False,nan,True,0.7,nan,95.11,False,0,COLLECTING,0,,0,,,,,1,54,19,30,60,0.9997654724984255,0.24494897427831783
2026-08-31T22:59:19.887,128399140,P042,rhythm_normal,NORMAL,,,,459,418765,105041,113234,105467.44,113835.59,-426.44,-601.59,-577.44,752.2,False,False,nan,True,0.7,nan,95.11,False,0,COLLECTING,0,,0,,,,,1,54,19,30,60,0.9997654724984255,0.24494897427831783
2026-08-31T22:59:19.897,128399140,P042,rhythm_normal,NORMAL,,,,460,418805,105003,113173,105458.15,113822.34,-455.15,-649.34,-595.42,749.06,False,False,nan,True,0.7,nan,95.11,False,0,COLLECTING,0,,0,,,,,1,54,19,30,60,0.9997654724984255,0.24494897427831783
2026-08-31T22:59:19.931,128399187,P042,rhythm_normal,NORMAL,,,,461,418845,104971,113111,105448.41,113808.11,-477.41,-697.11,-620.84,746.5,False,False,nan,True,0.7,nan,93.91,False,0,COLLECTING,0,,0,,,,,1,54,19,30,60,0.9997654724984255,0.24494897427831783
2026-08-31T22:59:20.056,128399312,P042,rhythm_normal,NORMAL,,,,462,418885,104981,113152,105439.05,113794.98,-458.05,-642.98,-626.38,744.09,False,False,nan,True,0.7,nan,93.91,False,0,COLLECTING,0,,0,,,,,1,54,19,30,60,0.9997654724984255,0.24494897427831783
2026-08-31T22:59:20.074,128399328,P042,rhythm_normal,NORMAL,,,,463,418925,105035,113290,105430.98,113784.88,-395.98,-494.88,-593.5,741.08,False,False,nan,True,0.7,nan,93.91,False,0,COLLECTING,0,,0,,,,,1,54,19,30,60,0.9997654724984255,0.24494897427831783
2026-08-31T22:59:20.099,128399343,P042,rhythm_normal,NORMAL,,,,464,418965,105111,113466,105424.58,113778.51,-313.58,-312.51,-523.25,736.73,False,False,nan,True,0.7,nan,93.91,False,0,COLLECTING,0,,0,,,,,1,54,19,30,60,0.9997654724984255,0.24494897427831783
2026-08-31T22:59:20.110,128399359,P042,rhythm_normal,NORMAL,,,,465,419005,105174,113612,105419.57,113775.18,-245.57,-163.18,-433.24,730.66,False,False,nan,True,0.7,nan,93.91,False,0,COLLECTING,0,,0,,,,,1,54,19,30,60,0.9997654724984255,0.24494897427831783
2026-08-31T22:59:20.121,128399375,P042,rhythm_normal,NORMAL,,,,466,419045,105231,113746,105415.8,113774.59,-184.8,-28.59,-332.08,722.68,False,False,nan,True,0.7,nan,93.91,False,0,COLLECTING,0,,0,,,,,1,54,19,30,60,0.9997654724984255,0.24494897427831783
2026-08-31T22:59:20.261,128399515,P042,rhythm_normal,NORMAL,,,,467,419085,105266,113848,105412.8,113776.06,-146.8,71.94,-231.07,712.85,False,False,nan,True,0.7,nan,93.91,False,0,COLLECTING,0,,0,,,,,1,54,19,30,60,0.9995468973489938,0.17320508075688776
2026-08-31T22:59:20.284,128399531,P042,rhythm_normal,NORMAL,,,,468,419125,105294,113903,105410.43,113778.6,-116.43,124.4,-142.2,701.44,False,False,nan,True,0.7,nan,93.91,False,0,COLLECTING,0,,0,,,,,1,54,19,30,60,0.9995468973489938,0.17320508075688776
2026-08-31T22:59:20.289,128399546,P042,rhythm_normal,NORMAL,,,,469,419165,105334,113995,105408.9,113782.93,-74.9,212.07,-53.64,688.48,False,False,nan,True,0.7,nan,93.91,False,0,COLLECTING,0,,0,,,,,1,54,19,30,60,0.9995468973489938,0.17320508075688776
2026-08-31T22:59:20.299,128399546,P042,rhythm_normal,NORMAL,,,,470,419205,105359,114077,105407.9,113788.81,-48.9,288.19,31.82,675.35,False,False,nan,True,0.7,nan,93.91,False,0,COLLECTING,0,,0,,,,,1,54,19,30,60,0.9995468973489938,0.17320508075688776
2026-08-31T22:59:20.338,128399593,P042,rhythm_normal,NORMAL,,,,471,419245,105402,114170,105407.78,113796.44,-5.78,373.56,117.26,664.19,False,False,nan,True,0.7,nan,93.91,False,0,COLLECTING,0,,0,,,,,1,54,19,30,60,0.9995468973489938,0.17320508075688776
2026-08-31T22:59:20.448,128399703,P042,rhythm_normal,NORMAL,,,,472,419285,105467,114331,105408.97,113807.12,58.03,523.88,218.91,655.28,False,False,nan,True,0.7,nan,93.91,False,0,COLLECTING,0,,0,,,,,1,54,19,30,60,0.9997654724984255,0.17320508075688776
2026-08-31T22:59:20.476,128399734,P042,rhythm_normal,NORMAL,,,,473,419325,105542,114514,105411.63,113821.27,130.37,692.73,337.37,648.92,False,False,nan,True,0.7,nan,93.91,False,0,COLLECTING,0,,0,,,,,1,54,19,30,60,0.9997654724984255,0.17320508075688776
2026-08-31T22:59:20.496,128399750,P042,rhythm_normal,NORMAL,,,,474,419365,105553,114547,105414.46,113835.78,138.54,711.22,430.83,644.56,False,False,nan,True,0.7,nan,93.91,False,0,COLLECTING,0,,0,,,,,1,54,19,30,60,0.9997654724984255,0.17320508075688776
2026-08-31T22:59:20.514,128399765,P042,rhythm_normal,NORMAL,,,,475,419405,105185,113709,105409.88,113833.24,-224.88,-124.24,292.06,637.51,True,True,880.0,True,0.7,nan,93.91,False,0,COLLECTING,0,,0,,,,,1,54,19,30,60,0.9997654724984255,0.17320508075688776
2026-08-31T22:59:20.552,128399796,P042,rhythm_normal,NORMAL,,,,476,419445,104901,113051,105399.7,113817.59,-498.7,-766.59,27.4,625.31,False,False,nan,True,0.7,nan,93.91,False,0,COLLECTING,0,,0,,,,,1,54,19,30,60,0.9997654724984255,0.17320508075688776
2026-08-31T22:59:20.651,128399906,P042,rhythm_normal,NORMAL,,,,477,419485,104821,112870,105388.12,113798.64,-567.12,-928.64,-211.61,617.04,False,False,nan,True,0.7,nan,93.91,False,0,COLLECTING,0,,0,,,,,2,54,19,30,60,0.9997654724984255,0.24494897427831783
2026-08-31T22:59:20.685,128399937,P042,rhythm_normal,NORMAL,,,,478,419525,104857,112940,105377.5,113781.47,-520.5,-841.47,-369.08,612.08,False,False,nan,True,0.7,nan,93.91,False,0,COLLECTING,0,,0,,,,,2,54,19,30,60,0.9997654724984255,0.24494897427831783
2026-08-31T22:59:20.696,128399953,P042,rhythm_normal,NORMAL,,,,479,419565,104877,113006,105367.49,113765.96,-490.49,-759.96,-466.8,609.17,False,False,nan,True,0.7,nan,93.91,False,0,COLLECTING,0,,0,,,,,2,54,19,30,60,0.9997654724984255,0.24494897427831783
2026-08-31T22:59:20.711,128399968,P042,rhythm_normal,NORMAL,,,,480,419605,104899,113055,105358.12,113751.74,-459.12,-696.74,-524.28,607.47,False,False,nan,True,0.7,nan,93.91,False,0,COLLECTING,0,,0,,,,,2,54,19,30,60,0.9997654724984255,0.24494897427831783
2026-08-31T22:59:20.747,128400000,P042,rhythm_normal,NORMAL,,,,481,419645,104955,113188,105350.06,113740.47,-395.06,-552.47,-531.33,605.95,False,False,nan,True,0.7,nan,93.91,False,0,COLLECTING,0,,0,,,,,2,54,19,30,60,0.9997654724984255,0.24494897427831783
2026-08-31T22:59:20.858,128400109,P042,rhythm_normal,NORMAL,,,,482,419685,104941,113192,105341.88,113729.5,-400.88,-537.5,-532.87,604.49,False,False,nan,True,0.7,nan,93.91,False,0,COLLECTING,0,,0,,,,,2,54,19,30,60,0.9997654724984255,0.17320508075688776
2026-08-31T22:59:20.872,128400125,P042,rhythm_normal,NORMAL,,,,483,419725,104894,113104,105332.92,113716.99,-438.92,-612.99,-552.9,603.46,False,False,nan,True,0.7,nan,93.91,False,0,COLLECTING,0,,0,,,,,2,54,19,30,60,0.9997654724984255,0.17320508075688776
2026-08-31T22:59:20.886,128400140,P042,rhythm_normal,NORMAL,,,,484,419765,104889,113095,105324.05,113704.55,-435.05,-609.55,-567.07,602.73,False,False,nan,True,0.7,nan,93.91,False,0,COLLECTING,0,,0,,,,,2,54,19,30,60,0.9997654724984255,0.17320508075688776
2026-08-31T22:59:20.913,128400171,P042,rhythm_normal,NORMAL,,,,485,419805,104943,113232,105316.43,113695.1,-373.43,-463.1,-541.07,601.5,False,False,nan,True,0.7,nan,93.91,False,0,COLLECTING,0,,0,,,,,2,54,19,30,60,0.9997654724984255,0.17320508075688776
2026-08-31T22:59:20.938,128400187,P042,rhythm_normal,NORMAL,,,,486,419845,105014,113397,105310.38,113689.14,-296.38,-292.14,-478.84,599.04,False,False,nan,True,0.7,nan,93.91,False,0,COLLECTING,0,,0,,,,,2,54,19,30,60,0.9997654724984255,0.17320508075688776
2026-08-31T22:59:21.055,128400312,P042,rhythm_normal,NORMAL,,,,487,419885,105091,113578,105305.99,113686.91,-214.99,-108.91,-386.36,594.79,False,False,nan,True,0.7,nan,93.91,False,0,COLLECTING,0,,0,,,,,2,54,19,30,60,0.9997654724984255,0.17320508075688776
2026-08-31T22:59:21.072,128400328,P042,rhythm_normal,NORMAL,,,,488,419925,105156,113734,105302.99,113687.86,-146.99,46.14,-278.23,588.46,False,False,nan,True,0.7,nan,93.91,False,0,COLLECTING,0,,0,,,,,2,54,19,30,60,0.9997654724984255,0.17320508075688776
2026-08-31T22:59:21.093,128400343,P042,rhythm_normal,NORMAL,,,,489,419965,105195,113831,105300.84,113690.72,-105.84,140.28,-173.61,580.16,False,False,nan,True,0.7,nan,93.91,False,0,COLLECTING,0,,0,,,,,2,54,19,30,60,0.9997654724984255,0.17320508075688776
2026-08-31T22:59:21.117,128400375,P042,rhythm_normal,NORMAL,,,,490,420005,105224,113889,105299.3,113694.69,-75.3,194.31,-81.63,570.19,False,False,nan,True,0.7,nan,93.91,False,0,COLLECTING,0,,0,,,,,2,54,19,30,60,0.9997654724984255,0.17320508075688776
2026-08-31T22:59:21.142,128400390,P042,rhythm_normal,NORMAL,,,,491,420045,105244,113953,105298.19,113699.85,-54.19,253.15,2.07,558.83,False,False,nan,True,0.7,nan,93.91,False,0,COLLECTING,0,,0,,,,,2,54,19,30,60,0.9997654724984255,0.17320508075688776
2026-08-31T22:59:21.259,128400515,P042,rhythm_normal,NORMAL,,,,492,420085,105281,114012,105297.84,113706.09,-16.84,305.91,78.03,549.21,False,False,nan,True,0.7,nan,93.91,False,0,COLLECTING,0,,0,,,,,2,54,19,30,60,0.9997654724984255,0.17320508075688776
2026-08-31T22:59:21.279,128400531,P042,rhythm_normal,NORMAL,,,,493,420125,105315,114097,105298.19,113713.91,16.81,383.09,154.29,541.31,False,False,nan,True,0.7,nan,93.91,False,0,COLLECTING,0,,0,,,,,2,54,19,30,60,0.9997654724984255,0.17320508075688776
2026-08-31T22:59:21.289,128400546,P042,rhythm_normal,NORMAL,,,,494,420165,105359,114233,105299.41,113724.3,59.59,508.7,242.89,535.35,False,False,nan,True,0.7,nan,93.91,False,0,COLLECTING,0,,0,,,,,2,54,19,30,60,0.9997654724984255,0.17320508075688776
2026-08-31T22:59:21.302,128400546,P042,rhythm_normal,NORMAL,,,,495,420205,105440,114403,105302.22,113737.87,137.78,665.13,348.45,531.61,False,False,nan,True,0.7,nan,93.91,False,0,COLLECTING,0,,0,,,,,2,54,19,30,60,0.9997654724984255,0.17320508075688776
2026-08-31T22:59:21.333,128400578,P042,rhythm_normal,NORMAL,,,,496,420245,105489,114515,105305.95,113753.41,183.05,761.59,451.74,530.01,False,False,nan,True,0.7,nan,93.91,False,0,COLLECTING,0,,0,,,,,2,54,19,30,60,0.9997654724984255,0.17320508075688776
2026-08-31T22:59:21.458,128400703,P042,rhythm_normal,NORMAL,,,,497,420285,105248,113970,105304.8,113757.73,-56.8,212.27,391.87,527.25,True,True,880.0,True,1.0,68.18,93.91,True,0,COLLECTING,0,,0,,,,,2,54,19,30,60,0.9995468973489938,0.24494897427831783
2026-08-31T22:59:21.479,128400734,P042,rhythm_normal,NORMAL,,,,498,420325,104895,113161,105296.6,113745.8,-401.6,-584.8,147.7,519.66,False,False,nan,True,1.0,68.18,93.91,True,0,COLLECTING,0,,0,,,,,2,54,19,30,60,0.9995468973489938,0.24494897427831783
2026-08-31T22:59:21.488,128400734,P042,rhythm_normal,NORMAL,,,,499,420365,104776,112882,105286.19,113728.52,-510.19,-846.52,-100.85,511.28,False,False,nan,True,1.0,68.18,93.91,True,0,COLLECTING,0,,0,,,,,2,54,19,30,60,0.9995468973489938,0.24494897427831783
2026-08-31T22:59:21.500,128400750,P042,rhythm_normal,NORMAL,,,,500,420405,104801,112911,105276.48,113712.17,-475.48,-801.17,-275.93,506.57,False,False,nan,True,1.0,68.18,93.91,True,0,COLLECTING,0,,0,,,,,2,54,19,30,60,0.9995468973489938,0.24494897427831783
2026-08-31T22:59:21.522,128400765,P042,rhythm_normal,NORMAL,,,,501,420445,104835,113008,105267.66,113698.09,-432.66,-690.09,-379.47,504.03,False,False,nan,True,1.0,68.18,93.91,True,0,COLLECTING,0,,0,,,,,2,54,19,30,60,0.9995468973489938,0.24494897427831783
2026-08-31T22:59:21.649,128400906,P042,rhythm_normal,NORMAL,,,,502,420485,104848,113055,105259.27,113685.23,-411.27,-630.23,-442.16,502.79,False,False,nan,True,1.0,68.18,93.91,True,0,COLLECTING,0,,0,,,,,3,54,19,30,60,0.9995468973489938,0.17320508075688776
2026-08-31T22:59:21.675,128400921,P042,rhythm_normal,NORMAL,,,,503,420525,104900,113176,105252.08,113675.04,-352.08,-499.04,-456.38,501.87,False,False,nan,True,1.0,68.18,93.91,True,0,COLLECTING,0,,0,,,,,3,54,19,30,60,0.9995468973489938,0.17320508075688776
2026-08-31T22:59:21.684,128400937,P042,rhythm_normal,NORMAL,,,,504,420565,104908,113220,105245.2,113665.94,-337.2,-445.94,-453.77,500.9,False,False,nan,True,1.0,68.18,93.91,True,0,COLLECTING,0,,0,,,,,3,54,19,30,60,0.9995468973489938,0.17320508075688776
2026-08-31T22:59:21.709,128400953,P042,rhythm_normal,NORMAL,,,,505,420605,104865,113131,105237.59,113655.24,-372.59,-524.24,-471.39,500.31,False,False,nan,True,1.0,68.18,93.91,True,0,COLLECTING,0,,0,,,,,3,54,19,30,60,0.9995468973489938,0.17320508075688776
2026-08-31T22:59:21.732,128400984,P042,rhythm_normal,NORMAL,,,,506,420645,104853,113107,105229.9,113644.28,-376.9,-537.28,-487.86,500.06,False,False,nan,True,1.0,68.18,93.91,True,0,COLLECTING,0,,0,,,,,3,54,19,30,60,0.9995468973489938,0.17320508075688776
2026-08-31T22:59:21.883,128401140,P042,rhythm_normal,NORMAL,,,,507,420685,104886,113212,105223.02,113635.63,-337.02,-423.63,-471.8,499.5,False,False,nan,True,1.0,68.18,93.91,True,0,COLLECTING,0,,0,,,,,3,54,19,30,60,0.9997654724984255,0.24494897427831783
2026-08-31T22:59:21.893,128401140,P042,rhythm_normal,NORMAL,,,,508,420725,104958,113418,105217.73,113631.28,-259.73,-213.28,-407.17,497.65,False,False,nan,True,1.0,68.18,93.91,True,0,COLLECTING,0,,0,,,,,3,54,19,30,60,0.9997654724984255,0.24494897427831783
2026-08-31T22:59:21.900,128401156,P042,rhythm_normal,NORMAL,,,,509,420765,105060,113650,105214.57,113631.66,-154.57,18.34,-300.79,493.72,False,False,nan,True,1.0,68.18,93.91,True,0,COLLECTING,0,,0,,,,,3,54,19,30,60,0.9997654724984255,0.24494897427831783
2026-08-31T22:59:21.923,128401171,P042,rhythm_normal,NORMAL,,,,510,420805,105141,113860,105213.1,113636.23,-72.1,223.77,-169.65,487.23,False,False,nan,True,1.0,68.18,93.91,True,0,COLLECTING,0,,0,,,,,3,54,19,30,60,0.9997654724984255,0.24494897427831783
2026-08-31T22:59:21.946,128401203,P042,rhythm_normal,NORMAL,,,,511,420855,105207,113994,105212.98,113643.38,-5.98,350.62,-39.58,478.28,False,False,nan,True,1.0,68.18,93.91,True,0,COLLECTING,0,,0,,,,,3,54,19,30,60,0.9997654724984255,0.24494897427831783
2026-08-31T22:59:22.048,128401296,P042,rhythm_normal,NORMAL,,,,512,420885,105250,114112,105213.72,113652.76,36.28,459.24,85.12,470.42,False,False,nan,True,1.0,68.18,93.91,True,0,COLLECTING,0,,0,,,,,3,54,19,30,60,0.9997654724984255,0.24494897427831783
2026-08-31T22:59:22.071,128401328,P042,rhythm_normal,NORMAL,,,,513,420925,105288,114220,105215.2,113664.1,72.8,555.9,202.82,465.07,False,False,nan,True,1.0,68.18,93.91,True,0,COLLECTING,0,,0,,,,,3,54,19,30,60,0.9997654724984255,0.24494897427831783
2026-08-31T22:59:22.080,128401328,P042,rhythm_normal,NORMAL,,,,514,420975,105317,114222,105217.24,113675.26,99.76,546.74,288.8,461.54,False,False,nan,True,1.0,68.18,93.91,True,0,COLLECTING,0,,0,,,,,3,54,19,30,60,0.9997654724984255,0.24494897427831783
2026-08-31T22:59:22.105,128401359,P042,rhythm_normal,NORMAL,,,,515,421015,105364,114379,105220.18,113689.34,143.82,689.66,389.01,460.09,False,False,nan,True,1.0,68.18,93.91,True,0,COLLECTING,0,,0,,,,,3,54,19,30,60,0.9997654724984255,0.24494897427831783
2026-08-31T22:59:22.132,128401390,P042,rhythm_normal,NORMAL,,,,516,421055,105416,114483,105224.09,113705.21,191.91,777.79,486.21,460.61,False,False,nan,True,1.0,68.18,93.91,True,0,COLLECTING,0,,0,,,,,3,54,19,30,60,0.9997654724984255,0.24494897427831783
2026-08-31T22:59:22.243,128401500,P042,rhythm_normal,NORMAL,,,,517,421095,105494,114650,105229.49,113724.11,264.51,925.89,596.13,463.32,False,False,nan,True,1.0,68.18,93.91,True,0,COLLECTING,0,,0,,,,,3,54,19,30,60,0.9997654724984255,0.17320508075688776
2026-08-31T22:59:22.266,128401515,P042,rhythm_normal,NORMAL,,,,518,421135,105551,114807,105235.92,113745.77,315.08,1061.23,712.41,468.3,False,False,nan,True,1.0,68.18,93.91,True,0,COLLECTING,0,,0,,,,,3,54,19,30,60,0.9997654724984255,0.17320508075688776
2026-08-31T22:59:22.291,128401546,P042,rhythm_normal,NORMAL,,,,519,421175,105286,114269,105236.92,113756.23,49.08,512.77,662.5,472.19,True,True,890.0,True,0.9958,68.18,93.91,True,0,COLLECTING,0,,0,,,,,3,54,19,30,60,0.9997654724984255,0.17320508075688776
2026-08-31T22:59:22.300,128401546,P042,rhythm_normal,NORMAL,,,,520,421215,104916,113352,105230.5,113748.14,-314.5,-396.14,397.84,470.7,False,False,nan,True,0.9958,68.18,93.91,True,0,COLLECTING,0,,0,,,,,3,54,19,30,60,0.9997654724984255,0.17320508075688776
2026-08-31T22:59:22.320,128401578,P042,rhythm_normal,NORMAL,,,,521,421255,104808,113087,105222.05,113734.91,-414.05,-647.91,136.4,464.02,False,False,nan,True,0.9958,68.18,93.91,True,0,COLLECTING,0,,0,,,,,3,54,19,30,60,0.9997654724984255,0.17320508075688776
2026-08-31T22:59:22.445,128401703,P042,rhythm_normal,NORMAL,,,,522,421295,104817,113134,105213.95,113722.9,-396.95,-588.9,-44.92,455.63,False,False,nan,True,0.9958,68.18,93.91,True,0,COLLECTING,0,,0,,,,,4,54,19,30,60,0.9997654724984255,0.24494897427831783
2026-08-31T22:59:22.467,128401718,P042,rhythm_normal,NORMAL,,,,523,421335,104872,113272,105207.11,113713.88,-335.11,-441.88,-144.16,449.4,False,False,nan,True,0.9958,68.18,93.91,True,0,COLLECTING,0,,0,,,,,4,54,19,30,60,0.9997654724984255,0.24494897427831783
2026-08-31T22:59:22.478,128401734,P042,rhythm_normal,NORMAL,,,,524,421375,104907,113330,105201.11,113706.2,-294.11,-376.2,-202.17,444.46,False,False,nan,True,0.9958,68.18,93.91,True,0,COLLECTING,0,,0,,,,,4,54,19,30,60,0.9997654724984255,0.24494897427831783
2026-08-31T22:59:22.487,128401734,P042,rhythm_normal,NORMAL,,,,525,421415,104962,113544,105196.33,113702.96,-234.33,-158.96,-191.37,439.4,False,False,nan,True,0.9958,68.18,93.91,True,0,COLLECTING,0,,0,,,,,4,54,19,30,60,0.9997654724984255,0.24494897427831783
2026-08-31T22:59:22.521,128401765,P042,rhythm_normal,NORMAL,,,,526,421455,104948,113503,105191.36,113698.96,-243.36,-195.96,-192.52,434.46,False,False,nan,True,0.9958,68.18,93.91,True,0,COLLECTING,0,,0,,,,,4,54,19,30,60,0.9997654724984255,0.24494897427831783
2026-08-31T22:59:22.644,128401890,P042,rhythm_normal,NORMAL,,,,527,421495,104895,113400,105185.43,113692.98,-290.43,-292.98,-217.63,430.12,False,False,nan,True,0.9958,68.18,93.91,True,0,COLLECTING,0,,0,,,,,4,54,19,30,60,0.9997654724984255,0.24494897427831783
2026-08-31T22:59:22.662,128401921,P042,rhythm_normal,NORMAL,,,,528,421535,104877,113392,105179.26,113686.96,-302.26,-294.96,-236.97,426.26,False,False,nan,True,0.9958,68.18,93.91,True,0,COLLECTING,0,,0,,,,,4,54,19,30,60,0.9997654724984255,0.24494897427831783
2026-08-31T22:59:22.670,128401921,P042,rhythm_normal,NORMAL,,,,529,421575,104944,113562,105174.55,113684.46,-230.55,-122.46,-208.34,421.9,False,False,nan,True,0.9958,68.18,93.91,True,0,COLLECTING,0,,0,,,,,4,54,19,30,60,0.9997654724984255,0.24494897427831783
2026-08-31T22:59:22.687,128401937,P042,rhythm_normal,NORMAL,,,,530,421615,105057,113892,105172.2,113688.61,-115.2,203.39,-105.41,415.57,False,False,nan,True,0.9958,68.18,93.91,True,0,COLLECTING,0,,0,,,,,4,54,19,30,60,0.9997654724984255,0.24494897427831783
2026-08-31T22:59:22.720,128401968,P042,rhythm_normal,NORMAL,,,,531,421655,105143,114076,105171.62,113696.36,-28.62,379.64,15.85,407.58,False,False,nan,True,0.9958,68.18,93.91,True,0,COLLECTING,0,,0,,,,,4,54,19,30,60,0.9997654724984255,0.24494897427831783
2026-08-31T22:59:22.848,128402093,P042,rhythm_normal,NORMAL,,,,532,421695,105217,114273,105172.52,113707.89,44.48,565.11,153.17,402.49,False,False,nan,True,0.9958,68.18,93.91,True,0,COLLECTING,0,,0,,,,,4,54,19,30,60,0.9997654724984255,0.24494897427831783
2026-08-31T22:59:22.863,128402109,P042,rhythm_normal,NORMAL,,,,533,421735,105276,114397,105174.59,113721.67,101.41,675.33,283.71,400.11,False,False,nan,True,0.9958,68.18,93.91,True,0,COLLECTING,0,,0,,,,,4,54,19,30,60,0.9997654724984255,0.24494897427831783
2026-08-31T22:59:22.873,128402125,P042,rhythm_normal,NORMAL,,,,534,421775,105298,114519,105177.06,113737.62,120.94,781.38,408.13,400.27,False,False,nan,True,0.9958,68.18,93.91,True,0,COLLECTING,0,,0,,,,,4,54,19,30,60,0.9997654724984255,0.24494897427831783
2026-08-31T22:59:22.896,128402140,P042,rhythm_normal,NORMAL,,,,535,421815,105330,114533,105180.12,113753.52,149.88,779.48,500.96,402.29,False,False,nan,True,0.9958,68.18,93.91,True,0,COLLECTING,0,,0,,,,,4,54,19,30,60,0.9997654724984255,0.24494897427831783
2026-08-31T22:59:22.921,128402171,P042,rhythm_normal,NORMAL,,,,536,421855,105321,114676,105182.95,113771.98,138.05,904.02,601.73,406.28,False,False,nan,True,0.9958,68.18,93.91,True,0,COLLECTING,0,,0,,,,,4,54,19,30,60,0.9997654724984255,0.24494897427831783
2026-08-31T22:59:23.043,128402296,P042,rhythm_normal,NORMAL,,,,537,421895,105368,114832,105186.65,113793.18,181.35,1038.82,711.0,412.37,False,False,nan,True,0.9958,68.18,93.91,True,0,COLLECTING,0,,0,,,,,4,54,19,30,60,0.9997654724984255,0.17320508075688776
2026-08-31T22:59:23.055,128402312,P042,rhythm_normal,NORMAL,,,,538,421935,105456,115034,105192.04,113817.99,263.96,1216.01,837.25,420.87,False,False,nan,True,0.9958,68.18,93.91,True,0,COLLECTING,0,,0,,,,,4,54,19,30,60,0.9997654724984255,0.17320508075688776
2026-08-31T22:59:23.078,128402328,P042,rhythm_normal,NORMAL,,,,539,421975,105461,114949,105197.42,113840.61,263.58,1108.39,905.04,430.55,False,False,nan,True,0.9958,68.18,93.91,True,0,COLLECTING,0,,0,,,,,4,54,19,30,60,0.9997654724984255,0.17320508075688776
2026-08-31T22:59:23.086,128402343,P042,rhythm_normal,NORMAL,,,,540,422015,105011,113942,105193.7,113842.64,-182.7,99.36,703.62,436.01,True,True,840.0,True,0.9829,68.18,93.91,True,0,COLLECTING,0,,0,,,,,4,54,19,30,60,0.9997654724984255,0.17320508075688776
2026-08-31T22:59:23.119,128402375,P042,rhythm_normal,NORMAL,,,,541,422055,104816,113503,105186.14,113835.85,-370.14,-332.85,444.5,436.18,False,False,nan,True,0.9829,68.18,93.91,True,0,COLLECTING,0,,0,,,,,4,54,19,30,60,0.9997654724984255,0.17320508075688776
2026-08-31T22:59:23.245,128402500,P042,rhythm_normal,NORMAL,,,,542,422095,104811,113477,105178.64,113828.67,-367.64,-351.67,245.46,432.37,False,False,nan,True,0.9829,68.18,93.91,True,0,COLLECTING,0,,0,,,,,5,54,19,30,60,0.9997654724984255,0.24494897427831783
2026-08-31T22:59:23.257,128402515,P042,rhythm_normal,NORMAL,,,,543,422135,104914,113768,105173.35,113827.46,-259.35,-59.46,169.23,427.11,False,False,nan,True,0.9829,68.18,93.91,True,0,COLLECTING,0,,0,,,,,5,54,19,30,60,0.9997654724984255,0.24494897427831783
2026-08-31T22:59:23.278,128402531,P042,rhythm_normal,NORMAL,,,,544,422175,104990,113959,105169.69,113830.09,-179.69,128.91,159.15,421.75,False,False,nan,True,0.9829,68.18,93.91,True,0,COLLECTING,0,,0,,,,,5,54,19,30,60,0.9997654724984255,0.24494897427831783
2026-08-31T22:59:23.287,128402531,P042,rhythm_normal,NORMAL,,,,545,422215,105143,114287,105169.16,113839.23,-26.16,447.77,231.3,417.94,False,False,nan,True,0.9829,68.18,93.91,True,0,COLLECTING,0,,0,,,,,5,54,19,30,60,0.9997654724984255,0.24494897427831783
2026-08-31T22:59:23.319,128402562,P042,rhythm_normal,NORMAL,,,,546,422255,105152,114333,105168.81,113849.11,-16.81,483.89,294.45,415.47,False,False,nan,True,0.9829,68.18,93.91,True,0,COLLECTING,0,,0,,,,,5,54,19,30,60,0.9997654724984255,0.24494897427831783
2026-08-31T22:59:23.449,128402703,P042,rhythm_normal,NORMAL,,,,547,422295,105059,114155,105166.62,113855.23,-107.62,299.77,295.78,413.07,False,False,nan,True,0.9829,68.18,93.91,True,0,COLLECTING,0,,0,,,,,5,54,19,30,60,0.9995468973489938,0.24494897427831783
2026-08-31T22:59:23.469,128402718,P042,rhythm_normal,NORMAL,,,,548,422335,104979,113976,105162.87,113857.64,-183.87,118.36,251.43,409.84,True,False,nan,True,0.9829,68.18,93.91,True,0,COLLECTING,0,,0,,,,,5,54,19,30,60,0.9995468973489938,0.24494897427831783
2026-08-31T22:59:23.481,128402734,P042,rhythm_normal,NORMAL,,,,549,422375,105094,114116,105161.49,113862.8,-67.49,253.2,251.87,406.68,False,False,nan,True,0.9829,68.18,93.91,True,0,COLLECTING,0,,0,,,,,5,54,19,30,60,0.9995468973489938,0.24494897427831783
2026-08-31T22:59:23.499,128402750,P042,rhythm_normal,NORMAL,,,,550,422415,105178,114386,105161.82,113873.27,16.18,512.73,317.08,404.89,False,False,nan,True,0.9829,68.18,93.91,True,0,COLLECTING,0,,0,,,,,5,54,19,30,60,0.9995468973489938,0.24494897427831783
2026-08-31T22:59:23.521,128402765,P042,rhythm_normal,NORMAL,,,,551,422455,105369,114764,105165.96,113891.08,203.04,872.92,456.04,405.91,False,False,nan,True,0.9829,68.18,93.91,True,0,COLLECTING,0,,0,,,,,5,54,19,30,60,0.9995468973489938,0.24494897427831783
2026-08-31T22:59:23.640,128402890,P042,rhythm_normal,NORMAL,,,,552,422495,105606,115252,105174.76,113918.3,431.24,1333.7,675.46,411.3,False,False,nan,True,0.9829,68.18,93.91,True,0,COLLECTING,0,,0,,,,,5,54,19,30,60,0.9997654724984255,0.17320508075688776
2026-08-31T22:59:23.660,128402906,P042,rhythm_normal,NORMAL,,,,553,422535,105835,115740,105187.96,113954.73,647.04,1785.27,952.91,422.14,False,False,nan,True,0.9829,68.18,93.91,True,0,COLLECTING,0,,0,,,,,5,54,19,30,60,0.9997654724984255,0.17320508075688776
2026-08-31T22:59:23.666,128402921,P042,rhythm_normal,NORMAL,,,,554,422575,106011,116199,105204.42,113999.62,806.58,2199.38,1264.53,438.98,False,False,nan,True,0.9829,68.18,93.91,True,0,COLLECTING,0,,0,,,,,5,54,19,30,60,0.9997654724984255,0.17320508075688776
2026-08-31T22:59:23.688,128402937,P042,rhythm_normal,NORMAL,,,,555,422615,106128,116583,105222.89,114051.28,905.11,2531.72,1581.33,461.83,False,False,nan,True,0.9829,68.18,93.91,True,0,COLLECTING,0,,0,,,,,5,54,19,30,60,0.9997654724984255,0.17320508075688776
2026-08-31T22:59:23.721,128402968,P042,rhythm_normal,NORMAL,,,,556,422655,106309,116927,105244.61,114108.8,1064.39,2818.2,1890.55,490.41,False,False,nan,True,0.9829,68.18,93.91,True,0,COLLECTING,0,,0,,,,,5,54,19,30,60,0.9997654724984255,0.17320508075688776
2026-08-31T22:59:23.843,128403093,P042,rhythm_normal,NORMAL,,,,557,422695,106413,117291,105267.98,114172.44,1145.02,3118.56,2197.55,524.55,False,False,nan,True,0.9829,68.18,93.91,True,0,COLLECTING,0,,0,,,,,5,54,19,30,60,0.9997654724984255,0.24494897427831783
2026-08-31T22:59:23.863,128403109,P042,rhythm_normal,NORMAL,,,,558,422735,106515,117524,105292.91,114239.47,1222.09,3284.53,2469.29,563.44,False,False,nan,True,0.9829,68.18,93.91,True,0,COLLECTING,0,,0,,,,,5,54,19,30,60,0.9997654724984255,0.24494897427831783
2026-08-31T22:59:23.883,128403140,P042,rhythm_normal,NORMAL,,,,559,422775,106562,117689,105318.3,114308.46,1243.7,3380.54,2697.11,606.12,False,False,nan,True,0.9829,68.18,93.91,True,0,COLLECTING,0,,0,,,,,5,54,19,30,60,0.9997654724984255,0.24494897427831783
2026-08-31T22:59:23.890,128403140,P042,rhythm_normal,NORMAL,,,,560,422815,106437,117332,105340.67,114368.93,1096.33,2963.07,2763.6,649.27,False,False,nan,True,0.9829,68.18,93.91,True,0,COLLECTING,0,,0,,,,,5,54,19,30,60,0.9997654724984255,0.24494897427831783
2026-08-31T22:59:23.919,128403171,P042,rhythm_normal,NORMAL,,,,561,422855,105541,115070,105344.68,114382.95,196.32,687.05,2244.46,681.17,True,True,840.0,True,0.9799,68.18,99.94,True,0,COLLECTING,0,,0,,,,,5,54,19,30,60,0.9997654724984255,0.24494897427831783
2026-08-31T22:59:24.042,128403296,P042,rhythm_normal,NORMAL,,,,562,422895,105087,113983,105339.52,114374.95,-252.52,-391.95,1585.36,699.25,False,False,nan,True,0.9799,68.18,99.94,True,0,COLLECTING,0,,0,,,,,6,54,19,30,60,0.9995468973489938,0.17320508075688776
2026-08-31T22:59:24.062,128403312,P042,rhythm_normal,NORMAL,,,,563,422935,105135,113957,105335.43,114366.59,-200.43,-409.59,1086.62,707.0,False,False,nan,True,0.9799,68.18,99.94,True,0,COLLECTING,0,,0,,,,,6,54,19,30,60,0.9995468973489938,0.17320508075688776
2026-08-31T22:59:24.070,128403328,P042,rhythm_normal,NORMAL,,,,564,422975,105109,113971,105330.9,114358.68,-221.9,-387.68,718.04,707.22,False,False,nan,True,0.9799,68.18,99.94,True,0,COLLECTING,0,,0,,,,,6,54,19,30,60,0.9995468973489938,0.17320508075688776
2026-08-31T22:59:24.088,128403343,P042,rhythm_normal,NORMAL,,,,565,423015,105149,113982,105327.26,114351.15,-178.26,-369.15,446.25,702.0,False,False,nan,True,0.9799,68.18,99.94,True,0,COLLECTING,0,,0,,,,,6,54,19,30,60,0.9995468973489938,0.17320508075688776
2026-08-31T22:59:24.118,128403375,P042,rhythm_normal,NORMAL,,,,566,423055,105193,114144,105324.57,114347.01,-131.57,-203.01,283.93,693.64,False,False,nan,True,0.9799,68.18,99.94,True,0,COLLECTING,0,,0,,,,,6,54,19,30,60,0.9995468973489938,0.17320508075688776
2026-08-31T22:59:24.244,128403500,P042,rhythm_normal,NORMAL,,,,567,423095,105227,114054,105322.62,114341.15,-95.62,-287.15,141.16,682.59,False,False,nan,True,0.9799,68.18,99.94,True,0,COLLECTING,0,,0,,,,,6,54,19,30,60,0.9995468973489938,0.24494897427831783
2026-08-31T22:59:24.264,128403515,P042,rhythm_normal,NORMAL,,,,568,423135,105103,113821,105318.23,114330.74,-215.23,-509.74,-21.56,669.37,False,False,nan,True,0.9799,68.18,99.94,True,0,COLLECTING,0,,0,,,,,6,54,19,30,60,0.9995468973489938,0.24494897427831783
2026-08-31T22:59:24.283,128403531,P042,rhythm_normal,NORMAL,,,,569,423175,105117,113712,105314.2,114318.37,-197.2,-606.37,-167.76,659.34,False,False,nan,True,0.9799,68.18,99.94,True,0,COLLECTING,0,,0,,,,,6,54,19,30,60,0.9995468973489938,0.24494897427831783
2026-08-31T22:59:24.293,128403546,P042,rhythm_normal,NORMAL,,,,570,423215,105116,113736,105310.24,114306.72,-194.24,-570.72,-268.5,651.52,False,False,nan,True,0.9799,68.18,99.94,True,0,COLLECTING,0,,0,,,,,6,54,19,30,60,0.9995468973489938,0.24494897427831783
2026-08-31T22:59:24.319,128403578,P042,rhythm_normal,NORMAL,,,,571,423255,105177,113810,105307.58,114296.78,-130.58,-486.78,-323.07,644.95,False,False,nan,True,0.9799,68.18,99.94,True,0,COLLECTING,0,,0,,,,,6,54,19,30,60,0.9995468973489938,0.24494897427831783
2026-08-31T22:59:24.443,128403687,P042,rhythm_normal,NORMAL,,,,572,423295,105239,113876,105306.2,114288.37,-67.2,-412.37,-345.4,638.96,False,False,nan,True,0.9799,68.18,99.94,True,0,COLLECTING,0,,0,,,,,6,54,19,30,60,0.9997654724984255,0.24494897427831783
2026-08-31T22:59:24.460,128403718,P042,rhythm_normal,NORMAL,,,,573,423335,105281,114008,105305.7,114282.76,-24.7,-274.76,-327.74,632.74,False,False,nan,True,0.9799,68.18,99.94,True,0,COLLECTING,0,,0,,,,,6,54,19,30,60,0.9997654724984255,0.24494897427831783
2026-08-31T22:59:24.482,128403734,P042,rhythm_normal,NORMAL,,,,574,423375,105347,114166,105306.52,114280.42,40.48,-114.42,-274.41,625.57,False,False,nan,True,0.9799,68.18,99.94,True,0,COLLECTING,0,,0,,,,,6,54,19,30,60,0.9997654724984255,0.24494897427831783
2026-08-31T22:59:24.498,128403750,P042,rhythm_normal,NORMAL,,,,575,423415,105402,114315,105308.43,114281.12,93.57,33.88,-197.34,617.01,False,False,nan,True,0.9799,68.18,99.94,True,0,COLLECTING,0,,0,,,,,6,54,19,30,60,0.9997654724984255,0.24494897427831783
2026-08-31T22:59:24.521,128403765,P042,rhythm_normal,NORMAL,,,,576,423455,105471,114499,105311.68,114285.48,159.32,213.52,-94.62,606.56,False,False,nan,True,0.9799,68.18,99.94,True,0,COLLECTING,0,,0,,,,,6,54,19,30,60,0.9997654724984255,0.24494897427831783
2026-08-31T22:59:24.644,128403890,P042,rhythm_normal,NORMAL,,,,577,423495,105513,114658,105315.7,114292.93,197.3,365.07,20.3,594.83,False,False,nan,True,0.9799,68.18,99.94,True,0,COLLECTING,0,,0,,,,,6,54,19,30,60,0.9997654724984255,0.17320508075688776
2026-08-31T22:59:24.663,128403921,P042,rhythm_normal,NORMAL,,,,578,423535,105602,114844,105321.43,114303.95,280.57,540.05,150.24,585.94,False,False,nan,True,0.9799,68.18,99.94,True,0,COLLECTING,0,,0,,,,,6,54,19,30,60,0.9997654724984255,0.17320508075688776
2026-08-31T22:59:24.671,128403921,P042,rhythm_normal,NORMAL,,,,579,423575,105717,115118,105329.34,114320.23,387.66,797.77,312.12,580.46,False,False,nan,True,0.9799,68.18,99.94,True,0,COLLECTING,0,,0,,,,,6,54,19,30,60,0.9997654724984255,0.17320508075688776
2026-08-31T22:59:24.689,128403937,P042,rhythm_normal,NORMAL,,,,580,423615,105808,115380,105338.91,114341.43,469.09,1038.57,493.73,578.73,False,False,nan,True,0.9799,68.18,99.94,True,0,COLLECTING,0,,0,,,,,6,54,19,30,60,0.9997654724984255,0.17320508075688776
2026-08-31T22:59:24.719,128403968,P042,rhythm_normal,NORMAL,,,,581,423655,105836,115420,105348.86,114363.0,487.14,1057.0,634.55,579.85,False,False,nan,True,0.9799,68.18,99.94,True,0,COLLECTING,0,,0,,,,,6,54,19,30,60,0.9997654724984255,0.17320508075688776
2026-08-31T22:59:24.868,128404125,P042,rhythm_normal,NORMAL,,,,582,423695,105385,114381,105349.59,114363.36,35.41,17.64,480.32,577.86,True,True,840.0,True,0.9789,68.18,99.94,True,0,COLLECTING,0,,0,,,,,6,54,19,30,60,0.9997654724984255,0.24494897427831783
2026-08-31T22:59:24.876,128404125,P042,rhythm_normal,NORMAL,,,,583,423735,105010,113468,105342.8,114345.45,-332.8,-877.45,140.88,569.12,False,False,nan,True,0.9789,68.18,99.94,True,0,COLLECTING,0,,0,,,,,6,54,19,30,60,0.9997654724984255,0.24494897427831783
2026-08-31T22:59:24.883,128404140,P042,rhythm_normal,NORMAL,,,,584,423775,104924,113237,105334.42,114323.28,-410.42,-1086.28,-165.91,561.05,False,False,nan,True,0.9789,68.18,99.94,True,0,COLLECTING,0,,0,,,,,6,54,19,30,60,0.9997654724984255,0.24494897427831783
2026-08-31T22:59:24.899,128404156,P042,rhythm_normal,NORMAL,,,,585,423815,104954,113256,105326.81,114301.94,-372.81,-1045.94,-385.92,557.55,False,False,nan,True,0.9789,68.18,99.94,True,0,COLLECTING,0,,0,,,,,6,54,19,30,60,0.9997654724984255,0.24494897427831783
2026-08-31T22:59:24.922,128404171,P042,rhythm_normal,NORMAL,,,,586,423855,104979,113353,105319.86,114282.96,-340.86,-929.96,-521.93,556.84,False,False,nan,True,0.9789,68.18,99.94,True,0,COLLECTING,0,,0,,,,,6,54,19,30,60,0.9997654724984255,0.24494897427831783
2026-08-31T22:59:25.041,128404296,P042,rhythm_normal,NORMAL,,,,587,423895,105013,113508,105313.72,114267.46,-300.72,-759.46,-581.31,557.33,False,False,nan,True,0.9789,68.18,99.94,True,0,COLLECTING,0,,0,,,,,7,54,19,30,60,0.9997654724984255,0.17320508075688776
2026-08-31T22:59:25.063,128404312,P042,rhythm_normal,NORMAL,,,,588,423935,105088,113740,105309.2,114256.91,-221.2,-516.91,-565.21,557.48,False,False,nan,True,0.9789,68.18,99.94,True,0,COLLECTING,0,,0,,,,,7,54,19,30,60,0.9997654724984255,0.17320508075688776
2026-08-31T22:59:25.090,128404343,P042,rhythm_normal,NORMAL,,,,589,423975,105096,113794,105304.94,114247.66,-208.94,-453.66,-537.32,557.08,False,False,nan,True,0.9789,68.18,99.94,True,0,COLLECTING,0,,0,,,,,7,54,19,30,60,0.9997654724984255,0.17320508075688776
2026-08-31T22:59:25.099,128404343,P042,rhythm_normal,NORMAL,,,,590,424015,105068,113751,105300.2,114237.73,-232.2,-486.73,-524.67,556.43,False,False,nan,True,0.9789,68.18,99.94,True,0,COLLECTING,0,,0,,,,,7,54,19,30,60,0.9997654724984255,0.17320508075688776
2026-08-31T22:59:25.131,128404375,P042,rhythm_normal,NORMAL,,,,591,424055,105073,113749,105295.65,114227.95,-222.65,-478.95,-513.24,555.57,False,False,nan,True,0.9789,68.18,99.94,True,0,COLLECTING,0,,0,,,,,7,54,19,30,60,0.9997654724984255,0.17320508075688776
2026-08-31T22:59:25.251,128404500,P042,rhythm_normal,NORMAL,,,,592,424095,105106,113879,105291.86,114220.98,-185.86,-341.98,-470.43,553.87,False,False,nan,True,0.9789,68.18,99.94,True,0,COLLECTING,0,,0,,,,,7,54,19,30,60,0.9997654724984255,0.17320508075688776
2026-08-31T22:59:25.260,128404515,P042,rhythm_normal,NORMAL,,,,593,424135,105187,114143,105289.77,114219.41,-102.77,-76.41,-371.92,550.23,False,False,nan,True,0.9789,68.18,99.94,True,0,COLLECTING,0,,0,,,,,7,54,19,30,60,0.9997654724984255,0.17320508075688776
2026-08-31T22:59:25.284,128404531,P042,rhythm_normal,NORMAL,,,,594,424175,105304,114507,105290.05,114225.16,13.95,281.84,-208.48,543.39,False,False,nan,True,0.9789,68.18,99.94,True,0,COLLECTING,0,,0,,,,,7,54,19,30,60,0.9997654724984255,0.17320508075688776
2026-08-31T22:59:25.290,128404546,P042,rhythm_normal,NORMAL,,,,595,424215,105443,114899,105293.11,114238.64,149.89,660.36,8.73,532.7,False,False,nan,True,0.9789,68.18,99.94,True,0,COLLECTING,0,,0,,,,,7,54,19,30,60,0.9997654724984255,0.17320508075688776
2026-08-31T22:59:25.326,128404578,P042,rhythm_normal,NORMAL,,,,596,424255,105578,115283,105298.8,114259.53,279.2,1023.47,262.41,527.29,False,False,nan,True,0.9789,68.18,99.94,True,0,COLLECTING,0,,0,,,,,7,54,19,30,60,0.9997654724984255,0.17320508075688776
2026-08-31T22:59:25.454,128404703,P042,rhythm_normal,NORMAL,,,,597,424295,105738,115708,105307.59,114288.5,430.41,1419.5,551.68,527.78,False,False,nan,True,0.9789,68.18,99.94,True,0,COLLECTING,0,,0,,,,,7,54,19,30,60,0.9997654724984255,0.24494897427831783
2026-08-31T22:59:25.467,128404718,P042,rhythm_normal,NORMAL,,,,598,424335,105881,116071,105319.05,114324.15,561.95,1746.85,850.48,534.24,False,False,nan,True,0.9789,68.18,99.94,True,0,COLLECTING,0,,0,,,,,7,54,19,30,60,0.9997654724984255,0.24494897427831783
2026-08-31T22:59:25.481,128404734,P042,rhythm_normal,NORMAL,,,,599,424375,106019,116397,105333.05,114365.6,685.95,2031.4,1145.71,546.47,False,False,nan,True,0.9789,68.18,99.94,True,0,COLLECTING,0,,0,,,,,7,54,19,30,60,0.9997654724984255,0.24494897427831783
2026-08-31T22:59:25.504,128404750,P042,rhythm_normal,NORMAL,,,,600,424415,106121,116650,105348.81,114411.29,772.19,2238.71,1418.96,563.91,False,False,nan,True,0.9789,68.18,99.94,True,0,COLLECTING,0,,0,,,,,7,54,19,30,60,0.9997654724984255,0.24494897427831783
2026-08-31T22:59:25.536,128404781,P042,rhythm_normal,NORMAL,,,,601,424455,106272,116989,105367.27,114462.84,904.73,2526.16,1695.76,586.55,False,False,nan,True,0.9789,68.18,99.94,True,0,COLLECTING,0,,0,,,,,7,54,19,30,60,0.9997654724984255,0.24494897427831783
2026-08-31T22:59:25.654,128404906,P042,rhythm_normal,NORMAL,,,,602,424495,106398,117295,105387.89,114519.48,1010.11,2775.52,1965.7,614.13,False,False,nan,True,0.9789,68.18,99.94,True,0,COLLECTING,0,,0,,,,,7,54,19,30,60,0.9997654724984255,0.24494897427831783
2026-08-31T22:59:25.682,128404937,P042,rhythm_normal,NORMAL,,,,603,424535,106501,117549,105410.16,114580.08,1090.84,2968.92,2216.5,646.18,False,False,nan,True,0.9789,68.18,99.94,True,0,COLLECTING,0,,0,,,,,7,54,19,30,60,0.9997654724984255,0.24494897427831783
2026-08-31T22:59:25.690,128404937,P042,rhythm_normal,NORMAL,,,,604,424575,106410,117282,105430.16,114634.12,979.84,2647.88,2324.35,679.75,False,False,nan,True,0.9789,68.18,99.94,True,0,COLLECTING,0,,0,,,,,7,54,19,30,60,0.9997654724984255,0.24494897427831783
2026-08-31T22:59:25.699,128404953,P042,rhythm_normal,NORMAL,,,,605,424615,105920,115996,105439.95,114661.35,480.05,1334.65,2076.92,707.69,True,True,920.0,True,0.9733,68.18,99.94,True,0,COLLECTING,0,,0,,,,,7,54,19,30,60,0.9997654724984255,0.24494897427831783
2026-08-31T22:59:25.733,128404984,P042,rhythm_normal,NORMAL,,,,606,424655,105569,115069,105442.53,114669.51,126.47,399.49,1657.57,726.69,False,False,nan,True,0.9733,68.18,99.94,True,0,COLLECTING,0,,0,,,,,7,54,19,30,60,0.9997654724984255,0.24494897427831783
2026-08-31T22:59:25.856,128405109,P042,rhythm_normal,NORMAL,,,,607,424695,105649,115234,105446.66,114680.8,202.34,553.2,1381.47,739.78,False,False,nan,True,0.9733,68.18,99.94,True,0,COLLECTING,0,,0,,,,,8,54,19,30,60,0.9997654724984255,0.17320508075688776
2026-08-31T22:59:25.887,128405140,P042,rhythm_normal,NORMAL,,,,608,424735,105841,115654,105454.55,114700.26,386.45,953.74,1274.54,750.48,False,False,nan,True,0.9733,68.18,99.94,True,0,COLLECTING,0,,0,,,,,8,54,19,30,60,0.9997654724984255,0.17320508075688776
2026-08-31T22:59:25.894,128405140,P042,rhythm_normal,NORMAL,,,,609,424775,105981,115922,105465.08,114724.7,515.92,1197.3,1255.23,760.57,False,False,nan,True,0.9733,68.18,99.94,True,0,COLLECTING,0,,0,,,,,8,54,19,30,60,0.9997654724984255,0.17320508075688776
2026-08-31T22:59:25.901,128405156,P042,rhythm_normal,NORMAL,,,,610,424815,106118,116252,105478.13,114755.24,639.87,1496.76,1315.61,771.67,False,False,nan,True,0.9733,68.18,99.94,True,0,COLLECTING,0,,0,,,,,8,54,19,30,60,0.9997654724984255,0.17320508075688776
2026-08-31T22:59:25.929,128405187,P042,rhythm_normal,NORMAL,,,,611,424855,106229,116509,105493.15,114790.32,735.85,1718.68,1416.38,784.57,False,False,nan,True,0.9733,68.18,99.94,True,0,COLLECTING,0,,0,,,,,8,54,19,30,60,0.9997654724984255,0.17320508075688776
2026-08-31T22:59:26.056,128405312,P042,rhythm_normal,NORMAL,,,,612,424895,106185,116401,105506.98,114822.53,678.02,1578.47,1456.9,798.01,False,False,nan,True,0.9733,68.18,99.94,True,0,COLLECTING,0,,0,,,,,8,54,19,30,60,0.9997654724984255,0.17320508075688776
2026-08-31T22:59:26.084,128405328,P042,rhythm_normal,NORMAL,,,,613,424935,106110,116225,105519.05,114850.58,590.95,1374.42,1436.28,810.78,True,False,nan,True,0.9733,68.18,99.94,True,0,COLLECTING,0,,0,,,,,8,54,19,30,60,0.9997654724984255,0.17320508075688776
2026-08-31T22:59:26.092,128405343,P042,rhythm_normal,NORMAL,,,,614,424975,106169,116375,105532.05,114881.07,636.95,1493.93,1450.69,823.58,False,False,nan,True,0.9733,68.18,99.94,True,0,COLLECTING,0,,0,,,,,8,54,19,30,60,0.9997654724984255,0.17320508075688776
2026-08-31T22:59:26.104,128405359,P042,rhythm_normal,NORMAL,,,,615,425015,106330,116790,105548.01,114919.25,781.99,1870.75,1555.71,838.22,False,False,nan,True,0.9733,68.18,99.94,True,0,COLLECTING,0,,0,,,,,8,54,19,30,60,0.9997654724984255,0.17320508075688776
2026-08-31T22:59:26.130,128405375,P042,rhythm_normal,NORMAL,,,,616,425055,106501,117211,105567.07,114965.09,933.93,2245.91,1728.26,856.02,False,False,nan,True,0.9733,68.18,99.94,True,0,COLLECTING,0,,0,,,,,8,54,19,30,60,0.9997654724984255,0.17320508075688776
2026-08-31T22:59:26.262,128405515,P042,rhythm_normal,NORMAL,,,,617,425095,106608,117486,105587.89,115015.51,1020.11,2470.49,1913.82,877.18,False,False,nan,True,0.9733,68.18,99.94,True,0,COLLECTING,0,,0,,,,,8,54,19,30,60,0.9997654724984255,0.24494897427831783
2026-08-31T22:59:26.278,128405531,P042,rhythm_normal,NORMAL,,,,618,425135,106668,117630,105609.49,115067.8,1058.51,2562.2,2075.91,901.15,False,False,nan,True,0.9733,68.18,99.94,True,0,COLLECTING,0,,0,,,,,8,54,19,30,60,0.9997654724984255,0.24494897427831783
2026-08-31T22:59:26.290,128405546,P042,rhythm_normal,NORMAL,,,,619,425175,106710,117736,105631.5,115121.16,1078.5,2614.84,2210.64,927.34,False,False,nan,True,0.9733,68.18,99.94,True,0,COLLECTING,0,,0,,,,,8,54,19,30,60,0.9997654724984255,0.24494897427831783
2026-08-31T22:59:26.299,128405546,P042,rhythm_normal,NORMAL,,,,620,425215,106750,117835,105653.87,115175.44,1096.13,2659.56,2322.87,955.25,False,False,nan,True,0.9733,68.18,99.94,True,0,COLLECTING,0,,0,,,,,8,54,19,30,60,0.9997654724984255,0.24494897427831783
2026-08-31T22:59:26.336,128405593,P042,rhythm_normal,NORMAL,,,,621,425255,106763,117891,105676.05,115229.75,1086.95,2661.25,2407.47,984.3,False,False,nan,True,0.9733,68.18,99.94,True,0,COLLECTING,0,,0,,,,,8,54,19,30,60,0.9997654724984255,0.24494897427831783
2026-08-31T22:59:26.458,128405703,P042,rhythm_normal,NORMAL,,,,622,425295,106801,117946,105698.55,115284.08,1102.45,2661.92,2471.08,1014.03,False,False,nan,True,0.9733,68.18,99.94,True,0,COLLECTING,0,,0,,,,,8,54,19,30,60,0.9997654724984255,0.17320508075688776
2026-08-31T22:59:26.479,128405734,P042,rhythm_normal,NORMAL,,,,623,425335,106838,118015,105721.34,115338.7,1116.66,2676.3,2522.39,1044.2,False,False,nan,True,0.9733,68.18,99.94,True,0,COLLECTING,0,,0,,,,,8,54,19,30,60,0.9997654724984255,0.17320508075688776
2026-08-31T22:59:26.488,128405734,P042,rhythm_normal,NORMAL,,,,624,425375,106871,118099,105744.33,115393.9,1126.67,2705.1,2568.07,1074.68,False,False,nan,True,0.9733,68.18,99.94,True,0,COLLECTING,0,,0,,,,,8,54,19,30,60,0.9997654724984255,0.17320508075688776
2026-08-31T22:59:26.496,128405750,P042,rhythm_normal,NORMAL,,,,625,425415,106917,118178,105767.78,115449.58,1149.22,2728.42,2608.15,1105.35,False,False,nan,True,0.9733,68.18,99.94,True,0,COLLECTING,0,,0,,,,,8,54,19,30,60,0.9997654724984255,0.17320508075688776
2026-08-31T22:59:26.529,128405781,P042,rhythm_normal,NORMAL,,,,626,425455,106938,118224,105791.19,115505.07,1146.81,2718.93,2635.85,1135.96,False,False,nan,True,0.9733,68.18,99.94,True,0,COLLECTING,0,,0,,,,,8,54,19,30,60,0.9997654724984255,0.17320508075688776
2026-08-31T22:59:26.659,128405906,P042,rhythm_normal,NORMAL,,,,627,425495,106946,118233,105814.28,115559.62,1131.72,2673.38,2645.23,1166.14,False,False,nan,True,0.9733,68.18,99.94,True,0,COLLECTING,0,,0,,,,,8,54,19,30,60,0.9995468973489938,0.17320508075688776
2026-08-31T22:59:26.685,128405937,P042,rhythm_normal,NORMAL,,,,628,425535,106690,117504,105831.8,115598.52,858.2,1905.48,2460.29,1192.02,True,True,920.0,True,0.9691,68.18,99.94,True,0,COLLECTING,0,,0,,,,,8,54,19,30,60,0.9995468973489938,0.17320508075688776
2026-08-31T22:59:26.694,128405953,P042,rhythm_normal,NORMAL,,,,629,425575,106103,115974,105837.22,115606.02,265.78,367.98,1937.21,1206.93,False,False,nan,True,0.9691,68.18,99.94,True,0,COLLECTING,0,,0,,,,,8,54,19,30,60,0.9995468973489938,0.17320508075688776
2026-08-31T22:59:26.701,128405953,P042,rhythm_normal,NORMAL,,,,630,425615,105964,115641,105839.76,115606.73,124.24,34.27,1461.48,1212.02,False,False,nan,True,0.9691,68.18,99.94,True,0,COLLECTING,0,,0,,,,,8,54,19,30,60,0.9995468973489938,0.17320508075688776
2026-08-31T22:59:26.727,128405984,P042,rhythm_normal,NORMAL,,,,631,425655,106166,116257,105846.28,115619.73,319.72,637.27,1255.43,1212.89,False,False,nan,True,0.9691,68.18,99.94,True,0,COLLECTING,0,,0,,,,,8,54,19,30,60,0.9995468973489938,0.17320508075688776
2026-08-31T22:59:26.860,128406109,P042,rhythm_normal,NORMAL,,,,632,425695,106396,116839,105857.27,115644.12,538.73,1194.88,1240.29,1213.44,False,False,nan,True,0.9691,68.18,99.94,True,0,COLLECTING,0,,0,,,,,9,54,19,30,60,0.9997654724984255,0.17320508075688776
2026-08-31T22:59:26.876,128406125,P042,rhythm_normal,NORMAL,,,,633,425735,106448,116884,105869.09,115668.91,578.91,1215.09,1233.99,1213.85,False,False,nan,True,0.9691,68.18,99.94,True,0,COLLECTING,0,,0,,,,,9,54,19,30,60,0.9997654724984255,0.17320508075688776
2026-08-31T22:59:26.900,128406156,P042,rhythm_normal,NORMAL,,,,634,425775,106523,116956,105882.16,115694.66,640.84,1261.34,1240.83,1214.39,False,False,nan,True,0.9691,68.18,99.94,True,0,COLLECTING,0,,0,,,,,9,54,19,30,60,0.9997654724984255,0.17320508075688776
2026-08-31T22:59:26.914,128406171,P042,rhythm_normal,NORMAL,,,,635,425815,106492,116827,105894.36,115717.3,597.64,1109.7,1208.04,1214.26,True,False,nan,True,0.9691,68.18,99.94,True,0,COLLECTING,0,,0,,,,,9,54,19,30,60,0.9997654724984255,0.17320508075688776
2026-08-31T22:59:26.945,128406203,P042,rhythm_normal,NORMAL,,,,636,425855,106434,116764,105905.15,115738.24,528.85,1025.76,1162.47,1213.22,False,False,nan,True,0.9691,68.18,99.94,True,0,COLLECTING,0,,0,,,,,9,54,19,30,60,0.9997654724984255,0.17320508075688776
2026-08-31T22:59:27.058,128406312,P042,rhythm_normal,NORMAL,,,,637,425895,106398,116763,105915.01,115758.73,482.99,1004.27,1122.92,1211.42,False,False,nan,True,0.9691,68.18,99.94,True,0,COLLECTING,0,,0,,,,,9,54,19,30,60,0.9997654724984255,0.24494897427831783
2026-08-31T22:59:27.089,128406343,P042,rhythm_normal,NORMAL,,,,638,425935,106392,116816,105924.55,115779.88,467.45,1036.12,1101.22,1209.21,False,False,nan,True,0.9691,68.18,99.94,True,0,COLLECTING,0,,0,,,,,9,54,19,30,60,0.9997654724984255,0.24494897427831783
2026-08-31T22:59:27.099,128406343,P042,rhythm_normal,NORMAL,,,,639,425975,106391,116852,105933.88,115801.33,457.12,1050.67,1088.58,1206.8,False,False,nan,True,0.9691,68.18,99.94,True,0,COLLECTING,0,,0,,,,,9,54,19,30,60,0.9997654724984255,0.24494897427831783
2026-08-31T22:59:27.115,128406359,P042,rhythm_normal,NORMAL,,,,640,426015,106384,116875,105942.88,115822.8,441.12,1052.2,1079.49,1204.26,False,False,nan,True,0.9691,68.18,99.94,True,0,COLLECTING,0,,0,,,,,9,54,19,30,60,0.9997654724984255,0.24494897427831783
2026-08-31T22:59:27.164,128406421,P042,rhythm_normal,NORMAL,,,,641,426055,106359,116872,105951.2,115843.79,407.8,1028.21,1066.67,1201.5,False,False,nan,True,0.9691,68.18,99.94,True,0,COLLECTING,0,,0,,,,,9,54,19,30,60,0.9997654724984255,0.24494897427831783
2026-08-31T22:59:27.254,128406500,P042,rhythm_normal,NORMAL,,,,642,426095,106326,116852,105958.69,115863.95,367.31,988.05,1047.01,1198.41,False,False,nan,True,0.9691,68.18,99.94,True,0,COLLECTING,0,,0,,,,,9,54,19,30,60,0.9997654724984255,0.24494897427831783
2026-08-31T22:59:27.269,128406515,P042,rhythm_normal,NORMAL,,,,643,426135,106324,116855,105965.99,115883.77,358.01,971.23,1028.07,1195.01,False,False,nan,True,0.9691,68.18,99.94,True,0,COLLECTING,0,,0,,,,,9,54,19,30,60,0.9997654724984255,0.24494897427831783
2026-08-31T22:59:27.294,128406546,P042,rhythm_normal,NORMAL,,,,644,426175,106321,116873,105973.09,115903.55,347.91,969.45,1013.41,1191.37,False,False,nan,True,0.9691,68.18,99.94,True,0,COLLECTING,0,,0,,,,,9,54,19,30,60,0.9997654724984255,0.24494897427831783
2026-08-31T22:59:27.308,128406562,P042,rhythm_normal,NORMAL,,,,645,426215,106338,116918,105980.39,115923.84,357.61,994.16,1008.6,1187.72,False,False,nan,True,0.9691,68.18,99.94,True,0,COLLECTING,0,,0,,,,,9,54,19,30,60,0.9997654724984255,0.24494897427831783
2026-08-31T22:59:27.338,128406593,P042,rhythm_normal,NORMAL,,,,646,426255,106355,116966,105987.88,115944.69,367.12,1021.31,1011.78,1184.2,False,False,nan,True,0.9691,68.18,99.94,True,0,COLLECTING,0,,0,,,,,9,54,19,30,60,0.9997654724984255,0.24494897427831783
2026-08-31T22:59:27.454,128406703,P042,rhythm_normal,NORMAL,,,,647,426295,106371,117030,105995.55,115966.39,375.45,1063.61,1024.73,1181.01,False,False,nan,True,0.9691,68.18,99.94,True,0,COLLECTING,0,,0,,,,,9,54,19,30,60,0.9997654724984255,0.17320508075688776
2026-08-31T22:59:27.469,128406718,P042,rhythm_normal,NORMAL,,,,648,426335,106389,117076,106003.41,115988.59,385.59,1087.41,1040.4,1178.2,False,False,nan,True,0.9691,68.18,99.94,True,0,COLLECTING,0,,0,,,,,9,54,19,30,60,0.9997654724984255,0.17320508075688776
2026-08-31T22:59:27.500,128406750,P042,rhythm_normal,NORMAL,,,,649,426375,106387,117098,106011.09,116010.77,375.91,1087.23,1052.11,1175.68,False,False,nan,True,0.9691,68.18,99.94,True,0,COLLECTING,0,,0,,,,,9,54,19,30,60,0.9997654724984255,0.17320508075688776
2026-08-31T22:59:27.515,128406765,P042,rhythm_normal,NORMAL,,,,650,426415,106368,117051,106018.23,116031.58,349.77,1019.42,1043.94,1173.04,True,False,nan,True,0.9691,68.18,99.94,True,0,COLLECTING,0,,0,,,,,9,54,19,30,60,0.9997654724984255,0.17320508075688776
2026-08-31T22:59:27.542,128406796,P042,rhythm_normal,NORMAL,,,,651,426455,106316,116961,106024.18,116050.16,291.82,910.84,1010.66,1169.79,False,False,nan,True,0.9691,68.18,99.94,True,0,COLLECTING,0,,0,,,,,9,54,19,30,60,0.9997654724984255,0.17320508075688776
2026-08-31T22:59:27.663,128406921,P042,rhythm_normal,NORMAL,,,,652,426495,106296,116941,106029.62,116067.98,266.38,873.02,976.25,1165.92,False,False,nan,True,0.9691,68.18,99.94,True,0,COLLECTING,0,,0,,,,,9,54,19,30,60,0.9995468973489938,0.17320508075688776
2026-08-31T22:59:27.690,128406937,P042,rhythm_normal,NORMAL,,,,653,426535,106306,116956,106035.15,116085.74,270.85,870.26,949.75,1161.6,False,False,nan,True,0.9691,68.18,99.94,True,0,COLLECTING,0,,0,,,,,9,54,19,30,60,0.9995468973489938,0.17320508075688776
2026-08-31T22:59:27.700,128406953,P042,rhythm_normal,NORMAL,,,,654,426575,106312,116957,106040.69,116103.16,271.31,853.84,925.77,1156.88,False,False,nan,True,0.9691,68.18,99.94,True,0,COLLECTING,0,,0,,,,,9,54,19,30,60,0.9995468973489938,0.17320508075688776
2026-08-31T22:59:27.721,128406968,P042,rhythm_normal,NORMAL,,,,655,426615,106261,116880,106045.09,116118.7,215.91,761.3,884.65,1151.44,False,False,nan,True,0.9691,68.18,99.94,True,0,COLLECTING,0,,0,,,,,9,54,19,30,60,0.9995468973489938,0.17320508075688776
2026-08-31T22:59:27.731,128406984,P042,rhythm_normal,NORMAL,,,,656,426655,106234,116826,106048.88,116132.85,185.12,693.15,836.78,1145.15,False,False,nan,True,0.9691,68.18,99.94,True,0,COLLECTING,0,,0,,,,,9,54,19,30,60,0.9995468973489938,0.17320508075688776
2026-08-31T22:59:27.894,128407140,P042,rhythm_normal,NORMAL,,,,657,426695,106202,116778,106051.94,116145.76,150.06,632.24,785.64,1137.96,False,False,nan,True,0.9691,68.18,99.94,True,0,COLLECTING,0,,0,,,,,9,54,19,30,60,0.9997654724984255,0.17320508075688776
2026-08-31T22:59:27.902,128407156,P042,rhythm_normal,NORMAL,,,,658,426735,106167,116745,106054.24,116157.74,112.76,587.26,736.05,1129.92,False,False,nan,True,0.9691,68.18,99.94,True,0,COLLECTING,0,,0,,,,,9,54,19,30,60,0.9997654724984255,0.17320508075688776
2026-08-31T22:59:27.913,128407156,P042,rhythm_normal,NORMAL,,,,659,426775,106127,116723,106055.7,116169.05,71.3,553.95,690.52,1121.13,False,False,nan,True,0.9691,68.18,99.94,True,0,COLLECTING,0,,0,,,,,9,54,19,30,60,0.9997654724984255,0.17320508075688776
2026-08-31T22:59:27.925,128407171,P042,rhythm_normal,NORMAL,,,,660,426815,106110,116748,106056.78,116180.62,53.22,567.38,659.74,1111.9,False,False,nan,True,0.9691,68.18,99.94,True,0,COLLECTING,0,,0,,,,,9,54,19,30,60,0.9997654724984255,0.17320508075688776
2026-08-31T22:59:27.953,128407203,P042,rhythm_normal,NORMAL,,,,661,426855,106099,116802,106057.62,116193.05,41.38,608.95,647.04,1102.6,False,False,nan,True,0.9691,68.18,98.91,True,0,COLLECTING,0,,0,,,,,9,54,19,30,60,0.9997654724984255,0.17320508075688776
2026-08-31T22:59:28.063,128407312,P042,rhythm_normal,NORMAL,,,,662,426895,106112,116858,106058.71,116206.35,53.29,651.65,648.19,1093.52,False,False,nan,True,0.9691,68.18,98.91,True,0,COLLECTING,0,,0,,,,,9,54,19,30,60,0.9995468973489938,0.24494897427831783
2026-08-31T22:59:28.089,128407343,P042,rhythm_normal,NORMAL,,,,663,426935,106142,116907,106060.38,116220.37,81.62,686.63,657.8,1084.8,False,False,nan,True,0.9691,68.18,98.91,True,0,COLLECTING,0,,0,,,,,9,54,19,30,60,0.9995468973489938,0.24494897427831783
2026-08-31T22:59:28.097,128407343,P042,rhythm_normal,NORMAL,,,,664,426975,106154,116961,106062.25,116235.18,91.75,725.82,674.81,1076.6,False,False,nan,True,0.9691,68.18,98.91,True,0,COLLECTING,0,,0,,,,,9,54,19,30,60,0.9995468973489938,0.24494897427831783
2026-08-31T22:59:28.109,128407359,P042,rhythm_normal,NORMAL,,,,665,427015,106135,116950,106063.7,116249.48,71.3,700.52,681.24,1068.69,False,False,nan,True,0.9691,68.18,98.91,True,0,COLLECTING,0,,0,,,,,9,54,19,30,60,0.9995468973489938,0.24494897427831783
2026-08-31T22:59:28.135,128407390,P042,rhythm_normal,NORMAL,,,,666,427055,106117,116921,106064.77,116262.91,52.23,658.09,675.45,1060.83,True,False,nan,True,0.9691,68.18,98.91,True,0,COLLECTING,0,,0,,,,,9,54,19,30,60,0.9995468973489938,0.24494897427831783
2026-08-31T22:59:28.249,128407500,P042,rhythm_normal,NORMAL,,,,667,427095,106109,116917,106065.65,116275.98,43.35,641.02,666.84,1052.95,False,False,nan,True,0.9691,68.18,98.91,True,0,COLLECTING,0,,0,,,,,9,54,19,30,60,0.9995468973489938,0.24494897427831783
2026-08-31T22:59:28.278,128407531,P042,rhythm_normal,NORMAL,,,,668,427135,106111,116928,106066.55,116289.02,44.45,638.98,659.88,1045.09,False,False,nan,True,0.9691,68.18,98.91,True,0,COLLECTING,0,,0,,,,,9,54,19,30,60,0.9995468973489938,0.24494897427831783
2026-08-31T22:59:28.285,128407531,P042,rhythm_normal,NORMAL,,,,669,427175,106130,116959,106067.82,116302.42,62.18,656.58,659.05,1037.37,False,False,nan,True,0.9691,68.18,98.91,True,0,COLLECTING,0,,0,,,,,9,54,19,30,60,0.9995468973489938,0.24494897427831783
2026-08-31T22:59:28.296,128407546,P042,rhythm_normal,NORMAL,,,,670,427215,106143,117041,106069.32,116317.2,73.68,723.8,675.24,1030.13,False,False,nan,True,0.9691,68.18,98.91,True,0,COLLECTING,0,,0,,,,,9,54,19,30,60,0.9995468973489938,0.24494897427831783
2026-08-31T22:59:28.335,128407593,P042,rhythm_normal,NORMAL,,,,671,427255,106171,117121,106071.35,116333.27,99.65,787.73,703.36,1023.59,False,False,nan,True,0.9691,68.18,98.91,True,0,COLLECTING,0,,0,,,,,9,54,19,30,60,0.9995468973489938,0.24494897427831783
2026-08-31T22:59:28.452,128407703,P042,rhythm_normal,NORMAL,,,,672,427295,106079,116928,106071.51,116345.16,7.49,582.84,673.23,1016.58,True,False,nan,True,0.9691,68.18,98.91,True,0,COLLECTING,0,,0,,,,,9,54,19,30,60,0.9997654724984255,0.17320508075688776
2026-08-31T22:59:28.480,128407734,P042,rhythm_normal,NORMAL,,,,673,427335,105927,116566,106068.62,116349.58,-141.62,216.42,559.03,1007.43,False,False,nan,True,0.9691,68.18,98.91,True,0,COLLECTING,0,,0,,,,,9,54,19,30,60,0.9997654724984255,0.17320508075688776
2026-08-31T22:59:28.496,128407750,P042,rhythm_normal,NORMAL,,,,674,427375,105925,116570,106065.74,116353.98,-140.74,216.02,473.27,996.75,False,False,nan,True,0.9691,68.18,98.91,True,0,COLLECTING,0,,0,,,,,9,54,19,30,60,0.9997654724984255,0.17320508075688776
2026-08-31T22:59:28.525,128407781,P042,rhythm_normal,NORMAL,,,,675,427415,105967,116758,106063.77,116362.06,-96.77,395.94,453.94,985.89,False,False,nan,True,0.9691,68.18,98.91,True,0,COLLECTING,0,,0,,,,,9,54,19,30,60,0.9997654724984255,0.17320508075688776
2026-08-31T22:59:28.537,128407781,P042,rhythm_normal,NORMAL,,,,676,427455,106007,116907,106062.63,116372.96,-55.63,534.04,473.97,975.65,False,False,nan,True,0.9691,68.18,98.91,True,0,COLLECTING,0,,0,,,,,9,54,19,30,60,0.9997654724984255,0.17320508075688776
2026-08-31T22:59:28.656,128407906,P042,rhythm_normal,NORMAL,,,,677,427495,106011,116974,106061.6,116384.98,-50.6,589.02,502.73,966.2,False,False,nan,True,0.9691,68.18,98.91,True,0,COLLECTING,0,,0,,,,,9,54,19,30,60,0.9997654724984255,0.17320508075688776
2026-08-31T22:59:28.664,128407921,P042,rhythm_normal,NORMAL,,,,678,427535,106053,117112,106061.43,116399.52,-8.43,712.48,555.16,957.97,False,False,nan,True,0.9691,68.18,98.91,True,0,COLLECTING,0,,0,,,,,9,54,19,30,60,0.9997654724984255,0.17320508075688776
2026-08-31T22:59:28.677,128407921,P042,rhythm_normal,NORMAL,,,,679,427575,106057,117165,106061.34,116414.84,-4.34,750.16,603.91,950.89,False,False,nan,True,0.9691,68.18,98.91,True,0,COLLECTING,0,,0,,,,,9,54,19,30,60,0.9997654724984255,0.17320508075688776
2026-08-31T22:59:28.702,128407953,P042,rhythm_normal,NORMAL,,,,680,427615,106061,117206,106061.34,116430.66,-0.34,775.34,646.77,944.81,False,False,nan,True,0.9691,68.18,98.91,True,0,COLLECTING,0,,0,,,,,9,54,19,30,60,0.9997654724984255,0.17320508075688776
2026-08-31T22:59:28.734,128407984,P042,rhythm_normal,NORMAL,,,,681,427655,106118,117356,106062.47,116449.16,55.53,906.84,711.79,940.15,False,False,nan,True,0.9691,68.18,98.91,True,0,COLLECTING,0,,0,,,,,9,54,19,30,60,0.9997654724984255,0.17320508075688776
2026-08-31T22:59:28.856,128408109,P042,rhythm_normal,NORMAL,,,,682,427695,106205,117573,106065.32,116471.64,139.68,1101.36,809.18,937.53,False,False,nan,True,0.9691,68.18,98.91,True,0,COLLECTING,0,,0,,,,,9,54,19,30,60,0.9997654724984255,0.17320508075688776
2026-08-31T22:59:28.886,128408140,P042,rhythm_normal,NORMAL,,,,683,427735,106308,117810,106070.17,116498.41,237.83,1311.59,934.78,937.48,False,False,nan,True,0.9691,68.18,98.91,True,0,COLLECTING,0,,0,,,,,9,54,19,30,60,0.9997654724984255,0.17320508075688776
2026-08-31T22:59:28.903,128408156,P042,rhythm_normal,NORMAL,,,,684,427775,106394,117985,106076.65,116528.14,317.35,1456.86,1065.3,940.03,False,False,nan,True,0.9691,68.18,98.91,True,0,COLLECTING,0,,0,,,,,9,54,19,30,60,0.9997654724984255,0.17320508075688776
2026-08-31T22:59:28.913,128408156,P042,rhythm_normal,NORMAL,,,,685,427815,106450,118105,106084.12,116559.68,365.88,1545.32,1185.31,944.94,False,False,nan,True,0.9691,68.18,98.91,True,0,COLLECTING,0,,0,,,,,9,54,19,30,60,0.9997654724984255,0.17320508075688776
2026-08-31T22:59:28.948,128408203,P042,rhythm_normal,NORMAL,,,,686,427855,106487,118204,106092.17,116592.56,394.83,1611.44,1291.84,951.88,False,False,nan,True,0.9691,68.18,98.91,True,0,COLLECTING,0,,0,,,,,9,54,19,30,60,0.9997654724984255,0.17320508075688776
2026-08-31T22:59:29.059,128408312,P042,rhythm_normal,NORMAL,,,,687,427895,106537,118300,106101.07,116626.71,435.93,1673.29,1387.2,960.58,False,False,nan,True,0.9691,68.18,98.91,True,0,COLLECTING,0,,0,,,,,9,54,19,30,60,0.9988863799251645,0.24494897427831783
2026-08-31T22:59:29.068,128408312,P042,rhythm_normal,NORMAL,,,,688,427935,106528,118336,106109.61,116660.9,418.39,1675.1,1459.18,970.55,False,False,nan,True,0.9691,68.18,98.91,True,0,COLLECTING,0,,0,,,,,9,54,19,30,60,0.9988863799251645,0.24494897427831783
2026-08-31T22:59:29.093,128408343,P042,rhythm_normal,NORMAL,,,,689,427975,106536,118361,106118.14,116694.9,417.86,1666.1,1510.91,981.36,False,False,nan,True,0.9691,68.18,98.91,True,0,COLLECTING,0,,0,,,,,9,54,19,30,60,0.9988863799251645,0.24494897427831783
2026-08-31T22:59:29.109,128408359,P042,rhythm_normal,NORMAL,,,,690,428025,106526,118367,106126.3,116728.34,399.7,1638.66,1542.85,992.59,False,False,nan,True,0.9691,68.18,98.91,True,0,COLLECTING,0,,0,,,,,9,54,19,30,60,0.9988863799251645,0.24494897427831783
2026-08-31T22:59:29.258,128408515,P042,rhythm_normal,NORMAL,,,,691,428065,106499,118342,106133.75,116760.62,365.25,1581.38,1552.48,1003.79,False,False,nan,True,0.9691,68.18,98.91,True,0,COLLECTING,0,,0,,,,,9,54,19,30,60,0.9997654724984255,0.17320508075688776
2026-08-31T22:59:29.268,128408515,P042,rhythm_normal,NORMAL,,,,692,428095,106471,118335,106140.49,116792.1,330.51,1542.9,1550.08,1014.72,True,False,nan,True,0.7,nan,98.91,False,0,COLLECTING,0,,0,,,,,9,54,19,30,60,0.9997654724984255,0.17320508075688776
2026-08-31T22:59:29.284,128408531,P042,rhythm_normal,NORMAL,,,,693,428145,106443,118258,106146.54,116821.42,296.46,1436.58,1521.71,1024.86,False,False,nan,True,0.7,nan,98.91,False,0,COLLECTING,0,,0,,,,,9,54,19,30,60,0.9997654724984255,0.17320508075688776
2026-08-31T22:59:29.306,128408562,P042,rhythm_normal,NORMAL,,,,694,428175,106415,118229,106151.91,116849.57,263.09,1379.43,1486.14,1034.08,False,False,nan,True,0.7,nan,98.91,False,0,COLLECTING,0,,0,,,,,9,54,19,30,60,0.9997654724984255,0.17320508075688776
2026-08-31T22:59:29.317,128408562,P042,rhythm_normal,NORMAL,,,,695,428225,106235,117825,106153.57,116869.08,81.43,955.92,1353.58,1040.47,False,False,nan,True,0.7,nan,98.91,False,0,COLLECTING,0,,0,,,,,9,54,19,30,60,0.9997654724984255,0.17320508075688776
2026-08-31T22:59:29.461,128408718,P042,rhythm_normal,NORMAL,,,,696,428265,105945,117041,106149.4,116872.52,-204.4,168.48,1057.31,1040.81,False,False,nan,True,0.7,nan,98.91,False,0,COLLECTING,0,,0,,,,,0,54,19,30,60,0.9997654724984255,0.17320508075688776
2026-08-31T22:59:29.473,128408718,P042,rhythm_normal,NORMAL,,,,697,428305,105942,117106,106145.25,116877.19,-203.25,228.81,850.19,1037.0,False,False,nan,True,0.7,nan,98.91,False,0,COLLECTING,0,,0,,,,,0,54,19,30,60,0.9997654724984255,0.17320508075688776
2026-08-31T22:59:29.486,128408734,P042,rhythm_normal,NORMAL,,,,698,428345,106055,117424,106143.45,116888.12,-88.45,535.88,771.61,1031.69,False,False,nan,True,0.7,nan,98.91,False,0,COLLECTING,0,,0,,,,,0,54,19,30,60,0.9997654724984255,0.17320508075688776
2026-08-31T22:59:29.508,128408765,P042,rhythm_normal,NORMAL,,,,699,428385,106091,117528,106142.4,116900.92,-51.4,627.08,735.48,1025.76,False,False,nan,True,0.7,nan,98.91,False,0,COLLECTING,0,,0,,,,,0,54,19,30,60,0.9997654724984255,0.17320508075688776
2026-08-31T22:59:29.516,128408765,P042,rhythm_normal,NORMAL,,,,700,428425,106092,117574,106141.39,116914.38,-49.39,659.62,716.51,1019.58,False,False,nan,True,0.7,nan,98.91,False,0,COLLECTING,0,,0,,,,,0,54,19,30,60,0.9997654724984255,0.17320508075688776
2026-08-31T22:59:29.660,128408906,P042,rhythm_normal,NORMAL,,,,701,428465,106106,117666,106140.68,116929.41,-34.68,736.59,721.53,1013.62,False,False,nan,True,0.7,nan,98.91,False,0,COLLECTING,0,,0,,,,,0,54,19,30,60,0.9995468973489938,0.17320508075688776
2026-08-31T22:59:29.684,128408937,P042,rhythm_normal,NORMAL,,,,702,428505,106088,117616,106139.62,116943.15,-51.62,672.85,709.36,1007.53,True,False,nan,True,0.7,nan,98.91,False,0,COLLECTING,0,,0,,,,,0,54,19,30,60,0.9995468973489938,0.17320508075688776
2026-08-31T22:59:29.701,128408953,P042,rhythm_normal,NORMAL,,,,703,428545,106075,117635,106138.34,116956.98,-63.34,678.02,701.52,1001.41,False,False,nan,True,0.7,nan,98.91,False,0,COLLECTING,0,,0,,,,,0,54,19,30,60,0.9995468973489938,0.17320508075688776
2026-08-31T22:59:29.710,128408968,P042,rhythm_normal,NORMAL,,,,704,428585,106044,117533,106136.45,116968.51,-92.45,564.49,667.27,994.73,False,False,nan,True,0.7,nan,98.91,False,0,COLLECTING,0,,0,,,,,0,54,19,30,60,0.9995468973489938,0.17320508075688776
2026-08-31T22:59:29.727,128408984,P042,rhythm_normal,NORMAL,,,,705,428625,106038,117583,106134.48,116980.8,-96.48,602.2,651.0,987.85,False,False,nan,True,0.7,nan,98.91,False,0,COLLECTING,0,,0,,,,,0,54,19,30,60,0.9995468973489938,0.17320508075688776
2026-08-31T22:59:29.852,128409109,P042,rhythm_normal,NORMAL,,,,706,428665,106049,117693,106132.77,116995.04,-83.77,697.96,662.74,981.35,False,False,nan,True,0.7,nan,98.91,False,0,COLLECTING,0,,0,,,,,0,54,19,30,60,0.9997654724984255,0.17320508075688776
2026-08-31T22:59:29.864,128409109,P042,rhythm_normal,NORMAL,,,,707,428705,106047,117646,106131.05,117008.05,-84.05,637.95,656.54,974.86,True,False,nan,True,0.7,nan,98.91,False,0,COLLECTING,0,,0,,,,,0,54,19,30,60,0.9997654724984255,0.17320508075688776
2026-08-31T22:59:29.878,128409125,P042,rhythm_normal,NORMAL,,,,708,428745,106037,117694,106129.17,117021.77,-92.17,672.23,660.46,968.57,False,False,nan,True,0.7,nan,98.91,False,0,COLLECTING,0,,0,,,,,0,54,19,30,60,0.9997654724984255,0.17320508075688776
2026-08-31T22:59:29.900,128409156,P042,rhythm_normal,NORMAL,,,,709,428785,106024,117696,106127.07,117035.26,-103.07,660.74,660.53,962.41,False,False,nan,True,0.7,nan,98.91,False,0,COLLECTING,0,,0,,,,,0,54,19,30,60,0.9997654724984255,0.17320508075688776
2026-08-31T22:59:29.906,128409156,P042,rhythm_normal,NORMAL,,,,710,428825,106012,117702,106124.77,117048.59,-112.77,653.41,658.75,956.33,True,False,nan,True,0.7,nan,98.91,False,0,COLLECTING,0,,0,,,,,0,54,19,30,60,0.9997654724984255,0.17320508075688776
2026-08-31T22:59:30.045,128409296,P042,rhythm_normal,NORMAL,,,,711,428865,106008,117757,106122.43,117062.77,-114.43,694.23,667.62,950.56,False,False,nan,True,0.7,nan,98.91,False,0,COLLECTING,0,,0,,,,,0,54,19,30,60,0.9997654724984255,0.17320508075688776
2026-08-31T22:59:30.069,128409328,P042,rhythm_normal,NORMAL,,,,712,428905,106053,117769,106121.04,117076.89,-68.04,692.11,673.74,945.02,False,False,nan,True,0.7,nan,98.91,False,0,COLLECTING,0,,0,,,,,0,54,19,30,60,0.9997654724984255,0.17320508075688776
2026-08-31T22:59:30.079,128409328,P042,rhythm_normal,NORMAL,,,,713,428945,106032,117857,106119.26,117092.49,-87.26,764.51,696.43,940.05,False,False,nan,True,0.7,nan,98.91,False,0,COLLECTING,0,,0,,,,,0,54,19,30,60,0.9997654724984255,0.17320508075688776
2026-08-31T22:59:30.096,128409343,P042,rhythm_normal,NORMAL,,,,714,428985,106052,117884,106117.91,117108.32,-65.91,775.68,716.25,935.58,False,False,nan,True,0.7,nan,98.91,False,0,COLLECTING,0,,0,,,,,0,54,19,30,60,0.9997654724984255,0.17320508075688776
2026-08-31T22:59:30.105,128409359,P042,rhythm_normal,NORMAL,,,,715,429025,106066,117932,106116.88,117124.8,-50.88,807.2,738.99,931.64,False,False,nan,True,0.7,nan,98.91,False,0,COLLECTING,0,,0,,,,,0,54,19,30,60,0.9997654724984255,0.17320508075688776
2026-08-31T22:59:30.244,128409500,P042,rhythm_normal,NORMAL,,,,716,429065,106048,117915,106115.5,117140.6,-67.5,774.4,747.84,927.97,False,False,nan,True,0.7,nan,98.91,False,0,COLLECTING,0,,0,,,,,0,54,19,30,60,0.9995468973489938,0.24494897427831783
2026-08-31T22:59:30.254,128409500,P042,rhythm_normal,NORMAL,,,,717,429105,106087,117938,106114.93,117156.55,-27.93,781.45,756.24,924.53,False,False,nan,True,0.7,nan,98.91,False,0,COLLECTING,0,,0,,,,,0,54,19,30,60,0.9995468973489938,0.24494897427831783
2026-08-31T22:59:30.281,128409531,P042,rhythm_normal,NORMAL,,,,718,429145,105922,117591,106111.07,117165.23,-189.07,425.77,673.62,919.52,True,False,nan,True,0.7,nan,98.91,False,0,COLLECTING,0,,0,,,,,0,54,19,30,60,0.9995468973489938,0.24494897427831783
2026-08-31T22:59:30.292,128409546,P042,rhythm_normal,NORMAL,,,,719,429185,105712,117056,106103.09,117163.05,-391.09,-107.05,478.46,910.69,False,False,nan,True,0.7,nan,98.91,False,0,COLLECTING,0,,0,,,,,0,54,19,30,60,0.9995468973489938,0.24494897427831783
2026-08-31T22:59:30.312,128409562,P042,rhythm_normal,NORMAL,,,,720,429225,105775,117214,106096.52,117164.06,-321.52,49.94,371.33,899.91,False,False,nan,True,0.7,nan,98.91,False,0,COLLECTING,0,,0,,,,,0,54,19,30,60,0.9995468973489938,0.24494897427831783
2026-08-31T22:59:30.447,128409703,P042,rhythm_normal,NORMAL,,,,721,429265,105939,117555,106093.38,117171.88,-154.38,383.12,374.27,889.39,False,False,nan,True,0.7,nan,98.91,False,0,COLLECTING,0,,0,,,,,0,54,19,30,60,0.9997654724984255,0.17320508075688776
2026-08-31T22:59:30.470,128409718,P042,rhythm_normal,NORMAL,,,,722,429305,105928,117655,106090.07,117181.55,-162.07,473.45,399.07,879.59,False,False,nan,True,0.7,nan,98.91,False,0,COLLECTING,0,,0,,,,,0,54,19,30,60,0.9997654724984255,0.17320508075688776
2026-08-31T22:59:30.479,128409734,P042,rhythm_normal,NORMAL,,,,723,429345,105998,117737,106088.23,117192.66,-90.23,544.34,435.39,870.7,False,False,nan,True,0.7,nan,98.91,False,0,COLLECTING,0,,0,,,,,0,54,19,30,60,0.9997654724984255,0.17320508075688776
2026-08-31T22:59:30.503,128409750,P042,rhythm_normal,NORMAL,,,,724,429385,106014,117801,106086.74,117204.82,-72.74,596.18,475.59,862.8,False,False,nan,True,0.7,nan,98.91,False,0,COLLECTING,0,,0,,,,,0,54,19,30,60,0.9997654724984255,0.17320508075688776
2026-08-31T22:59:30.512,128409765,P042,rhythm_normal,NORMAL,,,,725,429425,105992,117783,106084.84,117216.38,-92.84,566.62,498.34,855.51,False,False,nan,True,0.7,nan,98.91,False,0,COLLECTING,0,,0,,,,,0,54,19,30,60,0.9997654724984255,0.17320508075688776
2026-08-31T22:59:30.643,128409890,P042,rhythm_normal,NORMAL,,,,726,429465,105954,117678,106082.23,117225.62,-128.23,452.38,486.85,848.14,True,False,nan,True,0.7,nan,98.91,False,0,COLLECTING,0,,0,,,,,0,54,19,30,60,0.9997654724984255,0.17320508075688776
2026-08-31T22:59:30.652,128409906,P042,rhythm_normal,NORMAL,,,,727,429505,106019,117782,106080.96,117236.74,-61.96,545.26,501.45,841.21,False,False,nan,True,0.7,nan,98.91,False,0,COLLECTING,0,,0,,,,,0,54,19,30,60,0.9997654724984255,0.17320508075688776
2026-08-31T22:59:30.672,128409921,P042,rhythm_normal,NORMAL,,,,728,429545,106021,117859,106079.77,117249.19,-58.77,609.81,528.54,834.95,False,False,nan,True,0.7,nan,98.91,False,0,COLLECTING,0,,0,,,,,0,54,19,30,60,0.9997654724984255,0.17320508075688776
2026-08-31T22:59:30.679,128409937,P042,rhythm_normal,NORMAL,,,,729,429585,106094,117993,106080.05,117264.06,13.95,728.94,578.64,829.83,False,False,nan,True,0.7,nan,98.91,False,0,COLLECTING,0,,0,,,,,0,54,19,30,60,0.9997654724984255,0.17320508075688776
2026-08-31T22:59:30.698,128409953,P042,rhythm_normal,NORMAL,,,,730,429625,106128,118057,106081.01,117279.92,46.99,777.08,628.25,825.79,False,False,nan,True,0.7,nan,98.91,False,0,COLLECTING,0,,0,,,,,0,54,19,30,60,0.9997654724984255,0.17320508075688776
2026-08-31T22:59:30.846,128410093,P042,rhythm_normal,NORMAL,,,,731,429665,106128,118085,106081.95,117296.02,46.05,788.98,668.43,822.65,False,False,nan,True,0.7,nan,98.91,False,0,COLLECTING,0,,0,,,,,0,54,19,30,60,0.9997654724984255,0.17320508075688776
2026-08-31T22:59:30.889,128410140,P042,rhythm_normal,NORMAL,,,,732,429705,106138,118101,106083.06,117312.12,54.94,788.88,698.54,820.16,False,False,nan,True,0.7,nan,98.91,False,0,COLLECTING,0,,0,,,,,0,54,19,30,60,0.9997654724984255,0.17320508075688776
2026-08-31T22:59:30.896,128410140,P042,rhythm_normal,NORMAL,,,,733,429745,106182,118126,106085.04,117328.41,96.96,797.59,723.31,818.23,False,False,nan,True,0.7,nan,98.91,False,0,COLLECTING,0,,0,,,,,0,54,19,30,60,0.9997654724984255,0.17320508075688776
2026-08-31T22:59:30.902,128410156,P042,rhythm_normal,NORMAL,,,,734,429785,106146,118169,106086.26,117345.22,59.74,823.78,748.42,816.83,False,False,nan,True,0.7,nan,98.91,False,0,COLLECTING,0,,0,,,,,0,54,19,30,60,0.9997654724984255,0.17320508075688776
2026-08-31T22:59:30.923,128410171,P042,rhythm_normal,NORMAL,,,,735,429825,106189,118188,106088.31,117362.08,100.69,825.92,767.8,815.85,False,False,nan,True,0.7,nan,98.91,False,0,COLLECTING,0,,0,,,,,0,54,19,30,60,0.9997654724984255,0.17320508075688776
2026-08-31T22:59:31.042,128410296,P042,rhythm_normal,NORMAL,,,,736,429865,106199,118295,106090.52,117380.73,108.48,914.27,804.42,815.62,False,False,nan,True,0.7,nan,98.91,False,0,COLLECTING,0,,0,,,,,0,54,19,30,60,0.9997654724984255,0.17320508075688776
2026-08-31T22:59:31.064,128410312,P042,rhythm_normal,NORMAL,,,,737,429905,106211,118267,106092.93,117398.46,118.07,868.54,820.45,815.72,False,False,nan,True,0.7,nan,98.91,False,0,COLLECTING,0,,0,,,,,0,54,19,30,60,0.9997654724984255,0.17320508075688776
2026-08-31T22:59:31.088,128410343,P042,rhythm_normal,NORMAL,,,,738,429945,105950,117432,106090.07,117399.13,-140.07,32.87,623.55,811.88,True,False,nan,True,0.7,nan,98.91,False,0,COLLECTING,0,,0,,,,,0,54,19,30,60,0.9997654724984255,0.17320508075688776
2026-08-31T22:59:31.101,128410359,P042,rhythm_normal,NORMAL,,,,739,429985,105374,116121,106075.75,117373.57,-701.75,-1252.57,154.52,798.73,False,False,nan,True,0.7,nan,98.91,False,0,COLLECTING,0,,0,,,,,0,54,19,30,60,0.9997654724984255,0.17320508075688776
2026-08-31T22:59:31.113,128410359,P042,rhythm_normal,NORMAL,,,,740,430025,105268,115779,106059.59,117341.68,-791.59,-1562.68,-274.78,788.25,False,False,nan,True,0.7,nan,98.91,False,0,COLLECTING,0,,0,,,,,0,54,19,30,60,0.9997654724984255,0.17320508075688776
2026-08-31T22:59:31.252,128410500,P042,rhythm_normal,NORMAL,,,,741,430065,105377,116012,106045.95,117315.09,-668.95,-1303.09,-531.86,783.12,False,False,nan,True,0.7,nan,98.91,False,0,COLLECTING,0,,0,,,,,0,54,19,30,60,0.9997654724984255,0.24494897427831783
2026-08-31T22:59:31.262,128410515,P042,rhythm_normal,NORMAL,,,,742,430105,105535,116440,106035.73,117297.59,-500.73,-857.59,-613.29,779.72,False,False,nan,True,0.7,nan,98.91,False,0,COLLECTING,0,,0,,,,,0,54,19,30,60,0.9997654724984255,0.24494897427831783
2026-08-31T22:59:31.288,128410531,P042,rhythm_normal,NORMAL,,,,743,430145,105581,116662,106026.63,117284.88,-445.63,-622.88,-615.68,776.44,False,False,nan,True,0.7,nan,98.91,False,0,COLLECTING,0,,0,,,,,0,54,19,30,60,0.9997654724984255,0.24494897427831783
2026-08-31T22:59:31.298,128410546,P042,rhythm_normal,NORMAL,,,,744,430185,105695,116855,106020.0,117276.28,-325.0,-421.28,-567.08,772.26,False,False,nan,True,0.7,nan,98.91,False,0,COLLECTING,0,,0,,,,,0,54,19,30,60,0.9997654724984255,0.24494897427831783
2026-08-31T22:59:31.307,128410562,P042,rhythm_normal,NORMAL,,,,745,430225,105676,116798,106013.12,117266.72,-337.12,-468.72,-542.49,767.66,False,False,nan,True,0.7,nan,98.91,False,0,COLLECTING,0,,0,,,,,0,54,19,30,60,0.9997654724984255,0.24494897427831783
2026-08-31T22:59:31.450,128410703,P042,rhythm_normal,NORMAL,,,,746,430265,105542,116556,106003.7,117252.51,-461.7,-696.51,-581.0,763.93,False,False,nan,True,0.7,nan,98.91,False,0,COLLECTING,0,,0,,,,,0,54,19,30,60,0.9997654724984255,0.17320508075688776
2026-08-31T22:59:31.463,128410718,P042,rhythm_normal,NORMAL,,,,747,430305,105548,116469,105994.58,117236.84,-446.58,-767.84,-627.71,761.2,False,False,nan,True,0.7,nan,98.91,False,0,COLLECTING,0,,0,,,,,0,54,19,30,60,0.9997654724984255,0.17320508075688776
2026-08-31T22:59:31.491,128410734,P042,rhythm_normal,NORMAL,,,,748,430345,105584,116632,105986.37,117224.74,-402.37,-592.74,-618.97,758.36,False,False,nan,True,0.7,nan,98.91,False,0,COLLECTING,0,,0,,,,,0,54,19,30,60,0.9997654724984255,0.17320508075688776
2026-08-31T22:59:31.497,128410750,P042,rhythm_normal,NORMAL,,,,749,430385,105698,116880,105980.6,117217.84,-282.6,-337.84,-548.68,754.17,False,False,nan,True,0.7,nan,98.91,False,0,COLLECTING,0,,0,,,,,0,54,19,30,60,0.9997654724984255,0.17320508075688776
2026-08-31T22:59:31.505,128410750,P042,rhythm_normal,NORMAL,,,,750,430425,105680,116890,105974.59,117211.29,-294.59,-321.29,-491.84,748.92,False,False,nan,True,0.7,nan,98.91,False,0,COLLECTING,0,,0,,,,,0,54,19,30,60,0.9997654724984255,0.17320508075688776
2026-08-31T22:59:31.655,128410906,P042,rhythm_normal,NORMAL,,,,751,430465,105679,116833,105968.67,117203.73,-289.67,-370.73,-461.56,743.17,False,False,nan,True,0.7,nan,98.91,False,0,COLLECTING,0,,0,,,,,0,54,19,30,60,0.9997654724984255,0.17320508075688776
2026-08-31T22:59:31.666,128410921,P042,rhythm_normal,NORMAL,,,,752,430505,105691,116926,105963.12,117198.17,-272.12,-272.17,-414.21,736.59,False,False,nan,True,0.7,nan,98.91,False,0,COLLECTING,0,,0,,,,,0,54,19,30,60,0.9997654724984255,0.17320508075688776
2026-08-31T22:59:31.690,128410937,P042,rhythm_normal,NORMAL,,,,753,430545,105734,116979,105958.53,117193.79,-224.53,-214.79,-364.36,729.15,False,False,nan,True,0.7,nan,98.91,False,0,COLLECTING,0,,0,,,,,0,54,19,30,60,0.9997654724984255,0.17320508075688776
2026-08-31T22:59:31.702,128410953,P042,rhythm_normal,NORMAL,,,,754,430585,105742,117019,105954.2,117190.3,-212.2,-171.3,-316.09,720.89,False,False,nan,True,0.7,nan,98.91,False,0,COLLECTING,0,,0,,,,,0,54,19,30,60,0.9997654724984255,0.17320508075688776
2026-08-31T22:59:31.726,128410984,P042,rhythm_normal,NORMAL,,,,755,430625,105743,117103,105949.98,117188.55,-206.98,-85.55,-258.46,711.64,False,False,nan,True,0.7,nan,98.91,False,0,COLLECTING,0,,0,,,,,0,54,19,30,60,0.9997654724984255,0.17320508075688776
2026-08-31T22:59:31.848,128411093,P042,rhythm_normal,NORMAL,,,,756,430665,105840,117215,105947.77,117189.09,-107.77,25.91,-187.36,701.15,False,False,nan,True,0.7,nan,98.91,False,0,COLLECTING,0,,0,,,,,0,54,19,30,60,0.9997654724984255,0.17320508075688776
2026-08-31T22:59:31.873,128411125,P042,rhythm_normal,NORMAL,,,,757,430705,105867,117286,105946.16,117191.02,-79.16,94.98,-116.78,689.47,False,False,nan,True,0.7,nan,98.91,False,0,COLLECTING,0,,0,,,,,0,54,19,30,60,0.9997654724984255,0.17320508075688776
2026-08-31T22:59:31.897,128411140,P042,rhythm_normal,NORMAL,,,,758,430745,105667,116762,105940.57,117182.45,-273.57,-420.45,-192.7,679.53,False,False,nan,True,0.7,nan,98.91,False,0,COLLECTING,0,,0,,,,,0,54,19,30,60,0.9997654724984255,0.17320508075688776
2026-08-31T22:59:31.909,128411156,P042,rhythm_normal,NORMAL,,,,759,430785,105068,115249,105923.12,117143.77,-855.12,-1894.77,-618.22,678.3,False,False,nan,True,0.7,nan,98.91,False,0,COLLECTING,0,,0,,,,,0,54,19,30,60,0.9997654724984255,0.17320508075688776
2026-08-31T22:59:31.935,128411187,P042,rhythm_normal,NORMAL,,,,760,430825,104624,114141,105897.13,117083.72,-1273.13,-2942.72,-1199.34,688.72,False,False,nan,True,0.7,nan,98.91,False,0,COLLECTING,0,,0,,,,,0,54,19,30,60,0.9997654724984255,0.17320508075688776
2026-08-31T22:59:32.048,128411296,P042,rhythm_normal,NORMAL,,,,761,430865,104605,114091,105871.29,117023.87,-1266.29,-2932.87,-1632.72,707.6,False,False,nan,True,0.7,nan,97.51,False,0,COLLECTING,0,,0,,,,,0,54,19,30,60,0.9995468973489938,0.17320508075688776
2026-08-31T22:59:32.074,128411328,P042,rhythm_normal,NORMAL,,,,762,430905,104653,114200,105846.92,116967.39,-1193.92,-2767.39,-1916.39,731.78,False,False,nan,True,0.7,nan,97.51,False,0,COLLECTING,0,,0,,,,,0,54,19,30,60,0.9995468973489938,0.17320508075688776
2026-08-31T22:59:32.083,128411328,P042,rhythm_normal,NORMAL,,,,763,430945,104645,114245,105822.88,116912.95,-1177.88,-2667.95,-2104.28,759.23,False,False,nan,True,0.7,nan,97.51,False,0,COLLECTING,0,,0,,,,,0,54,19,30,60,0.9995468973489938,0.17320508075688776
2026-08-31T22:59:32.104,128411359,P042,rhythm_normal,NORMAL,,,,764,430985,104691,114338,105800.24,116861.45,-1109.24,-2523.45,-2209.07,788.23,False,False,nan,True,0.7,nan,97.51,False,0,COLLECTING,0,,0,,,,,0,54,19,30,60,0.9995468973489938,0.17320508075688776
2026-08-31T22:59:32.118,128411375,P042,rhythm_normal,NORMAL,,,,765,431025,104720,114359,105778.64,116811.4,-1058.64,-2452.4,-2269.9,817.86,False,False,nan,True,0.7,nan,97.51,False,0,COLLECTING,0,,0,,,,,0,54,19,30,60,0.9995468973489938,0.17320508075688776
2026-08-31T22:59:32.243,128411500,P042,rhythm_normal,NORMAL,,,,766,431065,104664,114241,105756.35,116759.99,-1092.35,-2518.99,-2332.17,848.15,False,False,nan,True,0.7,nan,97.51,False,0,COLLECTING,0,,0,,,,,0,54,19,30,60,0.9997654724984255,0.17320508075688776
2026-08-31T22:59:32.257,128411515,P042,rhythm_normal,NORMAL,,,,767,431105,104629,114133,105733.8,116707.45,-1104.8,-2574.45,-2392.74,879.04,False,False,nan,True,0.7,nan,97.51,False,0,COLLECTING,0,,0,,,,,0,54,19,30,60,0.9997654724984255,0.17320508075688776
2026-08-31T22:59:32.279,128411531,P042,rhythm_normal,NORMAL,,,,768,431145,104639,114144,105711.91,116656.19,-1072.91,-2512.19,-2422.61,909.91,False,False,nan,True,0.7,nan,97.51,False,0,COLLECTING,0,,0,,,,,0,54,19,30,60,0.9997654724984255,0.17320508075688776
2026-08-31T22:59:32.291,128411546,P042,rhythm_normal,NORMAL,,,,769,431185,104692,114220,105691.51,116607.46,-999.51,-2387.46,-2413.82,939.99,False,False,nan,True,0.7,nan,97.51,False,0,COLLECTING,0,,0,,,,,0,54,19,30,60,0.9997654724984255,0.17320508075688776
2026-08-31T22:59:32.310,128411562,P042,rhythm_normal,NORMAL,,,,770,431225,104751,114295,105672.7,116561.21,-921.7,-2266.21,-2376.92,968.73,False,False,nan,True,0.7,nan,97.51,False,0,COLLECTING,0,,0,,,,,0,54,19,30,60,0.9997654724984255,0.17320508075688776
2026-08-31T22:59:32.452,128411703,P042,rhythm_normal,NORMAL,,,,771,431265,104762,114355,105654.48,116517.09,-892.48,-2162.09,-2323.21,995.82,False,False,nan,True,0.7,nan,97.51,False,0,COLLECTING,0,,0,,,,,0,54,19,30,60,0.9997654724984255,0.17320508075688776
2026-08-31T22:59:32.474,128411718,P042,rhythm_normal,NORMAL,,,,772,431305,104768,114414,105636.76,116475.02,-868.76,-2061.02,-2257.66,1021.05,False,False,nan,True,0.7,nan,97.51,False,0,COLLECTING,0,,0,,,,,0,54,19,30,60,0.9997654724984255,0.17320508075688776
2026-08-31T22:59:32.487,128411734,P042,rhythm_normal,NORMAL,,,,773,431345,104769,114473,105619.41,116434.98,-850.41,-1961.98,-2183.74,1044.31,False,False,nan,True,0.7,nan,97.51,False,0,COLLECTING,0,,0,,,,,0,54,19,30,60,0.9997654724984255,0.17320508075688776
2026-08-31T22:59:32.499,128411750,P042,rhythm_normal,NORMAL,,,,774,431385,104793,114501,105602.88,116396.3,-809.88,-1895.3,-2111.63,1065.65,False,False,nan,True,0.7,nan,97.51,False,0,COLLECTING,0,,0,,,,,0,54,19,30,60,0.9997654724984255,0.17320508075688776
2026-08-31T22:59:32.521,128411765,P042,rhythm_normal,NORMAL,,,,775,431425,104796,114505,105586.73,116358.48,-790.73,-1853.48,-2047.09,1085.28,False,False,nan,True,0.7,nan,97.51,False,0,COLLECTING,0,,0,,,,,0,54,19,30,60,0.9997654724984255,0.17320508075688776
2026-08-31T22:59:32.647,128411890,P042,rhythm_normal,NORMAL,,,,776,431465,104810,114539,105571.2,116322.09,-761.2,-1783.09,-1981.09,1103.2,False,False,nan,True,0.7,nan,97.51,False,0,COLLECTING,0,,0,,,,,0,54,19,30,60,0.9997654724984255,0.24494897427831783
2026-08-31T22:59:32.670,128411921,P042,rhythm_normal,NORMAL,,,,777,431505,104836,114624,105556.5,116288.12,-720.5,-1664.12,-1901.85,1119.17,False,False,nan,True,0.7,nan,97.51,False,0,COLLECTING,0,,0,,,,,0,54,19,30,60,0.9997654724984255,0.24494897427831783
2026-08-31T22:59:32.681,128411937,P042,rhythm_normal,NORMAL,,,,778,431545,104858,114749,105542.53,116257.34,-684.53,-1508.34,-1803.47,1132.86,False,False,nan,True,0.7,nan,97.51,False,0,COLLECTING,0,,0,,,,,0,54,19,30,60,0.9997654724984255,0.24494897427831783
2026-08-31T22:59:32.700,128411953,P042,rhythm_normal,NORMAL,,,,779,431585,104696,114390,105525.6,116220.0,-829.6,-1830.0,-1810.11,1146.4,False,False,nan,True,0.7,nan,97.51,False,0,COLLECTING,0,,0,,,,,0,54,19,30,60,0.9997654724984255,0.24494897427831783
2026-08-31T22:59:32.710,128411953,P042,rhythm_normal,NORMAL,,,,780,431625,104393,113698,105502.95,116169.56,-1109.95,-2471.56,-1975.47,1162.98,False,False,nan,True,0.7,nan,97.51,False,0,COLLECTING,0,,0,,,,,0,54,19,30,60,0.9997654724984255,0.24494897427831783
2026-08-31T22:59:32.849,128412093,P042,rhythm_normal,NORMAL,,,,781,431665,104270,113409,105478.3,116114.35,-1208.3,-2705.35,-2157.94,1182.88,False,False,nan,True,0.7,nan,97.51,False,0,COLLECTING,0,,0,,,,,0,54,19,30,60,0.9997654724984255,0.24494897427831783
2026-08-31T22:59:32.859,128412109,P042,rhythm_normal,NORMAL,,,,782,431705,104242,113402,105453.57,116060.1,-1211.57,-2658.1,-2282.98,1204.88,False,False,nan,True,0.7,nan,97.51,False,0,COLLECTING,0,,0,,,,,0,54,19,30,60,0.9997654724984255,0.24494897427831783
2026-08-31T22:59:32.877,128412125,P042,rhythm_normal,NORMAL,,,,783,431745,104262,113480,105429.74,116008.5,-1167.74,-2528.5,-2344.36,1227.67,False,False,nan,True,0.7,nan,97.51,False,0,COLLECTING,0,,0,,,,,0,54,19,30,60,0.9997654724984255,0.24494897427831783
2026-08-31T22:59:32.884,128412140,P042,rhythm_normal,NORMAL,,,,784,431785,104257,113521,105406.29,115958.75,-1149.29,-2437.75,-2367.71,1250.48,False,False,nan,True,0.7,nan,97.51,False,0,COLLECTING,0,,0,,,,,0,54,19,30,60,0.9997654724984255,0.24494897427831783
2026-08-31T22:59:32.905,128412156,P042,rhythm_normal,NORMAL,,,,785,431825,104312,113697,105384.41,115913.52,-1072.41,-2216.52,-2329.91,1272.06,False,False,nan,True,0.7,nan,97.51,False,0,COLLECTING,0,,0,,,,,0,54,19,30,60,0.9997654724984255,0.24494897427831783
2026-08-31T22:59:33.040,128412296,P042,rhythm_normal,NORMAL,,,,786,431865,104387,113848,105364.46,115872.2,-977.46,-2024.2,-2253.48,1291.69,False,False,nan,True,0.7,nan,97.51,False,0,COLLECTING,0,,0,,,,,0,54,19,30,60,0.9997654724984255,0.17320508075688776
2026-08-31T22:59:33.061,128412312,P042,rhythm_normal,NORMAL,,,,787,431905,104370,113815,105344.57,115831.06,-974.57,-2016.06,-2194.13,1309.74,False,False,nan,True,0.7,nan,97.51,False,0,COLLECTING,0,,0,,,,,0,54,19,30,60,0.9997654724984255,0.17320508075688776
2026-08-31T22:59:33.072,128412328,P042,rhythm_normal,NORMAL,,,,788,431945,104364,113800,105324.96,115790.44,-960.96,-1990.44,-2143.21,1326.41,False,False,nan,True,0.7,nan,97.51,False,0,COLLECTING,0,,0,,,,,0,54,19,30,60,0.9997654724984255,0.17320508075688776
2026-08-31T22:59:33.092,128412343,P042,rhythm_normal,NORMAL,,,,789,431985,104403,113894,105306.52,115752.51,-903.52,-1858.51,-2072.03,1341.32,False,False,nan,True,0.7,nan,97.51,False,0,COLLECTING,0,,0,,,,,0,54,19,30,60,0.9997654724984255,0.17320508075688776
2026-08-31T22:59:33.103,128412359,P042,rhythm_normal,NORMAL,,,,790,432025,104495,114107,105290.3,115719.6,-795.3,-1612.6,-1957.17,1353.64,False,False,nan,True,0.7,nan,97.51,False,0,COLLECTING,0,,0,,,,,0,54,19,30,60,0.9997654724984255,0.17320508075688776
2026-08-31T22:59:33.242,128412500,P042,rhythm_normal,NORMAL,,,,791,432065,104575,114314,105275.99,115691.49,-700.99,-1377.49,-1812.25,1362.81,False,False,nan,True,0.7,nan,97.51,False,0,COLLECTING,0,,0,,,,,0,54,19,30,60,0.9997654724984255,0.17320508075688776
2026-08-31T22:59:33.263,128412515,P042,rhythm_normal,NORMAL,,,,792,432105,104624,114452,105262.95,115666.7,-638.95,-1214.7,-1662.87,1368.81,False,False,nan,True,0.7,nan,97.51,False,0,COLLECTING,0,,0,,,,,0,54,19,30,60,0.9997654724984255,0.17320508075688776
2026-08-31T22:59:33.269,128412515,P042,rhythm_normal,NORMAL,,,,793,432145,104673,114568,105251.16,115644.73,-578.16,-1076.73,-1516.33,1371.76,False,False,nan,True,0.7,nan,97.51,False,0,COLLECTING,0,,0,,,,,0,54,19,30,60,0.9997654724984255,0.17320508075688776
2026-08-31T22:59:33.280,128412531,P042,rhythm_normal,NORMAL,,,,794,432185,104697,114597,105240.07,115623.77,-543.07,-1026.77,-1393.94,1372.21,False,False,nan,True,0.7,nan,97.51,False,0,COLLECTING,0,,0,,,,,0,54,19,30,60,0.9997654724984255,0.17320508075688776
2026-08-31T22:59:33.298,128412546,P042,rhythm_normal,NORMAL,,,,795,432225,104701,114573,105229.29,115602.76,-528.29,-1029.76,-1302.9,1370.82,False,False,nan,True,0.7,nan,97.51,False,0,COLLECTING,0,,0,,,,,0,54,19,30,60,0.9997654724984255,0.17320508075688776
2026-08-31T22:59:33.446,128412703,P042,rhythm_normal,NORMAL,,,,796,432265,104709,114612,105218.88,115582.95,-509.88,-970.95,-1219.91,1367.8,False,False,nan,True,0.7,nan,97.51,False,0,COLLECTING,0,,0,,,,,0,54,19,30,60,0.9997654724984255,0.17320508075688776
2026-08-31T22:59:33.466,128412718,P042,rhythm_normal,NORMAL,,,,797,432305,104736,114711,105209.23,115565.51,-473.23,-854.51,-1128.56,1363.02,False,False,nan,True,0.7,nan,97.51,False,0,COLLECTING,0,,0,,,,,0,54,19,30,60,0.9997654724984255,0.17320508075688776
2026-08-31T22:59:33.486,128412734,P042,rhythm_normal,NORMAL,,,,798,432345,104783,114808,105200.7,115550.36,-417.7,-742.36,-1032.01,1356.4,False,False,nan,True,0.7,nan,97.51,False,0,COLLECTING,0,,0,,,,,0,54,19,30,60,0.9997654724984255,0.17320508075688776
2026-08-31T22:59:33.496,128412750,P042,rhythm_normal,NORMAL,,,,799,432385,104818,114890,105193.05,115537.15,-375.05,-647.15,-935.79,1347.99,False,False,nan,True,0.7,nan,97.51,False,0,COLLECTING,0,,0,,,,,0,54,19,30,60,0.9997654724984255,0.17320508075688776
2026-08-31T22:59:33.518,128412765,P042,rhythm_normal,NORMAL,,,,800,432425,104872,115003,105186.62,115526.47,-314.62,-523.47,-832.71,1337.68,False,False,nan,True,0.7,nan,97.51,False,0,COLLECTING,0,,0,,,,,0,54,19,30,60,0.9997654724984255,0.17320508075688776
2026-08-31T22:59:33.649,128412906,P042,rhythm_normal,NORMAL,,,,801,432465,104752,114722,105177.93,115510.38,-425.93,-788.38,-821.63,1327.36,False,False,nan,True,0.7,nan,97.51,False,0,COLLECTING,0,,0,,,,,0,54,19,30,60,0.9997654724984255,0.17320508075688776
2026-08-31T22:59:33.668,128412921,P042,rhythm_normal,NORMAL,,,,802,432505,104337,113781,105161.11,115475.8,-824.11,-1694.8,-1039.92,1321.61,False,False,nan,True,0.7,nan,97.51,False,0,COLLECTING,0,,0,,,,,0,54,19,30,60,0.9997654724984255,0.17320508075688776
2026-08-31T22:59:33.674,128412921,P042,rhythm_normal,NORMAL,,,,803,432545,104166,113330,105141.21,115432.88,-975.21,-2102.88,-1305.66,1321.29,False,False,nan,True,0.7,nan,97.51,False,0,COLLECTING,0,,0,,,,,0,54,19,30,60,0.9997654724984255,0.17320508075688776
2026-08-31T22:59:33.682,128412937,P042,rhythm_normal,NORMAL,,,,804,432585,104125,113235,105120.89,115388.92,-995.89,-2153.92,-1517.73,1325.22,False,False,nan,True,0.7,nan,97.51,False,0,COLLECTING,0,,0,,,,,0,54,19,30,60,0.9997654724984255,0.17320508075688776
2026-08-31T22:59:33.700,128412953,P042,rhythm_normal,NORMAL,,,,805,432625,104128,113253,105101.03,115346.2,-973.03,-2093.2,-1661.6,1331.95,False,False,nan,True,0.7,nan,97.51,False,0,COLLECTING,0,,0,,,,,0,54,19,30,60,0.9997654724984255,0.17320508075688776
2026-08-31T22:59:33.844,128413093,P042,rhythm_normal,NORMAL,,,,806,432665,104123,113283,105081.47,115304.94,-958.47,-2021.94,-1751.68,1340.34,False,False,nan,True,0.7,nan,97.51,False,0,COLLECTING,0,,0,,,,,0,54,19,30,60,0.9997654724984255,0.24494897427831783
2026-08-31T22:59:33.884,128413140,P042,rhythm_normal,NORMAL,,,,807,432705,104149,113327,105062.82,115265.38,-913.82,-1938.38,-1798.35,1349.5,False,False,nan,True,0.7,nan,97.51,False,0,COLLECTING,0,,0,,,,,0,54,19,30,60,0.9997654724984255,0.24494897427831783
2026-08-31T22:59:33.897,128413140,P042,rhythm_normal,NORMAL,,,,808,432745,104187,113405,105045.3,115228.16,-858.3,-1823.16,-1804.56,1358.6,False,False,nan,True,0.7,nan,97.51,False,0,COLLECTING,0,,0,,,,,0,54,19,30,60,0.9997654724984255,0.24494897427831783
2026-08-31T22:59:33.904,128413156,P042,rhythm_normal,NORMAL,,,,809,432785,104177,113391,105027.94,115191.42,-850.94,-1800.42,-1803.52,1367.5,False,False,nan,True,0.7,nan,97.51,False,0,COLLECTING,0,,0,,,,,0,54,19,30,60,0.9997654724984255,0.24494897427831783
2026-08-31T22:59:33.922,128413171,P042,rhythm_normal,NORMAL,,,,810,432825,104153,113344,105010.44,115154.48,-857.44,-1810.48,-1805.26,1376.26,False,False,nan,True,0.7,nan,97.51,False,0,COLLECTING,0,,0,,,,,0,54,19,30,60,0.9997654724984255,0.24494897427831783
2026-08-31T22:59:34.045,128413296,P042,rhythm_normal,NORMAL,,,,811,432865,104167,113397,104993.57,115119.33,-826.57,-1722.33,-1784.53,1384.42,False,False,nan,True,0.7,nan,97.51,False,0,COLLECTING,0,,0,,,,,0,54,19,30,60,0.9997654724984255,0.17320508075688776
2026-08-31T22:59:34.067,128413312,P042,rhythm_normal,NORMAL,,,,812,432905,104235,113560,104978.4,115088.14,-743.4,-1528.14,-1720.43,1391.14,False,False,nan,True,0.7,nan,97.51,False,0,COLLECTING,0,,0,,,,,0,54,19,30,60,0.9997654724984255,0.17320508075688776
2026-08-31T22:59:34.077,128413328,P042,rhythm_normal,NORMAL,,,,813,432945,104293,113709,104964.69,115060.55,-671.69,-1351.55,-1628.21,1395.88,False,False,nan,True,0.7,nan,97.51,False,0,COLLECTING,0,,0,,,,,0,54,19,30,60,0.9997654724984255,0.17320508075688776
2026-08-31T22:59:34.098,128413343,P042,rhythm_normal,NORMAL,,,,814,432985,104361,113861,104952.62,115036.56,-591.62,-1175.56,-1515.05,1398.27,False,False,nan,True,0.7,nan,97.51,False,0,COLLECTING,0,,0,,,,,0,54,19,30,60,0.9997654724984255,0.17320508075688776
2026-08-31T22:59:34.105,128413359,P042,rhythm_normal,NORMAL,,,,815,433025,104406,114007,104941.69,115015.97,-535.69,-1008.97,-1388.53,1398.07,False,False,nan,True,0.7,nan,97.51,False,0,COLLECTING,0,,0,,,,,0,54,19,30,60,0.9997654724984255,0.17320508075688776
2026-08-31T22:59:34.244,128413500,P042,rhythm_normal,NORMAL,,,,816,433065,104450,114151,104931.85,114998.67,-481.85,-847.67,-1253.32,1395.18,False,False,nan,True,0.7,nan,97.51,False,0,COLLECTING,0,,0,,,,,0,54,19,30,60,0.9997654724984255,0.24494897427831783
2026-08-31T22:59:34.253,128413500,P042,rhythm_normal,NORMAL,,,,817,433105,104494,114260,104923.09,114983.9,-429.09,-723.9,-1120.96,1389.69,False,False,nan,True,0.7,nan,97.51,False,0,COLLECTING,0,,0,,,,,0,54,19,30,60,0.9997654724984255,0.24494897427831783
2026-08-31T22:59:34.273,128413531,P042,rhythm_normal,NORMAL,,,,818,433145,104537,114349,104915.38,114971.2,-378.38,-622.2,-996.27,1381.82,False,False,nan,True,0.7,nan,97.51,False,0,COLLECTING,0,,0,,,,,0,54,19,30,60,0.9997654724984255,0.24494897427831783
2026-08-31T22:59:34.285,128413531,P042,rhythm_normal,NORMAL,,,,819,433185,104577,114439,104908.61,114960.56,-331.61,-521.56,-877.59,1371.74,False,False,nan,True,0.7,nan,97.51,False,0,COLLECTING,0,,0,,,,,0,54,19,30,60,0.9997654724984255,0.24494897427831783
2026-08-31T22:59:34.304,128413562,P042,rhythm_normal,NORMAL,,,,820,433225,104616,114525,104902.76,114951.85,-286.76,-426.85,-764.91,1359.6,False,False,nan,True,0.7,nan,97.51,False,0,COLLECTING,0,,0,,,,,0,54,19,30,60,0.9997654724984255,0.24494897427831783
2026-08-31T22:59:34.442,128413687,P042,rhythm_normal,NORMAL,,,,821,433265,104676,114689,104898.23,114946.59,-222.23,-257.59,-638.08,1345.17,False,False,nan,True,0.7,nan,97.51,False,0,COLLECTING,0,,0,,,,,0,54,19,30,60,0.9997654724984255,0.17320508075688776
2026-08-31T22:59:34.462,128413718,P042,rhythm_normal,NORMAL,,,,822,433305,104758,114873,104895.42,114945.12,-137.42,-72.12,-496.59,1328.2,False,False,nan,True,0.7,nan,97.51,False,0,COLLECTING,0,,0,,,,,0,54,19,30,60,0.9997654724984255,0.17320508075688776
2026-08-31T22:59:34.484,128413734,P042,rhythm_normal,NORMAL,,,,823,433345,104802,115015,104893.55,114946.52,-91.55,68.48,-355.32,1308.74,False,False,nan,True,0.7,nan,97.51,False,0,COLLECTING,0,,0,,,,,0,54,19,30,60,0.9997654724984255,0.17320508075688776
2026-08-31T22:59:34.491,128413734,P042,rhythm_normal,NORMAL,,,,824,433385,104523,114316,104886.14,114933.91,-363.14,-617.91,-420.97,1290.99,False,False,nan,True,0.7,nan,97.51,False,0,COLLECTING,0,,0,,,,,0,54,19,30,60,0.9997654724984255,0.17320508075688776
2026-08-31T22:59:34.496,128413750,P042,rhythm_normal,NORMAL,,,,825,433425,104149,113447,104871.4,114904.18,-722.4,-1457.18,-680.02,1278.77,False,False,nan,True,0.7,nan,97.51,False,0,COLLECTING,0,,0,,,,,0,54,19,30,60,0.9997654724984255,0.17320508075688776
2026-08-31T22:59:34.641,128413890,P042,rhythm_normal,NORMAL,,,,826,433465,104059,113254,104855.15,114871.18,-796.15,-1617.18,-914.31,1271.48,False,False,nan,True,0.7,nan,97.51,False,0,COLLECTING,0,,0,,,,,0,54,19,30,60,0.9997654724984255,0.17320508075688776
2026-08-31T22:59:34.657,128413906,P042,rhythm_normal,NORMAL,,,,827,433505,104096,113340,104839.97,114840.55,-743.97,-1500.55,-1060.87,1267.27,False,False,nan,True,0.7,nan,97.51,False,0,COLLECTING,0,,0,,,,,0,54,19,30,60,0.9997654724984255,0.17320508075688776
2026-08-31T22:59:34.678,128413921,P042,rhythm_normal,NORMAL,,,,828,433545,104142,113423,104826.01,114812.2,-684.01,-1389.2,-1142.96,1264.78,False,False,nan,True,0.7,nan,97.51,False,0,COLLECTING,0,,0,,,,,0,54,19,30,60,0.9997654724984255,0.17320508075688776
2026-08-31T22:59:34.690,128413937,P042,rhythm_normal,NORMAL,,,,829,433585,104143,113464,104812.35,114785.24,-669.35,-1321.24,-1187.53,1263.24,False,False,nan,True,0.7,nan,97.51,False,0,COLLECTING,0,,0,,,,,0,54,19,30,60,0.9997654724984255,0.17320508075688776
2026-08-31T22:59:34.706,128413953,P042,rhythm_normal,NORMAL,,,,830,433625,104203,113600,104800.16,114761.54,-597.16,-1161.54,-1181.03,1261.59,False,False,nan,True,0.7,nan,97.51,False,0,COLLECTING,0,,0,,,,,0,54,19,30,60,0.9997654724984255,0.17320508075688776
2026-08-31T22:59:34.842,128414093,P042,rhythm_normal,NORMAL,,,,831,433665,104226,113673,104788.68,114739.77,-562.68,-1066.77,-1152.46,1259.41,False,False,nan,True,0.7,nan,97.51,False,0,COLLECTING,0,,0,,,,,0,54,19,30,60,0.9997654724984255,0.17320508075688776
2026-08-31T22:59:34.861,128414109,P042,rhythm_normal,NORMAL,,,,832,433705,104183,113577,104776.56,114716.51,-593.56,-1139.51,-1149.23,1257.21,False,False,nan,True,0.7,nan,97.51,False,0,COLLECTING,0,,0,,,,,0,54,19,30,60,0.9997654724984255,0.17320508075688776
2026-08-31T22:59:34.874,128414125,P042,rhythm_normal,NORMAL,,,,833,433745,104172,113558,104764.47,114693.34,-592.47,-1135.34,-1145.75,1254.98,False,False,nan,True,0.7,nan,97.51,False,0,COLLECTING,0,,0,,,,,0,54,19,30,60,0.9997654724984255,0.17320508075688776
2026-08-31T22:59:34.894,128414140,P042,rhythm_normal,NORMAL,,,,834,433785,104226,113689,104753.7,114673.25,-527.7,-984.25,-1105.38,1251.98,False,False,nan,True,0.7,nan,97.51,False,0,COLLECTING,0,,0,,,,,0,54,19,30,60,0.9997654724984255,0.17320508075688776
2026-08-31T22:59:34.903,128414156,P042,rhythm_normal,NORMAL,,,,835,433825,104307,113925,104744.77,114658.28,-437.77,-733.28,-1012.35,1247.19,False,False,nan,True,0.7,nan,97.51,False,0,COLLECTING,0,,0,,,,,0,54,19,30,60,0.9997654724984255,0.17320508075688776
2026-08-31T22:59:35.052,128414296,P042,rhythm_normal,NORMAL,,,,836,433865,104396,114124,104737.79,114647.59,-341.79,-523.59,-890.16,1240.05,False,False,nan,True,0.7,nan,97.51,False,0,COLLECTING,0,,0,,,,,0,54,19,30,60,0.9997654724984255,0.24494897427831783
2026-08-31T22:59:35.064,128414312,P042,rhythm_normal,NORMAL,,,,837,433905,104464,114278,104732.31,114640.2,-268.31,-362.2,-758.17,1230.41,False,False,nan,True,0.7,nan,97.51,False,0,COLLECTING,0,,0,,,,,0,54,19,30,60,0.9997654724984255,0.24494897427831783
2026-08-31T22:59:35.088,128414343,P042,rhythm_normal,NORMAL,,,,838,433945,104504,114390,104727.75,114635.2,-223.75,-245.2,-629.93,1218.4,False,False,nan,True,0.7,nan,97.51,False,0,COLLECTING,0,,0,,,,,0,54,19,30,60,0.9997654724984255,0.24494897427831783
2026-08-31T22:59:35.101,128414359,P042,rhythm_normal,NORMAL,,,,839,433985,104524,114471,104723.67,114631.91,-199.67,-160.91,-512.68,1204.29,False,False,nan,True,0.7,nan,97.51,False,0,COLLECTING,0,,0,,,,,0,54,19,30,60,0.9997654724984255,0.24494897427831783
2026-08-31T22:59:35.112,128414359,P042,rhythm_normal,NORMAL,,,,840,434025,104563,114582,104720.46,114630.91,-157.46,-48.91,-396.73,1188.14,False,False,nan,True,0.7,nan,97.51,False,0,COLLECTING,0,,0,,,,,0,54,19,30,60,0.9997654724984255,0.24494897427831783
2026-08-31T22:59:35.256,128414500,P042,rhythm_normal,NORMAL,,,,841,434065,104618,114796,104718.41,114634.22,-100.41,161.78,-257.11,1169.52,False,False,nan,True,0.7,nan,97.51,False,0,COLLECTING,0,,0,,,,,0,54,19,30,60,0.9997654724984255,0.24494897427831783
2026-08-31T22:59:35.288,128414546,P042,rhythm_normal,NORMAL,,,,842,434105,104730,115114,104718.65,114643.81,11.35,470.19,-75.28,1147.63,False,False,nan,True,0.7,nan,97.51,False,0,COLLECTING,0,,0,,,,,0,54,19,30,60,0.9997654724984255,0.24494897427831783
2026-08-31T22:59:35.296,128414546,P042,rhythm_normal,NORMAL,,,,843,434145,104858,115462,104721.44,114660.18,136.56,801.82,143.99,1127.56,False,False,nan,True,0.7,nan,97.51,False,0,COLLECTING,0,,0,,,,,0,54,19,30,60,0.9997654724984255,0.24494897427831783
2026-08-31T22:59:35.304,128414562,P042,rhythm_normal,NORMAL,,,,844,434185,104983,115791,104726.67,114682.8,256.33,1108.2,385.05,1112.71,False,False,nan,True,0.7,nan,97.51,False,0,COLLECTING,0,,0,,,,,0,54,19,30,60,0.9997654724984255,0.24494897427831783
2026-08-31T22:59:35.321,128414578,P042,rhythm_normal,NORMAL,,,,845,434225,104852,115450,104729.18,114698.14,122.82,751.86,476.75,1099.99,False,False,nan,True,0.7,nan,97.51,False,0,COLLECTING,0,,0,,,,,0,54,19,30,60,0.9997654724984255,0.24494897427831783
2026-08-31T22:59:35.454,128414703,P042,rhythm_normal,NORMAL,,,,846,434265,104308,114091,104720.76,114686.0,-412.76,-595.0,208.81,1082.17,True,False,nan,True,0.7,nan,97.51,False,0,COLLECTING,0,,0,,,,,0,54,19,30,60,0.9997654724984255,0.24494897427831783
2026-08-31T22:59:35.490,128414734,P042,rhythm_normal,NORMAL,,,,847,434305,104163,113722,104709.6,114666.72,-546.6,-944.72,-79.57,1062.12,False,False,nan,True,0.7,nan,97.51,False,0,COLLECTING,0,,0,,,,,0,54,19,30,60,0.9997654724984255,0.24494897427831783
2026-08-31T22:59:35.503,128414750,P042,rhythm_normal,NORMAL,,,,848,434345,104236,113877,104700.13,114650.92,-464.13,-773.92,-253.16,1045.94,False,False,nan,True,0.7,nan,97.51,False,0,COLLECTING,0,,0,,,,,0,54,19,30,60,0.9997654724984255,0.24494897427831783
2026-08-31T22:59:35.511,128414765,P042,rhythm_normal,NORMAL,,,,849,434385,104326,114096,104692.65,114639.82,-366.65,-543.82,-325.82,1031.53,False,False,nan,True,0.7,nan,97.51,False,0,COLLECTING,0,,0,,,,,0,54,19,30,60,0.9997654724984255,0.24494897427831783
2026-08-31T22:59:35.546,128414796,P042,rhythm_normal,NORMAL,,,,850,434425,104381,114235,104686.41,114631.73,-305.41,-396.73,-343.55,1017.77,False,False,nan,True,0.7,nan,97.51,False,0,COLLECTING,0,,0,,,,,0,54,19,30,60,0.9997654724984255,0.24494897427831783
2026-08-31T22:59:35.653,128414906,P042,rhythm_normal,NORMAL,,,,851,434465,104496,114509,104682.61,114629.27,-186.61,-120.27,-287.73,1003.17,False,False,nan,True,0.7,nan,97.51,False,0,COLLECTING,0,,0,,,,,0,54,19,30,60,0.9995468973489938,0.24494897427831783
2026-08-31T22:59:35.683,128414937,P042,rhythm_normal,NORMAL,,,,852,434505,104492,114476,104678.8,114626.21,-186.8,-150.21,-253.35,988.18,False,False,nan,True,0.7,nan,97.51,False,0,COLLECTING,0,,0,,,,,0,54,19,30,60,0.9995468973489938,0.24494897427831783
2026-08-31T22:59:35.697,128414953,P042,rhythm_normal,NORMAL,,,,853,434545,104384,114190,104672.9,114617.48,-288.9,-427.48,-296.88,974.35,False,False,nan,True,0.7,nan,97.51,False,0,COLLECTING,0,,0,,,,,0,54,19,30,60,0.9995468973489938,0.24494897427831783
2026-08-31T22:59:35.707,128414953,P042,rhythm_normal,NORMAL,,,,854,434585,104375,114152,104666.94,114608.17,-291.94,-456.17,-336.71,961.6,False,False,nan,True,0.7,nan,97.51,False,0,COLLECTING,0,,0,,,,,0,54,19,30,60,0.9995468973489938,0.24494897427831783
2026-08-31T22:59:35.719,128414968,P042,rhythm_normal,NORMAL,,,,855,434625,104443,114335,104662.46,114602.71,-219.46,-267.71,-319.46,948.76,False,False,nan,True,0.7,nan,97.51,False,0,COLLECTING,0,,0,,,,,0,54,19,30,60,0.9995468973489938,0.24494897427831783
2026-08-31T22:59:35.858,128415109,P042,rhythm_normal,NORMAL,,,,856,434665,104548,114630,104660.17,114603.26,-112.17,26.74,-232.91,934.44,False,False,nan,True,0.7,nan,97.51,False,0,COLLECTING,0,,0,,,,,0,54,19,30,60,0.9997654724984255,0.17320508075688776
2026-08-31T22:59:35.889,128415140,P042,rhythm_normal,NORMAL,,,,857,434705,104649,114863,104659.95,114608.45,-10.95,254.55,-111.04,917.97,False,False,nan,True,0.7,nan,97.51,False,0,COLLECTING,0,,0,,,,,0,54,19,30,60,0.9997654724984255,0.17320508075688776
2026-08-31T22:59:35.900,128415156,P042,rhythm_normal,NORMAL,,,,858,434745,104710,115032,104660.95,114616.92,49.05,415.08,20.49,900.02,False,False,nan,True,0.7,nan,97.51,False,0,COLLECTING,0,,0,,,,,0,54,19,30,60,0.9997654724984255,0.17320508075688776
2026-08-31T22:59:35.910,128415156,P042,rhythm_normal,NORMAL,,,,859,434785,104766,115166,104663.05,114627.91,102.95,538.09,149.89,885.02,False,False,nan,True,0.7,nan,97.51,False,0,COLLECTING,0,,0,,,,,0,54,19,30,60,0.9997654724984255,0.17320508075688776
2026-08-31T22:59:35.944,128415187,P042,rhythm_normal,NORMAL,,,,860,434825,104807,115290,104665.93,114641.15,141.07,648.85,274.63,872.81,False,False,nan,True,0.7,nan,97.51,False,0,COLLECTING,0,,0,,,,,0,54,19,30,60,0.9997654724984255,0.17320508075688776
2026-08-31T22:59:36.054,128415312,P042,rhythm_normal,NORMAL,,,,861,434865,104835,115369,104669.31,114655.7,165.69,713.3,384.3,863.04,False,False,nan,True,0.7,nan,nan,False,0,COLLECTING,0,,0,,,,,0,54,19,30,60,0.9997654724984255,0.17320508075688776
2026-08-31T22:59:36.093,128415343,P042,rhythm_normal,NORMAL,,,,862,434905,104875,115472,104673.43,114672.03,201.57,799.97,488.21,855.54,False,False,nan,True,0.7,nan,nan,False,0,COLLECTING,0,,0,,,,,0,54,19,30,60,0.9997654724984255,0.17320508075688776
2026-08-31T22:59:36.100,128415343,P042,rhythm_normal,NORMAL,,,,863,434945,104938,115631,104678.72,114691.21,259.28,939.79,601.11,850.45,False,False,nan,True,0.7,nan,nan,False,0,COLLECTING,0,,0,,,,,0,54,19,30,60,0.9997654724984255,0.17320508075688776
2026-08-31T22:59:36.109,128415359,P042,rhythm_normal,NORMAL,,,,864,434985,105017,115824,104685.48,114713.87,331.52,1110.13,728.36,848.01,False,False,nan,True,0.7,nan,nan,False,0,COLLECTING,0,,0,,,,,0,54,19,30,60,0.9997654724984255,0.17320508075688776
2026-08-31T22:59:36.120,128415375,P042,rhythm_normal,NORMAL,,,,865,435025,105041,115906,104692.59,114737.71,348.41,1168.29,838.35,847.82,False,False,nan,True,0.7,nan,nan,False,0,COLLECTING,0,,0,,,,,0,54,19,30,60,0.9997654724984255,0.17320508075688776
2026-08-31T22:59:36.261,128415515,P042,rhythm_normal,NORMAL,,,,866,435065,104590,114782,104690.54,114738.59,-100.54,43.41,639.61,843.66,True,True,800.0,True,0.7,nan,nan,False,0,COLLECTING,0,,0,,,,,0,54,19,30,60,0.9997654724984255,0.24494897427831783
2026-08-31T22:59:36.272,128415515,P042,rhythm_normal,NORMAL,,,,867,435105,104217,113866,104681.07,114721.14,-464.07,-855.14,265.92,832.1,False,False,nan,True,0.7,nan,nan,False,0,COLLECTING,0,,0,,,,,0,54,19,30,60,0.9997654724984255,0.24494897427831783
2026-08-31T22:59:36.285,128415531,P042,rhythm_normal,NORMAL,,,,868,435145,104186,113805,104671.17,114702.82,-485.17,-897.82,-25.01,815.96,False,False,nan,True,0.7,nan,nan,False,0,COLLECTING,0,,0,,,,,0,54,19,30,60,0.9997654724984255,0.24494897427831783
2026-08-31T22:59:36.311,128415562,P042,rhythm_normal,NORMAL,,,,869,435185,104257,113960,104662.89,114687.96,-405.89,-727.96,-200.75,803.65,False,False,nan,True,0.7,nan,nan,False,0,COLLECTING,0,,0,,,,,0,54,19,30,60,0.9997654724984255,0.24494897427831783
2026-08-31T22:59:36.325,128415578,P042,rhythm_normal,NORMAL,,,,870,435225,104308,114090,104655.79,114676.0,-347.79,-586.0,-297.06,793.52,False,False,nan,True,0.7,nan,nan,False,0,COLLECTING,0,,0,,,,,0,54,19,30,60,0.9997654724984255,0.24494897427831783
2026-08-31T22:59:36.449,128415703,P042,rhythm_normal,NORMAL,,,,871,435265,104338,114166,104649.43,114665.8,-311.43,-499.8,-347.75,784.61,False,False,nan,True,0.7,nan,nan,False,0,COLLECTING,0,,0,,,,,1,54,19,30,60,0.9997654724984255,0.24494897427831783
2026-08-31T22:59:36.479,128415734,P042,rhythm_normal,NORMAL,,,,872,435315,104414,114325,104644.72,114658.98,-230.72,-333.98,-344.31,775.8,False,False,nan,True,0.7,nan,nan,False,0,COLLECTING,0,,0,,,,,1,54,19,30,60,0.9997654724984255,0.24494897427831783
2026-08-31T22:59:36.495,128415750,P042,rhythm_normal,NORMAL,,,,873,435345,104396,114316,104639.74,114652.12,-243.74,-336.12,-342.26,767.13,False,False,nan,True,0.7,nan,nan,False,0,COLLECTING,0,,0,,,,,1,54,19,30,60,0.9997654724984255,0.24494897427831783
2026-08-31T22:59:36.506,128415750,P042,rhythm_normal,NORMAL,,,,874,435395,104356,114216,104634.07,114643.41,-278.07,-427.41,-363.55,759.06,False,False,nan,True,0.7,nan,nan,False,0,COLLECTING,0,,0,,,,,1,54,19,30,60,0.9997654724984255,0.24494897427831783
2026-08-31T22:59:36.516,128415765,P042,rhythm_normal,NORMAL,,,,875,435435,104362,114229,104628.63,114635.12,-266.63,-406.12,-374.19,751.36,False,False,nan,True,0.7,nan,nan,False,0,COLLECTING,0,,0,,,,,1,54,19,30,60,0.9997654724984255,0.24494897427831783
2026-08-31T22:59:36.657,128415906,P042,rhythm_normal,NORMAL,,,,876,435465,104462,114481,104625.3,114632.03,-163.3,-151.03,-318.4,742.7,False,False,nan,True,0.7,nan,nan,False,0,COLLECTING,0,,0,,,,,1,54,19,30,60,0.9997654724984255,0.17320508075688776
2026-08-31T22:59:36.666,128415921,P042,rhythm_normal,NORMAL,,,,877,435515,104565,114716,104624.09,114633.71,-59.09,82.29,-218.23,732.21,False,False,nan,True,0.7,nan,nan,False,0,COLLECTING,0,,0,,,,,1,54,19,30,60,0.9997654724984255,0.17320508075688776
2026-08-31T22:59:36.676,128415921,P042,rhythm_normal,NORMAL,,,,878,435545,104661,114969,104624.83,114640.41,36.17,328.59,-81.52,719.2,False,False,nan,True,0.7,nan,nan,False,0,COLLECTING,0,,0,,,,,1,54,19,30,60,0.9997654724984255,0.17320508075688776
2026-08-31T22:59:36.686,128415937,P042,rhythm_normal,NORMAL,,,,879,435595,104721,115142,104626.75,114650.45,94.25,491.55,61.75,706.05,False,False,nan,True,0.7,nan,nan,False,0,COLLECTING,0,,0,,,,,1,54,19,30,60,0.9997654724984255,0.17320508075688776
2026-08-31T22:59:36.714,128415968,P042,rhythm_normal,NORMAL,,,,880,435635,104761,115202,104629.44,114661.48,131.56,540.52,181.44,695.56,False,False,nan,True,0.7,nan,nan,False,0,COLLECTING,0,,0,,,,,1,54,19,30,60,0.9997654724984255,0.17320508075688776
2026-08-31T22:59:36.882,128416140,P042,rhythm_normal,NORMAL,,,,881,435675,104806,115342,104632.97,114675.09,173.03,666.91,302.81,687.7,False,False,nan,True,0.7,nan,nan,False,0,COLLECTING,0,,0,,,,,1,54,19,30,60,0.9997654724984255,0.24494897427831783
2026-08-31T22:59:36.898,128416156,P042,rhythm_normal,NORMAL,,,,882,435715,104838,115407,104637.07,114689.73,200.93,717.27,406.42,682.08,False,False,nan,True,0.7,nan,nan,False,0,COLLECTING,0,,0,,,,,1,54,19,30,60,0.9997654724984255,0.24494897427831783
2026-08-31T22:59:36.904,128416156,P042,rhythm_normal,NORMAL,,,,883,435755,104880,115538,104641.93,114706.7,238.07,831.3,512.64,678.69,False,False,nan,True,0.7,nan,nan,False,0,COLLECTING,0,,0,,,,,1,54,19,30,60,0.9997654724984255,0.24494897427831783
2026-08-31T22:59:36.910,128416156,P042,rhythm_normal,NORMAL,,,,884,435795,104980,115779,104648.69,114728.14,331.31,1050.86,647.2,678.06,False,False,nan,True,0.7,nan,nan,False,0,COLLECTING,0,,0,,,,,1,54,19,30,60,0.9997654724984255,0.24494897427831783
2026-08-31T22:59:36.939,128416187,P042,rhythm_normal,NORMAL,,,,885,435835,105080,116095,104657.31,114755.48,422.69,1339.52,820.28,680.9,False,False,nan,True,0.7,nan,nan,False,0,COLLECTING,0,,0,,,,,1,54,19,30,60,0.9997654724984255,0.24494897427831783
2026-08-31T22:59:37.050,128416296,P042,rhythm_normal,NORMAL,,,,886,435875,105131,116252,104666.79,114785.41,464.21,1466.59,981.86,686.92,False,False,nan,True,0.7,nan,nan,False,0,COLLECTING,0,,0,,,,,1,54,19,30,60,0.9997654724984255,0.17320508075688776
2026-08-31T22:59:37.081,128416328,P042,rhythm_normal,NORMAL,,,,887,435915,104684,115119,104667.13,114792.08,16.87,326.92,818.12,689.55,True,True,850.0,True,0.7,nan,nan,False,0,COLLECTING,0,,0,,,,,1,54,19,30,60,0.9997654724984255,0.17320508075688776
2026-08-31T22:59:37.096,128416343,P042,rhythm_normal,NORMAL,,,,888,435955,104217,113992,104658.13,114776.08,-441.13,-784.08,417.57,684.11,False,False,nan,True,0.7,nan,nan,False,0,COLLECTING,0,,0,,,,,1,54,19,30,60,0.9997654724984255,0.17320508075688776
2026-08-31T22:59:37.129,128416375,P042,rhythm_normal,NORMAL,,,,889,435995,104155,113836,104648.07,114757.27,-493.07,-921.27,82.86,672.08,False,False,nan,True,0.7,nan,nan,False,0,COLLECTING,0,,0,,,,,1,54,19,30,60,0.9997654724984255,0.17320508075688776
2026-08-31T22:59:37.149,128416406,P042,rhythm_normal,NORMAL,,,,890,436035,104209,113998,104639.29,114742.09,-430.29,-744.09,-123.88,661.12,False,False,nan,True,0.7,nan,nan,False,0,COLLECTING,0,,0,,,,,1,54,19,30,60,0.9997654724984255,0.17320508075688776
2026-08-31T22:59:37.258,128416515,P042,rhythm_normal,NORMAL,,,,891,436075,104243,114026,104631.37,114727.77,-388.37,-701.77,-268.35,653.26,False,False,nan,True,0.7,nan,nan,False,0,COLLECTING,0,,0,,,,,2,54,19,30,60,0.9997654724984255,0.17320508075688776
2026-08-31T22:59:37.288,128416546,P042,rhythm_normal,NORMAL,,,,892,436115,104236,114102,104623.46,114715.25,-387.46,-613.25,-354.57,647.29,False,False,nan,True,0.7,nan,nan,False,0,COLLECTING,0,,0,,,,,2,54,19,30,60,0.9997654724984255,0.17320508075688776
2026-08-31T22:59:37.301,128416546,P042,rhythm_normal,NORMAL,,,,893,436155,104299,114277,104616.97,114706.48,-317.97,-429.48,-373.3,641.81,False,False,nan,True,0.7,nan,nan,False,0,COLLECTING,0,,0,,,,,2,54,19,30,60,0.9997654724984255,0.17320508075688776
2026-08-31T22:59:37.308,128416562,P042,rhythm_normal,NORMAL,,,,894,436195,104327,114336,104611.17,114699.08,-284.17,-363.08,-370.75,636.39,False,False,nan,True,0.7,nan,nan,False,0,COLLECTING,0,,0,,,,,2,54,19,30,60,0.9997654724984255,0.17320508075688776
2026-08-31T22:59:37.323,128416578,P042,rhythm_normal,NORMAL,,,,895,436235,104241,114211,104603.77,114689.32,-362.77,-478.32,-397.64,631.61,False,False,nan,True,0.7,nan,nan,False,0,COLLECTING,0,,0,,,,,2,54,19,30,60,0.9997654724984255,0.17320508075688776
2026-08-31T22:59:37.448,128416703,P042,rhythm_normal,NORMAL,,,,896,436275,104273,114211,104597.15,114679.76,-324.15,-468.76,-415.42,627.29,False,False,nan,True,0.7,nan,nan,False,0,COLLECTING,0,,0,,,,,2,54,19,30,60,0.9997654724984255,0.24494897427831783
2026-08-31T22:59:37.471,128416718,P042,rhythm_normal,NORMAL,,,,897,436315,104285,114341,104590.91,114672.98,-305.91,-331.98,-394.56,622.63,False,False,nan,True,0.7,nan,nan,False,0,COLLECTING,0,,0,,,,,2,54,19,30,60,0.9997654724984255,0.24494897427831783
2026-08-31T22:59:37.484,128416734,P042,rhythm_normal,NORMAL,,,,898,436355,104380,114573,104586.69,114670.98,-206.69,-97.98,-320.42,616.59,False,False,nan,True,0.7,nan,nan,False,0,COLLECTING,0,,0,,,,,2,54,19,30,60,0.9997654724984255,0.24494897427831783
2026-08-31T22:59:37.511,128416765,P042,rhythm_normal,NORMAL,,,,899,436395,104449,114740,104583.94,114672.37,-134.94,67.63,-223.4,608.73,False,False,nan,True,0.7,nan,nan,False,0,COLLECTING,0,,0,,,,,2,54,19,30,60,0.9997654724984255,0.24494897427831783
2026-08-31T22:59:37.544,128416796,P042,rhythm_normal,NORMAL,,,,900,436435,104549,114961,104583.24,114678.14,-34.24,282.86,-96.84,598.49,False,False,nan,True,0.7,nan,nan,False,0,COLLECTING,0,,0,,,,,2,54,19,30,60,0.9997654724984255,0.24494897427831783
2026-08-31T22:59:37.657,128416906,P042,rhythm_normal,NORMAL,,,,901,436475,104578,115046,104583.14,114685.5,-5.14,360.5,17.5,586.87,False,False,nan,True,0.7,nan,nan,False,0,COLLECTING,0,,0,,,,,2,54,19,30,60,0.9997654724984255,0.17320508075688776
2026-08-31T22:59:37.680,128416937,P042,rhythm_normal,NORMAL,,,,902,436515,104676,115214,104585.0,114696.07,91.0,517.93,142.6,577.98,False,False,nan,True,0.7,nan,nan,False,0,COLLECTING,0,,0,,,,,2,54,19,30,60,0.9997654724984255,0.17320508075688776
2026-08-31T22:59:37.691,128416937,P042,rhythm_normal,NORMAL,,,,903,436555,104709,115298,104587.48,114708.11,121.52,589.89,254.43,571.51,False,False,nan,True,0.7,nan,nan,False,0,COLLECTING,0,,0,,,,,2,54,19,30,60,0.9997654724984255,0.17320508075688776
2026-08-31T22:59:37.707,128416953,P042,rhythm_normal,NORMAL,,,,904,436595,104727,115465,104590.27,114723.25,136.73,741.75,376.26,567.61,False,False,nan,True,0.7,nan,nan,False,0,COLLECTING,0,,0,,,,,2,54,19,30,60,0.9997654724984255,0.17320508075688776
2026-08-31T22:59:37.730,128416984,P042,rhythm_normal,NORMAL,,,,905,436635,104858,115701,104595.62,114742.8,262.38,958.2,521.74,566.69,False,False,nan,True,0.7,nan,nan,False,0,COLLECTING,0,,0,,,,,2,54,19,30,60,0.9997654724984255,0.17320508075688776
2026-08-31T22:59:37.859,128417109,P042,rhythm_normal,NORMAL,,,,906,436675,104893,115889,104601.56,114765.73,291.44,1123.27,672.12,568.8,False,False,nan,True,0.7,nan,nan,False,0,COLLECTING,0,,0,,,,,2,54,19,30,60,0.9997654724984255,0.17320508075688776
2026-08-31T22:59:37.869,128417125,P042,rhythm_normal,NORMAL,,,,907,436715,105038,116236,104610.29,114795.13,427.71,1440.87,864.31,574.71,False,False,nan,True,0.7,nan,nan,False,0,COLLECTING,0,,0,,,,,2,54,19,30,60,0.9997654724984255,0.17320508075688776
2026-08-31T22:59:37.879,128417125,P042,rhythm_normal,NORMAL,,,,908,436755,105137,116496,104620.82,114829.15,516.18,1666.85,1064.95,584.51,False,False,nan,True,0.7,nan,nan,False,0,COLLECTING,0,,0,,,,,2,54,19,30,60,0.9997654724984255,0.17320508075688776
2026-08-31T22:59:37.907,128417156,P042,rhythm_normal,NORMAL,,,,909,436795,104915,115886,104626.7,114850.29,288.3,1035.71,1057.64,593.98,True,True,880.0,True,0.9665,70.59,nan,False,0,COLLECTING,0,,0,,,,,2,54,19,30,60,0.9997654724984255,0.17320508075688776
2026-08-31T22:59:37.928,128417171,P042,rhythm_normal,NORMAL,,,,910,436835,104287,114318,104619.91,114839.64,-332.91,-521.64,662.82,595.35,False,False,nan,True,0.9665,70.59,nan,False,0,COLLECTING,0,,0,,,,,2,54,19,30,60,0.9997654724984255,0.17320508075688776
2026-08-31T22:59:38.068,128417312,P042,rhythm_normal,NORMAL,,,,911,436875,104145,114042,104610.41,114823.69,-465.41,-781.69,301.69,589.48,False,False,nan,True,0.9665,70.59,nan,False,0,COLLECTING,0,,0,,,,,3,54,19,30,60,0.9997654724984255,0.17320508075688776
2026-08-31T22:59:38.098,128417343,P042,rhythm_normal,NORMAL,,,,912,436915,104248,114195,104603.16,114811.12,-355.16,-616.12,72.24,579.13,False,False,nan,True,0.9665,70.59,nan,False,0,COLLECTING,0,,0,,,,,3,54,19,30,60,0.9997654724984255,0.17320508075688776
2026-08-31T22:59:38.106,128417359,P042,rhythm_normal,NORMAL,,,,913,436955,104320,114424,104597.49,114803.38,-277.49,-379.38,-40.66,568.37,False,False,nan,True,0.9665,70.59,nan,False,0,COLLECTING,0,,0,,,,,3,54,19,30,60,0.9997654724984255,0.17320508075688776
2026-08-31T22:59:38.117,128417375,P042,rhythm_normal,NORMAL,,,,914,436995,104328,114444,104592.1,114796.19,-264.1,-352.19,-118.55,559.37,False,False,nan,True,0.9665,70.59,nan,False,0,COLLECTING,0,,0,,,,,3,54,19,30,60,0.9997654724984255,0.17320508075688776
2026-08-31T22:59:38.131,128417375,P042,rhythm_normal,NORMAL,,,,915,437035,104394,114659,104588.14,114793.45,-194.14,-134.45,-122.52,550.63,False,False,nan,True,0.9665,70.59,nan,False,0,COLLECTING,0,,0,,,,,3,54,19,30,60,0.9997654724984255,0.17320508075688776
2026-08-31T22:59:38.263,128417515,P042,rhythm_normal,NORMAL,,,,916,437075,104461,114814,104585.6,114793.86,-124.6,20.14,-86.85,541.36,False,False,nan,True,0.9665,70.59,nan,False,0,COLLECTING,0,,0,,,,,3,54,19,30,60,0.9995468973489938,0.17320508075688776
2026-08-31T22:59:38.274,128417531,P042,rhythm_normal,NORMAL,,,,917,437115,104441,114764,104582.71,114793.27,-141.71,-29.27,-72.46,531.98,False,False,nan,True,0.9665,70.59,nan,False,0,COLLECTING,0,,0,,,,,3,54,19,30,60,0.9995468973489938,0.17320508075688776
2026-08-31T22:59:38.279,128417531,P042,rhythm_normal,NORMAL,,,,918,437155,104422,114703,104579.5,114791.46,-157.5,-88.46,-76.46,522.87,False,False,nan,True,0.9665,70.59,nan,False,0,COLLECTING,0,,0,,,,,3,54,19,30,60,0.9995468973489938,0.17320508075688776
2026-08-31T22:59:38.297,128417546,P042,rhythm_normal,NORMAL,,,,919,437195,104482,114844,104577.55,114792.51,-95.55,51.49,-44.47,513.3,False,False,nan,True,0.9665,70.59,nan,False,0,COLLECTING,0,,0,,,,,3,54,19,30,60,0.9995468973489938,0.17320508075688776
2026-08-31T22:59:38.325,128417578,P042,rhythm_normal,NORMAL,,,,920,437235,104599,115087,104577.98,114798.4,21.02,288.6,38.8,503.81,False,False,nan,True,0.9665,70.59,nan,False,0,COLLECTING,0,,0,,,,,3,54,19,30,60,0.9995468973489938,0.17320508075688776
2026-08-31T22:59:38.451,128417703,P042,rhythm_normal,NORMAL,,,,921,437275,104675,115401,104579.91,114810.45,95.09,590.55,176.73,497.27,False,False,nan,True,0.9665,70.59,nan,False,0,COLLECTING,0,,0,,,,,3,54,19,30,60,0.9997654724984255,0.24494897427831783
2026-08-31T22:59:38.489,128417734,P042,rhythm_normal,NORMAL,,,,922,437315,104794,115608,104584.2,114826.41,209.8,781.59,327.95,493.88,False,False,nan,True,0.9665,70.59,nan,False,0,COLLECTING,0,,0,,,,,3,54,19,30,60,0.9997654724984255,0.24494897427831783
2026-08-31T22:59:38.504,128417750,P042,rhythm_normal,NORMAL,,,,923,437355,104822,115770,104588.95,114845.28,233.05,924.72,477.14,493.55,False,False,nan,True,0.9665,70.59,nan,False,0,COLLECTING,0,,0,,,,,3,54,19,30,60,0.9997654724984255,0.24494897427831783
2026-08-31T22:59:38.536,128417781,P042,rhythm_normal,NORMAL,,,,924,437395,104912,116007,104595.41,114868.52,316.59,1138.48,642.48,496.53,False,False,nan,True,0.9665,70.59,nan,False,0,COLLECTING,0,,0,,,,,3,54,19,30,60,0.9997654724984255,0.24494897427831783
2026-08-31T22:59:38.553,128417796,P042,rhythm_normal,NORMAL,,,,925,437435,104964,116248,104602.79,114896.1,361.21,1351.9,819.83,502.99,False,False,nan,True,0.9665,70.59,nan,False,0,COLLECTING,0,,0,,,,,3,54,19,30,60,0.9997654724984255,0.24494897427831783
2026-08-31T22:59:38.656,128417906,P042,rhythm_normal,NORMAL,,,,926,437475,105050,116416,104611.73,114926.5,438.27,1489.5,987.25,512.68,False,False,nan,True,0.9665,70.59,nan,False,0,COLLECTING,0,,0,,,,,3,54,19,30,60,0.9997654724984255,0.17320508075688776
2026-08-31T22:59:38.666,128417921,P042,rhythm_normal,NORMAL,,,,927,437515,105085,116571,104621.2,114959.39,463.8,1611.61,1143.34,525.29,False,False,nan,True,0.9665,70.59,nan,False,0,COLLECTING,0,,0,,,,,3,54,19,30,60,0.9997654724984255,0.17320508075688776
2026-08-31T22:59:38.672,128417921,P042,rhythm_normal,NORMAL,,,,928,437555,105207,116735,104632.92,114994.91,574.08,1740.09,1292.53,540.64,False,False,nan,True,0.9665,70.59,nan,False,0,COLLECTING,0,,0,,,,,3,54,19,30,60,0.9997654724984255,0.17320508075688776
2026-08-31T22:59:38.695,128417953,P042,rhythm_normal,NORMAL,,,,929,437595,105293,116915,104646.12,115033.3,646.88,1881.7,1439.82,558.62,False,False,nan,True,0.9665,70.59,nan,False,0,COLLECTING,0,,0,,,,,3,54,19,30,60,0.9997654724984255,0.17320508075688776
2026-08-31T22:59:38.719,128417968,P042,rhythm_normal,NORMAL,,,,930,437635,105306,117082,104659.32,115074.28,646.68,2007.72,1581.79,579.08,False,False,nan,True,0.9665,70.59,nan,False,0,COLLECTING,0,,0,,,,,3,54,19,30,60,0.9997654724984255,0.17320508075688776
2026-08-31T22:59:38.848,128418093,P042,rhythm_normal,NORMAL,,,,931,437675,105356,117085,104673.25,115114.49,682.75,1970.51,1678.97,601.08,False,False,nan,True,0.9665,70.59,nan,False,0,COLLECTING,0,,0,,,,,3,54,19,30,60,0.9997654724984255,0.17320508075688776
2026-08-31T22:59:38.867,128418125,P042,rhythm_normal,NORMAL,,,,932,437715,104885,116041,104677.48,115133.02,207.52,907.98,1486.22,618.78,True,True,920.0,True,0.9565,69.36,nan,False,0,COLLECTING,0,,0,,,,,3,54,19,30,60,0.9997654724984255,0.17320508075688776
2026-08-31T22:59:38.899,128418156,P042,rhythm_normal,NORMAL,,,,933,437755,104372,114642,104671.38,115123.2,-299.38,-481.2,994.37,626.29,False,False,nan,True,0.9565,69.36,nan,False,0,COLLECTING,0,,0,,,,,3,54,19,30,60,0.9997654724984255,0.17320508075688776
2026-08-31T22:59:38.908,128418156,P042,rhythm_normal,NORMAL,,,,934,437795,104245,114336,104662.84,115107.46,-417.84,-771.46,552.91,624.83,False,False,nan,True,0.9565,69.36,nan,False,0,COLLECTING,0,,0,,,,,3,54,19,30,60,0.9997654724984255,0.17320508075688776
2026-08-31T22:59:38.918,128418171,P042,rhythm_normal,NORMAL,,,,935,437835,104336,114547,104656.3,115096.25,-320.3,-549.25,277.37,617.88,False,False,nan,True,0.9565,69.36,nan,False,0,COLLECTING,0,,0,,,,,3,54,19,30,60,0.9997654724984255,0.17320508075688776
2026-08-31T22:59:39.049,128418296,P042,rhythm_normal,NORMAL,,,,936,437875,104449,114736,104652.16,115089.05,-203.16,-353.05,119.77,607.92,False,False,nan,True,0.9565,69.36,nan,False,0,COLLECTING,0,,0,,,,,4,54,19,30,60,0.9997654724984255,0.24494897427831783
2026-08-31T22:59:39.064,128418312,P042,rhythm_normal,NORMAL,,,,937,437915,104479,114770,104648.7,115082.66,-169.7,-312.66,11.66,595.99,False,False,nan,True,0.9565,69.36,nan,False,0,COLLECTING,0,,0,,,,,4,54,19,30,60,0.9997654724984255,0.24494897427831783
2026-08-31T22:59:39.089,128418343,P042,rhythm_normal,NORMAL,,,,938,437955,104528,114995,104646.28,115080.91,-118.28,-85.91,-12.73,584.33,False,False,nan,True,0.9565,69.36,nan,False,0,COLLECTING,0,,0,,,,,4,54,19,30,60,0.9997654724984255,0.24494897427831783
2026-08-31T22:59:39.103,128418359,P042,rhythm_normal,NORMAL,,,,939,437995,104596,115096,104645.27,115081.22,-49.27,14.78,-5.86,572.76,False,False,nan,True,0.9565,69.36,nan,False,0,COLLECTING,0,,0,,,,,4,54,19,30,60,0.9997654724984255,0.24494897427831783
2026-08-31T22:59:39.136,128418390,P042,rhythm_normal,NORMAL,,,,940,438035,104527,114938,104642.91,115078.35,-115.91,-140.35,-39.48,562.09,False,False,nan,True,0.9565,69.36,nan,False,0,COLLECTING,0,,0,,,,,4,54,19,30,60,0.9997654724984255,0.24494897427831783
2026-08-31T22:59:39.260,128418515,P042,rhythm_normal,NORMAL,,,,941,438075,104510,114882,104640.25,115074.42,-130.25,-192.42,-77.72,552.4,False,False,nan,True,0.9565,69.36,nan,False,0,COLLECTING,0,,0,,,,,4,54,19,30,60,0.9997654724984255,0.17320508075688776
2026-08-31T22:59:39.280,128418531,P042,rhythm_normal,NORMAL,,,,942,438115,104599,115133,104639.42,115075.59,-40.42,57.41,-43.93,542.23,False,False,nan,True,0.9565,69.36,nan,False,0,COLLECTING,0,,0,,,,,4,54,19,30,60,0.9997654724984255,0.17320508075688776
2026-08-31T22:59:39.294,128418546,P042,rhythm_normal,NORMAL,,,,943,438155,104695,115427,104640.53,115082.62,54.47,344.38,53.14,532.45,False,False,nan,True,0.9565,69.36,nan,False,0,COLLECTING,0,,0,,,,,4,54,19,30,60,0.9997654724984255,0.17320508075688776
2026-08-31T22:59:39.301,128418546,P042,rhythm_normal,NORMAL,,,,944,438195,104812,115694,104643.96,115094.85,168.04,599.15,189.64,525.6,False,False,nan,True,0.9565,69.36,nan,False,0,COLLECTING,0,,0,,,,,4,54,19,30,60,0.9997654724984255,0.17320508075688776
2026-08-31T22:59:39.307,128418562,P042,rhythm_normal,NORMAL,,,,945,438235,104881,115918,104648.7,115111.31,232.3,806.69,343.9,521.96,False,False,nan,True,0.9565,69.36,nan,False,0,COLLECTING,0,,0,,,,,4,54,19,30,60,0.9997654724984255,0.17320508075688776
2026-08-31T22:59:39.448,128418703,P042,rhythm_normal,NORMAL,,,,946,438275,104946,116058,104654.65,115130.25,291.35,927.75,489.87,521.32,False,False,nan,True,0.9565,69.36,nan,False,0,COLLECTING,0,,0,,,,,4,54,19,30,60,0.9997654724984255,0.24494897427831783
2026-08-31T22:59:39.461,128418718,P042,rhythm_normal,NORMAL,,,,947,438315,104986,116159,104661.27,115150.83,324.73,1008.17,619.44,523.28,False,False,nan,True,0.9565,69.36,nan,False,0,COLLECTING,0,,0,,,,,4,54,19,30,60,0.9997654724984255,0.24494897427831783
2026-08-31T22:59:39.482,128418734,P042,rhythm_normal,NORMAL,,,,948,438355,105017,116284,104668.39,115173.49,348.61,1110.51,742.21,527.66,False,False,nan,True,0.9565,69.36,nan,False,0,COLLECTING,0,,0,,,,,4,54,19,30,60,0.9997654724984255,0.24494897427831783
2026-08-31T22:59:39.496,128418750,P042,rhythm_normal,NORMAL,,,,949,438395,105070,116388,104676.42,115197.78,393.58,1190.22,854.21,534.19,False,False,nan,True,0.9565,69.36,nan,False,0,COLLECTING,0,,0,,,,,4,54,19,30,60,0.9997654724984255,0.24494897427831783
2026-08-31T22:59:39.519,128418765,P042,rhythm_normal,NORMAL,,,,950,438435,105105,116464,104684.99,115223.11,420.01,1240.89,950.88,542.53,False,False,nan,True,0.9565,69.36,nan,False,0,COLLECTING,0,,0,,,,,4,54,19,30,60,0.9997654724984255,0.24494897427831783
2026-08-31T22:59:39.644,128418890,P042,rhythm_normal,NORMAL,,,,951,438475,105150,116607,104694.29,115250.79,455.71,1356.21,1052.21,552.72,False,False,nan,True,0.9565,69.36,nan,False,0,COLLECTING,0,,0,,,,,4,54,19,30,60,0.9997654724984255,0.17320508075688776
2026-08-31T22:59:39.667,128418921,P042,rhythm_normal,NORMAL,,,,952,438515,105230,116813,104705.0,115282.03,525.0,1530.97,1171.9,565.1,False,False,nan,True,0.9565,69.36,nan,False,0,COLLECTING,0,,0,,,,,4,54,19,30,60,0.9997654724984255,0.17320508075688776
2026-08-31T22:59:39.689,128418937,P042,rhythm_normal,NORMAL,,,,953,438555,105290,116972,104716.7,115315.83,573.3,1656.17,1292.97,579.66,False,False,nan,True,0.9565,69.36,nan,False,0,COLLECTING,0,,0,,,,,4,54,19,30,60,0.9997654724984255,0.17320508075688776
2026-08-31T22:59:39.698,128418953,P042,rhythm_normal,NORMAL,,,,954,438595,105074,116403,104723.85,115337.57,350.15,1065.43,1236.08,592.79,True,True,880.0,True,0.9606,68.18,nan,False,0,COLLECTING,0,,0,,,,,4,54,19,30,60,0.9997654724984255,0.17320508075688776
2026-08-31T22:59:39.721,128418968,P042,rhythm_normal,NORMAL,,,,955,438635,104452,114830,104718.41,115327.42,-266.41,-497.42,802.71,596.99,False,False,nan,True,0.9606,68.18,nan,False,0,COLLECTING,0,,0,,,,,4,54,19,30,60,0.9997654724984255,0.17320508075688776
2026-08-31T22:59:39.866,128419109,P042,rhythm_normal,NORMAL,,,,956,438675,104247,114313,104708.98,115307.13,-461.98,-994.13,353.5,592.12,False,False,nan,True,0.9606,68.18,nan,False,0,COLLECTING,0,,0,,,,,5,54,19,30,60,0.9997654724984255,0.17320508075688776
2026-08-31T22:59:39.872,128419125,P042,rhythm_normal,NORMAL,,,,957,438715,104306,114442,104700.92,115289.83,-394.92,-847.83,53.17,581.34,False,False,nan,True,0.9606,68.18,nan,False,0,COLLECTING,0,,0,,,,,5,54,19,30,60,0.9997654724984255,0.17320508075688776
2026-08-31T22:59:39.882,128419140,P042,rhythm_normal,NORMAL,,,,958,438755,104375,114598,104694.41,115275.99,-319.41,-677.99,-129.62,572.3,False,False,nan,True,0.9606,68.18,nan,False,0,COLLECTING,0,,0,,,,,5,54,19,30,60,0.9997654724984255,0.17320508075688776
2026-08-31T22:59:39.894,128419140,P042,rhythm_normal,NORMAL,,,,959,438795,104382,114648,104688.16,115263.43,-306.16,-615.43,-251.07,565.88,False,False,nan,True,0.9606,68.18,nan,False,0,COLLECTING,0,,0,,,,,5,54,19,30,60,0.9997654724984255,0.17320508075688776
2026-08-31T22:59:39.913,128419171,P042,rhythm_normal,NORMAL,,,,960,438835,104448,114778,104683.35,115253.72,-235.35,-475.72,-307.24,560.71,False,False,nan,True,0.9606,68.18,nan,False,0,COLLECTING,0,,0,,,,,5,54,19,30,60,0.9997654724984255,0.17320508075688776
2026-08-31T22:59:40.042,128419296,P042,rhythm_normal,NORMAL,,,,961,438875,104475,114858,104679.19,115245.8,-204.19,-387.8,-327.38,556.04,False,False,nan,True,0.9606,68.18,99.84,True,0,COLLECTING,0,,0,,,,,5,54,19,30,60,0.9997654724984255,0.17320508075688776
2026-08-31T22:59:40.067,128419312,P042,rhythm_normal,NORMAL,,,,962,438915,104412,114706,104673.84,115235.01,-261.84,-529.01,-377.79,552.48,False,False,nan,True,0.9606,68.18,99.84,True,0,COLLECTING,0,,0,,,,,5,54,19,30,60,0.9997654724984255,0.17320508075688776
2026-08-31T22:59:40.076,128419328,P042,rhythm_normal,NORMAL,,,,963,438955,104381,114612,104667.98,115222.55,-286.98,-610.55,-435.98,550.15,False,False,nan,True,0.9606,68.18,99.84,True,0,COLLECTING,0,,0,,,,,5,54,19,30,60,0.9997654724984255,0.17320508075688776
2026-08-31T22:59:40.095,128419343,P042,rhythm_normal,NORMAL,,,,964,438995,104409,114683,104662.8,115211.76,-253.8,-528.76,-459.17,548.33,False,False,nan,True,0.9606,68.18,99.84,True,0,COLLECTING,0,,0,,,,,5,54,19,30,60,0.9997654724984255,0.17320508075688776
2026-08-31T22:59:40.114,128419359,P042,rhythm_normal,NORMAL,,,,965,439035,104491,114859,104659.37,115204.7,-168.37,-345.7,-430.8,545.98,False,False,nan,True,0.9606,68.18,99.84,True,0,COLLECTING,0,,0,,,,,5,54,19,30,60,0.9997654724984255,0.17320508075688776
2026-08-31T22:59:40.245,128419500,P042,rhythm_normal,NORMAL,,,,966,439075,104566,115060,104657.5,115201.81,-91.5,-141.81,-358.56,542.23,False,False,nan,True,0.9606,68.18,99.84,True,0,COLLECTING,0,,0,,,,,5,54,19,30,60,0.9997654724984255,0.24494897427831783
2026-08-31T22:59:40.256,128419500,P042,rhythm_normal,NORMAL,,,,967,439115,104631,115203,104656.97,115201.84,-25.97,1.16,-268.63,536.76,False,False,nan,True,0.9606,68.18,99.84,True,0,COLLECTING,0,,0,,,,,5,54,19,30,60,0.9997654724984255,0.24494897427831783
2026-08-31T22:59:40.275,128419531,P042,rhythm_normal,NORMAL,,,,968,439155,104678,115350,104657.39,115204.8,20.61,145.2,-165.17,529.32,False,False,nan,True,0.9606,68.18,99.84,True,0,COLLECTING,0,,0,,,,,5,54,19,30,60,0.9997654724984255,0.24494897427831783
2026-08-31T22:59:40.283,128419531,P042,rhythm_normal,NORMAL,,,,969,439195,104723,115463,104658.7,115209.96,64.3,253.04,-60.62,519.95,False,False,nan,True,0.9606,68.18,99.84,True,0,COLLECTING,0,,0,,,,,5,54,19,30,60,0.9997654724984255,0.24494897427831783
2026-08-31T22:59:40.302,128419546,P042,rhythm_normal,NORMAL,,,,970,439235,104748,115546,104660.49,115216.68,87.51,329.32,36.87,510.29,False,False,nan,True,0.9606,68.18,99.84,True,0,COLLECTING,0,,0,,,,,5,54,19,30,60,0.9997654724984255,0.24494897427831783
2026-08-31T22:59:40.446,128419703,P042,rhythm_normal,NORMAL,,,,971,439275,104776,115621,104662.8,115224.77,113.2,396.23,126.71,502.62,False,False,nan,True,0.9606,68.18,99.84,True,0,COLLECTING,0,,0,,,,,5,54,19,30,60,0.9997654724984255,0.17320508075688776
2026-08-31T22:59:40.455,128419703,P042,rhythm_normal,NORMAL,,,,972,439315,104811,115735,104665.77,115234.97,145.23,500.03,220.04,496.96,False,False,nan,True,0.9606,68.18,99.84,True,0,COLLECTING,0,,0,,,,,5,54,19,30,60,0.9997654724984255,0.17320508075688776
2026-08-31T22:59:40.477,128419734,P042,rhythm_normal,NORMAL,,,,973,439355,104885,115901,104670.15,115248.29,214.85,652.71,328.21,493.59,False,False,nan,True,0.9606,68.18,99.84,True,0,COLLECTING,0,,0,,,,,5,54,19,30,60,0.9997654724984255,0.17320508075688776
2026-08-31T22:59:40.487,128419734,P042,rhythm_normal,NORMAL,,,,974,439395,104968,116141,104676.1,115266.14,291.9,874.86,464.87,493.01,False,False,nan,True,0.9606,68.18,99.84,True,0,COLLECTING,0,,0,,,,,5,54,19,30,60,0.9997654724984255,0.17320508075688776
2026-08-31T22:59:40.505,128419750,P042,rhythm_normal,NORMAL,,,,975,439435,105031,116306,104683.2,115286.94,347.8,1019.06,603.42,495.22,False,False,nan,True,0.9606,68.18,99.84,True,0,COLLECTING,0,,0,,,,,5,54,19,30,60,0.9997654724984255,0.17320508075688776
2026-08-31T22:59:40.643,128419890,P042,rhythm_normal,NORMAL,,,,976,439475,104729,115518,104684.12,115291.56,44.88,226.44,509.17,495.5,True,True,880.0,True,0.9638,68.18,99.84,True,0,COLLECTING,0,,0,,,,,5,54,19,30,60,0.9997654724984255,0.24494897427831783
2026-08-31T22:59:40.664,128419921,P042,rhythm_normal,NORMAL,,,,977,439515,104266,114409,104675.76,115273.91,-409.76,-864.91,165.65,488.9,False,False,nan,True,0.9638,68.18,99.84,True,0,COLLECTING,0,,0,,,,,5,54,19,30,60,0.9997654724984255,0.24494897427831783
2026-08-31T22:59:40.673,128419921,P042,rhythm_normal,NORMAL,,,,978,439555,104173,114220,104665.7,115252.84,-492.7,-1032.84,-133.97,481.81,False,False,nan,True,0.9638,68.18,99.84,True,0,COLLECTING,0,,0,,,,,5,54,19,30,60,0.9997654724984255,0.24494897427831783
2026-08-31T22:59:40.692,128419937,P042,rhythm_normal,NORMAL,,,,979,439595,104221,114319,104656.81,115234.16,-435.81,-915.16,-329.27,478.76,False,False,nan,True,0.9638,68.18,99.84,True,0,COLLECTING,0,,0,,,,,5,54,19,30,60,0.9997654724984255,0.24494897427831783
2026-08-31T22:59:40.710,128419968,P042,rhythm_normal,NORMAL,,,,980,439635,104263,114456,104648.94,115218.59,-385.94,-762.59,-437.6,477.93,False,False,nan,True,0.9638,68.18,99.84,True,0,COLLECTING,0,,0,,,,,5,54,19,30,60,0.9997654724984255,0.24494897427831783
2026-08-31T22:59:40.846,128420093,P042,rhythm_normal,NORMAL,,,,981,439675,104297,114548,104641.9,115205.18,-344.9,-657.18,-492.49,478.22,False,False,nan,True,0.9638,68.18,99.84,True,0,COLLECTING,0,,0,,,,,6,54,19,30,60,0.9997654724984255,0.24494897427831783
2026-08-31T22:59:40.854,128420109,P042,rhythm_normal,NORMAL,,,,982,439715,104355,114679,104636.16,115194.66,-281.16,-515.66,-498.28,478.62,False,False,nan,True,0.9638,68.18,99.84,True,0,COLLECTING,0,,0,,,,,6,54,19,30,60,0.9997654724984255,0.24494897427831783
2026-08-31T22:59:40.871,128420125,P042,rhythm_normal,NORMAL,,,,983,439755,104363,114698,104630.7,115184.73,-267.7,-486.73,-495.39,478.96,False,False,nan,True,0.9638,68.18,99.84,True,0,COLLECTING,0,,0,,,,,6,54,19,30,60,0.9997654724984255,0.24494897427831783
2026-08-31T22:59:40.879,128420125,P042,rhythm_normal,NORMAL,,,,984,439795,104313,114603,104624.35,115173.09,-311.35,-570.09,-514.07,479.66,False,False,nan,True,0.9638,68.18,99.84,True,0,COLLECTING,0,,0,,,,,6,54,19,30,60,0.9997654724984255,0.24494897427831783
2026-08-31T22:59:40.898,128420156,P042,rhythm_normal,NORMAL,,,,985,439835,104286,114576,104617.59,115161.15,-331.59,-585.15,-531.84,480.71,False,False,nan,True,0.9638,68.18,99.84,True,0,COLLECTING,0,,0,,,,,6,54,19,30,60,0.9997654724984255,0.24494897427831783
2026-08-31T22:59:41.039,128420296,P042,rhythm_normal,NORMAL,,,,986,439875,104351,114719,104612.26,115152.3,-261.26,-433.3,-507.21,481.24,False,False,nan,True,0.9638,68.18,99.84,True,0,COLLECTING,0,,0,,,,,6,54,19,30,60,0.9997654724984255,0.24494897427831783
2026-08-31T22:59:41.058,128420312,P042,rhythm_normal,NORMAL,,,,987,439915,104424,114938,104608.49,115148.02,-184.49,-210.02,-432.91,480.27,False,False,nan,True,0.9638,68.18,99.84,True,0,COLLECTING,0,,0,,,,,6,54,19,30,60,0.9997654724984255,0.24494897427831783
2026-08-31T22:59:41.080,128420328,P042,rhythm_normal,NORMAL,,,,988,439955,104508,115143,104606.48,115147.91,-98.48,-4.91,-325.91,477.18,False,False,nan,True,0.9638,68.18,99.84,True,0,COLLECTING,0,,0,,,,,6,54,19,30,60,0.9997654724984255,0.24494897427831783
2026-08-31T22:59:41.087,128420343,P042,rhythm_normal,NORMAL,,,,989,439995,104596,115367,104606.27,115152.3,-10.27,214.7,-190.76,471.45,False,False,nan,True,0.9638,68.18,99.84,True,0,COLLECTING,0,,0,,,,,6,54,19,30,60,0.9997654724984255,0.24494897427831783
2026-08-31T22:59:41.108,128420359,P042,rhythm_normal,NORMAL,,,,990,440035,104671,115563,104607.57,115160.51,63.43,402.49,-42.44,462.87,False,False,nan,True,0.9638,68.18,99.84,True,0,COLLECTING,0,,0,,,,,6,54,19,30,60,0.9997654724984255,0.24494897427831783
2026-08-31T22:59:41.243,128420500,P042,rhythm_normal,NORMAL,,,,991,440075,104706,115657,104609.54,115170.44,96.46,486.56,89.81,455.41,False,False,nan,True,0.9638,68.18,99.84,True,0,COLLECTING,0,,0,,,,,6,54,19,30,60,0.9988863799251645,0.17320508075688776
2026-08-31T22:59:41.263,128420515,P042,rhythm_normal,NORMAL,,,,992,440115,104734,115742,104612.03,115181.87,121.97,560.13,207.39,450.45,False,False,nan,True,0.9638,68.18,99.84,True,0,COLLECTING,0,,0,,,,,6,54,19,30,60,0.9988863799251645,0.17320508075688776
2026-08-31T22:59:41.271,128420515,P042,rhythm_normal,NORMAL,,,,993,440155,104769,115825,104615.17,115194.73,153.83,630.27,313.11,447.7,False,False,nan,True,0.9638,68.18,99.84,True,0,COLLECTING,0,,0,,,,,6,54,19,30,60,0.9988863799251645,0.17320508075688776
2026-08-31T22:59:41.292,128420546,P042,rhythm_normal,NORMAL,,,,994,440195,104807,115943,104619.01,115209.7,187.99,733.3,418.16,447.11,False,False,nan,True,0.9638,68.18,99.84,True,0,COLLECTING,0,,0,,,,,6,54,19,30,60,0.9988863799251645,0.17320508075688776
2026-08-31T22:59:41.312,128420562,P042,rhythm_normal,NORMAL,,,,995,440235,104871,116143,104624.05,115228.36,246.95,914.64,542.28,449.02,False,False,nan,True,0.9638,68.18,99.84,True,0,COLLECTING,0,,0,,,,,6,54,19,30,60,0.9988863799251645,0.17320508075688776
2026-08-31T22:59:41.441,128420687,P042,rhythm_normal,NORMAL,,,,996,440275,104772,115873,104627.01,115241.25,144.99,631.75,564.65,451.33,False,False,nan,True,0.9638,68.18,99.84,True,0,COLLECTING,0,,0,,,,,6,54,19,30,60,0.9997654724984255,0.17320508075688776
2026-08-31T22:59:41.461,128420718,P042,rhythm_normal,NORMAL,,,,997,440315,104306,114723,104620.59,115230.88,-314.59,-507.88,296.51,448.23,True,True,840.0,True,0.9649,68.18,99.84,True,0,COLLECTING,0,,0,,,,,6,54,19,30,60,0.9997654724984255,0.17320508075688776
2026-08-31T22:59:41.471,128420718,P042,rhythm_normal,NORMAL,,,,998,440355,104147,114348,104611.12,115213.23,-464.12,-865.23,6.08,439.39,False,False,nan,True,0.9649,68.18,99.84,True,0,COLLECTING,0,,0,,,,,6,54,19,30,60,0.9997654724984255,0.17320508075688776
2026-08-31T22:59:41.491,128420734,P042,rhythm_normal,NORMAL,,,,999,440395,104178,114420,104602.45,115197.36,-424.45,-777.36,-189.78,434.4,False,False,nan,True,0.9649,68.18,99.84,True,0,COLLECTING,0,,0,,,,,6,54,19,30,60,0.9997654724984255,0.17320508075688776
2026-08-31T22:59:41.506,128420750,P042,rhythm_normal,NORMAL,,,,1000,440435,104259,114625,104595.59,115185.91,-336.59,-560.91,-282.56,431.36,False,False,nan,True,0.9649,68.18,99.84,True,0,COLLECTING,0,,0,,,,,6,54,19,30,60,0.9997654724984255,0.17320508075688776
2026-08-31T22:59:41.644,128420890,P042,rhythm_normal,NORMAL,,,,1001,440475,104315,114749,104589.98,115177.18,-274.98,-428.18,-318.97,429.11,False,False,nan,True,0.9649,68.18,99.84,True,0,COLLECTING,0,,0,,,,,7,54,19,30,60,0.9995468973489938,0.24494897427831783
2026-08-31T22:59:41.667,128420921,P042,rhythm_normal,NORMAL,,,,1002,440515,104389,114960,104585.96,115172.84,-196.96,-212.84,-292.43,426.38,False,False,nan,True,0.9649,68.18,99.84,True,0,COLLECTING,0,,0,,,,,7,54,19,30,60,0.9995468973489938,0.24494897427831783
2026-08-31T22:59:41.685,128420937,P042,rhythm_normal,NORMAL,,,,1003,440555,104420,115009,104582.64,115169.56,-162.64,-160.56,-259.47,423.04,False,False,nan,True,0.9649,68.18,99.84,True,0,COLLECTING,0,,0,,,,,7,54,19,30,60,0.9995468973489938,0.24494897427831783
2026-08-31T22:59:41.696,128420953,P042,rhythm_normal,NORMAL,,,,1004,440595,104320,114796,104577.39,115162.09,-257.39,-366.09,-286.12,420.3,False,False,nan,True,0.9649,68.18,99.84,True,0,COLLECTING,0,,0,,,,,7,54,19,30,60,0.9995468973489938,0.24494897427831783
2026-08-31T22:59:41.717,128420968,P042,rhythm_normal,NORMAL,,,,1005,440635,104293,114695,104571.7,115152.75,-278.7,-457.75,-329.03,418.48,False,False,nan,True,0.9649,68.18,99.84,True,0,COLLECTING,0,,0,,,,,7,54,19,30,60,0.9995468973489938,0.24494897427831783
2026-08-31T22:59:41.841,128421093,P042,rhythm_normal,NORMAL,,,,1006,440675,104336,114822,104566.99,115146.13,-230.99,-324.13,-327.81,416.66,False,False,nan,True,0.9649,68.18,99.84,True,0,COLLECTING,0,,0,,,,,7,54,19,30,60,0.9995468973489938,0.17320508075688776
2026-08-31T22:59:41.863,128421109,P042,rhythm_normal,NORMAL,,,,1007,440715,104428,115050,104564.21,115144.21,-136.21,-94.21,-269.41,413.72,False,False,nan,True,0.9649,68.18,99.84,True,0,COLLECTING,0,,0,,,,,7,54,19,30,60,0.9995468973489938,0.17320508075688776
2026-08-31T22:59:41.871,128421125,P042,rhythm_normal,NORMAL,,,,1008,440755,104509,115256,104563.11,115146.45,-54.11,109.55,-174.67,408.94,False,False,nan,True,0.9649,68.18,99.84,True,0,COLLECTING,0,,0,,,,,7,54,19,30,60,0.9995468973489938,0.17320508075688776
2026-08-31T22:59:41.892,128421140,P042,rhythm_normal,NORMAL,,,,1009,440795,104585,115455,104563.55,115152.62,21.45,302.38,-55.4,401.87,False,False,nan,True,0.9649,68.18,99.84,True,0,COLLECTING,0,,0,,,,,7,54,19,30,60,0.9995468973489938,0.17320508075688776
2026-08-31T22:59:41.900,128421156,P042,rhythm_normal,NORMAL,,,,1010,440835,104642,115582,104565.12,115161.2,76.88,420.8,63.65,395.1,False,False,nan,True,0.9649,68.18,99.84,True,0,COLLECTING,0,,0,,,,,7,54,19,30,60,0.9995468973489938,0.17320508075688776
2026-08-31T22:59:42.043,128421296,P042,rhythm_normal,NORMAL,,,,1011,440875,104664,115663,104567.09,115171.24,96.91,491.76,170.67,390.61,False,False,nan,True,0.9649,68.18,99.84,True,0,COLLECTING,0,,0,,,,,7,54,19,30,60,0.9997654724984255,0.24494897427831783
2026-08-31T22:59:42.065,128421312,P042,rhythm_normal,NORMAL,,,,1012,440915,104698,115766,104569.71,115183.14,128.29,582.86,273.72,388.28,False,False,nan,True,0.9649,68.18,99.84,True,0,COLLECTING,0,,0,,,,,7,54,19,30,60,0.9997654724984255,0.24494897427831783
2026-08-31T22:59:42.070,128421328,P042,rhythm_normal,NORMAL,,,,1013,440955,104755,115868,104573.41,115196.84,181.59,671.16,373.08,387.97,False,False,nan,True,0.9649,68.18,99.84,True,0,COLLECTING,0,,0,,,,,7,54,19,30,60,0.9997654724984255,0.24494897427831783
2026-08-31T22:59:42.077,128421328,P042,rhythm_normal,NORMAL,,,,1014,440995,104774,115907,104577.42,115211.04,196.58,695.96,453.8,389.29,False,False,nan,True,0.9649,68.18,99.84,True,0,COLLECTING,0,,0,,,,,7,54,19,30,60,0.9997654724984255,0.24494897427831783
2026-08-31T22:59:42.096,128421343,P042,rhythm_normal,NORMAL,,,,1015,441035,104504,115249,104575.95,115211.8,-71.95,37.2,349.65,388.5,True,True,720.0,True,0.9412,69.36,99.84,True,0,COLLECTING,0,,0,,,,,7,54,19,30,60,0.9997654724984255,0.24494897427831783
2026-08-31T22:59:42.246,128421500,P042,rhythm_normal,NORMAL,,,,1016,441075,104162,114434,104567.67,115196.24,-405.67,-762.24,71.68,382.16,False,False,nan,True,0.9412,69.36,99.84,True,0,COLLECTING,0,,0,,,,,8,54,19,30,60,0.9995468973489938,0.17320508075688776
2026-08-31T22:59:42.269,128421515,P042,rhythm_normal,NORMAL,,,,1017,441115,104103,114288,104558.38,115178.08,-455.38,-890.08,-168.76,377.89,False,False,nan,True,0.9412,69.36,99.84,True,0,COLLECTING,0,,0,,,,,8,54,19,30,60,0.9995468973489938,0.17320508075688776
2026-08-31T22:59:42.278,128421531,P042,rhythm_normal,NORMAL,,,,1018,441155,104161,114432,104550.43,115163.16,-389.43,-731.16,-309.36,376.52,False,False,nan,True,0.9412,69.36,99.84,True,0,COLLECTING,0,,0,,,,,8,54,19,30,60,0.9995468973489938,0.17320508075688776
2026-08-31T22:59:42.298,128421546,P042,rhythm_normal,NORMAL,,,,1019,441195,104221,114594,104543.84,115151.77,-322.84,-557.77,-371.46,376.42,False,False,nan,True,0.9412,69.36,99.84,True,0,COLLECTING,0,,0,,,,,8,54,19,30,60,0.9995468973489938,0.17320508075688776
2026-08-31T22:59:42.319,128421562,P042,rhythm_normal,NORMAL,,,,1020,441235,104279,114745,104538.55,115143.64,-259.55,-398.64,-378.26,376.46,False,False,nan,True,0.9412,69.36,99.84,True,0,COLLECTING,0,,0,,,,,8,54,19,30,60,0.9995468973489938,0.17320508075688776
2026-08-31T22:59:42.441,128421687,P042,rhythm_normal,NORMAL,,,,1021,441275,104370,114993,104535.18,115140.62,-165.18,-147.62,-320.6,375.34,False,False,nan,True,0.9412,69.36,99.84,True,0,COLLECTING,0,,0,,,,,8,54,19,30,60,0.9997654724984255,0.24494897427831783
2026-08-31T22:59:42.450,128421703,P042,rhythm_normal,NORMAL,,,,1022,441315,104365,114984,104531.77,115137.49,-166.77,-153.49,-278.82,373.41,False,False,nan,True,0.9412,69.36,99.84,True,0,COLLECTING,0,,0,,,,,8,54,19,30,60,0.9997654724984255,0.24494897427831783
2026-08-31T22:59:42.469,128421718,P042,rhythm_normal,NORMAL,,,,1023,441355,104291,114812,104526.96,115130.98,-235.96,-318.98,-288.86,371.72,False,False,nan,True,0.9412,69.36,99.84,True,0,COLLECTING,0,,0,,,,,8,54,19,30,60,0.9997654724984255,0.24494897427831783
2026-08-31T22:59:42.494,128421750,P042,rhythm_normal,NORMAL,,,,1024,441395,104293,114813,104522.28,115124.62,-229.28,-311.62,-294.55,370.18,False,False,nan,True,0.9412,69.36,99.84,True,0,COLLECTING,0,,0,,,,,8,54,19,30,60,0.9997654724984255,0.24494897427831783
2026-08-31T22:59:42.503,128421750,P042,rhythm_normal,NORMAL,,,,1025,441435,104381,115038,104519.45,115122.89,-138.45,-84.89,-242.14,367.61,False,False,nan,True,0.9412,69.36,99.84,True,0,COLLECTING,0,,0,,,,,8,54,19,30,60,0.9997654724984255,0.24494897427831783
2026-08-31T22:59:42.645,128421890,P042,rhythm_normal,NORMAL,,,,1026,441475,104494,115339,104518.95,115127.21,-24.95,211.79,-128.66,362.84,False,False,nan,True,0.9412,69.36,99.84,True,0,COLLECTING,0,,0,,,,,8,54,19,30,60,0.9997654724984255,0.24494897427831783
2026-08-31T22:59:42.663,128421921,P042,rhythm_normal,NORMAL,,,,1027,441515,104599,115596,104520.55,115136.59,78.45,459.41,18.36,355.95,False,False,nan,True,0.9412,69.36,99.84,True,0,COLLECTING,0,,0,,,,,8,54,19,30,60,0.9997654724984255,0.24494897427831783
2026-08-31T22:59:42.675,128421921,P042,rhythm_normal,NORMAL,,,,1028,441555,104671,115784,104523.55,115149.53,147.45,634.47,172.39,352.27,False,False,nan,True,0.9412,69.36,99.84,True,0,COLLECTING,0,,0,,,,,8,54,19,30,60,0.9997654724984255,0.24494897427831783
2026-08-31T22:59:42.696,128421953,P042,rhythm_normal,NORMAL,,,,1029,441595,104734,115920,104527.77,115164.94,206.23,755.06,318.06,351.59,False,False,nan,True,0.9412,69.36,99.84,True,0,COLLECTING,0,,0,,,,,8,54,19,30,60,0.9997654724984255,0.24494897427831783
2026-08-31T22:59:42.721,128421968,P042,rhythm_normal,NORMAL,,,,1030,441635,104771,116039,104532.63,115182.42,238.37,856.58,452.69,353.61,False,False,nan,True,0.9412,69.36,99.84,True,0,COLLECTING,0,,0,,,,,8,54,19,30,60,0.9997654724984255,0.24494897427831783
2026-08-31T22:59:42.842,128422093,P042,rhythm_normal,NORMAL,,,,1031,441675,104810,116137,104538.18,115201.52,271.82,935.48,573.39,358.01,False,False,nan,True,0.9412,69.36,99.84,True,0,COLLECTING,0,,0,,,,,8,54,19,30,60,0.9997654724984255,0.24494897427831783
2026-08-31T22:59:42.871,128422125,P042,rhythm_normal,NORMAL,,,,1032,441715,104855,116280,104544.52,115223.09,310.48,1056.91,694.27,364.73,False,False,nan,True,0.9412,69.36,99.84,True,0,COLLECTING,0,,0,,,,,8,54,19,30,60,0.9997654724984255,0.24494897427831783
2026-08-31T22:59:42.876,128422125,P042,rhythm_normal,NORMAL,,,,1033,441755,104898,116378,104551.59,115246.19,346.41,1131.81,803.65,373.51,False,False,nan,True,0.9412,69.36,99.84,True,0,COLLECTING,0,,0,,,,,8,54,19,30,60,0.9997654724984255,0.24494897427831783
2026-08-31T22:59:42.881,128422125,P042,rhythm_normal,NORMAL,,,,1034,441795,104555,115491,104551.66,115251.09,3.34,239.91,662.72,379.3,True,True,760.0,True,0.9355,69.36,99.84,True,0,COLLECTING,0,,0,,,,,8,54,19,30,60,0.9997654724984255,0.24494897427831783
2026-08-31T22:59:42.901,128422156,P042,rhythm_normal,NORMAL,,,,1035,441835,104128,114435,104543.18,115234.77,-415.18,-799.77,297.1,377.65,False,False,nan,True,0.9355,69.36,99.84,True,0,COLLECTING,0,,0,,,,,8,54,19,30,60,0.9997654724984255,0.24494897427831783
2026-08-31T22:59:43.042,128422296,P042,rhythm_normal,NORMAL,,,,1036,441875,104072,114292,104533.76,115215.91,-461.76,-923.91,-8.15,370.26,False,False,nan,True,0.9355,69.36,99.84,True,0,COLLECTING,0,,0,,,,,9,54,19,30,60,0.9997654724984255,0.17320508075688776
2026-08-31T22:59:43.067,128422312,P042,rhythm_normal,NORMAL,,,,1037,441915,104127,114429,104525.62,115200.18,-398.62,-771.18,-198.91,366.83,False,False,nan,True,0.9355,69.36,99.84,True,0,COLLECTING,0,,0,,,,,9,54,19,30,60,0.9997654724984255,0.17320508075688776
2026-08-31T22:59:43.077,128422328,P042,rhythm_normal,NORMAL,,,,1038,441955,104182,114587,104518.75,115187.91,-336.75,-600.91,-299.41,365.49,False,False,nan,True,0.9355,69.36,99.84,True,0,COLLECTING,0,,0,,,,,9,54,19,30,60,0.9997654724984255,0.17320508075688776
2026-08-31T22:59:43.097,128422343,P042,rhythm_normal,NORMAL,,,,1039,441995,104215,114654,104512.67,115177.23,-297.67,-523.23,-355.37,365.28,False,False,nan,True,0.9355,69.36,99.84,True,0,COLLECTING,0,,0,,,,,9,54,19,30,60,0.9997654724984255,0.17320508075688776
2026-08-31T22:59:43.118,128422375,P042,rhythm_normal,NORMAL,,,,1040,442035,104280,114801,104508.02,115169.71,-228.02,-368.71,-358.7,365.15,False,False,nan,True,0.9355,69.36,99.84,True,0,COLLECTING,0,,0,,,,,9,54,19,30,60,0.9997654724984255,0.17320508075688776
2026-08-31T22:59:43.236,128422484,P042,rhythm_normal,NORMAL,,,,1041,442075,104299,114852,104503.84,115163.36,-204.84,-311.36,-346.87,364.79,False,False,nan,True,0.9355,69.36,99.84,True,0,COLLECTING,0,,0,,,,,9,54,19,30,60,0.9995468973489938,0.24494897427831783
2026-08-31T22:59:43.257,128422515,P042,rhythm_normal,NORMAL,,,,1042,442115,104235,114716,104498.46,115154.41,-263.46,-438.41,-369.75,364.89,False,False,nan,True,0.9355,69.36,99.84,True,0,COLLECTING,0,,0,,,,,9,54,19,30,60,0.9995468973489938,0.24494897427831783
2026-08-31T22:59:43.278,128422531,P042,rhythm_normal,NORMAL,,,,1043,442155,104226,114688,104493.02,115145.09,-267.02,-457.09,-391.59,365.42,False,False,nan,True,0.9355,69.36,99.84,True,0,COLLECTING,0,,0,,,,,9,54,19,30,60,0.9995468973489938,0.24494897427831783
2026-08-31T22:59:43.285,128422531,P042,rhythm_normal,NORMAL,,,,1044,442195,104286,114877,104488.88,115139.73,-202.88,-262.73,-359.37,365.3,False,False,nan,True,0.9355,69.36,99.84,True,0,COLLECTING,0,,0,,,,,9,54,19,30,60,0.9995468973489938,0.24494897427831783
2026-08-31T22:59:43.306,128422562,P042,rhythm_normal,NORMAL,,,,1045,442235,104402,115174,104487.14,115140.41,-85.14,33.59,-261.13,363.22,False,False,nan,True,0.9355,69.36,99.84,True,0,COLLECTING,0,,0,,,,,9,54,19,30,60,0.9995468973489938,0.24494897427831783
2026-08-31T22:59:43.446,128422703,P042,rhythm_normal,NORMAL,,,,1046,442275,104500,115405,104487.4,115145.7,12.6,259.3,-131.03,358.57,False,False,nan,True,0.9355,69.36,99.84,True,0,COLLECTING,0,,0,,,,,9,54,19,30,60,0.9995468973489938,0.17320508075688776
2026-08-31T22:59:43.456,128422703,P042,rhythm_normal,NORMAL,,,,1047,442315,104581,115616,104489.27,115155.11,91.73,460.89,16.95,351.74,False,False,nan,True,0.9355,69.36,99.84,True,0,COLLECTING,0,,0,,,,,9,54,19,30,60,0.9995468973489938,0.17320508075688776
2026-08-31T22:59:43.476,128422734,P042,rhythm_normal,NORMAL,,,,1048,442355,104649,115795,104492.47,115167.91,156.53,627.09,169.49,348.09,False,False,nan,True,0.9355,69.36,99.84,True,0,COLLECTING,0,,0,,,,,9,54,19,30,60,0.9995468973489938,0.17320508075688776
2026-08-31T22:59:43.485,128422734,P042,rhythm_normal,NORMAL,,,,1049,442395,104698,115918,104496.58,115182.91,201.42,735.09,310.89,347.35,False,False,nan,True,0.9355,69.36,99.84,True,0,COLLECTING,0,,0,,,,,9,54,19,30,60,0.9995468973489938,0.17320508075688776
2026-08-31T22:59:43.503,128422750,P042,rhythm_normal,NORMAL,,,,1050,442435,104727,116010,104501.19,115199.45,225.81,810.55,435.81,349.12,False,False,nan,True,0.9355,69.36,99.84,True,0,COLLECTING,0,,0,,,,,9,54,19,30,60,0.9995468973489938,0.17320508075688776
2026-08-31T22:59:43.641,128422890,P042,rhythm_normal,NORMAL,,,,1051,442485,104782,116148,104506.8,115218.41,275.2,929.59,559.25,353.32,False,False,nan,True,0.9355,69.36,99.84,True,0,COLLECTING,0,,0,,,,,9,54,19,30,60,0.9995468973489938,0.24494897427831783
2026-08-31T22:59:43.662,128422906,P042,rhythm_normal,NORMAL,,,,1052,442515,104848,116288,104513.62,115239.8,334.38,1048.2,681.49,359.89,False,False,nan,True,0.9355,69.36,99.84,True,0,COLLECTING,0,,0,,,,,9,54,19,30,60,0.9995468973489938,0.24494897427831783
2026-08-31T22:59:43.683,128422937,P042,rhythm_normal,NORMAL,,,,1053,442555,104828,116267,104519.91,115260.35,308.09,1006.65,762.78,367.94,False,False,nan,True,0.9355,69.36,99.84,True,0,COLLECTING,0,,0,,,,,9,54,19,30,60,0.9995468973489938,0.24494897427831783
2026-08-31T22:59:43.699,128422953,P042,rhythm_normal,NORMAL,,,,1054,442595,104345,115064,104516.41,115256.42,-171.41,-192.42,523.98,371.06,True,True,800.0,True,0.9337,69.77,99.84,True,0,COLLECTING,0,,0,,,,,9,54,19,30,60,0.9995468973489938,0.24494897427831783
2026-08-31T22:59:43.721,128422968,P042,rhythm_normal,NORMAL,,,,1055,442635,104058,114333,104507.24,115237.95,-449.24,-904.95,166.74,366.98,False,False,nan,True,0.9337,69.77,99.84,True,0,COLLECTING,0,,0,,,,,9,54,19,30,60,0.9995468973489938,0.24494897427831783
2026-08-31T22:59:43.843,128423093,P042,rhythm_normal,NORMAL,,,,1056,442685,104042,114303,104497.94,115219.26,-455.94,-916.26,-104.01,361.72,False,False,nan,True,0.9337,69.77,99.84,True,0,COLLECTING,0,,0,,,,,10,54,19,30,60,0.9995468973489938,0.17320508075688776
2026-08-31T22:59:43.854,128423109,P042,rhythm_normal,NORMAL,,,,1057,442725,104101,114422,104490.0,115203.31,-389.0,-781.31,-273.33,359.95,False,False,nan,True,0.9337,69.77,99.84,True,0,COLLECTING,0,,0,,,,,10,54,19,30,60,0.9995468973489938,0.17320508075688776
2026-08-31T22:59:43.872,128423125,P042,rhythm_normal,NORMAL,,,,1058,442765,104142,114540,104483.04,115190.05,-341.04,-650.05,-367.51,360.1,False,False,nan,True,0.9337,69.77,99.84,True,0,COLLECTING,0,,0,,,,,10,54,19,30,60,0.9995468973489938,0.17320508075688776
2026-08-31T22:59:43.892,128423140,P042,rhythm_normal,NORMAL,,,,1059,442805,104175,114574,104476.88,115177.73,-301.88,-603.73,-426.56,361.43,False,False,nan,True,0.9337,69.77,99.84,True,0,COLLECTING,0,,0,,,,,10,54,19,30,60,0.9995468973489938,0.17320508075688776
2026-08-31T22:59:43.917,128423171,P042,rhythm_normal,NORMAL,,,,1060,442845,104241,114734,104472.16,115168.85,-231.16,-434.85,-428.64,362.78,False,False,nan,True,0.9337,69.77,99.84,True,0,COLLECTING,0,,0,,,,,10,54,19,30,60,0.9995468973489938,0.17320508075688776
2026-08-31T22:59:44.047,128423296,P042,rhythm_normal,NORMAL,,,,1061,442885,104232,114763,104467.35,115160.73,-235.35,-397.73,-420.91,363.94,False,False,nan,True,0.9337,69.77,97.37,True,0,COLLECTING,0,,0,,,,,10,54,19,30,60,0.9997654724984255,0.24494897427831783
2026-08-31T22:59:44.057,128423312,P042,rhythm_normal,NORMAL,,,,1062,442925,104186,114671,104461.73,115150.94,-275.73,-479.94,-435.67,365.37,False,False,nan,True,0.9337,69.77,97.37,True,0,COLLECTING,0,,0,,,,,10,54,19,30,60,0.9997654724984255,0.24494897427831783
2026-08-31T22:59:44.072,128423328,P042,rhythm_normal,NORMAL,,,,1063,442965,104205,114720,104456.59,115142.32,-251.59,-422.32,-432.33,366.71,False,False,nan,True,0.9337,69.77,97.37,True,0,COLLECTING,0,,0,,,,,10,54,19,30,60,0.9997654724984255,0.24494897427831783
2026-08-31T22:59:44.082,128423328,P042,rhythm_normal,NORMAL,,,,1064,443005,104287,114916,104453.2,115137.8,-166.2,-221.8,-379.7,366.97,False,False,nan,True,0.9337,69.77,97.37,True,0,COLLECTING,0,,0,,,,,10,54,19,30,60,0.9997654724984255,0.24494897427831783
2026-08-31T22:59:44.119,128423375,P042,rhythm_normal,NORMAL,,,,1065,443045,104398,115244,104452.1,115139.92,-54.1,104.08,-258.75,364.81,False,False,nan,True,0.9337,69.77,97.37,True,0,COLLECTING,0,,0,,,,,10,54,19,30,60,0.9997654724984255,0.24494897427831783
2026-08-31T22:59:44.244,128423500,P042,rhythm_normal,NORMAL,,,,1066,443085,104503,115474,104453.12,115146.6,49.88,327.4,-112.22,359.76,False,False,nan,True,0.9337,69.77,97.37,True,0,COLLECTING,0,,0,,,,,10,54,19,30,60,0.9995468973489938,0.17320508075688776
2026-08-31T22:59:44.253,128423500,P042,rhythm_normal,NORMAL,,,,1067,443125,104589,115667,104455.84,115157.01,133.16,509.99,43.34,353.43,False,False,nan,True,0.9337,69.77,97.37,True,0,COLLECTING,0,,0,,,,,10,54,19,30,60,0.9995468973489938,0.17320508075688776
2026-08-31T22:59:44.283,128423531,P042,rhythm_normal,NORMAL,,,,1068,443165,104651,115889,104459.74,115171.65,191.26,717.35,211.84,350.6,False,False,nan,True,0.9337,69.77,97.37,True,0,COLLECTING,0,,0,,,,,10,54,19,30,60,0.9995468973489938,0.17320508075688776
2026-08-31T22:59:44.291,128423546,P042,rhythm_normal,NORMAL,,,,1069,443205,104700,116039,104464.55,115188.99,235.45,850.01,371.38,351.01,False,False,nan,True,0.9337,69.77,97.37,True,0,COLLECTING,0,,0,,,,,10,54,19,30,60,0.9995468973489938,0.17320508075688776
2026-08-31T22:59:44.323,128423578,P042,rhythm_normal,NORMAL,,,,1070,443245,104739,116095,104470.04,115207.11,268.96,887.89,500.51,354.0,False,False,nan,True,0.9337,69.77,97.37,True,0,COLLECTING,0,,0,,,,,10,54,19,30,60,0.9995468973489938,0.17320508075688776
2026-08-31T22:59:44.452,128423703,P042,rhythm_normal,NORMAL,,,,1071,443285,104789,116248,104476.42,115227.93,312.58,1020.07,630.4,359.53,False,False,nan,True,0.9337,69.77,97.37,True,0,COLLECTING,0,,0,,,,,10,54,19,30,60,0.9995468973489938,0.17320508075688776
2026-08-31T22:59:44.479,128423734,P042,rhythm_normal,NORMAL,,,,1072,443325,104832,116441,104483.53,115252.19,348.47,1188.81,770.0,367.74,False,False,nan,True,0.9337,69.77,97.37,True,0,COLLECTING,0,,0,,,,,10,54,19,30,60,0.9995468973489938,0.17320508075688776
2026-08-31T22:59:44.487,128423734,P042,rhythm_normal,NORMAL,,,,1073,443365,104873,116521,104491.32,115277.56,381.68,1243.44,888.36,378.15,False,False,nan,True,0.9337,69.77,97.37,True,0,COLLECTING,0,,0,,,,,10,54,19,30,60,0.9995468973489938,0.17320508075688776
2026-08-31T22:59:44.499,128423750,P042,rhythm_normal,NORMAL,,,,1074,443405,104436,115506,104490.21,115282.13,-54.21,223.87,722.24,385.03,True,True,810.0,True,0.935,72.73,97.37,True,0,COLLECTING,0,,0,,,,,10,54,19,30,60,0.9995468973489938,0.17320508075688776
2026-08-31T22:59:44.531,128423781,P042,rhythm_normal,NORMAL,,,,1075,443445,104031,114462,104481.02,115265.73,-450.02,-803.73,340.75,384.15,False,False,nan,True,0.935,72.73,97.37,True,0,COLLECTING,0,,0,,,,,10,54,19,30,60,0.9995468973489938,0.17320508075688776
2026-08-31T22:59:44.644,128423890,P042,rhythm_normal,NORMAL,,,,1076,443485,103975,114344,104470.91,115247.29,-495.91,-903.29,29.74,377.06,False,False,nan,True,0.935,72.73,97.37,True,0,COLLECTING,0,,0,,,,,11,54,19,30,60,0.9995468973489938,0.24494897427831783
2026-08-31T22:59:44.680,128423937,P042,rhythm_normal,NORMAL,,,,1077,443525,104031,114499,104462.11,115232.32,-431.11,-733.32,-161.03,372.74,False,False,nan,True,0.935,72.73,97.37,True,0,COLLECTING,0,,0,,,,,11,54,19,30,60,0.9995468973489938,0.24494897427831783
2026-08-31T22:59:44.690,128423937,P042,rhythm_normal,NORMAL,,,,1078,443565,104101,114619,104454.89,115220.05,-353.89,-601.05,-271.03,370.7,False,False,nan,True,0.935,72.73,97.37,True,0,COLLECTING,0,,0,,,,,11,54,19,30,60,0.9995468973489938,0.24494897427831783
2026-08-31T22:59:44.697,128423953,P042,rhythm_normal,NORMAL,,,,1079,443605,104096,114646,104447.71,115208.57,-351.71,-562.57,-343.92,370.17,False,False,nan,True,0.935,72.73,97.37,True,0,COLLECTING,0,,0,,,,,11,54,19,30,60,0.9995468973489938,0.24494897427831783
2026-08-31T22:59:44.725,128423968,P042,rhythm_normal,NORMAL,,,,1080,443645,104179,114853,104442.34,115201.46,-263.34,-348.46,-345.05,369.67,False,False,nan,True,0.935,72.73,97.37,True,0,COLLECTING,0,,0,,,,,11,54,19,30,60,0.9995468973489938,0.24494897427831783
2026-08-31T22:59:44.852,128424109,P042,rhythm_normal,NORMAL,,,,1081,443685,104176,114916,104437.01,115195.75,-261.01,-279.75,-328.73,368.85,False,False,nan,True,0.935,72.73,97.37,True,0,COLLECTING,0,,0,,,,,11,54,19,30,60,0.9995468973489938,0.24494897427831783
2026-08-31T22:59:44.863,128424109,P042,rhythm_normal,NORMAL,,,,1082,443725,104143,114770,104431.12,115187.23,-288.12,-417.23,-350.85,368.49,False,False,nan,True,0.935,72.73,97.37,True,0,COLLECTING,0,,0,,,,,11,54,19,30,60,0.9995468973489938,0.24494897427831783
2026-08-31T22:59:44.893,128424140,P042,rhythm_normal,NORMAL,,,,1083,443765,104135,114782,104425.2,115179.13,-290.2,-397.13,-362.42,368.37,False,False,nan,True,0.935,72.73,97.37,True,0,COLLECTING,0,,0,,,,,11,54,19,30,60,0.9995468973489938,0.24494897427831783
2026-08-31T22:59:44.906,128424156,P042,rhythm_normal,NORMAL,,,,1084,443805,104272,114991,104422.14,115175.37,-150.14,-184.37,-317.91,367.36,False,False,nan,True,0.935,72.73,97.37,True,0,COLLECTING,0,,0,,,,,11,54,19,30,60,0.9995468973489938,0.24494897427831783
2026-08-31T22:59:44.934,128424187,P042,rhythm_normal,NORMAL,,,,1085,443845,104357,115255,104420.84,115176.96,-63.84,78.04,-218.92,364.39,False,False,nan,True,0.935,72.73,97.37,True,0,COLLECTING,0,,0,,,,,11,54,19,30,60,0.9995468973489938,0.24494897427831783
2026-08-31T22:59:45.052,128424296,P042,rhythm_normal,NORMAL,,,,1086,443885,104392,115431,104420.26,115182.04,-28.26,248.96,-101.95,359.14,False,False,nan,True,0.935,72.73,97.37,True,0,COLLECTING,0,,0,,,,,11,54,19,30,60,0.9997654724984255,0.17320508075688776
2026-08-31T22:59:45.062,128424312,P042,rhythm_normal,NORMAL,,,,1087,443925,104512,115679,104422.09,115191.98,89.91,487.02,45.29,352.86,False,False,nan,True,0.935,72.73,97.37,True,0,COLLECTING,0,,0,,,,,11,54,19,30,60,0.9997654724984255,0.17320508075688776
2026-08-31T22:59:45.075,128424328,P042,rhythm_normal,NORMAL,,,,1088,443965,104590,115849,104425.45,115205.12,164.55,643.88,194.94,349.7,False,False,nan,True,0.935,72.73,97.37,True,0,COLLECTING,0,,0,,,,,11,54,19,30,60,0.9997654724984255,0.17320508075688776
2026-08-31T22:59:45.108,128424359,P042,rhythm_normal,NORMAL,,,,1089,444005,104670,116019,104430.34,115221.4,239.66,797.6,345.61,349.62,False,False,nan,True,0.935,72.73,97.37,True,0,COLLECTING,0,,0,,,,,11,54,19,30,60,0.9997654724984255,0.17320508075688776
2026-08-31T22:59:45.141,128424390,P042,rhythm_normal,NORMAL,,,,1090,444045,104658,116103,104434.9,115239.03,223.1,863.97,475.2,352.13,False,False,nan,True,0.935,72.73,97.37,True,0,COLLECTING,0,,0,,,,,11,54,19,30,60,0.9997654724984255,0.17320508075688776
2026-08-31T22:59:45.255,128424500,P042,rhythm_normal,NORMAL,,,,1091,444085,104706,116181,104440.32,115257.87,265.68,923.13,587.18,356.83,False,False,nan,True,0.935,72.73,97.37,True,0,COLLECTING,0,,0,,,,,11,54,19,30,60,0.9995468973489938,0.17320508075688776
2026-08-31T22:59:45.271,128424515,P042,rhythm_normal,NORMAL,,,,1092,444125,104780,116364,104447.12,115279.99,332.88,1084.01,711.39,363.93,False,False,nan,True,0.935,72.73,97.37,True,0,COLLECTING,0,,0,,,,,11,54,19,30,60,0.9995468973489938,0.17320508075688776
2026-08-31T22:59:45.298,128424546,P042,rhythm_normal,NORMAL,,,,1093,444165,104853,116531,104455.23,115305.02,397.77,1225.98,840.04,373.45,False,False,nan,True,0.935,72.73,97.37,True,0,COLLECTING,0,,0,,,,,11,54,19,30,60,0.9995468973489938,0.17320508075688776
2026-08-31T22:59:45.311,128424562,P042,rhythm_normal,NORMAL,,,,1094,444205,104889,116733,104463.91,115333.58,425.09,1399.42,979.88,385.58,False,False,nan,True,0.935,72.73,97.37,True,0,COLLECTING,0,,0,,,,,11,54,19,30,60,0.9995468973489938,0.17320508075688776
2026-08-31T22:59:45.345,128424593,P042,rhythm_normal,NORMAL,,,,1095,444245,104660,116043,104467.83,115347.77,192.17,695.23,908.72,396.04,True,True,840.0,True,0.9449,72.73,97.37,True,0,COLLECTING,0,,0,,,,,11,54,19,30,60,0.9995468973489938,0.17320508075688776
2026-08-31T22:59:45.459,128424703,P042,rhythm_normal,NORMAL,,,,1096,444285,104123,114662,104460.93,115334.05,-337.93,-672.05,513.53,398.39,False,False,nan,True,0.9449,72.73,97.37,True,0,NORMAL,1,0.96,0,831.7,54.3,49.4,0.09,12,55,20,30,60,0.9997654724984255,0.24494897427831783
2026-08-31T22:59:45.484,128424734,P042,rhythm_normal,NORMAL,,,,1097,444325,104016,114411,104452.03,115315.59,-436.03,-904.59,159.0,393.6,False,False,nan,True,0.9449,72.73,97.37,True,0,NORMAL,1,0.96,0,831.7,54.3,49.4,0.09,12,55,20,30,60,0.9997654724984255,0.24494897427831783
2026-08-31T22:59:45.493,128424750,P042,rhythm_normal,NORMAL,,,,1098,444365,104065,114540,104444.29,115300.08,-379.29,-760.08,-70.77,387.14,False,False,nan,True,0.9449,72.73,97.37,True,0,NORMAL,1,0.96,0,831.7,54.3,49.4,0.09,12,55,20,30,60,0.9997654724984255,0.24494897427831783
2026-08-31T22:59:45.502,128424750,P042,rhythm_normal,NORMAL,,,,1099,444405,104152,114680,104438.45,115287.68,-286.45,-607.68,-205.0,383.5,False,False,nan,True,0.9449,72.73,97.37,True,0,NORMAL,1,0.96,0,831.7,54.3,49.4,0.09,12,55,20,30,60,0.9997654724984255,0.24494897427831783
2026-08-31T22:59:45.536,128424781,P042,rhythm_normal,NORMAL,,,,1100,444445,104142,114752,104432.52,115276.97,-290.52,-524.97,-284.99,381.53,False,False,nan,True,0.9449,72.73,97.37,True,0,NORMAL,1,0.96,0,831.7,54.3,49.4,0.09,12,55,20,30,60,0.9997654724984255,0.24494897427831783
2026-08-31T22:59:45.654,128424906,P042,rhythm_normal,NORMAL,,,,1101,444485,104218,114942,104428.23,115270.27,-210.23,-328.27,-295.81,379.82,False,False,nan,True,0.9449,72.73,97.37,True,0,NORMAL,1,0.96,0,831.7,54.3,49.4,0.09,12,55,20,30,60,0.9993427840335868,0.3464101615137755
2026-08-31T22:59:45.680,128424937,P042,rhythm_normal,NORMAL,,,,1102,444525,104229,114968,104424.24,115264.22,-195.24,-296.22,-295.91,378.14,False,False,nan,True,0.9449,72.73,97.37,True,0,NORMAL,1,0.96,0,831.7,54.3,49.4,0.09,12,55,20,30,60,0.9993427840335868,0.3464101615137755
2026-08-31T22:59:45.686,128424937,P042,rhythm_normal,NORMAL,,,,1103,444565,104203,114892,104419.82,115256.77,-216.82,-364.77,-313.13,376.84,False,False,nan,True,0.9449,72.73,97.37,True,0,NORMAL,1,0.96,0,831.7,54.3,49.4,0.09,12,55,20,30,60,0.9993427840335868,0.3464101615137755
2026-08-31T22:59:45.700,128424953,P042,rhythm_normal,NORMAL,,,,1104,444605,104198,114836,104415.38,115248.36,-217.38,-412.36,-337.93,376.06,False,False,nan,True,0.9449,72.73,97.37,True,0,NORMAL,1,0.96,0,831.7,54.3,49.4,0.09,12,55,20,30,60,0.9993427840335868,0.3464101615137755
2026-08-31T22:59:45.736,128424984,P042,rhythm_normal,NORMAL,,,,1105,444645,104245,114987,104411.98,115243.13,-166.98,-256.13,-317.48,374.89,False,False,nan,True,0.9449,72.73,97.37,True,0,NORMAL,1,0.96,0,831.7,54.3,49.4,0.09,12,55,20,30,60,0.9993427840335868,0.3464101615137755
2026-08-31T22:59:45.854,128425109,P042,rhythm_normal,NORMAL,,,,1106,444685,104315,115252,104410.04,115243.31,-95.04,8.69,-235.94,372.11,False,False,nan,True,0.9449,72.73,97.37,True,0,NORMAL,1,0.96,0,831.7,54.3,49.4,0.09,12,55,20,30,60,0.9997654724984255,0.24494897427831783
2026-08-31T22:59:45.889,128425140,P042,rhythm_normal,NORMAL,,,,1107,444725,104404,115494,104409.92,115248.33,-5.92,245.67,-115.54,366.98,False,False,nan,True,0.9449,72.73,97.37,True,0,NORMAL,1,0.96,0,831.7,54.3,49.4,0.09,12,55,20,30,60,0.9997654724984255,0.24494897427831783
2026-08-31T22:59:45.901,128425156,P042,rhythm_normal,NORMAL,,,,1108,444765,104512,115698,104411.96,115257.32,100.04,440.68,23.52,360.11,False,False,nan,True,0.9449,72.73,97.37,True,0,NORMAL,1,0.96,0,831.7,54.3,49.4,0.09,12,55,20,30,60,0.9997654724984255,0.24494897427831783
2026-08-31T22:59:45.910,128425156,P042,rhythm_normal,NORMAL,,,,1109,444805,104513,115883,104413.98,115269.84,99.02,613.16,170.93,356.33,False,False,nan,True,0.9449,72.73,97.37,True,0,NORMAL,1,0.96,0,831.7,54.3,49.4,0.09,12,55,20,30,60,0.9997654724984255,0.24494897427831783
2026-08-31T22:59:45.942,128425187,P042,rhythm_normal,NORMAL,,,,1110,444845,104579,116037,104417.28,115285.18,161.72,751.82,316.15,355.52,False,False,nan,True,0.9449,72.73,97.37,True,0,NORMAL,1,0.96,0,831.7,54.3,49.4,0.09,12,55,20,30,60,0.9997654724984255,0.24494897427831783
2026-08-31T22:59:46.058,128425312,P042,rhythm_normal,NORMAL,,,,1111,444885,104653,116161,104421.99,115302.7,231.01,858.3,451.69,357.45,False,False,nan,True,0.9449,72.73,97.37,True,0,NORMAL,1,0.96,0,831.7,54.3,49.4,0.09,12,55,20,30,60,0.9995468973489938,0.24494897427831783
2026-08-31T22:59:46.086,128425343,P042,rhythm_normal,NORMAL,,,,1112,444925,104725,116274,104428.05,115322.12,296.95,951.88,576.74,361.83,False,False,nan,True,0.9449,72.73,97.37,True,0,NORMAL,1,0.96,0,831.7,54.3,49.4,0.09,12,55,20,30,60,0.9995468973489938,0.24494897427831783
2026-08-31T22:59:46.098,128425343,P042,rhythm_normal,NORMAL,,,,1113,444965,104764,116386,104434.77,115343.41,329.23,1042.59,693.2,368.46,False,False,nan,True,0.9449,72.73,97.37,True,0,NORMAL,1,0.96,0,831.7,54.3,49.4,0.09,12,55,20,30,60,0.9995468973489938,0.24494897427831783
2026-08-31T22:59:46.107,128425359,P042,rhythm_normal,NORMAL,,,,1114,445005,104820,116519,104442.48,115366.92,377.52,1152.08,807.92,377.25,False,False,nan,True,0.9449,72.73,97.37,True,0,NORMAL,1,0.96,0,831.7,54.3,49.4,0.09,12,55,20,30,60,0.9995468973489938,0.24494897427831783
2026-08-31T22:59:46.138,128425390,P042,rhythm_normal,NORMAL,,,,1115,445045,104893,116726,104451.48,115394.1,441.52,1331.9,938.91,388.48,False,False,nan,True,0.9449,72.73,97.37,True,0,NORMAL,1,0.96,0,831.7,54.3,49.4,0.09,12,55,20,30,60,0.9995468973489938,0.24494897427831783
2026-08-31T22:59:46.251,128425500,P042,rhythm_normal,NORMAL,,,,1116,445085,104959,116889,104461.63,115424.0,497.37,1465.0,1070.44,402.12,False,False,nan,True,0.9449,72.73,97.37,True,0,NORMAL,1,0.96,0,831.7,54.3,49.4,0.09,12,55,20,30,60,0.9997654724984255,0.17320508075688776
2026-08-31T22:59:46.268,128425515,P042,rhythm_normal,NORMAL,,,,1117,445125,104745,116360,104467.3,115442.72,277.7,917.28,1032.15,414.72,True,True,880.0,True,0.9449,72.73,97.37,True,0,NORMAL,1,0.96,0,831.7,54.3,49.4,0.09,12,55,20,30,60,0.9997654724984255,0.17320508075688776
2026-08-31T22:59:46.292,128425546,P042,rhythm_normal,NORMAL,,,,1118,445165,104161,114871,104461.17,115431.28,-300.17,-560.28,634.04,419.11,False,False,nan,True,0.9449,72.73,97.37,True,0,NORMAL,1,0.96,0,831.7,54.3,49.4,0.09,12,55,20,30,60,0.9997654724984255,0.17320508075688776
2026-08-31T22:59:46.301,128425546,P042,rhythm_normal,NORMAL,,,,1119,445205,103982,114508,104451.59,115412.81,-469.59,-904.81,249.33,415.71,False,False,nan,True,0.9449,72.73,97.37,True,0,NORMAL,1,0.96,0,831.7,54.3,49.4,0.09,12,55,20,30,60,0.9997654724984255,0.17320508075688776
2026-08-31T22:59:46.333,128425578,P042,rhythm_normal,NORMAL,,,,1120,445245,104043,114626,104443.41,115397.08,-400.41,-771.08,-5.77,407.51,False,False,nan,True,0.9449,72.73,97.37,True,0,NORMAL,1,0.96,0,831.7,54.3,49.4,0.09,12,55,20,30,60,0.9997654724984255,0.17320508075688776
2026-08-31T22:59:46.444,128425703,P042,rhythm_normal,NORMAL,,,,1121,445285,104119,114821,104436.93,115385.55,-317.93,-564.55,-145.47,402.27,False,False,nan,True,0.9449,72.73,97.37,True,0,NORMAL,1,0.96,0,831.7,54.3,49.4,0.09,12,55,20,30,60,0.9997654724984255,0.24494897427831783
2026-08-31T22:59:46.482,128425734,P042,rhythm_normal,NORMAL,,,,1122,445325,104149,114916,104431.17,115376.16,-282.17,-460.16,-224.14,398.71,False,False,nan,True,0.9449,72.73,97.37,True,0,NORMAL,1,0.96,0,831.7,54.3,49.4,0.09,12,55,20,30,60,0.9997654724984255,0.24494897427831783
2026-08-31T22:59:46.492,128425750,P042,rhythm_normal,NORMAL,,,,1123,445365,104227,115110,104427.09,115370.84,-200.09,-260.84,-233.32,395.4,False,False,nan,True,0.9449,72.73,97.37,True,0,NORMAL,1,0.96,0,831.7,54.3,49.4,0.09,12,55,20,30,60,0.9997654724984255,0.24494897427831783
2026-08-31T22:59:46.501,128425750,P042,rhythm_normal,NORMAL,,,,1124,445405,104255,115210,104423.64,115367.62,-168.64,-157.62,-214.39,391.78,False,False,nan,True,0.9449,72.73,97.37,True,0,NORMAL,1,0.96,0,831.7,54.3,49.4,0.09,12,55,20,30,60,0.9997654724984255,0.24494897427831783
2026-08-31T22:59:46.537,128425781,P042,rhythm_normal,NORMAL,,,,1125,445445,104203,115059,104419.23,115361.45,-216.23,-302.45,-236.41,388.67,False,False,nan,True,0.9449,72.73,97.37,True,0,NORMAL,1,0.96,0,831.7,54.3,49.4,0.09,12,55,20,30,60,0.9997654724984255,0.24494897427831783
2026-08-31T22:59:46.646,128425890,P042,rhythm_normal,NORMAL,,,,1126,445485,104162,114993,104414.09,115354.09,-252.09,-361.09,-267.58,386.25,False,False,nan,True,0.9449,72.73,97.37,True,0,NORMAL,1,0.96,0,831.7,54.3,49.4,0.09,12,55,20,30,60,0.9995468973489938,0.17320508075688776
2026-08-31T22:59:46.660,128425906,P042,rhythm_normal,NORMAL,,,,1127,445525,104235,115155,104410.51,115350.1,-175.51,-195.1,-249.46,383.52,False,False,nan,True,0.9449,72.73,97.37,True,0,NORMAL,1,0.96,0,831.7,54.3,49.4,0.09,12,55,20,30,60,0.9995468973489938,0.17320508075688776
2026-08-31T22:59:46.683,128425937,P042,rhythm_normal,NORMAL,,,,1128,445565,104352,115443,104409.34,115351.96,-57.34,91.04,-164.33,379.13,False,False,nan,True,0.9449,72.73,97.37,True,0,NORMAL,1,0.96,0,831.7,54.3,49.4,0.09,12,55,20,30,60,0.9995468973489938,0.17320508075688776
2026-08-31T22:59:46.690,128425937,P042,rhythm_normal,NORMAL,,,,1129,445605,104459,115726,104410.33,115359.45,48.67,366.55,-31.61,372.18,False,False,nan,True,0.9449,72.73,97.37,True,0,NORMAL,1,0.96,0,831.7,54.3,49.4,0.09,12,55,20,30,60,0.9995468973489938,0.17320508075688776
2026-08-31T22:59:46.728,128425984,P042,rhythm_normal,NORMAL,,,,1130,445645,104548,115948,104413.08,115371.22,134.92,576.78,120.49,367.15,False,False,nan,True,0.9449,72.73,97.37,True,0,NORMAL,1,0.96,0,831.7,54.3,49.4,0.09,12,55,20,30,60,0.9995468973489938,0.17320508075688776
2026-08-31T22:59:46.861,128426109,P042,rhythm_normal,NORMAL,,,,1131,445685,104633,116155,104417.48,115386.89,215.52,768.11,282.39,365.45,False,False,nan,True,0.9449,72.73,97.37,True,0,NORMAL,1,0.96,0,831.7,54.3,49.4,0.09,12,55,20,30,60,0.9995468973489938,0.24494897427831783
2026-08-31T22:59:46.878,128426125,P042,rhythm_normal,NORMAL,,,,1132,445725,104719,116335,104423.51,115405.85,295.49,929.15,444.08,367.03,False,False,nan,True,0.9449,72.73,97.37,True,0,NORMAL,1,0.96,0,831.7,54.3,49.4,0.09,12,55,20,30,60,0.9995468973489938,0.24494897427831783
2026-08-31T22:59:46.888,128426140,P042,rhythm_normal,NORMAL,,,,1133,445765,104783,116455,104430.7,115426.84,352.3,1028.16,590.1,371.49,False,False,nan,True,0.9449,72.73,97.37,True,0,NORMAL,1,0.96,0,831.7,54.3,49.4,0.09,12,55,20,30,60,0.9995468973489938,0.24494897427831783
2026-08-31T22:59:46.913,128426171,P042,rhythm_normal,NORMAL,,,,1134,445805,104836,116571,104438.8,115449.72,397.2,1121.28,722.9,378.52,False,False,nan,True,0.9449,72.73,97.37,True,0,NORMAL,1,0.96,0,831.7,54.3,49.4,0.09,12,55,20,30,60,0.9995468973489938,0.24494897427831783
2026-08-31T22:59:46.938,128426187,P042,rhythm_normal,NORMAL,,,,1135,445845,104881,116658,104447.65,115473.88,433.35,1184.12,838.2,387.71,False,False,nan,True,0.9449,72.73,97.37,True,0,NORMAL,1,0.96,0,831.7,54.3,49.4,0.09,12,55,20,30,60,0.9995468973489938,0.24494897427831783
2026-08-31T22:59:47.066,128426312,P042,rhythm_normal,NORMAL,,,,1136,445885,104919,116758,104457.08,115499.56,461.92,1258.44,943.26,398.82,False,False,nan,True,0.9449,72.73,97.37,True,0,NORMAL,1,0.96,0,831.7,54.3,49.4,0.09,12,55,20,30,60,0.9988863799251645,0.17320508075688776
2026-08-31T22:59:47.095,128426343,P042,rhythm_normal,NORMAL,,,,1137,445925,104996,116975,104467.86,115529.07,528.14,1445.93,1068.93,412.22,False,False,nan,True,0.9449,72.73,97.37,True,0,NORMAL,1,0.96,0,831.7,54.3,49.4,0.09,12,55,20,30,60,0.9988863799251645,0.17320508075688776
2026-08-31T22:59:47.111,128426359,P042,rhythm_normal,NORMAL,,,,1138,445965,105073,117181,104479.96,115562.11,593.04,1618.89,1206.42,428.11,False,False,nan,True,0.9449,72.73,97.37,True,0,NORMAL,1,0.96,0,831.7,54.3,49.4,0.09,12,55,20,30,60,0.9988863799251645,0.17320508075688776
2026-08-31T22:59:47.130,128426375,P042,rhythm_normal,NORMAL,,,,1139,446005,104868,116673,104487.72,115584.33,380.28,1088.67,1176.98,443.08,True,True,880.0,True,0.9449,72.73,97.37,True,0,NORMAL,1,0.96,0,831.7,54.3,49.4,0.09,12,55,20,30,60,0.9988863799251645,0.17320508075688776
2026-08-31T22:59:47.150,128426406,P042,rhythm_normal,NORMAL,,,,1140,446045,104182,114972,104481.6,115572.08,-299.6,-600.08,732.72,448.88,False,False,nan,True,0.9449,72.73,97.37,True,0,NORMAL,1,0.96,0,831.7,54.3,49.4,0.09,12,55,20,30,60,0.9988863799251645,0.17320508075688776
2026-08-31T22:59:47.259,128426515,P042,rhythm_normal,NORMAL,,,,1141,446085,103926,114343,104470.49,115547.5,-544.49,-1204.5,248.41,444.87,False,False,nan,True,0.9449,72.73,97.37,True,0,NORMAL,1,0.96,0,831.7,54.3,49.4,0.09,12,55,20,30,60,0.9997654724984255,0.17320508075688776
2026-08-31T22:59:47.274,128426531,P042,rhythm_normal,NORMAL,,,,1142,446125,103956,114412,104460.2,115524.79,-504.2,-1112.79,-91.89,437.81,False,False,nan,True,0.9449,72.73,97.37,True,0,NORMAL,1,0.96,0,831.7,54.3,49.4,0.09,12,55,20,30,60,0.9997654724984255,0.17320508075688776
2026-08-31T22:59:47.288,128426531,P042,rhythm_normal,NORMAL,,,,1143,446165,104024,114582,104451.48,115505.93,-427.48,-923.93,-299.9,435.05,False,False,nan,True,0.9449,72.73,97.37,True,0,NORMAL,1,0.96,0,831.7,54.3,49.4,0.09,12,55,20,30,60,0.9997654724984255,0.17320508075688776
2026-08-31T22:59:47.320,128426578,P042,rhythm_normal,NORMAL,,,,1144,446205,104041,114671,104443.27,115489.23,-402.27,-818.23,-429.48,434.94,False,False,nan,True,0.9449,72.73,97.37,True,0,NORMAL,1,0.96,0,831.7,54.3,49.4,0.09,12,55,20,30,60,0.9997654724984255,0.17320508075688776
2026-08-31T22:59:47.333,128426578,P042,rhythm_normal,NORMAL,,,,1145,446245,104098,114850,104436.36,115476.45,-338.36,-626.45,-478.73,435.81,False,False,nan,True,0.9449,72.73,97.37,True,0,NORMAL,1,0.96,0,831.7,54.3,49.4,0.09,12,55,20,30,60,0.9997654724984255,0.17320508075688776
2026-08-31T22:59:47.461,128426718,P042,rhythm_normal,NORMAL,,,,1146,446285,104134,114933,104430.31,115465.59,-296.31,-532.59,-492.19,436.94,False,False,nan,True,0.9449,72.73,97.37,True,0,NORMAL,1,0.96,0,831.7,54.3,49.4,0.09,12,55,20,30,60,0.9997654724984255,0.17320508075688776
2026-08-31T22:59:47.488,128426734,P042,rhythm_normal,NORMAL,,,,1147,446325,104066,114783,104423.02,115451.94,-357.02,-668.94,-536.38,438.93,False,False,nan,True,0.9449,72.73,97.37,True,0,NORMAL,1,0.96,0,831.7,54.3,49.4,0.09,12,55,20,30,60,0.9997654724984255,0.17320508075688776
2026-08-31T22:59:47.496,128426750,P042,rhythm_normal,NORMAL,,,,1148,446365,104039,114691,104415.34,115436.72,-376.34,-745.72,-588.71,441.93,False,False,nan,True,0.9449,72.73,97.37,True,0,NORMAL,1,0.96,0,831.7,54.3,49.4,0.09,12,55,20,30,60,0.9997654724984255,0.17320508075688776
2026-08-31T22:59:47.515,128426765,P042,rhythm_normal,NORMAL,,,,1149,446405,104087,114810,104408.77,115424.19,-321.77,-614.19,-595.08,444.99,False,False,nan,True,0.9449,72.73,97.37,True,0,NORMAL,1,0.96,0,831.7,54.3,49.4,0.09,12,55,20,30,60,0.9997654724984255,0.17320508075688776
2026-08-31T22:59:47.551,128426796,P042,rhythm_normal,NORMAL,,,,1150,446445,104184,115056,104404.28,115416.82,-220.28,-360.82,-536.52,446.82,False,False,nan,True,0.9449,72.73,97.37,True,0,NORMAL,1,0.96,0,831.7,54.3,49.4,0.09,12,55,20,30,60,0.9997654724984255,0.17320508075688776
2026-08-31T22:59:47.656,128426906,P042,rhythm_normal,NORMAL,,,,1151,446485,104291,115345,104402.02,115415.38,-111.02,-70.38,-419.98,446.28,False,False,nan,True,0.9449,72.73,97.37,True,0,NORMAL,1,0.96,0,831.7,54.3,49.4,0.09,12,55,20,30,60,0.9997654724984255,0.17320508075688776
2026-08-31T22:59:47.665,128426921,P042,rhythm_normal,NORMAL,,,,1152,446525,104410,115622,104402.17,115419.52,7.83,202.48,-264.37,442.64,False,False,nan,True,0.9449,72.73,97.37,True,0,NORMAL,1,0.96,0,831.7,54.3,49.4,0.09,12,55,20,30,60,0.9997654724984255,0.17320508075688776
2026-08-31T22:59:47.694,128426937,P042,rhythm_normal,NORMAL,,,,1153,446565,104505,115847,104404.23,115428.06,100.77,418.94,-93.54,435.66,False,False,nan,True,0.9449,72.73,97.37,True,0,NORMAL,1,0.96,0,831.7,54.3,49.4,0.09,12,55,20,30,60,0.9997654724984255,0.17320508075688776
2026-08-31T22:59:47.704,128426953,P042,rhythm_normal,NORMAL,,,,1154,446605,104582,116056,104407.78,115440.62,174.22,615.38,83.69,428.62,False,False,nan,True,0.9449,72.73,97.37,True,0,NORMAL,1,0.96,0,831.7,54.3,49.4,0.09,12,55,20,30,60,0.9997654724984255,0.17320508075688776
2026-08-31T22:59:47.738,128426984,P042,rhythm_normal,NORMAL,,,,1155,446645,104638,116211,104412.38,115456.03,225.62,754.97,251.51,425.08,False,False,nan,True,0.9449,72.73,97.37,True,0,NORMAL,1,0.96,0,831.7,54.3,49.4,0.09,12,55,20,30,60,0.9997654724984255,0.17320508075688776
2026-08-31T22:59:47.860,128427109,P042,rhythm_normal,NORMAL,,,,1156,446685,104694,116348,104418.02,115473.87,275.98,874.13,407.16,424.72,False,False,nan,True,0.9449,72.73,97.37,True,0,NORMAL,1,0.96,0,831.7,54.3,49.4,0.09,12,55,20,30,60,0.9997654724984255,0.17320508075688776
2026-08-31T22:59:47.884,128427140,P042,rhythm_normal,NORMAL,,,,1157,446725,104750,116497,104424.66,115494.33,325.34,1002.67,556.04,427.35,False,False,nan,True,0.9449,72.73,97.37,True,0,NORMAL,1,0.96,0,831.7,54.3,49.4,0.09,12,55,20,30,60,0.9997654724984255,0.17320508075688776
2026-08-31T22:59:47.893,128427140,P042,rhythm_normal,NORMAL,,,,1158,446765,104824,116675,104432.64,115517.95,391.36,1157.05,706.29,432.93,False,False,nan,True,0.9449,72.73,97.37,True,0,NORMAL,1,0.96,0,831.7,54.3,49.4,0.09,12,55,20,30,60,0.9997654724984255,0.17320508075688776
2026-08-31T22:59:47.903,128427156,P042,rhythm_normal,NORMAL,,,,1159,446805,104897,116886,104441.93,115545.3,455.07,1340.7,864.89,441.57,False,False,nan,True,0.9449,72.73,97.37,True,0,NORMAL,1,0.96,0,831.7,54.3,49.4,0.09,12,55,20,30,60,0.9997654724984255,0.17320508075688776
2026-08-31T22:59:47.946,128427203,P042,rhythm_normal,NORMAL,,,,1160,446845,104944,117028,104451.97,115574.96,492.03,1453.04,1011.93,452.97,False,False,nan,True,0.9449,72.73,97.37,True,0,NORMAL,1,0.96,0,831.7,54.3,49.4,0.09,12,55,20,30,60,0.9997654724984255,0.17320508075688776
2026-08-31T22:59:48.060,128427312,P042,rhythm_normal,NORMAL,,,,1161,446885,104589,116125,104454.71,115585.96,134.29,539.04,893.71,461.79,True,True,880.0,True,0.9413,72.73,98.82,True,0,NORMAL,1,0.96,0,831.7,54.3,49.4,0.09,12,55,20,30,60,0.9997654724984255,0.17320508075688776
2026-08-31T22:59:48.074,128427328,P042,rhythm_normal,NORMAL,,,,1162,446925,104007,114681,104445.76,115567.86,-438.76,-886.86,448.57,461.52,False,False,nan,True,0.9413,72.73,98.82,True,0,NORMAL,1,0.96,0,831.7,54.3,49.4,0.09,12,55,20,30,60,0.9997654724984255,0.17320508075688776
2026-08-31T22:59:48.099,128427343,P042,rhythm_normal,NORMAL,,,,1163,446965,103910,114436,104435.04,115545.22,-525.04,-1109.22,59.12,453.48,False,False,nan,True,0.9413,72.73,98.82,True,0,NORMAL,1,0.96,0,831.7,54.3,49.4,0.09,12,55,20,30,60,0.9997654724984255,0.17320508075688776
2026-08-31T22:59:48.112,128427359,P042,rhythm_normal,NORMAL,,,,1164,447005,103984,114647,104426.02,115527.26,-442.02,-880.26,-175.72,447.92,False,False,nan,True,0.9413,72.73,98.82,True,0,NORMAL,1,0.96,0,831.7,54.3,49.4,0.09,12,55,20,30,60,0.9997654724984255,0.17320508075688776
2026-08-31T22:59:48.142,128427390,P042,rhythm_normal,NORMAL,,,,1165,447045,104070,114850,104418.9,115513.71,-348.9,-663.71,-297.72,444.92,False,False,nan,True,0.9413,72.73,98.82,True,0,NORMAL,1,0.96,0,831.7,54.3,49.4,0.09,12,55,20,30,60,0.9997654724984255,0.17320508075688776
2026-08-31T22:59:48.254,128427500,P042,rhythm_normal,NORMAL,,,,1166,447085,104154,115046,104413.6,115504.36,-259.6,-458.36,-337.88,442.78,False,False,nan,True,0.9413,72.73,98.82,True,0,NORMAL,1,0.96,0,831.7,54.3,49.4,0.09,12,55,20,30,60,0.9997654724984255,0.24494897427831783
2026-08-31T22:59:48.282,128427531,P042,rhythm_normal,NORMAL,,,,1167,447125,104248,115319,104410.29,115500.65,-162.29,-181.65,-298.82,439.9,False,False,nan,True,0.9413,72.73,98.82,True,0,NORMAL,1,0.96,0,831.7,54.3,49.4,0.09,12,55,20,30,60,0.9997654724984255,0.24494897427831783
2026-08-31T22:59:48.291,128427546,P042,rhythm_normal,NORMAL,,,,1168,447165,104242,115295,104406.92,115496.54,-164.92,-201.54,-274.5,436.59,False,False,nan,True,0.9413,72.73,98.82,True,0,NORMAL,1,0.96,0,831.7,54.3,49.4,0.09,12,55,20,30,60,0.9997654724984255,0.24494897427831783
2026-08-31T22:59:48.299,128427546,P042,rhythm_normal,NORMAL,,,,1169,447205,104149,115082,104401.77,115488.25,-252.77,-406.25,-307.44,434.01,False,False,nan,True,0.9413,72.73,98.82,True,0,NORMAL,1,0.96,0,831.7,54.3,49.4,0.09,12,55,20,30,60,0.9997654724984255,0.24494897427831783
2026-08-31T22:59:48.327,128427578,P042,rhythm_normal,NORMAL,,,,1170,447245,104145,115069,104396.63,115479.87,-251.63,-410.87,-333.3,431.99,False,False,nan,True,0.9413,72.73,98.82,True,0,NORMAL,1,0.96,0,831.7,54.3,49.4,0.09,12,55,20,30,60,0.9997654724984255,0.24494897427831783
2026-08-31T22:59:48.452,128427703,P042,rhythm_normal,NORMAL,,,,1171,447285,104243,115315,104393.56,115476.57,-150.56,-161.57,-290.36,429.16,False,False,nan,True,0.9413,72.73,98.82,True,0,NORMAL,1,0.96,0,831.7,54.3,49.4,0.09,12,55,20,30,60,0.9997654724984255,0.17320508075688776
2026-08-31T22:59:48.466,128427718,P042,rhythm_normal,NORMAL,,,,1172,447325,104368,115633,104393.05,115479.7,-25.05,153.3,-179.45,424.17,False,False,nan,True,0.9413,72.73,98.82,True,0,NORMAL,1,0.96,0,831.7,54.3,49.4,0.09,12,55,20,30,60,0.9997654724984255,0.17320508075688776
2026-08-31T22:59:48.490,128427734,P042,rhythm_normal,NORMAL,,,,1173,447365,104488,115940,104394.95,115488.9,93.05,451.1,-21.81,416.12,False,False,nan,True,0.9413,72.73,98.82,True,0,NORMAL,1,0.96,0,831.7,54.3,49.4,0.09,12,55,20,30,60,0.9997654724984255,0.17320508075688776
2026-08-31T22:59:48.500,128427750,P042,rhythm_normal,NORMAL,,,,1174,447405,104580,116189,104398.66,115502.9,181.34,686.1,155.17,410.9,False,False,nan,True,0.9413,72.73,98.82,True,0,NORMAL,1,0.96,0,831.7,54.3,49.4,0.09,12,55,20,30,60,0.9997654724984255,0.17320508075688776
2026-08-31T22:59:48.524,128427781,P042,rhythm_normal,NORMAL,,,,1175,447445,104635,116316,104403.38,115519.16,231.62,796.84,315.58,408.99,False,False,nan,True,0.9413,72.73,98.82,True,0,NORMAL,1,0.96,0,831.7,54.3,49.4,0.09,12,55,20,30,60,0.9997654724984255,0.17320508075688776
2026-08-31T22:59:48.646,128427890,P042,rhythm_normal,NORMAL,,,,1176,447485,104670,116420,104408.72,115537.18,261.28,882.82,457.39,409.96,False,False,nan,True,0.9413,72.73,98.82,True,0,NORMAL,1,0.96,0,831.7,54.3,49.4,0.09,12,55,20,30,60,0.9997654724984255,0.14142135623730953
2026-08-31T22:59:48.671,128427921,P042,rhythm_normal,NORMAL,,,,1177,447525,104692,116494,104414.38,115556.31,277.62,937.69,577.47,413.31,False,False,nan,True,0.9413,72.73,98.82,True,0,NORMAL,1,0.96,0,831.7,54.3,49.4,0.09,12,55,20,30,60,0.9997654724984255,0.14142135623730953
2026-08-31T22:59:48.695,128427953,P042,rhythm_normal,NORMAL,,,,1178,447565,104712,116532,104420.34,115575.83,291.66,956.17,672.14,418.49,False,False,nan,True,0.9413,72.73,98.82,True,0,NORMAL,1,0.96,0,831.7,54.3,49.4,0.09,12,55,20,30,60,0.9997654724984255,0.14142135623730953
2026-08-31T22:59:48.705,128427953,P042,rhythm_normal,NORMAL,,,,1179,447605,104759,116654,104427.11,115597.39,331.89,1056.61,768.26,425.48,False,False,nan,True,0.9413,72.73,98.82,True,0,NORMAL,1,0.96,0,831.7,54.3,49.4,0.09,12,55,20,30,60,0.9997654724984255,0.14142135623730953
2026-08-31T22:59:48.728,128427984,P042,rhythm_normal,NORMAL,,,,1180,447645,104819,116836,104434.95,115622.16,384.05,1213.84,879.65,434.57,False,False,nan,True,0.9413,72.73,98.82,True,0,NORMAL,1,0.96,0,831.7,54.3,49.4,0.09,12,55,20,30,60,0.9997654724984255,0.14142135623730953
2026-08-31T22:59:48.871,128428125,P042,rhythm_normal,NORMAL,,,,1181,447685,104789,116722,104442.02,115644.16,346.98,1077.84,929.2,444.46,False,False,nan,True,0.9413,72.73,98.82,True,0,NORMAL,1,0.96,0,831.7,54.3,49.4,0.09,12,55,20,30,60,0.9997654724984255,0.17320508075688776
2026-08-31T22:59:48.882,128428140,P042,rhythm_normal,NORMAL,,,,1182,447725,104272,115419,104438.62,115639.66,-166.62,-220.66,641.73,448.4,True,True,840.0,True,0.9578,71.43,98.82,True,0,NORMAL,1,0.96,0,831.7,54.3,49.4,0.09,12,55,20,30,60,0.9997654724984255,0.17320508075688776
2026-08-31T22:59:48.894,128428140,P042,rhythm_normal,NORMAL,,,,1183,447765,103939,114601,104428.63,115618.89,-489.63,-1017.89,226.83,443.97,False,False,nan,True,0.9578,71.43,98.82,True,0,NORMAL,1,0.96,0,831.7,54.3,49.4,0.09,12,55,20,30,60,0.9997654724984255,0.17320508075688776
2026-08-31T22:59:48.919,128428171,P042,rhythm_normal,NORMAL,,,,1184,447805,103952,114628,104419.1,115599.07,-467.1,-971.07,-72.65,436.55,False,False,nan,True,0.9578,71.43,98.82,True,0,NORMAL,1,0.96,0,831.7,54.3,49.4,0.09,12,55,20,30,60,0.9997654724984255,0.17320508075688776
2026-08-31T22:59:48.930,128428187,P042,rhythm_normal,NORMAL,,,,1185,447845,104051,114862,104411.74,115584.33,-360.74,-722.33,-235.07,432.52,False,False,nan,True,0.9578,71.43,98.82,True,0,NORMAL,1,0.96,0,831.7,54.3,49.4,0.09,12,55,20,30,60,0.9997654724984255,0.17320508075688776
2026-08-31T22:59:49.042,128428296,P042,rhythm_normal,NORMAL,,,,1186,447885,104122,115042,104405.95,115573.48,-283.95,-531.48,-309.17,430.05,False,False,nan,True,0.9578,71.43,98.82,True,0,NORMAL,1,0.96,0,831.7,54.3,49.4,0.09,12,55,20,30,60,0.9995468973489938,0.17320508075688776
2026-08-31T22:59:49.063,128428312,P042,rhythm_normal,NORMAL,,,,1187,447925,104217,115266,104402.16,115567.34,-185.16,-301.34,-307.21,427.59,False,False,nan,True,0.9578,71.43,98.82,True,0,NORMAL,1,0.96,0,831.7,54.3,49.4,0.09,12,55,20,30,60,0.9995468973489938,0.17320508075688776
2026-08-31T22:59:49.075,128428328,P042,rhythm_normal,NORMAL,,,,1188,447965,104245,115342,104399.02,115562.83,-154.02,-220.83,-285.62,424.75,False,False,nan,True,0.9578,71.43,98.82,True,0,NORMAL,1,0.96,0,831.7,54.3,49.4,0.09,12,55,20,30,60,0.9995468973489938,0.17320508075688776
2026-08-31T22:59:49.098,128428343,P042,rhythm_normal,NORMAL,,,,1189,448005,104151,115123,104394.06,115554.03,-243.06,-431.03,-321.97,422.7,False,False,nan,True,0.9578,71.43,98.82,True,0,NORMAL,1,0.96,0,831.7,54.3,49.4,0.09,12,55,20,30,60,0.9995468973489938,0.17320508075688776
2026-08-31T22:59:49.125,128428375,P042,rhythm_normal,NORMAL,,,,1190,448045,104104,114993,104388.26,115542.81,-284.26,-549.81,-378.93,421.82,False,False,nan,True,0.9578,71.43,98.82,True,0,NORMAL,1,0.96,0,831.7,54.3,49.4,0.09,12,55,20,30,60,0.9995468973489938,0.17320508075688776
2026-08-31T22:59:49.239,128428484,P042,rhythm_normal,NORMAL,,,,1191,448085,104162,115142,104383.73,115534.8,-221.73,-392.8,-382.4,421.03,False,False,nan,True,0.9578,71.43,98.82,True,0,NORMAL,1,0.96,0,831.7,54.3,49.4,0.09,12,55,20,30,60,0.9997654724984255,0.17320508075688776
2026-08-31T22:59:49.263,128428515,P042,rhythm_normal,NORMAL,,,,1192,448125,104266,115425,104381.38,115532.6,-115.38,-107.6,-313.7,418.89,False,False,nan,True,0.9578,71.43,98.82,True,0,NORMAL,1,0.96,0,831.7,54.3,49.4,0.09,12,55,20,30,60,0.9997654724984255,0.17320508075688776
2026-08-31T22:59:49.276,128428531,P042,rhythm_normal,NORMAL,,,,1193,448165,104370,115678,104381.16,115535.51,-11.16,142.49,-199.65,414.5,False,False,nan,True,0.9578,71.43,98.82,True,0,NORMAL,1,0.96,0,831.7,54.3,49.4,0.09,12,55,20,30,60,0.9997654724984255,0.17320508075688776
2026-08-31T22:59:49.298,128428546,P042,rhythm_normal,NORMAL,,,,1194,448205,104463,115889,104382.8,115542.58,80.2,346.42,-63.13,407.48,False,False,nan,True,0.9578,71.43,98.82,True,0,NORMAL,1,0.96,0,831.7,54.3,49.4,0.09,12,55,20,30,60,0.9997654724984255,0.17320508075688776
2026-08-31T22:59:49.320,128428578,P042,rhythm_normal,NORMAL,,,,1195,448245,104535,116071,104385.84,115553.15,149.16,517.85,82.11,400.97,False,False,nan,True,0.9578,71.43,98.82,True,0,NORMAL,1,0.96,0,831.7,54.3,49.4,0.09,12,55,20,30,60,0.9997654724984255,0.17320508075688776
2026-08-31T22:59:49.442,128428687,P042,rhythm_normal,NORMAL,,,,1196,448285,104571,116173,104389.55,115565.55,181.45,607.45,213.45,397.22,False,False,nan,True,0.9578,71.43,98.82,True,0,NORMAL,1,0.96,0,831.7,54.3,49.4,0.09,12,55,20,30,60,0.9995468973489938,0.24494897427831783
2026-08-31T22:59:49.461,128428718,P042,rhythm_normal,NORMAL,,,,1197,448325,104595,116239,104393.66,115579.02,201.34,659.98,325.08,395.78,False,False,nan,True,0.9578,71.43,98.82,True,0,NORMAL,1,0.96,0,831.7,54.3,49.4,0.09,12,55,20,30,60,0.9995468973489938,0.24494897427831783
2026-08-31T22:59:49.473,128428718,P042,rhythm_normal,NORMAL,,,,1198,448365,104621,116312,104398.2,115593.67,222.8,718.33,423.39,396.33,False,False,nan,True,0.9578,71.43,98.82,True,0,NORMAL,1,0.96,0,831.7,54.3,49.4,0.09,12,55,20,30,60,0.9995468973489938,0.24494897427831783
2026-08-31T22:59:49.495,128428750,P042,rhythm_normal,NORMAL,,,,1199,448405,104676,116474,104403.76,115611.28,272.24,862.72,533.23,399.07,False,False,nan,True,0.9578,71.43,98.82,True,0,NORMAL,1,0.96,0,831.7,54.3,49.4,0.09,12,55,20,30,60,0.9995468973489938,0.24494897427831783
2026-08-31T22:59:49.517,128428765,P042,rhythm_normal,NORMAL,,,,1200,448445,104724,116637,104410.16,115631.8,313.84,1005.2,651.22,404.11,False,False,nan,True,0.9578,71.43,98.82,True,0,NORMAL,1,0.96,0,831.7,54.3,49.4,0.09,12,55,20,30,60,0.9995468973489938,0.24494897427831783
2026-08-31T22:59:49.642,128428890,P042,rhythm_normal,NORMAL,,,,1201,448485,104455,115969,104411.06,115638.54,43.94,330.46,571.03,407.45,True,True,760.0,True,0.9578,71.43,98.82,True,0,NORMAL,1,0.96,0,831.7,54.3,49.4,0.09,12,55,20,30,60,0.9986676123716038,0.17320508075688776
2026-08-31T22:59:49.665,128428921,P042,rhythm_normal,NORMAL,,,,1202,448525,103981,114810,104402.46,115621.97,-421.46,-811.97,225.28,403.8,False,False,nan,True,0.9578,71.43,98.82,True,0,NORMAL,1,0.96,0,831.7,54.3,49.4,0.09,12,55,20,30,60,0.9986676123716038,0.17320508075688776
2026-08-31T22:59:49.674,128428921,P042,rhythm_normal,NORMAL,,,,1203,448565,103918,114619,104392.77,115601.91,-474.77,-982.91,-76.77,397.26,False,False,nan,True,0.9578,71.43,98.82,True,0,NORMAL,1,0.96,0,831.7,54.3,49.4,0.09,12,55,20,30,60,0.9986676123716038,0.17320508075688776
2026-08-31T22:59:49.693,128428937,P042,rhythm_normal,NORMAL,,,,1204,448605,103993,114810,104384.78,115586.07,-391.78,-776.07,-251.59,394.35,False,False,nan,True,0.9578,71.43,98.82,True,0,NORMAL,1,0.96,0,831.7,54.3,49.4,0.09,12,55,20,30,60,0.9986676123716038,0.17320508075688776
2026-08-31T22:59:49.720,128428968,P042,rhythm_normal,NORMAL,,,,1205,448645,104083,115035,104378.74,115575.05,-295.74,-540.05,-323.71,392.94,False,False,nan,True,0.9578,71.43,98.82,True,0,NORMAL,1,0.96,0,831.7,54.3,49.4,0.09,12,55,20,30,60,0.9986676123716038,0.17320508075688776
2026-08-31T22:59:49.843,128429093,P042,rhythm_normal,NORMAL,,,,1206,448685,104152,115213,104374.21,115567.8,-222.21,-354.8,-331.48,391.71,False,False,nan,True,0.9578,71.43,98.82,True,0,NORMAL,1,0.96,0,831.7,54.3,49.4,0.09,12,55,20,30,60,1.0001889821428749,0.24494897427831783
2026-08-31T22:59:49.869,128429125,P042,rhythm_normal,NORMAL,,,,1207,448725,104259,115474,104371.91,115565.93,-112.91,-91.93,-271.59,389.31,False,False,nan,True,0.9578,71.43,98.82,True,0,NORMAL,1,0.96,0,831.7,54.3,49.4,0.09,12,55,20,30,60,1.0001889821428749,0.24494897427831783
2026-08-31T22:59:49.878,128429125,P042,rhythm_normal,NORMAL,,,,1208,448765,104234,115401,104369.15,115562.63,-135.15,-161.63,-244.1,386.4,False,False,nan,True,0.9578,71.43,98.82,True,0,NORMAL,1,0.96,0,831.7,54.3,49.4,0.09,12,55,20,30,60,1.0001889821428749,0.24494897427831783
2026-08-31T22:59:49.899,128429156,P042,rhythm_normal,NORMAL,,,,1209,448805,104142,115197,104364.61,115555.32,-222.61,-358.32,-272.66,384.13,False,False,nan,True,0.9578,71.43,98.82,True,0,NORMAL,1,0.96,0,831.7,54.3,49.4,0.09,12,55,20,30,60,1.0001889821428749,0.24494897427831783
2026-08-31T22:59:49.907,128429156,P042,rhythm_normal,NORMAL,,,,1210,448845,104142,115206,104360.16,115548.34,-218.16,-342.34,-290.08,382.25,False,False,nan,True,0.9578,71.43,98.82,True,0,NORMAL,1,0.96,0,831.7,54.3,49.4,0.09,12,55,20,30,60,1.0001889821428749,0.24494897427831783
2026-08-31T22:59:50.042,128429296,P042,rhythm_normal,NORMAL,,,,1211,448885,104243,115455,104357.81,115546.47,-114.81,-91.47,-240.42,379.41,False,False,nan,True,0.9578,71.43,98.82,True,0,NORMAL,1,0.96,0,831.7,54.3,49.4,0.09,12,55,20,30,60,0.9995468973489938,0.24494897427831783
2026-08-31T22:59:50.061,128429312,P042,rhythm_normal,NORMAL,,,,1212,448925,104359,115765,104357.84,115550.84,1.16,214.16,-126.78,374.36,False,False,nan,True,0.9578,71.43,98.82,True,0,NORMAL,1,0.96,0,831.7,54.3,49.4,0.09,12,55,20,30,60,0.9995468973489938,0.24494897427831783
2026-08-31T22:59:50.069,128429312,P042,rhythm_normal,NORMAL,,,,1213,448965,104464,116036,104359.96,115560.54,104.04,475.46,23.78,367.34,False,False,nan,True,0.9578,71.43,98.82,True,0,NORMAL,1,0.96,0,831.7,54.3,49.4,0.09,12,55,20,30,60,0.9995468973489938,0.24494897427831783
2026-08-31T22:59:50.088,128429343,P042,rhythm_normal,NORMAL,,,,1214,449005,104550,116259,104363.76,115574.51,186.24,684.49,188.96,363.78,False,False,nan,True,0.9578,71.43,98.82,True,0,NORMAL,1,0.96,0,831.7,54.3,49.4,0.09,12,55,20,30,60,0.9995468973489938,0.24494897427831783
2026-08-31T22:59:50.110,128429359,P042,rhythm_normal,NORMAL,,,,1215,449045,104630,116456,104369.09,115592.14,260.91,863.86,357.68,363.66,False,False,nan,True,0.9578,71.43,98.82,True,0,NORMAL,1,0.96,0,831.7,54.3,49.4,0.09,12,55,20,30,60,0.9995468973489938,0.24494897427831783
2026-08-31T22:59:50.240,128429484,P042,rhythm_normal,NORMAL,,,,1216,449085,104674,116585,104375.19,115612.0,298.81,973.0,511.51,366.61,False,False,nan,True,0.9578,71.43,98.82,True,0,NORMAL,1,0.96,0,831.7,54.3,49.4,0.09,12,55,20,30,60,0.9986676123716038,0.24494897427831783
2026-08-31T22:59:50.262,128429515,P042,rhythm_normal,NORMAL,,,,1217,449125,104709,116669,104381.87,115633.14,327.13,1035.86,642.6,372.13,False,False,nan,True,0.9578,71.43,98.82,True,0,NORMAL,1,0.96,0,831.7,54.3,49.4,0.09,12,55,20,30,60,0.9986676123716038,0.24494897427831783
2026-08-31T22:59:50.292,128429546,P042,rhythm_normal,NORMAL,,,,1218,449165,104745,116778,104389.13,115656.04,355.87,1121.96,762.44,379.94,False,False,nan,True,0.9578,71.43,98.82,True,0,NORMAL,1,0.96,0,831.7,54.3,49.4,0.09,12,55,20,30,60,0.9986676123716038,0.24494897427831783
2026-08-31T22:59:50.302,128429546,P042,rhythm_normal,NORMAL,,,,1219,449205,104815,116960,104397.65,115682.12,417.35,1277.88,891.3,390.17,False,False,nan,True,0.9578,71.43,98.82,True,0,NORMAL,1,0.96,0,831.7,54.3,49.4,0.09,12,55,20,30,60,0.9986676123716038,0.24494897427831783
2026-08-31T22:59:50.324,128429578,P042,rhythm_normal,NORMAL,,,,1220,449245,104871,117099,104407.12,115710.45,463.88,1388.55,1015.61,402.67,False,False,nan,True,0.9578,71.43,98.82,True,0,NORMAL,1,0.96,0,831.7,54.3,49.4,0.09,12,55,20,30,60,0.9986676123716038,0.24494897427831783
2026-08-31T22:59:50.443,128429687,P042,rhythm_normal,NORMAL,,,,1221,449285,104621,116465,104411.4,115725.55,209.6,739.45,946.57,413.55,True,True,800.0,True,0.9578,71.43,98.82,True,0,NORMAL,1,0.96,0,836.5,52.7,47.7,0.13,17,106,21,30,60,0.9995468973489938,0.24494897427831783
2026-08-31T22:59:50.468,128429718,P042,rhythm_normal,NORMAL,,,,1222,449325,104020,114939,104403.57,115709.81,-383.57,-770.81,517.23,415.63,False,False,nan,True,0.9578,71.43,98.82,True,0,NORMAL,1,0.96,0,836.5,52.7,47.7,0.13,17,106,21,30,60,0.9995468973489938,0.24494897427831783
2026-08-31T22:59:50.479,128429734,P042,rhythm_normal,NORMAL,,,,1223,449365,103855,114536,104392.6,115686.34,-537.6,-1150.34,100.34,409.32,False,False,nan,True,0.9578,71.43,98.82,True,0,NORMAL,1,0.96,0,836.5,52.7,47.7,0.13,17,106,21,30,60,0.9995468973489938,0.24494897427831783
2026-08-31T22:59:50.500,128429750,P042,rhythm_normal,NORMAL,,,,1224,449405,103919,114675,104383.13,115666.11,-464.13,-991.11,-172.53,404.58,False,False,nan,True,0.9578,71.43,98.82,True,0,NORMAL,1,0.96,0,836.5,52.7,47.7,0.13,17,106,21,30,60,0.9995468973489938,0.24494897427831783
2026-08-31T22:59:50.526,128429781,P042,rhythm_normal,NORMAL,,,,1225,449445,103986,114860,104375.19,115649.98,-389.19,-789.98,-326.89,403.03,False,False,nan,True,0.9578,71.43,98.82,True,0,NORMAL,1,0.96,0,836.5,52.7,47.7,0.13,17,106,21,30,60,0.9995468973489938,0.24494897427831783
2026-08-31T22:59:50.644,128429890,P042,rhythm_normal,NORMAL,,,,1226,449495,104019,114940,104368.06,115635.78,-349.06,-695.78,-419.11,403.35,False,False,nan,True,0.9578,71.43,98.82,True,0,NORMAL,1,0.96,0,836.5,52.7,47.7,0.13,17,106,21,30,60,0.9997654724984255,0.24494897427831783
2026-08-31T22:59:50.670,128429921,P042,rhythm_normal,NORMAL,,,,1227,449525,104099,115148,104362.68,115626.02,-263.68,-478.02,-433.84,403.96,False,False,nan,True,0.9578,71.43,98.82,True,0,NORMAL,1,0.96,0,836.5,52.7,47.7,0.13,17,106,21,30,60,0.9997654724984255,0.24494897427831783
2026-08-31T22:59:50.691,128429937,P042,rhythm_normal,NORMAL,,,,1228,449565,104127,115204,104357.97,115617.59,-230.97,-413.59,-428.78,404.46,False,False,nan,True,0.9578,71.43,98.82,True,0,NORMAL,1,0.96,0,836.5,52.7,47.7,0.13,17,106,21,30,60,0.9997654724984255,0.24494897427831783
2026-08-31T22:59:50.697,128429953,P042,rhythm_normal,NORMAL,,,,1229,449605,104061,115065,104352.03,115606.53,-291.03,-541.53,-456.97,405.51,False,False,nan,True,0.9578,71.43,98.82,True,0,NORMAL,1,0.96,0,836.5,52.7,47.7,0.13,17,106,21,30,60,0.9997654724984255,0.24494897427831783
2026-08-31T22:59:50.723,128429968,P042,rhythm_normal,NORMAL,,,,1230,449645,104050,115018,104345.99,115594.76,-295.99,-576.76,-486.91,407.14,False,False,nan,True,0.9578,71.43,98.82,True,0,NORMAL,1,0.96,0,836.5,52.7,47.7,0.13,17,106,21,30,60,0.9997654724984255,0.24494897427831783
2026-08-31T22:59:50.844,128430093,P042,rhythm_normal,NORMAL,,,,1231,449695,104121,115177,104341.49,115586.41,-220.49,-409.41,-467.54,408.34,False,False,nan,True,0.9578,71.43,98.82,True,0,NORMAL,1,0.96,0,836.5,52.7,47.7,0.13,17,106,21,30,60,0.9995468973489938,0.17320508075688776
2026-08-31T22:59:50.871,128430125,P042,rhythm_normal,NORMAL,,,,1232,449725,104234,115504,104339.34,115584.76,-105.34,-80.76,-370.84,407.59,False,False,nan,True,0.9578,71.43,98.82,True,0,NORMAL,1,0.96,0,836.5,52.7,47.7,0.13,17,106,21,30,60,0.9995468973489938,0.17320508075688776
2026-08-31T22:59:50.895,128430140,P042,rhythm_normal,NORMAL,,,,1233,449775,104338,115699,104339.32,115587.04,-1.32,111.96,-250.14,404.45,False,False,nan,True,0.9578,71.43,98.82,True,0,NORMAL,1,0.96,0,836.5,52.7,47.7,0.13,17,106,21,30,60,0.9995468973489938,0.17320508075688776
2026-08-31T22:59:50.919,128430171,P042,rhythm_normal,NORMAL,,,,1234,449815,104416,115953,104340.85,115594.36,75.15,358.64,-97.95,398.32,False,False,nan,True,0.9578,71.43,98.82,True,0,NORMAL,1,0.96,0,836.5,52.7,47.7,0.13,17,106,21,30,60,0.9995468973489938,0.17320508075688776
2026-08-31T22:59:50.945,128430203,P042,rhythm_normal,NORMAL,,,,1235,449855,104493,116163,104343.89,115605.73,149.11,557.27,65.86,391.67,False,False,nan,True,0.9578,71.43,98.82,True,0,NORMAL,1,0.96,0,836.5,52.7,47.7,0.13,17,106,21,30,60,0.9995468973489938,0.17320508075688776
2026-08-31T22:59:51.047,128430296,P042,rhythm_normal,NORMAL,,,,1236,449895,104539,116312,104347.79,115619.86,191.21,692.14,222.43,388.28,False,False,nan,True,0.9578,71.43,98.82,True,0,NORMAL,1,0.96,0,836.5,52.7,47.7,0.13,17,106,21,30,60,0.9995468973489938,0.24494897427831783
2026-08-31T22:59:51.075,128430328,P042,rhythm_normal,NORMAL,,,,1237,449935,104573,116375,104352.3,115634.96,220.7,740.04,351.83,387.55,False,False,nan,True,0.9578,71.43,98.82,True,0,NORMAL,1,0.96,0,836.5,52.7,47.7,0.13,17,106,21,30,60,0.9995468973489938,0.24494897427831783
2026-08-31T22:59:51.087,128430343,P042,rhythm_normal,NORMAL,,,,1238,449975,104613,116443,104357.51,115651.12,255.49,791.88,461.84,389.04,False,False,nan,True,0.9578,71.43,98.82,True,0,NORMAL,1,0.96,0,836.5,52.7,47.7,0.13,17,106,21,30,60,0.9995468973489938,0.24494897427831783
2026-08-31T22:59:51.109,128430359,P042,rhythm_normal,NORMAL,,,,1239,450015,104662,116627,104363.59,115670.64,298.41,956.36,585.47,392.97,False,False,nan,True,0.9578,71.43,98.82,True,0,NORMAL,1,0.96,0,836.5,52.7,47.7,0.13,17,106,21,30,60,0.9995468973489938,0.24494897427831783
2026-08-31T22:59:51.139,128430390,P042,rhythm_normal,NORMAL,,,,1240,450055,104729,116765,104370.9,115692.53,358.1,1072.47,707.22,399.25,False,False,nan,True,0.9578,71.43,98.82,True,0,NORMAL,1,0.96,0,836.5,52.7,47.7,0.13,17,106,21,30,60,0.9995468973489938,0.24494897427831783
2026-08-31T22:59:51.246,128430500,P042,rhythm_normal,NORMAL,,,,1241,450095,104804,116953,104379.56,115717.74,424.44,1235.26,839.23,408.05,False,False,nan,True,0.9578,71.43,98.82,True,0,NORMAL,1,0.96,0,836.5,52.7,47.7,0.13,17,106,21,30,60,0.9995468973489938,0.17320508075688776
2026-08-31T22:59:51.271,128430515,P042,rhythm_normal,NORMAL,,,,1242,450135,104643,116531,104384.83,115734.01,258.17,796.99,828.67,416.46,True,True,850.0,True,0.9591,71.01,98.82,True,0,NORMAL,1,0.96,0,836.5,52.7,47.7,0.13,17,106,21,30,60,0.9995468973489938,0.17320508075688776
2026-08-31T22:59:51.282,128430531,P042,rhythm_normal,NORMAL,,,,1243,450175,104014,115022,104377.41,115719.77,-363.41,-697.77,447.06,417.08,False,False,nan,True,0.9591,71.01,98.82,True,0,NORMAL,1,0.96,0,836.5,52.7,47.7,0.13,17,106,21,30,60,0.9995468973489938,0.17320508075688776
2026-08-31T22:59:51.301,128430546,P042,rhythm_normal,NORMAL,,,,1244,450215,103796,114430,104365.79,115693.97,-569.79,-1263.97,19.3,409.12,False,False,nan,True,0.9591,71.01,98.82,True,0,NORMAL,1,0.96,0,836.5,52.7,47.7,0.13,17,106,21,30,60,0.9995468973489938,0.17320508075688776
2026-08-31T22:59:51.325,128430578,P042,rhythm_normal,NORMAL,,,,1245,450255,103824,114530,104354.95,115670.69,-530.95,-1140.69,-270.69,406.35,False,False,nan,True,0.9591,71.01,98.82,True,0,NORMAL,1,0.96,0,836.5,52.7,47.7,0.13,17,106,21,30,60,0.9995468973489938,0.17320508075688776
2026-08-31T22:59:51.446,128430703,P042,rhythm_normal,NORMAL,,,,1246,450295,103874,114728,104345.34,115651.84,-471.34,-923.84,-433.98,406.9,False,False,nan,True,0.9591,71.01,98.82,True,0,NORMAL,1,0.96,0,836.5,52.7,47.7,0.13,17,106,21,30,60,0.9995468973489938,0.17320508075688776
2026-08-31T22:59:51.473,128430718,P042,rhythm_normal,NORMAL,,,,1247,450335,103916,114776,104336.75,115634.32,-420.75,-858.32,-540.06,409.57,False,False,nan,True,0.9591,71.01,98.82,True,0,NORMAL,1,0.96,0,836.5,52.7,47.7,0.13,17,106,21,30,60,0.9995468973489938,0.17320508075688776
2026-08-31T22:59:51.482,128430734,P042,rhythm_normal,NORMAL,,,,1248,450375,103923,114900,104328.48,115619.63,-405.48,-719.63,-584.96,413.08,False,False,nan,True,0.9591,71.01,98.82,True,0,NORMAL,1,0.96,0,836.5,52.7,47.7,0.13,17,106,21,30,60,0.9995468973489938,0.17320508075688776
2026-08-31T22:59:51.491,128430734,P042,rhythm_normal,NORMAL,,,,1249,450415,103992,115032,104321.75,115607.88,-329.75,-575.88,-582.69,416.47,False,False,nan,True,0.9591,71.01,98.82,True,0,NORMAL,1,0.96,0,836.5,52.7,47.7,0.13,17,106,21,30,60,0.9995468973489938,0.17320508075688776
2026-08-31T22:59:51.519,128430765,P042,rhythm_normal,NORMAL,,,,1250,450455,103910,114925,104313.52,115594.23,-403.52,-669.23,-604.32,420.22,False,False,nan,True,0.9591,71.01,98.82,True,0,NORMAL,1,0.96,0,836.5,52.7,47.7,0.13,17,106,21,30,60,0.9995468973489938,0.17320508075688776
2026-08-31T22:59:51.642,128430890,P042,rhythm_normal,NORMAL,,,,1251,450495,103882,114873,104304.88,115579.8,-422.88,-706.8,-629.94,424.42,False,False,nan,True,0.9591,71.01,98.82,True,0,NORMAL,1,0.96,0,836.5,52.7,47.7,0.13,17,106,21,30,60,0.9995468973489938,0.24494897427831783
2026-08-31T22:59:51.666,128430921,P042,rhythm_normal,NORMAL,,,,1252,450535,103939,114976,104297.56,115567.73,-358.56,-591.73,-620.39,428.34,False,False,nan,True,0.9591,71.01,98.82,True,0,NORMAL,1,0.96,0,836.5,52.7,47.7,0.13,17,106,21,30,60,0.9995468973489938,0.24494897427831783
2026-08-31T22:59:51.677,128430921,P042,rhythm_normal,NORMAL,,,,1253,450575,104025,115241,104292.11,115561.2,-267.11,-320.2,-545.34,430.68,False,False,nan,True,0.9591,71.01,98.82,True,0,NORMAL,1,0.96,0,836.5,52.7,47.7,0.13,17,106,21,30,60,0.9995468973489938,0.24494897427831783
2026-08-31T22:59:51.695,128430953,P042,rhythm_normal,NORMAL,,,,1254,450615,104160,115525,104289.47,115560.47,-129.47,-35.47,-417.87,430.42,False,False,nan,True,0.9591,71.01,98.82,True,0,NORMAL,1,0.96,0,836.5,52.7,47.7,0.13,17,106,21,30,60,0.9995468973489938,0.24494897427831783
2026-08-31T22:59:51.725,128430968,P042,rhythm_normal,NORMAL,,,,1255,450655,104224,115774,104288.16,115564.74,-64.16,209.26,-261.09,427.04,False,False,nan,True,0.9591,71.01,98.82,True,0,NORMAL,1,0.96,0,836.5,52.7,47.7,0.13,17,106,21,30,60,0.9995468973489938,0.24494897427831783
2026-08-31T22:59:51.864,128431109,P042,rhythm_normal,NORMAL,,,,1256,450695,104323,115985,104288.85,115573.15,34.15,411.85,-92.85,420.35,False,False,nan,True,0.9591,71.01,98.82,True,0,NORMAL,1,0.96,0,836.5,52.7,47.7,0.13,17,106,21,30,60,0.9995468973489938,0.24494897427831783
2026-08-31T22:59:51.874,128431125,P042,rhythm_normal,NORMAL,,,,1257,450735,104356,116066,104290.2,115583.01,65.8,482.99,51.11,412.97,False,False,nan,True,0.9591,71.01,98.82,True,0,NORMAL,1,0.96,0,836.5,52.7,47.7,0.13,17,106,21,30,60,0.9995468973489938,0.24494897427831783
2026-08-31T22:59:51.884,128431140,P042,rhythm_normal,NORMAL,,,,1258,450775,104429,116129,104292.97,115593.93,136.03,535.07,172.1,408.15,False,False,nan,True,0.9591,71.01,98.82,True,0,NORMAL,1,0.96,0,836.5,52.7,47.7,0.13,17,106,21,30,60,0.9995468973489938,0.24494897427831783
2026-08-31T22:59:51.909,128431156,P042,rhythm_normal,NORMAL,,,,1259,450815,104472,116255,104296.55,115607.15,175.45,647.85,291.04,405.81,False,False,nan,True,0.9591,71.01,98.82,True,0,NORMAL,1,0.96,0,836.5,52.7,47.7,0.13,17,106,21,30,60,0.9995468973489938,0.24494897427831783
2026-08-31T22:59:51.937,128431187,P042,rhythm_normal,NORMAL,,,,1260,450855,104520,116335,104301.02,115621.7,218.98,713.3,396.6,405.62,False,False,nan,True,0.9591,71.01,98.82,True,0,NORMAL,1,0.96,0,836.5,52.7,47.7,0.13,17,106,21,30,60,0.9995468973489938,0.24494897427831783
2026-08-31T22:59:52.048,128431296,P042,rhythm_normal,NORMAL,,,,1261,450895,104559,116536,104306.17,115639.99,252.83,896.01,521.45,407.94,False,False,nan,True,0.9591,71.01,98.84,True,0,NORMAL,1,0.96,0,836.5,52.7,47.7,0.13,17,106,21,30,60,0.9995468973489938,0.17320508075688776
2026-08-31T22:59:52.076,128431328,P042,rhythm_normal,NORMAL,,,,1262,450935,104630,116711,104312.65,115661.41,317.35,1049.59,653.49,412.85,False,False,nan,True,0.9591,71.01,98.84,True,0,NORMAL,1,0.96,0,836.5,52.7,47.7,0.13,17,106,21,30,60,0.9995468973489938,0.17320508075688776
2026-08-31T22:59:52.097,128431343,P042,rhythm_normal,NORMAL,,,,1263,450975,104744,116919,104321.27,115686.56,422.73,1232.44,798.22,420.56,False,False,nan,True,0.9591,71.01,98.84,True,0,NORMAL,1,0.96,0,836.5,52.7,47.7,0.13,17,106,21,30,60,0.9995468973489938,0.17320508075688776
2026-08-31T22:59:52.109,128431359,P042,rhythm_normal,NORMAL,,,,1264,451015,104446,116186,104323.77,115696.55,122.23,489.45,721.03,426.57,True,True,880.0,True,0.9573,69.36,98.84,True,0,NORMAL,1,0.96,0,836.5,52.7,47.7,0.13,17,106,21,30,60,0.9995468973489938,0.17320508075688776
2026-08-31T22:59:52.131,128431375,P042,rhythm_normal,NORMAL,,,,1265,451055,103849,114682,104314.27,115676.27,-465.27,-994.27,292.21,423.88,False,False,nan,True,0.9573,69.36,98.84,True,0,NORMAL,1,0.96,0,836.5,52.7,47.7,0.13,17,106,21,30,60,0.9995468973489938,0.17320508075688776
2026-08-31T22:59:52.249,128431500,P042,rhythm_normal,NORMAL,,,,1266,451095,103738,114424,104302.75,115651.22,-564.75,-1227.22,-87.65,417.16,False,False,nan,True,0.9573,69.36,98.84,True,0,NORMAL,1,0.96,0,836.5,52.7,47.7,0.13,17,106,21,30,60,0.9995468973489938,0.17320508075688776
2026-08-31T22:59:52.271,128431515,P042,rhythm_normal,NORMAL,,,,1267,451135,103808,114558,104292.85,115629.35,-484.85,-1071.35,-333.58,415.48,False,False,nan,True,0.9573,69.36,98.84,True,0,NORMAL,1,0.96,0,836.5,52.7,47.7,0.13,17,106,21,30,60,0.9995468973489938,0.17320508075688776
2026-08-31T22:59:52.282,128431531,P042,rhythm_normal,NORMAL,,,,1268,451175,103862,114687,104284.23,115610.51,-422.23,-923.51,-481.06,416.8,False,False,nan,True,0.9573,69.36,98.84,True,0,NORMAL,1,0.96,0,836.5,52.7,47.7,0.13,17,106,21,30,60,0.9995468973489938,0.17320508075688776
2026-08-31T22:59:52.305,128431562,P042,rhythm_normal,NORMAL,,,,1269,451215,103899,114786,104276.53,115594.02,-377.53,-808.02,-562.8,419.72,False,False,nan,True,0.9573,69.36,98.84,True,0,NORMAL,1,0.96,0,836.5,52.7,47.7,0.13,17,106,21,30,60,0.9995468973489938,0.17320508075688776
2026-08-31T22:59:52.328,128431578,P042,rhythm_normal,NORMAL,,,,1270,451255,103981,115001,104270.62,115582.16,-289.62,-581.16,-567.39,422.67,False,False,nan,True,0.9573,69.36,98.84,True,0,NORMAL,1,0.96,0,836.5,52.7,47.7,0.13,17,106,21,30,60,0.9995468973489938,0.17320508075688776
2026-08-31T22:59:52.448,128431703,P042,rhythm_normal,NORMAL,,,,1271,451295,103984,115008,104264.88,115570.67,-280.88,-562.67,-566.21,425.54,False,False,nan,True,0.9573,69.36,98.84,True,0,NORMAL,1,0.96,0,836.5,52.7,47.7,0.13,17,106,21,30,60,0.9995468973489938,0.17320508075688776
2026-08-31T22:59:52.461,128431718,P042,rhythm_normal,NORMAL,,,,1272,451335,103925,114891,104258.09,115557.08,-333.09,-666.08,-591.18,428.85,False,False,nan,True,0.9573,69.36,98.84,True,0,NORMAL,1,0.96,0,836.5,52.7,47.7,0.13,17,106,21,30,60,0.9995468973489938,0.17320508075688776
2026-08-31T22:59:52.485,128431734,P042,rhythm_normal,NORMAL,,,,1273,451375,103923,114851,104251.38,115542.95,-328.38,-691.95,-616.37,432.6,False,False,nan,True,0.9573,69.36,98.84,True,0,NORMAL,1,0.96,0,836.5,52.7,47.7,0.13,17,106,21,30,60,0.9995468973489938,0.17320508075688776
2026-08-31T22:59:52.492,128431750,P042,rhythm_normal,NORMAL,,,,1274,451415,103984,115023,104246.04,115532.55,-262.04,-509.55,-589.67,435.74,False,False,nan,True,0.9573,69.36,98.84,True,0,NORMAL,1,0.96,0,836.5,52.7,47.7,0.13,17,106,21,30,60,0.9995468973489938,0.17320508075688776
2026-08-31T22:59:52.518,128431765,P042,rhythm_normal,NORMAL,,,,1275,451455,104085,115321,104242.82,115528.32,-157.82,-207.32,-494.08,436.91,False,False,nan,True,0.9573,69.36,98.84,True,0,NORMAL,1,0.96,0,836.5,52.7,47.7,0.13,17,106,21,30,60,0.9995468973489938,0.17320508075688776
2026-08-31T22:59:52.646,128431890,P042,rhythm_normal,NORMAL,,,,1276,451495,104186,115591,104241.69,115529.57,-55.69,61.43,-355.2,435.28,False,False,nan,True,0.9573,69.36,98.84,True,0,NORMAL,1,0.96,0,836.5,52.7,47.7,0.13,17,106,21,30,60,0.9995468973489938,0.24494897427831783
2026-08-31T22:59:52.656,128431906,P042,rhythm_normal,NORMAL,,,,1277,451535,104287,115778,104242.59,115534.54,44.41,243.46,-205.54,430.68,False,False,nan,True,0.9573,69.36,98.84,True,0,NORMAL,1,0.96,0,836.5,52.7,47.7,0.13,17,106,21,30,60,0.9995468973489938,0.24494897427831783
2026-08-31T22:59:52.682,128431937,P042,rhythm_normal,NORMAL,,,,1278,451575,104326,115972,104244.27,115543.29,81.73,428.71,-46.97,423.01,False,False,nan,True,0.9573,69.36,98.84,True,0,NORMAL,1,0.96,0,836.5,52.7,47.7,0.13,17,106,21,30,60,0.9995468973489938,0.24494897427831783
2026-08-31T22:59:52.701,128431953,P042,rhythm_normal,NORMAL,,,,1279,451615,104413,116134,104247.64,115555.1,165.36,578.9,109.49,416.74,False,False,nan,True,0.9573,69.36,98.84,True,0,NORMAL,1,0.96,0,836.5,52.7,47.7,0.13,17,106,21,30,60,0.9995468973489938,0.24494897427831783
2026-08-31T22:59:52.728,128431984,P042,rhythm_normal,NORMAL,,,,1280,451655,104461,116240,104251.91,115568.8,209.09,671.2,249.92,413.4,False,False,nan,True,0.9573,69.36,98.84,True,0,NORMAL,1,0.96,0,836.5,52.7,47.7,0.13,17,106,21,30,60,0.9995468973489938,0.24494897427831783
2026-08-31T22:59:52.848,128432093,P042,rhythm_normal,NORMAL,,,,1281,451695,104490,116384,104256.67,115585.1,233.33,798.9,387.17,412.88,False,False,nan,True,0.9573,69.36,98.84,True,0,NORMAL,1,0.96,0,836.5,52.7,47.7,0.13,17,106,21,30,60,0.9995468973489938,0.24494897427831783
2026-08-31T22:59:52.856,128432109,P042,rhythm_normal,NORMAL,,,,1282,451735,104558,116537,104262.7,115604.14,295.3,932.86,523.59,415.09,False,False,nan,True,0.9573,69.36,98.84,True,0,NORMAL,1,0.96,0,836.5,52.7,47.7,0.13,17,106,21,30,60,0.9995468973489938,0.24494897427831783
2026-08-31T22:59:52.884,128432140,P042,rhythm_normal,NORMAL,,,,1283,451775,104604,116693,104269.52,115625.91,334.48,1067.09,659.46,419.98,False,False,nan,True,0.9573,69.36,98.84,True,0,NORMAL,1,0.96,0,836.5,52.7,47.7,0.13,17,106,21,30,60,0.9995468973489938,0.24494897427831783
2026-08-31T22:59:52.900,128432156,P042,rhythm_normal,NORMAL,,,,1284,451815,104669,116891,104277.52,115651.22,391.48,1239.78,804.54,427.67,False,False,nan,True,0.9573,69.36,98.84,True,0,NORMAL,1,0.96,0,836.5,52.7,47.7,0.13,17,106,21,30,60,0.9995468973489938,0.24494897427831783
2026-08-31T22:59:52.938,128432187,P042,rhythm_normal,NORMAL,,,,1285,451855,104756,117115,104287.09,115680.49,468.91,1434.51,962.03,438.36,False,False,nan,True,0.9573,69.36,98.84,True,0,NORMAL,1,0.96,0,836.5,52.7,47.7,0.13,17,106,21,30,60,0.9995468973489938,0.24494897427831783
2026-08-31T22:59:53.052,128432296,P042,rhythm_normal,NORMAL,,,,1286,451895,104773,117058,104296.8,115708.04,476.2,1349.96,1059.02,450.77,False,False,nan,True,0.9573,69.36,98.84,True,0,NORMAL,1,0.96,0,836.5,52.7,47.7,0.13,17,106,21,30,60,0.9995468973489938,0.24494897427831783
2026-08-31T22:59:53.066,128432312,P042,rhythm_normal,NORMAL,,,,1287,451935,104217,115638,104295.21,115706.64,-78.21,-68.64,777.1,457.3,True,True,920.0,True,0.9519,69.36,98.84,True,0,NORMAL,1,0.96,0,836.5,52.7,47.7,0.13,17,106,21,30,60,0.9995468973489938,0.24494897427831783
2026-08-31T22:59:53.095,128432343,P042,rhythm_normal,NORMAL,,,,1288,451975,103771,114560,104284.73,115683.71,-513.73,-1123.71,301.9,454.19,False,False,nan,True,0.9519,69.36,98.84,True,0,NORMAL,1,0.96,0,836.5,52.7,47.7,0.13,17,106,21,30,60,0.9995468973489938,0.24494897427831783
2026-08-31T22:59:53.109,128432359,P042,rhythm_normal,NORMAL,,,,1289,452015,103777,114558,104274.57,115661.2,-497.57,-1103.2,-49.38,446.09,False,False,nan,True,0.9519,69.36,98.84,True,0,NORMAL,1,0.96,0,836.5,52.7,47.7,0.13,17,106,21,30,60,0.9995468973489938,0.24494897427831783
2026-08-31T22:59:53.148,128432406,P042,rhythm_normal,NORMAL,,,,1290,452055,103860,114789,104266.28,115643.75,-406.28,-854.75,-250.72,442.19,False,False,nan,True,0.9519,69.36,98.84,True,0,NORMAL,1,0.96,0,836.5,52.7,47.7,0.13,17,106,21,30,60,0.9995468973489938,0.24494897427831783
2026-08-31T22:59:53.256,128432500,P042,rhythm_normal,NORMAL,,,,1291,452095,103912,114953,104259.2,115629.94,-347.2,-676.94,-357.27,440.49,False,False,nan,True,0.9519,69.36,98.84,True,0,NORMAL,1,0.96,0,836.5,52.7,47.7,0.13,17,106,21,30,60,0.9995468973489938,0.17320508075688776
2026-08-31T22:59:53.272,128432515,P042,rhythm_normal,NORMAL,,,,1292,452135,103986,115115,104253.73,115619.64,-267.73,-504.64,-394.12,439.56,False,False,nan,True,0.9519,69.36,98.84,True,0,NORMAL,1,0.96,0,836.5,52.7,47.7,0.13,17,106,21,30,60,0.9995468973489938,0.17320508075688776
2026-08-31T22:59:53.278,128432531,P042,rhythm_normal,NORMAL,,,,1293,452175,104051,115314,104249.68,115613.53,-198.68,-299.53,-370.47,438.18,False,False,nan,True,0.9519,69.36,98.84,True,0,NORMAL,1,0.96,0,836.5,52.7,47.7,0.13,17,106,21,30,60,0.9995468973489938,0.17320508075688776
2026-08-31T22:59:53.316,128432562,P042,rhythm_normal,NORMAL,,,,1294,452215,104000,115174,104244.69,115604.74,-244.69,-430.74,-385.54,437.12,False,False,nan,True,0.9519,69.36,98.84,True,0,NORMAL,1,0.96,0,836.5,52.7,47.7,0.13,17,106,21,30,60,0.9995468973489938,0.17320508075688776
2026-08-31T22:59:53.393,128432640,P042,rhythm_normal,NORMAL,,,,1295,452255,103928,115015,104238.35,115592.95,-310.35,-577.95,-433.64,437.06,False,False,nan,True,0.9519,69.36,98.84,True,0,NORMAL,1,0.96,0,836.5,52.7,47.7,0.13,17,106,21,30,60,0.9995468973489938,0.17320508075688776
2026-08-31T22:59:53.466,128432718,P042,rhythm_normal,NORMAL,,,,1296,452295,103960,115115,104232.78,115583.38,-272.78,-468.38,-442.33,437.16,False,False,nan,True,0.9519,69.36,98.84,True,0,NORMAL,1,0.96,0,836.5,52.7,47.7,0.13,17,106,21,30,60,0.9995468973489938,0.17320508075688776
2026-08-31T22:59:53.500,128432750,P042,rhythm_normal,NORMAL,,,,1297,452335,104065,115385,104229.42,115579.41,-164.42,-194.41,-380.35,436.02,False,False,nan,True,0.9519,69.36,98.84,True,0,NORMAL,1,0.96,0,836.5,52.7,47.7,0.13,17,106,21,30,60,0.9995468973489938,0.17320508075688776
2026-08-31T22:59:53.518,128432765,P042,rhythm_normal,NORMAL,,,,1298,452375,104187,115684,104228.57,115581.51,-41.57,102.49,-259.64,432.5,False,False,nan,True,0.9519,69.36,98.84,True,0,NORMAL,1,0.96,0,836.5,52.7,47.7,0.13,17,106,21,30,60,0.9995468973489938,0.17320508075688776
2026-08-31T22:59:53.535,128432781,P042,rhythm_normal,NORMAL,,,,1299,452415,104292,115980,104229.84,115589.48,62.16,390.52,-97.1,425.79,False,False,nan,True,0.9519,69.36,98.84,True,0,NORMAL,1,0.96,0,836.5,52.7,47.7,0.13,17,106,21,30,60,0.9995468973489938,0.17320508075688776
2026-08-31T22:59:53.558,128432812,P042,rhythm_normal,NORMAL,,,,1300,452455,104381,116193,104232.86,115601.55,148.14,591.45,75.04,418.77,False,False,nan,True,0.9519,69.36,98.84,True,0,NORMAL,1,0.96,0,836.5,52.7,47.7,0.13,17,106,21,30,60,0.9995468973489938,0.17320508075688776
2026-08-31T22:59:53.658,128432906,P042,rhythm_normal,NORMAL,,,,1301,452495,104432,116336,104236.84,115616.23,195.16,719.77,236.22,415.12,False,False,nan,True,0.9519,69.36,98.84,True,0,NORMAL,1,0.96,0,836.5,52.7,47.7,0.13,17,106,21,30,60,0.9995468973489938,0.17320508075688776
2026-08-31T22:59:53.693,128432937,P042,rhythm_normal,NORMAL,,,,1302,452535,104456,116433,104241.23,115632.57,214.77,800.43,377.27,414.37,False,False,nan,True,0.9519,69.36,98.84,True,0,NORMAL,1,0.96,0,836.5,52.7,47.7,0.13,17,106,21,30,60,0.9995468973489938,0.17320508075688776
2026-08-31T22:59:53.707,128432953,P042,rhythm_normal,NORMAL,,,,1303,452575,104487,116497,104246.14,115649.86,240.86,847.14,494.74,415.97,False,False,nan,True,0.9519,69.36,98.84,True,0,NORMAL,1,0.96,0,836.5,52.7,47.7,0.13,17,106,21,30,60,0.9995468973489938,0.17320508075688776
2026-08-31T22:59:53.725,128432968,P042,rhythm_normal,NORMAL,,,,1304,452615,104508,116561,104251.38,115668.09,256.62,892.91,594.28,419.54,False,False,nan,True,0.9519,69.36,98.84,True,0,NORMAL,1,0.96,0,836.5,52.7,47.7,0.13,17,106,21,30,60,0.9995468973489938,0.17320508075688776
2026-08-31T22:59:53.765,128433015,P042,rhythm_normal,NORMAL,,,,1305,452655,104548,116674,104257.3,115688.2,290.7,985.8,692.16,424.99,False,False,nan,True,0.9519,69.36,98.84,True,0,NORMAL,1,0.96,0,836.5,52.7,47.7,0.13,17,106,21,30,60,0.9995468973489938,0.17320508075688776
2026-08-31T22:59:53.851,128433109,P042,rhythm_normal,NORMAL,,,,1306,452695,104619,116874,104264.54,115711.92,354.46,1162.08,809.64,432.68,False,False,nan,True,0.9519,69.36,98.84,True,0,NORMAL,1,0.96,0,836.5,52.7,47.7,0.13,17,106,21,30,60,0.9995468973489938,0.17320508075688776
2026-08-31T22:59:53.862,128433109,P042,rhythm_normal,NORMAL,,,,1307,452735,104690,117067,104273.05,115739.02,416.95,1327.98,939.22,442.82,False,False,nan,True,0.9519,69.36,98.84,True,0,NORMAL,1,0.96,0,836.5,52.7,47.7,0.13,17,106,21,30,60,0.9995468973489938,0.17320508075688776
2026-08-31T22:59:53.888,128433140,P042,rhythm_normal,NORMAL,,,,1308,452775,104722,117159,104282.02,115767.42,439.98,1391.58,1052.31,455.01,False,False,nan,True,0.9519,69.36,98.84,True,0,NORMAL,1,0.96,0,836.5,52.7,47.7,0.13,17,106,21,30,60,0.9995468973489938,0.17320508075688776
2026-08-31T22:59:53.898,128433156,P042,rhythm_normal,NORMAL,,,,1309,452815,104357,116188,104283.52,115775.84,73.48,412.16,892.28,463.75,True,True,880.0,True,0.9519,69.36,98.84,True,0,NORMAL,1,0.96,0,836.5,52.7,47.7,0.13,17,106,21,30,60,0.9995468973489938,0.17320508075688776
2026-08-31T22:59:53.930,128433187,P042,rhythm_normal,NORMAL,,,,1310,452855,103809,114833,104274.03,115756.98,-465.03,-923.98,438.21,463.24,False,False,nan,True,0.9519,69.36,98.84,True,0,NORMAL,1,0.96,0,836.5,52.7,47.7,0.13,17,106,21,30,60,0.9995468973489938,0.17320508075688776
2026-08-31T22:59:54.060,128433312,P042,rhythm_normal,NORMAL,,,,1311,452895,103759,114702,104263.73,115735.88,-504.73,-1033.88,70.19,455.38,False,False,nan,True,0.9519,69.36,98.84,True,0,NORMAL,1,0.96,0,836.5,52.7,47.7,0.13,17,106,21,30,60,0.9995468973489938,0.17320508075688776
2026-08-31T22:59:54.068,128433312,P042,rhythm_normal,NORMAL,,,,1312,452935,103859,114942,104255.64,115720.0,-396.64,-778.0,-141.86,449.11,False,False,nan,True,0.9519,69.36,98.84,True,0,NORMAL,1,0.96,0,836.5,52.7,47.7,0.13,17,106,21,30,60,0.9995468973489938,0.17320508075688776
2026-08-31T22:59:54.078,128433328,P042,rhythm_normal,NORMAL,,,,1313,452975,103956,115176,104249.65,115709.12,-293.65,-533.12,-239.67,444.92,False,False,nan,True,0.9519,69.36,98.84,True,0,NORMAL,1,0.96,0,836.5,52.7,47.7,0.13,17,106,21,30,60,0.9995468973489938,0.17320508075688776
2026-08-31T22:59:54.109,128433359,P042,rhythm_normal,NORMAL,,,,1314,453015,104036,115403,104245.38,115702.99,-209.38,-299.99,-254.75,441.12,False,False,nan,True,0.9519,69.36,98.84,True,0,NORMAL,1,0.96,0,836.5,52.7,47.7,0.13,17,106,21,30,60,0.9995468973489938,0.17320508075688776
2026-08-31T22:59:54.145,128433390,P042,rhythm_normal,NORMAL,,,,1315,453055,104140,115643,104243.27,115701.79,-103.27,-58.79,-205.76,436.41,False,False,nan,True,0.9519,69.36,98.84,True,0,NORMAL,1,0.96,0,836.5,52.7,47.7,0.13,17,106,21,30,60,0.9995468973489938,0.17320508075688776
2026-08-31T22:59:54.264,128433515,P042,rhythm_normal,NORMAL,,,,1316,453095,104062,115472,104239.64,115697.2,-177.64,-225.2,-210.62,431.89,False,False,nan,True,0.9519,69.36,98.84,True,0,NORMAL,1,0.96,0,836.5,52.7,47.7,0.13,17,106,21,30,60,0.9995468973489938,0.24494897427831783
2026-08-31T22:59:54.282,128433531,P042,rhythm_normal,NORMAL,,,,1317,453135,103967,115224,104234.19,115687.73,-267.19,-463.73,-273.9,428.73,False,False,nan,True,0.9519,69.36,98.84,True,0,NORMAL,1,0.96,0,836.5,52.7,47.7,0.13,17,106,21,30,60,0.9995468973489938,0.24494897427831783
2026-08-31T22:59:54.294,128433546,P042,rhythm_normal,NORMAL,,,,1318,453175,103986,115289,104229.23,115679.76,-243.23,-390.76,-303.11,426.22,False,False,nan,True,0.9519,69.36,98.84,True,0,NORMAL,1,0.96,0,836.5,52.7,47.7,0.13,17,106,21,30,60,0.9995468973489938,0.24494897427831783
2026-08-31T22:59:54.326,128433578,P042,rhythm_normal,NORMAL,,,,1319,453215,104093,115566,104226.5,115677.48,-133.5,-111.48,-255.21,422.8,False,False,nan,True,0.9519,69.36,98.84,True,0,NORMAL,1,0.96,0,836.5,52.7,47.7,0.13,17,106,21,30,60,0.9995468973489938,0.24494897427831783
2026-08-31T22:59:54.355,128433609,P042,rhythm_normal,NORMAL,,,,1320,453255,104231,115919,104226.59,115682.31,4.41,236.69,-132.23,416.99,False,False,nan,True,0.9519,69.36,98.84,True,0,NORMAL,1,0.96,0,836.5,52.7,47.7,0.13,17,106,21,30,60,0.9995468973489938,0.24494897427831783
2026-08-31T22:59:54.456,128433703,P042,rhythm_normal,NORMAL,,,,1321,453295,104350,116202,104229.06,115692.7,120.94,509.3,28.15,409.21,False,False,nan,True,0.9519,69.36,98.84,True,0,NORMAL,1,0.96,0,836.5,52.7,47.7,0.13,17,106,21,30,60,0.9995468973489938,0.17320508075688776
2026-08-31T22:59:54.473,128433718,P042,rhythm_normal,NORMAL,,,,1322,453335,104432,116430,104233.12,115707.45,198.88,722.55,201.75,405.06,False,False,nan,True,0.9519,69.36,98.84,True,0,NORMAL,1,0.96,0,836.5,52.7,47.7,0.13,17,106,21,30,60,0.9995468973489938,0.17320508075688776
2026-08-31T22:59:54.485,128433734,P042,rhythm_normal,NORMAL,,,,1323,453375,104505,116610,104238.56,115725.5,266.44,884.5,372.44,404.41,False,False,nan,True,0.9519,69.36,98.84,True,0,NORMAL,1,0.96,0,836.5,52.7,47.7,0.13,17,106,21,30,60,0.9995468973489938,0.17320508075688776
2026-08-31T22:59:54.512,128433765,P042,rhythm_normal,NORMAL,,,,1324,453415,104541,116717,104244.61,115745.33,296.39,971.67,522.25,406.77,False,False,nan,True,0.9519,69.36,98.84,True,0,NORMAL,1,0.96,0,836.5,52.7,47.7,0.13,17,106,21,30,60,0.9995468973489938,0.17320508075688776
2026-08-31T22:59:54.550,128433796,P042,rhythm_normal,NORMAL,,,,1325,453455,104564,116803,104251.0,115766.48,313.0,1036.52,650.81,411.65,False,False,nan,True,0.9519,69.36,98.84,True,0,NORMAL,1,0.96,0,836.5,52.7,47.7,0.13,17,106,21,30,60,0.9995468973489938,0.17320508075688776
2026-08-31T22:59:54.659,128433906,P042,rhythm_normal,NORMAL,,,,1326,453495,104598,116877,104257.94,115788.7,340.06,1088.3,760.19,418.62,False,False,nan,True,0.9519,69.36,98.84,True,0,NORMAL,1,0.96,0,836.5,52.7,47.7,0.13,17,106,21,30,60,0.9995468973489938,0.17320508075688776
2026-08-31T22:59:54.666,128433921,P042,rhythm_normal,NORMAL,,,,1327,453535,104651,117018,104265.8,115813.28,385.2,1204.72,871.32,427.67,False,False,nan,True,0.9519,69.36,98.84,True,0,NORMAL,1,0.96,0,836.5,52.7,47.7,0.13,17,106,21,30,60,0.9995468973489938,0.17320508075688776
2026-08-31T22:59:54.679,128433937,P042,rhythm_normal,NORMAL,,,,1328,453575,104724,117210,104274.96,115841.22,449.04,1368.78,995.69,439.03,False,False,nan,True,0.9519,69.36,98.84,True,0,NORMAL,1,0.96,0,836.5,52.7,47.7,0.13,17,106,21,30,60,0.9995468973489938,0.17320508075688776
2026-08-31T22:59:54.714,128433968,P042,rhythm_normal,NORMAL,,,,1329,453615,104792,117399,104285.3,115872.38,506.7,1526.62,1128.42,452.82,False,False,nan,True,0.9519,69.36,98.84,True,0,NORMAL,1,0.96,0,836.5,52.7,47.7,0.13,17,106,21,30,60,0.9995468973489938,0.17320508075688776
2026-08-31T22:59:54.732,128433984,P042,rhythm_normal,NORMAL,,,,1330,453655,104707,117169,104293.74,115898.3,413.26,1270.7,1163.99,467.04,False,False,nan,True,0.9519,69.36,98.84,True,0,NORMAL,1,0.96,0,836.5,52.7,47.7,0.13,17,106,21,30,60,0.9995468973489938,0.17320508075688776
2026-08-31T22:59:54.888,128434140,P042,rhythm_normal,NORMAL,,,,1331,453695,104092,115592,104289.71,115892.18,-197.71,-300.18,797.95,473.66,True,True,880.0,True,0.9519,69.36,98.84,True,0,NORMAL,1,0.96,0,836.5,52.7,47.7,0.13,17,106,21,30,60,0.9997654724984255,0.17320508075688776
2026-08-31T22:59:54.899,128434156,P042,rhythm_normal,NORMAL,,,,1332,453735,103737,114719,104278.66,115868.72,-541.66,-1149.72,311.03,470.41,False,False,nan,True,0.9519,69.36,98.84,True,0,NORMAL,1,0.96,0,836.5,52.7,47.7,0.13,17,106,21,30,60,0.9997654724984255,0.17320508075688776
2026-08-31T22:59:54.908,128434156,P042,rhythm_normal,NORMAL,,,,1333,453775,103769,114782,104268.46,115846.98,-499.46,-1064.98,-32.97,461.66,False,False,nan,True,0.9519,69.36,98.84,True,0,NORMAL,1,0.96,0,836.5,52.7,47.7,0.13,17,106,21,30,60,0.9997654724984255,0.17320508075688776
2026-08-31T22:59:54.919,128434171,P042,rhythm_normal,NORMAL,,,,1334,453815,103866,115039,104260.41,115830.83,-394.41,-791.83,-222.69,456.88,False,False,nan,True,0.9519,69.36,98.84,True,0,NORMAL,1,0.96,0,836.5,52.7,47.7,0.13,17,106,21,30,60,0.9997654724984255,0.17320508075688776
2026-08-31T22:59:54.955,128434203,P042,rhythm_normal,NORMAL,,,,1335,453855,103929,115181,104253.79,115817.83,-324.79,-636.83,-326.22,454.27,False,False,nan,True,0.9519,69.36,98.84,True,0,NORMAL,1,0.96,0,836.5,52.7,47.7,0.13,17,106,21,30,60,0.9997654724984255,0.17320508075688776
2026-08-31T22:59:55.066,128434312,P042,rhythm_normal,NORMAL,,,,1336,453895,103999,115363,104248.7,115808.73,-249.7,-445.73,-356.1,452.31,False,False,nan,True,0.9519,69.36,98.84,True,0,NORMAL,1,0.96,0,836.5,52.7,47.7,0.13,17,106,21,30,60,0.9997654724984255,0.17320508075688776
2026-08-31T22:59:55.077,128434328,P042,rhythm_normal,NORMAL,,,,1337,453935,104053,115504,104244.78,115802.64,-191.78,-298.64,-341.74,450.09,False,False,nan,True,0.9519,69.36,98.84,True,0,NORMAL,1,0.96,0,836.5,52.7,47.7,0.13,17,106,21,30,60,0.9997654724984255,0.17320508075688776
2026-08-31T22:59:55.086,128434343,P042,rhythm_normal,NORMAL,,,,1338,453975,103983,115313,104239.55,115792.85,-256.55,-479.85,-376.26,448.62,False,False,nan,True,0.9519,69.36,98.84,True,0,NORMAL,1,0.96,0,836.5,52.7,47.7,0.13,17,106,21,30,60,0.9997654724984255,0.17320508075688776
2026-08-31T22:59:55.118,128434375,P042,rhythm_normal,NORMAL,,,,1339,454015,103917,115168,104233.09,115780.35,-316.09,-612.35,-435.29,448.35,False,False,nan,True,0.9519,69.36,98.84,True,0,NORMAL,1,0.96,0,836.5,52.7,47.7,0.13,17,106,21,30,60,0.9997654724984255,0.17320508075688776
2026-08-31T22:59:55.142,128434390,P042,rhythm_normal,NORMAL,,,,1340,454055,103957,115260,104227.57,115769.95,-270.57,-509.95,-453.95,448.46,False,False,nan,True,0.9519,69.36,98.84,True,0,NORMAL,1,0.96,0,836.5,52.7,47.7,0.13,17,106,21,30,60,0.9997654724984255,0.17320508075688776
2026-08-31T22:59:55.263,128434515,P042,rhythm_normal,NORMAL,,,,1341,454095,104068,115556,104224.38,115765.66,-156.38,-209.66,-392.88,447.35,False,False,nan,True,0.9519,69.36,98.84,True,0,NORMAL,1,0.96,0,836.5,52.7,47.7,0.13,17,106,21,30,60,0.9995468973489938,0.24494897427831783
2026-08-31T22:59:55.279,128434531,P042,rhythm_normal,NORMAL,,,,1342,454135,104202,115892,104223.94,115768.19,-21.94,123.81,-263.71,443.68,False,False,nan,True,0.9519,69.36,98.84,True,0,NORMAL,1,0.96,0,836.5,52.7,47.7,0.13,17,106,21,30,60,0.9995468973489938,0.24494897427831783
2026-08-31T22:59:55.294,128434546,P042,rhythm_normal,NORMAL,,,,1343,454175,104303,116154,104225.52,115775.91,77.48,378.09,-103.26,436.87,False,False,nan,True,0.9519,69.36,98.84,True,0,NORMAL,1,0.96,0,836.5,52.7,47.7,0.13,17,106,21,30,60,0.9995468973489938,0.24494897427831783
2026-08-31T22:59:55.307,128434562,P042,rhythm_normal,NORMAL,,,,1344,454215,104389,116365,104228.79,115787.69,160.21,577.31,66.89,429.47,False,False,nan,True,0.9519,69.36,98.84,True,0,NORMAL,1,0.96,0,836.5,52.7,47.7,0.13,17,106,21,30,60,0.9995468973489938,0.24494897427831783
2026-08-31T22:59:55.341,128434593,P042,rhythm_normal,NORMAL,,,,1345,454255,104439,116514,104232.99,115802.21,206.01,711.79,228.11,425.44,False,False,nan,True,0.9519,69.36,98.84,True,0,NORMAL,1,0.96,0,836.5,52.7,47.7,0.13,17,106,21,30,60,0.9995468973489938,0.24494897427831783
2026-08-31T22:59:55.451,128434703,P042,rhythm_normal,NORMAL,,,,1346,454295,104492,116622,104238.17,115818.61,253.83,803.39,371.93,424.37,False,False,nan,True,0.9519,69.36,98.84,True,0,NORMAL,1,0.97,0,838.9,52.2,47.3,0.12,18,55,22,30,60,0.9995468973489938,0.24494897427831783
2026-08-31T22:59:55.481,128434734,P042,rhythm_normal,NORMAL,,,,1347,454335,104529,116713,104243.99,115836.5,285.01,876.5,498.07,425.85,False,False,nan,True,0.9519,69.36,98.84,True,0,NORMAL,1,0.97,0,838.9,52.2,47.3,0.12,18,55,22,30,60,0.9995468973489938,0.24494897427831783
2026-08-31T22:59:55.516,128434765,P042,rhythm_normal,NORMAL,,,,1348,454375,104554,116806,104250.2,115855.89,303.8,950.11,611.08,429.55,False,False,nan,True,0.9519,69.36,98.84,True,0,NORMAL,1,0.97,0,838.9,52.2,47.3,0.12,18,55,22,30,60,0.9995468973489938,0.24494897427831783
2026-08-31T22:59:55.528,128434781,P042,rhythm_normal,NORMAL,,,,1349,454415,104611,116952,104257.41,115877.81,353.59,1074.19,726.86,435.5,False,False,nan,True,0.9519,69.36,98.84,True,0,NORMAL,1,0.97,0,838.9,52.2,47.3,0.12,18,55,22,30,60,0.9995468973489938,0.24494897427831783
2026-08-31T22:59:55.548,128434796,P042,rhythm_normal,NORMAL,,,,1350,454455,104677,117122,104265.8,115902.7,411.2,1219.3,849.97,443.79,False,False,nan,True,0.9519,69.36,98.84,True,0,NORMAL,1,0.97,0,838.9,52.2,47.3,0.12,18,55,22,30,60,0.9995468973489938,0.24494897427831783
2026-08-31T22:59:55.657,128434906,P042,rhythm_normal,NORMAL,,,,1351,454495,104756,117342,104275.61,115931.48,480.39,1410.52,990.11,454.71,False,False,nan,True,0.9519,69.36,98.84,True,0,NORMAL,1,0.97,0,838.9,52.2,47.3,0.12,18,55,22,30,60,0.9995468973489938,0.17320508075688776
2026-08-31T22:59:55.689,128434937,P042,rhythm_normal,NORMAL,,,,1352,454535,104777,117414,104285.64,115961.13,491.36,1452.87,1105.8,467.74,False,False,nan,True,0.9519,69.36,98.84,True,0,NORMAL,1,0.97,0,838.9,52.2,47.3,0.12,18,55,22,30,60,0.9995468973489938,0.17320508075688776
2026-08-31T22:59:55.699,128434953,P042,rhythm_normal,NORMAL,,,,1353,454575,104286,116140,104285.65,115964.71,0.35,175.29,873.17,475.84,True,True,880.0,True,0.9515,68.18,98.84,True,0,NORMAL,1,0.97,0,838.9,52.2,47.3,0.12,18,55,22,30,60,0.9995468973489938,0.17320508075688776
2026-08-31T22:59:55.711,128434968,P042,rhythm_normal,NORMAL,,,,1354,454615,103729,114768,104274.52,115940.77,-545.52,-1172.77,361.68,473.56,False,False,nan,True,0.9515,68.18,98.84,True,0,NORMAL,1,0.97,0,838.9,52.2,47.3,0.12,18,55,22,30,60,0.9995468973489938,0.17320508075688776
2026-08-31T22:59:55.754,128435000,P042,rhythm_normal,NORMAL,,,,1355,454655,103679,114660,104262.6,115915.16,-583.6,-1255.16,-42.53,464.94,False,False,nan,True,0.9515,68.18,98.84,True,0,NORMAL,1,0.97,0,838.9,52.2,47.3,0.12,18,55,22,30,60,0.9995468973489938,0.17320508075688776
2026-08-31T22:59:55.858,128435109,P042,rhythm_normal,NORMAL,,,,1356,454695,103774,114863,104252.83,115894.11,-478.83,-1031.11,-289.67,461.43,False,False,nan,True,0.9515,68.18,98.84,True,0,NORMAL,1,0.97,0,838.9,52.2,47.3,0.12,18,55,22,30,60,0.9995468973489938,0.24494897427831783
2026-08-31T22:59:55.868,128435125,P042,rhythm_normal,NORMAL,,,,1357,454735,103824,115020,104244.25,115876.62,-420.25,-856.62,-431.41,460.83,False,False,nan,True,0.9515,68.18,98.84,True,0,NORMAL,1,0.97,0,838.9,52.2,47.3,0.12,18,55,22,30,60,0.9995468973489938,0.24494897427831783
2026-08-31T22:59:55.888,128435140,P042,rhythm_normal,NORMAL,,,,1358,454775,103852,115077,104236.41,115860.63,-384.41,-783.63,-519.47,462.01,False,False,nan,True,0.9515,68.18,98.84,True,0,NORMAL,1,0.97,0,838.9,52.2,47.3,0.12,18,55,22,30,60,0.9995468973489938,0.24494897427831783
2026-08-31T22:59:55.926,128435171,P042,rhythm_normal,NORMAL,,,,1359,454815,103934,115286,104230.36,115849.14,-296.36,-563.14,-530.38,463.37,False,False,nan,True,0.9515,68.18,98.84,True,0,NORMAL,1,0.97,0,838.9,52.2,47.3,0.12,18,55,22,30,60,0.9995468973489938,0.24494897427831783
2026-08-31T22:59:55.943,128435187,P042,rhythm_normal,NORMAL,,,,1360,454855,103933,115286,104224.41,115837.88,-291.41,-551.88,-535.76,464.82,False,False,nan,True,0.9515,68.18,98.84,True,0,NORMAL,1,0.97,0,838.9,52.2,47.3,0.12,18,55,22,30,60,0.9995468973489938,0.24494897427831783
2026-08-31T22:59:56.056,128435312,P042,rhythm_normal,NORMAL,,,,1361,454895,103869,115121,104217.3,115823.54,-348.3,-702.54,-577.45,467.07,False,False,nan,True,0.9515,68.18,99.66,True,0,NORMAL,1,0.97,0,838.9,52.2,47.3,0.12,18,55,22,30,60,0.9995468973489938,0.24494897427831783
2026-08-31T22:59:56.080,128435328,P042,rhythm_normal,NORMAL,,,,1362,454935,103865,115135,104210.26,115809.77,-345.26,-674.77,-601.78,469.77,False,False,nan,True,0.9515,68.18,99.66,True,0,NORMAL,1,0.97,0,838.9,52.2,47.3,0.12,18,55,22,30,60,0.9995468973489938,0.24494897427831783
2026-08-31T22:59:56.090,128435343,P042,rhythm_normal,NORMAL,,,,1363,454975,103939,115327,104204.84,115800.11,-265.84,-473.11,-569.61,471.77,False,False,nan,True,0.9515,68.18,99.66,True,0,NORMAL,1,0.97,0,838.9,52.2,47.3,0.12,18,55,22,30,60,0.9995468973489938,0.24494897427831783
2026-08-31T22:59:56.121,128435375,P042,rhythm_normal,NORMAL,,,,1364,455015,104057,115626,104201.88,115796.62,-144.88,-170.62,-469.87,471.73,False,False,nan,True,0.9515,68.18,99.66,True,0,NORMAL,1,0.97,0,838.9,52.2,47.3,0.12,18,55,22,30,60,0.9995468973489938,0.24494897427831783
2026-08-31T22:59:56.129,128435375,P042,rhythm_normal,NORMAL,,,,1365,455055,104179,115913,104201.42,115798.95,-22.42,114.05,-323.89,468.77,False,False,nan,True,0.9515,68.18,99.66,True,0,NORMAL,1,0.97,0,838.9,52.2,47.3,0.12,18,55,22,30,60,0.9995468973489938,0.24494897427831783
2026-08-31T22:59:56.261,128435515,P042,rhythm_normal,NORMAL,,,,1366,455095,104270,116166,104202.8,115806.3,67.2,359.7,-152.99,462.46,False,False,nan,True,0.9515,68.18,99.66,True,0,NORMAL,1,0.97,0,838.9,52.2,47.3,0.12,18,55,22,30,60,0.9995468973489938,0.24494897427831783
2026-08-31T22:59:56.271,128435515,P042,rhythm_normal,NORMAL,,,,1367,455135,104330,116305,104205.34,115816.27,124.66,488.73,7.44,453.35,False,False,nan,True,0.9515,68.18,99.66,True,0,NORMAL,1,0.97,0,838.9,52.2,47.3,0.12,18,55,22,30,60,0.9995468973489938,0.24494897427831783
2026-08-31T22:59:56.281,128435531,P042,rhythm_normal,NORMAL,,,,1368,455175,104366,116423,104208.55,115828.41,157.45,594.59,154.23,447.37,False,False,nan,True,0.9515,68.18,99.66,True,0,NORMAL,1,0.97,0,838.9,52.2,47.3,0.12,18,55,22,30,60,0.9995468973489938,0.24494897427831783
2026-08-31T22:59:56.310,128435562,P042,rhythm_normal,NORMAL,,,,1369,455215,104409,116520,104212.56,115842.23,196.44,677.77,285.11,444.13,False,False,nan,True,0.9515,68.18,99.66,True,0,NORMAL,1,0.97,0,838.9,52.2,47.3,0.12,18,55,22,30,60,0.9995468973489938,0.24494897427831783
2026-08-31T22:59:56.334,128435578,P042,rhythm_normal,NORMAL,,,,1370,455255,104432,116582,104216.95,115857.03,215.05,724.97,395.08,443.15,False,False,nan,True,0.9515,68.18,99.66,True,0,NORMAL,1,0.97,0,838.9,52.2,47.3,0.12,18,55,22,30,60,0.9995468973489938,0.24494897427831783
2026-08-31T22:59:56.456,128435703,P042,rhythm_normal,NORMAL,,,,1371,455295,104464,116687,104221.89,115873.63,242.11,813.37,499.65,444.28,False,False,nan,True,0.9515,68.18,99.66,True,0,NORMAL,1,0.97,0,838.9,52.2,47.3,0.12,18,55,22,30,60,0.9999704995648622,0.17320508075688776
2026-08-31T22:59:56.465,128435718,P042,rhythm_normal,NORMAL,,,,1372,455335,104513,116811,104227.71,115892.38,285.29,918.62,604.39,447.48,False,False,nan,True,0.9515,68.18,99.66,True,0,NORMAL,1,0.97,0,838.9,52.2,47.3,0.12,18,55,22,30,60,0.9999704995648622,0.17320508075688776
2026-08-31T22:59:56.489,128435734,P042,rhythm_normal,NORMAL,,,,1373,455375,104576,116968,104234.68,115913.9,341.32,1054.1,716.82,452.87,False,False,nan,True,0.9515,68.18,99.66,True,0,NORMAL,1,0.97,0,838.9,52.2,47.3,0.12,18,55,22,30,60,0.9999704995648622,0.17320508075688776
2026-08-31T22:59:56.518,128435765,P042,rhythm_normal,NORMAL,,,,1374,455415,104653,117171,104243.05,115939.04,409.95,1231.96,845.6,460.72,False,False,nan,True,0.9515,68.18,99.66,True,0,NORMAL,1,0.97,0,838.9,52.2,47.3,0.12,18,55,22,30,60,0.9999704995648622,0.17320508075688776
2026-08-31T22:59:56.534,128435781,P042,rhythm_normal,NORMAL,,,,1375,455455,104658,117181,104251.34,115963.88,406.66,1217.12,938.48,470.28,False,False,nan,True,0.9515,68.18,99.66,True,0,NORMAL,1,0.97,0,838.9,52.2,47.3,0.12,18,55,22,30,60,0.9999704995648622,0.17320508075688776
2026-08-31T22:59:56.654,128435906,P042,rhythm_normal,NORMAL,,,,1376,455495,104111,115805,104248.54,115960.7,-137.54,-155.7,664.94,474.17,True,True,920.0,True,0.9648,68.18,99.66,True,0,NORMAL,1,0.97,0,838.9,52.2,47.3,0.12,18,55,22,30,60,0.9997529694879631,0.17320508075688776
2026-08-31T22:59:56.668,128435921,P042,rhythm_normal,NORMAL,,,,1377,455535,103656,114674,104236.69,115934.96,-580.69,-1260.96,183.46,468.35,False,False,nan,True,0.9648,68.18,99.66,True,0,NORMAL,1,0.97,0,838.9,52.2,47.3,0.12,18,55,22,30,60,0.9997529694879631,0.17320508075688776
2026-08-31T22:59:56.709,128435953,P042,rhythm_normal,NORMAL,,,,1378,455575,103622,114582,104224.39,115907.9,-602.39,-1325.9,-193.88,462.86,False,False,nan,True,0.9648,68.18,99.66,True,0,NORMAL,1,0.97,0,838.9,52.2,47.3,0.12,18,55,22,30,60,0.9997529694879631,0.17320508075688776
2026-08-31T22:59:56.723,128435968,P042,rhythm_normal,NORMAL,,,,1379,455615,103675,114716,104213.41,115884.06,-538.41,-1168.06,-437.42,462.36,False,False,nan,True,0.9648,68.18,99.66,True,0,NORMAL,1,0.97,0,838.9,52.2,47.3,0.12,18,55,22,30,60,0.9997529694879631,0.17320508075688776
2026-08-31T22:59:56.757,128436000,P042,rhythm_normal,NORMAL,,,,1380,455655,103714,114821,104203.42,115862.8,-489.42,-1041.8,-588.52,464.88,False,False,nan,True,0.9648,68.18,99.66,True,0,NORMAL,1,0.97,0,838.9,52.2,47.3,0.12,18,55,22,30,60,0.9997529694879631,0.17320508075688776
2026-08-31T22:59:56.859,128436109,P042,rhythm_normal,NORMAL,,,,1381,455695,103738,114861,104194.12,115842.77,-456.12,-981.77,-686.83,469.32,False,False,nan,True,0.9648,68.18,99.66,True,0,NORMAL,1,0.97,0,838.9,52.2,47.3,0.12,18,55,22,30,60,0.9997654724984255,0.17320508075688776
2026-08-31T22:59:56.876,128436125,P042,rhythm_normal,NORMAL,,,,1382,455735,103799,115029,104186.22,115826.49,-387.22,-797.49,-714.5,474.22,False,False,nan,True,0.9648,68.18,99.66,True,0,NORMAL,1,0.97,0,838.9,52.2,47.3,0.12,18,55,22,30,60,0.9997654724984255,0.17320508075688776
2026-08-31T22:59:56.885,128436140,P042,rhythm_normal,NORMAL,,,,1383,455775,103814,115063,104178.77,115811.22,-364.77,-748.22,-722.93,479.2,False,False,nan,True,0.9648,68.18,99.66,True,0,NORMAL,1,0.97,0,838.9,52.2,47.3,0.12,18,55,22,30,60,0.9997654724984255,0.17320508075688776
2026-08-31T22:59:56.913,128436156,P042,rhythm_normal,NORMAL,,,,1384,455815,103756,114943,104170.32,115793.85,-414.32,-850.85,-754.91,484.71,False,False,nan,True,0.9648,68.18,99.66,True,0,NORMAL,1,0.97,0,838.9,52.2,47.3,0.12,18,55,22,30,60,0.9997654724984255,0.17320508075688776
2026-08-31T22:59:56.939,128436187,P042,rhythm_normal,NORMAL,,,,1385,455855,103758,114956,104162.07,115777.09,-404.07,-821.09,-771.45,490.45,False,False,nan,True,0.9648,68.18,99.66,True,0,NORMAL,1,0.97,0,838.9,52.2,47.3,0.12,18,55,22,30,60,0.9997654724984255,0.17320508075688776
2026-08-31T22:59:57.056,128436312,P042,rhythm_normal,NORMAL,,,,1386,455895,103841,115154,104155.65,115764.63,-314.65,-610.63,-731.25,495.26,False,False,nan,True,0.9648,68.18,99.66,True,0,NORMAL,1,0.97,0,838.9,52.2,47.3,0.12,18,55,22,30,60,0.9997654724984255,0.24494897427831783
2026-08-31T22:59:57.064,128436312,P042,rhythm_normal,NORMAL,,,,1387,455935,103938,115422,104151.3,115757.78,-213.3,-335.78,-632.38,498.0,False,False,nan,True,0.9648,68.18,99.66,True,0,NORMAL,1,0.97,0,838.9,52.2,47.3,0.12,18,55,22,30,60,0.9997654724984255,0.24494897427831783
2026-08-31T22:59:57.084,128436328,P042,rhythm_normal,NORMAL,,,,1388,455975,104060,115717,104149.47,115756.97,-89.47,-39.97,-484.28,497.73,False,False,nan,True,0.9648,68.18,99.66,True,0,NORMAL,1,0.97,0,838.9,52.2,47.3,0.12,18,55,22,30,60,0.9997654724984255,0.24494897427831783
2026-08-31T22:59:57.121,128436375,P042,rhythm_normal,NORMAL,,,,1389,456015,104156,115944,104149.6,115760.71,6.4,183.29,-317.39,494.12,False,False,nan,True,0.9648,68.18,99.66,True,0,NORMAL,1,0.97,0,838.9,52.2,47.3,0.12,18,55,22,30,60,0.9997654724984255,0.24494897427831783
2026-08-31T22:59:57.137,128436390,P042,rhythm_normal,NORMAL,,,,1390,456055,104218,116123,104150.97,115767.95,67.03,355.05,-149.28,487.23,False,False,nan,True,0.9648,68.18,99.66,True,0,NORMAL,1,0.97,0,838.9,52.2,47.3,0.12,18,55,22,30,60,0.9997654724984255,0.24494897427831783
2026-08-31T22:59:57.252,128436500,P042,rhythm_normal,NORMAL,,,,1391,456095,104275,116265,104153.45,115777.89,121.55,487.11,9.82,477.68,False,False,nan,True,0.9648,68.18,99.66,True,0,NORMAL,1,0.97,0,838.9,52.2,47.3,0.12,18,55,22,30,60,0.9997654724984255,0.17320508075688776
2026-08-31T22:59:57.279,128436531,P042,rhythm_normal,NORMAL,,,,1392,456135,104326,116394,104156.91,115790.21,169.09,603.79,158.31,471.29,False,False,nan,True,0.9648,68.18,99.66,True,0,NORMAL,1,0.97,0,838.9,52.2,47.3,0.12,18,55,22,30,60,0.9997654724984255,0.17320508075688776
2026-08-31T22:59:57.294,128436546,P042,rhythm_normal,NORMAL,,,,1393,456175,104363,116504,104161.03,115804.48,201.97,699.52,293.61,467.74,False,False,nan,True,0.9648,68.18,99.66,True,0,NORMAL,1,0.97,0,838.9,52.2,47.3,0.12,18,55,22,30,60,0.9997654724984255,0.17320508075688776
2026-08-31T22:59:57.300,128436546,P042,rhythm_normal,NORMAL,,,,1394,456215,104409,116636,104165.99,115821.12,243.01,814.88,423.93,466.86,False,False,nan,True,0.9648,68.18,99.66,True,0,NORMAL,1,0.97,0,838.9,52.2,47.3,0.12,18,55,22,30,60,0.9997654724984255,0.17320508075688776
2026-08-31T22:59:57.333,128436578,P042,rhythm_normal,NORMAL,,,,1395,456255,104484,116828,104172.35,115841.26,311.65,986.74,564.63,468.82,False,False,nan,True,0.9648,68.18,99.66,True,0,NORMAL,1,0.97,0,838.9,52.2,47.3,0.12,18,55,22,30,60,0.9997654724984255,0.17320508075688776
2026-08-31T22:59:57.442,128436687,P042,rhythm_normal,NORMAL,,,,1396,456295,104550,117023,104179.91,115864.89,370.09,1158.11,713.0,473.7,False,False,nan,True,0.9648,68.18,99.66,True,0,NORMAL,1,0.97,0,838.9,52.2,47.3,0.12,18,55,22,30,60,0.9999704995648622,0.17320508075688776
2026-08-31T22:59:57.474,128436718,P042,rhythm_normal,NORMAL,,,,1397,456335,104632,117241,104188.95,115892.41,443.05,1348.59,871.9,481.66,False,False,nan,True,0.9648,68.18,99.66,True,0,NORMAL,1,0.97,0,838.9,52.2,47.3,0.12,18,55,22,30,60,0.9999704995648622,0.17320508075688776
2026-08-31T22:59:57.482,128436734,P042,rhythm_normal,NORMAL,,,,1398,456375,104658,117276,104198.33,115920.09,459.67,1355.91,992.9,491.89,False,False,nan,True,0.9648,68.18,99.66,True,0,NORMAL,1,0.97,0,838.9,52.2,47.3,0.12,18,55,22,30,60,0.9999704995648622,0.17320508075688776
2026-08-31T22:59:57.491,128436734,P042,rhythm_normal,NORMAL,,,,1399,456415,104155,115990,104197.46,115921.48,-42.46,68.52,761.81,497.29,True,True,920.0,True,0.9767,68.18,99.66,True,0,NORMAL,1,0.97,0,838.9,52.2,47.3,0.12,18,55,22,30,60,0.9999704995648622,0.17320508075688776
2026-08-31T22:59:57.520,128436765,P042,rhythm_normal,NORMAL,,,,1400,456455,103667,114772,104186.85,115898.49,-519.85,-1126.49,289.73,493.14,False,False,nan,True,0.9767,68.18,99.66,True,0,NORMAL,1,0.97,0,838.9,52.2,47.3,0.12,18,55,22,30,60,0.9999704995648622,0.17320508075688776
2026-08-31T22:59:57.654,128436906,P042,rhythm_normal,NORMAL,,,,1401,456495,103632,114701,104175.76,115874.54,-543.76,-1173.54,-76.09,484.79,False,False,nan,True,0.9767,68.18,99.66,True,0,NORMAL,1,0.97,0,838.9,52.2,47.3,0.12,18,55,22,30,60,0.9997654724984255,0.17320508075688776
2026-08-31T22:59:57.662,128436906,P042,rhythm_normal,NORMAL,,,,1402,456535,103723,114912,104166.7,115855.29,-443.7,-943.29,-292.89,480.96,False,False,nan,True,0.9767,68.18,99.66,True,0,NORMAL,1,0.97,0,838.9,52.2,47.3,0.12,18,55,22,30,60,0.9997654724984255,0.17320508075688776
2026-08-31T22:59:57.687,128436937,P042,rhythm_normal,NORMAL,,,,1403,456575,103790,115079,104159.17,115839.77,-369.17,-760.77,-409.86,479.53,False,False,nan,True,0.9767,68.18,99.66,True,0,NORMAL,1,0.97,0,838.9,52.2,47.3,0.12,18,55,22,30,60,0.9997654724984255,0.17320508075688776
2026-08-31T22:59:57.694,128436937,P042,rhythm_normal,NORMAL,,,,1404,456615,103819,115165,104152.37,115826.27,-333.37,-661.27,-472.71,479.4,False,False,nan,True,0.9767,68.18,99.66,True,0,NORMAL,1,0.97,0,838.9,52.2,47.3,0.12,18,55,22,30,60,0.9997654724984255,0.17320508075688776
2026-08-31T22:59:57.869,128437125,P042,rhythm_normal,NORMAL,,,,1405,456665,103901,115353,104147.34,115816.8,-246.34,-463.8,-470.48,479.22,False,False,nan,True,0.9767,68.18,99.66,True,0,NORMAL,1,0.97,0,838.9,52.2,47.3,0.12,18,55,22,30,60,0.9995468973489938,0.17320508075688776
2026-08-31T22:59:57.879,128437125,P042,rhythm_normal,NORMAL,,,,1406,456695,103886,115336,104142.12,115807.19,-256.12,-471.19,-470.66,479.05,False,False,nan,True,0.9767,68.18,99.66,True,0,NORMAL,1,0.97,0,838.9,52.2,47.3,0.12,18,55,22,30,60,0.9995468973489938,0.17320508075688776
2026-08-31T22:59:57.891,128437140,P042,rhythm_normal,NORMAL,,,,1407,456745,103809,115147,104135.45,115793.98,-326.45,-646.98,-514.74,479.76,False,False,nan,True,0.9767,68.18,99.66,True,0,NORMAL,1,0.97,0,838.9,52.2,47.3,0.12,18,55,22,30,60,0.9995468973489938,0.17320508075688776
2026-08-31T22:59:57.901,128437156,P042,rhythm_normal,NORMAL,,,,1408,456775,103811,115131,104128.96,115780.73,-317.96,-649.73,-548.49,481.14,False,False,nan,True,0.9767,68.18,99.66,True,0,NORMAL,1,0.97,0,838.9,52.2,47.3,0.12,18,55,22,30,60,0.9995468973489938,0.17320508075688776
2026-08-31T22:59:57.924,128437171,P042,rhythm_normal,NORMAL,,,,1409,456825,103891,115344,104124.2,115771.99,-233.2,-427.99,-518.36,481.88,False,False,nan,True,0.9767,68.18,99.66,True,0,NORMAL,1,0.97,0,838.9,52.2,47.3,0.12,18,55,22,30,60,0.9995468973489938,0.17320508075688776
2026-08-31T22:59:58.040,128437296,P042,rhythm_normal,NORMAL,,,,1410,456865,104029,115709,104122.3,115770.73,-93.3,-61.73,-404.21,480.33,False,False,nan,True,0.9767,68.18,99.66,True,0,NORMAL,1,0.97,0,838.9,52.2,47.3,0.12,18,55,22,30,60,0.9995468973489938,0.17320508075688776
2026-08-31T22:59:58.064,128437312,P042,rhythm_normal,NORMAL,,,,1411,456905,104134,115929,104122.53,115773.9,11.47,155.1,-264.38,476.01,False,False,nan,True,0.9767,68.18,99.66,True,0,NORMAL,1,0.97,0,838.9,52.2,47.3,0.12,18,55,22,30,60,0.9995468973489938,0.17320508075688776
2026-08-31T22:59:58.074,128437328,P042,rhythm_normal,NORMAL,,,,1412,456945,104218,116206,104124.44,115782.54,93.56,423.46,-92.42,468.34,False,False,nan,True,0.9767,68.18,99.66,True,0,NORMAL,1,0.97,0,838.9,52.2,47.3,0.12,18,55,22,30,60,0.9995468973489938,0.17320508075688776
2026-08-31T22:59:58.094,128437343,P042,rhythm_normal,NORMAL,,,,1413,456985,104293,116380,104127.81,115794.48,165.19,585.52,77.06,460.51,False,False,nan,True,0.9767,68.18,99.66,True,0,NORMAL,1,0.97,0,838.9,52.2,47.3,0.12,18,55,22,30,60,0.9995468973489938,0.17320508075688776
2026-08-31T22:59:58.101,128437359,P042,rhythm_normal,NORMAL,,,,1414,457025,104323,116463,104131.72,115807.85,191.28,655.15,221.59,455.73,False,False,nan,True,0.9767,68.18,99.66,True,0,NORMAL,1,0.97,0,838.9,52.2,47.3,0.12,18,55,22,30,60,0.9995468973489938,0.17320508075688776
2026-08-31T22:59:58.245,128437500,P042,rhythm_normal,NORMAL,,,,1415,457065,104355,116540,104136.19,115822.49,218.81,717.51,345.57,453.53,False,False,nan,True,0.9767,68.18,99.66,True,0,NORMAL,1,0.97,0,838.9,52.2,47.3,0.12,18,55,22,30,60,0.9997654724984255,0.17320508075688776
2026-08-31T22:59:58.267,128437515,P042,rhythm_normal,NORMAL,,,,1416,457105,104388,116659,104141.23,115839.22,246.77,819.78,464.12,453.74,False,False,nan,True,0.9767,68.18,99.66,True,0,NORMAL,1,0.97,0,838.9,52.2,47.3,0.12,18,55,22,30,60,0.9997654724984255,0.17320508075688776
2026-08-31T22:59:58.277,128437531,P042,rhythm_normal,NORMAL,,,,1417,457145,104426,116717,104146.92,115856.77,279.08,860.23,563.15,455.93,False,False,nan,True,0.9767,68.18,99.66,True,0,NORMAL,1,0.97,0,838.9,52.2,47.3,0.12,18,55,22,30,60,0.9997654724984255,0.17320508075688776
2026-08-31T22:59:58.286,128437531,P042,rhythm_normal,NORMAL,,,,1418,457185,104489,116880,104153.77,115877.23,335.23,1002.77,673.05,460.27,False,False,nan,True,0.9767,68.18,99.66,True,0,NORMAL,1,0.97,0,838.9,52.2,47.3,0.12,18,55,22,30,60,0.9997654724984255,0.17320508075688776
2026-08-31T22:59:58.305,128437562,P042,rhythm_normal,NORMAL,,,,1419,457225,104576,117100,104162.21,115901.69,413.79,1198.31,804.37,467.15,False,False,nan,True,0.9767,68.18,99.66,True,0,NORMAL,1,0.97,0,838.9,52.2,47.3,0.12,18,55,22,30,60,0.9997654724984255,0.17320508075688776
2026-08-31T22:59:58.446,128437703,P042,rhythm_normal,NORMAL,,,,1420,457265,104593,117205,104170.83,115927.75,422.17,1277.25,922.59,476.26,False,False,nan,True,0.9767,68.18,99.66,True,0,NORMAL,1,0.97,0,838.9,52.2,47.3,0.12,18,55,22,30,60,0.9997654724984255,0.17320508075688776
2026-08-31T22:59:58.468,128437718,P042,rhythm_normal,NORMAL,,,,1421,457305,104183,116078,104171.07,115930.76,11.93,147.24,728.75,481.31,True,True,890.0,True,0.9821,67.8,99.66,True,0,NORMAL,1,0.97,0,838.9,52.2,47.3,0.12,18,55,22,30,60,0.9997654724984255,0.17320508075688776
2026-08-31T22:59:58.474,128437718,P042,rhythm_normal,NORMAL,,,,1422,457345,103669,114865,104161.03,115909.45,-492.03,-1044.45,285.45,477.4,False,False,nan,True,0.9821,67.8,99.66,True,0,NORMAL,1,0.97,0,838.9,52.2,47.3,0.12,18,55,22,30,60,0.9997654724984255,0.17320508075688776
2026-08-31T22:59:58.482,128437734,P042,rhythm_normal,NORMAL,,,,1423,457385,103613,114760,104150.07,115886.45,-537.07,-1126.45,-67.52,469.2,False,False,nan,True,0.9821,67.8,99.66,True,0,NORMAL,1,0.97,0,838.9,52.2,47.3,0.12,18,55,22,30,60,0.9997654724984255,0.17320508075688776
2026-08-31T22:59:58.504,128437750,P042,rhythm_normal,NORMAL,,,,1424,457425,103707,114958,104141.21,115867.88,-434.21,-909.88,-278.11,465.38,False,False,nan,True,0.9821,67.8,99.66,True,0,NORMAL,1,0.97,0,838.9,52.2,47.3,0.12,18,55,22,30,60,0.9997654724984255,0.17320508075688776
2026-08-31T22:59:58.642,128437890,P042,rhythm_normal,NORMAL,,,,1425,457465,103738,115136,104133.15,115853.24,-395.15,-717.24,-387.9,463.83,False,False,nan,True,0.9821,67.8,99.66,True,0,NORMAL,1,0.97,0,838.9,52.2,47.3,0.12,18,55,22,30,60,0.9995468973489938,0.17320508075688776
2026-08-31T22:59:58.668,128437921,P042,rhythm_normal,NORMAL,,,,1426,457505,103822,115314,104126.92,115842.46,-304.92,-528.46,-423.04,463.01,False,False,nan,True,0.9821,67.8,99.66,True,0,NORMAL,1,0.97,0,838.9,52.2,47.3,0.12,18,55,22,30,60,0.9995468973489938,0.17320508075688776
2026-08-31T22:59:58.681,128437937,P042,rhythm_normal,NORMAL,,,,1427,457545,103888,115522,104122.14,115836.05,-234.14,-314.05,-395.79,461.67,False,False,nan,True,0.9821,67.8,99.66,True,0,NORMAL,1,0.97,0,838.9,52.2,47.3,0.12,18,55,22,30,60,0.9995468973489938,0.17320508075688776
2026-08-31T22:59:58.703,128437953,P042,rhythm_normal,NORMAL,,,,1428,457585,103875,115430,104117.2,115827.94,-242.2,-397.94,-396.33,460.36,False,False,nan,True,0.9821,67.8,99.66,True,0,NORMAL,1,0.97,0,838.9,52.2,47.3,0.12,18,55,22,30,60,0.9995468973489938,0.17320508075688776
2026-08-31T22:59:58.713,128437968,P042,rhythm_normal,NORMAL,,,,1429,457625,103804,115265,104110.93,115816.68,-306.93,-551.68,-435.17,459.86,False,False,nan,True,0.9821,67.8,99.66,True,0,NORMAL,1,0.97,0,838.9,52.2,47.3,0.12,18,55,22,30,60,0.9995468973489938,0.17320508075688776
2026-08-31T22:59:58.851,128438109,P042,rhythm_normal,NORMAL,,,,1430,457665,103789,115310,104104.49,115806.55,-315.49,-496.55,-450.51,459.67,False,False,nan,True,0.9821,67.8,99.66,True,0,NORMAL,1,0.97,0,838.9,52.2,47.3,0.12,18,55,22,30,60,0.9997654724984255,0.17320508075688776
2026-08-31T22:59:58.874,128438125,P042,rhythm_normal,NORMAL,,,,1431,457705,103910,115576,104100.6,115801.94,-190.6,-225.94,-394.37,458.36,False,False,nan,True,0.9821,67.8,99.66,True,0,NORMAL,1,0.97,0,838.9,52.2,47.3,0.12,18,55,22,30,60,0.9997654724984255,0.17320508075688776
2026-08-31T22:59:58.900,128438156,P042,rhythm_normal,NORMAL,,,,1432,457745,104054,116012,104099.67,115806.14,-45.67,205.86,-244.31,454.08,False,False,nan,True,0.9821,67.8,99.66,True,0,NORMAL,1,0.97,0,838.9,52.2,47.3,0.12,18,55,22,30,60,0.9997654724984255,0.17320508075688776
2026-08-31T22:59:58.909,128438156,P042,rhythm_normal,NORMAL,,,,1433,457785,104176,116293,104101.2,115815.88,74.8,477.12,-63.95,446.28,False,False,nan,True,0.9821,67.8,99.66,True,0,NORMAL,1,0.97,0,838.9,52.2,47.3,0.12,18,55,22,30,60,0.9997654724984255,0.17320508075688776
2026-08-31T22:59:58.935,128438187,P042,rhythm_normal,NORMAL,,,,1434,457825,104269,116515,104104.55,115829.86,164.45,685.14,123.32,439.82,False,False,nan,True,0.9821,67.8,99.66,True,0,NORMAL,1,0.97,0,838.9,52.2,47.3,0.12,18,55,22,30,60,0.9997654724984255,0.17320508075688776
2026-08-31T22:59:59.045,128438296,P042,rhythm_normal,NORMAL,,,,1435,457865,104345,116644,104109.37,115846.14,235.63,797.86,291.96,436.86,False,False,nan,True,0.9821,67.8,99.66,True,0,NORMAL,1,0.97,0,838.9,52.2,47.3,0.12,18,55,22,30,60,0.9986676123716038,0.17320508075688776
2026-08-31T22:59:59.068,128438312,P042,rhythm_normal,NORMAL,,,,1436,457905,104401,116777,104115.2,115864.76,285.8,912.24,447.03,437.07,False,False,nan,True,0.9821,67.8,99.66,True,0,NORMAL,1,0.97,0,838.9,52.2,47.3,0.12,18,55,22,30,60,0.9986676123716038,0.17320508075688776
2026-08-31T22:59:59.077,128438328,P042,rhythm_normal,NORMAL,,,,1437,457945,104426,116789,104121.42,115883.24,304.58,905.76,561.71,439.56,False,False,nan,True,0.9821,67.8,99.66,True,0,NORMAL,1,0.97,0,838.9,52.2,47.3,0.12,18,55,22,30,60,0.9986676123716038,0.17320508075688776
2026-08-31T22:59:59.099,128438343,P042,rhythm_normal,NORMAL,,,,1438,457985,104412,116874,104127.23,115903.05,284.77,970.95,664.02,444.05,False,False,nan,True,0.9821,67.8,99.66,True,0,NORMAL,1,0.97,0,838.9,52.2,47.3,0.12,18,55,22,30,60,0.9986676123716038,0.17320508075688776
2026-08-31T22:59:59.110,128438359,P042,rhythm_normal,NORMAL,,,,1439,458025,104493,116997,104134.55,115924.93,358.45,1072.07,766.03,450.49,False,False,nan,True,0.9821,67.8,99.66,True,0,NORMAL,1,0.97,0,838.9,52.2,47.3,0.12,18,55,22,30,60,0.9986676123716038,0.17320508075688776
2026-08-31T22:59:59.248,128438500,P042,rhythm_normal,NORMAL,,,,1440,458065,104594,117272,104143.73,115951.87,450.27,1320.13,904.56,459.57,False,False,nan,True,0.9821,67.8,99.66,True,0,NORMAL,1,0.97,0,838.9,52.2,47.3,0.12,18,55,22,30,60,1.0001889821428749,0.17320508075688776
2026-08-31T22:59:59.260,128438515,P042,rhythm_normal,NORMAL,,,,1441,458105,104613,117439,104153.12,115981.61,459.88,1457.39,1042.77,471.23,False,False,nan,True,0.9821,67.8,99.66,True,0,NORMAL,1,0.97,0,838.9,52.2,47.3,0.12,18,55,22,30,60,1.0001889821428749,0.17320508075688776
2026-08-31T22:59:59.288,128438531,P042,rhythm_normal,NORMAL,,,,1442,458145,104474,116962,104159.53,116001.22,314.47,960.78,1022.27,482.25,True,True,840.0,True,0.9748,67.8,99.66,True,0,NORMAL,1,0.97,0,838.9,52.2,47.3,0.12,18,55,22,30,60,1.0001889821428749,0.17320508075688776
2026-08-31T22:59:59.294,128438546,P042,rhythm_normal,NORMAL,,,,1443,458185,103832,115336,104152.98,115987.91,-320.98,-651.91,603.72,484.68,False,False,nan,True,0.9748,67.8,99.66,True,0,NORMAL,1,0.97,0,838.9,52.2,47.3,0.12,18,55,22,30,60,1.0001889821428749,0.17320508075688776
2026-08-31T22:59:59.302,128438546,P042,rhythm_normal,NORMAL,,,,1444,458225,103627,114763,104142.46,115963.41,-515.46,-1200.41,152.69,478.04,False,False,nan,True,0.9748,67.8,99.66,True,0,NORMAL,1,0.97,0,838.9,52.2,47.3,0.12,18,55,22,30,60,1.0001889821428749,0.17320508075688776
2026-08-31T22:59:59.444,128438687,P042,rhythm_normal,NORMAL,,,,1445,458265,103626,114969,104132.13,115943.52,-506.13,-974.52,-129.11,471.06,False,False,nan,True,0.9748,67.8,99.66,True,0,NORMAL,1,0.97,0,838.9,52.2,47.3,0.12,18,55,22,30,60,0.9995468973489938,0.17320508075688776
2026-08-31T22:59:59.465,128438718,P042,rhythm_normal,NORMAL,,,,1446,458305,103778,115214,104125.05,115928.93,-347.05,-714.93,-275.57,467.15,False,False,nan,True,0.9748,67.8,99.66,True,0,NORMAL,1,0.97,0,838.9,52.2,47.3,0.12,18,55,22,30,60,0.9995468973489938,0.17320508075688776
2026-08-31T22:59:59.475,128438718,P042,rhythm_normal,NORMAL,,,,1447,458345,103841,115331,104119.37,115916.97,-278.37,-585.97,-353.17,464.88,False,False,nan,True,0.9748,67.8,99.66,True,0,NORMAL,1,0.97,0,838.9,52.2,47.3,0.12,18,55,22,30,60,0.9995468973489938,0.17320508075688776
2026-08-31T22:59:59.497,128438750,P042,rhythm_normal,NORMAL,,,,1448,458385,103900,115544,104114.98,115909.51,-214.98,-365.51,-356.25,462.7,False,False,nan,True,0.9748,67.8,99.66,True,0,NORMAL,1,0.97,0,838.9,52.2,47.3,0.12,18,55,22,30,60,0.9995468973489938,0.17320508075688776
2026-08-31T22:59:59.505,128438750,P042,rhythm_normal,NORMAL,,,,1449,458425,103949,115657,104111.66,115904.46,-162.66,-247.46,-329.06,460.03,False,False,nan,True,0.9748,67.8,99.66,True,0,NORMAL,1,0.97,0,838.9,52.2,47.3,0.12,18,55,22,30,60,0.9995468973489938,0.17320508075688776
2026-08-31T22:59:59.643,128438890,P042,rhythm_normal,NORMAL,,,,1450,458465,103880,115423,104107.02,115894.83,-227.02,-471.83,-364.75,458.12,False,False,nan,True,0.9748,67.8,99.66,True,0,NORMAL,1,0.97,0,838.9,52.2,47.3,0.12,18,55,22,30,60,0.9997654724984255,0.17320508075688776
2026-08-31T22:59:59.666,128438921,P042,rhythm_normal,NORMAL,,,,1451,458505,103846,115372,104101.8,115884.38,-255.8,-512.38,-401.65,456.99,False,False,nan,True,0.9748,67.8,99.66,True,0,NORMAL,1,0.97,0,838.9,52.2,47.3,0.12,18,55,22,30,60,0.9997654724984255,0.17320508075688776
2026-08-31T22:59:59.679,128438937,P042,rhythm_normal,NORMAL,,,,1452,458545,103919,115547,104098.15,115877.62,-179.15,-330.62,-383.9,455.53,False,False,nan,True,0.9748,67.8,99.66,True,0,NORMAL,1,0.97,0,838.9,52.2,47.3,0.12,18,55,22,30,60,0.9997654724984255,0.17320508075688776
2026-08-31T22:59:59.701,128438953,P042,rhythm_normal,NORMAL,,,,1453,458585,104023,115856,104096.65,115877.2,-73.65,-21.2,-293.22,452.29,False,False,nan,True,0.9748,67.8,99.66,True,0,NORMAL,1,0.97,0,838.9,52.2,47.3,0.12,18,55,22,30,60,0.9997654724984255,0.17320508075688776
2026-08-31T22:59:59.708,128438953,P042,rhythm_normal,NORMAL,,,,1454,458625,104162,116236,104097.95,115884.38,64.05,351.62,-132.01,445.88,False,False,nan,True,0.9748,67.8,99.66,True,0,NORMAL,1,0.97,0,838.9,52.2,47.3,0.12,18,55,22,30,60,0.9997654724984255,0.17320508075688776
2026-08-31T22:59:59.842,128439093,P042,rhythm_normal,NORMAL,,,,1455,458665,104289,116493,104101.77,115896.55,187.23,596.45,50.11,437.97,False,False,nan,True,0.9748,67.8,99.66,True,0,NORMAL,1,0.97,0,838.9,52.2,47.3,0.12,18,55,22,30,60,0.9997654724984255,0.17320508075688776
2026-08-31T22:59:59.866,128439125,P042,rhythm_normal,NORMAL,,,,1456,458705,104379,116702,104107.32,115912.66,271.68,789.34,234.92,433.9,False,False,nan,True,0.9748,67.8,99.66,True,0,NORMAL,1,0.97,0,838.9,52.2,47.3,0.12,18,55,22,30,60,0.9997654724984255,0.17320508075688776
2026-08-31T22:59:59.875,128439125,P042,rhythm_normal,NORMAL,,,,1457,458745,104416,116853,104113.49,115931.46,302.51,921.54,406.57,433.36,False,False,nan,True,0.9748,67.8,99.66,True,0,NORMAL,1,0.97,0,838.9,52.2,47.3,0.12,18,55,22,30,60,0.9997654724984255,0.17320508075688776
2026-08-31T22:59:59.895,128439140,P042,rhythm_normal,NORMAL,,,,1458,458785,104440,116954,104120.02,115951.91,319.98,1002.09,555.45,435.8,False,False,nan,True,0.9748,67.8,99.66,True,0,NORMAL,1,0.97,0,838.9,52.2,47.3,0.12,18,55,22,30,60,0.9997654724984255,0.17320508075688776
2026-08-31T22:59:59.911,128439156,P042,rhythm_normal,NORMAL,,,,1459,458825,104490,117034,104127.42,115973.55,362.58,1060.45,681.7,440.72,False,False,nan,True,0.9748,67.8,99.66,True,0,NORMAL,1,0.97,0,838.9,52.2,47.3,0.12,18,55,22,30,60,0.9997654724984255,0.17320508075688776
2026-08-31T23:00:00.051,128439296,P042,rhythm_normal,NORMAL,,,,1460,458865,104510,117132,104135.07,115996.73,374.93,1135.27,795.09,447.81,False,False,nan,True,0.9748,67.8,99.66,True,0,NORMAL,1,0.97,0,838.9,52.2,47.3,0.12,18,55,22,30,60,0.9995468973489938,0.17320508075688776
2026-08-31T23:00:00.063,128439312,P042,rhythm_normal,NORMAL,,,,1461,458905,104539,117301,104143.15,116022.81,395.85,1278.19,915.87,457.17,False,False,nan,True,0.9748,67.8,99.81,True,0,NORMAL,1,0.97,0,838.9,52.2,47.3,0.12,18,55,22,30,60,0.9995468973489938,0.17320508075688776
2026-08-31T23:00:00.088,128439343,P042,rhythm_normal,NORMAL,,,,1462,458945,104627,117482,104152.83,116052.0,474.17,1430.0,1044.4,468.91,False,False,nan,True,0.9748,67.8,99.81,True,0,NORMAL,1,0.97,0,838.9,52.2,47.3,0.12,18,55,22,30,60,0.9995468973489938,0.17320508075688776
2026-08-31T23:00:00.099,128439343,P042,rhythm_normal,NORMAL,,,,1463,458985,104730,117697,104164.38,116084.9,565.62,1612.1,1186.33,483.26,False,False,nan,True,0.9748,67.8,99.81,True,0,NORMAL,1,0.97,0,838.9,52.2,47.3,0.12,18,55,22,30,60,0.9995468973489938,0.17320508075688776
2026-08-31T23:00:00.123,128439375,P042,rhythm_normal,NORMAL,,,,1464,459025,104664,117586,104174.37,116114.92,489.63,1471.08,1257.51,498.74,False,False,nan,True,0.9748,67.8,99.81,True,0,NORMAL,1,0.97,0,838.9,52.2,47.3,0.12,18,55,22,30,60,0.9995468973489938,0.17320508075688776
2026-08-31T23:00:00.245,128439500,P042,rhythm_normal,NORMAL,,,,1465,459065,104111,116023,104173.1,116113.09,-62.1,-90.09,920.61,507.18,True,True,920.0,True,0.9748,67.8,99.81,True,0,NORMAL,1,0.97,0,838.9,52.2,47.3,0.12,18,55,22,30,60,0.9997654724984255,0.24494897427831783
2026-08-31T23:00:00.269,128439515,P042,rhythm_normal,NORMAL,,,,1466,459105,103614,114883,104161.92,116088.48,-547.92,-1205.48,389.09,504.82,False,False,nan,True,0.9748,67.8,99.81,True,0,NORMAL,1,0.97,0,838.9,52.2,47.3,0.12,18,55,22,30,60,0.9997654724984255,0.24494897427831783
2026-08-31T23:00:00.281,128439531,P042,rhythm_normal,NORMAL,,,,1467,459145,103631,114876,104151.3,116064.23,-520.3,-1188.23,-5.24,494.83,False,False,nan,True,0.9748,67.8,99.81,True,0,NORMAL,1,0.97,0,838.9,52.2,47.3,0.12,18,55,22,30,60,0.9997654724984255,0.24494897427831783
2026-08-31T23:00:00.300,128439546,P042,rhythm_normal,NORMAL,,,,1468,459185,103701,115058,104142.3,116044.11,-441.3,-986.11,-250.46,489.94,False,False,nan,True,0.9748,67.8,99.81,True,0,NORMAL,1,0.97,0,838.9,52.2,47.3,0.12,18,55,22,30,60,0.9997654724984255,0.24494897427831783
2026-08-31T23:00:00.307,128439562,P042,rhythm_normal,NORMAL,,,,1469,459225,103744,115152,104134.33,116026.27,-390.33,-874.27,-406.41,488.27,False,False,nan,True,0.9748,67.8,99.81,True,0,NORMAL,1,0.97,0,838.9,52.2,47.3,0.12,18,55,22,30,60,0.9997654724984255,0.24494897427831783
2026-08-31T23:00:00.442,128439687,P042,rhythm_normal,NORMAL,,,,1470,459265,103749,115230,104126.62,116010.34,-377.62,-780.34,-499.89,488.5,False,False,nan,True,0.9748,67.8,99.81,True,0,NORMAL,1,0.97,0,871.8,42.2,41.5,0.13,17,54,23,30,60,0.9997654724984255,0.24494897427831783
2026-08-31T23:00:00.452,128439703,P042,rhythm_normal,NORMAL,,,,1471,459305,103862,115454,104121.34,115999.22,-259.34,-545.22,-511.22,488.96,False,False,nan,True,0.9748,67.8,99.81,True,0,NORMAL,1,0.97,0,871.8,42.2,41.5,0.13,17,54,23,30,60,0.9997654724984255,0.24494897427831783
2026-08-31T23:00:00.473,128439718,P042,rhythm_normal,NORMAL,,,,1472,459345,103834,115431,104115.59,115987.85,-281.59,-556.85,-522.63,489.63,False,False,nan,True,0.9748,67.8,99.81,True,0,NORMAL,1,0.97,0,871.8,42.2,41.5,0.13,17,54,23,30,60,0.9997654724984255,0.24494897427831783
2026-08-31T23:00:00.482,128439734,P042,rhythm_normal,NORMAL,,,,1473,459385,103772,115309,104108.71,115974.27,-336.71,-665.27,-558.29,491.0,False,False,nan,True,0.9748,67.8,99.81,True,0,NORMAL,1,0.97,0,871.8,42.2,41.5,0.13,17,54,23,30,60,0.9997654724984255,0.24494897427831783
2026-08-31T23:00:00.504,128439750,P042,rhythm_normal,NORMAL,,,,1474,459425,103797,115367,104102.48,115962.12,-305.48,-595.12,-567.5,492.53,False,False,nan,True,0.9748,67.8,99.81,True,0,NORMAL,1,0.97,0,871.8,42.2,41.5,0.13,17,54,23,30,60,0.9997654724984255,0.24494897427831783
2026-08-31T23:00:00.648,128439906,P042,rhythm_normal,NORMAL,,,,1475,459465,103888,115600,104098.19,115954.88,-210.19,-354.88,-514.35,492.97,False,False,nan,True,0.9748,67.8,99.81,True,0,NORMAL,1,0.97,0,871.8,42.2,41.5,0.13,17,54,23,30,60,1.0001889821428749,0.17320508075688776
2026-08-31T23:00:00.670,128439921,P042,rhythm_normal,NORMAL,,,,1476,459505,104001,115907,104096.24,115953.92,-95.24,-46.92,-397.49,491.06,False,False,nan,True,0.9748,67.8,99.81,True,0,NORMAL,1,0.97,0,871.8,42.2,41.5,0.13,17,54,23,30,60,1.0001889821428749,0.17320508075688776
2026-08-31T23:00:00.678,128439921,P042,rhythm_normal,NORMAL,,,,1477,459545,104114,116203,104096.59,115958.91,17.41,244.09,-237.09,485.98,False,False,nan,True,0.9748,67.8,99.81,True,0,NORMAL,1,0.97,0,871.8,42.2,41.5,0.13,17,54,23,30,60,1.0001889821428749,0.17320508075688776
2026-08-31T23:00:00.689,128439937,P042,rhythm_normal,NORMAL,,,,1478,459585,104211,116417,104098.88,115968.07,112.12,448.93,-65.59,477.57,False,False,nan,True,0.9748,67.8,99.81,True,0,NORMAL,1,0.97,0,871.8,42.2,41.5,0.13,17,54,23,30,60,1.0001889821428749,0.17320508075688776
2026-08-31T23:00:00.707,128439953,P042,rhythm_normal,NORMAL,,,,1479,459625,104258,116544,104102.06,115979.59,155.94,564.41,91.91,469.86,False,False,nan,True,0.9748,67.8,99.81,True,0,NORMAL,1,0.97,0,871.8,42.2,41.5,0.13,17,54,23,30,60,1.0001889821428749,0.17320508075688776
2026-08-31T23:00:00.843,128440093,P042,rhythm_normal,NORMAL,,,,1480,459665,104284,116623,104105.7,115992.45,178.3,630.55,226.57,464.99,False,False,nan,True,0.9748,67.8,99.81,True,0,NORMAL,1,0.97,0,871.8,42.2,41.5,0.13,17,54,23,30,60,1.0001889821428749,0.17320508075688776
2026-08-31T23:00:00.882,128440140,P042,rhythm_normal,NORMAL,,,,1481,459705,104309,116674,104109.77,116006.09,199.23,667.91,336.91,462.43,False,False,nan,True,0.9748,67.8,99.81,True,0,NORMAL,1,0.97,0,871.8,42.2,41.5,0.13,17,54,23,30,60,1.0001889821428749,0.17320508075688776
2026-08-31T23:00:00.891,128440140,P042,rhythm_normal,NORMAL,,,,1482,459745,104316,116729,104113.89,116020.55,202.11,708.45,429.79,461.78,False,False,nan,True,0.9748,67.8,99.81,True,0,NORMAL,1,0.97,0,871.8,42.2,41.5,0.13,17,54,23,30,60,1.0001889821428749,0.17320508075688776
2026-08-31T23:00:00.898,128440156,P042,rhythm_normal,NORMAL,,,,1483,459785,104357,116836,104118.75,116036.86,238.25,799.14,522.13,462.99,False,False,nan,True,0.9748,67.8,99.81,True,0,NORMAL,1,0.97,0,871.8,42.2,41.5,0.13,17,54,23,30,60,1.0001889821428749,0.17320508075688776
2026-08-31T23:00:00.919,128440171,P042,rhythm_normal,NORMAL,,,,1484,459825,104417,117014,104124.72,116056.4,292.28,957.6,631.0,466.35,False,False,nan,True,0.9748,67.8,99.81,True,0,NORMAL,1,0.97,0,871.8,42.2,41.5,0.13,17,54,23,30,60,1.0001889821428749,0.17320508075688776
2026-08-31T23:00:01.040,128440296,P042,rhythm_normal,NORMAL,,,,1485,459865,104492,117223,104132.06,116079.73,359.94,1143.27,759.07,472.2,False,False,nan,True,0.9748,67.8,99.81,True,0,NORMAL,1,0.97,0,871.8,42.2,41.5,0.13,17,54,23,30,60,0.9997654724984255,0.24494897427831783
2026-08-31T23:00:01.063,128440312,P042,rhythm_normal,NORMAL,,,,1486,459905,104575,117436,104140.92,116106.85,434.08,1329.15,901.59,480.79,False,False,nan,True,0.9748,67.8,99.81,True,0,NORMAL,1,0.97,0,871.8,42.2,41.5,0.13,17,54,23,30,60,0.9997654724984255,0.24494897427831783
2026-08-31T23:00:01.076,128440328,P042,rhythm_normal,NORMAL,,,,1487,459945,104552,117349,104149.14,116131.7,402.86,1217.3,980.52,490.78,False,False,nan,True,0.9748,67.8,99.81,True,0,NORMAL,1,0.97,0,871.8,42.2,41.5,0.13,17,54,23,30,60,0.9997654724984255,0.24494897427831783
2026-08-31T23:00:01.099,128440343,P042,rhythm_normal,NORMAL,,,,1488,459985,103951,115823,104145.18,116125.52,-194.18,-302.52,659.76,494.16,True,True,920.0,True,0.9738,66.3,99.81,True,0,NORMAL,1,0.97,0,871.8,42.2,41.5,0.13,17,54,23,30,60,0.9997654724984255,0.24494897427831783
2026-08-31T23:00:01.108,128440359,P042,rhythm_normal,NORMAL,,,,1489,460025,103531,114797,104132.9,116098.95,-601.9,-1301.95,169.33,487.67,False,False,nan,True,0.9738,66.3,99.81,True,0,NORMAL,1,0.97,0,871.8,42.2,41.5,0.13,17,54,23,30,60,0.9997654724984255,0.24494897427831783
2026-08-31T23:00:01.243,128440500,P042,rhythm_normal,NORMAL,,,,1490,460065,103526,114781,104120.76,116072.59,-594.76,-1291.59,-195.9,481.83,False,False,nan,True,0.9738,66.3,99.81,True,0,NORMAL,1,0.97,0,871.8,42.2,41.5,0.13,17,54,23,30,60,0.9997654724984255,0.17320508075688776
2026-08-31T23:00:01.270,128440515,P042,rhythm_normal,NORMAL,,,,1491,460105,103600,114956,104110.34,116050.27,-510.34,-1094.27,-420.49,480.6,False,False,nan,True,0.9738,66.3,99.81,True,0,NORMAL,1,0.97,0,871.8,42.2,41.5,0.13,17,54,23,30,60,0.9997654724984255,0.17320508075688776
2026-08-31T23:00:01.278,128440531,P042,rhythm_normal,NORMAL,,,,1492,460145,103644,115072,104101.02,116030.7,-457.02,-958.7,-555.05,482.09,False,False,nan,True,0.9738,66.3,99.81,True,0,NORMAL,1,0.97,0,871.8,42.2,41.5,0.13,17,54,23,30,60,0.9997654724984255,0.17320508075688776
2026-08-31T23:00:01.287,128440531,P042,rhythm_normal,NORMAL,,,,1493,460185,103676,115158,104092.52,116013.25,-416.52,-855.25,-630.1,485.05,False,False,nan,True,0.9738,66.3,99.81,True,0,NORMAL,1,0.97,0,871.8,42.2,41.5,0.13,17,54,23,30,60,0.9997654724984255,0.17320508075688776
2026-08-31T23:00:01.308,128440562,P042,rhythm_normal,NORMAL,,,,1494,460225,103752,115356,104085.7,116000.1,-333.7,-644.1,-633.6,488.02,False,False,nan,True,0.9738,66.3,99.81,True,0,NORMAL,1,0.97,0,871.8,42.2,41.5,0.13,17,54,23,30,60,0.9997654724984255,0.17320508075688776
2026-08-31T23:00:01.440,128440687,P042,rhythm_normal,NORMAL,,,,1495,460265,103741,115331,104078.81,115986.72,-337.81,-655.72,-639.13,491.05,False,False,nan,True,0.9738,66.3,99.81,True,0,NORMAL,1,0.97,0,871.8,42.2,41.5,0.13,17,54,23,30,60,0.9997654724984255,0.17320508075688776
2026-08-31T23:00:01.464,128440718,P042,rhythm_normal,NORMAL,,,,1496,460305,103678,115176,104070.8,115970.51,-392.8,-794.51,-677.97,494.78,False,False,nan,True,0.9738,66.3,99.81,True,0,NORMAL,1,0.97,0,871.8,42.2,41.5,0.13,17,54,23,30,60,0.9997654724984255,0.17320508075688776
2026-08-31T23:00:01.476,128440734,P042,rhythm_normal,NORMAL,,,,1497,460345,103679,115220,104062.96,115955.5,-383.96,-735.5,-692.35,498.74,False,False,nan,True,0.9738,66.3,99.81,True,0,NORMAL,1,0.97,0,871.8,42.2,41.5,0.13,17,54,23,30,60,0.9997654724984255,0.17320508075688776
2026-08-31T23:00:01.495,128440750,P042,rhythm_normal,NORMAL,,,,1498,460385,103790,115465,104057.5,115945.69,-267.5,-480.69,-639.44,501.55,False,False,nan,True,0.9738,66.3,99.81,True,0,NORMAL,1,0.97,0,871.8,42.2,41.5,0.13,17,54,23,30,60,0.9997654724984255,0.17320508075688776
2026-08-31T23:00:01.503,128440750,P042,rhythm_normal,NORMAL,,,,1499,460425,103916,115803,104054.67,115942.84,-138.67,-139.84,-514.54,501.81,False,False,nan,True,0.9738,66.3,99.81,True,0,NORMAL,1,0.97,0,871.8,42.2,41.5,0.13,17,54,23,30,60,0.9997654724984255,0.17320508075688776
2026-08-31T23:00:01.647,128440890,P042,rhythm_normal,NORMAL,,,,1500,460465,104037,116082,104054.32,115945.62,-17.32,136.38,-351.81,498.81,False,False,nan,True,0.9738,66.3,99.81,True,0,NORMAL,1,0.97,0,871.8,42.2,41.5,0.13,17,54,23,30,60,0.9986676123716038,0.17320508075688776
2026-08-31T23:00:01.658,128440906,P042,rhythm_normal,NORMAL,,,,1501,460505,104124,116319,104055.71,115953.09,68.29,365.91,-172.38,492.28,False,False,nan,True,0.9738,66.3,99.81,True,0,NORMAL,1,0.97,0,871.8,42.2,41.5,0.13,17,54,23,30,60,0.9986676123716038,0.17320508075688776
2026-08-31T23:00:01.678,128440921,P042,rhythm_normal,NORMAL,,,,1502,460545,104185,116485,104058.3,115963.73,126.7,521.27,1.04,482.46,False,False,nan,True,0.9738,66.3,99.81,True,0,NORMAL,1,0.97,0,871.8,42.2,41.5,0.13,17,54,23,30,60,0.9986676123716038,0.17320508075688776
2026-08-31T23:00:01.703,128440953,P042,rhythm_normal,NORMAL,,,,1503,460585,104227,116581,104061.67,115976.07,165.33,604.93,152.01,475.85,False,False,nan,True,0.9738,66.3,99.81,True,0,NORMAL,1,0.97,0,871.8,42.2,41.5,0.13,17,54,23,30,60,0.9986676123716038,0.17320508075688776
2026-08-31T23:00:01.709,128440953,P042,rhythm_normal,NORMAL,,,,1504,460625,104253,116670,104065.5,115989.95,187.5,680.05,284.02,472.01,False,False,nan,True,0.9738,66.3,99.81,True,0,NORMAL,1,0.97,0,871.8,42.2,41.5,0.13,17,54,23,30,60,0.9986676123716038,0.17320508075688776
2026-08-31T23:00:01.842,128441093,P042,rhythm_normal,NORMAL,,,,1505,460665,104302,116791,104070.23,116005.97,231.77,785.03,409.27,470.76,False,False,nan,True,0.9738,66.3,99.81,True,0,NORMAL,1,0.97,0,871.8,42.2,41.5,0.13,17,54,23,30,60,0.9997654724984255,0.17320508075688776
2026-08-31T23:00:01.868,128441125,P042,rhythm_normal,NORMAL,,,,1506,460705,104347,116927,104075.77,116024.39,271.23,902.61,532.61,471.99,False,False,nan,True,0.9738,66.3,99.81,True,0,NORMAL,1,0.97,0,871.8,42.2,41.5,0.13,17,54,23,30,60,0.9997654724984255,0.17320508075688776
2026-08-31T23:00:01.875,128441125,P042,rhythm_normal,NORMAL,,,,1507,460745,104410,117123,104082.45,116046.36,327.55,1076.64,668.62,475.93,False,False,nan,True,0.9738,66.3,99.81,True,0,NORMAL,1,0.97,0,871.8,42.2,41.5,0.13,17,54,23,30,60,0.9997654724984255,0.17320508075688776
2026-08-31T23:00:01.896,128441140,P042,rhythm_normal,NORMAL,,,,1508,460785,104504,117337,104090.88,116072.17,413.12,1264.83,817.67,482.76,False,False,nan,True,0.9738,66.3,99.81,True,0,NORMAL,1,0.97,0,871.8,42.2,41.5,0.13,17,54,23,30,60,0.9997654724984255,0.17320508075688776
2026-08-31T23:00:01.904,128441156,P042,rhythm_normal,NORMAL,,,,1509,460825,104587,117552,104100.8,116101.77,486.2,1450.23,975.81,492.62,False,False,nan,True,0.9738,66.3,99.81,True,0,NORMAL,1,0.97,0,871.8,42.2,41.5,0.13,17,54,23,30,60,0.9997654724984255,0.17320508075688776
2026-08-31T23:00:02.042,128441296,P042,rhythm_normal,NORMAL,,,,1510,460865,104597,117593,104110.73,116131.59,486.27,1461.41,1097.21,504.71,False,False,nan,True,0.9738,66.3,99.81,True,0,NORMAL,1,0.97,0,871.8,42.2,41.5,0.13,17,54,23,30,60,0.9988863799251645,0.17320508075688776
2026-08-31T23:00:02.054,128441312,P042,rhythm_normal,NORMAL,,,,1511,460905,104148,116445,104111.47,116137.86,36.53,307.14,899.69,512.61,True,True,920.0,True,0.9738,65.22,99.81,True,0,NORMAL,1,0.97,0,871.8,42.2,41.5,0.13,17,54,23,30,60,0.9988863799251645,0.17320508075688776
2026-08-31T23:00:02.074,128441328,P042,rhythm_normal,NORMAL,,,,1512,460945,103589,115033,104101.02,116115.77,-512.02,-1082.77,404.08,510.44,False,False,nan,True,0.9738,65.22,99.81,True,0,NORMAL,1,0.97,0,871.8,42.2,41.5,0.13,17,54,23,30,60,0.9988863799251645,0.17320508075688776
2026-08-31T23:00:02.087,128441343,P042,rhythm_normal,NORMAL,,,,1513,460985,103535,114906,104089.7,116091.57,-554.7,-1185.57,6.67,500.37,False,False,nan,True,0.9738,65.22,99.81,True,0,NORMAL,1,0.97,0,871.8,42.2,41.5,0.13,17,54,23,30,60,0.9988863799251645,0.17320508075688776
2026-08-31T23:00:02.107,128441359,P042,rhythm_normal,NORMAL,,,,1514,461025,103632,115114,104080.54,116072.02,-448.54,-958.02,-234.5,495.05,False,False,nan,True,0.9738,65.22,99.81,True,0,NORMAL,1,0.97,0,871.8,42.2,41.5,0.13,17,54,23,30,60,0.9988863799251645,0.17320508075688776
2026-08-31T23:00:02.244,128441500,P042,rhythm_normal,NORMAL,,,,1515,461065,103697,115299,104072.87,116056.55,-375.87,-757.55,-365.27,492.45,False,False,nan,True,0.9738,65.22,99.81,True,0,NORMAL,1,0.97,0,871.8,42.2,41.5,0.13,17,54,23,30,60,0.9995468973489938,0.17320508075688776
2026-08-31T23:00:02.270,128441515,P042,rhythm_normal,NORMAL,,,,1516,461105,103734,115392,104066.09,116043.27,-332.09,-651.27,-436.77,491.34,False,False,nan,True,0.9738,65.22,99.81,True,0,NORMAL,1,0.97,0,871.8,42.2,41.5,0.13,17,54,23,30,60,0.9995468973489938,0.17320508075688776
2026-08-31T23:00:02.294,128441546,P042,rhythm_normal,NORMAL,,,,1517,461145,103817,115600,104061.11,116034.4,-244.11,-434.4,-436.17,490.24,False,False,nan,True,0.9738,65.22,99.81,True,0,NORMAL,1,0.97,0,871.8,42.2,41.5,0.13,17,54,23,30,60,0.9995468973489938,0.17320508075688776
2026-08-31T23:00:02.302,128441546,P042,rhythm_normal,NORMAL,,,,1518,461185,103805,115572,104055.98,116025.15,-250.98,-453.15,-440.42,489.24,False,False,nan,True,0.9738,65.22,99.81,True,0,NORMAL,1,0.97,0,871.8,42.2,41.5,0.13,17,54,23,30,60,0.9995468973489938,0.17320508075688776
2026-08-31T23:00:02.308,128441562,P042,rhythm_normal,NORMAL,,,,1519,461225,103722,115388,104049.3,116012.41,-327.3,-624.41,-486.42,489.18,False,False,nan,True,0.9738,65.22,99.81,True,0,NORMAL,1,0.97,0,871.8,42.2,41.5,0.13,17,54,23,30,60,0.9995468973489938,0.17320508075688776
2026-08-31T23:00:02.446,128441703,P042,rhythm_normal,NORMAL,,,,1520,461265,103724,115394,104042.8,116000.04,-318.8,-606.04,-516.32,489.73,False,False,nan,True,0.9738,65.22,99.81,True,0,NORMAL,1,0.97,0,871.8,42.2,41.5,0.13,17,54,23,30,60,0.9997654724984255,0.17320508075688776
2026-08-31T23:00:02.469,128441718,P042,rhythm_normal,NORMAL,,,,1521,461305,103819,115625,104038.32,115992.54,-219.32,-367.54,-479.13,489.51,False,False,nan,True,0.9738,65.22,99.81,True,0,NORMAL,1,0.97,0,871.8,42.2,41.5,0.13,17,54,23,30,60,0.9997654724984255,0.17320508075688776
2026-08-31T23:00:02.477,128441734,P042,rhythm_normal,NORMAL,,,,1522,461345,103936,115950,104036.27,115991.69,-100.27,-41.69,-369.77,487.12,False,False,nan,True,0.9738,65.22,99.81,True,0,NORMAL,1,0.97,0,871.8,42.2,41.5,0.13,17,54,23,30,60,0.9997654724984255,0.17320508075688776
2026-08-31T23:00:02.499,128441750,P042,rhythm_normal,NORMAL,,,,1523,461385,104061,116257,104036.77,115996.99,24.23,260.01,-212.32,481.62,False,False,nan,True,0.9738,65.22,99.81,True,0,NORMAL,1,0.97,0,871.8,42.2,41.5,0.13,17,54,23,30,60,0.9997654724984255,0.17320508075688776
2026-08-31T23:00:02.506,128441750,P042,rhythm_normal,NORMAL,,,,1524,461425,104136,116502,104038.75,116007.09,97.25,494.91,-35.52,472.7,False,False,nan,True,0.9738,65.22,99.81,True,0,NORMAL,1,0.97,0,871.8,42.2,41.5,0.13,17,54,23,30,60,0.9997654724984255,0.17320508075688776
2026-08-31T23:00:02.642,128441890,P042,rhythm_normal,NORMAL,,,,1525,461465,104205,116663,104042.08,116020.21,162.92,642.79,134.06,465.93,False,False,nan,True,0.9738,65.22,99.81,True,0,NORMAL,1,0.97,0,871.8,42.2,41.5,0.13,17,54,23,30,60,0.9997654724984255,0.17320508075688776
2026-08-31T23:00:02.660,128441906,P042,rhythm_normal,NORMAL,,,,1526,461505,104237,116750,104045.98,116034.8,191.02,715.2,279.34,462.2,False,False,nan,True,0.9738,65.22,99.81,True,0,NORMAL,1,0.97,0,871.8,42.2,41.5,0.13,17,54,23,30,60,0.9997654724984255,0.17320508075688776
2026-08-31T23:00:02.682,128441937,P042,rhythm_normal,NORMAL,,,,1527,461545,104267,116802,104050.4,116050.15,216.6,751.85,397.47,460.9,False,False,nan,True,0.9738,65.22,99.81,True,0,NORMAL,1,0.97,0,871.8,42.2,41.5,0.13,17,54,23,30,60,0.9997654724984255,0.17320508075688776
2026-08-31T23:00:02.695,128441953,P042,rhythm_normal,NORMAL,,,,1528,461585,104274,116837,104054.87,116065.88,219.13,771.12,490.88,461.5,False,False,nan,True,0.9738,65.22,99.81,True,0,NORMAL,1,0.97,0,871.8,42.2,41.5,0.13,17,54,23,30,60,0.9997654724984255,0.17320508075688776
2026-08-31T23:00:02.717,128441968,P042,rhythm_normal,NORMAL,,,,1529,461625,104306,116912,104059.89,116082.8,246.11,829.2,575.46,463.78,False,False,nan,True,0.9738,65.22,99.81,True,0,NORMAL,1,0.97,0,871.8,42.2,41.5,0.13,17,54,23,30,60,0.9997654724984255,0.17320508075688776
2026-08-31T23:00:02.843,128442093,P042,rhythm_normal,NORMAL,,,,1530,461665,104375,117099,104066.2,116103.12,308.8,995.88,680.56,468.12,False,False,nan,True,0.9738,65.22,99.81,True,0,NORMAL,1,0.97,0,871.8,42.2,41.5,0.13,17,54,23,30,60,0.9997654724984255,0.17320508075688776
2026-08-31T23:00:02.852,128442109,P042,rhythm_normal,NORMAL,,,,1531,461705,104456,117310,104073.99,116127.27,382.01,1182.73,806.11,474.88,False,False,nan,True,0.9738,65.22,99.81,True,0,NORMAL,1,0.97,0,871.8,42.2,41.5,0.13,17,54,23,30,60,0.9997654724984255,0.17320508075688776
2026-08-31T23:00:02.875,128442125,P042,rhythm_normal,NORMAL,,,,1532,461745,104495,117395,104082.41,116152.62,412.59,1242.38,915.18,483.68,False,False,nan,True,0.9738,65.22,99.81,True,0,NORMAL,1,0.97,0,871.8,42.2,41.5,0.13,17,54,23,30,60,0.9997654724984255,0.17320508075688776
2026-08-31T23:00:02.886,128442140,P042,rhythm_normal,NORMAL,,,,1533,461785,104128,116448,104083.33,116158.52,44.67,289.48,758.75,489.18,True,True,880.0,True,0.9738,65.22,99.81,True,0,NORMAL,1,0.97,0,871.8,42.2,41.5,0.13,17,54,23,30,60,0.9997654724984255,0.17320508075688776
2026-08-31T23:00:02.902,128442156,P042,rhythm_normal,NORMAL,,,,1534,461825,103625,115204,104074.16,116139.43,-449.16,-935.43,335.21,486.1,False,False,nan,True,0.9738,65.22,99.81,True,0,NORMAL,1,0.97,0,871.8,42.2,41.5,0.13,17,54,23,30,60,0.9997654724984255,0.17320508075688776
2026-08-31T23:00:03.041,128442296,P042,rhythm_normal,NORMAL,,,,1535,461865,103574,115079,104064.16,116118.22,-490.16,-1039.22,-8.4,476.55,False,False,nan,True,0.9738,65.22,99.81,True,0,NORMAL,1,0.97,0,871.8,42.2,41.5,0.13,17,54,23,30,60,0.9988863799251645,0.17320508075688776
2026-08-31T23:00:03.065,128442312,P042,rhythm_normal,NORMAL,,,,1536,461905,103681,115330,104056.5,116102.45,-375.5,-772.45,-199.41,471.01,False,False,nan,True,0.9738,65.22,99.81,True,0,NORMAL,1,0.97,0,871.8,42.2,41.5,0.13,17,54,23,30,60,0.9988863799251645,0.17320508075688776
2026-08-31T23:00:03.075,128442328,P042,rhythm_normal,NORMAL,,,,1537,461945,103773,115595,104050.83,116092.3,-277.83,-497.3,-273.89,467.07,False,False,nan,True,0.9738,65.22,99.81,True,0,NORMAL,1,0.97,0,871.8,42.2,41.5,0.13,17,54,23,30,60,0.9988863799251645,0.17320508075688776
2026-08-31T23:00:03.100,128442343,P042,rhythm_normal,NORMAL,,,,1538,461985,103852,115807,104046.85,116086.6,-194.85,-279.6,-275.32,463.23,False,False,nan,True,0.9738,65.22,99.81,True,0,NORMAL,1,0.97,0,871.8,42.2,41.5,0.13,17,54,23,30,60,0.9988863799251645,0.17320508075688776
2026-08-31T23:00:03.109,128442359,P042,rhythm_normal,NORMAL,,,,1539,462025,103953,116051,104044.98,116085.89,-91.98,-34.89,-215.21,458.27,False,False,nan,True,0.9738,65.22,99.81,True,0,NORMAL,1,0.97,0,871.8,42.2,41.5,0.13,17,54,23,30,60,0.9988863799251645,0.17320508075688776
2026-08-31T23:00:03.243,128442500,P042,rhythm_normal,NORMAL,,,,1540,462065,103895,115916,104041.98,116082.49,-146.98,-166.49,-203.03,453.16,False,False,nan,True,0.9738,65.22,99.81,True,0,NORMAL,1,0.97,0,871.8,42.2,41.5,0.13,17,54,23,30,60,0.9999704995648622,0.24494897427831783
2026-08-31T23:00:03.251,128442500,P042,rhythm_normal,NORMAL,,,,1541,462105,103809,115688,104037.32,116074.6,-228.32,-386.6,-248.92,449.08,False,False,nan,True,0.9738,65.22,99.81,True,0,NORMAL,1,0.97,0,871.8,42.2,41.5,0.13,17,54,23,30,60,0.9999704995648622,0.24494897427831783
2026-08-31T23:00:03.270,128442515,P042,rhythm_normal,NORMAL,,,,1542,462145,103824,115703,104033.05,116067.17,-209.05,-364.17,-277.74,445.65,False,False,nan,True,0.9738,65.22,99.81,True,0,NORMAL,1,0.97,0,871.8,42.2,41.5,0.13,17,54,23,30,60,0.9999704995648622,0.24494897427831783
2026-08-31T23:00:03.280,128442531,P042,rhythm_normal,NORMAL,,,,1543,462185,103915,115981,104030.7,116065.45,-115.7,-84.45,-229.41,441.33,False,False,nan,True,0.9738,65.22,99.81,True,0,NORMAL,1,0.97,0,871.8,42.2,41.5,0.13,17,54,23,30,60,0.9999704995648622,0.24494897427831783
2026-08-31T23:00:03.300,128442546,P042,rhythm_normal,NORMAL,,,,1544,462225,104059,116322,104031.26,116070.58,27.74,251.42,-109.2,434.69,False,False,nan,True,0.9738,65.22,99.81,True,0,NORMAL,1,0.97,0,871.8,42.2,41.5,0.13,17,54,23,30,60,0.9999704995648622,0.24494897427831783
2026-08-31T23:00:03.440,128442687,P042,rhythm_normal,NORMAL,,,,1545,462265,104163,116612,104033.89,116081.41,129.11,530.59,50.75,427.01,False,False,nan,True,0.9738,65.22,99.81,True,0,NORMAL,1,0.97,0,871.8,42.2,41.5,0.13,17,54,23,30,60,0.9997654724984255,0.17320508075688776
2026-08-31T23:00:03.467,128442718,P042,rhythm_normal,NORMAL,,,,1546,462305,104248,116853,104038.17,116096.84,209.83,756.16,227.1,423.01,False,False,nan,True,0.9738,65.22,99.81,True,0,NORMAL,1,0.97,0,871.8,42.2,41.5,0.13,17,54,23,30,60,0.9997654724984255,0.17320508075688776
2026-08-31T23:00:03.478,128442734,P042,rhythm_normal,NORMAL,,,,1547,462345,104323,117008,104043.87,116115.06,279.13,892.94,393.56,422.42,False,False,nan,True,0.9738,65.22,99.81,True,0,NORMAL,1,0.97,0,871.8,42.2,41.5,0.13,17,54,23,30,60,0.9997654724984255,0.17320508075688776
2026-08-31T23:00:03.497,128442750,P042,rhythm_normal,NORMAL,,,,1548,462385,104356,117115,104050.11,116135.06,305.89,979.94,540.15,424.77,False,False,nan,True,0.9738,65.22,99.81,True,0,NORMAL,1,0.97,0,871.8,42.2,41.5,0.13,17,54,23,30,60,0.9997654724984255,0.17320508075688776
2026-08-31T23:00:03.503,128442750,P042,rhythm_normal,NORMAL,,,,1549,462425,104384,117205,104056.79,116156.46,327.21,1048.54,667.25,429.62,False,False,nan,True,0.9738,65.22,99.81,True,0,NORMAL,1,0.97,0,871.8,42.2,41.5,0.13,17,54,23,30,60,0.9997654724984255,0.17320508075688776
2026-08-31T23:00:03.643,128442890,P042,rhythm_normal,NORMAL,,,,1550,462465,104416,117278,104063.98,116178.89,352.02,1099.11,775.22,436.54,False,False,nan,True,0.9738,65.22,99.81,True,0,NORMAL,1,0.97,0,871.8,42.2,41.5,0.13,17,54,23,30,60,0.9995468973489938,0.17320508075688776
2026-08-31T23:00:03.667,128442921,P042,rhythm_normal,NORMAL,,,,1551,462505,104454,117389,104071.77,116203.09,382.23,1185.91,877.89,445.36,False,False,nan,True,0.9738,65.22,99.81,True,0,NORMAL,1,0.97,0,871.8,42.2,41.5,0.13,17,54,23,30,60,0.9995468973489938,0.17320508075688776
2026-08-31T23:00:03.677,128442921,P042,rhythm_normal,NORMAL,,,,1552,462545,104509,117556,104080.52,116230.15,428.48,1325.85,989.88,456.25,False,False,nan,True,0.9738,65.22,99.81,True,0,NORMAL,1,0.97,0,871.8,42.2,41.5,0.13,17,54,23,30,60,0.9995468973489938,0.17320508075688776
2026-08-31T23:00:03.700,128442953,P042,rhythm_normal,NORMAL,,,,1553,462585,104585,117763,104090.6,116260.8,494.4,1502.2,1117.96,469.49,False,False,nan,True,0.9738,65.22,99.81,True,0,NORMAL,1,0.97,0,871.8,42.2,41.5,0.13,17,54,23,30,60,0.9995468973489938,0.17320508075688776
2026-08-31T23:00:03.707,128442953,P042,rhythm_normal,NORMAL,,,,1554,462625,104631,117861,104101.41,116292.8,529.59,1568.2,1230.52,484.71,False,False,nan,True,0.9738,65.22,99.81,True,0,NORMAL,1,0.97,0,871.8,42.2,41.5,0.13,17,54,23,30,60,0.9995468973489938,0.17320508075688776
2026-08-31T23:00:03.848,128443093,P042,rhythm_normal,NORMAL,,,,1555,462665,104246,116860,104104.3,116304.15,141.7,555.85,1061.85,496.25,True,True,880.0,True,0.9738,66.3,99.81,True,0,NORMAL,1,0.97,0,871.8,42.2,41.5,0.13,17,54,23,30,60,0.9997654724984255,0.24494897427831783
2026-08-31T23:00:03.889,128443140,P042,rhythm_normal,NORMAL,,,,1556,462705,103670,115401,104095.61,116286.09,-425.61,-885.09,575.12,497.83,False,False,nan,True,0.9738,66.3,99.81,True,0,NORMAL,1,0.97,0,871.8,42.2,41.5,0.13,17,54,23,30,60,0.9997654724984255,0.24494897427831783
2026-08-31T23:00:03.897,128443140,P042,rhythm_normal,NORMAL,,,,1557,462745,103571,115177,104085.12,116263.91,-514.12,-1086.91,159.61,491.06,False,False,nan,True,0.9738,66.3,99.81,True,0,NORMAL,1,0.97,0,871.8,42.2,41.5,0.13,17,54,23,30,60,0.9997654724984255,0.24494897427831783
2026-08-31T23:00:03.907,128443156,P042,rhythm_normal,NORMAL,,,,1558,462785,103669,115392,104076.8,116246.47,-407.8,-854.47,-93.91,483.12,False,False,nan,True,0.9738,66.3,99.81,True,0,NORMAL,1,0.97,0,871.8,42.2,41.5,0.13,17,54,23,30,60,0.9997654724984255,0.24494897427831783
2026-08-31T23:00:03.937,128443187,P042,rhythm_normal,NORMAL,,,,1559,462825,103740,115580,104070.06,116233.14,-330.06,-653.14,-233.72,478.13,False,False,nan,True,0.9738,66.3,99.81,True,0,NORMAL,1,0.97,0,871.8,42.2,41.5,0.13,17,54,23,30,60,0.9997654724984255,0.24494897427831783
2026-08-31T23:00:04.055,128443312,P042,rhythm_normal,NORMAL,,,,1560,462865,103765,115648,104063.96,116221.44,-298.96,-573.44,-318.65,474.94,False,False,nan,True,0.9738,66.3,99.81,True,0,NORMAL,1,0.97,0,871.8,42.2,41.5,0.13,17,54,23,30,60,0.9997654724984255,0.24494897427831783
2026-08-31T23:00:04.075,128443328,P042,rhythm_normal,NORMAL,,,,1561,462905,103847,115858,104059.62,116214.17,-212.62,-356.17,-328.03,472.0,False,False,nan,True,0.9738,66.3,99.09,True,0,NORMAL,1,0.97,0,871.8,42.2,41.5,0.13,17,54,23,30,60,0.9997654724984255,0.24494897427831783
2026-08-31T23:00:04.108,128443359,P042,rhythm_normal,NORMAL,,,,1562,462945,103852,115852,104055.47,116206.93,-203.47,-354.93,-334.75,469.26,False,False,nan,True,0.9738,66.3,99.09,True,0,NORMAL,1,0.97,0,871.8,42.2,41.5,0.13,17,54,23,30,60,0.9997654724984255,0.24494897427831783
2026-08-31T23:00:04.123,128443375,P042,rhythm_normal,NORMAL,,,,1563,462985,103770,115665,104049.76,116196.09,-279.76,-531.09,-383.84,467.55,False,False,nan,True,0.9738,66.3,99.09,True,0,NORMAL,1,0.97,0,871.8,42.2,41.5,0.13,17,54,23,30,60,0.9997654724984255,0.24494897427831783
2026-08-31T23:00:04.130,128443375,P042,rhythm_normal,NORMAL,,,,1564,463025,103767,115675,104044.1,116185.67,-277.1,-510.67,-415.55,466.51,False,False,nan,True,0.9738,66.3,99.09,True,0,NORMAL,1,0.97,0,871.8,42.2,41.5,0.13,17,54,23,30,60,0.9997654724984255,0.24494897427831783
2026-08-31T23:00:04.255,128443500,P042,rhythm_normal,NORMAL,,,,1565,463065,103845,115881,104040.12,116179.58,-195.12,-298.58,-386.3,464.91,False,False,nan,True,0.9738,66.3,99.09,True,0,NORMAL,1,0.97,0,871.8,42.2,41.5,0.13,17,54,23,30,60,1.0001889821428749,0.17320508075688776
2026-08-31T23:00:04.267,128443515,P042,rhythm_normal,NORMAL,,,,1566,463105,103960,116173,104038.52,116179.45,-78.52,-6.45,-291.34,461.44,False,False,nan,True,0.9738,66.3,99.09,True,0,NORMAL,1,0.97,0,871.8,42.2,41.5,0.13,17,54,23,30,60,1.0001889821428749,0.17320508075688776
2026-08-31T23:00:04.279,128443531,P042,rhythm_normal,NORMAL,,,,1567,463145,104076,116465,104039.27,116185.16,36.73,279.84,-148.54,455.18,False,False,nan,True,0.9738,66.3,99.09,True,0,NORMAL,1,0.97,0,871.8,42.2,41.5,0.13,17,54,23,30,60,1.0001889821428749,0.17320508075688776
2026-08-31T23:00:04.308,128443562,P042,rhythm_normal,NORMAL,,,,1568,463185,104177,116707,104042.02,116195.59,134.98,511.41,16.44,446.4,False,False,nan,True,0.9738,66.3,99.09,True,0,NORMAL,1,0.97,0,871.8,42.2,41.5,0.13,17,54,23,30,60,1.0001889821428749,0.17320508075688776
2026-08-31T23:00:04.327,128443578,P042,rhythm_normal,NORMAL,,,,1569,463225,104240,116874,104045.98,116209.16,194.02,664.84,178.54,441.05,False,False,nan,True,0.9738,66.3,99.09,True,0,NORMAL,1,0.97,0,871.8,42.2,41.5,0.13,17,54,23,30,60,1.0001889821428749,0.17320508075688776
2026-08-31T23:00:04.461,128443718,P042,rhythm_normal,NORMAL,,,,1570,463265,104278,116985,104050.62,116224.68,227.38,760.32,323.99,438.7,False,False,nan,True,0.9738,66.3,99.09,True,0,NORMAL,1,0.97,0,871.8,42.2,41.5,0.13,17,54,23,30,60,0.9997654724984255,0.17320508075688776
2026-08-31T23:00:04.490,128443734,P042,rhythm_normal,NORMAL,,,,1571,463305,104307,117052,104055.75,116241.23,251.25,810.77,445.68,438.84,False,False,nan,True,0.9738,66.3,99.09,True,0,NORMAL,1,0.97,0,871.8,42.2,41.5,0.13,17,54,23,30,60,0.9997654724984255,0.17320508075688776
2026-08-31T23:00:04.499,128443750,P042,rhythm_normal,NORMAL,,,,1572,463345,104318,117110,104060.99,116258.6,257.01,851.4,547.11,441.01,False,False,nan,True,0.9738,66.3,99.09,True,0,NORMAL,1,0.97,0,871.8,42.2,41.5,0.13,17,54,23,30,60,0.9997654724984255,0.17320508075688776
2026-08-31T23:00:04.512,128443765,P042,rhythm_normal,NORMAL,,,,1573,463385,104366,117221,104067.09,116277.85,298.91,943.15,646.12,445.11,False,False,nan,True,0.9738,66.3,99.09,True,0,NORMAL,1,0.97,0,871.8,42.2,41.5,0.13,17,54,23,30,60,0.9997654724984255,0.17320508075688776
2026-08-31T23:00:04.527,128443781,P042,rhythm_normal,NORMAL,,,,1574,463425,104422,117385,104074.2,116299.99,347.8,1085.01,755.84,451.33,False,False,nan,True,0.9738,66.3,99.09,True,0,NORMAL,1,0.97,0,871.8,42.2,41.5,0.13,17,54,23,30,60,0.9997654724984255,0.17320508075688776
2026-08-31T23:00:04.661,128443906,P042,rhythm_normal,NORMAL,,,,1575,463465,104495,117574,104082.61,116325.47,412.39,1248.53,879.01,459.88,False,False,nan,True,0.9738,66.3,99.09,True,0,NORMAL,1,0.97,0,871.8,42.2,41.5,0.13,17,54,23,30,60,0.9997654724984255,0.17320508075688776
2026-08-31T23:00:04.672,128443921,P042,rhythm_normal,NORMAL,,,,1576,463505,104508,117584,104091.12,116350.64,416.88,1233.36,967.6,470.03,False,False,nan,True,0.9738,66.3,99.09,True,0,NORMAL,1,0.97,0,871.8,42.2,41.5,0.13,17,54,23,30,60,0.9997654724984255,0.17320508075688776
2026-08-31T23:00:04.709,128443953,P042,rhythm_normal,NORMAL,,,,1577,463545,104027,116341,104089.84,116350.45,-62.84,-9.45,723.34,475.1,True,True,880.0,True,0.9748,67.8,99.09,True,0,NORMAL,1,0.97,0,871.8,42.2,41.5,0.13,17,54,23,30,60,0.9997654724984255,0.17320508075688776
2026-08-31T23:00:04.729,128443984,P042,rhythm_normal,NORMAL,,,,1578,463585,103569,115210,104079.42,116327.63,-510.42,-1117.63,263.1,470.86,False,False,nan,True,0.9748,67.8,99.09,True,0,NORMAL,1,0.97,0,871.8,42.2,41.5,0.13,17,54,23,30,60,0.9997654724984255,0.17320508075688776
2026-08-31T23:00:04.746,128444000,P042,rhythm_normal,NORMAL,,,,1579,463625,103530,115140,104068.43,116303.88,-538.43,-1163.88,-93.65,463.32,False,False,nan,True,0.9748,67.8,99.09,True,0,NORMAL,1,0.97,0,871.8,42.2,41.5,0.13,17,54,23,30,60,0.9997654724984255,0.17320508075688776
2026-08-31T23:00:04.862,128444109,P042,rhythm_normal,NORMAL,,,,1580,463665,103597,115300,104059.0,116283.8,-462.0,-983.8,-316.19,460.37,False,False,nan,True,0.9748,67.8,99.09,True,0,NORMAL,1,0.97,0,871.8,42.2,41.5,0.13,17,54,23,30,60,1.0001889821428749,0.17320508075688776
2026-08-31T23:00:04.874,128444125,P042,rhythm_normal,NORMAL,,,,1581,463715,103645,115400,104050.72,116266.12,-405.72,-866.12,-453.67,460.24,False,False,nan,True,0.9748,67.8,99.09,True,0,NORMAL,1,0.97,0,871.8,42.2,41.5,0.13,17,54,23,30,60,1.0001889821428749,0.17320508075688776
2026-08-31T23:00:04.883,128444140,P042,rhythm_normal,NORMAL,,,,1582,463745,103673,115453,104043.16,116249.86,-370.16,-796.86,-539.47,461.82,False,False,nan,True,0.9748,67.8,99.09,True,0,NORMAL,1,0.97,0,871.8,42.2,41.5,0.13,17,54,23,30,60,1.0001889821428749,0.17320508075688776
2026-08-31T23:00:04.898,128444156,P042,rhythm_normal,NORMAL,,,,1583,463785,103742,115661,104037.14,116238.09,-295.14,-577.09,-548.87,463.57,False,False,nan,True,0.9748,67.8,99.09,True,0,NORMAL,1,0.97,0,871.8,42.2,41.5,0.13,17,54,23,30,60,1.0001889821428749,0.17320508075688776
2026-08-31T23:00:04.934,128444187,P042,rhythm_normal,NORMAL,,,,1584,463835,103735,115588,104031.1,116225.09,-296.1,-637.09,-570.93,465.71,False,False,nan,True,0.9748,67.8,99.09,True,0,NORMAL,1,0.97,0,871.8,42.2,41.5,0.13,17,54,23,30,60,1.0001889821428749,0.17320508075688776
2026-08-31T23:00:05.052,128444296,P042,rhythm_normal,NORMAL,,,,1585,463875,103680,115471,104024.08,116210.01,-344.08,-739.01,-612.95,468.66,False,False,nan,True,0.9748,67.8,99.09,True,0,NORMAL,1,0.97,0,871.8,42.2,41.5,0.13,17,54,23,30,60,0.999310262130836,0.24494897427831783
2026-08-31T23:00:05.085,128444328,P042,rhythm_normal,NORMAL,,,,1586,463915,103688,115532,104017.36,116196.45,-329.36,-664.45,-625.82,471.8,False,False,nan,True,0.9748,67.8,99.09,True,0,NORMAL,1,0.97,0,871.8,42.2,41.5,0.13,17,54,23,30,60,0.999310262130836,0.24494897427831783
2026-08-31T23:00:05.099,128444343,P042,rhythm_normal,NORMAL,,,,1587,463955,103775,115748,104012.52,116187.48,-237.52,-439.48,-579.24,473.95,False,False,nan,True,0.9748,67.8,99.09,True,0,NORMAL,1,0.97,0,871.8,42.2,41.5,0.13,17,54,23,30,60,0.999310262130836,0.24494897427831783
2026-08-31T23:00:05.109,128444359,P042,rhythm_normal,NORMAL,,,,1588,463995,103873,116010,104009.73,116183.93,-136.73,-173.93,-477.91,474.03,False,False,nan,True,0.9748,67.8,99.09,True,0,NORMAL,1,0.97,0,871.8,42.2,41.5,0.13,17,54,23,30,60,0.999310262130836,0.24494897427831783
2026-08-31T23:00:05.128,128444375,P042,rhythm_normal,NORMAL,,,,1589,464035,103987,116304,104009.27,116186.33,-22.27,117.67,-329.01,471.13,False,False,nan,True,0.9748,67.8,99.09,True,0,NORMAL,1,0.97,0,871.8,42.2,41.5,0.13,17,54,23,30,60,0.999310262130836,0.24494897427831783
2026-08-31T23:00:05.255,128444500,P042,rhythm_normal,NORMAL,,,,1590,464075,104063,116504,104010.35,116192.68,52.65,311.32,-168.93,465.08,False,False,nan,True,0.9748,67.8,99.09,True,0,NORMAL,1,0.97,0,871.8,42.2,41.5,0.13,17,54,23,30,60,0.9997654724984255,0.17320508075688776
2026-08-31T23:00:05.272,128444515,P042,rhythm_normal,NORMAL,,,,1591,464115,104112,116569,104012.38,116200.2,99.62,368.8,-34.5,456.47,False,False,nan,True,0.9748,67.8,99.09,True,0,NORMAL,1,0.97,0,871.8,42.2,41.5,0.13,17,54,23,30,60,0.9997654724984255,0.17320508075688776
2026-08-31T23:00:05.301,128444546,P042,rhythm_normal,NORMAL,,,,1592,464155,104148,116658,104015.09,116209.36,132.91,448.64,86.29,449.07,False,False,nan,True,0.9748,67.8,99.09,True,0,NORMAL,1,0.97,0,871.8,42.2,41.5,0.13,17,54,23,30,60,0.9997654724984255,0.17320508075688776
2026-08-31T23:00:05.309,128444562,P042,rhythm_normal,NORMAL,,,,1593,464195,104172,116754,104018.23,116220.25,153.77,533.75,198.15,444.05,False,False,nan,True,0.9748,67.8,99.09,True,0,NORMAL,1,0.97,0,871.8,42.2,41.5,0.13,17,54,23,30,60,0.9997654724984255,0.17320508075688776
2026-08-31T23:00:05.323,128444578,P042,rhythm_normal,NORMAL,,,,1594,464235,104202,116823,104021.91,116232.3,180.09,590.7,296.29,441.1,False,False,nan,True,0.9748,67.8,99.09,True,0,NORMAL,1,0.97,0,871.8,42.2,41.5,0.13,17,54,23,30,60,0.9997654724984255,0.17320508075688776
2026-08-31T23:00:05.454,128444703,P042,rhythm_normal,NORMAL,,,,1595,464275,104239,116924,104026.25,116246.14,212.75,677.86,391.68,440.11,False,False,nan,True,0.9748,67.8,99.09,True,0,NORMAL,1,0.98,0,885.9,32.6,35.0,0.06,17,65,24,30,60,0.9997654724984255,0.17320508075688776
2026-08-31T23:00:05.482,128444734,P042,rhythm_normal,NORMAL,,,,1596,464315,104301,117100,104031.74,116263.22,269.26,836.78,502.96,441.36,False,False,nan,True,0.9748,67.8,99.09,True,0,NORMAL,1,0.98,0,885.9,32.6,35.0,0.06,17,65,24,30,60,0.9997654724984255,0.17320508075688776
2026-08-31T23:00:05.490,128444734,P042,rhythm_normal,NORMAL,,,,1597,464355,104365,117356,104038.41,116285.08,326.59,1070.92,644.95,445.44,False,False,nan,True,0.9748,67.8,99.09,True,0,NORMAL,1,0.98,0,885.9,32.6,35.0,0.06,17,65,24,30,60,0.9997654724984255,0.17320508075688776
2026-08-31T23:00:05.503,128444750,P042,rhythm_normal,NORMAL,,,,1598,464395,104413,117395,104045.9,116307.27,367.1,1087.73,755.64,451.64,False,False,nan,True,0.9748,67.8,99.09,True,0,NORMAL,1,0.98,0,885.9,32.6,35.0,0.06,17,65,24,30,60,0.9997654724984255,0.17320508075688776
2026-08-31T23:00:05.537,128444781,P042,rhythm_normal,NORMAL,,,,1599,464435,103978,116393,104044.54,116308.98,-66.54,84.02,587.74,454.36,True,True,890.0,True,0.9748,67.8,99.09,True,0,NORMAL,1,0.98,0,885.9,32.6,35.0,0.06,17,65,24,30,60,0.9997654724984255,0.17320508075688776
2026-08-31T23:00:05.662,128444906,P042,rhythm_normal,NORMAL,,,,1600,464475,103517,115228,104033.99,116287.37,-516.99,-1059.37,175.96,448.79,False,False,nan,True,0.9748,67.8,99.09,True,0,NORMAL,1,0.98,0,885.9,32.6,35.0,0.06,17,65,24,30,60,0.9997654724984255,0.17320508075688776
2026-08-31T23:00:05.675,128444921,P042,rhythm_normal,NORMAL,,,,1601,464515,103442,115078,104022.16,116263.18,-580.16,-1185.18,-164.33,443.1,False,False,nan,True,0.9748,67.8,99.09,True,0,NORMAL,1,0.98,0,885.9,32.6,35.0,0.06,17,65,24,30,60,0.9997654724984255,0.17320508075688776
2026-08-31T23:00:05.683,128444937,P042,rhythm_normal,NORMAL,,,,1602,464555,103492,115234,104011.55,116242.59,-519.55,-1008.59,-375.39,441.75,False,False,nan,True,0.9748,67.8,99.09,True,0,NORMAL,1,0.98,0,885.9,32.6,35.0,0.06,17,65,24,30,60,0.9997654724984255,0.17320508075688776
2026-08-31T23:00:05.713,128444968,P042,rhythm_normal,NORMAL,,,,1603,464595,103565,115348,104002.62,116224.7,-437.62,-876.7,-500.72,442.93,False,False,nan,True,0.9748,67.8,99.09,True,0,NORMAL,1,0.98,0,885.9,32.6,35.0,0.06,17,65,24,30,60,0.9997654724984255,0.17320508075688776
2026-08-31T23:00:05.730,128444984,P042,rhythm_normal,NORMAL,,,,1604,464635,103537,115368,103993.31,116207.57,-456.31,-839.57,-585.43,445.78,False,False,nan,True,0.9748,67.8,99.09,True,0,NORMAL,1,0.98,0,885.9,32.6,35.0,0.06,17,65,24,30,60,0.9997654724984255,0.17320508075688776
2026-08-31T23:00:05.862,128445109,P042,rhythm_normal,NORMAL,,,,1605,464675,103613,115519,103985.7,116193.8,-372.7,-674.8,-607.77,449.02,False,False,nan,True,0.9748,67.8,99.09,True,0,NORMAL,1,0.98,0,885.9,32.6,35.0,0.06,17,65,24,30,60,1.0001889821428749,0.17320508075688776
2026-08-31T23:00:05.877,128445125,P042,rhythm_normal,NORMAL,,,,1606,464715,103603,115560,103978.05,116181.12,-375.05,-621.12,-611.11,452.26,False,False,nan,True,0.9748,67.8,99.09,True,0,NORMAL,1,0.98,0,885.9,32.6,35.0,0.06,17,65,24,30,60,1.0001889821428749,0.17320508075688776
2026-08-31T23:00:05.909,128445156,P042,rhythm_normal,NORMAL,,,,1607,464755,103563,115447,103969.74,116166.44,-406.74,-719.44,-638.19,455.98,False,False,nan,True,0.9748,67.8,99.09,True,0,NORMAL,1,0.98,0,885.9,32.6,35.0,0.06,17,65,24,30,60,1.0001889821428749,0.17320508075688776
2026-08-31T23:00:05.922,128445171,P042,rhythm_normal,NORMAL,,,,1608,464795,103557,115427,103961.48,116151.65,-404.48,-724.65,-659.81,460.06,False,False,nan,True,0.9748,67.8,99.09,True,0,NORMAL,1,0.98,0,885.9,32.6,35.0,0.06,17,65,24,30,60,1.0001889821428749,0.17320508075688776
2026-08-31T23:00:05.941,128445187,P042,rhythm_normal,NORMAL,,,,1609,464835,103668,115654,103955.62,116141.7,-287.62,-487.7,-616.78,463.19,False,False,nan,True,0.9748,67.8,99.09,True,0,NORMAL,1,0.98,0,885.9,32.6,35.0,0.06,17,65,24,30,60,1.0001889821428749,0.17320508075688776
2026-08-31T23:00:06.049,128445296,P042,rhythm_normal,NORMAL,,,,1610,464875,103783,115929,103952.16,116137.45,-169.16,-208.45,-514.69,464.22,False,False,nan,True,0.9748,67.8,99.09,True,0,NORMAL,1,0.98,0,885.9,32.6,35.0,0.06,17,65,24,30,60,0.9997654724984255,0.17320508075688776
2026-08-31T23:00:06.062,128445312,P042,rhythm_normal,NORMAL,,,,1611,464915,103876,116152,103950.64,116137.73,-74.64,14.27,-382.45,462.59,False,False,nan,True,0.9748,67.8,99.09,True,0,NORMAL,1,0.98,0,885.9,32.6,35.0,0.06,17,65,24,30,60,0.9997654724984255,0.17320508075688776
2026-08-31T23:00:06.095,128445343,P042,rhythm_normal,NORMAL,,,,1612,464955,103936,116343,103950.35,116141.84,-14.35,201.16,-236.55,458.06,False,False,nan,True,0.9748,67.8,99.09,True,0,NORMAL,1,0.98,0,885.9,32.6,35.0,0.06,17,65,24,30,60,0.9997654724984255,0.17320508075688776
2026-08-31T23:00:06.105,128445359,P042,rhythm_normal,NORMAL,,,,1613,464995,104021,116518,103951.77,116149.36,69.23,368.64,-85.25,450.61,False,False,nan,True,0.9748,67.8,99.09,True,0,NORMAL,1,0.98,0,885.9,32.6,35.0,0.06,17,65,24,30,60,0.9997654724984255,0.17320508075688776
2026-08-31T23:00:06.117,128445375,P042,rhythm_normal,NORMAL,,,,1614,465035,104056,116625,103953.85,116158.88,102.15,466.12,52.59,442.65,False,False,nan,True,0.9748,67.8,99.09,True,0,NORMAL,1,0.98,0,885.9,32.6,35.0,0.06,17,65,24,30,60,0.9997654724984255,0.17320508075688776
2026-08-31T23:00:06.253,128445500,P042,rhythm_normal,NORMAL,,,,1615,465075,104080,116737,103956.38,116170.44,123.62,566.56,181.08,437.42,False,False,nan,True,0.9748,67.8,99.09,True,0,NORMAL,1,0.98,0,885.9,32.6,35.0,0.06,17,65,24,30,60,0.9997654724984255,0.24494897427831783
2026-08-31T23:00:06.269,128445515,P042,rhythm_normal,NORMAL,,,,1616,465115,104128,116793,103959.8,116182.89,168.2,610.11,288.34,434.44,False,False,nan,True,0.9748,67.8,99.09,True,0,NORMAL,1,0.98,0,885.9,32.6,35.0,0.06,17,65,24,30,60,0.9997654724984255,0.24494897427831783
2026-08-31T23:00:06.300,128445546,P042,rhythm_normal,NORMAL,,,,1617,465155,104198,116960,103964.57,116198.43,233.43,761.57,406.65,433.88,False,False,nan,True,0.9748,67.8,99.09,True,0,NORMAL,1,0.98,0,885.9,32.6,35.0,0.06,17,65,24,30,60,0.9997654724984255,0.24494897427831783
2026-08-31T23:00:06.309,128445562,P042,rhythm_normal,NORMAL,,,,1618,465195,104264,117085,103970.56,116216.16,293.44,868.84,522.2,435.65,False,False,nan,True,0.9748,67.8,99.09,True,0,NORMAL,1,0.98,0,885.9,32.6,35.0,0.06,17,65,24,30,60,0.9997654724984255,0.24494897427831783
2026-08-31T23:00:06.324,128445578,P042,rhythm_normal,NORMAL,,,,1619,465235,104334,117316,103977.83,116238.16,356.17,1077.84,661.11,440.16,False,False,nan,True,0.9748,67.8,99.09,True,0,NORMAL,1,0.98,0,885.9,32.6,35.0,0.06,17,65,24,30,60,0.9997654724984255,0.24494897427831783
2026-08-31T23:00:06.449,128445703,P042,rhythm_normal,NORMAL,,,,1620,465275,104380,117437,103985.88,116262.14,394.12,1174.86,789.54,447.14,False,False,nan,True,0.9748,67.8,99.09,True,0,NORMAL,1,0.98,0,885.9,32.6,35.0,0.06,17,65,24,30,60,0.9997654724984255,0.17320508075688776
2026-08-31T23:00:06.467,128445718,P042,rhythm_normal,NORMAL,,,,1621,465315,104116,116709,103988.48,116271.08,127.52,437.92,701.64,452.23,True,True,880.0,True,0.9821,67.8,99.09,True,0,NORMAL,1,0.98,0,885.9,32.6,35.0,0.06,17,65,24,30,60,0.9997654724984255,0.17320508075688776
2026-08-31T23:00:06.492,128445750,P042,rhythm_normal,NORMAL,,,,1622,465355,103600,115431,103980.71,116254.27,-380.71,-823.27,320.41,449.6,False,False,nan,True,0.9821,67.8,99.09,True,0,NORMAL,1,0.98,0,885.9,32.6,35.0,0.06,17,65,24,30,60,0.9997654724984255,0.17320508075688776
2026-08-31T23:00:06.504,128445750,P042,rhythm_normal,NORMAL,,,,1623,465395,103477,115213,103970.64,116233.45,-493.64,-1020.45,-14.8,440.9,False,False,nan,True,0.9821,67.8,99.09,True,0,NORMAL,1,0.98,0,885.9,32.6,35.0,0.06,17,65,24,30,60,0.9997654724984255,0.17320508075688776
2026-08-31T23:00:06.515,128445765,P042,rhythm_normal,NORMAL,,,,1624,465435,103581,115362,103962.85,116216.02,-381.85,-854.02,-224.61,436.57,False,False,nan,True,0.9821,67.8,99.09,True,0,NORMAL,1,0.98,0,885.9,32.6,35.0,0.06,17,65,24,30,60,0.9997654724984255,0.17320508075688776
2026-08-31T23:00:06.656,128445906,P042,rhythm_normal,NORMAL,,,,1625,465475,103595,115463,103955.49,116200.95,-360.49,-737.95,-352.94,434.9,False,False,nan,True,0.9821,67.8,99.09,True,0,NORMAL,1,0.98,0,885.9,32.6,35.0,0.06,17,65,24,30,60,0.9986676123716038,0.24494897427831783
2026-08-31T23:00:06.667,128445921,P042,rhythm_normal,NORMAL,,,,1626,465515,103631,115556,103949.0,116188.05,-318.0,-632.05,-422.72,434.66,False,False,nan,True,0.9821,67.8,99.09,True,0,NORMAL,1,0.98,0,885.9,32.6,35.0,0.06,17,65,24,30,60,0.9986676123716038,0.24494897427831783
2026-08-31T23:00:06.700,128445953,P042,rhythm_normal,NORMAL,,,,1627,465555,103695,115719,103943.92,116178.67,-248.92,-459.67,-431.96,434.6,False,False,nan,True,0.9821,67.8,99.09,True,0,NORMAL,1,0.98,0,885.9,32.6,35.0,0.06,17,65,24,30,60,0.9986676123716038,0.24494897427831783
2026-08-31T23:00:06.709,128445953,P042,rhythm_normal,NORMAL,,,,1628,465595,103677,115739,103938.59,116169.88,-261.59,-430.88,-431.69,434.55,False,False,nan,True,0.9821,67.8,99.09,True,0,NORMAL,1,0.98,0,885.9,32.6,35.0,0.06,17,65,24,30,60,0.9986676123716038,0.24494897427831783
2026-08-31T23:00:06.724,128445968,P042,rhythm_normal,NORMAL,,,,1629,465635,103637,115561,103932.55,116157.7,-295.55,-596.7,-472.94,435.31,False,False,nan,True,0.9821,67.8,99.09,True,0,NORMAL,1,0.98,0,885.9,32.6,35.0,0.06,17,65,24,30,60,0.9986676123716038,0.24494897427831783
2026-08-31T23:00:06.890,128446140,P042,rhythm_normal,NORMAL,,,,1630,465675,103601,115533,103925.92,116145.2,-324.92,-612.2,-507.76,436.76,False,False,nan,True,0.9821,67.8,99.09,True,0,NORMAL,1,0.98,0,885.9,32.6,35.0,0.06,17,65,24,30,60,0.9990240237351652,0.1
2026-08-31T23:00:06.901,128446156,P042,rhythm_normal,NORMAL,,,,1631,465715,103700,115706,103921.41,116136.42,-221.41,-430.42,-488.42,437.8,False,False,nan,True,0.9821,67.8,99.09,True,0,NORMAL,1,0.98,0,885.9,32.6,35.0,0.06,17,65,24,30,60,0.9990240237351652,0.1
2026-08-31T23:00:06.910,128446156,P042,rhythm_normal,NORMAL,,,,1632,465755,103769,115924,103918.36,116132.17,-149.36,-208.17,-418.36,437.41,False,False,nan,True,0.9821,67.8,99.09,True,0,NORMAL,1,0.98,0,885.9,32.6,35.0,0.06,17,65,24,30,60,0.9990240237351652,0.1
2026-08-31T23:00:06.918,128446171,P042,rhythm_normal,NORMAL,,,,1633,465795,103885,116145,103917.7,116132.43,-32.7,12.57,-310.63,434.87,False,False,nan,True,0.9821,67.8,99.09,True,0,NORMAL,1,0.98,0,885.9,32.6,35.0,0.06,17,65,24,30,60,0.9990240237351652,0.1
2026-08-31T23:00:06.949,128446203,P042,rhythm_normal,NORMAL,,,,1634,465835,103880,116318,103916.95,116136.14,-36.95,181.86,-187.51,429.92,False,False,nan,True,0.9821,67.8,99.09,True,0,NORMAL,1,0.98,0,885.9,32.6,35.0,0.06,17,65,24,30,60,0.9990240237351652,0.1
2026-08-31T23:00:07.064,128446312,P042,rhythm_normal,NORMAL,,,,1635,465875,103971,116454,103918.02,116142.5,52.98,311.5,-62.75,422.58,False,False,nan,True,0.9821,67.8,99.09,True,0,NORMAL,1,0.98,0,885.9,32.6,35.0,0.06,17,65,24,30,60,0.9999704995648622,0.17320508075688776
2026-08-31T23:00:07.079,128446328,P042,rhythm_normal,NORMAL,,,,1636,465915,103969,116551,103919.04,116150.67,49.96,400.33,53.02,415.19,False,False,nan,True,0.9821,67.8,99.09,True,0,NORMAL,1,0.98,0,885.9,32.6,35.0,0.06,17,65,24,30,60,0.9999704995648622,0.17320508075688776
2026-08-31T23:00:07.095,128446343,P042,rhythm_normal,NORMAL,,,,1637,465955,104049,116606,103921.64,116159.78,127.36,446.22,151.32,409.91,False,False,nan,True,0.9821,67.8,99.09,True,0,NORMAL,1,0.98,0,885.9,32.6,35.0,0.06,17,65,24,30,60,0.9999704995648622,0.17320508075688776
2026-08-31T23:00:07.104,128446359,P042,rhythm_normal,NORMAL,,,,1638,465995,104059,116669,103924.39,116169.97,134.61,499.03,238.25,406.48,False,False,nan,True,0.9821,67.8,99.09,True,0,NORMAL,1,0.98,0,885.9,32.6,35.0,0.06,17,65,24,30,60,0.9999704995648622,0.17320508075688776
2026-08-31T23:00:07.145,128446390,P042,rhythm_normal,NORMAL,,,,1639,466035,104109,116794,103928.09,116182.45,180.91,611.55,331.57,404.98,False,False,nan,True,0.9821,67.8,99.09,True,0,NORMAL,1,0.98,0,885.9,32.6,35.0,0.06,17,65,24,30,60,0.9999704995648622,0.17320508075688776
2026-08-31T23:00:07.259,128446515,P042,rhythm_normal,NORMAL,,,,1640,466075,104189,117008,103933.3,116198.96,255.7,809.04,450.94,405.9,False,False,nan,True,0.9821,67.8,99.09,True,0,NORMAL,1,0.98,0,885.9,32.6,35.0,0.06,17,65,24,30,60,0.9999704995648622,0.17320508075688776
2026-08-31T23:00:07.266,128446515,P042,rhythm_normal,NORMAL,,,,1641,466115,104227,117167,103939.18,116218.32,287.82,948.68,575.37,409.29,False,False,nan,True,0.9821,67.8,99.09,True,0,NORMAL,1,0.98,0,885.9,32.6,35.0,0.06,17,65,24,30,60,0.9999704995648622,0.17320508075688776
2026-08-31T23:00:07.297,128446546,P042,rhythm_normal,NORMAL,,,,1642,466155,104013,116619,103940.66,116226.34,72.34,392.66,529.7,411.7,True,True,840.0,True,0.9768,68.18,99.09,True,0,NORMAL,1,0.98,0,885.9,32.6,35.0,0.06,17,65,24,30,60,0.9999704995648622,0.17320508075688776
2026-08-31T23:00:07.311,128446562,P042,rhythm_normal,NORMAL,,,,1643,466195,103584,115464,103933.52,116211.09,-349.52,-747.09,210.5,407.67,False,False,nan,True,0.9768,68.18,99.09,True,0,NORMAL,1,0.98,0,885.9,32.6,35.0,0.06,17,65,24,30,60,0.9999704995648622,0.17320508075688776
2026-08-31T23:00:07.328,128446578,P042,rhythm_normal,NORMAL,,,,1644,466235,103471,115228,103924.27,116191.42,-453.27,-963.42,-82.98,401.18,False,False,nan,True,0.9768,68.18,99.09,True,0,NORMAL,1,0.98,0,885.9,32.6,35.0,0.06,17,65,24,30,60,0.9999704995648622,0.17320508075688776
2026-08-31T23:00:07.449,128446703,P042,rhythm_normal,NORMAL,,,,1645,466275,103546,115408,103916.71,116175.75,-370.71,-767.75,-254.17,398.24,False,False,nan,True,0.9768,68.18,99.09,True,0,NORMAL,1,0.98,0,885.9,32.6,35.0,0.06,17,65,24,30,60,0.999310262130836,0.17320508075688776
2026-08-31T23:00:07.458,128446703,P042,rhythm_normal,NORMAL,,,,1646,466315,103638,115635,103911.14,116164.94,-273.14,-529.94,-323.11,396.74,False,False,nan,True,0.9768,68.18,99.09,True,0,NORMAL,1,0.98,0,885.9,32.6,35.0,0.06,17,65,24,30,60,0.999310262130836,0.17320508075688776
2026-08-31T23:00:07.488,128446734,P042,rhythm_normal,NORMAL,,,,1647,466355,103688,115815,103906.68,116157.94,-218.68,-342.94,-328.07,395.36,False,False,nan,True,0.9768,68.18,99.09,True,0,NORMAL,1,0.98,0,885.9,32.6,35.0,0.06,17,65,24,30,60,0.999310262130836,0.17320508075688776
2026-08-31T23:00:07.500,128446750,P042,rhythm_normal,NORMAL,,,,1648,466395,103776,116047,103904.06,116155.72,-128.06,-108.72,-273.23,392.92,False,False,nan,True,0.9768,68.18,99.09,True,0,NORMAL,1,0.98,0,885.9,32.6,35.0,0.06,17,65,24,30,60,0.999310262130836,0.17320508075688776
2026-08-31T23:00:07.532,128446781,P042,rhythm_normal,NORMAL,,,,1649,466435,103753,115977,103901.04,116152.14,-148.04,-175.14,-248.71,390.04,False,False,nan,True,0.9768,68.18,99.09,True,0,NORMAL,1,0.98,0,885.9,32.6,35.0,0.06,17,65,24,30,60,0.999310262130836,0.17320508075688776
2026-08-31T23:00:07.653,128446906,P042,rhythm_normal,NORMAL,,,,1650,466475,103662,115758,103896.26,116144.26,-234.26,-386.26,-283.1,387.9,False,False,nan,True,0.9768,68.18,99.09,True,0,NORMAL,1,0.98,0,885.9,32.6,35.0,0.06,17,65,24,30,60,1.0001889821428749,0.17320508075688776
2026-08-31T23:00:07.667,128446921,P042,rhythm_normal,NORMAL,,,,1651,466515,103650,115725,103891.34,116135.88,-241.34,-410.88,-315.04,386.44,False,False,nan,True,0.9768,68.18,99.09,True,0,NORMAL,1,0.98,0,885.9,32.6,35.0,0.06,17,65,24,30,60,1.0001889821428749,0.17320508075688776
2026-08-31T23:00:07.697,128446953,P042,rhythm_normal,NORMAL,,,,1652,466555,103737,115943,103888.25,116132.02,-151.25,-189.02,-283.53,384.38,False,False,nan,True,0.9768,68.18,99.09,True,0,NORMAL,1,0.98,0,885.9,32.6,35.0,0.06,17,65,24,30,60,1.0001889821428749,0.17320508075688776
2026-08-31T23:00:07.709,128446953,P042,rhythm_normal,NORMAL,,,,1653,466595,103848,116241,103887.45,116134.2,-39.45,106.8,-185.95,380.41,False,False,nan,True,0.9768,68.18,99.09,True,0,NORMAL,1,0.98,0,885.9,32.6,35.0,0.06,17,65,24,30,60,1.0001889821428749,0.17320508075688776
2026-08-31T23:00:07.719,128446968,P042,rhythm_normal,NORMAL,,,,1654,466635,103941,116471,103888.52,116140.93,52.48,330.07,-56.94,373.94,False,False,nan,True,0.9768,68.18,99.09,True,0,NORMAL,1,0.98,0,885.9,32.6,35.0,0.06,17,65,24,30,60,1.0001889821428749,0.17320508075688776
2026-08-31T23:00:07.853,128447109,P042,rhythm_normal,NORMAL,,,,1655,466675,104017,116656,103891.09,116151.23,125.91,504.77,83.48,368.14,False,False,nan,True,0.9768,68.18,99.09,True,0,NORMAL,1,0.98,0,885.9,32.6,35.0,0.06,17,65,24,30,60,0.9999704995648622,0.17320508075688776
2026-08-31T23:00:07.868,128447125,P042,rhythm_normal,NORMAL,,,,1656,466715,104068,116801,103894.62,116164.23,173.38,636.77,221.81,365.21,False,False,nan,True,0.9768,68.18,99.09,True,0,NORMAL,1,0.98,0,885.9,32.6,35.0,0.06,17,65,24,30,60,0.9999704995648622,0.17320508075688776
2026-08-31T23:00:07.901,128447156,P042,rhythm_normal,NORMAL,,,,1657,466755,104098,116862,103898.7,116178.18,199.3,683.82,337.31,364.65,False,False,nan,True,0.9768,68.18,99.09,True,0,NORMAL,1,0.98,0,885.9,32.6,35.0,0.06,17,65,24,30,60,0.9999704995648622,0.17320508075688776
2026-08-31T23:00:07.910,128447156,P042,rhythm_normal,NORMAL,,,,1658,466795,104122,116937,103903.16,116193.36,218.84,743.64,438.89,366.14,False,False,nan,True,0.9768,68.18,99.09,True,0,NORMAL,1,0.98,0,885.9,32.6,35.0,0.06,17,65,24,30,60,0.9999704995648622,0.17320508075688776
2026-08-31T23:00:07.928,128447171,P042,rhythm_normal,NORMAL,,,,1659,466835,104149,117002,103908.08,116209.53,240.92,792.47,527.29,369.36,False,False,nan,True,0.9768,68.18,99.09,True,0,NORMAL,1,0.98,0,885.9,32.6,35.0,0.06,17,65,24,30,60,0.9999704995648622,0.17320508075688776
2026-08-31T23:00:08.053,128447296,P042,rhythm_normal,NORMAL,,,,1660,466875,104198,117134,103913.88,116228.02,284.12,905.98,621.96,374.41,False,False,nan,True,0.9768,68.18,99.09,True,0,NORMAL,1,0.98,0,885.9,32.6,35.0,0.06,17,65,24,30,60,0.9999704995648622,0.17320508075688776
2026-08-31T23:00:08.068,128447312,P042,rhythm_normal,NORMAL,,,,1661,466915,104265,117319,103920.9,116249.84,344.1,1069.16,733.76,381.6,False,False,nan,True,0.9768,68.18,98.1,True,0,NORMAL,1,0.98,0,885.9,32.6,35.0,0.06,17,65,24,30,60,0.9999704995648622,0.17320508075688776
2026-08-31T23:00:08.098,128447343,P042,rhythm_normal,NORMAL,,,,1662,466955,104271,117320,103927.9,116271.25,343.1,1048.75,812.51,390.22,False,False,nan,True,0.9768,68.18,98.1,True,0,NORMAL,1,0.98,0,885.9,32.6,35.0,0.06,17,65,24,30,60,0.9999704995648622,0.17320508075688776
2026-08-31T23:00:08.109,128447359,P042,rhythm_normal,NORMAL,,,,1663,466995,103841,116193,103926.16,116269.69,-85.16,-76.69,590.21,394.22,True,True,840.0,True,0.9761,68.18,98.1,True,0,NORMAL,1,0.98,0,885.9,32.6,35.0,0.06,17,65,24,30,60,0.9999704995648622,0.17320508075688776
2026-08-31T23:00:08.143,128447390,P042,rhythm_normal,NORMAL,,,,1664,467035,103438,115230,103916.4,116248.89,-478.4,-1018.89,187.93,390.09,False,False,nan,True,0.9761,68.18,98.1,True,0,NORMAL,1,0.98,0,885.9,32.6,35.0,0.06,17,65,24,30,60,0.9999704995648622,0.17320508075688776
2026-08-31T23:00:08.255,128447500,P042,rhythm_normal,NORMAL,,,,1665,467075,103413,115153,103906.33,116226.98,-493.33,-1073.98,-127.54,384.84,False,False,nan,True,0.9761,68.18,98.1,True,0,NORMAL,1,0.98,0,885.9,32.6,35.0,0.06,17,65,24,30,60,0.9999704995648622,0.17320508075688776
2026-08-31T23:00:08.266,128447515,P042,rhythm_normal,NORMAL,,,,1666,467115,103485,115337,103897.9,116209.18,-412.9,-872.18,-313.7,383.42,False,False,nan,True,0.9761,68.18,98.1,True,0,NORMAL,1,0.98,0,885.9,32.6,35.0,0.06,17,65,24,30,60,0.9999704995648622,0.17320508075688776
2026-08-31T23:00:08.278,128447531,P042,rhythm_normal,NORMAL,,,,1667,467155,103529,115456,103890.52,116194.12,-361.52,-738.12,-419.81,384.14,False,False,nan,True,0.9761,68.18,98.1,True,0,NORMAL,1,0.98,0,885.9,32.6,35.0,0.06,17,65,24,30,60,0.9999704995648622,0.17320508075688776
2026-08-31T23:00:08.312,128447562,P042,rhythm_normal,NORMAL,,,,1668,467195,103572,115556,103884.16,116181.35,-312.16,-625.35,-471.19,385.89,False,False,nan,True,0.9761,68.18,98.1,True,0,NORMAL,1,0.98,0,885.9,32.6,35.0,0.06,17,65,24,30,60,0.9999704995648622,0.17320508075688776
2026-08-31T23:00:08.326,128447578,P042,rhythm_normal,NORMAL,,,,1669,467235,103645,115724,103879.38,116172.2,-234.38,-448.2,-465.45,387.48,False,False,nan,True,0.9761,68.18,98.1,True,0,NORMAL,1,0.98,0,885.9,32.6,35.0,0.06,17,65,24,30,60,0.9999704995648622,0.17320508075688776
2026-08-31T23:00:08.450,128447703,P042,rhythm_normal,NORMAL,,,,1670,467275,103600,115639,103873.79,116161.54,-273.79,-522.54,-479.72,389.32,False,False,nan,True,0.9761,68.18,98.1,True,0,NORMAL,1,0.98,0,885.9,32.6,35.0,0.06,17,65,24,30,60,0.9999704995648622,0.17320508075688776
2026-08-31T23:00:08.481,128447734,P042,rhythm_normal,NORMAL,,,,1671,467315,103550,115507,103867.31,116148.45,-317.31,-641.45,-520.15,391.94,False,False,nan,True,0.9761,68.18,98.1,True,0,NORMAL,1,0.98,0,885.9,32.6,35.0,0.06,17,65,24,30,60,0.9999704995648622,0.17320508075688776
2026-08-31T23:00:08.494,128447750,P042,rhythm_normal,NORMAL,,,,1672,467355,103573,115588,103861.43,116137.23,-288.43,-549.23,-527.42,394.65,False,False,nan,True,0.9761,68.18,98.1,True,0,NORMAL,1,0.98,0,885.9,32.6,35.0,0.06,17,65,24,30,60,0.9999704995648622,0.17320508075688776
2026-08-31T23:00:08.503,128447750,P042,rhythm_normal,NORMAL,,,,1673,467395,103663,115827,103857.46,116131.03,-194.46,-304.03,-471.57,396.19,False,False,nan,True,0.9761,68.18,98.1,True,0,NORMAL,1,0.98,0,885.9,32.6,35.0,0.06,17,65,24,30,60,0.9999704995648622,0.17320508075688776
2026-08-31T23:00:08.535,128447781,P042,rhythm_normal,NORMAL,,,,1674,467435,103774,116112,103855.79,116130.65,-81.79,-18.65,-358.34,395.43,False,False,nan,True,0.9761,68.18,98.1,True,0,NORMAL,1,0.98,0,885.9,32.6,35.0,0.06,17,65,24,30,60,0.9999704995648622,0.17320508075688776
2026-08-31T23:00:08.649,128447906,P042,rhythm_normal,NORMAL,,,,1675,467475,103875,116365,103856.17,116135.34,18.83,229.66,-211.34,391.75,False,False,nan,True,0.9761,68.18,98.1,True,0,NORMAL,1,0.98,0,885.9,32.6,35.0,0.06,17,65,24,30,60,1.0001889821428749,0.24494897427831783
2026-08-31T23:00:08.677,128447921,P042,rhythm_normal,NORMAL,,,,1676,467515,103946,116559,103857.97,116143.81,88.03,415.19,-54.71,385.01,False,False,nan,True,0.9761,68.18,98.1,True,0,NORMAL,1,0.98,0,885.9,32.6,35.0,0.06,17,65,24,30,60,1.0001889821428749,0.24494897427831783
2026-08-31T23:00:08.709,128447953,P042,rhythm_normal,NORMAL,,,,1677,467555,103990,116659,103860.61,116154.12,129.39,504.88,85.19,379.01,False,False,nan,True,0.9761,68.18,98.1,True,0,NORMAL,1,0.98,0,885.9,32.6,35.0,0.06,17,65,24,30,60,1.0001889821428749,0.24494897427831783
2026-08-31T23:00:08.718,128447968,P042,rhythm_normal,NORMAL,,,,1678,467595,104005,116713,103863.5,116165.3,141.5,547.7,200.82,375.45,False,False,nan,True,0.9761,68.18,98.1,True,0,NORMAL,1,0.98,0,885.9,32.6,35.0,0.06,17,65,24,30,60,1.0001889821428749,0.24494897427831783
2026-08-31T23:00:08.748,128448000,P042,rhythm_normal,NORMAL,,,,1679,467635,104036,116778,103866.95,116177.55,169.05,600.45,300.72,373.95,False,False,nan,True,0.9761,68.18,98.1,True,0,NORMAL,1,0.98,0,885.9,32.6,35.0,0.06,17,65,24,30,60,1.0001889821428749,0.24494897427831783
2026-08-31T23:00:08.845,128448093,P042,rhythm_normal,NORMAL,,,,1680,467675,104066,116869,103870.94,116191.38,195.06,677.62,394.95,374.37,False,False,nan,True,0.9761,68.18,98.1,True,0,NORMAL,1,0.98,0,885.9,32.6,35.0,0.06,17,65,24,30,60,0.9999704995648622,0.17320508075688776
2026-08-31T23:00:08.872,128448125,P042,rhythm_normal,NORMAL,,,,1681,467715,104117,117019,103875.86,116207.94,241.14,811.06,498.98,376.86,False,False,nan,True,0.9761,68.18,98.1,True,0,NORMAL,1,0.98,0,885.9,32.6,35.0,0.06,17,65,24,30,60,0.9999704995648622,0.17320508075688776
2026-08-31T23:00:08.881,128448125,P042,rhythm_normal,NORMAL,,,,1682,467755,104209,117218,103882.52,116228.14,326.48,989.86,621.7,381.76,False,False,nan,True,0.9761,68.18,98.1,True,0,NORMAL,1,0.98,0,885.9,32.6,35.0,0.06,17,65,24,30,60,0.9999704995648622,0.17320508075688776
2026-08-31T23:00:08.893,128448140,P042,rhythm_normal,NORMAL,,,,1683,467795,104250,117344,103889.88,116250.46,360.12,1093.54,739.66,388.92,False,False,nan,True,0.9761,68.18,98.1,True,0,NORMAL,1,0.98,0,885.9,32.6,35.0,0.06,17,65,24,30,60,0.9999704995648622,0.17320508075688776
2026-08-31T23:00:08.922,128448171,P042,rhythm_normal,NORMAL,,,,1684,467835,104021,116742,103892.5,116260.29,128.5,481.71,675.17,394.64,True,True,840.0,True,0.9796,68.18,98.1,True,0,NORMAL,1,0.98,0,885.9,32.6,35.0,0.06,17,65,24,30,60,0.9999704995648622,0.17320508075688776
2026-08-31T23:00:09.047,128448296,P042,rhythm_normal,NORMAL,,,,1685,467875,103474,115381,103884.13,116242.7,-410.13,-861.7,290.95,392.57,False,False,nan,True,0.9796,68.18,98.1,True,0,NORMAL,1,0.98,0,885.9,32.6,35.0,0.06,17,65,24,30,60,0.9999704995648622,0.17320508075688776
2026-08-31T23:00:09.071,128448328,P042,rhythm_normal,NORMAL,,,,1686,467915,103334,115058,103873.13,116219.01,-539.13,-1161.01,-72.04,386.16,False,False,nan,True,0.9796,68.18,98.1,True,0,NORMAL,1,0.98,0,885.9,32.6,35.0,0.06,17,65,24,30,60,0.9999704995648622,0.17320508075688776
2026-08-31T23:00:09.083,128448328,P042,rhythm_normal,NORMAL,,,,1687,467955,103374,115154,103863.15,116197.71,-489.15,-1043.71,-314.96,384.74,False,False,nan,True,0.9796,68.18,98.1,True,0,NORMAL,1,0.98,0,885.9,32.6,35.0,0.06,17,65,24,30,60,0.9999704995648622,0.17320508075688776
2026-08-31T23:00:09.111,128448359,P042,rhythm_normal,NORMAL,,,,1688,467995,103426,115270,103854.41,116179.16,-428.41,-909.16,-463.51,386.31,False,False,nan,True,0.9796,68.18,98.1,True,0,NORMAL,1,0.98,0,885.9,32.6,35.0,0.06,17,65,24,30,60,0.9999704995648622,0.17320508075688776
2026-08-31T23:00:09.127,128448375,P042,rhythm_normal,NORMAL,,,,1689,468035,103438,115299,103846.08,116161.55,-408.08,-862.55,-563.27,389.85,False,False,nan,True,0.9796,68.18,98.1,True,0,NORMAL,1,0.98,0,885.9,32.6,35.0,0.06,17,65,24,30,60,0.9999704995648622,0.17320508075688776
2026-08-31T23:00:09.243,128448500,P042,rhythm_normal,NORMAL,,,,1690,468075,103492,115431,103839.0,116146.95,-347.0,-715.95,-601.44,394.08,False,False,nan,True,0.9796,68.18,98.1,True,0,NORMAL,1,0.98,0,885.9,32.6,35.0,0.06,17,65,24,30,60,1.0001889821428749,0.17320508075688776
2026-08-31T23:00:09.256,128448500,P042,rhythm_normal,NORMAL,,,,1691,468115,103522,115518,103832.66,116134.37,-310.66,-616.37,-605.17,398.3,False,False,nan,True,0.9796,68.18,98.1,True,0,NORMAL,1,0.98,0,885.9,32.6,35.0,0.06,17,65,24,30,60,1.0001889821428749,0.17320508075688776
2026-08-31T23:00:09.280,128448531,P042,rhythm_normal,NORMAL,,,,1692,468155,103477,115407,103825.55,116119.82,-348.55,-712.82,-632.08,402.98,False,False,nan,True,0.9796,68.18,98.1,True,0,NORMAL,1,0.98,0,885.9,32.6,35.0,0.06,17,65,24,30,60,1.0001889821428749,0.17320508075688776
2026-08-31T23:00:09.290,128448546,P042,rhythm_normal,NORMAL,,,,1693,468195,103461,115374,103818.26,116104.91,-357.26,-730.91,-656.79,408.05,False,False,nan,True,0.9796,68.18,98.1,True,0,NORMAL,1,0.98,0,885.9,32.6,35.0,0.06,17,65,24,30,60,1.0001889821428749,0.17320508075688776
2026-08-31T23:00:09.312,128448562,P042,rhythm_normal,NORMAL,,,,1694,468235,103518,115520,103812.25,116093.21,-294.25,-573.21,-635.89,412.61,False,False,nan,True,0.9796,68.18,98.1,True,0,NORMAL,1,0.98,0,885.9,32.6,35.0,0.06,17,65,24,30,60,1.0001889821428749,0.17320508075688776
2026-08-31T23:00:09.441,128448687,P042,rhythm_normal,NORMAL,,,,1695,468275,103613,115770,103808.27,116086.75,-195.27,-316.75,-556.11,415.48,False,False,nan,True,0.9796,68.18,98.1,True,0,NORMAL,1,0.98,0,885.9,32.6,35.0,0.06,17,65,24,30,60,0.9999704995648622,0.17320508075688776
2026-08-31T23:00:09.465,128448718,P042,rhythm_normal,NORMAL,,,,1696,468315,103710,116031,103806.3,116085.63,-96.3,-54.63,-430.74,415.79,False,False,nan,True,0.9796,68.18,98.1,True,0,NORMAL,1,0.98,0,885.9,32.6,35.0,0.06,17,65,24,30,60,0.9999704995648622,0.17320508075688776
2026-08-31T23:00:09.490,128448734,P042,rhythm_normal,NORMAL,,,,1697,468355,103795,116223,103806.07,116088.38,-11.07,134.62,-289.4,413.26,False,False,nan,True,0.9796,68.18,98.1,True,0,NORMAL,1,0.98,0,885.9,32.6,35.0,0.06,17,65,24,30,60,0.9999704995648622,0.17320508075688776
2026-08-31T23:00:09.500,128448750,P042,rhythm_normal,NORMAL,,,,1698,468395,103854,116378,103807.03,116094.17,46.97,283.83,-146.09,407.92,False,False,nan,True,0.9796,68.18,98.1,True,0,NORMAL,1,0.98,0,885.9,32.6,35.0,0.06,17,65,24,30,60,0.9999704995648622,0.17320508075688776
2026-08-31T23:00:09.520,128448765,P042,rhythm_normal,NORMAL,,,,1699,468435,103904,116511,103808.97,116102.51,95.03,408.49,-7.45,399.91,False,False,nan,True,0.9796,68.18,98.1,True,0,NORMAL,1,0.98,0,885.9,32.6,35.0,0.06,17,65,24,30,60,0.9999704995648622,0.17320508075688776
2026-08-31T23:00:09.640,128448890,P042,rhythm_normal,NORMAL,,,,1700,468475,103947,116637,103811.73,116113.2,135.27,523.8,125.37,394.42,False,False,nan,True,0.9796,68.18,98.1,True,0,NORMAL,1,0.98,0,885.9,32.6,35.0,0.06,17,65,24,30,60,1.0001889821428749,0.17320508075688776
2026-08-31T23:00:09.665,128448921,P042,rhythm_normal,NORMAL,,,,1701,468515,103986,116737,103815.21,116125.67,170.79,611.33,246.86,391.46,False,False,nan,True,0.9796,68.18,98.1,True,0,NORMAL,1,0.98,0,885.9,32.6,35.0,0.06,17,65,24,30,60,1.0001889821428749,0.17320508075688776
2026-08-31T23:00:09.672,128448921,P042,rhythm_normal,NORMAL,,,,1702,468555,104029,116858,103819.48,116140.32,209.52,717.68,364.56,390.93,False,False,nan,True,0.9796,68.18,98.1,True,0,NORMAL,1,0.98,0,885.9,32.6,35.0,0.06,17,65,24,30,60,1.0001889821428749,0.17320508075688776
2026-08-31T23:00:09.692,128448937,P042,rhythm_normal,NORMAL,,,,1703,468595,104069,116988,103824.48,116157.27,244.52,830.73,481.1,392.73,False,False,nan,True,0.9796,68.18,98.1,True,0,NORMAL,1,0.98,0,885.9,32.6,35.0,0.06,17,65,24,30,60,1.0001889821428749,0.17320508075688776
2026-08-31T23:00:09.711,128448968,P042,rhythm_normal,NORMAL,,,,1704,468635,104101,117104,103830.01,116176.21,270.99,927.79,592.77,396.73,False,False,nan,True,0.9796,68.18,98.1,True,0,NORMAL,1,0.98,0,885.9,32.6,35.0,0.06,17,65,24,30,60,1.0001889821428749,0.17320508075688776
2026-08-31T23:00:09.840,128449093,P042,rhythm_normal,NORMAL,,,,1705,468675,104109,117095,103835.59,116194.59,273.41,900.41,669.68,402.19,False,False,nan,True,0.9796,68.18,98.1,True,0,NORMAL,1,0.98,0,885.9,32.6,35.0,0.06,17,65,24,30,60,1.0001889821428749,0.17320508075688776
2026-08-31T23:00:09.873,128449125,P042,rhythm_normal,NORMAL,,,,1706,468715,103645,115873,103831.77,116188.16,-186.77,-315.16,423.47,402.62,True,True,880.0,True,0.9796,68.18,98.1,True,0,NORMAL,1,0.98,0,885.9,32.6,35.0,0.06,17,65,24,30,60,1.0001889821428749,0.17320508075688776
2026-08-31T23:00:09.878,128449125,P042,rhythm_normal,NORMAL,,,,1707,468755,103289,114997,103820.92,116164.34,-531.92,-1167.34,25.77,395.08,False,False,nan,True,0.9796,68.18,98.1,True,0,NORMAL,1,0.98,0,885.9,32.6,35.0,0.06,17,65,24,30,60,1.0001889821428749,0.17320508075688776
2026-08-31T23:00:09.887,128449140,P042,rhythm_normal,NORMAL,,,,1708,468795,103285,114964,103810.2,116140.33,-525.2,-1176.33,-274.75,392.67,False,False,nan,True,0.9796,68.18,98.1,True,0,NORMAL,1,0.98,0,885.9,32.6,35.0,0.06,17,65,24,30,60,1.0001889821428749,0.17320508075688776
2026-08-31T23:00:09.909,128449156,P042,rhythm_normal,NORMAL,,,,1709,468835,103336,115091,103800.72,116119.34,-464.72,-1028.34,-463.15,394.08,False,False,nan,True,0.9796,68.18,98.1,True,0,NORMAL,1,0.98,0,885.9,32.6,35.0,0.06,17,65,24,30,60,1.0001889821428749,0.17320508075688776
2026-08-31T23:00:10.044,128449296,P042,rhythm_normal,NORMAL,,,,1710,468875,103369,115129,103792.09,116099.54,-423.09,-970.54,-590.0,398.0,False,False,nan,True,0.9796,68.18,98.1,True,0,NORMAL,1,0.98,0,885.9,32.6,35.0,0.06,17,65,24,30,60,1.0001889821428749,0.17320508075688776
2026-08-31T23:00:10.068,128449312,P042,rhythm_normal,NORMAL,,,,1711,468915,103386,115183,103783.96,116081.21,-397.96,-898.21,-667.05,403.38,False,False,nan,True,0.9796,68.18,98.1,True,0,NORMAL,1,0.98,0,885.9,32.6,35.0,0.06,17,65,24,30,60,1.0001889821428749,0.17320508075688776
2026-08-31T23:00:10.092,128449343,P042,rhythm_normal,NORMAL,,,,1712,468955,103430,115306,103776.88,116065.7,-346.88,-759.7,-690.21,409.12,False,False,nan,True,0.9796,68.18,98.1,True,0,NORMAL,1,0.98,0,885.9,32.6,35.0,0.06,17,65,24,30,60,1.0001889821428749,0.17320508075688776
2026-08-31T23:00:10.105,128449359,P042,rhythm_normal,NORMAL,,,,1713,468995,103396,115209,103769.27,116048.57,-373.27,-839.57,-727.55,415.49,False,False,nan,True,0.9796,68.18,98.1,True,0,NORMAL,1,0.98,0,885.9,32.6,35.0,0.06,17,65,24,30,60,1.0001889821428749,0.17320508075688776
2026-08-31T23:00:10.128,128449375,P042,rhythm_normal,NORMAL,,,,1714,469035,103351,115096,103760.9,116029.52,-409.9,-933.52,-779.04,422.76,False,False,nan,True,0.9796,68.18,98.1,True,0,NORMAL,1,0.98,0,885.9,32.6,35.0,0.06,17,65,24,30,60,1.0001889821428749,0.17320508075688776
2026-08-31T23:00:10.245,128449500,P042,rhythm_normal,NORMAL,,,,1715,469075,103384,115162,103753.36,116012.16,-369.36,-850.16,-796.82,430.24,False,False,nan,True,0.9796,68.18,98.1,True,0,NORMAL,1,0.98,0,885.9,32.6,35.0,0.06,17,65,24,30,60,0.9992987541271129,0.33166247903554
2026-08-31T23:00:10.271,128449515,P042,rhythm_normal,NORMAL,,,,1716,469115,103478,115419,103747.85,116000.3,-269.85,-581.3,-742.94,436.49,False,False,nan,True,0.9796,68.18,98.1,True,0,NORMAL,1,0.98,0,885.9,32.6,35.0,0.06,17,65,24,30,60,0.9992987541271129,0.33166247903554
2026-08-31T23:00:10.280,128449531,P042,rhythm_normal,NORMAL,,,,1717,469155,103600,115709,103744.9,115994.48,-144.9,-285.48,-628.58,440.33,False,False,nan,True,0.9796,68.18,98.1,True,0,NORMAL,1,0.98,0,885.9,32.6,35.0,0.06,17,65,24,30,60,0.9992987541271129,0.33166247903554
2026-08-31T23:00:10.289,128449546,P042,rhythm_normal,NORMAL,,,,1718,469195,103691,115950,103743.82,115993.59,-52.82,-43.59,-482.33,441.17,False,False,nan,True,0.9796,68.18,98.1,True,0,NORMAL,1,0.98,0,885.9,32.6,35.0,0.06,17,65,24,30,60,0.9992987541271129,0.33166247903554
2026-08-31T23:00:10.313,128449562,P042,rhythm_normal,NORMAL,,,,1719,469235,103780,116208,103744.55,115997.88,35.45,210.12,-309.22,438.54,False,False,nan,True,0.9796,68.18,98.1,True,0,NORMAL,1,0.98,0,885.9,32.6,35.0,0.06,17,65,24,30,60,0.9992987541271129,0.33166247903554
2026-08-31T23:00:10.445,128449703,P042,rhythm_normal,NORMAL,,,,1720,469275,103841,116338,103746.48,116004.68,94.52,333.32,-148.58,432.74,False,False,nan,True,0.9796,68.18,98.1,True,0,NORMAL,1,0.98,0,883.5,29.1,32.0,0.06,17,64,25,30,60,0.999091587393268,0.17320508075688776
2026-08-31T23:00:10.465,128449718,P042,rhythm_normal,NORMAL,,,,1721,469315,103834,116338,103748.23,116011.34,85.77,326.66,-29.77,424.68,False,False,nan,True,0.9796,68.18,98.1,True,0,NORMAL,1,0.98,0,883.5,29.1,32.0,0.06,17,64,25,30,60,0.999091587393268,0.17320508075688776
2026-08-31T23:00:10.492,128449750,P042,rhythm_normal,NORMAL,,,,1722,469355,103857,116387,103750.4,116018.86,106.6,368.14,69.71,417.58,False,False,nan,True,0.9796,68.18,98.1,True,0,NORMAL,1,0.98,0,883.5,29.1,32.0,0.06,17,64,25,30,60,0.999091587393268,0.17320508075688776
2026-08-31T23:00:10.501,128449750,P042,rhythm_normal,NORMAL,,,,1723,469395,103905,116466,103753.49,116027.8,151.51,438.2,161.83,412.46,False,False,nan,True,0.9796,68.18,98.1,True,0,NORMAL,1,0.98,0,883.5,29.1,32.0,0.06,17,64,25,30,60,0.999091587393268,0.17320508075688776
2026-08-31T23:00:10.509,128449765,P042,rhythm_normal,NORMAL,,,,1724,469435,103953,116635,103757.48,116039.95,195.52,595.05,270.13,409.62,False,False,nan,True,0.9796,68.18,98.1,True,0,NORMAL,1,0.98,0,883.5,29.1,32.0,0.06,17,64,25,30,60,0.999091587393268,0.17320508075688776
2026-08-31T23:00:10.646,128449890,P042,rhythm_normal,NORMAL,,,,1725,469475,104023,116831,103762.8,116055.77,260.2,775.23,396.41,409.35,False,False,nan,True,0.9796,68.18,98.1,True,0,NORMAL,1,0.98,0,883.5,29.1,32.0,0.06,17,64,25,30,60,0.9999704995648622,0.17320508075688776
2026-08-31T23:00:10.659,128449906,P042,rhythm_normal,NORMAL,,,,1726,469515,104078,116969,103769.1,116074.03,308.9,894.97,521.05,411.59,False,False,nan,True,0.9796,68.18,98.1,True,0,NORMAL,1,0.98,0,883.5,29.1,32.0,0.06,17,64,25,30,60,0.9999704995648622,0.17320508075688776
2026-08-31T23:00:10.680,128449937,P042,rhythm_normal,NORMAL,,,,1727,469555,103752,116149,103768.76,116075.53,-16.76,73.47,409.15,411.54,True,True,840.0,True,0.9786,69.77,98.1,True,0,NORMAL,1,0.98,0,883.5,29.1,32.0,0.06,17,64,25,30,60,0.9999704995648622,0.17320508075688776
2026-08-31T23:00:10.687,128449937,P042,rhythm_normal,NORMAL,,,,1728,469595,103248,114878,103758.34,116051.58,-510.34,-1173.58,13.47,403.58,False,False,nan,True,0.9786,69.77,98.1,True,0,NORMAL,1,0.98,0,883.5,29.1,32.0,0.06,17,64,25,30,60,0.9999704995648622,0.17320508075688776
2026-08-31T23:00:10.711,128449968,P042,rhythm_normal,NORMAL,,,,1729,469635,103170,114672,103746.58,116023.98,-576.58,-1351.98,-327.89,402.06,False,False,nan,True,0.9786,69.77,98.1,True,0,NORMAL,1,0.98,0,883.5,29.1,32.0,0.06,17,64,25,30,60,0.9999704995648622,0.17320508075688776
2026-08-31T23:00:10.846,128450093,P042,rhythm_normal,NORMAL,,,,1730,469675,103238,114778,103736.41,115999.06,-498.41,-1221.06,-551.19,405.04,False,False,nan,True,0.9786,69.77,98.1,True,0,NORMAL,1,0.98,0,883.5,29.1,32.0,0.06,17,64,25,30,60,0.9999704995648622,0.24494897427831783
2026-08-31T23:00:10.875,128450125,P042,rhythm_normal,NORMAL,,,,1731,469715,103290,114866,103727.48,115976.4,-437.48,-1110.4,-690.99,410.76,False,False,nan,True,0.9786,69.77,98.1,True,0,NORMAL,1,0.98,0,883.5,29.1,32.0,0.06,17,64,25,30,60,0.9999704995648622,0.24494897427831783
2026-08-31T23:00:10.883,128450140,P042,rhythm_normal,NORMAL,,,,1732,469755,103316,114978,103719.25,115956.43,-403.25,-978.43,-762.85,417.81,False,False,nan,True,0.9786,69.77,98.1,True,0,NORMAL,1,0.98,0,883.5,29.1,32.0,0.06,17,64,25,30,60,0.9999704995648622,0.24494897427831783
2026-08-31T23:00:10.893,128450140,P042,rhythm_normal,NORMAL,,,,1733,469795,103422,115270,103713.3,115942.7,-291.3,-672.7,-740.31,424.26,False,False,nan,True,0.9786,69.77,98.1,True,0,NORMAL,1,0.98,0,883.5,29.1,32.0,0.06,17,64,25,30,60,0.9999704995648622,0.24494897427831783
2026-08-31T23:00:10.913,128450171,P042,rhythm_normal,NORMAL,,,,1734,469835,103438,115327,103707.8,115930.39,-269.8,-603.39,-706.08,429.89,False,False,nan,True,0.9786,69.77,98.1,True,0,NORMAL,1,0.98,0,883.5,29.1,32.0,0.06,17,64,25,30,60,0.9999704995648622,0.24494897427831783
2026-08-31T23:00:11.053,128450296,P042,rhythm_normal,NORMAL,,,,1735,469875,103364,115191,103700.92,115915.6,-336.92,-724.6,-710.71,435.51,False,False,nan,True,0.9786,69.77,98.1,True,0,NORMAL,1,0.98,0,883.5,29.1,32.0,0.06,17,64,25,30,60,0.999091587393268,0.17320508075688776
2026-08-31T23:00:11.082,128450328,P042,rhythm_normal,NORMAL,,,,1736,469915,103359,115210,103694.09,115901.49,-335.09,-691.49,-705.91,440.92,False,False,nan,True,0.9786,69.77,98.1,True,0,NORMAL,1,0.98,0,883.5,29.1,32.0,0.06,17,64,25,30,60,0.999091587393268,0.17320508075688776
2026-08-31T23:00:11.094,128450343,P042,rhythm_normal,NORMAL,,,,1737,469955,103426,115407,103688.73,115891.6,-262.73,-484.6,-650.58,445.11,False,False,nan,True,0.9786,69.77,98.1,True,0,NORMAL,1,0.98,0,883.5,29.1,32.0,0.06,17,64,25,30,60,0.999091587393268,0.17320508075688776
2026-08-31T23:00:11.118,128450375,P042,rhythm_normal,NORMAL,,,,1738,469995,103530,115664,103685.55,115887.05,-155.55,-223.05,-543.7,447.08,False,False,nan,True,0.9786,69.77,98.1,True,0,NORMAL,1,0.98,0,883.5,29.1,32.0,0.06,17,64,25,30,60,0.999091587393268,0.17320508075688776
2026-08-31T23:00:11.149,128450406,P042,rhythm_normal,NORMAL,,,,1739,470035,103603,115881,103683.91,115886.93,-80.91,-5.93,-409.26,446.32,False,False,nan,True,0.9786,69.77,98.1,True,0,NORMAL,1,0.98,0,883.5,29.1,32.0,0.06,17,64,25,30,60,0.999091587393268,0.17320508075688776
2026-08-31T23:00:11.248,128450500,P042,rhythm_normal,NORMAL,,,,1740,470075,103674,116098,103683.71,115891.15,-9.71,206.85,-255.23,442.5,False,False,nan,True,0.9786,69.77,98.1,True,0,NORMAL,1,0.98,0,883.5,29.1,32.0,0.06,17,64,25,30,60,0.9999704995648622,0.17320508075688776
2026-08-31T23:00:11.262,128450515,P042,rhythm_normal,NORMAL,,,,1741,470115,103783,116342,103685.7,115900.16,97.3,441.84,-80.96,435.27,False,False,nan,True,0.9786,69.77,98.1,True,0,NORMAL,1,0.98,0,883.5,29.1,32.0,0.06,17,64,25,30,60,0.9999704995648622,0.17320508075688776
2026-08-31T23:00:11.285,128450531,P042,rhythm_normal,NORMAL,,,,1742,470155,103839,116476,103688.76,115911.68,150.24,564.32,80.36,428.17,False,False,nan,True,0.9786,69.77,98.1,True,0,NORMAL,1,0.98,0,883.5,29.1,32.0,0.06,17,64,25,30,60,0.9999704995648622,0.17320508075688776
2026-08-31T23:00:11.299,128450546,P042,rhythm_normal,NORMAL,,,,1743,470195,103852,116539,103692.02,115924.23,159.98,614.77,213.96,423.89,False,False,nan,True,0.9786,69.77,98.1,True,0,NORMAL,1,0.98,0,883.5,29.1,32.0,0.06,17,64,25,30,60,0.9999704995648622,0.17320508075688776
2026-08-31T23:00:11.327,128450578,P042,rhythm_normal,NORMAL,,,,1744,470235,103897,116653,103696.12,115938.8,200.88,714.2,339.02,422.19,False,False,nan,True,0.9786,69.77,98.1,True,0,NORMAL,1,0.98,0,883.5,29.1,32.0,0.06,17,64,25,30,60,0.9999704995648622,0.17320508075688776
2026-08-31T23:00:11.447,128450703,P042,rhythm_normal,NORMAL,,,,1745,470275,103957,116797,103701.34,115955.97,255.66,841.03,464.52,423.04,False,False,nan,True,0.9786,69.77,98.1,True,0,NORMAL,1,0.98,0,883.5,29.1,32.0,0.06,17,64,25,30,60,0.9999704995648622,0.17320508075688776
2026-08-31T23:00:11.472,128450718,P042,rhythm_normal,NORMAL,,,,1746,470315,103998,116896,103707.27,115974.77,290.73,921.23,578.7,426.15,False,False,nan,True,0.9786,69.77,98.1,True,0,NORMAL,1,0.98,0,883.5,29.1,32.0,0.06,17,64,25,30,60,0.9999704995648622,0.17320508075688776
2026-08-31T23:00:11.484,128450734,P042,rhythm_normal,NORMAL,,,,1747,470355,103680,116096,103706.73,115977.19,-26.73,118.81,463.73,426.9,True,True,800.0,True,0.9718,71.43,98.1,True,0,NORMAL,1,0.98,0,883.5,29.1,32.0,0.06,17,64,25,30,60,0.9999704995648622,0.17320508075688776
2026-08-31T23:00:11.494,128450750,P042,rhythm_normal,NORMAL,,,,1748,470395,103220,114981,103696.99,115957.27,-476.99,-976.27,103.73,420.44,False,False,nan,True,0.9718,71.43,98.1,True,0,NORMAL,1,0.98,0,883.5,29.1,32.0,0.06,17,64,25,30,60,0.9999704995648622,0.17320508075688776
2026-08-31T23:00:11.515,128450765,P042,rhythm_normal,NORMAL,,,,1749,470435,103160,114844,103686.25,115935.0,-526.25,-1091.0,-194.95,415.93,False,False,nan,True,0.9718,71.43,98.1,True,0,NORMAL,1,0.98,0,883.5,29.1,32.0,0.06,17,64,25,30,60,0.9999704995648622,0.17320508075688776
2026-08-31T23:00:11.646,128450890,P042,rhythm_normal,NORMAL,,,,1750,470475,103218,114984,103676.88,115915.98,-458.88,-931.98,-379.21,415.2,False,False,nan,True,0.9718,71.43,98.1,True,0,NORMAL,1,0.98,0,883.5,29.1,32.0,0.06,17,64,25,30,60,0.9999704995648622,0.17320508075688776
2026-08-31T23:00:11.660,128450906,P042,rhythm_normal,NORMAL,,,,1751,470515,103282,115118,103668.98,115900.02,-386.98,-782.02,-479.91,416.49,False,False,nan,True,0.9718,71.43,98.1,True,0,NORMAL,1,0.98,0,883.5,29.1,32.0,0.06,17,64,25,30,60,0.9999704995648622,0.17320508075688776
2026-08-31T23:00:11.679,128450937,P042,rhythm_normal,NORMAL,,,,1752,470555,103312,115246,103661.84,115886.94,-349.84,-640.94,-520.17,418.56,False,False,nan,True,0.9718,71.43,98.1,True,0,NORMAL,1,0.98,0,883.5,29.1,32.0,0.06,17,64,25,30,60,0.9999704995648622,0.17320508075688776
2026-08-31T23:00:11.688,128450937,P042,rhythm_normal,NORMAL,,,,1753,470595,103393,115433,103656.47,115877.86,-263.47,-444.86,-501.34,420.22,False,False,nan,True,0.9718,71.43,98.1,True,0,NORMAL,1,0.98,0,883.5,29.1,32.0,0.06,17,64,25,30,60,0.9999704995648622,0.17320508075688776
2026-08-31T23:00:11.708,128450953,P042,rhythm_normal,NORMAL,,,,1754,470635,103357,115334,103650.48,115866.98,-293.48,-532.98,-509.25,422.0,False,False,nan,True,0.9718,71.43,98.1,True,0,NORMAL,1,0.98,0,883.5,29.1,32.0,0.06,17,64,25,30,60,0.9999704995648622,0.17320508075688776
2026-08-31T23:00:11.869,128451125,P042,rhythm_normal,NORMAL,,,,1755,470675,103280,115190,103643.07,115853.45,-363.07,-663.45,-547.8,424.52,False,False,nan,True,0.9718,71.43,98.1,True,0,NORMAL,1,0.98,0,883.5,29.1,32.0,0.06,17,64,25,30,60,0.9999704995648622,0.17320508075688776
2026-08-31T23:00:11.888,128451140,P042,rhythm_normal,NORMAL,,,,1756,470725,103293,115198,103636.07,115840.34,-343.07,-642.34,-571.43,427.45,False,False,nan,True,0.9718,71.43,98.1,True,0,NORMAL,1,0.98,0,883.5,29.1,32.0,0.06,17,64,25,30,60,0.9999704995648622,0.17320508075688776
2026-08-31T23:00:11.892,128451140,P042,rhythm_normal,NORMAL,,,,1757,470755,103361,115382,103630.57,115831.17,-269.57,-449.17,-540.87,429.72,False,False,nan,True,0.9718,71.43,98.1,True,0,NORMAL,1,0.98,0,883.5,29.1,32.0,0.06,17,64,25,30,60,0.9999704995648622,0.17320508075688776
2026-08-31T23:00:11.898,128451156,P042,rhythm_normal,NORMAL,,,,1758,470805,103456,115620,103627.08,115826.95,-171.08,-206.95,-457.39,430.28,False,False,nan,True,0.9718,71.43,98.1,True,0,NORMAL,1,0.98,0,883.5,29.1,32.0,0.06,17,64,25,30,60,0.9999704995648622,0.17320508075688776
2026-08-31T23:00:11.971,128451218,P042,rhythm_normal,NORMAL,,,,1759,470845,103535,115797,103625.23,115826.34,-90.23,-29.34,-350.38,428.68,False,False,nan,True,0.9718,71.43,98.1,True,0,NORMAL,1,0.98,0,883.5,29.1,32.0,0.06,17,64,25,30,60,0.9999704995648622,0.17320508075688776
2026-08-31T23:00:12.039,128451296,P042,rhythm_normal,NORMAL,,,,1760,470885,103591,115929,103624.55,115828.4,-33.55,100.6,-237.63,424.86,False,False,nan,True,0.9718,71.43,98.1,True,0,NORMAL,1,0.98,0,883.5,29.1,32.0,0.06,17,64,25,30,60,0.999091587393268,0.17320508075688776
2026-08-31T23:00:12.049,128451296,P042,rhythm_normal,NORMAL,,,,1761,470925,103613,116033,103624.31,115832.49,-11.31,200.51,-128.1,418.92,False,False,nan,True,0.9718,71.43,98.38,True,0,NORMAL,1,0.98,0,883.5,29.1,32.0,0.06,17,64,25,30,60,0.999091587393268,0.17320508075688776
2026-08-31T23:00:12.069,128451312,P042,rhythm_normal,NORMAL,,,,1762,470965,103637,116057,103624.56,115836.98,12.44,220.02,-41.07,411.36,False,False,nan,True,0.9718,71.43,98.38,True,0,NORMAL,1,0.98,0,883.5,29.1,32.0,0.06,17,64,25,30,60,0.999091587393268,0.17320508075688776
2026-08-31T23:00:12.073,128451328,P042,rhythm_normal,NORMAL,,,,1763,471005,103676,116206,103625.59,115844.37,50.41,361.63,59.61,404.33,False,False,nan,True,0.9718,71.43,98.38,True,0,NORMAL,1,0.98,0,883.5,29.1,32.0,0.06,17,64,25,30,60,0.999091587393268,0.17320508075688776
2026-08-31T23:00:12.118,128451375,P042,rhythm_normal,NORMAL,,,,1764,471045,103721,116361,103627.5,115854.7,93.5,506.3,171.28,399.67,False,False,nan,True,0.9718,71.43,98.38,True,0,NORMAL,1,0.98,0,883.5,29.1,32.0,0.06,17,64,25,30,60,0.999091587393268,0.17320508075688776
2026-08-31T23:00:12.238,128451484,P042,rhythm_normal,NORMAL,,,,1765,471085,103704,116252,103629.03,115862.65,74.97,389.35,225.8,396.19,False,False,nan,True,0.9718,71.43,98.38,True,0,NORMAL,1,0.98,0,883.5,29.1,32.0,0.06,17,64,25,30,60,0.9999704995648622,0.17320508075688776
2026-08-31T23:00:12.257,128451515,P042,rhythm_normal,NORMAL,,,,1766,471125,103304,115266,103622.53,115850.72,-318.53,-584.72,23.17,388.73,True,True,770.0,True,0.9645,71.43,98.38,True,0,NORMAL,1,0.98,0,883.5,29.1,32.0,0.06,17,64,25,30,60,0.9999704995648622,0.17320508075688776
2026-08-31T23:00:12.278,128451531,P042,rhythm_normal,NORMAL,,,,1767,471165,103113,114850,103612.34,115830.7,-499.34,-980.7,-227.8,385.51,False,False,nan,True,0.9645,71.43,98.38,True,0,NORMAL,1,0.98,0,883.5,29.1,32.0,0.06,17,64,25,30,60,0.9999704995648622,0.17320508075688776
2026-08-31T23:00:12.283,128451531,P042,rhythm_normal,NORMAL,,,,1768,471205,103117,114827,103602.44,115810.63,-485.44,-983.63,-416.76,386.14,False,False,nan,True,0.9645,71.43,98.38,True,0,NORMAL,1,0.98,0,883.5,29.1,32.0,0.06,17,64,25,30,60,0.9999704995648622,0.17320508075688776
2026-08-31T23:00:12.314,128451562,P042,rhythm_normal,NORMAL,,,,1769,471245,103158,114924,103593.55,115792.9,-435.55,-868.9,-529.79,389.01,False,False,nan,True,0.9645,71.43,98.38,True,0,NORMAL,1,0.98,0,883.5,29.1,32.0,0.06,17,64,25,30,60,0.9999704995648622,0.17320508075688776
2026-08-31T23:00:12.437,128451687,P042,rhythm_normal,NORMAL,,,,1770,471285,103191,115044,103585.49,115777.92,-394.49,-733.92,-580.83,392.85,False,False,nan,True,0.9645,71.43,98.38,True,0,NORMAL,1,0.98,0,883.5,29.1,32.0,0.06,17,64,25,30,60,0.9999704995648622,0.17320508075688776
2026-08-31T23:00:12.456,128451703,P042,rhythm_normal,NORMAL,,,,1771,471325,103227,115196,103578.32,115766.28,-351.32,-570.28,-578.19,396.55,False,False,nan,True,0.9645,71.43,98.38,True,0,NORMAL,1,0.98,0,883.5,29.1,32.0,0.06,17,64,25,30,60,0.9999704995648622,0.17320508075688776
2026-08-31T23:00:12.473,128451718,P042,rhythm_normal,NORMAL,,,,1772,471365,103281,115231,103572.38,115755.58,-291.38,-524.58,-564.79,399.92,False,False,nan,True,0.9645,71.43,98.38,True,0,NORMAL,1,0.98,0,883.5,29.1,32.0,0.06,17,64,25,30,60,0.9999704995648622,0.17320508075688776
2026-08-31T23:00:12.487,128451734,P042,rhythm_normal,NORMAL,,,,1773,471405,103246,115186,103565.84,115744.19,-319.84,-558.19,-563.14,403.18,False,False,nan,True,0.9645,71.43,98.38,True,0,NORMAL,1,0.98,0,883.5,29.1,32.0,0.06,17,64,25,30,60,0.9999704995648622,0.17320508075688776
2026-08-31T23:00:12.517,128451765,P042,rhythm_normal,NORMAL,,,,1774,471445,103209,115114,103558.7,115731.59,-349.7,-617.59,-576.75,406.65,False,False,nan,True,0.9645,71.43,98.38,True,0,NORMAL,1,0.98,0,883.5,29.1,32.0,0.06,17,64,25,30,60,0.9999704995648622,0.17320508075688776
2026-08-31T23:00:12.636,128451890,P042,rhythm_normal,NORMAL,,,,1775,471485,103230,115190,103552.13,115720.76,-322.13,-530.76,-565.25,409.83,False,False,nan,True,0.9645,71.43,98.38,True,0,NORMAL,1,0.98,0,883.5,29.1,32.0,0.06,17,64,25,30,60,0.9999704995648622,0.17320508075688776
2026-08-31T23:00:12.655,128451906,P042,rhythm_normal,NORMAL,,,,1776,471525,103278,115403,103546.65,115714.41,-268.65,-311.41,-501.79,411.66,False,False,nan,True,0.9645,71.43,98.38,True,0,NORMAL,1,0.98,0,883.5,29.1,32.0,0.06,17,64,25,30,60,0.9999704995648622,0.17320508075688776
2026-08-31T23:00:12.664,128451921,P042,rhythm_normal,NORMAL,,,,1777,471565,103434,115650,103544.4,115713.12,-110.4,-63.12,-392.12,411.27,False,False,nan,True,0.9645,71.43,98.38,True,0,NORMAL,1,0.98,0,883.5,29.1,32.0,0.06,17,64,25,30,60,0.9999704995648622,0.17320508075688776
2026-08-31T23:00:12.689,128451937,P042,rhythm_normal,NORMAL,,,,1778,471605,103489,115860,103543.29,115716.05,-54.29,143.95,-258.1,408.21,False,False,nan,True,0.9645,71.43,98.38,True,0,NORMAL,1,0.98,0,883.5,29.1,32.0,0.06,17,64,25,30,60,0.9999704995648622,0.17320508075688776
2026-08-31T23:00:12.716,128451968,P042,rhythm_normal,NORMAL,,,,1779,471645,103531,115957,103543.05,115720.88,-12.05,236.12,-134.55,402.74,False,False,nan,True,0.9645,71.43,98.38,True,0,NORMAL,1,0.98,0,883.5,29.1,32.0,0.06,17,64,25,30,60,0.9999704995648622,0.17320508075688776
2026-08-31T23:00:12.842,128452093,P042,rhythm_normal,NORMAL,,,,1780,471685,103553,116012,103543.24,115726.7,9.76,285.3,-29.58,395.27,False,False,nan,True,0.9645,71.43,98.38,True,0,NORMAL,1,0.98,0,883.5,29.1,32.0,0.06,17,64,25,30,60,0.9999704995648622,0.17320508075688776
2026-08-31T23:00:12.877,128452125,P042,rhythm_normal,NORMAL,,,,1781,471725,103524,116066,103542.86,115733.48,-18.86,332.52,60.94,388.59,False,False,nan,True,0.9645,71.43,98.38,True,0,NORMAL,1,0.98,0,883.5,29.1,32.0,0.06,17,64,25,30,60,0.9999704995648622,0.17320508075688776
2026-08-31T23:00:12.883,128452140,P042,rhythm_normal,NORMAL,,,,1782,471765,103576,116143,103543.52,115741.67,32.48,401.33,146.04,383.74,False,False,nan,True,0.9645,71.43,98.38,True,0,NORMAL,1,0.98,0,883.5,29.1,32.0,0.06,17,64,25,30,60,0.9999704995648622,0.17320508075688776
2026-08-31T23:00:12.911,128452156,P042,rhythm_normal,NORMAL,,,,1783,471805,103557,116224,103543.79,115751.32,13.21,472.68,227.7,380.62,False,False,nan,True,0.9645,71.43,98.38,True,0,NORMAL,1,0.98,0,883.5,29.1,32.0,0.06,17,64,25,30,60,0.9999704995648622,0.17320508075688776
2026-08-31T23:00:12.934,128452187,P042,rhythm_normal,NORMAL,,,,1784,471845,103403,115744,103540.98,115751.17,-137.98,-7.17,168.98,376.38,True,True,720.0,True,0.9502,71.43,98.38,True,0,NORMAL,1,0.98,0,883.5,29.1,32.0,0.06,17,64,25,30,60,0.9999704995648622,0.17320508075688776
2026-08-31T23:00:13.049,128452296,P042,rhythm_normal,NORMAL,,,,1785,471885,103109,114942,103532.34,115734.99,-423.34,-792.99,-71.51,370.29,False,False,nan,True,0.9502,71.43,98.38,True,0,NORMAL,1,0.98,0,883.5,29.1,32.0,0.06,17,64,25,30,60,0.9999704995648622,0.17320508075688776
2026-08-31T23:00:13.058,128452312,P042,rhythm_normal,NORMAL,,,,1786,471925,102976,114676,103521.21,115713.81,-545.21,-1037.81,-313.09,369.14,False,False,nan,True,0.9502,71.43,98.38,True,0,NORMAL,1,0.98,0,883.5,29.1,32.0,0.06,17,64,25,30,60,0.9999704995648622,0.17320508075688776
2026-08-31T23:00:13.085,128452343,P042,rhythm_normal,NORMAL,,,,1787,471965,103041,114783,103511.61,115695.2,-470.61,-912.2,-462.86,371.02,False,False,nan,True,0.9502,71.43,98.38,True,0,NORMAL,1,0.98,0,883.5,29.1,32.0,0.06,17,64,25,30,60,0.9999704995648622,0.17320508075688776
2026-08-31T23:00:13.091,128452343,P042,rhythm_normal,NORMAL,,,,1788,472005,103023,114828,103501.84,115677.85,-478.84,-849.85,-559.61,374.79,False,False,nan,True,0.9502,71.43,98.38,True,0,NORMAL,1,0.98,0,883.5,29.1,32.0,0.06,17,64,25,30,60,0.9999704995648622,0.17320508075688776
2026-08-31T23:00:13.129,128452375,P042,rhythm_normal,NORMAL,,,,1789,472045,103034,114884,103492.48,115661.98,-458.48,-777.98,-614.2,379.58,False,False,nan,True,0.9502,71.43,98.38,True,0,NORMAL,1,0.98,0,883.5,29.1,32.0,0.06,17,64,25,30,60,0.9999704995648622,0.17320508075688776
2026-08-31T23:00:13.254,128452500,P042,rhythm_normal,NORMAL,,,,1790,472085,103076,114982,103484.15,115648.38,-408.15,-666.38,-627.25,384.53,False,False,nan,True,0.9502,71.43,98.38,True,0,NORMAL,1,0.98,0,883.5,29.1,32.0,0.06,17,64,25,30,60,0.999091587393268,0.17320508075688776
2026-08-31T23:00:13.268,128452515,P042,rhythm_normal,NORMAL,,,,1791,472125,103185,115100,103478.16,115637.41,-293.16,-537.41,-604.79,388.93,False,False,nan,True,0.9502,71.43,98.38,True,0,NORMAL,1,0.98,0,883.5,29.1,32.0,0.06,17,64,25,30,60,0.999091587393268,0.17320508075688776
2026-08-31T23:00:13.274,128452531,P042,rhythm_normal,NORMAL,,,,1792,472165,103116,114982,103470.92,115624.3,-354.92,-642.3,-614.16,393.44,False,False,nan,True,0.9502,71.43,98.38,True,0,NORMAL,1,0.98,0,883.5,29.1,32.0,0.06,17,64,25,30,60,0.999091587393268,0.17320508075688776
2026-08-31T23:00:13.301,128452546,P042,rhythm_normal,NORMAL,,,,1793,472205,103144,114975,103464.38,115611.31,-320.38,-636.31,-619.7,397.96,False,False,nan,True,0.9502,71.43,98.38,True,0,NORMAL,1,0.98,0,883.5,29.1,32.0,0.06,17,64,25,30,60,0.999091587393268,0.17320508075688776
2026-08-31T23:00:13.327,128452578,P042,rhythm_normal,NORMAL,,,,1794,472245,103187,115114,103458.84,115601.37,-271.84,-487.37,-586.62,401.74,False,False,nan,True,0.9502,71.43,98.38,True,0,NORMAL,1,0.98,0,883.5,29.1,32.0,0.06,17,64,25,30,60,0.999091587393268,0.17320508075688776
2026-08-31T23:00:13.456,128452703,P042,rhythm_normal,NORMAL,,,,1795,472285,103248,115278,103454.62,115594.9,-206.62,-316.9,-519.19,404.09,False,False,nan,True,0.9502,71.43,98.38,True,0,NORMAL,1,0.98,0,883.5,29.1,32.0,0.06,17,64,25,30,60,0.9992652300565651,0.714142842854285
2026-08-31T23:00:13.466,128452718,P042,rhythm_normal,NORMAL,,,,1796,472325,103316,115506,103451.84,115593.12,-135.84,-87.12,-411.17,404.23,False,False,nan,True,0.9502,71.43,98.38,True,0,NORMAL,1,0.98,0,883.5,29.1,32.0,0.06,17,64,25,30,60,0.9992652300565651,0.714142842854285
2026-08-31T23:00:13.476,128452734,P042,rhythm_normal,NORMAL,,,,1797,472365,103381,115646,103450.43,115594.17,-69.43,51.83,-295.42,402.05,False,False,nan,True,0.9502,71.43,98.38,True,0,NORMAL,1,0.98,0,883.5,29.1,32.0,0.06,17,64,25,30,60,0.9992652300565651,0.714142842854285
2026-08-31T23:00:13.498,128452750,P042,rhythm_normal,NORMAL,,,,1798,472405,103429,115768,103450.0,115597.65,-21.0,170.35,-178.98,397.59,False,False,nan,True,0.9502,71.43,98.38,True,0,NORMAL,1,0.98,0,883.5,29.1,32.0,0.06,17,64,25,30,60,0.9992652300565651,0.714142842854285
2026-08-31T23:00:13.523,128452781,P042,rhythm_normal,NORMAL,,,,1799,472445,103449,115817,103449.98,115602.04,-0.98,214.96,-80.49,391.25,False,False,nan,True,0.9502,71.43,98.38,True,0,NORMAL,1,0.98,0,883.5,29.1,32.0,0.06,17,64,25,30,60,0.9992652300565651,0.714142842854285
2026-08-31T23:00:13.651,128452906,P042,rhythm_normal,NORMAL,,,,1800,472485,103463,115869,103450.23,115607.38,12.77,261.62,5.04,383.52,False,False,nan,True,0.9502,71.43,98.38,True,0,NORMAL,1,0.98,0,883.5,29.1,32.0,0.06,17,64,25,30,60,0.9997349648781921,0.1
2026-08-31T23:00:13.676,128452921,P042,rhythm_normal,NORMAL,,,,1801,472525,103541,115953,103452.05,115614.29,88.95,338.71,88.46,377.62,False,False,nan,True,0.9502,71.43,98.38,True,0,NORMAL,1,0.98,0,883.5,29.1,32.0,0.06,17,64,25,30,60,0.9997349648781921,0.1
2026-08-31T23:00:13.687,128452937,P042,rhythm_normal,NORMAL,,,,1802,472565,103544,116106,103453.88,115624.12,90.12,481.88,186.81,373.81,False,False,nan,True,0.9502,71.43,98.38,True,0,NORMAL,1,0.98,0,883.5,29.1,32.0,0.06,17,64,25,30,60,0.9997349648781921,0.1
2026-08-31T23:00:13.698,128452953,P042,rhythm_normal,NORMAL,,,,1803,472605,103493,115888,103454.66,115629.41,38.34,258.59,204.76,370.43,False,False,nan,True,0.9502,71.43,98.38,True,0,NORMAL,1,0.98,0,883.5,29.1,32.0,0.06,17,64,25,30,60,0.9997349648781921,0.1
2026-08-31T23:00:13.734,128452984,P042,rhythm_normal,NORMAL,,,,1804,472645,103059,114847,103446.75,115613.76,-387.75,-766.76,-38.12,363.78,True,True,800.0,True,0.9506,73.17,98.38,True,0,NORMAL,1,0.98,0,883.5,29.1,32.0,0.06,17,64,25,30,60,0.9997349648781921,0.1
2026-08-31T23:00:13.854,128453109,P042,rhythm_normal,NORMAL,,,,1805,472685,102905,114450,103435.91,115590.48,-530.91,-1140.48,-313.71,362.78,False,False,nan,True,0.9506,73.17,98.38,True,0,NORMAL,1,0.98,0,883.5,29.1,32.0,0.06,17,64,25,30,60,0.9995163830573264,0.17320508075688776
2026-08-31T23:00:13.887,128453140,P042,rhythm_normal,NORMAL,,,,1806,472725,102879,114429,103424.77,115567.26,-545.77,-1138.26,-519.85,365.92,False,False,nan,True,0.9506,73.17,98.38,True,0,NORMAL,1,0.98,0,883.5,29.1,32.0,0.06,17,64,25,30,60,0.9995163830573264,0.17320508075688776
2026-08-31T23:00:13.896,128453140,P042,rhythm_normal,NORMAL,,,,1807,472765,102957,114544,103415.42,115546.79,-458.42,-1002.79,-640.58,371.41,False,False,nan,True,0.9506,73.17,98.38,True,0,NORMAL,1,0.98,0,883.5,29.1,32.0,0.06,17,64,25,30,60,0.9995163830573264,0.17320508075688776
2026-08-31T23:00:13.903,128453156,P042,rhythm_normal,NORMAL,,,,1808,472805,102919,114560,103405.49,115527.05,-486.49,-967.05,-722.2,378.43,False,False,nan,True,0.9506,73.17,98.38,True,0,NORMAL,1,0.98,0,883.5,29.1,32.0,0.06,17,64,25,30,60,0.9995163830573264,0.17320508075688776
2026-08-31T23:00:13.935,128453187,P042,rhythm_normal,NORMAL,,,,1809,472845,102936,114617,103396.1,115508.85,-460.1,-891.85,-764.61,386.15,False,False,nan,True,0.9506,73.17,98.38,True,0,NORMAL,1,0.98,0,883.5,29.1,32.0,0.06,17,64,25,30,60,0.9995163830573264,0.17320508075688776
2026-08-31T23:00:14.051,128453296,P042,rhythm_normal,NORMAL,,,,1810,472885,102973,114705,103387.64,115492.77,-414.64,-787.77,-770.4,393.84,False,False,nan,True,0.9506,73.17,98.38,True,0,NORMAL,1,0.98,0,883.5,29.1,32.0,0.06,17,64,25,30,60,0.999091587393268,0.24494897427831783
2026-08-31T23:00:14.078,128453328,P042,rhythm_normal,NORMAL,,,,1811,472925,102965,114650,103379.19,115475.92,-414.19,-825.92,-784.28,401.65,False,False,nan,True,0.9506,73.17,98.38,True,0,NORMAL,1,0.98,0,883.5,29.1,32.0,0.06,17,64,25,30,60,0.999091587393268,0.24494897427831783
2026-08-31T23:00:14.086,128453343,P042,rhythm_normal,NORMAL,,,,1812,472965,102925,114597,103370.1,115458.34,-445.1,-861.34,-803.55,409.68,False,False,nan,True,0.9506,73.17,98.38,True,0,NORMAL,1,0.98,0,883.5,29.1,32.0,0.06,17,64,25,30,60,0.999091587393268,0.24494897427831783
2026-08-31T23:00:14.098,128453343,P042,rhythm_normal,NORMAL,,,,1813,473005,102978,114659,103362.26,115442.36,-384.26,-783.36,-798.5,417.46,False,False,nan,True,0.9506,73.17,98.38,True,0,NORMAL,1,0.98,0,883.5,29.1,32.0,0.06,17,64,25,30,60,0.999091587393268,0.24494897427831783
2026-08-31T23:00:14.127,128453375,P042,rhythm_normal,NORMAL,,,,1814,473045,103052,114833,103356.05,115430.17,-304.05,-597.17,-748.17,424.08,False,False,nan,True,0.9506,73.17,98.38,True,0,NORMAL,1,0.98,0,883.5,29.1,32.0,0.06,17,64,25,30,60,0.999091587393268,0.24494897427831783
2026-08-31T23:00:14.246,128453500,P042,rhythm_normal,NORMAL,,,,1815,473085,103121,115033,103351.35,115422.23,-230.35,-389.23,-658.43,428.76,False,False,nan,True,0.9506,73.17,98.38,True,0,NORMAL,1,0.98,0,883.5,29.1,32.0,0.06,17,64,25,30,60,0.999310262130836,0.17320508075688776
2026-08-31T23:00:14.271,128453515,P042,rhythm_normal,NORMAL,,,,1816,473125,103195,115201,103348.23,115417.8,-153.23,-216.8,-548.03,431.15,False,False,nan,True,0.9506,73.17,98.38,True,0,NORMAL,1,0.98,0,883.5,29.1,32.0,0.06,17,64,25,30,60,0.999310262130836,0.17320508075688776
2026-08-31T23:00:14.279,128453531,P042,rhythm_normal,NORMAL,,,,1817,473165,103244,115323,103346.14,115415.91,-102.14,-92.91,-434.25,431.21,False,False,nan,True,0.9506,73.17,98.38,True,0,NORMAL,1,0.98,0,883.5,29.1,32.0,0.06,17,64,25,30,60,0.999310262130836,0.17320508075688776
2026-08-31T23:00:14.286,128453531,P042,rhythm_normal,NORMAL,,,,1818,473205,103270,115415,103344.62,115415.89,-74.62,-0.89,-325.91,429.1,False,False,nan,True,0.9506,73.17,98.38,True,0,NORMAL,1,0.98,0,883.5,29.1,32.0,0.06,17,64,25,30,60,0.999310262130836,0.17320508075688776
2026-08-31T23:00:14.321,128453578,P042,rhythm_normal,NORMAL,,,,1819,473245,103273,115471,103343.19,115416.99,-70.19,54.01,-230.93,425.14,False,False,nan,True,0.9506,73.17,98.38,True,0,NORMAL,1,0.98,0,883.5,29.1,32.0,0.06,17,64,25,30,60,0.999310262130836,0.17320508075688776
2026-08-31T23:00:14.447,128453703,P042,rhythm_normal,NORMAL,,,,1820,473285,103299,115501,103342.3,115418.67,-43.3,82.33,-152.61,419.69,False,False,nan,True,0.9506,73.17,98.38,True,0,NORMAL,1,0.98,0,883.5,29.1,32.0,0.06,17,64,25,30,60,0.9995163830573264,0.17320508075688776
2026-08-31T23:00:14.469,128453718,P042,rhythm_normal,NORMAL,,,,1821,473325,103325,115607,103341.96,115422.44,-16.96,184.56,-68.32,412.66,False,False,nan,True,0.9506,73.17,98.38,True,0,NORMAL,1,0.98,0,883.5,29.1,32.0,0.06,17,64,25,30,60,0.9995163830573264,0.17320508075688776
2026-08-31T23:00:14.486,128453734,P042,rhythm_normal,NORMAL,,,,1822,473365,103401,115790,103343.14,115429.79,57.86,360.21,38.81,405.19,False,False,nan,True,0.9506,73.17,98.38,True,0,NORMAL,1,0.98,0,883.5,29.1,32.0,0.06,17,64,25,30,60,0.9995163830573264,0.17320508075688776
2026-08-31T23:00:14.497,128453750,P042,rhythm_normal,NORMAL,,,,1823,473405,103463,115990,103345.54,115440.99,117.46,549.01,166.36,400.41,False,False,nan,True,0.9506,73.17,98.38,True,0,NORMAL,1,0.98,0,883.5,29.1,32.0,0.06,17,64,25,30,60,0.9995163830573264,0.17320508075688776
2026-08-31T23:00:14.533,128453781,P042,rhythm_normal,NORMAL,,,,1824,473445,103389,115787,103346.41,115447.91,42.59,339.09,209.54,396.59,False,False,nan,True,0.9506,73.17,98.38,True,0,NORMAL,1,0.98,0,883.5,29.1,32.0,0.06,17,64,25,30,60,0.9995163830573264,0.17320508075688776
2026-08-31T23:00:14.652,128453906,P042,rhythm_normal,NORMAL,,,,1825,473485,102865,114537,103336.78,115429.7,-471.78,-892.7,-66.02,389.98,True,True,840.0,True,0.9506,73.17,98.38,True,0,NORMAL,1,0.98,0,883.5,29.1,32.0,0.06,17,64,25,30,60,0.9997349648781921,0.17320508075688776
2026-08-31T23:00:14.678,128453921,P042,rhythm_normal,NORMAL,,,,1826,473525,102670,114091,103323.45,115402.92,-653.45,-1311.92,-377.49,389.73,False,False,nan,True,0.9506,73.17,98.38,True,0,NORMAL,1,0.98,0,883.5,29.1,32.0,0.06,17,64,25,30,60,0.9997349648781921,0.17320508075688776
2026-08-31T23:00:14.684,128453937,P042,rhythm_normal,NORMAL,,,,1827,473565,102688,114124,103310.73,115377.34,-622.73,-1253.34,-596.46,393.86,False,False,nan,True,0.9506,73.17,98.38,True,0,NORMAL,1,0.98,0,883.5,29.1,32.0,0.06,17,64,25,30,60,0.9997349648781921,0.17320508075688776
2026-08-31T23:00:14.693,128453937,P042,rhythm_normal,NORMAL,,,,1828,473605,102741,114279,103299.34,115355.38,-558.34,-1076.38,-716.44,400.32,False,False,nan,True,0.9506,73.17,98.38,True,0,NORMAL,1,0.98,0,883.5,29.1,32.0,0.06,17,64,25,30,60,0.9997349648781921,0.17320508075688776
2026-08-31T23:00:14.731,128453984,P042,rhythm_normal,NORMAL,,,,1829,473645,102765,114346,103288.65,115335.19,-523.65,-989.19,-784.62,408.0,False,False,nan,True,0.9506,73.17,98.38,True,0,NORMAL,1,0.98,0,883.5,29.1,32.0,0.06,17,64,25,30,60,0.9997349648781921,0.17320508075688776
2026-08-31T23:00:14.850,128454093,P042,rhythm_normal,NORMAL,,,,1830,473685,102789,114417,103278.66,115316.82,-489.66,-899.82,-813.42,416.11,False,False,nan,True,0.9506,73.17,98.38,True,0,NORMAL,1,0.98,0,883.5,29.1,32.0,0.06,17,64,25,30,60,0.999091587393268,0.17320508075688776
2026-08-31T23:00:14.863,128454109,P042,rhythm_normal,NORMAL,,,,1831,473725,102851,114562,103270.1,115301.73,-419.1,-739.73,-795.0,423.69,False,False,nan,True,0.9506,73.17,98.38,True,0,NORMAL,1,0.98,0,883.5,29.1,32.0,0.06,17,64,25,30,60,0.999091587393268,0.17320508075688776
2026-08-31T23:00:14.882,128454125,P042,rhythm_normal,NORMAL,,,,1832,473765,102827,114532,103261.24,115286.34,-434.24,-754.34,-784.83,430.91,False,False,nan,True,0.9506,73.17,98.38,True,0,NORMAL,1,0.98,0,883.5,29.1,32.0,0.06,17,64,25,30,60,0.999091587393268,0.17320508075688776
2026-08-31T23:00:14.900,128454156,P042,rhythm_normal,NORMAL,,,,1833,473805,102793,114455,103251.88,115269.71,-458.88,-814.71,-792.3,438.14,False,False,nan,True,0.9506,73.17,98.38,True,0,NORMAL,1,0.98,0,883.5,29.1,32.0,0.06,17,64,25,30,60,0.999091587393268,0.17320508075688776
2026-08-31T23:00:14.924,128454171,P042,rhythm_normal,NORMAL,,,,1834,473845,102816,114524,103243.16,115254.8,-427.16,-730.8,-776.93,444.91,False,False,nan,True,0.9506,73.17,98.38,True,0,NORMAL,1,0.98,0,883.5,29.1,32.0,0.06,17,64,25,30,60,0.999091587393268,0.17320508075688776
2026-08-31T23:00:15.051,128454296,P042,rhythm_normal,NORMAL,,,,1835,473885,102888,114706,103236.05,115243.82,-348.05,-537.82,-717.15,450.36,False,False,nan,True,0.9506,73.17,98.38,True,0,NORMAL,1,0.98,0,883.5,29.1,32.0,0.06,17,64,25,30,60,0.999310262130836,0.17320508075688776
2026-08-31T23:00:15.082,128454328,P042,rhythm_normal,NORMAL,,,,1836,473925,102975,114933,103230.84,115237.6,-255.84,-304.6,-614.01,453.63,False,False,nan,True,0.9506,73.17,98.38,True,0,NORMAL,1,0.98,0,883.5,29.1,32.0,0.06,17,64,25,30,60,0.999310262130836,0.17320508075688776
2026-08-31T23:00:15.109,128454359,P042,rhythm_normal,NORMAL,,,,1837,473965,103050,115111,103227.22,115235.07,-177.22,-124.07,-491.53,454.39,False,False,nan,True,0.9506,73.17,98.38,True,0,NORMAL,1,0.98,0,883.5,29.1,32.0,0.06,17,64,25,30,60,0.999310262130836,0.17320508075688776
2026-08-31T23:00:15.116,128454375,P042,rhythm_normal,NORMAL,,,,1838,474005,103092,115244,103224.52,115235.25,-132.52,8.75,-366.46,452.63,False,False,nan,True,0.9506,73.17,98.38,True,0,NORMAL,1,0.98,0,883.5,29.1,32.0,0.06,17,64,25,30,60,0.999310262130836,0.17320508075688776
2026-08-31T23:00:15.152,128454406,P042,rhythm_normal,NORMAL,,,,1839,474045,103135,115358,103222.73,115237.7,-87.73,120.3,-244.77,448.47,False,False,nan,True,0.9506,73.17,98.38,True,0,NORMAL,1,0.98,0,883.5,29.1,32.0,0.06,17,64,25,30,60,0.999310262130836,0.17320508075688776
2026-08-31T23:00:15.241,128454500,P042,rhythm_normal,NORMAL,,,,1840,474085,103163,115409,103221.53,115241.13,-58.53,167.87,-141.61,442.34,False,False,nan,True,0.9506,73.17,98.38,True,0,NORMAL,1,0.98,0,883.5,29.1,32.0,0.06,17,64,25,30,60,0.9997349648781921,0.17320508075688776
2026-08-31T23:00:15.268,128454515,P042,rhythm_normal,NORMAL,,,,1841,474125,103181,115486,103220.72,115246.03,-39.72,239.97,-46.22,434.41,False,False,nan,True,0.9506,73.17,98.38,True,0,NORMAL,1,0.98,0,883.5,29.1,32.0,0.06,17,64,25,30,60,0.9997349648781921,0.17320508075688776
2026-08-31T23:00:15.284,128454531,P042,rhythm_normal,NORMAL,,,,1842,474165,103234,115613,103220.98,115253.37,13.02,359.63,55.25,426.83,False,False,nan,True,0.9506,73.17,98.38,True,0,NORMAL,1,0.98,0,883.5,29.1,32.0,0.06,17,64,25,30,60,0.9997349648781921,0.17320508075688776
2026-08-31T23:00:15.299,128454546,P042,rhythm_normal,NORMAL,,,,1843,474205,103287,115762,103222.3,115263.54,64.7,498.46,166.05,421.62,False,False,nan,True,0.9506,73.17,98.38,True,0,NORMAL,1,0.98,0,883.5,29.1,32.0,0.06,17,64,25,30,60,0.9997349648781921,0.17320508075688776
2026-08-31T23:00:15.319,128454562,P042,rhythm_normal,NORMAL,,,,1844,474245,103371,115987,103225.28,115278.01,145.72,708.99,301.79,419.22,False,False,nan,True,0.9506,73.17,98.38,True,0,NORMAL,1,0.98,0,883.5,29.1,32.0,0.06,17,64,25,30,60,0.9997349648781921,0.17320508075688776
2026-08-31T23:00:15.450,128454703,P042,rhythm_normal,NORMAL,,,,1845,474285,103423,116102,103229.23,115294.48,193.77,807.52,428.22,419.4,False,False,nan,True,0.9506,73.17,98.38,True,0,NORMAL,1,0.97,0,848.2,51.2,35.0,0.06,17,56,26,30,60,0.999310262130836,0.17320508075688776
2026-08-31T23:00:15.487,128454734,P042,rhythm_normal,NORMAL,,,,1846,474325,102988,115045,103224.41,115289.49,-236.41,-244.49,260.04,416.21,True,True,840.0,True,0.9506,73.17,98.38,True,0,NORMAL,1,0.97,0,848.2,51.2,35.0,0.06,17,56,26,30,60,0.999310262130836,0.17320508075688776
2026-08-31T23:00:15.499,128454750,P042,rhythm_normal,NORMAL,,,,1847,474365,102652,114255,103212.96,115268.8,-560.96,-1013.8,-58.42,409.06,False,False,nan,True,0.9506,73.17,98.38,True,0,NORMAL,1,0.97,0,848.2,51.2,35.0,0.06,17,56,26,30,60,0.999310262130836,0.17320508075688776
2026-08-31T23:00:15.530,128454781,P042,rhythm_normal,NORMAL,,,,1848,474405,102624,114202,103201.18,115247.47,-577.18,-1045.47,-305.18,406.98,False,False,nan,True,0.9506,73.17,98.38,True,0,NORMAL,1,0.97,0,848.2,51.2,35.0,0.06,17,56,26,30,60,0.999310262130836,0.17320508075688776
2026-08-31T23:00:15.547,128454796,P042,rhythm_normal,NORMAL,,,,1849,474445,102708,114379,103191.31,115230.1,-483.31,-851.1,-441.66,407.67,False,False,nan,True,0.9506,73.17,98.38,True,0,NORMAL,1,0.97,0,848.2,51.2,35.0,0.06,17,56,26,30,60,0.999310262130836,0.17320508075688776
2026-08-31T23:00:15.654,128454906,P042,rhythm_normal,NORMAL,,,,1850,474485,102768,114537,103182.84,115216.24,-414.84,-679.24,-501.06,409.54,False,False,nan,True,0.9506,73.17,98.38,True,0,NORMAL,1,0.97,0,848.2,51.2,35.0,0.06,17,56,26,30,60,0.999310262130836,0.17320508075688776
2026-08-31T23:00:15.672,128454921,P042,rhythm_normal,NORMAL,,,,1851,474525,102794,114623,103175.07,115204.38,-381.07,-581.38,-521.14,411.77,False,False,nan,True,0.9506,73.17,98.38,True,0,NORMAL,1,0.97,0,848.2,51.2,35.0,0.06,17,56,26,30,60,0.999310262130836,0.17320508075688776
2026-08-31T23:00:15.693,128454937,P042,rhythm_normal,NORMAL,,,,1852,474565,102843,114744,103168.43,115195.16,-325.43,-451.16,-503.64,413.61,False,False,nan,True,0.9506,73.17,98.38,True,0,NORMAL,1,0.97,0,848.2,51.2,35.0,0.06,17,56,26,30,60,0.999310262130836,0.17320508075688776
2026-08-31T23:00:15.697,128454953,P042,rhythm_normal,NORMAL,,,,1853,474605,102818,114703,103161.42,115185.32,-343.42,-482.32,-498.31,415.3,False,False,nan,True,0.9506,73.17,98.38,True,0,NORMAL,1,0.97,0,848.2,51.2,35.0,0.06,17,56,26,30,60,0.999310262130836,0.17320508075688776
2026-08-31T23:00:15.721,128454968,P042,rhythm_normal,NORMAL,,,,1854,474645,102763,114577,103153.45,115173.16,-390.45,-596.16,-522.77,417.45,False,False,nan,True,0.9506,73.17,98.38,True,0,NORMAL,1,0.97,0,848.2,51.2,35.0,0.06,17,56,26,30,60,0.999310262130836,0.17320508075688776
2026-08-31T23:00:15.884,128455140,P042,rhythm_normal,NORMAL,,,,1855,474685,102759,114585,103145.56,115161.39,-386.56,-576.39,-536.18,419.83,False,False,nan,True,0.9506,73.17,98.38,True,0,NORMAL,1,0.97,0,848.2,51.2,35.0,0.06,17,56,26,30,60,0.999310262130836,0.17320508075688776
2026-08-31T23:00:15.888,128455140,P042,rhythm_normal,NORMAL,,,,1856,474725,102835,114764,103139.35,115153.45,-304.35,-389.45,-499.49,421.42,False,False,nan,True,0.9506,73.17,98.38,True,0,NORMAL,1,0.97,0,848.2,51.2,35.0,0.06,17,56,26,30,60,0.999310262130836,0.17320508075688776
2026-08-31T23:00:15.893,128455140,P042,rhythm_normal,NORMAL,,,,1857,474765,102925,114999,103135.06,115150.36,-210.06,-151.36,-412.46,421.24,False,False,nan,True,0.9506,73.17,98.38,True,0,NORMAL,1,0.97,0,848.2,51.2,35.0,0.06,17,56,26,30,60,0.999310262130836,0.17320508075688776
2026-08-31T23:00:15.899,128455156,P042,rhythm_normal,NORMAL,,,,1858,474805,103001,115188,103132.38,115151.11,-131.38,36.89,-300.12,418.82,False,False,nan,True,0.9506,73.17,98.38,True,0,NORMAL,1,0.97,0,848.2,51.2,35.0,0.06,17,56,26,30,60,0.999310262130836,0.17320508075688776
2026-08-31T23:00:15.920,128455171,P042,rhythm_normal,NORMAL,,,,1859,474845,103053,115330,103130.8,115154.69,-77.8,175.31,-181.26,414.07,False,False,nan,True,0.9506,73.17,98.38,True,0,NORMAL,1,0.97,0,848.2,51.2,35.0,0.06,17,56,26,30,60,0.999310262130836,0.17320508075688776
2026-08-31T23:00:16.053,128455296,P042,rhythm_normal,NORMAL,,,,1860,474885,103081,115427,103129.8,115160.13,-48.8,266.87,-69.23,407.17,False,False,nan,True,0.9506,73.17,98.38,True,0,NORMAL,1,0.97,0,848.2,51.2,35.0,0.06,17,56,26,30,60,0.999310262130836,0.24494897427831783
2026-08-31T23:00:16.060,128455312,P042,rhythm_normal,NORMAL,,,,1861,474925,103101,115461,103129.23,115166.15,-28.23,294.85,21.79,399.46,False,False,nan,True,0.9506,73.17,96.51,True,0,NORMAL,1,0.97,0,848.2,51.2,35.0,0.06,17,56,26,30,60,0.999310262130836,0.24494897427831783
2026-08-31T23:00:16.084,128455328,P042,rhythm_normal,NORMAL,,,,1862,474965,103130,115534,103129.24,115173.51,0.76,360.49,106.47,393.6,False,False,nan,True,0.9506,73.17,96.51,True,0,NORMAL,1,0.97,0,848.2,51.2,35.0,0.06,17,56,26,30,60,0.999310262130836,0.24494897427831783
2026-08-31T23:00:16.092,128455343,P042,rhythm_normal,NORMAL,,,,1863,475005,103169,115658,103130.04,115183.2,38.96,474.8,198.55,389.7,False,False,nan,True,0.9506,73.17,96.51,True,0,NORMAL,1,0.97,0,848.2,51.2,35.0,0.06,17,56,26,30,60,0.999310262130836,0.24494897427831783
2026-08-31T23:00:16.120,128455375,P042,rhythm_normal,NORMAL,,,,1864,475045,103216,115784,103131.76,115195.21,84.24,588.79,296.11,387.83,False,False,nan,True,0.9506,73.17,96.51,True,0,NORMAL,1,0.97,0,848.2,51.2,35.0,0.06,17,56,26,30,60,0.999310262130836,0.24494897427831783
2026-08-31T23:00:16.255,128455500,P042,rhythm_normal,NORMAL,,,,1865,475085,103141,115597,103131.95,115203.25,9.05,393.75,320.52,386.48,False,False,nan,True,0.9506,73.17,96.51,True,0,NORMAL,1,0.97,0,848.2,51.2,35.0,0.06,17,56,26,30,60,0.999310262130836,0.17320508075688776
2026-08-31T23:00:16.267,128455515,P042,rhythm_normal,NORMAL,,,,1866,475125,102702,114518,103123.34,115189.55,-421.34,-671.55,72.5,380.21,True,True,800.0,True,0.9584,75.0,96.51,True,0,NORMAL,1,0.97,0,848.2,51.2,35.0,0.06,17,56,26,30,60,0.999310262130836,0.17320508075688776
2026-08-31T23:00:16.291,128455546,P042,rhythm_normal,NORMAL,,,,1867,475165,102530,114141,103111.48,115168.58,-581.48,-1027.58,-202.52,376.65,False,False,nan,True,0.9584,75.0,96.51,True,0,NORMAL,1,0.97,0,848.2,51.2,35.0,0.06,17,56,26,30,60,0.999310262130836,0.17320508075688776
2026-08-31T23:00:16.301,128455546,P042,rhythm_normal,NORMAL,,,,1868,475205,102567,114230,103100.59,115149.8,-533.59,-919.8,-381.84,376.76,False,False,nan,True,0.9584,75.0,96.51,True,0,NORMAL,1,0.97,0,848.2,51.2,35.0,0.06,17,56,26,30,60,0.999310262130836,0.17320508075688776
2026-08-31T23:00:16.328,128455578,P042,rhythm_normal,NORMAL,,,,1869,475245,102645,114439,103091.48,115135.59,-446.48,-696.59,-460.53,378.43,False,False,nan,True,0.9584,75.0,96.51,True,0,NORMAL,1,0.97,0,848.2,51.2,35.0,0.06,17,56,26,30,60,0.999310262130836,0.17320508075688776
2026-08-31T23:00:16.443,128455687,P042,rhythm_normal,NORMAL,,,,1870,475285,102699,114564,103083.62,115124.16,-384.62,-560.16,-485.43,380.57,False,False,nan,True,0.9584,75.0,96.51,True,0,NORMAL,1,0.97,0,848.2,51.2,35.0,0.06,17,56,26,30,60,1.0006133119242417,0.17320508075688776
2026-08-31T23:00:16.471,128455718,P042,rhythm_normal,NORMAL,,,,1871,475325,102764,114752,103077.23,115116.71,-313.23,-364.71,-455.25,382.06,False,False,nan,True,0.9584,75.0,96.51,True,0,NORMAL,1,0.97,0,848.2,51.2,35.0,0.06,17,56,26,30,60,1.0006133119242417,0.17320508075688776
2026-08-31T23:00:16.485,128455734,P042,rhythm_normal,NORMAL,,,,1872,475365,102804,114835,103071.77,115111.08,-267.77,-276.08,-410.46,382.63,False,False,nan,True,0.9584,75.0,96.51,True,0,NORMAL,1,0.97,0,848.2,51.2,35.0,0.06,17,56,26,30,60,1.0006133119242417,0.17320508075688776
2026-08-31T23:00:16.504,128455750,P042,rhythm_normal,NORMAL,,,,1873,475405,102720,114634,103064.73,115101.54,-344.73,-467.54,-424.73,383.47,False,False,nan,True,0.9584,75.0,96.51,True,0,NORMAL,1,0.97,0,848.2,51.2,35.0,0.06,17,56,26,30,60,1.0006133119242417,0.17320508075688776
2026-08-31T23:00:16.528,128455781,P042,rhythm_normal,NORMAL,,,,1874,475445,102683,114565,103057.1,115090.8,-374.1,-525.8,-450.0,384.8,False,False,nan,True,0.9584,75.0,96.51,True,0,NORMAL,1,0.97,0,848.2,51.2,35.0,0.06,17,56,26,30,60,1.0006133119242417,0.17320508075688776
2026-08-31T23:00:16.643,128455890,P042,rhythm_normal,NORMAL,,,,1875,475485,102734,114699,103050.64,115082.97,-316.64,-383.97,-433.49,385.78,False,False,nan,True,0.9584,75.0,96.51,True,0,NORMAL,1,0.97,0,848.2,51.2,35.0,0.06,17,56,26,30,60,0.999091587393268,0.17320508075688776
2026-08-31T23:00:16.665,128455921,P042,rhythm_normal,NORMAL,,,,1876,475525,102836,114982,103046.35,115080.95,-210.35,-98.95,-349.86,385.06,False,False,nan,True,0.9584,75.0,96.51,True,0,NORMAL,1,0.97,0,848.2,51.2,35.0,0.06,17,56,26,30,60,0.999091587393268,0.17320508075688776
2026-08-31T23:00:16.673,128455921,P042,rhythm_normal,NORMAL,,,,1877,475565,102947,115225,103044.37,115083.84,-97.37,141.16,-227.1,381.9,False,False,nan,True,0.9584,75.0,96.51,True,0,NORMAL,1,0.97,0,848.2,51.2,35.0,0.06,17,56,26,30,60,0.999091587393268,0.17320508075688776
2026-08-31T23:00:16.694,128455937,P042,rhythm_normal,NORMAL,,,,1878,475605,103003,115384,103043.54,115089.84,-40.54,294.16,-96.78,376.2,False,False,nan,True,0.9584,75.0,96.51,True,0,NORMAL,1,0.97,0,848.2,51.2,35.0,0.06,17,56,26,30,60,0.999091587393268,0.17320508075688776
2026-08-31T23:00:16.719,128455968,P042,rhythm_normal,NORMAL,,,,1879,475645,103054,115540,103043.75,115098.84,10.25,441.16,37.7,369.43,False,False,nan,True,0.9584,75.0,96.51,True,0,NORMAL,1,0.97,0,848.2,51.2,35.0,0.06,17,56,26,30,60,0.999091587393268,0.17320508075688776
2026-08-31T23:00:16.843,128456093,P042,rhythm_normal,NORMAL,,,,1880,475685,103106,115653,103044.99,115109.92,61.01,543.08,164.05,365.32,False,False,nan,True,0.9584,75.0,96.51,True,0,NORMAL,1,0.97,0,848.2,51.2,35.0,0.06,17,56,26,30,60,0.999310262130836,0.17320508075688776
2026-08-31T23:00:16.865,128456109,P042,rhythm_normal,NORMAL,,,,1881,475725,103127,115707,103046.63,115121.87,80.37,585.13,269.32,363.4,False,False,nan,True,0.9584,75.0,96.51,True,0,NORMAL,1,0.97,0,848.2,51.2,35.0,0.06,17,56,26,30,60,0.999310262130836,0.17320508075688776
2026-08-31T23:00:16.884,128456140,P042,rhythm_normal,NORMAL,,,,1882,475765,103132,115729,103048.34,115134.01,83.66,594.99,350.74,363.15,False,False,nan,True,0.9584,75.0,96.51,True,0,NORMAL,1,0.97,0,848.2,51.2,35.0,0.06,17,56,26,30,60,0.999310262130836,0.17320508075688776
2026-08-31T23:00:16.912,128456156,P042,rhythm_normal,NORMAL,,,,1883,475805,103184,115860,103051.05,115148.53,132.95,711.47,440.92,364.7,False,False,nan,True,0.9584,75.0,96.51,True,0,NORMAL,1,0.97,0,848.2,51.2,35.0,0.06,17,56,26,30,60,0.999310262130836,0.17320508075688776
2026-08-31T23:00:16.942,128456187,P042,rhythm_normal,NORMAL,,,,1884,475845,103251,116035,103055.05,115166.26,195.95,868.74,547.88,368.37,False,False,nan,True,0.9584,75.0,96.51,True,0,NORMAL,1,0.97,0,848.2,51.2,35.0,0.06,17,56,26,30,60,0.999310262130836,0.17320508075688776
2026-08-31T23:00:17.057,128456312,P042,rhythm_normal,NORMAL,,,,1885,475885,103194,115890,103057.84,115180.73,136.16,709.27,588.22,372.76,False,False,nan,True,0.9584,75.0,96.51,True,0,NORMAL,1,0.97,0,848.2,51.2,35.0,0.06,17,56,26,30,60,0.999310262130836,0.17320508075688776
2026-08-31T23:00:17.070,128456328,P042,rhythm_normal,NORMAL,,,,1886,475925,102655,114567,103049.78,115168.46,-394.78,-601.46,290.8,371.12,True,True,800.0,True,0.9612,75.0,96.51,True,0,NORMAL,1,0.97,0,848.2,51.2,35.0,0.06,17,56,26,30,60,0.999310262130836,0.17320508075688776
2026-08-31T23:00:17.100,128456343,P042,rhythm_normal,NORMAL,,,,1887,475965,102429,114018,103037.37,115145.45,-608.37,-1127.45,-63.76,364.98,False,False,nan,True,0.9612,75.0,96.51,True,0,NORMAL,1,0.97,0,848.2,51.2,35.0,0.06,17,56,26,30,60,0.999310262130836,0.17320508075688776
2026-08-31T23:00:17.107,128456359,P042,rhythm_normal,NORMAL,,,,1888,476005,102441,114043,103025.44,115123.41,-584.44,-1080.41,-317.92,364.04,False,False,nan,True,0.9612,75.0,96.51,True,0,NORMAL,1,0.97,0,848.2,51.2,35.0,0.06,17,56,26,30,60,0.999310262130836,0.17320508075688776
2026-08-31T23:00:17.138,128456390,P042,rhythm_normal,NORMAL,,,,1889,476045,102511,114209,103015.15,115105.12,-504.15,-896.12,-462.47,366.0,False,False,nan,True,0.9612,75.0,96.51,True,0,NORMAL,1,0.97,0,848.2,51.2,35.0,0.06,17,56,26,30,60,0.999310262130836,0.17320508075688776
2026-08-31T23:00:17.247,128456500,P042,rhythm_normal,NORMAL,,,,1890,476085,102536,114293,103005.56,115088.88,-469.56,-795.88,-545.82,369.6,False,False,nan,True,0.9612,75.0,96.51,True,0,NORMAL,1,0.97,0,848.2,51.2,35.0,0.06,17,56,26,30,60,0.999310262130836,0.17320508075688776
2026-08-31T23:00:17.257,128456515,P042,rhythm_normal,NORMAL,,,,1891,476125,102567,114376,102996.79,115074.62,-429.79,-698.62,-584.02,373.89,False,False,nan,True,0.9612,75.0,96.51,True,0,NORMAL,1,0.97,0,848.2,51.2,35.0,0.06,17,56,26,30,60,0.999310262130836,0.17320508075688776
2026-08-31T23:00:17.278,128456531,P042,rhythm_normal,NORMAL,,,,1892,476165,102627,114534,102989.39,115063.8,-362.39,-529.8,-570.47,377.82,False,False,nan,True,0.9612,75.0,96.51,True,0,NORMAL,1,0.97,0,848.2,51.2,35.0,0.06,17,56,26,30,60,0.999310262130836,0.17320508075688776
2026-08-31T23:00:17.297,128456546,P042,rhythm_normal,NORMAL,,,,1893,476205,102594,114444,102981.48,115051.41,-387.48,-607.41,-579.7,381.86,False,False,nan,True,0.9612,75.0,96.51,True,0,NORMAL,1,0.97,0,848.2,51.2,35.0,0.06,17,56,26,30,60,0.999310262130836,0.17320508075688776
2026-08-31T23:00:17.324,128456578,P042,rhythm_normal,NORMAL,,,,1894,476245,102551,114353,102972.88,115037.44,-421.88,-684.44,-605.89,386.34,False,False,nan,True,0.9612,75.0,96.51,True,0,NORMAL,1,0.97,0,848.2,51.2,35.0,0.06,17,56,26,30,60,0.999310262130836,0.17320508075688776
2026-08-31T23:00:17.443,128456687,P042,rhythm_normal,NORMAL,,,,1895,476285,102588,114445,102965.18,115025.59,-377.18,-580.59,-599.56,390.6,False,False,nan,True,0.9612,75.0,96.51,True,0,NORMAL,1,0.97,0,848.2,51.2,35.0,0.06,17,56,26,30,60,0.999310262130836,0.17320508075688776
2026-08-31T23:00:17.449,128456703,P042,rhythm_normal,NORMAL,,,,1896,476325,102678,114678,102959.44,115018.63,-281.44,-340.63,-534.83,393.49,False,False,nan,True,0.9612,75.0,96.51,True,0,NORMAL,1,0.97,0,848.2,51.2,35.0,0.06,17,56,26,30,60,0.999310262130836,0.17320508075688776
2026-08-31T23:00:17.469,128456718,P042,rhythm_normal,NORMAL,,,,1897,476365,102794,114994,102956.12,115018.14,-162.12,-24.14,-407.16,393.76,False,False,nan,True,0.9612,75.0,96.51,True,0,NORMAL,1,0.97,0,848.2,51.2,35.0,0.06,17,56,26,30,60,0.999310262130836,0.17320508075688776
2026-08-31T23:00:17.484,128456734,P042,rhythm_normal,NORMAL,,,,1898,476405,102873,115201,102954.46,115021.8,-81.46,179.2,-260.57,391.1,False,False,nan,True,0.9612,75.0,96.51,True,0,NORMAL,1,0.97,0,848.2,51.2,35.0,0.06,17,56,26,30,60,0.999310262130836,0.17320508075688776
2026-08-31T23:00:17.517,128456765,P042,rhythm_normal,NORMAL,,,,1899,476445,102933,115339,102954.03,115028.14,-21.03,310.86,-117.71,385.63,False,False,nan,True,0.9612,75.0,96.51,True,0,NORMAL,1,0.97,0,848.2,51.2,35.0,0.06,17,56,26,30,60,0.999310262130836,0.17320508075688776
2026-08-31T23:00:17.637,128456890,P042,rhythm_normal,NORMAL,,,,1900,476485,102969,115451,102954.33,115036.6,14.67,414.4,15.32,378.22,False,False,nan,True,0.9612,75.0,96.51,True,0,NORMAL,1,0.97,0,848.2,51.2,35.0,0.06,17,56,26,30,60,0.999310262130836,0.17320508075688776
2026-08-31T23:00:17.654,128456906,P042,rhythm_normal,NORMAL,,,,1901,476525,103006,115533,102955.36,115046.53,50.64,486.47,133.1,373.32,False,False,nan,True,0.9612,75.0,96.51,True,0,NORMAL,1,0.97,0,848.2,51.2,35.0,0.06,17,56,26,30,60,0.999310262130836,0.17320508075688776
2026-08-31T23:00:17.661,128456906,P042,rhythm_normal,NORMAL,,,,1902,476565,103022,115606,102956.7,115057.72,65.3,548.28,236.9,370.59,False,False,nan,True,0.9612,75.0,96.51,True,0,NORMAL,1,0.97,0,848.2,51.2,35.0,0.06,17,56,26,30,60,0.999310262130836,0.17320508075688776
2026-08-31T23:00:17.680,128456937,P042,rhythm_normal,NORMAL,,,,1903,476605,103066,115721,102958.88,115070.98,107.12,650.02,340.18,369.98,False,False,nan,True,0.9612,75.0,96.51,True,0,NORMAL,1,0.97,0,848.2,51.2,35.0,0.06,17,56,26,30,60,0.999310262130836,0.17320508075688776
2026-08-31T23:00:17.717,128456968,P042,rhythm_normal,NORMAL,,,,1904,476645,103128,115895,102962.27,115087.46,165.73,807.54,457.02,371.73,False,False,nan,True,0.9612,75.0,96.51,True,0,NORMAL,1,0.97,0,848.2,51.2,35.0,0.06,17,56,26,30,60,0.999310262130836,0.17320508075688776
2026-08-31T23:00:17.839,128457093,P042,rhythm_normal,NORMAL,,,,1905,476685,103218,116126,102967.38,115108.23,250.62,1017.77,597.21,376.23,False,False,nan,True,0.9612,75.0,96.51,True,0,NORMAL,1,0.97,0,848.2,51.2,35.0,0.06,17,56,26,30,60,0.9997349648781921,0.17320508075688776
2026-08-31T23:00:17.853,128457109,P042,rhythm_normal,NORMAL,,,,1906,476725,103292,116319,102973.88,115132.45,318.12,1186.55,744.54,383.6,False,False,nan,True,0.9612,75.0,96.51,True,0,NORMAL,1,0.97,0,848.2,51.2,35.0,0.06,17,56,26,30,60,0.9997349648781921,0.17320508075688776
2026-08-31T23:00:17.858,128457109,P042,rhythm_normal,NORMAL,,,,1907,476765,102934,115392,102973.08,115137.64,-39.08,254.36,622.0,388.37,True,True,840.0,True,0.9584,75.0,96.51,True,0,NORMAL,1,0.97,0,848.2,51.2,35.0,0.06,17,56,26,30,60,0.9997349648781921,0.17320508075688776
2026-08-31T23:00:17.876,128457125,P042,rhythm_normal,NORMAL,,,,1908,476805,102419,114128,102962.0,115117.45,-543.0,-989.45,219.14,384.98,False,False,nan,True,0.9584,75.0,96.51,True,0,NORMAL,1,0.97,0,848.2,51.2,35.0,0.06,17,56,26,30,60,0.9997349648781921,0.17320508075688776
2026-08-31T23:00:17.914,128457171,P042,rhythm_normal,NORMAL,,,,1909,476845,102344,113955,102949.64,115094.2,-605.64,-1139.2,-120.45,379.69,False,False,nan,True,0.9584,75.0,96.51,True,0,NORMAL,1,0.97,0,848.2,51.2,35.0,0.06,17,56,26,30,60,0.9997349648781921,0.17320508075688776
2026-08-31T23:00:18.036,128457281,P042,rhythm_normal,NORMAL,,,,1910,476885,102396,114081,102938.57,115073.93,-542.57,-992.93,-338.57,378.87,False,False,nan,True,0.9584,75.0,96.51,True,0,NORMAL,1,0.97,0,848.2,51.2,35.0,0.06,17,56,26,30,60,0.999091587393268,0.17320508075688776
2026-08-31T23:00:18.051,128457296,P042,rhythm_normal,NORMAL,,,,1911,476925,102441,114197,102928.62,115056.39,-487.62,-859.39,-468.77,380.67,False,False,nan,True,0.9584,75.0,96.51,True,0,NORMAL,1,0.97,0,848.2,51.2,35.0,0.06,17,56,26,30,60,0.999091587393268,0.17320508075688776
2026-08-31T23:00:18.068,128457312,P042,rhythm_normal,NORMAL,,,,1912,476965,102446,114211,102918.97,115039.48,-472.97,-828.48,-558.7,384.23,False,False,nan,True,0.9584,75.0,96.51,True,0,NORMAL,1,0.97,0,848.2,51.2,35.0,0.06,17,56,26,30,60,0.999091587393268,0.17320508075688776
2026-08-31T23:00:18.083,128457328,P042,rhythm_normal,NORMAL,,,,1913,477005,102494,114351,102910.47,115025.71,-416.47,-674.71,-587.7,388.3,False,False,nan,True,0.9584,75.0,96.51,True,0,NORMAL,1,0.97,0,848.2,51.2,35.0,0.06,17,56,26,30,60,0.999091587393268,0.17320508075688776
2026-08-31T23:00:18.117,128457375,P042,rhythm_normal,NORMAL,,,,1914,477045,102519,114412,102902.64,115013.44,-383.64,-601.44,-591.14,392.36,False,False,nan,True,0.9584,75.0,96.51,True,0,NORMAL,1,0.97,0,848.2,51.2,35.0,0.06,17,56,26,30,60,0.999091587393268,0.17320508075688776
2026-08-31T23:00:18.237,128457484,P042,rhythm_normal,NORMAL,,,,1915,477085,102465,114306,102893.89,114999.29,-428.89,-693.29,-616.68,396.84,False,False,nan,True,0.9584,75.0,96.51,True,0,NORMAL,1,0.97,0,848.2,51.2,35.0,0.06,17,56,26,30,60,0.9995163830573264,0.17320508075688776
2026-08-31T23:00:18.252,128457500,P042,rhythm_normal,NORMAL,,,,1916,477125,102455,114296,102885.11,114985.23,-430.11,-689.23,-634.81,401.6,False,False,nan,True,0.9584,75.0,96.51,True,0,NORMAL,1,0.97,0,848.2,51.2,35.0,0.06,17,56,26,30,60,0.9995163830573264,0.17320508075688776
2026-08-31T23:00:18.266,128457515,P042,rhythm_normal,NORMAL,,,,1917,477165,102516,114432,102877.73,114974.16,-361.73,-542.16,-611.65,405.8,False,False,nan,True,0.9584,75.0,96.51,True,0,NORMAL,1,0.97,0,848.2,51.2,35.0,0.06,17,56,26,30,60,0.9995163830573264,0.17320508075688776
2026-08-31T23:00:18.280,128457531,P042,rhythm_normal,NORMAL,,,,1918,477205,102614,114674,102872.45,114968.16,-258.45,-294.16,-532.28,408.33,False,False,nan,True,0.9584,75.0,96.51,True,0,NORMAL,1,0.97,0,848.2,51.2,35.0,0.06,17,56,26,30,60,0.9995163830573264,0.17320508075688776
2026-08-31T23:00:18.316,128457562,P042,rhythm_normal,NORMAL,,,,1919,477245,102725,114950,102869.51,114967.8,-144.51,-17.8,-403.66,408.24,False,False,nan,True,0.9584,75.0,96.51,True,0,NORMAL,1,0.97,0,848.2,51.2,35.0,0.06,17,56,26,30,60,0.9995163830573264,0.17320508075688776
2026-08-31T23:00:18.434,128457687,P042,rhythm_normal,NORMAL,,,,1920,477285,102780,115101,102867.72,114970.47,-87.72,130.53,-270.11,405.48,False,False,nan,True,0.9584,75.0,96.51,True,0,NORMAL,1,0.97,0,848.2,51.2,35.0,0.06,17,56,26,30,60,0.9997349648781921,0.17320508075688776
2026-08-31T23:00:18.452,128457703,P042,rhythm_normal,NORMAL,,,,1921,477325,102821,115222,102866.78,114975.5,-45.78,246.5,-140.96,400.19,False,False,nan,True,0.9584,75.0,96.51,True,0,NORMAL,1,0.97,0,848.2,51.2,35.0,0.06,17,56,26,30,60,0.9997349648781921,0.17320508075688776
2026-08-31T23:00:18.465,128457718,P042,rhythm_normal,NORMAL,,,,1922,477365,102863,115338,102866.7,114982.75,-3.7,355.25,-16.91,392.52,False,False,nan,True,0.9584,75.0,96.51,True,0,NORMAL,1,0.97,0,848.2,51.2,35.0,0.06,17,56,26,30,60,0.9997349648781921,0.17320508075688776
2026-08-31T23:00:18.479,128457734,P042,rhythm_normal,NORMAL,,,,1923,477405,102896,115386,102867.29,114990.81,28.71,395.19,86.12,386.39,False,False,nan,True,0.9584,75.0,96.51,True,0,NORMAL,1,0.97,0,848.2,51.2,35.0,0.06,17,56,26,30,60,0.9997349648781921,0.17320508075688776
2026-08-31T23:00:18.514,128457765,P042,rhythm_normal,NORMAL,,,,1924,477445,102917,115472,102868.28,115000.44,48.72,471.56,182.48,382.31,False,False,nan,True,0.9584,75.0,96.51,True,0,NORMAL,1,0.97,0,848.2,51.2,35.0,0.06,17,56,26,30,60,0.9997349648781921,0.17320508075688776
2026-08-31T23:00:18.631,128457875,P042,rhythm_normal,NORMAL,,,,1925,477485,102976,115607,102870.44,115012.57,105.56,594.43,285.47,380.38,False,False,nan,True,0.9584,75.0,96.51,True,0,NORMAL,1,0.97,0,848.2,51.2,35.0,0.06,17,56,26,30,60,0.9995163830573264,0.17320508075688776
2026-08-31T23:00:18.646,128457890,P042,rhythm_normal,NORMAL,,,,1926,477525,103038,115775,102873.79,115027.82,164.21,747.18,400.89,380.79,False,False,nan,True,0.9584,75.0,96.51,True,0,NORMAL,1,0.97,0,848.2,51.2,35.0,0.06,17,56,26,30,60,0.9995163830573264,0.17320508075688776
2026-08-31T23:00:18.659,128457906,P042,rhythm_normal,NORMAL,,,,1927,477565,103118,116005,102878.67,115047.37,239.33,957.63,540.08,383.97,False,False,nan,True,0.9584,75.0,96.51,True,0,NORMAL,1,0.97,0,848.2,51.2,35.0,0.06,17,56,26,30,60,0.9995163830573264,0.17320508075688776
2026-08-31T23:00:18.674,128457921,P042,rhythm_normal,NORMAL,,,,1928,477605,103212,116256,102885.34,115071.54,326.66,1184.46,701.17,390.32,False,False,nan,True,0.9584,75.0,96.51,True,0,NORMAL,1,0.97,0,848.2,51.2,35.0,0.06,17,56,26,30,60,0.9995163830573264,0.17320508075688776
2026-08-31T23:00:18.715,128457968,P042,rhythm_normal,NORMAL,,,,1929,477645,103236,116285,102892.35,115095.8,343.65,1189.2,823.18,398.97,False,False,nan,True,0.9584,75.0,96.51,True,0,NORMAL,1,0.97,0,848.2,51.2,35.0,0.06,17,56,26,30,60,0.9995163830573264,0.17320508075688776
2026-08-31T23:00:18.837,128458093,P042,rhythm_normal,NORMAL,,,,1930,477685,102687,114911,102888.24,115092.11,-201.24,-181.11,572.11,402.44,True,True,920.0,True,0.9447,73.17,96.51,True,0,NORMAL,1,0.97,0,848.2,51.2,35.0,0.06,17,56,26,30,60,0.999091587393268,0.17320508075688776
2026-08-31T23:00:18.868,128458125,P042,rhythm_normal,NORMAL,,,,1931,477725,102316,113997,102876.8,115070.21,-560.8,-1073.21,160.78,397.6,False,False,nan,True,0.9447,73.17,96.51,True,0,NORMAL,1,0.97,0,848.2,51.2,35.0,0.06,17,56,26,30,60,0.999091587393268,0.17320508075688776
2026-08-31T23:00:18.875,128458125,P042,rhythm_normal,NORMAL,,,,1932,477765,102299,113939,102865.24,115047.59,-566.24,-1108.59,-156.56,392.78,False,False,nan,True,0.9447,73.17,96.51,True,0,NORMAL,1,0.97,0,848.2,51.2,35.0,0.06,17,56,26,30,60,0.999091587393268,0.17320508075688776
2026-08-31T23:00:18.891,128458140,P042,rhythm_normal,NORMAL,,,,1933,477805,102366,114103,102855.26,115028.7,-489.26,-925.7,-348.85,391.9,False,False,nan,True,0.9447,73.17,96.51,True,0,NORMAL,1,0.97,0,848.2,51.2,35.0,0.06,17,56,26,30,60,0.999091587393268,0.17320508075688776
2026-08-31T23:00:18.917,128458171,P042,rhythm_normal,NORMAL,,,,1934,477855,102406,114203,102846.27,115012.18,-440.27,-809.18,-463.93,393.34,False,False,nan,True,0.9447,73.17,96.51,True,0,NORMAL,1,0.97,0,848.2,51.2,35.0,0.06,17,56,26,30,60,0.999091587393268,0.17320508075688776
2026-08-31T23:00:19.036,128458281,P042,rhythm_normal,NORMAL,,,,1935,477895,102428,114214,102837.91,114996.22,-409.91,-782.22,-543.5,396.35,False,False,nan,True,0.9447,73.17,96.51,True,0,NORMAL,1,0.97,0,848.2,51.2,35.0,0.06,17,56,26,30,60,0.999091587393268,0.17320508075688776
2026-08-31T23:00:19.054,128458312,P042,rhythm_normal,NORMAL,,,,1936,477935,102518,114456,102831.51,114985.41,-313.51,-529.41,-539.98,399.22,False,False,nan,True,0.9447,73.17,96.51,True,0,NORMAL,1,0.97,0,848.2,51.2,35.0,0.06,17,56,26,30,60,0.999091587393268,0.17320508075688776
2026-08-31T23:00:19.060,128458312,P042,rhythm_normal,NORMAL,,,,1937,477975,102510,114463,102825.08,114974.97,-315.08,-511.97,-532.98,401.9,False,False,nan,True,0.9447,73.17,96.51,True,0,NORMAL,1,0.97,0,848.2,51.2,35.0,0.06,17,56,26,30,60,0.999091587393268,0.17320508075688776
2026-08-31T23:00:19.075,128458328,P042,rhythm_normal,NORMAL,,,,1938,478015,102447,114352,102817.52,114962.51,-370.52,-610.51,-552.36,404.9,False,False,nan,True,0.9447,73.17,96.51,True,0,NORMAL,1,0.97,0,848.2,51.2,35.0,0.06,17,56,26,30,60,0.999091587393268,0.17320508075688776
2026-08-31T23:00:19.114,128458359,P042,rhythm_normal,NORMAL,,,,1939,478055,102461,114327,102810.38,114949.8,-349.38,-622.8,-569.97,408.21,False,False,nan,True,0.9447,73.17,96.51,True,0,NORMAL,1,0.97,0,848.2,51.2,35.0,0.06,17,56,26,30,60,0.999091587393268,0.17320508075688776
2026-08-31T23:00:19.231,128458484,P042,rhythm_normal,NORMAL,,,,1940,478095,102542,114579,102805.02,114942.38,-263.02,-363.38,-518.32,410.41,False,False,nan,True,0.9447,73.17,96.51,True,0,NORMAL,1,0.97,0,848.2,51.2,35.0,0.06,17,56,26,30,60,0.999310262130836,0.17320508075688776
2026-08-31T23:00:19.248,128458500,P042,rhythm_normal,NORMAL,,,,1941,478135,102645,114851,102801.81,114940.55,-156.81,-89.55,-411.13,410.42,False,False,nan,True,0.9447,73.17,96.51,True,0,NORMAL,1,0.97,0,848.2,51.2,35.0,0.06,17,56,26,30,60,0.999310262130836,0.17320508075688776
2026-08-31T23:00:19.261,128458515,P042,rhythm_normal,NORMAL,,,,1942,478175,102743,115063,102800.63,114943.0,-57.63,120.0,-278.35,407.78,False,False,nan,True,0.9447,73.17,96.51,True,0,NORMAL,1,0.97,0,848.2,51.2,35.0,0.06,17,56,26,30,60,0.999310262130836,0.17320508075688776
2026-08-31T23:00:19.276,128458531,P042,rhythm_normal,NORMAL,,,,1943,478215,102809,115286,102800.8,114949.86,8.2,336.14,-124.73,402.12,False,False,nan,True,0.9447,73.17,96.51,True,0,NORMAL,1,0.97,0,848.2,51.2,35.0,0.06,17,56,26,30,60,0.999310262130836,0.17320508075688776
2026-08-31T23:00:19.318,128458562,P042,rhythm_normal,NORMAL,,,,1944,478255,102853,115399,102801.84,114958.84,51.16,440.16,16.49,394.41,False,False,nan,True,0.9447,73.17,96.51,True,0,NORMAL,1,0.97,0,848.2,51.2,35.0,0.06,17,56,26,30,60,0.999310262130836,0.17320508075688776
2026-08-31T23:00:19.431,128458687,P042,rhythm_normal,NORMAL,,,,1945,478295,102888,115470,102803.57,114969.07,84.43,500.93,137.6,389.27,False,False,nan,True,0.9447,73.17,96.51,True,0,NORMAL,1,0.97,0,848.2,51.2,35.0,0.06,17,56,26,30,60,0.999310262130836,0.17320508075688776
2026-08-31T23:00:19.447,128458703,P042,rhythm_normal,NORMAL,,,,1946,478335,102907,115521,102805.64,114980.11,101.36,540.89,238.43,386.25,False,False,nan,True,0.9447,73.17,96.51,True,0,NORMAL,1,0.97,0,848.2,51.2,35.0,0.06,17,56,26,30,60,0.999310262130836,0.17320508075688776
2026-08-31T23:00:19.452,128458703,P042,rhythm_normal,NORMAL,,,,1947,478375,102942,115643,102808.37,114993.37,133.63,649.63,341.23,385.35,False,False,nan,True,0.9447,73.17,96.51,True,0,NORMAL,1,0.97,0,848.2,51.2,35.0,0.06,17,56,26,30,60,0.999310262130836,0.17320508075688776
2026-08-31T23:00:19.475,128458718,P042,rhythm_normal,NORMAL,,,,1948,478415,102983,115766,102811.86,115008.82,171.14,757.18,445.22,386.55,False,False,nan,True,0.9447,73.17,96.51,True,0,NORMAL,1,0.97,0,848.2,51.2,35.0,0.06,17,56,26,30,60,0.999310262130836,0.17320508075688776
2026-08-31T23:00:19.517,128458765,P042,rhythm_normal,NORMAL,,,,1949,478455,103060,115956,102816.82,115027.77,243.18,928.23,565.97,390.14,False,False,nan,True,0.9447,73.17,96.51,True,0,NORMAL,1,0.97,0,848.2,51.2,35.0,0.06,17,56,26,30,60,0.999310262130836,0.17320508075688776
2026-08-31T23:00:19.635,128458890,P042,rhythm_normal,NORMAL,,,,1950,478495,103120,116244,102822.88,115052.09,297.12,1191.91,722.45,396.79,False,False,nan,True,0.9447,73.17,96.51,True,0,NORMAL,1,0.97,0,848.2,51.2,35.0,0.06,17,56,26,30,60,0.999091587393268,0.17320508075688776
2026-08-31T23:00:19.643,128458890,P042,rhythm_normal,NORMAL,,,,1951,478535,103227,116429,102830.97,115079.63,396.03,1349.37,879.18,406.43,False,False,nan,True,0.9447,73.17,96.51,True,0,NORMAL,1,0.97,0,848.2,51.2,35.0,0.06,17,56,26,30,60,0.999091587393268,0.17320508075688776
2026-08-31T23:00:19.660,128458906,P042,rhythm_normal,NORMAL,,,,1952,478575,103242,116491,102839.19,115107.86,402.81,1383.14,1005.17,418.41,False,False,nan,True,0.9447,73.17,96.51,True,0,NORMAL,1,0.97,0,848.2,51.2,35.0,0.06,17,56,26,30,60,0.999091587393268,0.17320508075688776
2026-08-31T23:00:19.686,128458937,P042,rhythm_normal,NORMAL,,,,1953,478615,102715,115107,102836.7,115107.84,-121.7,-0.84,753.67,425.11,True,True,930.0,True,0.9507,71.43,96.51,True,0,NORMAL,1,0.97,0,848.2,51.2,35.0,0.06,17,56,26,30,60,0.999091587393268,0.17320508075688776
2026-08-31T23:00:19.713,128458968,P042,rhythm_normal,NORMAL,,,,1954,478655,102299,114094,102825.95,115087.57,-526.95,-993.57,316.86,422.95,False,False,nan,True,0.9507,71.43,96.51,True,0,NORMAL,1,0.97,0,848.2,51.2,35.0,0.06,17,56,26,30,60,0.999091587393268,0.17320508075688776
2026-08-31T23:00:19.834,128459078,P042,rhythm_normal,NORMAL,,,,1955,478695,102243,114046,102814.29,115066.74,-571.29,-1020.74,-17.54,414.84,False,False,nan,True,0.9507,71.43,96.51,True,0,NORMAL,1,0.97,0,848.2,51.2,35.0,0.06,17,56,26,30,60,0.9997349648781921,0.17320508075688776
2026-08-31T23:00:19.848,128459093,P042,rhythm_normal,NORMAL,,,,1956,478735,102353,114277,102805.06,115050.95,-452.06,-773.95,-206.64,410.68,False,False,nan,True,0.9507,71.43,96.51,True,0,NORMAL,1,0.97,0,848.2,51.2,35.0,0.06,17,56,26,30,60,0.9997349648781921,0.17320508075688776
2026-08-31T23:00:19.861,128459109,P042,rhythm_normal,NORMAL,,,,1957,478775,102391,114468,102796.78,115039.29,-405.78,-571.29,-297.8,408.42,False,False,nan,True,0.9507,71.43,96.51,True,0,NORMAL,1,0.97,0,848.2,51.2,35.0,0.06,17,56,26,30,60,0.9997349648781921,0.17320508075688776
2026-08-31T23:00:19.877,128459125,P042,rhythm_normal,NORMAL,,,,1958,478815,102428,114561,102789.41,115029.73,-361.41,-468.73,-340.53,407.06,False,False,nan,True,0.9507,71.43,96.51,True,0,NORMAL,1,0.97,0,848.2,51.2,35.0,0.06,17,56,26,30,60,0.9997349648781921,0.17320508075688776
2026-08-31T23:00:19.916,128459171,P042,rhythm_normal,NORMAL,,,,1959,478855,102517,114785,102783.96,115024.84,-266.96,-239.84,-315.36,405.23,False,False,nan,True,0.9507,71.43,96.51,True,0,NORMAL,1,0.97,0,848.2,51.2,35.0,0.06,17,56,26,30,60,0.9997349648781921,0.17320508075688776
2026-08-31T23:00:20.031,128459281,P042,rhythm_normal,NORMAL,,,,1960,478895,102507,114600,102778.42,115016.34,-271.42,-416.34,-340.6,403.94,False,False,nan,True,0.9507,71.43,96.51,True,0,NORMAL,1,0.97,0,848.2,51.2,35.0,0.06,17,56,26,30,60,0.999310262130836,0.17320508075688776
2026-08-31T23:00:20.043,128459296,P042,rhythm_normal,NORMAL,,,,1961,478935,102430,114403,102771.45,115004.07,-341.45,-601.07,-405.72,403.97,False,False,nan,True,0.9507,71.43,98.5,True,0,NORMAL,1,0.97,0,848.2,51.2,35.0,0.06,17,56,26,30,60,0.999310262130836,0.17320508075688776
2026-08-31T23:00:20.059,128459312,P042,rhythm_normal,NORMAL,,,,1962,478975,102416,114408,102764.34,114992.15,-348.34,-584.15,-450.33,404.9,False,False,nan,True,0.9507,71.43,98.5,True,0,NORMAL,1,0.97,0,848.2,51.2,35.0,0.06,17,56,26,30,60,0.999310262130836,0.17320508075688776
2026-08-31T23:00:20.075,128459328,P042,rhythm_normal,NORMAL,,,,1963,479015,102532,114634,102759.7,114984.98,-227.7,-350.98,-425.49,405.31,False,False,nan,True,0.9507,71.43,98.5,True,0,NORMAL,1,0.97,0,848.2,51.2,35.0,0.06,17,56,26,30,60,0.999310262130836,0.17320508075688776
2026-08-31T23:00:20.114,128459359,P042,rhythm_normal,NORMAL,,,,1964,479055,102634,114925,102757.18,114983.78,-123.18,-58.78,-333.81,403.88,False,False,nan,True,0.9507,71.43,98.5,True,0,NORMAL,1,0.97,0,848.2,51.2,35.0,0.06,17,56,26,30,60,0.999310262130836,0.17320508075688776
2026-08-31T23:00:20.239,128459484,P042,rhythm_normal,NORMAL,,,,1965,479095,102758,115155,102757.2,114987.2,0.8,167.8,-208.41,399.97,False,False,nan,True,0.9507,71.43,98.5,True,0,NORMAL,1,0.97,0,848.2,51.2,35.0,0.06,17,56,26,30,60,1.0001889821428749,0.17320508075688776
2026-08-31T23:00:20.253,128459500,P042,rhythm_normal,NORMAL,,,,1966,479135,102766,115317,102757.38,114993.8,8.62,323.2,-75.51,393.48,False,False,nan,True,0.9507,71.43,98.5,True,0,NORMAL,1,0.97,0,848.2,51.2,35.0,0.06,17,56,26,30,60,1.0001889821428749,0.17320508075688776
2026-08-31T23:00:20.270,128459515,P042,rhythm_normal,NORMAL,,,,1967,479175,102864,115417,102759.51,115002.26,104.49,414.74,47.05,386.55,False,False,nan,True,0.9507,71.43,98.5,True,0,NORMAL,1,0.97,0,848.2,51.2,35.0,0.06,17,56,26,30,60,1.0001889821428749,0.17320508075688776
2026-08-31T23:00:20.284,128459531,P042,rhythm_normal,NORMAL,,,,1968,479215,102900,115497,102762.32,115012.16,137.68,484.84,156.5,381.95,False,False,nan,True,0.9507,71.43,98.5,True,0,NORMAL,1,0.97,0,848.2,51.2,35.0,0.06,17,56,26,30,60,1.0001889821428749,0.17320508075688776
2026-08-31T23:00:20.316,128459562,P042,rhythm_normal,NORMAL,,,,1969,479255,102904,115507,102765.16,115022.05,138.84,484.95,238.61,379.08,False,False,nan,True,0.9507,71.43,98.5,True,0,NORMAL,1,0.97,0,848.2,51.2,35.0,0.06,17,56,26,30,60,1.0001889821428749,0.17320508075688776
2026-08-31T23:00:20.430,128459687,P042,rhythm_normal,NORMAL,,,,1970,479295,102914,115560,102768.13,115032.81,145.87,527.19,310.76,377.72,False,False,nan,True,0.9507,71.43,98.5,True,0,NORMAL,1,0.97,0,837.2,50.4,40.3,0.12,18,64,27,30,60,0.999091587393268,0.17320508075688776
2026-08-31T23:00:20.451,128459703,P042,rhythm_normal,NORMAL,,,,1971,479335,102960,115629,102771.97,115044.73,188.03,584.27,379.13,377.75,False,False,nan,True,0.9507,71.43,98.5,True,0,NORMAL,1,0.97,0,837.2,50.4,40.3,0.12,18,64,27,30,60,0.999091587393268,0.17320508075688776
2026-08-31T23:00:20.466,128459718,P042,rhythm_normal,NORMAL,,,,1972,479375,103023,115713,102776.99,115058.1,246.01,654.9,448.07,379.15,False,False,nan,True,0.9507,71.43,98.5,True,0,NORMAL,1,0.97,0,837.2,50.4,40.3,0.12,18,64,27,30,60,0.999091587393268,0.17320508075688776
2026-08-31T23:00:20.479,128459734,P042,rhythm_normal,NORMAL,,,,1973,479415,102881,115377,102779.07,115064.48,101.93,312.52,414.19,379.85,True,True,800.0,True,0.9507,71.43,98.5,True,0,NORMAL,1,0.97,0,837.2,50.4,40.3,0.12,18,64,27,30,60,0.999091587393268,0.17320508075688776
2026-08-31T23:00:20.518,128459765,P042,rhythm_normal,NORMAL,,,,1974,479455,102295,113916,102769.39,115041.51,-474.39,-1125.51,29.26,372.84,False,False,nan,True,0.9507,71.43,98.5,True,0,NORMAL,1,0.97,0,837.2,50.4,40.3,0.12,18,64,27,30,60,0.999091587393268,0.17320508075688776
2026-08-31T23:00:20.639,128459890,P042,rhythm_normal,NORMAL,,,,1975,479495,102109,113390,102756.18,115008.48,-647.18,-1618.48,-382.67,373.04,False,False,nan,True,0.9507,71.43,98.5,True,0,NORMAL,1,0.97,0,837.2,50.4,40.3,0.12,18,64,27,30,60,0.999310262130836,0.17320508075688776
2026-08-31T23:00:20.661,128459906,P042,rhythm_normal,NORMAL,,,,1976,479535,102111,113474,102743.27,114977.79,-632.27,-1503.79,-662.95,378.84,False,False,nan,True,0.9507,71.43,98.5,True,0,NORMAL,1,0.97,0,837.2,50.4,40.3,0.12,18,64,27,30,60,0.999310262130836,0.17320508075688776
2026-08-31T23:00:20.679,128459937,P042,rhythm_normal,NORMAL,,,,1977,479575,102165,113707,102731.71,114952.38,-566.71,-1245.38,-808.56,387.43,False,False,nan,True,0.9507,71.43,98.5,True,0,NORMAL,1,0.97,0,837.2,50.4,40.3,0.12,18,64,27,30,60,0.999310262130836,0.17320508075688776
2026-08-31T23:00:20.696,128459953,P042,rhythm_normal,NORMAL,,,,1978,479615,102225,113830,102721.58,114929.93,-496.58,-1099.93,-881.4,397.31,False,False,nan,True,0.9507,71.43,98.5,True,0,NORMAL,1,0.97,0,837.2,50.4,40.3,0.12,18,64,27,30,60,0.999310262130836,0.17320508075688776
2026-08-31T23:00:20.716,128459968,P042,rhythm_normal,NORMAL,,,,1979,479655,102256,114049,102712.27,114912.31,-456.27,-863.31,-876.88,406.9,False,False,nan,True,0.9507,71.43,98.5,True,0,NORMAL,1,0.97,0,837.2,50.4,40.3,0.12,18,64,27,30,60,0.999310262130836,0.17320508075688776
2026-08-31T23:00:20.841,128460093,P042,rhythm_normal,NORMAL,,,,1980,479695,102310,114144,102704.22,114896.95,-394.22,-752.95,-845.9,415.68,False,False,nan,True,0.9507,71.43,98.5,True,0,NORMAL,1,0.97,0,837.2,50.4,40.3,0.12,18,64,27,30,60,0.9995163830573264,0.17320508075688776
2026-08-31T23:00:20.859,128460109,P042,rhythm_normal,NORMAL,,,,1981,479735,102235,113969,102694.84,114878.38,-459.84,-909.38,-861.77,424.6,False,False,nan,True,0.9507,71.43,98.5,True,0,NORMAL,1,0.97,0,837.2,50.4,40.3,0.12,18,64,27,30,60,0.9995163830573264,0.17320508075688776
2026-08-31T23:00:20.863,128460109,P042,rhythm_normal,NORMAL,,,,1982,479775,102238,113882,102685.7,114858.45,-447.7,-976.45,-890.44,433.92,False,False,nan,True,0.9507,71.43,98.5,True,0,NORMAL,1,0.97,0,837.2,50.4,40.3,0.12,18,64,27,30,60,0.9995163830573264,0.17320508075688776
2026-08-31T23:00:20.880,128460125,P042,rhythm_normal,NORMAL,,,,1983,479815,102325,114028,102678.49,114841.84,-353.49,-813.84,-871.29,442.67,False,False,nan,True,0.9507,71.43,98.5,True,0,NORMAL,1,0.97,0,837.2,50.4,40.3,0.12,18,64,27,30,60,0.9995163830573264,0.17320508075688776
2026-08-31T23:00:20.917,128460171,P042,rhythm_normal,NORMAL,,,,1984,479855,102394,114351,102672.8,114832.02,-278.8,-481.02,-773.72,449.29,False,False,nan,True,0.9507,71.43,98.5,True,0,NORMAL,1,0.97,0,837.2,50.4,40.3,0.12,18,64,27,30,60,0.9995163830573264,0.17320508075688776
2026-08-31T23:00:21.035,128460281,P042,rhythm_normal,NORMAL,,,,1985,479895,102494,114638,102669.23,114828.14,-175.23,-190.14,-627.83,452.86,False,False,nan,True,0.9507,71.43,98.5,True,0,NORMAL,1,0.97,0,837.2,50.4,40.3,0.12,18,64,27,30,60,0.999310262130836,0.24494897427831783
2026-08-31T23:00:21.050,128460296,P042,rhythm_normal,NORMAL,,,,1986,479935,102574,114836,102667.32,114828.3,-93.32,7.7,-468.94,453.18,False,False,nan,True,0.9507,71.43,98.5,True,0,NORMAL,1,0.97,0,837.2,50.4,40.3,0.12,18,64,27,30,60,0.999310262130836,0.24494897427831783
2026-08-31T23:00:21.066,128460312,P042,rhythm_normal,NORMAL,,,,1987,479975,102603,114940,102666.03,114830.53,-63.03,109.47,-324.34,450.6,False,False,nan,True,0.9507,71.43,98.5,True,0,NORMAL,1,0.97,0,837.2,50.4,40.3,0.12,18,64,27,30,60,0.999310262130836,0.24494897427831783
2026-08-31T23:00:21.079,128460328,P042,rhythm_normal,NORMAL,,,,1988,480015,102711,115052,102666.93,114834.96,44.07,217.04,-189.0,445.37,False,False,nan,True,0.9507,71.43,98.5,True,0,NORMAL,1,0.97,0,837.2,50.4,40.3,0.12,18,64,27,30,60,0.999310262130836,0.24494897427831783
2026-08-31T23:00:21.120,128460375,P042,rhythm_normal,NORMAL,,,,1989,480055,102765,115182,102668.89,114841.9,96.11,340.1,-56.72,437.6,False,False,nan,True,0.9507,71.43,98.5,True,0,NORMAL,1,0.97,0,837.2,50.4,40.3,0.12,18,64,27,30,60,0.999310262130836,0.24494897427831783
2026-08-31T23:00:21.238,128460484,P042,rhythm_normal,NORMAL,,,,1990,480095,102772,115232,102670.95,114849.7,101.05,382.3,53.03,429.91,False,False,nan,True,0.9507,71.43,98.5,True,0,NORMAL,1,0.97,0,837.2,50.4,40.3,0.12,18,64,27,30,60,0.999091587393268,0.17320508075688776
2026-08-31T23:00:21.250,128460500,P042,rhythm_normal,NORMAL,,,,1991,480135,102833,115406,102674.2,114860.83,158.8,545.17,176.07,424.83,False,False,nan,True,0.9507,71.43,98.5,True,0,NORMAL,1,0.97,0,837.2,50.4,40.3,0.12,18,64,27,30,60,0.999091587393268,0.17320508075688776
2026-08-31T23:00:21.268,128460515,P042,rhythm_normal,NORMAL,,,,1992,480175,102947,115647,102679.65,114876.55,267.35,770.45,324.66,422.83,False,False,nan,True,0.9507,71.43,98.5,True,0,NORMAL,1,0.97,0,837.2,50.4,40.3,0.12,18,64,27,30,60,0.999091587393268,0.17320508075688776
2026-08-31T23:00:21.285,128460531,P042,rhythm_normal,NORMAL,,,,1993,480215,103015,115848,102686.35,114895.98,328.65,952.02,481.5,424.0,False,False,nan,True,0.9507,71.43,98.5,True,0,NORMAL,1,0.97,0,837.2,50.4,40.3,0.12,18,64,27,30,60,0.999091587393268,0.17320508075688776
2026-08-31T23:00:21.317,128460562,P042,rhythm_normal,NORMAL,,,,1994,480255,102952,115646,102691.66,114910.98,260.34,735.02,544.88,426.42,False,False,nan,True,0.9507,71.43,98.5,True,0,NORMAL,1,0.97,0,837.2,50.4,40.3,0.12,18,64,27,30,60,0.999091587393268,0.17320508075688776
2026-08-31T23:00:21.432,128460687,P042,rhythm_normal,NORMAL,,,,1995,480295,102282,114032,102683.47,114893.41,-401.47,-861.41,193.31,421.76,True,True,880.0,True,0.9498,71.43,98.5,True,0,NORMAL,1,0.97,0,837.2,50.4,40.3,0.12,18,64,27,30,60,1.0002759619225086,1.004987562112089
2026-08-31T23:00:21.450,128460703,P042,rhythm_normal,NORMAL,,,,1996,480335,102005,113330,102669.9,114862.14,-664.9,-1532.14,-238.05,418.08,False,False,nan,True,0.9498,71.43,98.5,True,0,NORMAL,1,0.97,0,837.2,50.4,40.3,0.12,18,64,27,30,60,1.0002759619225086,1.004987562112089
2026-08-31T23:00:21.467,128460718,P042,rhythm_normal,NORMAL,,,,1997,480375,102028,113379,102657.06,114832.48,-629.06,-1453.48,-541.91,420.56,False,False,nan,True,0.9498,71.43,98.5,True,0,NORMAL,1,0.97,0,837.2,50.4,40.3,0.12,18,64,27,30,60,1.0002759619225086,1.004987562112089
2026-08-31T23:00:21.484,128460734,P042,rhythm_normal,NORMAL,,,,1998,480415,102092,113545,102645.76,114806.73,-553.76,-1261.73,-721.86,426.59,False,False,nan,True,0.9498,71.43,98.5,True,0,NORMAL,1,0.97,0,837.2,50.4,40.3,0.12,18,64,27,30,60,1.0002759619225086,1.004987562112089
2026-08-31T23:00:21.515,128460765,P042,rhythm_normal,NORMAL,,,,1999,480455,102124,113620,102635.32,114782.99,-511.32,-1162.99,-832.15,434.7,False,False,nan,True,0.9498,71.43,98.5,True,0,NORMAL,1,0.97,0,837.2,50.4,40.3,0.12,18,64,27,30,60,1.0002759619225086,1.004987562112089
2026-08-31T23:00:21.634,128460890,P042,rhythm_normal,NORMAL,,,,2000,480495,102163,113732,102625.88,114761.97,-462.88,-1029.97,-881.6,443.63,False,False,nan,True,0.9498,71.43,98.5,True,0,NORMAL,1,0.97,0,837.2,50.4,40.3,0.12,18,64,27,30,60,0.999310262130836,0.17320508075688776
2026-08-31T23:00:21.652,128460906,P042,rhythm_normal,NORMAL,,,,2001,480535,102243,113918,102618.22,114745.09,-375.22,-827.09,-867.97,452.12,False,False,nan,True,0.9498,71.43,98.5,True,0,NORMAL,1,0.97,0,837.2,50.4,40.3,0.12,18,64,27,30,60,0.999310262130836,0.17320508075688776
2026-08-31T23:00:21.670,128460921,P042,rhythm_normal,NORMAL,,,,2002,480575,102210,113836,102610.05,114726.91,-400.05,-890.91,-873.71,460.55,False,False,nan,True,0.9498,71.43,98.5,True,0,NORMAL,1,0.97,0,837.2,50.4,40.3,0.12,18,64,27,30,60,0.999310262130836,0.17320508075688776
2026-08-31T23:00:21.686,128460937,P042,rhythm_normal,NORMAL,,,,2003,480615,102164,113742,102601.13,114707.21,-437.13,-965.21,-896.58,469.27,False,False,nan,True,0.9498,71.43,98.5,True,0,NORMAL,1,0.97,0,837.2,50.4,40.3,0.12,18,64,27,30,60,0.999310262130836,0.17320508075688776
2026-08-31T23:00:21.717,128460968,P042,rhythm_normal,NORMAL,,,,2004,480655,102218,113855,102593.47,114690.16,-375.47,-835.16,-881.23,477.51,False,False,nan,True,0.9498,71.43,98.5,True,0,NORMAL,1,0.97,0,837.2,50.4,40.3,0.12,18,64,27,30,60,0.999310262130836,0.17320508075688776
2026-08-31T23:00:21.838,128461093,P042,rhythm_normal,NORMAL,,,,2005,480695,102297,114077,102587.54,114677.9,-290.54,-600.9,-811.15,484.19,False,False,nan,True,0.9498,71.43,98.5,True,0,NORMAL,1,0.97,0,837.2,50.4,40.3,0.12,18,64,27,30,60,0.999310262130836,0.17320508075688776
2026-08-31T23:00:21.879,128461125,P042,rhythm_normal,NORMAL,,,,2006,480735,102393,114341,102583.65,114671.16,-190.65,-330.16,-690.9,488.32,False,False,nan,True,0.9498,71.43,98.5,True,0,NORMAL,1,0.97,0,837.2,50.4,40.3,0.12,18,64,27,30,60,0.999310262130836,0.17320508075688776
2026-08-31T23:00:21.884,128461140,P042,rhythm_normal,NORMAL,,,,2007,480775,102491,114566,102581.8,114669.06,-90.8,-103.06,-543.94,489.43,False,False,nan,True,0.9498,71.43,98.5,True,0,NORMAL,1,0.97,0,837.2,50.4,40.3,0.12,18,64,27,30,60,0.999310262130836,0.17320508075688776
2026-08-31T23:00:21.889,128461140,P042,rhythm_normal,NORMAL,,,,2008,480815,102566,114741,102581.48,114670.5,-15.48,70.5,-390.33,487.45,False,False,nan,True,0.9498,71.43,98.5,True,0,NORMAL,1,0.97,0,837.2,50.4,40.3,0.12,18,64,27,30,60,0.999310262130836,0.17320508075688776
2026-08-31T23:00:21.921,128461171,P042,rhythm_normal,NORMAL,,,,2009,480855,102606,114902,102581.98,114675.13,24.02,226.87,-236.03,482.42,False,False,nan,True,0.9498,71.43,98.5,True,0,NORMAL,1,0.97,0,837.2,50.4,40.3,0.12,18,64,27,30,60,0.999310262130836,0.17320508075688776
2026-08-31T23:00:22.038,128461296,P042,rhythm_normal,NORMAL,,,,2010,480895,102672,115038,102583.77,114682.39,88.23,355.61,-88.12,474.54,False,False,nan,True,0.9498,71.43,98.5,True,0,NORMAL,1,0.97,0,837.2,50.4,40.3,0.12,18,64,27,30,60,1.0001889821428749,0.17320508075688776
2026-08-31T23:00:22.050,128461296,P042,rhythm_normal,NORMAL,,,,2011,480935,102745,115199,102587.0,114692.73,158.0,506.27,60.48,466.25,False,False,nan,True,0.9498,71.43,98.5,True,0,NORMAL,1,0.97,0,837.2,50.4,40.3,0.12,18,64,27,30,60,1.0001889821428749,0.17320508075688776
2026-08-31T23:00:22.075,128461328,P042,rhythm_normal,NORMAL,,,,2012,480975,102825,115398,102591.76,114706.83,233.24,691.17,218.15,461.29,False,False,nan,True,0.9498,71.43,98.5,True,0,NORMAL,1,0.97,0,837.2,50.4,40.3,0.12,18,64,27,30,60,1.0001889821428749,0.17320508075688776
2026-08-31T23:00:22.113,128461359,P042,rhythm_normal,NORMAL,,,,2013,481015,102911,115607,102598.14,114724.83,312.86,882.17,384.16,459.75,False,False,nan,True,0.9498,71.43,98.5,True,0,NORMAL,1,0.97,0,837.2,50.4,40.3,0.12,18,64,27,30,60,1.0001889821428749,0.17320508075688776
2026-08-31T23:00:22.138,128461390,P042,rhythm_normal,NORMAL,,,,2014,481055,102990,115808,102605.98,114746.49,384.02,1061.51,553.49,461.62,False,False,nan,True,0.9498,71.43,98.5,True,0,NORMAL,1,0.97,0,837.2,50.4,40.3,0.12,18,64,27,30,60,1.0001889821428749,0.17320508075688776
2026-08-31T23:00:22.234,128461484,P042,rhythm_normal,NORMAL,,,,2015,481095,103012,115850,102614.09,114768.56,397.91,1081.44,685.48,466.1,False,False,nan,True,0.9498,71.43,98.5,True,0,NORMAL,1,0.97,0,837.2,50.4,40.3,0.12,18,64,27,30,60,1.0001889821428749,0.17320508075688776
2026-08-31T23:00:22.255,128461500,P042,rhythm_normal,NORMAL,,,,2016,481135,102618,114833,102614.17,114769.85,3.83,63.15,529.9,467.38,True,True,840.0,True,0.9498,71.43,98.5,True,0,NORMAL,1,0.97,0,837.2,50.4,40.3,0.12,18,64,27,30,60,1.0001889821428749,0.17320508075688776
2026-08-31T23:00:22.290,128461546,P042,rhythm_normal,NORMAL,,,,2017,481175,102139,113658,102604.67,114747.62,-465.67,-1089.62,125.02,460.53,False,False,nan,True,0.9498,71.43,98.5,True,0,NORMAL,1,0.97,0,837.2,50.4,40.3,0.12,18,64,27,30,60,1.0001889821428749,0.17320508075688776
2026-08-31T23:00:22.296,128461546,P042,rhythm_normal,NORMAL,,,,2018,481215,102076,113502,102594.1,114722.7,-518.1,-1220.7,-211.41,455.55,False,False,nan,True,0.9498,71.43,98.5,True,0,NORMAL,1,0.97,0,837.2,50.4,40.3,0.12,18,64,27,30,60,1.0001889821428749,0.17320508075688776
2026-08-31T23:00:22.323,128461578,P042,rhythm_normal,NORMAL,,,,2019,481255,102138,113662,102584.98,114701.49,-446.98,-1039.49,-418.43,454.81,False,False,nan,True,0.9498,71.43,98.5,True,0,NORMAL,1,0.97,0,837.2,50.4,40.3,0.12,18,64,27,30,60,1.0001889821428749,0.17320508075688776
2026-08-31T23:00:22.442,128461687,P042,rhythm_normal,NORMAL,,,,2020,481295,102193,113811,102577.14,114683.68,-384.14,-872.68,-531.99,456.35,False,False,nan,True,0.9498,71.43,98.5,True,0,NORMAL,1,0.97,0,837.2,50.4,40.3,0.12,18,64,27,30,60,0.999310262130836,0.17320508075688776
2026-08-31T23:00:22.464,128461718,P042,rhythm_normal,NORMAL,,,,2021,481335,102226,113871,102570.12,114667.43,-344.12,-796.43,-598.1,459.18,False,False,nan,True,0.9498,71.43,98.5,True,0,NORMAL,1,0.97,0,837.2,50.4,40.3,0.12,18,64,27,30,60,0.999310262130836,0.17320508075688776
2026-08-31T23:00:22.488,128461734,P042,rhythm_normal,NORMAL,,,,2022,481375,102311,114112,102564.94,114656.32,-253.94,-544.32,-584.66,461.69,False,False,nan,True,0.9498,71.43,98.5,True,0,NORMAL,1,0.97,0,837.2,50.4,40.3,0.12,18,64,27,30,60,0.999310262130836,0.17320508075688776
2026-08-31T23:00:22.494,128461750,P042,rhythm_normal,NORMAL,,,,2023,481415,102349,114189,102560.62,114646.98,-211.62,-457.98,-552.99,463.52,False,False,nan,True,0.9498,71.43,98.5,True,0,NORMAL,1,0.97,0,837.2,50.4,40.3,0.12,18,64,27,30,60,0.999310262130836,0.17320508075688776
2026-08-31T23:00:22.521,128461765,P042,rhythm_normal,NORMAL,,,,2024,481455,102299,114054,102555.38,114635.12,-256.38,-581.12,-560.02,465.45,False,False,nan,True,0.9498,71.43,98.5,True,0,NORMAL,1,0.97,0,837.2,50.4,40.3,0.12,18,64,27,30,60,0.999310262130836,0.17320508075688776
2026-08-31T23:00:22.649,128461906,P042,rhythm_normal,NORMAL,,,,2025,481495,102308,114023,102550.44,114622.88,-242.44,-599.88,-569.98,467.54,False,False,nan,True,0.9498,71.43,98.5,True,0,NORMAL,1,0.97,0,837.2,50.4,40.3,0.12,18,64,27,30,60,0.999310262130836,0.17320508075688776
2026-08-31T23:00:22.658,128461906,P042,rhythm_normal,NORMAL,,,,2026,481535,102346,114158,102546.35,114613.58,-200.35,-455.58,-541.38,469.02,False,False,nan,True,0.9498,71.43,98.5,True,0,NORMAL,1,0.97,0,837.2,50.4,40.3,0.12,18,64,27,30,60,0.999310262130836,0.17320508075688776
2026-08-31T23:00:22.687,128461937,P042,rhythm_normal,NORMAL,,,,2027,481575,102443,114380,102544.28,114608.91,-101.28,-228.91,-463.26,468.9,False,False,nan,True,0.9498,71.43,98.5,True,0,NORMAL,1,0.97,0,837.2,50.4,40.3,0.12,18,64,27,30,60,0.999310262130836,0.17320508075688776
2026-08-31T23:00:22.712,128461968,P042,rhythm_normal,NORMAL,,,,2028,481615,102527,114601,102543.94,114608.75,-16.94,-7.75,-349.38,466.51,False,False,nan,True,0.9498,71.43,98.5,True,0,NORMAL,1,0.97,0,837.2,50.4,40.3,0.12,18,64,27,30,60,0.999310262130836,0.17320508075688776
2026-08-31T23:00:22.743,128462000,P042,rhythm_normal,NORMAL,,,,2029,481655,102604,114831,102545.14,114613.2,58.86,217.8,-207.59,461.33,False,False,nan,True,0.9498,71.43,98.5,True,0,NORMAL,1,0.97,0,837.2,50.4,40.3,0.12,18,64,27,30,60,0.999310262130836,0.17320508075688776
2026-08-31T23:00:22.845,128462093,P042,rhythm_normal,NORMAL,,,,2030,481695,102707,115098,102548.38,114622.89,158.62,475.11,-36.91,452.85,False,False,nan,True,0.9498,71.43,98.5,True,0,NORMAL,1,0.97,0,837.2,50.4,40.3,0.12,18,64,27,30,60,1.0001889821428749,0.17320508075688776
2026-08-31T23:00:22.872,128462125,P042,rhythm_normal,NORMAL,,,,2031,481735,102753,115245,102552.47,114635.34,200.53,609.66,124.73,446.28,False,False,nan,True,0.9498,71.43,98.5,True,0,NORMAL,1,0.97,0,837.2,50.4,40.3,0.12,18,64,27,30,60,1.0001889821428749,0.17320508075688776
2026-08-31T23:00:22.879,128462125,P042,rhythm_normal,NORMAL,,,,2032,481775,102768,115298,102556.78,114648.59,211.22,649.41,255.9,442.48,False,False,nan,True,0.9498,71.43,98.5,True,0,NORMAL,1,0.97,0,837.2,50.4,40.3,0.12,18,64,27,30,60,1.0001889821428749,0.17320508075688776
2026-08-31T23:00:22.910,128462156,P042,rhythm_normal,NORMAL,,,,2033,481815,102776,115358,102561.16,114662.77,214.84,695.23,365.73,440.94,False,False,nan,True,0.9498,71.43,98.5,True,0,NORMAL,1,0.97,0,837.2,50.4,40.3,0.12,18,64,27,30,60,1.0001889821428749,0.17320508075688776
2026-08-31T23:00:22.951,128462203,P042,rhythm_normal,NORMAL,,,,2034,481855,102836,115467,102566.66,114678.86,269.34,788.14,471.33,441.55,False,False,nan,True,0.9498,71.43,98.5,True,0,NORMAL,1,0.97,0,837.2,50.4,40.3,0.12,18,64,27,30,60,1.0001889821428749,0.17320508075688776
2026-08-31T23:00:23.043,128462296,P042,rhythm_normal,NORMAL,,,,2035,481895,102917,115646,102573.67,114698.2,343.33,947.8,590.45,444.53,False,False,nan,True,0.9498,71.43,98.5,True,0,NORMAL,1,0.97,0,837.2,50.4,40.3,0.12,18,64,27,30,60,0.999529889498058,0.17320508075688776
2026-08-31T23:00:23.062,128462312,P042,rhythm_normal,NORMAL,,,,2036,481935,103020,115904,102582.6,114722.32,437.4,1181.68,738.26,450.4,False,False,nan,True,0.9498,71.43,98.5,True,0,NORMAL,1,0.97,0,837.2,50.4,40.3,0.12,18,64,27,30,60,0.999529889498058,0.17320508075688776
2026-08-31T23:00:23.091,128462343,P042,rhythm_normal,NORMAL,,,,2037,481975,103062,116020,102592.19,114748.27,469.81,1271.73,871.62,458.83,False,False,nan,True,0.9498,71.43,98.5,True,0,NORMAL,1,0.97,0,837.2,50.4,40.3,0.12,18,64,27,30,60,0.999529889498058,0.17320508075688776
2026-08-31T23:00:23.128,128462375,P042,rhythm_normal,NORMAL,,,,2038,482015,102626,114882,102592.87,114750.95,33.13,131.05,686.48,463.38,True,True,880.0,True,0.9537,69.77,98.5,True,0,NORMAL,1,0.97,0,837.2,50.4,40.3,0.12,18,64,27,30,60,0.999529889498058,0.17320508075688776
2026-08-31T23:00:23.173,128462421,P042,rhythm_normal,NORMAL,,,,2039,482055,102193,113788,102584.87,114731.69,-391.87,-943.69,278.94,459.69,False,False,nan,True,0.9537,69.77,98.5,True,0,NORMAL,1,0.97,0,837.2,50.4,40.3,0.12,18,64,27,30,60,0.999529889498058,0.17320508075688776
2026-08-31T23:00:23.272,128462515,P042,rhythm_normal,NORMAL,,,,2040,482095,102158,113713,102576.33,114711.31,-418.33,-998.31,-40.37,451.3,False,False,nan,True,0.9537,69.77,98.5,True,0,NORMAL,1,0.97,0,837.2,50.4,40.3,0.12,18,64,27,30,60,0.999310262130836,0.17320508075688776
2026-08-31T23:00:23.287,128462531,P042,rhythm_normal,NORMAL,,,,2041,482135,102245,113940,102569.7,114695.88,-324.7,-755.88,-219.25,446.66,False,False,nan,True,0.9537,69.77,98.5,True,0,NORMAL,1,0.97,0,837.2,50.4,40.3,0.12,18,64,27,30,60,0.999310262130836,0.17320508075688776
2026-08-31T23:00:23.332,128462578,P042,rhythm_normal,NORMAL,,,,2042,482175,102323,114150,102564.77,114684.97,-241.77,-534.97,-298.18,443.69,False,False,nan,True,0.9537,69.77,98.5,True,0,NORMAL,1,0.97,0,837.2,50.4,40.3,0.12,18,64,27,30,60,0.999310262130836,0.17320508075688776
2026-08-31T23:00:23.355,128462609,P042,rhythm_normal,NORMAL,,,,2043,482215,102381,114272,102561.09,114676.71,-180.09,-404.71,-324.81,441.32,False,False,nan,True,0.9537,69.77,98.5,True,0,NORMAL,1,0.97,0,837.2,50.4,40.3,0.12,18,64,27,30,60,0.999310262130836,0.17320508075688776
2026-08-31T23:00:23.377,128462625,P042,rhythm_normal,NORMAL,,,,2044,482255,102488,114537,102559.63,114673.91,-71.63,-136.91,-277.84,438.05,False,False,nan,True,0.9537,69.77,98.5,True,0,NORMAL,1,0.97,0,837.2,50.4,40.3,0.12,18,64,27,30,60,0.999310262130836,0.17320508075688776
2026-08-31T23:00:23.476,128462734,P042,rhythm_normal,NORMAL,,,,2045,482295,102475,114465,102557.94,114669.73,-82.94,-204.73,-259.56,434.48,False,False,nan,True,0.9537,69.77,98.5,True,0,NORMAL,1,0.97,0,837.2,50.4,40.3,0.12,18,64,27,30,60,0.999310262130836,0.17320508075688776
2026-08-31T23:00:23.507,128462765,P042,rhythm_normal,NORMAL,,,,2046,482335,102373,114203,102554.24,114660.4,-181.24,-457.4,-309.02,431.97,False,False,nan,True,0.9537,69.77,98.5,True,0,NORMAL,1,0.97,0,837.2,50.4,40.3,0.12,18,64,27,30,60,0.999310262130836,0.17320508075688776
2026-08-31T23:00:23.526,128462781,P042,rhythm_normal,NORMAL,,,,2047,482375,102379,114201,102550.73,114651.21,-171.73,-450.21,-344.32,430.21,False,False,nan,True,0.9537,69.77,98.5,True,0,NORMAL,1,0.97,0,837.2,50.4,40.3,0.12,18,64,27,30,60,0.999310262130836,0.17320508075688776
2026-08-31T23:00:23.541,128462796,P042,rhythm_normal,NORMAL,,,,2048,482415,102477,114441,102549.26,114647.01,-72.26,-206.01,-309.74,427.8,False,False,nan,True,0.9537,69.77,98.5,True,0,NORMAL,1,0.97,0,837.2,50.4,40.3,0.12,18,64,27,30,60,0.999310262130836,0.17320508075688776
2026-08-31T23:00:23.567,128462812,P042,rhythm_normal,NORMAL,,,,2049,482455,102609,114783,102550.45,114649.73,58.55,133.27,-198.99,423.23,False,False,nan,True,0.9537,69.77,98.5,True,0,NORMAL,1,0.97,0,837.2,50.4,40.3,0.12,18,64,27,30,60,0.999310262130836,0.17320508075688776
2026-08-31T23:00:23.712,128462968,P042,rhythm_normal,NORMAL,,,,2050,482495,102725,115063,102553.95,114657.99,171.05,405.01,-47.99,415.72,False,False,nan,True,0.9537,69.77,98.5,True,0,NORMAL,1,0.97,0,837.2,50.4,40.3,0.12,18,64,27,30,60,0.999310262130836,0.17320508075688776
2026-08-31T23:00:23.744,128463000,P042,rhythm_normal,NORMAL,,,,2051,482535,102800,115239,102558.87,114669.61,241.13,569.39,106.36,409.54,False,False,nan,True,0.9537,69.77,98.5,True,0,NORMAL,1,0.97,0,837.2,50.4,40.3,0.12,18,64,27,30,60,0.999310262130836,0.17320508075688776
2026-08-31T23:00:23.763,128463015,P042,rhythm_normal,NORMAL,,,,2052,482575,102843,115349,102564.55,114683.2,278.45,665.8,246.22,406.27,False,False,nan,True,0.9537,69.77,98.5,True,0,NORMAL,1,0.97,0,837.2,50.4,40.3,0.12,18,64,27,30,60,0.999310262130836,0.17320508075688776
2026-08-31T23:00:23.779,128463031,P042,rhythm_normal,NORMAL,,,,2053,482615,102872,115414,102570.7,114697.81,301.3,716.19,363.71,405.42,False,False,nan,True,0.9537,69.77,98.5,True,0,NORMAL,1,0.97,0,837.2,50.4,40.3,0.12,18,64,27,30,60,0.999310262130836,0.17320508075688776
2026-08-31T23:00:23.797,128463046,P042,rhythm_normal,NORMAL,,,,2054,482655,102898,115459,102577.24,114713.04,320.76,745.96,459.27,406.5,False,False,nan,True,0.9537,69.77,98.5,True,0,NORMAL,1,0.97,0,837.2,50.4,40.3,0.12,18,64,27,30,60,0.999310262130836,0.17320508075688776
2026-08-31T23:00:23.854,128463109,P042,rhythm_normal,NORMAL,,,,2055,482695,102927,115541,102584.23,114729.6,342.77,811.4,547.3,409.31,False,False,nan,True,0.9537,69.77,98.5,True,0,NORMAL,1,0.97,0,837.2,50.4,40.3,0.12,18,64,27,30,60,0.999310262130836,0.17320508075688776
2026-08-31T23:00:23.865,128463109,P042,rhythm_normal,NORMAL,,,,2056,482735,102995,115718,102592.45,114749.37,402.55,968.63,652.64,414.18,False,False,nan,True,0.9537,69.77,98.5,True,0,NORMAL,1,0.97,0,837.2,50.4,40.3,0.12,18,64,27,30,60,0.999310262130836,0.17320508075688776
2026-08-31T23:00:23.893,128463140,P042,rhythm_normal,NORMAL,,,,2057,482775,102980,115673,102600.2,114767.84,379.8,905.16,715.77,420.21,False,False,nan,True,0.9537,69.77,98.5,True,0,NORMAL,1,0.97,0,837.2,50.4,40.3,0.12,18,64,27,30,60,0.999310262130836,0.17320508075688776
2026-08-31T23:00:23.902,128463156,P042,rhythm_normal,NORMAL,,,,2058,482815,102461,114338,102597.42,114759.24,-136.42,-421.24,431.52,420.44,True,True,800.0,True,0.9537,69.77,98.5,True,0,NORMAL,1,0.97,0,837.2,50.4,40.3,0.12,18,64,27,30,60,0.999310262130836,0.17320508075688776
2026-08-31T23:00:23.931,128463187,P042,rhythm_normal,NORMAL,,,,2059,482855,102159,113598,102588.66,114736.02,-429.66,-1138.02,39.13,412.81,False,False,nan,True,0.9537,69.77,98.5,True,0,NORMAL,1,0.97,0,837.2,50.4,40.3,0.12,18,64,27,30,60,0.999310262130836,0.17320508075688776
2026-08-31T23:00:24.046,128463296,P042,rhythm_normal,NORMAL,,,,2060,482895,102178,113640,102580.45,114714.09,-402.45,-1074.09,-239.17,409.34,False,False,nan,True,0.9537,69.77,98.5,True,0,NORMAL,1,0.97,0,837.2,50.4,40.3,0.12,18,64,27,30,60,0.999310262130836,0.17320508075688776
2026-08-31T23:00:24.074,128463328,P042,rhythm_normal,NORMAL,,,,2061,482935,102303,113917,102574.9,114698.15,-271.9,-781.15,-374.67,408.64,False,False,nan,True,0.9537,69.77,99.02,True,0,NORMAL,1,0.97,0,837.2,50.4,40.3,0.12,18,64,27,30,60,0.999310262130836,0.17320508075688776
2026-08-31T23:00:24.089,128463343,P042,rhythm_normal,NORMAL,,,,2062,482975,102380,114141,102571.0,114687.01,-191.0,-546.01,-417.5,408.82,False,False,nan,True,0.9537,69.77,99.02,True,0,NORMAL,1,0.97,0,837.2,50.4,40.3,0.12,18,64,27,30,60,0.999310262130836,0.17320508075688776
2026-08-31T23:00:24.111,128463359,P042,rhythm_normal,NORMAL,,,,2063,483015,102478,114389,102569.14,114681.05,-91.14,-292.05,-386.14,408.37,False,False,nan,True,0.9537,69.77,99.02,True,0,NORMAL,1,0.97,0,837.2,50.4,40.3,0.12,18,64,27,30,60,0.999310262130836,0.17320508075688776
2026-08-31T23:00:24.139,128463390,P042,rhythm_normal,NORMAL,,,,2064,483055,102540,114526,102568.55,114677.95,-28.55,-151.95,-327.59,406.75,False,False,nan,True,0.9537,69.77,99.02,True,0,NORMAL,1,0.97,0,837.2,50.4,40.3,0.12,18,64,27,30,60,0.999310262130836,0.17320508075688776
2026-08-31T23:00:24.248,128463500,P042,rhythm_normal,NORMAL,,,,2065,483095,102431,114260,102565.8,114669.59,-134.8,-409.59,-348.09,405.58,False,False,nan,True,0.9537,69.77,99.02,True,0,NORMAL,1,0.97,0,837.2,50.4,40.3,0.12,18,64,27,30,60,1.0001889821428749,0.17320508075688776
2026-08-31T23:00:24.271,128463515,P042,rhythm_normal,NORMAL,,,,2066,483135,102357,114068,102561.62,114657.55,-204.62,-589.55,-408.46,405.64,False,False,nan,True,0.9537,69.77,99.02,True,0,NORMAL,1,0.97,0,837.2,50.4,40.3,0.12,18,64,27,30,60,1.0001889821428749,0.17320508075688776
2026-08-31T23:00:24.281,128463531,P042,rhythm_normal,NORMAL,,,,2067,483175,102392,114154,102558.23,114647.48,-166.23,-493.48,-429.71,406.12,False,False,nan,True,0.9537,69.77,99.02,True,0,NORMAL,1,0.97,0,837.2,50.4,40.3,0.12,18,64,27,30,60,1.0001889821428749,0.17320508075688776
2026-08-31T23:00:24.305,128463562,P042,rhythm_normal,NORMAL,,,,2068,483215,102511,114439,102557.29,114643.31,-46.29,-204.31,-373.36,405.46,False,False,nan,True,0.9537,69.77,99.02,True,0,NORMAL,1,0.97,0,837.2,50.4,40.3,0.12,18,64,27,30,60,1.0001889821428749,0.17320508075688776
2026-08-31T23:00:24.334,128463578,P042,rhythm_normal,NORMAL,,,,2069,483255,102633,114762,102558.8,114645.69,74.2,116.31,-250.94,402.37,False,False,nan,True,0.9537,69.77,99.02,True,0,NORMAL,1,0.97,0,837.2,50.4,40.3,0.12,18,64,27,30,60,1.0001889821428749,0.17320508075688776
2026-08-31T23:00:24.454,128463703,P042,rhythm_normal,NORMAL,,,,2070,483295,102737,115027,102562.37,114653.31,174.63,373.69,-94.79,396.22,False,False,nan,True,0.9537,69.77,99.02,True,0,NORMAL,1,0.97,0,837.2,50.4,40.3,0.12,18,64,27,30,60,0.999310262130836,0.17320508075688776
2026-08-31T23:00:24.474,128463718,P042,rhythm_normal,NORMAL,,,,2071,483335,102809,115229,102567.3,114664.83,241.7,564.17,69.95,389.7,False,False,nan,True,0.9537,69.77,99.02,True,0,NORMAL,1,0.97,0,837.2,50.4,40.3,0.12,18,64,27,30,60,0.999310262130836,0.17320508075688776
2026-08-31T23:00:24.483,128463734,P042,rhythm_normal,NORMAL,,,,2072,483375,102856,115362,102573.07,114678.77,282.93,683.23,223.27,386.37,False,False,nan,True,0.9537,69.77,99.02,True,0,NORMAL,1,0.97,0,837.2,50.4,40.3,0.12,18,64,27,30,60,0.999310262130836,0.17320508075688776
2026-08-31T23:00:24.505,128463750,P042,rhythm_normal,NORMAL,,,,2073,483415,102881,115451,102579.23,114694.22,301.77,756.78,356.65,385.77,False,False,nan,True,0.9537,69.77,99.02,True,0,NORMAL,1,0.97,0,837.2,50.4,40.3,0.12,18,64,27,30,60,0.999310262130836,0.17320508075688776
2026-08-31T23:00:24.528,128463781,P042,rhythm_normal,NORMAL,,,,2074,483455,102903,115519,102585.7,114710.71,317.3,808.29,469.56,387.45,False,False,nan,True,0.9537,69.77,99.02,True,0,NORMAL,1,0.97,0,837.2,50.4,40.3,0.12,18,64,27,30,60,0.999310262130836,0.17320508075688776
2026-08-31T23:00:24.646,128463890,P042,rhythm_normal,NORMAL,,,,2075,483495,102971,115677,102593.41,114730.04,377.59,946.96,588.91,391.48,False,False,nan,True,0.9537,69.77,99.02,True,0,NORMAL,1,0.97,0,837.2,50.4,40.3,0.12,18,64,27,30,60,0.999310262130836,0.17320508075688776
2026-08-31T23:00:24.659,128463906,P042,rhythm_normal,NORMAL,,,,2076,483535,103026,115803,102602.05,114751.5,423.95,1051.5,704.56,397.74,False,False,nan,True,0.9537,69.77,99.02,True,0,NORMAL,1,0.97,0,837.2,50.4,40.3,0.12,18,64,27,30,60,0.999310262130836,0.17320508075688776
2026-08-31T23:00:24.680,128463937,P042,rhythm_normal,NORMAL,,,,2077,483575,102654,114871,102603.09,114753.89,50.91,117.11,557.7,400.94,True,True,760.0,True,0.9423,69.77,99.02,True,0,NORMAL,1,0.97,0,837.2,50.4,40.3,0.12,18,64,27,30,60,0.999310262130836,0.17320508075688776
2026-08-31T23:00:24.708,128463953,P042,rhythm_normal,NORMAL,,,,2078,483615,102155,113628,102594.13,114731.38,-439.13,-1103.38,142.43,395.77,False,False,nan,True,0.9423,69.77,99.02,True,0,NORMAL,1,0.97,0,837.2,50.4,40.3,0.12,18,64,27,30,60,0.999310262130836,0.17320508075688776
2026-08-31T23:00:24.731,128463984,P042,rhythm_normal,NORMAL,,,,2079,483655,102095,113479,102584.15,114706.33,-489.15,-1227.33,-200.01,391.85,False,False,nan,True,0.9423,69.77,99.02,True,0,NORMAL,1,0.97,0,837.2,50.4,40.3,0.12,18,64,27,30,60,0.999310262130836,0.17320508075688776
2026-08-31T23:00:24.866,128464125,P042,rhythm_normal,NORMAL,,,,2080,483695,102182,113692,102576.11,114686.04,-394.11,-994.04,-398.52,391.99,False,False,nan,True,0.9423,69.77,99.02,True,0,NORMAL,1,0.97,0,837.2,50.4,40.3,0.12,18,64,27,30,60,0.999310262130836,0.17320508075688776
2026-08-31T23:00:24.871,128464125,P042,rhythm_normal,NORMAL,,,,2081,483735,102271,113921,102570.01,114670.74,-299.01,-749.74,-486.32,393.87,False,False,nan,True,0.9423,69.77,99.02,True,0,NORMAL,1,0.97,0,837.2,50.4,40.3,0.12,18,64,27,30,60,0.999310262130836,0.17320508075688776
2026-08-31T23:00:24.877,128464125,P042,rhythm_normal,NORMAL,,,,2082,483775,102305,114014,102564.71,114657.61,-259.71,-643.61,-525.65,396.51,False,False,nan,True,0.9423,69.77,99.02,True,0,NORMAL,1,0.97,0,837.2,50.4,40.3,0.12,18,64,27,30,60,0.999310262130836,0.17320508075688776
2026-08-31T23:00:24.892,128464140,P042,rhythm_normal,NORMAL,,,,2083,483815,102391,114232,102561.23,114649.09,-170.23,-417.09,-498.51,398.55,False,False,nan,True,0.9423,69.77,99.02,True,0,NORMAL,1,0.97,0,837.2,50.4,40.3,0.12,18,64,27,30,60,0.999310262130836,0.17320508075688776
2026-08-31T23:00:24.918,128464171,P042,rhythm_normal,NORMAL,,,,2084,483855,102390,114238,102557.81,114640.88,-167.81,-402.88,-474.6,400.07,False,False,nan,True,0.9423,69.77,99.02,True,0,NORMAL,1,0.97,0,837.2,50.4,40.3,0.12,18,64,27,30,60,0.999310262130836,0.17320508075688776
2026-08-31T23:00:25.033,128464281,P042,rhythm_normal,NORMAL,,,,2085,483895,102304,114027,102552.73,114628.59,-248.73,-601.59,-506.35,402.19,False,False,nan,True,0.9423,69.77,99.02,True,0,NORMAL,1,0.97,0,837.2,50.4,40.3,0.12,18,64,27,30,60,0.999310262130836,0.24494897427831783
2026-08-31T23:00:25.045,128464296,P042,rhythm_normal,NORMAL,,,,2086,483935,102294,114012,102547.56,114616.27,-253.56,-604.27,-530.83,404.77,False,False,nan,True,0.9423,69.77,99.02,True,0,NORMAL,1,0.97,0,837.2,50.4,40.3,0.12,18,64,27,30,60,0.999310262130836,0.24494897427831783
2026-08-31T23:00:25.058,128464312,P042,rhythm_normal,NORMAL,,,,2087,483975,102386,114219,102544.33,114608.32,-158.33,-389.32,-495.45,406.58,False,False,nan,True,0.9423,69.77,99.02,True,0,NORMAL,1,0.97,0,837.2,50.4,40.3,0.12,18,64,27,30,60,0.999310262130836,0.24494897427831783
2026-08-31T23:00:25.076,128464328,P042,rhythm_normal,NORMAL,,,,2088,484015,102509,114547,102543.62,114607.09,-34.62,-60.09,-386.61,406.18,False,False,nan,True,0.9423,69.77,99.02,True,0,NORMAL,1,0.97,0,837.2,50.4,40.3,0.12,18,64,27,30,60,0.999310262130836,0.24494897427831783
2026-08-31T23:00:25.117,128464375,P042,rhythm_normal,NORMAL,,,,2089,484055,102630,114859,102545.35,114612.13,84.65,246.87,-228.24,402.62,False,False,nan,True,0.9423,69.77,99.02,True,0,NORMAL,1,0.97,0,837.2,50.4,40.3,0.12,18,64,27,30,60,0.999310262130836,0.24494897427831783
2026-08-31T23:00:25.233,128464484,P042,rhythm_normal,NORMAL,,,,2090,484095,102722,115075,102548.88,114621.39,173.12,453.61,-57.78,395.73,False,False,nan,True,0.9423,69.77,99.02,True,0,NORMAL,1,0.97,0,837.2,50.4,40.3,0.12,18,64,27,30,60,0.999310262130836,0.17320508075688776
2026-08-31T23:00:25.247,128464500,P042,rhythm_normal,NORMAL,,,,2091,484135,102783,115241,102553.56,114633.78,229.44,607.22,108.47,389.98,False,False,nan,True,0.9423,69.77,99.02,True,0,NORMAL,1,0.97,0,837.2,50.4,40.3,0.12,18,64,27,30,60,0.999310262130836,0.17320508075688776
2026-08-31T23:00:25.261,128464515,P042,rhythm_normal,NORMAL,,,,2092,484175,102805,115332,102558.59,114647.74,246.41,684.26,252.42,387.23,False,False,nan,True,0.9423,69.77,99.02,True,0,NORMAL,1,0.97,0,837.2,50.4,40.3,0.12,18,64,27,30,60,0.999310262130836,0.17320508075688776
2026-08-31T23:00:25.276,128464531,P042,rhythm_normal,NORMAL,,,,2093,484215,102829,115387,102564.0,114662.52,265.0,724.48,370.43,386.89,False,False,nan,True,0.9423,69.77,99.02,True,0,NORMAL,1,0.97,0,837.2,50.4,40.3,0.12,18,64,27,30,60,0.999310262130836,0.17320508075688776
2026-08-31T23:00:25.315,128464562,P042,rhythm_normal,NORMAL,,,,2094,484255,102867,115479,102570.06,114678.85,296.94,800.15,477.86,388.71,False,False,nan,True,0.9423,69.77,99.02,True,0,NORMAL,1,0.97,0,837.2,50.4,40.3,0.12,18,64,27,30,60,0.999310262130836,0.17320508075688776
2026-08-31T23:00:25.430,128464687,P042,rhythm_normal,NORMAL,,,,2095,484295,102912,115619,102576.9,114697.66,335.1,921.34,588.73,392.71,False,False,nan,True,0.9423,69.77,99.02,True,0,NORMAL,1,0.95,0,825.6,52.3,58.0,0.29,18,56,28,30,60,0.999310262130836,0.17320508075688776
2026-08-31T23:00:25.442,128464687,P042,rhythm_normal,NORMAL,,,,2096,484335,102920,115652,102583.76,114716.74,336.24,935.26,675.36,398.37,False,False,nan,True,0.9423,69.77,99.02,True,0,NORMAL,1,0.95,0,825.6,52.3,58.0,0.29,18,56,28,30,60,0.999310262130836,0.17320508075688776
2026-08-31T23:00:25.453,128464703,P042,rhythm_normal,NORMAL,,,,2097,484375,102422,114382,102580.52,114710.05,-158.52,-328.05,424.51,398.89,True,True,800.0,True,0.9458,73.17,99.02,True,0,NORMAL,1,0.95,0,825.6,52.3,58.0,0.29,18,56,28,30,60,0.999310262130836,0.17320508075688776
2026-08-31T23:00:25.476,128464734,P042,rhythm_normal,NORMAL,,,,2098,484415,102041,113455,102569.73,114684.95,-528.73,-1229.95,10.9,391.13,False,False,nan,True,0.9458,73.17,99.02,True,0,NORMAL,1,0.95,0,825.6,52.3,58.0,0.29,18,56,28,30,60,0.999310262130836,0.17320508075688776
2026-08-31T23:00:25.515,128464765,P042,rhythm_normal,NORMAL,,,,2099,484455,102038,113441,102559.1,114660.07,-521.1,-1219.07,-296.6,389.24,False,False,nan,True,0.9458,73.17,99.02,True,0,NORMAL,1,0.95,0,825.6,52.3,58.0,0.29,18,56,28,30,60,0.999310262130836,0.17320508075688776
2026-08-31T23:00:25.632,128464890,P042,rhythm_normal,NORMAL,,,,2100,484495,102133,113652,102550.58,114639.91,-417.58,-987.91,-469.42,390.84,False,False,nan,True,0.9458,73.17,99.02,True,0,NORMAL,1,0.95,0,825.6,52.3,58.0,0.29,18,56,28,30,60,0.999310262130836,0.17320508075688776
2026-08-31T23:00:25.646,128464890,P042,rhythm_normal,NORMAL,,,,2101,484535,102184,113800,102543.25,114623.11,-359.25,-823.11,-557.84,394.18,False,False,nan,True,0.9458,73.17,99.02,True,0,NORMAL,1,0.95,0,825.6,52.3,58.0,0.29,18,56,28,30,60,0.999310262130836,0.17320508075688776
2026-08-31T23:00:25.657,128464906,P042,rhythm_normal,NORMAL,,,,2102,484575,102214,113867,102536.66,114607.98,-322.66,-740.98,-603.63,398.37,False,False,nan,True,0.9458,73.17,99.02,True,0,NORMAL,1,0.95,0,825.6,52.3,58.0,0.29,18,56,28,30,60,0.999310262130836,0.17320508075688776
2026-08-31T23:00:25.684,128464937,P042,rhythm_normal,NORMAL,,,,2103,484615,102283,114045,102531.59,114596.73,-248.59,-551.73,-590.65,402.22,False,False,nan,True,0.9458,73.17,99.02,True,0,NORMAL,1,0.95,0,825.6,52.3,58.0,0.29,18,56,28,30,60,0.999310262130836,0.17320508075688776
2026-08-31T23:00:25.715,128464968,P042,rhythm_normal,NORMAL,,,,2104,484655,102266,114008,102526.28,114584.95,-260.28,-576.95,-587.23,405.92,False,False,nan,True,0.9458,73.17,99.02,True,0,NORMAL,1,0.95,0,825.6,52.3,58.0,0.29,18,56,28,30,60,0.999310262130836,0.17320508075688776
2026-08-31T23:00:25.832,128465078,P042,rhythm_normal,NORMAL,,,,2105,484695,102206,113846,102519.88,114570.17,-313.88,-724.17,-621.46,410.23,False,False,nan,True,0.9458,73.17,99.02,True,0,NORMAL,1,0.95,0,825.6,52.3,58.0,0.29,18,56,28,30,60,0.999310262130836,0.17320508075688776
2026-08-31T23:00:25.843,128465093,P042,rhythm_normal,NORMAL,,,,2106,484735,102220,113894,102513.88,114556.65,-293.88,-662.65,-631.76,414.66,False,False,nan,True,0.9458,73.17,99.02,True,0,NORMAL,1,0.95,0,825.6,52.3,58.0,0.29,18,56,28,30,60,0.999310262130836,0.17320508075688776
2026-08-31T23:00:25.859,128465109,P042,rhythm_normal,NORMAL,,,,2107,484775,102300,114103,102509.59,114547.58,-209.59,-444.58,-584.96,418.06,False,False,nan,True,0.9458,73.17,99.02,True,0,NORMAL,1,0.95,0,825.6,52.3,58.0,0.29,18,56,28,30,60,0.999310262130836,0.17320508075688776
2026-08-31T23:00:25.884,128465140,P042,rhythm_normal,NORMAL,,,,2108,484815,102415,114396,102507.7,114544.55,-92.7,-148.55,-475.86,419.22,False,False,nan,True,0.9458,73.17,99.02,True,0,NORMAL,1,0.95,0,825.6,52.3,58.0,0.29,18,56,28,30,60,0.999310262130836,0.17320508075688776
2026-08-31T23:00:26.032,128465281,P042,rhythm_normal,NORMAL,,,,2109,484865,102520,114625,102507.95,114546.16,12.05,78.84,-337.18,417.58,False,False,nan,True,0.9458,73.17,99.02,True,0,NORMAL,1,0.95,0,825.6,52.3,58.0,0.29,18,56,28,30,60,0.999310262130836,0.17320508075688776
2026-08-31T23:00:26.047,128465296,P042,rhythm_normal,NORMAL,,,,2110,484905,102590,114827,102509.59,114551.77,80.41,275.23,-184.08,412.91,False,False,nan,True,0.9458,73.17,99.02,True,0,NORMAL,1,0.95,0,825.6,52.3,58.0,0.29,18,56,28,30,60,0.999310262130836,0.17320508075688776
2026-08-31T23:00:26.061,128465312,P042,rhythm_normal,NORMAL,,,,2111,484945,102646,114933,102512.31,114559.4,133.69,373.6,-44.66,405.55,False,False,nan,True,0.9458,73.17,99.02,True,0,NORMAL,1,0.95,0,825.6,52.3,58.0,0.29,18,56,28,30,60,0.999310262130836,0.17320508075688776
2026-08-31T23:00:26.066,128465312,P042,rhythm_normal,NORMAL,,,,2112,484985,102674,114992,102515.55,114568.05,158.45,423.95,72.49,398.88,False,False,nan,True,0.9458,73.17,99.02,True,0,NORMAL,1,0.95,0,825.6,52.3,58.0,0.29,18,56,28,30,60,0.999310262130836,0.17320508075688776
2026-08-31T23:00:26.093,128465343,P042,rhythm_normal,NORMAL,,,,2113,485025,102708,115105,102519.4,114578.79,188.6,526.21,185.92,394.62,False,False,nan,True,0.9458,73.17,99.02,True,0,NORMAL,1,0.95,0,825.6,52.3,58.0,0.29,18,56,28,30,60,0.999310262130836,0.17320508075688776
2026-08-31T23:00:26.233,128465484,P042,rhythm_normal,NORMAL,,,,2114,485065,102744,115222,102523.89,114591.66,220.11,630.34,297.03,392.67,False,False,nan,True,0.9458,73.17,99.02,True,0,NORMAL,1,0.95,0,825.6,52.3,58.0,0.29,18,56,28,30,60,0.999310262130836,0.17320508075688776
2026-08-31T23:00:26.244,128465500,P042,rhythm_normal,NORMAL,,,,2115,485105,102807,115384,102529.55,114607.5,277.45,776.5,416.9,393.16,False,False,nan,True,0.9458,73.17,99.02,True,0,NORMAL,1,0.95,0,825.6,52.3,58.0,0.29,18,56,28,30,60,0.999310262130836,0.17320508075688776
2026-08-31T23:00:26.257,128465515,P042,rhythm_normal,NORMAL,,,,2116,485145,102869,115584,102536.34,114627.03,332.66,956.97,551.91,396.33,False,False,nan,True,0.9458,73.17,99.02,True,0,NORMAL,1,0.95,0,825.6,52.3,58.0,0.29,18,56,28,30,60,0.999310262130836,0.17320508075688776
2026-08-31T23:00:26.264,128465515,P042,rhythm_normal,NORMAL,,,,2117,485185,102676,115129,102539.14,114637.07,136.86,491.93,536.92,399.14,True,True,810.0,True,0.9588,74.53,99.02,True,0,NORMAL,1,0.95,0,825.6,52.3,58.0,0.29,18,56,28,30,60,0.999310262130836,0.17320508075688776
2026-08-31T23:00:26.293,128465546,P042,rhythm_normal,NORMAL,,,,2118,485225,102094,113628,102530.23,114616.89,-436.23,-988.89,155.47,394.27,False,False,nan,True,0.9588,74.53,99.02,True,0,NORMAL,1,0.95,0,825.6,52.3,58.0,0.29,18,56,28,30,60,0.999310262130836,0.17320508075688776
2026-08-31T23:00:26.434,128465687,P042,rhythm_normal,NORMAL,,,,2119,485265,101974,113367,102519.11,114591.89,-545.11,-1224.89,-189.62,390.18,False,False,nan,True,0.9588,74.53,99.02,True,0,NORMAL,1,0.95,0,825.6,52.3,58.0,0.29,18,56,28,30,60,1.0001889821428749,0.30000000000000004
2026-08-31T23:00:26.452,128465703,P042,rhythm_normal,NORMAL,,,,2120,485305,102041,113518,102509.55,114570.41,-468.55,-1052.41,-405.32,390.48,False,False,nan,True,0.9588,74.53,99.02,True,0,NORMAL,1,0.95,0,825.6,52.3,58.0,0.29,18,56,28,30,60,1.0001889821428749,0.30000000000000004
2026-08-31T23:00:26.468,128465718,P042,rhythm_normal,NORMAL,,,,2121,485345,102127,113724,102501.9,114553.48,-374.9,-829.48,-511.36,392.9,False,False,nan,True,0.9588,74.53,99.02,True,0,NORMAL,1,0.95,0,825.6,52.3,58.0,0.29,18,56,28,30,60,1.0001889821428749,0.30000000000000004
2026-08-31T23:00:26.473,128465718,P042,rhythm_normal,NORMAL,,,,2122,485385,102151,113759,102494.88,114537.59,-343.88,-778.59,-578.17,396.6,False,False,nan,True,0.9588,74.53,99.02,True,0,NORMAL,1,0.95,0,825.6,52.3,58.0,0.29,18,56,28,30,60,1.0001889821428749,0.30000000000000004
2026-08-31T23:00:26.485,128465734,P042,rhythm_normal,NORMAL,,,,2123,485425,102228,114013,102489.55,114527.1,-261.55,-514.1,-562.15,399.91,False,False,nan,True,0.9588,74.53,99.02,True,0,NORMAL,1,0.95,0,825.6,52.3,58.0,0.29,18,56,28,30,60,1.0001889821428749,0.30000000000000004
2026-08-31T23:00:26.634,128465890,P042,rhythm_normal,NORMAL,,,,2124,485465,102256,114060,102484.88,114517.76,-228.88,-457.76,-536.05,402.64,False,False,nan,True,0.9588,74.53,99.02,True,0,NORMAL,1,0.95,0,825.6,52.3,58.0,0.29,18,56,28,30,60,0.999310262130836,0.24494897427831783
2026-08-31T23:00:26.650,128465906,P042,rhythm_normal,NORMAL,,,,2125,485505,102177,113853,102478.72,114504.46,-301.72,-651.46,-564.91,405.88,False,False,nan,True,0.9588,74.53,99.02,True,0,NORMAL,1,0.95,0,825.6,52.3,58.0,0.29,18,56,28,30,60,0.999310262130836,0.24494897427831783
2026-08-31T23:00:26.670,128465921,P042,rhythm_normal,NORMAL,,,,2126,485545,102145,113812,102472.05,114490.61,-327.05,-678.61,-593.33,409.63,False,False,nan,True,0.9588,74.53,99.02,True,0,NORMAL,1,0.95,0,825.6,52.3,58.0,0.29,18,56,28,30,60,0.999310262130836,0.24494897427831783
2026-08-31T23:00:26.676,128465921,P042,rhythm_normal,NORMAL,,,,2127,485585,102198,113914,102466.56,114479.08,-268.56,-565.08,-586.27,413.16,False,False,nan,True,0.9588,74.53,99.02,True,0,NORMAL,1,0.95,0,825.6,52.3,58.0,0.29,18,56,28,30,60,0.999310262130836,0.24494897427831783
2026-08-31T23:00:26.705,128465953,P042,rhythm_normal,NORMAL,,,,2128,485625,102289,114175,102463.01,114473.0,-174.01,-298.0,-514.2,415.19,False,False,nan,True,0.9588,74.53,99.02,True,0,NORMAL,1,0.95,0,825.6,52.3,58.0,0.29,18,56,28,30,60,0.999310262130836,0.24494897427831783
2026-08-31T23:00:26.856,128466109,P042,rhythm_normal,NORMAL,,,,2129,485665,102389,114452,102461.53,114472.58,-72.53,-20.58,-390.8,414.7,False,False,nan,True,0.9588,74.53,99.02,True,0,NORMAL,1,0.95,0,825.6,52.3,58.0,0.29,18,56,28,30,60,1.0001889821428749,0.24494897427831783
2026-08-31T23:00:26.891,128466140,P042,rhythm_normal,NORMAL,,,,2130,485705,102457,114593,102461.44,114474.98,-4.44,118.02,-263.59,411.68,False,False,nan,True,0.9588,74.53,99.02,True,0,NORMAL,1,0.95,0,825.6,52.3,58.0,0.29,18,56,28,30,60,1.0001889821428749,0.24494897427831783
2026-08-31T23:00:26.911,128466156,P042,rhythm_normal,NORMAL,,,,2131,485745,102507,114790,102462.35,114481.28,44.65,308.72,-120.51,405.85,False,False,nan,True,0.9588,74.53,99.02,True,0,NORMAL,1,0.95,0,825.6,52.3,58.0,0.29,18,56,28,30,60,1.0001889821428749,0.24494897427831783
2026-08-31T23:00:26.951,128466203,P042,rhythm_normal,NORMAL,,,,2132,485785,102516,114879,102463.42,114489.23,52.58,389.77,7.06,397.88,False,False,nan,True,0.9588,74.53,99.02,True,0,NORMAL,1,0.95,0,825.6,52.3,58.0,0.29,18,56,28,30,60,1.0001889821428749,0.24494897427831783
2026-08-31T23:00:26.959,128466203,P042,rhythm_normal,NORMAL,,,,2133,485825,102561,114916,102465.38,114497.77,95.62,418.23,109.85,392.12,False,False,nan,True,0.9588,74.53,99.02,True,0,NORMAL,1,0.95,0,825.6,52.3,58.0,0.29,18,56,28,30,60,1.0001889821428749,0.24494897427831783
2026-08-31T23:00:27.058,128466312,P042,rhythm_normal,NORMAL,,,,2134,485865,102551,114968,102467.09,114507.18,83.91,460.82,197.59,388.23,False,False,nan,True,0.9588,74.53,99.02,True,0,NORMAL,1,0.95,0,825.6,52.3,58.0,0.29,18,56,28,30,60,0.999310262130836,0.24494897427831783
2026-08-31T23:00:27.088,128466343,P042,rhythm_normal,NORMAL,,,,2135,485905,102544,114984,102468.62,114516.72,75.38,467.28,265.01,385.76,False,False,nan,True,0.9588,74.53,99.02,True,0,NORMAL,1,0.95,0,825.6,52.3,58.0,0.29,18,56,28,30,60,0.999310262130836,0.24494897427831783
2026-08-31T23:00:27.112,128466359,P042,rhythm_normal,NORMAL,,,,2136,485945,102624,115175,102471.73,114529.88,152.27,645.12,360.04,385.25,False,False,nan,True,0.9588,74.53,99.02,True,0,NORMAL,1,0.95,0,825.6,52.3,58.0,0.29,18,56,28,30,60,0.999310262130836,0.24494897427831783
2026-08-31T23:00:27.134,128466390,P042,rhythm_normal,NORMAL,,,,2137,485985,102714,115368,102476.58,114546.65,237.42,821.35,475.37,387.05,False,False,nan,True,0.9588,74.53,99.02,True,0,NORMAL,1,0.95,0,825.6,52.3,58.0,0.29,18,56,28,30,60,0.999310262130836,0.24494897427831783
2026-08-31T23:00:27.151,128466406,P042,rhythm_normal,NORMAL,,,,2138,486025,102488,114881,102476.8,114553.34,11.2,327.66,438.44,388.08,True,True,840.0,True,0.9595,72.73,99.02,True,0,NORMAL,1,0.95,0,825.6,52.3,58.0,0.29,18,56,28,30,60,0.999310262130836,0.24494897427831783
2026-08-31T23:00:27.261,128466515,P042,rhythm_normal,NORMAL,,,,2139,486065,102031,113641,102467.89,114535.09,-436.89,-894.09,105.31,382.42,False,False,nan,True,0.9595,72.73,99.02,True,0,NORMAL,1,0.95,0,825.6,52.3,58.0,0.29,18,56,28,30,60,0.999310262130836,0.17320508075688776
2026-08-31T23:00:27.279,128466531,P042,rhythm_normal,NORMAL,,,,2140,486105,101941,113405,102457.35,114512.48,-516.35,-1107.48,-197.89,378.73,False,False,nan,True,0.9595,72.73,99.02,True,0,NORMAL,1,0.95,0,825.6,52.3,58.0,0.29,18,56,28,30,60,0.999310262130836,0.17320508075688776
2026-08-31T23:00:27.311,128466562,P042,rhythm_normal,NORMAL,,,,2141,486145,101960,113524,102447.41,114492.71,-487.41,-968.71,-390.59,378.97,False,False,nan,True,0.9595,72.73,99.02,True,0,NORMAL,1,0.95,0,825.6,52.3,58.0,0.29,18,56,28,30,60,0.999310262130836,0.17320508075688776
2026-08-31T23:00:27.333,128466578,P042,rhythm_normal,NORMAL,,,,2142,486185,102013,113696,102438.72,114476.77,-425.72,-780.77,-488.14,381.15,False,False,nan,True,0.9595,72.73,99.02,True,0,NORMAL,1,0.95,0,825.6,52.3,58.0,0.29,18,56,28,30,60,0.999310262130836,0.17320508075688776
2026-08-31T23:00:27.352,128466609,P042,rhythm_normal,NORMAL,,,,2143,486225,102124,113840,102432.42,114464.04,-308.42,-624.04,-522.11,383.97,False,False,nan,True,0.9595,72.73,99.02,True,0,NORMAL,1,0.95,0,825.6,52.3,58.0,0.29,18,56,28,30,60,0.999310262130836,0.17320508075688776
2026-08-31T23:00:27.462,128466718,P042,rhythm_normal,NORMAL,,,,2144,486265,102187,113957,102427.52,114453.9,-240.52,-496.9,-515.81,386.61,False,False,nan,True,0.9595,72.73,99.02,True,0,NORMAL,1,0.95,0,825.6,52.3,58.0,0.29,18,56,28,30,60,0.999310262130836,0.24494897427831783
2026-08-31T23:00:27.487,128466734,P042,rhythm_normal,NORMAL,,,,2145,486305,102161,113946,102422.19,114443.74,-261.19,-497.74,-511.29,389.1,False,False,nan,True,0.9595,72.73,99.02,True,0,NORMAL,1,0.95,0,825.6,52.3,58.0,0.29,18,56,28,30,60,0.999310262130836,0.24494897427831783
2026-08-31T23:00:27.528,128466781,P042,rhythm_normal,NORMAL,,,,2146,486345,102090,113700,102415.55,114428.87,-325.55,-728.87,-565.69,392.63,False,False,nan,True,0.9595,72.73,99.02,True,0,NORMAL,1,0.95,0,825.6,52.3,58.0,0.29,18,56,28,30,60,0.999310262130836,0.24494897427831783
2026-08-31T23:00:27.558,128466812,P042,rhythm_normal,NORMAL,,,,2147,486385,102066,113695,102408.55,114414.19,-342.55,-719.19,-604.06,396.86,False,False,nan,True,0.9595,72.73,99.02,True,0,NORMAL,1,0.95,0,825.6,52.3,58.0,0.29,18,56,28,30,60,0.999310262130836,0.24494897427831783
2026-08-31T23:00:27.588,128466843,P042,rhythm_normal,NORMAL,,,,2148,486425,102070,113806,102401.78,114402.02,-331.78,-596.02,-602.05,400.97,False,False,nan,True,0.9595,72.73,99.02,True,0,NORMAL,1,0.95,0,825.6,52.3,58.0,0.29,18,56,28,30,60,0.999310262130836,0.24494897427831783
2026-08-31T23:00:27.684,128466937,P042,rhythm_normal,NORMAL,,,,2149,486465,102204,114047,102397.83,114394.92,-193.83,-347.92,-538.52,403.72,False,False,nan,True,0.9595,72.73,99.02,True,0,NORMAL,1,0.95,0,825.6,52.3,58.0,0.29,18,56,28,30,60,0.999310262130836,0.24494897427831783
2026-08-31T23:00:27.707,128466953,P042,rhythm_normal,NORMAL,,,,2150,486505,102276,114225,102395.39,114391.52,-119.39,-166.52,-445.52,404.55,False,False,nan,True,0.9595,72.73,99.02,True,0,NORMAL,1,0.95,0,825.6,52.3,58.0,0.29,18,56,28,30,60,0.999310262130836,0.24494897427831783
2026-08-31T23:00:27.731,128466984,P042,rhythm_normal,NORMAL,,,,2151,486545,102327,114360,102394.02,114390.89,-67.02,-30.89,-341.86,403.3,False,False,nan,True,0.9595,72.73,99.02,True,0,NORMAL,1,0.95,0,825.6,52.3,58.0,0.29,18,56,28,30,60,0.999310262130836,0.24494897427831783
2026-08-31T23:00:27.755,128467000,P042,rhythm_normal,NORMAL,,,,2152,486585,102357,114478,102393.28,114392.63,-36.28,85.37,-235.06,399.93,False,False,nan,True,0.9595,72.73,99.02,True,0,NORMAL,1,0.95,0,825.6,52.3,58.0,0.29,18,56,28,30,60,0.999310262130836,0.24494897427831783
2026-08-31T23:00:27.762,128467015,P042,rhythm_normal,NORMAL,,,,2153,486625,102382,114536,102393.05,114395.5,-11.05,140.5,-141.17,394.76,False,False,nan,True,0.9595,72.73,99.02,True,0,NORMAL,1,0.95,0,825.6,52.3,58.0,0.29,18,56,28,30,60,0.999310262130836,0.24494897427831783
2026-08-31T23:00:27.911,128467156,P042,rhythm_normal,NORMAL,,,,2154,486665,102390,114591,102392.99,114399.41,-2.99,191.59,-57.98,388.02,False,False,nan,True,0.9595,72.73,99.02,True,0,NORMAL,1,0.95,0,825.6,52.3,58.0,0.29,18,56,28,30,60,0.999310262130836,0.17320508075688776
2026-08-31T23:00:27.921,128467171,P042,rhythm_normal,NORMAL,,,,2155,486705,102408,114647,102393.29,114404.36,14.71,242.64,17.18,380.61,False,False,nan,True,0.9595,72.73,99.02,True,0,NORMAL,1,0.95,0,825.6,52.3,58.0,0.29,18,56,28,30,60,0.999310262130836,0.17320508075688776
2026-08-31T23:00:27.934,128467187,P042,rhythm_normal,NORMAL,,,,2156,486745,102458,114766,102394.59,114411.59,63.41,354.41,101.48,375.02,False,False,nan,True,0.9595,72.73,99.02,True,0,NORMAL,1,0.95,0,825.6,52.3,58.0,0.29,18,56,28,30,60,0.999310262130836,0.17320508075688776
2026-08-31T23:00:27.969,128467218,P042,rhythm_normal,NORMAL,,,,2157,486785,102521,114932,102397.12,114422.0,123.88,510.0,203.61,371.6,False,False,nan,True,0.9595,72.73,99.02,True,0,NORMAL,1,0.95,0,825.6,52.3,58.0,0.29,18,56,28,30,60,0.999310262130836,0.17320508075688776
2026-08-31T23:00:27.999,128467250,P042,rhythm_normal,NORMAL,,,,2158,486825,102481,114786,102398.8,114429.28,82.2,356.72,241.89,369.0,False,False,nan,True,0.9595,72.73,99.02,True,0,NORMAL,1,0.95,0,825.6,52.3,58.0,0.29,18,56,28,30,60,0.999310262130836,0.17320508075688776
2026-08-31T23:00:28.062,128467312,P042,rhythm_normal,NORMAL,,,,2159,486865,102061,113725,102392.04,114415.2,-331.04,-690.2,8.87,361.8,True,True,840.0,True,0.9644,72.73,99.02,True,0,NORMAL,1,0.95,0,825.6,52.3,58.0,0.29,18,56,28,30,60,0.9988863799251645,0.17320508075688776
2026-08-31T23:00:28.089,128467343,P042,rhythm_normal,NORMAL,,,,2160,486905,101888,113291,102381.96,114392.71,-493.96,-1101.71,-268.78,359.94,False,False,nan,True,0.9644,72.73,99.02,True,0,NORMAL,1,0.95,0,825.6,52.3,58.0,0.29,18,56,28,30,60,0.9988863799251645,0.17320508075688776
2026-08-31T23:00:28.118,128467375,P042,rhythm_normal,NORMAL,,,,2161,486945,101901,113327,102372.34,114371.4,-471.34,-1044.4,-462.68,361.99,False,False,nan,True,0.9644,72.73,97.35,True,0,NORMAL,1,0.95,0,825.6,52.3,58.0,0.29,18,56,28,30,60,0.9988863799251645,0.17320508075688776
2026-08-31T23:00:28.130,128467375,P042,rhythm_normal,NORMAL,,,,2162,486985,101958,113510,102364.05,114354.17,-406.05,-844.17,-558.05,365.91,False,False,nan,True,0.9644,72.73,97.35,True,0,NORMAL,1,0.95,0,825.6,52.3,58.0,0.29,18,56,28,30,60,0.9988863799251645,0.17320508075688776
2026-08-31T23:00:28.167,128467421,P042,rhythm_normal,NORMAL,,,,2163,487025,102039,113634,102357.55,114339.77,-318.55,-705.77,-594.98,370.5,False,False,nan,True,0.9644,72.73,97.35,True,0,NORMAL,1,0.95,0,825.6,52.3,58.0,0.29,18,56,28,30,60,0.9988863799251645,0.17320508075688776
2026-08-31T23:00:28.251,128467500,P042,rhythm_normal,NORMAL,,,,2164,487065,102053,113758,102351.46,114328.13,-298.46,-570.13,-588.77,374.86,False,False,nan,True,0.9644,72.73,97.35,True,0,NORMAL,1,0.95,0,825.6,52.3,58.0,0.29,18,56,28,30,60,0.999310262130836,0.17320508075688776
2026-08-31T23:00:28.271,128467515,P042,rhythm_normal,NORMAL,,,,2165,487105,102064,113762,102345.71,114316.81,-281.71,-554.81,-580.28,378.97,False,False,nan,True,0.9644,72.73,97.35,True,0,NORMAL,1,0.95,0,825.6,52.3,58.0,0.29,18,56,28,30,60,0.999310262130836,0.17320508075688776
2026-08-31T23:00:28.309,128467562,P042,rhythm_normal,NORMAL,,,,2166,487145,101978,113600,102338.36,114302.48,-360.36,-702.48,-610.83,383.61,False,False,nan,True,0.9644,72.73,97.35,True,0,NORMAL,1,0.95,0,825.6,52.3,58.0,0.29,18,56,28,30,60,0.999310262130836,0.17320508075688776
2026-08-31T23:00:28.319,128467562,P042,rhythm_normal,NORMAL,,,,2167,487185,101985,113516,102331.29,114286.75,-346.29,-770.75,-650.81,388.95,False,False,nan,True,0.9644,72.73,97.35,True,0,NORMAL,1,0.95,0,825.6,52.3,58.0,0.29,18,56,28,30,60,0.999310262130836,0.17320508075688776
2026-08-31T23:00:28.345,128467593,P042,rhythm_normal,NORMAL,,,,2168,487225,101992,113614,102324.5,114273.3,-332.5,-659.3,-652.93,394.23,False,False,nan,True,0.9644,72.73,97.35,True,0,NORMAL,1,0.95,0,825.6,52.3,58.0,0.29,18,56,28,30,60,0.999310262130836,0.17320508075688776
2026-08-31T23:00:28.469,128467718,P042,rhythm_normal,NORMAL,,,,2169,487265,102111,113818,102320.23,114264.19,-209.23,-446.19,-601.25,398.37,False,False,nan,True,0.9644,72.73,97.35,True,0,NORMAL,1,0.95,0,825.6,52.3,58.0,0.29,18,56,28,30,60,0.999310262130836,0.17320508075688776
2026-08-31T23:00:28.487,128467734,P042,rhythm_normal,NORMAL,,,,2170,487305,102193,114031,102317.68,114259.52,-124.68,-228.52,-508.06,400.56,False,False,nan,True,0.9644,72.73,97.35,True,0,NORMAL,1,0.95,0,825.6,52.3,58.0,0.29,18,56,28,30,60,0.999310262130836,0.17320508075688776
