pc_time,pc_monotonic_ms,trial_id,label,expected_state,reference_hr_bpm,reference_spo2_pct,action_marker,seq,t_ms,red,ir,red_dc,ir_dc,red_ac,ir_ac,filtered_ir,envelope,peak_candidate,beat_accepted,ibi_ms,finger,sqi,hr_bpm,spo2_pct,valid,fifo_overflow,rhythm_state,rhythm_valid,rhythm_confidence,model_calibrated,rhythm_ibi_mean_ms,rhythm_sdnn_ms,rhythm_rmssd_ms,rhythm_pnn50,rhythm_beat_count,rhythm_inference_us,rhythm_inference_count,rhythm_model_bytes,rhythm_classifier_state_bytes,imu_accel_g,imu_gyro_dps
2026-08-31T22:18:19.156,125938406,P038,rhythm_normal,NORMAL,,,,1,5490297,111425,117497,111015.23,116546.59,409.77,950.41,855.78,831.09,False,False,nan,True,0.9589,80.94,97.41,True,0,COLLECTING,0,,0,,,,,10,56,126,30,60,0.999850488823204,0.17320508075688776
2026-08-31T22:18:19.192,125938437,P038,rhythm_normal,NORMAL,,,,2,5490337,111361,117363,111022.14,116562.91,338.86,800.09,841.86,831.3,True,False,nan,True,0.9589,80.94,97.41,True,0,COLLECTING,0,,0,,,,,10,56,126,30,60,0.999850488823204,0.17320508075688776
2026-08-31T22:18:19.308,125938562,P038,rhythm_normal,NORMAL,,,,3,5490377,111345,117342,111028.6,116578.49,316.4,763.51,822.27,831.12,False,False,nan,True,0.9589,80.94,97.41,True,0,COLLECTING,0,,0,,,,,10,56,126,30,60,0.9989604596779594,0.17320508075688776
2026-08-31T22:18:19.317,125938562,P038,rhythm_normal,NORMAL,,,,4,5490417,111413,117500,111036.29,116596.92,376.71,903.08,842.47,831.35,False,False,nan,True,0.9589,80.94,97.41,True,0,COLLECTING,0,,0,,,,,10,56,126,30,60,0.9989604596779594,0.17320508075688776
2026-08-31T22:18:19.327,125938578,P038,rhythm_normal,NORMAL,,,,5,5490457,111566,117818,111046.88,116621.34,519.12,1196.66,931.02,833.34,False,False,nan,True,0.9589,80.94,97.73,True,0,COLLECTING,0,,0,,,,,10,56,126,30,60,0.9989604596779594,0.17320508075688776
2026-08-31T22:18:19.351,125938609,P038,rhythm_normal,NORMAL,,,,6,5490497,111697,118107,111059.88,116651.05,637.12,1455.95,1062.25,837.92,False,False,nan,True,0.9589,80.94,97.73,True,0,COLLECTING,0,,0,,,,,10,56,126,30,60,0.9989604596779594,0.17320508075688776
2026-08-31T22:18:19.392,125938640,P038,rhythm_normal,NORMAL,,,,7,5490537,111756,118257,111073.8,116683.17,682.2,1573.83,1190.14,844.96,False,False,nan,True,0.9589,80.94,97.73,True,0,COLLECTING,0,,0,,,,,10,56,126,30,60,0.9989604596779594,0.17320508075688776
2026-08-31T22:18:19.509,125938765,P038,rhythm_normal,NORMAL,,,ACTION_START,8,5490577,111812,118348,111088.57,116716.47,723.43,1631.53,1300.49,854.07,False,False,nan,True,0.9589,80.94,97.73,True,0,COLLECTING,0,,0,,,,,10,56,126,30,60,0.999850488823204,0.17320508075688776
2026-08-31T22:18:19.516,125938765,P038,rhythm_normal,NORMAL,,,,9,5490617,111851,118461,111103.82,116751.36,747.18,1709.64,1402.78,865.05,False,False,nan,True,0.9589,80.94,97.73,True,0,COLLECTING,0,,0,,,,,10,56,126,30,60,0.999850488823204,0.17320508075688776
2026-08-31T22:18:19.528,125938781,P038,rhythm_normal,NORMAL,,,,10,5490657,111913,118597,111120.0,116788.27,793.0,1808.73,1504.27,877.83,False,False,nan,True,0.9589,80.94,97.73,True,0,COLLECTING,0,,0,,,,,10,56,126,30,60,0.999850488823204,0.17320508075688776
2026-08-31T22:18:19.553,125938796,P038,rhythm_normal,NORMAL,,,,11,5490697,111942,118675,111136.44,116826.01,805.56,1848.99,1590.45,892.08,False,False,nan,True,0.9589,80.94,97.73,True,0,COLLECTING,0,,0,,,,,10,56,126,30,60,0.999850488823204,0.17320508075688776
2026-08-31T22:18:19.591,125938843,P038,rhythm_normal,NORMAL,,,,12,5490737,111546,117837,111144.62,116846.23,401.38,990.77,1440.53,903.05,True,True,680.0,True,0.9533,82.05,97.73,True,0,COLLECTING,0,,0,,,,,10,56,126,30,60,0.999850488823204,0.17320508075688776
2026-08-31T22:18:19.709,125938953,P038,rhythm_normal,NORMAL,,,,13,5490777,111212,117138,111145.97,116852.06,66.03,285.94,1151.88,908.03,False,False,nan,True,0.9533,82.05,97.73,True,0,COLLECTING,0,,0,,,,,11,56,126,30,60,0.9989604596779594,0.17320508075688776
2026-08-31T22:18:19.716,125938968,P038,rhythm_normal,NORMAL,,,,14,5490817,111218,117136,111147.41,116857.74,70.59,278.26,933.48,908.54,False,False,nan,True,0.9533,82.05,97.73,True,0,COLLECTING,0,,0,,,,,11,56,126,30,60,0.9989604596779594,0.17320508075688776
2026-08-31T22:18:19.727,125938984,P038,rhythm_normal,NORMAL,,,,15,5490857,111319,117395,111150.84,116868.48,168.16,526.52,831.74,907.0,False,False,nan,True,0.9533,82.05,97.73,True,0,COLLECTING,0,,0,,,,,11,56,126,30,60,0.9989604596779594,0.17320508075688776
2026-08-31T22:18:19.751,125939000,P038,rhythm_normal,NORMAL,,,,16,5490897,111394,117568,111155.7,116882.48,238.3,685.52,795.18,904.77,False,False,nan,True,0.9533,82.05,97.73,True,0,COLLECTING,0,,0,,,,,11,56,126,30,60,0.9989604596779594,0.17320508075688776
2026-08-31T22:18:19.792,125939046,P038,rhythm_normal,NORMAL,,,,17,5490937,111446,117694,111161.5,116898.7,284.5,795.3,795.21,902.58,False,False,nan,True,0.9533,82.05,97.73,True,0,COLLECTING,0,,0,,,,,11,56,126,30,60,0.9989604596779594,0.17320508075688776
2026-08-31T22:18:19.909,125939156,P038,rhythm_normal,NORMAL,,,,18,5490977,111485,117770,111167.97,116916.13,317.03,853.87,809.88,900.72,False,False,nan,True,0.9533,82.05,97.73,True,0,COLLECTING,0,,0,,,,,11,56,126,30,60,0.999850488823204,0.17320508075688776
2026-08-31T22:18:19.917,125939171,P038,rhythm_normal,NORMAL,,,,19,5491017,111412,117649,111172.85,116930.79,239.15,718.21,786.96,898.45,True,False,nan,True,0.9533,82.05,97.73,True,0,COLLECTING,0,,0,,,,,11,56,126,30,60,0.999850488823204,0.17320508075688776
2026-08-31T22:18:19.927,125939171,P038,rhythm_normal,NORMAL,,,,20,5491057,111385,117601,111177.09,116944.2,207.91,656.8,754.42,895.57,False,False,nan,True,0.9533,82.05,97.73,True,0,COLLECTING,0,,0,,,,,11,56,126,30,60,0.999850488823204,0.17320508075688776
2026-08-31T22:18:19.953,125939203,P038,rhythm_normal,NORMAL,,,,21,5491097,111455,117733,111182.65,116959.97,272.35,773.03,759.07,892.84,False,False,nan,True,0.9533,82.05,97.73,True,0,COLLECTING,0,,0,,,,,11,56,126,30,60,0.999850488823204,0.17320508075688776
2026-08-31T22:18:19.992,125939250,P038,rhythm_normal,NORMAL,,,,22,5491137,111574,117985,111190.48,116980.47,383.52,1004.53,820.44,891.39,False,False,nan,True,0.9533,82.05,97.73,True,0,COLLECTING,0,,0,,,,,11,56,126,30,60,0.999850488823204,0.17320508075688776
2026-08-31T22:18:20.113,125939359,P038,rhythm_normal,NORMAL,,,,23,5491177,111674,118231,111200.15,117005.48,473.85,1225.52,921.71,891.99,False,False,nan,True,0.9533,82.05,97.73,True,0,COLLECTING,0,,0,,,,,11,56,126,30,60,0.999850488823204,0.17320508075688776
2026-08-31T22:18:20.124,125939375,P038,rhythm_normal,NORMAL,,,,24,5491217,111728,118363,111210.7,117032.62,517.3,1330.38,1023.88,894.63,False,False,nan,True,0.9533,82.05,97.73,True,0,COLLECTING,0,,0,,,,,11,56,126,30,60,0.999850488823204,0.17320508075688776
2026-08-31T22:18:20.132,125939375,P038,rhythm_normal,NORMAL,,,,25,5491257,111735,118405,111221.19,117060.07,513.81,1344.93,1104.14,898.82,False,False,nan,True,0.9533,82.05,97.73,True,0,COLLECTING,0,,0,,,,,11,56,126,30,60,0.999850488823204,0.17320508075688776
2026-08-31T22:18:20.152,125939406,P038,rhythm_normal,NORMAL,,,,26,5491297,111708,118400,111230.92,117086.87,477.08,1313.13,1156.39,903.97,False,False,nan,True,0.9533,82.05,97.73,True,0,COLLECTING,0,,0,,,,,11,56,126,30,60,0.999850488823204,0.17320508075688776
2026-08-31T22:18:20.203,125939453,P038,rhythm_normal,NORMAL,,,,27,5491337,111693,118470,111240.16,117114.53,452.84,1355.47,1206.16,910.02,False,False,nan,True,0.9533,82.05,97.73,True,0,COLLECTING,0,,0,,,,,11,56,126,30,60,0.999850488823204,0.17320508075688776
2026-08-31T22:18:20.308,125939562,P038,rhythm_normal,NORMAL,,,,28,5491377,111720,118598,111249.76,117144.2,470.24,1453.8,1268.07,917.18,False,False,nan,True,0.9533,82.05,97.73,True,0,COLLECTING,0,,0,,,,,11,56,126,30,60,0.999850488823204,0.17320508075688776
2026-08-31T22:18:20.321,125939578,P038,rhythm_normal,NORMAL,,,,29,5491417,111351,117894,111251.78,117159.2,99.22,734.8,1134.75,921.53,True,True,680.0,True,0.9508,83.19,97.73,True,0,COLLECTING,0,,0,,,,,11,56,126,30,60,0.999850488823204,0.17320508075688776
2026-08-31T22:18:20.328,125939578,P038,rhythm_normal,NORMAL,,,,30,5491457,110590,116366,111238.55,117143.33,-648.55,-777.33,656.73,916.23,False,False,nan,True,0.9508,83.19,97.73,True,0,COLLECTING,0,,0,,,,,11,56,126,30,60,0.999850488823204,0.17320508075688776
2026-08-31T22:18:20.352,125939609,P038,rhythm_normal,NORMAL,,,,31,5491497,110490,116164,111223.58,117123.74,-733.58,-959.74,252.61,902.96,False,False,nan,True,0.9508,83.19,97.73,True,0,COLLECTING,0,,0,,,,,11,56,126,30,60,0.999850488823204,0.17320508075688776
2026-08-31T22:18:20.392,125939640,P038,rhythm_normal,NORMAL,,,,32,5491537,110635,116458,111211.8,117110.43,-576.8,-652.43,26.35,885.43,False,False,nan,True,0.9508,83.19,97.73,True,0,COLLECTING,0,,0,,,,,11,56,126,30,60,0.999850488823204,0.17320508075688776
2026-08-31T22:18:20.509,125939765,P038,rhythm_normal,NORMAL,,,,33,5491577,110770,116726,111202.97,117102.74,-432.97,-376.74,-74.42,869.21,False,False,nan,True,0.9508,83.19,97.73,True,0,NORMAL,1,0.97,0,730.8,37.7,39.3,0.09,12,57,127,30,60,0.999850488823204,0.17320508075688776
2026-08-31T22:18:20.516,125939765,P038,rhythm_normal,NORMAL,,,,34,5491617,110808,116817,111195.07,117097.03,-387.07,-280.03,-125.82,854.34,False,False,nan,True,0.9508,83.19,97.73,True,0,NORMAL,1,0.97,0,730.8,37.7,39.3,0.09,12,57,127,30,60,0.999850488823204,0.17320508075688776
2026-08-31T22:18:20.528,125939781,P038,rhythm_normal,NORMAL,,,,35,5491657,110894,116996,111189.05,117095.01,-295.05,-99.01,-119.12,839.64,False,False,nan,True,0.9508,83.19,97.73,True,0,NORMAL,1,0.97,0,730.8,37.7,39.3,0.09,12,57,127,30,60,0.999850488823204,0.17320508075688776
2026-08-31T22:18:20.552,125939796,P038,rhythm_normal,NORMAL,,,,36,5491697,110851,116933,111182.29,117091.77,-331.29,-158.77,-129.03,825.42,False,False,nan,True,0.9508,83.19,97.73,True,0,NORMAL,1,0.97,0,730.8,37.7,39.3,0.09,12,57,127,30,60,0.999850488823204,0.17320508075688776
2026-08-31T22:18:20.596,125939843,P038,rhythm_normal,NORMAL,,,,37,5491737,110801,116843,111174.66,117086.79,-373.66,-243.79,-157.72,812.07,False,False,nan,True,0.9508,83.19,97.73,True,0,NORMAL,1,0.97,0,730.8,37.7,39.3,0.09,12,57,127,30,60,0.999850488823204,0.17320508075688776
2026-08-31T22:18:20.709,125939953,P038,rhythm_normal,NORMAL,,,,38,5491777,110850,116956,111168.17,117084.17,-318.17,-128.17,-150.33,798.84,False,False,nan,True,0.9508,83.19,97.73,True,0,NORMAL,1,0.97,0,730.8,37.7,39.3,0.09,12,57,127,30,60,0.9989604596779594,0.17320508075688776
2026-08-31T22:18:20.716,125939968,P038,rhythm_normal,NORMAL,,,,39,5491817,110981,117237,111164.43,117087.23,-183.43,149.77,-75.31,784.37,False,False,nan,True,0.9508,83.19,97.73,True,0,NORMAL,1,0.97,0,730.8,37.7,39.3,0.09,12,57,127,30,60,0.9989604596779594,0.17320508075688776
2026-08-31T22:18:20.728,125939984,P038,rhythm_normal,NORMAL,,,,40,5491857,111110,117497,111163.34,117095.42,-53.34,401.58,43.91,769.56,False,False,nan,True,0.9508,83.19,97.73,True,0,NORMAL,1,0.97,0,730.8,37.7,39.3,0.09,12,57,127,30,60,0.9989604596779594,0.17320508075688776
2026-08-31T22:18:20.752,125940000,P038,rhythm_normal,NORMAL,,,,41,5491897,111163,117599,111163.34,117105.49,-0.34,493.51,156.31,757.29,False,False,nan,True,0.9508,83.19,97.73,True,0,NORMAL,1,0.97,0,730.8,37.7,39.3,0.09,12,57,127,30,60,0.9989604596779594,0.17320508075688776
2026-08-31T22:18:20.791,125940046,P038,rhythm_normal,NORMAL,,,,42,5491937,111155,117620,111163.17,117115.78,-8.17,504.22,243.29,747.01,False,False,nan,True,0.9508,83.19,97.73,True,0,NORMAL,1,0.97,0,730.8,37.7,39.3,0.09,12,57,127,30,60,0.9989604596779594,0.17320508075688776
2026-08-31T22:18:20.911,125940156,P038,rhythm_normal,NORMAL,,,,43,5491977,111160,117639,111163.11,117126.24,-3.11,512.76,310.66,738.28,False,False,nan,True,0.9508,83.19,97.73,True,0,NORMAL,1,0.97,0,730.8,37.7,39.3,0.09,12,57,127,30,60,0.999850488823204,0.24494897427831783
2026-08-31T22:18:20.919,125940171,P038,rhythm_normal,NORMAL,,,,44,5492017,111181,117689,111163.47,117137.5,17.53,551.5,370.87,730.94,False,False,nan,True,0.9508,83.19,97.73,True,0,NORMAL,1,0.97,0,730.8,37.7,39.3,0.09,12,57,127,30,60,0.999850488823204,0.24494897427831783
2026-08-31T22:18:20.926,125940171,P038,rhythm_normal,NORMAL,,,,45,5492057,111233,117809,111164.86,117150.93,68.14,658.07,442.67,725.17,False,False,nan,True,0.9508,83.19,97.73,True,0,NORMAL,1,0.97,0,730.8,37.7,39.3,0.09,12,57,127,30,60,0.999850488823204,0.24494897427831783
2026-08-31T22:18:20.952,125940203,P038,rhythm_normal,NORMAL,,,,46,5492097,111313,117963,111167.82,117167.17,145.18,795.83,530.96,721.29,False,False,nan,True,0.9508,83.19,97.73,True,0,NORMAL,1,0.97,0,730.8,37.7,39.3,0.09,12,57,127,30,60,0.999850488823204,0.24494897427831783
2026-08-31T22:18:20.992,125940250,P038,rhythm_normal,NORMAL,,,,47,5492137,111285,117951,111170.16,117182.85,114.84,768.15,590.26,718.67,False,False,nan,True,0.9508,83.19,97.73,True,0,NORMAL,1,0.97,0,730.8,37.7,39.3,0.09,12,57,127,30,60,0.999850488823204,0.24494897427831783
2026-08-31T22:18:21.109,125940359,P038,rhythm_normal,NORMAL,,,,48,5492177,110762,116868,111162.0,117176.55,-400.0,-308.55,365.55,711.6,True,True,760.0,True,0.9603,83.77,97.73,True,0,NORMAL,1,0.97,0,730.8,37.7,39.3,0.09,12,57,127,30,60,0.999850488823204,0.17320508075688776
2026-08-31T22:18:21.116,125940375,P038,rhythm_normal,NORMAL,,,,49,5492217,110392,116110,111146.6,117155.23,-754.6,-1045.23,12.86,697.63,False,False,nan,True,0.9603,83.77,97.73,True,0,NORMAL,1,0.97,0,730.8,37.7,39.3,0.09,12,57,127,30,60,0.999850488823204,0.17320508075688776
2026-08-31T22:18:21.128,125940375,P038,rhythm_normal,NORMAL,,,,50,5492257,110384,116088,111131.35,117133.88,-747.35,-1045.88,-251.83,688.71,False,False,nan,True,0.9603,83.77,97.73,True,0,NORMAL,1,0.97,0,730.8,37.7,39.3,0.09,12,57,127,30,60,0.999850488823204,0.17320508075688776
2026-08-31T22:18:21.152,125940406,P038,rhythm_normal,NORMAL,,,,51,5492297,110464,116262,111118.01,117116.45,-654.01,-854.45,-402.48,682.99,False,False,nan,True,0.9603,83.77,97.73,True,0,NORMAL,1,0.97,0,730.8,37.7,39.3,0.09,12,57,127,30,60,0.999850488823204,0.17320508075688776
2026-08-31T22:18:21.192,125940437,P038,rhythm_normal,NORMAL,,,,52,5492337,110507,116356,111105.79,117101.23,-598.79,-745.23,-488.17,679.09,False,False,nan,True,0.9603,83.77,97.73,True,0,NORMAL,1,0.97,0,730.8,37.7,39.3,0.09,12,57,127,30,60,0.999850488823204,0.17320508075688776
2026-08-31T22:18:21.309,125940562,P038,rhythm_normal,NORMAL,,,,53,5492377,110572,116483,111095.12,117088.87,-523.12,-605.87,-517.59,675.86,False,False,nan,True,0.9603,83.77,97.73,True,0,NORMAL,1,0.97,0,730.8,37.7,39.3,0.09,12,57,127,30,60,0.999850488823204,0.17320508075688776
2026-08-31T22:18:21.316,125940562,P038,rhythm_normal,NORMAL,,,,54,5492417,110657,116643,111086.35,117079.95,-429.35,-436.95,-497.43,672.29,False,False,nan,True,0.9603,83.77,97.73,True,0,NORMAL,1,0.97,0,730.8,37.7,39.3,0.09,12,57,127,30,60,0.999850488823204,0.17320508075688776
2026-08-31T22:18:21.328,125940578,P038,rhythm_normal,NORMAL,,,,55,5492457,110679,116700,111078.2,117072.35,-399.2,-372.35,-466.16,668.17,False,False,nan,True,0.9603,83.77,97.73,True,0,NORMAL,1,0.97,0,730.8,37.7,39.3,0.09,12,57,127,30,60,0.999850488823204,0.17320508075688776
2026-08-31T22:18:21.351,125940609,P038,rhythm_normal,NORMAL,,,,56,5492497,110714,116774,111070.92,117066.38,-356.92,-292.38,-422.72,663.26,False,False,nan,True,0.9603,83.77,97.73,True,0,NORMAL,1,0.97,0,730.8,37.7,39.3,0.09,12,57,127,30,60,0.999850488823204,0.17320508075688776
2026-08-31T22:18:21.392,125940640,P038,rhythm_normal,NORMAL,,,,57,5492537,110755,116870,111064.6,117062.45,-309.6,-192.45,-365.15,657.3,False,False,nan,True,0.9603,83.77,97.73,True,0,NORMAL,1,0.97,0,730.8,37.7,39.3,0.09,12,57,127,30,60,0.999850488823204,0.17320508075688776
2026-08-31T22:18:21.508,125940765,P038,rhythm_normal,NORMAL,,,,58,5492577,110816,117003,111059.63,117061.27,-243.63,-58.27,-288.43,649.92,False,False,nan,True,0.9603,83.77,97.73,True,0,NORMAL,1,0.97,0,730.8,37.7,39.3,0.09,12,57,127,30,60,0.999850488823204,0.17320508075688776
2026-08-31T22:18:21.517,125940765,P038,rhythm_normal,NORMAL,,,,59,5492617,110854,117135,111055.52,117062.74,-201.52,72.26,-198.26,640.89,False,False,nan,True,0.9603,83.77,97.73,True,0,NORMAL,1,0.97,0,730.8,37.7,39.3,0.09,12,57,127,30,60,0.999850488823204,0.17320508075688776
2026-08-31T22:18:21.528,125940781,P038,rhythm_normal,NORMAL,,,,60,5492657,110887,117205,111052.16,117065.59,-165.16,139.41,-113.84,630.35,False,False,nan,True,0.9603,83.77,97.73,True,0,NORMAL,1,0.97,0,730.8,37.7,39.3,0.09,12,57,127,30,60,0.999850488823204,0.17320508075688776
2026-08-31T22:18:21.551,125940796,P038,rhythm_normal,NORMAL,,,,61,5492697,110930,117319,111049.71,117070.66,-119.71,248.34,-23.29,618.21,False,False,nan,True,0.9603,83.77,97.73,True,0,NORMAL,1,0.97,0,730.8,37.7,39.3,0.09,12,57,127,30,60,0.999850488823204,0.17320508075688776
2026-08-31T22:18:21.592,125940843,P038,rhythm_normal,NORMAL,,,,62,5492737,111025,117555,111049.22,117080.34,-24.22,474.66,101.19,607.87,False,False,nan,True,0.9603,83.77,97.73,True,0,NORMAL,1,0.97,0,730.8,37.7,39.3,0.09,12,57,127,30,60,0.999850488823204,0.17320508075688776
2026-08-31T22:18:21.710,125940968,P038,rhythm_normal,NORMAL,,,,63,5492777,111100,117697,111050.23,117092.68,49.77,604.32,226.98,600.25,False,False,nan,True,0.9603,83.77,97.73,True,0,NORMAL,1,0.97,0,730.8,37.7,39.3,0.09,12,57,127,30,60,0.999850488823204,0.17320508075688776
2026-08-31T22:18:21.717,125940968,P038,rhythm_normal,NORMAL,,,,64,5492817,111154,117860,111052.31,117108.02,101.69,751.98,358.23,595.41,False,False,nan,True,0.9603,83.77,97.73,True,0,NORMAL,1,0.97,0,730.8,37.7,39.3,0.09,12,57,127,30,60,0.999850488823204,0.17320508075688776
2026-08-31T22:18:21.727,125940984,P038,rhythm_normal,NORMAL,,,,65,5492857,111262,118081,111056.51,117127.48,205.49,953.52,507.05,593.64,False,False,nan,True,0.9603,83.77,97.73,True,0,NORMAL,1,0.97,0,730.8,37.7,39.3,0.09,12,57,127,30,60,0.999850488823204,0.17320508075688776
2026-08-31T22:18:21.761,125941015,P038,rhythm_normal,NORMAL,,,,66,5492907,111359,118274,111062.55,117150.41,296.45,1123.59,661.18,594.99,False,False,nan,True,0.9603,83.77,97.73,True,0,NORMAL,1,0.97,0,730.8,37.7,39.3,0.09,12,57,127,30,60,0.999850488823204,0.17320508075688776
2026-08-31T22:18:21.793,125941046,P038,rhythm_normal,NORMAL,,,,67,5492937,110973,117520,111060.77,117157.8,-87.77,362.2,586.44,594.82,True,True,770.0,True,0.9603,83.77,97.73,True,0,NORMAL,1,0.97,0,730.8,37.7,39.3,0.09,12,57,127,30,60,0.999850488823204,0.17320508075688776
2026-08-31T22:18:21.908,125941156,P038,rhythm_normal,NORMAL,,,,68,5492987,110486,116489,111049.27,117144.43,-563.27,-655.43,275.97,588.44,False,False,nan,True,0.9603,83.77,97.73,True,0,NORMAL,1,0.97,0,730.8,37.7,39.3,0.09,12,57,127,30,60,0.999850488823204,0.223606797749979
2026-08-31T22:18:21.916,125941171,P038,rhythm_normal,NORMAL,,,,69,5493027,110447,116311,111037.23,117127.76,-590.23,-816.76,2.79,576.73,False,False,nan,True,0.9603,83.77,97.73,True,0,NORMAL,1,0.97,0,730.8,37.7,39.3,0.09,12,57,127,30,60,0.999850488823204,0.223606797749979
2026-08-31T22:18:21.927,125941171,P038,rhythm_normal,NORMAL,,,,70,5493067,110522,116500,111026.92,117115.2,-504.92,-615.2,-151.71,568.23,False,False,nan,True,0.9603,83.77,97.73,True,0,NORMAL,1,0.97,0,730.8,37.7,39.3,0.09,12,57,127,30,60,0.999850488823204,0.223606797749979
2026-08-31T22:18:21.962,125941218,P038,rhythm_normal,NORMAL,,,,71,5493107,110579,116621,111017.96,117105.32,-438.96,-484.32,-234.86,561.56,False,False,nan,True,0.9603,83.77,97.73,True,0,NORMAL,1,0.97,0,730.8,37.7,39.3,0.09,12,57,127,30,60,0.999850488823204,0.223606797749979
2026-08-31T22:18:22.107,125941359,P038,rhythm_normal,NORMAL,,,,72,5493147,110647,116759,111010.54,117098.39,-363.54,-339.39,-260.99,555.55,False,False,nan,True,0.9603,83.77,97.73,True,0,NORMAL,1,0.97,0,730.8,37.7,39.3,0.09,12,57,127,30,60,0.9998024804930222,1.47648230602334
2026-08-31T22:18:22.119,125941375,P038,rhythm_normal,NORMAL,,,,73,5493187,110743,116890,111005.19,117094.23,-262.19,-204.23,-246.8,549.38,False,False,nan,True,0.9603,83.77,97.73,True,0,NORMAL,1,0.97,0,730.8,37.7,39.3,0.09,12,57,127,30,60,0.9998024804930222,1.47648230602334
2026-08-31T22:18:22.126,125941375,P038,rhythm_normal,NORMAL,,,,74,5493227,110751,116890,111000.1,117090.14,-249.1,-200.14,-235.14,543.09,False,False,nan,True,0.9603,83.77,97.73,True,0,NORMAL,1,0.97,0,730.8,37.7,39.3,0.09,12,57,127,30,60,0.9998024804930222,1.47648230602334
2026-08-31T22:18:22.138,125941390,P038,rhythm_normal,NORMAL,,,,75,5493267,110699,116850,110994.08,117085.34,-295.08,-235.34,-235.19,536.93,False,False,nan,True,0.9603,83.77,97.73,True,0,NORMAL,1,0.97,0,730.8,37.7,39.3,0.09,12,57,127,30,60,0.9998024804930222,1.47648230602334
2026-08-31T22:18:22.161,125941406,P038,rhythm_normal,NORMAL,,,,76,5493307,110694,116831,110988.08,117080.25,-294.08,-249.25,-238.7,530.97,False,False,nan,True,0.9603,83.77,97.73,True,0,NORMAL,1,0.97,0,730.8,37.7,39.3,0.09,12,57,127,30,60,0.9998024804930222,1.47648230602334
2026-08-31T22:18:22.307,125941562,P038,rhythm_normal,NORMAL,,,,77,5493347,110748,116910,110983.27,117076.84,-235.27,-166.84,-220.74,524.76,False,False,nan,True,0.9603,83.77,97.73,True,0,NORMAL,1,0.97,0,730.8,37.7,39.3,0.09,12,57,127,30,60,0.999850488823204,0.17320508075688776
2026-08-31T22:18:22.321,125941578,P038,rhythm_normal,NORMAL,,,,78,5493387,110816,117113,110979.93,117077.57,-163.93,35.43,-156.7,517.4,False,False,nan,True,0.9603,83.77,97.73,True,0,NORMAL,1,0.97,0,730.8,37.7,39.3,0.09,12,57,127,30,60,0.999850488823204,0.17320508075688776
2026-08-31T22:18:22.328,125941578,P038,rhythm_normal,NORMAL,,,,79,5493427,110903,117246,110978.39,117080.94,-75.39,165.06,-76.26,508.58,False,False,nan,True,0.9603,83.77,97.73,True,0,NORMAL,1,0.97,0,730.8,37.7,39.3,0.09,12,57,127,30,60,0.999850488823204,0.17320508075688776
2026-08-31T22:18:22.338,125941593,P038,rhythm_normal,NORMAL,,,,80,5493467,110933,117321,110977.48,117085.74,-44.48,235.26,1.62,498.44,False,False,nan,True,0.9603,83.77,97.73,True,0,NORMAL,1,0.97,0,730.8,37.7,39.3,0.09,12,57,127,30,60,0.999850488823204,0.17320508075688776
2026-08-31T22:18:22.362,125941609,P038,rhythm_normal,NORMAL,,,,81,5493507,110955,117397,110977.03,117091.97,-22.03,305.03,77.47,490.02,False,False,nan,True,0.9603,83.77,97.73,True,0,NORMAL,1,0.97,0,730.8,37.7,39.3,0.09,12,57,127,30,60,0.999850488823204,0.17320508075688776
2026-08-31T22:18:22.507,125941765,P038,rhythm_normal,NORMAL,,,,82,5493547,110953,117429,110976.55,117098.71,-23.55,330.29,140.68,483.03,False,False,nan,True,0.9603,83.77,97.73,True,0,NORMAL,1,0.97,0,730.8,37.7,39.3,0.09,12,57,127,30,60,0.999850488823204,0.17320508075688776
2026-08-31T22:18:22.521,125941765,P038,rhythm_normal,NORMAL,,,,83,5493587,111003,117544,110977.08,117107.62,25.92,436.38,214.6,477.67,False,False,nan,True,0.9603,83.77,97.73,True,0,NORMAL,1,0.97,0,730.8,37.7,39.3,0.09,12,57,127,30,60,0.999850488823204,0.17320508075688776
2026-08-31T22:18:22.527,125941781,P038,rhythm_normal,NORMAL,,,,84,5493627,110984,117659,110977.22,117118.65,6.78,540.35,296.04,474.03,False,False,nan,True,0.9603,83.77,97.73,True,0,NORMAL,1,0.97,0,730.8,37.7,39.3,0.09,12,57,127,30,60,0.999850488823204,0.17320508075688776
2026-08-31T22:18:22.537,125941781,P038,rhythm_normal,NORMAL,,,,85,5493667,110980,117563,110977.27,117127.54,2.73,435.46,330.9,471.17,False,False,nan,True,0.9603,83.77,97.73,True,0,NORMAL,1,0.97,0,730.8,37.7,39.3,0.09,12,57,127,30,60,0.999850488823204,0.17320508075688776
2026-08-31T22:18:22.562,125941812,P038,rhythm_normal,NORMAL,,,,86,5493707,110565,116770,110969.03,117120.39,-404.03,-350.39,160.57,464.96,True,True,760.0,True,0.9613,82.62,97.73,True,0,NORMAL,1,0.97,0,730.8,37.7,39.3,0.09,12,57,127,30,60,0.999850488823204,0.17320508075688776
2026-08-31T22:18:22.708,125941953,P038,rhythm_normal,NORMAL,,,,87,5493747,110415,116404,110957.95,117106.06,-542.95,-702.06,-55.08,456.76,False,False,nan,True,0.9613,82.62,97.73,True,0,NORMAL,1,0.97,0,730.8,37.7,39.3,0.09,12,57,127,30,60,1.000070997479679,0.17320508075688776
2026-08-31T22:18:22.720,125941968,P038,rhythm_normal,NORMAL,,,,88,5493787,110502,116532,110948.84,117094.58,-446.84,-562.58,-181.96,451.27,False,False,nan,True,0.9613,82.62,97.73,True,0,NORMAL,1,0.97,0,730.8,37.7,39.3,0.09,12,57,127,30,60,1.000070997479679,0.17320508075688776
2026-08-31T22:18:22.727,125941984,P038,rhythm_normal,NORMAL,,,,89,5493827,110620,116778,110942.26,117088.25,-322.26,-310.25,-214.03,446.52,False,False,nan,True,0.9613,82.62,97.73,True,0,NORMAL,1,0.97,0,730.8,37.7,39.3,0.09,12,57,127,30,60,1.000070997479679,0.17320508075688776
2026-08-31T22:18:22.738,125941984,P038,rhythm_normal,NORMAL,,,,90,5493867,110698,116903,110937.38,117084.55,-239.38,-181.55,-205.91,441.71,False,False,nan,True,0.9613,82.62,97.73,True,0,NORMAL,1,0.97,0,730.8,37.7,39.3,0.09,12,57,127,30,60,1.000070997479679,0.17320508075688776
2026-08-31T22:18:22.761,125942015,P038,rhythm_normal,NORMAL,,,,91,5493907,110785,117063,110934.33,117084.12,-149.33,-21.12,-159.71,436.07,False,False,nan,True,0.9613,82.62,97.73,True,0,NORMAL,1,0.97,0,730.8,37.7,39.3,0.09,12,57,127,30,60,1.000070997479679,0.17320508075688776
2026-08-31T22:18:22.908,125942156,P038,rhythm_normal,NORMAL,,,,92,5493947,110813,117098,110931.9,117084.4,-118.9,13.6,-116.38,429.67,False,False,nan,True,0.9613,82.62,97.73,True,0,NORMAL,1,0.97,0,730.8,37.7,39.3,0.09,12,57,127,30,60,0.999850488823204,0.17320508075688776
2026-08-31T22:18:22.919,125942171,P038,rhythm_normal,NORMAL,,,,93,5493987,110717,116987,110927.6,117082.45,-210.6,-95.45,-111.15,423.3,False,False,nan,True,0.9613,82.62,97.73,True,0,NORMAL,1,0.97,0,730.8,37.7,39.3,0.09,12,57,127,30,60,0.999850488823204,0.17320508075688776
2026-08-31T22:18:22.927,125942171,P038,rhythm_normal,NORMAL,,,,94,5494027,110724,116936,110923.53,117079.52,-199.53,-143.52,-119.24,417.22,False,False,nan,True,0.9613,82.62,97.73,True,0,NORMAL,1,0.97,0,730.8,37.7,39.3,0.09,12,57,127,30,60,0.999850488823204,0.17320508075688776
2026-08-31T22:18:22.937,125942187,P038,rhythm_normal,NORMAL,,,,95,5494067,110790,117064,110920.86,117079.21,-130.86,-15.21,-93.24,410.74,False,False,nan,True,0.9613,82.62,97.73,True,0,NORMAL,1,0.97,0,730.8,37.7,39.3,0.09,12,57,127,30,60,0.999850488823204,0.17320508075688776
2026-08-31T22:18:22.961,125942218,P038,rhythm_normal,NORMAL,,,,96,5494107,110890,117230,110920.24,117082.23,-30.24,147.77,-32.98,403.19,False,False,nan,True,0.9613,82.62,97.73,True,0,NORMAL,1,0.97,0,730.8,37.7,39.3,0.09,12,57,127,30,60,0.999850488823204,0.17320508075688776
2026-08-31T22:18:23.108,125942359,P038,rhythm_normal,NORMAL,,,,97,5494147,110944,117396,110920.72,117088.5,23.28,307.5,52.14,396.17,False,False,nan,True,0.9613,82.62,97.73,True,0,NORMAL,1,0.97,0,730.8,37.7,39.3,0.09,12,57,127,30,60,1.000070997479679,0.17320508075688776
2026-08-31T22:18:23.119,125942375,P038,rhythm_normal,NORMAL,,,,98,5494187,110945,117466,110921.2,117096.05,23.8,369.95,131.59,390.88,False,False,nan,True,0.9613,82.62,97.73,True,0,NORMAL,1,0.97,0,730.8,37.7,39.3,0.09,12,57,127,30,60,1.000070997479679,0.17320508075688776
2026-08-31T22:18:23.127,125942375,P038,rhythm_normal,NORMAL,,,,99,5494227,110985,117599,110922.48,117106.11,62.52,492.89,221.92,387.5,False,False,nan,True,0.9613,82.62,97.73,True,0,NORMAL,1,0.97,0,730.8,37.7,39.3,0.09,12,57,127,30,60,1.000070997479679,0.17320508075688776
2026-08-31T22:18:23.136,125942390,P038,rhythm_normal,NORMAL,,,,100,5494267,111052,117727,110925.07,117118.52,126.93,608.48,318.56,386.12,False,False,nan,True,0.9613,82.62,97.73,True,0,NORMAL,1,0.97,0,730.8,37.7,39.3,0.09,12,57,127,30,60,1.000070997479679,0.17320508075688776
2026-08-31T22:18:23.161,125942406,P038,rhythm_normal,NORMAL,,,,101,5494307,111125,117858,110929.07,117133.31,195.93,724.69,420.09,386.8,False,False,nan,True,0.9613,82.62,97.73,True,0,NORMAL,1,0.97,0,730.8,37.7,39.3,0.09,12,57,127,30,60,1.000070997479679,0.17320508075688776
2026-08-31T22:18:23.310,125942562,P038,rhythm_normal,NORMAL,,,,102,5494347,111135,117933,110933.19,117149.3,201.81,783.7,510.99,389.28,False,False,nan,True,0.9613,82.62,97.73,True,0,NORMAL,1,0.97,0,730.8,37.7,39.3,0.09,12,57,127,30,60,0.999850488823204,0.17320508075688776
2026-08-31T22:18:23.318,125942562,P038,rhythm_normal,NORMAL,,,,103,5494387,110707,117099,110928.66,117148.3,-221.66,-49.3,370.92,388.91,True,True,680.0,True,0.957,83.19,97.73,True,0,NORMAL,1,0.97,0,730.8,37.7,39.3,0.09,12,57,127,30,60,0.999850488823204,0.17320508075688776
2026-08-31T22:18:23.326,125942578,P038,rhythm_normal,NORMAL,,,,104,5494427,110414,116406,110918.37,117133.45,-504.37,-727.45,96.33,383.06,False,False,nan,True,0.957,83.19,97.73,True,0,NORMAL,1,0.97,0,730.8,37.7,39.3,0.09,12,57,127,30,60,0.999850488823204,0.17320508075688776
2026-08-31T22:18:23.338,125942593,P038,rhythm_normal,NORMAL,,,,105,5494467,110357,116342,110907.14,117117.62,-550.14,-775.62,-121.66,377.83,False,False,nan,True,0.957,83.19,93.83,True,0,NORMAL,1,0.97,0,730.8,37.7,39.3,0.09,12,57,127,30,60,0.999850488823204,0.17320508075688776
2026-08-31T22:18:23.362,125942609,P038,rhythm_normal,NORMAL,,,,106,5494507,110498,116624,110898.96,117107.75,-400.96,-483.75,-212.18,374.52,False,False,nan,True,0.957,83.19,93.83,True,0,NORMAL,1,0.97,0,730.8,37.7,39.3,0.09,12,57,127,30,60,0.999850488823204,0.17320508075688776
2026-08-31T22:18:23.507,125942765,P038,rhythm_normal,NORMAL,,,,107,5494547,110653,116906,110894.04,117103.72,-241.04,-197.72,-208.57,371.2,False,False,nan,True,0.957,83.19,93.83,True,0,NORMAL,1,0.97,0,730.8,37.7,39.3,0.09,12,57,127,30,60,1.000070997479679,0.17320508075688776
2026-08-31T22:18:23.519,125942765,P038,rhythm_normal,NORMAL,,,,108,5494587,110735,117090,110890.86,117103.45,-155.86,-13.45,-159.79,366.97,False,False,nan,True,0.957,83.19,93.83,True,0,NORMAL,1,0.97,0,730.8,37.7,39.3,0.09,12,57,127,30,60,1.000070997479679,0.17320508075688776
2026-08-31T22:18:23.528,125942781,P038,rhythm_normal,NORMAL,,,,109,5494627,110749,117173,110888.02,117104.84,-139.02,68.16,-102.8,361.69,False,False,nan,True,0.957,83.19,93.83,True,0,NORMAL,1,0.97,0,730.8,37.7,39.3,0.09,12,57,127,30,60,1.000070997479679,0.17320508075688776
2026-08-31T22:18:23.539,125942796,P038,rhythm_normal,NORMAL,,,,110,5494667,110742,117062,110885.1,117103.98,-143.1,-41.98,-87.59,356.21,False,False,nan,True,0.957,83.19,93.83,True,0,NORMAL,1,0.97,0,730.8,37.7,39.3,0.09,12,57,127,30,60,1.000070997479679,0.17320508075688776
2026-08-31T22:18:23.562,125942812,P038,rhythm_normal,NORMAL,,,,111,5494707,110690,117013,110881.2,117102.16,-191.2,-89.16,-87.98,350.84,False,False,nan,True,0.957,83.19,93.83,True,0,NORMAL,1,0.97,0,730.8,37.7,39.3,0.09,12,57,127,30,60,1.000070997479679,0.17320508075688776
2026-08-31T22:18:23.707,125942953,P038,rhythm_normal,NORMAL,,,,112,5494747,110715,117092,110877.88,117101.95,-162.88,-9.95,-68.48,345.2,False,False,nan,True,0.957,83.19,93.83,True,0,NORMAL,1,0.97,0,730.8,37.7,39.3,0.09,12,57,127,30,60,0.999850488823204,0.17320508075688776
2026-08-31T22:18:23.719,125942968,P038,rhythm_normal,NORMAL,,,,113,5494787,110842,117353,110877.16,117106.98,-35.16,246.02,10.15,338.5,False,False,nan,True,0.957,83.19,93.83,True,0,NORMAL,1,0.97,0,730.8,37.7,39.3,0.09,12,57,127,30,60,0.999850488823204,0.17320508075688776
2026-08-31T22:18:23.727,125942984,P038,rhythm_normal,NORMAL,,,,114,5494827,110956,117594,110878.74,117116.72,77.26,477.28,126.93,334.26,False,False,nan,True,0.957,83.19,93.83,True,0,NORMAL,1,0.97,0,730.8,37.7,39.3,0.09,12,57,127,30,60,0.999850488823204,0.17320508075688776
2026-08-31T22:18:23.737,125942984,P038,rhythm_normal,NORMAL,,,,115,5494867,111029,117704,110881.75,117128.46,147.25,575.54,239.08,332.36,False,False,nan,True,0.957,83.19,93.83,True,0,NORMAL,1,0.97,0,730.8,37.7,39.3,0.09,12,57,127,30,60,0.999850488823204,0.17320508075688776
2026-08-31T22:18:23.762,125943015,P038,rhythm_normal,NORMAL,,,,116,5494907,111071,117827,110885.53,117142.43,185.47,684.57,350.46,332.72,False,False,nan,True,0.957,83.19,93.83,True,0,NORMAL,1,0.97,0,730.8,37.7,39.3,0.09,12,57,127,30,60,0.999850488823204,0.17320508075688776
2026-08-31T22:18:23.907,125943156,P038,rhythm_normal,NORMAL,,,,117,5494947,111159,117997,110891.0,117159.52,268.0,837.48,472.21,335.51,False,False,nan,True,0.957,83.19,93.83,True,0,NORMAL,1,0.97,0,730.8,37.7,39.3,0.09,12,57,127,30,60,1.000070997479679,0.24494897427831783
2026-08-31T22:18:23.919,125943171,P038,rhythm_normal,NORMAL,,,,118,5494987,111201,118092,110897.2,117178.17,303.8,913.83,582.61,340.45,False,False,nan,True,0.957,83.19,93.83,True,0,NORMAL,1,0.97,0,730.8,37.7,39.3,0.09,12,57,127,30,60,1.000070997479679,0.24494897427831783
2026-08-31T22:18:23.927,125943171,P038,rhythm_normal,NORMAL,,,,119,5495027,111256,118182,110904.38,117198.25,351.62,983.75,682.9,347.3,False,False,nan,True,0.957,83.19,93.83,True,0,NORMAL,1,0.97,0,730.8,37.7,39.3,0.09,12,57,127,30,60,1.000070997479679,0.24494897427831783
2026-08-31T22:18:23.937,125943187,P038,rhythm_normal,NORMAL,,,,120,5495067,111334,118321,110912.98,117220.7,421.02,1100.3,787.25,356.1,False,False,nan,True,0.957,83.19,93.83,True,0,NORMAL,1,0.97,0,730.8,37.7,39.3,0.09,12,57,127,30,60,1.000070997479679,0.24494897427831783
2026-08-31T22:18:23.962,125943218,P038,rhythm_normal,NORMAL,,,,121,5495107,110989,117659,110914.5,117229.47,74.5,429.53,697.82,362.94,True,True,720.0,True,0.957,83.19,93.83,True,0,NORMAL,1,0.97,0,730.8,37.7,39.3,0.09,12,57,127,30,60,1.000070997479679,0.24494897427831783
2026-08-31T22:18:24.107,125943359,P038,rhythm_normal,NORMAL,,,,122,5495147,110471,116552,110905.63,117215.92,-434.63,-663.92,357.38,362.83,False,False,nan,True,0.957,83.19,93.83,True,0,NORMAL,1,0.97,0,730.8,37.7,39.3,0.09,12,57,127,30,60,1.000070997479679,0.24494897427831783
2026-08-31T22:18:24.120,125943375,P038,rhythm_normal,NORMAL,,,,123,5495187,110369,116344,110894.9,117198.48,-525.9,-854.48,54.42,356.66,False,False,nan,True,0.957,83.19,93.83,True,0,NORMAL,1,0.97,0,730.8,37.7,39.3,0.09,12,57,127,30,60,1.000070997479679,0.24494897427831783
2026-08-31T22:18:24.127,125943375,P038,rhythm_normal,NORMAL,,,,124,5495227,110439,116513,110885.78,117184.77,-446.78,-671.77,-127.13,352.07,False,False,nan,True,0.957,83.19,93.83,True,0,NORMAL,1,0.97,0,730.8,37.7,39.3,0.09,12,57,127,30,60,1.000070997479679,0.24494897427831783
2026-08-31T22:18:24.138,125943390,P038,rhythm_normal,NORMAL,,,,125,5495267,110554,116706,110879.15,117175.2,-325.15,-469.2,-212.65,349.28,False,False,nan,True,0.957,83.19,93.83,True,0,NORMAL,1,0.97,0,730.8,37.7,39.3,0.09,12,57,127,30,60,1.000070997479679,0.24494897427831783
2026-08-31T22:18:24.162,125943406,P038,rhythm_normal,NORMAL,,,,126,5495307,110587,116794,110873.3,117167.57,-286.3,-373.57,-252.88,347.35,False,False,nan,True,0.957,83.19,93.83,True,0,NORMAL,1,0.97,0,730.8,37.7,39.3,0.09,12,57,127,30,60,1.000070997479679,0.24494897427831783
2026-08-31T22:18:24.308,125943562,P038,rhythm_normal,NORMAL,,,,127,5495347,110675,116973,110869.34,117163.68,-194.34,-190.68,-237.33,345.15,False,False,nan,True,0.957,83.19,93.83,True,0,NORMAL,1,0.97,0,730.8,37.7,39.3,0.09,12,57,127,30,60,0.999850488823204,0.17320508075688776
2026-08-31T22:18:24.318,125943562,P038,rhythm_normal,NORMAL,,,,128,5495387,110701,117044,110865.97,117161.29,-164.97,-117.29,-207.32,342.39,False,False,nan,True,0.957,83.19,93.83,True,0,NORMAL,1,0.97,0,730.8,37.7,39.3,0.09,12,57,127,30,60,0.999850488823204,0.17320508075688776
2026-08-31T22:18:24.330,125943578,P038,rhythm_normal,NORMAL,,,,129,5495427,110661,116940,110861.87,117156.87,-200.87,-216.87,-209.71,339.74,False,False,nan,True,0.957,83.19,93.83,True,0,NORMAL,1,0.97,0,730.8,37.7,39.3,0.09,12,57,127,30,60,0.999850488823204,0.17320508075688776
2026-08-31T22:18:24.339,125943593,P038,rhythm_normal,NORMAL,,,,130,5495467,110664,116952,110857.91,117152.77,-193.91,-200.77,-207.47,337.09,False,False,nan,True,0.957,83.19,93.83,True,0,NORMAL,1,0.97,0,730.8,37.7,39.3,0.09,12,57,127,30,60,0.999850488823204,0.17320508075688776
2026-08-31T22:18:24.363,125943609,P038,rhythm_normal,NORMAL,,,,131,5495507,110741,117121,110855.57,117152.14,-114.57,-31.14,-163.39,333.62,False,False,nan,True,0.957,83.19,93.83,True,0,NORMAL,1,0.97,0,730.8,37.7,39.3,0.09,12,57,127,30,60,0.999850488823204,0.17320508075688776
2026-08-31T22:18:24.508,125943765,P038,rhythm_normal,NORMAL,,,,132,5495547,110855,117339,110855.56,117155.88,-0.56,183.12,-76.76,328.48,False,False,nan,True,0.957,83.19,93.83,True,0,NORMAL,1,0.97,0,730.8,37.7,39.3,0.09,12,57,127,30,60,0.9989604596779594,0.17320508075688776
2026-08-31T22:18:24.519,125943765,P038,rhythm_normal,NORMAL,,,,133,5495587,110953,117544,110857.51,117163.64,95.49,380.36,37.52,322.66,False,False,nan,True,0.957,83.19,93.83,True,0,NORMAL,1,0.97,0,730.8,37.7,39.3,0.09,12,57,127,30,60,0.9989604596779594,0.17320508075688776
2026-08-31T22:18:24.527,125943781,P038,rhythm_normal,NORMAL,,,,134,5495627,111037,117712,110861.09,117174.61,175.91,537.39,162.49,319.46,False,False,nan,True,0.957,83.19,93.83,True,0,NORMAL,1,0.97,0,730.8,37.7,39.3,0.09,12,57,127,30,60,0.9989604596779594,0.17320508075688776
2026-08-31T22:18:24.537,125943781,P038,rhythm_normal,NORMAL,,,,135,5495667,111105,117866,110865.97,117188.44,239.03,677.56,291.26,318.9,False,False,nan,True,0.957,83.19,93.83,True,0,NORMAL,1,0.97,0,730.8,37.7,39.3,0.09,12,57,127,30,60,0.9989604596779594,0.17320508075688776
2026-08-31T22:18:24.561,125943812,P038,rhythm_normal,NORMAL,,,,136,5495707,111165,117980,110871.95,117204.27,293.05,775.73,412.38,320.77,False,False,nan,True,0.957,83.19,93.83,True,0,NORMAL,1,0.97,0,730.8,37.7,39.3,0.09,12,57,127,30,60,0.9989604596779594,0.17320508075688776
2026-08-31T22:18:24.713,125943968,P038,rhythm_normal,NORMAL,,,,137,5495747,111221,118080,110878.94,117221.78,342.06,858.22,523.84,324.83,False,False,nan,True,0.957,83.19,93.83,True,0,NORMAL,1,0.97,0,730.8,37.7,39.3,0.09,12,57,127,30,60,1.000070997479679,0.17320508075688776
2026-08-31T22:18:24.720,125943968,P038,rhythm_normal,NORMAL,,,,138,5495787,111301,118247,110887.38,117242.29,413.62,1004.71,644.05,331.21,False,False,nan,True,0.957,83.19,93.83,True,0,NORMAL,1,0.97,0,730.8,37.7,39.3,0.09,12,57,127,30,60,1.000070997479679,0.17320508075688776
2026-08-31T22:18:24.728,125943984,P038,rhythm_normal,NORMAL,,,,139,5495827,111378,118420,110897.19,117265.84,480.81,1154.16,771.58,340.02,False,False,nan,True,0.957,83.19,93.83,True,0,NORMAL,1,0.97,0,730.8,37.7,39.3,0.09,12,57,127,30,60,1.000070997479679,0.17320508075688776
2026-08-31T22:18:24.739,125943984,P038,rhythm_normal,NORMAL,,,,140,5495867,111146,117924,110902.16,117279.01,243.84,644.99,739.93,348.02,True,True,760.0,True,0.9547,82.62,93.83,True,0,NORMAL,1,0.97,0,730.8,37.7,39.3,0.09,12,57,127,30,60,1.000070997479679,0.17320508075688776
2026-08-31T22:18:24.762,125944015,P038,rhythm_normal,NORMAL,,,,141,5495907,110529,116666,110894.7,117266.75,-365.7,-600.75,404.76,349.15,False,False,nan,True,0.9547,82.62,93.83,True,0,NORMAL,1,0.97,0,730.8,37.7,39.3,0.09,12,57,127,30,60,1.000070997479679,0.17320508075688776
2026-08-31T22:18:24.908,125944156,P038,rhythm_normal,NORMAL,,,,142,5495947,110381,116358,110884.43,117248.58,-503.43,-890.58,80.93,343.79,False,False,nan,True,0.9547,82.62,93.83,True,0,NORMAL,1,0.97,0,730.8,37.7,39.3,0.09,12,57,127,30,60,0.999850488823204,0.17320508075688776
2026-08-31T22:18:24.920,125944171,P038,rhythm_normal,NORMAL,,,,143,5495987,110461,116523,110875.96,117234.07,-414.96,-711.07,-117.07,339.25,False,False,nan,True,0.9547,82.62,93.83,True,0,NORMAL,1,0.97,0,730.8,37.7,39.3,0.09,12,57,127,30,60,0.999850488823204,0.17320508075688776
2026-08-31T22:18:24.931,125944187,P038,rhythm_normal,NORMAL,,,,144,5496027,110565,116741,110869.74,117224.21,-304.74,-483.21,-208.61,336.64,False,False,nan,True,0.9547,82.62,93.83,True,0,NORMAL,1,0.97,0,730.8,37.7,39.3,0.09,12,57,127,30,60,0.999850488823204,0.17320508075688776
2026-08-31T22:18:24.939,125944187,P038,rhythm_normal,NORMAL,,,,145,5496067,110597,116802,110864.29,117215.77,-267.29,-413.77,-259.9,335.11,False,False,nan,True,0.9547,82.62,93.83,True,0,NORMAL,1,0.97,0,730.8,37.7,39.3,0.09,12,57,127,30,60,0.999850488823204,0.17320508075688776
2026-08-31T22:18:24.962,125944218,P038,rhythm_normal,NORMAL,,,,146,5496107,110679,117000,110860.59,117211.45,-181.59,-211.45,-247.79,333.36,False,False,nan,True,0.9547,82.62,93.83,True,0,NORMAL,1,0.97,0,730.8,37.7,39.3,0.09,12,57,127,30,60,0.999850488823204,0.17320508075688776
2026-08-31T22:18:25.107,125944359,P038,rhythm_normal,NORMAL,,,,147,5496147,110755,117157,110858.48,117210.37,-103.48,-53.37,-199.18,330.68,False,False,nan,True,0.9547,82.62,93.83,True,0,NORMAL,1,0.97,0,730.8,37.7,39.3,0.09,12,57,127,30,60,0.999850488823204,0.17320508075688776
2026-08-31T22:18:25.119,125944375,P038,rhythm_normal,NORMAL,,,,148,5496187,110727,117103,110855.84,117208.22,-128.84,-105.22,-175.69,327.58,False,False,nan,True,0.9547,82.62,93.83,True,0,NORMAL,1,0.97,0,730.8,37.7,39.3,0.09,12,57,127,30,60,0.999850488823204,0.17320508075688776
2026-08-31T22:18:25.129,125944375,P038,rhythm_normal,NORMAL,,,,149,5496227,110697,117053,110852.66,117205.12,-155.66,-152.12,-169.8,324.42,False,False,nan,True,0.9547,82.62,93.83,True,0,NORMAL,1,0.97,0,730.8,37.7,39.3,0.09,12,57,127,30,60,0.999850488823204,0.17320508075688776
2026-08-31T22:18:25.139,125944390,P038,rhythm_normal,NORMAL,,,,150,5496267,110774,117209,110851.09,117205.2,-77.09,3.8,-126.4,320.46,False,False,nan,True,0.9547,82.62,93.83,True,0,NORMAL,1,0.97,0,730.8,37.7,39.3,0.09,12,57,127,30,60,0.999850488823204,0.17320508075688776
2026-08-31T22:18:25.161,125944406,P038,rhythm_normal,NORMAL,,,,151,5496307,110895,117416,110851.97,117209.41,43.03,206.59,-43.15,314.91,False,False,nan,True,0.9547,82.62,93.83,True,0,NORMAL,1,0.97,0,730.8,37.7,39.3,0.09,12,57,127,30,60,0.999850488823204,0.17320508075688776
2026-08-31T22:18:25.307,125944562,P038,rhythm_normal,NORMAL,,,,152,5496347,110958,117580,110854.09,117216.83,103.91,363.17,58.43,309.78,False,False,nan,True,0.9547,82.62,93.83,True,0,NORMAL,1,0.97,0,730.8,37.7,39.3,0.09,12,57,127,30,60,1.000070997479679,0.17320508075688776
2026-08-31T22:18:25.320,125944578,P038,rhythm_normal,NORMAL,,,,153,5496387,111094,117850,110858.88,117229.49,235.12,620.51,198.95,307.57,False,False,nan,True,0.9547,82.62,93.83,True,0,NORMAL,1,0.97,0,730.8,37.7,39.3,0.09,12,57,127,30,60,1.000070997479679,0.17320508075688776
2026-08-31T22:18:25.326,125944578,P038,rhythm_normal,NORMAL,,,,154,5496427,111176,118022,110865.23,117245.34,310.77,776.66,343.38,308.28,False,False,nan,True,0.9547,82.62,93.83,True,0,NORMAL,1,0.97,0,730.8,37.7,39.3,0.09,12,57,127,30,60,1.000070997479679,0.17320508075688776
2026-08-31T22:18:25.338,125944593,P038,rhythm_normal,NORMAL,,,,155,5496467,111237,118153,110872.66,117263.5,364.34,889.5,479.91,311.72,False,False,nan,True,0.9547,82.62,93.83,True,0,NORMAL,1,0.97,0,730.8,37.7,39.3,0.09,12,57,127,30,60,1.000070997479679,0.17320508075688776
2026-08-31T22:18:25.362,125944609,P038,rhythm_normal,NORMAL,,,,156,5496507,111301,118281,110881.23,117283.85,419.77,997.15,609.22,317.67,False,False,nan,True,0.9547,82.62,93.83,True,0,NORMAL,1,0.97,0,730.8,37.7,39.3,0.09,12,57,127,30,60,1.000070997479679,0.17320508075688776
2026-08-31T22:18:25.507,125944765,P038,rhythm_normal,NORMAL,,,,157,5496547,111324,118365,110890.09,117305.48,433.91,1059.52,721.79,325.75,False,False,nan,True,0.9547,82.62,93.83,True,0,NORMAL,1,0.97,0,734.4,36.2,44.2,0.18,18,52,128,30,60,0.999850488823204,0.17320508075688776
2026-08-31T22:18:25.519,125944765,P038,rhythm_normal,NORMAL,,,,158,5496587,111429,118562,110900.87,117330.61,528.13,1231.39,849.19,336.22,False,False,nan,True,0.9547,82.62,93.83,True,0,NORMAL,1,0.97,0,734.4,36.2,44.2,0.18,18,52,128,30,60,0.999850488823204,0.17320508075688776
2026-08-31T22:18:25.526,125944781,P038,rhythm_normal,NORMAL,,,,159,5496627,111558,118837,110914.01,117360.73,643.99,1476.27,1005.96,349.61,False,False,nan,True,0.9547,82.62,93.83,True,0,NORMAL,1,0.97,0,734.4,36.2,44.2,0.18,18,52,128,30,60,0.999850488823204,0.17320508075688776
2026-08-31T22:18:25.537,125944781,P038,rhythm_normal,NORMAL,,,,160,5496667,111533,118783,110926.39,117389.18,606.61,1393.82,1102.93,364.68,False,False,nan,True,0.9547,82.62,93.83,True,0,NORMAL,1,0.97,0,734.4,36.2,44.2,0.18,18,52,128,30,60,0.999850488823204,0.17320508075688776
2026-08-31T22:18:25.562,125944812,P038,rhythm_normal,NORMAL,,,,161,5496707,110791,117268,110923.68,117386.76,-132.68,-118.76,797.51,373.33,True,True,840.0,True,0.9435,80.4,93.83,True,0,NORMAL,1,0.97,0,734.4,36.2,44.2,0.18,18,52,128,30,60,0.999850488823204,0.17320508075688776
2026-08-31T22:18:25.709,125944953,P038,rhythm_normal,NORMAL,,,,162,5496747,110449,116552,110914.19,117370.06,-465.19,-818.06,393.61,373.74,False,False,nan,True,0.9435,80.4,93.83,True,0,NORMAL,1,0.97,0,734.4,36.2,44.2,0.18,18,52,128,30,60,0.9996724463543046,0.17320508075688776
2026-08-31T22:18:25.720,125944968,P038,rhythm_normal,NORMAL,,,,163,5496787,110487,116619,110905.64,117355.04,-418.64,-736.04,111.2,368.49,False,False,nan,True,0.9435,80.4,93.83,True,0,NORMAL,1,0.97,0,734.4,36.2,44.2,0.18,18,52,128,30,60,0.9996724463543046,0.17320508075688776
2026-08-31T22:18:25.727,125944984,P038,rhythm_normal,NORMAL,,,,164,5496827,110624,116883,110900.01,117345.6,-276.01,-462.6,-32.25,361.76,False,False,nan,True,0.9435,80.4,93.83,True,0,NORMAL,1,0.97,0,734.4,36.2,44.2,0.18,18,52,128,30,60,0.9996724463543046,0.17320508075688776
2026-08-31T22:18:25.739,125944984,P038,rhythm_normal,NORMAL,,,,165,5496867,110680,117010,110895.61,117338.89,-215.61,-328.89,-106.41,356.66,False,False,nan,True,0.9435,80.4,93.83,True,0,NORMAL,1,0.97,0,734.4,36.2,44.2,0.18,18,52,128,30,60,0.9996724463543046,0.17320508075688776
2026-08-31T22:18:25.763,125945015,P038,rhythm_normal,NORMAL,,,,166,5496907,110721,117110,110892.12,117334.31,-171.12,-224.31,-135.89,352.24,False,False,nan,True,0.9435,80.4,93.83,True,0,NORMAL,1,0.97,0,734.4,36.2,44.2,0.18,18,52,128,30,60,0.9996724463543046,0.17320508075688776
2026-08-31T22:18:25.908,125945156,P038,rhythm_normal,NORMAL,,,,167,5496947,110818,117299,110890.63,117333.61,-72.63,-34.61,-110.57,347.41,False,False,nan,True,0.9435,80.4,93.83,True,0,NORMAL,1,0.97,0,734.4,36.2,44.2,0.18,18,52,128,30,60,1.000070997479679,0.17320508075688776
2026-08-31T22:18:25.919,125945171,P038,rhythm_normal,NORMAL,,,,168,5496987,110813,117300,110889.08,117332.94,-76.08,-32.94,-91.16,342.28,False,False,nan,True,0.9435,80.4,93.83,True,0,NORMAL,1,0.97,0,734.4,36.2,44.2,0.18,18,52,128,30,60,1.000070997479679,0.17320508075688776
2026-08-31T22:18:25.926,125945171,P038,rhythm_normal,NORMAL,,,,169,5497027,110772,117222,110886.73,117330.72,-114.73,-108.72,-95.55,337.35,False,False,nan,True,0.9435,80.4,93.83,True,0,NORMAL,1,0.97,0,734.4,36.2,44.2,0.18,18,52,128,30,60,1.000070997479679,0.17320508075688776
2026-08-31T22:18:25.938,125945187,P038,rhythm_normal,NORMAL,,,,170,5497067,110800,117278,110885.0,117329.66,-85.0,-51.66,-84.58,332.29,False,False,nan,True,0.9435,80.4,93.83,True,0,NORMAL,1,0.97,0,734.4,36.2,44.2,0.18,18,52,128,30,60,1.000070997479679,0.17320508075688776
2026-08-31T22:18:25.962,125945218,P038,rhythm_normal,NORMAL,,,,171,5497107,110911,117495,110885.52,117332.97,25.48,162.03,-22.93,326.11,False,False,nan,True,0.9435,80.4,93.83,True,0,NORMAL,1,0.97,0,734.4,36.2,44.2,0.18,18,52,128,30,60,1.000070997479679,0.17320508075688776
2026-08-31T22:18:26.107,125945359,P038,rhythm_normal,NORMAL,,,,172,5497147,111043,117786,110888.67,117342.03,154.33,443.97,93.8,321.46,False,False,nan,True,0.9435,80.4,93.83,True,0,NORMAL,1,0.97,0,734.4,36.2,44.2,0.18,18,52,128,30,60,0.999850488823204,0.17320508075688776
2026-08-31T22:18:26.120,125945375,P038,rhythm_normal,NORMAL,,,,173,5497187,111143,117962,110893.76,117354.43,249.24,607.57,222.24,319.48,False,False,nan,True,0.9435,80.4,93.83,True,0,NORMAL,1,0.97,0,734.4,36.2,44.2,0.18,18,52,128,30,60,0.999850488823204,0.17320508075688776
2026-08-31T22:18:26.127,125945375,P038,rhythm_normal,NORMAL,,,,174,5497227,111235,118159,110900.59,117370.52,334.41,788.48,363.8,320.36,False,False,nan,True,0.9435,80.4,93.83,True,0,NORMAL,1,0.97,0,734.4,36.2,44.2,0.18,18,52,128,30,60,0.999850488823204,0.17320508075688776
2026-08-31T22:18:26.139,125945390,P038,rhythm_normal,NORMAL,,,,175,5497267,111334,118384,110909.26,117390.79,424.74,993.21,521.15,324.38,False,False,nan,True,0.9435,80.4,93.83,True,0,NORMAL,1,0.97,0,734.4,36.2,44.2,0.18,18,52,128,30,60,0.999850488823204,0.17320508075688776
2026-08-31T22:18:26.162,125945406,P038,rhythm_normal,NORMAL,,,,176,5497307,111416,118529,110919.39,117413.55,496.61,1115.45,669.73,331.29,False,False,nan,True,0.9435,80.4,93.83,True,0,NORMAL,1,0.97,0,734.4,36.2,44.2,0.18,18,52,128,30,60,0.999850488823204,0.17320508075688776
2026-08-31T22:18:26.308,125945562,P038,rhythm_normal,NORMAL,,,,177,5497347,111443,118626,110929.86,117437.8,513.14,1188.2,799.34,340.65,False,False,nan,True,0.9435,80.4,93.83,True,0,NORMAL,1,0.97,0,734.4,36.2,44.2,0.18,18,52,128,30,60,1.000070997479679,0.17320508075688776
2026-08-31T22:18:26.321,125945578,P038,rhythm_normal,NORMAL,,,,178,5497387,111517,118786,110941.6,117464.77,575.4,1321.23,929.82,352.43,False,False,nan,True,0.9435,80.4,93.83,True,0,NORMAL,1,0.97,0,734.4,36.2,44.2,0.18,18,52,128,30,60,1.000070997479679,0.17320508075688776
2026-08-31T22:18:26.329,125945578,P038,rhythm_normal,NORMAL,,,,179,5497427,111613,118992,110955.03,117495.31,657.97,1496.69,1071.53,366.81,False,False,nan,True,0.9435,80.4,93.83,True,0,NORMAL,1,0.97,0,734.4,36.2,44.2,0.18,18,52,128,30,60,1.000070997479679,0.17320508075688776
2026-08-31T22:18:26.338,125945593,P038,rhythm_normal,NORMAL,,,,180,5497467,111713,119198,110970.19,117529.37,742.81,1668.63,1220.81,383.89,False,False,nan,True,0.9435,80.4,93.83,True,0,NORMAL,1,0.97,0,734.4,36.2,44.2,0.18,18,52,128,30,60,1.000070997479679,0.17320508075688776
2026-08-31T22:18:26.362,125945609,P038,rhythm_normal,NORMAL,,,,181,5497507,111536,118831,110981.5,117555.4,554.5,1275.6,1234.51,400.9,False,False,nan,True,0.9435,80.4,93.83,True,0,NORMAL,1,0.97,0,734.4,36.2,44.2,0.18,18,52,128,30,60,1.000070997479679,0.17320508075688776
2026-08-31T22:18:26.509,125945765,P038,rhythm_normal,NORMAL,,,,182,5497547,110733,117186,110976.53,117548.01,-243.53,-362.01,835.38,409.59,True,True,840.0,True,0.9433,78.3,93.83,True,0,NORMAL,1,0.97,0,734.4,36.2,44.2,0.18,18,52,128,30,60,0.9989604596779594,0.17320508075688776
2026-08-31T22:18:26.520,125945765,P038,rhythm_normal,NORMAL,,,,183,5497587,110509,116715,110967.18,117531.35,-458.18,-816.35,422.45,409.85,False,False,nan,True,0.9433,78.3,93.83,True,0,NORMAL,1,0.97,0,734.4,36.2,44.2,0.18,18,52,128,30,60,0.9989604596779594,0.17320508075688776
2026-08-31T22:18:26.530,125945781,P038,rhythm_normal,NORMAL,,,,184,5497627,110606,116893,110959.95,117518.59,-353.95,-625.59,160.44,404.86,False,False,nan,True,0.9433,78.3,93.83,True,0,NORMAL,1,0.97,0,734.4,36.2,44.2,0.18,18,52,128,30,60,0.9989604596779594,0.17320508075688776
2026-08-31T22:18:26.538,125945781,P038,rhythm_normal,NORMAL,,,,185,5497667,110778,117232,110956.31,117512.85,-178.31,-280.85,50.12,397.77,False,False,nan,True,0.9433,78.3,93.83,True,0,NORMAL,1,0.97,0,734.4,36.2,44.2,0.18,18,52,128,30,60,0.9989604596779594,0.17320508075688776
2026-08-31T22:18:26.561,125945812,P038,rhythm_normal,NORMAL,,,,186,5497707,110849,117380,110954.16,117510.2,-105.16,-130.2,5.04,389.91,False,False,nan,True,0.9433,78.3,93.83,True,0,NORMAL,1,0.97,0,734.4,36.2,44.2,0.18,18,52,128,30,60,0.9989604596779594,0.17320508075688776
2026-08-31T22:18:26.602,125945859,P038,rhythm_normal,NORMAL,,,,187,5497747,110941,117573,110953.9,117511.45,-12.9,61.55,19.17,382.5,False,False,nan,True,0.9433,78.3,93.83,True,0,NORMAL,1,0.97,0,734.4,36.2,44.2,0.18,18,52,128,30,60,0.9989604596779594,0.17320508075688776
2026-08-31T22:18:26.720,125945968,P038,rhythm_normal,NORMAL,,,,188,5497787,111018,117736,110955.18,117515.95,62.82,220.05,69.39,376.24,False,False,nan,True,0.9433,78.3,93.83,True,0,NORMAL,1,0.97,0,734.4,36.2,44.2,0.18,18,52,128,30,60,1.000070997479679,0.17320508075688776
2026-08-31T22:18:26.728,125945984,P038,rhythm_normal,NORMAL,,,,189,5497827,110981,117668,110955.7,117518.98,25.3,149.02,89.29,370.5,False,False,nan,True,0.9433,78.3,93.83,True,0,NORMAL,1,0.97,0,734.4,36.2,44.2,0.18,18,52,128,30,60,1.000070997479679,0.17320508075688776
2026-08-31T22:18:26.737,125945984,P038,rhythm_normal,NORMAL,,,,190,5497867,110942,117612,110955.42,117520.84,-13.42,91.16,89.76,364.88,False,False,nan,True,0.9433,78.3,93.83,True,0,NORMAL,1,0.97,0,734.4,36.2,44.2,0.18,18,52,128,30,60,1.000070997479679,0.17320508075688776
2026-08-31T22:18:26.761,125946015,P038,rhythm_normal,NORMAL,,,,191,5497907,111019,117736,110956.7,117525.15,62.3,210.85,120.03,359.99,False,False,nan,True,0.9433,78.3,93.83,True,0,NORMAL,1,0.97,0,734.4,36.2,44.2,0.18,18,52,128,30,60,1.000070997479679,0.17320508075688776
2026-08-31T22:18:26.802,125946046,P038,rhythm_normal,NORMAL,,,,192,5497947,111116,117916,110959.88,117532.97,156.12,383.03,185.78,356.5,False,False,nan,True,0.9433,78.3,93.83,True,0,NORMAL,1,0.97,0,734.4,36.2,44.2,0.18,18,52,128,30,60,1.000070997479679,0.17320508075688776
2026-08-31T22:18:26.918,125946171,P038,rhythm_normal,NORMAL,,,,193,5497987,111200,118091,110964.69,117544.13,235.31,546.87,276.05,354.89,False,False,nan,True,0.9433,78.3,93.83,True,0,NORMAL,1,0.97,0,734.4,36.2,44.2,0.18,18,52,128,30,60,1.000070997479679,0.17320508075688776
2026-08-31T22:18:26.929,125946187,P038,rhythm_normal,NORMAL,,,,194,5498027,111299,118282,110971.38,117558.89,327.62,723.11,387.82,355.55,False,False,nan,True,0.9433,78.3,93.83,True,0,NORMAL,1,0.97,0,734.4,36.2,44.2,0.18,18,52,128,30,60,1.000070997479679,0.17320508075688776
2026-08-31T22:18:26.937,125946187,P038,rhythm_normal,NORMAL,,,,195,5498067,111378,118435,110979.51,117576.41,398.49,858.59,505.51,358.55,False,False,nan,True,0.9433,78.3,93.83,True,0,NORMAL,1,0.97,0,734.4,36.2,44.2,0.18,18,52,128,30,60,1.000070997479679,0.17320508075688776
2026-08-31T22:18:26.962,125946218,P038,rhythm_normal,NORMAL,,,,196,5498107,111438,118570,110988.68,117596.29,449.32,973.71,622.56,363.83,False,False,nan,True,0.9433,78.3,93.83,True,0,NORMAL,1,0.97,0,734.4,36.2,44.2,0.18,18,52,128,30,60,1.000070997479679,0.17320508075688776
2026-08-31T22:18:27.003,125946250,P038,rhythm_normal,NORMAL,,,,197,5498147,111492,118704,110998.74,117618.45,493.26,1085.55,738.31,371.32,False,False,nan,True,0.9433,78.3,93.83,True,0,NORMAL,1,0.97,0,734.4,36.2,44.2,0.18,18,52,128,30,60,1.000070997479679,0.17320508075688776
2026-08-31T22:18:27.119,125946375,P038,rhythm_normal,NORMAL,,,,198,5498187,111563,118850,111010.02,117643.08,552.98,1206.92,855.46,381.0,False,False,nan,True,0.9433,78.3,93.83,True,0,NORMAL,1,0.97,0,734.4,36.2,44.2,0.18,18,52,128,30,60,0.999850488823204,0.17320508075688776
2026-08-31T22:18:27.126,125946375,P038,rhythm_normal,NORMAL,,,,199,5498227,111655,119032,111022.92,117670.86,632.08,1361.14,981.88,393.02,False,False,nan,True,0.9433,78.3,93.83,True,0,NORMAL,1,0.97,0,734.4,36.2,44.2,0.18,18,52,128,30,60,0.999850488823204,0.17320508075688776
2026-08-31T22:18:27.137,125946390,P038,rhythm_normal,NORMAL,,,,200,5498267,111737,119214,111037.2,117701.72,699.8,1512.28,1114.48,407.45,False,False,nan,True,0.9433,78.3,93.83,True,0,NORMAL,1,0.97,0,734.4,36.2,44.2,0.18,18,52,128,30,60,0.999850488823204,0.17320508075688776
2026-08-31T22:18:27.161,125946406,P038,rhythm_normal,NORMAL,,,,201,5498307,111577,118873,111048.0,117725.14,529.0,1147.86,1122.83,421.76,False,False,nan,True,0.9433,78.3,93.83,True,0,NORMAL,1,0.97,0,734.4,36.2,44.2,0.18,18,52,128,30,60,0.999850488823204,0.17320508075688776
2026-08-31T22:18:27.202,125946453,P038,rhythm_normal,NORMAL,,,,202,5498347,110860,117417,111044.24,117718.98,-184.24,-301.98,766.63,428.65,True,True,800.0,True,0.9424,77.8,93.83,True,0,NORMAL,1,0.97,0,734.4,36.2,44.2,0.18,18,52,128,30,60,0.999850488823204,0.17320508075688776
2026-08-31T22:18:27.318,125946562,P038,rhythm_normal,NORMAL,,,,203,5498387,110654,116949,111036.44,117703.58,-382.44,-754.58,386.32,427.81,False,False,nan,True,0.9424,77.8,93.83,True,0,NORMAL,1,0.97,0,734.4,36.2,44.2,0.18,18,52,128,30,60,1.000070997479679,0.17320508075688776
2026-08-31T22:18:27.329,125946578,P038,rhythm_normal,NORMAL,,,,204,5498427,110731,117112,111030.33,117691.75,-299.33,-579.75,144.81,422.15,False,False,nan,True,0.9424,77.8,93.83,True,0,NORMAL,1,0.97,0,734.4,36.2,44.2,0.18,18,52,128,30,60,1.000070997479679,0.17320508075688776
2026-08-31T22:18:27.338,125946593,P038,rhythm_normal,NORMAL,,,,205,5498467,110899,117463,111027.7,117687.17,-128.7,-224.17,52.56,414.76,False,False,nan,True,0.9424,77.8,97.27,True,0,NORMAL,1,0.97,0,734.4,36.2,44.2,0.18,18,52,128,30,60,1.000070997479679,0.17320508075688776
2026-08-31T22:18:27.361,125946609,P038,rhythm_normal,NORMAL,,,,206,5498507,110999,117683,111027.13,117687.09,-28.13,-4.09,38.4,407.23,False,False,nan,True,0.9424,77.8,97.27,True,0,NORMAL,1,0.97,0,734.4,36.2,44.2,0.18,18,52,128,30,60,1.000070997479679,0.17320508075688776
2026-08-31T22:18:27.403,125946656,P038,rhythm_normal,NORMAL,,,,207,5498547,111067,117821,111027.93,117689.77,39.07,131.23,61.61,400.32,False,False,nan,True,0.9424,77.8,97.27,True,0,NORMAL,1,0.97,0,734.4,36.2,44.2,0.18,18,52,128,30,60,1.000070997479679,0.17320508075688776
2026-08-31T22:18:27.520,125946765,P038,rhythm_normal,NORMAL,,,,208,5498587,111125,117956,111029.87,117695.09,95.13,260.91,111.43,394.54,False,False,nan,True,0.9424,77.8,97.27,True,0,NORMAL,1,0.97,0,734.4,36.2,44.2,0.18,18,52,128,30,60,0.999850488823204,0.17320508075688776
2026-08-31T22:18:27.527,125946781,P038,rhythm_normal,NORMAL,,,,209,5498627,111057,117809,111030.41,117697.38,26.59,111.62,111.48,388.88,False,False,nan,True,0.9424,77.8,97.27,True,0,NORMAL,1,0.97,0,734.4,36.2,44.2,0.18,18,52,128,30,60,0.999850488823204,0.17320508075688776
2026-08-31T22:18:27.538,125946781,P038,rhythm_normal,NORMAL,,,,210,5498667,111025,117751,111030.3,117698.45,-5.3,52.55,96.75,383.03,False,False,nan,True,0.9424,77.8,97.27,True,0,NORMAL,1,0.97,0,734.4,36.2,44.2,0.18,18,52,128,30,60,0.999850488823204,0.17320508075688776
2026-08-31T22:18:27.562,125946812,P038,rhythm_normal,NORMAL,,,,211,5498707,111101,117888,111031.71,117702.23,69.29,185.77,119.0,377.75,False,False,nan,True,0.9424,77.8,97.27,True,0,NORMAL,1,0.97,0,734.4,36.2,44.2,0.18,18,52,128,30,60,0.999850488823204,0.17320508075688776
2026-08-31T22:18:27.602,125946859,P038,rhythm_normal,NORMAL,,,,212,5498747,111216,118123,111035.4,117710.65,180.6,412.35,192.34,374.05,False,False,nan,True,0.9424,77.8,97.27,True,0,NORMAL,1,0.97,0,734.4,36.2,44.2,0.18,18,52,128,30,60,0.999850488823204,0.17320508075688776
2026-08-31T22:18:27.720,125946968,P038,rhythm_normal,NORMAL,,,,213,5498787,111346,118398,111041.61,117724.4,304.39,673.6,312.66,372.82,False,False,nan,True,0.9424,77.8,97.27,True,0,NORMAL,1,0.97,0,734.4,36.2,44.2,0.18,18,52,128,30,60,1.000070997479679,0.17320508075688776
2026-08-31T22:18:27.729,125946984,P038,rhythm_normal,NORMAL,,,,214,5498827,111440,118584,111049.58,117741.59,390.42,842.41,445.09,374.26,False,False,nan,True,0.9424,77.8,97.27,True,0,NORMAL,1,0.97,0,734.4,36.2,44.2,0.18,18,52,128,30,60,1.000070997479679,0.17320508075688776
2026-08-31T22:18:27.737,125946984,P038,rhythm_normal,NORMAL,,,,215,5498867,111511,118751,111058.8,117761.78,452.2,989.22,581.12,378.4,False,False,nan,True,0.9424,77.8,97.27,True,0,NORMAL,1,0.97,0,734.4,36.2,44.2,0.18,18,52,128,30,60,1.000070997479679,0.17320508075688776
2026-08-31T22:18:27.762,125947015,P038,rhythm_normal,NORMAL,,,,216,5498907,111559,118851,111068.8,117783.56,490.2,1067.44,702.7,384.89,False,False,nan,True,0.9424,77.8,97.27,True,0,NORMAL,1,0.97,0,734.4,36.2,44.2,0.18,18,52,128,30,60,1.000070997479679,0.17320508075688776
2026-08-31T22:18:27.802,125947046,P038,rhythm_normal,NORMAL,,,,217,5498947,111602,118942,111079.47,117806.73,522.53,1135.27,810.84,393.41,False,False,nan,True,0.9424,77.8,97.27,True,0,NORMAL,1,0.97,0,734.4,36.2,44.2,0.18,18,52,128,30,60,1.000070997479679,0.17320508075688776
2026-08-31T22:18:27.919,125947171,P038,rhythm_normal,NORMAL,,,,218,5498987,111651,119053,111090.9,117831.66,560.1,1221.34,913.47,403.81,False,False,nan,True,0.9424,77.8,97.27,True,0,NORMAL,1,0.97,0,734.4,36.2,44.2,0.18,18,52,128,30,60,0.999850488823204,0.17320508075688776
2026-08-31T22:18:27.929,125947171,P038,rhythm_normal,NORMAL,,,,219,5499027,111763,119276,111104.34,117860.55,658.66,1415.45,1038.96,416.51,False,False,nan,True,0.9424,77.8,97.27,True,0,NORMAL,1,0.97,0,734.4,36.2,44.2,0.18,18,52,128,30,60,0.999850488823204,0.17320508075688776
2026-08-31T22:18:27.938,125947187,P038,rhythm_normal,NORMAL,,,,220,5499067,111825,119412,111118.76,117891.58,706.24,1520.42,1159.33,431.37,False,False,nan,True,0.9424,77.8,97.27,True,0,NORMAL,1,0.97,0,734.4,36.2,44.2,0.18,18,52,128,30,60,0.999850488823204,0.17320508075688776
2026-08-31T22:18:27.963,125947218,P038,rhythm_normal,NORMAL,,,,221,5499107,111495,118718,111126.28,117908.11,368.72,809.89,1071.97,444.18,True,True,760.0,True,0.9422,77.92,97.27,True,0,NORMAL,1,0.97,0,734.4,36.2,44.2,0.18,18,52,128,30,60,0.999850488823204,0.17320508075688776
2026-08-31T22:18:28.002,125947250,P038,rhythm_normal,NORMAL,,,,222,5499147,110826,117337,111120.27,117896.69,-294.27,-559.69,664.06,448.58,False,False,nan,True,0.9422,77.92,97.27,True,0,NORMAL,1,0.97,0,734.4,36.2,44.2,0.18,18,52,128,30,60,0.999850488823204,0.17320508075688776
2026-08-31T22:18:28.118,125947375,P038,rhythm_normal,NORMAL,,,,223,5499187,110675,117013,111111.37,117879.02,-436.37,-866.02,281.54,445.24,False,False,nan,True,0.9422,77.92,97.27,True,0,NORMAL,1,0.97,0,734.4,36.2,44.2,0.18,18,52,128,30,60,0.999850488823204,0.17320508075688776
2026-08-31T22:18:28.126,125947375,P038,rhythm_normal,NORMAL,,,,224,5499227,110773,117193,111104.6,117865.3,-331.6,-672.3,43.08,437.19,False,False,nan,True,0.9422,77.92,97.27,True,0,NORMAL,1,0.97,0,734.4,36.2,44.2,0.18,18,52,128,30,60,0.999850488823204,0.17320508075688776
2026-08-31T22:18:28.137,125947390,P038,rhythm_normal,NORMAL,,,,225,5499267,110896,117448,111100.43,117856.95,-204.43,-408.95,-69.93,429.85,False,False,nan,True,0.9422,77.92,97.27,True,0,NORMAL,1,0.97,0,734.4,36.2,44.2,0.18,18,52,128,30,60,0.999850488823204,0.17320508075688776
2026-08-31T22:18:28.171,125947421,P038,rhythm_normal,NORMAL,,,,226,5499317,110967,117627,111097.76,117852.35,-130.76,-225.35,-108.78,423.43,False,False,nan,True,0.9422,77.92,97.27,True,0,NORMAL,1,0.97,0,734.4,36.2,44.2,0.18,18,52,128,30,60,0.999850488823204,0.17320508075688776
2026-08-31T22:18:28.203,125947453,P038,rhythm_normal,NORMAL,,,,227,5499347,111064,117806,111097.09,117851.42,-33.09,-45.42,-92.94,416.82,False,False,nan,True,0.9422,77.92,97.27,True,0,NORMAL,1,0.97,0,734.4,36.2,44.2,0.18,18,52,128,30,60,0.999850488823204,0.17320508075688776
2026-08-31T22:18:28.318,125947562,P038,rhythm_normal,NORMAL,,,,228,5499397,111099,117864,111097.12,117851.67,1.88,12.33,-66.63,409.81,False,False,nan,True,0.9422,77.92,97.27,True,0,NORMAL,1,0.97,0,734.4,36.2,44.2,0.18,18,52,128,30,60,0.9994518497656603,0.17320508075688776
2026-08-31T22:18:28.327,125947578,P038,rhythm_normal,NORMAL,,,,229,5499427,111033,117735,111095.84,117849.34,-62.84,-114.34,-78.55,403.19,False,False,nan,True,0.9422,77.92,97.27,True,0,NORMAL,1,0.97,0,734.4,36.2,44.2,0.18,18,52,128,30,60,0.9994518497656603,0.17320508075688776
2026-08-31T22:18:28.338,125947593,P038,rhythm_normal,NORMAL,,,,230,5499477,111019,117679,111094.3,117845.93,-75.3,-166.93,-100.65,397.14,False,False,nan,True,0.9422,77.92,97.27,True,0,NORMAL,1,0.97,0,734.4,36.2,44.2,0.18,18,52,128,30,60,0.9994518497656603,0.17320508075688776
2026-08-31T22:18:28.372,125947625,P038,rhythm_normal,NORMAL,,,,231,5499517,111087,117753,111094.16,117844.07,-7.16,-91.07,-98.25,391.16,False,False,nan,True,0.9422,77.92,97.27,True,0,NORMAL,1,0.97,0,734.4,36.2,44.2,0.18,18,52,128,30,60,0.9994518497656603,0.17320508075688776
2026-08-31T22:18:28.518,125947765,P038,rhythm_normal,NORMAL,,,,232,5499557,111213,118054,111096.53,117848.27,116.47,205.73,-22.26,383.78,False,False,nan,True,0.9422,77.92,97.27,True,0,NORMAL,1,0.97,0,734.4,36.2,44.2,0.18,18,52,128,30,60,0.999850488823204,0.17320508075688776
2026-08-31T22:18:28.529,125947781,P038,rhythm_normal,NORMAL,,,,233,5499597,111311,118289,111100.82,117857.08,210.18,431.92,91.29,377.93,False,False,nan,True,0.9422,77.92,97.27,True,0,NORMAL,1,0.97,0,734.4,36.2,44.2,0.18,18,52,128,30,60,0.999850488823204,0.17320508075688776
2026-08-31T22:18:28.539,125947796,P038,rhythm_normal,NORMAL,,,,234,5499637,111410,118457,111107.0,117869.08,303.0,587.92,215.45,374.68,False,False,nan,True,0.9422,77.92,97.27,True,0,NORMAL,1,0.97,0,734.4,36.2,44.2,0.18,18,52,128,30,60,0.999850488823204,0.17320508075688776
2026-08-31T22:18:28.548,125947796,P038,rhythm_normal,NORMAL,,,,235,5499677,111471,118636,111114.28,117884.41,356.72,751.59,349.48,374.18,False,False,nan,True,0.9422,77.92,97.27,True,0,NORMAL,1,0.97,0,734.4,36.2,44.2,0.18,18,52,128,30,60,0.999850488823204,0.17320508075688776
2026-08-31T22:18:28.571,125947828,P038,rhythm_normal,NORMAL,,,,236,5499717,111528,118768,111122.55,117902.09,405.45,865.91,478.59,376.27,False,False,nan,True,0.9422,77.92,97.27,True,0,NORMAL,1,0.97,0,734.4,36.2,44.2,0.18,18,52,128,30,60,0.999850488823204,0.17320508075688776
2026-08-31T22:18:28.718,125947968,P038,rhythm_normal,NORMAL,,,,237,5499757,111571,118892,111131.52,117921.88,439.48,970.12,601.47,380.77,False,False,nan,True,0.9422,77.92,97.27,True,0,NORMAL,1,0.97,0,734.4,36.2,44.2,0.18,18,52,128,30,60,0.999850488823204,0.17320508075688776
2026-08-31T22:18:28.728,125947984,P038,rhythm_normal,NORMAL,,,,238,5499797,111638,119022,111141.66,117943.88,496.34,1078.12,720.63,387.57,False,False,nan,True,0.9422,77.92,97.27,True,0,NORMAL,1,0.97,0,734.4,36.2,44.2,0.18,18,52,128,30,60,0.999850488823204,0.17320508075688776
2026-08-31T22:18:28.738,125947984,P038,rhythm_normal,NORMAL,,,,239,5499837,111740,119201,111153.62,117969.02,586.38,1231.98,848.47,396.78,False,False,nan,True,0.9422,77.92,97.27,True,0,NORMAL,1,0.97,0,734.4,36.2,44.2,0.18,18,52,128,30,60,0.999850488823204,0.17320508075688776
2026-08-31T22:18:28.747,125948000,P038,rhythm_normal,NORMAL,,,,240,5499877,111763,119270,111165.81,117995.04,597.19,1274.96,955.09,407.95,False,False,nan,True,0.9422,77.92,97.27,True,0,NORMAL,1,0.97,0,734.4,36.2,44.2,0.18,18,52,128,30,60,0.999850488823204,0.17320508075688776
2026-08-31T22:18:28.771,125948015,P038,rhythm_normal,NORMAL,,,,241,5499917,111187,118042,111166.23,117995.98,20.77,46.02,727.82,414.35,True,True,810.0,True,0.9411,77.29,97.27,True,0,NORMAL,1,0.97,0,734.4,36.2,44.2,0.18,18,52,128,30,60,0.999850488823204,0.17320508075688776
2026-08-31T22:18:28.917,125948171,P038,rhythm_normal,NORMAL,,,,242,5499957,110722,117112,111157.35,117978.3,-435.35,-866.3,329.29,412.65,False,False,nan,True,0.9411,77.29,97.27,True,0,NORMAL,1,0.97,0,734.4,36.2,44.2,0.18,18,52,128,30,60,1.000070997479679,0.17320508075688776
2026-08-31T22:18:28.929,125948187,P038,rhythm_normal,NORMAL,,,,243,5499997,110690,116934,111148.01,117957.41,-458.01,-1023.41,-8.88,404.57,False,False,nan,True,0.9411,77.29,97.27,True,0,NORMAL,1,0.97,0,734.4,36.2,44.2,0.18,18,52,128,30,60,1.000070997479679,0.17320508075688776
2026-08-31T22:18:28.940,125948187,P038,rhythm_normal,NORMAL,,,,244,5500037,110831,117261,111141.66,117943.48,-310.66,-682.48,-177.28,400.03,False,False,nan,True,0.9411,77.29,97.27,True,0,NORMAL,1,0.97,0,734.4,36.2,44.2,0.18,18,52,128,30,60,1.000070997479679,0.17320508075688776
2026-08-31T22:18:28.948,125948203,P038,rhythm_normal,NORMAL,,,,245,5500077,110930,117512,111137.43,117934.85,-207.43,-422.85,-238.68,396.8,False,False,nan,True,0.9411,77.29,97.27,True,0,NORMAL,1,0.97,0,734.4,36.2,44.2,0.18,18,52,128,30,60,1.000070997479679,0.17320508075688776
2026-08-31T22:18:28.971,125948218,P038,rhythm_normal,NORMAL,,,,246,5500117,110998,117618,111134.64,117928.52,-136.64,-310.52,-256.64,394.0,False,False,nan,True,0.9411,77.29,97.27,True,0,NORMAL,1,0.97,0,734.4,36.2,44.2,0.18,18,52,128,30,60,1.000070997479679,0.17320508075688776
2026-08-31T22:18:29.119,125948375,P038,rhythm_normal,NORMAL,,,,247,5500157,111115,117851,111134.25,117926.97,-19.25,-75.97,-211.47,390.35,False,False,nan,True,0.9411,77.29,97.27,True,0,NORMAL,1,0.97,0,734.4,36.2,44.2,0.18,18,52,128,30,60,0.999850488823204,0.17320508075688776
2026-08-31T22:18:29.129,125948375,P038,rhythm_normal,NORMAL,,,,248,5500197,110978,117730,111131.12,117923.03,-153.12,-193.03,-206.86,386.68,False,False,nan,True,0.9411,77.29,97.27,True,0,NORMAL,1,0.97,0,734.4,36.2,44.2,0.18,18,52,128,30,60,0.999850488823204,0.17320508075688776
2026-08-31T22:18:29.140,125948390,P038,rhythm_normal,NORMAL,,,,249,5500237,110946,117614,111127.42,117916.85,-181.42,-302.85,-230.86,383.56,False,False,nan,True,0.9411,77.29,97.27,True,0,NORMAL,1,0.97,0,734.4,36.2,44.2,0.18,18,52,128,30,60,0.999850488823204,0.17320508075688776
2026-08-31T22:18:29.148,125948406,P038,rhythm_normal,NORMAL,,,,250,5500277,110962,117700,111124.12,117912.52,-162.12,-212.52,-226.27,380.41,False,False,nan,True,0.9411,77.29,97.27,True,0,NORMAL,1,0.97,0,734.4,36.2,44.2,0.18,18,52,128,30,60,0.999850488823204,0.17320508075688776
2026-08-31T22:18:29.172,125948421,P038,rhythm_normal,NORMAL,,,,251,5500317,111079,117952,111123.22,117913.3,-44.22,38.7,-160.03,376.01,False,False,nan,True,0.9411,77.29,97.27,True,0,NORMAL,1,0.97,0,734.4,36.2,44.2,0.18,18,52,128,30,60,0.999850488823204,0.17320508075688776
2026-08-31T22:18:29.317,125948562,P038,rhythm_normal,NORMAL,,,,252,5500357,111178,118166,111124.31,117918.36,53.69,247.64,-58.11,369.65,False,False,nan,True,0.9411,77.29,97.27,True,0,NORMAL,1,0.97,0,734.4,36.2,44.2,0.18,18,52,128,30,60,0.9989604596779594,0.17320508075688776
2026-08-31T22:18:29.329,125948578,P038,rhythm_normal,NORMAL,,,,253,5500397,111336,118435,111128.55,117928.7,207.45,506.3,82.99,363.91,False,False,nan,True,0.9411,77.29,97.27,True,0,NORMAL,1,0.97,0,734.4,36.2,44.2,0.18,18,52,128,30,60,0.9989604596779594,0.17320508075688776
2026-08-31T22:18:29.339,125948593,P038,rhythm_normal,NORMAL,,,,254,5500437,111378,118506,111133.54,117940.24,244.46,565.76,203.68,360.71,False,False,nan,True,0.9411,77.29,97.27,True,0,NORMAL,1,0.97,0,734.4,36.2,44.2,0.18,18,52,128,30,60,0.9989604596779594,0.17320508075688776
2026-08-31T22:18:29.348,125948593,P038,rhythm_normal,NORMAL,,,,255,5500477,111438,118620,111139.62,117953.84,298.38,666.16,319.3,359.88,False,False,nan,True,0.9411,77.29,97.27,True,0,NORMAL,1,0.97,0,734.4,36.2,44.2,0.18,18,52,128,30,60,0.9989604596779594,0.17320508075688776
2026-08-31T22:18:29.371,125948625,P038,rhythm_normal,NORMAL,,,,256,5500517,111478,118698,111146.39,117968.72,331.61,729.28,421.8,361.12,False,False,nan,True,0.9411,77.29,97.27,True,0,NORMAL,1,0.97,0,734.4,36.2,44.2,0.18,18,52,128,30,60,0.9989604596779594,0.17320508075688776
2026-08-31T22:18:29.517,125948765,P038,rhythm_normal,NORMAL,,,,257,5500557,111581,118929,111155.09,117987.92,425.91,941.08,551.62,364.93,False,False,nan,True,0.9411,77.29,97.27,True,0,NORMAL,1,0.97,0,734.4,36.2,44.2,0.18,18,52,128,30,60,1.000070997479679,0.17320508075688776
2026-08-31T22:18:29.529,125948781,P038,rhythm_normal,NORMAL,,,,258,5500597,111621,119057,111164.41,118009.3,456.59,1047.7,675.64,371.14,False,False,nan,True,0.9411,77.29,97.27,True,0,NORMAL,1,0.97,0,734.4,36.2,44.2,0.18,18,52,128,30,60,1.000070997479679,0.17320508075688776
2026-08-31T22:18:29.539,125948796,P038,rhythm_normal,NORMAL,,,,259,5500637,111450,118721,111170.12,118023.54,279.88,697.46,681.09,377.34,False,False,nan,True,0.9411,77.29,97.27,True,0,NORMAL,1,0.97,0,734.4,36.2,44.2,0.18,18,52,128,30,60,1.000070997479679,0.17320508075688776
2026-08-31T22:18:29.547,125948796,P038,rhythm_normal,NORMAL,,,,260,5500677,110881,117421,111164.34,118011.49,-283.34,-590.49,363.2,377.06,True,True,760.0,True,0.9561,76.31,97.27,True,0,NORMAL,1,0.97,0,734.4,36.2,44.2,0.18,18,52,128,30,60,1.000070997479679,0.17320508075688776
2026-08-31T22:18:29.571,125948828,P038,rhythm_normal,NORMAL,,,,261,5500717,110707,117006,111155.19,117991.38,-448.19,-985.38,26.05,370.04,False,False,nan,True,0.9561,76.31,97.27,True,0,NORMAL,1,0.97,0,734.4,36.2,44.2,0.18,18,52,128,30,60,1.000070997479679,0.17320508075688776
2026-08-31T22:18:29.717,125948968,P038,rhythm_normal,NORMAL,,,,262,5500757,110716,117109,111146.41,117973.73,-430.41,-864.73,-196.64,366.57,False,False,nan,True,0.9561,76.31,97.27,True,0,NORMAL,1,0.97,0,734.4,36.2,44.2,0.18,18,52,128,30,60,1.000070997479679,0.17320508075688776
2026-08-31T22:18:29.729,125948984,P038,rhythm_normal,NORMAL,,,,263,5500797,110896,117382,111141.4,117961.9,-245.4,-579.9,-292.46,365.09,False,False,nan,True,0.9561,76.31,97.27,True,0,NORMAL,1,0.97,0,734.4,36.2,44.2,0.18,18,52,128,30,60,1.000070997479679,0.17320508075688776
2026-08-31T22:18:29.740,125948984,P038,rhythm_normal,NORMAL,,,,264,5500837,110904,117524,111136.65,117953.14,-232.65,-429.14,-326.63,364.32,False,False,nan,True,0.9561,76.31,97.27,True,0,NORMAL,1,0.97,0,734.4,36.2,44.2,0.18,18,52,128,30,60,1.000070997479679,0.17320508075688776
2026-08-31T22:18:29.748,125949000,P038,rhythm_normal,NORMAL,,,,265,5500877,110987,117663,111133.66,117947.34,-146.66,-284.34,-316.06,363.36,False,False,nan,True,0.9561,76.31,97.27,True,0,NORMAL,1,0.97,0,734.4,36.2,44.2,0.18,18,52,128,30,60,1.000070997479679,0.17320508075688776
2026-08-31T22:18:29.771,125949015,P038,rhythm_normal,NORMAL,,,,266,5500917,111066,117776,111132.3,117943.91,-66.3,-167.91,-279.02,361.67,False,False,nan,True,0.9561,76.31,97.27,True,0,NORMAL,1,0.97,0,734.4,36.2,44.2,0.18,18,52,128,30,60,1.000070997479679,0.17320508075688776
2026-08-31T22:18:29.917,125949171,P038,rhythm_normal,NORMAL,,,,267,5500957,110969,117620,111129.04,117937.43,-160.04,-317.43,-288.62,360.21,False,False,nan,True,0.9561,76.31,97.27,True,0,NORMAL,1,0.97,0,734.4,36.2,44.2,0.18,18,52,128,30,60,1.000070997479679,0.17320508075688776
2026-08-31T22:18:29.928,125949171,P038,rhythm_normal,NORMAL,,,,268,5500997,110947,117604,111125.4,117930.76,-178.4,-326.76,-298.16,358.97,False,False,nan,True,0.9561,76.31,97.27,True,0,NORMAL,1,0.97,0,734.4,36.2,44.2,0.18,18,52,128,30,60,1.000070997479679,0.17320508075688776
2026-08-31T22:18:29.940,125949187,P038,rhythm_normal,NORMAL,,,,269,5501037,111047,117741,111123.83,117926.96,-76.83,-185.96,-270.11,357.19,False,False,nan,True,0.9561,76.31,97.27,True,0,NORMAL,1,0.97,0,734.4,36.2,44.2,0.18,18,52,128,30,60,1.000070997479679,0.17320508075688776
2026-08-31T22:18:29.948,125949203,P038,rhythm_normal,NORMAL,,,,270,5501077,111154,117948,111124.43,117927.38,29.57,20.62,-197.43,353.99,False,False,nan,True,0.9561,76.31,97.27,True,0,NORMAL,1,0.97,0,734.4,36.2,44.2,0.18,18,52,128,30,60,1.000070997479679,0.17320508075688776
2026-08-31T22:18:29.971,125949218,P038,rhythm_normal,NORMAL,,,,271,5501117,111271,118103,111127.36,117930.9,143.64,172.1,-105.04,349.02,False,False,nan,True,0.9561,76.31,97.27,True,0,NORMAL,1,0.97,0,734.4,36.2,44.2,0.18,18,52,128,30,60,1.000070997479679,0.17320508075688776
2026-08-31T22:18:30.118,125949375,P038,rhythm_normal,NORMAL,,,,272,5501157,111295,118236,111130.71,117937.0,164.29,299.0,-4.03,342.12,False,False,nan,True,0.9561,76.31,97.27,True,0,NORMAL,1,0.97,0,734.4,36.2,44.2,0.18,18,52,128,30,60,1.000070997479679,0.17320508075688776
2026-08-31T22:18:30.130,125949375,P038,rhythm_normal,NORMAL,,,,273,5501197,111321,118379,111134.52,117945.84,186.48,433.16,105.26,337.38,False,False,nan,True,0.9561,76.31,97.27,True,0,NORMAL,1,0.97,0,734.4,36.2,44.2,0.18,18,52,128,30,60,1.000070997479679,0.17320508075688776
2026-08-31T22:18:30.139,125949390,P038,rhythm_normal,NORMAL,,,,274,5501237,111405,118477,111139.92,117956.47,265.08,520.53,209.08,334.81,False,False,nan,True,0.9561,76.31,97.27,True,0,NORMAL,1,0.97,0,734.4,36.2,44.2,0.18,18,52,128,30,60,1.000070997479679,0.17320508075688776
2026-08-31T22:18:30.148,125949406,P038,rhythm_normal,NORMAL,,,,275,5501277,111431,118612,111145.74,117969.58,285.26,642.42,317.42,334.46,False,False,nan,True,0.9561,76.31,97.27,True,0,NORMAL,1,0.97,0,734.4,36.2,44.2,0.18,18,52,128,30,60,1.000070997479679,0.17320508075688776
2026-08-31T22:18:30.171,125949421,P038,rhythm_normal,NORMAL,,,,276,5501317,111424,118592,111151.3,117982.02,272.7,609.98,390.56,335.59,False,False,nan,True,0.9561,76.31,97.27,True,0,NORMAL,1,0.97,0,734.4,36.2,44.2,0.18,18,52,128,30,60,1.000070997479679,0.17320508075688776
2026-08-31T22:18:30.316,125949562,P038,rhythm_normal,NORMAL,,,,277,5501357,110952,117662,111147.32,117975.62,-195.32,-313.62,214.51,333.17,True,True,680.0,True,0.9456,76.8,97.27,True,0,NORMAL,1,0.97,0,734.4,36.2,44.2,0.18,18,52,128,30,60,1.000070997479679,0.17320508075688776
2026-08-31T22:18:30.328,125949578,P038,rhythm_normal,NORMAL,,,,278,5501397,110660,116953,111137.57,117955.17,-477.57,-1002.17,-89.66,328.3,False,False,nan,True,0.9456,76.8,97.27,True,0,NORMAL,1,0.97,0,734.4,36.2,44.2,0.18,18,52,128,30,60,1.000070997479679,0.17320508075688776
2026-08-31T22:18:30.341,125949593,P038,rhythm_normal,NORMAL,,,,279,5501437,110667,116910,111128.16,117934.27,-461.16,-1024.27,-323.31,328.2,False,False,nan,True,0.9456,76.8,97.27,True,0,NORMAL,1,0.97,0,734.4,36.2,44.2,0.18,18,52,128,30,60,1.000070997479679,0.17320508075688776
2026-08-31T22:18:30.350,125949593,P038,rhythm_normal,NORMAL,,,,280,5501477,110738,117154,111120.35,117918.66,-382.35,-764.66,-433.65,330.3,False,False,nan,True,0.9456,76.8,97.27,True,0,NORMAL,1,0.97,0,734.4,36.2,44.2,0.18,18,52,128,30,60,1.000070997479679,0.17320508075688776
2026-08-31T22:18:30.371,125949625,P038,rhythm_normal,NORMAL,,,,281,5501517,110857,117335,111115.09,117906.99,-258.09,-571.99,-468.24,333.06,False,False,nan,True,0.9456,76.8,97.27,True,0,NORMAL,1,0.97,0,734.4,36.2,44.2,0.18,18,52,128,30,60,1.000070997479679,0.17320508075688776
2026-08-31T22:18:30.516,125949765,P038,rhythm_normal,NORMAL,,,,282,5501557,110925,117541,111111.28,117899.67,-186.28,-358.67,-440.84,335.22,False,False,nan,True,0.9456,76.8,97.27,True,0,NORMAL,1,0.95,0,745.5,50.6,50.5,0.26,20,84,129,30,60,0.999850488823204,0.17320508075688776
2026-08-31T22:18:30.528,125949781,P038,rhythm_normal,NORMAL,,,,283,5501597,111008,117628,111109.22,117894.24,-101.22,-266.24,-397.19,336.46,False,False,nan,True,0.9456,76.8,97.27,True,0,NORMAL,1,0.95,0,745.5,50.6,50.5,0.26,20,84,129,30,60,0.999850488823204,0.17320508075688776
2026-08-31T22:18:30.539,125949796,P038,rhythm_normal,NORMAL,,,,284,5501637,110914,117498,111105.31,117886.32,-191.31,-388.32,-394.98,337.63,False,False,nan,True,0.9456,76.8,97.27,True,0,NORMAL,1,0.95,0,745.5,50.6,50.5,0.26,20,84,129,30,60,0.999850488823204,0.17320508075688776
2026-08-31T22:18:30.548,125949796,P038,rhythm_normal,NORMAL,,,,285,5501677,110902,117422,111101.25,117877.03,-199.25,-455.03,-409.99,339.08,False,False,nan,True,0.9456,76.8,97.27,True,0,NORMAL,1,0.95,0,745.5,50.6,50.5,0.26,20,84,129,30,60,0.999850488823204,0.17320508075688776
2026-08-31T22:18:30.572,125949828,P038,rhythm_normal,NORMAL,,,,286,5501717,110936,117510,111097.95,117869.69,-161.95,-359.69,-397.41,340.24,False,False,nan,True,0.9456,76.8,97.27,True,0,NORMAL,1,0.95,0,745.5,50.6,50.5,0.26,20,84,129,30,60,0.999850488823204,0.17320508075688776
2026-08-31T22:18:30.716,125949968,P038,rhythm_normal,NORMAL,,,,287,5501757,111026,117677,111096.51,117865.84,-70.51,-188.84,-345.27,340.34,False,False,nan,True,0.9456,76.8,97.27,True,0,NORMAL,1,0.95,0,745.5,50.6,50.5,0.26,20,84,129,30,60,0.999850488823204,0.17320508075688776
2026-08-31T22:18:30.728,125949984,P038,rhythm_normal,NORMAL,,,,288,5501797,111090,117841,111096.38,117865.34,-6.38,-24.34,-265.04,338.84,False,False,nan,True,0.9456,76.8,97.27,True,0,NORMAL,1,0.95,0,745.5,50.6,50.5,0.26,20,84,129,30,60,0.999850488823204,0.17320508075688776
2026-08-31T22:18:30.741,125950000,P038,rhythm_normal,NORMAL,,,,289,5501837,111143,117947,111097.3,117866.97,45.7,80.03,-178.77,335.64,False,False,nan,True,0.9456,76.8,97.27,True,0,NORMAL,1,0.95,0,745.5,50.6,50.5,0.26,20,84,129,30,60,0.999850488823204,0.17320508075688776
2026-08-31T22:18:30.750,125950000,P038,rhythm_normal,NORMAL,,,,290,5501877,111188,118019,111099.12,117870.01,88.88,148.99,-96.83,330.86,False,False,nan,True,0.9456,76.8,97.27,True,0,NORMAL,1,0.95,0,745.5,50.6,50.5,0.26,20,84,129,30,60,0.999850488823204,0.17320508075688776
2026-08-31T22:18:30.770,125950015,P038,rhythm_normal,NORMAL,,,,291,5501917,111230,118129,111101.73,117875.19,128.27,253.81,-9.17,324.43,False,False,nan,True,0.9456,76.8,97.27,True,0,NORMAL,1,0.95,0,745.5,50.6,50.5,0.26,20,84,129,30,60,0.999850488823204,0.17320508075688776
2026-08-31T22:18:30.917,125950171,P038,rhythm_normal,NORMAL,,,,292,5501957,111312,118288,111105.94,117883.45,206.06,404.55,94.26,319.82,False,False,nan,True,0.9456,76.8,97.27,True,0,NORMAL,1,0.95,0,745.5,50.6,50.5,0.26,20,84,129,30,60,1.000070997479679,0.17320508075688776
2026-08-31T22:18:30.930,125950187,P038,rhythm_normal,NORMAL,,,,293,5501997,111330,118367,111110.42,117893.12,219.58,473.88,189.17,317.21,False,False,nan,True,0.9456,76.8,97.27,True,0,NORMAL,1,0.95,0,745.5,50.6,50.5,0.26,20,84,129,30,60,1.000070997479679,0.17320508075688776
2026-08-31T22:18:30.941,125950187,P038,rhythm_normal,NORMAL,,,,294,5502037,111088,117858,111109.98,117892.41,-21.98,-34.41,133.27,313.53,True,True,680.0,True,0.9334,77.8,97.27,True,0,NORMAL,1,0.95,0,745.5,50.6,50.5,0.26,20,84,129,30,60,1.000070997479679,0.17320508075688776
2026-08-31T22:18:30.949,125950203,P038,rhythm_normal,NORMAL,,,,295,5502077,110657,116978,111100.91,117874.12,-443.91,-896.12,-124.08,309.74,False,False,nan,True,0.9334,77.8,97.27,True,0,NORMAL,1,0.95,0,745.5,50.6,50.5,0.26,20,84,129,30,60,1.000070997479679,0.17320508075688776
2026-08-31T22:18:30.971,125950218,P038,rhythm_normal,NORMAL,,,,296,5502117,110552,116740,111089.94,117851.45,-537.94,-1111.45,-370.92,310.97,False,False,nan,True,0.9334,77.8,97.27,True,0,NORMAL,1,0.95,0,745.5,50.6,50.5,0.26,20,84,129,30,60,1.000070997479679,0.17320508075688776
2026-08-31T22:18:31.120,125950375,P038,rhythm_normal,NORMAL,,,,297,5502157,110622,116874,111080.58,117831.9,-458.58,-957.9,-517.66,315.1,False,False,nan,True,0.9334,77.8,97.27,True,0,NORMAL,1,0.95,0,745.5,50.6,50.5,0.26,20,84,129,30,60,0.999850488823204,0.17320508075688776
2026-08-31T22:18:31.132,125950390,P038,rhythm_normal,NORMAL,,,,298,5502197,110718,117078,111073.33,117816.82,-355.33,-738.82,-572.95,320.26,False,False,nan,True,0.9334,77.8,97.27,True,0,NORMAL,1,0.95,0,745.5,50.6,50.5,0.26,20,84,129,30,60,0.999850488823204,0.17320508075688776
2026-08-31T22:18:31.142,125950390,P038,rhythm_normal,NORMAL,,,,299,5502237,110783,117226,111067.52,117805.01,-284.52,-579.01,-574.47,325.34,False,False,nan,True,0.9334,77.8,97.27,True,0,NORMAL,1,0.95,0,745.5,50.6,50.5,0.26,20,84,129,30,60,0.999850488823204,0.17320508075688776
2026-08-31T22:18:31.153,125950406,P038,rhythm_normal,NORMAL,,,,300,5502277,110845,117359,111063.07,117796.09,-218.07,-437.09,-540.12,329.64,False,False,nan,True,0.9334,77.8,97.27,True,0,NORMAL,1,0.95,0,745.5,50.6,50.5,0.26,20,84,129,30,60,0.999850488823204,0.17320508075688776
2026-08-31T22:18:31.173,125950421,P038,rhythm_normal,NORMAL,,,,301,5502317,110787,117255,111057.55,117785.27,-270.55,-530.27,-537.66,333.8,False,False,nan,True,0.9334,77.8,97.27,True,0,NORMAL,1,0.95,0,745.5,50.6,50.5,0.26,20,84,129,30,60,0.999850488823204,0.17320508075688776
2026-08-31T22:18:31.318,125950562,P038,rhythm_normal,NORMAL,,,,302,5502357,110739,117147,111051.18,117772.5,-312.18,-625.5,-559.62,338.31,False,False,nan,True,0.9334,77.8,97.27,True,0,NORMAL,1,0.95,0,745.5,50.6,50.5,0.26,20,84,129,30,60,0.999850488823204,0.17320508075688776
2026-08-31T22:18:31.331,125950578,P038,rhythm_normal,NORMAL,,,,303,5502397,110749,117196,111045.13,117760.97,-296.13,-564.97,-560.96,342.77,False,False,nan,True,0.9334,77.8,97.27,True,0,NORMAL,1,0.95,0,745.5,50.6,50.5,0.26,20,84,129,30,60,0.999850488823204,0.17320508075688776
2026-08-31T22:18:31.342,125950593,P038,rhythm_normal,NORMAL,,,,304,5502437,110835,117367,111040.93,117753.09,-205.93,-386.09,-517.24,346.26,False,False,nan,True,0.9334,77.8,97.27,True,0,NORMAL,1,0.95,0,745.5,50.6,50.5,0.26,20,84,129,30,60,0.999850488823204,0.17320508075688776
2026-08-31T22:18:31.352,125950609,P038,rhythm_normal,NORMAL,,,,305,5502477,110931,117583,111038.73,117749.69,-107.73,-166.69,-429.6,347.92,False,False,nan,True,0.9334,77.8,97.37,True,0,NORMAL,1,0.95,0,745.5,50.6,50.5,0.26,20,84,129,30,60,0.999850488823204,0.17320508075688776
2026-08-31T22:18:31.372,125950625,P038,rhythm_normal,NORMAL,,,,306,5502517,111008,117770,111038.12,117750.09,-30.12,19.91,-317.22,347.31,False,False,nan,True,0.9334,77.8,97.37,True,0,NORMAL,1,0.95,0,745.5,50.6,50.5,0.26,20,84,129,30,60,0.999850488823204,0.17320508075688776
2026-08-31T22:18:31.518,125950765,P038,rhythm_normal,NORMAL,,,,307,5502557,111069,117879,111038.73,117752.67,30.27,126.33,-206.34,344.49,False,False,nan,True,0.9334,77.8,97.37,True,0,NORMAL,1,0.95,0,745.5,50.6,50.5,0.26,20,84,129,30,60,0.999850488823204,0.17320508075688776
2026-08-31T22:18:31.528,125950781,P038,rhythm_normal,NORMAL,,,,308,5502597,111109,117962,111040.14,117756.86,68.86,205.14,-103.47,339.67,False,False,nan,True,0.9334,77.8,97.37,True,0,NORMAL,1,0.95,0,745.5,50.6,50.5,0.26,20,84,129,30,60,0.999850488823204,0.17320508075688776
2026-08-31T22:18:31.538,125950781,P038,rhythm_normal,NORMAL,,,,309,5502637,111164,118095,111042.62,117763.62,121.38,331.38,5.24,332.98,False,False,nan,True,0.9334,77.8,97.37,True,0,NORMAL,1,0.95,0,745.5,50.6,50.5,0.26,20,84,129,30,60,0.999850488823204,0.17320508075688776
2026-08-31T22:18:31.547,125950796,P038,rhythm_normal,NORMAL,,,,310,5502677,111244,118256,111046.65,117773.47,197.35,482.53,124.57,328.81,False,False,nan,True,0.9334,77.8,97.37,True,0,NORMAL,1,0.95,0,745.5,50.6,50.5,0.26,20,84,129,30,60,0.999850488823204,0.17320508075688776
2026-08-31T22:18:31.571,125950828,P038,rhythm_normal,NORMAL,,,,311,5502717,111280,118363,111051.31,117785.26,228.69,577.74,237.86,326.99,False,False,nan,True,0.9334,77.8,97.37,True,0,NORMAL,1,0.95,0,745.5,50.6,50.5,0.26,20,84,129,30,60,0.999850488823204,0.17320508075688776
2026-08-31T22:18:31.717,125950968,P038,rhythm_normal,NORMAL,,,,312,5502757,111107,117987,111052.43,117789.29,54.57,197.71,227.82,325.01,True,True,720.0,True,0.9369,79.34,97.37,True,0,NORMAL,1,0.95,0,745.5,50.6,50.5,0.26,20,84,129,30,60,1.000070997479679,0.17320508075688776
2026-08-31T22:18:31.728,125950984,P038,rhythm_normal,NORMAL,,,,313,5502797,110640,117011,111044.18,117773.73,-404.18,-762.73,-19.81,318.91,False,False,nan,True,0.9369,79.34,97.37,True,0,NORMAL,1,0.95,0,745.5,50.6,50.5,0.26,20,84,129,30,60,1.000070997479679,0.17320508075688776
2026-08-31T22:18:31.739,125950984,P038,rhythm_normal,NORMAL,,,,314,5502837,110523,116746,111033.76,117753.17,-510.76,-1007.17,-266.65,317.86,False,False,nan,True,0.9369,79.34,97.37,True,0,NORMAL,1,0.95,0,745.5,50.6,50.5,0.26,20,84,129,30,60,1.000070997479679,0.17320508075688776
2026-08-31T22:18:31.748,125951000,P038,rhythm_normal,NORMAL,,,,315,5502877,110626,116949,111025.6,117737.09,-399.6,-788.09,-397.01,319.44,False,False,nan,True,0.9369,79.34,97.37,True,0,NORMAL,1,0.95,0,745.5,50.6,50.5,0.26,20,84,129,30,60,1.000070997479679,0.17320508075688776
2026-08-31T22:18:31.771,125951015,P038,rhythm_normal,NORMAL,,,,316,5502917,110753,117227,111020.15,117726.88,-267.15,-499.88,-422.73,321.51,False,False,nan,True,0.9369,79.34,97.37,True,0,NORMAL,1,0.95,0,745.5,50.6,50.5,0.26,20,84,129,30,60,1.000070997479679,0.17320508075688776
2026-08-31T22:18:31.917,125951171,P038,rhythm_normal,NORMAL,,,,317,5502957,110838,117426,111016.51,117720.87,-178.51,-294.87,-390.76,322.89,False,False,nan,True,0.9369,79.34,97.37,True,0,NORMAL,1,0.95,0,745.5,50.6,50.5,0.26,20,84,129,30,60,1.000070997479679,0.17320508075688776
2026-08-31T22:18:31.929,125951187,P038,rhythm_normal,NORMAL,,,,318,5502997,110931,117627,111014.8,117718.99,-83.8,-91.99,-316.07,322.76,False,False,nan,True,0.9369,79.34,97.37,True,0,NORMAL,1,0.95,0,745.5,50.6,50.5,0.26,20,84,129,30,60,1.000070997479679,0.17320508075688776
2026-08-31T22:18:31.940,125951187,P038,rhythm_normal,NORMAL,,,,319,5503037,110879,117540,111012.08,117715.41,-133.08,-175.41,-280.91,321.92,False,False,nan,True,0.9369,79.34,97.37,True,0,NORMAL,1,0.95,0,745.5,50.6,50.5,0.26,20,84,129,30,60,1.000070997479679,0.17320508075688776
2026-08-31T22:18:31.949,125951203,P038,rhythm_normal,NORMAL,,,,320,5503077,110785,117359,111007.54,117708.29,-222.54,-349.29,-298.0,321.44,False,False,nan,True,0.9369,79.34,97.37,True,0,NORMAL,1,0.95,0,745.5,50.6,50.5,0.26,20,84,129,30,60,1.000070997479679,0.17320508075688776
2026-08-31T22:18:31.971,125951218,P038,rhythm_normal,NORMAL,,,,321,5503117,110807,117397,111003.53,117702.06,-196.53,-305.06,-299.77,321.01,False,False,nan,True,0.9369,79.34,97.37,True,0,NORMAL,1,0.95,0,745.5,50.6,50.5,0.26,20,84,129,30,60,1.000070997479679,0.17320508075688776
2026-08-31T22:18:32.117,125951375,P038,rhythm_normal,NORMAL,,,,322,5503157,110901,117602,111001.48,117700.06,-100.48,-98.06,-249.34,319.58,False,False,nan,True,0.9369,79.34,97.37,True,0,NORMAL,1,0.95,0,745.5,50.6,50.5,0.26,20,84,129,30,60,0.999850488823204,0.17320508075688776
2026-08-31T22:18:32.129,125951375,P038,rhythm_normal,NORMAL,,,,323,5503197,110999,117816,111001.44,117702.38,-2.44,113.62,-158.6,316.36,False,False,nan,True,0.9369,79.34,97.37,True,0,NORMAL,1,0.95,0,745.5,50.6,50.5,0.26,20,84,129,30,60,0.999850488823204,0.17320508075688776
2026-08-31T22:18:32.138,125951390,P038,rhythm_normal,NORMAL,,,,324,5503237,111082,117999,111003.05,117708.31,78.95,290.69,-46.28,310.95,False,False,nan,True,0.9369,79.34,97.37,True,0,NORMAL,1,0.95,0,745.5,50.6,50.5,0.26,20,84,129,30,60,0.999850488823204,0.17320508075688776
2026-08-31T22:18:32.148,125951406,P038,rhythm_normal,NORMAL,,,,325,5503277,111126,118104,111005.51,117716.23,120.49,387.77,62.23,305.98,False,False,nan,True,0.9369,79.34,97.37,True,0,NORMAL,1,0.95,0,745.5,50.6,50.5,0.26,20,84,129,30,60,0.999850488823204,0.17320508075688776
2026-08-31T22:18:32.173,125951421,P038,rhythm_normal,NORMAL,,,,326,5503317,111165,118192,111008.7,117725.74,156.3,466.26,163.24,303.13,False,False,nan,True,0.9369,79.34,97.37,True,0,NORMAL,1,0.95,0,745.5,50.6,50.5,0.26,20,84,129,30,60,0.999850488823204,0.17320508075688776
2026-08-31T22:18:32.318,125951562,P038,rhythm_normal,NORMAL,,,,327,5503357,111216,118313,111012.84,117737.48,203.16,575.52,266.31,302.39,False,False,nan,True,0.9369,79.34,97.37,True,0,NORMAL,1,0.95,0,745.5,50.6,50.5,0.26,20,84,129,30,60,0.999850488823204,0.17320508075688776
2026-08-31T22:18:32.329,125951578,P038,rhythm_normal,NORMAL,,,,328,5503397,111276,118427,111018.11,117751.27,257.89,675.73,368.66,303.71,False,False,nan,True,0.9369,79.34,97.37,True,0,NORMAL,1,0.95,0,745.5,50.6,50.5,0.26,20,84,129,30,60,0.999850488823204,0.17320508075688776
2026-08-31T22:18:32.338,125951593,P038,rhythm_normal,NORMAL,,,,329,5503437,111293,118457,111023.61,117765.39,269.39,691.61,449.4,306.63,False,False,nan,True,0.9369,79.34,97.37,True,0,NORMAL,1,0.95,0,745.5,50.6,50.5,0.26,20,84,129,30,60,0.999850488823204,0.17320508075688776
2026-08-31T22:18:32.349,125951593,P038,rhythm_normal,NORMAL,,,,330,5503477,111028,117960,111023.7,117769.28,4.3,190.72,384.73,308.19,True,True,720.0,True,0.9462,80.94,97.37,True,0,NORMAL,1,0.95,0,745.5,50.6,50.5,0.26,20,84,129,30,60,0.999850488823204,0.17320508075688776
2026-08-31T22:18:32.371,125951625,P038,rhythm_normal,NORMAL,,,,331,5503517,110523,116910,111013.68,117752.09,-490.68,-842.09,78.02,303.59,False,False,nan,True,0.9462,80.94,97.37,True,0,NORMAL,1,0.95,0,745.5,50.6,50.5,0.26,20,84,129,30,60,0.999850488823204,0.17320508075688776
2026-08-31T22:18:32.518,125951765,P038,rhythm_normal,NORMAL,,,,332,5503557,110413,116673,111001.66,117730.52,-588.66,-1057.52,-205.86,301.63,False,False,nan,True,0.9462,80.94,97.37,True,0,NORMAL,1,0.95,0,745.5,50.6,50.5,0.26,20,84,129,30,60,0.999850488823204,0.17320508075688776
2026-08-31T22:18:32.529,125951781,P038,rhythm_normal,NORMAL,,,,333,5503597,110519,116864,110992.01,117713.19,-473.01,-849.19,-366.69,302.93,False,False,nan,True,0.9462,80.94,97.37,True,0,NORMAL,1,0.95,0,745.5,50.6,50.5,0.26,20,84,129,30,60,0.999850488823204,0.17320508075688776
2026-08-31T22:18:32.539,125951796,P038,rhythm_normal,NORMAL,,,,334,5503637,110631,117108,110984.79,117701.09,-353.79,-593.09,-423.29,305.34,False,False,nan,True,0.9462,80.94,97.37,True,0,NORMAL,1,0.95,0,745.5,50.6,50.5,0.26,20,84,129,30,60,0.999850488823204,0.17320508075688776
2026-08-31T22:18:32.548,125951796,P038,rhythm_normal,NORMAL,,,,335,5503677,110725,117313,110979.59,117693.33,-254.59,-380.33,-412.55,307.48,False,False,nan,True,0.9462,80.94,97.37,True,0,NORMAL,1,0.95,0,745.5,50.6,50.5,0.26,20,84,129,30,60,0.999850488823204,0.17320508075688776
2026-08-31T22:18:32.571,125951828,P038,rhythm_normal,NORMAL,,,,336,5503717,110804,117491,110976.08,117689.28,-172.08,-198.28,-358.98,308.51,False,False,nan,True,0.9462,80.94,97.37,True,0,NORMAL,1,0.95,0,745.5,50.6,50.5,0.26,20,84,129,30,60,0.999850488823204,0.17320508075688776
2026-08-31T22:18:32.717,125951968,P038,rhythm_normal,NORMAL,,,,337,5503757,110740,117343,110971.36,117682.36,-231.36,-339.36,-354.08,309.43,False,False,nan,True,0.9462,80.94,97.37,True,0,NORMAL,1,0.95,0,745.5,50.6,50.5,0.26,20,84,129,30,60,0.9989604596779594,0.17320508075688776
2026-08-31T22:18:32.729,125951984,P038,rhythm_normal,NORMAL,,,,338,5503797,110671,117182,110965.35,117672.35,-294.35,-490.35,-388.15,311.0,False,False,nan,True,0.9462,80.94,97.37,True,0,NORMAL,1,0.95,0,745.5,50.6,50.5,0.26,20,84,129,30,60,0.9989604596779594,0.17320508075688776
2026-08-31T22:18:32.739,125951984,P038,rhythm_normal,NORMAL,,,,339,5503837,110688,117221,110959.8,117663.33,-271.8,-442.33,-401.69,312.81,False,False,nan,True,0.9462,80.94,97.37,True,0,NORMAL,1,0.95,0,745.5,50.6,50.5,0.26,20,84,129,30,60,0.9989604596779594,0.17320508075688776
2026-08-31T22:18:32.748,125952000,P038,rhythm_normal,NORMAL,,,,340,5503877,110781,117401,110956.23,117658.08,-175.23,-257.08,-365.54,313.87,False,False,nan,True,0.9462,80.94,97.37,True,0,NORMAL,1,0.95,0,745.5,50.6,50.5,0.26,20,84,129,30,60,0.9989604596779594,0.17320508075688776
2026-08-31T22:18:32.771,125952015,P038,rhythm_normal,NORMAL,,,,341,5503917,110858,117570,110954.27,117656.32,-96.27,-86.32,-295.73,313.51,False,False,nan,True,0.9462,80.94,97.37,True,0,NORMAL,1,0.95,0,745.5,50.6,50.5,0.26,20,84,129,30,60,0.9989604596779594,0.17320508075688776
2026-08-31T22:18:32.917,125952171,P038,rhythm_normal,NORMAL,,,,342,5503957,110914,117668,110953.46,117656.55,-39.46,11.45,-218.94,311.61,False,False,nan,True,0.9462,80.94,97.37,True,0,NORMAL,1,0.95,0,745.5,50.6,50.5,0.26,20,84,129,30,60,0.999850488823204,0.17320508075688776
2026-08-31T22:18:32.928,125952171,P038,rhythm_normal,NORMAL,,,,343,5503997,110946,117765,110953.31,117658.73,-7.31,106.27,-137.64,308.14,False,False,nan,True,0.9462,80.94,97.37,True,0,NORMAL,1,0.95,0,745.5,50.6,50.5,0.26,20,84,129,30,60,0.999850488823204,0.17320508075688776
2026-08-31T22:18:32.937,125952187,P038,rhythm_normal,NORMAL,,,,344,5504037,110981,117833,110953.87,117662.21,27.13,170.79,-60.53,303.18,False,False,nan,True,0.9462,80.94,97.37,True,0,NORMAL,1,0.95,0,745.5,50.6,50.5,0.26,20,84,129,30,60,0.999850488823204,0.17320508075688776
2026-08-31T22:18:32.946,125952203,P038,rhythm_normal,NORMAL,,,,345,5504077,111047,117976,110955.73,117668.48,91.27,307.52,31.48,297.75,False,False,nan,True,0.9462,80.94,97.37,True,0,NORMAL,1,0.95,0,745.5,50.6,50.5,0.26,20,84,129,30,60,0.999850488823204,0.17320508075688776
2026-08-31T22:18:32.971,125952218,P038,rhythm_normal,NORMAL,,,,346,5504117,111123,118156,110959.07,117678.23,163.93,477.77,143.05,294.65,False,False,nan,True,0.9462,80.94,97.37,True,0,NORMAL,1,0.95,0,745.5,50.6,50.5,0.26,20,84,129,30,60,0.999850488823204,0.17320508075688776
2026-08-31T22:18:33.118,125952375,P038,rhythm_normal,NORMAL,,,,347,5504157,111168,118261,110963.25,117689.89,204.75,571.11,250.07,293.76,False,False,nan,True,0.9462,80.94,97.37,True,0,NORMAL,1,0.95,0,745.5,50.6,50.5,0.26,20,84,129,30,60,0.9996724463543046,0.24494897427831783
2026-08-31T22:18:33.129,125952375,P038,rhythm_normal,NORMAL,,,,348,5504197,111012,117926,110964.23,117694.61,47.77,231.39,245.4,292.8,True,True,720.0,True,0.9519,82.05,97.37,True,0,NORMAL,1,0.95,0,745.5,50.6,50.5,0.26,20,84,129,30,60,0.9996724463543046,0.24494897427831783
2026-08-31T22:18:33.139,125952390,P038,rhythm_normal,NORMAL,,,,349,5504237,110527,116941,110955.48,117679.54,-428.48,-738.54,-0.59,286.95,False,False,nan,True,0.9519,82.05,97.37,True,0,NORMAL,1,0.95,0,745.5,50.6,50.5,0.26,20,84,129,30,60,0.9996724463543046,0.24494897427831783
2026-08-31T22:18:33.147,125952406,P038,rhythm_normal,NORMAL,,,,350,5504277,110363,116566,110943.63,117657.27,-580.63,-1091.27,-273.26,286.68,False,False,nan,True,0.9519,82.05,97.37,True,0,NORMAL,1,0.95,0,745.5,50.6,50.5,0.26,20,84,129,30,60,0.9996724463543046,0.24494897427831783
2026-08-31T22:18:33.171,125952421,P038,rhythm_normal,NORMAL,,,,351,5504317,110401,116628,110932.78,117636.68,-531.78,-1008.68,-457.11,290.09,False,False,nan,True,0.9519,82.05,97.37,True,0,NORMAL,1,0.95,0,745.5,50.6,50.5,0.26,20,84,129,30,60,0.9996724463543046,0.24494897427831783
2026-08-31T22:18:33.317,125952562,P038,rhythm_normal,NORMAL,,,,352,5504357,110476,116793,110923.65,117619.8,-447.65,-826.8,-549.54,295.28,False,False,nan,True,0.9519,82.05,97.37,True,0,NORMAL,1,0.95,0,745.5,50.6,50.5,0.26,20,84,129,30,60,0.999850488823204,0.17320508075688776
2026-08-31T22:18:33.328,125952578,P038,rhythm_normal,NORMAL,,,,353,5504397,110520,116909,110915.58,117605.59,-395.58,-696.59,-586.3,301.1,False,False,nan,True,0.9519,82.05,97.37,True,0,NORMAL,1,0.95,0,745.5,50.6,50.5,0.26,20,84,129,30,60,0.999850488823204,0.17320508075688776
2026-08-31T22:18:33.339,125952593,P038,rhythm_normal,NORMAL,,,,354,5504437,110611,117091,110909.48,117595.3,-298.48,-504.3,-565.8,306.39,False,False,nan,True,0.9519,82.05,97.37,True,0,NORMAL,1,0.95,0,745.5,50.6,50.5,0.26,20,84,129,30,60,0.999850488823204,0.17320508075688776
2026-08-31T22:18:33.348,125952593,P038,rhythm_normal,NORMAL,,,,355,5504477,110603,117096,110903.35,117585.31,-300.35,-489.31,-546.68,311.2,False,False,nan,True,0.9519,82.05,97.37,True,0,NORMAL,1,0.95,0,745.5,50.6,50.5,0.26,20,84,129,30,60,0.999850488823204,0.17320508075688776
2026-08-31T22:18:33.372,125952625,P038,rhythm_normal,NORMAL,,,,356,5504517,110537,116962,110896.02,117572.84,-359.02,-610.84,-562.72,316.23,False,False,nan,True,0.9519,82.05,97.37,True,0,NORMAL,1,0.95,0,745.5,50.6,50.5,0.26,20,84,129,30,60,0.999850488823204,0.17320508075688776
2026-08-31T22:18:33.516,125952765,P038,rhythm_normal,NORMAL,,,,357,5504557,110523,116934,110888.56,117560.07,-365.56,-626.07,-578.56,321.47,False,False,nan,True,0.9519,82.05,97.37,True,0,NORMAL,1,0.95,0,745.5,50.6,50.5,0.26,20,84,129,30,60,1.000070997479679,0.17320508075688776
2026-08-31T22:18:33.529,125952781,P038,rhythm_normal,NORMAL,,,,358,5504597,110588,117088,110882.55,117550.63,-294.55,-462.63,-549.58,326.03,False,False,nan,True,0.9519,82.05,97.37,True,0,NORMAL,1,0.95,0,745.5,50.6,50.5,0.26,20,84,129,30,60,1.000070997479679,0.17320508075688776
2026-08-31T22:18:33.539,125952796,P038,rhythm_normal,NORMAL,,,,359,5504637,110681,117273,110878.52,117545.08,-197.52,-272.08,-480.2,329.12,False,False,nan,True,0.9519,82.05,97.37,True,0,NORMAL,1,0.95,0,745.5,50.6,50.5,0.26,20,84,129,30,60,1.000070997479679,0.17320508075688776
2026-08-31T22:18:33.548,125952796,P038,rhythm_normal,NORMAL,,,,360,5504677,110747,117429,110875.89,117542.76,-128.89,-113.76,-388.59,330.31,False,False,nan,True,0.9519,82.05,97.37,True,0,NORMAL,1,0.95,0,745.5,50.6,50.5,0.26,20,84,129,30,60,1.000070997479679,0.17320508075688776
2026-08-31T22:18:33.571,125952828,P038,rhythm_normal,NORMAL,,,,361,5504717,110811,117556,110874.59,117543.02,-63.59,12.98,-288.2,329.47,False,False,nan,True,0.9519,82.05,97.37,True,0,NORMAL,1,0.95,0,745.5,50.6,50.5,0.26,20,84,129,30,60,1.000070997479679,0.17320508075688776
2026-08-31T22:18:33.718,125952968,P038,rhythm_normal,NORMAL,,,,362,5504757,110856,117650,110874.22,117545.16,-18.22,104.84,-189.94,326.67,False,False,nan,True,0.9519,82.05,97.37,True,0,NORMAL,1,0.95,0,745.5,50.6,50.5,0.26,20,84,129,30,60,1.000070997479679,0.17320508075688776
2026-08-31T22:18:33.728,125952984,P038,rhythm_normal,NORMAL,,,,363,5504797,110889,117713,110874.52,117548.52,14.48,164.48,-101.34,322.17,False,False,nan,True,0.9519,82.05,97.37,True,0,NORMAL,1,0.95,0,745.5,50.6,50.5,0.26,20,84,129,30,60,1.000070997479679,0.17320508075688776
2026-08-31T22:18:33.738,125952984,P038,rhythm_normal,NORMAL,,,,364,5504837,110916,117785,110875.34,117553.25,40.66,231.75,-18.06,316.09,False,False,nan,True,0.9519,82.05,97.37,True,0,NORMAL,1,0.95,0,745.5,50.6,50.5,0.26,20,84,129,30,60,1.000070997479679,0.17320508075688776
2026-08-31T22:18:33.746,125953000,P038,rhythm_normal,NORMAL,,,,365,5504877,110981,117898,110877.45,117560.15,103.55,337.85,70.91,311.18,False,False,nan,True,0.9519,82.05,97.37,True,0,NORMAL,1,0.95,0,745.5,50.6,50.5,0.26,20,84,129,30,60,1.000070997479679,0.17320508075688776
2026-08-31T22:18:33.772,125953015,P038,rhythm_normal,NORMAL,,,,366,5504917,111023,117986,110880.37,117568.66,142.63,417.34,157.52,308.11,False,False,nan,True,0.9519,82.05,97.37,True,0,NORMAL,1,0.95,0,745.5,50.6,50.5,0.26,20,84,129,30,60,1.000070997479679,0.17320508075688776
2026-08-31T22:18:33.917,125953171,P038,rhythm_normal,NORMAL,,,,367,5504957,110984,117887,110882.44,117575.03,101.56,311.97,196.13,305.87,False,False,nan,True,0.9519,82.05,97.37,True,0,NORMAL,1,0.95,0,745.5,50.6,50.5,0.26,20,84,129,30,60,1.000070997479679,0.24494897427831783
2026-08-31T22:18:33.929,125953187,P038,rhythm_normal,NORMAL,,,,368,5504997,110591,117080,110876.61,117565.13,-285.61,-485.13,25.82,300.27,True,True,800.0,True,0.946,81.49,97.37,True,0,NORMAL,1,0.95,0,745.5,50.6,50.5,0.26,20,84,129,30,60,1.000070997479679,0.24494897427831783
2026-08-31T22:18:33.940,125953187,P038,rhythm_normal,NORMAL,,,,369,5505037,110323,116497,110865.54,117543.77,-542.54,-1046.77,-242.33,299.11,False,False,nan,True,0.946,81.49,97.37,True,0,NORMAL,1,0.95,0,745.5,50.6,50.5,0.26,20,84,129,30,60,1.000070997479679,0.24494897427831783
2026-08-31T22:18:33.948,125953203,P038,rhythm_normal,NORMAL,,,,370,5505077,110295,116442,110854.12,117521.73,-559.12,-1079.73,-451.68,302.16,False,False,nan,True,0.946,81.49,97.37,True,0,NORMAL,1,0.95,0,745.5,50.6,50.5,0.26,20,84,129,30,60,1.000070997479679,0.24494897427831783
2026-08-31T22:18:33.972,125953218,P038,rhythm_normal,NORMAL,,,,371,5505117,110382,116623,110844.68,117503.76,-462.68,-880.76,-558.95,307.3,False,False,nan,True,0.946,81.49,97.37,True,0,NORMAL,1,0.95,0,745.5,50.6,50.5,0.26,20,84,129,30,60,1.000070997479679,0.24494897427831783
2026-08-31T22:18:34.117,125953375,P038,rhythm_normal,NORMAL,,,,372,5505157,110430,116720,110836.38,117488.09,-406.38,-768.09,-611.23,313.38,False,False,nan,True,0.946,81.49,97.37,True,0,NORMAL,1,0.95,0,745.5,50.6,50.5,0.26,20,84,129,30,60,0.999850488823204,0.17320508075688776
2026-08-31T22:18:34.128,125953375,P038,rhythm_normal,NORMAL,,,,373,5505197,110482,116835,110829.3,117475.02,-347.3,-640.02,-618.43,319.48,False,False,nan,True,0.946,81.49,97.37,True,0,NORMAL,1,0.95,0,745.5,50.6,50.5,0.26,20,84,129,30,60,0.999850488823204,0.17320508075688776
2026-08-31T22:18:34.139,125953390,P038,rhythm_normal,NORMAL,,,,374,5505237,110512,116889,110822.95,117463.3,-310.95,-574.3,-607.4,325.24,False,False,nan,True,0.946,81.49,97.37,True,0,NORMAL,1,0.95,0,745.5,50.6,50.5,0.26,20,84,129,30,60,0.999850488823204,0.17320508075688776
2026-08-31T22:18:34.147,125953406,P038,rhythm_normal,NORMAL,,,,375,5505277,110456,116790,110815.62,117449.84,-359.62,-659.84,-620.51,331.14,False,False,nan,True,0.946,81.49,97.37,True,0,NORMAL,1,0.95,0,745.5,50.6,50.5,0.26,20,84,129,30,60,0.999850488823204,0.17320508075688776
2026-08-31T22:18:34.171,125953421,P038,rhythm_normal,NORMAL,,,,376,5505317,110427,116724,110807.84,117435.32,-380.84,-711.32,-643.21,337.38,False,False,nan,True,0.946,81.49,97.37,True,0,NORMAL,1,0.95,0,745.5,50.6,50.5,0.26,20,84,129,30,60,0.999850488823204,0.17320508075688776
2026-08-31T22:18:34.319,125953562,P038,rhythm_normal,NORMAL,,,,377,5505357,110476,116815,110801.2,117422.91,-325.2,-607.91,-634.39,343.32,False,False,nan,True,0.946,81.49,97.37,True,0,NORMAL,1,0.95,0,745.5,50.6,50.5,0.26,20,84,129,30,60,0.999850488823204,0.17320508075688776
2026-08-31T22:18:34.330,125953578,P038,rhythm_normal,NORMAL,,,,378,5505397,110560,117003,110796.38,117414.52,-236.38,-411.52,-578.67,348.03,False,False,nan,True,0.946,81.49,97.37,True,0,NORMAL,1,0.95,0,745.5,50.6,50.5,0.26,20,84,129,30,60,0.999850488823204,0.17320508075688776
2026-08-31T22:18:34.339,125953593,P038,rhythm_normal,NORMAL,,,,379,5505437,110630,117139,110793.05,117409.01,-163.05,-270.01,-501.5,351.1,False,False,nan,True,0.946,81.49,97.37,True,0,NORMAL,1,0.95,0,745.5,50.6,50.5,0.26,20,84,129,30,60,0.999850488823204,0.17320508075688776
2026-08-31T22:18:34.348,125953593,P038,rhythm_normal,NORMAL,,,,380,5505477,110689,117270,110790.98,117406.23,-101.98,-136.23,-410.18,352.28,False,False,nan,True,0.946,81.49,97.37,True,0,NORMAL,1,0.95,0,745.5,50.6,50.5,0.26,20,84,129,30,60,0.999850488823204,0.17320508075688776
2026-08-31T22:18:34.370,125953625,P038,rhythm_normal,NORMAL,,,,381,5505517,110739,117380,110789.94,117405.7,-50.94,-25.7,-314.06,351.52,False,False,nan,True,0.946,81.49,97.37,True,0,NORMAL,1,0.95,0,745.5,50.6,50.5,0.26,20,84,129,30,60,0.999850488823204,0.17320508075688776
2026-08-31T22:18:34.518,125953765,P038,rhythm_normal,NORMAL,,,,382,5505557,110776,117461,110789.66,117406.81,-13.66,54.19,-222.0,348.93,False,False,nan,True,0.946,81.49,97.37,True,0,NORMAL,1,0.95,0,745.5,50.6,50.5,0.26,20,84,129,30,60,0.999850488823204,0.17320508075688776
2026-08-31T22:18:34.528,125953781,P038,rhythm_normal,NORMAL,,,,383,5505597,110800,117527,110789.86,117409.22,10.14,117.78,-137.06,344.69,False,False,nan,True,0.946,81.49,97.37,True,0,NORMAL,1,0.95,0,745.5,50.6,50.5,0.26,20,84,129,30,60,0.999850488823204,0.17320508075688776
2026-08-31T22:18:34.538,125953796,P038,rhythm_normal,NORMAL,,,,384,5505637,110850,117602,110791.06,117413.08,58.94,188.92,-55.56,338.91,False,False,nan,True,0.946,81.49,97.37,True,0,NORMAL,1,0.95,0,745.5,50.6,50.5,0.26,20,84,129,30,60,0.999850488823204,0.17320508075688776
2026-08-31T22:18:34.546,125953796,P038,rhythm_normal,NORMAL,,,,385,5505677,110908,117746,110793.4,117419.73,114.6,326.27,39.9,332.93,False,False,nan,True,0.946,81.49,97.37,True,0,NORMAL,1,0.95,0,745.5,50.6,50.5,0.26,20,84,129,30,60,0.999850488823204,0.17320508075688776
2026-08-31T22:18:34.572,125953828,P038,rhythm_normal,NORMAL,,,,386,5505717,110962,117843,110796.77,117428.2,165.23,414.8,133.62,328.94,False,False,nan,True,0.946,81.49,97.37,True,0,NORMAL,1,0.95,0,745.5,50.6,50.5,0.26,20,84,129,30,60,0.999850488823204,0.17320508075688776
2026-08-31T22:18:34.716,125953968,P038,rhythm_normal,NORMAL,,,,387,5505767,110971,117855,110800.26,117436.74,170.74,418.26,204.78,326.46,False,False,nan,True,0.946,81.49,97.37,True,0,NORMAL,1,0.95,0,745.5,50.6,50.5,0.26,20,84,129,30,60,0.999850488823204,0.17320508075688776
2026-08-31T22:18:34.728,125953984,P038,rhythm_normal,NORMAL,,,,388,5505797,110614,117112,110796.53,117430.25,-182.53,-318.25,74.02,321.41,True,True,810.0,True,0.946,81.49,97.37,True,0,NORMAL,1,0.95,0,745.5,50.6,50.5,0.26,20,84,129,30,60,0.999850488823204,0.17320508075688776
2026-08-31T22:18:34.739,125953984,P038,rhythm_normal,NORMAL,,,,389,5505837,110313,116460,110786.86,117410.84,-473.86,-950.84,-182.19,318.62,False,False,nan,True,0.946,81.49,97.37,True,0,NORMAL,1,0.95,0,745.5,50.6,50.5,0.26,20,84,129,30,60,0.999850488823204,0.17320508075688776
2026-08-31T22:18:34.747,125954000,P038,rhythm_normal,NORMAL,,,,390,5505877,110267,116375,110776.46,117390.12,-509.46,-1015.12,-390.43,320.06,False,False,nan,True,0.946,81.49,97.37,True,0,NORMAL,1,0.95,0,745.5,50.6,50.5,0.26,20,84,129,30,60,0.999850488823204,0.17320508075688776
2026-08-31T22:18:34.772,125954015,P038,rhythm_normal,NORMAL,,,,391,5505917,110352,116524,110767.97,117372.8,-415.97,-848.8,-505.02,323.76,False,False,nan,True,0.946,81.49,97.37,True,0,NORMAL,1,0.95,0,745.5,50.6,50.5,0.26,20,84,129,30,60,0.999850488823204,0.17320508075688776
2026-08-31T22:18:34.918,125954171,P038,rhythm_normal,NORMAL,,,,392,5505967,110404,116622,110760.69,117357.79,-356.69,-735.79,-562.71,328.54,False,False,nan,True,0.946,81.49,97.37,True,0,NORMAL,1,0.95,0,745.5,50.6,50.5,0.26,20,84,129,30,60,1.000070997479679,0.17320508075688776
2026-08-31T22:18:34.928,125954171,P038,rhythm_normal,NORMAL,,,,393,5506007,110459,116696,110754.66,117344.55,-295.66,-648.55,-584.17,333.65,False,False,nan,True,0.946,81.49,97.37,True,0,NORMAL,1,0.95,0,745.5,50.6,50.5,0.26,20,84,129,30,60,1.000070997479679,0.17320508075688776
2026-08-31T22:18:34.939,125954187,P038,rhythm_normal,NORMAL,,,,394,5506047,110494,116803,110749.45,117333.73,-255.45,-530.73,-570.81,338.39,False,False,nan,True,0.946,81.49,97.37,True,0,NORMAL,1,0.95,0,745.5,50.6,50.5,0.26,20,84,129,30,60,1.000070997479679,0.17320508075688776
2026-08-31T22:18:34.948,125954203,P038,rhythm_normal,NORMAL,,,,395,5506087,110435,116610,110743.16,117319.25,-308.16,-709.25,-605.42,343.73,False,False,nan,True,0.946,81.49,97.37,True,0,NORMAL,1,0.95,0,745.5,50.6,50.5,0.26,20,84,129,30,60,1.000070997479679,0.17320508075688776
2026-08-31T22:18:34.981,125954234,P038,rhythm_normal,NORMAL,,,,396,5506127,110411,116554,110736.52,117303.95,-325.52,-749.95,-641.55,349.69,False,False,nan,True,0.946,81.49,97.37,True,0,NORMAL,1,0.95,0,745.5,50.6,50.5,0.26,20,84,129,30,60,1.000070997479679,0.17320508075688776
2026-08-31T22:18:35.117,125954375,P038,rhythm_normal,NORMAL,,,,397,5506167,110461,116710,110731.01,117292.07,-270.01,-582.07,-626.68,355.23,False,False,nan,True,0.946,81.49,97.37,True,0,NORMAL,1,0.95,0,745.5,50.6,50.5,0.26,20,84,129,30,60,0.9989604596779594,0.17320508075688776
2026-08-31T22:18:35.129,125954375,P038,rhythm_normal,NORMAL,,,,398,5506207,110537,116862,110727.12,117283.47,-190.12,-421.47,-575.38,359.63,False,False,nan,True,0.946,81.49,97.37,True,0,NORMAL,1,0.95,0,745.5,50.6,50.5,0.26,20,84,129,30,60,0.9989604596779594,0.17320508075688776
2026-08-31T22:18:35.140,125954390,P038,rhythm_normal,NORMAL,,,,399,5506247,110615,117049,110724.88,117278.78,-109.88,-229.78,-488.98,362.22,False,False,nan,True,0.946,81.49,97.37,True,0,NORMAL,1,0.95,0,745.5,50.6,50.5,0.26,20,84,129,30,60,0.9989604596779594,0.17320508075688776
2026-08-31T22:18:35.149,125954406,P038,rhythm_normal,NORMAL,,,,400,5506287,110702,117139,110724.42,117275.98,-22.42,-136.98,-400.98,363.0,False,False,nan,True,0.946,81.49,97.37,True,0,NORMAL,1,0.95,0,745.5,50.6,50.5,0.26,20,84,129,30,60,0.9989604596779594,0.17320508075688776
2026-08-31T22:18:35.183,125954437,P038,rhythm_normal,NORMAL,,,,401,5506327,110752,117344,110724.98,117277.34,27.02,66.66,-284.07,361.42,False,False,nan,True,0.946,81.49,97.37,True,0,NORMAL,1,0.95,0,745.5,50.6,50.5,0.26,20,84,129,30,60,0.9989604596779594,0.17320508075688776
2026-08-31T22:18:35.317,125954562,P038,rhythm_normal,NORMAL,,,,402,5506367,110813,117419,110726.73,117280.18,86.27,138.82,-178.35,357.76,False,False,nan,True,0.946,81.49,97.37,True,0,NORMAL,1,0.95,0,745.5,50.6,50.5,0.26,20,84,129,30,60,0.999850488823204,0.17320508075688776
2026-08-31T22:18:35.330,125954578,P038,rhythm_normal,NORMAL,,,,403,5506407,110887,117615,110729.94,117286.88,157.06,328.12,-51.73,351.64,False,False,nan,True,0.946,81.49,97.37,True,0,NORMAL,1,0.95,0,745.5,50.6,50.5,0.26,20,84,129,30,60,0.999850488823204,0.17320508075688776
2026-08-31T22:18:35.340,125954593,P038,rhythm_normal,NORMAL,,,,404,5506447,110933,117662,110734.0,117294.38,199.0,367.62,53.11,345.66,False,False,nan,True,0.946,81.49,97.37,True,0,NORMAL,1,0.95,0,745.5,50.6,50.5,0.26,20,84,129,30,60,0.999850488823204,0.17320508075688776
2026-08-31T22:18:35.349,125954593,P038,rhythm_normal,NORMAL,,,,405,5506487,110992,117789,110739.16,117304.27,252.84,484.73,161.02,341.97,False,False,nan,True,0.946,81.49,96.95,True,0,NORMAL,1,0.95,0,745.5,50.6,50.5,0.26,20,84,129,30,60,0.999850488823204,0.17320508075688776
2026-08-31T22:18:35.382,125954640,P038,rhythm_normal,NORMAL,,,,406,5506527,111058,117954,110745.53,117317.26,312.47,636.74,279.95,340.73,False,False,nan,True,0.946,81.49,96.95,True,0,NORMAL,1,0.95,0,745.5,50.6,50.5,0.26,20,84,129,30,60,0.999850488823204,0.17320508075688776
2026-08-31T22:18:35.518,125954765,P038,rhythm_normal,NORMAL,,,,407,5506567,110926,117756,110749.14,117326.03,176.86,429.97,317.45,340.27,False,False,nan,True,0.946,81.49,96.95,True,0,NORMAL,1,0.96,0,757.4,49.5,46.5,0.22,19,83,130,30,60,0.9989604596779594,0.24494897427831783
2026-08-31T22:18:35.529,125954781,P038,rhythm_normal,NORMAL,,,,408,5506607,110460,116822,110743.36,117315.95,-283.36,-493.95,114.6,335.75,True,True,800.0,True,0.9415,80.94,96.95,True,0,NORMAL,1,0.96,0,757.4,49.5,46.5,0.22,19,83,130,30,60,0.9989604596779594,0.24494897427831783
2026-08-31T22:18:35.541,125954796,P038,rhythm_normal,NORMAL,,,,409,5506647,110282,116393,110734.13,117297.49,-452.13,-904.49,-140.17,331.84,False,False,nan,True,0.9415,80.94,96.95,True,0,NORMAL,1,0.96,0,757.4,49.5,46.5,0.22,19,83,130,30,60,0.9989604596779594,0.24494897427831783
2026-08-31T22:18:35.550,125954796,P038,rhythm_normal,NORMAL,,,,410,5506687,110246,116496,110724.37,117281.46,-478.37,-785.46,-301.49,331.23,False,False,nan,True,0.9415,80.94,96.95,True,0,NORMAL,1,0.96,0,757.4,49.5,46.5,0.22,19,83,130,30,60,0.9989604596779594,0.24494897427831783
2026-08-31T22:18:35.582,125954828,P038,rhythm_normal,NORMAL,,,,411,5506727,110416,116762,110718.2,117271.07,-302.2,-509.07,-353.39,331.68,False,False,nan,True,0.9415,80.94,96.95,True,0,NORMAL,1,0.96,0,757.4,49.5,46.5,0.22,19,83,130,30,60,0.9989604596779594,0.24494897427831783
2026-08-31T22:18:35.716,125954968,P038,rhythm_normal,NORMAL,,,,412,5506767,110543,117044,110714.7,117266.53,-171.7,-222.53,-320.67,331.46,False,False,nan,True,0.9415,80.94,96.95,True,0,NORMAL,1,0.96,0,757.4,49.5,46.5,0.22,19,83,130,30,60,0.999850488823204,0.17320508075688776
2026-08-31T22:18:35.728,125954984,P038,rhythm_normal,NORMAL,,,,413,5506807,110615,117146,110712.7,117264.12,-97.7,-118.12,-270.03,330.23,False,False,nan,True,0.9415,80.94,96.95,True,0,NORMAL,1,0.96,0,757.4,49.5,46.5,0.22,19,83,130,30,60,0.999850488823204,0.17320508075688776
2026-08-31T22:18:35.739,125954984,P038,rhythm_normal,NORMAL,,,,414,5506847,110592,117155,110710.29,117261.94,-118.29,-106.94,-229.26,328.21,False,False,nan,True,0.9415,80.94,96.95,True,0,NORMAL,1,0.96,0,757.4,49.5,46.5,0.22,19,83,130,30,60,0.999850488823204,0.17320508075688776
2026-08-31T22:18:35.748,125955000,P038,rhythm_normal,NORMAL,,,,415,5506887,110531,117048,110706.7,117257.66,-175.7,-209.66,-224.36,326.13,False,False,nan,True,0.9415,80.94,96.95,True,0,NORMAL,1,0.96,0,757.4,49.5,46.5,0.22,19,83,130,30,60,0.999850488823204,0.17320508075688776
2026-08-31T22:18:35.782,125955031,P038,rhythm_normal,NORMAL,,,,416,5506927,110480,116972,110702.17,117251.95,-222.17,-279.95,-238.26,324.37,False,False,nan,True,0.9415,80.94,96.95,True,0,NORMAL,1,0.96,0,757.4,49.5,46.5,0.22,19,83,130,30,60,0.999850488823204,0.17320508075688776
2026-08-31T22:18:35.916,125955171,P038,rhythm_normal,NORMAL,,,,417,5506967,110601,117165,110700.15,117250.2,-99.15,-85.2,-199.99,321.89,False,False,nan,True,0.9415,80.94,96.95,True,0,NORMAL,1,0.96,0,757.4,49.5,46.5,0.22,19,83,130,30,60,0.999850488823204,0.17320508075688776
2026-08-31T22:18:35.928,125955171,P038,rhythm_normal,NORMAL,,,,418,5507007,110722,117346,110700.59,117252.12,21.41,93.88,-126.52,317.98,False,False,nan,True,0.9415,80.94,96.95,True,0,NORMAL,1,0.96,0,757.4,49.5,46.5,0.22,19,83,130,30,60,0.999850488823204,0.17320508075688776
2026-08-31T22:18:35.938,125955187,P038,rhythm_normal,NORMAL,,,,419,5507047,110775,117506,110702.07,117257.2,72.93,248.8,-32.69,312.27,False,False,nan,True,0.9415,80.94,96.95,True,0,NORMAL,1,0.96,0,757.4,49.5,46.5,0.22,19,83,130,30,60,0.999850488823204,0.17320508075688776
2026-08-31T22:18:35.946,125955203,P038,rhythm_normal,NORMAL,,,,420,5507087,110830,117588,110704.62,117263.81,125.38,324.19,56.53,307.16,False,False,nan,True,0.9415,80.94,96.95,True,0,NORMAL,1,0.96,0,757.4,49.5,46.5,0.22,19,83,130,30,60,0.999850488823204,0.17320508075688776
2026-08-31T22:18:35.981,125955234,P038,rhythm_normal,NORMAL,,,,421,5507127,110862,117685,110707.77,117272.23,154.23,412.77,145.59,303.93,False,False,nan,True,0.9415,80.94,96.95,True,0,NORMAL,1,0.96,0,757.4,49.5,46.5,0.22,19,83,130,30,60,0.999850488823204,0.17320508075688776
2026-08-31T22:18:36.119,125955375,P038,rhythm_normal,NORMAL,,,,422,5507167,110918,117787,110711.98,117282.53,206.02,504.47,235.31,302.56,False,False,nan,True,0.9415,80.94,96.95,True,0,NORMAL,1,0.96,0,757.4,49.5,46.5,0.22,19,83,130,30,60,0.9989604596779594,0.17320508075688776
2026-08-31T22:18:36.128,125955375,P038,rhythm_normal,NORMAL,,,,423,5507207,110997,117932,110717.68,117295.52,279.32,636.48,335.6,303.22,False,False,nan,True,0.9415,80.94,96.95,True,0,NORMAL,1,0.96,0,757.4,49.5,46.5,0.22,19,83,130,30,60,0.9989604596779594,0.17320508075688776
2026-08-31T22:18:36.138,125955390,P038,rhythm_normal,NORMAL,,,,424,5507247,111049,118020,110724.3,117310.02,324.7,709.98,429.2,305.74,False,False,nan,True,0.9415,80.94,96.95,True,0,NORMAL,1,0.96,0,757.4,49.5,46.5,0.22,19,83,130,30,60,0.9989604596779594,0.17320508075688776
2026-08-31T22:18:36.146,125955390,P038,rhythm_normal,NORMAL,,,,425,5507287,110997,118025,110729.76,117324.31,267.24,700.69,497.07,309.56,False,False,nan,True,0.9415,80.94,96.95,True,0,NORMAL,1,0.96,0,757.4,49.5,46.5,0.22,19,83,130,30,60,0.9989604596779594,0.17320508075688776
2026-08-31T22:18:36.181,125955437,P038,rhythm_normal,NORMAL,,,,426,5507327,110659,117248,110728.34,117322.79,-69.34,-74.79,354.1,310.45,True,True,720.0,True,0.9471,80.4,96.95,True,0,NORMAL,1,0.96,0,757.4,49.5,46.5,0.22,19,83,130,30,60,0.9989604596779594,0.17320508075688776
2026-08-31T22:18:36.317,125955562,P038,rhythm_normal,NORMAL,,,,427,5507367,110382,116646,110721.41,117309.25,-339.41,-663.25,99.77,306.24,False,False,nan,True,0.9471,80.4,96.95,True,0,NORMAL,1,0.96,0,757.4,49.5,46.5,0.22,19,83,130,30,60,0.999850488823204,0.17320508075688776
2026-08-31T22:18:36.328,125955578,P038,rhythm_normal,NORMAL,,,,428,5507407,110315,116568,110713.29,117294.42,-398.29,-726.42,-106.78,302.25,False,False,nan,True,0.9471,80.4,96.95,True,0,NORMAL,1,0.96,0,757.4,49.5,46.5,0.22,19,83,130,30,60,0.999850488823204,0.17320508075688776
2026-08-31T22:18:36.339,125955593,P038,rhythm_normal,NORMAL,,,,429,5507447,110436,116773,110707.74,117283.99,-271.74,-510.99,-207.83,300.36,False,False,nan,True,0.9471,80.4,96.95,True,0,NORMAL,1,0.96,0,757.4,49.5,46.5,0.22,19,83,130,30,60,0.999850488823204,0.17320508075688776
2026-08-31T22:18:36.348,125955593,P038,rhythm_normal,NORMAL,,,,430,5507487,110558,116904,110704.75,117276.39,-146.75,-372.39,-248.97,299.33,False,False,nan,True,0.9471,80.4,96.95,True,0,NORMAL,1,0.96,0,757.4,49.5,46.5,0.22,19,83,130,30,60,0.999850488823204,0.17320508075688776
2026-08-31T22:18:36.382,125955625,P038,rhythm_normal,NORMAL,,,,431,5507527,110598,117100,110702.62,117272.86,-104.62,-172.86,-229.94,297.95,False,False,nan,True,0.9471,80.4,96.95,True,0,NORMAL,1,0.96,0,757.4,49.5,46.5,0.22,19,83,130,30,60,0.999850488823204,0.17320508075688776
2026-08-31T22:18:36.516,125955765,P038,rhythm_normal,NORMAL,,,,432,5507567,110662,117203,110701.8,117271.46,-39.8,-68.46,-189.57,295.78,False,False,nan,True,0.9471,80.4,96.95,True,0,NORMAL,1,0.96,0,757.4,49.5,46.5,0.22,19,83,130,30,60,1.000070997479679,0.17320508075688776
2026-08-31T22:18:36.528,125955781,P038,rhythm_normal,NORMAL,,,,433,5507607,110582,117089,110699.41,117267.81,-117.41,-178.81,-186.88,293.6,False,False,nan,True,0.9471,80.4,96.95,True,0,NORMAL,1,0.96,0,757.4,49.5,46.5,0.22,19,83,130,30,60,1.000070997479679,0.17320508075688776
2026-08-31T22:18:36.540,125955796,P038,rhythm_normal,NORMAL,,,,434,5507647,110610,117061,110697.62,117263.68,-87.62,-202.68,-190.83,291.55,False,False,nan,True,0.9471,80.4,96.95,True,0,NORMAL,1,0.96,0,757.4,49.5,46.5,0.22,19,83,130,30,60,1.000070997479679,0.17320508075688776
2026-08-31T22:18:36.549,125955796,P038,rhythm_normal,NORMAL,,,,435,5507687,110620,117201,110696.06,117262.43,-76.06,-61.43,-158.48,288.88,False,False,nan,True,0.9471,80.4,96.95,True,0,NORMAL,1,0.96,0,757.4,49.5,46.5,0.22,19,83,130,30,60,1.000070997479679,0.17320508075688776
2026-08-31T22:18:36.581,125955828,P038,rhythm_normal,NORMAL,,,,436,5507727,110749,117441,110697.12,117266.0,51.88,175.0,-75.11,284.61,False,False,nan,True,0.9471,80.4,96.95,True,0,NORMAL,1,0.96,0,757.4,49.5,46.5,0.22,19,83,130,30,60,1.000070997479679,0.17320508075688776
2026-08-31T22:18:36.716,125955968,P038,rhythm_normal,NORMAL,,,,437,5507767,110843,117666,110700.04,117274.0,142.96,392.0,41.67,279.75,False,False,nan,True,0.9471,80.4,96.95,True,0,NORMAL,1,0.96,0,757.4,49.5,46.5,0.22,19,83,130,30,60,0.9996724463543046,0.17320508075688776
2026-08-31T22:18:36.729,125955984,P038,rhythm_normal,NORMAL,,,,438,5507807,110966,117845,110705.36,117285.42,260.64,559.58,171.14,277.58,False,False,nan,True,0.9471,80.4,96.95,True,0,NORMAL,1,0.96,0,757.4,49.5,46.5,0.22,19,83,130,30,60,0.9996724463543046,0.17320508075688776
2026-08-31T22:18:36.740,125955984,P038,rhythm_normal,NORMAL,,,,439,5507847,111009,117987,110711.43,117299.45,297.57,687.55,300.25,278.03,False,False,nan,True,0.9471,80.4,96.95,True,0,NORMAL,1,0.96,0,757.4,49.5,46.5,0.22,19,83,130,30,60,0.9996724463543046,0.17320508075688776
2026-08-31T22:18:36.749,125956000,P038,rhythm_normal,NORMAL,,,,440,5507887,111058,118091,110718.36,117315.28,339.64,775.72,419.11,280.85,False,False,nan,True,0.9471,80.4,96.95,True,0,NORMAL,1,0.96,0,757.4,49.5,46.5,0.22,19,83,130,30,60,0.9996724463543046,0.17320508075688776
2026-08-31T22:18:36.781,125956031,P038,rhythm_normal,NORMAL,,,,441,5507927,111093,118214,110725.85,117333.26,367.15,880.74,534.52,285.93,False,False,nan,True,0.9471,80.4,96.95,True,0,NORMAL,1,0.96,0,757.4,49.5,46.5,0.22,19,83,130,30,60,0.9996724463543046,0.17320508075688776
2026-08-31T22:18:36.917,125956171,P038,rhythm_normal,NORMAL,,,,442,5507967,111175,118356,110734.84,117353.71,440.16,1002.29,651.46,293.24,False,False,nan,True,0.9471,80.4,96.95,True,0,NORMAL,1,0.96,0,757.4,49.5,46.5,0.22,19,83,130,30,60,0.999850488823204,0.24494897427831783
2026-08-31T22:18:36.929,125956187,P038,rhythm_normal,NORMAL,,,,443,5508007,111260,118522,110745.34,117377.08,514.66,1144.92,774.83,302.87,False,False,nan,True,0.9471,80.4,96.95,True,0,NORMAL,1,0.96,0,757.4,49.5,46.5,0.22,19,83,130,30,60,0.999850488823204,0.24494897427831783
2026-08-31T22:18:36.938,125956187,P038,rhythm_normal,NORMAL,,,,444,5508047,111242,118513,110755.27,117399.8,486.73,1113.2,859.42,314.0,False,False,nan,True,0.9471,80.4,96.95,True,0,NORMAL,1,0.96,0,757.4,49.5,46.5,0.22,19,83,130,30,60,0.999850488823204,0.24494897427831783
2026-08-31T22:18:36.947,125956203,P038,rhythm_normal,NORMAL,,,,445,5508087,110820,117584,110756.56,117403.48,63.44,180.52,689.69,321.51,True,True,760.0,True,0.9561,79.34,96.95,True,0,NORMAL,1,0.96,0,757.4,49.5,46.5,0.22,19,83,130,30,60,0.999850488823204,0.24494897427831783
2026-08-31T22:18:36.981,125956234,P038,rhythm_normal,NORMAL,,,,446,5508127,110465,116828,110750.73,117391.98,-285.73,-563.98,376.28,322.61,False,False,nan,True,0.9561,79.34,96.95,True,0,NORMAL,1,0.96,0,757.4,49.5,46.5,0.22,19,83,130,30,60,0.999850488823204,0.24494897427831783
2026-08-31T22:18:37.117,125956375,P038,rhythm_normal,NORMAL,,,,447,5508167,110433,116771,110744.38,117379.55,-311.38,-608.55,130.07,318.76,False,False,nan,True,0.9561,79.34,96.95,True,0,NORMAL,1,0.96,0,757.4,49.5,46.5,0.22,19,83,130,30,60,1.000070997479679,0.17320508075688776
2026-08-31T22:18:37.129,125956375,P038,rhythm_normal,NORMAL,,,,448,5508207,110538,117015,110740.26,117372.27,-202.26,-357.27,8.24,312.55,False,False,nan,True,0.9561,79.34,96.95,True,0,NORMAL,1,0.96,0,757.4,49.5,46.5,0.22,19,83,130,30,60,1.000070997479679,0.17320508075688776
2026-08-31T22:18:37.139,125956390,P038,rhythm_normal,NORMAL,,,,449,5508247,110627,117171,110737.99,117368.24,-110.99,-197.24,-43.13,307.16,False,False,nan,True,0.9561,79.34,96.95,True,0,NORMAL,1,0.96,0,757.4,49.5,46.5,0.22,19,83,130,30,60,1.000070997479679,0.17320508075688776
2026-08-31T22:18:37.148,125956406,P038,rhythm_normal,NORMAL,,,,450,5508287,110666,117296,110736.55,117366.8,-70.55,-70.8,-50.05,302.02,False,False,nan,True,0.9561,79.34,96.95,True,0,NORMAL,1,0.96,0,757.4,49.5,46.5,0.22,19,83,130,30,60,1.000070997479679,0.17320508075688776
2026-08-31T22:18:37.182,125956437,P038,rhythm_normal,NORMAL,,,,451,5508327,110730,117445,110736.42,117368.36,-6.42,76.64,-18.38,296.34,False,False,nan,True,0.9561,79.34,96.95,True,0,NORMAL,1,0.96,0,757.4,49.5,46.5,0.22,19,83,130,30,60,1.000070997479679,0.17320508075688776
2026-08-31T22:18:37.317,125956562,P038,rhythm_normal,NORMAL,,,,452,5508367,110686,117336,110735.41,117367.71,-49.41,-31.71,-21.71,290.85,False,False,nan,True,0.9561,79.34,96.95,True,0,NORMAL,1,0.96,0,757.4,49.5,46.5,0.22,19,83,130,30,60,0.9991811647544203,0.17320508075688776
2026-08-31T22:18:37.329,125956578,P038,rhythm_normal,NORMAL,,,,453,5508407,110638,117260,110733.47,117365.55,-95.47,-105.55,-42.67,285.89,False,False,nan,True,0.9561,79.34,96.95,True,0,NORMAL,1,0.96,0,757.4,49.5,46.5,0.22,19,83,130,30,60,0.9991811647544203,0.17320508075688776
2026-08-31T22:18:37.340,125956593,P038,rhythm_normal,NORMAL,,,,454,5508447,110694,117387,110732.68,117365.98,-38.68,21.02,-26.75,280.71,False,False,nan,True,0.9561,79.34,96.95,True,0,NORMAL,1,0.96,0,757.4,49.5,46.5,0.22,19,83,130,30,60,0.9991811647544203,0.17320508075688776
2026-08-31T22:18:37.349,125956593,P038,rhythm_normal,NORMAL,,,,455,5508487,110785,117571,110733.73,117370.09,51.27,200.91,30.17,275.69,False,False,nan,True,0.9561,79.34,96.95,True,0,NORMAL,1,0.96,0,757.4,49.5,46.5,0.22,19,83,130,30,60,0.9991811647544203,0.17320508075688776
2026-08-31T22:18:37.381,125956625,P038,rhythm_normal,NORMAL,,,,456,5508527,110849,117702,110736.03,117376.73,112.97,325.27,103.94,272.26,False,False,nan,True,0.9561,79.34,96.95,True,0,NORMAL,1,0.96,0,757.4,49.5,46.5,0.22,19,83,130,30,60,0.9991811647544203,0.17320508075688776
2026-08-31T22:18:37.518,125956765,P038,rhythm_normal,NORMAL,,,,457,5508567,110906,117819,110739.43,117385.57,166.57,433.43,186.31,270.54,False,False,nan,True,0.9561,79.34,96.95,True,0,NORMAL,1,0.96,0,757.4,49.5,46.5,0.22,19,83,130,30,60,1.000070997479679,0.17320508075688776
2026-08-31T22:18:37.529,125956781,P038,rhythm_normal,NORMAL,,,,458,5508607,110963,117940,110743.9,117396.66,219.1,543.34,275.57,270.64,False,False,nan,True,0.9561,79.34,96.95,True,0,NORMAL,1,0.96,0,757.4,49.5,46.5,0.22,19,83,130,30,60,1.000070997479679,0.17320508075688776
2026-08-31T22:18:37.539,125956796,P038,rhythm_normal,NORMAL,,,,459,5508647,111014,118039,110749.3,117409.5,264.7,629.5,364.05,272.51,False,False,nan,True,0.9561,79.34,96.95,True,0,NORMAL,1,0.96,0,757.4,49.5,46.5,0.22,19,83,130,30,60,1.000070997479679,0.17320508075688776
2026-08-31T22:18:37.552,125956796,P038,rhythm_normal,NORMAL,,,,460,5508687,111034,118103,110754.99,117423.37,279.01,679.63,442.95,275.92,False,False,nan,True,0.9561,79.34,96.95,True,0,NORMAL,1,0.96,0,757.4,49.5,46.5,0.22,19,83,130,30,60,1.000070997479679,0.17320508075688776
2026-08-31T22:18:37.581,125956828,P038,rhythm_normal,NORMAL,,,,461,5508727,111069,118190,110761.27,117438.7,307.73,751.3,520.04,280.8,False,False,nan,True,0.9561,79.34,96.95,True,0,NORMAL,1,0.96,0,757.4,49.5,46.5,0.22,19,83,130,30,60,1.000070997479679,0.17320508075688776
2026-08-31T22:18:37.718,125956968,P038,rhythm_normal,NORMAL,,,,462,5508767,111132,118307,110768.69,117456.07,363.31,850.93,602.76,287.24,False,False,nan,True,0.9561,79.34,96.95,True,0,NORMAL,1,0.96,0,757.4,49.5,46.5,0.22,19,83,130,30,60,0.999850488823204,0.17320508075688776
2026-08-31T22:18:37.729,125956984,P038,rhythm_normal,NORMAL,,,,463,5508807,111194,118430,110777.2,117475.55,416.8,954.45,690.68,295.31,False,False,nan,True,0.9561,79.34,96.95,True,0,NORMAL,1,0.96,0,757.4,49.5,46.5,0.22,19,83,130,30,60,0.999850488823204,0.17320508075688776
2026-08-31T22:18:37.741,125956984,P038,rhythm_normal,NORMAL,,,,464,5508847,111233,118500,110786.31,117496.04,446.69,1003.96,769.0,304.78,False,False,nan,True,0.9561,79.34,96.95,True,0,NORMAL,1,0.96,0,757.4,49.5,46.5,0.22,19,83,130,30,60,0.999850488823204,0.17320508075688776
2026-08-31T22:18:37.752,125957000,P038,rhythm_normal,NORMAL,,,,465,5508887,111002,118033,110790.62,117506.78,211.38,526.22,708.31,312.85,True,True,800.0,True,0.9571,78.3,96.95,True,0,NORMAL,1,0.96,0,757.4,49.5,46.5,0.22,19,83,130,30,60,0.999850488823204,0.17320508075688776
2026-08-31T22:18:37.782,125957031,P038,rhythm_normal,NORMAL,,,,466,5508927,110513,117030,110785.07,117497.24,-272.07,-467.24,414.42,314.88,False,False,nan,True,0.9571,78.3,96.95,True,0,NORMAL,1,0.96,0,757.4,49.5,46.5,0.22,19,83,130,30,60,0.999850488823204,0.17320508075688776
2026-08-31T22:18:37.917,125957171,P038,rhythm_normal,NORMAL,,,,467,5508967,110362,116683,110776.61,117480.96,-414.61,-797.96,111.32,310.81,False,False,nan,True,0.9571,78.3,96.95,True,0,NORMAL,1,0.96,0,757.4,49.5,46.5,0.22,19,83,130,30,60,1.000070997479679,0.17320508075688776
2026-08-31T22:18:37.929,125957171,P038,rhythm_normal,NORMAL,,,,468,5509007,110407,116770,110769.22,117466.74,-362.22,-696.74,-90.69,306.41,False,False,nan,True,0.9571,78.3,96.95,True,0,NORMAL,1,0.96,0,757.4,49.5,46.5,0.22,19,83,130,30,60,1.000070997479679,0.17320508075688776
2026-08-31T22:18:37.939,125957187,P038,rhythm_normal,NORMAL,,,,469,5509047,110474,116901,110763.31,117455.43,-289.31,-554.43,-206.63,304.42,False,False,nan,True,0.9571,78.3,96.95,True,0,NORMAL,1,0.96,0,757.4,49.5,46.5,0.22,19,83,130,30,60,1.000070997479679,0.17320508075688776
2026-08-31T22:18:37.948,125957203,P038,rhythm_normal,NORMAL,,,,470,5509087,110499,116969,110758.02,117445.7,-259.02,-476.7,-274.15,303.81,False,False,nan,True,0.9571,78.3,96.95,True,0,NORMAL,1,0.96,0,757.4,49.5,46.5,0.22,19,83,130,30,60,1.000070997479679,0.17320508075688776
2026-08-31T22:18:37.982,125957234,P038,rhythm_normal,NORMAL,,,,471,5509127,110577,117126,110754.41,117439.31,-177.41,-313.31,-283.94,303.41,False,False,nan,True,0.9571,78.3,96.95,True,0,NORMAL,1,0.96,0,757.4,49.5,46.5,0.22,19,83,130,30,60,1.000070997479679,0.17320508075688776
2026-08-31T22:18:38.119,125957375,P038,rhythm_normal,NORMAL,,,,472,5509167,110549,117089,110750.3,117432.3,-201.3,-343.3,-298.78,303.32,False,False,nan,True,0.9571,78.3,96.95,True,0,NORMAL,1,0.96,0,757.4,49.5,46.5,0.22,19,83,130,30,60,1.000070997479679,0.17320508075688776
2026-08-31T22:18:38.130,125957375,P038,rhythm_normal,NORMAL,,,,473,5509207,110501,116992,110745.31,117423.5,-244.31,-431.5,-331.96,303.89,False,False,nan,True,0.9571,78.3,96.95,True,0,NORMAL,1,0.96,0,757.4,49.5,46.5,0.22,19,83,130,30,60,1.000070997479679,0.17320508075688776
2026-08-31T22:18:38.140,125957390,P038,rhythm_normal,NORMAL,,,,474,5509247,110512,117058,110740.65,117416.19,-228.65,-358.19,-338.52,304.58,False,False,nan,True,0.9571,78.3,96.95,True,0,NORMAL,1,0.96,0,757.4,49.5,46.5,0.22,19,83,130,30,60,1.000070997479679,0.17320508075688776
2026-08-31T22:18:38.149,125957406,P038,rhythm_normal,NORMAL,,,,475,5509287,110604,117225,110737.91,117412.37,-133.91,-187.37,-300.73,304.51,False,False,nan,True,0.9571,78.3,96.95,True,0,NORMAL,1,0.96,0,757.4,49.5,46.5,0.22,19,83,130,30,60,1.000070997479679,0.17320508075688776
2026-08-31T22:18:38.182,125957437,P038,rhythm_normal,NORMAL,,,,476,5509327,110691,117428,110736.98,117412.68,-45.98,15.32,-221.72,302.85,False,False,nan,True,0.9571,78.3,96.95,True,0,NORMAL,1,0.96,0,757.4,49.5,46.5,0.22,19,83,130,30,60,1.000070997479679,0.17320508075688776
2026-08-31T22:18:38.318,125957562,P038,rhythm_normal,NORMAL,,,,477,5509367,110765,117590,110737.54,117416.23,27.46,173.77,-122.84,299.25,False,False,nan,True,0.9571,78.3,96.95,True,0,NORMAL,1,0.96,0,757.4,49.5,46.5,0.22,19,83,130,30,60,0.9989604596779594,0.17320508075688776
2026-08-31T22:18:38.329,125957578,P038,rhythm_normal,NORMAL,,,,478,5509407,110839,117728,110739.57,117422.46,99.43,305.54,-15.75,293.58,False,False,nan,True,0.9571,78.3,96.95,True,0,NORMAL,1,0.96,0,757.4,49.5,46.5,0.22,19,83,130,30,60,0.9989604596779594,0.17320508075688776
2026-08-31T22:18:38.339,125957593,P038,rhythm_normal,NORMAL,,,,479,5509447,110879,117833,110742.36,117430.67,136.64,402.33,88.77,289.49,False,False,nan,True,0.9571,78.3,96.95,True,0,NORMAL,1,0.96,0,757.4,49.5,46.5,0.22,19,83,130,30,60,0.9989604596779594,0.17320508075688776
2026-08-31T22:18:38.351,125957609,P038,rhythm_normal,NORMAL,,,,480,5509487,110945,117958,110746.41,117441.22,198.59,516.78,195.77,287.61,False,False,nan,True,0.9571,78.3,96.95,True,0,NORMAL,1,0.96,0,757.4,49.5,46.5,0.22,19,83,130,30,60,0.9989604596779594,0.17320508075688776
2026-08-31T22:18:38.381,125957625,P038,rhythm_normal,NORMAL,,,,481,5509527,111000,118062,110751.48,117453.63,248.52,608.37,298.92,287.84,False,False,nan,True,0.9571,78.3,96.95,True,0,NORMAL,1,0.96,0,757.4,49.5,46.5,0.22,19,83,130,30,60,0.9989604596779594,0.17320508075688776
2026-08-31T22:18:38.517,125957765,P038,rhythm_normal,NORMAL,,,,482,5509567,111028,118156,110757.02,117467.68,270.98,688.32,396.27,290.01,False,False,nan,True,0.9571,78.3,96.95,True,0,NORMAL,1,0.96,0,757.4,49.5,46.5,0.22,19,83,130,30,60,0.999850488823204,0.17320508075688776
2026-08-31T22:18:38.532,125957781,P038,rhythm_normal,NORMAL,,,,483,5509607,111098,118302,110763.84,117484.37,334.16,817.63,501.61,294.24,False,False,nan,True,0.9571,78.3,96.95,True,0,NORMAL,1,0.96,0,757.4,49.5,46.5,0.22,19,83,130,30,60,0.999850488823204,0.17320508075688776
2026-08-31T22:18:38.545,125957796,P038,rhythm_normal,NORMAL,,,,484,5509647,111189,118491,110772.34,117504.5,416.66,986.5,622.83,300.81,False,False,nan,True,0.9571,78.3,96.95,True,0,NORMAL,1,0.96,0,757.4,49.5,46.5,0.22,19,83,130,30,60,0.999850488823204,0.17320508075688776
2026-08-31T22:18:38.553,125957796,P038,rhythm_normal,NORMAL,,,,485,5509687,111260,118649,110782.09,117527.39,477.91,1121.61,747.53,309.74,False,False,nan,True,0.9571,78.3,96.95,True,0,NORMAL,1,0.96,0,757.4,49.5,46.5,0.22,19,83,130,30,60,0.999850488823204,0.17320508075688776
2026-08-31T22:18:38.581,125957828,P038,rhythm_normal,NORMAL,,,,486,5509727,111134,118380,110789.12,117544.45,344.88,835.55,769.53,318.94,False,False,nan,True,0.9571,78.3,96.95,True,0,NORMAL,1,0.96,0,757.4,49.5,46.5,0.22,19,83,130,30,60,0.999850488823204,0.17320508075688776
2026-08-31T22:18:38.718,125957968,P038,rhythm_normal,NORMAL,,,,487,5509767,110567,117219,110784.68,117537.94,-217.68,-318.94,497.42,322.51,True,True,880.0,True,0.9463,76.31,96.95,True,0,NORMAL,1,0.96,0,757.4,49.5,46.5,0.22,19,83,130,30,60,0.9989604596779594,0.17320508075688776
2026-08-31T22:18:38.731,125957984,P038,rhythm_normal,NORMAL,,,,488,5509807,110355,116761,110776.09,117522.4,-421.09,-761.4,182.71,319.71,False,False,nan,True,0.9463,76.31,96.95,True,0,NORMAL,1,0.96,0,757.4,49.5,46.5,0.22,19,83,130,30,60,0.9989604596779594,0.17320508075688776
2026-08-31T22:18:38.743,125958000,P038,rhythm_normal,NORMAL,,,,489,5509847,110400,116858,110768.56,117509.11,-368.56,-651.11,-25.74,313.83,False,False,nan,True,0.9463,76.31,96.95,True,0,NORMAL,1,0.96,0,757.4,49.5,46.5,0.22,19,83,130,30,60,0.9989604596779594,0.17320508075688776
2026-08-31T22:18:38.752,125958000,P038,rhythm_normal,NORMAL,,,,490,5509887,110521,117090,110763.61,117500.73,-242.61,-410.73,-121.99,310.0,False,False,nan,True,0.9463,76.31,96.95,True,0,NORMAL,1,0.96,0,757.4,49.5,46.5,0.22,19,83,130,30,60,0.9989604596779594,0.17320508075688776
2026-08-31T22:18:38.782,125958031,P038,rhythm_normal,NORMAL,,,,491,5509927,110580,117208,110759.94,117494.88,-179.94,-286.88,-163.21,307.06,False,False,nan,True,0.9463,76.31,96.95,True,0,NORMAL,1,0.96,0,757.4,49.5,46.5,0.22,19,83,130,30,60,0.9989604596779594,0.17320508075688776
2026-08-31T22:18:38.917,125958171,P038,rhythm_normal,NORMAL,,,,492,5509967,110667,117391,110758.08,117492.8,-91.08,-101.8,-147.86,303.88,False,False,nan,True,0.9463,76.31,96.95,True,0,NORMAL,1,0.96,0,757.4,49.5,46.5,0.22,19,83,130,30,60,0.999850488823204,0.17320508075688776
2026-08-31T22:18:38.928,125958171,P038,rhythm_normal,NORMAL,,,,493,5510007,110668,117401,110756.27,117490.96,-88.27,-89.96,-133.38,300.47,False,False,nan,True,0.9463,76.31,96.95,True,0,NORMAL,1,0.96,0,757.4,49.5,46.5,0.22,19,83,130,30,60,0.999850488823204,0.17320508075688776
2026-08-31T22:18:38.939,125958187,P038,rhythm_normal,NORMAL,,,,494,5510047,110595,117263,110753.05,117486.4,-158.05,-223.4,-155.89,297.58,False,False,nan,True,0.9463,76.31,96.95,True,0,NORMAL,1,0.96,0,757.4,49.5,46.5,0.22,19,83,130,30,60,0.999850488823204,0.17320508075688776
2026-08-31T22:18:38.947,125958203,P038,rhythm_normal,NORMAL,,,,495,5510087,110593,117285,110749.84,117482.37,-156.84,-197.37,-166.26,294.95,False,False,nan,True,0.9463,76.31,96.95,True,0,NORMAL,1,0.96,0,757.4,49.5,46.5,0.22,19,83,130,30,60,0.999850488823204,0.17320508075688776
2026-08-31T22:18:38.981,125958234,P038,rhythm_normal,NORMAL,,,,496,5510127,110675,117459,110748.34,117481.9,-73.34,-22.9,-130.42,291.66,False,False,nan,True,0.9463,76.31,96.95,True,0,NORMAL,1,0.96,0,757.4,49.5,46.5,0.22,19,83,130,30,60,0.999850488823204,0.17320508075688776
2026-08-31T22:18:39.116,125958375,P038,rhythm_normal,NORMAL,,,,497,5510167,110776,117631,110748.9,117484.88,27.1,146.12,-61.28,287.05,False,False,nan,True,0.9463,76.31,96.95,True,0,NORMAL,1,0.96,0,757.4,49.5,46.5,0.22,19,83,130,30,60,0.999850488823204,0.17320508075688776
2026-08-31T22:18:39.129,125958375,P038,rhythm_normal,NORMAL,,,,498,5510207,110845,117805,110750.82,117491.28,94.18,313.72,32.47,281.96,False,False,nan,True,0.9463,76.31,96.95,True,0,NORMAL,1,0.96,0,757.4,49.5,46.5,0.22,19,83,130,30,60,0.999850488823204,0.17320508075688776
2026-08-31T22:18:39.137,125958390,P038,rhythm_normal,NORMAL,,,,499,5510247,110919,117957,110754.19,117500.59,164.81,456.41,138.45,279.09,False,False,nan,True,0.9463,76.31,96.95,True,0,NORMAL,1,0.96,0,757.4,49.5,46.5,0.22,19,83,130,30,60,0.999850488823204,0.17320508075688776
2026-08-31T22:18:39.147,125958390,P038,rhythm_normal,NORMAL,,,,500,5510287,110961,118049,110758.32,117511.56,202.68,537.44,238.2,278.27,False,False,nan,True,0.9463,76.31,96.95,True,0,NORMAL,1,0.96,0,757.4,49.5,46.5,0.22,19,83,130,30,60,0.999850488823204,0.17320508075688776
2026-08-31T22:18:39.183,125958437,P038,rhythm_normal,NORMAL,,,,501,5510327,111015,118136,110763.45,117524.05,251.55,611.95,331.63,279.34,False,False,nan,True,0.9463,76.31,96.95,True,0,NORMAL,1,0.96,0,757.4,49.5,46.5,0.22,19,83,130,30,60,0.999850488823204,0.17320508075688776
2026-08-31T22:18:39.317,125958562,P038,rhythm_normal,NORMAL,,,,502,5510367,111053,118221,110769.24,117537.99,283.76,683.01,419.48,282.14,False,False,nan,True,0.9463,76.31,96.95,True,0,NORMAL,1,0.96,0,757.4,49.5,46.5,0.22,19,83,130,30,60,0.999850488823204,0.17320508075688776
2026-08-31T22:18:39.330,125958578,P038,rhythm_normal,NORMAL,,,,503,5510407,111115,118343,110776.16,117554.09,338.84,788.91,511.84,286.74,False,False,nan,True,0.9463,76.31,96.95,True,0,NORMAL,1,0.96,0,757.4,49.5,46.5,0.22,19,83,130,30,60,0.999850488823204,0.17320508075688776
2026-08-31T22:18:39.340,125958593,P038,rhythm_normal,NORMAL,,,,504,5510447,111168,118474,110783.99,117572.49,384.01,901.51,609.25,293.19,False,False,nan,True,0.9463,76.31,96.95,True,0,NORMAL,1,0.96,0,757.4,49.5,46.5,0.22,19,83,130,30,60,0.999850488823204,0.17320508075688776
2026-08-31T22:18:39.349,125958593,P038,rhythm_normal,NORMAL,,,,505,5510487,111211,118553,110792.53,117592.1,418.47,960.9,697.16,301.27,False,False,nan,True,0.9463,76.31,98.07,True,0,NORMAL,1,0.96,0,757.4,49.5,46.5,0.22,19,83,130,30,60,0.999850488823204,0.17320508075688776
2026-08-31T22:18:39.381,125958625,P038,rhythm_normal,NORMAL,,,,506,5510527,111110,118339,110798.88,117607.04,311.12,731.96,705.86,309.36,False,False,nan,True,0.9463,76.31,98.07,True,0,NORMAL,1,0.96,0,757.4,49.5,46.5,0.22,19,83,130,30,60,0.999850488823204,0.17320508075688776
2026-08-31T22:18:39.517,125958765,P038,rhythm_normal,NORMAL,,,,507,5510567,110615,117338,110795.2,117601.66,-180.2,-263.66,463.48,312.44,True,True,800.0,True,0.9543,75.35,98.07,True,0,NORMAL,1,0.96,0,757.4,49.5,46.5,0.22,19,83,130,30,60,0.999850488823204,0.24494897427831783
2026-08-31T22:18:39.529,125958781,P038,rhythm_normal,NORMAL,,,,508,5510607,110385,116850,110787.0,117586.62,-402.0,-736.62,163.46,309.46,False,False,nan,True,0.9543,75.35,98.07,True,0,NORMAL,1,0.96,0,757.4,49.5,46.5,0.22,19,83,130,30,60,0.999850488823204,0.24494897427831783
2026-08-31T22:18:39.540,125958796,P038,rhythm_normal,NORMAL,,,,509,5510647,110427,116916,110779.8,117573.21,-352.8,-657.21,-41.71,304.11,False,False,nan,True,0.9543,75.35,98.07,True,0,NORMAL,1,0.96,0,757.4,49.5,46.5,0.22,19,83,130,30,60,0.999850488823204,0.24494897427831783
2026-08-31T22:18:39.550,125958796,P038,rhythm_normal,NORMAL,,,,510,5510687,110542,117164,110775.04,117565.02,-233.04,-401.02,-131.54,300.65,False,False,nan,True,0.9543,75.35,98.07,True,0,NORMAL,1,0.96,0,757.4,49.5,46.5,0.22,19,83,130,30,60,0.999850488823204,0.24494897427831783
2026-08-31T22:18:39.581,125958828,P038,rhythm_normal,NORMAL,,,,511,5510727,110595,117281,110771.44,117559.34,-176.44,-278.34,-168.24,298.01,False,False,nan,True,0.9543,75.35,98.07,True,0,NORMAL,1,0.96,0,757.4,49.5,46.5,0.22,19,83,130,30,60,0.999850488823204,0.24494897427831783
2026-08-31T22:18:39.718,125958968,P038,rhythm_normal,NORMAL,,,,512,5510767,110685,117445,110769.71,117557.05,-84.71,-112.05,-154.19,295.13,False,False,nan,True,0.9543,75.35,98.07,True,0,NORMAL,1,0.96,0,757.4,49.5,46.5,0.22,19,83,130,30,60,0.999850488823204,0.17320508075688776
2026-08-31T22:18:39.730,125958984,P038,rhythm_normal,NORMAL,,,,513,5510807,110657,117415,110767.45,117554.21,-110.45,-139.21,-150.45,292.24,False,False,nan,True,0.9543,75.35,98.07,True,0,NORMAL,1,0.96,0,757.4,49.5,46.5,0.22,19,83,130,30,60,0.999850488823204,0.17320508075688776
2026-08-31T22:18:39.740,125958984,P038,rhythm_normal,NORMAL,,,,514,5510847,110571,117244,110763.52,117548.01,-192.52,-304.01,-188.84,290.17,False,False,nan,True,0.9543,75.35,98.07,True,0,NORMAL,1,0.96,0,757.4,49.5,46.5,0.22,19,83,130,30,60,0.999850488823204,0.17320508075688776
2026-08-31T22:18:39.748,125959000,P038,rhythm_normal,NORMAL,,,,515,5510887,110576,117242,110759.77,117541.89,-183.77,-299.89,-216.6,288.7,False,False,nan,True,0.9543,75.35,98.07,True,0,NORMAL,1,0.96,0,757.4,49.5,46.5,0.22,19,83,130,30,60,0.999850488823204,0.17320508075688776
2026-08-31T22:18:39.781,125959031,P038,rhythm_normal,NORMAL,,,,516,5510927,110681,117476,110758.2,117540.57,-77.2,-64.57,-178.59,286.49,False,False,nan,True,0.9543,75.35,98.07,True,0,NORMAL,1,0.96,0,757.4,49.5,46.5,0.22,19,83,130,30,60,0.999850488823204,0.17320508075688776
2026-08-31T22:18:39.917,125959171,P038,rhythm_normal,NORMAL,,,,517,5510967,110858,117867,110760.19,117547.1,97.81,319.9,-53.97,281.84,False,False,nan,True,0.9543,75.35,98.07,True,0,NORMAL,1,0.96,0,757.4,49.5,46.5,0.22,19,83,130,30,60,0.9991811647544203,0.24494897427831783
2026-08-31T22:18:39.929,125959187,P038,rhythm_normal,NORMAL,,,,518,5511007,110997,118166,110764.92,117559.48,232.08,606.52,111.15,278.43,False,False,nan,True,0.9543,75.35,98.07,True,0,NORMAL,1,0.96,0,757.4,49.5,46.5,0.22,19,83,130,30,60,0.9991811647544203,0.24494897427831783
2026-08-31T22:18:39.943,125959187,P038,rhythm_normal,NORMAL,,,,519,5511047,111083,118345,110771.28,117575.19,311.72,769.81,275.82,278.38,False,False,nan,True,0.9543,75.35,98.07,True,0,NORMAL,1,0.96,0,757.4,49.5,46.5,0.22,19,83,130,30,60,0.9991811647544203,0.24494897427831783
2026-08-31T22:18:39.951,125959203,P038,rhythm_normal,NORMAL,,,,520,5511087,111140,118471,110778.66,117593.1,361.34,877.9,426.34,281.34,False,False,nan,True,0.9543,75.35,98.07,True,0,NORMAL,1,0.96,0,757.4,49.5,46.5,0.22,19,83,130,30,60,0.9991811647544203,0.24494897427831783
2026-08-31T22:18:39.981,125959234,P038,rhythm_normal,NORMAL,,,,521,5511127,111201,118588,110787.1,117613.0,413.9,975.0,563.5,286.98,False,False,nan,True,0.9543,75.35,98.07,True,0,NORMAL,1,0.96,0,757.4,49.5,46.5,0.22,19,83,130,30,60,0.9991811647544203,0.24494897427831783
2026-08-31T22:18:40.118,125959375,P038,rhythm_normal,NORMAL,,,,522,5511167,111275,118764,110796.86,117636.02,478.14,1127.98,704.62,295.33,False,False,nan,True,0.9543,75.35,98.07,True,0,NORMAL,1,0.96,0,757.4,49.5,46.5,0.22,19,83,130,30,60,1.000070997479679,0.17320508075688776
2026-08-31T22:18:40.128,125959375,P038,rhythm_normal,NORMAL,,,,523,5511207,111359,118944,110808.1,117662.18,550.9,1281.82,848.92,306.41,False,False,nan,True,0.9543,75.35,98.07,True,0,NORMAL,1,0.96,0,757.4,49.5,46.5,0.22,19,83,130,30,60,1.000070997479679,0.17320508075688776
2026-08-31T22:18:40.139,125959390,P038,rhythm_normal,NORMAL,,,,524,5511247,111413,119050,110820.2,117689.94,592.8,1360.06,976.71,319.81,False,False,nan,True,0.9543,75.35,98.07,True,0,NORMAL,1,0.96,0,757.4,49.5,46.5,0.22,19,83,130,30,60,1.000070997479679,0.17320508075688776
2026-08-31T22:18:40.150,125959406,P038,rhythm_normal,NORMAL,,,,525,5511287,111195,118600,110827.7,117708.14,367.3,891.86,955.49,332.52,True,True,720.0,True,0.9463,76.31,98.07,True,0,NORMAL,1,0.96,0,757.4,49.5,46.5,0.22,19,83,130,30,60,1.000070997479679,0.17320508075688776
2026-08-31T22:18:40.182,125959437,P038,rhythm_normal,NORMAL,,,,526,5511327,110608,117415,110823.3,117702.28,-215.3,-287.28,644.8,338.77,False,False,nan,True,0.9463,76.31,98.07,True,0,NORMAL,1,0.96,0,757.4,49.5,46.5,0.22,19,83,130,30,60,1.000070997479679,0.17320508075688776
2026-08-31T22:18:40.319,125959562,P038,rhythm_normal,NORMAL,,,,527,5511367,110438,117062,110815.6,117689.48,-377.6,-627.48,326.73,338.53,False,False,nan,True,0.9463,76.31,98.07,True,0,NORMAL,1,0.96,0,757.4,49.5,46.5,0.22,19,83,130,30,60,0.999850488823204,0.17320508075688776
2026-08-31T22:18:40.328,125959578,P038,rhythm_normal,NORMAL,,,,528,5511407,110523,117240,110809.75,117680.48,-286.75,-440.48,134.93,334.46,False,False,nan,True,0.9463,76.31,98.07,True,0,NORMAL,1,0.96,0,757.4,49.5,46.5,0.22,19,83,130,30,60,0.999850488823204,0.17320508075688776
2026-08-31T22:18:40.339,125959593,P038,rhythm_normal,NORMAL,,,,529,5511447,110659,117492,110806.73,117676.71,-147.73,-184.71,55.02,328.87,False,False,nan,True,0.9463,76.31,98.07,True,0,NORMAL,1,0.96,0,757.4,49.5,46.5,0.22,19,83,130,30,60,0.999850488823204,0.17320508075688776
2026-08-31T22:18:40.351,125959609,P038,rhythm_normal,NORMAL,,,,530,5511487,110720,117628,110805.0,117675.73,-85.0,-47.73,29.33,322.88,False,False,nan,True,0.9463,76.31,98.07,True,0,NORMAL,1,0.96,0,757.4,49.5,46.5,0.22,19,83,130,30,60,0.999850488823204,0.17320508075688776
2026-08-31T22:18:40.382,125959625,P038,rhythm_normal,NORMAL,,,,531,5511527,110813,117823,110805.16,117678.68,7.84,144.32,58.08,317.58,False,False,nan,True,0.9463,76.31,98.07,True,0,NORMAL,1,0.96,0,757.4,49.5,46.5,0.22,19,83,130,30,60,0.999850488823204,0.17320508075688776
2026-08-31T22:18:40.519,125959765,P038,rhythm_normal,NORMAL,,,,532,5511567,110776,117768,110804.57,117680.47,-28.57,87.53,65.44,312.54,False,False,nan,True,0.9463,76.31,98.07,True,0,NORMAL,1,0.95,0,771.0,54.1,52.1,0.32,20,95,131,30,60,1.000070997479679,0.17320508075688776
2026-08-31T22:18:40.529,125959781,P038,rhythm_normal,NORMAL,,,,533,5511607,110700,117608,110802.48,117679.02,-102.48,-71.02,31.33,306.91,False,False,nan,True,0.9463,76.31,98.07,True,0,NORMAL,1,0.95,0,771.0,54.1,52.1,0.32,20,95,131,30,60,1.000070997479679,0.17320508075688776
2026-08-31T22:18:40.540,125959796,P038,rhythm_normal,NORMAL,,,,534,5511647,110713,117631,110800.69,117678.05,-87.69,-47.05,11.73,301.01,False,False,nan,True,0.9463,76.31,98.07,True,0,NORMAL,1,0.95,0,771.0,54.1,52.1,0.32,20,95,131,30,60,1.000070997479679,0.17320508075688776
2026-08-31T22:18:40.549,125959796,P038,rhythm_normal,NORMAL,,,,535,5511687,110814,117826,110800.95,117681.02,13.05,144.98,45.04,295.89,False,False,nan,True,0.9463,76.31,98.07,True,0,NORMAL,1,0.95,0,771.0,54.1,52.1,0.32,20,95,131,30,60,1.000070997479679,0.17320508075688776
2026-08-31T22:18:40.582,125959828,P038,rhythm_normal,NORMAL,,,,536,5511727,110905,118033,110803.03,117688.05,101.97,344.95,120.02,292.37,False,False,nan,True,0.9463,76.31,98.07,True,0,NORMAL,1,0.95,0,771.0,54.1,52.1,0.32,20,95,131,30,60,1.000070997479679,0.17320508075688776
2026-08-31T22:18:40.717,125959968,P038,rhythm_normal,NORMAL,,,,537,5511767,110999,118200,110806.95,117698.3,192.05,501.7,215.44,290.84,False,False,nan,True,0.9463,76.31,98.07,True,0,NORMAL,1,0.95,0,771.0,54.1,52.1,0.32,20,95,131,30,60,0.999850488823204,0.17320508075688776
2026-08-31T22:18:40.729,125959984,P038,rhythm_normal,NORMAL,,,,538,5511807,111073,118380,110812.27,117711.93,260.73,668.07,328.6,291.59,False,False,nan,True,0.9463,76.31,98.07,True,0,NORMAL,1,0.95,0,771.0,54.1,52.1,0.32,20,95,131,30,60,0.999850488823204,0.17320508075688776
2026-08-31T22:18:40.740,125959984,P038,rhythm_normal,NORMAL,,,,539,5511847,111128,118498,110818.59,117727.65,309.41,770.35,439.04,294.54,False,False,nan,True,0.9463,76.31,98.07,True,0,NORMAL,1,0.95,0,771.0,54.1,52.1,0.32,20,95,131,30,60,0.999850488823204,0.17320508075688776
2026-08-31T22:18:40.750,125960000,P038,rhythm_normal,NORMAL,,,,540,5511887,111168,118597,110825.57,117745.04,342.43,851.96,542.27,299.49,False,False,nan,True,0.9463,76.31,98.07,True,0,NORMAL,1,0.95,0,771.0,54.1,52.1,0.32,20,95,131,30,60,0.999850488823204,0.17320508075688776
2026-08-31T22:18:40.782,125960031,P038,rhythm_normal,NORMAL,,,,541,5511927,111241,118740,110833.88,117764.94,407.12,975.06,650.47,306.51,False,False,nan,True,0.9463,76.31,98.07,True,0,NORMAL,1,0.95,0,771.0,54.1,52.1,0.32,20,95,131,30,60,0.999850488823204,0.17320508075688776
2026-08-31T22:18:40.918,125960171,P038,rhythm_normal,NORMAL,,,,542,5511967,111320,118902,110843.59,117787.68,476.41,1114.32,766.43,315.71,False,False,nan,True,0.9463,76.31,98.07,True,0,NORMAL,1,0.95,0,771.0,54.1,52.1,0.32,20,95,131,30,60,1.000070997479679,0.24494897427831783
2026-08-31T22:18:40.931,125960187,P038,rhythm_normal,NORMAL,,,,543,5512007,111384,119031,110854.4,117812.55,529.6,1218.45,879.44,326.99,False,False,nan,True,0.9463,76.31,98.07,True,0,NORMAL,1,0.95,0,771.0,54.1,52.1,0.32,20,95,131,30,60,1.000070997479679,0.24494897427831783
2026-08-31T22:18:40.941,125960187,P038,rhythm_normal,NORMAL,,,,544,5512047,111187,118638,110861.05,117829.05,325.95,808.95,861.81,337.68,True,True,760.0,True,0.9462,76.92,98.07,True,0,NORMAL,1,0.95,0,771.0,54.1,52.1,0.32,20,95,131,30,60,1.000070997479679,0.24494897427831783
2026-08-31T22:18:40.951,125960203,P038,rhythm_normal,NORMAL,,,,545,5512087,110602,117468,110855.87,117821.84,-253.87,-353.84,557.9,342.09,False,False,nan,True,0.9462,76.92,98.07,True,0,NORMAL,1,0.95,0,771.0,54.1,52.1,0.32,20,95,131,30,60,1.000070997479679,0.24494897427831783
2026-08-31T22:18:40.991,125960234,P038,rhythm_normal,NORMAL,,,,546,5512137,110414,117106,110847.03,117807.52,-433.03,-701.52,243.05,340.11,False,False,nan,True,0.9462,76.92,98.07,True,0,NORMAL,1,0.95,0,771.0,54.1,52.1,0.32,20,95,131,30,60,1.000070997479679,0.24494897427831783
2026-08-31T22:18:41.118,125960375,P038,rhythm_normal,NORMAL,,,,547,5512177,110478,117228,110839.65,117795.92,-361.65,-567.92,40.3,334.11,False,False,nan,True,0.9462,76.92,98.07,True,0,NORMAL,1,0.95,0,771.0,54.1,52.1,0.32,20,95,131,30,60,0.9991811647544203,0.17320508075688776
2026-08-31T22:18:41.131,125960375,P038,rhythm_normal,NORMAL,,,,548,5512207,110599,117470,110834.84,117789.41,-235.84,-319.41,-49.62,328.42,False,False,nan,True,0.9462,76.92,98.07,True,0,NORMAL,1,0.95,0,771.0,54.1,52.1,0.32,20,95,131,30,60,0.9991811647544203,0.17320508075688776
2026-08-31T22:18:41.141,125960390,P038,rhythm_normal,NORMAL,,,,549,5512257,110660,117499,110831.34,117783.6,-171.34,-284.6,-108.37,324.02,False,False,nan,True,0.9462,76.92,98.07,True,0,NORMAL,1,0.95,0,771.0,54.1,52.1,0.32,20,95,131,30,60,0.9991811647544203,0.17320508075688776
2026-08-31T22:18:41.152,125960406,P038,rhythm_normal,NORMAL,,,,550,5512297,110756,117756,110829.83,117783.05,-73.83,-27.05,-88.04,319.3,False,False,nan,True,0.9462,76.92,98.07,True,0,NORMAL,1,0.95,0,771.0,54.1,52.1,0.32,20,95,131,30,60,0.9991811647544203,0.17320508075688776
2026-08-31T22:18:41.192,125960437,P038,rhythm_normal,NORMAL,,,,551,5512337,110722,117688,110827.67,117781.15,-105.67,-93.15,-89.32,314.7,False,False,nan,True,0.9462,76.92,98.07,True,0,NORMAL,1,0.95,0,771.0,54.1,52.1,0.32,20,95,131,30,60,0.9991811647544203,0.17320508075688776
2026-08-31T22:18:41.319,125960562,P038,rhythm_normal,NORMAL,,,,552,5512377,110660,117490,110824.32,117775.33,-164.32,-285.33,-138.32,311.17,False,False,nan,True,0.9462,76.92,98.07,True,0,NORMAL,1,0.95,0,771.0,54.1,52.1,0.32,20,95,131,30,60,1.000070997479679,0.17320508075688776
2026-08-31T22:18:41.331,125960578,P038,rhythm_normal,NORMAL,,,,553,5512417,110664,117546,110821.12,117770.74,-157.12,-224.74,-159.92,308.15,False,False,nan,True,0.9462,76.92,98.07,True,0,NORMAL,1,0.95,0,771.0,54.1,52.1,0.32,20,95,131,30,60,1.000070997479679,0.17320508075688776
2026-08-31T22:18:41.346,125960593,P038,rhythm_normal,NORMAL,,,,554,5512457,110759,117760,110819.88,117770.53,-60.88,-10.53,-122.58,304.44,False,False,nan,True,0.9462,76.92,98.07,True,0,NORMAL,1,0.95,0,771.0,54.1,52.1,0.32,20,95,131,30,60,1.000070997479679,0.17320508075688776
2026-08-31T22:18:41.356,125960609,P038,rhythm_normal,NORMAL,,,,555,5512497,110853,117939,110820.54,117773.9,32.46,165.1,-50.66,299.36,False,False,nan,True,0.9462,76.92,98.07,True,0,NORMAL,1,0.95,0,771.0,54.1,52.1,0.32,20,95,131,30,60,1.000070997479679,0.17320508075688776
2026-08-31T22:18:41.390,125960640,P038,rhythm_normal,NORMAL,,,,556,5512537,110924,118099,110822.61,117780.4,101.39,318.6,41.66,294.21,False,False,nan,True,0.9462,76.92,98.07,True,0,NORMAL,1,0.95,0,771.0,54.1,52.1,0.32,20,95,131,30,60,1.000070997479679,0.17320508075688776
2026-08-31T22:18:41.518,125960765,P038,rhythm_normal,NORMAL,,,,557,5512577,110980,118199,110825.76,117788.77,154.24,410.23,133.8,291.0,False,False,nan,True,0.9462,76.92,98.07,True,0,NORMAL,1,0.95,0,771.0,54.1,52.1,0.32,20,95,131,30,60,1.000070997479679,0.24494897427831783
2026-08-31T22:18:41.529,125960781,P038,rhythm_normal,NORMAL,,,,558,5512617,111028,118350,110829.8,117800.0,198.2,550.0,237.85,289.94,False,False,nan,True,0.9462,76.92,98.07,True,0,NORMAL,1,0.95,0,771.0,54.1,52.1,0.32,20,95,131,30,60,1.000070997479679,0.24494897427831783
2026-08-31T22:18:41.569,125960828,P038,rhythm_normal,NORMAL,,,,559,5512657,111061,118332,110834.43,117810.64,226.57,521.36,308.73,290.31,False,False,nan,True,0.9462,76.92,98.07,True,0,NORMAL,1,0.95,0,771.0,54.1,52.1,0.32,20,95,131,30,60,1.000070997479679,0.24494897427831783
2026-08-31T22:18:41.572,125960828,P038,rhythm_normal,NORMAL,,,,560,5512697,111089,118430,110839.52,117823.03,249.48,606.97,383.29,292.17,False,False,nan,True,0.9462,76.92,98.07,True,0,NORMAL,1,0.95,0,771.0,54.1,52.1,0.32,20,95,131,30,60,1.000070997479679,0.24494897427831783
2026-08-31T22:18:41.591,125960843,P038,rhythm_normal,NORMAL,,,,561,5512737,111144,118542,110845.61,117837.41,298.39,704.59,463.61,295.6,False,False,nan,True,0.9462,76.92,98.07,True,0,NORMAL,1,0.95,0,771.0,54.1,52.1,0.32,20,95,131,30,60,1.000070997479679,0.24494897427831783
2026-08-31T22:18:41.717,125960968,P038,rhythm_normal,NORMAL,,,,562,5512777,111226,118688,110853.22,117854.42,372.78,833.58,556.1,300.81,False,False,nan,True,0.9462,76.92,98.07,True,0,NORMAL,1,0.95,0,771.0,54.1,52.1,0.32,20,95,131,30,60,0.999850488823204,0.17320508075688776
2026-08-31T22:18:41.729,125960984,P038,rhythm_normal,NORMAL,,,,563,5512817,111207,118736,110860.3,117872.05,346.7,863.95,633.06,307.46,False,False,nan,True,0.9462,76.92,98.07,True,0,NORMAL,1,0.95,0,771.0,54.1,52.1,0.32,20,95,131,30,60,0.999850488823204,0.17320508075688776
2026-08-31T22:18:41.738,125960984,P038,rhythm_normal,NORMAL,,,,564,5512857,110812,117854,110859.33,117871.7,-47.33,-17.7,470.37,310.71,True,True,810.0,True,0.9456,76.8,98.07,True,0,NORMAL,1,0.95,0,771.0,54.1,52.1,0.32,20,95,131,30,60,0.999850488823204,0.17320508075688776
2026-08-31T22:18:41.748,125961000,P038,rhythm_normal,NORMAL,,,,565,5512897,110409,117107,110850.32,117856.4,-441.32,-749.4,165.43,307.81,False,False,nan,True,0.9456,76.8,98.07,True,0,NORMAL,1,0.95,0,771.0,54.1,52.1,0.32,20,95,131,30,60,0.999850488823204,0.17320508075688776
2026-08-31T22:18:41.791,125961046,P038,rhythm_normal,NORMAL,,,,566,5512937,110373,117012,110840.77,117839.51,-467.77,-827.51,-82.8,303.31,False,False,nan,True,0.9456,76.8,98.07,True,0,NORMAL,1,0.95,0,771.0,54.1,52.1,0.32,20,95,131,30,60,0.999850488823204,0.17320508075688776
2026-08-31T22:18:41.917,125961171,P038,rhythm_normal,NORMAL,,,,567,5512977,110520,117286,110834.36,117828.44,-314.36,-542.44,-197.71,301.2,False,False,nan,True,0.9456,76.8,98.07,True,0,NORMAL,1,0.95,0,771.0,54.1,52.1,0.32,20,95,131,30,60,0.999850488823204,0.17320508075688776
2026-08-31T22:18:41.928,125961171,P038,rhythm_normal,NORMAL,,,,568,5513017,110560,117336,110828.88,117818.59,-268.88,-482.59,-268.93,300.55,False,False,nan,True,0.9456,76.8,98.07,True,0,NORMAL,1,0.95,0,771.0,54.1,52.1,0.32,20,95,131,30,60,0.999850488823204,0.17320508075688776
2026-08-31T22:18:41.940,125961187,P038,rhythm_normal,NORMAL,,,,569,5513057,110635,117542,110825.0,117813.05,-190.0,-271.05,-269.46,299.93,False,False,nan,True,0.9456,76.8,98.07,True,0,NORMAL,1,0.95,0,771.0,54.1,52.1,0.32,20,95,131,30,60,0.999850488823204,0.17320508075688776
2026-08-31T22:18:41.949,125961203,P038,rhythm_normal,NORMAL,,,,570,5513097,110694,117646,110822.38,117809.71,-128.38,-163.71,-243.02,298.79,False,False,nan,True,0.9456,76.8,98.07,True,0,NORMAL,1,0.95,0,771.0,54.1,52.1,0.32,20,95,131,30,60,0.999850488823204,0.17320508075688776
2026-08-31T22:18:41.991,125961234,P038,rhythm_normal,NORMAL,,,,571,5513137,110570,117509,110817.34,117803.7,-247.34,-294.7,-255.94,297.93,False,False,nan,True,0.9456,76.8,98.07,True,0,NORMAL,1,0.95,0,771.0,54.1,52.1,0.32,20,95,131,30,60,0.999850488823204,0.17320508075688776
2026-08-31T22:18:42.118,125961375,P038,rhythm_normal,NORMAL,,,,572,5513177,110535,117436,110811.69,117796.34,-276.69,-360.34,-282.04,297.62,False,False,nan,True,0.9456,76.8,98.07,True,0,NORMAL,1,0.95,0,771.0,54.1,52.1,0.32,20,95,131,30,60,0.9989604596779594,0.17320508075688776
2026-08-31T22:18:42.129,125961375,P038,rhythm_normal,NORMAL,,,,573,5513217,110554,117540,110806.53,117791.22,-252.53,-251.22,-274.34,297.15,False,False,nan,True,0.9456,76.8,98.07,True,0,NORMAL,1,0.95,0,771.0,54.1,52.1,0.32,20,95,131,30,60,0.9989604596779594,0.17320508075688776
2026-08-31T22:18:42.139,125961390,P038,rhythm_normal,NORMAL,,,,574,5513257,110720,117744,110804.8,117790.27,-84.8,-46.27,-217.32,295.55,False,False,nan,True,0.9456,76.8,98.07,True,0,NORMAL,1,0.95,0,771.0,54.1,52.1,0.32,20,95,131,30,60,0.9989604596779594,0.17320508075688776
2026-08-31T22:18:42.148,125961406,P038,rhythm_normal,NORMAL,,,,575,5513297,110735,117891,110803.4,117792.29,-68.4,98.71,-138.31,292.41,False,False,nan,True,0.9456,76.8,98.07,True,0,NORMAL,1,0.95,0,771.0,54.1,52.1,0.32,20,95,131,30,60,0.9989604596779594,0.17320508075688776
2026-08-31T22:18:42.192,125961437,P038,rhythm_normal,NORMAL,,,,576,5513337,110822,118057,110803.77,117797.59,18.23,259.41,-38.88,287.34,False,False,nan,True,0.9456,76.8,98.07,True,0,NORMAL,1,0.95,0,771.0,54.1,52.1,0.32,20,95,131,30,60,0.9989604596779594,0.17320508075688776
2026-08-31T22:18:42.319,125961578,P038,rhythm_normal,NORMAL,,,,577,5513377,110896,118177,110805.62,117805.17,90.38,371.83,63.8,282.87,False,False,nan,True,0.9456,76.8,98.07,True,0,NORMAL,1,0.95,0,771.0,54.1,52.1,0.32,20,95,131,30,60,0.999850488823204,0.17320508075688776
2026-08-31T22:18:42.328,125961578,P038,rhythm_normal,NORMAL,,,,578,5513417,110975,118329,110809.01,117815.65,165.99,513.35,176.19,280.73,False,False,nan,True,0.9456,76.8,98.07,True,0,NORMAL,1,0.95,0,771.0,54.1,52.1,0.32,20,95,131,30,60,0.999850488823204,0.17320508075688776
2026-08-31T22:18:42.337,125961593,P038,rhythm_normal,NORMAL,,,,579,5513457,110958,118346,110811.98,117826.26,146.02,519.74,262.07,280.36,False,False,nan,True,0.9456,76.8,98.07,True,0,NORMAL,1,0.95,0,771.0,54.1,52.1,0.32,20,95,131,30,60,0.999850488823204,0.17320508075688776
2026-08-31T22:18:42.351,125961609,P038,rhythm_normal,NORMAL,,,,580,5513497,111042,118449,110816.59,117838.71,225.41,610.29,349.13,281.74,False,False,nan,True,0.9456,76.8,98.07,True,0,NORMAL,1,0.95,0,771.0,54.1,52.1,0.32,20,95,131,30,60,0.999850488823204,0.17320508075688776
2026-08-31T22:18:42.391,125961640,P038,rhythm_normal,NORMAL,,,,581,5513537,111103,118544,110822.31,117852.82,280.69,691.18,434.64,284.79,False,False,nan,True,0.9456,76.8,98.07,True,0,NORMAL,1,0.95,0,771.0,54.1,52.1,0.32,20,95,131,30,60,0.999850488823204,0.17320508075688776
2026-08-31T22:18:42.518,125961765,P038,rhythm_normal,NORMAL,,,,582,5513577,111161,118682,110829.09,117869.41,331.91,812.59,529.13,289.68,False,False,nan,True,0.9456,76.8,98.07,True,0,NORMAL,1,0.95,0,771.0,54.1,52.1,0.32,20,95,131,30,60,1.000070997479679,0.17320508075688776
2026-08-31T22:18:42.529,125961781,P038,rhythm_normal,NORMAL,,,,583,5513617,110968,118330,110831.87,117878.62,136.13,451.38,509.69,294.08,True,True,760.0,True,0.951,76.31,98.07,True,0,NORMAL,1,0.95,0,771.0,54.1,52.1,0.32,20,95,131,30,60,1.000070997479679,0.17320508075688776
2026-08-31T22:18:42.538,125961796,P038,rhythm_normal,NORMAL,,,,584,5513657,110522,117407,110825.67,117869.19,-303.67,-462.19,266.72,293.53,False,False,nan,True,0.951,76.31,98.07,True,0,NORMAL,1,0.95,0,771.0,54.1,52.1,0.32,20,95,131,30,60,1.000070997479679,0.17320508075688776
2026-08-31T22:18:42.552,125961796,P038,rhythm_normal,NORMAL,,,,585,5513697,110338,117044,110815.92,117852.69,-477.92,-808.69,-2.13,287.71,False,False,nan,True,0.951,76.31,98.07,True,0,NORMAL,1,0.95,0,771.0,54.1,52.1,0.32,20,95,131,30,60,1.000070997479679,0.17320508075688776
2026-08-31T22:18:42.592,125961843,P038,rhythm_normal,NORMAL,,,,586,5513737,110387,117113,110807.34,117837.89,-420.34,-724.89,-182.82,285.61,False,False,nan,True,0.951,76.31,98.07,True,0,NORMAL,1,0.95,0,771.0,54.1,52.1,0.32,20,95,131,30,60,1.000070997479679,0.17320508075688776
2026-08-31T22:18:42.718,125961968,P038,rhythm_normal,NORMAL,,,,587,5513777,110459,117381,110800.38,117828.75,-341.38,-447.75,-249.05,284.88,False,False,nan,True,0.951,76.31,98.07,True,0,NORMAL,1,0.95,0,771.0,54.1,52.1,0.32,20,95,131,30,60,1.000070997479679,0.17320508075688776
2026-08-31T22:18:42.728,125961984,P038,rhythm_normal,NORMAL,,,,588,5513817,110584,117488,110796.05,117821.94,-212.05,-333.94,-270.27,284.58,False,False,nan,True,0.951,76.31,98.07,True,0,NORMAL,1,0.95,0,771.0,54.1,52.1,0.32,20,95,131,30,60,1.000070997479679,0.17320508075688776
2026-08-31T22:18:42.740,125961984,P038,rhythm_normal,NORMAL,,,,589,5513857,110623,117663,110792.59,117818.76,-169.59,-155.76,-241.64,283.73,False,False,nan,True,0.951,76.31,98.07,True,0,NORMAL,1,0.95,0,771.0,54.1,52.1,0.32,20,95,131,30,60,1.000070997479679,0.17320508075688776
2026-08-31T22:18:42.751,125962000,P038,rhythm_normal,NORMAL,,,,590,5513897,110625,117588,110789.23,117814.14,-164.23,-226.14,-237.77,282.81,False,False,nan,True,0.951,76.31,98.07,True,0,NORMAL,1,0.95,0,771.0,54.1,52.1,0.32,20,95,131,30,60,1.000070997479679,0.17320508075688776
2026-08-31T22:18:42.792,125962046,P038,rhythm_normal,NORMAL,,,,591,5513937,110536,117468,110784.17,117807.22,-248.17,-339.22,-263.13,282.41,False,False,nan,True,0.951,76.31,98.07,True,0,NORMAL,1,0.95,0,771.0,54.1,52.1,0.32,20,95,131,30,60,1.000070997479679,0.17320508075688776
2026-08-31T22:18:42.919,125962171,P038,rhythm_normal,NORMAL,,,,592,5513977,110546,117492,110779.41,117800.91,-233.41,-308.91,-274.58,282.26,False,False,nan,True,0.951,76.31,98.07,True,0,NORMAL,1,0.95,0,771.0,54.1,52.1,0.32,20,95,131,30,60,1.000070997479679,0.17320508075688776
2026-08-31T22:18:42.929,125962187,P038,rhythm_normal,NORMAL,,,,593,5514017,110610,117656,110776.02,117798.02,-166.02,-142.02,-241.44,281.44,False,False,nan,True,0.951,76.31,98.07,True,0,NORMAL,1,0.95,0,771.0,54.1,52.1,0.32,20,95,131,30,60,1.000070997479679,0.17320508075688776
2026-08-31T22:18:42.939,125962187,P038,rhythm_normal,NORMAL,,,,594,5514057,110765,117862,110775.8,117799.3,-10.8,62.7,-165.4,279.12,False,False,nan,True,0.951,76.31,98.07,True,0,NORMAL,1,0.95,0,771.0,54.1,52.1,0.32,20,95,131,30,60,1.000070997479679,0.17320508075688776
2026-08-31T22:18:42.948,125962203,P038,rhythm_normal,NORMAL,,,,595,5514097,110834,117993,110776.96,117803.17,57.04,189.83,-76.59,275.07,False,False,nan,True,0.951,76.31,98.07,True,0,NORMAL,1,0.95,0,771.0,54.1,52.1,0.32,20,95,131,30,60,1.000070997479679,0.17320508075688776
2026-08-31T22:18:42.991,125962234,P038,rhythm_normal,NORMAL,,,,596,5514137,110872,118115,110778.86,117809.41,93.14,305.59,18.95,269.95,False,False,nan,True,0.951,76.31,98.07,True,0,NORMAL,1,0.95,0,771.0,54.1,52.1,0.32,20,95,131,30,60,1.000070997479679,0.17320508075688776
2026-08-31T22:18:43.118,125962375,P038,rhythm_normal,NORMAL,,,,597,5514177,110903,118204,110781.34,117817.3,121.66,386.7,110.89,266.77,False,False,nan,True,0.951,76.31,98.07,True,0,NORMAL,1,0.95,0,771.0,54.1,52.1,0.32,20,95,131,30,60,0.999850488823204,0.17320508075688776
2026-08-31T22:18:43.128,125962375,P038,rhythm_normal,NORMAL,,,,598,5514217,110938,118260,110784.48,117826.15,153.52,433.85,191.63,265.26,False,False,nan,True,0.951,76.31,98.07,True,0,NORMAL,1,0.95,0,771.0,54.1,52.1,0.32,20,95,131,30,60,0.999850488823204,0.17320508075688776
2026-08-31T22:18:43.138,125962390,P038,rhythm_normal,NORMAL,,,,599,5514257,110981,118333,110788.41,117836.29,192.59,496.71,267.9,265.32,False,False,nan,True,0.951,76.31,98.07,True,0,NORMAL,1,0.95,0,771.0,54.1,52.1,0.32,20,95,131,30,60,0.999850488823204,0.17320508075688776
2026-08-31T22:18:43.151,125962406,P038,rhythm_normal,NORMAL,,,,600,5514297,111027,118459,110793.18,117848.74,233.82,610.26,353.49,267.08,False,False,nan,True,0.951,76.31,98.07,True,0,NORMAL,1,0.95,0,771.0,54.1,52.1,0.32,20,95,131,30,60,0.999850488823204,0.17320508075688776
2026-08-31T22:18:43.191,125962437,P038,rhythm_normal,NORMAL,,,,601,5514337,111049,118546,110798.3,117862.69,250.7,683.31,435.95,270.46,False,False,nan,True,0.951,76.31,98.07,True,0,NORMAL,1,0.95,0,771.0,54.1,52.1,0.32,20,95,131,30,60,0.999850488823204,0.17320508075688776
2026-08-31T22:18:43.317,125962562,P038,rhythm_normal,NORMAL,,,,602,5514377,110863,118099,110799.59,117867.41,63.41,231.59,384.86,272.74,True,True,760.0,True,0.951,76.31,98.07,True,0,NORMAL,1,0.95,0,771.0,54.1,52.1,0.32,20,95,131,30,60,0.9994518497656603,0.17320508075688776
2026-08-31T22:18:43.327,125962578,P038,rhythm_normal,NORMAL,,,,603,5514417,110401,117225,110791.62,117854.56,-390.62,-629.56,131.25,269.91,False,False,nan,True,0.951,76.31,98.07,True,0,NORMAL,1,0.95,0,771.0,54.1,52.1,0.32,20,95,131,30,60,0.9994518497656603,0.17320508075688776
2026-08-31T22:18:43.339,125962593,P038,rhythm_normal,NORMAL,,,,604,5514457,110314,116961,110782.07,117836.69,-468.07,-875.69,-120.48,266.93,False,False,nan,True,0.951,76.31,98.07,True,0,NORMAL,1,0.95,0,771.0,54.1,52.1,0.32,20,95,131,30,60,0.9994518497656603,0.17320508075688776
2026-08-31T22:18:43.349,125962593,P038,rhythm_normal,NORMAL,,,,605,5514497,110369,117099,110773.81,117821.94,-404.81,-722.94,-271.1,267.01,False,False,nan,True,0.951,76.31,96.72,True,0,NORMAL,1,0.95,0,771.0,54.1,52.1,0.32,20,95,131,30,60,0.9994518497656603,0.17320508075688776
2026-08-31T22:18:43.391,125962640,P038,rhythm_normal,NORMAL,,,,606,5514537,110471,117317,110767.76,117811.84,-296.76,-494.84,-327.03,268.21,False,False,nan,True,0.951,76.31,96.72,True,0,NORMAL,1,0.95,0,771.0,54.1,52.1,0.32,20,95,131,30,60,0.9994518497656603,0.17320508075688776
2026-08-31T22:18:43.517,125962765,P038,rhythm_normal,NORMAL,,,,607,5514577,110569,117494,110763.78,117805.48,-194.78,-311.48,-323.14,269.31,False,False,nan,True,0.951,76.31,96.72,True,0,NORMAL,1,0.95,0,771.0,54.1,52.1,0.32,20,95,131,30,60,0.999850488823204,0.17320508075688776
2026-08-31T22:18:43.528,125962781,P038,rhythm_normal,NORMAL,,,,608,5514617,110618,117623,110760.87,117801.83,-142.87,-178.83,-287.06,269.66,False,False,nan,True,0.951,76.31,96.72,True,0,NORMAL,1,0.95,0,771.0,54.1,52.1,0.32,20,95,131,30,60,0.999850488823204,0.17320508075688776
2026-08-31T22:18:43.540,125962796,P038,rhythm_normal,NORMAL,,,,609,5514657,110527,117444,110756.19,117794.67,-229.19,-350.67,-302.97,270.33,False,False,nan,True,0.951,76.31,96.72,True,0,NORMAL,1,0.95,0,771.0,54.1,52.1,0.32,20,95,131,30,60,0.999850488823204,0.17320508075688776
2026-08-31T22:18:43.548,125962796,P038,rhythm_normal,NORMAL,,,,610,5514697,110458,117254,110750.23,117783.86,-292.23,-529.86,-359.69,272.12,False,False,nan,True,0.951,76.31,96.72,True,0,NORMAL,1,0.95,0,771.0,54.1,52.1,0.32,20,95,131,30,60,0.999850488823204,0.17320508075688776
2026-08-31T22:18:43.591,125962843,P038,rhythm_normal,NORMAL,,,,611,5514737,110454,117271,110744.3,117773.6,-290.3,-502.6,-395.42,274.58,False,False,nan,True,0.951,76.31,96.72,True,0,NORMAL,1,0.95,0,771.0,54.1,52.1,0.32,20,95,131,30,60,0.999850488823204,0.17320508075688776
2026-08-31T22:18:43.717,125962968,P038,rhythm_normal,NORMAL,,,,612,5514777,110541,117493,110740.24,117767.99,-199.24,-274.99,-365.31,276.4,False,False,nan,True,0.951,76.31,96.72,True,0,NORMAL,1,0.95,0,771.0,54.1,52.1,0.32,20,95,131,30,60,0.999850488823204,0.17320508075688776
2026-08-31T22:18:43.729,125962984,P038,rhythm_normal,NORMAL,,,,613,5514817,110645,117672,110738.34,117766.07,-93.34,-94.07,-297.5,276.82,False,False,nan,True,0.951,76.31,96.72,True,0,NORMAL,1,0.95,0,771.0,54.1,52.1,0.32,20,95,131,30,60,0.999850488823204,0.17320508075688776
2026-08-31T22:18:43.739,125962984,P038,rhythm_normal,NORMAL,,,,614,5514857,110679,117789,110737.15,117766.53,-58.15,22.47,-217.51,275.63,False,False,nan,True,0.951,76.31,96.72,True,0,NORMAL,1,0.95,0,771.0,54.1,52.1,0.32,20,95,131,30,60,0.999850488823204,0.17320508075688776
2026-08-31T22:18:43.749,125963000,P038,rhythm_normal,NORMAL,,,,615,5514897,110725,117866,110736.91,117768.52,-11.91,97.48,-138.76,272.9,False,False,nan,True,0.951,76.31,96.72,True,0,NORMAL,1,0.95,0,771.0,54.1,52.1,0.32,20,95,131,30,60,0.999850488823204,0.17320508075688776
2026-08-31T22:18:43.791,125963046,P038,rhythm_normal,NORMAL,,,,616,5514937,110769,117943,110737.55,117772.02,31.45,170.98,-61.33,268.66,False,False,nan,True,0.951,76.31,96.72,True,0,NORMAL,1,0.95,0,771.0,54.1,52.1,0.32,20,95,131,30,60,0.999850488823204,0.17320508075688776
2026-08-31T22:18:43.917,125963171,P038,rhythm_normal,NORMAL,,,,617,5514977,110792,118022,110738.63,117777.02,53.37,244.98,15.25,263.6,False,False,nan,True,0.951,76.31,96.72,True,0,NORMAL,1,0.95,0,771.0,54.1,52.1,0.32,20,95,131,30,60,1.000070997479679,0.17320508075688776
2026-08-31T22:18:43.929,125963187,P038,rhythm_normal,NORMAL,,,,618,5515017,110851,118124,110740.88,117783.95,110.12,340.05,96.45,260.25,False,False,nan,True,0.951,76.31,96.72,True,0,NORMAL,1,0.95,0,771.0,54.1,52.1,0.32,20,95,131,30,60,1.000070997479679,0.17320508075688776
2026-08-31T22:18:43.938,125963187,P038,rhythm_normal,NORMAL,,,,619,5515057,110867,118156,110743.41,117791.39,123.59,364.61,163.49,258.32,False,False,nan,True,0.951,76.31,96.72,True,0,NORMAL,1,0.95,0,771.0,54.1,52.1,0.32,20,95,131,30,60,1.000070997479679,0.17320508075688776
2026-08-31T22:18:43.954,125963203,P038,rhythm_normal,NORMAL,,,,620,5515097,110579,117591,110740.12,117787.38,-161.12,-196.38,73.52,254.62,True,True,720.0,True,0.9454,77.29,96.72,True,0,NORMAL,1,0.95,0,771.0,54.1,52.1,0.32,20,95,131,30,60,1.000070997479679,0.17320508075688776
2026-08-31T22:18:43.991,125963250,P038,rhythm_normal,NORMAL,,,,621,5515137,110196,116833,110729.23,117768.3,-533.23,-935.3,-178.68,253.1,False,False,nan,True,0.9454,77.29,96.72,True,0,NORMAL,1,0.95,0,771.0,54.1,52.1,0.32,20,95,131,30,60,1.000070997479679,0.17320508075688776
2026-08-31T22:18:44.117,125963375,P038,rhythm_normal,NORMAL,,,,622,5515177,110090,116638,110716.45,117745.69,-626.45,-1107.69,-410.93,256.26,False,False,nan,True,0.9454,77.29,96.72,True,0,NORMAL,1,0.95,0,771.0,54.1,52.1,0.32,20,95,131,30,60,1.000070997479679,0.17320508075688776
2026-08-31T22:18:44.129,125963375,P038,rhythm_normal,NORMAL,,,,623,5515217,110167,116797,110705.46,117726.71,-538.46,-929.71,-540.63,261.95,False,False,nan,True,0.9454,77.29,96.72,True,0,NORMAL,1,0.95,0,771.0,54.1,52.1,0.32,20,95,131,30,60,1.000070997479679,0.17320508075688776
2026-08-31T22:18:44.139,125963390,P038,rhythm_normal,NORMAL,,,,624,5515257,110252,116973,110696.39,117711.64,-444.39,-738.64,-590.13,268.51,False,False,nan,True,0.9454,77.29,96.72,True,0,NORMAL,1,0.95,0,771.0,54.1,52.1,0.32,20,95,131,30,60,1.000070997479679,0.17320508075688776
2026-08-31T22:18:44.150,125963406,P038,rhythm_normal,NORMAL,,,,625,5515297,110321,117128,110688.88,117699.97,-367.88,-571.97,-585.59,274.85,False,False,nan,True,0.9454,77.29,96.72,True,0,NORMAL,1,0.95,0,771.0,54.1,52.1,0.32,20,95,131,30,60,1.000070997479679,0.17320508075688776
2026-08-31T22:18:44.202,125963453,P038,rhythm_normal,NORMAL,,,,626,5515337,110364,117214,110682.38,117690.25,-318.38,-476.25,-558.26,280.52,False,False,nan,True,0.9454,77.29,96.72,True,0,NORMAL,1,0.95,0,771.0,54.1,52.1,0.32,20,95,131,30,60,1.000070997479679,0.17320508075688776
2026-08-31T22:18:44.317,125963562,P038,rhythm_normal,NORMAL,,,,627,5515377,110294,117087,110674.62,117678.19,-380.62,-591.19,-566.49,286.24,False,False,nan,True,0.9454,77.29,96.72,True,0,NORMAL,1,0.95,0,771.0,54.1,52.1,0.32,20,95,131,30,60,0.999850488823204,0.17320508075688776
2026-08-31T22:18:44.328,125963578,P038,rhythm_normal,NORMAL,,,,628,5515417,110241,116985,110665.95,117664.32,-424.95,-679.32,-594.7,292.41,False,False,nan,True,0.9454,77.29,96.72,True,0,NORMAL,1,0.95,0,771.0,54.1,52.1,0.32,20,95,131,30,60,0.999850488823204,0.17320508075688776
2026-08-31T22:18:44.339,125963593,P038,rhythm_normal,NORMAL,,,,629,5515457,110284,117084,110658.3,117652.71,-374.3,-568.71,-588.2,298.32,False,False,nan,True,0.9454,77.29,96.72,True,0,NORMAL,1,0.95,0,771.0,54.1,52.1,0.32,20,95,131,30,60,0.999850488823204,0.17320508075688776
2026-08-31T22:18:44.349,125963593,P038,rhythm_normal,NORMAL,,,,630,5515497,110372,117268,110652.58,117645.02,-280.58,-377.02,-535.4,303.07,False,False,nan,True,0.9454,77.29,96.72,True,0,NORMAL,1,0.95,0,771.0,54.1,52.1,0.32,20,95,131,30,60,0.999850488823204,0.17320508075688776
2026-08-31T22:18:44.391,125963640,P038,rhythm_normal,NORMAL,,,,631,5515537,110445,117414,110648.43,117640.4,-203.43,-226.4,-458.15,306.17,False,False,nan,True,0.9454,77.29,96.72,True,0,NORMAL,1,0.95,0,771.0,54.1,52.1,0.32,20,95,131,30,60,0.999850488823204,0.17320508075688776
2026-08-31T22:18:44.518,125963765,P038,rhythm_normal,NORMAL,,,,632,5515577,110493,117527,110645.32,117638.13,-152.32,-111.13,-371.4,307.47,False,False,nan,True,0.9454,77.29,96.72,True,0,NORMAL,1,0.95,0,771.0,54.1,52.1,0.32,20,95,131,30,60,0.999850488823204,0.17320508075688776
2026-08-31T22:18:44.528,125963781,P038,rhythm_normal,NORMAL,,,,633,5515617,110549,117635,110643.39,117638.07,-94.39,-3.07,-279.32,306.91,False,False,nan,True,0.9454,77.29,96.72,True,0,NORMAL,1,0.95,0,771.0,54.1,52.1,0.32,20,95,131,30,60,0.999850488823204,0.17320508075688776
2026-08-31T22:18:44.538,125963781,P038,rhythm_normal,NORMAL,,,,634,5515657,110584,117716,110642.2,117639.62,-58.2,76.38,-190.39,304.58,False,False,nan,True,0.9454,77.29,96.72,True,0,NORMAL,1,0.95,0,771.0,54.1,52.1,0.32,20,95,131,30,60,0.999850488823204,0.17320508075688776
2026-08-31T22:18:44.552,125963796,P038,rhythm_normal,NORMAL,,,,635,5515697,110633,117816,110642.02,117643.16,-9.02,172.84,-99.58,300.48,False,False,nan,True,0.9454,77.29,96.72,True,0,NORMAL,1,0.95,0,771.0,54.1,52.1,0.32,20,95,131,30,60,0.999850488823204,0.17320508075688776
2026-08-31T22:18:44.591,125963843,P038,rhythm_normal,NORMAL,,,,636,5515737,110695,117946,110643.08,117649.21,51.92,296.79,-0.49,294.48,False,False,nan,True,0.9454,77.29,96.72,True,0,NORMAL,1,0.95,0,771.0,54.1,52.1,0.32,20,95,131,30,60,0.999850488823204,0.17320508075688776
2026-08-31T22:18:44.716,125963968,P038,rhythm_normal,NORMAL,,,,637,5515777,110689,117925,110644.0,117654.73,45.0,270.27,67.2,289.93,False,False,nan,True,0.9454,77.29,96.72,True,0,NORMAL,1,0.95,0,771.0,54.1,52.1,0.32,20,95,131,30,60,0.999850488823204,0.17320508075688776
2026-08-31T22:18:44.729,125963984,P038,rhythm_normal,NORMAL,,,,638,5515817,110347,117255,110638.06,117646.73,-291.06,-391.73,-47.53,285.09,False,False,nan,True,0.9454,77.29,96.72,True,0,NORMAL,1,0.95,0,771.0,54.1,52.1,0.32,20,95,131,30,60,0.999850488823204,0.17320508075688776
2026-08-31T22:18:44.740,125963984,P038,rhythm_normal,NORMAL,,,,639,5515857,110015,116588,110625.6,117625.56,-610.6,-1037.56,-295.04,285.29,False,False,nan,True,0.9454,77.29,96.72,True,0,NORMAL,1,0.95,0,771.0,54.1,52.1,0.32,20,95,131,30,60,0.999850488823204,0.17320508075688776
2026-08-31T22:18:44.749,125964000,P038,rhythm_normal,NORMAL,,,,640,5515897,109943,116458,110611.95,117602.21,-668.95,-1144.21,-507.33,289.73,False,False,nan,True,0.9454,77.29,96.72,True,0,NORMAL,1,0.95,0,771.0,54.1,52.1,0.32,20,95,131,30,60,0.999850488823204,0.17320508075688776
2026-08-31T22:18:44.793,125964046,P038,rhythm_normal,NORMAL,,,,641,5515937,110016,116594,110600.03,117582.05,-584.03,-988.05,-627.51,296.48,False,False,nan,True,0.9454,77.29,96.72,True,0,NORMAL,1,0.95,0,771.0,54.1,52.1,0.32,20,95,131,30,60,0.999850488823204,0.17320508075688776
2026-08-31T22:18:44.918,125964171,P038,rhythm_normal,NORMAL,,,,642,5515977,110067,116718,110589.37,117564.77,-522.37,-846.77,-682.33,304.2,False,False,nan,True,0.9454,77.29,96.72,True,0,NORMAL,1,0.95,0,771.0,54.1,52.1,0.32,20,95,131,30,60,0.9994518497656603,0.17320508075688776
2026-08-31T22:18:44.929,125964171,P038,rhythm_normal,NORMAL,,,,643,5516017,110126,116840,110580.1,117550.27,-454.1,-710.27,-689.31,311.9,False,False,nan,True,0.9454,77.29,96.72,True,0,NORMAL,1,0.95,0,771.0,54.1,52.1,0.32,20,95,131,30,60,0.9994518497656603,0.17320508075688776
2026-08-31T22:18:44.939,125964187,P038,rhythm_normal,NORMAL,,,,644,5516057,110146,116871,110571.42,117536.69,-425.42,-665.69,-683.41,319.33,False,False,nan,True,0.9454,77.29,96.72,True,0,NORMAL,1,0.95,0,771.0,54.1,52.1,0.32,20,95,131,30,60,0.9994518497656603,0.17320508075688776
2026-08-31T22:18:44.949,125964203,P038,rhythm_normal,NORMAL,,,,645,5516097,110070,116727,110561.39,117520.49,-491.39,-793.49,-710.93,327.16,False,False,nan,True,0.9454,77.29,96.72,True,0,NORMAL,1,0.95,0,771.0,54.1,52.1,0.32,20,95,131,30,60,0.9994518497656603,0.17320508075688776
2026-08-31T22:18:44.992,125964250,P038,rhythm_normal,NORMAL,,,,646,5516137,110032,116653,110550.8,117503.14,-518.8,-850.14,-745.73,335.53,False,False,nan,True,0.9454,77.29,96.72,True,0,NORMAL,1,0.95,0,771.0,54.1,52.1,0.32,20,95,131,30,60,0.9994518497656603,0.17320508075688776
2026-08-31T22:18:45.117,125964375,P038,rhythm_normal,NORMAL,,,,647,5516177,110079,116737,110541.37,117487.82,-462.37,-750.82,-747.0,343.76,False,False,nan,True,0.9454,77.29,96.72,True,0,NORMAL,1,0.95,0,771.0,54.1,52.1,0.32,20,95,131,30,60,1.000070997479679,0.17320508075688776
2026-08-31T22:18:45.128,125964375,P038,rhythm_normal,NORMAL,,,,648,5516217,110148,116886,110533.5,117475.78,-385.5,-589.78,-707.7,351.04,False,False,nan,True,0.9454,77.29,96.72,True,0,NORMAL,1,0.95,0,771.0,54.1,52.1,0.32,20,95,131,30,60,1.000070997479679,0.17320508075688776
2026-08-31T22:18:45.139,125964390,P038,rhythm_normal,NORMAL,,,,649,5516257,110198,117020,110526.79,117466.66,-328.79,-446.66,-642.44,356.87,False,False,nan,True,0.9454,77.29,96.72,True,0,NORMAL,1,0.95,0,771.0,54.1,52.1,0.32,20,95,131,30,60,1.000070997479679,0.17320508075688776
2026-08-31T22:18:45.149,125964406,P038,rhythm_normal,NORMAL,,,,650,5516297,110256,117125,110521.38,117459.83,-265.38,-334.83,-565.54,361.04,False,False,nan,True,0.9454,77.29,96.72,True,0,NORMAL,1,0.95,0,771.0,54.1,52.1,0.32,20,95,131,30,60,1.000070997479679,0.17320508075688776
2026-08-31T22:18:45.191,125964437,P038,rhythm_normal,NORMAL,,,,651,5516337,110289,117195,110516.73,117454.53,-227.73,-259.53,-489.04,363.6,False,False,nan,True,0.9454,77.29,96.72,True,0,NORMAL,1,0.95,0,771.0,54.1,52.1,0.32,20,95,131,30,60,1.000070997479679,0.17320508075688776
2026-08-31T22:18:45.318,125964562,P038,rhythm_normal,NORMAL,,,,652,5516377,110323,117281,110512.85,117451.06,-189.85,-170.06,-409.29,364.52,False,False,nan,True,0.9454,77.29,96.72,True,0,NORMAL,1,0.95,0,771.0,54.1,52.1,0.32,20,95,131,30,60,0.999850488823204,0.17320508075688776
2026-08-31T22:18:45.328,125964578,P038,rhythm_normal,NORMAL,,,,653,5516417,110377,117382,110510.13,117449.68,-133.13,-67.68,-323.89,363.7,False,False,nan,True,0.9454,77.29,96.72,True,0,NORMAL,1,0.95,0,771.0,54.1,52.1,0.32,20,95,131,30,60,0.999850488823204,0.17320508075688776
2026-08-31T22:18:45.340,125964593,P038,rhythm_normal,NORMAL,,,,654,5516457,110422,117482,110508.37,117450.33,-86.37,31.67,-235.0,361.13,False,False,nan,True,0.9454,77.29,96.72,True,0,NORMAL,1,0.95,0,771.0,54.1,52.1,0.32,20,95,131,30,60,0.999850488823204,0.17320508075688776
2026-08-31T22:18:45.349,125964593,P038,rhythm_normal,NORMAL,,,,655,5516497,110403,117441,110506.26,117450.14,-103.26,-9.14,-178.53,357.48,False,False,nan,True,0.9454,77.29,96.72,True,0,NORMAL,1,0.95,0,771.0,54.1,52.1,0.32,20,95,131,30,60,0.999850488823204,0.17320508075688776
2026-08-31T22:18:45.391,125964640,P038,rhythm_normal,NORMAL,,,,656,5516537,110086,116821,110497.85,117437.55,-411.85,-616.55,-288.04,356.09,False,False,nan,True,0.9454,77.29,96.72,True,0,NORMAL,1,0.95,0,771.0,54.1,52.1,0.32,20,95,131,30,60,0.999850488823204,0.17320508075688776
2026-08-31T22:18:45.517,125964765,P038,rhythm_normal,NORMAL,,,,657,5516577,109810,116260,110484.09,117414.0,-674.09,-1154.0,-504.53,359.06,False,False,nan,True,0.9454,77.29,96.72,True,0,NORMAL,1,0.95,0,763.3,48.1,51.6,0.29,18,52,132,30,60,0.999850488823204,0.17320508075688776
2026-08-31T22:18:45.529,125964781,P038,rhythm_normal,NORMAL,,,,658,5516617,109759,116145,110469.59,117388.62,-710.59,-1243.62,-689.3,365.66,False,False,nan,True,0.9454,77.29,96.72,True,0,NORMAL,1,0.95,0,763.3,48.1,51.6,0.29,18,52,132,30,60,0.999850488823204,0.17320508075688776
2026-08-31T22:18:45.540,125964796,P038,rhythm_normal,NORMAL,,,,659,5516657,109824,116296,110456.68,117366.77,-632.68,-1070.77,-784.67,374.04,False,False,nan,True,0.9454,77.29,96.72,True,0,NORMAL,1,0.95,0,763.3,48.1,51.6,0.29,18,52,132,30,60,0.999850488823204,0.17320508075688776
2026-08-31T22:18:45.548,125964796,P038,rhythm_normal,NORMAL,,,,660,5516697,109870,116394,110444.95,117347.31,-574.95,-953.31,-826.83,383.1,False,False,nan,True,0.9454,77.29,96.72,True,0,NORMAL,1,0.95,0,763.3,48.1,51.6,0.29,18,52,132,30,60,0.999850488823204,0.17320508075688776
2026-08-31T22:18:45.592,125964843,P038,rhythm_normal,NORMAL,,,,661,5516737,109953,116542,110435.11,117331.2,-482.11,-789.2,-817.42,391.79,False,False,nan,True,0.9454,77.29,96.72,True,0,NORMAL,1,0.95,0,763.3,48.1,51.6,0.29,18,52,132,30,60,0.999850488823204,0.17320508075688776
2026-08-31T22:18:45.717,125964968,P038,rhythm_normal,NORMAL,,,,662,5516777,109960,116577,110425.61,117316.12,-465.61,-739.12,-797.85,399.91,False,False,nan,True,0.9454,77.29,96.72,True,0,NORMAL,1,0.95,0,763.3,48.1,51.6,0.29,18,52,132,30,60,0.999850488823204,0.17320508075688776
2026-08-31T22:18:45.729,125964984,P038,rhythm_normal,NORMAL,,,,663,5516817,109898,116468,110415.05,117299.16,-517.05,-831.16,-806.17,408.03,False,False,nan,True,0.9454,77.29,96.72,True,0,NORMAL,1,0.95,0,763.3,48.1,51.6,0.29,18,52,132,30,60,0.999850488823204,0.17320508075688776
2026-08-31T22:18:45.739,125964984,P038,rhythm_normal,NORMAL,,,,664,5516857,109869,116424,110404.13,117281.66,-535.13,-857.66,-819.04,416.25,False,False,nan,True,0.9454,77.29,96.72,True,0,NORMAL,1,0.95,0,763.3,48.1,51.6,0.29,18,52,132,30,60,0.999850488823204,0.17320508075688776
2026-08-31T22:18:45.748,125965000,P038,rhythm_normal,NORMAL,,,,665,5516897,109915,116513,110394.35,117266.28,-479.35,-753.28,-802.6,423.98,False,False,nan,True,0.9454,77.29,96.72,True,0,NORMAL,1,0.95,0,763.3,48.1,51.6,0.29,18,52,132,30,60,0.999850488823204,0.17320508075688776
2026-08-31T22:18:45.791,125965046,P038,rhythm_normal,NORMAL,,,,666,5516937,109998,116681,110386.42,117254.58,-388.42,-573.58,-745.35,430.41,False,False,nan,True,0.9454,77.29,96.72,True,0,NORMAL,1,0.95,0,763.3,48.1,51.6,0.29,18,52,132,30,60,0.999850488823204,0.17320508075688776
2026-08-31T22:18:45.916,125965171,P038,rhythm_normal,NORMAL,,,,667,5516977,110066,116832,110380.02,117246.12,-314.02,-414.12,-662.54,435.05,False,False,nan,True,0.9454,77.29,96.72,True,0,NORMAL,1,0.95,0,763.3,48.1,51.6,0.29,18,52,132,30,60,0.999850488823204,0.17320508075688776
2026-08-31T22:18:45.927,125965171,P038,rhythm_normal,NORMAL,,,,668,5517017,110121,116943,110374.84,117240.06,-253.84,-297.06,-571.17,437.77,False,False,nan,True,0.9454,77.29,96.72,True,0,NORMAL,1,0.95,0,763.3,48.1,51.6,0.29,18,52,132,30,60,0.999850488823204,0.17320508075688776
2026-08-31T22:18:45.939,125965187,P038,rhythm_normal,NORMAL,,,,669,5517057,110176,117048,110370.86,117236.22,-194.86,-188.22,-475.43,438.53,False,False,nan,True,0.9454,77.29,96.72,True,0,NORMAL,1,0.95,0,763.3,48.1,51.6,0.29,18,52,132,30,60,0.999850488823204,0.17320508075688776
2026-08-31T22:18:45.948,125965203,P038,rhythm_normal,NORMAL,,,,670,5517097,110209,117146,110367.62,117234.41,-158.62,-88.41,-378.68,437.33,False,False,nan,True,0.9454,77.29,96.72,True,0,NORMAL,1,0.95,0,763.3,48.1,51.6,0.29,18,52,132,30,60,0.999850488823204,0.17320508075688776
2026-08-31T22:18:45.991,125965250,P038,rhythm_normal,NORMAL,,,,671,5517137,110263,117258,110365.53,117234.88,-102.53,23.12,-278.23,434.15,False,False,nan,True,0.9454,77.29,96.72,True,0,NORMAL,1,0.95,0,763.3,48.1,51.6,0.29,18,52,132,30,60,0.999850488823204,0.17320508075688776
2026-08-31T22:18:46.118,125965375,P038,rhythm_normal,NORMAL,,,,672,5517177,110304,117332,110364.3,117236.83,-60.3,95.17,-184.88,429.16,False,False,nan,True,0.9454,77.29,96.72,True,0,NORMAL,1,0.95,0,763.3,48.1,51.6,0.29,18,52,132,30,60,0.999850488823204,0.17320508075688776
2026-08-31T22:18:46.129,125965375,P038,rhythm_normal,NORMAL,,,,673,5517217,110328,117370,110363.57,117239.49,-35.57,130.51,-106.03,422.7,False,False,nan,True,0.9454,77.29,96.72,True,0,NORMAL,1,0.95,0,763.3,48.1,51.6,0.29,18,52,132,30,60,0.999850488823204,0.17320508075688776
2026-08-31T22:18:46.138,125965390,P038,rhythm_normal,NORMAL,,,,674,5517257,110111,116926,110358.52,117233.22,-247.52,-307.22,-156.33,417.37,False,False,nan,True,0.9454,77.29,96.72,True,0,NORMAL,1,0.95,0,763.3,48.1,51.6,0.29,18,52,132,30,60,0.999850488823204,0.17320508075688776
2026-08-31T22:18:46.148,125965406,P038,rhythm_normal,NORMAL,,,,675,5517297,109759,116225,110346.52,117213.05,-587.52,-988.05,-364.26,416.31,False,False,nan,True,0.9454,77.29,96.72,True,0,NORMAL,1,0.95,0,763.3,48.1,51.6,0.29,18,52,132,30,60,0.999850488823204,0.17320508075688776
2026-08-31T22:18:46.192,125965437,P038,rhythm_normal,NORMAL,,,,676,5517337,109657,116012,110332.73,117189.03,-675.73,-1177.03,-567.45,419.33,False,False,nan,True,0.9454,77.29,96.72,True,0,NORMAL,1,0.95,0,763.3,48.1,51.6,0.29,18,52,132,30,60,0.999850488823204,0.17320508075688776
2026-08-31T22:18:46.317,125965562,P038,rhythm_normal,NORMAL,,,,677,5517377,109715,116129,110320.38,117167.83,-605.38,-1038.83,-685.3,424.65,False,False,nan,True,0.9454,77.29,96.72,True,0,NORMAL,1,0.95,0,763.3,48.1,51.6,0.29,18,52,132,30,60,0.999850488823204,0.17320508075688776
2026-08-31T22:18:46.328,125965578,P038,rhythm_normal,NORMAL,,,,678,5517417,109780,116258,110309.58,117149.63,-529.58,-891.63,-736.88,430.9,False,False,nan,True,0.9454,77.29,96.72,True,0,NORMAL,1,0.95,0,763.3,48.1,51.6,0.29,18,52,132,30,60,0.999850488823204,0.17320508075688776
2026-08-31T22:18:46.341,125965593,P038,rhythm_normal,NORMAL,,,,679,5517457,109832,116370,110300.02,117134.04,-468.02,-764.04,-743.67,437.15,False,False,nan,True,0.9454,77.29,96.72,True,0,NORMAL,1,0.95,0,763.3,48.1,51.6,0.29,18,52,132,30,60,0.999850488823204,0.17320508075688776
2026-08-31T22:18:46.350,125965593,P038,rhythm_normal,NORMAL,,,,680,5517497,109868,116445,110291.38,117120.26,-423.38,-675.26,-726.57,442.94,False,False,nan,True,0.9454,77.29,96.72,True,0,NORMAL,1,0.95,0,763.3,48.1,51.6,0.29,18,52,132,30,60,0.999850488823204,0.17320508075688776
2026-08-31T22:18:46.393,125965640,P038,rhythm_normal,NORMAL,,,,681,5517537,109805,116326,110281.66,117104.38,-476.66,-778.38,-739.52,448.87,False,False,nan,True,0.9454,77.29,96.72,True,0,NORMAL,1,0.95,0,763.3,48.1,51.6,0.29,18,52,132,30,60,0.999850488823204,0.17320508075688776
2026-08-31T22:18:46.518,125965765,P038,rhythm_normal,NORMAL,,,,682,5517577,109769,116239,110271.41,117087.07,-502.41,-848.07,-766.66,455.23,False,False,nan,True,0.9454,77.29,96.72,True,0,NORMAL,1,0.95,0,763.3,48.1,51.6,0.29,18,52,132,30,60,0.999850488823204,0.17320508075688776
2026-08-31T22:18:46.529,125965781,P038,rhythm_normal,NORMAL,,,,683,5517617,109796,116317,110261.9,117071.67,-465.9,-754.67,-763.66,461.4,False,False,nan,True,0.9454,77.29,96.72,True,0,NORMAL,1,0.95,0,763.3,48.1,51.6,0.29,18,52,132,30,60,0.999850488823204,0.17320508075688776
2026-08-31T22:18:46.539,125965796,P038,rhythm_normal,NORMAL,,,,684,5517657,109872,116478,110254.1,117059.8,-382.1,-581.8,-718.19,466.53,False,False,nan,True,0.9454,77.29,96.72,True,0,NORMAL,1,0.95,0,763.3,48.1,51.6,0.29,18,52,132,30,60,0.999850488823204,0.17320508075688776
2026-08-31T22:18:46.547,125965796,P038,rhythm_normal,NORMAL,,,,685,5517697,109947,116625,110247.96,117051.1,-300.96,-426.1,-645.17,470.1,False,False,nan,True,0.9454,77.29,96.72,True,0,NORMAL,1,0.95,0,763.3,48.1,51.6,0.29,18,52,132,30,60,0.999850488823204,0.17320508075688776
2026-08-31T22:18:46.591,125965843,P038,rhythm_normal,NORMAL,,,,686,5517737,110004,116728,110243.08,117044.64,-239.08,-316.64,-563.04,471.96,False,False,nan,True,0.9454,77.29,96.72,True,0,NORMAL,1,0.95,0,763.3,48.1,51.6,0.29,18,52,132,30,60,0.999850488823204,0.17320508075688776
2026-08-31T22:18:46.717,125965968,P038,rhythm_normal,NORMAL,,,,687,5517777,110032,116788,110238.86,117039.51,-206.86,-251.51,-485.16,472.23,False,False,nan,True,0.9454,77.29,96.72,True,0,NORMAL,1,0.95,0,763.3,48.1,51.6,0.29,18,52,132,30,60,0.999850488823204,0.17320508075688776
2026-08-31T22:18:46.727,125965984,P038,rhythm_normal,NORMAL,,,,688,5517817,110066,116862,110235.4,117035.96,-169.4,-173.96,-407.36,470.93,False,False,nan,True,0.9454,77.29,96.72,True,0,NORMAL,1,0.95,0,763.3,48.1,51.6,0.29,18,52,132,30,60,0.999850488823204,0.17320508075688776
2026-08-31T22:18:46.739,125965984,P038,rhythm_normal,NORMAL,,,,689,5517857,110103,116943,110232.75,117034.1,-129.75,-91.1,-328.29,468.08,False,False,nan,True,0.9454,77.29,96.72,True,0,NORMAL,1,0.95,0,763.3,48.1,51.6,0.29,18,52,132,30,60,0.999850488823204,0.17320508075688776
2026-08-31T22:18:46.747,125966000,P038,rhythm_normal,NORMAL,,,,690,5517897,110140,117035,110230.9,117034.12,-90.9,0.88,-246.0,463.64,False,False,nan,True,0.9454,77.29,96.72,True,0,NORMAL,1,0.95,0,763.3,48.1,51.6,0.29,18,52,132,30,60,0.999850488823204,0.17320508075688776
2026-08-31T22:18:46.791,125966046,P038,rhythm_normal,NORMAL,,,,691,5517937,110181,117106,110229.9,117035.55,-48.9,70.45,-166.89,457.7,False,False,nan,True,0.9454,77.29,96.72,True,0,NORMAL,1,0.95,0,763.3,48.1,51.6,0.29,18,52,132,30,60,0.999850488823204,0.17320508075688776
2026-08-31T22:18:46.916,125966171,P038,rhythm_normal,NORMAL,,,,692,5517977,110015,116759,110225.6,117030.02,-210.6,-271.02,-192.92,452.4,False,False,nan,True,0.9454,77.29,96.72,True,0,NORMAL,1,0.95,0,763.3,48.1,51.6,0.29,18,52,132,30,60,0.999850488823204,0.17320508075688776
2026-08-31T22:18:46.928,125966171,P038,rhythm_normal,NORMAL,,,,693,5518017,109669,116063,110214.47,117010.68,-545.47,-947.68,-381.61,450.99,False,False,nan,True,0.9454,77.29,96.72,True,0,NORMAL,1,0.95,0,763.3,48.1,51.6,0.29,18,52,132,30,60,0.999850488823204,0.17320508075688776
2026-08-31T22:18:46.939,125966187,P038,rhythm_normal,NORMAL,,,,694,5518057,109555,115805,110201.28,116986.56,-646.28,-1181.56,-581.6,453.6,False,False,nan,True,0.9454,77.29,96.72,True,0,NORMAL,1,0.95,0,763.3,48.1,51.6,0.29,18,52,132,30,60,0.999850488823204,0.17320508075688776
2026-08-31T22:18:46.948,125966203,P038,rhythm_normal,NORMAL,,,,695,5518097,109581,115888,110188.88,116964.59,-607.88,-1076.59,-705.35,458.64,False,False,nan,True,0.9454,77.29,96.72,True,0,NORMAL,1,0.95,0,763.3,48.1,51.6,0.29,18,52,132,30,60,0.999850488823204,0.17320508075688776
2026-08-31T22:18:46.991,125966234,P038,rhythm_normal,NORMAL,,,,696,5518137,109647,116036,110178.04,116946.02,-531.04,-910.02,-756.52,464.59,False,False,nan,True,0.9454,77.29,96.72,True,0,NORMAL,1,0.95,0,763.3,48.1,51.6,0.29,18,52,132,30,60,0.999850488823204,0.17320508075688776
2026-08-31T22:18:47.116,125966375,P038,rhythm_normal,NORMAL,,,,697,5518177,109716,116171,110168.8,116930.52,-452.8,-759.52,-757.27,470.45,False,False,nan,True,0.9454,77.29,96.72,True,0,NORMAL,1,0.95,0,763.3,48.1,51.6,0.29,18,52,132,30,60,0.999850488823204,0.17320508075688776
2026-08-31T22:18:47.128,125966375,P038,rhythm_normal,NORMAL,,,,698,5518217,109774,116273,110160.9,116917.38,-386.9,-644.38,-729.05,475.62,False,False,nan,True,0.9454,77.29,96.72,True,0,NORMAL,1,0.95,0,763.3,48.1,51.6,0.29,18,52,132,30,60,0.999850488823204,0.17320508075688776
2026-08-31T22:18:47.141,125966390,P038,rhythm_normal,NORMAL,,,,699,5518257,109716,116170,110152.0,116902.43,-436.0,-732.43,-729.89,480.7,False,False,nan,True,0.9454,77.29,96.72,True,0,NORMAL,1,0.95,0,763.3,48.1,51.6,0.29,18,52,132,30,60,0.999850488823204,0.17320508075688776
2026-08-31T22:18:47.153,125966406,P038,rhythm_normal,NORMAL,,,,700,5518297,109682,116099,110142.6,116886.36,-460.6,-787.36,-744.26,485.98,False,False,nan,True,0.9454,77.29,96.72,True,0,NORMAL,1,0.95,0,763.3,48.1,51.6,0.29,18,52,132,30,60,0.999850488823204,0.17320508075688776
2026-08-31T22:18:47.198,125966453,P038,rhythm_normal,NORMAL,,,,701,5518337,109721,116202,110134.17,116872.67,-413.17,-670.67,-725.86,490.77,False,False,nan,True,0.9454,77.29,96.72,True,0,NORMAL,1,0.95,0,763.3,48.1,51.6,0.29,18,52,132,30,60,0.999850488823204,0.17320508075688776
2026-08-31T22:18:47.317,125966562,P038,rhythm_normal,NORMAL,,,,702,5518377,109814,116380,110127.77,116862.82,-313.77,-482.82,-665.1,494.26,False,False,nan,True,0.9454,77.29,96.72,True,0,NORMAL,1,0.95,0,763.3,48.1,51.6,0.29,18,52,132,30,60,0.999850488823204,0.17320508075688776
2026-08-31T22:18:47.327,125966578,P038,rhythm_normal,NORMAL,,,,703,5518417,109886,116527,110122.93,116856.1,-236.93,-329.1,-581.1,496.0,False,False,nan,True,0.9454,77.29,96.72,True,0,NORMAL,1,0.95,0,763.3,48.1,51.6,0.29,18,52,132,30,60,0.999850488823204,0.17320508075688776
2026-08-31T22:18:47.340,125966593,P038,rhythm_normal,NORMAL,,,,704,5518457,109946,116646,110119.39,116851.9,-173.39,-205.9,-487.3,495.82,False,False,nan,True,0.9454,77.29,96.72,True,0,NORMAL,1,0.95,0,763.3,48.1,51.6,0.29,18,52,132,30,60,0.999850488823204,0.17320508075688776
2026-08-31T22:18:47.349,125966593,P038,rhythm_normal,NORMAL,,,,705,5518497,109999,116746,110116.98,116849.78,-117.98,-103.78,-391.42,493.73,False,False,nan,True,0.9454,77.29,95.2,True,0,NORMAL,1,0.95,0,763.3,48.1,51.6,0.29,18,52,132,30,60,0.999850488823204,0.17320508075688776
2026-08-31T22:18:47.391,125966640,P038,rhythm_normal,NORMAL,,,,706,5518537,110034,116838,110115.33,116849.55,-81.33,-11.55,-296.45,489.79,False,False,nan,True,0.9454,77.29,95.2,True,0,NORMAL,1,0.95,0,763.3,48.1,51.6,0.29,18,52,132,30,60,0.999850488823204,0.17320508075688776
2026-08-31T22:18:47.517,125966765,P038,rhythm_normal,NORMAL,,,,707,5518577,110099,116962,110115.0,116851.8,-16.0,110.2,-194.79,483.89,False,False,nan,True,0.9454,77.29,95.2,True,0,NORMAL,1,0.95,0,763.3,48.1,51.6,0.29,18,52,132,30,60,0.999850488823204,0.17320508075688776
2026-08-31T22:18:47.529,125966781,P038,rhythm_normal,NORMAL,,,,708,5518617,110165,117078,110116.0,116856.32,49.0,221.68,-90.67,476.02,False,False,nan,True,0.9454,77.29,95.2,True,0,NORMAL,1,0.95,0,763.3,48.1,51.6,0.29,18,52,132,30,60,0.999850488823204,0.17320508075688776
2026-08-31T22:18:47.537,125966781,P038,rhythm_normal,NORMAL,,,,709,5518657,110199,117158,110117.66,116862.35,81.34,295.65,5.91,466.62,False,False,nan,True,0.9454,77.29,95.2,True,0,NORMAL,1,0.95,0,763.3,48.1,51.6,0.29,18,52,132,30,60,0.999850488823204,0.17320508075688776
2026-08-31T22:18:47.550,125966796,P038,rhythm_normal,NORMAL,,,,710,5518697,109955,116654,110114.41,116858.19,-159.41,-204.19,-46.62,458.22,False,False,nan,True,0.9454,77.29,95.2,True,0,NORMAL,1,0.95,0,763.3,48.1,51.6,0.29,18,52,132,30,60,0.999850488823204,0.17320508075688776
2026-08-31T22:18:47.591,125966843,P038,rhythm_normal,NORMAL,,,,711,5518737,109666,116096,110105.44,116842.95,-439.44,-746.95,-221.7,453.49,False,False,nan,True,0.9454,77.29,95.2,True,0,NORMAL,1,0.95,0,763.3,48.1,51.6,0.29,18,52,132,30,60,0.999850488823204,0.17320508075688776
2026-08-31T22:18:47.718,125966968,P038,rhythm_normal,NORMAL,,,,712,5518777,109659,116074,110096.51,116827.57,-437.51,-753.57,-354.67,451.52,False,False,nan,True,0.9454,77.29,95.2,True,0,NORMAL,1,0.95,0,763.3,48.1,51.6,0.29,18,52,132,30,60,1.000070997479679,0.17320508075688776
2026-08-31T22:18:47.728,125966984,P038,rhythm_normal,NORMAL,,,,713,5518817,109783,116320,110090.23,116817.42,-307.23,-497.42,-390.35,450.29,False,False,nan,True,0.9454,77.29,95.2,True,0,NORMAL,1,0.95,0,763.3,48.1,51.6,0.29,18,52,132,30,60,1.000070997479679,0.17320508075688776
2026-08-31T22:18:47.739,125966984,P038,rhythm_normal,NORMAL,,,,714,5518857,109876,116520,110085.95,116811.48,-209.95,-291.48,-365.64,448.6,False,False,nan,True,0.9454,77.29,95.2,True,0,NORMAL,1,0.95,0,763.3,48.1,51.6,0.29,18,52,132,30,60,1.000070997479679,0.17320508075688776
2026-08-31T22:18:47.751,125967000,P038,rhythm_normal,NORMAL,,,,715,5518897,109995,116756,110084.13,116810.37,-89.13,-54.37,-287.82,445.38,False,False,nan,True,0.9454,77.29,95.2,True,0,NORMAL,1,0.95,0,763.3,48.1,51.6,0.29,18,52,132,30,60,1.000070997479679,0.17320508075688776
2026-08-31T22:18:47.793,125967046,P038,rhythm_normal,NORMAL,,,,716,5518937,110061,116891,110083.67,116811.98,-22.67,79.02,-196.11,440.4,False,False,nan,True,0.9454,77.29,95.2,True,0,NORMAL,1,0.95,0,763.3,48.1,51.6,0.29,18,52,132,30,60,1.000070997479679,0.17320508075688776
2026-08-31T22:18:47.918,125967171,P038,rhythm_normal,NORMAL,,,,717,5518977,109992,116750,110081.84,116810.73,-89.84,-60.73,-162.26,434.84,False,False,nan,True,0.9454,77.29,95.2,True,0,NORMAL,1,0.95,0,763.3,48.1,51.6,0.29,18,52,132,30,60,0.999850488823204,0.17320508075688776
2026-08-31T22:18:47.929,125967171,P038,rhythm_normal,NORMAL,,,,718,5519027,109986,116767,110079.92,116809.86,-93.92,-42.86,-132.41,428.79,False,False,nan,True,0.9454,77.29,95.2,True,0,NORMAL,1,0.95,0,763.3,48.1,51.6,0.29,18,52,132,30,60,0.999850488823204,0.17320508075688776
2026-08-31T22:18:47.938,125967187,P038,rhythm_normal,NORMAL,,,,719,5519057,110071,116940,110079.74,116812.46,-8.74,127.54,-67.43,421.56,False,False,nan,True,0.9454,77.29,95.2,True,0,NORMAL,1,0.95,0,763.3,48.1,51.6,0.29,18,52,132,30,60,0.999850488823204,0.17320508075688776
2026-08-31T22:18:47.961,125967218,P038,rhythm_normal,NORMAL,,,,720,5519107,110190,117134,110081.95,116818.89,108.05,315.11,28.21,413.69,False,False,nan,True,0.9454,77.29,95.2,True,0,NORMAL,1,0.95,0,763.3,48.1,51.6,0.29,18,52,132,30,60,0.999850488823204,0.17320508075688776
2026-08-31T22:18:48.002,125967250,P038,rhythm_normal,NORMAL,,,,721,5519147,110283,117265,110085.97,116827.81,197.03,437.19,130.45,408.03,False,False,nan,True,0.9454,77.29,95.2,True,0,NORMAL,1,0.95,0,763.3,48.1,51.6,0.29,18,52,132,30,60,0.999850488823204,0.17320508075688776
2026-08-31T22:18:48.125,125967375,P038,rhythm_normal,NORMAL,,,,722,5519187,110372,117440,110091.69,116840.05,280.31,599.95,247.83,404.82,False,False,nan,True,0.9454,77.29,95.2,True,0,NORMAL,1,0.95,0,763.3,48.1,51.6,0.29,18,52,132,30,60,1.000070997479679,0.17320508075688776
2026-08-31T22:18:48.136,125967390,P038,rhythm_normal,NORMAL,,,,723,5519227,110434,117650,110098.53,116856.25,335.47,793.75,384.31,404.41,False,False,nan,True,0.9454,77.29,95.2,True,0,NORMAL,1,0.95,0,763.3,48.1,51.6,0.29,18,52,132,30,60,1.000070997479679,0.17320508075688776
2026-08-31T22:18:48.139,125967390,P038,rhythm_normal,NORMAL,,,,724,5519267,110487,117738,110106.3,116873.88,380.7,864.12,504.26,406.41,False,False,nan,True,0.9454,77.29,95.2,True,0,NORMAL,1,0.95,0,763.3,48.1,51.6,0.29,18,52,132,30,60,1.000070997479679,0.17320508075688776
2026-08-31T22:18:48.161,125967406,P038,rhythm_normal,NORMAL,,,,725,5519307,110552,117835,110115.21,116893.1,436.79,941.9,613.67,410.56,False,False,nan,True,0.9454,77.29,95.2,True,0,NORMAL,1,0.95,0,763.3,48.1,51.6,0.29,18,52,132,30,60,1.000070997479679,0.17320508075688776
2026-08-31T22:18:48.202,125967453,P038,rhythm_normal,NORMAL,,,,726,5519347,110645,118057,110125.8,116916.38,519.2,1140.62,745.41,417.25,False,False,nan,True,0.9454,77.29,95.2,True,0,NORMAL,1,0.95,0,763.3,48.1,51.6,0.29,18,52,132,30,60,1.000070997479679,0.17320508075688776
2026-08-31T22:18:48.318,125967562,P038,rhythm_normal,NORMAL,,,,727,5519387,110693,118183,110137.15,116941.72,555.85,1241.28,869.38,426.29,False,False,nan,True,0.9454,77.29,95.2,True,0,NORMAL,1,0.95,0,763.3,48.1,51.6,0.29,18,52,132,30,60,0.999850488823204,0.17320508075688776
2026-08-31T22:18:48.329,125967578,P038,rhythm_normal,NORMAL,,,,728,5519427,110458,117662,110143.56,116956.12,314.44,705.88,828.5,434.34,True,False,nan,True,0.9454,77.29,95.2,True,0,NORMAL,1,0.95,0,763.3,48.1,51.6,0.29,18,52,132,30,60,0.999850488823204,0.17320508075688776
2026-08-31T22:18:48.339,125967593,P038,rhythm_normal,NORMAL,,,,729,5519467,109966,116629,110140.01,116949.59,-174.01,-320.59,541.23,436.48,False,False,nan,True,0.9454,77.29,95.2,True,0,NORMAL,1,0.95,0,763.3,48.1,51.6,0.29,18,52,132,30,60,0.999850488823204,0.17320508075688776
2026-08-31T22:18:48.362,125967609,P038,rhythm_normal,NORMAL,,,,730,5519507,109891,116529,110135.03,116941.17,-244.03,-412.17,302.88,433.8,False,False,nan,True,0.9454,77.29,95.2,True,0,NORMAL,1,0.95,0,763.3,48.1,51.6,0.29,18,52,132,30,60,0.999850488823204,0.17320508075688776
2026-08-31T22:18:48.401,125967656,P038,rhythm_normal,NORMAL,,,,731,5519547,110023,116777,110132.79,116937.89,-109.79,-160.89,186.94,428.87,False,False,nan,True,0.9454,77.29,95.2,True,0,NORMAL,1,0.95,0,763.3,48.1,51.6,0.29,18,52,132,30,60,0.999850488823204,0.17320508075688776
2026-08-31T22:18:48.518,125967765,P038,rhythm_normal,NORMAL,,,,732,5519587,110119,116930,110132.52,116937.73,-13.52,-7.73,138.27,423.06,False,False,nan,True,0.9454,77.29,95.2,True,0,NORMAL,1,0.95,0,763.3,48.1,51.6,0.29,18,52,132,30,60,0.999850488823204,0.17320508075688776
2026-08-31T22:18:48.527,125967781,P038,rhythm_normal,NORMAL,,,,733,5519627,110214,117090,110134.15,116940.78,79.85,149.22,141.01,417.41,False,False,nan,True,0.9454,77.29,95.2,True,0,NORMAL,1,0.95,0,763.3,48.1,51.6,0.29,18,52,132,30,60,0.999850488823204,0.17320508075688776
2026-08-31T22:18:48.537,125967781,P038,rhythm_normal,NORMAL,,,,734,5519667,110280,117255,110137.06,116947.06,142.94,307.94,182.74,412.72,False,False,nan,True,0.9454,77.29,95.2,True,0,NORMAL,1,0.95,0,763.3,48.1,51.6,0.29,18,52,132,30,60,0.999850488823204,0.17320508075688776
2026-08-31T22:18:48.563,125967812,P038,rhythm_normal,NORMAL,,,,735,5519707,110226,117191,110138.84,116951.94,87.16,239.06,196.82,408.4,False,False,nan,True,0.9454,77.29,95.2,True,0,NORMAL,1,0.95,0,763.3,48.1,51.6,0.29,18,52,132,30,60,0.999850488823204,0.17320508075688776
2026-08-31T22:18:48.601,125967859,P038,rhythm_normal,NORMAL,,,,736,5519747,110126,117045,110138.59,116953.8,-12.59,91.2,170.42,403.64,True,False,nan,True,0.9454,77.29,95.2,True,0,NORMAL,1,0.95,0,763.3,48.1,51.6,0.29,18,52,132,30,60,0.999850488823204,0.17320508075688776
2026-08-31T22:18:48.719,125967968,P038,rhythm_normal,NORMAL,,,,737,5519787,110248,117140,110140.77,116957.52,107.23,182.48,173.43,399.04,False,False,nan,True,0.9454,77.29,95.2,True,0,NORMAL,1,0.95,0,763.3,48.1,51.6,0.29,18,52,132,30,60,0.999850488823204,0.17320508075688776
2026-08-31T22:18:48.729,125967984,P038,rhythm_normal,NORMAL,,,,738,5519827,110309,117337,110144.14,116965.11,164.86,371.89,223.05,395.52,False,False,nan,True,0.9454,77.29,95.2,True,0,NORMAL,1,0.95,0,763.3,48.1,51.6,0.29,18,52,132,30,60,0.999850488823204,0.17320508075688776
2026-08-31T22:18:48.739,125967984,P038,rhythm_normal,NORMAL,,,,739,5519867,110434,117542,110149.94,116976.65,284.06,565.35,308.62,393.78,False,False,nan,True,0.9454,77.29,95.2,True,0,NORMAL,1,0.95,0,763.3,48.1,51.6,0.29,18,52,132,30,60,0.999850488823204,0.17320508075688776
2026-08-31T22:18:48.762,125968015,P038,rhythm_normal,NORMAL,,,,740,5519907,110464,117672,110156.22,116990.55,307.78,681.45,401.83,393.94,False,False,nan,True,0.9454,77.29,95.2,True,0,NORMAL,1,0.95,0,763.3,48.1,51.6,0.29,18,52,132,30,60,0.999850488823204,0.17320508075688776
2026-08-31T22:18:48.801,125968046,P038,rhythm_normal,NORMAL,,,,741,5519947,110435,117697,110161.8,117004.68,273.2,692.32,474.45,395.55,False,False,nan,True,0.9454,77.29,95.2,True,0,NORMAL,1,0.95,0,763.3,48.1,51.6,0.29,18,52,132,30,60,0.999850488823204,0.17320508075688776
2026-08-31T22:18:48.918,125968171,P038,rhythm_normal,NORMAL,,,,742,5519987,110557,117811,110169.7,117020.8,387.3,790.2,553.39,398.71,False,False,nan,True,0.9454,77.29,95.2,True,0,NORMAL,1,0.95,0,763.3,48.1,51.6,0.29,18,52,132,30,60,0.999850488823204,0.17320508075688776
2026-08-31T22:18:48.928,125968171,P038,rhythm_normal,NORMAL,,,,743,5520027,110546,117891,110177.23,117038.21,368.77,852.79,628.24,403.3,False,False,nan,True,0.9454,77.29,95.2,True,0,NORMAL,1,0.95,0,763.3,48.1,51.6,0.29,18,52,132,30,60,0.999850488823204,0.17320508075688776
2026-08-31T22:18:48.937,125968187,P038,rhythm_normal,NORMAL,,,,744,5520067,110576,118001,110185.2,117057.47,390.8,943.53,707.06,409.37,False,False,nan,True,0.9454,77.29,95.2,True,0,NORMAL,1,0.95,0,763.3,48.1,51.6,0.29,18,52,132,30,60,0.999850488823204,0.17320508075688776
2026-08-31T22:18:48.961,125968218,P038,rhythm_normal,NORMAL,,,,745,5520107,110668,118148,110194.86,117079.28,473.14,1068.72,797.48,417.14,False,False,nan,True,0.9454,77.29,95.2,True,0,NORMAL,1,0.95,0,763.3,48.1,51.6,0.29,18,52,132,30,60,0.999850488823204,0.17320508075688776
2026-08-31T22:18:49.002,125968250,P038,rhythm_normal,NORMAL,,,,746,5520147,110686,118167,110204.68,117101.04,481.32,1065.96,864.6,426.09,False,False,nan,True,0.9454,77.29,95.2,True,0,NORMAL,1,0.95,0,763.3,48.1,51.6,0.29,18,52,132,30,60,0.999850488823204,0.17320508075688776
2026-08-31T22:18:49.118,125968375,P038,rhythm_normal,NORMAL,,,,747,5520187,110491,117732,110210.41,117113.66,280.59,618.34,803.03,433.62,True,True,760.0,True,0.966,78.82,95.2,True,0,NORMAL,1,0.95,0,763.3,48.1,51.6,0.29,18,52,132,30,60,0.999850488823204,0.17320508075688776
2026-08-31T22:18:49.127,125968375,P038,rhythm_normal,NORMAL,,,,748,5520227,110076,116846,110207.72,117108.3,-131.72,-262.3,536.7,435.69,False,False,nan,True,0.966,78.82,95.2,True,0,NORMAL,1,0.95,0,763.3,48.1,51.6,0.29,18,52,132,30,60,0.999850488823204,0.17320508075688776
2026-08-31T22:18:49.138,125968390,P038,rhythm_normal,NORMAL,,,,749,5520267,109975,116668,110203.06,117099.5,-228.06,-431.5,294.65,432.87,False,False,nan,True,0.966,78.82,95.2,True,0,NORMAL,1,0.95,0,763.3,48.1,51.6,0.29,18,52,132,30,60,0.999850488823204,0.17320508075688776
2026-08-31T22:18:49.161,125968406,P038,rhythm_normal,NORMAL,,,,750,5520307,110107,116846,110201.14,117094.43,-94.14,-248.43,158.88,427.39,False,False,nan,True,0.966,78.82,95.2,True,0,NORMAL,1,0.95,0,763.3,48.1,51.6,0.29,18,52,132,30,60,0.999850488823204,0.17320508075688776
2026-08-31T22:18:49.202,125968453,P038,rhythm_normal,NORMAL,,,,751,5520347,110185,117055,110200.82,117093.64,-15.82,-38.64,109.5,421.03,False,False,nan,True,0.966,78.82,95.2,True,0,NORMAL,1,0.95,0,763.3,48.1,51.6,0.29,18,52,132,30,60,0.999850488823204,0.17320508075688776
2026-08-31T22:18:49.318,125968562,P038,rhythm_normal,NORMAL,,,,752,5520387,110229,117156,110201.38,117094.89,27.62,61.11,97.4,414.56,False,False,nan,True,0.966,78.82,95.2,True,0,NORMAL,1,0.95,0,763.3,48.1,51.6,0.29,18,52,132,30,60,0.999850488823204,0.17320508075688776
2026-08-31T22:18:49.328,125968578,P038,rhythm_normal,NORMAL,,,,753,5520427,110300,117269,110203.35,117098.38,96.65,170.62,115.71,408.58,False,False,nan,True,0.966,78.82,95.2,True,0,NORMAL,1,0.95,0,763.3,48.1,51.6,0.29,18,52,132,30,60,0.999850488823204,0.17320508075688776
2026-08-31T22:18:49.338,125968593,P038,rhythm_normal,NORMAL,,,,754,5520467,110236,117198,110204.01,117100.37,31.99,97.63,111.19,402.63,False,False,nan,True,0.966,78.82,95.2,True,0,NORMAL,1,0.95,0,763.3,48.1,51.6,0.29,18,52,132,30,60,0.999850488823204,0.17320508075688776
2026-08-31T22:18:49.361,125968609,P038,rhythm_normal,NORMAL,,,,755,5520507,110222,117104,110204.37,117100.44,17.63,3.56,84.28,396.26,False,False,nan,True,0.966,78.82,95.2,True,0,NORMAL,1,0.95,0,763.3,48.1,51.6,0.29,18,52,132,30,60,0.999850488823204,0.17320508075688776
2026-08-31T22:18:49.402,125968656,P038,rhythm_normal,NORMAL,,,,756,5520547,110239,117213,110205.06,117102.69,33.94,110.31,90.79,390.15,False,False,nan,True,0.966,78.82,95.2,True,0,NORMAL,1,0.95,0,763.3,48.1,51.6,0.29,18,52,132,30,60,0.999850488823204,0.17320508075688776
2026-08-31T22:18:49.519,125968765,P038,rhythm_normal,NORMAL,,,,757,5520587,110347,117365,110207.9,117107.94,139.1,257.06,132.36,385.0,False,False,nan,True,0.966,78.82,95.2,True,0,NORMAL,1,0.95,0,763.3,48.1,51.6,0.29,18,52,132,30,60,0.999850488823204,0.17320508075688776
2026-08-31T22:18:49.530,125968781,P038,rhythm_normal,NORMAL,,,,758,5520627,110452,117551,110212.78,117116.8,239.22,434.2,207.82,381.45,False,False,nan,True,0.966,78.82,95.2,True,0,NORMAL,1,0.95,0,763.3,48.1,51.6,0.29,18,52,132,30,60,0.999850488823204,0.17320508075688776
2026-08-31T22:18:49.540,125968796,P038,rhythm_normal,NORMAL,,,,759,5520667,110513,117687,110218.79,117128.2,294.21,558.8,295.56,379.74,False,False,nan,True,0.966,78.82,95.2,True,0,NORMAL,1,0.95,0,763.3,48.1,51.6,0.29,18,52,132,30,60,0.999850488823204,0.17320508075688776
2026-08-31T22:18:49.561,125968812,P038,rhythm_normal,NORMAL,,,,760,5520707,110563,117777,110225.67,117141.18,337.33,635.82,380.63,379.75,False,False,nan,True,0.966,78.82,95.2,True,0,NORMAL,1,0.95,0,763.3,48.1,51.6,0.29,18,52,132,30,60,0.999850488823204,0.17320508075688776
2026-08-31T22:18:49.601,125968859,P038,rhythm_normal,NORMAL,,,,761,5520747,110611,117820,110233.38,117154.76,377.62,665.24,451.78,381.2,False,False,nan,True,0.966,78.82,95.2,True,0,NORMAL,1,0.95,0,763.3,48.1,51.6,0.29,18,52,132,30,60,0.999850488823204,0.17320508075688776
2026-08-31T22:18:49.718,125968968,P038,rhythm_normal,NORMAL,,,,762,5520787,110649,117924,110241.69,117170.14,407.31,753.86,527.3,384.12,False,False,nan,True,0.966,78.82,95.2,True,0,NORMAL,1,0.95,0,763.3,48.1,51.6,0.29,18,52,132,30,60,0.9991811647544203,0.17320508075688776
2026-08-31T22:18:49.728,125968984,P038,rhythm_normal,NORMAL,,,,763,5520827,110714,118018,110251.13,117187.1,462.87,830.9,603.2,388.5,False,False,nan,True,0.966,78.82,95.2,True,0,NORMAL,1,0.95,0,763.3,48.1,51.6,0.29,18,52,132,30,60,0.9991811647544203,0.17320508075688776
2026-08-31T22:18:49.738,125968984,P038,rhythm_normal,NORMAL,,,,764,5520867,110772,118157,110261.55,117206.5,510.45,950.5,690.03,394.53,False,False,nan,True,0.966,78.82,95.2,True,0,NORMAL,1,0.95,0,763.3,48.1,51.6,0.29,18,52,132,30,60,0.9991811647544203,0.17320508075688776
2026-08-31T22:18:49.761,125969015,P038,rhythm_normal,NORMAL,,,,765,5520907,110815,118235,110272.62,117227.07,542.38,1007.93,769.5,402.03,False,False,nan,True,0.966,78.82,95.2,True,0,NORMAL,1,0.95,0,763.3,48.1,51.6,0.29,18,52,132,30,60,0.9991811647544203,0.17320508075688776
2026-08-31T22:18:49.802,125969046,P038,rhythm_normal,NORMAL,,,,766,5520947,110571,117719,110278.59,117236.91,292.41,482.09,697.65,407.94,True,True,760.0,True,0.97,79.34,95.2,True,0,NORMAL,1,0.95,0,763.3,48.1,51.6,0.29,18,52,132,30,60,0.9991811647544203,0.17320508075688776
2026-08-31T22:18:49.918,125969171,P038,rhythm_normal,NORMAL,,,,767,5520987,110185,116908,110276.71,117230.33,-91.71,-322.33,442.66,408.64,False,False,nan,True,0.97,79.34,95.2,True,0,NORMAL,1,0.95,0,763.3,48.1,51.6,0.29,18,52,132,30,60,0.999850488823204,0.17320508075688776
2026-08-31T22:18:49.929,125969187,P038,rhythm_normal,NORMAL,,,,768,5521027,110075,116715,110272.68,117220.02,-197.68,-505.02,205.74,404.58,False,False,nan,True,0.97,79.34,95.2,True,0,NORMAL,1,0.95,0,763.3,48.1,51.6,0.29,18,52,132,30,60,0.999850488823204,0.17320508075688776
2026-08-31T22:18:49.937,125969187,P038,rhythm_normal,NORMAL,,,,769,5521067,110158,116887,110270.38,117213.36,-112.38,-326.36,72.71,397.94,False,False,nan,True,0.97,79.34,95.2,True,0,NORMAL,1,0.95,0,763.3,48.1,51.6,0.29,18,52,132,30,60,0.999850488823204,0.17320508075688776
2026-08-31T22:18:49.961,125969218,P038,rhythm_normal,NORMAL,,,,770,5521107,110232,117081,110269.62,117210.71,-37.62,-129.71,22.11,390.42,False,False,nan,True,0.97,79.34,95.2,True,0,NORMAL,1,0.95,0,763.3,48.1,51.6,0.29,18,52,132,30,60,0.999850488823204,0.17320508075688776
2026-08-31T22:18:50.002,125969250,P038,rhythm_normal,NORMAL,,,,771,5521147,110347,117254,110271.16,117211.58,75.84,42.42,27.19,383.16,False,False,nan,True,0.97,79.34,95.2,True,0,NORMAL,1,0.95,0,763.3,48.1,51.6,0.29,18,52,132,30,60,0.999850488823204,0.17320508075688776
2026-08-31T22:18:50.119,125969375,P038,rhythm_normal,NORMAL,,,,772,5521187,110368,117332,110273.1,117213.98,94.9,118.02,49.89,376.49,False,False,nan,True,0.97,79.34,95.2,True,0,NORMAL,1,0.95,0,763.3,48.1,51.6,0.29,18,52,132,30,60,1.000070997479679,0.17320508075688776
2026-08-31T22:18:50.127,125969375,P038,rhythm_normal,NORMAL,,,,773,5521227,110303,117163,110273.7,117212.96,29.3,-49.96,24.93,369.46,False,False,nan,True,0.97,79.34,95.2,True,0,NORMAL,1,0.95,0,763.3,48.1,51.6,0.29,18,52,132,30,60,1.000070997479679,0.17320508075688776
2026-08-31T22:18:50.136,125969390,P038,rhythm_normal,NORMAL,,,,774,5521267,110268,117067,110273.59,117210.04,-5.59,-143.04,-17.06,362.41,False,False,nan,True,0.97,79.34,95.2,True,0,NORMAL,1,0.95,0,763.3,48.1,51.6,0.29,18,52,132,30,60,1.000070997479679,0.17320508075688776
2026-08-31T22:18:50.161,125969406,P038,rhythm_normal,NORMAL,,,,775,5521307,110314,117158,110274.39,117209.0,39.61,-51.0,-25.55,355.68,False,False,nan,True,0.97,79.34,95.2,True,0,NORMAL,1,0.95,0,763.3,48.1,51.6,0.29,18,52,132,30,60,1.000070997479679,0.17320508075688776
2026-08-31T22:18:50.202,125969453,P038,rhythm_normal,NORMAL,,,,776,5521347,110410,117328,110277.1,117211.38,132.9,116.62,9.99,348.76,False,False,nan,True,0.97,79.34,95.2,True,0,NORMAL,1,0.95,0,763.3,48.1,51.6,0.29,18,52,132,30,60,1.000070997479679,0.17320508075688776
2026-08-31T22:18:50.318,125969562,P038,rhythm_normal,NORMAL,,,,777,5521387,110478,117447,110281.12,117216.09,196.88,230.91,65.22,343.09,False,False,nan,True,0.97,79.34,95.2,True,0,NORMAL,1,0.95,0,763.3,48.1,51.6,0.29,18,52,132,30,60,0.999850488823204,0.17320508075688776
2026-08-31T22:18:50.328,125969578,P038,rhythm_normal,NORMAL,,,,778,5521427,110506,117532,110285.62,117222.41,220.38,309.59,126.31,338.76,False,False,nan,True,0.97,79.34,95.2,True,0,NORMAL,1,0.95,0,763.3,48.1,51.6,0.29,18,52,132,30,60,0.999850488823204,0.17320508075688776
2026-08-31T22:18:50.337,125969593,P038,rhythm_normal,NORMAL,,,,779,5521467,110544,117615,110290.78,117230.27,253.22,384.73,190.92,335.8,False,False,nan,True,0.97,79.34,95.2,True,0,NORMAL,1,0.95,0,763.3,48.1,51.6,0.29,18,52,132,30,60,0.999850488823204,0.17320508075688776
2026-08-31T22:18:50.363,125969609,P038,rhythm_normal,NORMAL,,,,780,5521507,110592,117697,110296.8,117239.6,295.2,457.4,257.54,334.23,False,False,nan,True,0.97,79.34,95.2,True,0,NORMAL,1,0.95,0,763.3,48.1,51.6,0.29,18,52,132,30,60,0.999850488823204,0.17320508075688776
2026-08-31T22:18:50.402,125969656,P038,rhythm_normal,NORMAL,,,,781,5521547,110621,117763,110303.29,117250.07,317.71,512.93,321.39,333.98,False,False,nan,True,0.97,79.34,95.2,True,0,NORMAL,1,0.95,0,763.3,48.1,51.6,0.29,18,52,132,30,60,0.999850488823204,0.17320508075688776
2026-08-31T22:18:50.518,125969765,P038,rhythm_normal,NORMAL,,,,782,5521587,110673,117858,110310.68,117262.23,362.32,595.77,389.98,335.1,False,False,nan,True,0.97,79.34,95.2,True,0,NORMAL,1,0.96,0,772.1,41.8,54.5,0.31,14,94,133,30,60,0.999850488823204,0.17320508075688776
2026-08-31T22:18:50.528,125969781,P038,rhythm_normal,NORMAL,,,,783,5521627,110716,117963,110318.79,117276.24,397.21,686.76,464.18,337.68,False,False,nan,True,0.97,79.34,95.2,True,0,NORMAL,1,0.96,0,772.1,41.8,54.5,0.31,14,94,133,30,60,0.999850488823204,0.17320508075688776
2026-08-31T22:18:50.538,125969796,P038,rhythm_normal,NORMAL,,,,784,5521667,110655,117843,110325.52,117287.58,329.48,555.42,486.99,340.67,False,False,nan,True,0.97,79.34,95.2,True,0,NORMAL,1,0.96,0,772.1,41.8,54.5,0.31,14,94,133,30,60,0.999850488823204,0.17320508075688776
2026-08-31T22:18:50.562,125969812,P038,rhythm_normal,NORMAL,,,,785,5521707,110264,117023,110324.29,117282.29,-60.29,-259.29,300.42,339.86,True,True,760.0,True,0.9745,78.82,95.2,True,0,NORMAL,1,0.96,0,772.1,41.8,54.5,0.31,14,94,133,30,60,0.999850488823204,0.17320508075688776
2026-08-31T22:18:50.601,125969859,P038,rhythm_normal,NORMAL,,,,786,5521747,110033,116540,110318.46,117267.45,-285.46,-727.45,43.45,333.93,False,False,nan,True,0.9745,78.82,95.2,True,0,NORMAL,1,0.96,0,772.1,41.8,54.5,0.31,14,94,133,30,60,0.999850488823204,0.17320508075688776
2026-08-31T22:18:50.718,125969968,P038,rhythm_normal,NORMAL,,,,787,5521787,110023,116508,110312.55,117252.26,-289.55,-744.26,-153.47,330.32,False,False,nan,True,0.9745,78.82,95.2,True,0,NORMAL,1,0.96,0,772.1,41.8,54.5,0.31,14,94,133,30,60,0.999850488823204,0.17320508075688776
2026-08-31T22:18:50.728,125969984,P038,rhythm_normal,NORMAL,,,,788,5521827,110092,116669,110308.14,117240.59,-216.14,-571.59,-258.0,328.88,False,False,nan,True,0.9745,78.82,95.2,True,0,NORMAL,1,0.96,0,772.1,41.8,54.5,0.31,14,94,133,30,60,0.999850488823204,0.17320508075688776
2026-08-31T22:18:50.737,125969984,P038,rhythm_normal,NORMAL,,,,789,5521867,110153,116779,110305.04,117231.36,-152.04,-452.36,-306.59,328.43,False,False,nan,True,0.9745,78.82,95.2,True,0,NORMAL,1,0.96,0,772.1,41.8,54.5,0.31,14,94,133,30,60,0.999850488823204,0.17320508075688776
2026-08-31T22:18:50.762,125970015,P038,rhythm_normal,NORMAL,,,,790,5521907,110211,116925,110303.16,117225.23,-92.16,-300.23,-305.0,327.96,False,False,nan,True,0.9745,78.82,95.2,True,0,NORMAL,1,0.96,0,772.1,41.8,54.5,0.31,14,94,133,30,60,0.999850488823204,0.17320508075688776
2026-08-31T22:18:50.801,125970046,P038,rhythm_normal,NORMAL,,,,791,5521947,110177,116851,110300.63,117217.75,-123.63,-366.75,-320.44,327.81,False,False,nan,True,0.9745,78.82,95.2,True,0,NORMAL,1,0.96,0,772.1,41.8,54.5,0.31,14,94,133,30,60,0.999850488823204,0.17320508075688776
2026-08-31T22:18:50.918,125970171,P038,rhythm_normal,NORMAL,,,,792,5521987,110096,116686,110296.54,117207.12,-200.54,-521.12,-370.61,328.67,False,False,nan,True,0.9745,78.82,95.2,True,0,NORMAL,1,0.96,0,772.1,41.8,54.5,0.31,14,94,133,30,60,0.999850488823204,0.17320508075688776
2026-08-31T22:18:50.929,125970171,P038,rhythm_normal,NORMAL,,,,793,5522027,110091,116664,110292.43,117196.26,-201.43,-532.26,-411.02,330.32,False,False,nan,True,0.9745,78.82,95.2,True,0,NORMAL,1,0.96,0,772.1,41.8,54.5,0.31,14,94,133,30,60,0.999850488823204,0.17320508075688776
2026-08-31T22:18:50.938,125970187,P038,rhythm_normal,NORMAL,,,,794,5522067,110148,116778,110289.54,117187.89,-141.54,-409.89,-410.74,331.92,False,False,nan,True,0.9745,78.82,95.2,True,0,NORMAL,1,0.96,0,772.1,41.8,54.5,0.31,14,94,133,30,60,0.999850488823204,0.17320508075688776
2026-08-31T22:18:50.961,125970218,P038,rhythm_normal,NORMAL,,,,795,5522107,110214,116919,110288.03,117182.52,-74.03,-263.52,-373.93,332.76,False,False,nan,True,0.9745,78.82,95.2,True,0,NORMAL,1,0.96,0,772.1,41.8,54.5,0.31,14,94,133,30,60,0.999850488823204,0.17320508075688776
2026-08-31T22:18:51.002,125970250,P038,rhythm_normal,NORMAL,,,,796,5522147,110262,117004,110287.51,117178.95,-25.51,-174.95,-324.19,332.59,False,False,nan,True,0.9745,78.82,95.2,True,0,NORMAL,1,0.96,0,772.1,41.8,54.5,0.31,14,94,133,30,60,0.999850488823204,0.17320508075688776
2026-08-31T22:18:51.118,125970375,P038,rhythm_normal,NORMAL,,,,797,5522187,110295,117075,110287.66,117176.87,7.34,-101.87,-268.61,331.31,False,False,nan,True,0.9745,78.82,95.2,True,0,NORMAL,1,0.96,0,772.1,41.8,54.5,0.31,14,94,133,30,60,0.999850488823204,0.17320508075688776
2026-08-31T22:18:51.126,125970375,P038,rhythm_normal,NORMAL,,,,798,5522227,110334,117136,110288.59,117176.05,45.41,-40.05,-211.47,328.92,False,False,nan,True,0.9745,78.82,95.2,True,0,NORMAL,1,0.96,0,772.1,41.8,54.5,0.31,14,94,133,30,60,0.999850488823204,0.17320508075688776
2026-08-31T22:18:51.139,125970390,P038,rhythm_normal,NORMAL,,,,799,5522267,110366,117200,110290.13,117176.52,75.87,23.48,-152.73,325.39,False,False,nan,True,0.9745,78.82,95.2,True,0,NORMAL,1,0.96,0,772.1,41.8,54.5,0.31,14,94,133,30,60,0.999850488823204,0.17320508075688776
2026-08-31T22:18:51.161,125970406,P038,rhythm_normal,NORMAL,,,,800,5522307,110412,117300,110292.57,117178.99,119.43,121.01,-84.3,320.57,False,False,nan,True,0.9745,78.82,95.2,True,0,NORMAL,1,0.96,0,772.1,41.8,54.5,0.31,14,94,133,30,60,0.999850488823204,0.17320508075688776
2026-08-31T22:18:51.202,125970453,P038,rhythm_normal,NORMAL,,,,801,5522347,110459,117421,110295.9,117183.84,163.1,237.16,-3.93,314.24,False,False,nan,True,0.9745,78.82,95.2,True,0,NORMAL,1,0.96,0,772.1,41.8,54.5,0.31,14,94,133,30,60,0.999850488823204,0.17320508075688776
2026-08-31T22:18:51.318,125970562,P038,rhythm_normal,NORMAL,,,,802,5522387,110471,117448,110299.4,117189.12,171.6,258.88,61.77,309.19,False,False,nan,True,0.9745,78.82,95.2,True,0,NORMAL,1,0.96,0,772.1,41.8,54.5,0.31,14,94,133,30,60,0.999850488823204,0.17320508075688776
2026-08-31T22:18:51.327,125970578,P038,rhythm_normal,NORMAL,,,,803,5522427,110184,116865,110297.09,117182.63,-113.09,-317.63,-33.08,303.67,False,False,nan,True,0.9745,78.82,95.2,True,0,NORMAL,1,0.96,0,772.1,41.8,54.5,0.31,14,94,133,30,60,0.999850488823204,0.17320508075688776
2026-08-31T22:18:51.338,125970593,P038,rhythm_normal,NORMAL,,,,804,5522467,109894,116268,110289.03,117164.34,-395.03,-896.34,-248.9,302.57,False,False,nan,True,0.9745,78.82,95.2,True,0,NORMAL,1,0.96,0,772.1,41.8,54.5,0.31,14,94,133,30,60,0.999850488823204,0.17320508075688776
2026-08-31T22:18:51.362,125970609,P038,rhythm_normal,NORMAL,,,,805,5522507,109834,116141,110279.93,117143.88,-445.93,-1002.88,-437.39,305.27,False,False,nan,True,0.9745,78.82,95.79,True,0,NORMAL,1,0.96,0,772.1,41.8,54.5,0.31,14,94,133,30,60,0.999850488823204,0.17320508075688776
2026-08-31T22:18:51.401,125970656,P038,rhythm_normal,NORMAL,,,,806,5522547,109893,116300,110272.19,117127.0,-379.19,-827.0,-534.79,309.86,False,False,nan,True,0.9745,78.82,95.79,True,0,NORMAL,1,0.96,0,772.1,41.8,54.5,0.31,14,94,133,30,60,0.999850488823204,0.17320508075688776
2026-08-31T22:18:51.517,125970765,P038,rhythm_normal,NORMAL,,,,807,5522587,109947,116390,110265.69,117112.26,-318.69,-722.26,-581.66,315.29,False,False,nan,True,0.9745,78.82,95.79,True,0,NORMAL,1,0.96,0,772.1,41.8,54.5,0.31,14,94,133,30,60,0.9989604596779594,0.17320508075688776
2026-08-31T22:18:51.529,125970781,P038,rhythm_normal,NORMAL,,,,808,5522627,110018,116550,110260.73,117101.02,-242.73,-551.02,-574.0,320.47,False,False,nan,True,0.9745,78.82,95.79,True,0,NORMAL,1,0.96,0,772.1,41.8,54.5,0.31,14,94,133,30,60,0.9989604596779594,0.17320508075688776
2026-08-31T22:18:51.538,125970781,P038,rhythm_normal,NORMAL,,,,809,5522667,110045,116622,110256.42,117091.44,-211.42,-469.44,-547.86,325.02,False,False,nan,True,0.9745,78.82,95.79,True,0,NORMAL,1,0.96,0,772.1,41.8,54.5,0.31,14,94,133,30,60,0.9989604596779594,0.17320508075688776
2026-08-31T22:18:51.562,125970812,P038,rhythm_normal,NORMAL,,,,810,5522707,109993,116505,110251.16,117079.71,-258.16,-574.71,-554.57,329.61,False,False,nan,True,0.9745,78.82,95.79,True,0,NORMAL,1,0.96,0,772.1,41.8,54.5,0.31,14,94,133,30,60,0.9989604596779594,0.17320508075688776
2026-08-31T22:18:51.604,125970859,P038,rhythm_normal,NORMAL,,,,811,5522747,109972,116466,110245.57,117067.44,-273.57,-601.44,-566.29,334.34,False,False,nan,True,0.9745,78.82,95.79,True,0,NORMAL,1,0.96,0,772.1,41.8,54.5,0.31,14,94,133,30,60,0.9989604596779594,0.17320508075688776
2026-08-31T22:18:51.717,125970968,P038,rhythm_normal,NORMAL,,,,812,5522787,110036,116594,110241.38,117057.97,-205.38,-463.97,-540.71,338.47,False,False,nan,True,0.9745,78.82,95.79,True,0,NORMAL,1,0.96,0,772.1,41.8,54.5,0.31,14,94,133,30,60,0.9989604596779594,0.17320508075688776
2026-08-31T22:18:51.729,125970984,P038,rhythm_normal,NORMAL,,,,813,5522827,110127,116792,110239.09,117052.65,-112.09,-260.65,-470.69,341.11,False,False,nan,True,0.9745,78.82,95.79,True,0,NORMAL,1,0.96,0,772.1,41.8,54.5,0.31,14,94,133,30,60,0.9989604596779594,0.17320508075688776
2026-08-31T22:18:51.738,125970984,P038,rhythm_normal,NORMAL,,,,814,5522867,110190,116923,110238.11,117050.05,-48.11,-127.05,-384.78,341.99,False,False,nan,True,0.9745,78.82,95.79,True,0,NORMAL,1,0.96,0,772.1,41.8,54.5,0.31,14,94,133,30,60,0.9989604596779594,0.17320508075688776
2026-08-31T22:18:51.761,125971015,P038,rhythm_normal,NORMAL,,,,815,5522907,110240,117033,110238.15,117049.71,1.85,-16.71,-292.77,341.0,False,False,nan,True,0.9745,78.82,95.79,True,0,NORMAL,1,0.96,0,772.1,41.8,54.5,0.31,14,94,133,30,60,0.9989604596779594,0.17320508075688776
2026-08-31T22:18:51.802,125971046,P038,rhythm_normal,NORMAL,,,,816,5522947,110277,117135,110238.92,117051.41,38.08,83.59,-198.68,338.15,False,False,nan,True,0.9745,78.82,95.79,True,0,NORMAL,1,0.96,0,772.1,41.8,54.5,0.31,14,94,133,30,60,0.9989604596779594,0.17320508075688776
2026-08-31T22:18:51.919,125971171,P038,rhythm_normal,NORMAL,,,,817,5522987,110338,117237,110240.91,117055.12,97.09,181.88,-103.54,333.46,False,False,nan,True,0.9745,78.82,95.79,True,0,NORMAL,1,0.96,0,772.1,41.8,54.5,0.31,14,94,133,30,60,0.999850488823204,0.24494897427831783
2026-08-31T22:18:51.927,125971171,P038,rhythm_normal,NORMAL,,,,818,5523027,110372,117300,110243.53,117060.02,128.47,239.98,-17.66,327.15,False,False,nan,True,0.9745,78.82,95.79,True,0,NORMAL,1,0.96,0,772.1,41.8,54.5,0.31,14,94,133,30,60,0.999850488823204,0.24494897427831783
2026-08-31T22:18:51.937,125971187,P038,rhythm_normal,NORMAL,,,,819,5523067,110418,117406,110247.02,117066.95,170.98,339.05,71.52,322.03,False,False,nan,True,0.9745,78.82,95.79,True,0,NORMAL,1,0.96,0,772.1,41.8,54.5,0.31,14,94,133,30,60,0.999850488823204,0.24494897427831783
2026-08-31T22:18:51.960,125971218,P038,rhythm_normal,NORMAL,,,,820,5523107,110501,117564,110252.1,117076.88,248.9,487.12,175.42,319.1,False,False,nan,True,0.9745,78.82,95.79,True,0,NORMAL,1,0.96,0,772.1,41.8,54.5,0.31,14,94,133,30,60,0.999850488823204,0.24494897427831783
2026-08-31T22:18:52.001,125971250,P038,rhythm_normal,NORMAL,,,,821,5523147,110541,117661,110257.88,117088.56,283.12,572.44,274.67,318.21,False,False,nan,True,0.9745,78.82,95.79,True,0,NORMAL,1,0.96,0,772.1,41.8,54.5,0.31,14,94,133,30,60,0.999850488823204,0.24494897427831783
2026-08-31T22:18:52.119,125971375,P038,rhythm_normal,NORMAL,,,,822,5523187,110349,117274,110259.7,117092.27,89.3,181.73,251.44,316.88,True,True,1480.0,True,0.7596,70.48,95.79,True,0,NORMAL,1,0.96,0,772.1,41.8,54.5,0.31,14,94,133,30,60,0.999850488823204,0.17320508075688776
2026-08-31T22:18:52.130,125971375,P038,rhythm_normal,NORMAL,,,,823,5523227,109942,116426,110253.35,117078.95,-311.35,-652.95,25.34,311.05,False,False,nan,True,0.7596,70.48,95.79,True,0,NORMAL,1,0.96,0,772.1,41.8,54.5,0.31,14,94,133,30,60,0.999850488823204,0.17320508075688776
2026-08-31T22:18:52.137,125971390,P038,rhythm_normal,NORMAL,,,,824,5523267,109799,116148,110244.27,117060.33,-445.27,-912.33,-209.08,309.01,False,False,nan,True,0.7596,70.48,95.79,True,0,NORMAL,1,0.96,0,772.1,41.8,54.5,0.31,14,94,133,30,60,0.999850488823204,0.17320508075688776
2026-08-31T22:18:52.162,125971406,P038,rhythm_normal,NORMAL,,,,825,5523307,109848,116251,110236.34,117044.14,-388.34,-793.14,-355.09,309.93,False,False,nan,True,0.7596,70.48,95.79,True,0,NORMAL,1,0.96,0,772.1,41.8,54.5,0.31,14,94,133,30,60,0.999850488823204,0.17320508075688776
2026-08-31T22:18:52.201,125971453,P038,rhythm_normal,NORMAL,,,,826,5523347,109920,116394,110230.02,117031.14,-310.02,-637.14,-425.6,312.24,False,False,nan,True,0.7596,70.48,95.79,True,0,NORMAL,1,0.96,0,772.1,41.8,54.5,0.31,14,94,133,30,60,0.999850488823204,0.17320508075688776
2026-08-31T22:18:52.317,125971562,P038,rhythm_normal,NORMAL,,,,827,5523387,109979,116510,110224.99,117020.72,-245.99,-510.72,-446.88,314.94,False,False,nan,True,0.7596,70.48,95.79,True,0,NORMAL,1,0.96,0,772.1,41.8,54.5,0.31,14,94,133,30,60,1.000070997479679,0.17320508075688776
2026-08-31T22:18:52.328,125971578,P038,rhythm_normal,NORMAL,,,,828,5523427,110051,116669,110221.52,117013.69,-170.52,-344.69,-421.33,317.06,False,False,nan,True,0.7596,70.48,95.79,True,0,NORMAL,1,0.96,0,772.1,41.8,54.5,0.31,14,94,133,30,60,1.000070997479679,0.17320508075688776
2026-08-31T22:18:52.337,125971593,P038,rhythm_normal,NORMAL,,,,829,5523467,110020,116596,110217.48,117005.34,-197.48,-409.34,-418.33,319.09,False,False,nan,True,0.7596,70.48,95.79,True,0,NORMAL,1,0.96,0,772.1,41.8,54.5,0.31,14,94,133,30,60,1.000070997479679,0.17320508075688776
2026-08-31T22:18:52.361,125971609,P038,rhythm_normal,NORMAL,,,,830,5523507,109964,116485,110212.41,116994.93,-248.41,-509.93,-441.23,321.53,False,False,nan,True,0.7596,70.48,95.79,True,0,NORMAL,1,0.96,0,772.1,41.8,54.5,0.31,14,94,133,30,60,1.000070997479679,0.17320508075688776
2026-08-31T22:18:52.400,125971656,P038,rhythm_normal,NORMAL,,,,831,5523547,110001,116557,110208.19,116986.17,-207.19,-429.17,-438.22,323.87,False,False,nan,True,0.7596,70.48,95.79,True,0,NORMAL,1,0.96,0,772.1,41.8,54.5,0.31,14,94,133,30,60,1.000070997479679,0.17320508075688776
2026-08-31T22:18:52.519,125971765,P038,rhythm_normal,NORMAL,,,,832,5523587,110085,116729,110205.73,116981.03,-120.73,-252.03,-391.67,325.22,False,False,nan,True,0.7596,70.48,95.79,True,0,NORMAL,1,0.96,0,772.1,41.8,54.5,0.31,14,94,133,30,60,0.999850488823204,0.17320508075688776
2026-08-31T22:18:52.529,125971781,P038,rhythm_normal,NORMAL,,,,833,5523627,110180,116900,110205.21,116979.41,-25.21,-79.41,-313.61,324.99,False,False,nan,True,0.7596,70.48,95.79,True,0,NORMAL,1,0.96,0,772.1,41.8,54.5,0.31,14,94,133,30,60,0.999850488823204,0.17320508075688776
2026-08-31T22:18:52.537,125971781,P038,rhythm_normal,NORMAL,,,,834,5523667,110240,117067,110205.91,116981.16,34.09,85.84,-213.75,322.76,False,False,nan,True,0.7596,70.48,95.79,True,0,NORMAL,1,0.96,0,772.1,41.8,54.5,0.31,14,94,133,30,60,0.999850488823204,0.17320508075688776
2026-08-31T22:18:52.561,125971812,P038,rhythm_normal,NORMAL,,,,835,5523707,110316,117205,110208.11,116985.64,107.89,219.36,-105.47,318.42,False,False,nan,True,0.7596,70.48,95.79,True,0,NORMAL,1,0.96,0,772.1,41.8,54.5,0.31,14,94,133,30,60,0.999850488823204,0.17320508075688776
2026-08-31T22:18:52.602,125971859,P038,rhythm_normal,NORMAL,,,,836,5523747,110354,117277,110211.02,116991.47,142.98,285.53,-7.72,312.2,False,False,nan,True,0.7596,70.48,95.79,True,0,NORMAL,1,0.96,0,772.1,41.8,54.5,0.31,14,94,133,30,60,0.999850488823204,0.17320508075688776
2026-08-31T22:18:52.717,125971968,P038,rhythm_normal,NORMAL,,,,837,5523787,110376,117291,110214.32,116997.46,161.68,293.54,67.6,307.31,False,False,nan,True,0.7596,70.48,95.79,True,0,NORMAL,1,0.96,0,772.1,41.8,54.5,0.31,14,94,133,30,60,0.999850488823204,0.17320508075688776
2026-08-31T22:18:52.726,125971984,P038,rhythm_normal,NORMAL,,,,838,5523827,110421,117378,110218.45,117005.07,202.55,372.93,143.93,304.04,False,False,nan,True,0.7596,70.48,95.79,True,0,NORMAL,1,0.96,0,772.1,41.8,54.5,0.31,14,94,133,30,60,0.999850488823204,0.17320508075688776
2026-08-31T22:18:52.737,125971984,P038,rhythm_normal,NORMAL,,,,839,5523867,110466,117487,110223.41,117014.71,242.59,472.29,226.02,302.48,False,False,nan,True,0.7596,70.48,95.79,True,0,NORMAL,1,0.96,0,772.1,41.8,54.5,0.31,14,94,133,30,60,0.999850488823204,0.17320508075688776
2026-08-31T22:18:52.761,125972015,P038,rhythm_normal,NORMAL,,,,840,5523907,110518,117567,110229.3,117025.76,288.7,541.24,304.82,302.53,False,False,nan,True,0.7596,70.48,95.79,True,0,NORMAL,1,0.96,0,772.1,41.8,54.5,0.31,14,94,133,30,60,0.999850488823204,0.17320508075688776
2026-08-31T22:18:52.803,125972046,P038,rhythm_normal,NORMAL,,,,841,5523947,110480,117499,110234.31,117035.22,245.69,463.78,344.56,303.37,False,False,nan,True,0.7596,70.48,95.79,True,0,NORMAL,1,0.96,0,772.1,41.8,54.5,0.31,14,94,133,30,60,0.999850488823204,0.17320508075688776
2026-08-31T22:18:52.918,125972171,P038,rhythm_normal,NORMAL,,,,842,5523987,110110,116748,110231.83,117029.48,-121.83,-281.48,188.05,301.07,True,True,800.0,True,0.759,70.59,95.79,True,0,NORMAL,1,0.96,0,772.1,41.8,54.5,0.31,14,94,133,30,60,0.999850488823204,0.17320508075688776
2026-08-31T22:18:52.928,125972171,P038,rhythm_normal,NORMAL,,,,843,5524027,109872,116245,110224.63,117013.79,-352.63,-768.79,-51.16,296.07,False,False,nan,True,0.759,70.59,95.79,True,0,NORMAL,1,0.96,0,772.1,41.8,54.5,0.31,14,94,133,30,60,0.999850488823204,0.17320508075688776
2026-08-31T22:18:52.937,125972187,P038,rhythm_normal,NORMAL,,,,844,5524067,109868,116252,110217.5,116998.55,-349.5,-746.55,-225.01,294.65,False,False,nan,True,0.759,70.59,95.79,True,0,NORMAL,1,0.96,0,772.1,41.8,54.5,0.31,14,94,133,30,60,0.999850488823204,0.17320508075688776
2026-08-31T22:18:52.961,125972218,P038,rhythm_normal,NORMAL,,,,845,5524107,109970,116452,110212.55,116987.62,-242.55,-535.62,-302.66,294.81,False,False,nan,True,0.759,70.59,95.79,True,0,NORMAL,1,0.96,0,772.1,41.8,54.5,0.31,14,94,133,30,60,0.999850488823204,0.17320508075688776
2026-08-31T22:18:53.002,125972250,P038,rhythm_normal,NORMAL,,,,846,5524147,110026,116572,110208.81,116979.31,-182.81,-407.31,-328.82,295.49,False,False,nan,True,0.759,70.59,95.79,True,0,NORMAL,1,0.96,0,772.1,41.8,54.5,0.31,14,94,133,30,60,0.999850488823204,0.17320508075688776
2026-08-31T22:18:53.118,125972375,P038,rhythm_normal,NORMAL,,,,847,5524187,110121,116755,110207.05,116974.83,-86.05,-219.83,-301.57,295.61,False,False,nan,True,0.759,70.59,95.79,True,0,NORMAL,1,0.96,0,772.1,41.8,54.5,0.31,14,94,133,30,60,0.999850488823204,0.17320508075688776
2026-08-31T22:18:53.128,125972375,P038,rhythm_normal,NORMAL,,,,848,5524227,110116,116718,110205.23,116969.7,-89.23,-251.7,-289.11,295.48,False,False,nan,True,0.759,70.59,95.79,True,0,NORMAL,1,0.96,0,772.1,41.8,54.5,0.31,14,94,133,30,60,0.999850488823204,0.17320508075688776
2026-08-31T22:18:53.138,125972390,P038,rhythm_normal,NORMAL,,,,849,5524267,110039,116568,110201.91,116961.66,-162.91,-393.66,-315.24,295.87,False,False,nan,True,0.759,70.59,95.79,True,0,NORMAL,1,0.96,0,772.1,41.8,54.5,0.31,14,94,133,30,60,0.999850488823204,0.17320508075688776
2026-08-31T22:18:53.162,125972406,P038,rhythm_normal,NORMAL,,,,850,5524307,110040,116560,110198.67,116953.63,-158.67,-393.63,-334.84,296.65,False,False,nan,True,0.759,70.59,95.79,True,0,NORMAL,1,0.96,0,772.1,41.8,54.5,0.31,14,94,133,30,60,0.999850488823204,0.17320508075688776
2026-08-31T22:18:53.203,125972453,P038,rhythm_normal,NORMAL,,,,851,5524347,110116,116721,110197.02,116948.98,-81.02,-227.98,-308.13,296.88,False,False,nan,True,0.759,70.59,95.79,True,0,NORMAL,1,0.96,0,772.1,41.8,54.5,0.31,14,94,133,30,60,0.999850488823204,0.17320508075688776
2026-08-31T22:18:53.319,125972562,P038,rhythm_normal,NORMAL,,,,852,5524387,110197,116888,110197.02,116947.76,-0.02,-59.76,-246.03,295.87,False,False,nan,True,0.759,70.59,95.79,True,0,NORMAL,1,0.96,0,772.1,41.8,54.5,0.31,14,94,133,30,60,0.999850488823204,0.17320508075688776
2026-08-31T22:18:53.329,125972578,P038,rhythm_normal,NORMAL,,,,853,5524427,110276,117025,110198.59,116949.3,77.41,75.7,-165.6,293.26,False,False,nan,True,0.759,70.59,95.79,True,0,NORMAL,1,0.96,0,772.1,41.8,54.5,0.31,14,94,133,30,60,0.999850488823204,0.17320508075688776
2026-08-31T22:18:53.339,125972593,P038,rhythm_normal,NORMAL,,,,854,5524467,110327,117147,110201.16,116953.26,125.84,193.74,-75.77,288.91,False,False,nan,True,0.759,70.59,95.79,True,0,NORMAL,1,0.96,0,772.1,41.8,54.5,0.31,14,94,133,30,60,0.999850488823204,0.17320508075688776
2026-08-31T22:18:53.361,125972609,P038,rhythm_normal,NORMAL,,,,855,5524507,110366,117229,110204.46,116958.77,161.54,270.23,10.73,283.35,False,False,nan,True,0.759,70.59,95.79,True,0,NORMAL,1,0.96,0,772.1,41.8,54.5,0.31,14,94,133,30,60,0.999850488823204,0.17320508075688776
2026-08-31T22:18:53.401,125972656,P038,rhythm_normal,NORMAL,,,,856,5524547,110414,117312,110208.65,116965.84,205.35,346.16,94.59,279.57,False,False,nan,True,0.759,70.59,95.79,True,0,NORMAL,1,0.96,0,772.1,41.8,54.5,0.31,14,94,133,30,60,0.999850488823204,0.17320508075688776
2026-08-31T22:18:53.518,125972765,P038,rhythm_normal,NORMAL,,,,857,5524587,110465,117412,110213.77,116974.76,251.23,437.24,180.25,277.59,False,False,nan,True,0.759,70.59,95.79,True,0,NORMAL,1,0.96,0,772.1,41.8,54.5,0.31,14,94,133,30,60,0.999850488823204,0.17320508075688776
2026-08-31T22:18:53.526,125972781,P038,rhythm_normal,NORMAL,,,,858,5524627,110517,117503,110219.84,116985.32,297.16,517.68,264.61,277.33,False,False,nan,True,0.759,70.59,95.79,True,0,NORMAL,1,0.96,0,772.1,41.8,54.5,0.31,14,94,133,30,60,0.999850488823204,0.17320508075688776
2026-08-31T22:18:53.536,125972781,P038,rhythm_normal,NORMAL,,,,859,5524667,110561,117597,110226.66,116997.55,334.34,599.45,348.32,278.75,False,False,nan,True,0.759,70.59,95.79,True,0,NORMAL,1,0.96,0,772.1,41.8,54.5,0.31,14,94,133,30,60,0.999850488823204,0.17320508075688776
2026-08-31T22:18:53.562,125972812,P038,rhythm_normal,NORMAL,,,,860,5524707,110491,117460,110231.95,117006.8,259.05,453.2,374.54,280.66,False,False,nan,True,0.759,70.59,95.79,True,0,NORMAL,1,0.96,0,772.1,41.8,54.5,0.31,14,94,133,30,60,0.999850488823204,0.17320508075688776
2026-08-31T22:18:53.602,125972859,P038,rhythm_normal,NORMAL,,,,861,5524747,110120,116678,110229.7,117000.23,-109.7,-322.23,200.35,279.05,True,True,760.0,True,0.759,70.59,95.79,True,0,NORMAL,1,0.96,0,772.1,41.8,54.5,0.31,14,94,133,30,60,0.999850488823204,0.17320508075688776
2026-08-31T22:18:53.718,125972968,P038,rhythm_normal,NORMAL,,,,862,5524787,109906,116243,110223.23,116985.09,-317.23,-742.09,-35.26,274.18,False,False,nan,True,0.759,70.59,95.79,True,0,NORMAL,1,0.96,0,772.1,41.8,54.5,0.31,14,94,133,30,60,0.999850488823204,0.17320508075688776
2026-08-31T22:18:53.729,125972984,P038,rhythm_normal,NORMAL,,,,863,5524827,109920,116276,110217.16,116970.91,-297.16,-694.91,-200.17,272.7,False,False,nan,True,0.759,70.59,95.79,True,0,NORMAL,1,0.96,0,772.1,41.8,54.5,0.31,14,94,133,30,60,0.999850488823204,0.17320508075688776
2026-08-31T22:18:53.738,125972984,P038,rhythm_normal,NORMAL,,,,864,5524867,110014,116474,110213.1,116960.97,-199.1,-486.97,-271.87,272.68,False,False,nan,True,0.759,70.59,95.79,True,0,NORMAL,1,0.96,0,772.1,41.8,54.5,0.31,14,94,133,30,60,0.999850488823204,0.17320508075688776
2026-08-31T22:18:53.761,125973015,P038,rhythm_normal,NORMAL,,,,865,5524907,110088,116622,110210.6,116954.19,-122.6,-332.19,-286.95,272.97,False,False,nan,True,0.759,70.59,95.79,True,0,NORMAL,1,0.96,0,772.1,41.8,54.5,0.31,14,94,133,30,60,0.999850488823204,0.17320508075688776
2026-08-31T22:18:53.802,125973046,P038,rhythm_normal,NORMAL,,,,866,5524947,110155,116751,110209.49,116950.12,-54.49,-199.12,-264.99,272.81,False,False,nan,True,0.759,70.59,95.79,True,0,NORMAL,1,0.96,0,772.1,41.8,54.5,0.31,14,94,133,30,60,0.999850488823204,0.17320508075688776
2026-08-31T22:18:53.919,125973171,P038,rhythm_normal,NORMAL,,,,867,5524987,110102,116660,110207.34,116944.32,-105.34,-284.32,-269.83,272.75,False,False,nan,True,0.759,70.59,95.79,True,0,NORMAL,1,0.96,0,772.1,41.8,54.5,0.31,14,94,133,30,60,0.999850488823204,0.17320508075688776
2026-08-31T22:18:53.929,125973171,P038,rhythm_normal,NORMAL,,,,868,5525027,110042,116519,110204.04,116935.81,-162.04,-416.81,-306.57,273.43,False,False,nan,True,0.759,70.59,95.79,True,0,NORMAL,1,0.96,0,772.1,41.8,54.5,0.31,14,94,133,30,60,0.999850488823204,0.17320508075688776
2026-08-31T22:18:53.938,125973187,P038,rhythm_normal,NORMAL,,,,869,5525067,110060,116547,110201.16,116928.04,-141.16,-381.04,-325.19,274.46,False,False,nan,True,0.759,70.59,95.79,True,0,NORMAL,1,0.96,0,772.1,41.8,54.5,0.31,14,94,133,30,60,0.999850488823204,0.17320508075688776
2026-08-31T22:18:53.960,125973218,P038,rhythm_normal,NORMAL,,,,870,5525107,110139,116717,110199.91,116923.82,-60.91,-206.82,-295.6,274.88,False,False,nan,True,0.759,70.59,95.79,True,0,NORMAL,1,0.96,0,772.1,41.8,54.5,0.31,14,94,133,30,60,0.999850488823204,0.17320508075688776
2026-08-31T22:18:54.002,125973250,P038,rhythm_normal,NORMAL,,,,871,5525147,110228,116897,110200.48,116923.28,27.52,-26.28,-228.27,273.95,False,False,nan,True,0.759,70.59,95.79,True,0,NORMAL,1,0.96,0,772.1,41.8,54.5,0.31,14,94,133,30,60,0.999850488823204,0.17320508075688776
2026-08-31T22:18:54.119,125973375,P038,rhythm_normal,NORMAL,,,,872,5525187,110292,117020,110202.3,116925.22,89.7,94.78,-147.51,271.42,False,False,nan,True,0.759,70.59,95.79,True,0,NORMAL,1,0.96,0,772.1,41.8,54.5,0.31,14,94,133,30,60,1.000070997479679,0.17320508075688776
2026-08-31T22:18:54.129,125973375,P038,rhythm_normal,NORMAL,,,,873,5525227,110329,117088,110204.84,116928.48,124.16,159.52,-70.75,267.41,False,False,nan,True,0.759,70.59,95.79,True,0,NORMAL,1,0.96,0,772.1,41.8,54.5,0.31,14,94,133,30,60,1.000070997479679,0.17320508075688776
2026-08-31T22:18:54.139,125973390,P038,rhythm_normal,NORMAL,,,,874,5525267,110371,117159,110208.16,116933.09,162.84,225.91,3.42,262.13,False,False,nan,True,0.759,70.59,95.79,True,0,NORMAL,1,0.96,0,772.1,41.8,54.5,0.31,14,94,133,30,60,1.000070997479679,0.17320508075688776
2026-08-31T22:18:54.162,125973406,P038,rhythm_normal,NORMAL,,,,875,5525307,110410,117281,110212.2,116940.05,197.8,340.95,87.8,258.64,False,False,nan,True,0.759,70.59,95.79,True,0,NORMAL,1,0.96,0,772.1,41.8,54.5,0.31,14,94,133,30,60,1.000070997479679,0.17320508075688776
2026-08-31T22:18:54.201,125973453,P038,rhythm_normal,NORMAL,,,,876,5525347,110478,117393,110217.51,116949.11,260.49,443.89,176.82,257.01,False,False,nan,True,0.759,70.59,95.79,True,0,NORMAL,1,0.96,0,772.1,41.8,54.5,0.31,14,94,133,30,60,1.000070997479679,0.17320508075688776
2026-08-31T22:18:54.319,125973562,P038,rhythm_normal,NORMAL,,,,877,5525387,110519,117476,110223.54,116959.65,295.46,516.35,261.71,257.1,False,False,nan,True,0.759,70.59,95.79,True,0,NORMAL,1,0.96,0,772.1,41.8,54.5,0.31,14,94,133,30,60,0.999850488823204,0.17320508075688776
2026-08-31T22:18:54.328,125973578,P038,rhythm_normal,NORMAL,,,,878,5525427,110556,117554,110230.19,116971.54,325.81,582.46,341.89,258.8,False,False,nan,True,0.759,70.59,95.79,True,0,NORMAL,1,0.96,0,772.1,41.8,54.5,0.31,14,94,133,30,60,0.999850488823204,0.17320508075688776
2026-08-31T22:18:54.339,125973593,P038,rhythm_normal,NORMAL,,,,879,5525467,110382,117179,110233.23,116975.69,148.77,203.31,307.25,259.76,True,True,720.0,True,0.7553,71.01,95.79,True,0,NORMAL,1,0.96,0,772.1,41.8,54.5,0.31,14,94,133,30,60,0.999850488823204,0.17320508075688776
2026-08-31T22:18:54.361,125973609,P038,rhythm_normal,NORMAL,,,,880,5525507,110005,116424,110228.66,116964.66,-223.66,-540.66,95.27,256.47,False,False,nan,True,0.7553,71.01,95.79,True,0,NORMAL,1,0.96,0,772.1,41.8,54.5,0.31,14,94,133,30,60,0.999850488823204,0.17320508075688776
2026-08-31T22:18:54.401,125973656,P038,rhythm_normal,NORMAL,,,,881,5525547,109875,116135,110221.59,116948.06,-346.59,-813.06,-131.81,253.98,False,False,nan,True,0.7553,71.01,95.79,True,0,NORMAL,1,0.96,0,772.1,41.8,54.5,0.31,14,94,133,30,60,0.999850488823204,0.17320508075688776
2026-08-31T22:18:54.517,125973765,P038,rhythm_normal,NORMAL,,,,882,5525587,109919,116265,110215.54,116934.4,-296.54,-669.4,-266.21,254.23,False,False,nan,True,0.7553,71.01,95.79,True,0,NORMAL,1,0.96,0,772.1,41.8,54.5,0.31,14,94,133,30,60,0.999850488823204,0.17320508075688776
2026-08-31T22:18:54.529,125973781,P038,rhythm_normal,NORMAL,,,,883,5525627,109998,116429,110211.19,116924.29,-213.19,-495.29,-323.48,255.61,False,False,nan,True,0.7553,71.01,95.79,True,0,NORMAL,1,0.96,0,772.1,41.8,54.5,0.31,14,94,133,30,60,0.999850488823204,0.17320508075688776
2026-08-31T22:18:54.537,125973781,P038,rhythm_normal,NORMAL,,,,884,5525667,110062,116555,110208.2,116916.91,-146.2,-361.91,-333.09,257.16,False,False,nan,True,0.7553,71.01,95.79,True,0,NORMAL,1,0.96,0,772.1,41.8,54.5,0.31,14,94,133,30,60,0.999850488823204,0.17320508075688776
2026-08-31T22:18:54.571,125973828,P038,rhythm_normal,NORMAL,,,,885,5525717,110105,116553,110206.14,116909.62,-101.14,-356.62,-338.97,258.8,False,False,nan,True,0.7553,71.01,95.79,True,0,NORMAL,1,0.96,0,772.1,41.8,54.5,0.31,14,94,133,30,60,0.999850488823204,0.17320508075688776
2026-08-31T22:18:54.601,125973859,P038,rhythm_normal,NORMAL,,,,886,5525747,110045,116477,110202.91,116900.97,-157.91,-423.97,-360.22,260.83,False,False,nan,True,0.7553,71.01,95.79,True,0,NORMAL,1,0.96,0,772.1,41.8,54.5,0.31,14,94,133,30,60,0.999850488823204,0.17320508075688776
2026-08-31T22:18:54.717,125973968,P038,rhythm_normal,NORMAL,,,,887,5525797,110004,116404,110198.94,116891.03,-194.94,-487.03,-391.92,263.45,False,False,nan,True,0.7553,71.01,95.79,True,0,NORMAL,1,0.96,0,772.1,41.8,54.5,0.31,14,94,133,30,60,0.9989604596779594,0.17320508075688776
2026-08-31T22:18:54.729,125973984,P038,rhythm_normal,NORMAL,,,,888,5525827,110037,116412,110195.7,116881.45,-158.7,-469.45,-411.31,266.4,False,False,nan,True,0.7553,71.01,95.79,True,0,NORMAL,1,0.96,0,772.1,41.8,54.5,0.31,14,94,133,30,60,0.9989604596779594,0.17320508075688776
2026-08-31T22:18:54.739,125973984,P038,rhythm_normal,NORMAL,,,,889,5525877,110086,116580,110193.5,116875.42,-107.5,-295.42,-382.33,268.72,False,False,nan,True,0.7553,71.01,95.79,True,0,NORMAL,1,0.96,0,772.1,41.8,54.5,0.31,14,94,133,30,60,0.9989604596779594,0.17320508075688776
2026-08-31T22:18:54.771,125974015,P038,rhythm_normal,NORMAL,,,,890,5525917,110153,116608,110192.69,116870.07,-39.69,-262.07,-352.27,270.39,False,False,nan,True,0.7553,71.01,95.79,True,0,NORMAL,1,0.96,0,772.1,41.8,54.5,0.31,14,94,133,30,60,0.9989604596779594,0.17320508075688776
2026-08-31T22:18:54.917,125974171,P038,rhythm_normal,NORMAL,,,,891,5525957,110216,116806,110193.16,116868.79,22.84,-62.79,-279.9,270.58,False,False,nan,True,0.7553,71.01,95.79,True,0,NORMAL,1,0.96,0,772.1,41.8,54.5,0.31,14,94,133,30,60,0.999850488823204,0.24494897427831783
2026-08-31T22:18:54.929,125974187,P038,rhythm_normal,NORMAL,,,,892,5525997,110264,116835,110194.57,116868.12,69.43,-33.12,-218.2,269.54,False,False,nan,True,0.7553,71.01,95.79,True,0,NORMAL,1,0.96,0,772.1,41.8,54.5,0.31,14,94,133,30,60,0.999850488823204,0.24494897427831783
2026-08-31T22:18:54.939,125974187,P038,rhythm_normal,NORMAL,,,,893,5526037,110315,116979,110196.98,116870.34,118.02,108.66,-136.49,266.88,False,False,nan,True,0.7553,71.01,95.79,True,0,NORMAL,1,0.96,0,772.1,41.8,54.5,0.31,14,94,133,30,60,0.999850488823204,0.24494897427831783
2026-08-31T22:18:54.947,125974203,P038,rhythm_normal,NORMAL,,,,894,5526077,110355,116977,110200.14,116872.47,154.86,104.53,-76.23,263.06,False,False,nan,True,0.7553,71.01,95.79,True,0,NORMAL,1,0.96,0,772.1,41.8,54.5,0.31,14,94,133,30,60,0.999850488823204,0.24494897427831783
2026-08-31T22:18:54.971,125974218,P038,rhythm_normal,NORMAL,,,,895,5526117,110397,117140,110204.08,116877.82,192.92,262.18,8.37,257.97,False,False,nan,True,0.7553,71.01,95.79,True,0,NORMAL,1,0.96,0,772.1,41.8,54.5,0.31,14,94,133,30,60,0.999850488823204,0.24494897427831783
2026-08-31T22:18:55.116,125974359,P038,rhythm_normal,NORMAL,,,,896,5526157,110449,117246,110208.98,116885.19,240.02,360.81,96.48,254.74,False,False,nan,True,0.7553,71.01,95.79,True,0,NORMAL,1,0.96,0,772.1,41.8,54.5,0.31,14,94,133,30,60,0.999850488823204,0.17320508075688776
2026-08-31T22:18:55.129,125974375,P038,rhythm_normal,NORMAL,,,,897,5526197,110500,117291,110214.8,116893.3,285.2,397.7,171.78,253.08,False,False,nan,True,0.7553,71.01,95.79,True,0,NORMAL,1,0.96,0,772.1,41.8,54.5,0.31,14,94,133,30,60,0.999850488823204,0.17320508075688776
2026-08-31T22:18:55.139,125974390,P038,rhythm_normal,NORMAL,,,,898,5526237,110571,117469,110221.92,116904.82,349.08,564.18,269.88,253.42,False,False,nan,True,0.7553,71.01,95.79,True,0,NORMAL,1,0.96,0,772.1,41.8,54.5,0.31,14,94,133,30,60,0.999850488823204,0.17320508075688776
2026-08-31T22:18:55.147,125974390,P038,rhythm_normal,NORMAL,,,,899,5526277,110362,116996,110224.73,116906.64,137.27,89.36,224.75,252.84,True,True,810.0,True,0.7626,70.07,95.79,True,0,NORMAL,1,0.96,0,772.1,41.8,54.5,0.31,14,94,133,30,60,0.999850488823204,0.17320508075688776
2026-08-31T22:18:55.172,125974421,P038,rhythm_normal,NORMAL,,,,900,5526317,110011,116303,110220.45,116894.57,-209.45,-591.57,20.67,248.2,False,False,nan,True,0.7626,70.07,95.79,True,0,NORMAL,1,0.96,0,772.1,41.8,54.5,0.31,14,94,133,30,60,0.999850488823204,0.17320508075688776
2026-08-31T22:18:55.317,125974562,P038,rhythm_normal,NORMAL,,,,901,5526357,109844,115898,110212.92,116874.64,-368.92,-976.64,-228.66,247.81,False,False,nan,True,0.7626,70.07,95.79,True,0,NORMAL,1,0.96,0,772.1,41.8,54.5,0.31,14,94,133,30,60,0.999850488823204,0.17320508075688776
2026-08-31T22:18:55.330,125974578,P038,rhythm_normal,NORMAL,,,,902,5526397,109891,116085,110206.48,116858.85,-315.48,-773.85,-364.96,250.15,False,False,nan,True,0.7626,70.07,95.79,True,0,NORMAL,1,0.96,0,772.1,41.8,54.5,0.31,14,94,133,30,60,0.999850488823204,0.17320508075688776
2026-08-31T22:18:55.339,125974593,P038,rhythm_normal,NORMAL,,,,903,5526437,109940,116228,110201.16,116846.23,-261.16,-618.23,-428.27,253.71,False,False,nan,True,0.7626,70.07,95.79,True,0,NORMAL,1,0.96,0,772.1,41.8,54.5,0.31,14,94,133,30,60,0.999850488823204,0.17320508075688776
2026-08-31T22:18:55.349,125974593,P038,rhythm_normal,NORMAL,,,,904,5526477,110035,116350,110197.84,116836.31,-162.84,-486.31,-442.78,257.5,False,False,nan,True,0.7626,70.07,95.79,True,0,NORMAL,1,0.96,0,772.1,41.8,54.5,0.31,14,94,133,30,60,0.999850488823204,0.17320508075688776
2026-08-31T22:18:55.371,125974625,P038,rhythm_normal,NORMAL,,,,905,5526517,110001,116364,110193.9,116826.87,-192.9,-462.87,-447.81,261.3,False,False,nan,True,0.7626,70.07,98.39,True,0,NORMAL,1,0.96,0,772.1,41.8,54.5,0.31,14,94,133,30,60,0.999850488823204,0.17320508075688776
2026-08-31T22:18:55.520,125974765,P038,rhythm_normal,NORMAL,,,,906,5526557,109992,116350,110189.86,116817.33,-197.86,-467.33,-452.69,265.13,False,False,nan,True,0.7626,70.07,98.39,True,0,INCONCLUSIVE,0,,0,,,,,13,52,134,30,60,0.999850488823204,0.24494897427831783
2026-08-31T22:18:55.533,125974781,P038,rhythm_normal,NORMAL,,,,907,5526597,109908,116264,110184.22,116806.26,-276.22,-542.26,-475.08,269.33,False,False,nan,True,0.7626,70.07,98.39,True,0,INCONCLUSIVE,0,,0,,,,,13,52,134,30,60,0.999850488823204,0.24494897427831783
2026-08-31T22:18:55.543,125974796,P038,rhythm_normal,NORMAL,,,,908,5526637,109993,116320,110180.39,116796.53,-187.39,-476.53,-475.44,273.45,False,False,nan,True,0.7626,70.07,98.39,True,0,INCONCLUSIVE,0,,0,,,,,13,52,134,30,60,0.999850488823204,0.24494897427831783
2026-08-31T22:18:55.551,125974796,P038,rhythm_normal,NORMAL,,,,909,5526677,110028,116495,110177.34,116790.5,-149.34,-295.5,-430.46,276.59,False,False,nan,True,0.7626,70.07,98.39,True,0,INCONCLUSIVE,0,,0,,,,,13,52,134,30,60,0.999850488823204,0.24494897427831783
2026-08-31T22:18:55.571,125974828,P038,rhythm_normal,NORMAL,,,,910,5526717,110195,116725,110177.7,116789.19,17.3,-64.19,-338.89,277.84,False,False,nan,True,0.7626,70.07,98.39,True,0,INCONCLUSIVE,0,,0,,,,,13,52,134,30,60,0.999850488823204,0.24494897427831783
2026-08-31T22:18:55.717,125974968,P038,rhythm_normal,NORMAL,,,,911,5526757,110170,116841,110177.54,116790.23,-7.54,50.77,-241.47,277.11,False,False,nan,True,0.7626,70.07,98.39,True,0,INCONCLUSIVE,0,,0,,,,,13,52,134,30,60,0.9989604596779594,0.17320508075688776
2026-08-31T22:18:55.728,125974984,P038,rhythm_normal,NORMAL,,,,912,5526797,110315,117024,110180.29,116794.9,134.71,229.1,-123.83,274.04,False,False,nan,True,0.7626,70.07,98.39,True,0,INCONCLUSIVE,0,,0,,,,,13,52,134,30,60,0.9989604596779594,0.17320508075688776
2026-08-31T22:18:55.737,125974984,P038,rhythm_normal,NORMAL,,,,913,5526837,110362,117118,110183.92,116801.36,178.08,316.64,-13.71,268.84,False,False,nan,True,0.7626,70.07,98.39,True,0,INCONCLUSIVE,0,,0,,,,,13,52,134,30,60,0.9989604596779594,0.17320508075688776
2026-08-31T22:18:55.747,125975000,P038,rhythm_normal,NORMAL,,,,914,5526877,110379,117216,110187.82,116809.65,191.18,406.35,91.3,265.29,False,False,nan,True,0.7626,70.07,98.39,True,0,INCONCLUSIVE,0,,0,,,,,13,52,134,30,60,0.9989604596779594,0.17320508075688776
2026-08-31T22:18:55.773,125975031,P038,rhythm_normal,NORMAL,,,,915,5526917,110484,117364,110193.74,116820.73,290.26,543.27,204.29,264.07,False,False,nan,True,0.7626,70.07,98.39,True,0,INCONCLUSIVE,0,,0,,,,,13,52,134,30,60,0.9989604596779594,0.17320508075688776
2026-08-31T22:18:55.916,125975171,P038,rhythm_normal,NORMAL,,,,916,5526957,110468,117361,110199.23,116831.54,268.77,529.46,285.59,264.5,False,False,nan,True,0.7626,70.07,98.39,True,0,INCONCLUSIVE,0,,0,,,,,13,52,134,30,60,0.999850488823204,0.17320508075688776
2026-08-31T22:18:55.928,125975171,P038,rhythm_normal,NORMAL,,,,917,5526997,110572,117530,110206.68,116845.51,365.32,684.49,385.31,266.91,False,False,nan,True,0.7626,70.07,98.39,True,0,INCONCLUSIVE,0,,0,,,,,13,52,134,30,60,0.999850488823204,0.17320508075688776
2026-08-31T22:18:55.936,125975187,P038,rhythm_normal,NORMAL,,,,918,5527037,110631,117694,110215.16,116862.48,415.84,831.52,496.87,271.51,False,False,nan,True,0.7626,70.07,98.39,True,0,INCONCLUSIVE,0,,0,,,,,13,52,134,30,60,0.999850488823204,0.17320508075688776
2026-08-31T22:18:55.946,125975203,P038,rhythm_normal,NORMAL,,,,919,5527077,110717,117790,110225.2,116881.02,491.8,908.98,599.89,278.08,False,False,nan,True,0.7626,70.07,98.39,True,0,INCONCLUSIVE,0,,0,,,,,13,52,134,30,60,0.999850488823204,0.17320508075688776
2026-08-31T22:18:55.971,125975218,P038,rhythm_normal,NORMAL,,,,920,5527117,110439,117216,110229.48,116887.73,209.52,328.27,531.99,283.16,True,True,840.0,True,0.7679,69.26,98.39,True,0,INCONCLUSIVE,0,,0,,,,,13,52,134,30,60,0.999850488823204,0.17320508075688776
2026-08-31T22:18:56.118,125975375,P038,rhythm_normal,NORMAL,,,,921,5527157,110089,116514,110226.66,116880.25,-137.66,-366.25,307.43,283.64,False,False,nan,True,0.7679,69.26,98.39,True,0,INCONCLUSIVE,0,,0,,,,,13,52,134,30,60,0.999850488823204,0.17320508075688776
2026-08-31T22:18:56.128,125975375,P038,rhythm_normal,NORMAL,,,,922,5527197,110023,116313,110222.59,116868.91,-199.59,-555.91,91.59,279.8,False,False,nan,True,0.7679,69.26,98.39,True,0,INCONCLUSIVE,0,,0,,,,,13,52,134,30,60,0.999850488823204,0.17320508075688776
2026-08-31T22:18:56.138,125975390,P038,rhythm_normal,NORMAL,,,,923,5527237,110088,116594,110219.9,116863.41,-131.9,-269.41,1.34,274.23,False,False,nan,True,0.7679,69.26,98.39,True,0,INCONCLUSIVE,0,,0,,,,,13,52,134,30,60,0.999850488823204,0.17320508075688776
2026-08-31T22:18:56.148,125975406,P038,rhythm_normal,NORMAL,,,,924,5527277,110232,116763,110220.14,116861.4,11.86,-98.4,-23.59,269.22,False,False,nan,True,0.7679,69.26,98.39,True,0,INCONCLUSIVE,0,,0,,,,,13,52,134,30,60,0.999850488823204,0.17320508075688776
2026-08-31T22:18:56.170,125975421,P038,rhythm_normal,NORMAL,,,,925,5527317,110308,116961,110221.9,116863.39,86.1,97.61,6.71,263.97,False,False,nan,True,0.7679,69.26,98.39,True,0,INCONCLUSIVE,0,,0,,,,,13,52,134,30,60,0.999850488823204,0.17320508075688776
2026-08-31T22:18:56.317,125975562,P038,rhythm_normal,NORMAL,,,,926,5527357,110349,117066,110224.44,116867.45,124.56,198.55,54.67,259.78,False,False,nan,True,0.7679,69.26,98.39,True,0,INCONCLUSIVE,0,,0,,,,,13,52,134,30,60,0.999850488823204,0.17320508075688776
2026-08-31T22:18:56.328,125975578,P038,rhythm_normal,NORMAL,,,,927,5527397,110331,116938,110226.57,116868.86,104.43,69.14,58.29,255.75,False,False,nan,True,0.7679,69.26,98.39,True,0,INCONCLUSIVE,0,,0,,,,,13,52,134,30,60,0.999850488823204,0.17320508075688776
2026-08-31T22:18:56.336,125975593,P038,rhythm_normal,NORMAL,,,,928,5527437,110293,116864,110227.9,116868.77,65.1,-4.77,42.52,251.49,False,False,nan,True,0.7679,69.26,98.39,True,0,INCONCLUSIVE,0,,0,,,,,13,52,134,30,60,0.999850488823204,0.17320508075688776
2026-08-31T22:18:56.346,125975593,P038,rhythm_normal,NORMAL,,,,929,5527477,110375,117015,110230.84,116871.69,144.16,143.31,67.72,247.81,False,False,nan,True,0.7679,69.26,98.39,True,0,INCONCLUSIVE,0,,0,,,,,13,52,134,30,60,0.999850488823204,0.17320508075688776
2026-08-31T22:18:56.371,125975625,P038,rhythm_normal,NORMAL,,,,930,5527517,110481,117189,110235.84,116878.03,245.16,310.97,128.53,245.43,False,False,nan,True,0.7679,69.26,98.39,True,0,INCONCLUSIVE,0,,0,,,,,13,52,134,30,60,0.999850488823204,0.17320508075688776
2026-08-31T22:18:56.517,125975765,P038,rhythm_normal,NORMAL,,,,931,5527557,110537,117341,110241.87,116887.29,295.13,453.71,209.83,244.72,False,False,nan,True,0.7679,69.26,98.39,True,0,INCONCLUSIVE,0,,0,,,,,13,52,134,30,60,0.999850488823204,0.17320508075688776
2026-08-31T22:18:56.528,125975781,P038,rhythm_normal,NORMAL,,,,932,5527597,110605,117485,110249.13,116899.24,355.87,585.76,303.81,245.9,False,False,nan,True,0.7679,69.26,98.39,True,0,INCONCLUSIVE,0,,0,,,,,13,52,134,30,60,0.999850488823204,0.17320508075688776
2026-08-31T22:18:56.537,125975781,P038,rhythm_normal,NORMAL,,,,933,5527637,110659,117590,110257.33,116913.05,401.67,676.95,397.09,248.92,False,False,nan,True,0.7679,69.26,98.39,True,0,INCONCLUSIVE,0,,0,,,,,13,52,134,30,60,0.999850488823204,0.17320508075688776
2026-08-31T22:18:56.548,125975796,P038,rhythm_normal,NORMAL,,,,934,5527677,110690,117680,110265.98,116928.39,424.02,751.61,485.72,253.66,False,False,nan,True,0.7679,69.26,98.39,True,0,INCONCLUSIVE,0,,0,,,,,13,52,134,30,60,0.999850488823204,0.17320508075688776
2026-08-31T22:18:56.571,125975828,P038,rhythm_normal,NORMAL,,,,935,5527717,110753,117826,110275.73,116946.34,477.27,879.66,584.21,260.27,False,False,nan,True,0.7679,69.26,98.39,True,0,INCONCLUSIVE,0,,0,,,,,13,52,134,30,60,0.999850488823204,0.17320508075688776
2026-08-31T22:18:56.717,125975968,P038,rhythm_normal,NORMAL,,,,936,5527757,110826,117961,110286.73,116966.64,539.27,994.36,686.74,268.8,False,False,nan,True,0.7679,69.26,98.39,True,0,INCONCLUSIVE,0,,0,,,,,13,52,134,30,60,0.999850488823204,0.17320508075688776
2026-08-31T22:18:56.730,125975984,P038,rhythm_normal,NORMAL,,,,937,5527797,110894,118115,110298.88,116989.61,595.12,1125.39,796.41,279.35,False,False,nan,True,0.7679,69.26,98.39,True,0,INCONCLUSIVE,0,,0,,,,,13,52,134,30,60,0.999850488823204,0.17320508075688776
2026-08-31T22:18:56.742,125976000,P038,rhythm_normal,NORMAL,,,,938,5527837,111015,118300,110313.2,117015.82,701.8,1284.18,918.35,292.13,False,False,nan,True,0.7679,69.26,98.39,True,0,INCONCLUSIVE,0,,0,,,,,13,52,134,30,60,0.999850488823204,0.17320508075688776
2026-08-31T22:18:56.750,125976000,P038,rhythm_normal,NORMAL,,,,939,5527877,111018,118351,110327.3,117042.52,690.7,1308.48,1015.88,306.61,False,False,nan,True,0.7679,69.26,98.39,True,0,INCONCLUSIVE,0,,0,,,,,13,52,134,30,60,0.999850488823204,0.17320508075688776
2026-08-31T22:18:56.771,125976015,P038,rhythm_normal,NORMAL,,,,940,5527917,110795,117865,110336.65,117058.98,458.35,806.02,963.42,319.74,True,True,800.0,True,0.7711,68.87,98.39,True,0,INCONCLUSIVE,0,,0,,,,,13,52,134,30,60,0.999850488823204,0.17320508075688776
2026-08-31T22:18:56.918,125976171,P038,rhythm_normal,NORMAL,,,,941,5527957,110382,117008,110337.55,117057.96,44.45,-49.96,710.07,327.55,False,False,nan,True,0.7711,68.87,98.39,True,0,INCONCLUSIVE,0,,0,,,,,13,52,134,30,60,1.000070997479679,0.17320508075688776
2026-08-31T22:18:56.928,125976171,P038,rhythm_normal,NORMAL,,,,942,5527997,110261,116775,110336.02,117052.3,-75.02,-277.3,463.23,330.26,False,False,nan,True,0.7711,68.87,98.39,True,0,INCONCLUSIVE,0,,0,,,,,13,52,134,30,60,1.000070997479679,0.17320508075688776
2026-08-31T22:18:56.937,125976187,P038,rhythm_normal,NORMAL,,,,943,5528037,110395,116934,110337.2,117049.94,57.8,-115.94,318.44,330.03,False,False,nan,True,0.7711,68.87,98.39,True,0,INCONCLUSIVE,0,,0,,,,,13,52,134,30,60,1.000070997479679,0.17320508075688776
2026-08-31T22:18:56.947,125976203,P038,rhythm_normal,NORMAL,,,,944,5528077,110479,117146,110340.04,117051.86,138.96,94.14,262.36,328.67,False,False,nan,True,0.7711,68.87,98.39,True,0,INCONCLUSIVE,0,,0,,,,,13,52,134,30,60,1.000070997479679,0.17320508075688776
2026-08-31T22:18:56.971,125976218,P038,rhythm_normal,NORMAL,,,,945,5528117,110553,117273,110344.3,117056.28,208.7,216.72,250.95,327.12,False,False,nan,True,0.7711,68.87,98.39,True,0,INCONCLUSIVE,0,,0,,,,,13,52,134,30,60,1.000070997479679,0.17320508075688776
2026-08-31T22:18:57.117,125976375,P038,rhythm_normal,NORMAL,,,,946,5528157,110581,117315,110349.03,117061.45,231.97,253.55,251.6,325.61,False,False,nan,True,0.7711,68.87,98.39,True,0,INCONCLUSIVE,0,,0,,,,,13,52,134,30,60,0.999850488823204,0.17320508075688776
2026-08-31T22:18:57.128,125976375,P038,rhythm_normal,NORMAL,,,,947,5528197,110505,117152,110352.15,117063.27,152.85,88.73,210.88,323.31,True,False,nan,True,0.7711,68.87,98.39,True,0,INCONCLUSIVE,0,,0,,,,,13,52,134,30,60,0.999850488823204,0.17320508075688776
2026-08-31T22:18:57.138,125976390,P038,rhythm_normal,NORMAL,,,,948,5528237,110443,117029,110353.97,117062.58,89.03,-33.58,149.77,319.84,False,False,nan,True,0.7711,68.87,98.39,True,0,INCONCLUSIVE,0,,0,,,,,13,52,134,30,60,0.999850488823204,0.17320508075688776
2026-08-31T22:18:57.146,125976390,P038,rhythm_normal,NORMAL,,,,949,5528277,110480,117081,110356.49,117062.95,123.51,18.05,116.84,315.78,False,False,nan,True,0.7711,68.87,98.39,True,0,INCONCLUSIVE,0,,0,,,,,13,52,134,30,60,0.999850488823204,0.17320508075688776
2026-08-31T22:18:57.171,125976421,P038,rhythm_normal,NORMAL,,,,950,5528317,110537,117213,110360.1,117065.95,176.9,147.05,124.39,311.95,False,False,nan,True,0.7711,68.87,98.39,True,0,INCONCLUSIVE,0,,0,,,,,13,52,134,30,60,0.999850488823204,0.17320508075688776
2026-08-31T22:18:57.316,125976562,P038,rhythm_normal,NORMAL,,,,951,5528357,110607,117342,110365.04,117071.47,241.96,270.53,160.93,308.93,False,False,nan,True,0.7711,68.87,98.39,True,0,INCONCLUSIVE,0,,0,,,,,13,52,134,30,60,1.000070997479679,0.17320508075688776
2026-08-31T22:18:57.328,125976578,P038,rhythm_normal,NORMAL,,,,952,5528397,110666,117434,110371.05,117078.72,294.95,355.28,209.52,306.95,False,False,nan,True,0.7711,68.87,98.39,True,0,INCONCLUSIVE,0,,0,,,,,13,52,134,30,60,1.000070997479679,0.17320508075688776
2026-08-31T22:18:57.337,125976593,P038,rhythm_normal,NORMAL,,,,953,5528437,110702,117513,110377.67,117087.41,324.33,425.59,263.54,306.08,False,False,nan,True,0.7711,68.87,98.39,True,0,INCONCLUSIVE,0,,0,,,,,13,52,134,30,60,1.000070997479679,0.17320508075688776
2026-08-31T22:18:57.349,125976593,P038,rhythm_normal,NORMAL,,,,954,5528477,110734,117565,110384.8,117096.96,349.2,468.04,314.66,306.25,False,False,nan,True,0.7711,68.87,98.39,True,0,INCONCLUSIVE,0,,0,,,,,13,52,134,30,60,1.000070997479679,0.17320508075688776
2026-08-31T22:18:57.371,125976625,P038,rhythm_normal,NORMAL,,,,955,5528517,110761,117607,110392.32,117107.16,368.68,499.84,360.96,307.34,False,False,nan,True,0.7711,68.87,98.39,True,0,INCONCLUSIVE,0,,0,,,,,13,52,134,30,60,1.000070997479679,0.17320508075688776
2026-08-31T22:18:57.517,125976765,P038,rhythm_normal,NORMAL,,,,956,5528557,110785,117660,110400.17,117118.22,384.83,541.78,406.16,309.32,False,False,nan,True,0.7711,68.87,98.39,True,0,INCONCLUSIVE,0,,0,,,,,13,52,134,30,60,0.999850488823204,0.17320508075688776
2026-08-31T22:18:57.529,125976781,P038,rhythm_normal,NORMAL,,,,957,5528597,110846,117751,110409.09,117130.88,436.91,620.12,459.65,312.33,False,False,nan,True,0.7711,68.87,98.39,True,0,INCONCLUSIVE,0,,0,,,,,13,52,134,30,60,0.999850488823204,0.17320508075688776
2026-08-31T22:18:57.538,125976781,P038,rhythm_normal,NORMAL,,,,958,5528637,110895,117870,110418.8,117145.66,476.2,724.34,525.83,316.6,False,False,nan,True,0.7711,68.87,98.39,True,0,INCONCLUSIVE,0,,0,,,,,13,52,134,30,60,0.999850488823204,0.17320508075688776
2026-08-31T22:18:57.547,125976796,P038,rhythm_normal,NORMAL,,,,959,5528677,110867,117801,110427.77,117158.77,439.23,642.23,554.93,321.36,False,False,nan,True,0.7711,68.87,98.39,True,0,INCONCLUSIVE,0,,0,,,,,13,52,134,30,60,0.999850488823204,0.17320508075688776
2026-08-31T22:18:57.571,125976828,P038,rhythm_normal,NORMAL,,,,960,5528717,110539,117119,110429.99,117157.97,109.01,-38.97,406.45,323.06,True,True,800.0,True,0.7744,68.47,98.39,True,0,INCONCLUSIVE,0,,0,,,,,13,52,134,30,60,0.999850488823204,0.17320508075688776
2026-08-31T22:18:57.718,125976968,P038,rhythm_normal,NORMAL,,,,961,5528757,110275,116566,110426.89,117146.13,-151.89,-580.13,159.81,319.8,False,False,nan,True,0.7744,68.47,98.39,True,0,INCONCLUSIVE,0,,0,,,,,13,52,134,30,60,0.999850488823204,0.17320508075688776
2026-08-31T22:18:57.729,125976984,P038,rhythm_normal,NORMAL,,,,962,5528797,110202,116419,110422.39,117131.59,-220.39,-712.59,-58.29,314.57,False,False,nan,True,0.7744,68.47,98.39,True,0,INCONCLUSIVE,0,,0,,,,,13,52,134,30,60,0.999850488823204,0.17320508075688776
2026-08-31T22:18:57.739,125976984,P038,rhythm_normal,NORMAL,,,,963,5528837,110242,116519,110418.78,117119.34,-176.78,-600.34,-193.81,312.15,False,False,nan,True,0.7744,68.47,98.39,True,0,INCONCLUSIVE,0,,0,,,,,13,52,134,30,60,0.999850488823204,0.17320508075688776
2026-08-31T22:18:57.749,125977000,P038,rhythm_normal,NORMAL,,,,964,5528877,110293,116647,110416.27,117109.9,-123.27,-462.9,-261.08,311.13,False,False,nan,True,0.7744,68.47,98.39,True,0,INCONCLUSIVE,0,,0,,,,,13,52,134,30,60,0.999850488823204,0.17320508075688776
2026-08-31T22:18:57.771,125977015,P038,rhythm_normal,NORMAL,,,,965,5528917,110368,116796,110415.3,117103.62,-47.3,-307.62,-272.71,310.36,False,False,nan,True,0.7744,68.47,98.39,True,0,INCONCLUSIVE,0,,0,,,,,13,52,134,30,60,0.999850488823204,0.17320508075688776
2026-08-31T22:18:57.917,125977171,P038,rhythm_normal,NORMAL,,,,966,5528957,110363,116770,110414.25,117096.95,-51.25,-326.95,-286.27,309.88,False,False,nan,True,0.7744,68.47,98.39,True,0,INCONCLUSIVE,0,,0,,,,,13,52,134,30,60,0.999850488823204,0.17320508075688776
2026-08-31T22:18:57.928,125977171,P038,rhythm_normal,NORMAL,,,,967,5528997,110288,116620,110411.73,117087.41,-123.73,-467.41,-331.56,310.32,False,False,nan,True,0.7744,68.47,98.39,True,0,INCONCLUSIVE,0,,0,,,,,13,52,134,30,60,0.999850488823204,0.17320508075688776
2026-08-31T22:18:57.939,125977187,P038,rhythm_normal,NORMAL,,,,968,5529037,110268,116576,110408.85,117077.18,-140.85,-501.18,-373.96,311.59,False,False,nan,True,0.7744,68.47,98.39,True,0,INCONCLUSIVE,0,,0,,,,,13,52,134,30,60,0.999850488823204,0.17320508075688776
2026-08-31T22:18:57.948,125977203,P038,rhythm_normal,NORMAL,,,,969,5529077,110325,116709,110407.17,117069.81,-82.17,-360.81,-370.67,312.77,False,False,nan,True,0.7744,68.47,98.39,True,0,INCONCLUSIVE,0,,0,,,,,13,52,134,30,60,0.999850488823204,0.17320508075688776
2026-08-31T22:18:57.973,125977218,P038,rhythm_normal,NORMAL,,,,970,5529117,110441,116977,110407.85,117067.95,33.15,-90.95,-300.74,312.53,False,False,nan,True,0.7744,68.47,98.39,True,0,INCONCLUSIVE,0,,0,,,,,13,52,134,30,60,0.999850488823204,0.17320508075688776
2026-08-31T22:18:58.116,125977359,P038,rhythm_normal,NORMAL,,,,971,5529157,110562,117214,110410.94,117070.88,151.06,143.12,-189.78,310.08,False,False,nan,True,0.7744,68.47,98.39,True,0,INCONCLUSIVE,0,,0,,,,,13,52,134,30,60,1.000070997479679,0.17320508075688776
2026-08-31T22:18:58.128,125977375,P038,rhythm_normal,NORMAL,,,,972,5529197,110622,117328,110415.16,117076.02,206.84,251.98,-79.34,305.46,False,False,nan,True,0.7744,68.47,98.39,True,0,INCONCLUSIVE,0,,0,,,,,13,52,134,30,60,1.000070997479679,0.17320508075688776
2026-08-31T22:18:58.141,125977390,P038,rhythm_normal,NORMAL,,,,973,5529237,110680,117455,110420.45,117083.59,259.55,371.41,33.35,300.02,False,False,nan,True,0.7744,68.47,98.39,True,0,INCONCLUSIVE,0,,0,,,,,13,52,134,30,60,1.000070997479679,0.17320508075688776
2026-08-31T22:18:58.150,125977406,P038,rhythm_normal,NORMAL,,,,974,5529277,110742,117579,110426.88,117093.5,315.12,485.5,146.39,296.95,False,False,nan,True,0.7744,68.47,98.39,True,0,INCONCLUSIVE,0,,0,,,,,13,52,134,30,60,1.000070997479679,0.17320508075688776
2026-08-31T22:18:58.172,125977421,P038,rhythm_normal,NORMAL,,,,975,5529317,110804,117691,110434.42,117105.45,369.58,585.55,256.18,296.13,False,False,nan,True,0.7744,68.47,98.39,True,0,INCONCLUSIVE,0,,0,,,,,13,52,134,30,60,1.000070997479679,0.17320508075688776
2026-08-31T22:18:58.317,125977562,P038,rhythm_normal,NORMAL,,,,976,5529357,110851,117787,110442.75,117119.09,408.25,667.91,359.11,297.39,False,False,nan,True,0.7744,68.47,98.39,True,0,INCONCLUSIVE,0,,0,,,,,13,52,134,30,60,0.999850488823204,0.17320508075688776
2026-08-31T22:18:58.330,125977578,P038,rhythm_normal,NORMAL,,,,977,5529397,110916,117929,110452.22,117135.28,463.78,793.72,467.76,300.8,False,False,nan,True,0.7744,68.47,98.39,True,0,INCONCLUSIVE,0,,0,,,,,13,52,134,30,60,0.999850488823204,0.17320508075688776
2026-08-31T22:18:58.339,125977593,P038,rhythm_normal,NORMAL,,,,978,5529437,110969,118038,110462.55,117153.34,506.45,884.66,571.99,306.22,False,False,nan,True,0.7744,68.47,98.39,True,0,INCONCLUSIVE,0,,0,,,,,13,52,134,30,60,0.999850488823204,0.17320508075688776
2026-08-31T22:18:58.348,125977593,P038,rhythm_normal,NORMAL,,,,979,5529477,110916,117919,110471.62,117168.65,444.38,750.35,616.58,312.43,False,False,nan,True,0.7744,68.47,98.39,True,0,INCONCLUSIVE,0,,0,,,,,13,52,134,30,60,0.999850488823204,0.17320508075688776
2026-08-31T22:18:58.371,125977625,P038,rhythm_normal,NORMAL,,,,980,5529517,110519,117106,110472.57,117167.4,46.43,-61.4,447.08,315.12,True,True,800.0,True,0.9635,75.83,98.39,True,0,INCONCLUSIVE,0,,0,,,,,13,52,134,30,60,0.999850488823204,0.17320508075688776
2026-08-31T22:18:58.517,125977765,P038,rhythm_normal,NORMAL,,,,981,5529557,110268,116581,110468.48,117155.67,-200.48,-574.67,191.65,312.65,False,False,nan,True,0.9635,75.83,98.39,True,0,INCONCLUSIVE,0,,0,,,,,13,52,134,30,60,0.999850488823204,0.17320508075688776
2026-08-31T22:18:58.529,125977781,P038,rhythm_normal,NORMAL,,,,982,5529597,110240,116513,110463.91,117142.82,-223.91,-629.82,-13.72,306.67,False,False,nan,True,0.9635,75.83,98.39,True,0,INCONCLUSIVE,0,,0,,,,,13,52,134,30,60,0.999850488823204,0.17320508075688776
2026-08-31T22:18:58.539,125977796,P038,rhythm_normal,NORMAL,,,,983,5529637,110324,116671,110461.11,117133.38,-137.11,-462.38,-125.89,303.06,False,False,nan,True,0.9635,75.83,98.39,True,0,INCONCLUSIVE,0,,0,,,,,13,52,134,30,60,0.999850488823204,0.17320508075688776
2026-08-31T22:18:58.549,125977796,P038,rhythm_normal,NORMAL,,,,984,5529677,110353,116757,110458.95,117125.85,-105.95,-368.85,-186.63,300.73,False,False,nan,True,0.9635,75.83,98.39,True,0,INCONCLUSIVE,0,,0,,,,,13,52,134,30,60,0.999850488823204,0.17320508075688776
2026-08-31T22:18:58.571,125977828,P038,rhythm_normal,NORMAL,,,,985,5529717,110424,116875,110458.25,117120.84,-34.25,-245.84,-201.43,298.74,False,False,nan,True,0.9635,75.83,98.39,True,0,INCONCLUSIVE,0,,0,,,,,13,52,134,30,60,0.999850488823204,0.17320508075688776
2026-08-31T22:18:58.717,125977968,P038,rhythm_normal,NORMAL,,,,986,5529757,110422,116892,110457.52,117116.26,-35.52,-224.26,-207.14,296.91,False,False,nan,True,0.9635,75.83,98.39,True,0,INCONCLUSIVE,0,,0,,,,,13,52,134,30,60,0.9994518497656603,0.17320508075688776
2026-08-31T22:18:58.729,125977984,P038,rhythm_normal,NORMAL,,,,987,5529797,110379,116798,110455.95,117109.89,-76.95,-311.89,-233.33,295.64,False,False,nan,True,0.9635,75.83,98.39,True,0,INCONCLUSIVE,0,,0,,,,,13,52,134,30,60,0.9994518497656603,0.17320508075688776
2026-08-31T22:18:58.739,125977984,P038,rhythm_normal,NORMAL,,,,988,5529837,110396,116820,110454.76,117104.09,-58.76,-284.09,-246.02,294.65,False,False,nan,True,0.9635,75.83,98.39,True,0,INCONCLUSIVE,0,,0,,,,,13,52,134,30,60,0.9994518497656603,0.17320508075688776
2026-08-31T22:18:58.750,125978000,P038,rhythm_normal,NORMAL,,,,989,5529877,110467,116981,110455.0,117101.63,12.0,-120.63,-214.67,293.05,False,False,nan,True,0.9635,75.83,98.39,True,0,INCONCLUSIVE,0,,0,,,,,13,52,134,30,60,0.9994518497656603,0.17320508075688776
2026-08-31T22:18:58.771,125978015,P038,rhythm_normal,NORMAL,,,,990,5529917,110574,117195,110457.38,117103.5,116.62,91.5,-138.13,289.95,False,False,nan,True,0.9635,75.83,98.39,True,0,INCONCLUSIVE,0,,0,,,,,13,52,134,30,60,0.9994518497656603,0.17320508075688776
2026-08-31T22:18:58.918,125978171,P038,rhythm_normal,NORMAL,,,,991,5529957,110658,117376,110461.4,117108.95,196.6,267.05,-36.83,284.89,False,False,nan,True,0.9635,75.83,98.39,True,0,INCONCLUSIVE,0,,0,,,,,13,52,134,30,60,0.9996724463543046,0.17320508075688776
2026-08-31T22:18:58.931,125978187,P038,rhythm_normal,NORMAL,,,,992,5529997,110717,117487,110466.51,117116.52,250.49,370.48,65.0,280.49,False,False,nan,True,0.9635,75.83,98.39,True,0,INCONCLUSIVE,0,,0,,,,,13,52,134,30,60,0.9996724463543046,0.17320508075688776
2026-08-31T22:18:58.941,125978187,P038,rhythm_normal,NORMAL,,,,993,5530037,110772,117580,110472.62,117125.79,299.38,454.21,162.3,278.12,False,False,nan,True,0.9635,75.83,98.39,True,0,INCONCLUSIVE,0,,0,,,,,13,52,134,30,60,0.9996724463543046,0.17320508075688776
2026-08-31T22:18:58.949,125978203,P038,rhythm_normal,NORMAL,,,,994,5530077,110825,117681,110479.66,117136.89,345.34,544.11,257.75,277.72,False,False,nan,True,0.9635,75.83,98.39,True,0,INCONCLUSIVE,0,,0,,,,,13,52,134,30,60,0.9996724463543046,0.17320508075688776
2026-08-31T22:18:58.971,125978218,P038,rhythm_normal,NORMAL,,,,995,5530117,110875,117798,110487.57,117150.11,387.43,647.89,355.29,279.27,False,False,nan,True,0.9635,75.83,98.39,True,0,INCONCLUSIVE,0,,0,,,,,13,52,134,30,60,0.9996724463543046,0.17320508075688776
2026-08-31T22:18:59.117,125978375,P038,rhythm_normal,NORMAL,,,,996,5530157,110917,117885,110496.16,117164.8,420.84,720.2,446.51,282.61,False,False,nan,True,0.9635,75.83,98.39,True,0,INCONCLUSIVE,0,,0,,,,,13,52,134,30,60,0.9996724463543046,0.17320508075688776
2026-08-31T22:18:59.129,125978375,P038,rhythm_normal,NORMAL,,,,997,5530197,110992,118014,110506.07,117181.79,485.93,832.21,542.94,287.82,False,False,nan,True,0.9635,75.83,98.39,True,0,INCONCLUSIVE,0,,0,,,,,13,52,134,30,60,0.9996724463543046,0.17320508075688776
2026-08-31T22:18:59.139,125978390,P038,rhythm_normal,NORMAL,,,,998,5530237,111054,118144,110517.03,117201.03,536.97,942.97,642.95,294.92,False,False,nan,True,0.9635,75.83,98.39,True,0,INCONCLUSIVE,0,,0,,,,,13,52,134,30,60,0.9996724463543046,0.17320508075688776
2026-08-31T22:18:59.147,125978390,P038,rhythm_normal,NORMAL,,,,999,5530277,111032,118105,110527.33,117219.11,504.67,885.89,703.68,303.1,False,False,nan,True,0.9635,75.83,98.39,True,0,INCONCLUSIVE,0,,0,,,,,13,52,134,30,60,0.9996724463543046,0.17320508075688776
2026-08-31T22:18:59.172,125978421,P038,rhythm_normal,NORMAL,,,,1000,5530317,110673,117364,110530.24,117222.01,142.76,141.99,563.26,308.3,True,True,800.0,True,0.9635,75.83,98.39,True,0,INCONCLUSIVE,0,,0,,,,,13,52,134,30,60,0.9996724463543046,0.17320508075688776
2026-08-31T22:18:59.316,125978562,P038,rhythm_normal,NORMAL,,,,1001,5530357,110396,116800,110527.55,117213.57,-131.55,-413.57,319.05,308.52,False,False,nan,True,0.9635,75.83,98.39,True,0,INCONCLUSIVE,0,,0,,,,,13,52,134,30,60,0.999850488823204,0.17320508075688776
2026-08-31T22:18:59.329,125978578,P038,rhythm_normal,NORMAL,,,,1002,5530397,110362,116715,110524.24,117203.6,-162.24,-488.6,117.14,304.69,False,False,nan,True,0.9635,75.83,98.39,True,0,INCONCLUSIVE,0,,0,,,,,13,52,134,30,60,0.999850488823204,0.17320508075688776
2026-08-31T22:18:59.341,125978593,P038,rhythm_normal,NORMAL,,,,1003,5530437,110447,116876,110522.7,117197.05,-75.7,-321.05,7.59,298.75,False,False,nan,True,0.9635,75.83,98.39,True,0,INCONCLUSIVE,0,,0,,,,,13,52,134,30,60,0.999850488823204,0.17320508075688776
2026-08-31T22:18:59.349,125978593,P038,rhythm_normal,NORMAL,,,,1004,5530477,110490,116977,110522.04,117192.65,-32.04,-215.65,-48.22,293.74,False,False,nan,True,0.9635,75.83,98.39,True,0,INCONCLUSIVE,0,,0,,,,,13,52,134,30,60,0.999850488823204,0.17320508075688776
2026-08-31T22:18:59.373,125978625,P038,rhythm_normal,NORMAL,,,,1005,5530517,110563,117121,110522.86,117191.22,40.14,-70.22,-53.72,288.94,False,False,nan,True,0.9635,75.83,95.44,True,0,INCONCLUSIVE,0,,0,,,,,13,52,134,30,60,0.999850488823204,0.17320508075688776
2026-08-31T22:18:59.517,125978765,P038,rhythm_normal,NORMAL,,,,1006,5530557,110563,117112,110523.66,117189.63,39.34,-77.63,-59.7,284.35,False,False,nan,True,0.9635,75.83,95.44,True,0,INCONCLUSIVE,0,,0,,,,,13,52,134,30,60,0.999850488823204,0.24494897427831783
2026-08-31T22:18:59.528,125978781,P038,rhythm_normal,NORMAL,,,,1007,5530597,110498,116971,110523.15,117185.26,-25.15,-214.26,-98.34,280.63,False,False,nan,True,0.9635,75.83,95.44,True,0,INCONCLUSIVE,0,,0,,,,,13,52,134,30,60,0.999850488823204,0.24494897427831783
2026-08-31T22:18:59.539,125978796,P038,rhythm_normal,NORMAL,,,,1008,5530637,110479,116924,110522.27,117180.03,-43.27,-256.03,-137.76,277.77,False,False,nan,True,0.9635,75.83,95.44,True,0,INCONCLUSIVE,0,,0,,,,,13,52,134,30,60,0.999850488823204,0.24494897427831783
2026-08-31T22:18:59.552,125978796,P038,rhythm_normal,NORMAL,,,,1009,5530677,110515,116994,110522.12,117176.31,-7.12,-182.31,-148.9,275.2,False,False,nan,True,0.9635,75.83,95.44,True,0,INCONCLUSIVE,0,,0,,,,,13,52,134,30,60,0.999850488823204,0.24494897427831783
2026-08-31T22:18:59.571,125978828,P038,rhythm_normal,NORMAL,,,,1010,5530717,110600,117166,110523.67,117176.11,76.33,-10.11,-114.2,271.98,False,False,nan,True,0.9635,75.83,95.44,True,0,INCONCLUSIVE,0,,0,,,,,13,52,134,30,60,0.999850488823204,0.24494897427831783
2026-08-31T22:18:59.717,125978968,P038,rhythm_normal,NORMAL,,,,1011,5530757,110678,117324,110526.76,117179.07,151.24,144.93,-49.42,267.52,False,False,nan,True,0.9635,75.83,95.44,True,0,INCONCLUSIVE,0,,0,,,,,13,52,134,30,60,0.999850488823204,0.17320508075688776
2026-08-31T22:18:59.730,125978984,P038,rhythm_normal,NORMAL,,,,1012,5530797,110722,117394,110530.66,117183.37,191.34,210.63,15.59,262.49,False,False,nan,True,0.9635,75.83,95.44,True,0,INCONCLUSIVE,0,,0,,,,,13,52,134,30,60,0.999850488823204,0.17320508075688776
2026-08-31T22:18:59.740,125978984,P038,rhythm_normal,NORMAL,,,,1013,5530837,110764,117483,110535.33,117189.36,228.67,293.64,85.11,258.94,False,False,nan,True,0.9635,75.83,95.44,True,0,INCONCLUSIVE,0,,0,,,,,13,52,134,30,60,0.999850488823204,0.17320508075688776
2026-08-31T22:18:59.752,125979000,P038,rhythm_normal,NORMAL,,,,1014,5530877,110805,117540,110540.72,117196.38,264.28,343.62,149.74,256.75,False,False,nan,True,0.9635,75.83,95.44,True,0,INCONCLUSIVE,0,,0,,,,,13,52,134,30,60,0.999850488823204,0.17320508075688776
2026-08-31T22:18:59.771,125979015,P038,rhythm_normal,NORMAL,,,,1015,5530917,110826,117571,110546.42,117203.87,279.58,367.13,204.08,255.7,False,False,nan,True,0.9635,75.83,95.44,True,0,INCONCLUSIVE,0,,0,,,,,13,52,134,30,60,0.999850488823204,0.17320508075688776
2026-08-31T22:18:59.916,125979171,P038,rhythm_normal,NORMAL,,,,1016,5530957,110857,117637,110552.63,117212.53,304.37,424.47,259.18,255.77,False,False,nan,True,0.9635,75.83,95.44,True,0,INCONCLUSIVE,0,,0,,,,,13,52,134,30,60,0.999850488823204,0.17320508075688776
2026-08-31T22:18:59.930,125979187,P038,rhythm_normal,NORMAL,,,,1017,5530997,110908,117735,110559.74,117222.98,348.26,512.02,322.39,257.1,False,False,nan,True,0.9635,75.83,95.44,True,0,INCONCLUSIVE,0,,0,,,,,13,52,134,30,60,0.999850488823204,0.17320508075688776
2026-08-31T22:18:59.939,125979187,P038,rhythm_normal,NORMAL,,,,1018,5531037,110963,117830,110567.8,117235.12,395.2,594.88,390.51,259.77,False,False,nan,True,0.9635,75.83,95.44,True,0,INCONCLUSIVE,0,,0,,,,,13,52,134,30,60,0.999850488823204,0.17320508075688776
2026-08-31T22:18:59.950,125979203,P038,rhythm_normal,NORMAL,,,,1019,5531077,110989,117911,110576.23,117248.64,412.77,662.36,458.47,263.75,False,False,nan,True,0.9635,75.83,95.44,True,0,INCONCLUSIVE,0,,0,,,,,13,52,134,30,60,0.999850488823204,0.17320508075688776
2026-08-31T22:18:59.971,125979218,P038,rhythm_normal,NORMAL,,,,1020,5531117,110808,117510,110580.86,117253.87,227.14,256.13,407.89,266.63,True,True,800.0,True,0.966,75.35,95.44,True,0,INCONCLUSIVE,0,,0,,,,,13,52,134,30,60,0.999850488823204,0.17320508075688776
2026-08-31T22:19:00.117,125979375,P038,rhythm_normal,NORMAL,,,,1021,5531157,110451,116786,110578.27,117244.51,-127.27,-458.51,191.29,265.12,False,False,nan,True,0.966,75.35,95.44,True,0,INCONCLUSIVE,0,,0,,,,,13,52,134,30,60,0.999850488823204,0.17320508075688776
2026-08-31T22:19:00.128,125979375,P038,rhythm_normal,NORMAL,,,,1022,5531197,110304,116477,110572.78,117229.16,-268.78,-752.16,-44.57,260.71,False,False,nan,True,0.966,75.35,95.44,True,0,INCONCLUSIVE,0,,0,,,,,13,52,134,30,60,0.999850488823204,0.17320508075688776
2026-08-31T22:19:00.139,125979390,P038,rhythm_normal,NORMAL,,,,1023,5531237,110324,116543,110567.8,117215.43,-243.8,-672.43,-201.54,259.53,False,False,nan,True,0.966,75.35,95.44,True,0,INCONCLUSIVE,0,,0,,,,,13,52,134,30,60,0.999850488823204,0.17320508075688776
2026-08-31T22:19:00.150,125979406,P038,rhythm_normal,NORMAL,,,,1024,5531277,110394,116667,110564.33,117204.46,-170.33,-537.46,-285.52,260.05,False,False,nan,True,0.966,75.35,95.44,True,0,INCONCLUSIVE,0,,0,,,,,13,52,134,30,60,0.999850488823204,0.17320508075688776
2026-08-31T22:19:00.173,125979421,P038,rhythm_normal,NORMAL,,,,1025,5531317,110438,116793,110561.8,117196.23,-123.8,-403.23,-314.95,261.14,False,False,nan,True,0.966,75.35,95.44,True,0,INCONCLUSIVE,0,,0,,,,,13,52,134,30,60,0.999850488823204,0.17320508075688776
2026-08-31T22:19:00.319,125979562,P038,rhythm_normal,NORMAL,,,,1026,5531357,110482,116884,110560.21,117189.99,-78.21,-305.99,-312.71,262.18,False,False,nan,True,0.966,75.35,95.44,True,0,INCONCLUSIVE,0,,0,,,,,13,52,134,30,60,0.999850488823204,0.17320508075688776
2026-08-31T22:19:00.330,125979578,P038,rhythm_normal,NORMAL,,,,1027,5531397,110445,116771,110557.91,117181.61,-112.91,-410.61,-337.18,263.68,False,False,nan,True,0.966,75.35,95.44,True,0,INCONCLUSIVE,0,,0,,,,,13,52,134,30,60,0.999850488823204,0.17320508075688776
2026-08-31T22:19:00.342,125979593,P038,rhythm_normal,NORMAL,,,,1028,5531437,110376,116666,110554.27,117171.3,-178.27,-505.3,-379.21,265.99,False,False,nan,True,0.966,75.35,95.44,True,0,INCONCLUSIVE,0,,0,,,,,13,52,134,30,60,0.999850488823204,0.17320508075688776
2026-08-31T22:19:00.352,125979609,P038,rhythm_normal,NORMAL,,,,1029,5531477,110413,116712,110551.44,117162.11,-138.44,-450.11,-396.94,268.61,False,False,nan,True,0.966,75.35,95.44,True,0,INCONCLUSIVE,0,,0,,,,,13,52,134,30,60,0.999850488823204,0.17320508075688776
2026-08-31T22:19:00.373,125979625,P038,rhythm_normal,NORMAL,,,,1030,5531517,110471,116837,110549.83,117155.61,-78.83,-318.61,-377.35,270.78,False,False,nan,True,0.966,75.35,95.44,True,0,INCONCLUSIVE,0,,0,,,,,13,52,134,30,60,0.999850488823204,0.17320508075688776
2026-08-31T22:19:00.518,125979765,P038,rhythm_normal,NORMAL,,,,1031,5531557,110554,116989,110549.91,117152.27,4.09,-163.27,-323.83,271.84,False,False,nan,True,0.966,75.35,95.44,True,0,INCONCLUSIVE,0,,0,,,,,14,90,135,30,60,0.999850488823204,0.17320508075688776
2026-08-31T22:19:00.527,125979781,P038,rhythm_normal,NORMAL,,,,1032,5531597,110615,117132,110551.22,117151.87,63.78,-19.87,-247.84,271.36,False,False,nan,True,0.966,75.35,95.44,True,0,INCONCLUSIVE,0,,0,,,,,14,90,135,30,60,0.999850488823204,0.17320508075688776
2026-08-31T22:19:00.539,125979796,P038,rhythm_normal,NORMAL,,,,1033,5531637,110671,117256,110553.62,117153.95,117.38,102.05,-160.37,269.14,False,False,nan,True,0.966,75.35,95.44,True,0,INCONCLUSIVE,0,,0,,,,,14,90,135,30,60,0.999850488823204,0.17320508075688776
2026-08-31T22:19:00.551,125979796,P038,rhythm_normal,NORMAL,,,,1034,5531677,110712,117341,110556.78,117157.7,155.22,183.3,-74.45,265.25,False,False,nan,True,0.966,75.35,95.44,True,0,INCONCLUSIVE,0,,0,,,,,14,90,135,30,60,0.999850488823204,0.17320508075688776
2026-08-31T22:19:00.571,125979828,P038,rhythm_normal,NORMAL,,,,1035,5531717,110754,117410,110560.73,117162.74,193.27,247.26,5.98,260.06,False,False,nan,True,0.966,75.35,95.44,True,0,INCONCLUSIVE,0,,0,,,,,14,90,135,30,60,0.999850488823204,0.17320508075688776
2026-08-31T22:19:00.716,125979968,P038,rhythm_normal,NORMAL,,,,1036,5531757,110790,117511,110565.31,117169.71,224.69,341.29,89.8,256.66,False,False,nan,True,0.966,75.35,95.44,True,0,INCONCLUSIVE,0,,0,,,,,14,90,135,30,60,0.999850488823204,0.17320508075688776
2026-08-31T22:19:00.728,125979984,P038,rhythm_normal,NORMAL,,,,1037,5531797,110857,117641,110571.15,117179.13,285.85,461.87,182.82,255.18,False,False,nan,True,0.966,75.35,95.44,True,0,INCONCLUSIVE,0,,0,,,,,14,90,135,30,60,0.999850488823204,0.17320508075688776
2026-08-31T22:19:00.740,125979984,P038,rhythm_normal,NORMAL,,,,1038,5531837,110921,117753,110578.15,117190.61,342.85,562.39,277.71,255.63,False,False,nan,True,0.966,75.35,95.44,True,0,INCONCLUSIVE,0,,0,,,,,14,90,135,30,60,0.999850488823204,0.17320508075688776
2026-08-31T22:19:00.749,125980000,P038,rhythm_normal,NORMAL,,,,1039,5531877,110912,117731,110584.83,117201.41,327.17,529.59,340.68,257.33,False,False,nan,True,0.966,75.35,95.44,True,0,INCONCLUSIVE,0,,0,,,,,14,90,135,30,60,0.999850488823204,0.17320508075688776
2026-08-31T22:19:00.771,125980015,P038,rhythm_normal,NORMAL,,,,1040,5531917,110626,117120,110585.65,117199.79,40.35,-79.79,235.56,256.9,True,True,800.0,True,0.986,74.42,95.44,True,0,INCONCLUSIVE,0,,0,,,,,14,90,135,30,60,0.999850488823204,0.17320508075688776
2026-08-31T22:19:00.920,125980171,P038,rhythm_normal,NORMAL,,,,1041,5531957,110348,116521,110580.9,117186.21,-232.9,-665.21,10.37,251.97,False,False,nan,True,0.986,74.42,95.44,True,0,INCONCLUSIVE,0,,0,,,,,14,90,135,30,60,0.999850488823204,0.17320508075688776
2026-08-31T22:19:00.930,125980187,P038,rhythm_normal,NORMAL,,,,1042,5531997,110260,116355,110574.48,117169.59,-314.48,-814.59,-195.87,250.84,False,False,nan,True,0.986,74.42,95.44,True,0,INCONCLUSIVE,0,,0,,,,,14,90,135,30,60,0.999850488823204,0.17320508075688776
2026-08-31T22:19:00.941,125980187,P038,rhythm_normal,NORMAL,,,,1043,5532037,110320,116479,110569.4,117155.77,-249.4,-676.77,-316.1,252.15,False,False,nan,True,0.986,74.42,95.44,True,0,INCONCLUSIVE,0,,0,,,,,14,90,135,30,60,0.999850488823204,0.17320508075688776
2026-08-31T22:19:00.949,125980203,P038,rhythm_normal,NORMAL,,,,1044,5532077,110396,116627,110565.93,117145.2,-169.93,-518.2,-366.62,254.44,False,False,nan,True,0.986,74.42,95.44,True,0,INCONCLUSIVE,0,,0,,,,,14,90,135,30,60,0.999850488823204,0.17320508075688776
2026-08-31T22:19:00.972,125980218,P038,rhythm_normal,NORMAL,,,,1045,5532117,110484,116805,110564.29,117138.39,-80.29,-333.39,-358.31,256.52,False,False,nan,True,0.986,74.42,95.44,True,0,INCONCLUSIVE,0,,0,,,,,14,90,135,30,60,0.999850488823204,0.17320508075688776
2026-08-31T22:19:01.117,125980375,P038,rhythm_normal,NORMAL,,,,1046,5532157,110493,116825,110562.87,117132.12,-69.87,-307.12,-345.52,258.3,False,False,nan,True,0.986,74.42,95.44,True,0,INCONCLUSIVE,0,,0,,,,,14,90,135,30,60,0.999850488823204,0.17320508075688776
2026-08-31T22:19:01.129,125980375,P038,rhythm_normal,NORMAL,,,,1047,5532197,110429,116700,110560.19,117123.48,-131.19,-423.48,-365.01,260.43,False,False,nan,True,0.986,74.42,95.44,True,0,INCONCLUSIVE,0,,0,,,,,14,90,135,30,60,0.999850488823204,0.17320508075688776
2026-08-31T22:19:01.142,125980390,P038,rhythm_normal,NORMAL,,,,1048,5532237,110424,116672,110557.46,117114.45,-133.46,-442.45,-384.37,262.91,False,False,nan,True,0.986,74.42,95.44,True,0,INCONCLUSIVE,0,,0,,,,,14,90,135,30,60,0.999850488823204,0.17320508075688776
2026-08-31T22:19:01.153,125980406,P038,rhythm_normal,NORMAL,,,,1049,5532277,110483,116807,110555.97,117108.3,-72.97,-301.3,-363.6,264.92,False,False,nan,True,0.986,74.42,95.44,True,0,INCONCLUSIVE,0,,0,,,,,14,90,135,30,60,0.999850488823204,0.17320508075688776
2026-08-31T22:19:01.171,125980421,P038,rhythm_normal,NORMAL,,,,1050,5532317,110570,116959,110556.25,117105.32,13.75,-146.32,-309.28,265.81,False,False,nan,True,0.986,74.42,95.44,True,0,INCONCLUSIVE,0,,0,,,,,14,90,135,30,60,0.999850488823204,0.17320508075688776
2026-08-31T22:19:01.317,125980562,P038,rhythm_normal,NORMAL,,,,1051,5532367,110623,117087,110557.59,117104.95,65.41,-17.95,-236.45,265.22,False,False,nan,True,0.986,74.42,95.44,True,0,INCONCLUSIVE,0,,0,,,,,14,90,135,30,60,0.999850488823204,0.17320508075688776
2026-08-31T22:19:01.331,125980578,P038,rhythm_normal,NORMAL,,,,1052,5532407,110698,117242,110560.39,117107.7,137.61,134.3,-143.76,262.79,False,False,nan,True,0.986,74.42,95.44,True,0,INCONCLUSIVE,0,,0,,,,,14,90,135,30,60,0.999850488823204,0.17320508075688776
2026-08-31T22:19:01.343,125980593,P038,rhythm_normal,NORMAL,,,,1053,5532437,110754,117362,110564.27,117112.78,189.73,249.22,-45.52,258.45,False,False,nan,True,0.986,74.42,95.44,True,0,INCONCLUSIVE,0,,0,,,,,14,90,135,30,60,0.999850488823204,0.17320508075688776
2026-08-31T22:19:01.354,125980609,P038,rhythm_normal,NORMAL,,,,1054,5532487,110802,117420,110569.02,117118.92,232.98,301.08,41.13,254.1,False,False,nan,True,0.986,74.42,95.44,True,0,INCONCLUSIVE,0,,0,,,,,14,90,135,30,60,0.999850488823204,0.17320508075688776
2026-08-31T22:19:01.381,125980625,P038,rhythm_normal,NORMAL,,,,1055,5532527,110853,117552,110574.7,117127.59,278.3,424.41,136.95,251.76,False,False,nan,True,0.986,74.42,95.44,True,0,INCONCLUSIVE,0,,0,,,,,14,90,135,30,60,0.999850488823204,0.17320508075688776
2026-08-31T22:19:01.521,125980765,P038,rhythm_normal,NORMAL,,,,1056,5532567,110907,117633,110581.35,117137.7,325.65,495.3,226.54,251.25,False,False,nan,True,0.986,74.42,95.44,True,0,INCONCLUSIVE,0,,0,,,,,14,90,135,30,60,0.999850488823204,0.17320508075688776
2026-08-31T22:19:01.537,125980781,P038,rhythm_normal,NORMAL,,,,1057,5532607,110957,117631,110588.87,117147.56,368.13,483.44,290.76,252.05,False,False,nan,True,0.986,74.42,95.44,True,0,INCONCLUSIVE,0,,0,,,,,14,90,135,30,60,0.999850488823204,0.17320508075688776
2026-08-31T22:19:01.548,125980796,P038,rhythm_normal,NORMAL,,,,1058,5532647,110934,117582,110595.77,117156.25,338.23,425.75,324.51,253.49,False,False,nan,True,0.986,74.42,95.44,True,0,INCONCLUSIVE,0,,0,,,,,14,90,135,30,60,0.999850488823204,0.17320508075688776
2026-08-31T22:19:01.557,125980812,P038,rhythm_normal,NORMAL,,,,1059,5532687,110624,116924,110596.34,117151.6,27.66,-227.6,186.48,252.15,True,True,770.0,True,0.9811,74.88,95.44,True,0,INCONCLUSIVE,0,,0,,,,,14,90,135,30,60,0.999850488823204,0.17320508075688776
2026-08-31T22:19:01.582,125980828,P038,rhythm_normal,NORMAL,,,,1060,5532727,110358,116353,110591.57,117135.63,-233.57,-782.63,-55.8,248.23,False,False,nan,True,0.9811,74.88,95.44,True,0,INCONCLUSIVE,0,,0,,,,,14,90,135,30,60,0.999850488823204,0.17320508075688776
2026-08-31T22:19:01.716,125980968,P038,rhythm_normal,NORMAL,,,,1061,5532767,110288,116194,110585.5,117116.8,-297.5,-922.8,-272.55,248.71,False,False,nan,True,0.9811,74.88,95.44,True,0,INCONCLUSIVE,0,,0,,,,,14,90,135,30,60,0.999850488823204,0.17320508075688776
2026-08-31T22:19:01.727,125980984,P038,rhythm_normal,NORMAL,,,,1062,5532807,110363,116394,110581.05,117102.34,-218.05,-708.34,-381.5,251.37,False,False,nan,True,0.9811,74.88,95.44,True,0,INCONCLUSIVE,0,,0,,,,,14,90,135,30,60,0.999850488823204,0.17320508075688776
2026-08-31T22:19:01.739,125980984,P038,rhythm_normal,NORMAL,,,,1063,5532847,110418,116513,110577.79,117090.55,-159.79,-577.55,-430.51,254.95,False,False,nan,True,0.9811,74.88,95.44,True,0,INCONCLUSIVE,0,,0,,,,,14,90,135,30,60,0.999850488823204,0.17320508075688776
2026-08-31T22:19:01.750,125981000,P038,rhythm_normal,NORMAL,,,,1064,5532887,110494,116677,110576.12,117082.28,-82.12,-405.28,-424.2,258.34,False,False,nan,True,0.9811,74.88,95.44,True,0,INCONCLUSIVE,0,,0,,,,,14,90,135,30,60,0.999850488823204,0.17320508075688776
2026-08-31T22:19:01.782,125981031,P038,rhythm_normal,NORMAL,,,,1065,5532927,110505,116692,110574.7,117074.48,-69.7,-382.48,-413.77,261.45,False,False,nan,True,0.9811,74.88,95.44,True,0,INCONCLUSIVE,0,,0,,,,,14,90,135,30,60,0.999850488823204,0.17320508075688776
2026-08-31T22:19:01.917,125981171,P038,rhythm_normal,NORMAL,,,,1066,5532967,110487,116594,110572.95,117064.87,-85.95,-470.87,-428.05,264.78,False,False,nan,True,0.9811,74.88,95.44,True,0,INCONCLUSIVE,0,,0,,,,,14,90,135,30,60,0.999850488823204,0.17320508075688776
2026-08-31T22:19:01.930,125981187,P038,rhythm_normal,NORMAL,,,,1067,5533007,110476,116564,110571.01,117054.85,-95.01,-490.85,-443.75,268.36,False,False,nan,True,0.9811,74.88,95.44,True,0,INCONCLUSIVE,0,,0,,,,,14,90,135,30,60,0.999850488823204,0.17320508075688776
2026-08-31T22:19:01.943,125981187,P038,rhythm_normal,NORMAL,,,,1068,5533047,110532,116724,110570.23,117048.23,-38.23,-324.23,-413.87,271.27,False,False,nan,True,0.9811,74.88,95.44,True,0,INCONCLUSIVE,0,,0,,,,,14,90,135,30,60,0.999850488823204,0.17320508075688776
2026-08-31T22:19:01.955,125981203,P038,rhythm_normal,NORMAL,,,,1069,5533087,110632,116859,110571.46,117044.45,60.54,-185.45,-356.76,272.98,False,False,nan,True,0.9811,74.88,95.44,True,0,INCONCLUSIVE,0,,0,,,,,14,90,135,30,60,0.999850488823204,0.17320508075688776
2026-08-31T22:19:01.981,125981234,P038,rhythm_normal,NORMAL,,,,1070,5533127,110701,117090,110574.05,117045.37,126.95,44.63,-256.42,272.65,False,False,nan,True,0.9811,74.88,95.44,True,0,INCONCLUSIVE,0,,0,,,,,14,90,135,30,60,0.999850488823204,0.17320508075688776
2026-08-31T22:19:02.117,125981375,P038,rhythm_normal,NORMAL,,,,1071,5533167,110735,117134,110577.27,117047.14,157.73,86.86,-170.6,270.6,False,False,nan,True,0.9811,74.88,95.44,True,0,INCONCLUSIVE,0,,0,,,,,14,90,135,30,60,0.999850488823204,0.17320508075688776
2026-08-31T22:19:02.129,125981375,P038,rhythm_normal,NORMAL,,,,1072,5533207,110774,117227,110581.21,117050.73,192.79,176.27,-83.88,266.87,False,False,nan,True,0.9811,74.88,95.44,True,0,INCONCLUSIVE,0,,0,,,,,14,90,135,30,60,0.999850488823204,0.17320508075688776
2026-08-31T22:19:02.139,125981390,P038,rhythm_normal,NORMAL,,,,1073,5533247,110864,117403,110586.87,117057.78,277.13,345.22,23.39,262.0,False,False,nan,True,0.9811,74.88,95.44,True,0,INCONCLUSIVE,0,,0,,,,,14,90,135,30,60,0.999850488823204,0.17320508075688776
2026-08-31T22:19:02.148,125981406,P038,rhythm_normal,NORMAL,,,,1074,5533287,110846,117463,110592.05,117065.88,253.95,397.12,116.82,259.1,False,False,nan,True,0.9811,74.88,95.44,True,0,INCONCLUSIVE,0,,0,,,,,14,90,135,30,60,0.999850488823204,0.17320508075688776
2026-08-31T22:19:02.181,125981437,P038,rhythm_normal,NORMAL,,,,1075,5533327,110942,117620,110599.05,117076.97,342.95,543.03,223.38,258.38,False,False,nan,True,0.9811,74.88,95.44,True,0,INCONCLUSIVE,0,,0,,,,,14,90,135,30,60,0.999850488823204,0.17320508075688776
2026-08-31T22:19:02.318,125981562,P038,rhythm_normal,NORMAL,,,,1076,5533367,110982,117718,110606.7,117089.79,375.3,628.21,324.58,259.71,False,False,nan,True,0.9811,74.88,95.44,True,0,INCONCLUSIVE,0,,0,,,,,14,90,135,30,60,0.999850488823204,0.24494897427831783
2026-08-31T22:19:02.328,125981578,P038,rhythm_normal,NORMAL,,,,1077,5533407,110930,117712,110613.17,117102.23,316.83,609.77,395.88,262.43,False,False,nan,True,0.9811,74.88,95.44,True,0,INCONCLUSIVE,0,,0,,,,,14,90,135,30,60,0.999850488823204,0.24494897427831783
2026-08-31T22:19:02.340,125981593,P038,rhythm_normal,NORMAL,,,,1078,5533447,110658,117089,110614.07,117101.97,43.93,-12.97,293.67,263.06,True,True,760.0,True,0.9834,75.83,95.44,True,0,INCONCLUSIVE,0,,0,,,,,14,90,135,30,60,0.999850488823204,0.24494897427831783
2026-08-31T22:19:02.349,125981593,P038,rhythm_normal,NORMAL,,,,1079,5533487,110438,116548,110610.55,117090.89,-172.55,-542.89,84.53,259.48,False,False,nan,True,0.9834,75.83,95.44,True,0,INCONCLUSIVE,0,,0,,,,,14,90,135,30,60,0.999850488823204,0.24494897427831783
2026-08-31T22:19:02.381,125981625,P038,rhythm_normal,NORMAL,,,,1080,5533527,110298,116208,110604.3,117073.23,-306.3,-865.23,-152.91,257.35,False,False,nan,True,0.9834,75.83,95.44,True,0,INCONCLUSIVE,0,,0,,,,,14,90,135,30,60,0.999850488823204,0.24494897427831783
2026-08-31T22:19:02.516,125981765,P038,rhythm_normal,NORMAL,,,,1081,5533567,110304,116236,110598.29,117056.49,-294.29,-820.49,-319.81,258.6,False,False,nan,True,0.9834,75.83,95.44,True,0,INCONCLUSIVE,0,,0,,,,,14,90,135,30,60,0.999850488823204,0.17320508075688776
2026-08-31T22:19:02.528,125981781,P038,rhythm_normal,NORMAL,,,,1082,5533607,110311,116153,110592.55,117038.42,-281.55,-885.42,-461.21,262.65,False,False,nan,True,0.9834,75.83,95.44,True,0,INCONCLUSIVE,0,,0,,,,,14,90,135,30,60,0.999850488823204,0.17320508075688776
2026-08-31T22:19:02.540,125981796,P038,rhythm_normal,NORMAL,,,,1083,5533647,110378,116346,110588.26,117024.57,-210.26,-678.57,-515.55,267.71,False,False,nan,True,0.9834,75.83,95.44,True,0,INCONCLUSIVE,0,,0,,,,,14,90,135,30,60,0.999850488823204,0.17320508075688776
2026-08-31T22:19:02.551,125981796,P038,rhythm_normal,NORMAL,,,,1084,5533687,110399,116428,110584.48,117012.64,-185.48,-584.64,-532.82,273.01,False,False,nan,True,0.9834,75.83,95.44,True,0,INCONCLUSIVE,0,,0,,,,,14,90,135,30,60,0.999850488823204,0.17320508075688776
2026-08-31T22:19:02.582,125981828,P038,rhythm_normal,NORMAL,,,,1085,5533727,110414,116481,110581.07,117002.01,-167.07,-521.01,-529.87,278.15,False,False,nan,True,0.9834,75.83,95.44,True,0,INCONCLUSIVE,0,,0,,,,,14,90,135,30,60,0.999850488823204,0.17320508075688776
2026-08-31T22:19:02.717,125981968,P038,rhythm_normal,NORMAL,,,,1086,5533767,110469,116506,110578.83,116992.09,-109.83,-486.09,-518.92,282.97,False,False,nan,True,0.9834,75.83,95.44,True,0,INCONCLUSIVE,0,,0,,,,,14,90,135,30,60,1.000070997479679,0.17320508075688776
2026-08-31T22:19:02.729,125981984,P038,rhythm_normal,NORMAL,,,,1087,5533807,110505,116627,110577.35,116984.78,-72.35,-357.78,-478.64,286.88,False,False,nan,True,0.9834,75.83,95.44,True,0,INCONCLUSIVE,0,,0,,,,,14,90,135,30,60,1.000070997479679,0.17320508075688776
2026-08-31T22:19:02.739,125981984,P038,rhythm_normal,NORMAL,,,,1088,5533847,110553,116758,110576.87,116980.24,-23.87,-222.24,-414.54,289.43,False,False,nan,True,0.9834,75.83,95.44,True,0,INCONCLUSIVE,0,,0,,,,,14,90,135,30,60,1.000070997479679,0.17320508075688776
2026-08-31T22:19:02.750,125982000,P038,rhythm_normal,NORMAL,,,,1089,5533887,110578,116845,110576.89,116977.54,1.11,-132.54,-344.04,290.53,False,False,nan,True,0.9834,75.83,95.44,True,0,INCONCLUSIVE,0,,0,,,,,14,90,135,30,60,1.000070997479679,0.17320508075688776
2026-08-31T22:19:02.781,125982031,P038,rhythm_normal,NORMAL,,,,1090,5533927,110676,117057,110578.88,116979.12,97.12,77.88,-238.56,289.49,False,False,nan,True,0.9834,75.83,95.44,True,0,INCONCLUSIVE,0,,0,,,,,14,90,135,30,60,1.000070997479679,0.17320508075688776
2026-08-31T22:19:02.921,125982171,P038,rhythm_normal,NORMAL,,,,1091,5533967,110777,117295,110582.84,116985.45,194.16,309.55,-101.53,285.73,False,False,nan,True,0.9834,75.83,95.44,True,0,INCONCLUSIVE,0,,0,,,,,14,90,135,30,60,0.999850488823204,0.17320508075688776
2026-08-31T22:19:02.930,125982187,P038,rhythm_normal,NORMAL,,,,1092,5534007,110964,117549,110590.46,116996.72,373.54,552.28,61.92,281.25,False,False,nan,True,0.9834,75.83,95.44,True,0,INCONCLUSIVE,0,,0,,,,,14,90,135,30,60,0.999850488823204,0.17320508075688776
2026-08-31T22:19:02.940,125982187,P038,rhythm_normal,NORMAL,,,,1093,5534047,110969,117687,110598.03,117010.52,370.97,676.48,215.56,279.94,False,False,nan,True,0.9834,75.83,95.44,True,0,INCONCLUSIVE,0,,0,,,,,14,90,135,30,60,0.999850488823204,0.17320508075688776
2026-08-31T22:19:02.948,125982203,P038,rhythm_normal,NORMAL,,,,1094,5534087,111067,117817,110607.41,117026.66,459.59,790.34,359.26,281.52,False,False,nan,True,0.9834,75.83,95.44,True,0,INCONCLUSIVE,0,,0,,,,,14,90,135,30,60,0.999850488823204,0.17320508075688776
2026-08-31T22:19:02.980,125982234,P038,rhythm_normal,NORMAL,,,,1095,5534127,111103,117933,110617.33,117044.78,485.67,888.22,491.5,285.72,False,False,nan,True,0.9834,75.83,95.44,True,0,INCONCLUSIVE,0,,0,,,,,14,90,135,30,60,0.999850488823204,0.17320508075688776
2026-08-31T22:19:03.116,125982359,P038,rhythm_normal,NORMAL,,,,1096,5534167,111127,117946,110627.52,117062.8,499.48,883.2,589.42,291.8,False,False,nan,True,0.9834,75.83,95.44,True,0,INCONCLUSIVE,0,,0,,,,,14,90,135,30,60,0.999850488823204,0.17320508075688776
2026-08-31T22:19:03.127,125982375,P038,rhythm_normal,NORMAL,,,,1097,5534207,110838,117297,110631.73,117067.49,206.27,229.51,499.44,295.95,True,True,760.0,True,0.9804,76.31,95.44,True,0,INCONCLUSIVE,0,,0,,,,,14,90,135,30,60,0.999850488823204,0.17320508075688776
2026-08-31T22:19:03.139,125982390,P038,rhythm_normal,NORMAL,,,,1098,5534247,110569,116792,110630.48,117061.98,-61.48,-269.98,307.09,296.17,False,False,nan,True,0.9804,76.31,95.44,True,0,INCONCLUSIVE,0,,0,,,,,14,90,135,30,60,0.999850488823204,0.17320508075688776
2026-08-31T22:19:03.148,125982406,P038,rhythm_normal,NORMAL,,,,1099,5534287,110597,116833,110629.8,117057.41,-32.8,-224.41,174.21,293.73,False,False,nan,True,0.9804,76.31,95.44,True,0,INCONCLUSIVE,0,,0,,,,,14,90,135,30,60,0.999850488823204,0.17320508075688776
2026-08-31T22:19:03.182,125982437,P038,rhythm_normal,NORMAL,,,,1100,5534327,110722,117117,110631.65,117058.6,90.35,58.4,145.26,290.76,False,False,nan,True,0.9804,76.31,95.44,True,0,INCONCLUSIVE,0,,0,,,,,14,90,135,30,60,0.999850488823204,0.17320508075688776
2026-08-31T22:19:03.316,125982562,P038,rhythm_normal,NORMAL,,,,1101,5534367,110860,117364,110636.22,117064.71,223.78,299.29,183.77,288.62,False,False,nan,True,0.9804,76.31,95.44,True,0,INCONCLUSIVE,0,,0,,,,,14,90,135,30,60,0.999850488823204,0.17320508075688776
2026-08-31T22:19:03.329,125982578,P038,rhythm_normal,NORMAL,,,,1102,5534407,110931,117642,110642.12,117076.26,288.88,565.74,279.26,288.44,False,False,nan,True,0.9804,76.31,95.44,True,0,INCONCLUSIVE,0,,0,,,,,14,90,135,30,60,0.999850488823204,0.17320508075688776
2026-08-31T22:19:03.338,125982593,P038,rhythm_normal,NORMAL,,,,1103,5534447,111041,117759,110650.09,117089.91,390.91,669.09,376.72,290.2,False,False,nan,True,0.9804,76.31,95.44,True,0,INCONCLUSIVE,0,,0,,,,,14,90,135,30,60,0.999850488823204,0.17320508075688776
2026-08-31T22:19:03.347,125982593,P038,rhythm_normal,NORMAL,,,,1104,5534487,110957,117684,110656.23,117101.8,300.77,582.2,428.09,292.96,False,False,nan,True,0.9804,76.31,95.44,True,0,INCONCLUSIVE,0,,0,,,,,14,90,135,30,60,0.999850488823204,0.17320508075688776
2026-08-31T22:19:03.381,125982625,P038,rhythm_normal,NORMAL,,,,1105,5534527,110987,117698,110662.85,117113.72,324.15,584.28,467.14,296.44,False,False,nan,True,0.9804,76.31,97.21,True,0,INCONCLUSIVE,0,,0,,,,,14,90,135,30,60,0.999850488823204,0.17320508075688776
2026-08-31T22:19:03.517,125982765,P038,rhythm_normal,NORMAL,,,,1106,5534567,111049,117866,110670.58,117128.77,378.42,737.23,534.66,301.21,False,False,nan,True,0.9804,76.31,97.21,True,0,INCONCLUSIVE,0,,0,,,,,14,90,135,30,60,0.9994518497656603,0.17320508075688776
2026-08-31T22:19:03.527,125982781,P038,rhythm_normal,NORMAL,,,,1107,5534607,111187,118059,110680.91,117147.37,506.09,911.63,628.9,307.76,False,False,nan,True,0.9804,76.31,97.21,True,0,INCONCLUSIVE,0,,0,,,,,14,90,135,30,60,0.9994518497656603,0.17320508075688776
2026-08-31T22:19:03.539,125982796,P038,rhythm_normal,NORMAL,,,,1108,5534647,111255,118230,110692.39,117169.02,562.61,1060.98,736.92,316.35,False,False,nan,True,0.9804,76.31,97.21,True,0,INCONCLUSIVE,0,,0,,,,,14,90,135,30,60,0.9994518497656603,0.17320508075688776
2026-08-31T22:19:03.547,125982796,P038,rhythm_normal,NORMAL,,,,1109,5534687,111344,118347,110705.42,117192.59,638.58,1154.41,841.3,326.84,False,False,nan,True,0.9804,76.31,97.21,True,0,INCONCLUSIVE,0,,0,,,,,14,90,135,30,60,0.9994518497656603,0.17320508075688776
2026-08-31T22:19:03.581,125982828,P038,rhythm_normal,NORMAL,,,,1110,5534727,111415,118486,110719.62,117218.45,695.38,1267.55,947.86,339.26,False,False,nan,True,0.9804,76.31,97.21,True,0,INCONCLUSIVE,0,,0,,,,,14,90,135,30,60,0.9994518497656603,0.17320508075688776
2026-08-31T22:19:03.716,125982968,P038,rhythm_normal,NORMAL,,,,1111,5534767,111453,118584,110734.28,117245.77,718.72,1338.23,1045.45,353.39,False,False,nan,True,0.9804,76.31,97.21,True,0,INCONCLUSIVE,0,,0,,,,,14,90,135,30,60,0.999850488823204,0.17320508075688776
2026-08-31T22:19:03.728,125982984,P038,rhythm_normal,NORMAL,,,,1112,5534807,111555,118757,110750.7,117275.99,804.3,1481.01,1154.34,369.41,False,False,nan,True,0.9804,76.31,97.21,True,0,INCONCLUSIVE,0,,0,,,,,14,90,135,30,60,0.999850488823204,0.17320508075688776
2026-08-31T22:19:03.740,125982984,P038,rhythm_normal,NORMAL,,,,1113,5534847,111607,118892,110767.82,117308.31,839.18,1583.69,1261.68,387.25,False,False,nan,True,0.9804,76.31,97.21,True,0,INCONCLUSIVE,0,,0,,,,,14,90,135,30,60,0.999850488823204,0.17320508075688776
2026-08-31T22:19:03.749,125983000,P038,rhythm_normal,NORMAL,,,,1114,5534887,111591,118762,110784.28,117337.38,806.72,1424.62,1302.41,405.56,False,False,nan,True,0.9804,76.31,97.21,True,0,INCONCLUSIVE,0,,0,,,,,14,90,135,30,60,0.999850488823204,0.17320508075688776
2026-08-31T22:19:03.782,125983031,P038,rhythm_normal,NORMAL,,,,1115,5534927,111175,117918,110792.09,117348.99,382.91,569.01,1119.06,419.83,True,True,720.0,True,0.9698,77.29,97.21,True,0,INCONCLUSIVE,0,,0,,,,,14,90,135,30,60,0.999850488823204,0.17320508075688776
2026-08-31T22:19:03.917,125983171,P038,rhythm_normal,NORMAL,,,,1116,5534967,110918,117413,110794.61,117350.27,123.39,62.73,854.98,428.53,False,False,nan,True,0.9698,77.29,97.21,True,0,INCONCLUSIVE,0,,0,,,,,14,90,135,30,60,0.999850488823204,0.17320508075688776
2026-08-31T22:19:03.930,125983187,P038,rhythm_normal,NORMAL,,,,1117,5535007,110943,117501,110797.58,117353.29,145.42,147.71,678.16,433.52,False,False,nan,True,0.9698,77.29,97.21,True,0,INCONCLUSIVE,0,,0,,,,,14,90,135,30,60,0.999850488823204,0.17320508075688776
2026-08-31T22:19:03.939,125983187,P038,rhythm_normal,NORMAL,,,,1118,5535047,111083,117745,110803.29,117361.12,279.71,383.88,604.59,436.94,False,False,nan,True,0.9698,77.29,97.21,True,0,INCONCLUSIVE,0,,0,,,,,14,90,135,30,60,0.999850488823204,0.17320508075688776
2026-08-31T22:19:03.951,125983203,P038,rhythm_normal,NORMAL,,,,1119,5535087,111173,117936,110810.68,117372.62,362.32,563.38,594.29,440.09,False,False,nan,True,0.9698,77.29,97.21,True,0,INCONCLUSIVE,0,,0,,,,,14,90,135,30,60,0.999850488823204,0.17320508075688776
2026-08-31T22:19:03.981,125983234,P038,rhythm_normal,NORMAL,,,,1120,5535127,111278,118138,110820.02,117387.93,457.98,750.07,633.23,443.95,False,False,nan,True,0.9698,77.29,97.21,True,0,INCONCLUSIVE,0,,0,,,,,14,90,135,30,60,0.999850488823204,0.17320508075688776
2026-08-31T22:19:04.116,125983359,P038,rhythm_normal,NORMAL,,,,1121,5535167,111269,118106,110829.0,117402.29,440.0,703.71,650.85,448.09,False,False,nan,True,0.9698,77.29,97.21,True,0,INCONCLUSIVE,0,,0,,,,,14,90,135,30,60,0.9989604596779594,0.17320508075688776
2026-08-31T22:19:04.128,125983375,P038,rhythm_normal,NORMAL,,,,1122,5535207,111216,118008,110836.74,117414.41,379.26,593.59,636.54,451.86,True,False,nan,True,0.9698,77.29,97.21,True,0,INCONCLUSIVE,0,,0,,,,,14,90,135,30,60,0.9989604596779594,0.17320508075688776
2026-08-31T22:19:04.140,125983390,P038,rhythm_normal,NORMAL,,,,1123,5535247,111251,118076,110845.02,117427.64,405.98,648.36,639.49,455.61,False,False,nan,True,0.9698,77.29,97.21,True,0,INCONCLUSIVE,0,,0,,,,,14,90,135,30,60,0.9989604596779594,0.17320508075688776
2026-08-31T22:19:04.149,125983406,P038,rhythm_normal,NORMAL,,,,1124,5535287,111374,118328,110855.6,117445.65,518.4,882.35,700.21,460.5,False,False,nan,True,0.9698,77.29,97.21,True,0,INCONCLUSIVE,0,,0,,,,,14,90,135,30,60,0.9989604596779594,0.17320508075688776
2026-08-31T22:19:04.181,125983437,P038,rhythm_normal,NORMAL,,,,1125,5535327,111499,118577,110868.47,117468.27,630.53,1108.73,802.34,467.34,False,False,nan,True,0.9698,77.29,97.21,True,0,INCONCLUSIVE,0,,0,,,,,14,90,135,30,60,0.9989604596779594,0.17320508075688776
2026-08-31T22:19:04.317,125983562,P038,rhythm_normal,NORMAL,,,,1126,5535367,111577,118729,110882.64,117493.48,694.36,1235.52,910.63,476.21,False,False,nan,True,0.9698,77.29,97.21,True,0,INCONCLUSIVE,0,,0,,,,,14,90,135,30,60,0.9989604596779594,0.17320508075688776
2026-08-31T22:19:04.328,125983578,P038,rhythm_normal,NORMAL,,,,1127,5535407,111642,118855,110897.83,117520.71,744.17,1334.29,1016.55,487.01,False,False,nan,True,0.9698,77.29,97.21,True,0,INCONCLUSIVE,0,,0,,,,,14,90,135,30,60,0.9989604596779594,0.17320508075688776
2026-08-31T22:19:04.341,125983593,P038,rhythm_normal,NORMAL,,,,1128,5535447,111728,119032,110914.43,117550.94,813.57,1481.06,1132.68,499.93,False,False,nan,True,0.9698,77.29,97.21,True,0,INCONCLUSIVE,0,,0,,,,,14,90,135,30,60,0.9989604596779594,0.17320508075688776
2026-08-31T22:19:04.352,125983609,P038,rhythm_normal,NORMAL,,,,1129,5535487,111804,119177,110932.22,117583.46,871.78,1593.54,1247.89,514.89,False,False,nan,True,0.9698,77.29,97.21,True,0,INCONCLUSIVE,0,,0,,,,,14,90,135,30,60,0.9989604596779594,0.17320508075688776
2026-08-31T22:19:04.382,125983640,P038,rhythm_normal,NORMAL,,,,1130,5535527,111868,119287,110950.94,117617.53,917.06,1669.47,1353.29,531.65,False,False,nan,True,0.9698,77.29,97.21,True,0,INCONCLUSIVE,0,,0,,,,,14,90,135,30,60,0.9989604596779594,0.17320508075688776
2026-08-31T22:19:04.516,125983765,P038,rhythm_normal,NORMAL,,,,1131,5535567,111774,119067,110967.4,117646.52,806.6,1420.48,1370.08,548.42,False,False,nan,True,0.9698,77.29,97.21,True,0,INCONCLUSIVE,0,,0,,,,,14,90,135,30,60,1.000070997479679,0.17320508075688776
2026-08-31T22:19:04.527,125983781,P038,rhythm_normal,NORMAL,,,,1132,5535607,111394,118279,110975.93,117659.17,418.07,619.83,1182.52,561.1,True,True,680.0,True,0.9548,78.82,97.21,True,0,INCONCLUSIVE,0,,0,,,,,14,90,135,30,60,1.000070997479679,0.17320508075688776
2026-08-31T22:19:04.539,125983796,P038,rhythm_normal,NORMAL,,,,1133,5535647,111230,117928,110981.01,117664.55,248.99,263.45,952.75,568.94,False,False,nan,True,0.9548,78.82,97.21,True,0,INCONCLUSIVE,0,,0,,,,,14,90,135,30,60,1.000070997479679,0.17320508075688776
2026-08-31T22:19:04.549,125983796,P038,rhythm_normal,NORMAL,,,,1134,5535687,111267,117995,110986.73,117671.16,280.27,323.84,795.53,573.47,False,False,nan,True,0.9548,78.82,97.21,True,0,INCONCLUSIVE,0,,0,,,,,14,90,135,30,60,1.000070997479679,0.17320508075688776
2026-08-31T22:19:04.581,125983828,P038,rhythm_normal,NORMAL,,,,1135,5535727,111363,118198,110994.25,117681.7,368.75,516.3,725.72,576.51,False,False,nan,True,0.9548,78.82,97.21,True,0,INCONCLUSIVE,0,,0,,,,,14,90,135,30,60,1.000070997479679,0.17320508075688776
2026-08-31T22:19:04.717,125983968,P038,rhythm_normal,NORMAL,,,,1136,5535767,111435,118336,111003.06,117694.78,431.94,641.22,704.59,579.08,False,False,nan,True,0.9548,78.82,97.21,True,0,INCONCLUSIVE,0,,0,,,,,14,90,135,30,60,1.000070997479679,0.17320508075688776
2026-08-31T22:19:04.729,125983984,P038,rhythm_normal,NORMAL,,,,1137,5535807,111524,118514,111013.48,117711.16,510.52,802.84,729.16,582.08,False,False,nan,True,0.9548,78.82,97.21,True,0,INCONCLUSIVE,0,,0,,,,,14,90,135,30,60,1.000070997479679,0.17320508075688776
2026-08-31T22:19:04.738,125983984,P038,rhythm_normal,NORMAL,,,,1138,5535847,111526,118519,111023.73,117727.32,502.27,791.68,744.79,585.33,False,False,nan,True,0.9548,78.82,97.21,True,0,INCONCLUSIVE,0,,0,,,,,14,90,135,30,60,1.000070997479679,0.17320508075688776
2026-08-31T22:19:04.748,125984000,P038,rhythm_normal,NORMAL,,,,1139,5535887,111491,118424,111033.08,117741.25,457.92,682.75,729.28,588.21,True,False,nan,True,0.9548,78.82,97.21,True,0,INCONCLUSIVE,0,,0,,,,,14,90,135,30,60,1.000070997479679,0.17320508075688776
2026-08-31T22:19:04.781,125984031,P038,rhythm_normal,NORMAL,,,,1140,5535927,111523,118493,111042.88,117756.28,480.12,736.72,731.14,591.07,False,False,nan,True,0.9548,78.82,97.21,True,0,INCONCLUSIVE,0,,0,,,,,14,90,135,30,60,1.000070997479679,0.17320508075688776
2026-08-31T22:19:04.916,125984171,P038,rhythm_normal,NORMAL,,,,1141,5535967,111630,118692,111054.62,117774.99,575.38,917.01,777.61,594.8,False,False,nan,True,0.9548,78.82,97.21,True,0,INCONCLUSIVE,0,,0,,,,,14,90,135,30,60,0.999850488823204,0.17320508075688776
2026-08-31T22:19:04.929,125984187,P038,rhythm_normal,NORMAL,,,,1142,5536007,111730,118905,111068.12,117797.59,661.88,1107.41,860.06,600.1,False,False,nan,True,0.9548,78.82,97.21,True,0,INCONCLUSIVE,0,,0,,,,,14,90,135,30,60,0.999850488823204,0.17320508075688776
2026-08-31T22:19:04.939,125984187,P038,rhythm_normal,NORMAL,,,,1143,5536047,111813,119054,111083.02,117822.72,729.98,1231.28,952.86,607.16,False,False,nan,True,0.9548,78.82,97.21,True,0,INCONCLUSIVE,0,,0,,,,,14,90,135,30,60,0.999850488823204,0.17320508075688776
2026-08-31T22:19:04.948,125984203,P038,rhythm_normal,NORMAL,,,,1144,5536087,111879,119195,111098.95,117850.16,780.05,1344.84,1050.86,616.03,False,False,nan,True,0.9548,78.82,97.21,True,0,INCONCLUSIVE,0,,0,,,,,14,90,135,30,60,0.999850488823204,0.17320508075688776
2026-08-31T22:19:04.982,125984234,P038,rhythm_normal,NORMAL,,,,1145,5536127,111945,119326,111115.87,117879.68,829.13,1446.32,1149.72,626.71,False,False,nan,True,0.9548,78.82,97.21,True,0,INCONCLUSIVE,0,,0,,,,,14,90,135,30,60,0.999850488823204,0.17320508075688776
2026-08-31T22:19:05.116,125984359,P038,rhythm_normal,NORMAL,,,,1146,5536167,112029,119472,111134.13,117911.52,894.87,1560.48,1252.41,639.22,False,False,nan,True,0.9548,78.82,97.21,True,0,INCONCLUSIVE,0,,0,,,,,14,90,135,30,60,0.999850488823204,0.24494897427831783
2026-08-31T22:19:05.128,125984375,P038,rhythm_normal,NORMAL,,,,1147,5536207,112070,119546,111152.85,117944.21,917.15,1601.79,1339.76,653.23,False,False,nan,True,0.9548,78.82,97.21,True,0,INCONCLUSIVE,0,,0,,,,,14,90,135,30,60,0.999850488823204,0.24494897427831783
2026-08-31T22:19:05.140,125984390,P038,rhythm_normal,NORMAL,,,,1148,5536247,111888,119160,111167.55,117968.52,720.45,1191.48,1302.69,666.22,True,True,640.0,True,0.9381,80.94,97.21,True,0,INCONCLUSIVE,0,,0,,,,,14,90,135,30,60,0.999850488823204,0.24494897427831783
2026-08-31T22:19:05.150,125984406,P038,rhythm_normal,NORMAL,,,,1149,5536287,111539,118411,111174.98,117977.38,364.02,433.62,1085.42,674.61,False,False,nan,True,0.9381,80.94,97.21,True,0,INCONCLUSIVE,0,,0,,,,,14,90,135,30,60,0.999850488823204,0.24494897427831783
2026-08-31T22:19:05.185,125984437,P038,rhythm_normal,NORMAL,,,,1150,5536327,111435,118200,111180.19,117981.83,254.81,218.17,868.61,678.49,False,False,nan,True,0.9381,80.94,97.21,True,0,INCONCLUSIVE,0,,0,,,,,14,90,135,30,60,0.999850488823204,0.24494897427831783
2026-08-31T22:19:05.319,125984562,P038,rhythm_normal,NORMAL,,,,1151,5536367,111490,118292,111186.38,117988.03,303.62,303.97,727.45,679.46,False,False,nan,True,0.9381,80.94,97.21,True,0,INCONCLUSIVE,0,,0,,,,,14,90,135,30,60,0.999850488823204,0.17320508075688776
2026-08-31T22:19:05.327,125984578,P038,rhythm_normal,NORMAL,,,,1152,5536407,111543,118406,111193.52,117996.39,349.48,409.61,647.99,678.84,False,False,nan,True,0.9381,80.94,97.21,True,0,INCONCLUSIVE,0,,0,,,,,14,90,135,30,60,0.999850488823204,0.17320508075688776
2026-08-31T22:19:05.339,125984593,P038,rhythm_normal,NORMAL,,,,1153,5536447,111573,118499,111201.1,118006.45,371.9,492.55,609.13,677.44,False,False,nan,True,0.9381,80.94,97.21,True,0,INCONCLUSIVE,0,,0,,,,,14,90,135,30,60,0.999850488823204,0.17320508075688776
2026-08-31T22:19:05.347,125984593,P038,rhythm_normal,NORMAL,,,,1154,5536487,111688,118765,111210.84,118021.62,477.16,743.38,642.69,676.75,False,False,nan,True,0.9381,80.94,97.21,True,0,INCONCLUSIVE,0,,0,,,,,14,90,135,30,60,0.999850488823204,0.17320508075688776
2026-08-31T22:19:05.381,125984625,P038,rhythm_normal,NORMAL,,,,1155,5536527,111745,118884,111221.52,118038.87,523.48,845.13,693.3,677.08,False,False,nan,True,0.9381,80.94,97.21,True,0,INCONCLUSIVE,0,,0,,,,,14,90,135,30,60,0.999850488823204,0.17320508075688776
2026-08-31T22:19:05.516,125984765,P038,rhythm_normal,NORMAL,,,,1156,5536567,111744,118900,111231.97,118056.09,512.03,843.91,730.96,678.15,False,False,nan,True,0.9381,80.94,97.21,True,0,INCONCLUSIVE,0,,0,,,,,19,77,136,30,60,0.9989604596779594,0.17320508075688776
2026-08-31T22:19:05.527,125984781,P038,rhythm_normal,NORMAL,,,,1157,5536607,111807,119033,111243.47,118075.62,563.53,957.38,787.56,680.34,False,False,nan,True,0.9381,80.94,97.21,True,0,INCONCLUSIVE,0,,0,,,,,19,77,136,30,60,0.9989604596779594,0.17320508075688776
2026-08-31T22:19:05.538,125984796,P038,rhythm_normal,NORMAL,,,,1158,5536647,111930,119280,111257.2,118099.71,672.8,1180.29,885.74,684.45,False,False,nan,True,0.9381,80.94,97.21,True,0,INCONCLUSIVE,0,,0,,,,,19,77,136,30,60,0.9989604596779594,0.17320508075688776
2026-08-31T22:19:05.550,125984796,P038,rhythm_normal,NORMAL,,,,1159,5536687,112062,119546,111273.3,118128.63,788.7,1417.37,1018.65,691.13,False,False,nan,True,0.9381,80.94,97.21,True,0,INCONCLUSIVE,0,,0,,,,,19,77,136,30,60,0.9989604596779594,0.17320508075688776
2026-08-31T22:19:05.581,125984828,P038,rhythm_normal,NORMAL,,,,1160,5536727,112163,119748,111291.09,118161.02,871.91,1586.98,1160.73,700.53,False,False,nan,True,0.9381,80.94,97.21,True,0,INCONCLUSIVE,0,,0,,,,,19,77,136,30,60,0.9989604596779594,0.17320508075688776
2026-08-31T22:19:05.717,125984968,P038,rhythm_normal,NORMAL,,,,1161,5536767,112232,119893,111309.91,118195.66,922.09,1697.34,1294.88,712.41,False,False,nan,True,0.9381,80.94,97.21,True,0,INCONCLUSIVE,0,,0,,,,,19,77,136,30,60,0.9996724463543046,0.17320508075688776
2026-08-31T22:19:05.728,125984984,P038,rhythm_normal,NORMAL,,,,1162,5536807,112299,120028,111329.7,118232.31,969.3,1795.69,1420.08,726.57,False,False,nan,True,0.9381,80.94,97.21,True,0,INCONCLUSIVE,0,,0,,,,,19,77,136,30,60,0.9996724463543046,0.17320508075688776
2026-08-31T22:19:05.740,125984984,P038,rhythm_normal,NORMAL,,,,1163,5536847,112373,120166,111350.56,118270.98,1022.44,1895.02,1538.82,742.81,False,False,nan,True,0.9381,80.94,97.21,True,0,INCONCLUSIVE,0,,0,,,,,19,77,136,30,60,0.9996724463543046,0.17320508075688776
2026-08-31T22:19:05.749,125985000,P038,rhythm_normal,NORMAL,,,,1164,5536887,112422,120260,111371.99,118310.77,1050.01,1949.23,1641.42,760.78,False,False,nan,True,0.9381,80.94,97.21,True,0,INCONCLUSIVE,0,,0,,,,,19,77,136,30,60,0.9996724463543046,0.17320508075688776
2026-08-31T22:19:05.781,125985031,P038,rhythm_normal,NORMAL,,,,1165,5536927,112342,120048,111391.39,118345.51,950.61,1702.49,1656.69,778.7,False,False,nan,True,0.9381,80.94,97.21,True,0,INCONCLUSIVE,0,,0,,,,,19,77,136,30,60,0.9996724463543046,0.17320508075688776
2026-08-31T22:19:05.920,125985171,P038,rhythm_normal,NORMAL,,,,1166,5536967,111886,119094,111401.28,118360.48,484.72,733.52,1425.9,791.65,True,True,720.0,True,0.9427,82.05,97.21,True,0,INCONCLUSIVE,0,,0,,,,,19,77,136,30,60,0.999850488823204,0.17320508075688776
2026-08-31T22:19:05.928,125985171,P038,rhythm_normal,NORMAL,,,,1167,5537007,111739,118755,111408.04,118368.37,330.96,386.63,1166.08,799.14,False,False,nan,True,0.9427,82.05,97.21,True,0,INCONCLUSIVE,0,,0,,,,,19,77,136,30,60,0.999850488823204,0.17320508075688776
2026-08-31T22:19:05.939,125985187,P038,rhythm_normal,NORMAL,,,,1168,5537047,111800,118890,111415.88,118378.8,384.12,511.2,1002.36,803.2,False,False,nan,True,0.9427,82.05,97.21,True,0,INCONCLUSIVE,0,,0,,,,,19,77,136,30,60,0.999850488823204,0.17320508075688776
2026-08-31T22:19:05.951,125985203,P038,rhythm_normal,NORMAL,,,,1169,5537087,111897,119079,111425.5,118392.8,471.5,686.2,923.32,805.6,False,False,nan,True,0.9427,82.05,97.21,True,0,INCONCLUSIVE,0,,0,,,,,19,77,136,30,60,0.999850488823204,0.17320508075688776
2026-08-31T22:19:05.981,125985234,P038,rhythm_normal,NORMAL,,,,1170,5537127,111937,119152,111435.73,118407.99,501.27,744.01,878.49,807.06,False,False,nan,True,0.9427,82.05,97.21,True,0,INCONCLUSIVE,0,,0,,,,,19,77,136,30,60,0.999850488823204,0.17320508075688776
2026-08-31T22:19:06.116,125985359,P038,rhythm_normal,NORMAL,,,,1171,5537167,112013,119302,111447.27,118425.88,565.73,876.12,877.9,808.48,False,False,nan,True,0.9427,82.05,97.21,True,0,INCONCLUSIVE,0,,0,,,,,19,77,136,30,60,0.999850488823204,0.17320508075688776
2026-08-31T22:19:06.130,125985375,P038,rhythm_normal,NORMAL,,,,1172,5537207,112052,119373,111459.37,118444.82,592.63,928.18,890.47,810.12,False,False,nan,True,0.9427,82.05,97.21,True,0,INCONCLUSIVE,0,,0,,,,,19,77,136,30,60,0.999850488823204,0.17320508075688776
2026-08-31T22:19:06.140,125985390,P038,rhythm_normal,NORMAL,,,,1173,5537247,112036,119321,111470.9,118462.34,565.1,858.66,882.52,811.56,True,False,nan,True,0.9427,82.05,97.21,True,0,INCONCLUSIVE,0,,0,,,,,19,77,136,30,60,0.999850488823204,0.17320508075688776
2026-08-31T22:19:06.150,125985406,P038,rhythm_normal,NORMAL,,,,1174,5537287,112026,119330,111482.0,118479.7,544.0,850.3,874.46,812.82,False,False,nan,True,0.9427,82.05,97.21,True,0,INCONCLUSIVE,0,,0,,,,,19,77,136,30,60,0.999850488823204,0.17320508075688776
2026-08-31T22:19:06.181,125985437,P038,rhythm_normal,NORMAL,,,,1175,5537327,112096,119445,111494.28,118499.0,601.72,946.0,892.35,814.41,False,False,nan,True,0.9427,82.05,97.21,True,0,INCONCLUSIVE,0,,0,,,,,19,77,136,30,60,0.999850488823204,0.17320508075688776
2026-08-31T22:19:06.316,125985562,P038,rhythm_normal,NORMAL,,,,1176,5537367,112177,119590,111507.94,118520.82,669.06,1069.18,936.56,816.86,False,False,nan,True,0.9427,82.05,97.21,True,0,INCONCLUSIVE,0,,0,,,,,19,77,136,30,60,0.999850488823204,0.17320508075688776
2026-08-31T22:19:06.328,125985578,P038,rhythm_normal,NORMAL,,,,1177,5537407,112243,119736,111522.64,118545.12,720.36,1190.88,1000.14,820.52,False,False,nan,True,0.9427,82.05,97.21,True,0,INCONCLUSIVE,0,,0,,,,,19,77,136,30,60,0.999850488823204,0.17320508075688776
2026-08-31T22:19:06.339,125985593,P038,rhythm_normal,NORMAL,,,,1178,5537447,112304,119861,111538.27,118571.45,765.73,1289.55,1072.49,825.56,False,False,nan,True,0.9427,82.05,97.21,True,0,INCONCLUSIVE,0,,0,,,,,19,77,136,30,60,0.999850488823204,0.17320508075688776
2026-08-31T22:19:06.349,125985593,P038,rhythm_normal,NORMAL,,,,1179,5537487,112352,119976,111554.54,118599.54,797.46,1376.46,1148.48,832.02,False,False,nan,True,0.9427,82.05,97.21,True,0,INCONCLUSIVE,0,,0,,,,,19,77,136,30,60,0.999850488823204,0.17320508075688776
2026-08-31T22:19:06.381,125985625,P038,rhythm_normal,NORMAL,,,,1180,5537527,112394,120057,111571.33,118628.69,822.67,1428.31,1218.44,839.75,False,False,nan,True,0.9427,82.05,97.21,True,0,INCONCLUSIVE,0,,0,,,,,19,77,136,30,60,0.999850488823204,0.17320508075688776
2026-08-31T22:19:06.516,125985765,P038,rhythm_normal,NORMAL,,,,1181,5537567,112419,120111,111588.28,118658.34,830.72,1452.66,1277.0,848.49,False,False,nan,True,0.9427,82.05,97.21,True,0,INCONCLUSIVE,0,,0,,,,,19,77,136,30,60,0.999850488823204,0.17320508075688776
2026-08-31T22:19:06.527,125985781,P038,rhythm_normal,NORMAL,,,,1182,5537607,112484,120260,111606.2,118690.37,877.8,1569.63,1350.16,858.53,False,False,nan,True,0.9427,82.05,97.21,True,0,INCONCLUSIVE,0,,0,,,,,19,77,136,30,60,0.999850488823204,0.17320508075688776
2026-08-31T22:19:06.539,125985796,P038,rhythm_normal,NORMAL,,,,1183,5537647,112507,120293,111624.21,118722.42,882.79,1570.58,1405.26,869.46,False,False,nan,True,0.9427,82.05,97.21,True,0,INCONCLUSIVE,0,,0,,,,,19,77,136,30,60,0.999850488823204,0.17320508075688776
2026-08-31T22:19:06.550,125985796,P038,rhythm_normal,NORMAL,,,,1184,5537687,112137,119514,111634.47,118738.25,502.53,775.75,1247.88,877.03,True,True,720.0,True,0.9508,83.19,97.21,True,0,INCONCLUSIVE,0,,0,,,,,19,77,136,30,60,0.999850488823204,0.17320508075688776
2026-08-31T22:19:06.581,125985828,P038,rhythm_normal,NORMAL,,,,1185,5537727,111848,118909,111638.74,118741.66,209.26,167.34,977.75,879.04,False,False,nan,True,0.9508,83.19,97.21,True,0,INCONCLUSIVE,0,,0,,,,,19,77,136,30,60,0.999850488823204,0.17320508075688776
