pc_time,pc_monotonic_ms,trial_id,label,expected_state,reference_hr_bpm,reference_spo2_pct,action_marker,seq,t_ms,red,ir,red_dc,ir_dc,red_ac,ir_ac,filtered_ir,envelope,peak_candidate,beat_accepted,ibi_ms,finger,sqi,hr_bpm,spo2_pct,valid,fifo_overflow,rhythm_state,rhythm_valid,rhythm_confidence,model_calibrated,rhythm_ibi_mean_ms,rhythm_sdnn_ms,rhythm_rmssd_ms,rhythm_pnn50,rhythm_beat_count,rhythm_inference_us,rhythm_inference_count,rhythm_model_bytes,rhythm_classifier_state_bytes,imu_accel_g,imu_gyro_dps
2026-08-31T22:15:19.933,125759187,P035,cane_motion,MOTION,,,,1,5311077,107372,102272,109415.39,105570.38,-2043.39,-3298.38,-3209.42,2557.03,False,False,nan,True,0.8282,68.77,97.82,True,0,COLLECTING,0,,0,,,,,6,93,110,30,60,0.999541394840654,0.17320508075688776
2026-08-31T22:15:20.080,125759328,P035,cane_motion,MOTION,,,,2,5311117,107379,102304,109374.66,105505.05,-1995.66,-3201.05,-3207.33,2570.03,False,False,nan,True,0.8282,68.77,97.82,True,0,COLLECTING,0,,0,,,,,6,93,110,30,60,0.9997609714326721,0.17320508075688776
2026-08-31T22:15:20.090,125759343,P035,cane_motion,MOTION,,,,3,5311157,107370,102290,109334.57,105440.74,-1964.57,-3150.74,-3193.18,2582.5,False,False,nan,True,0.8282,68.77,97.82,True,0,COLLECTING,0,,0,,,,,6,93,110,30,60,0.9997609714326721,0.17320508075688776
2026-08-31T22:15:20.100,125759343,P035,cane_motion,MOTION,,,,4,5311197,107332,102241,109294.52,105376.75,-1962.52,-3135.75,-3178.82,2594.42,False,False,nan,True,0.8282,68.77,97.82,True,0,COLLECTING,0,,0,,,,,6,93,110,30,60,0.9997609714326721,0.17320508075688776
2026-08-31T22:15:20.110,125759359,P035,cane_motion,MOTION,,,,5,5311237,107109,101829,109250.8,105305.8,-2141.8,-3476.8,-3253.32,2607.6,False,False,nan,True,0.8282,68.77,97.82,True,0,COLLECTING,0,,0,,,,,6,93,110,30,60,0.9997609714326721,0.17320508075688776
2026-08-31T22:15:20.134,125759390,P035,cane_motion,MOTION,,,,6,5311277,106835,101324,109202.49,105226.16,-2367.49,-3902.16,-3415.53,2623.76,False,False,nan,True,0.8282,68.77,97.82,True,0,COLLECTING,0,,0,,,,,6,93,110,30,60,0.9997609714326721,0.17320508075688776
2026-08-31T22:15:20.281,125759531,P035,cane_motion,MOTION,,,,7,5311317,106724,101197,109152.92,105145.58,-2428.92,-3948.58,-3548.79,2642.26,False,False,nan,True,0.8282,68.77,97.82,True,0,COLLECTING,0,,0,,,,,6,93,110,30,60,0.999541394840654,0.17320508075688776
2026-08-31T22:15:20.292,125759546,P035,cane_motion,MOTION,,,ACTION_START,8,5311357,106719,101305,109104.24,105068.77,-2385.24,-3763.77,-3602.53,2661.47,False,False,nan,True,0.8282,68.77,97.82,True,0,COLLECTING,0,,0,,,,,6,93,110,30,60,0.999541394840654,0.17320508075688776
2026-08-31T22:15:20.301,125759546,P035,cane_motion,MOTION,,,,9,5311397,106604,101152,109054.23,104990.43,-2450.23,-3838.43,-3661.51,2681.47,False,False,nan,True,0.8282,68.77,97.82,True,0,COLLECTING,0,,0,,,,,6,93,110,30,60,0.999541394840654,0.17320508075688776
2026-08-31T22:15:20.310,125759562,P035,cane_motion,MOTION,,,,10,5311437,106490,100992,109002.95,104910.46,-2512.95,-3918.46,-3725.75,2702.35,False,False,nan,True,0.8282,68.77,97.82,True,0,COLLECTING,0,,0,,,,,6,93,110,30,60,0.999541394840654,0.17320508075688776
2026-08-31T22:15:20.333,125759578,P035,cane_motion,MOTION,,,,11,5311477,106330,100743,108949.49,104827.11,-2619.49,-4084.11,-3815.34,2724.61,False,False,nan,True,0.8282,68.77,97.82,True,0,COLLECTING,0,,0,,,,,6,93,110,30,60,0.999541394840654,0.17320508075688776
2026-08-31T22:15:20.478,125759734,P035,cane_motion,MOTION,,,,12,5311517,106127,100450,108893.04,104739.57,-2766.04,-4289.57,-3933.9,2748.8,False,False,nan,True,0.8282,68.77,97.82,True,0,COLLECTING,0,,0,,,,,6,93,110,30,60,0.999541394840654,0.17320508075688776
2026-08-31T22:15:20.491,125759750,P035,cane_motion,MOTION,,,,13,5311557,105921,100191,108833.6,104648.6,-2912.6,-4457.6,-4064.82,2775.12,False,False,nan,True,0.8282,68.77,96.84,True,0,COLLECTING,0,,0,,,,,6,93,110,30,60,0.999541394840654,0.17320508075688776
2026-08-31T22:15:20.500,125759750,P035,cane_motion,MOTION,,,,14,5311597,105753,100017,108771.99,104555.97,-3018.99,-4538.97,-4183.36,2803.28,False,False,nan,True,0.8282,68.77,96.84,True,0,COLLECTING,0,,0,,,,,6,93,110,30,60,0.999541394840654,0.17320508075688776
2026-08-31T22:15:20.511,125759765,P035,cane_motion,MOTION,,,,15,5311637,105651,99985,108709.57,104464.55,-3058.57,-4479.55,-4257.41,2832.37,False,False,nan,True,0.8282,68.77,96.84,True,0,COLLECTING,0,,0,,,,,6,93,110,30,60,0.999541394840654,0.17320508075688776
2026-08-31T22:15:20.533,125759781,P035,cane_motion,MOTION,,,,16,5311677,105594,99986,108647.26,104374.98,-3053.26,-4388.98,-4290.3,2861.52,False,False,nan,True,0.8282,68.77,96.84,True,0,COLLECTING,0,,0,,,,,6,93,110,30,60,0.999541394840654,0.17320508075688776
2026-08-31T22:15:20.678,125759921,P035,cane_motion,MOTION,,,,17,5311717,105686,100290,108588.03,104293.27,-2902.03,-4003.27,-4218.54,2888.66,False,False,nan,True,0.8282,68.77,96.84,True,0,COLLECTING,0,,0,,,,,6,93,110,30,60,0.9997609714326721,0.17320508075688776
2026-08-31T22:15:20.690,125759937,P035,cane_motion,MOTION,,,,18,5311757,105962,100973,108535.51,104226.87,-2573.51,-3253.87,-3977.37,2910.44,False,False,nan,True,0.8282,68.77,96.84,True,0,COLLECTING,0,,0,,,,,6,93,110,30,60,0.9997609714326721,0.17320508075688776
2026-08-31T22:15:20.700,125759953,P035,cane_motion,MOTION,,,,19,5311797,106956,103103,108503.91,104204.39,-1547.91,-1101.39,-3258.38,2917.4,False,False,nan,True,0.8282,68.77,96.84,True,0,COLLECTING,0,,0,,,,,6,93,110,30,60,0.9997609714326721,0.17320508075688776
2026-08-31T22:15:20.711,125759968,P035,cane_motion,MOTION,,,,20,5311837,108685,106673,108507.54,104253.77,177.46,2419.23,-1838.97,2895.83,False,False,nan,True,0.8282,68.77,96.84,True,0,COLLECTING,0,,0,,,,,6,93,110,30,60,0.9997609714326721,0.17320508075688776
2026-08-31T22:15:20.733,125759984,P035,cane_motion,MOTION,,,,21,5311877,109571,108395,108528.8,104336.59,1042.2,4058.41,-364.63,2845.21,False,False,nan,True,0.8282,68.77,96.84,True,0,COLLECTING,0,,0,,,,,6,93,110,30,60,0.9997609714326721,0.17320508075688776
2026-08-31T22:15:20.883,125760140,P035,cane_motion,MOTION,,,,22,5311917,110124,109679,108560.71,104443.45,1563.29,5235.55,1035.42,2809.01,False,False,nan,True,0.8282,68.77,96.84,True,0,COLLECTING,0,,0,,,,,6,93,110,30,60,0.999541394840654,0.17320508075688776
2026-08-31T22:15:20.890,125760140,P035,cane_motion,MOTION,,,,23,5311957,110440,110547,108598.3,104565.52,1841.7,5981.48,2271.93,2798.27,False,False,nan,True,0.8282,68.77,96.84,True,0,COLLECTING,0,,0,,,,,6,93,110,30,60,0.999541394840654,0.17320508075688776
2026-08-31T22:15:20.902,125760156,P035,cane_motion,MOTION,,,,24,5311997,110477,110786,108635.87,104689.92,1841.13,6096.08,3227.97,2806.86,False,False,nan,True,0.8282,68.77,96.84,True,0,COLLECTING,0,,0,,,,,6,93,110,30,60,0.999541394840654,0.17320508075688776
2026-08-31T22:15:20.910,125760156,P035,cane_motion,MOTION,,,,25,5312037,110669,111236,108676.53,104820.84,1992.47,6415.16,4024.77,2831.22,False,False,nan,True,0.8282,68.77,96.84,True,0,COLLECTING,0,,0,,,,,6,93,110,30,60,0.999541394840654,0.17320508075688776
2026-08-31T22:15:20.943,125760187,P035,cane_motion,MOTION,,,,26,5312087,110919,111721,108721.38,104958.84,2197.62,6762.16,4709.11,2868.78,False,False,nan,True,0.8282,68.77,96.84,True,0,COLLECTING,0,,0,,,,,6,93,110,30,60,0.999541394840654,0.17320508075688776
2026-08-31T22:15:21.079,125760328,P035,cane_motion,MOTION,,,,27,5312117,111074,111935,108768.44,105098.37,2305.56,6836.63,5240.99,2916.22,False,False,nan,True,0.8282,68.77,96.84,True,0,COLLECTING,0,,0,,,,,6,93,110,30,60,0.9997609714326721,0.17320508075688776
2026-08-31T22:15:21.090,125760343,P035,cane_motion,MOTION,,,,28,5312167,111205,112085,108817.17,105238.1,2387.83,6846.9,5642.47,2970.75,False,False,nan,True,0.8282,68.77,96.84,True,0,COLLECTING,0,,0,,,,,6,93,110,30,60,0.9997609714326721,0.17320508075688776
2026-08-31T22:15:21.100,125760343,P035,cane_motion,MOTION,,,,29,5312207,110966,111120,108860.15,105355.74,2105.85,5764.26,5672.92,3024.79,False,False,nan,True,0.8282,68.77,96.84,True,0,COLLECTING,0,,0,,,,,6,93,110,30,60,0.9997609714326721,0.17320508075688776
2026-08-31T22:15:21.110,125760359,P035,cane_motion,MOTION,,,,30,5312247,110661,110041,108896.16,105449.45,1764.84,4591.55,5402.58,3072.35,True,False,nan,True,0.8282,68.77,96.84,True,0,COLLECTING,0,,0,,,,,6,93,110,30,60,0.9997609714326721,0.17320508075688776
2026-08-31T22:15:21.144,125760390,P035,cane_motion,MOTION,,,,31,5312287,110584,109570,108929.92,105531.86,1654.08,4038.14,5061.47,3112.13,False,False,nan,True,0.8282,68.77,96.84,True,0,COLLECTING,0,,0,,,,,6,93,110,30,60,0.9997609714326721,0.17320508075688776
2026-08-31T22:15:21.278,125760531,P035,cane_motion,MOTION,,,,32,5312327,110571,109346,108962.74,105608.14,1608.26,3737.86,4730.57,3144.5,False,False,nan,True,0.8282,68.77,96.84,True,0,COLLECTING,0,,0,,,,,6,93,110,30,60,0.9997609714326721,0.17320508075688776
2026-08-31T22:15:21.290,125760546,P035,cane_motion,MOTION,,,,33,5312367,110403,108811,108991.55,105672.2,1411.45,3138.8,4332.62,3168.26,False,False,nan,True,0.8282,68.77,96.84,True,0,COLLECTING,0,,0,,,,,6,93,110,30,60,0.9997609714326721,0.17320508075688776
2026-08-31T22:15:21.301,125760546,P035,cane_motion,MOTION,,,,34,5312407,110174,108215,109015.2,105723.05,1158.8,2491.95,3872.46,3182.34,False,False,nan,True,0.8282,68.77,96.84,True,0,COLLECTING,0,,0,,,,,6,93,110,30,60,0.9997609714326721,0.17320508075688776
2026-08-31T22:15:21.310,125760562,P035,cane_motion,MOTION,,,,35,5312447,110031,107876,109035.51,105766.12,995.49,2109.88,3431.81,3187.33,False,False,nan,True,0.8282,68.77,96.84,True,0,COLLECTING,0,,0,,,,,6,93,110,30,60,0.9997609714326721,0.17320508075688776
2026-08-31T22:15:21.343,125760593,P035,cane_motion,MOTION,,,,36,5312487,110067,108053,109056.14,105811.85,1010.86,2241.15,3134.15,3186.27,False,False,nan,True,0.8282,68.77,96.84,True,0,COLLECTING,0,,0,,,,,6,93,110,30,60,0.9997609714326721,0.17320508075688776
2026-08-31T22:15:21.478,125760734,P035,cane_motion,MOTION,,,,37,5312527,110260,108610,109080.22,105867.81,1179.78,2742.19,3036.16,3183.27,False,False,nan,True,0.8282,68.77,96.84,True,0,COLLECTING,0,,0,,,,,6,93,110,30,60,0.999541394840654,0.17320508075688776
2026-08-31T22:15:21.490,125760734,P035,cane_motion,MOTION,,,,38,5312567,110156,108491,109101.73,105920.27,1054.27,2570.73,2919.8,3178.0,False,False,nan,True,0.8282,68.77,96.84,True,0,COLLECTING,0,,0,,,,,6,93,110,30,60,0.999541394840654,0.17320508075688776
2026-08-31T22:15:21.500,125760750,P035,cane_motion,MOTION,,,,39,5312607,109752,107716,109114.74,105956.19,637.26,1759.81,2629.8,3167.03,False,False,nan,True,0.8282,68.77,96.84,True,0,COLLECTING,0,,0,,,,,6,93,110,30,60,0.999541394840654,0.17320508075688776
2026-08-31T22:15:21.509,125760765,P035,cane_motion,MOTION,,,,40,5312647,109519,107376,109122.83,105984.59,396.17,1391.41,2320.21,3150.1,False,False,nan,True,0.8282,68.77,96.84,True,0,COLLECTING,0,,0,,,,,6,93,110,30,60,0.999541394840654,0.17320508075688776
2026-08-31T22:15:21.543,125760796,P035,cane_motion,MOTION,,,,41,5312687,109380,107210,109127.97,106009.09,252.03,1200.91,2040.38,3127.9,False,False,nan,True,0.8282,68.77,96.84,True,0,COLLECTING,0,,0,,,,,6,93,110,30,60,0.999541394840654,0.17320508075688776
2026-08-31T22:15:21.678,125760921,P035,cane_motion,MOTION,,,,42,5312727,109288,107134,109131.17,106031.59,156.83,1102.41,1805.89,3101.46,False,False,nan,True,0.8282,68.77,96.84,True,0,COLLECTING,0,,0,,,,,6,93,110,30,60,0.9997609714326721,0.17320508075688776
2026-08-31T22:15:21.693,125760937,P035,cane_motion,MOTION,,,,43,5312767,109662,107993,109141.79,106070.82,520.21,1922.18,1834.96,3076.13,False,False,nan,True,0.8282,68.77,96.84,True,0,COLLECTING,0,,0,,,,,6,93,110,30,60,0.9997609714326721,0.17320508075688776
2026-08-31T22:15:21.701,125760953,P035,cane_motion,MOTION,,,,44,5312807,110284,109580,109164.63,106141.0,1119.37,3439.0,2235.97,3059.33,False,False,nan,True,0.8282,68.77,96.84,True,0,COLLECTING,0,,0,,,,,6,93,110,30,60,0.9997609714326721,0.17320508075688776
2026-08-31T22:15:21.709,125760953,P035,cane_motion,MOTION,,,,45,5312847,110753,110705,109196.4,106232.28,1556.6,4472.72,2795.16,3054.05,False,False,nan,True,0.8282,68.77,96.84,True,0,COLLECTING,0,,0,,,,,6,93,110,30,60,0.9997609714326721,0.17320508075688776
2026-08-31T22:15:21.743,125761000,P035,cane_motion,MOTION,,,,46,5312887,110916,111009,109230.79,106327.81,1685.21,4681.19,3266.66,3058.3,False,False,nan,True,0.8282,68.77,96.84,True,0,COLLECTING,0,,0,,,,,6,93,110,30,60,0.9997609714326721,0.17320508075688776
2026-08-31T22:15:21.879,125761125,P035,cane_motion,MOTION,,,,47,5312927,110667,110261,109259.52,106406.48,1407.48,3854.52,3413.63,3065.41,False,False,nan,True,0.8282,68.77,96.84,True,0,COLLECTING,0,,0,,,,,6,93,110,30,60,0.999541394840654,0.17320508075688776
2026-08-31T22:15:21.891,125761140,P035,cane_motion,MOTION,,,,48,5312967,110530,109714,109284.92,106472.62,1245.08,3241.38,3370.57,3071.51,True,True,720.0,True,0.8646,73.85,96.84,True,0,COLLECTING,0,,0,,,,,6,93,110,30,60,0.999541394840654,0.17320508075688776
2026-08-31T22:15:21.901,125761156,P035,cane_motion,MOTION,,,,49,5313007,110916,110196,109317.55,106547.09,1598.45,3648.91,3440.15,3078.88,False,False,nan,True,0.8646,73.85,96.84,True,0,COLLECTING,0,,0,,,,,6,93,110,30,60,0.999541394840654,0.17320508075688776
2026-08-31T22:15:21.909,125761156,P035,cane_motion,MOTION,,,,50,5313047,112534,112869,109381.88,106673.53,3152.12,6195.47,4128.98,3099.88,False,False,nan,True,0.8646,73.85,96.84,True,0,COLLECTING,0,,0,,,,,6,93,110,30,60,0.999541394840654,0.17320508075688776
2026-08-31T22:15:21.943,125761187,P035,cane_motion,MOTION,,,,51,5313087,113385,114359,109461.94,106827.24,3923.06,7531.76,4979.67,3137.48,False,False,nan,True,0.8646,73.85,96.84,True,0,COLLECTING,0,,0,,,,,6,93,110,30,60,0.999541394840654,0.17320508075688776
2026-08-31T22:15:22.079,125761328,P035,cane_motion,MOTION,,,,52,5313127,113691,114928,109546.52,106989.26,4144.48,7938.74,5719.44,3189.12,False,False,nan,True,0.8646,73.85,96.84,True,0,COLLECTING,0,,0,,,,,6,93,110,30,60,0.999541394840654,0.17320508075688776
2026-08-31T22:15:22.090,125761343,P035,cane_motion,MOTION,,,,53,5313167,113809,115117,109631.77,107151.81,4177.23,7965.19,6280.88,3250.95,False,False,nan,True,0.8646,73.85,96.84,True,0,COLLECTING,0,,0,,,,,6,93,110,30,60,0.999541394840654,0.17320508075688776
2026-08-31T22:15:22.100,125761343,P035,cane_motion,MOTION,,,,54,5313207,113792,114831,109714.97,107305.4,4077.03,7525.6,6592.06,3317.78,False,False,nan,True,0.8646,73.85,96.84,True,0,COLLECTING,0,,0,,,,,6,93,110,30,60,0.999541394840654,0.17320508075688776
2026-08-31T22:15:22.110,125761359,P035,cane_motion,MOTION,,,,55,5313247,113647,114153,109793.61,107442.35,3853.39,6710.65,6621.71,3383.85,False,False,nan,True,0.8646,73.85,96.84,True,0,COLLECTING,0,,0,,,,,6,93,110,30,60,0.999541394840654,0.17320508075688776
2026-08-31T22:15:22.143,125761390,P035,cane_motion,MOTION,,,,56,5313287,113392,113217,109865.58,107557.84,3526.42,5659.16,6381.07,3443.8,True,False,nan,True,0.8646,73.85,96.84,True,0,COLLECTING,0,,0,,,,,6,93,110,30,60,0.999541394840654,0.17320508075688776
2026-08-31T22:15:22.278,125761531,P035,cane_motion,MOTION,,,,57,5313327,113328,112633,109934.83,107659.34,3393.17,4973.66,6029.22,3495.51,False,False,nan,True,0.8646,73.85,96.84,True,0,COLLECTING,0,,0,,,,,6,93,110,30,60,0.9997609714326721,0.17320508075688776
2026-08-31T22:15:22.292,125761546,P035,cane_motion,MOTION,,,,58,5313367,113333,112102,110002.79,107748.2,3330.21,4353.8,5610.36,3537.8,False,False,nan,True,0.8646,73.85,96.84,True,0,COLLECTING,0,,0,,,,,6,93,110,30,60,0.9997609714326721,0.17320508075688776
2026-08-31T22:15:22.301,125761546,P035,cane_motion,MOTION,,,,59,5313407,113108,111127,110064.89,107815.77,3043.11,3311.23,5035.58,3567.76,False,False,nan,True,0.8646,73.85,96.84,True,0,COLLECTING,0,,0,,,,,6,93,110,30,60,0.9997609714326721,0.17320508075688776
2026-08-31T22:15:22.310,125761562,P035,cane_motion,MOTION,,,,60,5313447,112823,110112,110120.05,107861.7,2702.95,2250.3,4339.26,3583.19,False,False,nan,True,0.8646,73.85,96.84,True,0,COLLECTING,0,,0,,,,,6,93,110,30,60,0.9997609714326721,0.17320508075688776
2026-08-31T22:15:22.343,125761593,P035,cane_motion,MOTION,,,,61,5313487,112798,109568,110173.62,107895.82,2624.38,1672.18,3672.49,3584.98,False,False,nan,True,0.8646,73.85,96.84,True,0,COLLECTING,0,,0,,,,,6,93,110,30,60,0.9997609714326721,0.17320508075688776
2026-08-31T22:15:22.478,125761734,P035,cane_motion,MOTION,,,,62,5313527,112950,109789,110229.15,107933.69,2720.85,1855.31,3218.2,3577.64,False,False,nan,True,0.8646,73.85,96.84,True,0,COLLECTING,0,,0,,,,,6,93,110,30,60,0.999541394840654,0.17320508075688776
2026-08-31T22:15:22.491,125761750,P035,cane_motion,MOTION,,,,63,5313567,113225,110286,110289.06,107980.73,2935.94,2305.27,2989.96,3565.89,False,False,nan,True,0.8646,73.85,96.84,True,0,COLLECTING,0,,0,,,,,6,93,110,30,60,0.999541394840654,0.17320508075688776
2026-08-31T22:15:22.501,125761750,P035,cane_motion,MOTION,,,,64,5313607,113319,110530,110349.66,108031.72,2969.34,2498.28,2867.04,3551.91,False,False,nan,True,0.8646,73.85,96.84,True,0,COLLECTING,0,,0,,,,,6,93,110,30,60,0.999541394840654,0.17320508075688776
2026-08-31T22:15:22.509,125761765,P035,cane_motion,MOTION,,,,65,5313647,113129,110217,110405.25,108075.42,2723.75,2141.58,2685.68,3534.58,False,False,nan,True,0.8646,73.85,96.84,True,0,COLLECTING,0,,0,,,,,6,93,110,30,60,0.999541394840654,0.17320508075688776
2026-08-31T22:15:22.543,125761796,P035,cane_motion,MOTION,,,,66,5313687,112824,109815,110453.62,108110.21,2370.38,1704.79,2440.45,3512.7,False,False,nan,True,0.8646,73.85,96.84,True,0,COLLECTING,0,,0,,,,,6,93,110,30,60,0.999541394840654,0.17320508075688776
2026-08-31T22:15:22.678,125761921,P035,cane_motion,MOTION,,,,67,5313727,111617,108082,110476.89,108109.65,1140.11,-27.65,1823.43,3478.92,False,False,nan,True,0.8646,73.85,96.84,True,0,COLLECTING,0,,0,,,,,6,93,110,30,60,0.9997609714326721,0.17320508075688776
2026-08-31T22:15:22.691,125761937,P035,cane_motion,MOTION,,,,68,5313767,110273,106119,110472.81,108069.84,-199.81,-1950.84,879.86,3426.94,False,False,nan,True,0.8646,73.85,96.84,True,0,COLLECTING,0,,0,,,,,6,93,110,30,60,0.9997609714326721,0.17320508075688776
2026-08-31T22:15:22.701,125761953,P035,cane_motion,MOTION,,,,69,5313807,110148,106101,110466.31,108030.46,-318.31,-1929.46,177.53,3361.95,False,False,nan,True,0.8646,73.85,96.84,True,0,COLLECTING,0,,0,,,,,6,93,110,30,60,0.9997609714326721,0.17320508075688776
2026-08-31T22:15:22.710,125761953,P035,cane_motion,MOTION,,,,70,5313847,110931,108049,110475.61,108030.83,455.39,18.17,137.69,3297.46,False,False,nan,True,0.8646,73.85,96.84,True,0,COLLECTING,0,,0,,,,,6,93,110,30,60,0.9997609714326721,0.17320508075688776
2026-08-31T22:15:22.744,125762000,P035,cane_motion,MOTION,,,,71,5313887,111438,109486,110494.86,108059.93,943.14,1426.07,459.79,3240.71,False,False,nan,True,0.8646,73.85,96.84,True,0,COLLECTING,0,,0,,,,,6,93,110,30,60,0.9997609714326721,0.17320508075688776
2026-08-31T22:15:22.880,125762125,P035,cane_motion,MOTION,,,,72,5313927,111650,109986,110517.96,108098.45,1132.04,1887.55,816.73,3192.23,False,False,nan,True,0.8646,73.85,96.84,True,0,COLLECTING,0,,0,,,,,5,93,110,30,60,0.9997609714326721,0.17320508075688776
2026-08-31T22:15:22.891,125762140,P035,cane_motion,MOTION,,,,73,5313967,111520,109551,110538.0,108127.51,982.0,1423.49,968.42,3147.75,False,False,nan,True,0.8646,73.85,96.84,True,0,COLLECTING,0,,0,,,,,5,93,110,30,60,0.9997609714326721,0.17320508075688776
2026-08-31T22:15:22.900,125762156,P035,cane_motion,MOTION,,,,74,5314007,110742,107814,110542.08,108121.23,199.92,-307.23,649.5,3097.79,False,False,nan,True,0.8646,73.85,96.84,True,0,COLLECTING,0,,0,,,,,5,93,110,30,60,0.9997609714326721,0.17320508075688776
2026-08-31T22:15:22.909,125762156,P035,cane_motion,MOTION,,,,75,5314047,110387,107179,110538.98,108102.39,-151.98,-923.39,256.28,3040.96,False,False,nan,True,0.8646,73.85,96.84,True,0,COLLECTING,0,,0,,,,,5,93,110,30,60,0.9997609714326721,0.17320508075688776
2026-08-31T22:15:22.943,125762187,P035,cane_motion,MOTION,,,,76,5314087,110094,106538,110530.08,108071.1,-436.08,-1533.1,-191.06,2983.96,False,False,nan,True,0.8646,73.85,96.84,True,0,COLLECTING,0,,0,,,,,5,93,110,30,60,0.9997609714326721,0.17320508075688776
2026-08-31T22:15:23.078,125762328,P035,cane_motion,MOTION,,,,77,5314127,109472,105296,110508.91,108015.6,-1036.91,-2719.6,-823.2,2940.75,False,False,nan,True,0.8646,73.85,96.84,True,0,COLLECTING,0,,0,,,,,5,93,110,30,60,0.999541394840654,0.17320508075688776
2026-08-31T22:15:23.090,125762343,P035,cane_motion,MOTION,,,,78,5314167,109095,104634,110480.63,107947.97,-1385.63,-3313.97,-1445.89,2910.85,False,False,nan,True,0.8646,73.85,96.84,True,0,COLLECTING,0,,0,,,,,5,93,110,30,60,0.999541394840654,0.17320508075688776
2026-08-31T22:15:23.100,125762343,P035,cane_motion,MOTION,,,,79,5314207,109326,105143,110457.54,107891.87,-1131.54,-2748.87,-1771.64,2888.06,False,False,nan,True,0.8646,73.85,96.84,True,0,COLLECTING,0,,0,,,,,5,93,110,30,60,0.999541394840654,0.17320508075688776
2026-08-31T22:15:23.110,125762359,P035,cane_motion,MOTION,,,,80,5314247,109763,106094,110443.65,107855.91,-680.65,-1761.91,-1769.2,2865.69,False,False,nan,True,0.8646,73.85,96.84,True,0,COLLECTING,0,,0,,,,,5,93,110,30,60,0.999541394840654,0.17320508075688776
2026-08-31T22:15:23.143,125762390,P035,cane_motion,MOTION,,,,81,5314287,109951,106626,110433.8,107831.3,-482.8,-1205.3,-1628.23,2840.94,False,False,nan,True,0.8646,73.85,96.84,True,0,COLLECTING,0,,0,,,,,5,93,110,30,60,0.999541394840654,0.17320508075688776
2026-08-31T22:15:23.278,125762531,P035,cane_motion,MOTION,,,,82,5314327,109979,106841,110424.7,107811.5,-445.7,-970.5,-1463.8,2813.39,False,False,nan,True,0.8646,73.85,96.84,True,0,COLLECTING,0,,0,,,,,5,93,110,30,60,0.9997609714326721,0.17320508075688776
2026-08-31T22:15:23.291,125762546,P035,cane_motion,MOTION,,,,83,5314367,110007,107074,110416.35,107796.75,-409.35,-722.75,-1278.53,2782.7,False,False,nan,True,0.8646,73.85,96.84,True,0,COLLECTING,0,,0,,,,,5,93,110,30,60,0.9997609714326721,0.17320508075688776
2026-08-31T22:15:23.301,125762546,P035,cane_motion,MOTION,,,,84,5314407,110087,107316,110409.77,107787.13,-322.77,-471.13,-1076.68,2748.58,False,False,nan,True,0.8646,73.85,96.84,True,0,COLLECTING,0,,0,,,,,5,93,110,30,60,0.9997609714326721,0.17320508075688776
2026-08-31T22:15:23.310,125762562,P035,cane_motion,MOTION,,,,85,5314447,110020,107378,110401.97,107778.95,-381.97,-400.95,-907.75,2711.76,False,False,nan,True,0.8646,73.85,96.84,True,0,COLLECTING,0,,0,,,,,5,93,110,30,60,0.9997609714326721,0.17320508075688776
2026-08-31T22:15:23.344,125762593,P035,cane_motion,MOTION,,,,86,5314487,109685,106794,110387.63,107759.26,-702.63,-965.26,-922.13,2675.97,False,False,nan,True,0.8646,73.85,96.84,True,0,COLLECTING,0,,0,,,,,5,93,110,30,60,0.9997609714326721,0.17320508075688776
2026-08-31T22:15:23.479,125762734,P035,cane_motion,MOTION,,,,87,5314527,109283,106117,110365.54,107726.41,-1082.54,-1609.41,-1093.95,2644.33,False,False,nan,True,0.8646,73.85,96.84,True,0,COLLECTING,0,,0,,,,,5,93,110,30,60,0.9997609714326721,0.17320508075688776
2026-08-31T22:15:23.491,125762734,P035,cane_motion,MOTION,,,,88,5314567,109118,105824,110340.59,107688.37,-1222.59,-1864.37,-1286.55,2617.17,False,False,nan,True,0.8646,73.85,96.84,True,0,COLLECTING,0,,0,,,,,5,93,110,30,60,0.9997609714326721,0.17320508075688776
2026-08-31T22:15:23.501,125762750,P035,cane_motion,MOTION,,,,89,5314607,109378,106295,110321.34,107660.5,-943.34,-1365.5,-1306.29,2590.95,False,False,nan,True,0.8646,73.85,96.84,True,0,COLLECTING,0,,0,,,,,5,93,110,30,60,0.9997609714326721,0.17320508075688776
2026-08-31T22:15:23.511,125762765,P035,cane_motion,MOTION,,,,90,5314647,110312,108248,110321.15,107672.25,-9.15,575.75,-835.78,2555.85,False,False,nan,True,0.8646,73.85,96.84,True,0,COLLECTING,0,,0,,,,,5,93,110,30,60,0.9997609714326721,0.17320508075688776
2026-08-31T22:15:23.543,125762796,P035,cane_motion,MOTION,,,,91,5314687,111430,110900,110343.33,107736.8,1086.67,3163.2,163.96,2508.01,False,False,nan,True,0.8646,73.85,96.84,True,0,COLLECTING,0,,0,,,,,5,93,110,30,60,0.9997609714326721,0.17320508075688776
2026-08-31T22:15:23.679,125762937,P035,cane_motion,MOTION,,,,92,5314727,112140,112551,110379.26,107833.09,1760.74,4717.91,1302.45,2483.9,False,False,nan,True,0.8646,73.85,96.84,True,0,COLLECTING,0,,0,,,,,5,93,110,30,60,0.9997609714326721,0.17320508075688776
2026-08-31T22:15:23.691,125762937,P035,cane_motion,MOTION,,,,93,5314767,112514,113196,110421.95,107940.34,2092.05,5255.66,2290.75,2480.04,False,False,nan,True,0.8646,73.85,96.84,True,0,COLLECTING,0,,0,,,,,5,93,110,30,60,0.9997609714326721,0.17320508075688776
2026-08-31T22:15:23.701,125762953,P035,cane_motion,MOTION,,,,94,5314807,112719,113327,110467.89,108048.08,2251.11,5278.92,3037.79,2491.19,False,False,nan,True,0.8646,73.85,96.84,True,0,COLLECTING,0,,0,,,,,5,93,110,30,60,0.9997609714326721,0.17320508075688776
2026-08-31T22:15:23.710,125762953,P035,cane_motion,MOTION,,,,95,5314847,112392,112242,110506.38,108131.95,1885.62,4110.05,3305.86,2507.49,False,False,nan,True,0.8646,73.85,96.84,True,0,COLLECTING,0,,0,,,,,5,93,110,30,60,0.9997609714326721,0.17320508075688776
2026-08-31T22:15:23.743,125763000,P035,cane_motion,MOTION,,,,96,5314887,112073,111422,110537.71,108197.76,1535.29,3224.24,3285.45,2523.05,True,False,nan,True,0.8646,73.85,96.84,True,0,COLLECTING,0,,0,,,,,5,93,110,30,60,0.9997609714326721,0.17320508075688776
2026-08-31T22:15:23.880,125763125,P035,cane_motion,MOTION,,,,97,5314927,112039,111188,110567.73,108257.56,1471.27,2930.44,3196.7,2536.52,False,False,nan,True,0.8646,73.85,96.84,True,0,COLLECTING,0,,0,,,,,5,93,110,30,60,0.999541394840654,0.17320508075688776
2026-08-31T22:15:23.890,125763140,P035,cane_motion,MOTION,,,,98,5314967,112047,111168,110597.32,108315.77,1449.68,2852.23,3110.58,2548.0,False,False,nan,True,0.8646,73.85,96.84,True,0,COLLECTING,0,,0,,,,,5,93,110,30,60,0.999541394840654,0.17320508075688776
2026-08-31T22:15:23.901,125763156,P035,cane_motion,MOTION,,,,99,5315007,112209,111614,110629.55,108381.73,1579.45,3232.27,3141.0,2559.86,False,False,nan,True,0.8646,73.85,96.84,True,0,COLLECTING,0,,0,,,,,5,93,110,30,60,0.999541394840654,0.17320508075688776
2026-08-31T22:15:23.910,125763156,P035,cane_motion,MOTION,,,,100,5315047,112360,112176,110664.16,108457.62,1695.84,3718.38,3285.35,2574.37,False,False,nan,True,0.8646,73.85,96.84,True,0,COLLECTING,0,,0,,,,,5,93,110,30,60,0.999541394840654,0.17320508075688776
2026-08-31T22:15:23.944,125763187,P035,cane_motion,MOTION,,,,101,5315087,112358,112467,110698.04,108537.8,1659.96,3929.2,3446.31,2591.81,False,False,nan,True,0.8646,73.85,96.84,True,0,COLLECTING,0,,0,,,,,5,93,110,30,60,0.999541394840654,0.17320508075688776
2026-08-31T22:15:24.078,125763328,P035,cane_motion,MOTION,,,,102,5315127,112228,112357,110728.64,108614.19,1499.36,3742.81,3520.44,2610.38,False,False,nan,True,0.8646,73.85,96.84,True,0,COLLECTING,0,,0,,,,,5,93,110,30,60,0.999541394840654,0.17320508075688776
2026-08-31T22:15:24.091,125763343,P035,cane_motion,MOTION,,,,103,5315167,112078,112221,110755.62,108686.32,1322.38,3534.68,3524.0,2628.65,False,False,nan,True,0.8646,73.85,96.84,True,0,COLLECTING,0,,0,,,,,5,93,110,30,60,0.999541394840654,0.17320508075688776
2026-08-31T22:15:24.101,125763359,P035,cane_motion,MOTION,,,,104,5315207,111583,111502,110772.17,108742.63,810.83,2759.37,3332.84,2642.74,True,False,nan,True,0.8646,73.85,96.84,True,0,COLLECTING,0,,0,,,,,5,93,110,30,60,0.999541394840654,0.17320508075688776
2026-08-31T22:15:24.109,125763359,P035,cane_motion,MOTION,,,,105,5315247,110634,109797,110769.41,108763.72,-135.41,1033.28,2757.95,2645.04,False,False,nan,True,0.8646,73.85,96.84,True,0,COLLECTING,0,,0,,,,,5,93,110,30,60,0.999541394840654,0.17320508075688776
2026-08-31T22:15:24.144,125763390,P035,cane_motion,MOTION,,,,106,5315287,110147,108759,110756.96,108763.62,-609.96,-4.62,2067.31,2633.49,False,False,nan,True,0.8646,73.85,96.84,True,0,COLLECTING,0,,0,,,,,5,93,110,30,60,0.999541394840654,0.17320508075688776
2026-08-31T22:15:24.279,125763531,P035,cane_motion,MOTION,,,,107,5315327,109839,107986,110738.6,108748.07,-899.6,-762.07,1359.96,2608.02,False,False,nan,True,0.8646,73.85,96.84,True,0,COLLECTING,0,,0,,,,,5,93,110,30,60,0.999541394840654,0.17320508075688776
2026-08-31T22:15:24.291,125763546,P035,cane_motion,MOTION,,,,108,5315367,109572,107344,110715.27,108719.99,-1143.27,-1375.99,675.97,2569.38,False,False,nan,True,0.8646,73.85,96.84,True,0,COLLECTING,0,,0,,,,,5,93,110,30,60,0.999541394840654,0.17320508075688776
2026-08-31T22:15:24.301,125763546,P035,cane_motion,MOTION,,,,109,5315407,109297,106696,110686.91,108679.52,-1389.91,-1983.52,11.1,2518.21,False,False,nan,True,0.8646,73.85,96.84,True,0,COLLECTING,0,,0,,,,,5,93,110,30,60,0.999541394840654,0.17320508075688776
2026-08-31T22:15:24.311,125763562,P035,cane_motion,MOTION,,,,110,5315447,109227,106534,110657.71,108636.6,-1430.71,-2102.6,-517.32,2478.19,False,False,nan,True,0.8646,73.85,96.84,True,0,COLLECTING,0,,0,,,,,5,93,110,30,60,0.999541394840654,0.17320508075688776
2026-08-31T22:15:24.343,125763593,P035,cane_motion,MOTION,,,,111,5315487,109360,106876,110631.76,108601.39,-1271.76,-1725.39,-819.34,2445.02,False,False,nan,True,0.8646,73.85,96.84,True,0,COLLECTING,0,,0,,,,,5,93,110,30,60,0.999541394840654,0.17320508075688776
2026-08-31T22:15:24.478,125763734,P035,cane_motion,MOTION,,,,112,5315527,109391,107002,110606.95,108569.41,-1215.95,-1567.41,-1006.36,2416.24,False,False,nan,True,0.8646,73.85,96.84,True,0,COLLECTING,0,,0,,,,,5,93,110,30,60,0.999541394840654,0.17320508075688776
2026-08-31T22:15:24.491,125763734,P035,cane_motion,MOTION,,,,113,5315567,109093,106359,110576.66,108525.2,-1483.66,-2166.2,-1296.32,2393.84,False,False,nan,True,0.8646,73.85,96.68,True,0,COLLECTING,0,,0,,,,,5,93,110,30,60,0.999541394840654,0.17320508075688776
2026-08-31T22:15:24.501,125763750,P035,cane_motion,MOTION,,,,114,5315607,108611,105302,110537.35,108460.73,-1926.35,-3158.73,-1761.92,2381.21,False,False,nan,True,0.8646,73.85,96.68,True,0,COLLECTING,0,,0,,,,,5,93,110,30,60,0.999541394840654,0.17320508075688776
2026-08-31T22:15:24.511,125763765,P035,cane_motion,MOTION,,,,115,5315647,108389,104771,110494.38,108386.94,-2105.38,-3615.94,-2225.43,2378.09,False,False,nan,True,0.8646,73.85,96.68,True,0,COLLECTING,0,,0,,,,,5,93,110,30,60,0.999541394840654,0.17320508075688776
2026-08-31T22:15:24.544,125763796,P035,cane_motion,MOTION,,,,116,5315687,108459,104860,110453.67,108316.4,-1994.67,-3456.4,-2533.17,2381.19,False,False,nan,True,0.8646,73.85,96.68,True,0,COLLECTING,0,,0,,,,,5,93,110,30,60,0.999541394840654,0.17320508075688776
2026-08-31T22:15:24.678,125763921,P035,cane_motion,MOTION,,,,117,5315727,108613,105172,110416.86,108253.51,-1803.86,-3081.51,-2670.25,2386.97,False,False,nan,True,0.8646,73.85,96.68,True,0,COLLECTING,0,,0,,,,,5,93,110,30,60,0.999541394840654,0.17320508075688776
2026-08-31T22:15:24.695,125763953,P035,cane_motion,MOTION,,,,118,5315767,108721,105398,110382.95,108196.4,-1661.95,-2798.4,-2702.29,2393.28,False,False,nan,True,0.8646,73.85,96.68,True,0,COLLECTING,0,,0,,,,,5,93,110,30,60,0.999541394840654,0.17320508075688776
2026-08-31T22:15:24.703,125763953,P035,cane_motion,MOTION,,,,119,5315807,108805,105505,110351.38,108142.57,-1546.38,-2637.57,-2686.11,2399.14,False,False,nan,True,0.8646,73.85,96.68,True,0,COLLECTING,0,,0,,,,,5,93,110,30,60,0.999541394840654,0.17320508075688776
2026-08-31T22:15:24.711,125763968,P035,cane_motion,MOTION,,,,120,5315847,108945,105856,110323.26,108096.84,-1378.26,-2240.84,-2574.79,2402.65,False,False,nan,True,0.8646,73.85,96.68,True,0,COLLECTING,0,,0,,,,,5,93,110,30,60,0.999541394840654,0.17320508075688776
2026-08-31T22:15:24.744,125764000,P035,cane_motion,MOTION,,,,121,5315887,109226,106553,110301.31,108065.96,-1075.31,-1512.96,-2309.33,2400.78,False,False,nan,True,0.8646,73.85,96.68,True,0,COLLECTING,0,,0,,,,,5,93,110,30,60,0.999541394840654,0.17320508075688776
2026-08-31T22:15:24.878,125764125,P035,cane_motion,MOTION,,,,122,5315927,109429,107057,110283.87,108045.78,-854.87,-988.78,-1979.2,2392.35,False,False,nan,True,0.8646,73.85,96.68,True,0,COLLECTING,0,,0,,,,,5,93,110,30,60,0.999541394840654,0.17320508075688776
2026-08-31T22:15:24.891,125764140,P035,cane_motion,MOTION,,,,123,5315967,109599,107469,110270.17,108034.24,-671.17,-565.24,-1625.71,2377.02,False,False,nan,True,0.8646,73.85,96.68,True,0,COLLECTING,0,,0,,,,,5,93,110,30,60,0.999541394840654,0.17320508075688776
2026-08-31T22:15:24.900,125764156,P035,cane_motion,MOTION,,,,124,5316007,110081,108704,110266.39,108047.64,-185.39,656.36,-1055.19,2350.58,False,False,nan,True,0.8646,73.85,96.68,True,0,COLLECTING,0,,0,,,,,5,93,110,30,60,0.999541394840654,0.17320508075688776
2026-08-31T22:15:24.910,125764156,P035,cane_motion,MOTION,,,,125,5316047,110644,110025,110273.95,108087.19,370.05,1937.81,-306.94,2309.71,False,False,nan,True,0.8646,73.85,96.68,True,0,COLLECTING,0,,0,,,,,5,93,110,30,60,0.999541394840654,0.17320508075688776
2026-08-31T22:15:24.942,125764187,P035,cane_motion,MOTION,,,,126,5316087,110944,110621,110287.34,108137.87,656.66,2483.13,390.58,2271.33,False,False,nan,True,0.8646,73.85,96.68,True,0,COLLECTING,0,,0,,,,,5,93,110,30,60,0.999541394840654,0.17320508075688776
2026-08-31T22:15:25.080,125764328,P035,cane_motion,MOTION,,,,127,5316127,110884,110254,110299.27,108180.19,584.73,2073.81,811.39,2242.13,False,False,nan,True,0.8646,73.85,96.68,True,0,COLLECTING,0,,0,,,,,5,93,110,30,60,0.999541394840654,0.17320508075688776
2026-08-31T22:15:25.090,125764343,P035,cane_motion,MOTION,,,,128,5316167,110693,109370,110307.15,108203.98,385.85,1166.02,900.04,2215.29,False,False,nan,True,0.8646,73.85,96.68,True,0,COLLECTING,0,,0,,,,,5,93,110,30,60,0.999541394840654,0.17320508075688776
2026-08-31T22:15:25.101,125764359,P035,cane_motion,MOTION,,,,129,5316207,110163,107657,110304.27,108193.05,-141.27,-536.05,541.02,2181.8,True,True,1320.0,True,0.7905,69.97,96.68,True,0,COLLECTING,0,,0,,,,,5,93,110,30,60,0.999541394840654,0.17320508075688776
2026-08-31T22:15:25.109,125764359,P035,cane_motion,MOTION,,,,130,5316247,109476,105469,110287.7,108138.56,-811.7,-2669.56,-261.62,2143.4,False,False,nan,True,0.7905,69.97,96.68,True,0,COLLECTING,0,,0,,,,,5,93,110,30,60,0.999541394840654,0.17320508075688776
2026-08-31T22:15:25.144,125764390,P035,cane_motion,MOTION,,,,131,5316287,108806,103388,110258.07,108043.55,-1452.07,-4655.55,-1360.11,2127.73,False,False,nan,True,0.7905,69.97,96.68,True,0,COLLECTING,0,,0,,,,,5,93,110,30,60,0.999541394840654,0.17320508075688776
2026-08-31T22:15:25.279,125764531,P035,cane_motion,MOTION,,,,132,5316327,108299,101928,110218.89,107921.24,-1919.89,-5993.24,-2518.39,2135.54,False,False,nan,True,0.7905,69.97,96.68,True,0,COLLECTING,0,,0,,,,,6,93,110,30,60,0.9997609714326721,0.17320508075688776
2026-08-31T22:15:25.292,125764546,P035,cane_motion,MOTION,,,,133,5316367,108300,101636,110180.52,107795.54,-1880.52,-6159.54,-3428.68,2161.41,False,False,nan,True,0.7905,69.97,96.68,True,0,COLLECTING,0,,0,,,,,6,93,110,30,60,0.9997609714326721,0.17320508075688776
2026-08-31T22:15:25.301,125764546,P035,cane_motion,MOTION,,,,134,5316407,108473,101880,110146.37,107677.23,-1673.37,-5797.23,-4020.82,2198.6,False,False,nan,True,0.7905,69.97,96.68,True,0,COLLECTING,0,,0,,,,,6,93,110,30,60,0.9997609714326721,0.17320508075688776
2026-08-31T22:15:25.311,125764562,P035,cane_motion,MOTION,,,,135,5316447,108746,102432,110118.36,107572.32,-1372.36,-5140.32,-4300.69,2240.64,False,False,nan,True,0.7905,69.97,96.68,True,0,COLLECTING,0,,0,,,,,6,93,110,30,60,0.9997609714326721,0.17320508075688776
2026-08-31T22:15:25.343,125764593,P035,cane_motion,MOTION,,,,136,5316487,109187,103316,110099.73,107487.2,-912.73,-4171.2,-4268.32,2281.19,False,False,nan,True,0.7905,69.97,96.68,True,0,COLLECTING,0,,0,,,,,6,93,110,30,60,0.9997609714326721,0.17320508075688776
2026-08-31T22:15:25.479,125764734,P035,cane_motion,MOTION,,,,137,5316527,109349,103681,110084.72,107411.07,-735.72,-3730.07,-4133.76,2318.24,False,False,nan,True,0.7905,69.97,96.68,True,0,COLLECTING,0,,0,,,,,6,93,110,30,60,0.9997609714326721,0.17320508075688776
2026-08-31T22:15:25.491,125764750,P035,cane_motion,MOTION,,,,138,5316567,109156,103387,110066.14,107330.59,-910.14,-3943.59,-4086.21,2353.6,False,False,nan,True,0.7905,69.97,96.68,True,0,COLLECTING,0,,0,,,,,6,93,110,30,60,0.9997609714326721,0.17320508075688776
2026-08-31T22:15:25.501,125764750,P035,cane_motion,MOTION,,,,139,5316607,108733,102742,110039.48,107238.81,-1306.48,-4496.81,-4188.86,2390.31,False,False,nan,True,0.7905,69.97,96.68,True,0,COLLECTING,0,,0,,,,,6,93,110,30,60,0.9997609714326721,0.17320508075688776
2026-08-31T22:15:25.512,125764765,P035,cane_motion,MOTION,,,,140,5316647,108154,101861,110001.77,107131.26,-1847.77,-5270.26,-4459.21,2431.69,False,False,nan,True,0.7905,69.97,96.68,True,0,COLLECTING,0,,0,,,,,6,93,110,30,60,0.9997609714326721,0.17320508075688776
2026-08-31T22:15:25.543,125764796,P035,cane_motion,MOTION,,,,141,5316687,108022,101713,109962.17,107022.89,-1940.17,-5309.89,-4671.88,2476.49,False,False,nan,True,0.7905,69.97,96.68,True,0,COLLECTING,0,,0,,,,,6,93,110,30,60,0.9997609714326721,0.17320508075688776
2026-08-31T22:15:25.679,125764937,P035,cane_motion,MOTION,,,,142,5316727,108192,102113,109926.77,106924.7,-1734.77,-4811.7,-4706.83,2521.1,False,False,nan,True,0.7905,69.97,96.68,True,0,COLLECTING,0,,0,,,,,6,93,110,30,60,0.9997609714326721,0.17320508075688776
2026-08-31T22:15:25.691,125764937,P035,cane_motion,MOTION,,,,143,5316767,108208,102267,109892.39,106831.54,-1684.39,-4564.54,-4671.26,2564.1,False,False,nan,True,0.7905,69.97,96.68,True,0,COLLECTING,0,,0,,,,,6,93,110,30,60,0.9997609714326721,0.17320508075688776
2026-08-31T22:15:25.703,125764953,P035,cane_motion,MOTION,,,,144,5316807,108275,102410,109860.04,106743.11,-1585.04,-4333.11,-4586.72,2604.55,False,False,nan,True,0.7905,69.97,96.68,True,0,COLLECTING,0,,0,,,,,6,93,110,30,60,0.9997609714326721,0.17320508075688776
2026-08-31T22:15:25.713,125764968,P035,cane_motion,MOTION,,,,145,5316847,108234,102389,109827.52,106656.02,-1593.52,-4267.02,-4506.8,2642.6,False,False,nan,True,0.7905,69.97,96.68,True,0,COLLECTING,0,,0,,,,,6,93,110,30,60,0.9997609714326721,0.17320508075688776
2026-08-31T22:15:25.745,125765000,P035,cane_motion,MOTION,,,,146,5316887,108339,102638,109797.74,106575.66,-1458.74,-3937.66,-4364.51,2677.04,False,False,nan,True,0.7905,69.97,96.68,True,0,COLLECTING,0,,0,,,,,6,93,110,30,60,0.9997609714326721,0.17320508075688776
2026-08-31T22:15:25.880,125765125,P035,cane_motion,MOTION,,,,147,5316927,108504,102995,109771.87,106504.05,-1267.87,-3509.05,-4150.65,2706.51,False,False,nan,True,0.7905,69.97,96.68,True,0,COLLECTING,0,,0,,,,,6,93,110,30,60,0.999541394840654,0.17320508075688776
2026-08-31T22:15:25.890,125765140,P035,cane_motion,MOTION,,,,148,5316967,108665,103305,109749.73,106440.07,-1084.73,-3135.07,-3896.75,2730.31,False,False,nan,True,0.7905,69.97,96.68,True,0,COLLECTING,0,,0,,,,,6,93,110,30,60,0.999541394840654,0.17320508075688776
2026-08-31T22:15:25.901,125765156,P035,cane_motion,MOTION,,,,149,5317007,108765,103536,109730.03,106381.99,-965.03,-2845.99,-3634.06,2748.39,False,False,nan,True,0.7905,69.97,96.68,True,0,COLLECTING,0,,0,,,,,6,93,110,30,60,0.999541394840654,0.17320508075688776
2026-08-31T22:15:25.911,125765156,P035,cane_motion,MOTION,,,,150,5317047,108858,103736,109712.59,106329.07,-854.59,-2593.07,-3373.82,2760.9,False,False,nan,True,0.7905,69.97,96.68,True,0,COLLECTING,0,,0,,,,,6,93,110,30,60,0.999541394840654,0.17320508075688776
2026-08-31T22:15:25.944,125765187,P035,cane_motion,MOTION,,,,151,5317087,108728,103458,109692.9,106271.65,-964.9,-2813.65,-3233.77,2770.35,False,False,nan,True,0.7905,69.97,96.68,True,0,COLLECTING,0,,0,,,,,6,93,110,30,60,0.999541394840654,0.17320508075688776
2026-08-31T22:15:26.080,125765328,P035,cane_motion,MOTION,,,,152,5317127,108644,103267,109671.92,106211.55,-1027.92,-2944.55,-3161.47,2778.18,False,False,nan,True,0.7905,69.97,96.68,True,0,COLLECTING,0,,0,,,,,6,93,110,30,60,0.9997609714326721,0.17320508075688776
2026-08-31T22:15:26.090,125765343,P035,cane_motion,MOTION,,,,153,5317167,108738,103510,109653.24,106157.52,-915.24,-2647.52,-3032.98,2783.27,False,False,nan,True,0.7905,69.97,96.68,True,0,COLLECTING,0,,0,,,,,6,93,110,30,60,0.9997609714326721,0.17320508075688776
2026-08-31T22:15:26.101,125765359,P035,cane_motion,MOTION,,,,154,5317207,108962,103988,109639.41,106114.13,-677.41,-2126.13,-2806.27,2783.73,False,False,nan,True,0.7905,69.97,96.68,True,0,COLLECTING,0,,0,,,,,6,93,110,30,60,0.9997609714326721,0.17320508075688776
2026-08-31T22:15:26.112,125765359,P035,cane_motion,MOTION,,,,155,5317247,109088,104215,109628.38,106076.15,-540.38,-1861.15,-2569.99,2779.46,False,False,nan,True,0.7905,69.97,96.68,True,0,COLLECTING,0,,0,,,,,6,93,110,30,60,0.9997609714326721,0.17320508075688776
2026-08-31T22:15:26.145,125765390,P035,cane_motion,MOTION,,,,156,5317287,108983,103973,109615.48,106034.09,-632.48,-2061.09,-2442.76,2772.72,False,False,nan,True,0.7905,69.97,96.68,True,0,COLLECTING,0,,0,,,,,6,93,110,30,60,0.9997609714326721,0.17320508075688776
2026-08-31T22:15:26.286,125765531,P035,cane_motion,MOTION,,,,157,5317327,108862,103687,109600.41,105987.14,-738.41,-2300.14,-2407.11,2765.41,False,False,nan,True,0.7905,69.97,96.68,True,0,COLLECTING,0,,0,,,,,6,93,110,30,60,0.999541394840654,0.17320508075688776
2026-08-31T22:15:26.294,125765546,P035,cane_motion,MOTION,,,,158,5317367,108691,103364,109582.22,105934.68,-891.22,-2570.68,-2448.0,2759.06,False,False,nan,True,0.7905,69.97,96.68,True,0,COLLECTING,0,,0,,,,,6,93,110,30,60,0.999541394840654,0.17320508075688776
2026-08-31T22:15:26.300,125765546,P035,cane_motion,MOTION,,,,159,5317407,108325,102663,109557.08,105869.25,-1232.08,-3206.25,-2637.56,2756.63,False,False,nan,True,0.7905,69.97,96.68,True,0,COLLECTING,0,,0,,,,,6,93,110,30,60,0.999541394840654,0.17320508075688776
2026-08-31T22:15:26.311,125765562,P035,cane_motion,MOTION,,,,160,5317447,107898,101855,109523.9,105788.97,-1625.9,-3933.97,-2961.66,2760.73,False,False,nan,True,0.7905,69.97,96.68,True,0,COLLECTING,0,,0,,,,,6,93,110,30,60,0.999541394840654,0.17320508075688776
2026-08-31T22:15:26.343,125765593,P035,cane_motion,MOTION,,,,161,5317487,107538,101154,109484.18,105696.27,-1946.18,-4542.27,-3356.81,2772.65,False,False,nan,True,0.7905,69.97,96.68,True,0,COLLECTING,0,,0,,,,,6,93,110,30,60,0.999541394840654,0.17320508075688776
2026-08-31T22:15:26.479,125765734,P035,cane_motion,MOTION,,,,162,5317527,107354,100706,109441.58,105596.46,-2087.58,-4890.46,-3740.23,2792.01,False,False,nan,True,0.7905,69.97,96.68,True,0,COLLECTING,0,,0,,,,,6,93,110,30,60,0.999541394840654,0.17320508075688776
2026-08-31T22:15:26.493,125765750,P035,cane_motion,MOTION,,,,163,5317567,107539,100849,109403.52,105501.52,-1864.52,-4652.52,-3968.3,2815.53,False,False,nan,True,0.7905,69.97,96.68,True,0,COLLECTING,0,,0,,,,,6,93,110,30,60,0.999541394840654,0.17320508075688776
2026-08-31T22:15:26.501,125765750,P035,cane_motion,MOTION,,,,164,5317607,107704,100993,109369.53,105411.34,-1665.53,-4418.34,-4080.81,2840.84,False,False,nan,True,0.7905,69.97,96.68,True,0,COLLECTING,0,,0,,,,,6,93,110,30,60,0.999541394840654,0.17320508075688776
2026-08-31T22:15:26.514,125765765,P035,cane_motion,MOTION,,,,165,5317647,107810,101070,109338.34,105324.52,-1528.34,-4254.52,-4124.24,2866.51,False,False,nan,True,0.7905,69.97,96.68,True,0,COLLECTING,0,,0,,,,,6,93,110,30,60,0.999541394840654,0.17320508075688776
2026-08-31T22:15:26.546,125765796,P035,cane_motion,MOTION,,,,166,5317687,108134,101623,109314.26,105250.48,-1180.26,-3627.48,-4000.05,2889.18,False,False,nan,True,0.7905,69.97,96.68,True,0,COLLECTING,0,,0,,,,,6,93,110,30,60,0.999541394840654,0.17320508075688776
2026-08-31T22:15:26.683,125765937,P035,cane_motion,MOTION,,,,167,5317727,108552,102424,109299.02,105193.95,-747.02,-2769.95,-3692.52,2905.24,False,False,nan,True,0.7905,69.97,96.68,True,0,COLLECTING,0,,0,,,,,6,93,110,30,60,0.999541394840654,0.17320508075688776
2026-08-31T22:15:26.693,125765937,P035,cane_motion,MOTION,,,,168,5317767,108811,103023,109289.26,105150.53,-478.26,-2127.53,-3301.28,2913.16,False,False,nan,True,0.7905,69.97,96.68,True,0,COLLECTING,0,,0,,,,,6,93,110,30,60,0.999541394840654,0.17320508075688776
2026-08-31T22:15:26.701,125765953,P035,cane_motion,MOTION,,,,169,5317807,108896,103317,109281.39,105113.86,-385.39,-1796.86,-2925.17,2913.4,False,False,nan,True,0.7905,69.97,96.68,True,0,COLLECTING,0,,0,,,,,6,93,110,30,60,0.999541394840654,0.17320508075688776
2026-08-31T22:15:26.710,125765968,P035,cane_motion,MOTION,,,,170,5317847,108771,103236,109271.18,105076.3,-500.18,-1840.3,-2653.96,2908.22,False,False,nan,True,0.7905,69.97,96.68,True,0,COLLECTING,0,,0,,,,,6,93,110,30,60,0.999541394840654,0.17320508075688776
2026-08-31T22:15:26.744,125766000,P035,cane_motion,MOTION,,,,171,5317887,108591,103059,109257.58,105035.96,-666.58,-1976.96,-2484.71,2899.75,False,False,nan,True,0.7905,69.97,96.68,True,0,COLLECTING,0,,0,,,,,6,93,110,30,60,0.999541394840654,0.17320508075688776
2026-08-31T22:15:26.880,125766125,P035,cane_motion,MOTION,,,,172,5317927,108407,102931,109240.57,104993.86,-833.57,-2062.86,-2379.24,2889.34,False,False,nan,True,0.7905,69.97,96.68,True,0,COLLECTING,0,,0,,,,,6,93,110,30,60,0.999541394840654,0.17320508075688776
2026-08-31T22:15:26.890,125766140,P035,cane_motion,MOTION,,,,173,5317967,108325,102954,109222.26,104953.06,-897.26,-1999.06,-2284.2,2877.23,False,False,nan,True,0.7905,69.97,96.68,True,0,COLLECTING,0,,0,,,,,6,93,110,30,60,0.999541394840654,0.17320508075688776
2026-08-31T22:15:26.901,125766156,P035,cane_motion,MOTION,,,,174,5318007,108365,103091,109205.11,104915.82,-840.11,-1824.82,-2169.35,2863.07,False,False,nan,True,0.7905,69.97,96.68,True,0,COLLECTING,0,,0,,,,,6,93,110,30,60,0.999541394840654,0.17320508075688776
2026-08-31T22:15:26.910,125766156,P035,cane_motion,MOTION,,,,175,5318047,108226,102833,109185.52,104874.16,-959.52,-2041.16,-2137.31,2848.56,False,False,nan,True,0.7905,69.97,96.68,True,0,COLLECTING,0,,0,,,,,6,93,110,30,60,0.999541394840654,0.17320508075688776
2026-08-31T22:15:26.943,125766187,P035,cane_motion,MOTION,,,,176,5318087,108160,102640,109165.02,104829.48,-1005.02,-2189.48,-2150.35,2834.6,False,False,nan,True,0.7905,69.97,96.68,True,0,COLLECTING,0,,0,,,,,6,93,110,30,60,0.999541394840654,0.17320508075688776
2026-08-31T22:15:27.077,125766328,P035,cane_motion,MOTION,,,,177,5318127,108125,102573,109144.22,104784.35,-1019.22,-2211.35,-2165.6,2821.22,False,False,nan,True,0.7905,69.97,96.68,True,0,COLLECTING,0,,0,,,,,6,93,110,30,60,0.9997609714326721,0.17320508075688776
2026-08-31T22:15:27.092,125766343,P035,cane_motion,MOTION,,,,178,5318167,108212,102778,109125.58,104744.23,-913.58,-1966.23,-2115.76,2807.11,False,False,nan,True,0.7905,69.97,96.68,True,0,COLLECTING,0,,0,,,,,6,93,110,30,60,0.9997609714326721,0.17320508075688776
2026-08-31T22:15:27.102,125766359,P035,cane_motion,MOTION,,,,179,5318207,108394,103267,109110.95,104714.68,-716.95,-1447.68,-1948.74,2789.94,False,False,nan,True,0.7905,69.97,96.68,True,0,COLLECTING,0,,0,,,,,6,93,110,30,60,0.9997609714326721,0.17320508075688776
2026-08-31T22:15:27.110,125766359,P035,cane_motion,MOTION,,,,180,5318247,108625,103882,109101.23,104698.02,-476.23,-816.02,-1665.56,2767.45,False,False,nan,True,0.7905,69.97,96.68,True,0,COLLECTING,0,,0,,,,,6,93,110,30,60,0.9997609714326721,0.17320508075688776
2026-08-31T22:15:27.144,125766390,P035,cane_motion,MOTION,,,,181,5318287,108935,104590,109097.9,104695.86,-162.9,-105.86,-1275.63,2737.61,False,False,nan,True,0.7905,69.97,96.68,True,0,COLLECTING,0,,0,,,,,6,93,110,30,60,0.9997609714326721,0.17320508075688776
2026-08-31T22:15:27.281,125766531,P035,cane_motion,MOTION,,,,182,5318327,109288,105224,109101.7,104706.42,186.3,517.58,-827.33,2699.41,False,False,nan,True,0.7905,69.97,96.68,True,0,COLLECTING,0,,0,,,,,6,93,110,30,60,0.999541394840654,0.17320508075688776
2026-08-31T22:15:27.291,125766546,P035,cane_motion,MOTION,,,,183,5318367,109584,105928,109111.35,104730.85,472.65,1197.15,-321.21,2651.85,False,False,nan,True,0.7905,69.97,96.68,True,0,COLLECTING,0,,0,,,,,6,93,110,30,60,0.999541394840654,0.17320508075688776
2026-08-31T22:15:27.300,125766546,P035,cane_motion,MOTION,,,,184,5318407,109886,106678,109126.84,104769.8,759.16,1908.2,236.14,2603.53,False,False,nan,True,0.7905,69.97,96.68,True,0,COLLECTING,0,,0,,,,,6,93,110,30,60,0.999541394840654,0.17320508075688776
2026-08-31T22:15:27.311,125766562,P035,cane_motion,MOTION,,,,185,5318447,110165,107411,109147.61,104822.62,1017.39,2588.38,824.2,2567.94,False,False,nan,True,0.7905,69.97,96.68,True,0,COLLECTING,0,,0,,,,,6,93,110,30,60,0.999541394840654,0.17320508075688776
2026-08-31T22:15:27.344,125766593,P035,cane_motion,MOTION,,,,186,5318487,110475,108243,109174.16,104891.02,1300.84,3351.98,1456.15,2545.71,False,False,nan,True,0.7905,69.97,96.68,True,0,COLLECTING,0,,0,,,,,6,93,110,30,60,0.999541394840654,0.17320508075688776
2026-08-31T22:15:27.479,125766734,P035,cane_motion,MOTION,,,,187,5318527,110686,108891,109204.39,104971.02,1481.61,3919.98,2072.1,2536.24,False,False,nan,True,0.7905,69.97,96.68,True,0,COLLECTING,0,,0,,,,,6,93,110,30,60,0.999541394840654,0.17320508075688776
2026-08-31T22:15:27.491,125766734,P035,cane_motion,MOTION,,,,188,5318567,110586,108871,109232.02,105049.02,1353.98,3821.98,2509.57,2535.7,False,False,nan,True,0.7905,69.97,96.68,True,0,COLLECTING,0,,0,,,,,6,93,110,30,60,0.999541394840654,0.17320508075688776
2026-08-31T22:15:27.501,125766750,P035,cane_motion,MOTION,,,,189,5318607,110327,108457,109253.92,105117.18,1073.08,3339.82,2717.13,2539.33,False,False,nan,True,0.7905,69.97,96.68,True,0,COLLECTING,0,,0,,,,,6,93,110,30,60,0.999541394840654,0.17320508075688776
2026-08-31T22:15:27.510,125766765,P035,cane_motion,MOTION,,,,190,5318647,110337,108611,109275.59,105187.05,1061.41,3423.95,2893.84,2546.42,False,False,nan,True,0.7905,69.97,96.68,True,0,COLLECTING,0,,0,,,,,6,93,110,30,60,0.999541394840654,0.17320508075688776
2026-08-31T22:15:27.543,125766796,P035,cane_motion,MOTION,,,,191,5318687,110426,108948,109298.59,105262.27,1127.41,3685.73,3091.81,2557.33,False,False,nan,True,0.7905,69.97,96.68,True,0,COLLECTING,0,,0,,,,,6,93,110,30,60,0.999541394840654,0.17320508075688776
2026-08-31T22:15:27.681,125766937,P035,cane_motion,MOTION,,,,192,5318727,110568,109424,109323.98,105345.51,1244.02,4078.49,3338.48,2572.95,False,False,nan,True,0.7905,69.97,96.68,True,0,COLLECTING,0,,0,,,,,6,93,110,30,60,0.999541394840654,0.17320508075688776
2026-08-31T22:15:27.703,125766953,P035,cane_motion,MOTION,,,,193,5318767,110766,110049,109352.83,105439.58,1413.17,4609.42,3656.22,2594.62,False,False,nan,True,0.7905,69.97,96.68,True,0,COLLECTING,0,,0,,,,,6,93,110,30,60,0.999541394840654,0.17320508075688776
2026-08-31T22:15:27.708,125766953,P035,cane_motion,MOTION,,,,194,5318807,110898,110493,109383.73,105540.65,1514.27,4952.35,3980.25,2622.33,False,False,nan,True,0.7905,69.97,96.68,True,0,COLLECTING,0,,0,,,,,6,93,110,30,60,0.999541394840654,0.17320508075688776
2026-08-31T22:15:27.716,125766968,P035,cane_motion,MOTION,,,,195,5318847,111009,110943,109416.24,105648.7,1592.76,5294.3,4308.76,2656.06,False,False,nan,True,0.7905,69.97,96.68,True,0,COLLECTING,0,,0,,,,,6,93,110,30,60,0.999541394840654,0.17320508075688776
2026-08-31T22:15:27.743,125767000,P035,cane_motion,MOTION,,,,196,5318887,111673,112436,109461.38,105784.44,2211.62,6651.56,4894.46,2700.83,False,False,nan,True,0.7905,69.97,96.68,True,0,COLLECTING,0,,0,,,,,6,93,110,30,60,0.999541394840654,0.17320508075688776
2026-08-31T22:15:27.880,125767125,P035,cane_motion,MOTION,,,,197,5318927,112501,114270,109522.16,105954.15,2978.84,8315.85,5749.81,2761.81,False,False,nan,True,0.7905,69.97,96.68,True,0,COLLECTING,0,,0,,,,,6,93,110,30,60,0.999541394840654,0.17320508075688776
2026-08-31T22:15:27.892,125767140,P035,cane_motion,MOTION,,,,198,5318967,112822,115043,109588.16,106135.92,3233.84,8907.08,6539.13,2837.35,False,False,nan,True,0.7905,69.97,96.68,True,0,COLLECTING,0,,0,,,,,6,93,110,30,60,0.999541394840654,0.17320508075688776
2026-08-31T22:15:27.900,125767156,P035,cane_motion,MOTION,,,,199,5319007,112993,115407,109656.26,106321.34,3336.74,9085.66,7175.76,2924.12,False,False,nan,True,0.7905,69.97,96.68,True,0,COLLECTING,0,,0,,,,,6,93,110,30,60,0.999541394840654,0.17320508075688776
2026-08-31T22:15:27.910,125767156,P035,cane_motion,MOTION,,,,200,5319047,113111,115546,109725.35,106505.84,3385.65,9040.16,7641.86,3018.48,False,False,nan,True,0.7905,69.97,96.68,True,0,COLLECTING,0,,0,,,,,6,93,110,30,60,0.999541394840654,0.17320508075688776
2026-08-31T22:15:27.955,125767203,P035,cane_motion,MOTION,,,,201,5319097,113138,115475,109793.6,106685.22,3344.4,8789.78,7928.84,3116.68,False,False,nan,True,0.7905,69.97,96.68,True,0,COLLECTING,0,,0,,,,,6,93,110,30,60,0.999541394840654,0.17320508075688776
2026-08-31T22:15:28.078,125767328,P035,cane_motion,MOTION,,,,202,5319137,113092,115318,109859.57,106857.88,3232.43,8460.12,8061.66,3215.58,False,False,nan,True,0.7905,69.97,96.68,True,0,COLLECTING,0,,0,,,,,6,93,110,30,60,0.999541394840654,0.17320508075688776
2026-08-31T22:15:28.091,125767343,P035,cane_motion,MOTION,,,,203,5319177,112991,115050,109922.2,107021.72,3068.8,8028.28,8053.32,3312.34,True,False,nan,True,0.7905,69.97,96.68,True,0,COLLECTING,0,,0,,,,,6,93,110,30,60,0.999541394840654,0.17320508075688776
2026-08-31T22:15:28.101,125767359,P035,cane_motion,MOTION,,,,204,5319217,112844,114787,109980.63,107177.02,2863.37,7609.98,7942.48,3404.94,False,False,nan,True,0.7905,69.97,96.68,True,0,COLLECTING,0,,0,,,,,6,93,110,30,60,0.999541394840654,0.17320508075688776
2026-08-31T22:15:28.110,125767359,P035,cane_motion,MOTION,,,,205,5319257,112699,114559,110035.0,107324.66,2664.0,7234.34,7765.45,3492.15,False,False,nan,True,0.7905,69.97,96.68,True,0,COLLECTING,0,,0,,,,,6,93,110,30,60,0.999541394840654,0.17320508075688776
2026-08-31T22:15:28.153,125767406,P035,cane_motion,MOTION,,,,206,5319297,112521,114285,110084.72,107463.87,2436.28,6821.13,7529.37,3572.9,False,False,nan,True,0.7905,69.97,96.68,True,0,COLLECTING,0,,0,,,,,6,93,110,30,60,0.999541394840654,0.17320508075688776
2026-08-31T22:15:28.280,125767531,P035,cane_motion,MOTION,,,,207,5319337,112110,113424,110125.23,107583.07,1984.77,5840.93,7107.26,3643.58,False,False,nan,True,0.7905,69.97,96.68,True,0,COLLECTING,0,,0,,,,,6,93,110,30,60,0.9997609714326721,0.17320508075688776
2026-08-31T22:15:28.292,125767546,P035,cane_motion,MOTION,,,,208,5319377,111725,112748,110157.22,107686.37,1567.78,5061.63,6595.85,3702.63,False,False,nan,True,0.7905,69.97,96.68,True,0,COLLECTING,0,,0,,,,,6,93,110,30,60,0.9997609714326721,0.17320508075688776
2026-08-31T22:15:28.301,125767546,P035,cane_motion,MOTION,,,,209,5319417,111622,112581,110186.52,107784.26,1435.48,4796.74,6146.07,3751.5,False,False,nan,True,0.7905,69.97,96.68,True,0,COLLECTING,0,,0,,,,,6,93,110,30,60,0.9997609714326721,0.17320508075688776
2026-08-31T22:15:28.310,125767562,P035,cane_motion,MOTION,,,,210,5319457,111633,112744,110215.45,107883.45,1417.55,4860.55,5824.69,3792.96,False,False,nan,True,0.7905,69.97,96.68,True,0,COLLECTING,0,,0,,,,,6,93,110,30,60,0.9997609714326721,0.17320508075688776
2026-08-31T22:15:28.353,125767609,P035,cane_motion,MOTION,,,,211,5319497,111643,112867,110244.0,107983.12,1399.0,4883.88,5589.49,3828.89,False,False,nan,True,0.7905,69.97,96.68,True,0,COLLECTING,0,,0,,,,,6,93,110,30,60,0.9997609714326721,0.17320508075688776
2026-08-31T22:15:28.479,125767734,P035,cane_motion,MOTION,,,,212,5319537,111653,113033,110272.18,108084.12,1380.82,4948.88,5429.33,3860.9,False,False,nan,True,0.7905,69.97,96.68,True,0,COLLECTING,0,,0,,,,,6,93,110,30,60,0.9997609714326721,0.17320508075688776
2026-08-31T22:15:28.490,125767734,P035,cane_motion,MOTION,,,,213,5319577,111664,113100,110300.02,108184.45,1363.98,4915.55,5300.89,3889.7,False,False,nan,True,0.7905,69.97,nan,False,0,COLLECTING,0,,0,,,,,6,93,110,30,60,0.9997609714326721,0.17320508075688776
2026-08-31T22:15:28.500,125767750,P035,cane_motion,MOTION,,,,214,5319617,111728,113281,110328.58,108286.38,1399.42,4994.62,5224.32,3916.39,False,False,nan,True,0.7905,69.97,nan,False,0,COLLECTING,0,,0,,,,,6,93,110,30,60,0.9997609714326721,0.17320508075688776
2026-08-31T22:15:28.510,125767765,P035,cane_motion,MOTION,,,,215,5319657,111874,113575,110359.48,108392.15,1514.52,5182.85,5213.96,3942.34,False,False,nan,True,0.7905,69.97,nan,False,0,COLLECTING,0,,0,,,,,6,93,110,30,60,0.9997609714326721,0.17320508075688776
2026-08-31T22:15:28.555,125767812,P035,cane_motion,MOTION,,,,216,5319697,112097,114054,110394.23,108505.38,1702.77,5548.62,5297.62,3969.45,False,False,nan,True,0.7905,69.97,nan,False,0,COLLECTING,0,,0,,,,,6,93,110,30,60,0.9997609714326721,0.17320508075688776
2026-08-31T22:15:28.678,125767921,P035,cane_motion,MOTION,,,,217,5319737,112269,114367,110431.73,108622.62,1837.27,5744.38,5409.31,3998.25,False,False,nan,True,0.7905,69.97,nan,False,0,COLLECTING,0,,0,,,,,6,93,110,30,60,0.999541394840654,0.17320508075688776
2026-08-31T22:15:28.691,125767937,P035,cane_motion,MOTION,,,,218,5319777,112348,114659,110470.05,108743.34,1877.95,5915.66,5535.9,4029.0,False,False,nan,True,0.7905,69.97,nan,False,0,COLLECTING,0,,0,,,,,6,93,110,30,60,0.999541394840654,0.17320508075688776
2026-08-31T22:15:28.700,125767953,P035,cane_motion,MOTION,,,,219,5319817,112513,114814,110510.91,108864.76,2002.09,5949.24,5639.23,4061.2,False,False,nan,True,0.7905,69.97,nan,False,0,COLLECTING,0,,0,,,,,6,93,110,30,60,0.999541394840654,0.17320508075688776
2026-08-31T22:15:28.710,125767953,P035,cane_motion,MOTION,,,,220,5319857,112551,114884,110551.72,108985.14,1999.28,5898.86,5704.14,4094.06,False,False,nan,True,0.7905,69.97,nan,False,0,COLLECTING,0,,0,,,,,6,93,110,30,60,0.999541394840654,0.17320508075688776
2026-08-31T22:15:28.752,125768000,P035,cane_motion,MOTION,,,,221,5319897,112497,114812,110590.62,109101.68,1906.38,5710.32,5705.68,4126.29,False,False,nan,True,0.7905,69.97,nan,False,0,COLLECTING,0,,0,,,,,6,93,110,30,60,0.999541394840654,0.17320508075688776
2026-08-31T22:15:28.880,125768125,P035,cane_motion,MOTION,,,,222,5319937,112476,114609,110628.34,109211.83,1847.66,5397.17,5628.56,4156.34,True,True,760.0,True,0.7848,71.64,nan,False,0,COLLECTING,0,,0,,,,,6,93,110,30,60,0.999541394840654,0.17320508075688776
2026-08-31T22:15:28.891,125768140,P035,cane_motion,MOTION,,,,223,5319977,112365,114451,110663.07,109316.61,1701.93,5134.39,5505.02,4183.31,False,False,nan,True,0.7848,71.64,nan,False,0,COLLECTING,0,,0,,,,,6,93,110,30,60,0.999541394840654,0.17320508075688776
2026-08-31T22:15:28.901,125768156,P035,cane_motion,MOTION,,,,224,5320017,112289,114117,110695.59,109412.62,1593.41,4704.38,5304.86,4205.74,False,False,nan,True,0.7848,71.64,nan,False,0,COLLECTING,0,,0,,,,,6,93,110,30,60,0.999541394840654,0.17320508075688776
2026-08-31T22:15:28.909,125768156,P035,cane_motion,MOTION,,,,225,5320057,111923,113249,110720.13,109489.34,1202.87,3759.66,4918.56,4220.0,False,False,nan,True,0.7848,71.64,nan,False,0,COLLECTING,0,,0,,,,,6,93,110,30,60,0.999541394840654,0.17320508075688776
2026-08-31T22:15:28.953,125768203,P035,cane_motion,MOTION,,,,226,5320097,111641,112528,110738.55,109550.12,902.45,2977.88,4433.39,4224.27,False,False,nan,True,0.7848,71.64,nan,False,0,COLLECTING,0,,0,,,,,6,93,110,30,60,0.999541394840654,0.17320508075688776
2026-08-31T22:15:29.078,125768328,P035,cane_motion,MOTION,,,,227,5320137,111588,112310,110755.54,109605.31,832.46,2704.69,4001.21,4219.81,False,False,nan,True,0.7848,71.64,nan,False,0,COLLECTING,0,,0,,,,,7,93,110,30,60,0.999541394840654,0.17320508075688776
2026-08-31T22:15:29.092,125768343,P035,cane_motion,MOTION,,,,228,5320177,111747,112514,110775.37,109663.48,971.63,2850.52,3713.54,4209.68,False,False,nan,True,0.7848,71.64,nan,False,0,COLLECTING,0,,0,,,,,7,93,110,30,60,0.999541394840654,0.17320508075688776
2026-08-31T22:15:29.100,125768343,P035,cane_motion,MOTION,,,,229,5320217,111967,112986,110799.2,109729.94,1167.8,3256.06,3599.17,4197.47,False,False,nan,True,0.7848,71.64,nan,False,0,COLLECTING,0,,0,,,,,7,93,110,30,60,0.999541394840654,0.17320508075688776
2026-08-31T22:15:29.108,125768359,P035,cane_motion,MOTION,,,,230,5320257,112316,113737,110829.54,109810.08,1486.46,3926.92,3681.11,4187.14,False,False,nan,True,0.7848,71.64,nan,False,0,COLLECTING,0,,0,,,,,7,93,110,30,60,0.999541394840654,0.17320508075688776
2026-08-31T22:15:29.153,125768406,P035,cane_motion,MOTION,,,,231,5320297,112969,114832,110872.33,109910.52,2096.67,4921.48,3991.2,4183.23,False,False,nan,True,0.7848,71.64,nan,False,0,COLLECTING,0,,0,,,,,7,93,110,30,60,0.999541394840654,0.17320508075688776
2026-08-31T22:15:29.279,125768531,P035,cane_motion,MOTION,,,,232,5320337,113893,116387,110932.74,110040.05,2960.26,6346.95,4580.14,4191.16,False,False,nan,True,0.7848,71.64,nan,False,0,COLLECTING,0,,0,,,,,7,93,110,30,60,0.999541394840654,0.17320508075688776
2026-08-31T22:15:29.292,125768546,P035,cane_motion,MOTION,,,,233,5320377,114430,117482,111002.69,110188.88,3427.31,7293.12,5258.38,4212.51,False,False,nan,True,0.7848,71.64,nan,False,0,COLLECTING,0,,0,,,,,7,93,110,30,60,0.999541394840654,0.17320508075688776
2026-08-31T22:15:29.302,125768546,P035,cane_motion,MOTION,,,,234,5320417,114674,118084,111076.12,110346.78,3597.88,7737.22,5878.09,4245.82,False,False,nan,True,0.7848,71.64,nan,False,0,COLLECTING,0,,0,,,,,7,93,110,30,60,0.999541394840654,0.17320508075688776
2026-08-31T22:15:29.309,125768562,P035,cane_motion,MOTION,,,,235,5320457,114716,118221,111148.91,110504.27,3567.09,7716.73,6337.75,4287.66,False,False,nan,True,0.7848,71.64,nan,False,0,COLLECTING,0,,0,,,,,7,93,110,30,60,0.999541394840654,0.17320508075688776
2026-08-31T22:15:29.352,125768609,P035,cane_motion,MOTION,,,,236,5320497,114692,118133,111219.77,110656.84,3472.23,7476.16,6622.35,4334.35,False,False,nan,True,0.7848,71.64,nan,False,0,COLLECTING,0,,0,,,,,7,93,110,30,60,0.999541394840654,0.17320508075688776
2026-08-31T22:15:29.478,125768734,P035,cane_motion,MOTION,,,,237,5320537,114647,117922,111288.32,110802.15,3358.68,7119.85,6746.73,4382.6,False,False,nan,True,0.7848,71.64,nan,False,0,COLLECTING,0,,0,,,,,7,93,110,30,60,0.999541394840654,0.17320508075688776
2026-08-31T22:15:29.491,125768734,P035,cane_motion,MOTION,,,,238,5320577,114743,117805,111357.41,110942.2,3385.59,6862.8,6775.75,4430.46,False,False,nan,True,0.7848,71.64,nan,False,0,COLLECTING,0,,0,,,,,7,93,110,30,60,0.999541394840654,0.17320508075688776
2026-08-31T22:15:29.501,125768750,P035,cane_motion,MOTION,,,,239,5320617,115107,118082,111432.41,111085.0,3674.59,6997.0,6831.06,4478.47,False,False,nan,True,0.7848,71.64,nan,False,0,COLLECTING,0,,0,,,,,7,93,110,30,60,0.999541394840654,0.17320508075688776
2026-08-31T22:15:29.509,125768765,P035,cane_motion,MOTION,,,,240,5320657,115874,119036,111521.23,111244.02,4352.77,7791.98,7071.29,4530.33,False,False,nan,True,0.7848,71.64,nan,False,0,COLLECTING,0,,0,,,,,7,93,110,30,60,0.999541394840654,0.17320508075688776
2026-08-31T22:15:29.552,125768796,P035,cane_motion,MOTION,,,,241,5320697,116295,119431,111616.71,111407.77,4678.29,8023.23,7309.27,4585.91,False,False,nan,True,0.7848,71.64,nan,False,0,COLLECTING,0,,0,,,,,7,93,110,30,60,0.999541394840654,0.17320508075688776
2026-08-31T22:15:29.678,125768921,P035,cane_motion,MOTION,,,,242,5320737,116281,118922,111710.0,111558.05,4571.0,7363.95,7322.94,4640.65,False,False,nan,True,0.7848,71.64,nan,False,0,COLLECTING,0,,0,,,,,7,93,110,30,60,0.999541394840654,0.17320508075688776
2026-08-31T22:15:29.690,125768937,P035,cane_motion,MOTION,,,,243,5320777,116303,118732,111801.86,111701.52,4501.14,7030.48,7249.83,4692.83,True,True,840.0,True,0.7922,70.48,nan,False,0,COLLECTING,0,,0,,,,,7,93,110,30,60,0.999541394840654,0.17320508075688776
2026-08-31T22:15:29.701,125768953,P035,cane_motion,MOTION,,,,244,5320817,116520,119301,111896.22,111853.52,4623.78,7447.48,7299.24,4744.96,False,False,nan,True,0.7922,70.48,nan,False,0,COLLECTING,0,,0,,,,,7,93,110,30,60,0.999541394840654,0.17320508075688776
2026-08-31T22:15:29.710,125768968,P035,cane_motion,MOTION,,,,245,5320857,116965,120162,111997.59,112019.69,4967.41,8142.31,7510.01,4800.26,False,False,nan,True,0.7922,70.48,nan,False,0,COLLECTING,0,,0,,,,,7,93,110,30,60,0.999541394840654,0.17320508075688776
2026-08-31T22:15:29.753,125769000,P035,cane_motion,MOTION,,,,246,5320897,117510,121179,112107.84,112202.88,5402.16,8976.12,7876.54,4861.79,False,False,nan,True,0.7922,70.48,nan,False,0,COLLECTING,0,,0,,,,,7,93,110,30,60,0.999541394840654,0.17320508075688776
2026-08-31T22:15:29.878,125769125,P035,cane_motion,MOTION,,,,247,5320937,117869,121887,112223.07,112396.55,5645.93,9490.45,8280.01,4930.15,False,False,nan,True,0.7922,70.48,nan,False,0,COLLECTING,0,,0,,,,,7,93,110,30,60,0.999541394840654,0.17320508075688776
2026-08-31T22:15:29.890,125769140,P035,cane_motion,MOTION,,,,248,5320977,117921,121974,112337.03,112588.1,5583.97,9385.9,8556.49,5002.68,False,False,nan,True,0.7922,70.48,nan,False,0,COLLECTING,0,,0,,,,,7,93,110,30,60,0.999541394840654,0.17320508075688776
2026-08-31T22:15:29.901,125769156,P035,cane_motion,MOTION,,,,249,5321017,117767,121739,112445.63,112771.12,5321.37,8967.88,8659.33,5075.81,False,False,nan,True,0.7922,70.48,nan,False,0,COLLECTING,0,,0,,,,,7,93,110,30,60,0.999541394840654,0.17320508075688776
2026-08-31T22:15:29.911,125769156,P035,cane_motion,MOTION,,,,250,5321057,117658,121451,112549.88,112944.71,5108.12,8506.29,8621.07,5146.72,True,False,nan,True,0.7922,70.48,nan,False,0,COLLECTING,0,,0,,,,,7,93,110,30,60,0.999541394840654,0.17320508075688776
2026-08-31T22:15:29.952,125769203,P035,cane_motion,MOTION,,,,251,5321097,117367,121196,112646.23,113109.73,4720.77,8086.27,8487.37,5213.53,False,False,nan,True,0.7922,70.48,nan,False,0,COLLECTING,0,,0,,,,,7,93,110,30,60,0.999541394840654,0.17320508075688776
2026-08-31T22:15:30.079,125769328,P035,cane_motion,MOTION,,,,252,5321137,117127,121140,112735.84,113270.34,4391.16,7869.66,8332.94,5275.92,False,False,nan,True,0.7922,70.48,nan,False,0,COLLECTING,0,,0,,,,,7,93,110,30,60,0.9997609714326721,0.17320508075688776
2026-08-31T22:15:30.089,125769343,P035,cane_motion,MOTION,,,,253,5321177,116502,120521,112811.16,113415.35,3690.84,7105.65,8026.12,5330.92,False,False,nan,True,0.7922,70.48,nan,False,0,COLLECTING,0,,0,,,,,7,93,110,30,60,0.9997609714326721,0.17320508075688776
2026-08-31T22:15:30.100,125769343,P035,cane_motion,MOTION,,,,254,5321217,115888,119741,112872.7,113541.87,3015.3,6199.13,7569.37,5375.69,False,False,nan,True,0.7922,70.48,nan,False,0,COLLECTING,0,,0,,,,,7,93,110,30,60,0.9997609714326721,0.17320508075688776
2026-08-31T22:15:30.111,125769359,P035,cane_motion,MOTION,,,,255,5321257,115660,119381,112928.45,113658.65,2731.55,5722.35,7107.62,5410.33,False,False,nan,True,0.7922,70.48,nan,False,0,COLLECTING,0,,0,,,,,7,93,110,30,60,0.9997609714326721,0.17320508075688776
2026-08-31T22:15:30.154,125769406,P035,cane_motion,MOTION,,,,256,5321297,115523,119114,112980.34,113767.76,2542.66,5346.24,6667.27,5435.47,False,False,nan,True,0.7922,70.48,nan,False,0,COLLECTING,0,,0,,,,,7,93,110,30,60,0.9997609714326721,0.17320508075688776
2026-08-31T22:15:30.278,125769531,P035,cane_motion,MOTION,,,,257,5321337,115358,118839,113027.89,113869.18,2330.11,4969.82,6242.91,5451.62,False,False,nan,True,0.7922,70.48,nan,False,0,COLLECTING,0,,0,,,,,7,93,110,30,60,0.999541394840654,0.17320508075688776
2026-08-31T22:15:30.291,125769546,P035,cane_motion,MOTION,,,,258,5321377,115158,118323,113070.49,113958.26,2087.51,4364.74,5773.37,5458.05,False,False,nan,True,0.7922,70.48,nan,False,0,COLLECTING,0,,0,,,,,7,93,110,30,60,0.999541394840654,0.17320508075688776
2026-08-31T22:15:30.301,125769546,P035,cane_motion,MOTION,,,,259,5321417,114712,117219,113103.32,114023.47,1608.68,3195.53,5128.91,5451.47,False,False,nan,True,0.7922,70.48,nan,False,0,COLLECTING,0,,0,,,,,7,93,110,30,60,0.999541394840654,0.17320508075688776
2026-08-31T22:15:30.310,125769562,P035,cane_motion,MOTION,,,,260,5321457,114556,116651,113132.38,114076.02,1423.62,2574.98,4490.43,5432.25,False,False,nan,True,0.7922,70.48,nan,False,0,COLLECTING,0,,0,,,,,7,93,110,30,60,0.999541394840654,0.17320508075688776
2026-08-31T22:15:30.353,125769609,P035,cane_motion,MOTION,,,,261,5321497,114802,116982,113165.77,114134.13,1636.23,2847.87,4079.79,5405.2,False,False,nan,True,0.7922,70.48,nan,False,0,COLLECTING,0,,0,,,,,7,93,110,30,60,0.999541394840654,0.17320508075688776
2026-08-31T22:15:30.479,125769734,P035,cane_motion,MOTION,,,,262,5321537,115080,117456,113204.05,114200.57,1875.95,3255.43,3873.7,5374.57,False,False,nan,True,0.7922,70.48,nan,False,0,COLLECTING,0,,0,,,,,7,93,110,30,60,0.999541394840654,0.17320508075688776
2026-08-31T22:15:30.491,125769734,P035,cane_motion,MOTION,,,,263,5321577,115347,117998,113246.91,114276.52,2100.09,3721.48,3835.64,5343.79,False,False,nan,True,0.7922,70.48,nan,False,0,COLLECTING,0,,0,,,,,7,93,110,30,60,0.999541394840654,0.17320508075688776
2026-08-31T22:15:30.500,125769750,P035,cane_motion,MOTION,,,,264,5321617,115673,118649,113295.43,114363.97,2377.57,4285.03,3947.99,5315.88,False,False,nan,True,0.7922,70.48,nan,False,0,COLLECTING,0,,0,,,,,7,93,110,30,60,0.999541394840654,0.17320508075688776
2026-08-31T22:15:30.509,125769765,P035,cane_motion,MOTION,,,,265,5321657,115794,118867,113345.4,114454.03,2448.6,4412.97,4064.24,5290.84,False,False,nan,True,0.7922,70.48,nan,False,0,COLLECTING,0,,0,,,,,7,93,110,30,60,0.999541394840654,0.17320508075688776
2026-08-31T22:15:30.552,125769796,P035,cane_motion,MOTION,,,,266,5321697,115907,119192,113396.63,114548.79,2510.37,4643.21,4208.98,5269.21,False,False,nan,True,0.7922,70.48,nan,False,0,COLLECTING,0,,0,,,,,7,93,110,30,60,0.999541394840654,0.17320508075688776
2026-08-31T22:15:30.681,125769937,P035,cane_motion,MOTION,,,,267,5321737,116174,119876,113452.18,114655.34,2721.82,5220.66,4461.9,5253.06,False,False,nan,True,0.7922,70.48,nan,False,0,COLLECTING,0,,0,,,,,6,93,110,30,60,0.999541394840654,0.17320508075688776
2026-08-31T22:15:30.698,125769953,P035,cane_motion,MOTION,,,,268,5321777,116443,120719,113511.99,114776.61,2931.01,5942.39,4832.02,5244.64,False,False,nan,True,0.7922,70.48,nan,False,0,COLLECTING,0,,0,,,,,6,93,110,30,60,0.999541394840654,0.17320508075688776
2026-08-31T22:15:30.708,125769953,P035,cane_motion,MOTION,,,,269,5321817,116718,121579,113576.11,114912.66,3141.89,6666.34,5290.6,5245.56,False,False,nan,True,0.7922,70.48,nan,False,0,COLLECTING,0,,0,,,,,6,93,110,30,60,0.999541394840654,0.17320508075688776
2026-08-31T22:15:30.718,125769968,P035,cane_motion,MOTION,,,,270,5321857,116936,122188,113643.3,115058.16,3292.7,7129.84,5750.41,5255.66,False,False,nan,True,0.7922,70.48,nan,False,0,COLLECTING,0,,0,,,,,6,93,110,30,60,0.999541394840654,0.17320508075688776
2026-08-31T22:15:30.754,125770000,P035,cane_motion,MOTION,,,,271,5321897,117123,122662,113712.9,115210.24,3410.1,7451.76,6175.75,5274.06,False,False,nan,True,0.7922,70.48,nan,False,0,COLLECTING,0,,0,,,,,6,93,110,30,60,0.999541394840654,0.17320508075688776
2026-08-31T22:15:30.878,125770125,P035,cane_motion,MOTION,,,,272,5321937,117297,122982,113784.58,115365.68,3512.42,7616.32,6535.89,5299.3,False,False,nan,True,0.7922,70.48,nan,False,0,COLLECTING,0,,0,,,,,6,93,110,30,60,0.999541394840654,0.17320508075688776
2026-08-31T22:15:30.890,125770140,P035,cane_motion,MOTION,,,,273,5321977,117459,123121,113858.07,115520.79,3600.93,7600.21,6801.97,5329.35,False,False,nan,True,0.7922,70.48,nan,False,0,COLLECTING,0,,0,,,,,6,93,110,30,60,0.999541394840654,0.17320508075688776
2026-08-31T22:15:30.900,125770156,P035,cane_motion,MOTION,,,,274,5322017,117532,122897,113931.55,115668.31,3600.45,7228.69,6908.65,5360.94,False,False,nan,True,0.7922,70.48,nan,False,0,COLLECTING,0,,0,,,,,6,93,110,30,60,0.999541394840654,0.17320508075688776
2026-08-31T22:15:30.910,125770156,P035,cane_motion,MOTION,,,,275,5322057,116972,121026,113992.36,115775.47,2979.64,5250.53,6494.12,5383.6,True,True,1280.0,True,0.7596,67.42,nan,False,0,COLLECTING,0,,0,,,,,6,93,110,30,60,0.999541394840654,0.17320508075688776
2026-08-31T22:15:30.955,125770203,P035,cane_motion,MOTION,,,,276,5322097,116368,119297,114039.88,115845.9,2328.12,3451.1,5733.37,5390.59,False,False,nan,True,0.7596,67.42,nan,False,0,COLLECTING,0,,0,,,,,6,93,110,30,60,0.999541394840654,0.17320508075688776
2026-08-31T22:15:31.082,125770328,P035,cane_motion,MOTION,,,,277,5322137,116284,119101,114084.76,115911.0,2199.24,3190.0,5097.52,5384.73,False,False,nan,True,0.7596,67.42,nan,False,0,COLLECTING,0,,0,,,,,7,93,110,30,60,0.9997609714326721,0.17320508075688776
2026-08-31T22:15:31.090,125770343,P035,cane_motion,MOTION,,,,278,5322177,116275,119219,114128.56,115977.16,2146.44,3241.84,4633.6,5369.71,False,False,nan,True,0.7596,67.42,nan,False,0,COLLECTING,0,,0,,,,,7,93,110,30,60,0.9997609714326721,0.17320508075688776
2026-08-31T22:15:31.100,125770343,P035,cane_motion,MOTION,,,,279,5322217,116265,119401,114171.29,116045.63,2093.71,3355.37,4314.04,5348.6,False,False,nan,True,0.7596,67.42,nan,False,0,COLLECTING,0,,0,,,,,7,93,110,30,60,0.9997609714326721,0.17320508075688776
2026-08-31T22:15:31.109,125770359,P035,cane_motion,MOTION,,,,280,5322257,116233,119506,114212.52,116114.84,2020.48,3391.16,4083.32,5323.29,False,False,nan,True,0.7596,67.42,nan,False,0,COLLECTING,0,,0,,,,,7,93,110,30,60,0.9997609714326721,0.17320508075688776
2026-08-31T22:15:31.153,125770406,P035,cane_motion,MOTION,,,,281,5322297,116014,119298,114248.55,116178.51,1765.45,3119.49,3842.37,5293.67,False,False,nan,True,0.7596,67.42,nan,False,0,COLLECTING,0,,0,,,,,7,93,110,30,60,0.9997609714326721,0.17320508075688776
2026-08-31T22:15:31.279,125770531,P035,cane_motion,MOTION,,,,282,5322337,115793,119099,114279.45,116236.91,1513.55,2862.09,3597.3,5259.74,False,False,nan,True,0.7596,67.42,nan,False,0,COLLECTING,0,,0,,,,,6,93,110,30,60,0.9997609714326721,0.17320508075688776
2026-08-31T22:15:31.292,125770546,P035,cane_motion,MOTION,,,,283,5322377,115668,119142,114307.22,116295.02,1360.78,2846.98,3409.72,5222.74,False,False,nan,True,0.7596,67.42,nan,False,0,COLLECTING,0,,0,,,,,6,93,110,30,60,0.9997609714326721,0.17320508075688776
2026-08-31T22:15:31.300,125770546,P035,cane_motion,MOTION,,,,284,5322417,115752,119526,114336.12,116359.63,1415.88,3166.37,3348.88,5185.27,False,False,nan,True,0.7596,67.42,nan,False,0,COLLECTING,0,,0,,,,,6,93,110,30,60,0.9997609714326721,0.17320508075688776
2026-08-31T22:15:31.310,125770562,P035,cane_motion,MOTION,,,,285,5322457,116001,120145,114369.41,116435.34,1631.59,3709.66,3439.07,5150.34,False,False,nan,True,0.7596,67.42,nan,False,0,COLLECTING,0,,0,,,,,6,93,110,30,60,0.9997609714326721,0.17320508075688776
2026-08-31T22:15:31.352,125770609,P035,cane_motion,MOTION,,,,286,5322497,116288,120773,114407.79,116522.09,1880.21,4250.91,3642.03,5120.18,False,False,nan,True,0.7596,67.42,nan,False,0,COLLECTING,0,,0,,,,,6,93,110,30,60,0.9997609714326721,0.17320508075688776
2026-08-31T22:15:31.477,125770734,P035,cane_motion,MOTION,,,,287,5322537,116511,121287,114449.85,116617.39,2061.15,4669.61,3898.93,5095.75,False,False,nan,True,0.7596,67.42,nan,False,0,COLLECTING,0,,0,,,,,6,93,110,30,60,0.999541394840654,0.17320508075688776
2026-08-31T22:15:31.491,125770750,P035,cane_motion,MOTION,,,,288,5322577,116759,121864,114496.03,116722.32,2262.97,5141.68,4209.61,5078.03,False,False,nan,True,0.7596,67.42,nan,False,0,COLLECTING,0,,0,,,,,6,93,110,30,60,0.999541394840654,0.17320508075688776
2026-08-31T22:15:31.503,125770750,P035,cane_motion,MOTION,,,,289,5322617,116928,122297,114544.67,116833.81,2383.33,5463.19,4523.01,5066.93,False,False,nan,True,0.7596,67.42,nan,False,0,COLLECTING,0,,0,,,,,6,93,110,30,60,0.999541394840654,0.17320508075688776
2026-08-31T22:15:31.510,125770765,P035,cane_motion,MOTION,,,,290,5322657,116980,122588,114593.38,116948.9,2386.62,5639.1,4802.03,5061.63,False,False,nan,True,0.7596,67.42,nan,False,0,COLLECTING,0,,0,,,,,6,93,110,30,60,0.999541394840654,0.17320508075688776
2026-08-31T22:15:31.553,125770796,P035,cane_motion,MOTION,,,,291,5322697,116694,121972,114635.39,117049.36,2058.61,4922.64,4832.18,5057.04,False,False,nan,True,0.7596,67.42,nan,False,0,COLLECTING,0,,0,,,,,6,93,110,30,60,0.999541394840654,0.17320508075688776
2026-08-31T22:15:31.679,125770937,P035,cane_motion,MOTION,,,,292,5322737,116183,120689,114666.34,117122.15,1516.66,3566.85,4515.85,5046.22,True,True,680.0,True,0.7432,69.36,nan,False,0,COLLECTING,0,,0,,,,,6,93,110,30,60,0.999541394840654,0.17320508075688776
2026-08-31T22:15:31.691,125770937,P035,cane_motion,MOTION,,,,293,5322777,116247,120778,114697.95,117195.27,1549.05,3582.73,4282.57,5030.95,False,False,nan,True,0.7432,69.36,nan,False,0,COLLECTING,0,,0,,,,,6,93,110,30,60,0.999541394840654,0.17320508075688776
2026-08-31T22:15:31.700,125770953,P035,cane_motion,MOTION,,,,294,5322817,116672,121766,114737.44,117286.68,1934.56,4479.32,4331.76,5016.96,False,False,nan,True,0.7432,69.36,nan,False,0,COLLECTING,0,,0,,,,,6,93,110,30,60,0.999541394840654,0.17320508075688776
2026-08-31T22:15:31.709,125770953,P035,cane_motion,MOTION,,,,295,5322857,117128,122757,114785.25,117396.09,2342.75,5360.91,4589.05,5008.4,False,False,nan,True,0.7432,69.36,nan,False,0,COLLECTING,0,,0,,,,,6,93,110,30,60,0.999541394840654,0.17320508075688776
2026-08-31T22:15:31.753,125771000,P035,cane_motion,MOTION,,,,296,5322897,117565,123577,114840.84,117519.7,2724.16,6057.3,4956.11,5007.36,False,False,nan,True,0.7432,69.36,nan,False,0,COLLECTING,0,,0,,,,,6,93,110,30,60,0.999541394840654,0.17320508075688776
2026-08-31T22:15:31.877,125771125,P035,cane_motion,MOTION,,,,297,5322937,117916,123974,114902.34,117648.79,3013.66,6325.21,5298.39,5013.18,False,False,nan,True,0.7432,69.36,nan,False,0,COLLECTING,0,,0,,,,,7,93,110,30,60,0.9986520915714342,0.17320508075688776
2026-08-31T22:15:31.890,125771140,P035,cane_motion,MOTION,,,,298,5322977,118201,124100,114968.32,117777.81,3232.68,6322.19,5554.34,5024.0,False,False,nan,True,0.7432,69.36,nan,False,0,COLLECTING,0,,0,,,,,7,93,110,30,60,0.9986520915714342,0.17320508075688776
2026-08-31T22:15:31.902,125771156,P035,cane_motion,MOTION,,,,299,5323017,118452,124228,115037.99,117906.81,3414.01,6321.19,5746.05,5038.44,False,False,nan,True,0.7432,69.36,nan,False,0,COLLECTING,0,,0,,,,,7,93,110,30,60,0.9986520915714342,0.17320508075688776
2026-08-31T22:15:31.910,125771156,P035,cane_motion,MOTION,,,,300,5323057,118732,124471,115111.88,118038.09,3620.12,6432.91,5917.76,5056.03,False,False,nan,True,0.7432,69.36,nan,False,0,COLLECTING,0,,0,,,,,7,93,110,30,60,0.9986520915714342,0.17320508075688776
2026-08-31T22:15:31.953,125771203,P035,cane_motion,MOTION,,,,301,5323097,118982,124673,115189.28,118170.79,3792.72,6502.21,6063.88,5076.19,False,False,nan,True,0.7432,69.36,nan,False,0,COLLECTING,0,,0,,,,,7,93,110,30,60,0.9986520915714342,0.17320508075688776
2026-08-31T22:15:32.078,125771328,P035,cane_motion,MOTION,,,,302,5323137,119080,124712,115267.09,118301.61,3812.91,6410.39,6150.5,5097.67,False,False,nan,True,0.7432,69.36,nan,False,0,COLLECTING,0,,0,,,,,6,93,110,30,60,0.999541394840654,0.17320508075688776
2026-08-31T22:15:32.090,125771343,P035,cane_motion,MOTION,,,,303,5323177,119014,124492,115342.03,118425.41,3671.97,6066.59,6129.52,5118.31,True,True,440.0,True,0.7121,71.01,nan,False,0,COLLECTING,0,,0,,,,,6,93,110,30,60,0.999541394840654,0.17320508075688776
2026-08-31T22:15:32.101,125771359,P035,cane_motion,MOTION,,,,304,5323217,118807,123942,115411.33,118535.74,3395.67,5406.26,5948.71,5134.92,False,False,nan,True,0.7121,71.01,nan,False,0,COLLECTING,0,,0,,,,,6,93,110,30,60,0.999541394840654,0.17320508075688776
2026-08-31T22:15:32.109,125771359,P035,cane_motion,MOTION,,,,305,5323257,118458,123154,115472.26,118628.11,2985.74,4525.89,5593.0,5144.08,False,False,nan,True,0.7121,71.01,nan,False,0,COLLECTING,0,,0,,,,,6,93,110,30,60,0.999541394840654,0.17320508075688776
2026-08-31T22:15:32.154,125771406,P035,cane_motion,MOTION,,,,306,5323297,118014,122289,115523.09,118701.33,2490.91,3587.67,5091.67,5143.03,False,False,nan,True,0.7121,71.01,nan,False,0,COLLECTING,0,,0,,,,,6,93,110,30,60,0.999541394840654,0.17320508075688776
2026-08-31T22:15:32.285,125771531,P035,cane_motion,MOTION,,,,307,5323337,117323,120929,115559.09,118745.88,1763.91,2183.12,4364.53,5127.46,False,False,nan,True,0.7121,71.01,nan,False,0,COLLECTING,0,,0,,,,,7,93,110,30,60,0.999541394840654,0.24494897427831783
2026-08-31T22:15:32.294,125771546,P035,cane_motion,MOTION,,,,308,5323377,116565,119421,115579.21,118759.38,985.79,661.62,3438.8,5093.69,False,False,nan,True,0.7121,71.01,nan,False,0,COLLECTING,0,,0,,,,,7,93,110,30,60,0.999541394840654,0.24494897427831783
2026-08-31T22:15:32.301,125771546,P035,cane_motion,MOTION,,,,309,5323417,116165,118684,115590.93,118757.88,574.07,-73.88,2560.63,5043.03,False,False,nan,True,0.7121,71.01,nan,False,0,COLLECTING,0,,0,,,,,7,93,110,30,60,0.999541394840654,0.24494897427831783
2026-08-31T22:15:32.309,125771562,P035,cane_motion,MOTION,,,,310,5323457,115971,118377,115598.53,118750.26,372.47,-373.26,1827.16,4978.71,False,False,nan,True,0.7121,71.01,nan,False,0,COLLECTING,0,,0,,,,,7,93,110,30,60,0.999541394840654,0.24494897427831783
2026-08-31T22:15:32.353,125771609,P035,cane_motion,MOTION,,,,311,5323497,115860,118208,115603.76,118739.41,256.24,-531.41,1237.52,4903.89,False,False,nan,True,0.7121,71.01,nan,False,0,COLLECTING,0,,0,,,,,7,93,110,30,60,0.999541394840654,0.24494897427831783
2026-08-31T22:15:32.478,125771734,P035,cane_motion,MOTION,,,,312,5323537,115761,118052,115606.91,118725.66,154.09,-673.66,759.72,4821.0,False,False,nan,True,0.7121,71.01,nan,False,0,COLLECTING,0,,0,,,,,7,93,110,30,60,0.999541394840654,0.17320508075688776
2026-08-31T22:15:32.491,125771734,P035,cane_motion,MOTION,,,,313,5323577,115588,117746,115606.53,118706.07,-18.53,-960.07,329.77,4731.18,False,False,nan,True,0.7121,71.01,94.49,True,0,COLLECTING,0,,0,,,,,7,93,110,30,60,0.999541394840654,0.17320508075688776
2026-08-31T22:15:32.501,125771750,P035,cane_motion,MOTION,,,,314,5323617,115372,117219,115601.84,118676.33,-229.84,-1457.33,-117.0,4638.89,False,False,nan,True,0.7121,71.01,94.49,True,0,COLLECTING,0,,0,,,,,7,93,110,30,60,0.999541394840654,0.17320508075688776
2026-08-31T22:15:32.510,125771765,P035,cane_motion,MOTION,,,,315,5323657,115162,116693,115593.05,118636.66,-431.05,-1943.66,-573.67,4557.59,False,False,nan,True,0.7121,71.01,94.49,True,0,COLLECTING,0,,0,,,,,7,93,110,30,60,0.999541394840654,0.17320508075688776
2026-08-31T22:15:32.554,125771796,P035,cane_motion,MOTION,,,,316,5323697,115000,116313,115581.19,118590.19,-581.19,-2277.19,-999.55,4486.43,False,False,nan,True,0.7121,71.01,94.49,True,0,COLLECTING,0,,0,,,,,7,93,110,30,60,0.999541394840654,0.17320508075688776
2026-08-31T22:15:32.678,125771921,P035,cane_motion,MOTION,,,,317,5323737,114931,116131,115568.19,118541.0,-637.19,-2410.0,-1352.16,4423.74,False,False,nan,True,0.7121,71.01,94.49,True,0,COLLECTING,0,,0,,,,,7,93,110,30,60,0.999541394840654,0.17320508075688776
2026-08-31T22:15:32.690,125771937,P035,cane_motion,MOTION,,,,318,5323777,114899,116009,115554.8,118490.36,-655.8,-2481.36,-1634.46,4367.96,False,False,nan,True,0.7121,71.01,94.49,True,0,COLLECTING,0,,0,,,,,7,93,110,30,60,0.999541394840654,0.17320508075688776
2026-08-31T22:15:32.702,125771953,P035,cane_motion,MOTION,,,,319,5323817,114941,116070,115542.53,118441.95,-601.53,-2371.95,-1818.83,4316.97,False,False,nan,True,0.7121,71.01,94.49,True,0,COLLECTING,0,,0,,,,,7,93,110,30,60,0.999541394840654,0.17320508075688776
2026-08-31T22:15:32.710,125771953,P035,cane_motion,MOTION,,,,320,5323857,114994,116159,115531.56,118396.3,-537.56,-2237.3,-1923.45,4269.1,False,False,nan,True,0.7121,71.01,94.49,True,0,COLLECTING,0,,0,,,,,7,93,110,30,60,0.999541394840654,0.17320508075688776
2026-08-31T22:15:32.754,125772000,P035,cane_motion,MOTION,,,,321,5323897,114998,116221,115520.89,118352.79,-522.89,-2131.79,-1975.53,4223.23,False,False,nan,True,0.7121,71.01,94.49,True,0,COLLECTING,0,,0,,,,,7,93,110,30,60,0.999541394840654,0.17320508075688776
2026-08-31T22:15:32.878,125772125,P035,cane_motion,MOTION,,,,322,5323937,115027,116282,115511.02,118311.38,-484.02,-2029.38,-1988.99,4178.55,False,False,nan,True,0.7121,71.01,94.49,True,0,COLLECTING,0,,0,,,,,7,93,110,30,60,0.9997609714326721,0.17320508075688776
2026-08-31T22:15:32.892,125772140,P035,cane_motion,MOTION,,,,323,5323977,115036,116282,115501.52,118270.79,-465.52,-1988.79,-1988.94,4134.76,False,False,nan,True,0.7121,71.01,94.49,True,0,COLLECTING,0,,0,,,,,7,93,110,30,60,0.9997609714326721,0.17320508075688776
2026-08-31T22:15:32.901,125772156,P035,cane_motion,MOTION,,,,324,5324017,114805,115749,115487.59,118220.35,-682.59,-2471.35,-2109.55,4094.25,False,False,nan,True,0.7121,71.01,94.49,True,0,COLLECTING,0,,0,,,,,7,93,110,30,60,0.9997609714326721,0.17320508075688776
2026-08-31T22:15:32.911,125772156,P035,cane_motion,MOTION,,,,325,5324057,114458,115053,115466.99,118157.01,-1008.99,-3104.01,-2358.16,4059.53,False,False,nan,True,0.7121,71.01,94.49,True,0,COLLECTING,0,,0,,,,,7,93,110,30,60,0.9997609714326721,0.17320508075688776
2026-08-31T22:15:32.953,125772203,P035,cane_motion,MOTION,,,,326,5324097,114358,114936,115444.81,118092.59,-1086.81,-3156.59,-2557.77,4029.49,False,False,nan,True,0.7121,71.01,94.49,True,0,COLLECTING,0,,0,,,,,7,93,110,30,60,0.9997609714326721,0.17320508075688776
2026-08-31T22:15:33.079,125772328,P035,cane_motion,MOTION,,,,327,5324137,114389,115125,115423.7,118033.23,-1034.7,-2908.23,-2645.38,4001.81,False,False,nan,True,0.7121,71.01,94.49,True,0,COLLECTING,0,,0,,,,,7,93,110,30,60,0.999541394840654,0.17320508075688776
2026-08-31T22:15:33.091,125772343,P035,cane_motion,MOTION,,,,328,5324177,114349,115287,115402.2,117978.31,-1053.2,-2691.31,-2656.87,3974.91,False,False,nan,True,0.7121,71.01,94.49,True,0,COLLECTING,0,,0,,,,,7,93,110,30,60,0.999541394840654,0.17320508075688776
2026-08-31T22:15:33.101,125772359,P035,cane_motion,MOTION,,,,329,5324217,114296,115492,115380.08,117928.59,-1084.08,-2436.59,-2601.8,3947.45,False,False,nan,True,0.7121,71.01,94.49,True,0,COLLECTING,0,,0,,,,,7,93,110,30,60,0.999541394840654,0.17320508075688776
2026-08-31T22:15:33.111,125772359,P035,cane_motion,MOTION,,,,330,5324257,114178,115518,115356.04,117880.38,-1178.04,-2362.38,-2541.94,3919.34,False,False,nan,True,0.7121,71.01,94.49,True,0,COLLECTING,0,,0,,,,,7,93,110,30,60,0.999541394840654,0.17320508075688776
2026-08-31T22:15:33.153,125772406,P035,cane_motion,MOTION,,,,331,5324297,114057,115425,115330.05,117831.27,-1273.05,-2406.27,-2508.02,3891.11,False,False,nan,True,0.7121,71.01,94.49,True,0,COLLECTING,0,,0,,,,,7,93,110,30,60,0.999541394840654,0.17320508075688776
2026-08-31T22:15:33.280,125772531,P035,cane_motion,MOTION,,,,332,5324337,113990,115380,115303.25,117782.24,-1313.25,-2402.24,-2481.58,3862.92,False,False,nan,True,0.7121,71.01,94.49,True,0,COLLECTING,0,,0,,,,,7,93,110,30,60,0.999541394840654,0.17320508075688776
2026-08-31T22:15:33.292,125772546,P035,cane_motion,MOTION,,,,333,5324377,113922,115352,115275.62,117733.64,-1353.62,-2381.64,-2456.59,3834.8,False,False,nan,True,0.7121,71.01,94.49,True,0,COLLECTING,0,,0,,,,,7,93,110,30,60,0.999541394840654,0.17320508075688776
2026-08-31T22:15:33.301,125772546,P035,cane_motion,MOTION,,,,334,5324417,113860,115294,115247.31,117684.85,-1387.31,-2390.85,-2440.16,3806.9,False,False,nan,True,0.7121,71.01,94.49,True,0,COLLECTING,0,,0,,,,,7,93,110,30,60,0.999541394840654,0.17320508075688776
2026-08-31T22:15:33.311,125772562,P035,cane_motion,MOTION,,,,335,5324457,113774,115176,115217.84,117634.67,-1443.84,-2458.67,-2444.79,3779.66,False,False,nan,True,0.7121,71.01,94.49,True,0,COLLECTING,0,,0,,,,,7,93,110,30,60,0.999541394840654,0.17320508075688776
2026-08-31T22:15:33.354,125772609,P035,cane_motion,MOTION,,,,336,5324497,113693,115076,115187.34,117583.5,-1494.34,-2507.5,-2460.46,3753.28,False,False,nan,True,0.7121,71.01,94.49,True,0,COLLECTING,0,,0,,,,,7,93,110,30,60,0.999541394840654,0.17320508075688776
2026-08-31T22:15:33.478,125772734,P035,cane_motion,MOTION,,,,337,5324537,113664,115086,115156.88,117533.55,-1492.88,-2447.55,-2457.24,3727.36,False,False,nan,True,0.7121,71.01,94.49,True,0,COLLECTING,0,,0,,,,,7,93,110,30,60,0.999541394840654,0.17320508075688776
2026-08-31T22:15:33.490,125772734,P035,cane_motion,MOTION,,,,338,5324577,113713,115265,115128.0,117488.18,-1415.0,-2223.18,-2398.72,3700.78,False,False,nan,True,0.7121,71.01,94.49,True,0,COLLECTING,0,,0,,,,,7,93,110,30,60,0.999541394840654,0.17320508075688776
2026-08-31T22:15:33.501,125772750,P035,cane_motion,MOTION,,,,339,5324617,113740,115484,115100.24,117448.09,-1360.24,-1964.09,-2290.06,3672.57,False,False,nan,True,0.7121,71.01,94.49,True,0,COLLECTING,0,,0,,,,,7,93,110,30,60,0.999541394840654,0.17320508075688776
2026-08-31T22:15:33.510,125772765,P035,cane_motion,MOTION,,,,340,5324657,113741,115569,115073.05,117410.52,-1332.05,-1841.52,-2177.93,3642.68,False,False,nan,True,0.7121,71.01,94.49,True,0,COLLECTING,0,,0,,,,,7,93,110,30,60,0.999541394840654,0.17320508075688776
2026-08-31T22:15:33.554,125772812,P035,cane_motion,MOTION,,,,341,5324697,113550,115176,115042.59,117365.83,-1492.59,-2189.83,-2180.9,3613.44,False,False,nan,True,0.7121,71.01,94.49,True,0,COLLECTING,0,,0,,,,,7,93,110,30,60,0.999541394840654,0.17320508075688776
2026-08-31T22:15:33.678,125772921,P035,cane_motion,MOTION,,,,342,5324737,113284,114561,115007.42,117309.73,-1723.42,-2748.73,-2322.86,3587.63,False,False,nan,True,0.7121,71.01,94.49,True,0,COLLECTING,0,,0,,,,,7,93,110,30,60,0.999541394840654,0.24494897427831783
2026-08-31T22:15:33.700,125772953,P035,cane_motion,MOTION,,,,343,5324777,113227,114298,114971.81,117249.5,-1744.81,-2951.5,-2480.02,3565.48,False,False,nan,True,0.7121,71.01,94.49,True,0,COLLECTING,0,,0,,,,,7,93,110,30,60,0.999541394840654,0.24494897427831783
2026-08-31T22:15:33.710,125772968,P035,cane_motion,MOTION,,,,344,5324817,113303,114295,114938.44,117190.41,-1635.44,-2895.41,-2583.87,3545.85,False,False,nan,True,0.7121,71.01,94.49,True,0,COLLECTING,0,,0,,,,,7,93,110,30,60,0.999541394840654,0.24494897427831783
2026-08-31T22:15:33.715,125772968,P035,cane_motion,MOTION,,,,345,5324857,113333,114195,114906.33,117130.5,-1573.33,-2935.5,-2671.77,3528.36,False,False,nan,True,0.7121,71.01,94.49,True,0,COLLECTING,0,,0,,,,,7,93,110,30,60,0.999541394840654,0.24494897427831783
2026-08-31T22:15:33.753,125773000,P035,cane_motion,MOTION,,,,346,5324897,113330,114094,114874.8,117069.77,-1544.8,-2975.77,-2747.77,3512.75,False,False,nan,True,0.7121,71.01,94.49,True,0,COLLECTING,0,,0,,,,,7,93,110,30,60,0.999541394840654,0.24494897427831783
2026-08-31T22:15:33.878,125773125,P035,cane_motion,MOTION,,,,347,5324937,113296,113872,114843.23,117005.82,-1547.23,-3133.82,-2844.29,3499.38,False,False,nan,True,0.7121,71.01,94.49,True,0,COLLECTING,0,,0,,,,,7,93,110,30,60,0.999541394840654,0.17320508075688776
2026-08-31T22:15:33.890,125773140,P035,cane_motion,MOTION,,,,348,5324977,113294,113687,114812.24,116939.45,-1518.24,-3252.45,-2946.33,3488.32,False,False,nan,True,0.7121,71.01,94.49,True,0,COLLECTING,0,,0,,,,,7,93,110,30,60,0.999541394840654,0.17320508075688776
2026-08-31T22:15:33.901,125773156,P035,cane_motion,MOTION,,,,349,5325017,113323,113645,114782.46,116873.55,-1459.46,-3228.55,-3016.88,3478.89,False,False,nan,True,0.7121,71.01,94.49,True,0,COLLECTING,0,,0,,,,,7,93,110,30,60,0.999541394840654,0.17320508075688776
2026-08-31T22:15:33.911,125773156,P035,cane_motion,MOTION,,,,350,5325057,113431,113764,114755.43,116811.37,-1324.43,-3047.37,-3024.5,3469.81,False,False,nan,True,0.7121,71.01,94.49,True,0,COLLECTING,0,,0,,,,,7,93,110,30,60,0.999541394840654,0.17320508075688776
2026-08-31T22:15:33.953,125773203,P035,cane_motion,MOTION,,,,351,5325097,113585,114036,114732.02,116755.86,-1147.02,-2719.86,-2948.34,3459.38,False,False,nan,True,0.7121,71.01,94.49,True,0,COLLECTING,0,,0,,,,,7,93,110,30,60,0.999541394840654,0.17320508075688776
2026-08-31T22:15:34.077,125773328,P035,cane_motion,MOTION,,,,352,5325137,113731,114311,114712.0,116706.96,-981.0,-2395.96,-2810.25,3446.39,False,False,nan,True,0.7121,71.01,94.49,True,0,COLLECTING,0,,0,,,,,7,93,110,30,60,0.999541394840654,0.17320508075688776
2026-08-31T22:15:34.091,125773343,P035,cane_motion,MOTION,,,,353,5325177,113863,114589,114695.02,116664.6,-832.02,-2075.6,-2626.59,3430.0,False,False,nan,True,0.7121,71.01,94.49,True,0,COLLECTING,0,,0,,,,,7,93,110,30,60,0.999541394840654,0.17320508075688776
2026-08-31T22:15:34.101,125773359,P035,cane_motion,MOTION,,,,354,5325217,114027,114919,114681.66,116629.69,-654.66,-1710.69,-2397.61,3409.35,False,False,nan,True,0.7121,71.01,94.49,True,0,COLLECTING,0,,0,,,,,7,93,110,30,60,0.999541394840654,0.17320508075688776
2026-08-31T22:15:34.110,125773359,P035,cane_motion,MOTION,,,,355,5325257,114204,115301,114672.11,116603.12,-468.11,-1302.12,-2123.74,3383.64,False,False,nan,True,0.7121,71.01,94.49,True,0,COLLECTING,0,,0,,,,,7,93,110,30,60,0.999541394840654,0.17320508075688776
2026-08-31T22:15:34.153,125773406,P035,cane_motion,MOTION,,,,356,5325297,114364,115680,114665.95,116584.66,-301.95,-904.66,-1818.97,3352.34,False,False,nan,True,0.7121,71.01,94.49,True,0,COLLECTING,0,,0,,,,,7,93,110,30,60,0.999541394840654,0.17320508075688776
2026-08-31T22:15:34.280,125773531,P035,cane_motion,MOTION,,,,357,5325337,114466,115981,114661.95,116572.59,-195.95,-591.59,-1512.12,3315.54,False,False,nan,True,0.7121,71.01,94.49,True,0,COLLECTING,0,,0,,,,,7,93,110,30,60,0.9997609714326721,0.17320508075688776
2026-08-31T22:15:34.291,125773546,P035,cane_motion,MOTION,,,,358,5325377,114408,115909,114656.87,116559.31,-248.87,-650.31,-1296.67,3275.16,False,False,nan,True,0.7121,71.01,94.49,True,0,COLLECTING,0,,0,,,,,7,93,110,30,60,0.9997609714326721,0.17320508075688776
2026-08-31T22:15:34.302,125773546,P035,cane_motion,MOTION,,,,359,5325417,114200,115487,114647.73,116537.87,-447.73,-1050.87,-1235.22,3234.36,False,False,nan,True,0.7121,71.01,94.49,True,0,COLLECTING,0,,0,,,,,7,93,110,30,60,0.9997609714326721,0.17320508075688776
2026-08-31T22:15:34.311,125773562,P035,cane_motion,MOTION,,,,360,5325457,113957,115047,114633.91,116508.05,-676.91,-1461.05,-1291.68,3195.51,False,False,nan,True,0.7121,71.01,94.49,True,0,COLLECTING,0,,0,,,,,7,93,110,30,60,0.9997609714326721,0.17320508075688776
2026-08-31T22:15:34.354,125773609,P035,cane_motion,MOTION,,,,361,5325497,113927,115065,114619.77,116479.19,-692.77,-1414.19,-1322.3,3158.05,False,False,nan,True,0.7121,71.01,94.49,True,0,COLLECTING,0,,0,,,,,7,93,110,30,60,0.9997609714326721,0.17320508075688776
2026-08-31T22:15:34.479,125773734,P035,cane_motion,MOTION,,,,362,5325537,114012,115335,114607.62,116456.3,-595.62,-1121.3,-1272.05,3120.33,False,False,nan,True,0.7121,71.01,94.49,True,0,COLLECTING,0,,0,,,,,7,93,110,30,60,0.999541394840654,0.17320508075688776
2026-08-31T22:15:34.491,125773734,P035,cane_motion,MOTION,,,,363,5325577,114103,115548,114597.52,116438.14,-494.52,-890.14,-1176.58,3081.45,False,False,nan,True,0.7121,71.01,94.49,True,0,COLLECTING,0,,0,,,,,7,93,110,30,60,0.999541394840654,0.17320508075688776
2026-08-31T22:15:34.501,125773750,P035,cane_motion,MOTION,,,,364,5325617,114148,115692,114588.53,116423.22,-440.53,-731.22,-1065.24,3041.13,False,False,nan,True,0.7121,71.01,94.49,True,0,COLLECTING,0,,0,,,,,7,93,110,30,60,0.999541394840654,0.17320508075688776
2026-08-31T22:15:34.511,125773765,P035,cane_motion,MOTION,,,,365,5325657,114098,115636,114578.72,116407.48,-480.72,-771.48,-991.8,3000.14,False,False,nan,True,0.7121,71.01,94.49,True,0,COLLECTING,0,,0,,,,,7,93,110,30,60,0.999541394840654,0.17320508075688776
2026-08-31T22:15:34.553,125773796,P035,cane_motion,MOTION,,,,366,5325697,114036,115508,114567.87,116389.48,-531.87,-881.48,-964.22,2959.42,False,False,nan,True,0.7121,71.01,94.49,True,0,COLLECTING,0,,0,,,,,7,93,110,30,60,0.999541394840654,0.17320508075688776
2026-08-31T22:15:34.679,125773937,P035,cane_motion,MOTION,,,,367,5325737,113996,115415,114556.43,116369.99,-560.43,-954.99,-961.91,2919.47,False,False,nan,True,0.7121,71.01,94.49,True,0,COLLECTING,0,,0,,,,,7,93,110,30,60,0.9997609714326721,0.24494897427831783
2026-08-31T22:15:34.694,125773937,P035,cane_motion,MOTION,,,,368,5325777,113913,115259,114543.56,116347.77,-630.56,-1088.77,-993.63,2880.95,False,False,nan,True,0.7121,71.01,94.49,True,0,COLLECTING,0,,0,,,,,7,93,110,30,60,0.9997609714326721,0.24494897427831783
2026-08-31T22:15:34.703,125773953,P035,cane_motion,MOTION,,,,369,5325817,113853,115206,114529.75,116324.94,-676.75,-1118.94,-1024.95,2843.83,False,False,nan,True,0.7121,71.01,94.49,True,0,COLLECTING,0,,0,,,,,7,93,110,30,60,0.9997609714326721,0.24494897427831783
2026-08-31T22:15:34.712,125773968,P035,cane_motion,MOTION,,,,370,5325857,113928,115437,114517.72,116307.18,-589.72,-870.18,-986.26,2806.68,False,False,nan,True,0.7121,71.01,94.49,True,0,COLLECTING,0,,0,,,,,7,93,110,30,60,0.9997609714326721,0.24494897427831783
2026-08-31T22:15:34.753,125774000,P035,cane_motion,MOTION,,,,371,5325897,114027,115807,114507.91,116297.18,-480.91,-490.18,-862.24,2767.79,False,False,nan,True,0.7121,71.01,94.49,True,0,COLLECTING,0,,0,,,,,7,93,110,30,60,0.9997609714326721,0.24494897427831783
2026-08-31T22:15:34.880,125774125,P035,cane_motion,MOTION,,,,372,5325937,114089,116086,114499.53,116292.95,-410.53,-206.95,-698.42,2726.41,False,False,nan,True,0.7121,71.01,94.49,True,0,COLLECTING,0,,0,,,,,7,93,110,30,60,0.999541394840654,0.17320508075688776
2026-08-31T22:15:34.892,125774140,P035,cane_motion,MOTION,,,,373,5325977,114116,116277,114491.86,116292.63,-375.86,-15.63,-527.72,2682.43,False,False,nan,True,0.7121,71.01,94.49,True,0,COLLECTING,0,,0,,,,,7,93,110,30,60,0.999541394840654,0.17320508075688776
2026-08-31T22:15:34.901,125774156,P035,cane_motion,MOTION,,,,374,5326017,114087,116343,114483.77,116293.64,-396.77,49.36,-383.45,2636.45,False,False,nan,True,0.7121,71.01,94.49,True,0,COLLECTING,0,,0,,,,,7,93,110,30,60,0.999541394840654,0.17320508075688776
2026-08-31T22:15:34.910,125774156,P035,cane_motion,MOTION,,,,375,5326057,114059,116389,114475.27,116295.55,-416.27,93.45,-264.23,2589.01,False,False,nan,True,0.7121,71.01,94.49,True,0,COLLECTING,0,,0,,,,,7,93,110,30,60,0.999541394840654,0.17320508075688776
2026-08-31T22:15:34.963,125774218,P035,cane_motion,MOTION,,,,376,5326107,114061,116486,114466.98,116299.36,-405.98,186.64,-151.51,2540.26,False,False,nan,True,0.7121,71.01,94.49,True,0,COLLECTING,0,,0,,,,,7,93,110,30,60,0.999541394840654,0.17320508075688776
2026-08-31T22:15:35.079,125774328,P035,cane_motion,MOTION,,,,377,5326147,114051,116447,114458.66,116302.31,-407.66,144.69,-77.46,2491.0,False,False,nan,True,0.7121,71.01,94.49,True,0,COLLECTING,0,,0,,,,,7,93,110,30,60,0.9997609714326721,0.17320508075688776
2026-08-31T22:15:35.092,125774343,P035,cane_motion,MOTION,,,,378,5326187,113815,115938,114445.79,116295.02,-630.79,-357.02,-147.35,2444.13,False,False,nan,True,0.7121,71.01,94.49,True,0,COLLECTING,0,,0,,,,,7,93,110,30,60,0.9997609714326721,0.17320508075688776
2026-08-31T22:15:35.102,125774359,P035,cane_motion,MOTION,,,,379,5326227,113582,115473,114428.52,116278.59,-846.52,-805.59,-311.91,2401.49,False,False,nan,True,0.7121,71.01,94.49,True,0,COLLECTING,0,,0,,,,,7,93,110,30,60,0.9997609714326721,0.17320508075688776
2026-08-31T22:15:35.123,125774375,P035,cane_motion,MOTION,,,,380,5326267,113533,115369,114410.6,116260.39,-877.6,-891.39,-456.78,2362.59,False,False,nan,True,0.7121,71.01,94.49,True,0,COLLECTING,0,,0,,,,,7,93,110,30,60,0.9997609714326721,0.17320508075688776
2026-08-31T22:15:35.164,125774421,P035,cane_motion,MOTION,,,,381,5326307,113587,115511,114394.13,116245.41,-807.13,-734.41,-526.19,2325.86,False,False,nan,True,0.7121,71.01,94.49,True,0,COLLECTING,0,,0,,,,,7,93,110,30,60,0.9997609714326721,0.17320508075688776
2026-08-31T22:15:35.280,125774531,P035,cane_motion,MOTION,,,,382,5326347,113625,115690,114378.75,116234.3,-753.75,-544.3,-530.71,2289.96,False,False,nan,True,0.7121,71.01,94.49,True,0,COLLECTING,0,,0,,,,,7,93,110,30,60,0.999541394840654,0.17320508075688776
2026-08-31T22:15:35.292,125774546,P035,cane_motion,MOTION,,,,383,5326387,113609,115713,114363.35,116223.87,-754.35,-510.87,-525.75,2254.68,False,False,nan,True,0.7121,71.01,94.49,True,0,COLLECTING,0,,0,,,,,7,93,110,30,60,0.999541394840654,0.17320508075688776
2026-08-31T22:15:35.301,125774546,P035,cane_motion,MOTION,,,,384,5326427,113539,115590,114346.87,116211.19,-807.87,-621.19,-549.61,2220.57,False,False,nan,True,0.7121,71.01,94.49,True,0,COLLECTING,0,,0,,,,,7,93,110,30,60,0.999541394840654,0.17320508075688776
2026-08-31T22:15:35.324,125774578,P035,cane_motion,MOTION,,,,385,5326467,113501,115511,114329.95,116197.19,-828.95,-686.19,-583.76,2187.84,False,False,nan,True,0.7121,71.01,94.49,True,0,COLLECTING,0,,0,,,,,7,93,110,30,60,0.999541394840654,0.17320508075688776
2026-08-31T22:15:35.362,125774609,P035,cane_motion,MOTION,,,,386,5326507,113503,115587,114313.41,116184.98,-810.41,-597.98,-587.31,2155.83,False,False,nan,True,0.7121,71.01,94.49,True,0,COLLECTING,0,,0,,,,,7,93,110,30,60,0.999541394840654,0.17320508075688776
2026-08-31T22:15:35.479,125774734,P035,cane_motion,MOTION,,,,387,5326547,113579,115717,114298.73,116175.62,-719.73,-458.62,-555.14,2123.81,False,False,nan,True,0.7121,71.01,94.49,True,0,COLLECTING,0,,0,,,,,7,93,110,30,60,0.999541394840654,0.17320508075688776
2026-08-31T22:15:35.490,125774734,P035,cane_motion,MOTION,,,,388,5326587,113654,115899,114285.84,116170.09,-631.84,-271.09,-484.13,2091.02,False,False,nan,True,0.7121,71.01,94.49,True,0,COLLECTING,0,,0,,,,,7,93,110,30,60,0.999541394840654,0.17320508075688776
2026-08-31T22:15:35.503,125774750,P035,cane_motion,MOTION,,,,389,5326627,113703,116076,114274.18,116168.21,-571.18,-92.21,-386.15,2056.92,False,False,nan,True,0.7121,71.01,94.49,True,0,COLLECTING,0,,0,,,,,7,93,110,30,60,0.999541394840654,0.17320508075688776
2026-08-31T22:15:35.524,125774781,P035,cane_motion,MOTION,,,,390,5326667,113750,116210,114263.7,116169.05,-513.7,40.95,-279.37,2021.37,False,False,nan,True,0.7121,71.01,94.49,True,0,COLLECTING,0,,0,,,,,7,93,110,30,60,0.999541394840654,0.17320508075688776
2026-08-31T22:15:35.563,125774812,P035,cane_motion,MOTION,,,,391,5326707,113777,116249,114253.96,116170.65,-476.96,78.35,-189.94,1984.74,False,False,nan,True,0.7121,71.01,94.49,True,0,COLLECTING,0,,0,,,,,7,93,110,30,60,0.999541394840654,0.17320508075688776
2026-08-31T22:15:35.680,125774937,P035,cane_motion,MOTION,,,,392,5326747,113810,116405,114245.08,116175.34,-435.08,229.66,-85.04,1946.75,False,False,nan,True,0.7121,71.01,94.49,True,0,COLLECTING,0,,0,,,,,7,93,110,30,60,0.999541394840654,0.17320508075688776
2026-08-31T22:15:35.690,125774937,P035,cane_motion,MOTION,,,,393,5326787,113840,116462,114236.98,116181.07,-396.98,280.93,6.45,1907.94,False,False,nan,True,0.7121,71.01,94.49,True,0,COLLECTING,0,,0,,,,,7,93,110,30,60,0.999541394840654,0.17320508075688776
2026-08-31T22:15:35.699,125774953,P035,cane_motion,MOTION,,,,394,5326827,113854,116504,114229.32,116187.53,-375.32,316.47,83.96,1871.46,False,False,nan,True,0.7121,71.01,94.49,True,0,COLLECTING,0,,0,,,,,7,93,110,30,60,0.999541394840654,0.17320508075688776
2026-08-31T22:15:35.723,125774968,P035,cane_motion,MOTION,,,,395,5326867,113793,116507,114220.59,116193.92,-427.59,313.08,141.24,1836.86,False,False,nan,True,0.7121,71.01,94.49,True,0,COLLECTING,0,,0,,,,,7,93,110,30,60,0.999541394840654,0.17320508075688776
2026-08-31T22:15:35.762,125775015,P035,cane_motion,MOTION,,,,396,5326907,113549,115976,114207.16,116189.56,-658.16,-213.56,52.54,1801.17,False,False,nan,True,0.7121,71.01,94.49,True,0,COLLECTING,0,,0,,,,,7,93,110,30,60,0.999541394840654,0.17320508075688776
2026-08-31T22:15:35.880,125775125,P035,cane_motion,MOTION,,,,397,5326947,113250,115367,114188.02,116173.11,-938.02,-806.11,-162.12,1768.39,False,False,nan,True,0.7121,71.01,94.49,True,0,COLLECTING,0,,0,,,,,7,93,110,30,60,0.9997609714326721,0.17320508075688776
2026-08-31T22:15:35.890,125775140,P035,cane_motion,MOTION,,,,398,5326987,113158,115152,114167.42,116152.69,-1009.42,-1000.69,-371.77,1740.46,False,False,nan,True,0.7121,71.01,94.49,True,0,COLLECTING,0,,0,,,,,7,93,110,30,60,0.9997609714326721,0.17320508075688776
2026-08-31T22:15:35.899,125775156,P035,cane_motion,MOTION,,,,399,5327027,113215,115271,114148.38,116135.05,-933.38,-864.05,-494.84,1715.55,False,False,nan,True,0.7121,71.01,94.49,True,0,COLLECTING,0,,0,,,,,7,93,110,30,60,0.9997609714326721,0.17320508075688776
2026-08-31T22:15:35.923,125775171,P035,cane_motion,MOTION,,,,400,5327067,113246,115372,114130.33,116119.8,-884.33,-747.8,-558.08,1692.4,False,False,nan,True,0.7121,71.01,94.49,True,0,COLLECTING,0,,0,,,,,7,93,110,30,60,0.9997609714326721,0.17320508075688776
2026-08-31T22:15:35.962,125775218,P035,cane_motion,MOTION,,,,401,5327107,113283,115488,114113.38,116107.16,-830.38,-619.16,-573.35,1670.02,False,False,nan,True,0.7121,71.01,94.49,True,0,COLLECTING,0,,0,,,,,7,93,110,30,60,0.9997609714326721,0.17320508075688776
2026-08-31T22:15:36.079,125775328,P035,cane_motion,MOTION,,,,402,5327147,113292,115466,114096.95,116094.34,-804.95,-628.34,-587.1,1648.36,False,False,nan,True,0.7121,71.01,94.49,True,0,COLLECTING,0,,0,,,,,7,93,110,30,60,0.999541394840654,0.17320508075688776
2026-08-31T22:15:36.091,125775343,P035,cane_motion,MOTION,,,,403,5327187,113222,115333,114079.45,116079.12,-857.45,-746.12,-626.85,1627.93,False,False,nan,True,0.7121,71.01,94.49,True,0,COLLECTING,0,,0,,,,,7,93,110,30,60,0.999541394840654,0.17320508075688776
2026-08-31T22:15:36.099,125775343,P035,cane_motion,MOTION,,,,404,5327227,113218,115337,114062.23,116064.27,-844.23,-727.27,-651.96,1608.41,False,False,nan,True,0.7121,71.01,94.49,True,0,COLLECTING,0,,0,,,,,7,93,110,30,60,0.999541394840654,0.17320508075688776
2026-08-31T22:15:36.124,125775375,P035,cane_motion,MOTION,,,,405,5327267,113304,115472,114047.06,116052.43,-743.06,-580.43,-634.08,1588.92,False,False,nan,True,0.7121,71.01,94.49,True,0,COLLECTING,0,,0,,,,,7,93,110,30,60,0.999541394840654,0.17320508075688776
2026-08-31T22:15:36.163,125775406,P035,cane_motion,MOTION,,,,406,5327307,113437,115757,114034.86,116046.52,-597.86,-289.52,-547.94,1568.1,False,False,nan,True,0.7121,71.01,94.49,True,0,COLLECTING,0,,0,,,,,7,93,110,30,60,0.999541394840654,0.17320508075688776
2026-08-31T22:15:36.279,125775531,P035,cane_motion,MOTION,,,,407,5327347,113454,115848,114023.24,116042.55,-569.24,-194.55,-459.59,1545.93,False,False,nan,True,0.7121,71.01,94.49,True,0,COLLECTING,0,,0,,,,,7,93,110,30,60,0.999541394840654,0.17320508075688776
2026-08-31T22:15:36.293,125775546,P035,cane_motion,MOTION,,,,408,5327387,113545,116007,114013.68,116041.84,-468.68,-34.84,-353.4,1522.08,False,False,nan,True,0.7121,71.01,94.49,True,0,COLLECTING,0,,0,,,,,7,93,110,30,60,0.999541394840654,0.17320508075688776
2026-08-31T22:15:36.300,125775546,P035,cane_motion,MOTION,,,,409,5327427,113604,116107,114005.48,116043.15,-401.48,63.85,-249.09,1496.62,False,False,nan,True,0.7121,71.01,94.49,True,0,COLLECTING,0,,0,,,,,7,93,110,30,60,0.999541394840654,0.17320508075688776
2026-08-31T22:15:36.323,125775578,P035,cane_motion,MOTION,,,,410,5327467,113723,116289,113999.84,116048.06,-276.84,240.94,-126.58,1469.22,False,False,nan,True,0.7121,71.01,94.49,True,0,COLLECTING,0,,0,,,,,7,93,110,30,60,0.999541394840654,0.17320508075688776
2026-08-31T22:15:36.363,125775609,P035,cane_motion,MOTION,,,,411,5327507,113759,116464,113995.02,116056.38,-236.02,407.62,6.97,1439.98,False,False,nan,True,0.7121,71.01,94.49,True,0,COLLECTING,0,,0,,,,,7,93,110,30,60,0.999541394840654,0.17320508075688776
2026-08-31T22:15:36.479,125775734,P035,cane_motion,MOTION,,,,412,5327547,113943,116708,113993.98,116069.41,-50.98,638.59,164.87,1414.47,False,False,nan,True,0.7121,71.01,94.49,True,0,COLLECTING,0,,0,,,,,7,93,110,30,60,0.999541394840654,0.17320508075688776
2026-08-31T22:15:36.487,125775734,P035,cane_motion,MOTION,,,,413,5327587,113994,116850,113993.98,116085.02,0.02,764.98,314.9,1392.48,False,False,nan,True,0.7121,71.01,94.91,True,0,COLLECTING,0,,0,,,,,7,93,110,30,60,0.999541394840654,0.17320508075688776
2026-08-31T22:15:36.499,125775750,P035,cane_motion,MOTION,,,,414,5327627,113867,116561,113991.44,116094.54,-124.44,466.46,352.79,1371.69,False,False,nan,True,0.7121,71.01,94.91,True,0,COLLECTING,0,,0,,,,,7,93,110,30,60,0.999541394840654,0.17320508075688776
2026-08-31T22:15:36.522,125775765,P035,cane_motion,MOTION,,,,415,5327667,113587,115996,113983.35,116092.57,-396.35,-96.57,240.45,1349.06,False,False,nan,True,0.7121,71.01,94.91,True,0,COLLECTING,0,,0,,,,,7,93,110,30,60,0.999541394840654,0.17320508075688776
2026-08-31T22:15:36.564,125775812,P035,cane_motion,MOTION,,,,416,5327707,113445,115716,113972.59,116085.04,-527.59,-369.04,88.08,1323.84,False,False,nan,True,0.7121,71.01,94.91,True,0,COLLECTING,0,,0,,,,,7,93,110,30,60,0.999541394840654,0.17320508075688776
2026-08-31T22:15:36.680,125775937,P035,cane_motion,MOTION,,,,417,5327747,113394,115763,113961.02,116078.6,-567.02,-315.6,-12.84,1297.62,False,False,nan,True,0.7121,71.01,94.91,True,0,COLLECTING,0,,0,,,,,7,93,110,30,60,0.999541394840654,0.17320508075688776
2026-08-31T22:15:36.695,125775953,P035,cane_motion,MOTION,,,,418,5327787,113372,115756,113949.23,116072.15,-577.23,-316.15,-88.67,1273.45,False,False,nan,True,0.7121,71.01,94.91,True,0,COLLECTING,0,,0,,,,,7,93,110,30,60,0.999541394840654,0.17320508075688776
2026-08-31T22:15:36.706,125775953,P035,cane_motion,MOTION,,,,419,5327827,113326,115659,113936.77,116063.88,-610.77,-404.88,-167.72,1251.33,False,False,nan,True,0.7121,71.01,94.91,True,0,COLLECTING,0,,0,,,,,7,93,110,30,60,0.999541394840654,0.17320508075688776
2026-08-31T22:15:36.725,125775968,P035,cane_motion,MOTION,,,,420,5327867,113236,115544,113922.76,116053.48,-686.76,-509.48,-253.16,1231.37,False,False,nan,True,0.7121,71.01,94.91,True,0,COLLECTING,0,,0,,,,,7,93,110,30,60,0.999541394840654,0.17320508075688776
2026-08-31T22:15:36.763,125776015,P035,cane_motion,MOTION,,,,421,5327907,113200,115331,113908.3,116039.03,-708.3,-708.03,-366.88,1214.08,False,False,nan,True,0.7121,71.01,94.91,True,0,COLLECTING,0,,0,,,,,7,93,110,30,60,0.999541394840654,0.17320508075688776
2026-08-31T22:15:36.880,125776125,P035,cane_motion,MOTION,,,,422,5327947,113137,115154,113892.88,116021.33,-755.88,-867.33,-491.99,1199.64,False,False,nan,True,0.7121,71.01,94.91,True,0,COLLECTING,0,,0,,,,,7,93,110,30,60,0.999541394840654,0.17320508075688776
2026-08-31T22:15:36.892,125776140,P035,cane_motion,MOTION,,,,423,5327987,113099,115128,113877.0,116003.46,-778.0,-875.46,-587.86,1187.4,False,False,nan,True,0.7121,71.01,94.91,True,0,COLLECTING,0,,0,,,,,7,93,110,30,60,0.999541394840654,0.17320508075688776
2026-08-31T22:15:36.901,125776156,P035,cane_motion,MOTION,,,,424,5328027,113132,115235,113862.1,115988.09,-730.1,-753.09,-629.17,1176.24,False,False,nan,True,0.7121,71.01,94.91,True,0,COLLECTING,0,,0,,,,,7,93,110,30,60,0.999541394840654,0.17320508075688776
2026-08-31T22:15:36.923,125776171,P035,cane_motion,MOTION,,,,425,5328067,113137,115277,113847.6,115973.88,-710.6,-696.88,-646.09,1165.63,False,False,nan,True,0.7121,71.01,94.91,True,0,COLLECTING,0,,0,,,,,7,93,110,30,60,0.999541394840654,0.17320508075688776
2026-08-31T22:15:36.964,125776218,P035,cane_motion,MOTION,,,,426,5328107,113096,115329,113832.57,115960.98,-736.57,-631.98,-642.57,1155.17,False,False,nan,True,0.7121,71.01,94.91,True,0,COLLECTING,0,,0,,,,,7,93,110,30,60,0.999541394840654,0.17320508075688776
2026-08-31T22:15:37.080,125776328,P035,cane_motion,MOTION,,,,427,5328147,113097,115360,113817.86,115948.96,-720.86,-588.96,-629.16,1144.65,False,False,nan,True,0.7121,71.01,94.91,True,0,COLLECTING,0,,0,,,,,6,93,110,30,60,0.999541394840654,0.17320508075688776
2026-08-31T22:15:37.091,125776343,P035,cane_motion,MOTION,,,,428,5328187,113133,115401,113804.16,115938.0,-671.16,-537.0,-606.12,1133.88,False,False,nan,True,0.7121,71.01,94.91,True,0,COLLECTING,0,,0,,,,,6,93,110,30,60,0.999541394840654,0.17320508075688776
2026-08-31T22:15:37.100,125776343,P035,cane_motion,MOTION,,,,429,5328227,113166,115460,113791.4,115928.44,-625.4,-468.44,-571.7,1122.64,False,False,nan,True,0.7121,71.01,94.91,True,0,COLLECTING,0,,0,,,,,6,93,110,30,60,0.999541394840654,0.17320508075688776
2026-08-31T22:15:37.123,125776375,P035,cane_motion,MOTION,,,,430,5328267,113186,115378,113779.29,115917.43,-593.29,-539.43,-563.63,1111.46,False,False,nan,True,0.7121,71.01,94.91,True,0,COLLECTING,0,,0,,,,,6,93,110,30,60,0.999541394840654,0.17320508075688776
2026-08-31T22:15:37.162,125776406,P035,cane_motion,MOTION,,,,431,5328307,113137,115186,113766.45,115902.8,-629.45,-716.8,-601.93,1101.27,False,False,nan,True,0.7121,71.01,94.91,True,0,COLLECTING,0,,0,,,,,6,93,110,30,60,0.999541394840654,0.17320508075688776
2026-08-31T22:15:37.280,125776531,P035,cane_motion,MOTION,,,,432,5328347,113348,115258,113758.08,115889.91,-410.08,-631.91,-609.42,1091.43,False,False,nan,True,0.7121,71.01,94.91,True,0,COLLECTING,0,,0,,,,,6,93,110,30,60,0.9997609714326721,0.17320508075688776
2026-08-31T22:15:37.292,125776546,P035,cane_motion,MOTION,,,,433,5328387,113525,115105,113753.41,115874.21,-228.41,-769.21,-649.37,1082.59,False,False,nan,True,0.7121,71.01,94.91,True,0,COLLECTING,0,,0,,,,,6,93,110,30,60,0.9997609714326721,0.17320508075688776
2026-08-31T22:15:37.299,125776546,P035,cane_motion,MOTION,,,,434,5328427,113326,114329,113744.87,115843.3,-418.87,-1514.3,-865.6,1078.25,False,False,nan,True,0.7121,71.01,94.91,True,0,COLLECTING,0,,0,,,,,6,93,110,30,60,0.9997609714326721,0.17320508075688776
2026-08-31T22:15:37.324,125776578,P035,cane_motion,MOTION,,,,435,5328467,113119,113632,113732.35,115799.08,-613.35,-2167.08,-1190.97,1080.5,False,False,nan,True,0.7121,71.01,94.91,True,0,COLLECTING,0,,0,,,,,6,93,110,30,60,0.9997609714326721,0.17320508075688776
2026-08-31T22:15:37.363,125776609,P035,cane_motion,MOTION,,,,436,5328507,112919,113123,113716.09,115745.55,-797.09,-2622.55,-1548.87,1089.87,False,False,nan,True,0.7121,71.01,94.91,True,0,COLLECTING,0,,0,,,,,6,93,110,30,60,0.9997609714326721,0.17320508075688776
2026-08-31T22:15:37.480,125776734,P035,cane_motion,MOTION,,,,437,5328547,112700,112566,113695.77,115681.96,-995.77,-3115.96,-1940.64,1106.89,False,False,nan,True,0.7121,71.01,94.91,True,0,COLLECTING,0,,0,,,,,6,93,110,30,60,0.999541394840654,0.17320508075688776
2026-08-31T22:15:37.492,125776750,P035,cane_motion,MOTION,,,,438,5328587,112526,112176,113672.37,115611.84,-1146.37,-3435.84,-2314.44,1131.04,False,False,nan,True,0.7121,71.01,94.91,True,0,COLLECTING,0,,0,,,,,6,93,110,30,60,0.999541394840654,0.17320508075688776
2026-08-31T22:15:37.502,125776750,P035,cane_motion,MOTION,,,,439,5328627,112480,112009,113648.52,115539.79,-1168.52,-3530.79,-2618.53,1160.79,False,False,nan,True,0.7121,71.01,94.91,True,0,COLLECTING,0,,0,,,,,6,93,110,30,60,0.999541394840654,0.17320508075688776
2026-08-31T22:15:37.523,125776781,P035,cane_motion,MOTION,,,,440,5328667,112360,111823,113622.75,115465.45,-1262.75,-3642.45,-2874.51,1195.06,False,False,nan,True,0.7121,71.01,94.91,True,0,COLLECTING,0,,0,,,,,6,93,110,30,60,0.999541394840654,0.17320508075688776
2026-08-31T22:15:37.562,125776812,P035,cane_motion,MOTION,,,,441,5328707,112333,111802,113596.95,115392.19,-1263.95,-3590.19,-3053.43,1232.23,False,False,nan,True,0.7121,71.01,94.91,True,0,COLLECTING,0,,0,,,,,6,93,110,30,60,0.999541394840654,0.17320508075688776
2026-08-31T22:15:37.679,125776937,P035,cane_motion,MOTION,,,,442,5328747,112357,111881,113572.16,115321.96,-1215.16,-3440.96,-3150.31,1270.59,False,False,nan,True,0.7121,71.01,94.91,True,0,COLLECTING,0,,0,,,,,6,93,110,30,60,0.999541394840654,0.17320508075688776
2026-08-31T22:15:37.692,125776937,P035,cane_motion,MOTION,,,,443,5328787,112313,111804,113546.98,115251.6,-1233.98,-3447.6,-3224.63,1309.67,False,False,nan,True,0.7121,71.01,94.91,True,0,COLLECTING,0,,0,,,,,6,93,110,30,60,0.999541394840654,0.17320508075688776
2026-08-31T22:15:37.701,125776953,P035,cane_motion,MOTION,,,,444,5328827,112208,111514,113520.2,115176.85,-1312.2,-3662.85,-3334.19,1350.16,False,False,nan,True,0.7121,71.01,94.91,True,0,COLLECTING,0,,0,,,,,6,93,110,30,60,0.999541394840654,0.17320508075688776
2026-08-31T22:15:37.724,125776968,P035,cane_motion,MOTION,,,,445,5328867,112066,111214,113491.11,115097.59,-1425.11,-3883.59,-3471.54,1392.59,False,False,nan,True,0.7121,71.01,94.91,True,0,COLLECTING,0,,0,,,,,6,93,110,30,60,0.999541394840654,0.17320508075688776
2026-08-31T22:15:37.763,125777015,P035,cane_motion,MOTION,,,,446,5328907,111990,111118,113461.09,115018.0,-1471.09,-3900.0,-3578.65,1436.31,False,False,nan,True,0.7121,71.01,94.91,True,0,COLLECTING,0,,0,,,,,6,93,110,30,60,0.999541394840654,0.17320508075688776
2026-08-31T22:15:37.880,125777125,P035,cane_motion,MOTION,,,,447,5328947,111955,111329,113430.96,114944.22,-1475.96,-3615.22,-3587.8,1479.34,False,False,nan,True,0.7121,71.01,94.91,True,0,COLLECTING,0,,0,,,,,6,93,110,30,60,0.999541394840654,0.17320508075688776
2026-08-31T22:15:37.891,125777140,P035,cane_motion,MOTION,,,,448,5328987,111865,111512,113399.64,114875.58,-1534.64,-3363.58,-3531.74,1520.39,False,False,nan,True,0.7121,71.01,94.91,True,0,COLLECTING,0,,0,,,,,6,93,110,30,60,0.999541394840654,0.17320508075688776
2026-08-31T22:15:37.900,125777156,P035,cane_motion,MOTION,,,,449,5329027,111932,111830,113370.29,114814.66,-1438.29,-2984.66,-3394.97,1557.88,False,False,nan,True,0.7121,71.01,94.91,True,0,COLLECTING,0,,0,,,,,6,93,110,30,60,0.999541394840654,0.17320508075688776
2026-08-31T22:15:37.924,125777171,P035,cane_motion,MOTION,,,,450,5329067,112083,112256,113344.55,114763.49,-1261.55,-2507.49,-3173.1,1590.18,False,False,nan,True,0.7121,71.01,94.91,True,0,COLLECTING,0,,0,,,,,6,93,110,30,60,0.999541394840654,0.17320508075688776
2026-08-31T22:15:37.964,125777218,P035,cane_motion,MOTION,,,,451,5329107,112218,112652,113322.02,114721.27,-1104.02,-2069.27,-2897.14,1616.32,False,False,nan,True,0.7121,71.01,94.91,True,0,COLLECTING,0,,0,,,,,6,93,110,30,60,0.999541394840654,0.17320508075688776
2026-08-31T22:15:38.081,125777328,P035,cane_motion,MOTION,,,,452,5329147,112244,112725,113300.45,114681.34,-1056.45,-1956.34,-2661.94,1637.24,False,False,nan,True,0.7121,71.01,94.91,True,0,COLLECTING,0,,0,,,,,6,93,110,30,60,0.999541394840654,0.17320508075688776
2026-08-31T22:15:38.091,125777343,P035,cane_motion,MOTION,,,,453,5329187,111937,112066,113273.19,114629.04,-1336.19,-2563.04,-2637.22,1657.24,False,False,nan,True,0.7121,71.01,94.91,True,0,COLLECTING,0,,0,,,,,6,93,110,30,60,0.999541394840654,0.17320508075688776
2026-08-31T22:15:38.101,125777359,P035,cane_motion,MOTION,,,,454,5329227,111702,111497,113241.77,114566.4,-1539.77,-3069.4,-2745.26,1679.0,False,False,nan,True,0.7121,71.01,94.91,True,0,COLLECTING,0,,0,,,,,6,93,110,30,60,0.999541394840654,0.17320508075688776
2026-08-31T22:15:38.125,125777375,P035,cane_motion,MOTION,,,,455,5329267,111771,111662,113212.35,114508.31,-1441.35,-2846.31,-2770.53,1700.83,False,False,nan,True,0.7121,71.01,94.91,True,0,COLLECTING,0,,0,,,,,6,93,110,30,60,0.999541394840654,0.17320508075688776
2026-08-31T22:15:38.163,125777421,P035,cane_motion,MOTION,,,,456,5329307,111944,112067,113186.98,114459.48,-1242.98,-2392.48,-2676.01,1720.33,False,False,nan,True,0.7121,71.01,94.91,True,0,COLLECTING,0,,0,,,,,6,93,110,30,60,0.999541394840654,0.17320508075688776
2026-08-31T22:15:38.280,125777531,P035,cane_motion,MOTION,,,,457,5329347,111999,112246,113163.23,114415.21,-1164.23,-2169.21,-2549.31,1736.91,False,False,nan,True,0.7121,71.01,94.91,True,0,COLLECTING,0,,0,,,,,6,93,110,30,60,0.999541394840654,0.17320508075688776
2026-08-31T22:15:38.292,125777546,P035,cane_motion,MOTION,,,,458,5329387,112015,112346,113140.27,114373.83,-1125.27,-2027.83,-2418.94,1750.55,False,False,nan,True,0.7121,71.01,94.91,True,0,COLLECTING,0,,0,,,,,6,93,110,30,60,0.999541394840654,0.17320508075688776
2026-08-31T22:15:38.301,125777546,P035,cane_motion,MOTION,,,,459,5329427,111946,112224,113116.38,114330.83,-1170.38,-2106.83,-2340.91,1762.36,False,False,nan,True,0.7121,71.01,94.91,True,0,COLLECTING,0,,0,,,,,6,93,110,30,60,0.999541394840654,0.17320508075688776
2026-08-31T22:15:38.324,125777578,P035,cane_motion,MOTION,,,,460,5329467,111819,111984,113090.44,114283.89,-1271.44,-2299.89,-2330.66,1773.72,False,False,nan,True,0.7121,71.01,94.91,True,0,COLLECTING,0,,0,,,,,6,93,110,30,60,0.999541394840654,0.17320508075688776
2026-08-31T22:15:38.364,125777609,P035,cane_motion,MOTION,,,,461,5329507,111789,111944,113064.41,114237.09,-1275.41,-2293.09,-2321.27,1784.67,False,False,nan,True,0.7121,71.01,94.91,True,0,COLLECTING,0,,0,,,,,6,93,110,30,60,0.999541394840654,0.17320508075688776
2026-08-31T22:15:38.481,125777734,P035,cane_motion,MOTION,,,,462,5329547,111881,112180,113040.73,114195.95,-1159.73,-2015.95,-2244.94,1793.88,False,False,nan,True,0.7121,71.01,94.91,True,0,COLLECTING,0,,0,,,,,6,93,110,30,60,0.999541394840654,0.17320508075688776
2026-08-31T22:15:38.491,125777750,P035,cane_motion,MOTION,,,,463,5329587,112039,112551,113020.7,114163.05,-981.7,-1612.05,-2086.72,1799.74,False,False,nan,True,0.7121,71.01,94.91,True,0,COLLECTING,0,,0,,,,,6,93,110,30,60,0.999541394840654,0.17320508075688776
2026-08-31T22:15:38.501,125777750,P035,cane_motion,MOTION,,,,464,5329627,112135,112853,113002.99,114136.85,-867.99,-1283.85,-1886.0,1801.46,False,False,nan,True,0.7121,71.01,94.91,True,0,COLLECTING,0,,0,,,,,6,93,110,30,60,0.999541394840654,0.17320508075688776
2026-08-31T22:15:38.523,125777781,P035,cane_motion,MOTION,,,,465,5329667,112210,113116,112987.13,114116.44,-777.13,-1000.44,-1664.61,1798.73,False,False,nan,True,0.7121,71.01,94.91,True,0,COLLECTING,0,,0,,,,,6,93,110,30,60,0.999541394840654,0.17320508075688776
2026-08-31T22:15:38.563,125777812,P035,cane_motion,MOTION,,,,466,5329707,112268,113330,112972.75,114100.71,-704.75,-770.71,-1441.14,1791.57,False,False,nan,True,0.7121,71.01,94.91,True,0,COLLECTING,0,,0,,,,,6,93,110,30,60,0.999541394840654,0.17320508075688776
2026-08-31T22:15:38.680,125777937,P035,cane_motion,MOTION,,,,467,5329747,112270,113376,112958.7,114086.22,-688.7,-710.22,-1258.41,1780.91,False,False,nan,True,0.7121,71.01,94.91,True,0,COLLECTING,0,,0,,,,,6,93,110,30,60,0.999541394840654,0.17320508075688776
2026-08-31T22:15:38.692,125777937,P035,cane_motion,MOTION,,,,468,5329787,112344,113499,112946.4,114074.48,-602.4,-575.48,-1087.67,1767.05,False,False,nan,True,0.7121,71.01,94.91,True,0,COLLECTING,0,,0,,,,,6,93,110,30,60,0.999541394840654,0.17320508075688776
2026-08-31T22:15:38.699,125777953,P035,cane_motion,MOTION,,,,469,5329827,112387,113484,112935.21,114062.66,-548.21,-578.66,-960.42,1750.91,False,False,nan,True,0.7121,71.01,94.91,True,0,COLLECTING,0,,0,,,,,6,93,110,30,60,0.999541394840654,0.17320508075688776
2026-08-31T22:15:38.723,125777968,P035,cane_motion,MOTION,,,,470,5329867,112287,113161,112922.25,114044.63,-635.25,-883.63,-941.22,1734.72,False,False,nan,True,0.7121,71.01,94.91,True,0,COLLECTING,0,,0,,,,,6,93,110,30,60,0.999541394840654,0.17320508075688776
2026-08-31T22:15:38.763,125778015,P035,cane_motion,MOTION,,,,471,5329907,112151,112713,112906.83,114018.0,-755.83,-1305.0,-1032.17,1720.67,False,False,nan,True,0.7121,71.01,94.91,True,0,COLLECTING,0,,0,,,,,6,93,110,30,60,0.999541394840654,0.17320508075688776
2026-08-31T22:15:38.880,125778125,P035,cane_motion,MOTION,,,,472,5329947,111778,111759,112884.25,113972.82,-1106.25,-2213.82,-1327.58,1712.81,False,False,nan,True,0.7121,71.01,94.91,True,0,COLLECTING,0,,0,,,,,6,93,110,30,60,0.999541394840654,0.17320508075688776
2026-08-31T22:15:38.892,125778140,P035,cane_motion,MOTION,,,,473,5329987,111415,110904,112854.87,113911.45,-1439.87,-3007.45,-1747.55,1713.5,False,False,nan,True,0.7121,71.01,94.91,True,0,COLLECTING,0,,0,,,,,6,93,110,30,60,0.999541394840654,0.17320508075688776
2026-08-31T22:15:38.901,125778156,P035,cane_motion,MOTION,,,,474,5330027,111182,110390,112821.41,113841.02,-1639.41,-3451.02,-2173.41,1722.7,False,False,nan,True,0.7121,71.01,94.91,True,0,COLLECTING,0,,0,,,,,6,93,110,30,60,0.999541394840654,0.17320508075688776
2026-08-31T22:15:38.924,125778171,P035,cane_motion,MOTION,,,,475,5330067,110959,109931,112784.16,113762.81,-1825.16,-3831.81,-2588.01,1740.01,False,False,nan,True,0.7121,71.01,94.91,True,0,COLLECTING,0,,0,,,,,6,93,110,30,60,0.999541394840654,0.17320508075688776
2026-08-31T22:15:38.963,125778218,P035,cane_motion,MOTION,,,,476,5330107,110750,109519,112743.48,113677.94,-1993.48,-4158.94,-2980.74,1764.82,False,False,nan,True,0.7121,71.01,94.91,True,0,COLLECTING,0,,0,,,,,6,93,110,30,60,0.999541394840654,0.17320508075688776
2026-08-31T22:15:39.079,125778328,P035,cane_motion,MOTION,,,,477,5330147,110683,109407,112702.27,113592.52,-2019.27,-4185.52,-3281.94,1795.16,False,False,nan,True,0.7121,71.01,94.91,True,0,COLLECTING,0,,0,,,,,6,93,110,30,60,0.999541394840654,0.17320508075688776
2026-08-31T22:15:39.092,125778343,P035,cane_motion,MOTION,,,,478,5330187,110776,109589,112663.74,113512.45,-1887.74,-3923.45,-3442.31,1828.11,False,False,nan,True,0.7121,71.01,94.91,True,0,COLLECTING,0,,0,,,,,6,93,110,30,60,0.999541394840654,0.17320508075688776
2026-08-31T22:15:39.101,125778359,P035,cane_motion,MOTION,,,,479,5330227,110935,109950,112629.16,113441.2,-1694.16,-3491.2,-3454.53,1860.63,False,False,nan,True,0.7121,71.01,94.91,True,0,COLLECTING,0,,0,,,,,6,93,110,30,60,0.999541394840654,0.17320508075688776
2026-08-31T22:15:39.124,125778375,P035,cane_motion,MOTION,,,,480,5330267,111064,110318,112597.86,113378.73,-1533.86,-3060.73,-3356.08,1890.54,False,False,nan,True,0.7121,71.01,94.91,True,0,COLLECTING,0,,0,,,,,6,93,110,30,60,0.999541394840654,0.17320508075688776
2026-08-31T22:15:39.163,125778406,P035,cane_motion,MOTION,,,,481,5330307,111272,110839,112571.34,113327.94,-1299.34,-2488.94,-3139.3,1915.52,False,False,nan,True,0.7121,71.01,94.91,True,0,COLLECTING,0,,0,,,,,6,93,110,30,60,0.999541394840654,0.17320508075688776
2026-08-31T22:15:39.280,125778531,P035,cane_motion,MOTION,,,,482,5330347,111332,111088,112546.55,113283.14,-1214.55,-2195.14,-2903.26,1935.27,False,False,nan,True,0.7121,71.01,94.91,True,0,COLLECTING,0,,0,,,,,6,93,110,30,60,0.9997609714326721,0.17320508075688776
2026-08-31T22:15:39.291,125778546,P035,cane_motion,MOTION,,,,483,5330387,111138,110896,112518.38,113235.4,-1380.38,-2339.4,-2762.29,1951.81,False,False,nan,True,0.7121,71.01,94.91,True,0,COLLECTING,0,,0,,,,,6,93,110,30,60,0.9997609714326721,0.17320508075688776
2026-08-31T22:15:39.300,125778546,P035,cane_motion,MOTION,,,,484,5330427,110968,110608,112487.38,113182.85,-1519.38,-2574.85,-2715.43,1967.09,False,False,nan,True,0.7121,71.01,94.91,True,0,COLLECTING,0,,0,,,,,6,93,110,30,60,0.9997609714326721,0.17320508075688776
2026-08-31T22:15:39.325,125778578,P035,cane_motion,MOTION,,,,485,5330467,111135,110940,112460.33,113137.99,-1325.33,-2197.99,-2586.07,1979.47,False,False,nan,True,0.7121,71.01,94.91,True,0,COLLECTING,0,,0,,,,,6,93,110,30,60,0.9997609714326721,0.17320508075688776
2026-08-31T22:15:39.363,125778609,P035,cane_motion,MOTION,,,,486,5330507,111480,111717,112440.72,113109.57,-960.72,-1392.57,-2287.7,1985.63,False,False,nan,True,0.7121,71.01,94.91,True,0,COLLECTING,0,,0,,,,,6,93,110,30,60,0.9997609714326721,0.17320508075688776
2026-08-31T22:15:39.480,125778734,P035,cane_motion,MOTION,,,,487,5330547,111618,112013,112424.27,113087.64,-806.27,-1074.64,-1984.43,1985.61,False,False,nan,True,0.7121,71.01,94.91,True,0,COLLECTING,0,,0,,,,,6,93,110,30,60,0.9997609714326721,0.17320508075688776
2026-08-31T22:15:39.491,125778734,P035,cane_motion,MOTION,,,,488,5330587,111731,112203,112410.4,113069.95,-679.4,-866.95,-1705.06,1980.0,False,False,nan,True,0.7121,71.01,94.91,True,0,COLLECTING,0,,0,,,,,6,93,110,30,60,0.9997609714326721,0.17320508075688776
2026-08-31T22:15:39.500,125778750,P035,cane_motion,MOTION,,,,489,5330627,111631,111922,112394.81,113046.98,-763.81,-1124.98,-1560.04,1971.6,False,False,nan,True,0.7121,71.01,94.91,True,0,COLLECTING,0,,0,,,,,6,93,110,30,60,0.9997609714326721,0.17320508075688776
2026-08-31T22:15:39.525,125778781,P035,cane_motion,MOTION,,,,490,5330667,111274,111047,112372.4,113006.98,-1098.4,-1959.98,-1660.03,1965.37,False,False,nan,True,0.7121,71.01,94.91,True,0,COLLECTING,0,,0,,,,,6,93,110,30,60,0.9997609714326721,0.17320508075688776
2026-08-31T22:15:39.563,125778812,P035,cane_motion,MOTION,,,,491,5330707,111047,110398,112345.89,112954.8,-1298.89,-2556.8,-1884.22,1963.74,False,False,nan,True,0.7121,71.01,94.91,True,0,COLLECTING,0,,0,,,,,6,93,110,30,60,0.9997609714326721,0.17320508075688776
2026-08-31T22:15:39.679,125778921,P035,cane_motion,MOTION,,,,492,5330747,110907,109892,112317.11,112893.55,-1410.11,-3001.55,-2163.55,1967.74,False,False,nan,True,0.7121,71.01,94.91,True,0,COLLECTING,0,,0,,,,,6,93,110,30,60,0.9997609714326721,0.17320508075688776
2026-08-31T22:15:39.696,125778953,P035,cane_motion,MOTION,,,,493,5330787,110790,109373,112286.57,112823.13,-1496.57,-3450.13,-2485.2,1978.09,False,False,nan,True,0.7121,71.01,94.91,True,0,COLLECTING,0,,0,,,,,6,93,110,30,60,0.9997609714326721,0.17320508075688776
2026-08-31T22:15:39.703,125778953,P035,cane_motion,MOTION,,,,494,5330827,110750,109073,112255.84,112748.13,-1505.84,-3675.13,-2782.68,1994.18,False,False,nan,True,0.7121,71.01,94.91,True,0,COLLECTING,0,,0,,,,,6,93,110,30,60,0.9997609714326721,0.17320508075688776
2026-08-31T22:15:39.724,125778968,P035,cane_motion,MOTION,,,,495,5330867,110794,108994,112226.6,112673.05,-1432.6,-3679.05,-3006.77,2014.43,False,False,nan,True,0.7121,71.01,94.91,True,0,COLLECTING,0,,0,,,,,6,93,110,30,60,0.9997609714326721,0.17320508075688776
2026-08-31T22:15:39.764,125779015,P035,cane_motion,MOTION,,,,496,5330907,111021,109340,112202.49,112606.38,-1181.49,-3266.38,-3071.68,2035.58,False,False,nan,True,0.7121,71.01,94.91,True,0,COLLECTING,0,,0,,,,,6,93,110,30,60,0.9997609714326721,0.17320508075688776
2026-08-31T22:15:39.880,125779125,P035,cane_motion,MOTION,,,,497,5330947,111114,109595,112180.72,112546.16,-1066.72,-2951.16,-3041.55,2055.7,False,False,nan,True,0.7121,71.01,94.91,True,0,COLLECTING,0,,0,,,,,6,93,110,30,60,0.999541394840654,0.17320508075688776
2026-08-31T22:15:39.891,125779140,P035,cane_motion,MOTION,,,,498,5330987,111245,109969,112162.01,112494.61,-917.01,-2525.61,-2912.56,2072.83,False,False,nan,True,0.7121,71.01,94.91,True,0,COLLECTING,0,,0,,,,,6,93,110,30,60,0.999541394840654,0.17320508075688776
2026-08-31T22:15:39.901,125779156,P035,cane_motion,MOTION,,,,499,5331027,111469,110551,112148.15,112455.73,-679.15,-1904.73,-2660.6,2084.59,False,False,nan,True,0.7121,71.01,94.91,True,0,COLLECTING,0,,0,,,,,6,93,110,30,60,0.999541394840654,0.17320508075688776
2026-08-31T22:15:39.923,125779171,P035,cane_motion,MOTION,,,,500,5331067,111646,111048,112138.11,112427.58,-492.11,-1379.58,-2340.35,2089.7,False,False,nan,True,0.7121,71.01,94.91,True,0,COLLECTING,0,,0,,,,,6,93,110,30,60,0.999541394840654,0.17320508075688776
2026-08-31T22:15:39.963,125779218,P035,cane_motion,MOTION,,,,501,5331107,111824,111476,112131.83,112408.55,-307.83,-932.55,-1988.4,2087.68,False,False,nan,True,0.7121,71.01,94.91,True,0,COLLECTING,0,,0,,,,,6,93,110,30,60,0.999541394840654,0.17320508075688776
2026-08-31T22:15:40.080,125779328,P035,cane_motion,MOTION,,,,502,5331147,112007,111927,112129.33,112398.91,-122.33,-471.91,-1609.28,2078.11,False,False,nan,True,0.7121,71.01,94.91,True,0,COLLECTING,0,,0,,,,,6,93,110,30,60,0.9997609714326721,0.17320508075688776
2026-08-31T22:15:40.091,125779343,P035,cane_motion,MOTION,,,,503,5331187,112121,112217,112129.16,112395.27,-8.16,-178.27,-1251.53,2061.58,False,False,nan,True,0.7121,71.01,94.91,True,0,COLLECTING,0,,0,,,,,6,93,110,30,60,0.9997609714326721,0.17320508075688776
2026-08-31T22:15:40.099,125779343,P035,cane_motion,MOTION,,,,504,5331227,112223,112472,112131.04,112396.8,91.96,75.2,-919.85,2038.74,False,False,nan,True,0.7121,71.01,94.91,True,0,COLLECTING,0,,0,,,,,6,93,110,30,60,0.9997609714326721,0.17320508075688776
2026-08-31T22:15:40.123,125779375,P035,cane_motion,MOTION,,,,505,5331267,112503,112951,112138.48,112407.89,364.52,543.11,-554.11,2009.05,False,False,nan,True,0.7121,71.01,94.91,True,0,COLLECTING,0,,0,,,,,6,93,110,30,60,0.9997609714326721,0.17320508075688776
2026-08-31T22:15:40.163,125779421,P035,cane_motion,MOTION,,,,506,5331307,112777,113439,112151.25,112428.52,625.75,1010.48,-162.96,1972.13,False,False,nan,True,0.7121,71.01,94.91,True,0,COLLECTING,0,,0,,,,,6,93,110,30,60,0.9997609714326721,0.17320508075688776
2026-08-31T22:15:40.279,125779531,P035,cane_motion,MOTION,,,,507,5331347,112743,113371,112163.09,112447.37,579.91,923.63,108.69,1934.86,False,False,nan,True,0.7121,71.01,94.91,True,0,COLLECTING,0,,0,,,,,5,93,110,30,60,0.9997609714326721,0.17320508075688776
2026-08-31T22:15:40.293,125779546,P035,cane_motion,MOTION,,,,508,5331387,112263,112308,112165.09,112444.58,97.91,-136.58,47.37,1897.11,False,False,nan,True,0.7121,71.01,94.91,True,0,COLLECTING,0,,0,,,,,5,93,110,30,60,0.9997609714326721,0.17320508075688776
2026-08-31T22:15:40.301,125779546,P035,cane_motion,MOTION,,,,509,5331427,111877,111324,112159.33,112422.16,-282.33,-1098.16,-239.01,1863.95,False,False,nan,True,0.7121,71.01,94.91,True,0,COLLECTING,0,,0,,,,,5,93,110,30,60,0.9997609714326721,0.17320508075688776
2026-08-31T22:15:40.324,125779578,P035,cane_motion,MOTION,,,,510,5331467,111705,110916,112150.24,112392.04,-445.24,-1476.04,-548.27,1837.63,False,False,nan,True,0.7121,71.01,94.91,True,0,COLLECTING,0,,0,,,,,5,93,110,30,60,0.9997609714326721,0.17320508075688776
2026-08-31T22:15:40.365,125779609,P035,cane_motion,MOTION,,,,511,5331507,111584,110642,112138.91,112357.04,-554.91,-1715.04,-839.96,1817.68,False,False,nan,True,0.7121,71.01,94.91,True,0,COLLECTING,0,,0,,,,,5,93,110,30,60,0.9997609714326721,0.17320508075688776
2026-08-31T22:15:40.481,125779734,P035,cane_motion,MOTION,,,,512,5331547,111592,110654,112127.98,112322.98,-535.98,-1668.98,-1047.22,1802.27,False,False,nan,True,0.7121,71.01,94.91,True,0,COLLECTING,0,,0,,,,,5,93,110,30,60,0.9997609714326721,0.17320508075688776
2026-08-31T22:15:40.491,125779734,P035,cane_motion,MOTION,,,,513,5331587,111783,111114,112121.08,112298.8,-338.08,-1184.8,-1081.61,1787.86,False,False,nan,True,0.7121,71.01,99.45,True,0,COLLECTING,0,,0,,,,,5,93,110,30,60,0.9997609714326721,0.17320508075688776
2026-08-31T22:15:40.499,125779750,P035,cane_motion,MOTION,,,,514,5331627,111897,111445,112116.59,112281.72,-219.59,-836.72,-1020.39,1772.51,False,False,nan,True,0.7121,71.01,99.45,True,0,COLLECTING,0,,0,,,,,5,93,110,30,60,0.9997609714326721,0.17320508075688776
2026-08-31T22:15:40.525,125779781,P035,cane_motion,MOTION,,,,515,5331667,111963,111687,112113.52,112269.83,-150.52,-582.83,-911.0,1755.28,False,False,nan,True,0.7121,71.01,99.45,True,0,COLLECTING,0,,0,,,,,5,93,110,30,60,0.9997609714326721,0.17320508075688776
2026-08-31T22:15:40.563,125779812,P035,cane_motion,MOTION,,,,516,5331707,112044,112019,112112.13,112264.81,-68.13,-245.81,-744.7,1735.07,False,False,nan,True,0.7121,71.01,99.45,True,0,COLLECTING,0,,0,,,,,5,93,110,30,60,0.9997609714326721,0.17320508075688776
2026-08-31T22:15:40.680,125779937,P035,cane_motion,MOTION,,,,517,5331747,112208,112440,112114.05,112268.31,93.95,171.69,-515.6,1710.68,False,False,nan,True,0.7121,71.01,99.45,True,0,COLLECTING,0,,0,,,,,5,93,110,30,60,0.999541394840654,0.17320508075688776
2026-08-31T22:15:40.691,125779937,P035,cane_motion,MOTION,,,,518,5331787,112392,112871,112119.61,112280.37,272.39,590.63,-239.04,1681.25,False,False,nan,True,0.7121,71.01,99.45,True,0,COLLECTING,0,,0,,,,,5,93,110,30,60,0.999541394840654,0.17320508075688776
2026-08-31T22:15:40.699,125779953,P035,cane_motion,MOTION,,,,519,5331827,112508,113173,112127.38,112298.22,380.62,874.78,39.41,1648.41,False,False,nan,True,0.7121,71.01,99.45,True,0,COLLECTING,0,,0,,,,,5,93,110,30,60,0.999541394840654,0.17320508075688776
2026-08-31T22:15:40.723,125779968,P035,cane_motion,MOTION,,,,520,5331867,112544,113301,112135.71,112318.27,408.29,982.73,275.24,1620.95,False,False,nan,True,0.7121,71.01,99.45,True,0,COLLECTING,0,,0,,,,,5,93,110,30,60,0.999541394840654,0.17320508075688776
2026-08-31T22:15:40.763,125780015,P035,cane_motion,MOTION,,,,521,5331907,112603,113424,112145.05,112340.39,457.95,1083.61,477.33,1598.07,False,False,nan,True,0.7121,71.01,99.45,True,0,COLLECTING,0,,0,,,,,5,93,110,30,60,0.999541394840654,0.17320508075688776
2026-08-31T22:15:40.880,125780125,P035,cane_motion,MOTION,,,,522,5331947,112633,113505,112154.81,112363.68,478.19,1141.32,643.33,1578.98,False,False,nan,True,0.7121,71.01,99.45,True,0,COLLECTING,0,,0,,,,,5,93,110,30,60,0.999541394840654,0.17320508075688776
2026-08-31T22:15:40.893,125780140,P035,cane_motion,MOTION,,,,523,5331987,112632,113503,112164.36,112386.47,467.64,1116.53,761.63,1562.63,False,False,nan,True,0.7121,71.01,99.45,True,0,COLLECTING,0,,0,,,,,5,93,110,30,60,0.999541394840654,0.17320508075688776
2026-08-31T22:15:40.902,125780156,P035,cane_motion,MOTION,,,,524,5332027,112634,113500,112173.75,112408.74,460.25,1091.26,844.04,1548.26,False,False,nan,True,0.7121,71.01,99.45,True,0,COLLECTING,0,,0,,,,,5,93,110,30,60,0.999541394840654,0.17320508075688776
2026-08-31T22:15:40.924,125780171,P035,cane_motion,MOTION,,,,525,5332067,112663,113542,112183.53,112431.41,479.47,1110.59,910.68,1535.51,False,False,nan,True,0.7121,71.01,99.45,True,0,COLLECTING,0,,0,,,,,5,93,110,30,60,0.999541394840654,0.17320508075688776
2026-08-31T22:15:40.963,125780218,P035,cane_motion,MOTION,,,,526,5332107,112580,113397,112191.46,112450.72,388.54,946.28,919.58,1523.19,False,False,nan,True,0.7121,71.01,99.45,True,0,COLLECTING,0,,0,,,,,5,93,110,30,60,0.999541394840654,0.17320508075688776
2026-08-31T22:15:41.079,125780328,P035,cane_motion,MOTION,,,,527,5332147,112300,112761,112193.63,112456.92,106.37,304.08,765.7,1508.04,True,False,nan,True,0.7121,71.01,99.45,True,0,COLLECTING,0,,0,,,,,5,93,110,30,60,0.9997609714326721,0.17320508075688776
2026-08-31T22:15:41.093,125780343,P035,cane_motion,MOTION,,,,528,5332187,111992,112054,112189.6,112448.87,-197.6,-394.87,475.56,1487.39,False,False,nan,True,0.7121,71.01,99.45,True,0,COLLECTING,0,,0,,,,,5,93,110,30,60,0.9997609714326721,0.17320508075688776
2026-08-31T22:15:41.100,125780343,P035,cane_motion,MOTION,,,,529,5332227,111977,112046,112185.35,112440.81,-208.35,-394.81,257.97,1462.8,False,False,nan,True,0.7121,71.01,99.45,True,0,COLLECTING,0,,0,,,,,5,93,110,30,60,0.9997609714326721,0.17320508075688776
2026-08-31T22:15:41.123,125780375,P035,cane_motion,MOTION,,,,530,5332267,112030,112196,112182.24,112435.91,-152.24,-239.91,133.5,1436.22,False,False,nan,True,0.7121,71.01,99.45,True,0,COLLECTING,0,,0,,,,,5,93,110,30,60,0.9997609714326721,0.17320508075688776
2026-08-31T22:15:41.163,125780421,P035,cane_motion,MOTION,,,,531,5332307,112112,112420,112180.84,112435.59,-68.84,-15.59,96.22,1409.42,False,False,nan,True,0.7121,71.01,99.45,True,0,COLLECTING,0,,0,,,,,5,93,110,30,60,0.9997609714326721,0.17320508075688776
2026-08-31T22:15:41.280,125780531,P035,cane_motion,MOTION,,,,532,5332347,112232,112734,112181.86,112441.56,50.14,292.44,145.28,1384.13,False,False,nan,True,0.7121,71.01,99.45,True,0,COLLECTING,0,,0,,,,,5,93,110,30,60,0.999541394840654,0.17320508075688776
2026-08-31T22:15:41.290,125780546,P035,cane_motion,MOTION,,,,533,5332387,112279,112840,112183.8,112449.53,95.2,390.47,206.58,1360.58,False,False,nan,True,0.7121,71.01,99.45,True,0,COLLECTING,0,,0,,,,,5,93,110,30,60,0.999541394840654,0.17320508075688776
2026-08-31T22:15:41.298,125780546,P035,cane_motion,MOTION,,,,534,5332427,112219,112747,112184.51,112455.48,34.49,291.52,227.81,1337.93,False,False,nan,True,0.7121,71.01,99.45,True,0,COLLECTING,0,,0,,,,,5,93,110,30,60,0.999541394840654,0.17320508075688776
2026-08-31T22:15:41.324,125780578,P035,cane_motion,MOTION,,,,535,5332467,112179,112680,112184.4,112459.98,-5.4,220.02,225.86,1315.68,False,False,nan,True,0.7121,71.01,99.45,True,0,COLLECTING,0,,0,,,,,5,93,110,30,60,0.999541394840654,0.17320508075688776
2026-08-31T22:15:41.363,125780609,P035,cane_motion,MOTION,,,,536,5332507,112217,112791,112185.05,112466.59,31.95,324.41,250.5,1294.38,False,False,nan,True,0.7121,71.01,99.45,True,0,COLLECTING,0,,0,,,,,5,93,110,30,60,0.999541394840654,0.17320508075688776
2026-08-31T22:15:41.481,125780734,P035,cane_motion,MOTION,,,,537,5332547,112251,112894,112186.37,112475.14,64.63,418.86,292.59,1274.35,False,False,nan,True,0.7121,71.01,99.45,True,0,COLLECTING,0,,0,,,,,5,93,110,30,60,0.999541394840654,0.17320508075688776
2026-08-31T22:15:41.489,125780734,P035,cane_motion,MOTION,,,,538,5332587,112259,112960,112187.82,112484.84,71.18,475.16,338.23,1255.62,False,False,nan,True,0.7121,71.01,99.45,True,0,COLLECTING,0,,0,,,,,5,93,110,30,60,0.999541394840654,0.17320508075688776
2026-08-31T22:15:41.500,125780750,P035,cane_motion,MOTION,,,,539,5332627,112314,113064,112190.34,112496.42,123.66,567.58,395.57,1238.42,False,False,nan,True,0.7121,71.01,99.45,True,0,COLLECTING,0,,0,,,,,5,93,110,30,60,0.999541394840654,0.17320508075688776
2026-08-31T22:15:41.522,125780765,P035,cane_motion,MOTION,,,,540,5332667,112243,112960,112191.4,112505.7,51.6,454.3,410.25,1221.86,False,False,nan,True,0.7121,71.01,99.45,True,0,COLLECTING,0,,0,,,,,5,93,110,30,60,0.999541394840654,0.17320508075688776
2026-08-31T22:15:41.564,125780812,P035,cane_motion,MOTION,,,,541,5332707,112230,112958,112192.17,112514.74,37.83,443.26,418.5,1205.79,False,False,nan,True,0.7121,71.01,99.45,True,0,COLLECTING,0,,0,,,,,5,93,110,30,60,0.999541394840654,0.17320508075688776
2026-08-31T22:15:41.681,125780937,P035,cane_motion,MOTION,,,,542,5332747,112223,112982,112192.79,112524.09,30.21,457.91,428.36,1190.24,False,False,nan,True,0.7121,71.01,99.45,True,0,COLLECTING,0,,0,,,,,5,93,110,30,60,0.999541394840654,0.17320508075688776
2026-08-31T22:15:41.693,125780937,P035,cane_motion,MOTION,,,,543,5332787,112242,113047,112193.77,112534.55,48.23,512.45,449.38,1175.43,False,False,nan,True,0.7121,71.01,99.45,True,0,COLLECTING,0,,0,,,,,5,93,110,30,60,0.999541394840654,0.17320508075688776
2026-08-31T22:15:41.701,125780953,P035,cane_motion,MOTION,,,,544,5332827,112297,113221,112195.84,112548.27,101.16,672.73,505.22,1162.02,False,False,nan,True,0.7121,71.01,99.45,True,0,COLLECTING,0,,0,,,,,5,93,110,30,60,0.999541394840654,0.17320508075688776
2026-08-31T22:15:41.723,125780968,P035,cane_motion,MOTION,,,,545,5332867,112356,113399,112199.04,112565.29,156.96,833.71,587.34,1150.53,False,False,nan,True,0.7121,71.01,99.45,True,0,COLLECTING,0,,0,,,,,5,93,110,30,60,0.999541394840654,0.17320508075688776
2026-08-31T22:15:41.763,125781015,P035,cane_motion,MOTION,,,,546,5332907,112400,113585,112203.05,112585.68,196.95,999.32,690.34,1141.32,False,False,nan,True,0.7121,71.01,99.45,True,0,COLLECTING,0,,0,,,,,5,93,110,30,60,0.999541394840654,0.17320508075688776
2026-08-31T22:15:41.880,125781125,P035,cane_motion,MOTION,,,,547,5332947,112293,113364,112204.85,112601.24,88.15,762.76,708.44,1132.67,False,False,nan,True,0.7121,71.01,99.45,True,0,COLLECTING,0,,0,,,,,5,93,110,30,60,0.999541394840654,0.17320508075688776
2026-08-31T22:15:41.891,125781140,P035,cane_motion,MOTION,,,,548,5332987,112020,112774,112201.16,112604.7,-181.16,169.3,573.66,1121.49,True,True,840.0,True,0.7209,69.77,99.45,True,0,COLLECTING,0,,0,,,,,5,93,110,30,60,0.999541394840654,0.17320508075688776
2026-08-31T22:15:41.899,125781156,P035,cane_motion,MOTION,,,,549,5333027,111916,112562,112195.45,112603.84,-279.45,-41.84,419.78,1107.45,False,False,nan,True,0.7209,69.77,99.45,True,0,COLLECTING,0,,0,,,,,5,93,110,30,60,0.999541394840654,0.17320508075688776
2026-08-31T22:15:41.924,125781171,P035,cane_motion,MOTION,,,,550,5333067,112026,112842,112192.06,112608.61,-166.06,233.39,373.18,1092.77,False,False,nan,True,0.7209,69.77,99.45,True,0,COLLECTING,0,,0,,,,,5,93,110,30,60,0.999541394840654,0.17320508075688776
2026-08-31T22:15:42.078,125781328,P035,cane_motion,MOTION,,,,551,5333117,112124,113075,112190.7,112617.94,-66.7,457.06,394.15,1078.79,False,False,nan,True,0.7209,69.77,99.45,True,0,COLLECTING,0,,0,,,,,6,93,110,30,60,0.999541394840654,0.17320508075688776
2026-08-31T22:15:42.091,125781343,P035,cane_motion,MOTION,,,,552,5333147,112196,113233,112190.81,112630.24,5.19,602.76,446.3,1066.14,False,False,nan,True,0.7209,69.77,99.45,True,0,COLLECTING,0,,0,,,,,6,93,110,30,60,0.999541394840654,0.17320508075688776
2026-08-31T22:15:42.099,125781343,P035,cane_motion,MOTION,,,,553,5333197,112238,113375,112191.76,112645.14,46.24,729.86,517.19,1055.17,False,False,nan,True,0.7209,69.77,99.45,True,0,COLLECTING,0,,0,,,,,6,93,110,30,60,0.999541394840654,0.17320508075688776
2026-08-31T22:15:42.108,125781359,P035,cane_motion,MOTION,,,,554,5333237,112165,113223,112191.23,112656.7,-26.23,566.3,529.47,1044.65,False,False,nan,True,0.7209,69.77,99.45,True,0,COLLECTING,0,,0,,,,,6,93,110,30,60,0.999541394840654,0.17320508075688776
2026-08-31T22:15:42.133,125781390,P035,cane_motion,MOTION,,,,555,5333277,112126,113227,112189.92,112668.1,-63.92,558.9,536.83,1034.5,False,False,nan,True,0.7209,69.77,99.45,True,0,COLLECTING,0,,0,,,,,6,93,110,30,60,0.999541394840654,0.17320508075688776
2026-08-31T22:15:42.279,125781531,P035,cane_motion,MOTION,,,,556,5333317,112171,113344,112189.55,112681.62,-18.55,662.38,568.22,1025.17,False,False,nan,True,0.7209,69.77,99.45,True,0,COLLECTING,0,,0,,,,,6,93,110,30,60,0.999541394840654,0.17320508075688776
2026-08-31T22:15:42.291,125781546,P035,cane_motion,MOTION,,,,557,5333357,112280,113625,112191.36,112700.48,88.64,924.52,657.29,1017.81,False,False,nan,True,0.7209,69.77,99.45,True,0,COLLECTING,0,,0,,,,,6,93,110,30,60,0.999541394840654,0.17320508075688776
2026-08-31T22:15:42.299,125781546,P035,cane_motion,MOTION,,,,558,5333397,112386,113845,112195.25,112723.38,190.75,1121.62,773.37,1012.92,False,False,nan,True,0.7209,69.77,99.45,True,0,COLLECTING,0,,0,,,,,6,93,110,30,60,0.999541394840654,0.17320508075688776
2026-08-31T22:15:42.309,125781562,P035,cane_motion,MOTION,,,,559,5333437,112539,114177,112202.12,112752.45,336.88,1424.55,936.17,1011.39,False,False,nan,True,0.7209,69.77,99.45,True,0,COLLECTING,0,,0,,,,,6,93,110,30,60,0.999541394840654,0.17320508075688776
2026-08-31T22:15:42.332,125781578,P035,cane_motion,MOTION,,,,560,5333477,112722,114488,112212.52,112787.16,509.48,1700.84,1127.34,1013.71,False,False,nan,True,0.7209,69.77,99.45,True,0,COLLECTING,0,,0,,,,,6,93,110,30,60,0.999541394840654,0.17320508075688776
2026-08-31T22:15:42.481,125781734,P035,cane_motion,MOTION,,,,561,5333517,112921,114885,112226.7,112829.11,694.3,2055.89,1359.48,1020.62,False,False,nan,True,0.7209,69.77,99.45,True,0,COLLECTING,0,,0,,,,,6,93,110,30,60,0.999541394840654,0.17320508075688776
2026-08-31T22:15:42.490,125781734,P035,cane_motion,MOTION,,,,562,5333557,113091,115220,112243.98,112876.93,847.02,2343.07,1605.37,1032.32,False,False,nan,True,0.7209,69.77,99.45,True,0,COLLECTING,0,,0,,,,,6,93,110,30,60,0.999541394840654,0.17320508075688776
2026-08-31T22:15:42.500,125781750,P035,cane_motion,MOTION,,,,563,5333597,113316,115621,112265.42,112931.81,1050.58,2689.19,1876.33,1049.2,False,False,nan,True,0.7209,69.77,99.45,True,0,COLLECTING,0,,0,,,,,6,93,110,30,60,0.999541394840654,0.17320508075688776
2026-08-31T22:15:42.510,125781765,P035,cane_motion,MOTION,,,,564,5333637,113528,116003,112290.67,112993.23,1237.33,3009.77,2159.69,1071.41,False,False,nan,True,0.7209,69.77,99.45,True,0,COLLECTING,0,,0,,,,,6,93,110,30,60,0.999541394840654,0.17320508075688776
2026-08-31T22:15:42.533,125781781,P035,cane_motion,MOTION,,,,565,5333677,113673,116231,112318.32,113057.99,1354.68,3173.01,2413.02,1098.24,False,False,nan,True,0.7209,69.77,99.45,True,0,COLLECTING,0,,0,,,,,6,93,110,30,60,0.999541394840654,0.17320508075688776
2026-08-31T22:15:42.678,125781921,P035,cane_motion,MOTION,,,,566,5333717,113714,116086,112346.23,113118.55,1367.77,2967.45,2551.62,1127.31,False,False,nan,True,0.7209,69.77,99.45,True,0,COLLECTING,0,,0,,,,,6,93,110,30,60,0.9997609714326721,0.17320508075688776
2026-08-31T22:15:42.697,125781953,P035,cane_motion,MOTION,,,,567,5333757,113511,115197,112369.53,113160.12,1141.47,2036.88,2422.94,1153.22,True,True,770.0,True,0.7256,69.26,99.45,True,0,COLLECTING,0,,0,,,,,6,93,110,30,60,0.9997609714326721,0.17320508075688776
2026-08-31T22:15:42.703,125781953,P035,cane_motion,MOTION,,,,568,5333797,113297,114373,112388.08,113184.38,908.92,1188.62,2114.36,1172.44,False,False,nan,True,0.7256,69.26,99.45,True,0,COLLECTING,0,,0,,,,,6,93,110,30,60,0.9997609714326721,0.17320508075688776
2026-08-31T22:15:42.711,125781968,P035,cane_motion,MOTION,,,,569,5333837,113224,114067,112404.8,113202.03,819.2,864.97,1802.01,1185.03,False,False,nan,True,0.7256,69.26,99.45,True,0,COLLECTING,0,,0,,,,,6,93,110,30,60,0.9997609714326721,0.17320508075688776
2026-08-31T22:15:42.733,125781984,P035,cane_motion,MOTION,,,,570,5333877,113250,114019,112421.7,113218.37,828.3,800.63,1551.67,1192.37,False,False,nan,True,0.7256,69.26,99.45,True,0,COLLECTING,0,,0,,,,,6,93,110,30,60,0.9997609714326721,0.17320508075688776
2026-08-31T22:15:42.878,125782125,P035,cane_motion,MOTION,,,,571,5333917,113273,114057,112438.73,113235.14,834.27,821.86,1369.21,1195.9,False,False,nan,True,0.7256,69.26,99.45,True,0,COLLECTING,0,,0,,,,,7,93,110,30,60,0.999541394840654,0.17320508075688776
2026-08-31T22:15:42.890,125782140,P035,cane_motion,MOTION,,,,572,5333957,113264,114022,112455.23,113250.88,808.77,771.12,1219.69,1196.38,False,False,nan,True,0.7256,69.26,99.45,True,0,COLLECTING,0,,0,,,,,7,93,110,30,60,0.999541394840654,0.17320508075688776
2026-08-31T22:15:42.900,125782156,P035,cane_motion,MOTION,,,,573,5333997,113106,113765,112468.25,113261.16,637.75,503.84,1040.73,1193.27,False,False,nan,True,0.7256,69.26,99.45,True,0,COLLECTING,0,,0,,,,,7,93,110,30,60,0.999541394840654,0.17320508075688776
2026-08-31T22:15:42.909,125782156,P035,cane_motion,MOTION,,,,574,5334037,112957,113504,112478.02,113266.02,478.98,237.98,840.04,1186.2,False,False,nan,True,0.7256,69.26,99.45,True,0,COLLECTING,0,,0,,,,,7,93,110,30,60,0.999541394840654,0.17320508075688776
2026-08-31T22:15:42.932,125782187,P035,cane_motion,MOTION,,,,575,5334077,112953,113458,112487.52,113269.85,465.48,188.15,677.07,1176.02,False,False,nan,True,0.7256,69.26,99.45,True,0,COLLECTING,0,,0,,,,,7,93,110,30,60,0.999541394840654,0.17320508075688776
2026-08-31T22:15:43.078,125782328,P035,cane_motion,MOTION,,,,576,5334117,112950,113472,112496.77,113273.89,453.23,198.11,557.33,1163.65,False,False,nan,True,0.7256,69.26,99.45,True,0,COLLECTING,0,,0,,,,,7,93,110,30,60,0.999541394840654,0.17320508075688776
2026-08-31T22:15:43.091,125782343,P035,cane_motion,MOTION,,,,577,5334157,112977,113422,112506.38,113276.85,470.62,145.15,454.28,1149.46,False,False,nan,True,0.7256,69.26,99.45,True,0,COLLECTING,0,,0,,,,,7,93,110,30,60,0.999541394840654,0.17320508075688776
2026-08-31T22:15:43.099,125782343,P035,cane_motion,MOTION,,,,578,5334197,113029,113443,112516.83,113280.17,512.17,162.83,381.42,1134.1,False,False,nan,True,0.7256,69.26,99.45,True,0,COLLECTING,0,,0,,,,,7,93,110,30,60,0.999541394840654,0.17320508075688776
2026-08-31T22:15:43.108,125782359,P035,cane_motion,MOTION,,,,579,5334237,113101,113377,112528.51,113282.11,572.49,94.89,309.79,1117.61,False,False,nan,True,0.7256,69.26,99.45,True,0,COLLECTING,0,,0,,,,,7,93,110,30,60,0.999541394840654,0.17320508075688776
2026-08-31T22:15:43.136,125782390,P035,cane_motion,MOTION,,,,580,5334277,113203,113383,112542.0,113284.12,661.0,98.88,257.06,1100.4,False,False,nan,True,0.7256,69.26,99.45,True,0,COLLECTING,0,,0,,,,,7,93,110,30,60,0.999541394840654,0.17320508075688776
2026-08-31T22:15:43.277,125782531,P035,cane_motion,MOTION,,,,581,5334317,113224,113234,112555.64,113283.12,668.36,-49.12,180.51,1082.0,False,False,nan,True,0.7256,69.26,99.45,True,0,COLLECTING,0,,0,,,,,7,93,110,30,60,0.999541394840654,0.17320508075688776
2026-08-31T22:15:43.290,125782546,P035,cane_motion,MOTION,,,,582,5334357,113207,113129,112568.66,113280.04,638.34,-151.04,97.63,1062.32,False,False,nan,True,0.7256,69.26,99.45,True,0,COLLECTING,0,,0,,,,,7,93,110,30,60,0.999541394840654,0.17320508075688776
2026-08-31T22:15:43.297,125782546,P035,cane_motion,MOTION,,,,583,5334397,113229,113151,112581.87,113277.46,647.13,-126.46,41.6,1041.9,False,False,nan,True,0.7256,69.26,99.45,True,0,COLLECTING,0,,0,,,,,7,93,110,30,60,0.999541394840654,0.17320508075688776
2026-08-31T22:15:43.309,125782562,P035,cane_motion,MOTION,,,,584,5334437,113223,113120,112594.69,113274.31,628.31,-154.31,-7.38,1021.21,False,False,nan,True,0.7256,69.26,99.45,True,0,COLLECTING,0,,0,,,,,7,93,110,30,60,0.999541394840654,0.17320508075688776
2026-08-31T22:15:43.332,125782578,P035,cane_motion,MOTION,,,,585,5334477,112986,112565,112602.52,113260.12,383.48,-695.12,-179.31,1004.37,False,False,nan,True,0.7256,69.26,99.45,True,0,COLLECTING,0,,0,,,,,7,93,110,30,60,0.999541394840654,0.17320508075688776
2026-08-31T22:15:43.478,125782734,P035,cane_motion,MOTION,,,,586,5334517,112626,111802,112602.98,113230.96,23.02,-1428.96,-491.72,994.12,False,False,nan,True,0.7256,69.26,99.45,True,0,COLLECTING,0,,0,,,,,7,93,110,30,60,0.999541394840654,0.17320508075688776
2026-08-31T22:15:43.491,125782734,P035,cane_motion,MOTION,,,,587,5334557,112453,111551,112599.98,113197.36,-146.98,-1646.36,-780.38,989.85,False,False,nan,True,0.7256,69.26,99.45,True,0,COLLECTING,0,,0,,,,,7,93,110,30,60,0.999541394840654,0.17320508075688776
2026-08-31T22:15:43.501,125782750,P035,cane_motion,MOTION,,,,588,5334597,112442,111490,112596.83,113163.21,-154.83,-1673.21,-1003.59,990.12,False,False,nan,True,0.7256,69.26,99.45,True,0,COLLECTING,0,,0,,,,,7,93,110,30,60,0.999541394840654,0.17320508075688776
2026-08-31T22:15:43.510,125782765,P035,cane_motion,MOTION,,,,589,5334637,112424,111527,112593.38,113130.48,-169.38,-1603.48,-1153.56,993.39,False,False,nan,True,0.7256,69.26,99.45,True,0,COLLECTING,0,,0,,,,,7,93,110,30,60,0.999541394840654,0.17320508075688776
2026-08-31T22:15:43.533,125782781,P035,cane_motion,MOTION,,,,590,5334677,112330,111349,112588.11,113094.85,-258.11,-1745.85,-1301.64,999.55,False,False,nan,True,0.7256,69.26,99.45,True,0,COLLECTING,0,,0,,,,,7,93,110,30,60,0.999541394840654,0.17320508075688776
2026-08-31T22:15:43.678,125782921,P035,cane_motion,MOTION,,,,591,5334717,112153,111165,112579.41,113056.26,-426.41,-1891.26,-1449.04,1008.54,False,False,nan,True,0.7256,69.26,99.45,True,0,COLLECTING,0,,0,,,,,7,93,110,30,60,0.999541394840654,0.17320508075688776
2026-08-31T22:15:43.692,125782937,P035,cane_motion,MOTION,,,,592,5334757,111862,110648,112565.05,113008.09,-703.05,-2360.09,-1676.8,1021.91,False,False,nan,True,0.7256,69.26,99.45,True,0,COLLECTING,0,,0,,,,,7,93,110,30,60,0.999541394840654,0.17320508075688776
2026-08-31T22:15:43.701,125782953,P035,cane_motion,MOTION,,,,593,5334797,111618,110111,112546.12,112950.15,-928.12,-2839.15,-1967.39,1040.82,False,False,nan,True,0.7256,69.26,99.45,True,0,COLLECTING,0,,0,,,,,7,93,110,30,60,0.999541394840654,0.17320508075688776
2026-08-31T22:15:43.710,125782968,P035,cane_motion,MOTION,,,,594,5334837,111442,109792,112524.03,112886.98,-1082.03,-3094.98,-2249.29,1064.99,False,False,nan,True,0.7256,69.26,99.45,True,0,COLLECTING,0,,0,,,,,7,93,110,30,60,0.999541394840654,0.17320508075688776
2026-08-31T22:15:43.733,125782984,P035,cane_motion,MOTION,,,,595,5334877,111216,109259,112497.87,112814.42,-1281.87,-3555.42,-2575.82,1095.2,False,False,nan,True,0.7256,69.26,99.45,True,0,COLLECTING,0,,0,,,,,7,93,110,30,60,0.999541394840654,0.17320508075688776
2026-08-31T22:15:43.878,125783125,P035,cane_motion,MOTION,,,,596,5334917,110924,108706,112466.39,112732.25,-1542.39,-4026.25,-2938.43,1132.07,False,False,nan,True,0.7256,69.26,99.45,True,0,COLLECTING,0,,0,,,,,6,93,110,30,60,0.999541394840654,0.17320508075688776
2026-08-31T22:15:43.891,125783140,P035,cane_motion,MOTION,,,,597,5334957,110781,108400,112432.68,112645.6,-1651.68,-4245.6,-3265.22,1174.73,False,False,nan,True,0.7256,69.26,99.45,True,0,COLLECTING,0,,0,,,,,6,93,110,30,60,0.999541394840654,0.17320508075688776
2026-08-31T22:15:43.900,125783156,P035,cane_motion,MOTION,,,,598,5334997,110676,108296,112397.55,112558.61,-1721.55,-4262.61,-3514.57,1221.53,False,False,nan,True,0.7256,69.26,99.45,True,0,COLLECTING,0,,0,,,,,6,93,110,30,60,0.999541394840654,0.17320508075688776
2026-08-31T22:15:43.911,125783156,P035,cane_motion,MOTION,,,,599,5335037,110690,108374,112363.4,112474.91,-1673.4,-4100.91,-3661.16,1270.32,False,False,nan,True,0.7256,69.26,99.45,True,0,COLLECTING,0,,0,,,,,6,93,110,30,60,0.999541394840654,0.17320508075688776
2026-08-31T22:15:43.933,125783187,P035,cane_motion,MOTION,,,,600,5335077,110749,108596,112331.11,112397.34,-1582.11,-3801.34,-3696.2,1318.84,False,False,nan,True,0.7256,69.26,99.45,True,0,COLLECTING,0,,0,,,,,6,93,110,30,60,0.999541394840654,0.17320508075688776
2026-08-31T22:15:44.078,125783328,P035,cane_motion,MOTION,,,,601,5335117,110760,108609,112299.69,112321.57,-1539.69,-3712.57,-3700.29,1366.47,False,False,nan,True,0.7256,69.26,99.45,True,0,COLLECTING,0,,0,,,,,6,93,110,30,60,0.999541394840654,0.17320508075688776
2026-08-31T22:15:44.091,125783343,P035,cane_motion,MOTION,,,,602,5335157,110846,108760,112270.62,112250.34,-1424.62,-3490.34,-3647.8,1412.09,False,False,nan,True,0.7256,69.26,99.45,True,0,COLLECTING,0,,0,,,,,6,93,110,30,60,0.999541394840654,0.17320508075688776
2026-08-31T22:15:44.100,125783343,P035,cane_motion,MOTION,,,,603,5335197,110994,109049,112245.09,112186.31,-1251.09,-3137.31,-3520.18,1454.26,False,False,nan,True,0.7256,69.26,99.45,True,0,COLLECTING,0,,0,,,,,6,93,110,30,60,0.999541394840654,0.17320508075688776
2026-08-31T22:15:44.111,125783359,P035,cane_motion,MOTION,,,,604,5335237,110746,108604,112215.1,112114.66,-1469.1,-3510.66,-3517.8,1495.53,False,False,nan,True,0.7256,69.26,99.45,True,0,COLLECTING,0,,0,,,,,6,93,110,30,60,0.999541394840654,0.17320508075688776
2026-08-31T22:15:44.133,125783390,P035,cane_motion,MOTION,,,,605,5335277,110314,107752,112177.08,112027.41,-1863.08,-4275.41,-3707.2,1539.76,False,False,nan,True,0.7256,69.26,99.45,True,0,COLLECTING,0,,0,,,,,6,93,110,30,60,0.999541394840654,0.17320508075688776
2026-08-31T22:15:44.278,125783531,P035,cane_motion,MOTION,,,,606,5335317,110253,107743,112138.59,111941.73,-1885.59,-4198.73,-3830.09,1585.57,False,False,nan,True,0.7256,69.26,99.45,True,0,COLLECTING,0,,0,,,,,6,93,110,30,60,0.999541394840654,0.17320508075688776
2026-08-31T22:15:44.293,125783546,P035,cane_motion,MOTION,,,,607,5335357,110523,108357,112106.28,111870.03,-1583.28,-3513.03,-3750.82,1628.87,False,False,nan,True,0.7256,69.26,99.45,True,0,COLLECTING,0,,0,,,,,6,93,110,30,60,0.999541394840654,0.17320508075688776
2026-08-31T22:15:44.306,125783562,P035,cane_motion,MOTION,,,,608,5335397,110674,108875,112077.63,111810.13,-1403.63,-2935.13,-3546.9,1667.23,False,False,nan,True,0.7256,69.26,99.45,True,0,COLLECTING,0,,0,,,,,6,93,110,30,60,0.999541394840654,0.17320508075688776
2026-08-31T22:15:44.315,125783562,P035,cane_motion,MOTION,,,,609,5335437,110857,109322,112053.22,111760.37,-1196.22,-2438.37,-3269.77,1699.28,False,False,nan,True,0.7256,69.26,99.45,True,0,COLLECTING,0,,0,,,,,6,93,110,30,60,0.999541394840654,0.17320508075688776
2026-08-31T22:15:44.333,125783578,P035,cane_motion,MOTION,,,,610,5335477,110876,109627,112029.67,111717.7,-1153.67,-2090.7,-2975.0,1724.8,False,False,nan,True,0.7256,69.26,99.45,True,0,COLLECTING,0,,0,,,,,6,93,110,30,60,0.999541394840654,0.17320508075688776
2026-08-31T22:15:44.479,125783734,P035,cane_motion,MOTION,,,,611,5335517,110865,109666,112006.38,111676.67,-1141.38,-2010.67,-2733.92,1744.98,False,False,nan,True,0.7256,69.26,99.45,True,0,COLLECTING,0,,0,,,,,6,93,110,30,60,0.999541394840654,0.17320508075688776
2026-08-31T22:15:44.489,125783734,P035,cane_motion,MOTION,,,,612,5335557,110888,109860,111984.01,111640.34,-1096.01,-1780.34,-2495.52,1759.99,False,False,nan,True,0.7256,69.26,99.45,True,0,COLLECTING,0,,0,,,,,6,93,110,30,60,0.999541394840654,0.17320508075688776
2026-08-31T22:15:44.500,125783750,P035,cane_motion,MOTION,,,,613,5335597,110992,110128,111964.16,111610.09,-972.16,-1482.09,-2242.16,1769.63,False,False,nan,True,0.7256,69.26,99.84,True,0,COLLECTING,0,,0,,,,,6,93,110,30,60,0.999541394840654,0.17320508075688776
2026-08-31T22:15:44.511,125783765,P035,cane_motion,MOTION,,,,614,5335637,111086,110433,111946.6,111586.55,-860.6,-1153.55,-1970.01,1773.64,False,False,nan,True,0.7256,69.26,99.84,True,0,COLLECTING,0,,0,,,,,6,93,110,30,60,0.999541394840654,0.17320508075688776
2026-08-31T22:15:44.533,125783781,P035,cane_motion,MOTION,,,,615,5335677,111213,110744,111931.93,111569.7,-718.93,-825.7,-1683.93,1771.85,False,False,nan,True,0.7256,69.26,99.84,True,0,COLLECTING,0,,0,,,,,6,93,110,30,60,0.999541394840654,0.17320508075688776
2026-08-31T22:15:44.678,125783921,P035,cane_motion,MOTION,,,,616,5335717,111383,111210,111920.95,111562.5,-537.95,-352.5,-1351.07,1763.43,False,False,nan,True,0.7256,69.26,99.84,True,0,COLLECTING,0,,0,,,,,6,93,110,30,60,0.999541394840654,0.17320508075688776
2026-08-31T22:15:44.690,125783937,P035,cane_motion,MOTION,,,,617,5335757,111560,111727,111913.73,111565.79,-353.73,161.21,-973.0,1747.62,False,False,nan,True,0.7256,69.26,99.84,True,0,COLLECTING,0,,0,,,,,6,93,110,30,60,0.999541394840654,0.17320508075688776
2026-08-31T22:15:44.700,125783953,P035,cane_motion,MOTION,,,,618,5335797,111725,112097,111909.96,111576.41,-184.96,520.59,-599.61,1724.66,False,False,nan,True,0.7256,69.26,99.84,True,0,COLLECTING,0,,0,,,,,6,93,110,30,60,0.999541394840654,0.17320508075688776
2026-08-31T22:15:44.710,125783953,P035,cane_motion,MOTION,,,,619,5335837,111784,112238,111907.45,111589.65,-123.45,648.35,-287.62,1695.92,False,False,nan,True,0.7256,69.26,99.84,True,0,COLLECTING,0,,0,,,,,6,93,110,30,60,0.999541394840654,0.17320508075688776
2026-08-31T22:15:44.732,125783984,P035,cane_motion,MOTION,,,,620,5335877,111854,112375,111906.38,111605.35,-52.38,769.65,-23.3,1662.47,False,False,nan,True,0.7256,69.26,99.84,True,0,COLLECTING,0,,0,,,,,6,93,110,30,60,0.999541394840654,0.17320508075688776
2026-08-31T22:15:44.878,125784125,P035,cane_motion,MOTION,,,,621,5335917,111960,112635,111907.45,111625.95,52.55,1009.05,234.79,1633.92,False,False,nan,True,0.7256,69.26,99.84,True,0,COLLECTING,0,,0,,,,,5,93,110,30,60,0.999541394840654,0.17320508075688776
2026-08-31T22:15:44.891,125784140,P035,cane_motion,MOTION,,,,622,5335957,112029,112835,111909.88,111650.12,119.12,1184.88,472.31,1610.68,False,False,nan,True,0.7256,69.26,99.84,True,0,COLLECTING,0,,0,,,,,5,93,110,30,60,0.999541394840654,0.17320508075688776
2026-08-31T22:15:44.900,125784156,P035,cane_motion,MOTION,,,,623,5335997,112024,112841,111912.16,111673.95,111.84,1167.05,646.0,1591.39,False,False,nan,True,0.7256,69.26,99.84,True,0,COLLECTING,0,,0,,,,,5,93,110,30,60,0.999541394840654,0.17320508075688776
2026-08-31T22:15:44.909,125784156,P035,cane_motion,MOTION,,,,624,5336037,111763,112306,111909.17,111686.59,-146.17,619.41,639.35,1572.35,True,False,nan,True,0.7256,69.26,99.84,True,0,COLLECTING,0,,0,,,,,5,93,110,30,60,0.999541394840654,0.17320508075688776
2026-08-31T22:15:44.933,125784187,P035,cane_motion,MOTION,,,,625,5336077,111606,111927,111903.11,111691.39,-297.11,235.61,538.42,1551.67,False,False,nan,True,0.7256,69.26,99.84,True,0,COLLECTING,0,,0,,,,,5,93,110,30,60,0.999541394840654,0.17320508075688776
2026-08-31T22:15:45.078,125784328,P035,cane_motion,MOTION,,,,626,5336117,111672,112109,111898.48,111699.74,-226.48,409.26,506.13,1530.76,False,False,nan,True,0.7256,69.26,99.84,True,0,COLLECTING,0,,0,,,,,5,93,110,30,60,0.999541394840654,0.17320508075688776
2026-08-31T22:15:45.090,125784343,P035,cane_motion,MOTION,,,,627,5336157,111828,112415,111897.08,111714.05,-69.08,700.95,554.83,1511.24,False,False,nan,True,0.7256,69.26,99.84,True,0,COLLECTING,0,,0,,,,,5,93,110,30,60,0.999541394840654,0.17320508075688776
2026-08-31T22:15:45.099,125784343,P035,cane_motion,MOTION,,,,628,5336197,111900,112555,111897.13,111730.87,2.87,824.13,622.16,1493.46,False,False,nan,True,0.7256,69.26,99.84,True,0,COLLECTING,0,,0,,,,,5,93,110,30,60,0.999541394840654,0.17320508075688776
2026-08-31T22:15:45.109,125784359,P035,cane_motion,MOTION,,,,629,5336237,111928,112624,111897.75,111748.73,30.25,875.27,685.44,1477.3,False,False,nan,True,0.7256,69.26,99.84,True,0,COLLECTING,0,,0,,,,,5,93,110,30,60,0.999541394840654,0.17320508075688776
2026-08-31T22:15:45.133,125784390,P035,cane_motion,MOTION,,,,630,5336277,111882,112555,111897.44,111764.85,-15.44,790.15,711.61,1461.99,False,False,nan,True,0.7256,69.26,99.84,True,0,COLLECTING,0,,0,,,,,5,93,110,30,60,0.999541394840654,0.17320508075688776
2026-08-31T22:15:45.278,125784531,P035,cane_motion,MOTION,,,,631,5336317,111873,112541,111896.95,111780.38,-23.95,760.62,723.87,1447.22,False,False,nan,True,0.7256,69.26,99.84,True,0,COLLECTING,0,,0,,,,,5,93,110,30,60,0.999541394840654,0.17320508075688776
2026-08-31T22:15:45.292,125784546,P035,cane_motion,MOTION,,,,632,5336357,111922,112666,111897.45,111798.09,24.55,867.91,759.88,1433.48,False,False,nan,True,0.7256,69.26,99.84,True,0,COLLECTING,0,,0,,,,,5,93,110,30,60,0.999541394840654,0.17320508075688776
2026-08-31T22:15:45.299,125784546,P035,cane_motion,MOTION,,,,633,5336397,112003,112882,111899.55,111819.77,103.45,1062.23,835.47,1421.52,False,False,nan,True,0.7256,69.26,99.84,True,0,COLLECTING,0,,0,,,,,5,93,110,30,60,0.999541394840654,0.17320508075688776
2026-08-31T22:15:45.309,125784562,P035,cane_motion,MOTION,,,,634,5336437,112104,113123,111903.64,111845.83,200.36,1277.17,945.89,1412.0,False,False,nan,True,0.7256,69.26,99.84,True,0,COLLECTING,0,,0,,,,,5,93,110,30,60,0.999541394840654,0.17320508075688776
2026-08-31T22:15:45.333,125784578,P035,cane_motion,MOTION,,,,635,5336477,112190,113295,111909.37,111874.81,280.63,1420.19,1064.47,1405.05,False,False,nan,True,0.7256,69.26,99.84,True,0,COLLECTING,0,,0,,,,,5,93,110,30,60,0.999541394840654,0.17320508075688776
2026-08-31T22:15:45.478,125784734,P035,cane_motion,MOTION,,,,636,5336517,112234,113381,111915.86,111904.94,318.14,1476.06,1167.37,1400.3,False,False,nan,True,0.7256,69.26,99.84,True,0,COLLECTING,0,,0,,,,,5,93,110,30,60,0.999541394840654,0.17320508075688776
2026-08-31T22:15:45.490,125784734,P035,cane_motion,MOTION,,,,637,5336557,112239,113349,111922.32,111933.82,316.68,1415.18,1229.32,1396.88,False,False,nan,True,0.7256,69.26,99.84,True,0,COLLECTING,0,,0,,,,,5,93,110,30,60,0.999541394840654,0.17320508075688776
2026-08-31T22:15:45.500,125784750,P035,cane_motion,MOTION,,,,638,5336597,112268,113224,111929.23,111959.62,338.77,1264.38,1238.08,1393.7,False,False,nan,True,0.7256,69.26,99.84,True,0,COLLECTING,0,,0,,,,,5,93,110,30,60,0.999541394840654,0.17320508075688776
2026-08-31T22:15:45.508,125784765,P035,cane_motion,MOTION,,,,639,5336637,112367,113124,111937.99,111982.91,429.01,1141.09,1213.83,1390.11,True,True,600.0,True,0.7483,77.29,99.84,True,0,COLLECTING,0,,0,,,,,5,93,110,30,60,0.999541394840654,0.17320508075688776
2026-08-31T22:15:45.533,125784781,P035,cane_motion,MOTION,,,,640,5336677,112339,112790,111946.02,111999.05,392.98,790.95,1108.11,1384.47,False,False,nan,True,0.7483,77.29,99.84,True,0,COLLECTING,0,,0,,,,,5,93,110,30,60,0.999541394840654,0.17320508075688776
2026-08-31T22:15:45.678,125784921,P035,cane_motion,MOTION,,,,641,5336717,112363,112610,111954.35,112011.27,408.65,598.73,980.77,1376.39,False,False,nan,True,0.7483,77.29,99.84,True,0,COLLECTING,0,,0,,,,,6,93,110,30,60,0.999541394840654,0.17320508075688776
2026-08-31T22:15:45.699,125784953,P035,cane_motion,MOTION,,,,642,5336757,112696,112991,111969.19,112030.87,726.81,960.13,975.61,1368.38,False,False,nan,True,0.7483,77.29,99.84,True,0,COLLECTING,0,,0,,,,,6,93,110,30,60,0.999541394840654,0.17320508075688776
2026-08-31T22:15:45.709,125784953,P035,cane_motion,MOTION,,,,643,5336797,112421,111944,111978.23,112029.13,442.77,-85.13,710.42,1355.22,False,False,nan,True,0.7483,77.29,99.84,True,0,COLLECTING,0,,0,,,,,6,93,110,30,60,0.999541394840654,0.17320508075688776
2026-08-31T22:15:45.711,125784968,P035,cane_motion,MOTION,,,,644,5336837,111769,110164,111974.04,111991.83,-205.04,-1827.83,75.86,1329.63,False,False,nan,True,0.7483,77.29,99.84,True,0,COLLECTING,0,,0,,,,,6,93,110,30,60,0.999541394840654,0.17320508075688776
2026-08-31T22:15:45.733,125784984,P035,cane_motion,MOTION,,,,645,5336877,111392,108989,111962.4,111931.77,-570.4,-2942.77,-678.8,1316.61,False,False,nan,True,0.7483,77.29,99.84,True,0,COLLECTING,0,,0,,,,,6,93,110,30,60,0.999541394840654,0.17320508075688776
2026-08-31T22:15:45.879,125785125,P035,cane_motion,MOTION,,,,646,5336917,111313,108599,111949.41,111865.12,-636.41,-3266.12,-1325.63,1316.79,False,False,nan,True,0.7483,77.29,99.84,True,0,COLLECTING,0,,0,,,,,6,93,110,30,60,0.9997609714326721,0.17320508075688776
2026-08-31T22:15:45.889,125785140,P035,cane_motion,MOTION,,,,647,5336957,111437,108819,111939.16,111804.2,-502.16,-2985.2,-1740.52,1325.27,False,False,nan,True,0.7483,77.29,99.84,True,0,COLLECTING,0,,0,,,,,6,93,110,30,60,0.9997609714326721,0.17320508075688776
2026-08-31T22:15:45.902,125785156,P035,cane_motion,MOTION,,,,648,5336997,111638,109352,111933.14,111755.15,-295.14,-2403.15,-1906.18,1336.89,False,False,nan,True,0.7483,77.29,99.84,True,0,COLLECTING,0,,0,,,,,6,93,110,30,60,0.9997609714326721,0.17320508075688776
2026-08-31T22:15:45.910,125785156,P035,cane_motion,MOTION,,,,649,5337037,111546,109260,111925.4,111705.24,-379.4,-2445.24,-2040.94,1350.97,False,False,nan,True,0.7483,77.29,99.84,True,0,COLLECTING,0,,0,,,,,6,93,110,30,60,0.9997609714326721,0.17320508075688776
2026-08-31T22:15:45.933,125785187,P035,cane_motion,MOTION,,,,650,5337077,111387,109032,111914.63,111651.78,-527.63,-2619.78,-2185.65,1367.66,False,False,nan,True,0.7483,77.29,99.84,True,0,COLLECTING,0,,0,,,,,6,93,110,30,60,0.9997609714326721,0.17320508075688776
2026-08-31T22:15:46.080,125785328,P035,cane_motion,MOTION,,,,651,5337117,111258,108879,111901.5,111596.33,-643.5,-2717.33,-2318.57,1386.68,False,False,nan,True,0.7483,77.29,99.84,True,0,COLLECTING,0,,0,,,,,5,93,110,30,60,0.999541394840654,0.17320508075688776
2026-08-31T22:15:46.089,125785343,P035,cane_motion,MOTION,,,,652,5337157,111161,108726,111886.69,111538.92,-725.69,-2812.92,-2442.16,1407.79,False,False,nan,True,0.7483,77.29,99.84,True,0,COLLECTING,0,,0,,,,,5,93,110,30,60,0.999541394840654,0.17320508075688776
2026-08-31T22:15:46.100,125785343,P035,cane_motion,MOTION,,,,653,5337197,111107,108623,111871.09,111480.6,-764.09,-2857.6,-2546.02,1430.55,False,False,nan,True,0.7483,77.29,99.84,True,0,COLLECTING,0,,0,,,,,5,93,110,30,60,0.999541394840654,0.17320508075688776
2026-08-31T22:15:46.110,125785359,P035,cane_motion,MOTION,,,,654,5337237,110991,108267,111853.49,111416.33,-862.49,-3149.33,-2696.85,1455.88,False,False,nan,True,0.7483,77.29,99.84,True,0,COLLECTING,0,,0,,,,,5,93,110,30,60,0.999541394840654,0.17320508075688776
2026-08-31T22:15:46.133,125785390,P035,cane_motion,MOTION,,,,655,5337277,110579,107195,111828.0,111331.9,-1249.0,-4136.9,-3056.86,1487.9,False,False,nan,True,0.7483,77.29,99.84,True,0,COLLECTING,0,,0,,,,,5,93,110,30,60,0.999541394840654,0.17320508075688776
2026-08-31T22:15:46.278,125785531,P035,cane_motion,MOTION,,,,656,5337317,110226,106357,111795.96,111232.4,-1569.96,-4875.4,-3511.49,1528.37,False,False,nan,True,0.7483,77.29,99.84,True,0,COLLECTING,0,,0,,,,,5,93,110,30,60,0.999541394840654,0.17320508075688776
2026-08-31T22:15:46.290,125785546,P035,cane_motion,MOTION,,,,657,5337357,110281,106396,111765.66,111135.67,-1484.66,-4739.67,-3818.54,1574.18,False,False,nan,True,0.7483,77.29,99.84,True,0,COLLECTING,0,,0,,,,,5,93,110,30,60,0.999541394840654,0.17320508075688776
2026-08-31T22:15:46.300,125785546,P035,cane_motion,MOTION,,,,658,5337397,110302,106415,111736.39,111041.26,-1434.39,-4626.26,-4020.47,1623.1,False,False,nan,True,0.7483,77.29,99.84,True,0,COLLECTING,0,,0,,,,,5,93,110,30,60,0.999541394840654,0.17320508075688776
2026-08-31T22:15:46.311,125785562,P035,cane_motion,MOTION,,,,659,5337437,110185,106145,111705.36,110943.34,-1520.36,-4798.34,-4214.94,1674.94,False,False,nan,True,0.7483,77.29,99.84,True,0,COLLECTING,0,,0,,,,,5,93,110,30,60,0.999541394840654,0.17320508075688776
2026-08-31T22:15:46.333,125785578,P035,cane_motion,MOTION,,,,660,5337477,110039,105826,111672.03,110840.99,-1633.03,-5014.99,-4414.95,1729.74,False,False,nan,True,0.7483,77.29,99.84,True,0,COLLECTING,0,,0,,,,,5,93,110,30,60,0.999541394840654,0.17320508075688776
2026-08-31T22:15:46.478,125785734,P035,cane_motion,MOTION,,,,661,5337517,109923,105533,111637.05,110734.84,-1714.05,-5201.84,-4611.67,1787.38,False,False,nan,True,0.7483,77.29,99.84,True,0,COLLECTING,0,,0,,,,,5,93,110,30,60,0.999541394840654,0.17320508075688776
2026-08-31T22:15:46.491,125785734,P035,cane_motion,MOTION,,,,662,5337557,109851,105338,111601.33,110626.9,-1750.33,-5288.9,-4780.98,1847.25,False,False,nan,True,0.7483,77.29,99.84,True,0,COLLECTING,0,,0,,,,,5,93,110,30,60,0.999541394840654,0.17320508075688776
2026-08-31T22:15:46.501,125785750,P035,cane_motion,MOTION,,,,663,5337597,109968,105596,111568.66,110526.28,-1600.66,-4930.28,-4818.3,1906.67,False,False,nan,True,0.7483,77.29,99.84,True,0,COLLECTING,0,,0,,,,,5,93,110,30,60,0.999541394840654,0.17320508075688776
2026-08-31T22:15:46.511,125785765,P035,cane_motion,MOTION,,,,664,5337637,110189,106077,111541.07,110437.3,-1352.07,-4360.3,-4703.8,1962.61,False,False,nan,True,0.7483,77.29,99.84,True,0,COLLECTING,0,,0,,,,,5,93,110,30,60,0.999541394840654,0.17320508075688776
2026-08-31T22:15:46.533,125785781,P035,cane_motion,MOTION,,,,665,5337677,110327,106451,111516.79,110357.57,-1189.79,-3906.57,-4504.49,2013.45,False,False,nan,True,0.7483,77.29,99.84,True,0,COLLECTING,0,,0,,,,,5,93,110,30,60,0.999541394840654,0.17320508075688776
2026-08-31T22:15:46.678,125785921,P035,cane_motion,MOTION,,,,666,5337717,110433,106739,111495.12,110285.2,-1062.12,-3546.2,-4264.92,2058.48,False,False,nan,True,0.7483,77.29,99.84,True,0,COLLECTING,0,,0,,,,,4,93,110,30,60,0.999541394840654,0.17320508075688776
2026-08-31T22:15:46.690,125785937,P035,cane_motion,MOTION,,,,667,5337757,110449,106768,111474.2,110214.85,-1025.2,-3446.85,-4060.4,2098.52,False,False,nan,True,0.7483,77.29,99.84,True,0,COLLECTING,0,,0,,,,,4,93,110,30,60,0.999541394840654,0.17320508075688776
2026-08-31T22:15:46.701,125785953,P035,cane_motion,MOTION,,,,668,5337797,110387,106622,111452.45,110142.99,-1065.45,-3520.99,-3925.55,2135.06,False,False,nan,True,0.7483,77.29,99.84,True,0,COLLECTING,0,,0,,,,,4,93,110,30,60,0.999541394840654,0.17320508075688776
2026-08-31T22:15:46.711,125785968,P035,cane_motion,MOTION,,,,669,5337837,110308,106398,111429.56,110068.09,-1121.56,-3670.09,-3861.69,2169.59,False,False,nan,True,0.7483,77.29,99.84,True,0,COLLECTING,0,,0,,,,,4,93,110,30,60,0.999541394840654,0.17320508075688776
2026-08-31T22:15:46.733,125785984,P035,cane_motion,MOTION,,,,670,5337877,110304,106352,111407.05,109993.77,-1103.05,-3641.77,-3806.71,2202.33,False,False,nan,True,0.7483,77.29,99.84,True,0,COLLECTING,0,,0,,,,,4,93,110,30,60,0.999541394840654,0.17320508075688776
2026-08-31T22:15:46.877,125786125,P035,cane_motion,MOTION,,,,671,5337917,110500,106751,111388.91,109928.92,-888.91,-3177.92,-3649.51,2231.28,False,False,nan,True,0.7483,77.29,99.84,True,0,COLLECTING,0,,0,,,,,4,93,110,30,60,0.999541394840654,0.17320508075688776
2026-08-31T22:15:46.891,125786140,P035,cane_motion,MOTION,,,,672,5337957,110819,107448,111377.52,109879.3,-558.52,-2431.3,-3344.96,2253.55,False,False,nan,True,0.7483,77.29,99.84,True,0,COLLECTING,0,,0,,,,,4,93,110,30,60,0.999541394840654,0.17320508075688776
2026-08-31T22:15:46.902,125786156,P035,cane_motion,MOTION,,,,673,5337997,111079,108057,111371.55,109842.86,-292.55,-1785.86,-2955.18,2267.58,False,False,nan,True,0.7483,77.29,99.84,True,0,COLLECTING,0,,0,,,,,4,93,110,30,60,0.999541394840654,0.17320508075688776
2026-08-31T22:15:46.911,125786156,P035,cane_motion,MOTION,,,,674,5338037,111360,108719,111371.31,109820.38,-11.31,-1101.38,-2491.73,2272.07,False,False,nan,True,0.7483,77.29,99.84,True,0,COLLECTING,0,,0,,,,,4,93,110,30,60,0.999541394840654,0.17320508075688776
2026-08-31T22:15:46.932,125786187,P035,cane_motion,MOTION,,,,675,5338077,111823,109832,111380.34,109820.62,442.66,11.38,-1865.95,2263.94,False,False,nan,True,0.7483,77.29,99.84,True,0,COLLECTING,0,,0,,,,,4,93,110,30,60,0.999541394840654,0.17320508075688776
2026-08-31T22:15:47.079,125786328,P035,cane_motion,MOTION,,,,676,5338117,112279,110919,111398.32,109842.59,880.68,1076.41,-1130.36,2241.27,False,False,nan,True,0.7483,77.29,99.84,True,0,COLLECTING,0,,0,,,,,4,93,110,30,60,0.999541394840654,0.17320508075688776
2026-08-31T22:15:47.090,125786343,P035,cane_motion,MOTION,,,,677,5338157,112751,111983,111425.38,109885.39,1325.62,2097.61,-323.37,2202.91,False,False,nan,True,0.7483,77.29,99.84,True,0,COLLECTING,0,,0,,,,,4,93,110,30,60,0.999541394840654,0.17320508075688776
2026-08-31T22:15:47.101,125786359,P035,cane_motion,MOTION,,,,678,5338197,113294,113021,111462.75,109948.1,1831.25,3072.9,525.7,2169.37,False,False,nan,True,0.7483,77.29,99.84,True,0,COLLECTING,0,,0,,,,,4,93,110,30,60,0.999541394840654,0.17320508075688776
2026-08-31T22:15:47.109,125786359,P035,cane_motion,MOTION,,,,679,5338237,113843,113876,111510.35,110026.66,2332.65,3849.34,1356.61,2153.11,False,False,nan,True,0.7483,77.29,99.84,True,0,COLLECTING,0,,0,,,,,4,93,110,30,60,0.999541394840654,0.17320508075688776
2026-08-31T22:15:47.135,125786390,P035,cane_motion,MOTION,,,,680,5338277,114451,115013,111569.16,110126.38,2881.84,4886.62,2239.11,2154.83,False,False,nan,True,0.7483,77.29,99.84,True,0,COLLECTING,0,,0,,,,,4,93,110,30,60,0.999541394840654,0.17320508075688776
2026-08-31T22:15:47.278,125786531,P035,cane_motion,MOTION,,,,681,5338317,115000,116098,111637.78,110245.81,3362.22,5852.19,3142.38,2174.59,False,False,nan,True,0.7483,77.29,99.84,True,0,COLLECTING,0,,0,,,,,3,93,110,30,60,0.999541394840654,0.17320508075688776
2026-08-31T22:15:47.291,125786546,P035,cane_motion,MOTION,,,,682,5338357,115422,116819,111713.47,110377.27,3708.53,6441.73,3967.22,2210.44,False,False,nan,True,0.7483,77.29,99.84,True,0,COLLECTING,0,,0,,,,,3,93,110,30,60,0.999541394840654,0.17320508075688776
2026-08-31T22:15:47.301,125786546,P035,cane_motion,MOTION,,,,683,5338397,115651,117169,111792.22,110513.11,3858.78,6655.89,4639.39,2259.02,False,False,nan,True,0.7483,77.29,99.84,True,0,COLLECTING,0,,0,,,,,3,93,110,30,60,0.999541394840654,0.17320508075688776
2026-08-31T22:15:47.310,125786562,P035,cane_motion,MOTION,,,,684,5338437,115776,117430,111871.89,110651.45,3904.11,6778.55,5174.18,2317.32,False,False,nan,True,0.7483,77.29,99.84,True,0,COLLECTING,0,,0,,,,,3,93,110,30,60,0.999541394840654,0.17320508075688776
2026-08-31T22:15:47.333,125786578,P035,cane_motion,MOTION,,,,685,5338477,115855,117401,111951.55,110786.44,3903.45,6614.56,5534.27,2381.66,False,False,nan,True,0.7483,77.29,99.84,True,0,COLLECTING,0,,0,,,,,3,93,110,30,60,0.999541394840654,0.17320508075688776
2026-08-31T22:15:47.478,125786734,P035,cane_motion,MOTION,,,,686,5338517,115909,117224,112030.7,110915.19,3878.3,6308.81,5727.91,2448.58,False,False,nan,True,0.7483,77.29,99.84,True,0,COLLECTING,0,,0,,,,,3,93,110,30,60,0.999541394840654,0.17320508075688776
2026-08-31T22:15:47.491,125786750,P035,cane_motion,MOTION,,,,687,5338557,115902,117015,112108.13,111037.19,3793.87,5977.81,5790.38,2515.42,False,False,nan,True,0.7483,77.29,99.84,True,0,COLLECTING,0,,0,,,,,3,93,110,30,60,0.999541394840654,0.17320508075688776
2026-08-31T22:15:47.501,125786750,P035,cane_motion,MOTION,,,,688,5338597,115934,116993,112184.65,111156.3,3749.35,5836.7,5801.96,2581.15,False,False,nan,True,0.7483,77.29,99.84,True,0,COLLECTING,0,,0,,,,,3,93,110,30,60,0.999541394840654,0.17320508075688776
2026-08-31T22:15:47.510,125786765,P035,cane_motion,MOTION,,,,689,5338637,116028,117117,112261.52,111275.52,3766.48,5841.48,5811.84,2645.77,False,False,nan,True,0.7483,77.29,99.84,True,0,COLLECTING,0,,0,,,,,3,93,110,30,60,0.999541394840654,0.17320508075688776
2026-08-31T22:15:47.534,125786781,P035,cane_motion,MOTION,,,,690,5338677,116171,117382,112339.7,111397.65,3831.3,5984.35,5854.97,2709.95,False,False,nan,True,0.7483,77.29,99.84,True,0,COLLECTING,0,,0,,,,,3,93,110,30,60,0.999541394840654,0.17320508075688776
2026-08-31T22:15:47.677,125786921,P035,cane_motion,MOTION,,,,691,5338717,116362,117740,112420.15,111524.49,3941.85,6215.51,5945.1,2774.65,False,False,nan,True,0.7483,77.29,99.84,True,0,COLLECTING,0,,0,,,,,3,93,110,30,60,0.999541394840654,0.17320508075688776
2026-08-31T22:15:47.693,125786937,P035,cane_motion,MOTION,,,,692,5338757,116547,118104,112502.69,111656.09,4044.31,6447.91,6070.81,2840.58,False,False,nan,True,0.7483,77.29,99.84,True,0,COLLECTING,0,,0,,,,,3,93,110,30,60,0.999541394840654,0.17320508075688776
2026-08-31T22:15:47.702,125786953,P035,cane_motion,MOTION,,,,693,5338797,116736,118482,112587.35,111792.6,4148.65,6689.4,6225.45,2908.27,False,False,nan,True,0.7483,77.29,99.84,True,0,COLLECTING,0,,0,,,,,3,93,110,30,60,0.999541394840654,0.17320508075688776
2026-08-31T22:15:47.710,125786968,P035,cane_motion,MOTION,,,,694,5338837,117127,119145,112678.14,111939.65,4448.86,7205.35,6470.43,2979.52,False,False,nan,True,0.7483,77.29,99.84,True,0,COLLECTING,0,,0,,,,,3,93,110,30,60,0.999541394840654,0.17320508075688776
2026-08-31T22:15:47.733,125786984,P035,cane_motion,MOTION,,,,695,5338877,117942,120651,112783.41,112113.88,5158.59,8537.12,6987.1,3059.67,False,False,nan,True,0.7483,77.29,99.84,True,0,COLLECTING,0,,0,,,,,3,93,110,30,60,0.999541394840654,0.17320508075688776
2026-08-31T22:15:47.878,125787125,P035,cane_motion,MOTION,,,,696,5338917,118526,122013,112898.27,112311.86,5627.73,9701.14,7665.61,3151.79,False,False,nan,True,0.7483,77.29,99.84,True,0,COLLECTING,0,,0,,,,,3,93,110,30,60,0.999541394840654,0.24494897427831783
2026-08-31T22:15:47.891,125787140,P035,cane_motion,MOTION,,,,697,5338957,118405,121816,113008.4,112501.95,5396.6,9314.05,8077.72,3250.31,False,False,nan,True,0.7483,77.29,99.84,True,0,COLLECTING,0,,0,,,,,3,93,110,30,60,0.999541394840654,0.24494897427831783
2026-08-31T22:15:47.900,125787156,P035,cane_motion,MOTION,,,,698,5338997,118115,121278,113110.53,112677.47,5004.47,8600.53,8208.42,3349.47,False,False,nan,True,0.7483,77.29,99.84,True,0,COLLECTING,0,,0,,,,,3,93,110,30,60,0.999541394840654,0.24494897427831783
2026-08-31T22:15:47.909,125787156,P035,cane_motion,MOTION,,,,699,5339037,118188,121744,113212.08,112858.8,4975.92,8885.2,8377.62,3450.03,False,False,nan,True,0.7483,77.29,99.84,True,0,COLLECTING,0,,0,,,,,3,93,110,30,60,0.999541394840654,0.24494897427831783
2026-08-31T22:15:47.932,125787187,P035,cane_motion,MOTION,,,,700,5339077,118325,122774,113314.34,113057.1,5010.66,9716.9,8712.44,3555.28,False,False,nan,True,0.7483,77.29,99.84,True,0,COLLECTING,0,,0,,,,,3,93,110,30,60,0.999541394840654,0.24494897427831783
2026-08-31T22:15:48.079,125787328,P035,cane_motion,MOTION,,,,701,5339117,118168,123136,113411.41,113258.68,4756.59,9877.32,9003.66,3664.25,False,False,nan,True,0.7483,77.29,99.84,True,0,COLLECTING,0,,0,,,,,3,93,110,30,60,0.9999429983754075,0.17320508075688776
2026-08-31T22:15:48.093,125787343,P035,cane_motion,MOTION,,,,702,5339157,117931,123138,113501.8,113456.27,4429.2,9681.73,9173.18,3774.43,False,False,nan,True,0.7483,77.29,99.84,True,0,COLLECTING,0,,0,,,,,3,93,110,30,60,0.9999429983754075,0.17320508075688776
2026-08-31T22:15:48.102,125787359,P035,cane_motion,MOTION,,,,703,5339197,117684,122825,113585.44,113643.64,4098.56,9181.36,9175.22,3882.44,False,False,nan,True,0.7483,77.29,99.84,True,0,COLLECTING,0,,0,,,,,3,93,110,30,60,0.9999429983754075,0.17320508075688776
2026-08-31T22:15:48.116,125787359,P035,cane_motion,MOTION,,,,704,5339237,117380,122282,113661.33,113816.41,3718.67,8465.59,8997.82,3984.75,True,False,nan,True,0.7483,77.29,99.84,True,0,COLLECTING,0,,0,,,,,3,93,110,30,60,0.9999429983754075,0.17320508075688776
2026-08-31T22:15:48.133,125787390,P035,cane_motion,MOTION,,,,705,5339277,117240,122152,113732.9,113983.12,3507.1,8168.88,8790.58,4080.87,False,False,nan,True,0.7483,77.29,99.84,True,0,COLLECTING,0,,0,,,,,3,93,110,30,60,0.9999429983754075,0.17320508075688776
2026-08-31T22:15:48.279,125787531,P035,cane_motion,MOTION,,,,706,5339317,117204,122278,113802.32,114149.02,3401.68,8128.98,8625.18,4171.75,False,False,nan,True,0.7483,77.29,99.84,True,0,COLLECTING,0,,0,,,,,3,93,110,30,60,0.999541394840654,0.17320508075688776
2026-08-31T22:15:48.291,125787546,P035,cane_motion,MOTION,,,,707,5339357,117223,122574,113870.73,114317.52,3352.27,8256.48,8533.01,4258.98,False,False,nan,True,0.7483,77.29,99.84,True,0,COLLECTING,0,,0,,,,,3,93,110,30,60,0.999541394840654,0.17320508075688776
2026-08-31T22:15:48.300,125787546,P035,cane_motion,MOTION,,,,708,5339397,117249,122947,113938.3,114490.1,3310.7,8456.9,8513.98,4344.08,False,False,nan,True,0.7483,77.29,99.84,True,0,COLLECTING,0,,0,,,,,3,93,110,30,60,0.999541394840654,0.17320508075688776
2026-08-31T22:15:48.310,125787562,P035,cane_motion,MOTION,,,,709,5339437,117232,123107,114004.17,114662.44,3227.83,8444.56,8496.63,4427.13,False,False,nan,True,0.7483,77.29,99.84,True,0,COLLECTING,0,,0,,,,,3,93,110,30,60,0.999541394840654,0.17320508075688776
2026-08-31T22:15:48.333,125787578,P035,cane_motion,MOTION,,,,710,5339477,117190,123097,114067.89,114831.12,3122.11,8265.88,8438.94,4507.36,False,False,nan,True,0.7483,77.29,99.84,True,0,COLLECTING,0,,0,,,,,3,93,110,30,60,0.999541394840654,0.17320508075688776
2026-08-31T22:15:48.480,125787734,P035,cane_motion,MOTION,,,,711,5339517,117110,122965,114128.73,114993.8,2981.27,7971.2,8322.0,4583.66,False,False,nan,True,0.7483,77.29,99.84,True,0,COLLECTING,0,,0,,,,,3,93,110,30,60,0.9997609714326721,0.17320508075688776
2026-08-31T22:15:48.491,125787734,P035,cane_motion,MOTION,,,,712,5339557,117031,122812,114186.78,115150.17,2844.22,7661.83,8156.96,4655.12,False,False,nan,True,0.7483,77.29,99.84,True,0,COLLECTING,0,,0,,,,,3,93,110,30,60,0.9997609714326721,0.17320508075688776
2026-08-31T22:15:48.500,125787750,P035,cane_motion,MOTION,,,,713,5339597,116949,122631,114242.02,115299.79,2706.98,7331.21,7950.52,4721.03,False,False,nan,True,0.7483,77.29,97.7,True,0,COLLECTING,0,,0,,,,,3,93,110,30,60,0.9997609714326721,0.17320508075688776
2026-08-31T22:15:48.511,125787765,P035,cane_motion,MOTION,,,,714,5339637,116555,121639,114288.28,115426.57,2266.72,6212.43,7516.0,4776.93,False,False,nan,True,0.7483,77.29,97.7,True,0,COLLECTING,0,,0,,,,,3,93,110,30,60,0.9997609714326721,0.17320508075688776
2026-08-31T22:15:48.533,125787781,P035,cane_motion,MOTION,,,,715,5339677,115981,120213,114322.13,115522.3,1658.87,4690.7,6809.67,4817.59,False,False,nan,True,0.7483,77.29,97.7,True,0,COLLECTING,0,,0,,,,,3,93,110,30,60,0.9997609714326721,0.17320508075688776
2026-08-31T22:15:48.681,125787937,P035,cane_motion,MOTION,,,,716,5339717,115886,120029,114353.41,115612.43,1532.59,4416.57,6211.4,4845.46,False,False,nan,True,0.7483,77.29,97.7,True,0,COLLECTING,0,,0,,,,,3,93,110,30,60,0.999541394840654,0.17320508075688776
2026-08-31T22:15:48.705,125787953,P035,cane_motion,MOTION,,,,717,5339757,116034,120496,114387.02,115710.1,1646.98,4785.9,5855.02,4865.65,False,False,nan,True,0.7483,77.29,97.7,True,0,COLLECTING,0,,0,,,,,3,93,110,30,60,0.999541394840654,0.17320508075688776
2026-08-31T22:15:48.709,125787953,P035,cane_motion,MOTION,,,,718,5339797,116113,120779,114421.54,115811.48,1691.46,4967.52,5633.15,4881.0,False,False,nan,True,0.7483,77.29,97.7,True,0,COLLECTING,0,,0,,,,,3,93,110,30,60,0.999541394840654,0.17320508075688776
2026-08-31T22:15:48.719,125787968,P035,cane_motion,MOTION,,,,719,5339837,116251,120909,114458.12,115913.43,1792.88,4995.57,5473.75,4892.86,False,False,nan,True,0.7483,77.29,97.7,True,0,COLLECTING,0,,0,,,,,3,93,110,30,60,0.999541394840654,0.17320508075688776
2026-08-31T22:15:48.734,125787984,P035,cane_motion,MOTION,,,,720,5339877,116334,120659,114495.64,116008.34,1838.36,4650.66,5267.98,4900.36,False,False,nan,True,0.7483,77.29,97.7,True,0,COLLECTING,0,,0,,,,,3,93,110,30,60,0.999541394840654,0.17320508075688776
2026-08-31T22:15:48.879,125788125,P035,cane_motion,MOTION,,,,721,5339917,116352,120361,114532.77,116095.4,1819.23,4265.6,5017.38,4902.7,False,False,nan,True,0.7483,77.29,97.7,True,0,COLLECTING,0,,0,,,,,3,93,110,30,60,0.999541394840654,0.17320508075688776
2026-08-31T22:15:48.891,125788140,P035,cane_motion,MOTION,,,,722,5339957,116507,120574,114572.25,116184.97,1934.75,4389.03,4860.3,4901.85,False,False,nan,True,0.7483,77.29,97.7,True,0,COLLECTING,0,,0,,,,,3,93,110,30,60,0.999541394840654,0.17320508075688776
2026-08-31T22:15:48.900,125788156,P035,cane_motion,MOTION,,,,723,5339997,116686,121056,114614.52,116282.39,2071.48,4773.61,4838.62,4900.59,False,False,nan,True,0.7483,77.29,97.7,True,0,COLLECTING,0,,0,,,,,3,93,110,30,60,0.999541394840654,0.17320508075688776
2026-08-31T22:15:48.909,125788156,P035,cane_motion,MOTION,,,,724,5340037,116716,121328,114656.55,116383.3,2059.45,4944.7,4865.14,4899.88,False,False,nan,True,0.7483,77.29,97.7,True,0,COLLECTING,0,,0,,,,,3,93,110,30,60,0.999541394840654,0.17320508075688776
2026-08-31T22:15:48.944,125788187,P035,cane_motion,MOTION,,,,725,5340087,116672,121470,114696.87,116485.04,1975.13,4984.96,4895.1,4899.78,False,False,nan,True,0.7483,77.29,97.7,True,0,COLLECTING,0,,0,,,,,3,93,110,30,60,0.999541394840654,0.17320508075688776
2026-08-31T22:15:49.079,125788328,P035,cane_motion,MOTION,,,,726,5340127,116638,121618,114735.69,116587.7,1902.31,5030.3,4928.9,4900.37,False,False,nan,True,0.7483,77.29,97.7,True,0,COLLECTING,0,,0,,,,,3,93,110,30,60,0.999541394840654,0.17320508075688776
2026-08-31T22:15:49.091,125788343,P035,cane_motion,MOTION,,,,727,5340167,116649,121812,114773.95,116692.18,1875.05,5119.82,4976.63,4901.89,False,False,nan,True,0.7483,77.29,97.7,True,0,COLLECTING,0,,0,,,,,3,93,110,30,60,0.999541394840654,0.17320508075688776
2026-08-31T22:15:49.100,125788343,P035,cane_motion,MOTION,,,,728,5340207,116646,121804,114811.39,116794.41,1834.61,5009.59,4984.87,4903.55,False,False,nan,True,0.7483,77.29,97.7,True,0,COLLECTING,0,,0,,,,,3,93,110,30,60,0.999541394840654,0.17320508075688776
2026-08-31T22:15:49.111,125788359,P035,cane_motion,MOTION,,,,729,5340247,116559,121587,114846.34,116890.27,1712.66,4696.73,4912.83,4903.74,True,True,1010.0,True,0.7449,74.3,97.7,True,0,COLLECTING,0,,0,,,,,3,93,110,30,60,0.999541394840654,0.17320508075688776
2026-08-31T22:15:49.143,125788390,P035,cane_motion,MOTION,,,,730,5340287,116441,121271,114878.23,116977.88,1562.77,4293.12,4757.91,4900.82,False,False,nan,True,0.7449,74.3,97.7,True,0,COLLECTING,0,,0,,,,,3,93,110,30,60,0.999541394840654,0.17320508075688776
2026-08-31T22:15:49.278,125788531,P035,cane_motion,MOTION,,,,731,5340327,116128,120415,114903.23,117046.62,1224.77,3368.38,4410.52,4891.01,False,False,nan,True,0.7449,74.3,97.7,True,0,COLLECTING,0,,0,,,,,4,93,110,30,60,0.999541394840654,0.17320508075688776
2026-08-31T22:15:49.289,125788546,P035,cane_motion,MOTION,,,,732,5340367,115873,119667,114922.62,117099.03,950.38,2567.97,3949.88,4872.19,False,False,nan,True,0.7449,74.3,97.7,True,0,COLLECTING,0,,0,,,,,4,93,110,30,60,0.999541394840654,0.17320508075688776
2026-08-31T22:15:49.300,125788546,P035,cane_motion,MOTION,,,,733,5340407,116120,120039,114946.57,117157.83,1173.43,2881.17,3682.71,4848.4,False,False,nan,True,0.7449,74.3,97.7,True,0,COLLECTING,0,,0,,,,,4,93,110,30,60,0.999541394840654,0.17320508075688776
2026-08-31T22:15:49.309,125788562,P035,cane_motion,MOTION,,,,734,5340447,116668,121045,114981.0,117235.57,1687.0,3809.43,3714.39,4825.72,False,False,nan,True,0.7449,74.3,97.7,True,0,COLLECTING,0,,0,,,,,4,93,110,30,60,0.999541394840654,0.17320508075688776
2026-08-31T22:15:49.344,125788593,P035,cane_motion,MOTION,,,,735,5340487,117182,122165,115025.02,117334.16,2156.98,4830.84,3993.5,4809.08,False,False,nan,True,0.7449,74.3,97.7,True,0,COLLECTING,0,,0,,,,,4,93,110,30,60,0.999541394840654,0.17320508075688776
2026-08-31T22:15:49.478,125788734,P035,cane_motion,MOTION,,,,736,5340527,117612,123370,115076.77,117454.88,2535.23,5915.12,4473.91,4802.37,False,False,nan,True,0.7449,74.3,97.7,True,0,COLLECTING,0,,0,,,,,4,93,110,30,60,0.999541394840654,0.17320508075688776
2026-08-31T22:15:49.492,125788750,P035,cane_motion,MOTION,,,,737,5340567,117734,123858,115129.91,117582.94,2604.09,6275.06,4924.2,4804.81,False,False,nan,True,0.7449,74.3,97.7,True,0,COLLECTING,0,,0,,,,,4,93,110,30,60,0.999541394840654,0.17320508075688776
2026-08-31T22:15:49.501,125788750,P035,cane_motion,MOTION,,,,738,5340607,117724,123920,115181.8,117709.68,2542.2,6210.32,5245.73,4813.63,False,False,nan,True,0.7449,74.3,97.7,True,0,COLLECTING,0,,0,,,,,4,93,110,30,60,0.999541394840654,0.17320508075688776
2026-08-31T22:15:49.510,125788765,P035,cane_motion,MOTION,,,,739,5340647,117742,124068,115233.0,117836.84,2509.0,6231.16,5492.08,4827.2,False,False,nan,True,0.7449,74.3,97.7,True,0,COLLECTING,0,,0,,,,,4,93,110,30,60,0.999541394840654,0.17320508075688776
2026-08-31T22:15:49.545,125788796,P035,cane_motion,MOTION,,,,740,5340687,117808,124283,115284.5,117965.77,2523.5,6317.23,5698.37,4844.62,False,False,nan,True,0.7449,74.3,97.7,True,0,COLLECTING,0,,0,,,,,4,93,110,30,60,0.999541394840654,0.17320508075688776
2026-08-31T22:15:49.678,125788921,P035,cane_motion,MOTION,,,,741,5340727,117860,124346,115336.01,118093.37,2523.99,6252.63,5836.94,4864.47,False,False,nan,True,0.7449,74.3,97.7,True,0,COLLECTING,0,,0,,,,,4,93,110,30,60,0.999541394840654,0.17320508075688776
2026-08-31T22:15:49.691,125788937,P035,cane_motion,MOTION,,,,742,5340767,117902,124365,115387.33,118218.8,2514.67,6146.2,5914.25,4885.46,False,False,nan,True,0.7449,74.3,97.7,True,0,COLLECTING,0,,0,,,,,4,93,110,30,60,0.999541394840654,0.17320508075688776
2026-08-31T22:15:49.702,125788953,P035,cane_motion,MOTION,,,,743,5340807,117866,124251,115436.9,118339.44,2429.1,5911.56,5913.58,4906.03,True,True,560.0,True,0.7191,77.67,97.7,True,0,COLLECTING,0,,0,,,,,4,93,110,30,60,0.999541394840654,0.17320508075688776
2026-08-31T22:15:49.712,125788968,P035,cane_motion,MOTION,,,,744,5340847,117736,123921,115482.88,118451.07,2253.12,5469.93,5802.67,4923.96,False,False,nan,True,0.7191,77.67,97.7,True,0,COLLECTING,0,,0,,,,,4,93,110,30,60,0.999541394840654,0.17320508075688776
2026-08-31T22:15:49.743,125789000,P035,cane_motion,MOTION,,,,745,5340887,117546,123516,115524.15,118552.37,2021.85,4963.63,5592.91,4937.34,False,False,nan,True,0.7191,77.67,97.7,True,0,COLLECTING,0,,0,,,,,4,93,110,30,60,0.999541394840654,0.17320508075688776
2026-08-31T22:15:49.880,125789125,P035,cane_motion,MOTION,,,,746,5340927,117318,123111,115560.02,118643.54,1757.98,4467.46,5311.55,4944.82,False,False,nan,True,0.7191,77.67,97.7,True,0,COLLECTING,0,,0,,,,,5,93,110,30,60,0.999541394840654,0.17320508075688776
2026-08-31T22:15:49.891,125789140,P035,cane_motion,MOTION,,,,747,5340967,116872,122058,115586.27,118711.83,1285.73,3346.17,4820.2,4942.33,False,False,nan,True,0.7191,77.67,97.7,True,0,COLLECTING,0,,0,,,,,5,93,110,30,60,0.999541394840654,0.17320508075688776
2026-08-31T22:15:49.901,125789156,P035,cane_motion,MOTION,,,,748,5341007,116178,120606,115598.1,118749.71,579.9,1856.29,4079.22,4925.07,False,False,nan,True,0.7191,77.67,97.7,True,0,COLLECTING,0,,0,,,,,5,93,110,30,60,0.999541394840654,0.17320508075688776
2026-08-31T22:15:49.910,125789156,P035,cane_motion,MOTION,,,,749,5341047,115924,120180,115604.62,118778.32,319.38,1401.68,3409.84,4894.76,False,False,nan,True,0.7191,77.67,97.7,True,0,COLLECTING,0,,0,,,,,5,93,110,30,60,0.999541394840654,0.17320508075688776
2026-08-31T22:15:49.943,125789187,P035,cane_motion,MOTION,,,,750,5341087,115880,120314,115610.12,118809.03,269.88,1504.97,2933.62,4855.54,False,False,nan,True,0.7191,77.67,97.7,True,0,COLLECTING,0,,0,,,,,5,93,110,30,60,0.999541394840654,0.17320508075688776
