pc_time,pc_monotonic_ms,trial_id,label,expected_state,reference_hr_bpm,reference_spo2_pct,action_marker,seq,t_ms,red,ir,red_dc,ir_dc,red_ac,ir_ac,filtered_ir,envelope,peak_candidate,beat_accepted,ibi_ms,finger,sqi,hr_bpm,spo2_pct,valid,fifo_overflow,rhythm_state,rhythm_valid,rhythm_confidence,model_calibrated,rhythm_ibi_mean_ms,rhythm_sdnn_ms,rhythm_rmssd_ms,rhythm_pnn50,rhythm_beat_count,rhythm_inference_us,rhythm_inference_count,rhythm_model_bytes,rhythm_classifier_state_bytes,imu_accel_g,imu_gyro_dps
2026-08-31T22:05:32.897,125172140,P021,light_pressure,QUALITY,,,,1,4724037,105225,99705,102420.32,97358.27,2804.68,2346.73,2631.44,5189.29,False,False,nan,True,0.075,nan,nan,False,0,COLLECTING,0,,0,,,,,2,98,100,30,60,0.9990925883020052,0.17320508075688776
2026-08-31T22:05:33.043,125172296,P021,light_pressure,QUALITY,,,,2,4724077,105304,99702,102477.99,97405.14,2826.01,2296.86,2547.79,5136.46,False,False,nan,True,0.075,nan,nan,False,0,COLLECTING,0,,0,,,,,2,98,100,30,60,0.9990925883020052,0.17320508075688776
2026-08-31T22:05:33.055,125172312,P021,light_pressure,QUALITY,,,,3,4724117,105672,100129,102541.88,97459.62,3130.12,2669.38,2578.19,5085.3,False,False,nan,True,0.075,nan,nan,False,0,COLLECTING,0,,0,,,,,2,98,100,30,60,0.9990925883020052,0.17320508075688776
2026-08-31T22:05:33.063,125172312,P021,light_pressure,QUALITY,,,,4,4724157,106729,102089,102625.62,97552.2,4103.38,4536.8,3067.84,5044.95,False,False,nan,True,0.075,nan,nan,False,0,COLLECTING,0,,0,,,,,2,98,100,30,60,0.9990925883020052,0.17320508075688776
2026-08-31T22:05:33.073,125172328,P021,light_pressure,QUALITY,,,,5,4724197,107577,104019,102724.65,97681.54,4852.35,6337.46,3885.25,5021.75,False,False,nan,True,0.075,nan,nan,False,0,COLLECTING,0,,0,,,,,2,98,100,30,60,0.9990925883020052,0.17320508075688776
2026-08-31T22:05:33.100,125172359,P021,light_pressure,QUALITY,,,,6,4724237,107802,104739,102826.2,97822.69,4975.8,6916.31,4643.01,5014.18,False,False,nan,True,0.075,nan,nan,False,0,COLLECTING,0,,0,,,,,2,98,100,30,60,0.9990925883020052,0.17320508075688776
2026-08-31T22:05:33.245,125172500,P021,light_pressure,QUALITY,,,,7,4724277,107635,104654,102922.38,97959.31,4712.62,6694.69,5155.93,5017.01,False,False,nan,True,0.075,nan,nan,False,0,COLLECTING,0,,0,,,,,2,98,100,30,60,0.9990925883020052,0.17320508075688776
2026-08-31T22:05:33.255,125172500,P021,light_pressure,QUALITY,,,,8,4724317,107513,104474,103014.19,98089.61,4498.81,6384.39,5463.05,5025.93,False,False,nan,True,0.075,nan,nan,False,0,COLLECTING,0,,0,,,,,2,98,100,30,60,0.9990925883020052,0.17320508075688776
2026-08-31T22:05:33.263,125172515,P021,light_pressure,QUALITY,,,,9,4724357,107408,104320,103102.06,98214.22,4305.94,6105.78,5623.73,5037.89,False,False,nan,True,0.075,nan,nan,False,0,COLLECTING,0,,0,,,,,2,98,100,30,60,0.9990925883020052,0.17320508075688776
2026-08-31T22:05:33.273,125172531,P021,light_pressure,QUALITY,,,,10,4724397,107343,104209,103186.88,98334.12,4156.12,5874.88,5686.52,5050.86,False,False,nan,True,0.075,nan,nan,False,0,COLLECTING,0,,0,,,,,2,98,100,30,60,0.9990925883020052,0.17320508075688776
2026-08-31T22:05:33.298,125172546,P021,light_pressure,QUALITY,,,,11,4724437,107239,103965,103267.92,98446.73,3971.08,5518.27,5644.46,5062.74,True,True,880.0,True,0.1856,76.27,nan,False,0,COLLECTING,0,,0,,,,,2,98,100,30,60,0.9990925883020052,0.17320508075688776
2026-08-31T22:05:33.447,125172703,P021,light_pressure,QUALITY,,,,12,4724477,106918,103316,103340.92,98544.12,3577.08,4771.88,5426.31,5070.01,False,False,nan,True,0.1856,76.27,nan,False,0,COLLECTING,0,,0,,,,,3,98,100,30,60,0.9990925883020052,0.17320508075688776
2026-08-31T22:05:33.458,125172703,P021,light_pressure,QUALITY,,,,13,4724517,106583,102673,103405.77,98626.7,3177.23,4046.3,5081.31,5070.23,False,False,nan,True,0.1856,76.27,nan,False,0,COLLECTING,0,,0,,,,,3,98,100,30,60,0.9990925883020052,0.17320508075688776
2026-08-31T22:05:33.465,125172718,P021,light_pressure,QUALITY,,,,14,4724557,106432,102381,103466.29,98701.78,2965.71,3679.22,4730.79,5063.44,False,False,nan,True,0.1856,76.27,nan,False,0,COLLECTING,0,,0,,,,,3,98,100,30,60,0.9990925883020052,0.17320508075688776
2026-08-31T22:05:33.473,125172718,P021,light_pressure,QUALITY,,,,15,4724597,106256,101903,103522.09,98765.8,2733.91,3137.2,4332.39,5048.82,False,False,nan,True,0.1856,76.27,nan,False,0,COLLECTING,0,,0,,,,,3,98,100,30,60,0.9990925883020052,0.17320508075688776
2026-08-31T22:05:33.498,125172750,P021,light_pressure,QUALITY,,,,16,4724637,105820,100992,103568.05,98810.33,2251.95,2181.67,3794.71,5023.74,False,False,nan,True,0.1856,76.27,nan,False,0,COLLECTING,0,,0,,,,,3,98,100,30,60,0.9990925883020052,0.17320508075688776
2026-08-31T22:05:33.645,125172890,P021,light_pressure,QUALITY,,,,17,4724677,105854,101005,103613.77,98854.22,2240.23,2150.78,3383.73,4990.94,False,False,nan,True,0.1856,76.27,nan,False,0,COLLECTING,0,,0,,,,,3,98,100,30,60,0.9990925883020052,0.17320508075688776
2026-08-31T22:05:33.657,125172906,P021,light_pressure,QUALITY,,,,18,4724717,106302,101756,103667.53,98912.26,2634.47,2843.74,3248.73,4956.1,False,False,nan,True,0.1856,76.27,nan,False,0,COLLECTING,0,,0,,,,,3,98,100,30,60,0.9990925883020052,0.17320508075688776
2026-08-31T22:05:33.665,125172921,P021,light_pressure,QUALITY,,,,19,4724757,106418,101908,103722.54,98972.17,2695.46,2935.83,3170.51,4920.38,False,False,nan,True,0.1856,76.27,nan,False,0,COLLECTING,0,,0,,,,,3,98,100,30,60,0.9990925883020052,0.17320508075688776
2026-08-31T22:05:33.673,125172921,P021,light_pressure,QUALITY,,,,20,4724797,106895,102878,103785.98,99050.29,3109.02,3827.71,3334.81,4888.67,False,False,nan,True,0.1856,76.27,nan,False,0,COLLECTING,0,,0,,,,,3,98,100,30,60,0.9990925883020052,0.17320508075688776
2026-08-31T22:05:33.709,125172953,P021,light_pressure,QUALITY,,,,21,4724837,108121,105333,103872.69,99175.95,4248.31,6157.05,4040.37,4871.71,False,False,nan,True,0.1856,76.27,nan,False,0,COLLECTING,0,,0,,,,,3,98,100,30,60,0.9990925883020052,0.17320508075688776
2026-08-31T22:05:33.847,125173093,P021,light_pressure,QUALITY,,,,22,4724877,109067,107273,103976.57,99337.88,5090.43,7935.12,5014.06,4874.55,False,False,nan,True,0.1856,76.27,nan,False,0,COLLECTING,0,,0,,,,,3,98,100,30,60,0.9990925883020052,0.17320508075688776
2026-08-31T22:05:33.857,125173109,P021,light_pressure,QUALITY,,,,23,4724917,109825,108929,104093.54,99529.7,5731.46,9399.3,6110.37,4899.27,False,False,nan,True,0.1856,76.27,nan,False,0,COLLECTING,0,,0,,,,,3,98,100,30,60,0.9990925883020052,0.17320508075688776
2026-08-31T22:05:33.863,125173109,P021,light_pressure,QUALITY,,,,24,4724957,110305,110031,104217.77,99739.73,6087.23,10291.27,7155.59,4944.4,False,False,nan,True,0.1856,76.27,nan,False,0,COLLECTING,0,,0,,,,,3,98,100,30,60,0.9990925883020052,0.17320508075688776
2026-08-31T22:05:33.876,125173125,P021,light_pressure,QUALITY,,,,25,4724997,110231,109935,104338.03,99943.63,5892.97,9991.37,7864.54,5002.8,False,False,nan,True,0.1856,76.27,nan,False,0,COLLECTING,0,,0,,,,,3,98,100,30,60,0.9990925883020052,0.17320508075688776
2026-08-31T22:05:33.899,125173156,P021,light_pressure,QUALITY,,,,26,4725037,109966,109423,104450.59,100133.22,5515.41,9289.78,8220.85,5067.16,False,False,nan,True,0.1856,76.27,nan,False,0,COLLECTING,0,,0,,,,,3,98,100,30,60,0.9990925883020052,0.17320508075688776
2026-08-31T22:05:34.045,125173296,P021,light_pressure,QUALITY,,,,27,4725077,109515,108576,104551.88,100302.08,4963.12,8273.92,8234.12,5130.5,False,False,nan,True,0.1856,76.27,nan,False,0,COLLECTING,0,,0,,,,,3,98,100,30,60,0.9999814998288719,0.17320508075688776
2026-08-31T22:05:34.055,125173312,P021,light_pressure,QUALITY,,,,28,4725117,109157,107920,104643.98,100454.44,4513.02,7465.56,8041.98,5188.73,True,True,680.0,True,0.185,78.95,nan,False,0,COLLECTING,0,,0,,,,,3,98,100,30,60,0.9999814998288719,0.17320508075688776
2026-08-31T22:05:34.065,125173312,P021,light_pressure,QUALITY,,,,29,4725157,108780,107180,104726.7,100588.95,4053.3,6591.05,7679.25,5238.54,False,False,nan,True,0.185,78.95,nan,False,0,COLLECTING,0,,0,,,,,3,98,100,30,60,0.9999814998288719,0.17320508075688776
2026-08-31T22:05:34.073,125173328,P021,light_pressure,QUALITY,,,,30,4725197,108520,106657,104802.57,100710.3,3717.43,5946.7,7246.11,5278.69,False,False,nan,True,0.185,78.95,nan,False,0,COLLECTING,0,,0,,,,,3,98,100,30,60,0.9999814998288719,0.17320508075688776
2026-08-31T22:05:34.097,125173343,P021,light_pressure,QUALITY,,,,31,4725237,108399,106417,104874.5,100824.44,3524.5,5592.56,6832.72,5309.77,False,False,nan,True,0.185,78.95,nan,False,0,COLLECTING,0,,0,,,,,3,98,100,30,60,0.9999814998288719,0.17320508075688776
2026-08-31T22:05:34.243,125173500,P021,light_pressure,QUALITY,,,,32,4725277,108340,106276,104943.81,100933.47,3396.19,5342.53,6460.17,5332.78,False,False,nan,True,0.185,78.95,nan,False,0,COLLECTING,0,,0,,,,,4,98,100,30,60,0.9990925883020052,0.17320508075688776
2026-08-31T22:05:34.255,125173500,P021,light_pressure,QUALITY,,,,33,4725317,108282,106152,105010.58,101037.84,3271.42,5114.16,6123.67,5348.6,False,False,nan,True,0.185,78.95,nan,False,0,COLLECTING,0,,0,,,,,4,98,100,30,60,0.9990925883020052,0.17320508075688776
2026-08-31T22:05:34.266,125173515,P021,light_pressure,QUALITY,,,,34,4725357,108319,106216,105076.75,101141.4,3242.25,5074.6,5861.4,5358.85,False,False,nan,True,0.185,78.95,nan,False,0,COLLECTING,0,,0,,,,,4,98,100,30,60,0.9990925883020052,0.17320508075688776
2026-08-31T22:05:34.274,125173531,P021,light_pressure,QUALITY,,,,35,4725397,108605,106756,105147.31,101253.69,3457.69,5502.31,5771.63,5367.11,False,False,nan,True,0.185,78.95,nan,False,0,COLLECTING,0,,0,,,,,4,98,100,30,60,0.9990925883020052,0.17320508075688776
2026-08-31T22:05:34.297,125173546,P021,light_pressure,QUALITY,,,,36,4725437,108916,107372,105222.69,101376.05,3693.31,5995.95,5827.71,5376.32,False,False,nan,True,0.185,78.95,nan,False,0,COLLECTING,0,,0,,,,,4,98,100,30,60,0.9990925883020052,0.17320508075688776
2026-08-31T22:05:34.445,125173703,P021,light_pressure,QUALITY,,,ACTION_START,37,4725477,109230,108009,105302.84,101508.71,3927.16,6500.29,5995.85,5388.71,False,False,nan,True,0.185,78.95,nan,False,0,COLLECTING,0,,0,,,,,4,98,100,30,60,0.9990925883020052,0.17320508075688776
2026-08-31T22:05:34.455,125173703,P021,light_pressure,QUALITY,,,,38,4725517,109500,108554,105386.78,101649.62,4113.22,6904.38,6222.99,5405.4,False,False,nan,True,0.185,78.95,nan,False,0,COLLECTING,0,,0,,,,,4,98,100,30,60,0.9990925883020052,0.17320508075688776
2026-08-31T22:05:34.465,125173718,P021,light_pressure,QUALITY,,,,39,4725557,109618,108788,105471.41,101792.38,4146.59,6995.62,6416.14,5425.61,False,False,nan,True,0.185,78.95,nan,False,0,COLLECTING,0,,0,,,,,4,98,100,30,60,0.9990925883020052,0.17320508075688776
2026-08-31T22:05:34.474,125173718,P021,light_pressure,QUALITY,,,,40,4725597,109720,109009,105556.38,101936.72,4163.62,7072.28,6580.18,5448.7,False,False,nan,True,0.185,78.95,nan,False,0,COLLECTING,0,,0,,,,,4,98,100,30,60,0.9990925883020052,0.17320508075688776
2026-08-31T22:05:34.497,125173750,P021,light_pressure,QUALITY,,,,41,4725637,110100,109799,105647.25,102093.96,4452.75,7705.04,6861.39,5476.96,False,False,nan,True,0.185,78.95,nan,False,0,COLLECTING,0,,0,,,,,4,98,100,30,60,0.9990925883020052,0.17320508075688776
2026-08-31T22:05:34.645,125173890,P021,light_pressure,QUALITY,,,,42,4725677,110352,110331,105741.34,102258.7,4610.66,8072.3,7164.12,5510.7,False,False,nan,True,0.185,78.95,nan,False,0,COLLECTING,0,,0,,,,,4,98,100,30,60,0.9999814998288719,0.17320508075688776
2026-08-31T22:05:34.655,125173906,P021,light_pressure,QUALITY,,,,43,4725717,110242,110063,105831.36,102414.79,4410.64,7648.21,7285.14,5546.19,False,False,nan,True,0.185,78.95,nan,False,0,COLLECTING,0,,0,,,,,4,98,100,30,60,0.9999814998288719,0.17320508075688776
2026-08-31T22:05:34.666,125173921,P021,light_pressure,QUALITY,,,,44,4725757,110243,110068,105919.59,102567.85,4323.41,7500.15,7338.89,5582.04,False,False,nan,True,0.885,78.95,90.15,True,0,COLLECTING,0,,0,,,,,4,98,100,30,60,0.9999814998288719,0.17320508075688776
2026-08-31T22:05:34.674,125173921,P021,light_pressure,QUALITY,,,,45,4725797,110717,111059,106015.54,102737.67,4701.46,8321.33,7584.5,5622.09,False,False,nan,True,0.885,78.95,90.15,True,0,COLLECTING,0,,0,,,,,4,98,100,30,60,0.9999814998288719,0.17320508075688776
2026-08-31T22:05:34.699,125173953,P021,light_pressure,QUALITY,,,,46,4725837,111394,112499,106123.11,102932.9,5270.89,9566.1,8079.9,5671.25,False,False,nan,True,0.885,78.95,90.15,True,0,COLLECTING,0,,0,,,,,4,98,100,30,60,0.9999814998288719,0.17320508075688776
2026-08-31T22:05:34.847,125174093,P021,light_pressure,QUALITY,,,,47,4725877,111637,113059,106233.39,103135.42,5403.61,9923.58,8540.82,5728.64,False,False,nan,True,0.885,78.95,90.15,True,0,COLLECTING,0,,0,,,,,4,98,100,30,60,0.9990925883020052,0.17320508075688776
2026-08-31T22:05:34.854,125174109,P021,light_pressure,QUALITY,,,,48,4725917,111681,113216,106342.34,103337.03,5338.66,9878.97,8875.36,5791.58,False,False,nan,True,0.885,78.95,90.15,True,0,COLLECTING,0,,0,,,,,4,98,100,30,60,0.9990925883020052,0.17320508075688776
2026-08-31T22:05:34.865,125174109,P021,light_pressure,QUALITY,,,,49,4725957,111627,113108,106448.04,103532.45,5178.96,9575.55,9050.41,5856.75,False,False,nan,True,0.885,78.95,90.15,True,0,COLLECTING,0,,0,,,,,4,98,100,30,60,0.9990925883020052,0.17320508075688776
2026-08-31T22:05:34.873,125174125,P021,light_pressure,QUALITY,,,,50,4725997,111238,112265,106543.84,103707.1,4694.16,8557.9,8927.28,5918.16,True,True,880.0,True,0.8873,76.53,90.15,True,0,COLLECTING,0,,0,,,,,4,98,100,30,60,0.9990925883020052,0.17320508075688776
2026-08-31T22:05:34.898,125174156,P021,light_pressure,QUALITY,,,,51,4726037,110345,110354,106619.86,103840.04,3725.14,6513.96,8323.95,5966.28,False,False,nan,True,0.8873,76.53,90.15,True,0,COLLECTING,0,,0,,,,,4,98,100,30,60,0.9990925883020052,0.17320508075688776
2026-08-31T22:05:35.043,125174296,P021,light_pressure,QUALITY,,,,52,4726077,109907,109436,106685.6,103951.96,3221.4,5484.04,7613.97,5999.23,False,False,nan,True,0.8873,76.53,90.15,True,0,COLLECTING,0,,0,,,,,5,98,100,30,60,0.9990925883020052,0.17320508075688776
2026-08-31T22:05:35.055,125174312,P021,light_pressure,QUALITY,,,,53,4726117,110178,109958,106755.45,104072.08,3422.55,5885.92,7181.96,6022.89,False,False,nan,True,0.8873,76.53,90.15,True,0,COLLECTING,0,,0,,,,,5,98,100,30,60,0.9990925883020052,0.17320508075688776
2026-08-31T22:05:35.065,125174312,P021,light_pressure,QUALITY,,,,54,4726157,110966,111512,106839.66,104220.88,4126.34,7291.12,7209.25,6046.61,False,False,nan,True,0.8873,76.53,90.15,True,0,COLLECTING,0,,0,,,,,5,98,100,30,60,0.9990925883020052,0.17320508075688776
2026-08-31T22:05:35.073,125174328,P021,light_pressure,QUALITY,,,,55,4726197,112109,113975,106945.05,104415.96,5163.95,9559.04,7796.7,6081.62,False,False,nan,True,0.8873,76.53,90.15,True,0,COLLECTING,0,,0,,,,,5,98,100,30,60,0.9990925883020052,0.17320508075688776
2026-08-31T22:05:35.100,125174343,P021,light_pressure,QUALITY,,,,56,4726237,112825,115227,107062.65,104632.18,5762.35,10594.82,8496.23,6129.91,False,False,nan,True,0.8873,76.53,90.15,True,0,COLLECTING,0,,0,,,,,5,98,100,30,60,0.9990925883020052,0.17320508075688776
2026-08-31T22:05:35.244,125174500,P021,light_pressure,QUALITY,,,,57,4726277,113021,115564,107181.81,104850.81,5839.19,10713.19,9050.47,6188.32,False,False,nan,True,0.8873,76.53,90.15,True,0,COLLECTING,0,,0,,,,,5,98,100,30,60,0.9990925883020052,0.24494897427831783
2026-08-31T22:05:35.254,125174500,P021,light_pressure,QUALITY,,,,58,4726317,112658,114723,107291.34,105048.26,5366.66,9674.74,9206.54,6248.68,False,False,nan,True,0.8873,76.53,90.15,True,0,COLLECTING,0,,0,,,,,5,98,100,30,60,0.9990925883020052,0.24494897427831783
2026-08-31T22:05:35.266,125174515,P021,light_pressure,QUALITY,,,,59,4726357,111225,111629,107370.01,105179.88,3854.99,6449.12,8517.18,6294.05,True,True,360.0,True,0.779,84.11,90.15,True,0,COLLECTING,0,,0,,,,,5,98,100,30,60,0.9990925883020052,0.24494897427831783
2026-08-31T22:05:35.275,125174531,P021,light_pressure,QUALITY,,,,60,4726397,109866,108882,107419.93,105253.91,2446.07,3628.09,7294.91,6314.07,False,False,nan,True,0.779,84.11,90.15,True,0,COLLECTING,0,,0,,,,,5,98,100,30,60,0.9990925883020052,0.24494897427831783
2026-08-31T22:05:35.298,125174546,P021,light_pressure,QUALITY,,,,61,4726437,108742,106658,107446.37,105281.99,1295.63,1376.01,5815.18,6304.09,False,False,nan,True,0.779,84.11,90.15,True,0,COLLECTING,0,,0,,,,,5,98,100,30,60,0.9990925883020052,0.24494897427831783
2026-08-31T22:05:35.445,125174703,P021,light_pressure,QUALITY,,,,62,4726477,107910,105018,107455.64,105276.71,454.36,-258.71,4296.71,6263.95,False,False,nan,True,0.779,84.11,90.15,True,0,COLLECTING,0,,0,,,,,6,98,100,30,60,0.9990925883020052,0.30000000000000004
2026-08-31T22:05:35.455,125174703,P021,light_pressure,QUALITY,,,,63,4726517,107993,105244,107466.39,105276.05,526.61,-32.05,3214.52,6202.96,False,False,nan,True,0.779,84.11,90.15,True,0,COLLECTING,0,,0,,,,,6,98,100,30,60,0.9990925883020052,0.30000000000000004
2026-08-31T22:05:35.466,125174718,P021,light_pressure,QUALITY,,,,64,4726557,109362,107923,107504.3,105328.99,1857.7,2594.01,3059.39,6140.09,False,False,nan,True,0.779,84.11,90.15,True,0,COLLECTING,0,,0,,,,,6,98,100,30,60,0.9990925883020052,0.30000000000000004
2026-08-31T22:05:35.475,125174718,P021,light_pressure,QUALITY,,,,65,4726597,111339,111860,107581.0,105459.61,3758.0,6400.39,3894.64,6095.18,False,False,nan,True,0.779,84.11,90.15,True,0,COLLECTING,0,,0,,,,,6,98,100,30,60,0.9990925883020052,0.30000000000000004
2026-08-31T22:05:35.498,125174750,P021,light_pressure,QUALITY,,,,66,4726637,112417,114061,107677.72,105631.64,4739.28,8429.36,5028.32,6073.84,False,False,nan,True,0.779,84.11,90.15,True,0,COLLECTING,0,,0,,,,,6,98,100,30,60,0.9990925883020052,0.30000000000000004
2026-08-31T22:05:35.645,125174890,P021,light_pressure,QUALITY,,,,67,4726677,112653,114643,107777.23,105811.87,4875.77,8831.13,5979.02,6071.94,False,False,nan,True,0.779,84.11,90.15,True,0,COLLECTING,0,,0,,,,,6,98,100,30,60,0.9990925883020052,0.30000000000000004
2026-08-31T22:05:35.656,125174906,P021,light_pressure,QUALITY,,,,68,4726717,113282,116075,107887.32,106017.13,5394.68,10057.87,6998.73,6090.48,False,False,nan,True,0.779,84.11,90.15,True,0,COLLECTING,0,,0,,,,,6,98,100,30,60,0.9990925883020052,0.30000000000000004
2026-08-31T22:05:35.666,125174921,P021,light_pressure,QUALITY,,,,69,4726757,113913,117441,108007.84,106245.61,5905.16,11195.39,8047.9,6129.63,False,False,nan,True,0.779,84.11,90.15,True,0,COLLECTING,0,,0,,,,,6,98,100,30,60,0.9990925883020052,0.30000000000000004
2026-08-31T22:05:35.674,125174921,P021,light_pressure,QUALITY,,,,70,4726797,113833,117263,108124.34,106465.96,5708.66,10797.04,8735.18,6181.74,False,False,nan,True,0.779,84.11,90.15,True,0,COLLECTING,0,,0,,,,,6,98,100,30,60,0.9990925883020052,0.30000000000000004
2026-08-31T22:05:35.699,125174953,P021,light_pressure,QUALITY,,,,71,4726837,112845,115153,108218.75,106639.7,4626.25,8513.3,8679.71,6231.7,True,True,480.0,True,0.762,88.24,90.15,True,0,COLLECTING,0,,0,,,,,6,98,100,30,60,0.9990925883020052,0.30000000000000004
2026-08-31T22:05:35.842,125175093,P021,light_pressure,QUALITY,,,,72,4726877,111273,111775,108279.84,106742.41,2993.16,5032.59,7767.93,6262.42,False,False,nan,True,0.762,88.24,90.15,True,0,COLLECTING,0,,0,,,,,7,98,100,30,60,0.9989134096607173,0.30000000000000004
2026-08-31T22:05:35.854,125175109,P021,light_pressure,QUALITY,,,,73,4726917,109921,109097,108312.66,106789.5,1608.34,2307.5,6402.82,6265.23,False,False,nan,True,0.762,88.24,90.15,True,0,COLLECTING,0,,0,,,,,7,98,100,30,60,0.9989134096607173,0.30000000000000004
2026-08-31T22:05:35.865,125175109,P021,light_pressure,QUALITY,,,,74,4726957,108947,107201,108325.34,106797.73,621.66,403.27,4902.94,6237.98,False,False,nan,True,0.762,88.24,90.15,True,0,COLLECTING,0,,0,,,,,7,98,100,30,60,0.9989134096607173,0.30000000000000004
2026-08-31T22:05:35.874,125175125,P021,light_pressure,QUALITY,,,,75,4726997,108445,106187,108327.73,106785.52,117.27,-598.52,3527.57,6183.78,False,False,nan,True,0.762,88.24,90.15,True,0,COLLECTING,0,,0,,,,,7,98,100,30,60,0.9989134096607173,0.30000000000000004
2026-08-31T22:05:35.898,125175156,P021,light_pressure,QUALITY,,,,76,4727037,107865,105030,108318.48,106750.41,-453.48,-1720.41,2215.58,6104.41,False,False,nan,True,0.762,88.24,90.15,True,0,COLLECTING,0,,0,,,,,7,98,100,30,60,0.9989134096607173,0.30000000000000004
2026-08-31T22:05:36.043,125175296,P021,light_pressure,QUALITY,,,,77,4727077,107386,104077,108299.83,106696.94,-913.83,-2619.94,1006.7,6002.46,False,False,nan,True,0.762,88.24,90.15,True,0,COLLECTING,0,,0,,,,,7,98,100,30,60,0.9998024804930222,0.17320508075688776
2026-08-31T22:05:36.055,125175312,P021,light_pressure,QUALITY,,,,78,4727117,106789,102811,108269.61,106619.22,-1480.61,-3808.22,-197.03,5886.35,False,False,nan,True,0.762,88.24,90.15,True,0,COLLECTING,0,,0,,,,,7,98,100,30,60,0.9998024804930222,0.17320508075688776
2026-08-31T22:05:36.066,125175312,P021,light_pressure,QUALITY,,,,79,4727157,106228,101600,108228.77,106518.84,-2000.77,-4918.84,-1377.48,5796.17,False,False,nan,True,0.762,88.24,90.15,True,0,COLLECTING,0,,0,,,,,7,98,100,30,60,0.9998024804930222,0.17320508075688776
2026-08-31T22:05:36.075,125175328,P021,light_pressure,QUALITY,,,,80,4727197,106014,101086,108184.48,106410.18,-2170.48,-5324.18,-2364.16,5727.53,False,False,nan,True,0.762,88.24,90.15,True,0,COLLECTING,0,,0,,,,,7,98,100,30,60,0.9998024804930222,0.17320508075688776
2026-08-31T22:05:36.097,125175343,P021,light_pressure,QUALITY,,,,81,4727237,106010,101002,108140.98,106302.02,-2130.98,-5300.02,-3098.12,5674.94,False,False,nan,True,0.762,88.24,90.15,True,0,COLLECTING,0,,0,,,,,7,98,100,30,60,0.9998024804930222,0.17320508075688776
2026-08-31T22:05:36.245,125175500,P021,light_pressure,QUALITY,,,,82,4727277,106094,101134,108100.05,106198.66,-2006.05,-5064.66,-3589.75,5633.24,False,False,nan,True,0.762,88.24,90.15,True,0,COLLECTING,0,,0,,,,,7,98,100,30,60,0.9998024804930222,0.17320508075688776
2026-08-31T22:05:36.253,125175500,P021,light_pressure,QUALITY,,,,83,4727317,106220,101368,108062.45,106102.05,-1842.45,-4734.05,-3875.83,5598.09,False,False,nan,True,0.762,88.24,90.15,True,0,COLLECTING,0,,0,,,,,7,98,100,30,60,0.9998024804930222,0.17320508075688776
2026-08-31T22:05:36.265,125175515,P021,light_pressure,QUALITY,,,,84,4727357,106356,101632,108028.32,106012.65,-1672.32,-4380.65,-4002.03,5566.17,False,False,nan,True,0.762,88.24,90.15,True,0,COLLECTING,0,,0,,,,,7,98,100,30,60,0.9998024804930222,0.17320508075688776
2026-08-31T22:05:36.276,125175531,P021,light_pressure,QUALITY,,,,85,4727397,106449,101820,107996.73,105928.8,-1547.73,-4108.8,-4028.72,5535.42,False,False,nan,True,0.762,88.24,90.15,True,0,COLLECTING,0,,0,,,,,7,98,100,30,60,0.9998024804930222,0.17320508075688776
2026-08-31T22:05:36.299,125175546,P021,light_pressure,QUALITY,,,,86,4727437,106522,101975,107967.24,105849.72,-1445.24,-3874.72,-3990.22,5504.52,False,False,nan,True,0.762,88.24,90.15,True,0,COLLECTING,0,,0,,,,,7,98,100,30,60,0.9998024804930222,0.17320508075688776
2026-08-31T22:05:36.443,125175687,P021,light_pressure,QUALITY,,,,87,4727477,106587,102072,107939.64,105774.16,-1352.64,-3702.16,-3918.21,5472.79,False,False,nan,True,0.762,88.24,90.15,True,0,COLLECTING,0,,0,,,,,7,98,100,30,60,0.9998024804930222,0.17320508075688776
2026-08-31T22:05:36.455,125175703,P021,light_pressure,QUALITY,,,,88,4727517,106607,102014,107912.98,105698.96,-1305.98,-3684.96,-3859.9,5440.53,False,False,nan,True,0.762,88.24,90.15,True,0,COLLECTING,0,,0,,,,,7,98,100,30,60,0.9998024804930222,0.17320508075688776
2026-08-31T22:05:36.466,125175718,P021,light_pressure,QUALITY,,,,89,4727557,106522,101805,107885.16,105621.08,-1363.16,-3816.08,-3848.94,5408.7,False,False,nan,True,0.762,88.24,90.15,True,0,COLLECTING,0,,0,,,,,7,98,100,30,60,0.9998024804930222,0.17320508075688776
2026-08-31T22:05:36.475,125175718,P021,light_pressure,QUALITY,,,,90,4727597,106147,101098,107850.4,105530.62,-1703.4,-4432.62,-3994.86,5380.43,False,False,nan,True,0.762,88.24,90.15,True,0,COLLECTING,0,,0,,,,,7,98,100,30,60,0.9998024804930222,0.17320508075688776
2026-08-31T22:05:36.499,125175750,P021,light_pressure,QUALITY,,,,91,4727637,105795,100494,107809.29,105429.88,-2014.29,-4935.88,-4230.12,5357.42,False,False,nan,True,0.762,88.24,90.15,True,0,COLLECTING,0,,0,,,,,7,98,100,30,60,0.9998024804930222,0.17320508075688776
2026-08-31T22:05:36.644,125175890,P021,light_pressure,QUALITY,,,,92,4727677,105811,100564,107769.32,105332.56,-1958.32,-4768.56,-4364.73,5337.57,False,False,nan,True,0.762,88.24,90.15,True,0,COLLECTING,0,,0,,,,,7,98,100,30,60,0.9998024804930222,0.17320508075688776
2026-08-31T22:05:36.655,125175906,P021,light_pressure,QUALITY,,,,93,4727717,105797,100545,107729.88,105236.81,-1932.88,-4691.81,-4446.5,5319.74,False,False,nan,True,0.762,88.24,90.15,True,0,COLLECTING,0,,0,,,,,7,98,100,30,60,0.9998024804930222,0.17320508075688776
2026-08-31T22:05:36.666,125175921,P021,light_pressure,QUALITY,,,,94,4727757,105647,100297,107688.22,105138.02,-2041.22,-4841.02,-4545.13,5304.25,False,False,nan,True,0.762,88.24,90.15,True,0,COLLECTING,0,,0,,,,,7,98,100,30,60,0.9998024804930222,0.17320508075688776
2026-08-31T22:05:36.676,125175921,P021,light_pressure,QUALITY,,,,95,4727797,105505,100041,107644.55,105036.08,-2139.55,-4995.08,-4657.62,5291.32,False,False,nan,True,0.762,88.24,90.15,True,0,COLLECTING,0,,0,,,,,7,98,100,30,60,0.9998024804930222,0.17320508075688776
2026-08-31T22:05:36.700,125175953,P021,light_pressure,QUALITY,,,,96,4727837,105234,99549,107596.34,104926.34,-2362.34,-5377.34,-4837.55,5282.24,False,False,nan,True,0.762,88.24,90.15,True,0,COLLECTING,0,,0,,,,,7,98,100,30,60,0.9998024804930222,0.17320508075688776
2026-08-31T22:05:36.844,125176093,P021,light_pressure,QUALITY,,,,97,4727877,105002,99104,107544.45,104809.89,-2542.45,-5705.89,-5054.63,5277.69,False,False,nan,True,0.762,88.24,90.15,True,0,COLLECTING,0,,0,,,,,7,98,100,30,60,0.9998024804930222,0.17320508075688776
2026-08-31T22:05:36.854,125176109,P021,light_pressure,QUALITY,,,,98,4727917,104906,98916,107491.69,104692.02,-2585.69,-5776.02,-5234.98,5276.84,False,False,nan,True,0.762,88.24,90.15,True,0,COLLECTING,0,,0,,,,,7,98,100,30,60,0.9998024804930222,0.17320508075688776
2026-08-31T22:05:36.867,125176125,P021,light_pressure,QUALITY,,,,99,4727957,104864,98854,107439.13,104575.26,-2575.13,-5721.26,-5356.55,5278.43,False,False,nan,True,0.762,88.24,90.15,True,0,COLLECTING,0,,0,,,,,7,98,100,30,60,0.9998024804930222,0.17320508075688776
2026-08-31T22:05:36.875,125176125,P021,light_pressure,QUALITY,,,,100,4727997,104730,98597,107384.95,104455.7,-2654.95,-5858.7,-5482.08,5282.5,False,False,nan,True,0.762,88.24,90.15,True,0,COLLECTING,0,,0,,,,,7,98,100,30,60,0.9998024804930222,0.17320508075688776
2026-08-31T22:05:36.898,125176156,P021,light_pressure,QUALITY,,,,101,4728037,104654,98387,107330.34,104334.32,-2676.34,-5947.32,-5598.39,5288.82,False,False,nan,True,0.762,88.24,90.15,True,0,COLLECTING,0,,0,,,,,7,98,100,30,60,0.9998024804930222,0.17320508075688776
2026-08-31T22:05:37.046,125176296,P021,light_pressure,QUALITY,,,,102,4728077,104578,98448,107275.29,104216.59,-2697.29,-5768.59,-5640.94,5295.86,False,False,nan,True,0.762,88.24,90.15,True,0,COLLECTING,0,,0,,,,,7,98,100,30,60,0.9998024804930222,0.17320508075688776
2026-08-31T22:05:37.056,125176312,P021,light_pressure,QUALITY,,,,103,4728117,104541,98335,107220.6,104098.96,-2679.6,-5763.96,-5671.7,5303.38,False,False,nan,True,0.762,88.24,90.15,True,0,COLLECTING,0,,0,,,,,7,98,100,30,60,0.9998024804930222,0.17320508075688776
2026-08-31T22:05:37.066,125176312,P021,light_pressure,QUALITY,,,,104,4728157,104548,98262,107167.15,103982.22,-2619.15,-5720.22,-5683.83,5310.99,False,False,nan,True,0.762,88.24,90.15,True,0,COLLECTING,0,,0,,,,,7,98,100,30,60,0.9998024804930222,0.17320508075688776
2026-08-31T22:05:37.075,125176328,P021,light_pressure,QUALITY,,,,105,4728197,104542,98248,107114.65,103867.53,-2572.65,-5619.53,-5667.75,5318.13,False,False,nan,True,0.762,88.24,90.15,True,0,COLLECTING,0,,0,,,,,7,98,100,30,60,0.9998024804930222,0.17320508075688776
2026-08-31T22:05:37.100,125176343,P021,light_pressure,QUALITY,,,,106,4728237,104515,98157,107062.66,103753.32,-2547.66,-5596.32,-5649.9,5324.76,False,False,nan,True,0.762,88.24,90.15,True,0,COLLECTING,0,,0,,,,,7,98,100,30,60,0.9998024804930222,0.17320508075688776
2026-08-31T22:05:37.243,125176500,P021,light_pressure,QUALITY,,,,107,4728277,104494,98087,107011.28,103639.99,-2517.28,-5552.99,-5625.67,5330.78,False,False,nan,True,0.762,88.24,90.15,True,0,COLLECTING,0,,0,,,,,7,98,100,30,60,0.9998024804930222,0.17320508075688776
2026-08-31T22:05:37.256,125176500,P021,light_pressure,QUALITY,,,,108,4728317,104475,98084,106960.55,103528.88,-2485.55,-5444.88,-5580.47,5335.77,False,False,nan,True,0.762,88.24,90.15,True,0,COLLECTING,0,,0,,,,,7,98,100,30,60,0.9998024804930222,0.17320508075688776
2026-08-31T22:05:37.266,125176515,P021,light_pressure,QUALITY,,,,109,4728357,104466,98108,106910.66,103420.46,-2444.66,-5312.46,-5513.47,5339.33,False,False,nan,True,0.762,88.24,90.15,True,0,COLLECTING,0,,0,,,,,7,98,100,30,60,0.9998024804930222,0.17320508075688776
2026-08-31T22:05:37.275,125176531,P021,light_pressure,QUALITY,,,,110,4728397,104482,98149,106862.09,103315.03,-2380.09,-5166.03,-5426.61,5341.07,False,False,nan,True,0.762,88.24,90.15,True,0,COLLECTING,0,,0,,,,,7,98,100,30,60,0.9998024804930222,0.17320508075688776
2026-08-31T22:05:37.297,125176546,P021,light_pressure,QUALITY,,,,111,4728437,104436,98137,106813.57,103211.47,-2377.57,-5074.47,-5338.57,5341.02,False,False,nan,True,0.762,88.24,90.15,True,0,COLLECTING,0,,0,,,,,7,98,100,30,60,0.9998024804930222,0.17320508075688776
2026-08-31T22:05:37.445,125176703,P021,light_pressure,QUALITY,,,,112,4728477,104363,98053,106764.56,103108.3,-2401.56,-5055.3,-5267.75,5339.56,False,False,nan,True,0.762,88.24,90.15,True,0,COLLECTING,0,,0,,,,,7,98,100,30,60,0.9989134096607173,0.17320508075688776
2026-08-31T22:05:37.454,125176703,P021,light_pressure,QUALITY,,,,113,4728517,104295,97988,106715.17,103005.89,-2420.17,-5017.89,-5205.29,5336.87,False,False,nan,True,0.762,88.24,90.15,True,0,COLLECTING,0,,0,,,,,7,98,100,30,60,0.9989134096607173,0.17320508075688776
2026-08-31T22:05:37.467,125176718,P021,light_pressure,QUALITY,,,,114,4728557,104362,98132,106668.11,102908.41,-2306.11,-4776.41,-5098.07,5332.1,False,False,nan,True,0.762,88.24,90.15,True,0,COLLECTING,0,,0,,,,,7,98,100,30,60,0.9989134096607173,0.17320508075688776
2026-08-31T22:05:37.476,125176734,P021,light_pressure,QUALITY,,,,115,4728597,104461,98345,106623.97,102817.15,-2162.97,-4472.15,-4941.59,5324.29,False,False,nan,True,0.762,88.24,90.15,True,0,COLLECTING,0,,0,,,,,7,98,100,30,60,0.9989134096607173,0.17320508075688776
2026-08-31T22:05:37.498,125176750,P021,light_pressure,QUALITY,,,,116,4728637,104526,98509,106582.01,102730.98,-2056.01,-4221.98,-4761.69,5313.03,False,False,nan,True,0.762,88.24,90.15,True,0,COLLECTING,0,,0,,,,,7,98,100,30,60,0.9989134096607173,0.17320508075688776
2026-08-31T22:05:37.643,125176890,P021,light_pressure,QUALITY,,,,117,4728677,104632,98762,106543.01,102651.6,-1911.01,-3889.6,-4543.67,5297.65,False,False,nan,True,0.762,88.24,90.15,True,0,COLLECTING,0,,0,,,,,7,98,100,30,60,0.9998024804930222,0.17320508075688776
2026-08-31T22:05:37.655,125176906,P021,light_pressure,QUALITY,,,,118,4728717,104782,99112,106507.79,102580.81,-1725.79,-3468.81,-4274.95,5277.19,False,False,nan,True,0.762,88.24,90.15,True,0,COLLECTING,0,,0,,,,,7,98,100,30,60,0.9998024804930222,0.17320508075688776
2026-08-31T22:05:37.666,125176921,P021,light_pressure,QUALITY,,,,119,4728757,104868,99321,106474.99,102515.62,-1606.99,-3194.62,-4004.87,5251.75,False,False,nan,True,0.762,88.24,90.15,True,0,COLLECTING,0,,0,,,,,7,98,100,30,60,0.9998024804930222,0.17320508075688776
2026-08-31T22:05:37.676,125176921,P021,light_pressure,QUALITY,,,,120,4728797,104873,99411,106442.95,102453.52,-1569.95,-3042.52,-3764.28,5222.0,False,False,nan,True,0.762,88.24,90.15,True,0,COLLECTING,0,,0,,,,,7,98,100,30,60,0.9998024804930222,0.17320508075688776
2026-08-31T22:05:37.699,125176953,P021,light_pressure,QUALITY,,,,121,4728837,104810,99355,106410.3,102391.55,-1600.3,-3036.55,-3582.35,5189.2,False,False,nan,True,0.762,88.24,90.15,True,0,COLLECTING,0,,0,,,,,7,98,100,30,60,0.9998024804930222,0.17320508075688776
2026-08-31T22:05:37.844,125177093,P021,light_pressure,QUALITY,,,,122,4728877,104750,99281,106377.09,102329.34,-1627.09,-3048.34,-3448.85,5154.4,False,False,nan,True,0.762,88.24,90.15,True,0,COLLECTING,0,,0,,,,,7,98,100,30,60,0.9998024804930222,0.17320508075688776
2026-08-31T22:05:37.855,125177109,P021,light_pressure,QUALITY,,,,123,4728927,104759,99313,106344.73,102269.02,-1585.73,-2956.02,-3325.64,5117.82,False,False,nan,True,0.762,88.24,90.15,True,0,COLLECTING,0,,0,,,,,7,98,100,30,60,0.9998024804930222,0.17320508075688776
2026-08-31T22:05:37.866,125177125,P021,light_pressure,QUALITY,,,,124,4728967,104795,99393,106313.74,102211.49,-1518.74,-2818.49,-3198.85,5079.44,False,False,nan,True,0.762,88.24,90.15,True,0,COLLECTING,0,,0,,,,,7,98,100,30,60,0.9998024804930222,0.17320508075688776
2026-08-31T22:05:37.876,125177125,P021,light_pressure,QUALITY,,,,125,4728997,104831,99503,106284.09,102157.32,-1453.09,-2654.32,-3062.72,5039.11,False,False,nan,True,0.762,88.24,90.15,True,0,COLLECTING,0,,0,,,,,7,98,100,30,60,0.9998024804930222,0.17320508075688776
2026-08-31T22:05:37.909,125177156,P021,light_pressure,QUALITY,,,,126,4729047,104922,99643,106256.84,102107.03,-1334.84,-2464.03,-2913.05,4996.59,False,False,nan,True,0.762,88.24,90.15,True,0,COLLECTING,0,,0,,,,,7,98,100,30,60,0.9998024804930222,0.17320508075688776
2026-08-31T22:05:38.044,125177296,P021,light_pressure,QUALITY,,,,127,4729087,105089,99986,106233.48,102064.61,-1144.48,-2078.61,-2704.44,4950.74,False,False,nan,True,0.762,88.24,90.15,True,0,COLLECTING,0,,0,,,,,7,98,100,30,60,0.9998024804930222,0.17320508075688776
2026-08-31T22:05:38.055,125177312,P021,light_pressure,QUALITY,,,,128,4729127,104981,99777,106208.44,102018.86,-1227.44,-2241.86,-2588.79,4903.51,False,False,nan,True,0.762,88.24,90.15,True,0,COLLECTING,0,,0,,,,,7,98,100,30,60,0.9998024804930222,0.17320508075688776
2026-08-31T22:05:38.066,125177312,P021,light_pressure,QUALITY,,,,129,4729167,104795,99472,106180.17,101967.92,-1385.17,-2495.92,-2565.58,4856.75,False,False,nan,True,0.762,88.24,90.15,True,0,COLLECTING,0,,0,,,,,7,98,100,30,60,0.9998024804930222,0.17320508075688776
2026-08-31T22:05:38.076,125177328,P021,light_pressure,QUALITY,,,,130,4729207,104673,99153,106150.03,101911.62,-1477.03,-2758.62,-2613.84,4811.89,False,False,nan,True,0.762,88.24,90.15,True,0,COLLECTING,0,,0,,,,,7,98,100,30,60,0.9998024804930222,0.17320508075688776
2026-08-31T22:05:38.108,125177359,P021,light_pressure,QUALITY,,,,131,4729247,104602,99113,106119.07,101855.66,-1517.07,-2742.66,-2646.04,4768.57,False,False,nan,True,0.762,88.24,90.15,True,0,COLLECTING,0,,0,,,,,7,98,100,30,60,0.9998024804930222,0.17320508075688776
2026-08-31T22:05:38.243,125177500,P021,light_pressure,QUALITY,,,,132,4729287,104559,99055,106087.87,101799.64,-1528.87,-2744.64,-2670.69,4726.61,False,False,nan,True,0.762,88.24,90.15,True,0,COLLECTING,0,,0,,,,,7,98,100,30,60,0.9998024804930222,0.17320508075688776
2026-08-31T22:05:38.255,125177500,P021,light_pressure,QUALITY,,,,133,4729327,104544,99019,106056.99,101744.03,-1512.99,-2725.03,-2684.28,4685.77,False,False,nan,True,0.762,88.24,90.15,True,0,COLLECTING,0,,0,,,,,7,98,100,30,60,0.9998024804930222,0.17320508075688776
2026-08-31T22:05:38.266,125177515,P021,light_pressure,QUALITY,,,,134,4729367,104538,98999,106026.61,101689.13,-1488.61,-2690.13,-2685.74,4645.77,False,False,nan,True,0.762,88.24,90.15,True,0,COLLECTING,0,,0,,,,,7,98,100,30,60,0.9998024804930222,0.17320508075688776
2026-08-31T22:05:38.276,125177531,P021,light_pressure,QUALITY,,,,135,4729407,104536,99035,105996.8,101636.05,-1460.8,-2601.05,-2664.57,4606.14,False,False,nan,True,0.762,88.24,90.15,True,0,COLLECTING,0,,0,,,,,7,98,100,30,60,0.9998024804930222,0.17320508075688776
2026-08-31T22:05:38.311,125177562,P021,light_pressure,QUALITY,,,,136,4729447,104540,99036,105967.66,101584.05,-1427.66,-2548.05,-2635.44,4566.73,False,False,nan,True,0.762,88.24,90.15,True,0,COLLECTING,0,,0,,,,,7,98,100,30,60,0.9998024804930222,0.17320508075688776
2026-08-31T22:05:38.444,125177687,P021,light_pressure,QUALITY,,,,137,4729487,104592,99132,105940.15,101535.01,-1348.15,-2403.01,-2577.33,4526.94,False,False,nan,True,0.762,88.24,90.15,True,0,COLLECTING,0,,0,,,,,7,98,100,30,60,0.9989134096607173,0.17320508075688776
2026-08-31T22:05:38.455,125177703,P021,light_pressure,QUALITY,,,,138,4729527,104650,99292,105914.34,101490.15,-1264.34,-2198.15,-2482.53,4486.05,False,False,nan,True,0.762,88.24,90.15,True,0,COLLECTING,0,,0,,,,,7,98,100,30,60,0.9989134096607173,0.17320508075688776
2026-08-31T22:05:38.466,125177718,P021,light_pressure,QUALITY,,,,139,4729567,104709,99455,105890.23,101449.45,-1181.23,-1994.45,-2360.51,4443.54,False,False,nan,True,0.762,88.24,90.15,True,0,COLLECTING,0,,0,,,,,7,98,100,30,60,0.9989134096607173,0.17320508075688776
2026-08-31T22:05:38.475,125177718,P021,light_pressure,QUALITY,,,,140,4729607,104771,99523,105867.85,101410.91,-1096.85,-1887.91,-2242.36,4399.52,False,False,nan,True,0.762,88.24,90.15,True,0,COLLECTING,0,,0,,,,,7,98,100,30,60,0.9989134096607173,0.17320508075688776
2026-08-31T22:05:38.508,125177765,P021,light_pressure,QUALITY,,,,141,4729647,104751,99616,105845.52,101375.02,-1094.52,-1759.02,-2121.53,4353.96,False,False,nan,True,0.762,88.24,90.15,True,0,COLLECTING,0,,0,,,,,7,98,100,30,60,0.9989134096607173,0.17320508075688776
2026-08-31T22:05:38.644,125177890,P021,light_pressure,QUALITY,,,,142,4729687,104820,99743,105825.01,101342.38,-1005.01,-1599.38,-1990.99,4306.7,False,False,nan,True,0.762,88.24,90.15,True,0,COLLECTING,0,,0,,,,,7,98,100,30,60,1.000024999687508,0.17320508075688776
2026-08-31T22:05:38.655,125177906,P021,light_pressure,QUALITY,,,,143,4729727,104910,99946,105806.71,101314.45,-896.71,-1368.45,-1835.35,4257.27,False,False,nan,True,0.762,88.24,90.15,True,0,COLLECTING,0,,0,,,,,7,98,100,30,60,1.000024999687508,0.17320508075688776
2026-08-31T22:05:38.667,125177921,P021,light_pressure,QUALITY,,,,144,4729767,104860,99908,105787.77,101286.32,-927.77,-1378.32,-1721.09,4206.55,False,False,nan,True,0.762,88.24,98.17,True,0,COLLECTING,0,,0,,,,,7,98,100,30,60,1.000024999687508,0.17320508075688776
2026-08-31T22:05:38.676,125177921,P021,light_pressure,QUALITY,,,,145,4729807,104913,99911,105770.28,101258.81,-857.28,-1347.81,-1627.77,4154.97,False,False,nan,True,0.762,88.24,98.17,True,0,COLLECTING,0,,0,,,,,7,98,100,30,60,1.000024999687508,0.17320508075688776
2026-08-31T22:05:38.709,125177953,P021,light_pressure,QUALITY,,,,146,4729847,104926,100056,105753.4,101234.76,-827.4,-1178.76,-1515.52,4102.18,False,False,nan,True,0.762,88.24,98.17,True,0,COLLECTING,0,,0,,,,,7,98,100,30,60,1.000024999687508,0.17320508075688776
2026-08-31T22:05:38.843,125178093,P021,light_pressure,QUALITY,,,,147,4729887,104946,100069,105737.25,101211.45,-791.25,-1142.45,-1422.25,4048.58,False,False,nan,True,0.762,88.24,98.17,True,0,COLLECTING,0,,0,,,,,7,98,100,30,60,0.9998024804930222,0.24494897427831783
2026-08-31T22:05:38.855,125178109,P021,light_pressure,QUALITY,,,,148,4729927,104901,100025,105720.52,101187.72,-819.52,-1162.72,-1357.37,3994.76,False,False,nan,True,0.762,88.24,98.17,True,0,COLLECTING,0,,0,,,,,7,98,100,30,60,0.9998024804930222,0.24494897427831783
2026-08-31T22:05:38.865,125178109,P021,light_pressure,QUALITY,,,,149,4729967,104897,100038,105704.05,101164.73,-807.05,-1126.73,-1299.71,3940.86,False,False,nan,True,0.762,88.24,98.17,True,0,COLLECTING,0,,0,,,,,7,98,100,30,60,0.9998024804930222,0.24494897427831783
2026-08-31T22:05:38.875,125178125,P021,light_pressure,QUALITY,,,,150,4730007,104938,100079,105688.73,101143.02,-750.73,-1064.02,-1240.78,3886.86,False,False,nan,True,0.762,88.24,98.17,True,0,COLLECTING,0,,0,,,,,7,98,100,30,60,0.9998024804930222,0.24494897427831783
2026-08-31T22:05:38.908,125178156,P021,light_pressure,QUALITY,,,,151,4730047,104865,100007,105672.26,101120.3,-807.26,-1113.3,-1208.91,3833.3,False,False,nan,True,0.762,88.24,98.17,True,0,COLLECTING,0,,0,,,,,7,98,100,30,60,0.9998024804930222,0.24494897427831783
2026-08-31T22:05:39.043,125178296,P021,light_pressure,QUALITY,,,,152,4730087,104835,100002,105655.52,101097.93,-820.52,-1095.93,-1180.67,3780.25,False,False,nan,True,0.762,88.24,98.17,True,0,COLLECTING,0,,0,,,,,7,98,100,30,60,0.9998024804930222,0.17320508075688776
2026-08-31T22:05:39.056,125178312,P021,light_pressure,QUALITY,,,,153,4730127,104892,100049,105640.24,101076.95,-748.24,-1027.95,-1142.49,3727.49,False,False,nan,True,0.762,88.24,98.17,True,0,COLLECTING,0,,0,,,,,7,98,100,30,60,0.9998024804930222,0.17320508075688776
2026-08-31T22:05:39.066,125178312,P021,light_pressure,QUALITY,,,,154,4730167,104941,100100,105626.26,101057.41,-685.26,-957.41,-1096.22,3674.87,False,False,nan,True,0.762,88.24,98.17,True,0,COLLECTING,0,,0,,,,,7,98,100,30,60,0.9998024804930222,0.17320508075688776
2026-08-31T22:05:39.075,125178328,P021,light_pressure,QUALITY,,,,155,4730207,105004,100224,105613.81,101040.74,-609.81,-816.74,-1026.35,3621.9,False,False,nan,True,0.762,88.24,98.17,True,0,COLLECTING,0,,0,,,,,7,98,100,30,60,0.9998024804930222,0.17320508075688776
2026-08-31T22:05:39.108,125178359,P021,light_pressure,QUALITY,,,,156,4730247,104968,100138,105600.9,101022.69,-632.9,-884.69,-990.93,3569.28,False,False,nan,True,0.762,88.24,98.17,True,0,COLLECTING,0,,0,,,,,7,98,100,30,60,0.9998024804930222,0.17320508075688776
2026-08-31T22:05:39.247,125178500,P021,light_pressure,QUALITY,,,,157,4730287,104958,100154,105588.04,101005.31,-630.04,-851.31,-956.03,3517.01,False,False,nan,True,0.762,88.24,98.17,True,0,COLLECTING,0,,0,,,,,7,98,100,30,60,0.9998024804930222,0.17320508075688776
2026-08-31T22:05:39.255,125178500,P021,light_pressure,QUALITY,,,,158,4730327,104953,100134,105575.34,100987.88,-622.34,-853.88,-930.49,3465.28,False,False,nan,True,0.762,88.24,98.17,True,0,COLLECTING,0,,0,,,,,7,98,100,30,60,0.9998024804930222,0.17320508075688776
2026-08-31T22:05:39.267,125178515,P021,light_pressure,QUALITY,,,,159,4730367,104952,100115,105562.87,100970.42,-610.87,-855.42,-911.72,3414.21,False,False,nan,True,0.762,88.24,98.17,True,0,COLLECTING,0,,0,,,,,7,98,100,30,60,0.9998024804930222,0.17320508075688776
2026-08-31T22:05:39.275,125178531,P021,light_pressure,QUALITY,,,,160,4730407,104916,100027,105549.93,100951.55,-633.93,-924.55,-914.93,3364.22,False,False,nan,True,0.762,88.24,98.17,True,0,COLLECTING,0,,0,,,,,7,98,100,30,60,0.9998024804930222,0.17320508075688776
2026-08-31T22:05:39.309,125178562,P021,light_pressure,QUALITY,,,,161,4730447,104959,100010,105538.11,100932.73,-579.11,-922.73,-916.88,3315.28,False,False,nan,True,0.762,88.24,98.17,True,0,COLLECTING,0,,0,,,,,7,98,100,30,60,0.9998024804930222,0.17320508075688776
2026-08-31T22:05:39.448,125178703,P021,light_pressure,QUALITY,,,,162,4730487,104983,100090,105527.01,100915.88,-544.01,-825.88,-894.13,3266.85,False,False,nan,True,0.762,88.24,98.17,True,0,COLLECTING,0,,0,,,,,7,98,100,30,60,0.9998024804930222,0.17320508075688776
2026-08-31T22:05:39.455,125178703,P021,light_pressure,QUALITY,,,,163,4730527,105026,100113,105516.98,100899.82,-490.98,-786.82,-867.3,3218.86,False,False,nan,True,0.762,88.24,98.17,True,0,COLLECTING,0,,0,,,,,7,98,100,30,60,0.9998024804930222,0.17320508075688776
2026-08-31T22:05:39.466,125178718,P021,light_pressure,QUALITY,,,,164,4730567,105054,100125,105507.73,100884.32,-453.73,-759.32,-840.31,3171.29,False,False,nan,True,0.762,88.24,98.17,True,0,COLLECTING,0,,0,,,,,7,98,100,30,60,0.9998024804930222,0.17320508075688776
2026-08-31T22:05:39.475,125178734,P021,light_pressure,QUALITY,,,,165,4730607,105018,100010,105497.93,100866.84,-479.93,-856.84,-844.44,3124.76,False,False,nan,True,0.762,88.24,98.17,True,0,COLLECTING,0,,0,,,,,7,98,100,30,60,0.9998024804930222,0.17320508075688776
2026-08-31T22:05:39.509,125178765,P021,light_pressure,QUALITY,,,,166,4730647,105038,100083,105488.73,100851.16,-450.73,-768.16,-825.37,3078.77,False,False,nan,True,0.762,88.24,98.17,True,0,COLLECTING,0,,0,,,,,7,98,100,30,60,0.9998024804930222,0.17320508075688776
2026-08-31T22:05:39.644,125178890,P021,light_pressure,QUALITY,,,,167,4730687,105073,100145,105480.42,100837.03,-407.42,-692.03,-792.03,3033.03,False,False,nan,True,0.762,88.24,98.17,True,0,COLLECTING,0,,0,,,,,7,98,100,30,60,0.9998024804930222,0.17320508075688776
2026-08-31T22:05:39.655,125178906,P021,light_pressure,QUALITY,,,,168,4730727,105109,100248,105472.99,100825.25,-363.99,-577.25,-738.34,2987.14,False,False,nan,True,0.762,88.24,98.17,True,0,COLLECTING,0,,0,,,,,7,98,100,30,60,0.9998024804930222,0.17320508075688776
2026-08-31T22:05:39.666,125178921,P021,light_pressure,QUALITY,,,,169,4730767,105233,100524,105468.2,100819.23,-235.2,-295.23,-627.56,2939.95,False,False,nan,True,0.762,88.24,98.17,True,0,COLLECTING,0,,0,,,,,7,98,100,30,60,0.9998024804930222,0.17320508075688776
2026-08-31T22:05:39.674,125178921,P021,light_pressure,QUALITY,,,,170,4730807,105369,100814,105466.21,100819.12,-97.21,-5.12,-471.95,2890.59,False,False,nan,True,0.762,88.24,98.17,True,0,COLLECTING,0,,0,,,,,7,98,100,30,60,0.9998024804930222,0.17320508075688776
2026-08-31T22:05:39.707,125178953,P021,light_pressure,QUALITY,,,,171,4730847,105378,100837,105464.45,100819.48,-86.45,17.52,-349.58,2839.77,False,False,nan,True,0.762,88.24,98.17,True,0,COLLECTING,0,,0,,,,,7,98,100,30,60,0.9998024804930222,0.17320508075688776
2026-08-31T22:05:39.844,125179093,P021,light_pressure,QUALITY,,,,172,4730887,105383,100852,105462.82,100820.13,-79.82,31.87,-254.22,2788.06,False,False,nan,True,0.762,88.24,98.17,True,0,COLLECTING,0,,0,,,,,7,98,100,30,60,0.9998024804930222,0.17320508075688776
2026-08-31T22:05:39.855,125179109,P021,light_pressure,QUALITY,,,,173,4730927,105387,100756,105461.3,100818.85,-74.3,-62.85,-206.38,2736.42,False,False,nan,True,0.762,88.24,98.17,True,0,COLLECTING,0,,0,,,,,7,98,100,30,60,0.9998024804930222,0.17320508075688776
2026-08-31T22:05:39.865,125179109,P021,light_pressure,QUALITY,,,,174,4730967,105340,100677,105458.88,100816.02,-118.88,-139.02,-189.54,2685.49,False,False,nan,True,0.762,88.24,98.17,True,0,COLLECTING,0,,0,,,,,7,98,100,30,60,0.9998024804930222,0.17320508075688776
2026-08-31T22:05:39.875,125179125,P021,light_pressure,QUALITY,,,,175,4731007,105289,100655,105455.48,100812.8,-166.48,-157.8,-181.6,2635.41,False,False,nan,True,0.762,88.24,98.17,True,0,COLLECTING,0,,0,,,,,7,98,100,30,60,0.9998024804930222,0.17320508075688776
2026-08-31T22:05:39.908,125179156,P021,light_pressure,QUALITY,,,,176,4731047,105333,100609,105453.02,100808.72,-120.02,-199.72,-186.13,2586.42,False,False,nan,True,0.762,88.24,98.17,True,0,COLLECTING,0,,0,,,,,7,98,100,30,60,0.9998024804930222,0.17320508075688776
2026-08-31T22:05:40.043,125179296,P021,light_pressure,QUALITY,,,,177,4731087,105247,100454,105448.91,100801.62,-201.91,-347.62,-226.51,2539.22,False,False,nan,True,0.762,88.24,98.17,True,0,COLLECTING,0,,0,,,,,7,98,100,30,60,0.9998024804930222,0.17320508075688776
2026-08-31T22:05:40.056,125179312,P021,light_pressure,QUALITY,,,,178,4731127,105138,100220,105442.69,100789.99,-304.69,-569.99,-312.38,2494.69,False,False,nan,True,0.762,88.24,98.17,True,0,COLLECTING,0,,0,,,,,7,98,100,30,60,0.9998024804930222,0.17320508075688776
2026-08-31T22:05:40.066,125179312,P021,light_pressure,QUALITY,,,,179,4731167,105109,100218,105436.02,100778.55,-327.02,-560.55,-374.42,2452.28,False,False,nan,True,0.762,88.24,98.17,True,0,COLLECTING,0,,0,,,,,7,98,100,30,60,0.9998024804930222,0.17320508075688776
2026-08-31T22:05:40.075,125179328,P021,light_pressure,QUALITY,,,,180,4731207,105163,100337,105430.55,100769.73,-267.55,-432.73,-389.0,2411.02,False,False,nan,True,0.762,88.24,98.17,True,0,COLLECTING,0,,0,,,,,7,98,100,30,60,0.9998024804930222,0.17320508075688776
2026-08-31T22:05:40.107,125179359,P021,light_pressure,QUALITY,,,,181,4731247,105240,100438,105426.74,100763.09,-186.74,-325.09,-373.02,2370.26,False,False,nan,True,0.762,88.24,98.17,True,0,COLLECTING,0,,0,,,,,7,98,100,30,60,0.9998024804930222,0.17320508075688776
2026-08-31T22:05:40.242,125179500,P021,light_pressure,QUALITY,,,,182,4731287,105268,100457,105423.57,100756.97,-155.57,-299.97,-354.76,2329.95,False,False,nan,True,0.762,88.24,98.17,True,0,COLLECTING,0,,0,,,,,7,98,100,30,60,0.9998024804930222,0.17320508075688776
2026-08-31T22:05:40.255,125179500,P021,light_pressure,QUALITY,,,,183,4731327,105231,100426,105419.72,100750.35,-188.72,-324.35,-347.16,2290.29,False,False,nan,True,0.762,88.24,98.17,True,0,COLLECTING,0,,0,,,,,7,98,100,30,60,0.9998024804930222,0.17320508075688776
2026-08-31T22:05:40.265,125179515,P021,light_pressure,QUALITY,,,,184,4731367,105253,100389,105416.38,100743.12,-163.38,-354.12,-348.9,2251.46,False,False,nan,True,0.762,88.24,98.17,True,0,COLLECTING,0,,0,,,,,7,98,100,30,60,0.9998024804930222,0.17320508075688776
2026-08-31T22:05:40.275,125179531,P021,light_pressure,QUALITY,,,,185,4731407,105191,100335,105411.88,100734.96,-220.88,-399.96,-361.66,2213.67,False,False,nan,True,0.762,88.24,98.17,True,0,COLLECTING,0,,0,,,,,7,98,100,30,60,0.9998024804930222,0.17320508075688776
2026-08-31T22:05:40.309,125179562,P021,light_pressure,QUALITY,,,,186,4731447,105222,100321,105408.08,100726.68,-186.08,-405.68,-372.67,2176.85,False,False,nan,True,0.762,88.24,98.17,True,0,COLLECTING,0,,0,,,,,7,98,100,30,60,0.9998024804930222,0.17320508075688776
2026-08-31T22:05:40.443,125179687,P021,light_pressure,QUALITY,,,,187,4731487,105260,100360,105405.12,100719.34,-145.12,-359.34,-369.34,2140.7,False,False,nan,True,0.762,88.24,98.17,True,0,COLLECTING,0,,0,,,,,7,98,100,30,60,0.9998024804930222,0.17320508075688776
2026-08-31T22:05:40.455,125179703,P021,light_pressure,QUALITY,,,,188,4731527,105247,100401,105401.95,100712.98,-154.95,-311.98,-355.0,2104.98,False,False,nan,True,0.762,88.24,98.17,True,0,COLLECTING,0,,0,,,,,7,98,100,30,60,0.9998024804930222,0.17320508075688776
2026-08-31T22:05:40.465,125179718,P021,light_pressure,QUALITY,,,,189,4731567,105297,100456,105399.85,100707.84,-102.85,-251.84,-329.21,2069.47,False,False,nan,True,0.762,88.24,98.17,True,0,COLLECTING,0,,0,,,,,7,98,100,30,60,0.9998024804930222,0.17320508075688776
2026-08-31T22:05:40.473,125179718,P021,light_pressure,QUALITY,,,,190,4731607,105303,100473,105397.91,100703.14,-94.91,-230.14,-304.44,2034.17,False,False,nan,True,0.762,88.24,98.17,True,0,COLLECTING,0,,0,,,,,7,98,100,30,60,0.9998024804930222,0.17320508075688776
2026-08-31T22:05:40.509,125179765,P021,light_pressure,QUALITY,,,,191,4731647,105292,100453,105395.8,100698.14,-103.8,-245.14,-289.62,1999.28,False,False,nan,True,0.762,88.24,98.17,True,0,COLLECTING,0,,0,,,,,7,98,100,30,60,0.9998024804930222,0.17320508075688776
2026-08-31T22:05:40.644,125179890,P021,light_pressure,QUALITY,,,,192,4731687,105323,100499,105394.34,100694.16,-71.34,-195.16,-266.0,1964.61,False,False,nan,True,0.762,88.24,98.17,True,0,COLLECTING,0,,0,,,,,7,98,100,30,60,0.9998024804930222,0.17320508075688776
2026-08-31T22:05:40.653,125179906,P021,light_pressure,QUALITY,,,,193,4731727,105364,100557,105393.73,100691.41,-29.73,-134.41,-233.1,1929.98,False,False,nan,True,0.762,88.24,98.17,True,0,COLLECTING,0,,0,,,,,7,98,100,30,60,0.9998024804930222,0.17320508075688776
2026-08-31T22:05:40.668,125179921,P021,light_pressure,QUALITY,,,,194,4731767,105360,100595,105393.06,100689.48,-33.06,-94.48,-198.45,1895.35,False,False,nan,True,0.762,88.24,98.17,True,0,COLLECTING,0,,0,,,,,7,98,100,30,60,0.9998024804930222,0.17320508075688776
2026-08-31T22:05:40.675,125179921,P021,light_pressure,QUALITY,,,,195,4731807,105331,100507,105391.82,100685.84,-60.82,-178.84,-193.55,1861.31,False,False,nan,True,0.762,88.24,98.17,True,0,COLLECTING,0,,0,,,,,7,98,100,30,60,0.9998024804930222,0.17320508075688776
2026-08-31T22:05:40.708,125179953,P021,light_pressure,QUALITY,,,,196,4731847,105280,100372,105389.59,100679.56,-109.59,-307.56,-222.05,1828.53,False,False,nan,True,0.762,88.24,98.17,True,0,COLLECTING,0,,0,,,,,7,98,100,30,60,0.9998024804930222,0.17320508075688776
2026-08-31T22:05:40.843,125180093,P021,light_pressure,QUALITY,,,,197,4731887,105281,100356,105387.41,100673.09,-106.41,-317.09,-245.81,1796.87,False,False,nan,True,0.762,88.24,98.17,True,0,COLLECTING,0,,0,,,,,7,98,100,30,60,0.9998024804930222,0.17320508075688776
2026-08-31T22:05:40.854,125180109,P021,light_pressure,QUALITY,,,,198,4731927,105340,100436,105386.47,100668.35,-46.47,-232.35,-242.45,1765.79,False,False,nan,True,0.762,88.24,98.17,True,0,COLLECTING,0,,0,,,,,7,98,100,30,60,0.9998024804930222,0.17320508075688776
2026-08-31T22:05:40.865,125180109,P021,light_pressure,QUALITY,,,,199,4731967,105331,100485,105385.36,100664.69,-54.36,-179.69,-226.76,1735.0,False,False,nan,True,0.762,88.24,98.17,True,0,COLLECTING,0,,0,,,,,7,98,100,30,60,0.9998024804930222,0.17320508075688776
2026-08-31T22:05:40.873,125180125,P021,light_pressure,QUALITY,,,,200,4732007,105391,100538,105385.47,100662.16,5.53,-124.16,-201.11,1704.33,False,False,nan,True,0.762,88.24,98.17,True,0,COLLECTING,0,,0,,,,,7,98,100,30,60,0.9998024804930222,0.17320508075688776
2026-08-31T22:05:40.909,125180156,P021,light_pressure,QUALITY,,,,201,4732047,105380,100535,105385.36,100659.61,-5.36,-124.61,-181.98,1673.88,False,False,nan,True,0.762,88.24,98.17,True,0,COLLECTING,0,,0,,,,,7,98,100,30,60,0.9998024804930222,0.17320508075688776
2026-08-31T22:05:41.047,125180296,P021,light_pressure,QUALITY,,,,202,4732087,105448,100647,105386.61,100659.36,61.39,-12.36,-139.58,1643.19,False,False,nan,True,0.762,88.24,98.17,True,0,COLLECTING,0,,0,,,,,7,98,100,30,60,0.9998024804930222,0.17320508075688776
2026-08-31T22:05:41.054,125180296,P021,light_pressure,QUALITY,,,,203,4732127,105534,100794,105389.55,100662.05,144.45,131.95,-71.7,1611.76,False,False,nan,True,0.762,88.24,98.17,True,0,COLLECTING,0,,0,,,,,7,98,100,30,60,0.9998024804930222,0.17320508075688776
2026-08-31T22:05:41.062,125180312,P021,light_pressure,QUALITY,,,,204,4732167,105506,100762,105391.88,100664.05,114.12,97.95,-29.29,1580.11,False,False,nan,True,0.762,88.24,98.17,True,0,COLLECTING,0,,0,,,,,7,98,100,30,60,0.9998024804930222,0.17320508075688776
2026-08-31T22:05:41.074,125180328,P021,light_pressure,QUALITY,,,,205,4732207,105397,100556,105391.98,100661.89,5.02,-105.89,-48.44,1549.48,False,False,nan,True,0.762,88.24,98.17,True,0,COLLECTING,0,,0,,,,,7,98,100,30,60,0.9998024804930222,0.17320508075688776
2026-08-31T22:05:41.107,125180359,P021,light_pressure,QUALITY,,,,206,4732247,105309,100414,105390.33,100656.93,-81.33,-242.93,-97.06,1520.43,False,False,nan,True,0.762,88.24,98.17,True,0,COLLECTING,0,,0,,,,,7,98,100,30,60,0.9998024804930222,0.17320508075688776
2026-08-31T22:05:41.244,125180500,P021,light_pressure,QUALITY,,,,207,4732287,105294,100406,105388.4,100651.91,-94.4,-245.91,-134.27,1492.71,False,False,nan,True,0.762,88.24,98.17,True,0,COLLECTING,0,,0,,,,,7,98,100,30,60,0.9998024804930222,0.17320508075688776
2026-08-31T22:05:41.255,125180500,P021,light_pressure,QUALITY,,,,208,4732327,105318,100461,105386.99,100648.09,-68.99,-187.09,-147.48,1465.8,False,False,nan,True,0.762,88.24,98.17,True,0,COLLECTING,0,,0,,,,,7,98,100,30,60,0.9998024804930222,0.17320508075688776
2026-08-31T22:05:41.266,125180515,P021,light_pressure,QUALITY,,,,209,4732367,105366,100570,105386.57,100646.53,-20.57,-76.53,-129.74,1439.08,False,False,nan,True,0.762,88.24,98.17,True,0,COLLECTING,0,,0,,,,,7,98,100,30,60,0.9998024804930222,0.17320508075688776
2026-08-31T22:05:41.274,125180531,P021,light_pressure,QUALITY,,,,210,4732407,105414,100635,105387.12,100646.3,26.88,-11.3,-100.13,1412.3,False,False,nan,True,0.762,88.24,98.17,True,0,COLLECTING,0,,0,,,,,7,98,100,30,60,0.9998024804930222,0.17320508075688776
2026-08-31T22:05:41.308,125180562,P021,light_pressure,QUALITY,,,,211,4732447,105424,100662,105387.85,100646.61,36.15,15.39,-71.25,1385.48,False,False,nan,True,0.762,88.24,98.17,True,0,COLLECTING,0,,0,,,,,7,98,100,30,60,0.9998024804930222,0.17320508075688776
2026-08-31T22:05:41.443,125180687,P021,light_pressure,QUALITY,,,,212,4732487,105403,100576,105388.16,100645.2,14.84,-69.2,-70.74,1359.19,False,False,nan,True,0.762,88.24,98.17,True,0,COLLECTING,0,,0,,,,,7,98,100,30,60,0.9998024804930222,0.17320508075688776
2026-08-31T22:05:41.455,125180703,P021,light_pressure,QUALITY,,,,213,4732527,105400,100490,105388.39,100642.09,11.61,-152.09,-91.08,1333.83,False,False,nan,True,0.762,88.24,98.17,True,0,COLLECTING,0,,0,,,,,7,98,100,30,60,0.9998024804930222,0.17320508075688776
2026-08-31T22:05:41.462,125180718,P021,light_pressure,QUALITY,,,,214,4732567,105420,100360,105389.02,100636.45,30.98,-276.45,-137.42,1309.9,False,False,nan,True,0.762,88.24,98.17,True,0,COLLECTING,0,,0,,,,,7,98,100,30,60,0.9998024804930222,0.17320508075688776
2026-08-31T22:05:41.474,125180718,P021,light_pressure,QUALITY,,,,215,4732607,105594,100554,105393.12,100634.8,200.88,-80.8,-123.27,1286.17,False,False,nan,True,0.762,88.24,98.17,True,0,COLLECTING,0,,0,,,,,7,98,100,30,60,0.9998024804930222,0.17320508075688776
2026-08-31T22:05:41.507,125180765,P021,light_pressure,QUALITY,,,,216,4732647,105838,100935,105402.02,100640.8,435.98,294.2,-18.9,1260.82,False,False,nan,True,0.762,88.24,98.17,True,0,COLLECTING,0,,0,,,,,7,98,100,30,60,0.9998024804930222,0.17320508075688776
2026-08-31T22:05:41.643,125180890,P021,light_pressure,QUALITY,,,,217,4732687,105959,101101,105413.16,100650.01,545.84,450.99,98.57,1237.57,False,False,nan,True,0.762,88.24,98.17,True,0,COLLECTING,0,,0,,,,,7,98,100,30,60,0.9998024804930222,0.17320508075688776
2026-08-31T22:05:41.655,125180906,P021,light_pressure,QUALITY,,,,218,4732727,105980,101117,105424.5,100659.34,555.5,457.66,188.34,1216.59,False,False,nan,True,0.762,88.24,98.17,True,0,COLLECTING,0,,0,,,,,7,98,100,30,60,0.9998024804930222,0.17320508075688776
2026-08-31T22:05:41.662,125180906,P021,light_pressure,QUALITY,,,,219,4732767,105898,100952,105433.97,100665.2,464.03,286.8,212.96,1196.52,False,False,nan,True,0.762,88.24,98.17,True,0,COLLECTING,0,,0,,,,,7,98,100,30,60,0.9998024804930222,0.17320508075688776
2026-08-31T22:05:41.674,125180921,P021,light_pressure,QUALITY,,,,220,4732807,105852,100893,105442.33,100669.75,409.67,223.25,215.53,1176.9,False,False,nan,True,0.762,88.24,98.17,True,0,COLLECTING,0,,0,,,,,7,98,100,30,60,0.9998024804930222,0.17320508075688776
2026-08-31T22:05:41.707,125180953,P021,light_pressure,QUALITY,,,,221,4732847,105860,100886,105450.68,100674.08,409.32,211.92,214.63,1157.65,False,False,nan,True,0.762,88.24,98.17,True,0,COLLECTING,0,,0,,,,,7,98,100,30,60,0.9998024804930222,0.17320508075688776
2026-08-31T22:05:41.843,125181093,P021,light_pressure,QUALITY,,,,222,4732887,105938,101003,105460.43,100680.66,477.57,322.34,241.56,1139.33,False,False,nan,True,0.762,88.24,98.17,True,0,COLLECTING,0,,0,,,,,7,98,100,30,60,0.9998024804930222,0.17320508075688776
2026-08-31T22:05:41.855,125181109,P021,light_pressure,QUALITY,,,,223,4732927,106070,101236,105472.62,100691.77,597.38,544.23,317.23,1122.89,False,False,nan,True,0.762,88.24,98.17,True,0,COLLECTING,0,,0,,,,,7,98,100,30,60,0.9998024804930222,0.17320508075688776
2026-08-31T22:05:41.862,125181109,P021,light_pressure,QUALITY,,,,224,4732967,106279,101581,105488.74,100709.55,790.26,871.45,455.78,1109.55,False,False,nan,True,0.762,88.24,98.17,True,0,COLLECTING,0,,0,,,,,7,98,100,30,60,0.9998024804930222,0.17320508075688776
2026-08-31T22:05:41.873,125181125,P021,light_pressure,QUALITY,,,,225,4733007,106531,102034,105509.59,100736.04,1021.41,1297.96,666.33,1100.68,False,False,nan,True,0.762,88.24,98.17,True,0,COLLECTING,0,,0,,,,,7,98,100,30,60,0.9998024804930222,0.17320508075688776
2026-08-31T22:05:41.907,125181156,P021,light_pressure,QUALITY,,,,226,4733047,106670,102265,105532.8,100766.62,1137.2,1498.38,874.34,1096.16,False,False,nan,True,0.762,88.24,98.17,True,0,COLLECTING,0,,0,,,,,7,98,100,30,60,0.9998024804930222,0.17320508075688776
2026-08-31T22:05:42.043,125181296,P021,light_pressure,QUALITY,,,,227,4733087,106754,102427,105557.22,100799.83,1196.78,1627.17,1062.55,1095.48,False,False,nan,True,0.762,88.24,98.17,True,0,COLLECTING,0,,0,,,,,7,98,100,30,60,0.9998024804930222,0.17320508075688776
2026-08-31T22:05:42.056,125181312,P021,light_pressure,QUALITY,,,,228,4733127,106805,102528,105582.17,100834.39,1222.83,1693.61,1220.31,1097.98,False,False,nan,True,0.762,88.24,98.17,True,0,COLLECTING,0,,0,,,,,7,98,100,30,60,0.9998024804930222,0.17320508075688776
2026-08-31T22:05:42.065,125181312,P021,light_pressure,QUALITY,,,,229,4733167,106964,102776,105609.8,100873.23,1354.2,1902.77,1390.93,1103.84,False,False,nan,True,0.762,88.24,98.17,True,0,COLLECTING,0,,0,,,,,7,98,100,30,60,0.9998024804930222,0.17320508075688776
2026-08-31T22:05:42.074,125181328,P021,light_pressure,QUALITY,,,,230,4733207,106986,102820,105637.33,100912.16,1348.67,1907.84,1520.16,1112.17,False,False,nan,True,0.762,88.24,98.17,True,0,COLLECTING,0,,0,,,,,7,98,100,30,60,0.9998024804930222,0.17320508075688776
2026-08-31T22:05:42.108,125181359,P021,light_pressure,QUALITY,,,,231,4733247,106895,102649,105662.48,100946.9,1232.52,1702.1,1565.64,1121.23,False,False,nan,True,0.762,88.24,98.17,True,0,COLLECTING,0,,0,,,,,7,98,100,30,60,0.9998024804930222,0.17320508075688776
2026-08-31T22:05:42.243,125181500,P021,light_pressure,QUALITY,,,,232,4733287,106794,102451,105685.12,100976.98,1108.88,1474.02,1542.74,1129.66,True,False,nan,True,0.762,88.24,98.17,True,0,COLLECTING,0,,0,,,,,7,98,100,30,60,0.9998024804930222,0.17320508075688776
2026-08-31T22:05:42.254,125181500,P021,light_pressure,QUALITY,,,,233,4733327,106724,102284,105705.9,101003.12,1018.1,1280.88,1477.27,1136.62,False,False,nan,True,0.762,88.24,98.17,True,0,COLLECTING,0,,0,,,,,7,98,100,30,60,0.9998024804930222,0.17320508075688776
2026-08-31T22:05:42.265,125181515,P021,light_pressure,QUALITY,,,,234,4733367,106681,102166,105725.4,101026.38,955.6,1139.62,1392.86,1141.74,False,False,nan,True,0.762,88.24,98.17,True,0,COLLECTING,0,,0,,,,,7,98,100,30,60,0.9998024804930222,0.17320508075688776
2026-08-31T22:05:42.276,125181531,P021,light_pressure,QUALITY,,,,235,4733407,106717,102191,105745.23,101049.66,971.77,1141.34,1329.98,1145.51,False,False,nan,True,0.762,88.24,98.17,True,0,COLLECTING,0,,0,,,,,7,98,100,30,60,0.9998024804930222,0.17320508075688776
2026-08-31T22:05:42.308,125181562,P021,light_pressure,QUALITY,,,,236,4733447,106682,102145,105763.96,101071.57,918.04,1073.43,1265.84,1147.91,False,False,nan,True,0.762,88.24,98.17,True,0,COLLECTING,0,,0,,,,,7,98,100,30,60,0.9998024804930222,0.17320508075688776
2026-08-31T22:05:42.444,125181687,P021,light_pressure,QUALITY,,,,237,4733487,106640,102081,105781.48,101091.76,858.52,989.24,1196.69,1148.89,False,False,nan,True,0.762,88.24,98.17,True,0,COLLECTING,0,,0,,,,,7,98,100,30,60,0.9989134096607173,0.17320508075688776
2026-08-31T22:05:42.454,125181703,P021,light_pressure,QUALITY,,,,238,4733527,106661,102134,105799.08,101112.6,861.92,1021.4,1152.87,1148.97,False,False,nan,True,0.762,88.24,98.17,True,0,COLLECTING,0,,0,,,,,7,98,100,30,60,0.9989134096607173,0.17320508075688776
2026-08-31T22:05:42.466,125181718,P021,light_pressure,QUALITY,,,,239,4733567,106696,102193,105817.02,101134.21,878.98,1058.79,1129.35,1148.58,False,False,nan,True,0.762,88.24,98.17,True,0,COLLECTING,0,,0,,,,,7,98,100,30,60,0.9989134096607173,0.17320508075688776
2026-08-31T22:05:42.474,125181718,P021,light_pressure,QUALITY,,,,240,4733607,106847,102417,105837.62,101159.87,1009.38,1257.13,1161.29,1148.83,False,False,nan,True,0.762,88.24,98.17,True,0,COLLECTING,0,,0,,,,,7,98,100,30,60,0.9989134096607173,0.17320508075688776
2026-08-31T22:05:42.509,125181765,P021,light_pressure,QUALITY,,,,241,4733647,106843,102410,105857.73,101184.87,985.27,1225.13,1177.25,1149.4,False,False,nan,True,0.762,88.24,98.17,True,0,COLLECTING,0,,0,,,,,7,98,100,30,60,0.9989134096607173,0.17320508075688776
2026-08-31T22:05:42.643,125181890,P021,light_pressure,QUALITY,,,,242,4733687,106735,102210,105875.27,101205.37,859.73,1004.63,1134.1,1149.09,True,True,400.0,True,0.735,93.02,98.17,True,0,COLLECTING,0,,0,,,,,7,98,100,30,60,0.9998024804930222,0.17320508075688776
2026-08-31T22:05:42.654,125181906,P021,light_pressure,QUALITY,,,,243,4733727,106771,102296,105893.19,101227.18,877.81,1068.82,1117.78,1148.47,False,False,nan,True,0.735,93.02,98.17,True,0,COLLECTING,0,,0,,,,,7,98,100,30,60,0.9998024804930222,0.17320508075688776
2026-08-31T22:05:42.666,125181921,P021,light_pressure,QUALITY,,,,244,4733767,107051,102773,105916.34,101258.09,1134.66,1514.91,1217.06,1149.84,False,False,nan,True,0.735,93.02,91.81,True,0,COLLECTING,0,,0,,,,,7,98,100,30,60,0.9998024804930222,0.17320508075688776
2026-08-31T22:05:42.674,125181921,P021,light_pressure,QUALITY,,,,245,4733807,107507,103593,105948.16,101304.79,1558.84,2288.21,1484.85,1156.54,False,False,nan,True,0.735,93.02,91.81,True,0,COLLECTING,0,,0,,,,,7,98,100,30,60,0.9998024804930222,0.17320508075688776
2026-08-31T22:05:42.708,125181953,P021,light_pressure,QUALITY,,,,246,4733847,107904,104345,105987.27,101365.59,1916.73,2979.41,1858.49,1170.58,False,False,nan,True,0.735,93.02,91.81,True,0,COLLECTING,0,,0,,,,,7,98,100,30,60,0.9998024804930222,0.17320508075688776
2026-08-31T22:05:42.843,125182093,P021,light_pressure,QUALITY,,,,247,4733887,108217,104952,106031.87,101437.32,2185.13,3514.68,2272.54,1192.62,False,False,nan,True,0.735,93.02,91.81,True,0,COLLECTING,0,,0,,,,,8,98,100,30,60,0.9998024804930222,0.17320508075688776
2026-08-31T22:05:42.855,125182109,P021,light_pressure,QUALITY,,,,248,4733927,108403,105331,106079.29,101515.2,2323.71,3815.8,2658.35,1221.93,False,False,nan,True,0.735,93.02,91.81,True,0,COLLECTING,0,,0,,,,,8,98,100,30,60,0.9998024804930222,0.17320508075688776
2026-08-31T22:05:42.866,125182125,P021,light_pressure,QUALITY,,,,249,4733967,108487,105479,106127.45,101594.47,2359.55,3884.53,2964.9,1256.79,False,False,nan,True,0.735,93.02,91.81,True,0,COLLECTING,0,,0,,,,,8,98,100,30,60,0.9998024804930222,0.17320508075688776
2026-08-31T22:05:42.875,125182125,P021,light_pressure,QUALITY,,,,250,4734007,108459,105416,106174.08,101670.9,2284.92,3745.1,3159.95,1294.85,False,False,nan,True,0.735,93.02,91.81,True,0,COLLECTING,0,,0,,,,,8,98,100,30,60,0.9998024804930222,0.17320508075688776
2026-08-31T22:05:42.907,125182156,P021,light_pressure,QUALITY,,,,251,4734047,108359,105218,106217.77,101741.84,2141.23,3476.16,3239.0,1333.74,False,False,nan,True,0.735,93.02,91.81,True,0,COLLECTING,0,,0,,,,,8,98,100,30,60,0.9998024804930222,0.17320508075688776
2026-08-31T22:05:43.046,125182296,P021,light_pressure,QUALITY,,,,252,4734087,108270,105068,106258.82,101808.37,2011.18,3259.63,3244.16,1371.95,False,False,nan,True,0.735,93.02,91.81,True,0,COLLECTING,0,,0,,,,,8,98,100,30,60,0.9998024804930222,0.17320508075688776
2026-08-31T22:05:43.054,125182296,P021,light_pressure,QUALITY,,,,253,4734127,108063,104626,106294.91,101864.72,1768.09,2761.28,3123.44,1406.98,True,True,440.0,True,0.7087,96.77,91.81,True,0,COLLECTING,0,,0,,,,,8,98,100,30,60,0.9998024804930222,0.17320508075688776
2026-08-31T22:05:43.066,125182312,P021,light_pressure,QUALITY,,,,254,4734167,107786,104048,106324.73,101908.38,1461.27,2139.62,2877.48,1436.39,False,False,nan,True,0.7087,96.77,91.81,True,0,COLLECTING,0,,0,,,,,8,98,100,30,60,0.9998024804930222,0.17320508075688776
2026-08-31T22:05:43.075,125182328,P021,light_pressure,QUALITY,,,,255,4734207,107690,103857,106352.03,101947.35,1337.97,1909.65,2635.52,1460.37,False,False,nan,True,0.7087,96.77,91.81,True,0,COLLECTING,0,,0,,,,,8,98,100,30,60,0.9998024804930222,0.17320508075688776
2026-08-31T22:05:43.108,125182359,P021,light_pressure,QUALITY,,,,256,4734247,107727,103894,106379.53,101986.28,1347.47,1907.72,2453.57,1480.23,False,False,nan,True,0.7087,96.77,91.81,True,0,COLLECTING,0,,0,,,,,8,98,100,30,60,0.9998024804930222,0.17320508075688776
2026-08-31T22:05:43.244,125182500,P021,light_pressure,QUALITY,,,,257,4734287,107799,104022,106407.92,102026.99,1391.08,1995.01,2338.93,1497.41,False,False,nan,True,0.7087,96.77,91.81,True,0,COLLECTING,0,,0,,,,,9,98,100,30,60,0.9998024804930222,0.17320508075688776
2026-08-31T22:05:43.255,125182500,P021,light_pressure,QUALITY,,,,258,4734327,107972,104338,106439.2,102073.21,1532.8,2264.79,2320.4,1513.87,False,False,nan,True,0.7087,96.77,91.81,True,0,COLLECTING,0,,0,,,,,9,98,100,30,60,0.9998024804930222,0.17320508075688776
2026-08-31T22:05:43.265,125182515,P021,light_pressure,QUALITY,,,,259,4734367,108153,104675,106473.48,102125.25,1679.52,2549.75,2377.73,1531.14,False,False,nan,True,0.7087,96.77,91.81,True,0,COLLECTING,0,,0,,,,,9,98,100,30,60,0.9998024804930222,0.17320508075688776
2026-08-31T22:05:43.275,125182531,P021,light_pressure,QUALITY,,,,260,4734407,108257,104883,106509.15,102180.41,1747.85,2702.59,2458.95,1549.7,False,False,nan,True,0.7087,96.77,91.81,True,0,COLLECTING,0,,0,,,,,9,98,100,30,60,0.9998024804930222,0.17320508075688776
2026-08-31T22:05:43.308,125182562,P021,light_pressure,QUALITY,,,,261,4734447,108242,104847,106543.8,102233.73,1698.2,2613.27,2497.53,1568.66,False,False,nan,True,0.7087,96.77,91.81,True,0,COLLECTING,0,,0,,,,,9,98,100,30,60,0.9998024804930222,0.17320508075688776
2026-08-31T22:05:43.443,125182687,P021,light_pressure,QUALITY,,,,262,4734487,108282,104920,106578.57,102287.46,1703.43,2632.54,2531.28,1587.91,False,False,nan,True,0.7087,96.77,91.81,True,0,COLLECTING,0,,0,,,,,9,98,100,30,60,0.9998024804930222,0.17320508075688776
2026-08-31T22:05:43.455,125182703,P021,light_pressure,QUALITY,,,,263,4734527,108348,105042,106613.96,102342.55,1734.04,2699.45,2573.32,1607.62,False,False,nan,True,0.7087,96.77,91.81,True,0,COLLECTING,0,,0,,,,,9,98,100,30,60,0.9998024804930222,0.17320508075688776
2026-08-31T22:05:43.467,125182718,P021,light_pressure,QUALITY,,,,264,4734567,108427,105208,106650.22,102399.87,1776.78,2808.13,2632.02,1628.1,False,False,nan,True,0.7087,96.77,91.81,True,0,COLLECTING,0,,0,,,,,9,98,100,30,60,0.9998024804930222,0.17320508075688776
2026-08-31T22:05:43.476,125182734,P021,light_pressure,QUALITY,,,,265,4734607,108460,105279,106686.41,102457.45,1773.59,2821.55,2679.41,1649.13,False,False,nan,True,0.7087,96.77,91.81,True,0,COLLECTING,0,,0,,,,,9,98,100,30,60,0.9998024804930222,0.17320508075688776
2026-08-31T22:05:43.508,125182765,P021,light_pressure,QUALITY,,,,266,4734647,108505,105375,106722.79,102515.8,1782.21,2859.2,2724.35,1670.64,False,False,nan,True,0.7087,96.77,91.81,True,0,COLLECTING,0,,0,,,,,9,98,100,30,60,0.9998024804930222,0.17320508075688776
2026-08-31T22:05:43.644,125182890,P021,light_pressure,QUALITY,,,,267,4734687,108553,105472,106759.39,102574.93,1793.61,2897.07,2767.53,1692.57,False,False,nan,True,0.7087,96.77,91.81,True,0,COLLECTING,0,,0,,,,,9,98,100,30,60,0.9998024804930222,0.17320508075688776
2026-08-31T22:05:43.657,125182906,P021,light_pressure,QUALITY,,,,268,4734727,108599,105579,106796.18,102635.01,1802.82,2943.99,2811.65,1714.95,False,False,nan,True,0.7087,96.77,91.81,True,0,COLLECTING,0,,0,,,,,9,98,100,30,60,0.9998024804930222,0.17320508075688776
2026-08-31T22:05:43.666,125182921,P021,light_pressure,QUALITY,,,,269,4734767,108754,105862,106835.34,102699.55,1918.66,3162.45,2899.35,1738.64,False,False,nan,True,0.7087,96.77,91.81,True,0,COLLECTING,0,,0,,,,,9,98,100,30,60,0.9998024804930222,0.17320508075688776
2026-08-31T22:05:43.674,125182921,P021,light_pressure,QUALITY,,,,270,4734807,108810,105984,106874.83,102765.23,1935.17,3218.77,2979.2,1763.45,False,False,nan,True,0.7087,96.77,91.81,True,0,COLLECTING,0,,0,,,,,9,98,100,30,60,0.9998024804930222,0.17320508075688776
2026-08-31T22:05:43.709,125182953,P021,light_pressure,QUALITY,,,,271,4734847,108619,105588,106909.71,102821.69,1709.29,2766.31,2925.98,1786.7,True,True,720.0,True,0.7189,99.17,91.81,True,0,COLLECTING,0,,0,,,,,9,98,100,30,60,0.9998024804930222,0.17320508075688776
2026-08-31T22:05:43.844,125183093,P021,light_pressure,QUALITY,,,,272,4734887,108230,104771,106936.12,102860.67,1293.88,1910.33,2672.07,1804.41,False,False,nan,True,0.7189,99.17,91.81,True,0,COLLECTING,0,,0,,,,,10,98,100,30,60,0.9998024804930222,0.17320508075688776
2026-08-31T22:05:43.854,125183109,P021,light_pressure,QUALITY,,,,273,4734927,107998,104290,106957.35,102889.26,1040.65,1400.74,2354.24,1815.41,False,False,nan,True,0.7189,99.17,91.81,True,0,COLLECTING,0,,0,,,,,10,98,100,30,60,0.9998024804930222,0.17320508075688776
2026-08-31T22:05:43.865,125183109,P021,light_pressure,QUALITY,,,,274,4734967,108027,104307,106978.74,102917.61,1048.26,1389.39,2113.02,1821.36,False,False,nan,True,0.7189,99.17,91.81,True,0,COLLECTING,0,,0,,,,,10,98,100,30,60,0.9998024804930222,0.17320508075688776
2026-08-31T22:05:43.875,125183125,P021,light_pressure,QUALITY,,,,275,4735007,108192,104600,107003.01,102951.26,1188.99,1648.74,1996.95,1824.87,False,False,nan,True,0.7189,99.17,91.81,True,0,COLLECTING,0,,0,,,,,10,98,100,30,60,0.9998024804930222,0.17320508075688776
2026-08-31T22:05:43.908,125183156,P021,light_pressure,QUALITY,,,,276,4735047,108402,104960,107030.98,102991.43,1371.02,1968.57,1989.86,1828.17,False,False,nan,True,0.7189,99.17,91.81,True,0,COLLECTING,0,,0,,,,,10,98,100,30,60,0.9998024804930222,0.17320508075688776
2026-08-31T22:05:44.043,125183296,P021,light_pressure,QUALITY,,,,277,4735087,108556,105263,107061.48,103036.86,1494.52,2226.14,2048.93,1832.59,False,False,nan,True,0.7189,99.17,91.81,True,0,COLLECTING,0,,0,,,,,10,98,100,30,60,0.9998024804930222,0.17320508075688776
2026-08-31T22:05:44.057,125183312,P021,light_pressure,QUALITY,,,,278,4735127,108637,105429,107092.99,103084.7,1544.01,2344.3,2122.77,1838.39,False,False,nan,True,0.7189,99.17,91.81,True,0,COLLECTING,0,,0,,,,,10,98,100,30,60,0.9998024804930222,0.17320508075688776
2026-08-31T22:05:44.067,125183312,P021,light_pressure,QUALITY,,,,279,4735167,108760,105636,107126.34,103135.73,1633.66,2500.27,2217.15,1845.97,False,False,nan,True,0.7189,99.17,91.81,True,0,COLLECTING,0,,0,,,,,10,98,100,30,60,0.9998024804930222,0.17320508075688776
2026-08-31T22:05:44.075,125183328,P021,light_pressure,QUALITY,,,,280,4735207,108854,105830,107160.89,103189.61,1693.11,2640.39,2322.96,1855.51,False,False,nan,True,0.7189,99.17,91.81,True,0,COLLECTING,0,,0,,,,,10,98,100,30,60,0.9998024804930222,0.17320508075688776
2026-08-31T22:05:44.108,125183359,P021,light_pressure,QUALITY,,,,281,4735247,108896,105930,107195.59,103244.41,1700.41,2685.59,2413.61,1866.67,False,False,nan,True,0.7189,99.17,91.81,True,0,COLLECTING,0,,0,,,,,10,98,100,30,60,0.9998024804930222,0.17320508075688776
2026-08-31T22:05:44.243,125183500,P021,light_pressure,QUALITY,,,,282,4735287,108943,106036,107230.54,103300.24,1712.46,2735.76,2494.15,1879.22,False,False,nan,True,0.7189,99.17,91.81,True,0,COLLECTING,0,,0,,,,,10,98,100,30,60,0.9998024804930222,0.17320508075688776
2026-08-31T22:05:44.256,125183500,P021,light_pressure,QUALITY,,,,283,4735327,108938,105981,107264.69,103353.86,1673.31,2627.14,2527.4,1892.18,False,False,nan,True,0.7189,99.17,91.81,True,0,COLLECTING,0,,0,,,,,10,98,100,30,60,0.9998024804930222,0.17320508075688776
2026-08-31T22:05:44.266,125183515,P021,light_pressure,QUALITY,,,,284,4735367,108944,106003,107298.27,103406.84,1645.73,2596.16,2544.59,1905.23,False,False,nan,True,0.7189,99.17,91.81,True,0,COLLECTING,0,,0,,,,,10,98,100,30,60,0.9998024804930222,0.17320508075688776
2026-08-31T22:05:44.275,125183531,P021,light_pressure,QUALITY,,,,285,4735407,108984,106086,107331.98,103460.43,1652.02,2625.57,2564.83,1918.42,False,False,nan,True,0.7189,99.17,91.81,True,0,COLLECTING,0,,0,,,,,10,98,100,30,60,0.9998024804930222,0.17320508075688776
2026-08-31T22:05:44.308,125183562,P021,light_pressure,QUALITY,,,,286,4735447,109008,106120,107365.51,103513.62,1642.49,2606.38,2575.22,1931.56,False,False,nan,True,0.7189,99.17,91.81,True,0,COLLECTING,0,,0,,,,,10,98,100,30,60,0.9998024804930222,0.17320508075688776
2026-08-31T22:05:44.443,125183687,P021,light_pressure,QUALITY,,,,287,4735487,108985,106078,107397.9,103564.91,1587.1,2513.09,2559.69,1944.12,True,True,640.0,True,0.7454,104.35,91.81,True,0,COLLECTING,0,,0,,,,,10,98,100,30,60,0.9998024804930222,0.17320508075688776
2026-08-31T22:05:44.455,125183703,P021,light_pressure,QUALITY,,,,288,4735527,108958,106021,107429.1,103614.03,1528.9,2406.97,2521.51,1955.67,False,False,nan,True,0.7454,104.35,91.81,True,0,COLLECTING,0,,0,,,,,10,98,100,30,60,0.9998024804930222,0.17320508075688776
2026-08-31T22:05:44.465,125183718,P021,light_pressure,QUALITY,,,,289,4735567,108891,105811,107458.34,103657.97,1432.66,2153.03,2429.39,1965.14,False,False,nan,True,0.7454,104.35,91.81,True,0,COLLECTING,0,,0,,,,,10,98,100,30,60,0.9998024804930222,0.17320508075688776
2026-08-31T22:05:44.477,125183734,P021,light_pressure,QUALITY,,,,290,4735607,108824,105632,107485.65,103697.45,1338.35,1934.55,2305.68,1971.95,False,False,nan,True,0.7454,104.35,91.81,True,0,COLLECTING,0,,0,,,,,10,98,100,30,60,0.9998024804930222,0.17320508075688776
2026-08-31T22:05:44.507,125183765,P021,light_pressure,QUALITY,,,,291,4735647,108749,105445,107510.91,103732.41,1238.09,1712.59,2157.41,1975.66,False,False,nan,True,0.7454,104.35,91.81,True,0,COLLECTING,0,,0,,,,,10,98,100,30,60,0.9998024804930222,0.17320508075688776
2026-08-31T22:05:44.644,125183890,P021,light_pressure,QUALITY,,,,292,4735687,108646,105213,107533.62,103762.02,1112.38,1450.98,1980.8,1975.76,False,False,nan,True,0.7454,104.35,91.81,True,0,COLLECTING,0,,0,,,,,11,98,100,30,60,0.9998024804930222,0.17320508075688776
2026-08-31T22:05:44.656,125183906,P021,light_pressure,QUALITY,,,,293,4735727,108538,104981,107553.7,103786.4,984.3,1194.6,1784.25,1971.93,False,False,nan,True,0.7454,104.35,91.81,True,0,COLLECTING,0,,0,,,,,11,98,100,30,60,0.9998024804930222,0.17320508075688776
2026-08-31T22:05:44.665,125183921,P021,light_pressure,QUALITY,,,,294,4735767,108429,104751,107571.21,103805.69,857.79,945.31,1574.52,1963.99,False,False,nan,True,0.7454,104.35,91.81,True,0,COLLECTING,0,,0,,,,,11,98,100,30,60,0.9998024804930222,0.17320508075688776
2026-08-31T22:05:44.675,125183921,P021,light_pressure,QUALITY,,,,295,4735807,108254,104396,107584.87,103817.49,669.13,578.51,1325.51,1951.22,False,False,nan,True,0.7454,104.35,91.81,True,0,COLLECTING,0,,0,,,,,11,98,100,30,60,0.9998024804930222,0.17320508075688776
2026-08-31T22:05:44.708,125183953,P021,light_pressure,QUALITY,,,,296,4735847,108048,103983,107594.13,103820.8,453.87,162.2,1034.68,1932.89,False,False,nan,True,0.7454,104.35,91.81,True,0,COLLECTING,0,,0,,,,,11,98,100,30,60,0.9998024804930222,0.17320508075688776
2026-08-31T22:05:44.844,125184093,P021,light_pressure,QUALITY,,,,297,4735887,107938,103758,107601.01,103819.55,336.99,-61.55,760.63,1909.44,False,False,nan,True,0.7454,104.35,91.81,True,0,COLLECTING,0,,0,,,,,11,98,100,30,60,0.9998024804930222,0.17320508075688776
2026-08-31T22:05:44.854,125184109,P021,light_pressure,QUALITY,,,,298,4735927,107915,103694,107607.29,103817.04,307.71,-123.04,539.71,1882.05,False,False,nan,True,0.7454,104.35,91.81,True,0,COLLECTING,0,,0,,,,,11,98,100,30,60,0.9998024804930222,0.17320508075688776
2026-08-31T22:05:44.866,125184109,P021,light_pressure,QUALITY,,,,299,4735967,108010,103873,107615.34,103818.16,394.66,54.84,418.49,1852.78,False,False,nan,True,0.7454,104.35,91.81,True,0,COLLECTING,0,,0,,,,,11,98,100,30,60,0.9998024804930222,0.17320508075688776
2026-08-31T22:05:44.874,125184125,P021,light_pressure,QUALITY,,,,300,4736007,108125,104062,107625.54,103823.03,499.46,238.97,373.61,1823.19,False,False,nan,True,0.7454,104.35,91.81,True,0,COLLECTING,0,,0,,,,,11,98,100,30,60,0.9998024804930222,0.17320508075688776
2026-08-31T22:05:44.909,125184156,P021,light_pressure,QUALITY,,,,301,4736047,108230,104277,107637.62,103832.11,592.38,444.89,391.43,1794.56,False,False,nan,True,0.7454,104.35,91.81,True,0,COLLECTING,0,,0,,,,,11,98,100,30,60,0.9998024804930222,0.17320508075688776
2026-08-31T22:05:45.043,125184296,P021,light_pressure,QUALITY,,,,302,4736087,108311,104415,107651.09,103843.77,659.91,571.23,436.38,1767.39,False,False,nan,True,0.7454,104.35,91.81,True,0,COLLECTING,0,,0,,,,,11,98,100,30,60,0.9998024804930222,0.17320508075688776
2026-08-31T22:05:45.054,125184312,P021,light_pressure,QUALITY,,,,303,4736127,108335,104465,107664.77,103856.19,670.23,608.81,479.49,1741.64,False,False,nan,True,0.7454,104.35,91.81,True,0,COLLECTING,0,,0,,,,,11,98,100,30,60,0.9998024804930222,0.17320508075688776
2026-08-31T22:05:45.065,125184312,P021,light_pressure,QUALITY,,,,304,4736167,108322,104433,107677.91,103867.73,644.09,565.27,500.94,1716.82,False,False,nan,True,0.7454,104.35,91.81,True,0,COLLECTING,0,,0,,,,,11,98,100,30,60,0.9998024804930222,0.17320508075688776
2026-08-31T22:05:45.074,125184328,P021,light_pressure,QUALITY,,,,305,4736207,108200,104201,107688.36,103874.39,511.64,326.61,457.35,1691.63,False,False,nan,True,0.7454,104.35,91.81,True,0,COLLECTING,0,,0,,,,,11,98,100,30,60,0.9998024804930222,0.17320508075688776
2026-08-31T22:05:45.107,125184359,P021,light_pressure,QUALITY,,,,306,4736247,107960,103708,107693.79,103871.06,266.21,-163.06,302.25,1663.84,False,False,nan,True,0.7454,104.35,91.81,True,0,COLLECTING,0,,0,,,,,11,98,100,30,60,0.9998024804930222,0.17320508075688776
2026-08-31T22:05:45.244,125184500,P021,light_pressure,QUALITY,,,,307,4736287,107780,103308,107695.52,103859.8,84.48,-551.8,88.74,1632.34,False,False,nan,True,0.7454,104.35,91.81,True,0,COLLECTING,0,,0,,,,,11,98,100,30,60,0.9998024804930222,0.17320508075688776
2026-08-31T22:05:45.256,125184500,P021,light_pressure,QUALITY,,,,308,4736337,107751,103220,107696.62,103847.01,54.38,-627.01,-90.2,1601.5,False,False,nan,True,0.7454,104.35,91.81,True,0,COLLECTING,0,,0,,,,,11,98,100,30,60,0.9998024804930222,0.17320508075688776
2026-08-31T22:05:45.265,125184515,P021,light_pressure,QUALITY,,,,309,4736367,107699,103113,107696.67,103832.33,2.33,-719.33,-247.48,1574.42,False,False,nan,True,0.7454,104.35,91.81,True,0,COLLECTING,0,,0,,,,,11,98,100,30,60,0.9998024804930222,0.17320508075688776
2026-08-31T22:05:45.275,125184531,P021,light_pressure,QUALITY,,,,310,4736417,107567,102827,107694.08,103812.22,-127.08,-985.22,-431.92,1551.57,False,False,nan,True,0.7454,104.35,91.81,True,0,COLLECTING,0,,0,,,,,11,98,100,30,60,0.9998024804930222,0.17320508075688776
2026-08-31T22:05:45.308,125184562,P021,light_pressure,QUALITY,,,,311,4736447,107379,102447,107687.77,103784.91,-308.77,-1337.91,-658.42,1533.71,False,False,nan,True,0.7454,104.35,91.81,True,0,COLLECTING,0,,0,,,,,11,98,100,30,60,0.9998024804930222,0.17320508075688776
2026-08-31T22:05:45.442,125184687,P021,light_pressure,QUALITY,,,,312,4736497,107220,102133,107678.42,103751.88,-458.42,-1618.88,-898.53,1521.0,False,False,nan,True,0.7454,104.35,91.81,True,0,COLLECTING,0,,0,,,,,11,98,100,30,60,0.9998024804930222,0.24494897427831783
2026-08-31T22:05:45.457,125184703,P021,light_pressure,QUALITY,,,,313,4736537,107157,101957,107667.99,103715.98,-510.99,-1758.98,-1113.64,1512.86,False,False,nan,True,0.7454,104.35,91.81,True,0,COLLECTING,0,,0,,,,,11,98,100,30,60,0.9998024804930222,0.24494897427831783
2026-08-31T22:05:45.467,125184718,P021,light_pressure,QUALITY,,,,314,4736577,107243,102136,107659.49,103684.38,-416.49,-1548.38,-1222.33,1507.04,False,False,nan,True,0.7454,104.35,91.81,True,0,COLLECTING,0,,0,,,,,11,98,100,30,60,0.9998024804930222,0.24494897427831783
2026-08-31T22:05:45.476,125184734,P021,light_pressure,QUALITY,,,,315,4736617,107315,102219,107652.6,103655.07,-337.6,-1436.07,-1275.76,1502.42,False,False,nan,True,0.7454,104.35,91.81,True,0,COLLECTING,0,,0,,,,,11,98,100,30,60,0.9998024804930222,0.24494897427831783
2026-08-31T22:05:45.519,125184765,P021,light_pressure,QUALITY,,,,316,4736657,107344,102270,107646.43,103627.37,-302.43,-1357.37,-1296.16,1498.29,False,False,nan,True,0.7454,104.35,91.81,True,0,COLLECTING,0,,0,,,,,11,98,100,30,60,0.9998024804930222,0.24494897427831783
2026-08-31T22:05:45.642,125184890,P021,light_pressure,QUALITY,,,,317,4736697,107365,102323,107640.8,103601.28,-275.8,-1278.28,-1291.69,1494.16,False,False,nan,True,0.7454,104.35,91.81,True,0,COLLECTING,0,,0,,,,,11,98,100,30,60,0.9998024804930222,0.17320508075688776
2026-08-31T22:05:45.655,125184906,P021,light_pressure,QUALITY,,,,318,4736737,107361,102374,107635.21,103576.73,-274.21,-1202.73,-1269.45,1489.67,False,False,nan,True,0.7454,104.35,91.81,True,0,COLLECTING,0,,0,,,,,11,98,100,30,60,0.9998024804930222,0.17320508075688776
2026-08-31T22:05:45.666,125184921,P021,light_pressure,QUALITY,,,,319,4736777,107310,102263,107628.7,103550.46,-318.7,-1287.46,-1273.95,1485.35,False,False,nan,True,0.7454,104.35,91.81,True,0,COLLECTING,0,,0,,,,,11,98,100,30,60,0.9998024804930222,0.17320508075688776
2026-08-31T22:05:45.677,125184921,P021,light_pressure,QUALITY,,,,320,4736817,107274,102167,107621.61,103522.79,-347.61,-1355.79,-1294.41,1481.53,False,False,nan,True,0.7454,104.35,91.81,True,0,COLLECTING,0,,0,,,,,11,98,100,30,60,0.9998024804930222,0.17320508075688776
2026-08-31T22:05:45.719,125184968,P021,light_pressure,QUALITY,,,,321,4736857,107244,102105,107614.05,103494.43,-370.05,-1389.43,-1318.17,1478.27,False,False,nan,True,0.7454,104.35,91.81,True,0,COLLECTING,0,,0,,,,,11,98,100,30,60,0.9998024804930222,0.17320508075688776
2026-08-31T22:05:45.844,125185093,P021,light_pressure,QUALITY,,,,322,4736897,107196,102025,107605.7,103465.04,-409.7,-1440.04,-1348.64,1475.67,False,False,nan,True,0.7454,104.35,91.81,True,0,COLLECTING,0,,0,,,,,11,98,100,30,60,0.9998024804930222,0.17320508075688776
2026-08-31T22:05:45.856,125185109,P021,light_pressure,QUALITY,,,,323,4736937,107083,101832,107595.24,103432.38,-512.24,-1600.38,-1411.57,1474.39,False,False,nan,True,0.7454,104.35,91.81,True,0,COLLECTING,0,,0,,,,,11,98,100,30,60,0.9998024804930222,0.17320508075688776
2026-08-31T22:05:45.866,125185109,P021,light_pressure,QUALITY,,,,324,4736977,106906,101457,107581.46,103392.87,-675.46,-1935.87,-1542.64,1475.76,False,False,nan,True,0.7454,104.35,91.81,True,0,COLLECTING,0,,0,,,,,11,98,100,30,60,0.9998024804930222,0.17320508075688776
2026-08-31T22:05:45.876,125185125,P021,light_pressure,QUALITY,,,,325,4737017,106817,101258,107566.17,103350.17,-749.17,-2092.17,-1680.03,1479.84,False,False,nan,True,0.7454,104.35,91.81,True,0,COLLECTING,0,,0,,,,,11,98,100,30,60,0.9998024804930222,0.17320508075688776
2026-08-31T22:05:45.918,125185171,P021,light_pressure,QUALITY,,,,326,4737057,106782,101204,107550.49,103307.25,-768.49,-2103.25,-1785.83,1485.96,False,False,nan,True,0.7454,104.35,91.81,True,0,COLLECTING,0,,0,,,,,11,98,100,30,60,0.9998024804930222,0.17320508075688776
2026-08-31T22:05:46.043,125185296,P021,light_pressure,QUALITY,,,,327,4737097,106783,101144,107535.14,103263.98,-752.14,-2119.98,-1869.37,1493.63,False,False,nan,True,0.7454,104.35,91.81,True,0,COLLECTING,0,,0,,,,,11,98,100,30,60,0.9998024804930222,0.17320508075688776
2026-08-31T22:05:46.054,125185312,P021,light_pressure,QUALITY,,,,328,4737137,106739,101136,107519.22,103221.42,-780.22,-2085.42,-1923.38,1502.23,False,False,nan,True,0.7454,104.35,91.81,True,0,COLLECTING,0,,0,,,,,11,98,100,30,60,0.9998024804930222,0.17320508075688776
2026-08-31T22:05:46.065,125185312,P021,light_pressure,QUALITY,,,,329,4737177,106668,100955,107502.2,103176.09,-834.2,-2221.09,-1997.81,1512.14,False,False,nan,True,0.7454,104.35,91.81,True,0,COLLECTING,0,,0,,,,,11,98,100,30,60,0.9998024804930222,0.17320508075688776
2026-08-31T22:05:46.076,125185328,P021,light_pressure,QUALITY,,,,330,4737217,106530,100760,107482.75,103127.77,-952.75,-2367.77,-2090.3,1523.7,False,False,nan,True,0.7454,104.35,91.81,True,0,COLLECTING,0,,0,,,,,11,98,100,30,60,0.9998024804930222,0.17320508075688776
2026-08-31T22:05:46.118,125185375,P021,light_pressure,QUALITY,,,,331,4737257,106399,100522,107461.08,103075.66,-1062.08,-2553.66,-2206.14,1537.35,False,False,nan,True,0.7454,104.35,91.81,True,0,COLLECTING,0,,0,,,,,11,98,100,30,60,0.9998024804930222,0.17320508075688776
2026-08-31T22:05:46.244,125185500,P021,light_pressure,QUALITY,,,,332,4737297,106275,100309,107437.36,103020.32,-1162.36,-2711.32,-2332.44,1553.25,False,False,nan,True,0.7454,104.35,91.81,True,0,COLLECTING,0,,0,,,,,11,98,100,30,60,0.9998024804930222,0.17320508075688776
2026-08-31T22:05:46.254,125185500,P021,light_pressure,QUALITY,,,,333,4737337,106157,100180,107411.75,102963.52,-1254.75,-2783.52,-2445.21,1571.09,False,False,nan,True,0.7454,104.35,91.81,True,0,COLLECTING,0,,0,,,,,11,98,100,30,60,0.9998024804930222,0.17320508075688776
2026-08-31T22:05:46.265,125185515,P021,light_pressure,QUALITY,,,,334,4737377,106172,100174,107386.95,102907.73,-1214.95,-2733.73,-2517.34,1590.02,False,False,nan,True,0.7454,104.35,91.81,True,0,COLLECTING,0,,0,,,,,11,98,100,30,60,0.9998024804930222,0.17320508075688776
2026-08-31T22:05:46.276,125185531,P021,light_pressure,QUALITY,,,,335,4737417,106133,100207,107361.88,102853.71,-1228.88,-2646.71,-2549.68,1609.21,False,False,nan,True,0.7454,104.35,91.81,True,0,COLLECTING,0,,0,,,,,11,98,100,30,60,0.9998024804930222,0.17320508075688776
2026-08-31T22:05:46.318,125185562,P021,light_pressure,QUALITY,,,,336,4737457,106097,100159,107336.58,102799.82,-1239.58,-2640.82,-2572.46,1628.47,False,False,nan,True,0.7454,104.35,91.81,True,0,COLLECTING,0,,0,,,,,11,98,100,30,60,0.9998024804930222,0.17320508075688776
2026-08-31T22:05:46.444,125185687,P021,light_pressure,QUALITY,,,,337,4737497,106065,100077,107311.15,102745.37,-1246.15,-2668.37,-2596.44,1647.83,False,False,nan,True,0.7454,104.35,91.81,True,0,COLLECTING,0,,0,,,,,11,98,100,30,60,0.9998024804930222,0.17320508075688776
2026-08-31T22:05:46.455,125185703,P021,light_pressure,QUALITY,,,,338,4737537,106064,100030,107286.2,102691.06,-1222.2,-2661.06,-2612.6,1667.13,False,False,nan,True,0.7454,104.35,91.81,True,0,COLLECTING,0,,0,,,,,11,98,100,30,60,0.9998024804930222,0.17320508075688776
2026-08-31T22:05:46.466,125185718,P021,light_pressure,QUALITY,,,,339,4737577,105938,99918,107259.24,102635.6,-1321.24,-2717.6,-2638.85,1686.56,False,False,nan,True,0.7454,104.35,91.81,True,0,COLLECTING,0,,0,,,,,11,98,100,30,60,0.9998024804930222,0.17320508075688776
2026-08-31T22:05:46.476,125185734,P021,light_pressure,QUALITY,,,,340,4737617,105974,99877,107233.54,102580.43,-1259.54,-2703.43,-2654.99,1705.93,False,False,nan,True,0.7454,104.35,91.81,True,0,COLLECTING,0,,0,,,,,11,98,100,30,60,0.9998024804930222,0.17320508075688776
2026-08-31T22:05:46.517,125185765,P021,light_pressure,QUALITY,,,,341,4737657,105903,99735,107206.93,102523.52,-1303.93,-2788.52,-2688.38,1725.58,False,False,nan,True,0.7454,104.35,91.81,True,0,COLLECTING,0,,0,,,,,11,98,100,30,60,0.9998024804930222,0.17320508075688776
2026-08-31T22:05:46.644,125185890,P021,light_pressure,QUALITY,,,,342,4737697,105811,99512,107179.01,102463.3,-1368.01,-2951.3,-2754.11,1746.15,False,False,nan,True,0.7454,104.35,91.81,True,0,COLLECTING,0,,0,,,,,11,98,100,30,60,0.9998024804930222,0.17320508075688776
2026-08-31T22:05:46.654,125185906,P021,light_pressure,QUALITY,,,,343,4737737,105683,99260,107149.09,102399.23,-1466.09,-3139.23,-2850.39,1768.24,False,False,nan,True,0.7454,104.35,91.81,True,0,COLLECTING,0,,0,,,,,11,98,100,30,60,0.9998024804930222,0.17320508075688776
2026-08-31T22:05:46.665,125185921,P021,light_pressure,QUALITY,,,,344,4737777,105672,99224,107119.55,102335.73,-1447.55,-3111.73,-2915.72,1791.19,False,False,nan,True,0.7454,104.35,98.45,True,0,COLLECTING,0,,0,,,,,11,98,100,30,60,0.9998024804930222,0.17320508075688776
2026-08-31T22:05:46.676,125185921,P021,light_pressure,QUALITY,,,,345,4737817,105639,99134,107089.94,102271.7,-1450.94,-3137.7,-2971.22,1814.79,False,False,nan,True,0.7454,104.35,98.45,True,0,COLLECTING,0,,0,,,,,11,98,100,30,60,0.9998024804930222,0.17320508075688776
2026-08-31T22:05:46.718,125185968,P021,light_pressure,QUALITY,,,,346,4737857,105633,99088,107060.8,102208.02,-1427.8,-3120.02,-3008.42,1838.66,False,False,nan,True,0.7454,104.35,98.45,True,0,COLLECTING,0,,0,,,,,11,98,100,30,60,0.9998024804930222,0.17320508075688776
2026-08-31T22:05:46.843,125186093,P021,light_pressure,QUALITY,,,,347,4737897,105597,99045,107031.52,102144.77,-1434.52,-3099.77,-3031.25,1862.51,False,False,nan,True,0.7454,104.35,98.45,True,0,COLLECTING,0,,0,,,,,10,98,100,30,60,0.9998024804930222,0.17320508075688776
2026-08-31T22:05:46.854,125186109,P021,light_pressure,QUALITY,,,,348,4737937,105513,98971,107001.16,102081.29,-1488.16,-3110.29,-3051.01,1886.28,False,False,nan,True,0.7454,104.35,98.45,True,0,COLLECTING,0,,0,,,,,10,98,100,30,60,0.9998024804930222,0.17320508075688776
2026-08-31T22:05:46.865,125186109,P021,light_pressure,QUALITY,,,,349,4737977,105542,98969,106971.98,102019.05,-1429.98,-3050.05,-3050.77,1909.57,False,False,nan,True,0.7454,104.35,98.45,True,0,COLLECTING,0,,0,,,,,10,98,100,30,60,0.9998024804930222,0.17320508075688776
2026-08-31T22:05:46.876,125186125,P021,light_pressure,QUALITY,,,,350,4738017,105572,99006,106943.98,101958.79,-1371.98,-2952.79,-3026.28,1931.9,False,False,nan,True,0.7454,104.35,98.45,True,0,COLLECTING,0,,0,,,,,10,98,100,30,60,0.9998024804930222,0.17320508075688776
2026-08-31T22:05:46.918,125186171,P021,light_pressure,QUALITY,,,,351,4738057,105589,99038,106916.88,101900.38,-1327.88,-2862.38,-2985.3,1952.97,False,False,nan,True,0.7454,104.35,98.45,True,0,COLLECTING,0,,0,,,,,10,98,100,30,60,0.9998024804930222,0.17320508075688776
2026-08-31T22:05:47.043,125186296,P021,light_pressure,QUALITY,,,,352,4738097,105667,99040,106891.88,101843.16,-1224.88,-2803.16,-2939.77,1972.71,False,False,nan,True,0.7454,104.35,98.45,True,0,COLLECTING,0,,0,,,,,10,98,100,30,60,0.9998024804930222,0.17320508075688776
2026-08-31T22:05:47.055,125186312,P021,light_pressure,QUALITY,,,,353,4738137,105661,99114,106867.26,101788.58,-1206.26,-2674.58,-2873.47,1990.72,False,False,nan,True,0.7454,104.35,98.45,True,0,COLLECTING,0,,0,,,,,10,98,100,30,60,0.9998024804930222,0.17320508075688776
2026-08-31T22:05:47.065,125186312,P021,light_pressure,QUALITY,,,,354,4738177,105711,99082,106844.13,101734.45,-1133.13,-2652.45,-2818.21,2007.27,False,False,nan,True,0.7454,104.35,98.45,True,0,COLLECTING,0,,0,,,,,10,98,100,30,60,0.9998024804930222,0.17320508075688776
2026-08-31T22:05:47.075,125186328,P021,light_pressure,QUALITY,,,,355,4738217,105718,99093,106821.61,101681.62,-1103.61,-2588.62,-2760.81,2022.34,False,False,nan,True,0.7454,104.35,98.45,True,0,COLLECTING,0,,0,,,,,10,98,100,30,60,0.9998024804930222,0.17320508075688776
2026-08-31T22:05:47.118,125186375,P021,light_pressure,QUALITY,,,,356,4738257,105722,99099,106799.62,101629.97,-1077.62,-2530.97,-2703.35,2035.96,False,False,nan,True,0.7454,104.35,98.45,True,0,COLLECTING,0,,0,,,,,10,98,100,30,60,0.9998024804930222,0.17320508075688776
2026-08-31T22:05:47.244,125186500,P021,light_pressure,QUALITY,,,,357,4738297,105748,99101,106778.59,101579.39,-1030.59,-2478.39,-2647.11,2048.19,False,False,nan,True,0.7454,104.35,98.45,True,0,COLLECTING,0,,0,,,,,10,98,100,30,60,0.9998024804930222,0.17320508075688776
2026-08-31T22:05:47.255,125186500,P021,light_pressure,QUALITY,,,,358,4738337,105739,99071,106757.8,101529.23,-1018.8,-2458.23,-2599.89,2059.22,False,False,nan,True,0.7454,104.35,98.45,True,0,COLLECTING,0,,0,,,,,10,98,100,30,60,0.9998024804930222,0.17320508075688776
2026-08-31T22:05:47.266,125186515,P021,light_pressure,QUALITY,,,,359,4738377,105725,99089,106737.14,101480.42,-1012.14,-2391.42,-2547.77,2068.99,False,False,nan,True,0.7454,104.35,98.45,True,0,COLLECTING,0,,0,,,,,10,98,100,30,60,0.9998024804930222,0.17320508075688776
2026-08-31T22:05:47.276,125186531,P021,light_pressure,QUALITY,,,,360,4738417,105763,99078,106717.66,101432.38,-954.66,-2354.38,-2499.42,2077.6,False,False,nan,True,0.7454,104.35,98.45,True,0,COLLECTING,0,,0,,,,,10,98,100,30,60,0.9998024804930222,0.17320508075688776
2026-08-31T22:05:47.318,125186562,P021,light_pressure,QUALITY,,,,361,4738457,105733,98986,106697.96,101383.45,-964.96,-2397.45,-2473.93,2085.53,False,False,nan,True,0.7454,104.35,98.45,True,0,COLLECTING,0,,0,,,,,10,98,100,30,60,0.9998024804930222,0.17320508075688776
2026-08-31T22:05:47.443,125186687,P021,light_pressure,QUALITY,,,,362,4738497,105664,98837,106677.28,101332.52,-1013.28,-2495.52,-2479.33,2093.4,False,False,nan,True,0.7454,104.35,98.45,True,0,COLLECTING,0,,0,,,,,10,98,100,30,60,0.9998024804930222,0.17320508075688776
2026-08-31T22:05:47.457,125186703,P021,light_pressure,QUALITY,,,,363,4738537,105590,98806,106655.54,101281.98,-1065.54,-2475.98,-2478.49,2101.11,False,False,nan,True,0.7454,104.35,98.45,True,0,COLLECTING,0,,0,,,,,10,98,100,30,60,0.9998024804930222,0.17320508075688776
2026-08-31T22:05:47.466,125186718,P021,light_pressure,QUALITY,,,,364,4738577,105683,98849,106636.09,101233.33,-953.09,-2384.33,-2454.95,2108.18,False,False,nan,True,0.7454,104.35,98.45,True,0,COLLECTING,0,,0,,,,,10,98,100,30,60,0.9998024804930222,0.17320508075688776
2026-08-31T22:05:47.476,125186734,P021,light_pressure,QUALITY,,,,365,4738617,105634,98873,106616.05,101186.12,-982.05,-2313.12,-2419.49,2114.41,False,False,nan,True,0.7454,104.35,98.45,True,0,COLLECTING,0,,0,,,,,10,98,100,30,60,0.9998024804930222,0.17320508075688776
2026-08-31T22:05:47.519,125186765,P021,light_pressure,QUALITY,,,,366,4738657,105610,98871,106595.93,101139.82,-985.93,-2268.82,-2381.83,2119.76,False,False,nan,True,0.7454,104.35,98.45,True,0,COLLECTING,0,,0,,,,,10,98,100,30,60,0.9998024804930222,0.17320508075688776
2026-08-31T22:05:47.643,125186890,P021,light_pressure,QUALITY,,,,367,4738697,105605,98853,106576.11,101094.09,-971.11,-2241.09,-2346.64,2124.29,False,False,nan,True,0.7454,104.35,98.45,True,0,COLLECTING,0,,0,,,,,9,98,100,30,60,0.9998024804930222,0.17320508075688776
2026-08-31T22:05:47.655,125186906,P021,light_pressure,QUALITY,,,,368,4738737,105589,98809,106556.37,101048.38,-967.37,-2239.38,-2319.83,2128.21,False,False,nan,True,0.7454,104.35,98.45,True,0,COLLECTING,0,,0,,,,,9,98,100,30,60,0.9998024804930222,0.17320508075688776
2026-08-31T22:05:47.666,125186921,P021,light_pressure,QUALITY,,,,369,4738777,105516,98739,106535.56,101002.2,-1019.56,-2263.2,-2305.67,2131.75,False,False,nan,True,0.7454,104.35,98.45,True,0,COLLECTING,0,,0,,,,,9,98,100,30,60,0.9998024804930222,0.17320508075688776
2026-08-31T22:05:47.675,125186921,P021,light_pressure,QUALITY,,,,370,4738817,105454,98682,106513.93,100955.79,-1059.93,-2273.79,-2297.7,2135.07,False,False,nan,True,0.7454,104.35,98.45,True,0,COLLECTING,0,,0,,,,,9,98,100,30,60,0.9998024804930222,0.17320508075688776
2026-08-31T22:05:47.718,125186968,P021,light_pressure,QUALITY,,,,371,4738857,105449,98657,106492.63,100909.81,-1043.63,-2252.81,-2286.48,2138.1,False,False,nan,True,0.7454,104.35,98.45,True,0,COLLECTING,0,,0,,,,,9,98,100,30,60,0.9998024804930222,0.17320508075688776
2026-08-31T22:05:47.843,125187093,P021,light_pressure,QUALITY,,,,372,4738897,105368,98596,106470.14,100863.54,-1102.14,-2267.54,-2281.74,2140.97,False,False,nan,True,0.7454,104.35,98.45,True,0,COLLECTING,0,,0,,,,,9,98,100,30,60,0.9998024804930222,0.17320508075688776
2026-08-31T22:05:47.855,125187109,P021,light_pressure,QUALITY,,,,373,4738937,105280,98523,106446.34,100816.73,-1166.34,-2293.73,-2284.74,2143.85,False,False,nan,True,0.7454,104.35,98.45,True,0,COLLECTING,0,,0,,,,,9,98,100,30,60,0.9998024804930222,0.17320508075688776
2026-08-31T22:05:47.865,125187109,P021,light_pressure,QUALITY,,,,374,4738977,105137,98406,106420.15,100768.52,-1283.15,-2362.52,-2304.18,2147.06,False,False,nan,True,0.7454,104.35,98.45,True,0,COLLECTING,0,,0,,,,,9,98,100,30,60,0.9998024804930222,0.17320508075688776
2026-08-31T22:05:47.876,125187125,P021,light_pressure,QUALITY,,,,375,4739017,105009,98229,106391.92,100717.73,-1382.92,-2488.73,-2350.32,2151.12,False,False,nan,True,0.7454,104.35,98.45,True,0,COLLECTING,0,,0,,,,,9,98,100,30,60,0.9998024804930222,0.17320508075688776
2026-08-31T22:05:47.918,125187171,P021,light_pressure,QUALITY,,,,376,4739057,104898,98078,106362.05,100664.93,-1464.05,-2586.93,-2409.47,2156.29,False,False,nan,True,0.7454,104.35,98.45,True,0,COLLECTING,0,,0,,,,,9,98,100,30,60,0.9998024804930222,0.17320508075688776
2026-08-31T22:05:48.043,125187296,P021,light_pressure,QUALITY,,,,377,4739097,104675,97891,106328.3,100609.45,-1653.3,-2718.45,-2486.72,2162.9,False,False,nan,True,0.7454,104.35,98.45,True,0,COLLECTING,0,,0,,,,,9,98,100,30,60,0.9998024804930222,0.17320508075688776
2026-08-31T22:05:48.055,125187312,P021,light_pressure,QUALITY,,,,378,4739137,104467,97715,106291.08,100551.56,-1824.08,-2836.56,-2574.18,2171.12,False,False,nan,True,0.7454,104.35,98.45,True,0,COLLECTING,0,,0,,,,,9,98,100,30,60,0.9998024804930222,0.17320508075688776
2026-08-31T22:05:48.067,125187312,P021,light_pressure,QUALITY,,,,379,4739177,104306,97556,106251.38,100491.65,-1945.38,-2935.65,-2664.55,2180.99,False,False,nan,True,0.7454,104.35,98.45,True,0,COLLECTING,0,,0,,,,,9,98,100,30,60,0.9998024804930222,0.17320508075688776
2026-08-31T22:05:48.077,125187328,P021,light_pressure,QUALITY,,,,380,4739217,104158,97423,106209.51,100430.27,-2051.51,-3007.27,-2750.23,2192.38,False,False,nan,True,0.7454,104.35,98.45,True,0,COLLECTING,0,,0,,,,,9,98,100,30,60,0.9998024804930222,0.17320508075688776
2026-08-31T22:05:48.118,125187375,P021,light_pressure,QUALITY,,,,381,4739257,103950,97233,106164.32,100366.33,-2214.32,-3133.33,-2846.0,2205.45,False,False,nan,True,0.7454,104.35,98.45,True,0,COLLECTING,0,,0,,,,,9,98,100,30,60,0.9998024804930222,0.17320508075688776
2026-08-31T22:05:48.243,125187500,P021,light_pressure,QUALITY,,,,382,4739297,103809,96999,106117.21,100298.98,-2308.21,-3299.98,-2959.5,2220.53,False,False,nan,True,0.7454,104.35,98.45,True,0,COLLECTING,0,,0,,,,,9,98,100,30,60,0.9998024804930222,0.17320508075688776
2026-08-31T22:05:48.254,125187500,P021,light_pressure,QUALITY,,,,383,4739337,103666,96819,106068.19,100229.38,-2402.19,-3410.38,-3072.22,2237.56,False,False,nan,True,0.7454,104.35,98.45,True,0,COLLECTING,0,,0,,,,,9,98,100,30,60,0.9998024804930222,0.17320508075688776
2026-08-31T22:05:48.266,125187515,P021,light_pressure,QUALITY,,,,384,4739377,103633,96767,106019.48,100160.13,-2386.48,-3393.13,-3152.45,2255.86,False,False,nan,True,0.7454,104.35,98.45,True,0,COLLECTING,0,,0,,,,,9,98,100,30,60,0.9998024804930222,0.17320508075688776
2026-08-31T22:05:48.278,125187531,P021,light_pressure,QUALITY,,,,385,4739417,103556,96691,105970.21,100090.75,-2414.21,-3399.75,-3214.27,2275.03,False,False,nan,True,0.7454,104.35,98.45,True,0,COLLECTING,0,,0,,,,,9,98,100,30,60,0.9998024804930222,0.17320508075688776
2026-08-31T22:05:48.318,125187562,P021,light_pressure,QUALITY,,,,386,4739457,103403,96519,105918.87,100019.31,-2515.87,-3500.31,-3285.78,2295.24,False,False,nan,True,0.7454,104.35,98.45,True,0,COLLECTING,0,,0,,,,,9,98,100,30,60,0.9998024804930222,0.17320508075688776
2026-08-31T22:05:48.446,125187703,P021,light_pressure,QUALITY,,,,387,4739497,103154,96287,105863.57,99944.66,-2709.57,-3657.66,-3378.75,2316.91,False,False,nan,True,0.7454,104.35,98.45,True,0,COLLECTING,0,,0,,,,,8,98,100,30,60,0.9998024804930222,0.17320508075688776
2026-08-31T22:05:48.458,125187703,P021,light_pressure,QUALITY,,,,388,4739537,102988,96104,105806.06,99867.85,-2818.06,-3763.85,-3475.03,2340.08,False,False,nan,True,0.7454,104.35,98.45,True,0,COLLECTING,0,,0,,,,,8,98,100,30,60,0.9998024804930222,0.17320508075688776
2026-08-31T22:05:48.466,125187718,P021,light_pressure,QUALITY,,,,389,4739577,102919,95966,105748.32,99789.81,-2829.32,-3823.81,-3562.22,2364.52,False,False,nan,True,0.7454,104.35,98.45,True,0,COLLECTING,0,,0,,,,,8,98,100,30,60,0.9998024804930222,0.17320508075688776
2026-08-31T22:05:48.476,125187734,P021,light_pressure,QUALITY,,,,390,4739617,102603,95663,105685.41,99707.27,-3082.41,-4044.27,-3682.74,2390.88,False,False,nan,True,0.7454,104.35,98.45,True,0,COLLECTING,0,,0,,,,,8,98,100,30,60,0.9998024804930222,0.17320508075688776
2026-08-31T22:05:48.518,125187765,P021,light_pressure,QUALITY,,,,391,4739657,102306,95388,105617.83,99620.89,-3311.83,-4232.89,-3820.27,2419.47,False,False,nan,True,0.7454,104.35,98.45,True,0,COLLECTING,0,,0,,,,,8,98,100,30,60,0.9998024804930222,0.17320508075688776
2026-08-31T22:05:48.645,125187890,P021,light_pressure,QUALITY,,,,392,4739697,102096,95204,105547.39,99532.55,-3451.39,-4328.55,-3947.34,2450.03,False,False,nan,True,0.7454,104.35,98.45,True,0,COLLECTING,0,,0,,,,,8,98,100,30,60,0.9998024804930222,0.17320508075688776
2026-08-31T22:05:48.656,125187906,P021,light_pressure,QUALITY,,,,393,4739737,101918,95047,105474.8,99442.84,-3556.8,-4395.84,-4059.47,2482.22,False,False,nan,True,0.7454,104.35,98.45,True,0,COLLECTING,0,,0,,,,,8,98,100,30,60,0.9998024804930222,0.17320508075688776
2026-08-31T22:05:48.666,125187921,P021,light_pressure,QUALITY,,,,394,4739777,101494,94708,105395.19,99348.15,-3901.19,-4640.15,-4204.64,2516.67,False,False,nan,True,0.7454,104.35,98.45,True,0,COLLECTING,0,,0,,,,,8,98,100,30,60,0.9998024804930222,0.17320508075688776
2026-08-31T22:05:48.676,125187921,P021,light_pressure,QUALITY,,,,395,4739817,100918,94252,105305.64,99246.23,-4387.64,-4994.23,-4402.04,2554.37,False,False,nan,True,0.7454,104.35,98.45,True,0,COLLECTING,0,,0,,,,,8,98,100,30,60,0.9998024804930222,0.17320508075688776
2026-08-31T22:05:48.719,125187968,P021,light_pressure,QUALITY,,,,396,4739857,100564,93953,105210.8,99140.36,-4646.8,-5187.36,-4598.37,2595.25,False,False,nan,True,0.7454,104.35,98.45,True,0,COLLECTING,0,,0,,,,,8,98,100,30,60,0.9998024804930222,0.17320508075688776
2026-08-31T22:05:48.846,125188093,P021,light_pressure,QUALITY,,,,397,4739897,100418,93793,105114.95,99033.41,-4696.95,-5240.41,-4758.88,2638.53,False,False,nan,True,0.7454,104.35,98.45,True,0,COLLECTING,0,,0,,,,,8,98,100,30,60,0.9998024804930222,0.17320508075688776
2026-08-31T22:05:48.855,125188109,P021,light_pressure,QUALITY,,,,398,4739937,100249,93613,105017.62,98925.01,-4768.62,-5312.01,-4897.16,2683.7,False,False,nan,True,0.7454,104.35,98.45,True,0,COLLECTING,0,,0,,,,,8,98,100,30,60,0.9998024804930222,0.17320508075688776
2026-08-31T22:05:48.866,125188109,P021,light_pressure,QUALITY,,,,399,4739977,100114,93470,104919.55,98815.91,-4805.55,-5345.91,-5009.35,2730.21,False,False,nan,True,0.7454,104.35,98.45,True,0,COLLECTING,0,,0,,,,,8,98,100,30,60,0.9998024804930222,0.17320508075688776
2026-08-31T22:05:48.875,125188125,P021,light_pressure,QUALITY,,,,400,4740017,99820,93215,104817.56,98703.89,-4997.56,-5488.89,-5129.23,2778.19,False,False,nan,True,0.7454,104.35,98.45,True,0,COLLECTING,0,,0,,,,,8,98,100,30,60,0.9998024804930222,0.17320508075688776
2026-08-31T22:05:48.918,125188171,P021,light_pressure,QUALITY,,,,401,4740057,99469,92839,104710.59,98586.59,-5241.59,-5747.59,-5283.82,2828.3,False,False,nan,True,0.7454,104.35,98.45,True,0,COLLECTING,0,,0,,,,,8,98,100,30,60,0.9998024804930222,0.17320508075688776
2026-08-31T22:05:49.045,125188296,P021,light_pressure,QUALITY,,,,402,4740097,98886,92229,104594.1,98459.45,-5708.1,-6230.45,-5520.48,2882.15,False,False,nan,True,0.7454,104.35,98.45,True,0,COLLECTING,0,,0,,,,,8,98,100,30,60,0.9998024804930222,0.17320508075688776
2026-08-31T22:05:49.055,125188312,P021,light_pressure,QUALITY,,,,403,4740137,98014,91327,104462.5,98316.8,-6448.5,-6989.8,-5887.81,2942.26,False,False,nan,True,0.7454,104.35,98.45,True,0,COLLECTING,0,,0,,,,,8,98,100,30,60,0.9998024804930222,0.17320508075688776
2026-08-31T22:05:49.066,125188312,P021,light_pressure,QUALITY,,,,404,4740177,96413,89430,104301.51,98139.06,-7888.51,-8709.06,-6593.12,3015.28,False,False,nan,True,0.7454,104.35,98.45,True,0,COLLECTING,0,,0,,,,,8,98,100,30,60,0.9998024804930222,0.17320508075688776
2026-08-31T22:05:49.075,125188328,P021,light_pressure,QUALITY,,,,405,4740217,93856,85463,104092.6,97885.54,-10236.6,-12422.54,-8050.48,3115.98,False,False,nan,True,0.7454,104.35,98.45,True,0,COLLECTING,0,,0,,,,,8,98,100,30,60,0.9998024804930222,0.17320508075688776
2026-08-31T22:05:49.119,125188375,P021,light_pressure,QUALITY,,,,406,4740257,93128,82701,103873.31,97581.85,-10745.31,-14880.85,-9758.07,3248.82,False,False,nan,True,0.7454,104.35,98.45,True,0,COLLECTING,0,,0,,,,,8,98,100,30,60,0.9998024804930222,0.17320508075688776
2026-08-31T22:05:49.244,125188500,P021,light_pressure,QUALITY,,,,407,4740297,103647,87219,103868.79,97374.59,-221.79,-10155.59,-9857.45,3381.0,False,False,nan,True,0.7454,104.35,98.45,True,0,COLLECTING,0,,0,,,,,7,98,100,30,60,0.9998024804930222,0.17320508075688776
2026-08-31T22:05:49.255,125188500,P021,light_pressure,QUALITY,,,,408,4740337,104820,87806,103887.81,97183.22,932.19,-9377.22,-9737.39,3508.12,False,False,nan,True,0.7454,104.35,98.45,True,0,COLLECTING,0,,0,,,,,7,98,100,30,60,0.9998024804930222,0.17320508075688776
2026-08-31T22:05:49.265,125188515,P021,light_pressure,QUALITY,,,,409,4740377,104120,88332,103892.45,97006.2,227.55,-8674.2,-9471.59,3627.39,False,False,nan,True,0.7454,104.35,98.45,True,0,COLLECTING,0,,0,,,,,7,98,100,30,60,0.9998024804930222,0.17320508075688776
2026-08-31T22:05:49.275,125188531,P021,light_pressure,QUALITY,,,,410,4740417,102046,88651,103855.52,96839.09,-1809.52,-8188.09,-9150.72,3737.86,False,False,nan,True,0.7454,104.35,98.45,True,0,COLLECTING,0,,0,,,,,7,98,100,30,60,0.9998024804930222,0.17320508075688776
2026-08-31T22:05:49.318,125188562,P021,light_pressure,QUALITY,,,,411,4740457,98994,88323,103758.3,96668.77,-4764.3,-8345.77,-8949.48,3842.09,False,False,nan,True,0.7454,104.35,98.45,True,0,COLLECTING,0,,0,,,,,7,98,100,30,60,0.9998024804930222,0.17320508075688776
2026-08-31T22:05:49.444,125188687,P021,light_pressure,QUALITY,,,,412,4740497,97138,88819,103625.89,96511.78,-6487.89,-7692.78,-8635.31,3937.96,False,False,nan,True,0.7454,104.35,98.45,True,0,COLLECTING,0,,0,,,,,7,98,100,30,60,0.9998024804930222,0.17320508075688776
2026-08-31T22:05:49.455,125188703,P021,light_pressure,QUALITY,,,,413,4740537,96950,90220,103492.38,96385.95,-6542.38,-6165.95,-8017.97,4019.56,False,False,nan,True,0.7454,104.35,98.45,True,0,COLLECTING,0,,0,,,,,7,98,100,30,60,0.9998024804930222,0.17320508075688776
2026-08-31T22:05:49.465,125188718,P021,light_pressure,QUALITY,,,,414,4740577,97280,91260,103368.12,96283.43,-6088.12,-5023.43,-7269.33,4084.55,False,False,nan,True,0.7454,104.35,98.45,True,0,COLLECTING,0,,0,,,,,7,98,100,30,60,0.9998024804930222,0.17320508075688776
2026-08-31T22:05:49.475,125188718,P021,light_pressure,QUALITY,,,,415,4740617,97758,91957,103255.92,96196.9,-5497.92,-4239.9,-6511.97,4133.1,False,False,nan,True,0.7454,104.35,98.45,True,0,COLLECTING,0,,0,,,,,7,98,100,30,60,0.9998024804930222,0.17320508075688776
2026-08-31T22:05:49.518,125188765,P021,light_pressure,QUALITY,,,,416,4740657,98104,92410,103152.88,96121.16,-5048.88,-3711.16,-5811.77,4166.67,False,False,nan,True,0.7454,104.35,98.45,True,0,COLLECTING,0,,0,,,,,7,98,100,30,60,0.9998024804930222,0.17320508075688776
2026-08-31T22:05:49.643,125188890,P021,light_pressure,QUALITY,,,,417,4740697,98424,92751,103058.3,96053.76,-4634.3,-3302.76,-5184.52,4187.03,False,False,nan,True,0.7454,104.35,98.45,True,0,COLLECTING,0,,0,,,,,7,98,100,30,60,0.9998024804930222,0.17320508075688776
2026-08-31T22:05:49.655,125188906,P021,light_pressure,QUALITY,,,,418,4740737,98665,93002,102970.44,95992.73,-4305.44,-2990.73,-4636.07,4196.01,False,False,nan,True,0.7454,104.35,98.45,True,0,COLLECTING,0,,0,,,,,7,98,100,30,60,0.9998024804930222,0.17320508075688776
2026-08-31T22:05:49.666,125188921,P021,light_pressure,QUALITY,,,,419,4740777,98906,93225,102889.15,95937.38,-3983.15,-2712.38,-4155.15,4195.19,False,False,nan,True,0.7454,104.35,98.45,True,0,COLLECTING,0,,0,,,,,7,98,100,30,60,0.9998024804930222,0.17320508075688776
2026-08-31T22:05:49.675,125188921,P021,light_pressure,QUALITY,,,,420,4740817,99143,93461,102814.23,95887.84,-3671.23,-2426.84,-3723.07,4185.75,False,False,nan,True,0.7454,104.35,98.45,True,0,COLLECTING,0,,0,,,,,7,98,100,30,60,0.9998024804930222,0.17320508075688776
2026-08-31T22:05:49.719,125188968,P021,light_pressure,QUALITY,,,,421,4740857,99254,93554,102743.02,95841.16,-3489.02,-2287.16,-3364.09,4169.32,False,False,nan,True,0.7454,104.35,98.45,True,0,COLLECTING,0,,0,,,,,7,98,100,30,60,0.9998024804930222,0.17320508075688776
2026-08-31T22:05:49.844,125189093,P021,light_pressure,QUALITY,,,,422,4740897,99338,93587,102674.92,95796.08,-3336.92,-2209.08,-3075.34,4147.44,False,False,nan,True,0.7454,104.35,98.45,True,0,COLLECTING,0,,0,,,,,7,98,100,30,60,0.9998024804930222,0.17320508075688776
2026-08-31T22:05:49.855,125189109,P021,light_pressure,QUALITY,,,,423,4740937,99351,93591,102608.45,95751.98,-3257.45,-2160.98,-2846.75,4121.43,False,False,nan,True,0.7454,104.35,98.45,True,0,COLLECTING,0,,0,,,,,7,98,100,30,60,0.9998024804930222,0.17320508075688776
2026-08-31T22:05:49.865,125189109,P021,light_pressure,QUALITY,,,,424,4740977,99377,93675,102543.82,95710.44,-3166.82,-2035.44,-2643.92,4091.88,False,False,nan,True,0.7454,104.35,98.45,True,0,COLLECTING,0,,0,,,,,7,98,100,30,60,0.9998024804930222,0.17320508075688776
2026-08-31T22:05:49.875,125189125,P021,light_pressure,QUALITY,,,,425,4741017,99359,93703,102480.12,95670.29,-3121.12,-1967.29,-2474.76,4059.53,False,False,nan,True,0.7454,104.35,98.45,True,0,COLLECTING,0,,0,,,,,7,98,100,30,60,0.9998024804930222,0.17320508075688776
2026-08-31T22:05:49.918,125189171,P021,light_pressure,QUALITY,,,,426,4741057,99356,93729,102417.64,95631.46,-3061.64,-1902.46,-2331.69,4024.98,False,False,nan,True,0.7454,104.35,98.45,True,0,COLLECTING,0,,0,,,,,7,98,100,30,60,0.9998024804930222,0.17320508075688776
2026-08-31T22:05:50.045,125189296,P021,light_pressure,QUALITY,,,,427,4741097,99349,93744,102356.27,95593.71,-3007.27,-1849.71,-2211.19,3988.7,False,False,nan,True,0.7454,104.35,98.45,True,0,COLLECTING,0,,0,,,,,6,98,100,30,60,0.9998024804930222,0.17320508075688776
2026-08-31T22:05:50.056,125189312,P021,light_pressure,QUALITY,,,,428,4741137,99307,93732,102295.28,95556.48,-2988.28,-1824.48,-2114.51,3951.22,False,False,nan,True,0.7454,104.35,98.45,True,0,COLLECTING,0,,0,,,,,6,98,100,30,60,0.9998024804930222,0.17320508075688776
2026-08-31T22:05:50.065,125189312,P021,light_pressure,QUALITY,,,,429,4741177,99306,93725,102235.49,95519.84,-2929.49,-1794.84,-2034.6,3912.89,False,False,nan,True,0.7454,104.35,98.45,True,0,COLLECTING,0,,0,,,,,6,98,100,30,60,0.9998024804930222,0.17320508075688776
2026-08-31T22:05:50.075,125189328,P021,light_pressure,QUALITY,,,,430,4741217,99286,93749,102176.5,95484.43,-2890.5,-1735.43,-1959.8,3873.82,False,False,nan,True,0.7454,104.35,98.45,True,0,COLLECTING,0,,0,,,,,6,98,100,30,60,0.9998024804930222,0.17320508075688776
2026-08-31T22:05:50.118,125189375,P021,light_pressure,QUALITY,,,,431,4741257,99293,93756,102118.83,95449.86,-2825.83,-1693.86,-1893.32,3834.21,False,False,nan,True,0.7454,104.35,98.45,True,0,COLLECTING,0,,0,,,,,6,98,100,30,60,0.9998024804930222,0.17320508075688776
2026-08-31T22:05:50.244,125189500,P021,light_pressure,QUALITY,,,,432,4741297,99322,93796,102062.89,95416.78,-2740.89,-1620.78,-1825.18,3794.03,False,False,nan,True,0.7454,104.35,98.45,True,0,COLLECTING,0,,0,,,,,6,98,100,30,60,0.9998024804930222,0.17320508075688776
2026-08-31T22:05:50.256,125189500,P021,light_pressure,QUALITY,,,,433,4741337,99333,93827,102008.29,95384.98,-2675.29,-1557.98,-1758.38,3753.32,False,False,nan,True,0.7454,104.35,98.45,True,0,COLLECTING,0,,0,,,,,6,98,100,30,60,0.9998024804930222,0.17320508075688776
2026-08-31T22:05:50.265,125189515,P021,light_pressure,QUALITY,,,,434,4741377,99353,93847,101955.18,95354.23,-2602.18,-1507.23,-1695.59,3712.17,False,False,nan,True,0.7454,104.35,98.45,True,0,COLLECTING,0,,0,,,,,6,98,100,30,60,0.9998024804930222,0.17320508075688776
2026-08-31T22:05:50.275,125189531,P021,light_pressure,QUALITY,,,,435,4741417,99336,93859,101902.8,95324.32,-2566.8,-1465.32,-1638.03,3670.68,False,False,nan,True,0.7454,104.35,98.45,True,0,COLLECTING,0,,0,,,,,6,98,100,30,60,0.9998024804930222,0.17320508075688776
2026-08-31T22:05:50.318,125189562,P021,light_pressure,QUALITY,,,,436,4741457,99332,93869,101851.38,95295.21,-2519.38,-1426.21,-1585.07,3628.97,False,False,nan,True,0.7454,104.35,98.45,True,0,COLLECTING,0,,0,,,,,6,98,100,30,60,0.9998024804930222,0.17320508075688776
2026-08-31T22:05:50.443,125189687,P021,light_pressure,QUALITY,,,,437,4741497,99340,93889,101801.16,95267.09,-2461.16,-1378.09,-1533.33,3587.06,False,False,nan,True,0.7454,104.35,98.45,True,0,COLLECTING,0,,0,,,,,5,98,100,30,60,0.9998024804930222,0.17320508075688776
2026-08-31T22:05:50.456,125189703,P021,light_pressure,QUALITY,,,,438,4741537,99410,93957,101753.34,95240.88,-2343.34,-1283.88,-1470.97,3544.74,False,False,nan,True,0.7454,104.35,98.45,True,0,COLLECTING,0,,0,,,,,5,98,100,30,60,0.9998024804930222,0.17320508075688776
2026-08-31T22:05:50.466,125189718,P021,light_pressure,QUALITY,,,,439,4741577,99515,94053,101708.57,95217.12,-2193.57,-1164.12,-1394.26,3501.73,False,False,nan,True,0.7454,104.35,98.45,True,0,COLLECTING,0,,0,,,,,5,98,100,30,60,0.9998024804930222,0.17320508075688776
2026-08-31T22:05:50.475,125189718,P021,light_pressure,QUALITY,,,,440,4741617,99593,94136,101666.26,95195.5,-2073.26,-1059.5,-1310.57,3457.9,False,False,nan,True,0.7454,104.35,98.45,True,0,COLLECTING,0,,0,,,,,5,98,100,30,60,0.9998024804930222,0.17320508075688776
2026-08-31T22:05:50.518,125189765,P021,light_pressure,QUALITY,,,,441,4741657,99645,94197,101625.84,95175.53,-1980.84,-978.53,-1227.56,3413.3,False,False,nan,True,0.7454,104.35,98.45,True,0,COLLECTING,0,,0,,,,,5,98,100,30,60,0.9998024804930222,0.17320508075688776
2026-08-31T22:05:50.644,125189890,P021,light_pressure,QUALITY,,,,442,4741697,99636,94146,101586.04,95154.94,-1950.04,-1008.94,-1172.9,3368.49,False,False,nan,True,0.7454,104.35,98.45,True,0,COLLECTING,0,,0,,,,,5,98,100,30,60,0.9998024804930222,0.17320508075688776
2026-08-31T22:05:50.655,125189906,P021,light_pressure,QUALITY,,,,443,4741737,99621,94069,101546.74,95133.22,-1925.74,-1064.22,-1145.73,3324.03,False,False,nan,True,0.7454,104.35,98.45,True,0,COLLECTING,0,,0,,,,,5,98,100,30,60,0.9998024804930222,0.17320508075688776
2026-08-31T22:05:50.665,125189921,P021,light_pressure,QUALITY,,,,444,4741777,99614,94079,101508.09,95112.13,-1894.09,-1033.13,-1117.58,3279.9,False,False,nan,True,0.7454,104.35,92.09,True,0,COLLECTING,0,,0,,,,,5,98,100,30,60,0.9998024804930222,0.17320508075688776
2026-08-31T22:05:50.675,125189921,P021,light_pressure,QUALITY,,,,445,4741817,99649,94136,101470.91,95092.61,-1821.91,-956.61,-1077.34,3235.85,False,False,nan,True,0.7454,104.35,92.09,True,0,COLLECTING,0,,0,,,,,5,98,100,30,60,0.9998024804930222,0.17320508075688776
2026-08-31T22:05:50.718,125189968,P021,light_pressure,QUALITY,,,,446,4741857,99656,94166,101434.61,95074.08,-1778.61,-908.08,-1035.02,3191.84,False,False,nan,True,0.7454,104.35,92.09,True,0,COLLECTING,0,,0,,,,,5,98,100,30,60,0.9998024804930222,0.17320508075688776
2026-08-31T22:05:50.843,125190093,P021,light_pressure,QUALITY,,,,447,4741897,99666,94185,101399.23,95056.3,-1733.23,-871.3,-994.09,3147.88,False,False,nan,True,0.7454,104.35,92.09,True,0,COLLECTING,0,,0,,,,,4,98,100,30,60,0.9998024804930222,0.17320508075688776
2026-08-31T22:05:50.855,125190109,P021,light_pressure,QUALITY,,,,448,4741937,99697,94225,101365.19,95039.67,-1668.19,-814.67,-949.24,3103.91,False,False,nan,True,0.7454,104.35,92.09,True,0,COLLECTING,0,,0,,,,,4,98,100,30,60,0.9998024804930222,0.17320508075688776
2026-08-31T22:05:50.865,125190109,P021,light_pressure,QUALITY,,,,449,4741977,99694,94208,101331.77,95023.04,-1637.77,-815.04,-915.69,3060.14,False,False,nan,True,0.7454,104.35,92.09,True,0,COLLECTING,0,,0,,,,,4,98,100,30,60,0.9998024804930222,0.17320508075688776
2026-08-31T22:05:50.873,125190125,P021,light_pressure,QUALITY,,,,450,4742017,99693,94188,101298.99,95006.34,-1605.99,-818.34,-891.35,3016.77,False,False,nan,True,0.7454,104.35,92.09,True,0,COLLECTING,0,,0,,,,,4,98,100,30,60,0.9998024804930222,0.17320508075688776
2026-08-31T22:05:50.919,125190171,P021,light_pressure,QUALITY,,,,451,4742057,99719,94237,101267.39,94990.95,-1548.39,-753.95,-857.0,2973.57,False,False,nan,True,0.7454,104.35,92.09,True,0,COLLECTING,0,,0,,,,,4,98,100,30,60,0.9998024804930222,0.17320508075688776
2026-08-31T22:05:51.044,125190296,P021,light_pressure,QUALITY,,,,452,4742097,99777,94303,101237.59,94977.2,-1460.59,-674.2,-811.3,2930.33,False,False,nan,True,0.7454,104.35,92.09,True,0,COLLECTING,0,,0,,,,,4,98,100,30,60,0.9998024804930222,0.17320508075688776
2026-08-31T22:05:51.055,125190312,P021,light_pressure,QUALITY,,,,453,4742137,99813,94351,101209.09,94964.67,-1396.09,-613.67,-761.89,2886.96,False,False,nan,True,0.7454,104.35,92.09,True,0,COLLECTING,0,,0,,,,,4,98,100,30,60,0.9998024804930222,0.17320508075688776
2026-08-31T22:05:51.066,125190312,P021,light_pressure,QUALITY,,,,454,4742177,99843,94375,101181.77,94952.88,-1338.77,-577.88,-715.89,2843.54,False,False,nan,True,0.7454,104.35,92.09,True,0,COLLECTING,0,,0,,,,,4,98,100,30,60,0.9998024804930222,0.17320508075688776
2026-08-31T22:05:51.074,125190328,P021,light_pressure,QUALITY,,,,455,4742217,99857,94385,101155.28,94941.52,-1298.28,-556.52,-676.04,2800.19,False,False,nan,True,0.7454,104.35,92.09,True,0,COLLECTING,0,,0,,,,,4,98,100,30,60,0.9998024804930222,0.17320508075688776
2026-08-31T22:05:51.117,125190375,P021,light_pressure,QUALITY,,,,456,4742257,99901,94418,101130.2,94931.05,-1229.2,-513.05,-635.3,2756.89,False,False,nan,True,0.7454,104.35,92.09,True,0,COLLECTING,0,,0,,,,,4,98,100,30,60,0.9998024804930222,0.17320508075688776
2026-08-31T22:05:51.243,125190500,P021,light_pressure,QUALITY,,,,457,4742297,99909,94449,101105.77,94921.41,-1196.77,-472.41,-594.57,2713.64,False,False,nan,True,0.7454,104.35,92.09,True,0,COLLECTING,0,,0,,,,,4,98,100,30,60,0.9998024804930222,0.17320508075688776
2026-08-31T22:05:51.255,125190500,P021,light_pressure,QUALITY,,,,458,4742337,99911,94459,101081.88,94912.16,-1170.88,-453.16,-559.22,2670.56,False,False,nan,True,0.7454,104.35,92.09,True,0,COLLECTING,0,,0,,,,,4,98,100,30,60,0.9998024804930222,0.17320508075688776
2026-08-31T22:05:51.265,125190515,P021,light_pressure,QUALITY,,,,459,4742377,99944,94495,101059.12,94903.81,-1115.12,-408.81,-521.62,2627.58,False,False,nan,True,0.7454,104.35,92.09,True,0,COLLECTING,0,,0,,,,,4,98,100,30,60,0.9998024804930222,0.17320508075688776
2026-08-31T22:05:51.274,125190531,P021,light_pressure,QUALITY,,,,460,4742417,99971,94534,101037.35,94896.41,-1066.35,-362.41,-481.82,2584.66,False,False,nan,True,0.7454,104.35,92.09,True,0,COLLECTING,0,,0,,,,,4,98,100,30,60,0.9998024804930222,0.17320508075688776
2026-08-31T22:05:51.317,125190562,P021,light_pressure,QUALITY,,,,461,4742457,100015,94595,101016.91,94890.38,-1001.91,-295.38,-435.21,2541.67,False,False,nan,True,0.7454,104.35,92.09,True,0,COLLECTING,0,,0,,,,,4,98,100,30,60,0.9998024804930222,0.17320508075688776
2026-08-31T22:05:51.444,125190687,P021,light_pressure,QUALITY,,,,462,4742497,100036,94621,100997.29,94884.99,-961.29,-263.99,-392.4,2498.69,False,False,nan,True,0.7454,104.35,92.09,True,0,COLLECTING,0,,0,,,,,4,98,100,30,60,0.9998024804930222,0.17320508075688776
2026-08-31T22:05:51.455,125190703,P021,light_pressure,QUALITY,,,,463,4742537,99982,94508,100976.98,94877.45,-994.98,-369.45,-386.67,2456.45,False,False,nan,True,0.7454,104.35,92.09,True,0,COLLECTING,0,,0,,,,,4,98,100,30,60,0.9998024804930222,0.17320508075688776
2026-08-31T22:05:51.465,125190718,P021,light_pressure,QUALITY,,,,464,4742577,99928,94401,100956.01,94867.92,-1028.01,-466.92,-406.73,2415.45,False,False,nan,True,0.7454,104.35,92.09,True,0,COLLECTING,0,,0,,,,,4,98,100,30,60,0.9998024804930222,0.17320508075688776
2026-08-31T22:05:51.474,125190718,P021,light_pressure,QUALITY,,,,465,4742617,99930,94413,100935.48,94858.82,-1005.48,-445.82,-416.5,2375.47,False,False,nan,True,0.7454,104.35,92.09,True,0,COLLECTING,0,,0,,,,,4,98,100,30,60,0.9998024804930222,0.17320508075688776
2026-08-31T22:05:51.517,125190765,P021,light_pressure,QUALITY,,,,466,4742657,99950,94453,100915.77,94850.7,-965.77,-397.7,-411.8,2336.2,False,False,nan,True,0.7454,104.35,92.09,True,0,COLLECTING,0,,0,,,,,4,98,100,30,60,0.9998024804930222,0.17320508075688776
2026-08-31T22:05:51.643,125190890,P021,light_pressure,QUALITY,,,,467,4742697,99932,94447,100896.1,94842.63,-964.1,-395.63,-407.76,2297.63,False,False,nan,True,0.7454,104.35,92.09,True,0,COLLECTING,0,,0,,,,,4,98,100,30,60,0.9998024804930222,0.17320508075688776
2026-08-31T22:05:51.655,125190906,P021,light_pressure,QUALITY,,,,468,4742737,99910,94439,100876.38,94834.56,-966.38,-395.56,-404.71,2259.77,False,False,nan,True,0.7454,104.35,92.09,True,0,COLLECTING,0,,0,,,,,4,98,100,30,60,0.9998024804930222,0.17320508075688776
2026-08-31T22:05:51.665,125190921,P021,light_pressure,QUALITY,,,,469,4742777,99884,94417,100856.54,94826.21,-972.54,-409.21,-405.84,2222.69,False,False,nan,True,0.7454,104.35,92.09,True,0,COLLECTING,0,,0,,,,,4,98,100,30,60,0.9998024804930222,0.17320508075688776
2026-08-31T22:05:51.675,125190921,P021,light_pressure,QUALITY,,,,470,4742817,99850,94381,100836.41,94817.3,-986.41,-436.3,-413.45,2186.51,False,False,nan,True,0.7454,104.35,92.09,True,0,COLLECTING,0,,0,,,,,4,98,100,30,60,0.9998024804930222,0.17320508075688776
2026-08-31T22:05:51.717,125190968,P021,light_pressure,QUALITY,,,,471,4742857,99819,94372,100816.05,94808.4,-997.05,-436.4,-419.19,2151.16,False,False,nan,True,0.7454,104.35,92.09,True,0,COLLECTING,0,,0,,,,,4,98,100,30,60,0.9998024804930222,0.17320508075688776
2026-08-31T22:05:51.843,125191093,P021,light_pressure,QUALITY,,,,472,4742897,99827,94387,100796.27,94799.97,-969.27,-412.97,-417.63,2116.49,False,False,nan,True,0.7454,104.35,92.09,True,0,COLLECTING,0,,0,,,,,4,98,100,30,60,0.9998024804930222,0.17320508075688776
2026-08-31T22:05:51.854,125191109,P021,light_pressure,QUALITY,,,,473,4742937,99906,94467,100778.47,94793.31,-872.47,-326.31,-394.8,2082.06,False,False,nan,True,0.7454,104.35,92.09,True,0,COLLECTING,0,,0,,,,,4,98,100,30,60,0.9998024804930222,0.17320508075688776
2026-08-31T22:05:51.865,125191109,P021,light_pressure,QUALITY,,,,474,4742977,99952,94543,100761.94,94788.3,-809.94,-245.3,-357.43,2047.57,False,False,nan,True,0.7454,104.35,92.09,True,0,COLLECTING,0,,0,,,,,4,98,100,30,60,0.9998024804930222,0.17320508075688776
2026-08-31T22:05:51.874,125191125,P021,light_pressure,QUALITY,,,,475,4743017,100033,94633,100747.36,94785.2,-714.36,-152.2,-306.12,2012.74,False,False,nan,True,0.7454,104.35,92.09,True,0,COLLECTING,0,,0,,,,,4,98,100,30,60,0.9998024804930222,0.17320508075688776
2026-08-31T22:05:51.917,125191171,P021,light_pressure,QUALITY,,,,476,4743057,100070,94666,100733.81,94782.81,-663.81,-116.81,-258.79,1977.66,False,False,nan,True,0.7454,104.35,92.09,True,0,COLLECTING,0,,0,,,,,4,98,100,30,60,0.9998024804930222,0.17320508075688776
2026-08-31T22:05:52.043,125191296,P021,light_pressure,QUALITY,,,,477,4743097,100093,94707,100721.0,94781.3,-628.0,-74.3,-212.67,1942.36,False,False,nan,True,0.7454,104.35,92.09,True,0,COLLECTING,0,,0,,,,,4,98,100,30,60,0.9998024804930222,0.17320508075688776
2026-08-31T22:05:52.054,125191296,P021,light_pressure,QUALITY,,,,478,4743137,100154,94772,100709.66,94781.11,-555.66,-9.11,-161.78,1906.75,False,False,nan,True,0.7454,104.35,92.09,True,0,COLLECTING,0,,0,,,,,4,98,100,30,60,0.9998024804930222,0.17320508075688776
2026-08-31T22:05:52.065,125191312,P021,light_pressure,QUALITY,,,,479,4743177,100245,94886,100700.36,94783.21,-455.36,102.79,-95.64,1870.52,False,False,nan,True,0.7454,104.35,92.09,True,0,COLLECTING,0,,0,,,,,4,98,100,30,60,0.9998024804930222,0.17320508075688776
2026-08-31T22:05:52.074,125191328,P021,light_pressure,QUALITY,,,,480,4743217,100367,95022,100693.7,94787.98,-326.7,234.02,-13.22,1833.38,False,False,nan,True,0.7454,104.35,92.09,True,0,COLLECTING,0,,0,,,,,4,98,100,30,60,0.9998024804930222,0.17320508075688776
2026-08-31T22:05:52.118,125191375,P021,light_pressure,QUALITY,,,,481,4743257,100451,95128,100688.84,94794.78,-237.84,333.22,73.39,1798.18,False,False,nan,True,0.7454,104.35,92.09,True,0,COLLECTING,0,,0,,,,,4,98,100,30,60,0.9998024804930222,0.17320508075688776
2026-08-31T22:05:52.244,125191500,P021,light_pressure,QUALITY,,,,482,4743297,100538,95262,100685.83,94804.12,-147.83,457.88,169.51,1765.61,False,False,nan,True,0.7454,104.35,92.09,True,0,COLLECTING,0,,0,,,,,4,98,100,30,60,0.9998024804930222,0.17320508075688776
2026-08-31T22:05:52.254,125191500,P021,light_pressure,QUALITY,,,,483,4743337,100555,95266,100683.21,94813.36,-128.21,452.64,240.29,1735.1,False,False,nan,True,0.7454,104.35,92.09,True,0,COLLECTING,0,,0,,,,,4,98,100,30,60,0.9998024804930222,0.17320508075688776
2026-08-31T22:05:52.263,125191515,P021,light_pressure,QUALITY,,,,484,4743377,100494,95146,100679.43,94820.02,-185.43,325.98,261.71,1705.63,False,False,nan,True,0.7454,104.35,92.09,True,0,COLLECTING,0,,0,,,,,4,98,100,30,60,0.9998024804930222,0.17320508075688776
2026-08-31T22:05:52.274,125191531,P021,light_pressure,QUALITY,,,,485,4743417,100490,95121,100675.64,94826.04,-185.64,294.96,270.03,1676.92,False,False,nan,True,0.7454,104.35,92.09,True,0,COLLECTING,0,,0,,,,,4,98,100,30,60,0.9998024804930222,0.17320508075688776
2026-08-31T22:05:52.317,125191562,P021,light_pressure,QUALITY,,,,486,4743457,100539,95201,100672.91,94833.54,-133.91,367.46,294.39,1649.27,False,False,nan,True,0.7454,104.35,92.09,True,0,COLLECTING,0,,0,,,,,4,98,100,30,60,0.9998024804930222,0.17320508075688776
2026-08-31T22:05:52.444,125191687,P021,light_pressure,QUALITY,,,,487,4743497,100614,95321,100671.73,94843.29,-57.73,477.71,340.22,1623.09,False,False,nan,True,0.7454,104.35,92.09,True,0,COLLECTING,0,,0,,,,,4,98,100,30,60,0.9989134096607173,0.17320508075688776
2026-08-31T22:05:52.454,125191703,P021,light_pressure,QUALITY,,,,488,4743537,100691,95429,100672.11,94855.0,18.89,574.0,398.66,1598.6,False,False,nan,True,0.7454,104.35,92.09,True,0,COLLECTING,0,,0,,,,,4,98,100,30,60,0.9989134096607173,0.17320508075688776
2026-08-31T22:05:52.463,125191718,P021,light_pressure,QUALITY,,,,489,4743577,100760,95525,100673.87,94868.4,86.13,656.6,463.15,1575.89,False,False,nan,True,0.7454,104.35,92.09,True,0,COLLECTING,0,,0,,,,,4,98,100,30,60,0.9989134096607173,0.17320508075688776
2026-08-31T22:05:52.473,125191718,P021,light_pressure,QUALITY,,,,490,4743617,100833,95614,100677.05,94883.31,155.95,730.69,530.03,1554.97,False,False,nan,True,0.7454,104.35,92.09,True,0,COLLECTING,0,,0,,,,,4,98,100,30,60,0.9989134096607173,0.17320508075688776
2026-08-31T22:05:52.516,125191765,P021,light_pressure,QUALITY,,,,491,4743657,100900,95706,100681.51,94899.77,218.49,806.23,599.08,1535.86,False,False,nan,True,0.7454,104.35,92.09,True,0,COLLECTING,0,,0,,,,,4,98,100,30,60,0.9989134096607173,0.17320508075688776
2026-08-31T22:05:52.643,125191890,P021,light_pressure,QUALITY,,,,492,4743697,100917,95727,100686.22,94916.31,230.78,810.69,651.98,1518.18,False,False,nan,True,0.7454,104.35,92.09,True,0,COLLECTING,0,,0,,,,,4,98,100,30,60,0.9998024804930222,0.17320508075688776
2026-08-31T22:05:52.655,125191906,P021,light_pressure,QUALITY,,,,493,4743737,100920,95729,100690.89,94932.56,229.11,796.44,688.1,1501.58,False,False,nan,True,0.7454,104.35,92.09,True,0,COLLECTING,0,,0,,,,,4,98,100,30,60,0.9998024804930222,0.17320508075688776
2026-08-31T22:05:52.663,125191921,P021,light_pressure,QUALITY,,,,494,4743777,100905,95707,100695.17,94948.05,209.83,758.95,705.81,1485.66,False,False,nan,True,0.7454,104.35,92.09,True,0,COLLECTING,0,,0,,,,,4,98,100,30,60,0.9998024804930222,0.17320508075688776
2026-08-31T22:05:52.678,125191921,P021,light_pressure,QUALITY,,,,495,4743817,100907,95703,100699.41,94963.16,207.59,739.84,714.32,1470.23,False,False,nan,True,0.7454,104.35,92.09,True,0,COLLECTING,0,,0,,,,,4,98,100,30,60,0.9998024804930222,0.17320508075688776
2026-08-31T22:05:52.718,125191968,P021,light_pressure,QUALITY,,,,496,4743857,100898,95699,100703.38,94977.88,194.62,721.12,716.02,1455.15,False,False,nan,True,0.7454,104.35,92.09,True,0,COLLECTING,0,,0,,,,,4,98,100,30,60,0.9998024804930222,0.17320508075688776
2026-08-31T22:05:52.848,125192093,P021,light_pressure,QUALITY,,,,497,4743897,100949,95767,100708.29,94993.66,240.71,773.34,730.35,1440.65,False,False,nan,True,0.7454,104.35,92.09,True,0,COLLECTING,0,,0,,,,,4,98,100,30,60,0.9998024804930222,0.17320508075688776
2026-08-31T22:05:52.859,125192109,P021,light_pressure,QUALITY,,,,498,4743937,101044,95911,100715.0,95012.0,329.0,899.0,772.51,1427.29,False,False,nan,True,0.7454,104.35,92.09,True,0,COLLECTING,0,,0,,,,,4,98,100,30,60,0.9998024804930222,0.17320508075688776
2026-08-31T22:05:52.867,125192125,P021,light_pressure,QUALITY,,,,499,4743987,101231,96207,100725.32,95035.9,505.68,1171.1,872.16,1416.19,False,False,nan,True,0.7454,104.35,92.09,True,0,COLLECTING,0,,0,,,,,4,98,100,30,60,0.9998024804930222,0.17320508075688776
2026-08-31T22:05:52.877,125192125,P021,light_pressure,QUALITY,,,,500,4744017,101333,96378,100737.48,95062.74,595.52,1315.26,982.93,1407.52,False,False,nan,True,0.7454,104.35,92.09,True,0,COLLECTING,0,,0,,,,,4,98,100,30,60,0.9998024804930222,0.17320508075688776
2026-08-31T22:05:52.929,125192187,P021,light_pressure,QUALITY,,,,501,4744067,101396,96453,100750.65,95090.55,645.35,1362.45,1077.81,1400.93,False,False,nan,True,0.7454,104.35,92.09,True,0,COLLECTING,0,,0,,,,,4,98,100,30,60,0.9998024804930222,0.17320508075688776
2026-08-31T22:05:53.049,125192296,P021,light_pressure,QUALITY,,,,502,4744107,101442,96493,100764.48,95118.59,677.52,1374.41,1151.96,1395.95,False,False,nan,True,0.7454,104.35,92.09,True,0,COLLECTING,0,,0,,,,,4,98,100,30,60,0.9998024804930222,0.24494897427831783
2026-08-31T22:05:53.060,125192312,P021,light_pressure,QUALITY,,,,503,4744147,101452,96491,100778.23,95146.04,673.77,1344.96,1200.21,1392.03,False,False,nan,True,0.7454,104.35,92.09,True,0,COLLECTING,0,,0,,,,,4,98,100,30,60,0.9998024804930222,0.24494897427831783
2026-08-31T22:05:53.067,125192312,P021,light_pressure,QUALITY,,,,504,4744187,101448,96460,100791.62,95172.32,656.38,1287.68,1222.08,1388.64,False,False,nan,True,0.7454,104.35,92.09,True,0,COLLECTING,0,,0,,,,,4,98,100,30,60,0.9998024804930222,0.24494897427831783
2026-08-31T22:05:53.087,125192343,P021,light_pressure,QUALITY,,,,505,4744227,101464,96495,100805.07,95198.77,658.93,1296.23,1240.62,1385.68,False,False,nan,True,0.7454,104.35,92.09,True,0,COLLECTING,0,,0,,,,,4,98,100,30,60,0.9998024804930222,0.24494897427831783
2026-08-31T22:05:53.128,125192375,P021,light_pressure,QUALITY,,,,506,4744267,101530,96581,100819.57,95226.41,710.43,1354.59,1269.11,1383.34,False,False,nan,True,0.7454,104.35,92.09,True,0,COLLECTING,0,,0,,,,,4,98,100,30,60,0.9998024804930222,0.24494897427831783
2026-08-31T22:05:53.246,125192500,P021,light_pressure,QUALITY,,,,507,4744307,101623,96758,100835.64,95257.05,787.36,1500.95,1327.07,1382.22,False,False,nan,True,0.7454,104.35,92.09,True,0,COLLECTING,0,,0,,,,,4,98,100,30,60,0.9998024804930222,0.17320508075688776
2026-08-31T22:05:53.257,125192500,P021,light_pressure,QUALITY,,,,508,4744347,101675,96850,100852.43,95288.91,822.57,1561.09,1385.58,1382.29,False,False,nan,True,0.7454,104.35,92.09,True,0,COLLECTING,0,,0,,,,,4,98,100,30,60,0.9998024804930222,0.17320508075688776
2026-08-31T22:05:53.264,125192515,P021,light_pressure,QUALITY,,,,509,4744387,101692,96858,100869.22,95320.29,822.78,1537.71,1423.61,1383.11,False,False,nan,True,0.7454,104.35,92.09,True,0,COLLECTING,0,,0,,,,,4,98,100,30,60,0.9998024804930222,0.17320508075688776
2026-08-31T22:05:53.288,125192546,P021,light_pressure,QUALITY,,,,510,4744427,101752,96940,100886.88,95352.68,865.12,1587.32,1464.54,1384.74,False,False,nan,True,0.7454,104.35,92.09,True,0,COLLECTING,0,,0,,,,,4,98,100,30,60,0.9998024804930222,0.17320508075688776
2026-08-31T22:05:53.328,125192578,P021,light_pressure,QUALITY,,,,511,4744467,101820,97021,100905.54,95386.05,914.46,1634.95,1507.14,1387.19,False,False,nan,True,0.7454,104.35,92.09,True,0,COLLECTING,0,,0,,,,,4,98,100,30,60,0.9998024804930222,0.17320508075688776
2026-08-31T22:05:53.447,125192703,P021,light_pressure,QUALITY,,,,512,4744507,101908,97168,100925.59,95421.69,982.41,1746.31,1566.93,1390.78,False,False,nan,True,0.7454,104.35,92.09,True,0,COLLECTING,0,,0,,,,,4,98,100,30,60,0.9998024804930222,0.17320508075688776
2026-08-31T22:05:53.455,125192703,P021,light_pressure,QUALITY,,,,513,4744547,102050,97387,100948.07,95460.99,1101.93,1926.01,1656.7,1396.1,False,False,nan,True,0.7454,104.35,92.09,True,0,COLLECTING,0,,0,,,,,4,98,100,30,60,0.9998024804930222,0.17320508075688776
2026-08-31T22:05:53.463,125192718,P021,light_pressure,QUALITY,,,,514,4744587,102141,97599,100971.93,95503.75,1169.07,2095.25,1766.34,1403.51,False,False,nan,True,0.7454,104.35,92.09,True,0,COLLECTING,0,,0,,,,,4,98,100,30,60,0.9998024804930222,0.17320508075688776
2026-08-31T22:05:53.488,125192734,P021,light_pressure,QUALITY,,,,515,4744627,102203,97692,100996.55,95547.52,1206.45,2144.48,1860.88,1412.65,False,False,nan,True,0.7454,104.35,92.09,True,0,COLLECTING,0,,0,,,,,4,98,100,30,60,0.9998024804930222,0.17320508075688776
2026-08-31T22:05:53.528,125192781,P021,light_pressure,QUALITY,,,,516,4744667,102307,97837,101022.77,95593.3,1284.23,2243.7,1956.58,1423.53,False,False,nan,True,0.7454,104.35,92.09,True,0,COLLECTING,0,,0,,,,,4,98,100,30,60,0.9998024804930222,0.17320508075688776
2026-08-31T22:05:53.645,125192890,P021,light_pressure,QUALITY,,,,517,4744707,102475,98219,101051.81,95645.82,1423.19,2573.18,2110.73,1437.28,False,False,nan,True,0.7454,104.35,92.09,True,0,COLLECTING,0,,0,,,,,4,98,100,30,60,0.9998024804930222,0.17320508075688776
2026-08-31T22:05:53.657,125192906,P021,light_pressure,QUALITY,,,,518,4744747,102667,98212,101084.12,95697.14,1582.88,2514.86,2211.76,1452.77,False,False,nan,True,0.7454,104.35,92.09,True,0,COLLECTING,0,,0,,,,,4,98,100,30,60,0.9998024804930222,0.17320508075688776
2026-08-31T22:05:53.663,125192921,P021,light_pressure,QUALITY,,,,519,4744787,102676,98292,101115.95,95749.04,1560.05,2542.96,2294.56,1469.6,False,False,nan,True,0.7454,104.35,92.09,True,0,COLLECTING,0,,0,,,,,4,98,100,30,60,0.9998024804930222,0.17320508075688776
2026-08-31T22:05:53.688,125192937,P021,light_pressure,QUALITY,,,,520,4744827,102624,98111,101146.12,95796.28,1477.88,2314.72,2299.6,1486.2,False,False,nan,True,0.7454,104.35,92.09,True,0,COLLECTING,0,,0,,,,,4,98,100,30,60,0.9998024804930222,0.17320508075688776
2026-08-31T22:05:53.728,125192984,P021,light_pressure,QUALITY,,,,521,4744867,102437,97722,101171.94,95834.8,1265.06,1887.2,2196.5,1500.41,True,False,nan,True,0.7454,104.35,92.09,True,0,COLLECTING,0,,0,,,,,4,98,100,30,60,0.9998024804930222,0.17320508075688776
2026-08-31T22:05:53.845,125193093,P021,light_pressure,QUALITY,,,,522,4744907,102076,97146,101190.02,95861.02,885.98,1284.98,1968.62,1509.77,False,False,nan,True,0.7454,104.35,92.09,True,0,COLLECTING,0,,0,,,,,4,98,100,30,60,0.9998024804930222,0.17320508075688776
2026-08-31T22:05:53.855,125193109,P021,light_pressure,QUALITY,,,,523,4744947,101904,96789,101204.3,95879.59,699.7,909.41,1703.82,1513.65,False,False,nan,True,0.7454,104.35,92.09,True,0,COLLECTING,0,,0,,,,,4,98,100,30,60,0.9998024804930222,0.17320508075688776
2026-08-31T22:05:53.863,125193109,P021,light_pressure,QUALITY,,,,524,4744987,101740,96538,101215.01,95892.76,524.99,645.24,1439.17,1512.16,False,False,nan,True,0.7454,104.35,92.09,True,0,COLLECTING,0,,0,,,,,4,98,100,30,60,0.9998024804930222,0.17320508075688776
2026-08-31T22:05:53.887,125193140,P021,light_pressure,QUALITY,,,,525,4745027,101674,96447,101224.19,95903.84,449.81,543.16,1215.17,1506.22,False,False,nan,True,0.7454,104.35,92.09,True,0,COLLECTING,0,,0,,,,,4,98,100,30,60,0.9998024804930222,0.17320508075688776
2026-08-31T22:05:53.927,125193171,P021,light_pressure,QUALITY,,,,526,4745067,101668,96453,101233.06,95914.83,434.94,538.17,1045.92,1497.02,False,False,nan,True,0.7454,104.35,92.09,True,0,COLLECTING,0,,0,,,,,4,98,100,30,60,0.9998024804930222,0.17320508075688776
2026-08-31T22:05:54.045,125193296,P021,light_pressure,QUALITY,,,,527,4745107,101664,96392,101241.68,95924.38,422.32,467.62,901.35,1485.1,False,False,nan,True,0.7454,104.35,92.09,True,0,COLLECTING,0,,0,,,,,4,98,100,30,60,0.9998024804930222,0.17320508075688776
2026-08-31T22:05:54.053,125193296,P021,light_pressure,QUALITY,,,,528,4745147,101520,96195,101247.24,95929.79,272.76,265.21,742.31,1470.25,False,False,nan,True,0.7454,104.35,92.09,True,0,COLLECTING,0,,0,,,,,4,98,100,30,60,0.9998024804930222,0.17320508075688776
2026-08-31T22:05:54.063,125193312,P021,light_pressure,QUALITY,,,,529,4745187,101423,95999,101250.76,95931.17,172.24,67.83,573.69,1452.32,False,False,nan,True,0.7454,104.35,92.09,True,0,COLLECTING,0,,0,,,,,4,98,100,30,60,0.9998024804930222,0.17320508075688776
2026-08-31T22:05:54.088,125193343,P021,light_pressure,QUALITY,,,,530,4745227,101425,95982,101254.24,95932.19,170.76,49.81,442.72,1432.13,False,False,nan,True,0.7454,104.35,92.09,True,0,COLLECTING,0,,0,,,,,4,98,100,30,60,0.9998024804930222,0.17320508075688776
2026-08-31T22:05:54.128,125193375,P021,light_pressure,QUALITY,,,,531,4745267,101434,96010,101257.84,95933.74,176.16,76.26,351.11,1410.51,False,False,nan,True,0.7454,104.35,92.09,True,0,COLLECTING,0,,0,,,,,4,98,100,30,60,0.9998024804930222,0.17320508075688776
2026-08-31T22:05:54.245,125193500,P021,light_pressure,QUALITY,,,,532,4745307,101408,95998,101260.84,95935.02,147.16,62.98,279.07,1387.88,False,False,nan,True,0.7454,104.35,92.09,True,0,COLLECTING,0,,0,,,,,4,98,100,30,60,0.9998024804930222,0.17320508075688776
2026-08-31T22:05:54.252,125193500,P021,light_pressure,QUALITY,,,,533,4745347,101406,95980,101263.74,95935.92,142.26,44.08,220.32,1364.53,False,False,nan,True,0.7454,104.35,92.09,True,0,COLLECTING,0,,0,,,,,4,98,100,30,60,0.9998024804930222,0.17320508075688776
2026-08-31T22:05:54.262,125193515,P021,light_pressure,QUALITY,,,,534,4745387,101430,95941,101267.07,95936.02,162.93,4.98,166.49,1340.56,False,False,nan,True,0.7454,104.35,92.09,True,0,COLLECTING,0,,0,,,,,4,98,100,30,60,0.9998024804930222,0.17320508075688776
2026-08-31T22:05:54.288,125193531,P021,light_pressure,QUALITY,,,,535,4745427,101397,95981,101269.67,95936.92,127.33,44.08,135.89,1316.47,False,False,nan,True,0.7454,104.35,92.09,True,0,COLLECTING,0,,0,,,,,4,98,100,30,60,0.9998024804930222,0.17320508075688776
2026-08-31T22:05:54.329,125193578,P021,light_pressure,QUALITY,,,,536,4745467,101344,95897,101271.16,95936.12,72.84,-39.12,92.13,1291.98,False,False,nan,True,0.7454,104.35,92.09,True,0,COLLECTING,0,,0,,,,,4,98,100,30,60,0.9998024804930222,0.17320508075688776
2026-08-31T22:05:54.445,125193703,P021,light_pressure,QUALITY,,,,537,4745507,101376,95910,101273.25,95935.6,102.75,-25.6,62.7,1267.4,False,False,nan,True,0.7454,104.35,92.09,True,0,COLLECTING,0,,0,,,,,4,98,100,30,60,0.9998024804930222,0.17320508075688776
2026-08-31T22:05:54.454,125193703,P021,light_pressure,QUALITY,,,,538,4745547,101352,95880,101274.83,95934.49,77.17,-54.49,33.4,1242.72,False,False,nan,True,0.7454,104.35,92.09,True,0,COLLECTING,0,,0,,,,,4,98,100,30,60,0.9998024804930222,0.17320508075688776
2026-08-31T22:05:54.464,125193718,P021,light_pressure,QUALITY,,,,539,4745587,101304,95843,101275.41,95932.66,28.59,-89.66,2.63,1217.92,False,False,nan,True,0.7454,104.35,92.09,True,0,COLLECTING,0,,0,,,,,4,98,100,30,60,0.9998024804930222,0.17320508075688776
2026-08-31T22:05:54.488,125193734,P021,light_pressure,QUALITY,,,,540,4745627,101228,95721,101274.47,95928.43,-46.47,-207.43,-49.88,1194.56,False,False,nan,True,0.7454,104.35,92.09,True,0,COLLECTING,0,,0,,,,,4,98,100,30,60,0.9998024804930222,0.17320508075688776
2026-08-31T22:05:54.528,125193781,P021,light_pressure,QUALITY,,,,541,4745667,101142,95555,101271.82,95920.96,-129.82,-365.96,-128.9,1173.24,False,False,nan,True,0.7454,104.35,92.09,True,0,COLLECTING,0,,0,,,,,4,98,100,30,60,0.9998024804930222,0.17320508075688776
2026-08-31T22:05:54.645,125193890,P021,light_pressure,QUALITY,,,,542,4745707,101124,95536,101268.87,95913.27,-144.87,-377.27,-190.99,1153.6,False,False,nan,True,0.7454,104.35,92.09,True,0,COLLECTING,0,,0,,,,,4,98,100,30,60,0.9998024804930222,0.17320508075688776
2026-08-31T22:05:54.656,125193906,P021,light_pressure,QUALITY,,,,543,4745747,101150,95624,101266.49,95907.48,-116.49,-283.48,-214.11,1134.81,False,False,nan,True,0.7454,104.35,92.09,True,0,COLLECTING,0,,0,,,,,4,98,100,30,60,0.9998024804930222,0.17320508075688776
2026-08-31T22:05:54.664,125193921,P021,light_pressure,QUALITY,,,,544,4745787,101178,95638,101264.72,95902.09,-86.72,-264.09,-226.61,1116.64,False,False,nan,True,0.7454,104.35,92.79,True,0,COLLECTING,0,,0,,,,,4,98,100,30,60,0.9998024804930222,0.17320508075688776
2026-08-31T22:05:54.697,125193953,P021,light_pressure,QUALITY,,,,545,4745827,101129,95664,101262.01,95897.33,-133.01,-233.33,-228.29,1098.88,False,False,nan,True,0.7454,104.35,92.79,True,0,COLLECTING,0,,0,,,,,4,98,100,30,60,0.9998024804930222,0.17320508075688776
2026-08-31T22:05:54.728,125193984,P021,light_pressure,QUALITY,,,,546,4745867,101147,95662,101259.71,95892.62,-112.71,-230.62,-228.87,1081.48,False,False,nan,True,0.7454,104.35,92.79,True,0,COLLECTING,0,,0,,,,,4,98,100,30,60,0.9998024804930222,0.17320508075688776
2026-08-31T22:05:54.845,125194093,P021,light_pressure,QUALITY,,,,547,4745907,101142,95646,101257.36,95887.7,-115.36,-241.7,-232.08,1064.49,False,False,nan,True,0.7454,104.35,92.79,True,0,COLLECTING,0,,0,,,,,4,98,100,30,60,0.9989134096607173,0.17320508075688776
2026-08-31T22:05:54.856,125194109,P021,light_pressure,QUALITY,,,,548,4745947,101136,95682,101254.93,95883.58,-118.93,-201.58,-224.45,1047.69,False,False,nan,True,0.7454,104.35,92.79,True,0,COLLECTING,0,,0,,,,,4,98,100,30,60,0.9989134096607173,0.17320508075688776
2026-08-31T22:05:54.864,125194109,P021,light_pressure,QUALITY,,,,549,4745987,101165,95728,101253.13,95880.47,-88.13,-152.47,-206.46,1030.86,False,False,nan,True,0.7454,104.35,92.79,True,0,COLLECTING,0,,0,,,,,4,98,100,30,60,0.9989134096607173,0.17320508075688776
2026-08-31T22:05:54.889,125194140,P021,light_pressure,QUALITY,,,,550,4746027,101159,95738,101251.25,95877.62,-92.25,-139.62,-189.75,1014.04,False,False,nan,True,0.7454,104.35,92.79,True,0,COLLECTING,0,,0,,,,,4,98,100,30,60,0.9989134096607173,0.17320508075688776
2026-08-31T22:05:54.929,125194171,P021,light_pressure,QUALITY,,,,551,4746067,101162,95757,101249.47,95875.2,-87.47,-118.2,-171.86,997.2,False,False,nan,True,0.7454,104.35,92.79,True,0,COLLECTING,0,,0,,,,,4,98,100,30,60,0.9989134096607173,0.17320508075688776
2026-08-31T22:05:55.045,125194296,P021,light_pressure,QUALITY,,,,552,4746107,101092,95736,101246.32,95872.42,-154.32,-136.42,-163.0,980.51,False,False,nan,True,0.7454,104.35,92.79,True,0,COLLECTING,0,,0,,,,,4,98,100,30,60,0.9998024804930222,0.17320508075688776
2026-08-31T22:05:55.056,125194312,P021,light_pressure,QUALITY,,,,553,4746147,101051,95712,101242.41,95869.21,-191.41,-157.21,-161.55,964.13,False,False,nan,True,0.7454,104.35,92.79,True,0,COLLECTING,0,,0,,,,,4,98,100,30,60,0.9998024804930222,0.17320508075688776
2026-08-31T22:05:55.064,125194312,P021,light_pressure,QUALITY,,,,554,4746187,101032,95706,101238.2,95865.95,-206.2,-159.95,-161.15,948.07,False,False,nan,True,0.7454,104.35,92.79,True,0,COLLECTING,0,,0,,,,,4,98,100,30,60,0.9998024804930222,0.17320508075688776
2026-08-31T22:05:55.087,125194343,P021,light_pressure,QUALITY,,,,555,4746227,101069,95704,101234.82,95862.7,-165.82,-158.7,-160.54,932.32,False,False,nan,True,0.7454,104.35,92.79,True,0,COLLECTING,0,,0,,,,,4,98,100,30,60,0.9998024804930222,0.17320508075688776
2026-08-31T22:05:55.128,125194375,P021,light_pressure,QUALITY,,,,556,4746267,101015,95705,101230.42,95859.55,-215.42,-154.55,-159.04,916.86,False,False,nan,True,0.7454,104.35,92.79,True,0,COLLECTING,0,,0,,,,,4,98,100,30,60,0.9998024804930222,0.17320508075688776
2026-08-31T22:05:55.244,125194500,P021,light_pressure,QUALITY,,,,557,4746307,101030,95678,101226.41,95855.91,-196.41,-177.91,-163.76,901.8,False,False,nan,True,0.7454,104.35,92.79,True,0,COLLECTING,0,,0,,,,,4,98,100,30,60,0.9998024804930222,0.17320508075688776
2026-08-31T22:05:55.256,125194500,P021,light_pressure,QUALITY,,,,558,4746347,100947,95607,101220.83,95850.94,-273.83,-243.94,-183.8,887.44,False,False,nan,True,0.7454,104.35,92.79,True,0,COLLECTING,0,,0,,,,,4,98,100,30,60,0.9998024804930222,0.17320508075688776
2026-08-31T22:05:55.263,125194515,P021,light_pressure,QUALITY,,,,559,4746387,100873,95449,101213.88,95842.9,-340.88,-393.9,-236.33,874.41,False,False,nan,True,0.7454,104.35,92.79,True,0,COLLECTING,0,,0,,,,,4,98,100,30,60,0.9998024804930222,0.17320508075688776
2026-08-31T22:05:55.288,125194531,P021,light_pressure,QUALITY,,,,560,4746427,100790,95317,101205.4,95832.38,-415.4,-515.38,-306.09,863.05,False,False,nan,True,0.7454,104.35,92.79,True,0,COLLECTING,0,,0,,,,,4,98,100,30,60,0.9998024804930222,0.17320508075688776
2026-08-31T22:05:55.329,125194578,P021,light_pressure,QUALITY,,,,561,4746467,100783,95347,101196.95,95822.67,-413.95,-475.67,-348.49,852.76,False,False,nan,True,0.7454,104.35,92.79,True,0,COLLECTING,0,,0,,,,,4,98,100,30,60,0.9998024804930222,0.17320508075688776
2026-08-31T22:05:55.446,125194703,P021,light_pressure,QUALITY,,,,562,4746507,100773,95342,101188.48,95813.05,-415.48,-471.05,-379.13,843.28,False,False,nan,True,0.7454,104.35,92.79,True,0,COLLECTING,0,,0,,,,,4,98,100,30,60,0.9998024804930222,0.17320508075688776
2026-08-31T22:05:55.456,125194703,P021,light_pressure,QUALITY,,,,563,4746547,100682,95244,101178.34,95801.67,-496.34,-557.67,-423.76,834.89,False,False,nan,True,0.7454,104.35,92.79,True,0,COLLECTING,0,,0,,,,,4,98,100,30,60,0.9998024804930222,0.17320508075688776
2026-08-31T22:05:55.464,125194718,P021,light_pressure,QUALITY,,,,564,4746587,100580,95137,101166.38,95788.38,-586.38,-651.38,-480.67,827.81,False,False,nan,True,0.7454,104.35,92.79,True,0,COLLECTING,0,,0,,,,,4,98,100,30,60,0.9998024804930222,0.17320508075688776
2026-08-31T22:05:55.487,125194734,P021,light_pressure,QUALITY,,,,565,4746627,100477,95074,101152.59,95774.09,-675.59,-700.09,-535.52,821.96,False,False,nan,True,0.7454,104.35,92.79,True,0,COLLECTING,0,,0,,,,,4,98,100,30,60,0.9998024804930222,0.17320508075688776
2026-08-31T22:05:55.528,125194781,P021,light_pressure,QUALITY,,,,566,4746667,100480,95053,101139.13,95759.66,-659.13,-706.66,-578.31,817.09,False,False,nan,True,0.7454,104.35,92.79,True,0,COLLECTING,0,,0,,,,,4,98,100,30,60,0.9998024804930222,0.17320508075688776
2026-08-31T22:05:55.645,125194890,P021,light_pressure,QUALITY,,,,567,4746707,100469,95103,101125.73,95746.53,-656.73,-643.53,-594.61,812.64,False,False,nan,True,0.7454,104.35,92.79,True,0,COLLECTING,0,,0,,,,,4,98,100,30,60,0.9998024804930222,0.17320508075688776
2026-08-31T22:05:55.657,125194906,P021,light_pressure,QUALITY,,,,568,4746747,100518,95165,101113.57,95734.9,-595.57,-569.9,-588.43,808.16,False,False,nan,True,0.7454,104.35,92.79,True,0,COLLECTING,0,,0,,,,,4,98,100,30,60,0.9998024804930222,0.17320508075688776
2026-08-31T22:05:55.665,125194921,P021,light_pressure,QUALITY,,,,569,4746787,100525,95206,101101.8,95724.32,-576.8,-518.32,-570.91,803.41,False,False,nan,True,0.7454,104.35,92.79,True,0,COLLECTING,0,,0,,,,,4,98,100,30,60,0.9998024804930222,0.17320508075688776
2026-08-31T22:05:55.687,125194937,P021,light_pressure,QUALITY,,,,570,4746827,100504,95205,101089.84,95713.94,-585.84,-508.94,-555.41,798.45,False,False,nan,True,0.7454,104.35,92.79,True,0,COLLECTING,0,,0,,,,,4,98,100,30,60,0.9998024804930222,0.17320508075688776
2026-08-31T22:05:55.728,125194984,P021,light_pressure,QUALITY,,,,571,4746867,100492,95185,101077.89,95703.36,-585.89,-518.36,-546.15,793.41,False,False,nan,True,0.7454,104.35,92.79,True,0,COLLECTING,0,,0,,,,,4,98,100,30,60,0.9998024804930222,0.17320508075688776
2026-08-31T22:05:55.845,125195093,P021,light_pressure,QUALITY,,,,572,4746907,100454,95186,101065.41,95693.02,-611.41,-507.02,-536.37,788.27,False,False,nan,True,0.7454,104.35,92.79,True,0,COLLECTING,0,,0,,,,,4,98,100,30,60,0.9998024804930222,0.17320508075688776
2026-08-31T22:05:55.855,125195109,P021,light_pressure,QUALITY,,,,573,4746947,100460,95192,101053.3,95682.99,-593.3,-490.99,-525.02,783.0,False,False,nan,True,0.7454,104.35,92.79,True,0,COLLECTING,0,,0,,,,,4,98,100,30,60,0.9998024804930222,0.17320508075688776
2026-08-31T22:05:55.864,125195109,P021,light_pressure,QUALITY,,,,574,4746987,100446,95205,101041.16,95673.43,-595.16,-468.43,-510.87,777.56,False,False,nan,True,0.7454,104.35,92.79,True,0,COLLECTING,0,,0,,,,,4,98,100,30,60,0.9998024804930222,0.17320508075688776
2026-08-31T22:05:55.888,125195140,P021,light_pressure,QUALITY,,,,575,4747027,100426,95207,101028.85,95664.1,-602.85,-457.1,-497.43,771.96,False,False,nan,True,0.7454,104.35,92.79,True,0,COLLECTING,0,,0,,,,,4,98,100,30,60,0.9998024804930222,0.17320508075688776
2026-08-31T22:05:55.928,125195171,P021,light_pressure,QUALITY,,,,576,4747067,100383,95169,101015.94,95654.2,-632.94,-485.2,-494.37,766.4,False,False,nan,True,0.7454,104.35,92.79,True,0,COLLECTING,0,,0,,,,,4,98,100,30,60,0.9998024804930222,0.17320508075688776
2026-08-31T22:05:56.045,125195296,P021,light_pressure,QUALITY,,,,577,4747107,100353,95144,101002.68,95644.0,-649.68,-500.0,-495.78,760.99,False,False,nan,True,0.7454,104.35,92.79,True,0,COLLECTING,0,,0,,,,,4,98,100,30,60,0.9998024804930222,0.17320508075688776
2026-08-31T22:05:56.056,125195312,P021,light_pressure,QUALITY,,,,578,4747147,100252,95003,100987.66,95631.18,-735.66,-628.18,-528.88,756.35,False,False,nan,True,0.7454,104.35,92.79,True,0,COLLECTING,0,,0,,,,,4,98,100,30,60,0.9998024804930222,0.17320508075688776
2026-08-31T22:05:56.064,125195312,P021,light_pressure,QUALITY,,,,579,4747187,100144,94839,100970.79,95615.34,-826.79,-776.34,-590.74,753.04,False,False,nan,True,0.7454,104.35,92.79,True,0,COLLECTING,0,,0,,,,,4,98,100,30,60,0.9998024804930222,0.17320508075688776
2026-08-31T22:05:56.088,125195343,P021,light_pressure,QUALITY,,,,580,4747227,100079,94781,100952.95,95598.65,-873.95,-817.65,-647.47,750.93,False,False,nan,True,0.7454,104.35,92.79,True,0,COLLECTING,0,,0,,,,,4,98,100,30,60,0.9998024804930222,0.17320508075688776
2026-08-31T22:05:56.128,125195375,P021,light_pressure,QUALITY,,,,581,4747267,100003,94744,100933.95,95581.55,-930.95,-837.55,-694.99,749.81,False,False,nan,True,0.7454,104.35,92.79,True,0,COLLECTING,0,,0,,,,,4,98,100,30,60,0.9998024804930222,0.17320508075688776
2026-08-31T22:05:56.245,125195500,P021,light_pressure,QUALITY,,,,582,4747307,99897,94676,100913.21,95563.45,-1016.21,-887.45,-743.1,749.67,False,False,nan,True,0.7454,104.35,92.79,True,0,COLLECTING,0,,0,,,,,4,98,100,30,60,0.9998024804930222,0.17320508075688776
2026-08-31T22:05:56.256,125195500,P021,light_pressure,QUALITY,,,,583,4747347,99823,94653,100891.41,95545.23,-1068.41,-892.23,-780.39,750.29,False,False,nan,True,0.7454,104.35,92.79,True,0,COLLECTING,0,,0,,,,,4,98,100,30,60,0.9998024804930222,0.17320508075688776
2026-08-31T22:05:56.264,125195515,P021,light_pressure,QUALITY,,,,584,4747387,99766,94641,100868.9,95527.15,-1102.9,-886.15,-806.83,751.42,False,False,nan,True,0.7454,104.35,92.79,True,0,COLLECTING,0,,0,,,,,4,98,100,30,60,0.9998024804930222,0.17320508075688776
2026-08-31T22:05:56.288,125195546,P021,light_pressure,QUALITY,,,,585,4747427,99729,94617,100846.1,95508.95,-1117.1,-891.95,-828.11,752.95,False,False,nan,True,0.7454,104.35,92.79,True,0,COLLECTING,0,,0,,,,,4,98,100,30,60,0.9998024804930222,0.17320508075688776
2026-08-31T22:05:56.329,125195578,P021,light_pressure,QUALITY,,,,586,4747467,99710,94604,100823.38,95490.84,-1113.38,-886.84,-842.79,754.75,False,False,nan,True,0.7454,104.35,92.79,True,0,COLLECTING,0,,0,,,,,4,98,100,30,60,0.9998024804930222,0.17320508075688776
2026-08-31T22:05:56.446,125195703,P021,light_pressure,QUALITY,,,,587,4747507,99693,94614,100800.77,95473.3,-1107.77,-859.3,-846.92,756.59,False,False,nan,True,0.7454,104.35,92.79,True,0,COLLECTING,0,,0,,,,,4,98,100,30,60,0.9998024804930222,0.17320508075688776
2026-08-31T22:05:56.456,125195703,P021,light_pressure,QUALITY,,,,588,4747547,99731,94660,100779.38,95457.04,-1048.38,-797.04,-834.45,758.15,False,False,nan,True,0.7454,104.35,92.79,True,0,COLLECTING,0,,0,,,,,4,98,100,30,60,0.9998024804930222,0.17320508075688776
2026-08-31T22:05:56.464,125195718,P021,light_pressure,QUALITY,,,,589,4747587,99759,94699,100758.97,95441.88,-999.97,-742.88,-811.56,759.22,False,False,nan,True,0.7454,104.35,92.79,True,0,COLLECTING,0,,0,,,,,4,98,100,30,60,0.9998024804930222,0.17320508075688776
2026-08-31T22:05:56.488,125195734,P021,light_pressure,QUALITY,,,,590,4747627,99763,94726,100739.05,95427.55,-976.05,-701.55,-784.06,759.71,False,False,nan,True,0.7454,104.35,92.79,True,0,COLLECTING,0,,0,,,,,4,98,100,30,60,0.9998024804930222,0.17320508075688776
2026-08-31T22:05:56.529,125195781,P021,light_pressure,QUALITY,,,,591,4747667,99758,94741,100719.43,95413.82,-961.43,-672.82,-756.25,759.64,False,False,nan,True,0.7454,104.35,92.79,True,0,COLLECTING,0,,0,,,,,4,98,100,30,60,0.9998024804930222,0.17320508075688776
2026-08-31T22:05:56.646,125195890,P021,light_pressure,QUALITY,,,,592,4747707,99778,94760,100700.6,95400.74,-922.6,-640.74,-727.37,759.0,False,False,nan,True,0.7454,104.35,92.79,True,0,COLLECTING,0,,0,,,,,4,98,100,30,60,0.9998024804930222,0.17320508075688776
2026-08-31T22:05:56.654,125195906,P021,light_pressure,QUALITY,,,,593,4747747,99799,94796,100682.57,95388.65,-883.57,-592.65,-693.69,757.69,False,False,nan,True,0.7454,104.35,92.79,True,0,COLLECTING,0,,0,,,,,4,98,100,30,60,0.9998024804930222,0.17320508075688776
2026-08-31T22:05:56.664,125195921,P021,light_pressure,QUALITY,,,,594,4747787,99833,94842,100665.58,95377.72,-832.58,-535.72,-654.2,755.62,False,False,nan,True,0.7454,104.35,92.79,True,0,COLLECTING,0,,0,,,,,4,98,100,30,60,0.9998024804930222,0.17320508075688776
2026-08-31T22:05:56.688,125195937,P021,light_pressure,QUALITY,,,,595,4747827,99857,94882,100649.41,95367.8,-792.41,-485.8,-612.1,752.75,False,False,nan,True,0.7454,104.35,92.79,True,0,COLLECTING,0,,0,,,,,4,98,100,30,60,0.9998024804930222,0.17320508075688776
2026-08-31T22:05:56.728,125195984,P021,light_pressure,QUALITY,,,,596,4747867,99888,94906,100634.18,95358.57,-746.18,-452.57,-572.22,749.14,False,False,nan,True,0.7454,104.35,92.79,True,0,COLLECTING,0,,0,,,,,4,98,100,30,60,0.9998024804930222,0.17320508075688776
2026-08-31T22:05:56.846,125196093,P021,light_pressure,QUALITY,,,,597,4747907,99873,94879,100618.95,95348.98,-745.95,-469.98,-546.66,745.09,False,False,nan,True,0.7454,104.35,92.79,True,0,COLLECTING,0,,0,,,,,4,98,100,30,60,0.9998024804930222,0.17320508075688776
2026-08-31T22:05:56.853,125196109,P021,light_pressure,QUALITY,,,,598,4747947,99813,94766,100602.84,95337.32,-789.84,-571.32,-552.82,741.25,False,False,nan,True,0.7454,104.35,92.79,True,0,COLLECTING,0,,0,,,,,4,98,100,30,60,0.9998024804930222,0.17320508075688776
2026-08-31T22:05:56.863,125196109,P021,light_pressure,QUALITY,,,,599,4747987,99805,94748,100586.88,95325.53,-781.88,-577.53,-559.0,737.6,False,False,nan,True,0.7454,104.35,92.79,True,0,COLLECTING,0,,0,,,,,4,98,100,30,60,0.9998024804930222,0.17320508075688776
2026-08-31T22:05:56.889,125196140,P021,light_pressure,QUALITY,,,,600,4748027,99850,94821,100572.15,95315.44,-722.15,-494.44,-542.86,733.71,False,False,nan,True,0.7454,104.35,92.79,True,0,COLLECTING,0,,0,,,,,4,98,100,30,60,0.9998024804930222,0.17320508075688776
2026-08-31T22:05:56.928,125196171,P021,light_pressure,QUALITY,,,,601,4748067,99859,94859,100557.88,95306.31,-698.88,-447.31,-518.97,729.41,False,False,nan,True,0.7454,104.35,92.79,True,0,COLLECTING,0,,0,,,,,4,98,100,30,60,0.9998024804930222,0.17320508075688776
2026-08-31T22:05:57.045,125196296,P021,light_pressure,QUALITY,,,,602,4748107,99840,94872,100543.52,95297.62,-703.52,-425.62,-495.64,724.74,False,False,nan,True,0.7454,104.35,92.79,True,0,COLLECTING,0,,0,,,,,4,98,100,30,60,0.9998024804930222,0.17320508075688776
2026-08-31T22:05:57.053,125196296,P021,light_pressure,QUALITY,,,,603,4748147,99854,94897,100529.73,95289.61,-675.73,-392.61,-469.88,719.64,False,False,nan,True,0.7454,104.35,92.79,True,0,COLLECTING,0,,0,,,,,4,98,100,30,60,0.9998024804930222,0.17320508075688776
2026-08-31T22:05:57.064,125196312,P021,light_pressure,QUALITY,,,,604,4748187,99868,94904,100516.5,95281.9,-648.5,-377.9,-446.88,714.18,False,False,nan,True,0.7454,104.35,92.79,True,0,COLLECTING,0,,0,,,,,4,98,100,30,60,0.9998024804930222,0.17320508075688776
2026-08-31T22:05:57.088,125196343,P021,light_pressure,QUALITY,,,,605,4748227,99874,94911,100503.65,95274.48,-629.65,-363.48,-426.03,708.42,False,False,nan,True,0.7454,104.35,92.79,True,0,COLLECTING,0,,0,,,,,4,98,100,30,60,0.9998024804930222,0.17320508075688776
2026-08-31T22:05:57.128,125196375,P021,light_pressure,QUALITY,,,,606,4748267,99906,94949,100491.7,95267.98,-585.7,-318.98,-399.27,702.24,False,False,nan,True,0.7454,104.35,92.79,True,0,COLLECTING,0,,0,,,,,4,98,100,30,60,0.9998024804930222,0.17320508075688776
2026-08-31T22:05:57.247,125196500,P021,light_pressure,QUALITY,,,,607,4748307,99938,95002,100480.62,95262.66,-542.62,-260.66,-364.62,695.49,False,False,nan,True,0.7454,104.35,92.79,True,0,COLLECTING,0,,0,,,,,4,98,100,30,60,0.9998024804930222,0.17320508075688776
2026-08-31T22:05:57.255,125196500,P021,light_pressure,QUALITY,,,,608,4748347,99970,95050,100470.41,95258.41,-500.41,-208.41,-325.56,688.09,False,False,nan,True,0.7454,104.35,92.79,True,0,COLLECTING,0,,0,,,,,4,98,100,30,60,0.9998024804930222,0.17320508075688776
2026-08-31T22:05:57.263,125196515,P021,light_pressure,QUALITY,,,,609,4748387,99949,95051,100459.98,95254.26,-510.98,-203.26,-294.99,680.23,False,False,nan,True,0.7454,104.35,92.79,True,0,COLLECTING,0,,0,,,,,4,98,100,30,60,0.9998024804930222,0.17320508075688776
2026-08-31T22:05:57.288,125196531,P021,light_pressure,QUALITY,,,,610,4748427,99930,95027,100449.38,95249.71,-519.38,-222.71,-276.92,672.16,False,False,nan,True,0.7454,104.35,92.79,True,0,COLLECTING,0,,0,,,,,4,98,100,30,60,0.9998024804930222,0.17320508075688776
2026-08-31T22:05:57.328,125196578,P021,light_pressure,QUALITY,,,,611,4748467,99915,95033,100438.7,95245.38,-523.7,-212.38,-260.78,663.93,False,False,nan,True,0.7454,104.35,92.79,True,0,COLLECTING,0,,0,,,,,4,98,100,30,60,0.9998024804930222,0.17320508075688776
2026-08-31T22:05:57.445,125196703,P021,light_pressure,QUALITY,,,,612,4748507,99916,95050,100428.24,95241.47,-512.24,-191.47,-243.45,655.52,False,False,nan,True,0.7454,104.35,92.79,True,0,COLLECTING,0,,0,,,,,4,98,100,30,60,0.9998024804930222,0.17320508075688776
2026-08-31T22:05:57.453,125196703,P021,light_pressure,QUALITY,,,,613,4748547,99909,95049,100417.86,95237.62,-508.86,-188.62,-229.74,647.01,False,False,nan,True,0.7454,104.35,92.79,True,0,COLLECTING,0,,0,,,,,4,98,100,30,60,0.9998024804930222,0.17320508075688776
2026-08-31T22:05:57.464,125196718,P021,light_pressure,QUALITY,,,,614,4748587,99916,95056,100407.82,95233.98,-491.82,-177.98,-216.8,638.4,False,False,nan,True,0.7454,104.35,92.79,True,0,COLLECTING,0,,0,,,,,4,98,100,30,60,0.9998024804930222,0.17320508075688776
2026-08-31T22:05:57.488,125196734,P021,light_pressure,QUALITY,,,,615,4748627,99923,95079,100398.12,95230.88,-475.12,-151.88,-200.57,629.65,False,False,nan,True,0.7454,104.35,92.79,True,0,COLLECTING,0,,0,,,,,4,98,100,30,60,0.9998024804930222,0.17320508075688776
2026-08-31T22:05:57.528,125196781,P021,light_pressure,QUALITY,,,,616,4748667,99863,94998,100387.42,95226.23,-524.42,-228.23,-207.49,621.2,False,False,nan,True,0.7454,104.35,92.79,True,0,COLLECTING,0,,0,,,,,4,98,100,30,60,0.9998024804930222,0.17320508075688776
2026-08-31T22:05:57.646,125196890,P021,light_pressure,QUALITY,,,,617,4748707,99749,94809,100374.66,95217.88,-625.66,-408.88,-257.84,613.94,False,False,nan,True,0.7454,104.35,92.79,True,0,COLLECTING,0,,0,,,,,3,98,100,30,60,0.9998024804930222,0.17320508075688776
2026-08-31T22:05:57.655,125196906,P021,light_pressure,QUALITY,,,,618,4748747,99684,94736,100360.84,95208.24,-676.84,-472.24,-311.44,607.89,False,False,nan,True,0.7454,104.35,92.79,True,0,COLLECTING,0,,0,,,,,3,98,100,30,60,0.9998024804930222,0.17320508075688776
2026-08-31T22:05:57.664,125196921,P021,light_pressure,QUALITY,,,,619,4748787,99692,94754,100347.47,95199.16,-655.47,-445.16,-344.87,602.63,False,False,nan,True,0.7454,104.35,92.79,True,0,COLLECTING,0,,0,,,,,3,98,100,30,60,0.9998024804930222,0.17320508075688776
2026-08-31T22:05:57.699,125196953,P021,light_pressure,QUALITY,,,,620,4748827,99685,94791,100334.22,95190.99,-649.22,-399.99,-358.65,597.75,False,False,nan,True,0.7454,104.35,92.79,True,0,COLLECTING,0,,0,,,,,3,98,100,30,60,0.9998024804930222,0.17320508075688776
2026-08-31T22:05:57.728,125196984,P021,light_pressure,QUALITY,,,,621,4748867,99663,94791,100320.8,95182.99,-657.8,-391.99,-366.98,593.13,False,False,nan,True,0.7454,104.35,92.79,True,0,COLLECTING,0,,0,,,,,3,98,100,30,60,0.9998024804930222,0.17320508075688776
2026-08-31T22:05:57.846,125197093,P021,light_pressure,QUALITY,,,,622,4748907,99638,94781,100307.14,95174.95,-669.14,-393.95,-373.73,588.74,False,False,nan,True,0.7454,104.35,92.79,True,0,COLLECTING,0,,0,,,,,3,98,100,30,60,0.9998024804930222,0.17320508075688776
2026-08-31T22:05:57.854,125197109,P021,light_pressure,QUALITY,,,,623,4748947,99607,94754,100293.14,95166.53,-686.14,-412.53,-383.43,584.64,False,False,nan,True,0.7454,104.35,92.79,True,0,COLLECTING,0,,0,,,,,3,98,100,30,60,0.9998024804930222,0.17320508075688776
2026-08-31T22:05:57.863,125197109,P021,light_pressure,QUALITY,,,,624,4748987,99566,94713,100278.6,95157.46,-712.6,-444.46,-398.69,580.92,False,False,nan,True,0.7454,104.35,92.79,True,0,COLLECTING,0,,0,,,,,3,98,100,30,60,0.9998024804930222,0.17320508075688776
2026-08-31T22:05:57.888,125197140,P021,light_pressure,QUALITY,,,,625,4749027,99540,94701,100263.83,95148.33,-723.83,-447.33,-410.85,577.52,False,False,nan,True,0.7454,104.35,92.79,True,0,COLLECTING,0,,0,,,,,3,98,100,30,60,0.9998024804930222,0.17320508075688776
2026-08-31T22:05:57.928,125197171,P021,light_pressure,QUALITY,,,,626,4749067,99506,94680,100248.67,95138.96,-742.67,-458.96,-422.88,574.42,False,False,nan,True,0.7454,104.35,92.79,True,0,COLLECTING,0,,0,,,,,3,98,100,30,60,0.9998024804930222,0.17320508075688776
2026-08-31T22:05:58.045,125197296,P021,light_pressure,QUALITY,,,,627,4749107,99387,94586,100231.44,95127.9,-844.44,-541.9,-452.63,571.99,False,False,nan,True,0.7454,104.35,92.79,True,0,COLLECTING,0,,0,,,,,3,98,100,30,60,0.9998024804930222,0.17320508075688776
2026-08-31T22:05:58.054,125197312,P021,light_pressure,QUALITY,,,,628,4749147,99324,94538,100213.29,95116.1,-889.29,-578.1,-484.0,570.23,False,False,nan,True,0.7454,104.35,92.79,True,0,COLLECTING,0,,0,,,,,3,98,100,30,60,0.9998024804930222,0.17320508075688776
2026-08-31T22:05:58.063,125197312,P021,light_pressure,QUALITY,,,,629,4749187,99327,94535,100195.56,95104.48,-868.56,-569.48,-505.37,568.93,False,False,nan,True,0.7454,104.35,92.79,True,0,COLLECTING,0,,0,,,,,3,98,100,30,60,0.9998024804930222,0.17320508075688776
2026-08-31T22:05:58.088,125197343,P021,light_pressure,QUALITY,,,,630,4749227,99327,94578,100178.19,95093.95,-851.19,-515.95,-508.01,567.71,False,False,nan,True,0.7454,104.35,92.79,True,0,COLLECTING,0,,0,,,,,3,98,100,30,60,0.9998024804930222,0.17320508075688776
2026-08-31T22:05:58.128,125197375,P021,light_pressure,QUALITY,,,,631,4749267,99287,94560,100160.37,95083.27,-873.37,-523.27,-511.83,566.59,False,False,nan,True,0.7454,104.35,92.79,True,0,COLLECTING,0,,0,,,,,3,98,100,30,60,0.9998024804930222,0.17320508075688776
2026-08-31T22:05:58.245,125197500,P021,light_pressure,QUALITY,,,,632,4749307,99205,94514,100141.26,95071.88,-936.26,-557.88,-523.34,565.73,False,False,nan,True,0.7454,104.35,92.79,True,0,COLLECTING,0,,0,,,,,2,98,100,30,60,0.9998024804930222,0.17320508075688776
2026-08-31T22:05:58.253,125197500,P021,light_pressure,QUALITY,,,,633,4749347,98975,94348,100117.93,95057.41,-1142.93,-709.41,-569.86,565.81,False,False,nan,True,0.7454,104.35,92.79,True,0,COLLECTING,0,,0,,,,,2,98,100,30,60,0.9998024804930222,0.17320508075688776
2026-08-31T22:05:58.264,125197515,P021,light_pressure,QUALITY,,,,634,4749387,97940,93398,100074.38,95024.22,-2134.38,-1626.22,-833.95,571.17,False,False,nan,True,0.7454,104.35,92.79,True,0,COLLECTING,0,,0,,,,,2,98,100,30,60,0.9998024804930222,0.17320508075688776
2026-08-31T22:05:58.288,125197531,P021,light_pressure,QUALITY,,,,635,4749427,96004,91594,99992.97,94955.62,-3988.97,-3361.62,-1465.86,589.07,False,False,nan,True,0.7454,104.35,92.79,True,0,COLLECTING,0,,0,,,,,2,98,100,30,60,0.9998024804930222,0.17320508075688776
2026-08-31T22:05:58.327,125197578,P021,light_pressure,QUALITY,,,,636,4749467,93487,89140,99862.85,94839.3,-6375.85,-5699.3,-2524.22,627.77,False,False,nan,True,0.7454,104.35,92.79,True,0,COLLECTING,0,,0,,,,,2,98,100,30,60,0.9998024804930222,0.17320508075688776
2026-08-31T22:05:58.445,125197703,P021,light_pressure,QUALITY,,,,637,4749507,94058,88446,99746.76,94711.44,-5688.76,-6265.44,-3459.53,684.41,False,False,nan,True,0.7454,104.35,92.79,True,0,COLLECTING,0,,0,,,,,2,98,100,30,60,0.9998024804930222,0.17320508075688776
2026-08-31T22:05:58.456,125197703,P021,light_pressure,QUALITY,,,,638,4749547,95572,88540,99663.27,94588.01,-4091.27,-6048.01,-4106.65,752.85,False,False,nan,True,0.7454,104.35,92.79,True,0,COLLECTING,0,,0,,,,,2,98,100,30,60,0.9998024804930222,0.17320508075688776
2026-08-31T22:05:58.463,125197718,P021,light_pressure,QUALITY,,,,639,4749587,97006,88218,99610.12,94460.61,-2604.12,-6242.61,-4640.64,830.61,False,False,nan,True,0.7454,104.35,92.79,True,0,COLLECTING,0,,0,,,,,2,98,100,30,60,0.9998024804930222,0.17320508075688776
2026-08-31T22:05:58.489,125197734,P021,light_pressure,QUALITY,,,,640,4749627,102143,88513,99660.77,94341.66,2482.23,-5828.66,-4937.64,912.75,False,False,nan,True,0.7454,104.35,92.79,True,0,COLLECTING,0,,0,,,,,2,98,100,30,60,0.9998024804930222,0.17320508075688776
2026-08-31T22:05:58.530,125197781,P021,light_pressure,QUALITY,,,,641,4749667,104767,89115,99762.9,94237.12,5004.1,-5122.12,-4983.76,994.17,False,False,nan,True,0.7454,104.35,92.79,True,0,COLLECTING,0,,0,,,,,2,98,100,30,60,0.9998024804930222,0.17320508075688776
2026-08-31T22:05:58.645,125197890,P021,light_pressure,QUALITY,,,,642,4749707,104871,89240,99865.06,94137.18,5005.94,-4897.18,-4962.12,1073.53,False,False,nan,True,0.7454,104.35,92.79,True,0,COLLECTING,0,,0,,,,,2,98,100,30,60,0.9998024804930222,0.17320508075688776
2026-08-31T22:05:58.656,125197906,P021,light_pressure,QUALITY,,,,643,4749747,104730,89319,99962.36,94040.81,4767.64,-4721.81,-4902.04,1150.1,False,False,nan,True,0.7454,104.35,92.79,True,0,COLLECTING,0,,0,,,,,2,98,100,30,60,0.9998024804930222,0.17320508075688776
2026-08-31T22:05:58.665,125197921,P021,light_pressure,QUALITY,,,,644,4749787,104156,89377,100046.23,93947.54,4109.77,-4570.54,-4819.17,1223.48,False,False,nan,True,0.7454,104.35,74.55,True,0,COLLECTING,0,,0,,,,,2,98,100,30,60,0.9998024804930222,0.17320508075688776
2026-08-31T22:05:58.689,125197937,P021,light_pressure,QUALITY,,,,645,4749827,103751,89395,100120.33,93856.49,3630.67,-4461.49,-4729.75,1293.6,False,False,nan,True,0.7454,104.35,74.55,True,0,COLLECTING,0,,0,,,,,2,98,100,30,60,0.9998024804930222,0.17320508075688776
2026-08-31T22:05:58.728,125197984,P021,light_pressure,QUALITY,,,,646,4749867,103701,89402,100191.95,93767.41,3509.05,-4365.41,-4638.66,1360.51,False,False,nan,True,0.7454,104.35,74.55,True,0,COLLECTING,0,,0,,,,,2,98,100,30,60,0.9998024804930222,0.17320508075688776
2026-08-31T22:05:58.845,125198093,P021,light_pressure,QUALITY,,,,647,4749907,103978,89416,100267.66,93680.38,3710.34,-4264.38,-4545.09,1424.2,False,False,nan,True,0.7454,104.35,74.55,True,0,COLLECTING,0,,0,,,,,1,98,100,30,60,0.9998024804930222,0.17320508075688776
2026-08-31T22:05:58.855,125198109,P021,light_pressure,QUALITY,,,,648,4749947,103741,89413,100337.13,93595.03,3403.87,-4182.03,-4454.33,1484.8,False,False,nan,True,0.7454,104.35,74.55,True,0,COLLECTING,0,,0,,,,,1,98,100,30,60,0.9998024804930222,0.17320508075688776
2026-08-31T22:05:58.866,125198109,P021,light_pressure,QUALITY,,,,649,4749987,103270,89378,100395.79,93510.69,2874.21,-4132.69,-4373.92,1542.58,False,False,nan,True,0.7454,104.35,74.55,True,0,COLLECTING,0,,0,,,,,1,98,100,30,60,0.9998024804930222,0.17320508075688776
2026-08-31T22:05:58.888,125198140,P021,light_pressure,QUALITY,,,,650,4750027,102407,89291,100436.02,93426.3,1970.98,-4135.3,-4314.26,1598.02,False,False,nan,True,0.7454,104.35,74.55,True,0,COLLECTING,0,,0,,,,,1,98,100,30,60,0.9998024804930222,0.17320508075688776
2026-08-31T22:05:58.928,125198171,P021,light_pressure,QUALITY,,,,651,4750067,101705,89173,100461.4,93341.23,1243.6,-4168.23,-4277.75,1651.61,False,False,nan,True,0.7454,104.35,74.55,True,0,COLLECTING,0,,0,,,,,1,98,100,30,60,0.9998024804930222,0.17320508075688776
2026-08-31T22:05:59.045,125198296,P021,light_pressure,QUALITY,,,,652,4750107,101058,88910,100473.33,93252.61,584.67,-4342.61,-4293.97,1704.46,False,False,nan,True,0.7454,104.35,74.55,True,0,COLLECTING,0,,0,,,,,1,98,100,30,60,0.9994028216890325,0.17320508075688776
2026-08-31T22:05:59.056,125198312,P021,light_pressure,QUALITY,,,,653,4750147,100547,88703,100474.8,93161.62,72.2,-4458.62,-4335.13,1757.07,False,False,nan,True,0.7454,104.35,74.55,True,0,COLLECTING,0,,0,,,,,1,98,100,30,60,0.9994028216890325,0.17320508075688776
2026-08-31T22:05:59.064,125198312,P021,light_pressure,QUALITY,,,,654,4750187,99660,88555,100458.51,93069.48,-798.51,-4514.48,-4379.97,1809.53,False,False,nan,True,0.7454,104.35,74.55,True,0,COLLECTING,0,,0,,,,,1,98,100,30,60,0.9994028216890325,0.17320508075688776
2026-08-31T22:05:59.087,125198343,P021,light_pressure,QUALITY,,,,655,4750227,98540,88407,100420.14,92976.23,-1880.14,-4569.23,-4427.29,1861.88,False,False,nan,True,0.7454,104.35,74.55,True,0,COLLECTING,0,,0,,,,,1,98,100,30,60,0.9994028216890325,0.17320508075688776
2026-08-31T22:05:59.127,125198375,P021,light_pressure,QUALITY,,,,656,4750267,97802,88565,100367.78,92888.01,-2565.78,-4323.01,-4401.22,1912.67,False,False,nan,True,0.7454,104.35,74.55,True,0,COLLECTING,0,,0,,,,,1,98,100,30,60,0.9994028216890325,0.17320508075688776
2026-08-31T22:05:59.244,125198500,P021,light_pressure,QUALITY,,,,657,4750307,97464,88861,100309.7,92807.47,-2845.7,-3946.47,-4287.53,1960.17,False,False,nan,True,0.7454,104.35,74.55,True,0,COLLECTING,0,,0,,,,,1,98,100,30,60,0.9998024804930222,0.17320508075688776
2026-08-31T22:05:59.255,125198500,P021,light_pressure,QUALITY,,,,658,4750347,97196,89334,100247.43,92738.0,-3051.43,-3404.0,-4066.65,2002.3,False,False,nan,True,0.7454,104.35,74.55,True,0,COLLECTING,0,,0,,,,,1,98,100,30,60,0.9998024804930222,0.17320508075688776
2026-08-31T22:05:59.265,125198515,P021,light_pressure,QUALITY,,,,659,4750387,97014,89933,100182.76,92681.9,-3168.76,-2748.9,-3737.21,2037.0,False,False,nan,True,0.7454,104.35,74.55,True,0,COLLECTING,0,,0,,,,,1,98,100,30,60,0.9998024804930222,0.17320508075688776
2026-08-31T22:05:59.288,125198546,P021,light_pressure,QUALITY,,,,660,4750427,96822,90209,100115.54,92632.44,-3293.54,-2423.44,-3408.77,2064.43,False,False,nan,True,0.7454,104.35,74.55,True,0,COLLECTING,0,,0,,,,,1,98,100,30,60,0.9998024804930222,0.17320508075688776
2026-08-31T22:05:59.328,125198578,P021,light_pressure,QUALITY,,,,661,4750467,96714,90343,100047.51,92586.65,-3333.51,-2243.65,-3117.49,2085.49,False,False,nan,True,0.7454,104.35,74.55,True,0,COLLECTING,0,,0,,,,,1,98,100,30,60,0.9998024804930222,0.17320508075688776
2026-08-31T22:05:59.444,125198687,P021,light_pressure,QUALITY,,,,662,4750507,96651,90459,99979.58,92544.09,-3328.58,-2085.09,-2859.39,2100.97,False,False,nan,True,0.7454,104.35,74.55,True,0,COLLECTING,0,,0,,,,,0,98,100,30,60,0.9998024804930222,0.17320508075688776
2026-08-31T22:05:59.456,125198703,P021,light_pressure,QUALITY,,,,663,4750547,96658,90646,99913.15,92506.13,-3255.15,-1860.13,-2609.57,2111.14,False,False,nan,True,0.7454,104.35,74.55,True,0,COLLECTING,0,,0,,,,,0,98,100,30,60,0.9998024804930222,0.17320508075688776
2026-08-31T22:05:59.464,125198718,P021,light_pressure,QUALITY,,,,664,4750587,96719,90949,99849.27,92474.99,-3130.27,-1525.99,-2338.68,2115.69,False,False,nan,True,0.7454,104.35,74.55,True,0,COLLECTING,0,,0,,,,,0,98,100,30,60,0.9998024804930222,0.17320508075688776
2026-08-31T22:05:59.488,125198734,P021,light_pressure,QUALITY,,,,665,4750627,97035,91563,99792.98,92456.75,-2757.98,-893.75,-1977.45,2112.93,False,False,nan,True,0.7454,104.35,74.55,True,0,COLLECTING,0,,0,,,,,0,98,100,30,60,0.9998024804930222,0.17320508075688776
2026-08-31T22:05:59.528,125198781,P021,light_pressure,QUALITY,,,,666,4750667,97274,91947,99742.59,92446.55,-2468.59,-499.55,-1607.97,2102.83,False,False,nan,True,0.7454,104.35,74.55,True,0,COLLECTING,0,,0,,,,,0,98,100,30,60,0.9998024804930222,0.17320508075688776
2026-08-31T22:05:59.645,125198890,P021,light_pressure,QUALITY,,,,667,4750707,97248,91977,99692.7,92437.16,-2444.7,-460.16,-1321.02,2087.19,False,False,nan,True,0.7454,104.35,74.55,True,0,COLLECTING,0,,0,,,,,0,98,100,30,60,0.9998024804930222,0.17320508075688776
2026-08-31T22:05:59.656,125198906,P021,light_pressure,QUALITY,,,,668,4750747,96834,91574,99635.53,92419.9,-2801.53,-845.9,-1202.24,2069.49,False,False,nan,True,0.7454,104.35,74.55,True,0,COLLECTING,0,,0,,,,,0,98,100,30,60,0.9998024804930222,0.17320508075688776
2026-08-31T22:05:59.664,125198921,P021,light_pressure,QUALITY,,,,669,4750787,95896,90480,99560.74,92381.1,-3664.74,-1901.1,-1376.96,2055.64,False,False,nan,True,0.7454,104.35,74.55,True,0,COLLECTING,0,,0,,,,,0,98,100,30,60,0.9998024804930222,0.17320508075688776
2026-08-31T22:05:59.688,125198937,P021,light_pressure,QUALITY,,,,670,4750827,95054,89183,99470.61,92317.14,-4416.61,-3134.14,-1816.25,2050.85,False,False,nan,True,0.7454,104.35,74.55,True,0,COLLECTING,0,,0,,,,,0,98,100,30,60,0.9998024804930222,0.17320508075688776
2026-08-31T22:05:59.728,125198984,P021,light_pressure,QUALITY,,,,671,4750867,94612,87689,99373.44,92224.58,-4761.44,-4535.58,-2496.08,2059.76,False,False,nan,True,0.7454,104.35,74.55,True,0,COLLECTING,0,,0,,,,,0,98,100,30,60,0.9998024804930222,0.17320508075688776
2026-08-31T22:05:59.845,125199093,P021,light_pressure,QUALITY,,,,672,4750907,95202,86570,99290.01,92111.48,-4088.01,-5541.48,-3257.43,2083.71,False,False,nan,True,0.7454,104.35,74.55,True,0,COLLECTING,0,,0,,,,,0,98,100,30,60,0.9998024804930222,0.17320508075688776
2026-08-31T22:05:59.856,125199109,P021,light_pressure,QUALITY,,,,673,4750947,98051,86659,99265.23,92002.44,-1214.23,-5343.44,-3778.93,2117.62,False,False,nan,True,0.7454,104.35,74.55,True,0,COLLECTING,0,,0,,,,,0,98,100,30,60,0.9998024804930222,0.17320508075688776
2026-08-31T22:05:59.864,125199109,P021,light_pressure,QUALITY,,,,674,4750987,103758,88772,99355.08,91937.83,4402.92,-3165.83,-3625.66,2147.78,False,False,nan,True,0.7454,104.35,74.55,True,0,COLLECTING,0,,0,,,,,0,98,100,30,60,0.9998024804930222,0.17320508075688776
2026-08-31T22:05:59.888,125199140,P021,light_pressure,QUALITY,,,,675,4751027,105404,88846,99476.05,91875.99,5927.95,-3029.99,-3476.74,2174.36,False,False,nan,True,0.7454,104.35,74.55,True,0,COLLECTING,0,,0,,,,,0,98,100,30,60,0.9998024804930222,0.17320508075688776
2026-08-31T22:05:59.928,125199171,P021,light_pressure,QUALITY,,,,676,4751067,105979,88703,99606.12,91812.53,6372.88,-3109.53,-3384.94,2198.57,False,False,nan,True,0.7454,104.35,74.55,True,0,COLLECTING,0,,0,,,,,0,98,100,30,60,0.9998024804930222,0.17320508075688776
2026-08-31T22:06:00.044,125199296,P021,light_pressure,QUALITY,,,,677,4751107,105712,88709,99728.23,91750.46,5983.77,-3041.46,-3299.07,2220.58,False,False,nan,True,0.7454,104.35,74.55,True,0,COLLECTING,0,,0,,,,,0,98,100,30,60,0.9991811647544203,0.17320508075688776
2026-08-31T22:06:00.055,125199312,P021,light_pressure,QUALITY,,,,678,4751147,104922,88819,99832.11,91691.83,5089.89,-2872.83,-3192.51,2240.02,False,False,nan,True,0.7454,104.35,74.55,True,0,COLLECTING,0,,0,,,,,0,98,100,30,60,0.9991811647544203,0.17320508075688776
2026-08-31T22:06:00.065,125199312,P021,light_pressure,QUALITY,,,,679,4751187,103912,88822,99913.71,91634.43,3998.29,-2812.43,-3097.49,2257.17,False,False,nan,True,0.7454,104.35,74.55,True,0,COLLECTING,0,,0,,,,,0,98,100,30,60,0.9991811647544203,0.17320508075688776
2026-08-31T22:06:00.088,125199343,P021,light_pressure,QUALITY,,,,680,4751227,102951,88774,99974.45,91577.22,2976.55,-2803.22,-3023.92,2272.5,False,False,nan,True,0.7454,104.35,74.55,True,0,COLLECTING,0,,0,,,,,0,98,100,30,60,0.9991811647544203,0.17320508075688776
2026-08-31T22:06:00.244,125199500,P021,light_pressure,QUALITY,,,,681,4751277,102568,88673,100026.32,91519.13,2541.68,-2846.13,-2979.47,2286.64,False,False,nan,True,0.7454,104.35,74.55,True,0,COLLECTING,0,,0,,,,,0,98,100,30,60,0.9998024804930222,0.17320508075688776
2026-08-31T22:06:00.256,125199500,P021,light_pressure,QUALITY,,,,682,4751307,101984,88608,100065.48,91460.91,1918.52,-2852.91,-2947.83,2299.87,False,False,nan,True,0.7454,104.35,74.55,True,0,COLLECTING,0,,0,,,,,0,98,100,30,60,0.9998024804930222,0.17320508075688776
2026-08-31T22:06:00.266,125199515,P021,light_pressure,QUALITY,,,,683,4751357,101382,88511,100091.8,91401.91,1290.2,-2890.91,-2933.6,2312.54,False,False,nan,True,0.7454,104.35,74.55,True,0,COLLECTING,0,,0,,,,,0,98,100,30,60,0.9998024804930222,0.17320508075688776
2026-08-31T22:06:00.276,125199531,P021,light_pressure,QUALITY,,,,684,4751397,101490,88471,100119.77,91343.3,1370.23,-2872.3,-2918.28,2324.66,False,False,nan,True,0.7454,104.35,74.55,True,0,COLLECTING,0,,0,,,,,0,98,100,30,60,0.9998024804930222,0.17320508075688776
2026-08-31T22:06:00.298,125199546,P021,light_pressure,QUALITY,,,,685,4751437,101971,88553,100156.79,91287.49,1814.21,-2734.49,-2872.33,2335.61,False,False,nan,True,0.7454,104.35,74.55,True,0,COLLECTING,0,,0,,,,,0,98,100,30,60,0.9998024804930222,0.17320508075688776
2026-08-31T22:06:00.443,125199687,P021,light_pressure,QUALITY,,,,686,4751477,102155,88479,100196.75,91231.32,1958.25,-2752.32,-2842.33,2345.74,False,False,nan,True,0.7454,104.35,74.55,True,0,COLLECTING,0,,0,,,,,0,98,100,30,60,0.9998024804930222,0.17320508075688776
2026-08-31T22:06:00.455,125199703,P021,light_pressure,QUALITY,,,,687,4751517,102643,88476,100245.67,91176.21,2397.33,-2700.21,-2806.8,2354.96,False,False,nan,True,0.7454,104.35,74.55,True,0,COLLECTING,0,,0,,,,,0,98,100,30,60,0.9998024804930222,0.17320508075688776
2026-08-31T22:06:00.465,125199718,P021,light_pressure,QUALITY,,,,688,4751557,103300,88474,100306.76,91122.16,2993.24,-2648.16,-2767.14,2363.21,False,False,nan,True,0.7454,104.35,74.55,True,0,COLLECTING,0,,0,,,,,0,98,100,30,60,0.9998024804930222,0.17320508075688776
2026-08-31T22:06:00.475,125199718,P021,light_pressure,QUALITY,,,,689,4751597,104064,88299,100381.91,91065.7,3682.09,-2766.7,-2767.03,2371.28,False,False,nan,True,0.7454,104.35,74.55,True,0,COLLECTING,0,,0,,,,,0,98,100,30,60,0.9998024804930222,0.17320508075688776
2026-08-31T22:06:00.498,125199750,P021,light_pressure,QUALITY,,,,690,4751637,104813,87956,100470.53,91003.51,4342.47,-3047.51,-2837.15,2380.6,False,False,nan,True,0.7454,104.35,74.55,True,0,COLLECTING,0,,0,,,,,0,98,100,30,60,0.9998024804930222,0.17320508075688776
2026-08-31T22:06:00.645,125199890,P021,light_pressure,QUALITY,,,,691,4751677,105691,87638,100574.94,90936.2,5116.06,-3298.2,-2952.41,2392.04,False,False,nan,True,0.7454,104.35,74.55,True,0,COLLECTING,0,,0,,,,,0,98,100,30,60,0.9998024804930222,0.17320508075688776
2026-08-31T22:06:00.655,125199906,P021,light_pressure,QUALITY,,,,692,4751717,106552,86934,100694.48,90856.15,5857.52,-3922.15,-3194.85,2408.09,False,False,nan,True,0.7454,104.35,74.55,True,0,COLLECTING,0,,0,,,,,0,98,100,30,60,0.9998024804930222,0.17320508075688776
2026-08-31T22:06:00.666,125199921,P021,light_pressure,QUALITY,,,,693,4751757,107045,86044,100821.48,90759.91,6223.52,-4715.91,-3575.11,2431.43,False,False,nan,True,0.7454,104.35,74.55,True,0,COLLECTING,0,,0,,,,,0,98,100,30,60,0.9998024804930222,0.17320508075688776
2026-08-31T22:06:00.675,125199921,P021,light_pressure,QUALITY,,,,694,4751797,107245,85545,100949.95,90655.61,6295.05,-5110.61,-3958.99,2461.99,False,False,nan,True,0.7454,104.35,74.55,True,0,COLLECTING,0,,0,,,,,0,98,100,30,60,0.9998024804930222,0.17320508075688776
2026-08-31T22:06:00.698,125199953,P021,light_pressure,QUALITY,,,,695,4751837,107322,84816,101077.39,90538.82,6244.61,-5722.82,-4399.94,2500.74,False,False,nan,True,0.7454,104.35,74.55,True,0,COLLECTING,0,,0,,,,,0,98,100,30,60,0.9998024804930222,0.17320508075688776
2026-08-31T22:06:00.843,125200093,P021,light_pressure,QUALITY,,,,696,4751877,107268,84257,101201.2,90413.19,6066.8,-6156.19,-4839.0,2547.51,False,False,nan,True,0.7454,104.35,74.55,True,0,COLLECTING,0,,0,,,,,0,98,100,30,60,0.9998024804930222,0.17320508075688776
2026-08-31T22:06:00.855,125200109,P021,light_pressure,QUALITY,,,,697,4751917,107278,84173,101322.74,90288.38,5955.26,-6115.38,-5158.1,2599.72,False,False,nan,True,0.7454,104.35,74.55,True,0,COLLECTING,0,,0,,,,,0,98,100,30,60,0.9998024804930222,0.17320508075688776
2026-08-31T22:06:00.865,125200109,P021,light_pressure,QUALITY,,,,698,4751957,107203,83924,101440.34,90161.09,5762.66,-6237.09,-5427.85,2656.28,False,False,nan,True,0.7454,104.35,74.55,True,0,COLLECTING,0,,0,,,,,0,98,100,30,60,0.9998024804930222,0.17320508075688776
2026-08-31T22:06:00.875,125200125,P021,light_pressure,QUALITY,,,,699,4751997,107134,83864,101554.22,90035.15,5579.78,-6171.15,-5613.67,2715.43,False,False,nan,True,0.7454,104.35,74.55,True,0,COLLECTING,0,,0,,,,,0,98,100,30,60,0.9998024804930222,0.17320508075688776
2026-08-31T22:06:00.900,125200156,P021,light_pressure,QUALITY,,,,700,4752037,106989,83770,101662.91,89909.84,5326.09,-6139.84,-5745.22,2776.03,False,False,nan,True,0.7454,104.35,74.55,True,0,COLLECTING,0,,0,,,,,0,98,100,30,60,0.9998024804930222,0.17320508075688776
2026-08-31T22:06:01.047,125200296,P021,light_pressure,QUALITY,,,,701,4752077,106917,83899,101767.99,89789.62,5149.01,-5890.62,-5781.57,2836.14,False,False,nan,True,0.7454,104.35,74.55,True,0,COLLECTING,0,,0,,,,,0,98,100,30,60,0.9998024804930222,0.17320508075688776
2026-08-31T22:06:01.055,125200312,P021,light_pressure,QUALITY,,,,702,4752117,106930,84299,101871.23,89679.81,5058.77,-5380.81,-5681.38,2893.04,False,False,nan,True,0.7454,104.35,74.55,True,0,COLLECTING,0,,0,,,,,0,98,100,30,60,0.9998024804930222,0.17320508075688776
2026-08-31T22:06:01.066,125200312,P021,light_pressure,QUALITY,,,,703,4752157,106963,85160,101973.07,89589.41,4989.93,-4429.41,-5368.39,2942.55,False,False,nan,True,0.7454,104.35,74.55,True,0,COLLECTING,0,,0,,,,,0,98,100,30,60,0.9998024804930222,0.17320508075688776
2026-08-31T22:06:01.076,125200328,P021,light_pressure,QUALITY,,,,704,4752197,106575,86341,102065.11,89524.45,4509.89,-3183.45,-4822.15,2980.14,False,False,nan,True,0.7454,104.35,74.55,True,0,COLLECTING,0,,0,,,,,0,98,100,30,60,0.9998024804930222,0.17320508075688776
2026-08-31T22:06:01.099,125200343,P021,light_pressure,QUALITY,,,,705,4752237,100553,88688,102034.87,89507.72,-1481.87,-819.72,-3821.54,2996.97,False,False,nan,True,0.7454,104.35,74.55,True,0,COLLECTING,0,,0,,,,,0,98,100,30,60,0.9998024804930222,0.17320508075688776
2026-08-31T22:06:01.246,125200500,P021,light_pressure,QUALITY,,,,706,4752277,99630,94582,101986.77,89609.2,-2356.77,4972.8,-1622.96,2969.49,False,False,nan,True,0.7454,104.35,74.55,True,0,COLLECTING,0,,0,,,,,0,98,100,30,60,0.9998024804930222,0.17320508075688776
2026-08-31T22:06:01.256,125200500,P021,light_pressure,QUALITY,,,,707,4752317,100718,95762,101961.4,89732.26,-1243.4,6029.74,290.22,2915.9,False,False,nan,True,0.7454,104.35,74.55,True,0,COLLECTING,0,,0,,,,,0,98,100,30,60,0.9998024804930222,0.17320508075688776
2026-08-31T22:06:01.267,125200515,P021,light_pressure,QUALITY,,,,708,4752357,100749,95920,101937.15,89856.02,-1188.15,6063.98,1733.66,2892.26,False,False,nan,True,0.7454,104.35,74.55,True,0,COLLECTING,0,,0,,,,,0,98,100,30,60,0.9998024804930222,0.17320508075688776
2026-08-31T22:06:01.274,125200531,P021,light_pressure,QUALITY,,,,709,4752397,100663,95741,101911.66,89973.72,-1248.66,5767.28,2742.06,2889.26,False,False,nan,True,0.7454,104.35,74.55,True,0,COLLECTING,0,,0,,,,,0,98,100,30,60,0.9998024804930222,0.17320508075688776
2026-08-31T22:06:01.298,125200546,P021,light_pressure,QUALITY,,,,710,4752437,100544,95650,101884.31,90087.24,-1340.31,5562.76,3447.24,2900.42,False,False,nan,True,0.7454,104.35,74.55,True,0,COLLECTING,0,,0,,,,,0,98,100,30,60,0.9998024804930222,0.17320508075688776
2026-08-31T22:06:01.442,125200687,P021,light_pressure,QUALITY,,,,711,4752477,100409,95479,101854.8,90195.08,-1445.8,5283.92,3906.41,2920.54,False,False,nan,True,0.7454,104.35,74.55,True,0,COLLECTING,0,,0,,,,,0,98,100,30,60,0.9998024804930222,0.17320508075688776
2026-08-31T22:06:01.455,125200703,P021,light_pressure,QUALITY,,,,712,4752517,100376,95502,101825.23,90301.22,-1449.23,5200.78,4230.0,2946.72,False,False,nan,True,0.7454,104.35,74.55,True,0,COLLECTING,0,,0,,,,,0,98,100,30,60,0.9998024804930222,0.17320508075688776
2026-08-31T22:06:01.466,125200718,P021,light_pressure,QUALITY,,,,713,4752557,100549,95670,101799.7,90408.59,-1250.7,5261.41,4487.85,2977.55,False,False,nan,True,0.7454,104.35,74.55,True,0,COLLECTING,0,,0,,,,,0,98,100,30,60,0.9998024804930222,0.17320508075688776
2026-08-31T22:06:01.474,125200718,P021,light_pressure,QUALITY,,,,714,4752597,100713,95788,101777.97,90516.18,-1064.97,5271.82,4683.84,3011.67,False,False,nan,True,0.7454,104.35,74.55,True,0,COLLECTING,0,,0,,,,,0,98,100,30,60,0.9998024804930222,0.17320508075688776
2026-08-31T22:06:01.497,125200750,P021,light_pressure,QUALITY,,,,715,4752637,100806,95858,101758.53,90623.02,-952.53,5234.98,4821.63,3047.87,False,False,nan,True,0.7454,104.35,74.55,True,0,COLLECTING,0,,0,,,,,0,98,100,30,60,0.9998024804930222,0.17320508075688776
2026-08-31T22:06:01.644,125200890,P021,light_pressure,QUALITY,,,,716,4752677,100799,95754,101739.34,90725.63,-940.34,5028.37,4873.31,3084.38,False,False,nan,True,0.7454,104.35,74.55,True,0,COLLECTING,0,,0,,,,,0,98,100,30,60,0.9998024804930222,0.17320508075688776
2026-08-31T22:06:01.661,125200906,P021,light_pressure,QUALITY,,,,717,4752717,100681,95661,101718.18,90824.34,-1037.18,4836.66,4864.15,3119.98,True,False,nan,True,0.7454,104.35,74.55,True,0,COLLECTING,0,,0,,,,,0,98,100,30,60,0.9998024804930222,0.17320508075688776
2026-08-31T22:06:01.674,125200921,P021,light_pressure,QUALITY,,,,718,4752757,100718,95680,101698.18,90921.45,-980.18,4758.55,4837.75,3154.33,False,False,nan,True,0.7454,104.35,74.55,True,0,COLLECTING,0,,0,,,,,0,98,100,30,60,0.9998024804930222,0.17320508075688776
2026-08-31T22:06:01.685,125200937,P021,light_pressure,QUALITY,,,,719,4752797,101325,96561,101690.72,91034.24,-365.72,5526.76,5010.0,3191.45,False,False,nan,True,0.7454,104.35,74.55,True,0,COLLECTING,0,,0,,,,,0,98,100,30,60,0.9998024804930222,0.17320508075688776
2026-08-31T22:06:01.698,125200953,P021,light_pressure,QUALITY,,,,720,4752837,101881,97685,101694.52,91167.26,186.48,6517.74,5386.94,3235.36,False,False,nan,True,0.7454,104.35,74.55,True,0,COLLECTING,0,,0,,,,,0,98,100,30,60,0.9998024804930222,0.17320508075688776
2026-08-31T22:06:01.844,125201093,P021,light_pressure,QUALITY,,,,721,4752877,102130,98195,101703.23,91307.81,426.77,6887.19,5762.0,3285.89,False,False,nan,True,0.7454,104.35,74.55,True,0,COLLECTING,0,,0,,,,,0,98,100,30,60,0.9998024804930222,0.24494897427831783
2026-08-31T22:06:01.855,125201109,P021,light_pressure,QUALITY,,,,722,4752917,102064,98204,101710.45,91445.73,353.55,6758.27,6011.07,3340.39,False,False,nan,True,0.7454,104.35,74.55,True,0,COLLECTING,0,,0,,,,,0,98,100,30,60,0.9998024804930222,0.24494897427831783
2026-08-31T22:06:01.865,125201109,P021,light_pressure,QUALITY,,,,723,4752957,102040,98006,101717.05,91576.94,322.95,6429.06,6115.56,3395.9,False,False,nan,True,0.7454,104.35,74.55,True,0,COLLECTING,0,,0,,,,,0,98,100,30,60,0.9998024804930222,0.24494897427831783
2026-08-31T22:06:01.874,125201125,P021,light_pressure,QUALITY,,,,724,4752997,101852,97715,101719.74,91699.7,132.26,6015.3,6090.5,3449.79,True,False,nan,True,0.7454,104.35,74.55,True,0,COLLECTING,0,,0,,,,,0,98,100,30,60,0.9998024804930222,0.24494897427831783
2026-08-31T22:06:01.898,125201156,P021,light_pressure,QUALITY,,,,725,4753037,101634,97344,101718.03,91812.58,-84.03,5531.42,5950.73,3499.81,False,False,nan,True,0.7454,104.35,74.55,True,0,COLLECTING,0,,0,,,,,0,98,100,30,60,0.9998024804930222,0.24494897427831783
2026-08-31T22:06:02.044,125201296,P021,light_pressure,QUALITY,,,,726,4753077,101549,97198,101714.65,91920.29,-165.65,5277.71,5782.48,3545.46,False,False,nan,True,0.7454,104.35,74.55,True,0,COLLECTING,0,,0,,,,,0,98,100,30,60,0.9989134096607173,0.17320508075688776
2026-08-31T22:06:02.055,125201312,P021,light_pressure,QUALITY,,,,727,4753117,101390,96944,101708.16,92020.77,-318.16,4923.23,5567.67,3585.9,False,False,nan,True,0.7454,104.35,74.55,True,0,COLLECTING,0,,0,,,,,0,98,100,30,60,0.9989134096607173,0.17320508075688776
2026-08-31T22:06:02.065,125201312,P021,light_pressure,QUALITY,,,,728,4753157,101281,96745,101699.61,92115.25,-418.61,4629.75,5333.19,3620.85,False,False,nan,True,0.7454,104.35,74.55,True,0,COLLECTING,0,,0,,,,,0,98,100,30,60,0.9989134096607173,0.17320508075688776
2026-08-31T22:06:02.075,125201328,P021,light_pressure,QUALITY,,,,729,4753197,101221,96695,101690.04,92206.84,-469.04,4488.16,5121.93,3650.87,False,False,nan,True,0.7454,104.35,74.55,True,0,COLLECTING,0,,0,,,,,0,98,100,30,60,0.9989134096607173,0.17320508075688776
2026-08-31T22:06:02.097,125201343,P021,light_pressure,QUALITY,,,,730,4753237,101222,96778,101680.68,92298.27,-458.68,4479.73,4961.38,3677.08,False,False,nan,True,0.7454,104.35,74.55,True,0,COLLECTING,0,,0,,,,,0,98,100,30,60,0.9989134096607173,0.17320508075688776
2026-08-31T22:06:02.244,125201500,P021,light_pressure,QUALITY,,,,731,4753277,101186,96761,101670.79,92387.52,-484.79,4373.48,4814.4,3699.83,False,False,nan,True,0.7454,104.35,74.55,True,0,COLLECTING,0,,0,,,,,0,98,100,30,60,1.0002029793996816,0.17320508075688776
2026-08-31T22:06:02.255,125201500,P021,light_pressure,QUALITY,,,,732,4753317,101077,96667,101658.91,92473.11,-581.91,4193.89,4659.28,3719.02,False,False,nan,True,0.7454,104.35,74.55,True,0,COLLECTING,0,,0,,,,,0,98,100,30,60,1.0002029793996816,0.17320508075688776
2026-08-31T22:06:02.266,125201515,P021,light_pressure,QUALITY,,,,733,4753357,101012,96625,101645.98,92556.15,-633.98,4068.85,4511.67,3734.87,False,False,nan,True,0.7454,104.35,74.55,True,0,COLLECTING,0,,0,,,,,0,98,100,30,60,1.0002029793996816,0.17320508075688776
2026-08-31T22:06:02.274,125201531,P021,light_pressure,QUALITY,,,,734,4753397,100940,96570,101631.86,92636.42,-691.86,3933.58,4367.15,3747.51,False,False,nan,True,0.7454,104.35,74.55,True,0,COLLECTING,0,,0,,,,,0,98,100,30,60,1.0002029793996816,0.17320508075688776
2026-08-31T22:06:02.297,125201546,P021,light_pressure,QUALITY,,,,735,4753437,100980,96586,101618.82,92715.41,-638.82,3870.59,4243.01,3757.42,False,False,nan,True,0.7454,104.35,74.55,True,0,COLLECTING,0,,0,,,,,0,98,100,30,60,1.0002029793996816,0.17320508075688776
2026-08-31T22:06:02.444,125201703,P021,light_pressure,QUALITY,,,,736,4753477,101065,96716,101607.74,92795.42,-542.74,3920.58,4162.4,3765.52,False,False,nan,True,0.7454,104.35,74.55,True,0,COLLECTING,0,,0,,,,,0,98,100,30,60,0.9995809121827007,0.17320508075688776
2026-08-31T22:06:02.455,125201703,P021,light_pressure,QUALITY,,,,737,4753517,101153,96831,101598.65,92876.13,-445.65,3954.87,4110.52,3772.42,False,False,nan,True,0.7454,104.35,74.55,True,0,COLLECTING,0,,0,,,,,0,98,100,30,60,0.9995809121827007,0.17320508075688776
2026-08-31T22:06:02.465,125201718,P021,light_pressure,QUALITY,,,,738,4753557,101416,97189,101594.99,92962.39,-178.99,4226.61,4139.54,3779.77,False,False,nan,True,0.7454,104.35,74.55,True,0,COLLECTING,0,,0,,,,,0,98,100,30,60,0.9995809121827007,0.17320508075688776
2026-08-31T22:06:02.474,125201718,P021,light_pressure,QUALITY,,,,739,4753597,101707,97527,101597.23,93053.68,109.77,4473.32,4222.99,3788.63,False,False,nan,True,0.7454,104.35,74.55,True,0,COLLECTING,0,,0,,,,,0,98,100,30,60,0.9995809121827007,0.17320508075688776
2026-08-31T22:06:02.497,125201750,P021,light_pressure,QUALITY,,,,740,4753637,101728,97625,101599.85,93145.11,128.15,4479.89,4287.21,3798.6,False,False,nan,True,0.7454,104.35,74.55,True,0,COLLECTING,0,,0,,,,,0,98,100,30,60,0.9995809121827007,0.17320508075688776
2026-08-31T22:06:02.643,125201890,P021,light_pressure,QUALITY,,,,741,4753677,101732,97562,101602.49,93233.45,129.51,4328.55,4297.55,3808.58,False,False,nan,True,0.7454,104.35,74.55,True,0,COLLECTING,0,,0,,,,,0,98,100,30,60,0.9993142648836751,0.17320508075688776
2026-08-31T22:06:02.653,125201906,P021,light_pressure,QUALITY,,,,742,4753717,101636,97452,101603.16,93317.81,32.84,4134.19,4256.71,3817.54,True,True,1000.0,True,0.7,97.56,74.55,True,0,COLLECTING,0,,0,,,,,0,98,100,30,60,0.9993142648836751,0.17320508075688776
2026-08-31T22:06:02.666,125201921,P021,light_pressure,QUALITY,,,,743,4753757,101567,97393,101602.44,93399.31,-35.44,3993.69,4190.95,3825.01,False,False,nan,True,0.7,97.56,74.55,True,0,COLLECTING,0,,0,,,,,0,98,100,30,60,0.9993142648836751,0.17320508075688776
2026-08-31T22:06:02.674,125201921,P021,light_pressure,QUALITY,,,,744,4753797,101631,97488,101603.01,93481.09,27.99,4006.91,4144.94,3831.41,False,False,nan,True,0.7,97.56,89.75,True,0,COLLECTING,0,,0,,,,,0,98,100,30,60,0.9993142648836751,0.17320508075688776
2026-08-31T22:06:02.697,125201953,P021,light_pressure,QUALITY,,,,745,4753837,101557,97466,101602.09,93560.78,-45.09,3905.22,4085.01,3836.48,False,False,nan,True,0.7,97.56,89.75,True,0,COLLECTING,0,,0,,,,,0,98,100,30,60,0.9993142648836751,0.17320508075688776
2026-08-31T22:06:02.843,125202093,P021,light_pressure,QUALITY,,,,746,4753877,101494,97312,101599.92,93635.8,-105.92,3676.2,3982.81,3839.41,False,False,nan,True,0.7,97.56,89.75,True,0,COLLECTING,0,,0,,,,,1,98,100,30,60,0.9990925883020052,0.17320508075688776
2026-08-31T22:06:02.856,125202109,P021,light_pressure,QUALITY,,,,747,4753917,101419,97146,101596.3,93706.01,-177.3,3439.99,3847.1,3839.56,False,False,nan,True,0.7,97.56,89.75,True,0,COLLECTING,0,,0,,,,,1,98,100,30,60,0.9990925883020052,0.17320508075688776
2026-08-31T22:06:02.866,125202109,P021,light_pressure,QUALITY,,,,748,4753957,101479,97208,101593.96,93776.05,-114.96,3431.95,3743.32,3837.64,False,False,nan,True,0.7,97.56,89.75,True,0,COLLECTING,0,,0,,,,,1,98,100,30,60,0.9990925883020052,0.17320508075688776
2026-08-31T22:06:02.874,125202125,P021,light_pressure,QUALITY,,,,749,4753997,101601,97389,101594.1,93848.3,6.9,3540.7,3692.66,3834.74,False,False,nan,True,0.7,97.56,89.75,True,0,COLLECTING,0,,0,,,,,1,98,100,30,60,0.9990925883020052,0.17320508075688776
2026-08-31T22:06:02.897,125202140,P021,light_pressure,QUALITY,,,,750,4754037,101826,97730,101598.74,93925.94,227.26,3804.06,3720.51,3832.45,False,False,nan,True,0.7,97.56,89.75,True,0,COLLECTING,0,,0,,,,,1,98,100,30,60,0.9990925883020052,0.17320508075688776
2026-08-31T22:06:03.044,125202296,P021,light_pressure,QUALITY,,,,751,4754077,102054,98106,101607.84,94009.54,446.16,4096.46,3814.5,3832.1,False,False,nan,True,0.7,97.56,89.75,True,0,COLLECTING,0,,0,,,,,1,98,100,30,60,0.9998024804930222,0.17320508075688776
2026-08-31T22:06:03.053,125202296,P021,light_pressure,QUALITY,,,,752,4754117,102199,98378,101619.66,94096.91,579.34,4281.09,3931.15,3834.08,False,False,nan,True,0.7,97.56,89.75,True,0,COLLECTING,0,,0,,,,,1,98,100,30,60,0.9998024804930222,0.17320508075688776
2026-08-31T22:06:03.062,125202312,P021,light_pressure,QUALITY,,,,753,4754157,102227,98431,101631.81,94183.59,595.19,4247.41,4010.21,3837.6,False,False,nan,True,0.7,97.56,89.75,True,0,COLLECTING,0,,0,,,,,1,98,100,30,60,0.9998024804930222,0.17320508075688776
2026-08-31T22:06:03.074,125202328,P021,light_pressure,QUALITY,,,,754,4754197,102265,98455,101644.48,94269.02,620.52,4185.98,4054.16,3841.93,False,False,nan,True,0.7,97.56,89.75,True,0,COLLECTING,0,,0,,,,,1,98,100,30,60,0.9998024804930222,0.17320508075688776
2026-08-31T22:06:03.098,125202343,P021,light_pressure,QUALITY,,,,755,4754237,102358,98573,101658.75,94355.09,699.25,4217.91,4095.09,3846.99,False,False,nan,True,0.7,97.56,89.75,True,0,COLLECTING,0,,0,,,,,1,98,100,30,60,0.9998024804930222,0.17320508075688776
2026-08-31T22:06:03.243,125202500,P021,light_pressure,QUALITY,,,,756,4754277,102412,98671,101673.81,94441.41,738.19,4229.59,4128.72,3852.63,False,False,nan,True,0.7,97.56,89.75,True,0,COLLECTING,0,,0,,,,,1,98,100,30,60,0.9998024804930222,0.17320508075688776
2026-08-31T22:06:03.254,125202500,P021,light_pressure,QUALITY,,,,757,4754317,102419,98669,101688.72,94525.97,730.28,4143.03,4132.3,3858.22,False,False,nan,True,0.7,97.56,89.75,True,0,COLLECTING,0,,0,,,,,1,98,100,30,60,0.9998024804930222,0.17320508075688776
2026-08-31T22:06:03.265,125202515,P021,light_pressure,QUALITY,,,,758,4754357,102396,98662,101702.87,94608.69,693.13,4053.31,4112.55,3863.31,True,True,640.0,True,0.71,102.56,89.75,True,0,COLLECTING,0,,0,,,,,1,98,100,30,60,0.9998024804930222,0.17320508075688776
2026-08-31T22:06:03.273,125202531,P021,light_pressure,QUALITY,,,,759,4754397,102378,98618,101716.37,94688.88,661.63,3929.12,4066.69,3867.38,False,False,nan,True,0.71,102.56,89.75,True,0,COLLECTING,0,,0,,,,,1,98,100,30,60,0.9998024804930222,0.17320508075688776
2026-08-31T22:06:03.298,125202546,P021,light_pressure,QUALITY,,,,760,4754437,102348,98560,101729.0,94766.3,619.0,3793.7,3998.45,3870.0,False,False,nan,True,0.71,102.56,89.75,True,0,COLLECTING,0,,0,,,,,1,98,100,30,60,0.9998024804930222,0.17320508075688776
2026-08-31T22:06:03.446,125202703,P021,light_pressure,QUALITY,,,,761,4754477,102318,98517,101740.78,94841.31,577.22,3675.69,3917.76,3870.95,False,False,nan,True,0.71,102.56,89.75,True,0,COLLECTING,0,,0,,,,,2,98,100,30,60,1.0002029793996816,0.17320508075688776
2026-08-31T22:06:03.455,125202703,P021,light_pressure,QUALITY,,,,762,4754517,102257,98420,101751.11,94912.88,505.89,3507.12,3815.1,3869.83,False,False,nan,True,0.71,102.56,89.75,True,0,COLLECTING,0,,0,,,,,2,98,100,30,60,1.0002029793996816,0.17320508075688776
2026-08-31T22:06:03.465,125202718,P021,light_pressure,QUALITY,,,,763,4754557,102152,98235,101759.12,94979.33,392.88,3255.67,3675.24,3865.94,False,False,nan,True,0.71,102.56,89.75,True,0,COLLECTING,0,,0,,,,,2,98,100,30,60,1.0002029793996816,0.17320508075688776
2026-08-31T22:06:03.474,125202718,P021,light_pressure,QUALITY,,,,764,4754597,102024,97977,101764.42,95039.28,259.58,2937.72,3490.86,3858.44,False,False,nan,True,0.71,102.56,89.75,True,0,COLLECTING,0,,0,,,,,2,98,100,30,60,1.0002029793996816,0.17320508075688776
2026-08-31T22:06:03.499,125202750,P021,light_pressure,QUALITY,,,,765,4754637,101977,97893,101768.67,95096.36,208.33,2796.64,3317.31,3847.62,False,False,nan,True,0.71,102.56,89.75,True,0,COLLECTING,0,,0,,,,,2,98,100,30,60,1.0002029793996816,0.17320508075688776
2026-08-31T22:06:03.645,125202890,P021,light_pressure,QUALITY,,,,766,4754677,101956,97867,101772.42,95151.77,183.58,2715.23,3166.79,3834.0,False,False,nan,True,0.71,102.56,89.75,True,0,COLLECTING,0,,0,,,,,2,98,100,30,60,0.9995809121827007,0.17320508075688776
2026-08-31T22:06:03.655,125202906,P021,light_pressure,QUALITY,,,,767,4754717,101953,97892,101776.03,95206.58,176.97,2685.42,3046.44,3818.25,False,False,nan,True,0.71,102.56,89.75,True,0,COLLECTING,0,,0,,,,,2,98,100,30,60,0.9995809121827007,0.17320508075688776
2026-08-31T22:06:03.665,125202921,P021,light_pressure,QUALITY,,,,768,4754757,102051,98031,101781.53,95263.07,269.47,2767.93,2976.82,3801.42,False,False,nan,True,0.71,102.56,89.75,True,0,COLLECTING,0,,0,,,,,2,98,100,30,60,0.9995809121827007,0.17320508075688776
2026-08-31T22:06:03.674,125202921,P021,light_pressure,QUALITY,,,,769,4754797,102067,98070,101787.24,95319.21,279.76,2750.79,2920.31,3783.8,False,False,nan,True,0.71,102.56,89.75,True,0,COLLECTING,0,,0,,,,,2,98,100,30,60,0.9995809121827007,0.17320508075688776
2026-08-31T22:06:03.698,125202953,P021,light_pressure,QUALITY,,,,770,4754837,102038,98026,101792.26,95373.34,245.74,2652.66,2853.4,3765.19,False,False,nan,True,0.71,102.56,89.75,True,0,COLLECTING,0,,0,,,,,2,98,100,30,60,0.9995809121827007,0.17320508075688776
2026-08-31T22:06:03.843,125203093,P021,light_pressure,QUALITY,,,,771,4754877,101945,97897,101795.31,95423.82,149.69,2473.18,2758.34,3745.05,False,False,nan,True,0.71,102.56,89.75,True,0,COLLECTING,0,,0,,,,,2,98,100,30,60,0.9986916441024227,0.17320508075688776
2026-08-31T22:06:03.854,125203109,P021,light_pressure,QUALITY,,,,772,4754917,101914,97852,101797.69,95472.38,116.31,2379.62,2663.66,3723.43,False,False,nan,True,0.71,102.56,89.75,True,0,COLLECTING,0,,0,,,,,2,98,100,30,60,0.9986916441024227,0.17320508075688776
2026-08-31T22:06:03.865,125203109,P021,light_pressure,QUALITY,,,,773,4754957,101933,97894,101800.39,95520.81,132.61,2373.19,2591.04,3700.78,False,False,nan,True,0.71,102.56,89.75,True,0,COLLECTING,0,,0,,,,,2,98,100,30,60,0.9986916441024227,0.17320508075688776
2026-08-31T22:06:03.874,125203125,P021,light_pressure,QUALITY,,,,774,4754997,101938,97919,101803.14,95568.77,134.86,2350.23,2530.84,3677.38,False,False,nan,True,0.71,102.56,89.75,True,0,COLLECTING,0,,0,,,,,2,98,100,30,60,0.9986916441024227,0.17320508075688776
2026-08-31T22:06:03.897,125203140,P021,light_pressure,QUALITY,,,,775,4755037,101930,97905,101805.68,95615.5,124.32,2289.5,2470.5,3653.24,False,False,nan,True,0.71,102.56,89.75,True,0,COLLECTING,0,,0,,,,,2,98,100,30,60,0.9986916441024227,0.17320508075688776
2026-08-31T22:06:04.043,125203296,P021,light_pressure,QUALITY,,,,776,4755077,101949,97945,101808.55,95662.09,140.45,2282.91,2423.6,3628.65,False,False,nan,True,0.71,102.56,89.75,True,0,COLLECTING,0,,0,,,,,2,98,100,30,60,0.9998024804930222,0.17320508075688776
2026-08-31T22:06:04.054,125203312,P021,light_pressure,QUALITY,,,,777,4755117,101992,98003,101812.22,95708.91,179.78,2294.09,2391.22,3603.9,False,False,nan,True,0.71,102.56,89.75,True,0,COLLECTING,0,,0,,,,,2,98,100,30,60,0.9998024804930222,0.17320508075688776
2026-08-31T22:06:04.066,125203312,P021,light_pressure,QUALITY,,,,778,4755157,102001,98031,101815.99,95755.36,185.01,2275.64,2362.33,3579.07,False,False,nan,True,0.71,102.56,89.75,True,0,COLLECTING,0,,0,,,,,2,98,100,30,60,0.9998024804930222,0.17320508075688776
2026-08-31T22:06:04.074,125203328,P021,light_pressure,QUALITY,,,,779,4755197,102042,98069,101820.52,95801.63,221.48,2267.37,2338.59,3554.26,False,False,nan,True,0.71,102.56,89.75,True,0,COLLECTING,0,,0,,,,,2,98,100,30,60,0.9998024804930222,0.17320508075688776
2026-08-31T22:06:04.097,125203343,P021,light_pressure,QUALITY,,,,780,4755237,101972,97904,101823.55,95843.68,148.45,2060.32,2269.02,3528.56,False,False,nan,True,0.71,102.56,89.75,True,0,COLLECTING,0,,0,,,,,2,98,100,30,60,0.9998024804930222,0.17320508075688776
2026-08-31T22:06:04.245,125203500,P021,light_pressure,QUALITY,,,,781,4755277,101925,97778,101825.58,95882.37,99.42,1895.63,2175.67,3501.5,False,False,nan,True,0.71,102.56,89.75,True,0,COLLECTING,0,,0,,,,,2,98,100,30,60,0.9998024804930222,0.24494897427831783
2026-08-31T22:06:04.255,125203500,P021,light_pressure,QUALITY,,,,782,4755317,101927,97767,101827.61,95920.06,99.39,1846.94,2093.49,3473.34,False,False,nan,True,0.71,102.56,89.75,True,0,COLLECTING,0,,0,,,,,2,98,100,30,60,0.9998024804930222,0.24494897427831783
2026-08-31T22:06:04.267,125203515,P021,light_pressure,QUALITY,,,,783,4755357,101983,97846,101830.72,95958.58,152.28,1887.42,2041.97,3444.71,False,False,nan,True,0.71,102.56,89.75,True,0,COLLECTING,0,,0,,,,,2,98,100,30,60,0.9998024804930222,0.24494897427831783
2026-08-31T22:06:04.277,125203531,P021,light_pressure,QUALITY,,,,784,4755397,101988,97870,101833.87,95996.8,154.13,1873.2,1999.78,3415.81,False,False,nan,True,0.71,102.56,89.75,True,0,COLLECTING,0,,0,,,,,2,98,100,30,60,0.9998024804930222,0.24494897427831783
2026-08-31T22:06:04.297,125203546,P021,light_pressure,QUALITY,,,,785,4755437,101981,97854,101836.81,96033.95,144.19,1820.05,1954.85,3386.59,False,False,nan,True,0.71,102.56,89.75,True,0,COLLECTING,0,,0,,,,,2,98,100,30,60,0.9998024804930222,0.24494897427831783
2026-08-31T22:06:04.445,125203703,P021,light_pressure,QUALITY,,,,786,4755477,102028,97910,101840.63,96071.47,187.37,1838.53,1925.77,3357.38,False,False,nan,True,0.71,102.56,89.75,True,0,COLLECTING,0,,0,,,,,2,98,100,30,60,0.9998024804930222,0.17320508075688776
2026-08-31T22:06:04.454,125203703,P021,light_pressure,QUALITY,,,,787,4755517,102043,97942,101844.68,96108.88,198.32,1833.12,1902.61,3328.28,False,False,nan,True,0.71,102.56,89.75,True,0,COLLECTING,0,,0,,,,,2,98,100,30,60,0.9998024804930222,0.17320508075688776
2026-08-31T22:06:04.465,125203718,P021,light_pressure,QUALITY,,,,788,4755557,102034,97932,101848.47,96145.34,185.53,1786.66,1873.62,3299.19,False,False,nan,True,0.71,102.56,89.75,True,0,COLLECTING,0,,0,,,,,2,98,100,30,60,0.9998024804930222,0.17320508075688776
2026-08-31T22:06:04.474,125203718,P021,light_pressure,QUALITY,,,,789,4755597,102060,97977,101852.7,96181.98,207.3,1795.02,1853.97,3270.28,False,False,nan,True,0.71,102.56,89.75,True,0,COLLECTING,0,,0,,,,,2,98,100,30,60,0.9998024804930222,0.17320508075688776
2026-08-31T22:06:04.497,125203750,P021,light_pressure,QUALITY,,,,790,4755637,102076,98002,101857.17,96218.38,218.83,1783.62,1836.38,3241.6,False,False,nan,True,0.71,102.56,89.75,True,0,COLLECTING,0,,0,,,,,2,98,100,30,60,0.9998024804930222,0.17320508075688776
2026-08-31T22:06:04.646,125203890,P021,light_pressure,QUALITY,,,,791,4755677,102081,98019,101861.65,96254.39,219.35,1764.61,1818.44,3213.14,False,False,nan,True,0.71,102.56,89.75,True,0,COLLECTING,0,,0,,,,,2,98,100,30,60,0.9998024804930222,0.17320508075688776
2026-08-31T22:06:04.655,125203906,P021,light_pressure,QUALITY,,,,792,4755717,102065,97990,101865.72,96289.1,199.28,1700.9,1789.05,3184.66,False,False,nan,True,0.71,102.56,89.75,True,0,COLLECTING,0,,0,,,,,2,98,100,30,60,0.9998024804930222,0.17320508075688776
2026-08-31T22:06:04.666,125203921,P021,light_pressure,QUALITY,,,,793,4755757,101933,97824,101867.06,96319.8,65.94,1504.2,1717.84,3155.32,False,False,nan,True,0.71,102.56,89.75,True,0,COLLECTING,0,,0,,,,,2,98,100,30,60,0.9998024804930222,0.17320508075688776
2026-08-31T22:06:04.674,125203921,P021,light_pressure,QUALITY,,,,794,4755797,101641,97419,101862.54,96341.78,-221.54,1077.22,1557.69,3123.37,False,False,nan,True,0.71,102.56,89.75,True,0,COLLECTING,0,,0,,,,,2,98,100,30,60,0.9998024804930222,0.17320508075688776
2026-08-31T22:06:04.698,125203953,P021,light_pressure,QUALITY,,,,795,4755837,101539,97311,101856.07,96361.16,-317.07,949.84,1405.72,3089.02,False,False,nan,True,0.71,102.56,89.75,True,0,COLLECTING,0,,0,,,,,2,98,100,30,60,0.9998024804930222,0.17320508075688776
2026-08-31T22:06:04.843,125204093,P021,light_pressure,QUALITY,,,,796,4755877,101592,97406,101850.79,96382.06,-258.79,1023.94,1310.28,3053.44,False,False,nan,True,0.71,102.56,89.75,True,0,COLLECTING,0,,0,,,,,2,98,100,30,60,0.9998024804930222,0.17320508075688776
2026-08-31T22:06:04.854,125204109,P021,light_pressure,QUALITY,,,,797,4755917,101441,97135,101842.59,96397.12,-401.59,737.88,1167.18,3015.72,False,False,nan,True,0.71,102.56,89.75,True,0,COLLECTING,0,,0,,,,,2,98,100,30,60,0.9998024804930222,0.17320508075688776
2026-08-31T22:06:04.866,125204109,P021,light_pressure,QUALITY,,,,798,4755957,101324,96947,101832.22,96408.12,-508.22,538.88,1010.1,2975.61,False,False,nan,True,0.71,102.56,89.75,True,0,COLLECTING,0,,0,,,,,2,98,100,30,60,0.9998024804930222,0.17320508075688776
2026-08-31T22:06:04.874,125204125,P021,light_pressure,QUALITY,,,,799,4755997,101336,96942,101822.3,96418.8,-486.3,523.2,888.37,2933.86,False,False,nan,True,0.71,102.56,89.75,True,0,COLLECTING,0,,0,,,,,2,98,100,30,60,0.9998024804930222,0.17320508075688776
2026-08-31T22:06:04.898,125204156,P021,light_pressure,QUALITY,,,,800,4756037,101380,96996,101813.45,96430.35,-433.45,565.65,807.69,2891.34,False,False,nan,True,0.71,102.56,89.75,True,0,COLLECTING,0,,0,,,,,2,98,100,30,60,0.9998024804930222,0.17320508075688776
2026-08-31T22:06:05.045,125204296,P021,light_pressure,QUALITY,,,,801,4756077,101410,97018,101805.38,96442.1,-395.38,575.9,749.74,2848.51,False,False,nan,True,0.71,102.56,89.75,True,0,COLLECTING,0,,0,,,,,2,98,100,30,60,0.9998024804930222,0.17320508075688776
2026-08-31T22:06:05.053,125204296,P021,light_pressure,QUALITY,,,,802,4756117,101378,96979,101796.84,96452.84,-418.84,526.16,693.85,2805.41,False,False,nan,True,0.71,102.56,89.75,True,0,COLLECTING,0,,0,,,,,2,98,100,30,60,0.9998024804930222,0.17320508075688776
2026-08-31T22:06:05.062,125204312,P021,light_pressure,QUALITY,,,,803,4756157,101109,96635,101783.08,96456.48,-674.08,178.52,565.02,2760.6,False,False,nan,True,0.71,102.56,89.75,True,0,COLLECTING,0,,0,,,,,2,98,100,30,60,0.9998024804930222,0.17320508075688776
2026-08-31T22:06:05.073,125204328,P021,light_pressure,QUALITY,,,,804,4756197,100894,96271,101765.3,96452.77,-871.3,-181.77,378.32,2712.96,False,False,nan,True,0.71,102.56,89.75,True,0,COLLECTING,0,,0,,,,,2,98,100,30,60,0.9998024804930222,0.17320508075688776
2026-08-31T22:06:05.099,125204343,P021,light_pressure,QUALITY,,,,805,4756237,100867,96283,101747.33,96449.37,-880.33,-166.37,242.15,2663.54,False,False,nan,True,0.71,102.56,89.75,True,0,COLLECTING,0,,0,,,,,2,98,100,30,60,0.9998024804930222,0.17320508075688776
2026-08-31T22:06:05.244,125204500,P021,light_pressure,QUALITY,,,,806,4756277,100759,96317,101727.56,96446.72,-968.56,-129.72,149.18,2613.26,False,False,nan,True,0.71,102.56,89.75,True,0,COLLECTING,0,,0,,,,,2,98,100,30,60,0.9986916441024227,0.17320508075688776
2026-08-31T22:06:05.254,125204500,P021,light_pressure,QUALITY,,,,807,4756317,100397,95995,101700.95,96437.69,-1303.95,-442.69,1.22,2561.01,False,False,nan,True,0.71,102.56,89.75,True,0,COLLECTING,0,,0,,,,,2,98,100,30,60,0.9986916441024227,0.17320508075688776
2026-08-31T22:06:05.265,125204515,P021,light_pressure,QUALITY,,,,808,4756357,100162,95702,101670.17,96422.98,-1508.17,-720.98,-179.33,2513.38,False,False,nan,True,0.71,102.56,89.75,True,0,COLLECTING,0,,0,,,,,2,98,100,30,60,0.9986916441024227,0.17320508075688776
2026-08-31T22:06:05.274,125204531,P021,light_pressure,QUALITY,,,,809,4756397,100268,95783,101642.12,96410.18,-1374.12,-627.18,-291.29,2468.94,False,False,nan,True,0.71,102.56,89.75,True,0,COLLECTING,0,,0,,,,,2,98,100,30,60,0.9986916441024227,0.17320508075688776
2026-08-31T22:06:05.298,125204546,P021,light_pressure,QUALITY,,,,810,4756437,100504,96019,101619.36,96402.36,-1115.36,-383.36,-314.31,2425.85,False,False,nan,True,0.71,102.56,89.75,True,0,COLLECTING,0,,0,,,,,2,98,100,30,60,0.9986916441024227,0.17320508075688776
2026-08-31T22:06:05.443,125204687,P021,light_pressure,QUALITY,,,,811,4756477,100667,96215,101600.31,96398.61,-933.31,-183.61,-281.64,2382.96,False,False,nan,True,0.71,102.56,89.75,True,0,COLLECTING,0,,0,,,,,2,98,100,30,60,0.9995809121827007,0.17320508075688776
2026-08-31T22:06:05.455,125204703,P021,light_pressure,QUALITY,,,,812,4756517,100726,96300,101582.83,96396.64,-856.83,-96.64,-235.39,2340.01,False,False,nan,True,0.71,102.56,89.75,True,0,COLLECTING,0,,0,,,,,2,98,100,30,60,0.9995809121827007,0.17320508075688776
2026-08-31T22:06:05.467,125204718,P021,light_pressure,QUALITY,,,,813,4756557,100704,96299,101565.25,96394.69,-861.25,-95.69,-200.46,2297.22,False,False,nan,True,0.71,102.56,89.75,True,0,COLLECTING,0,,0,,,,,2,98,100,30,60,0.9995809121827007,0.17320508075688776
2026-08-31T22:06:05.475,125204718,P021,light_pressure,QUALITY,,,,814,4756597,100539,96067,101544.73,96388.13,-1005.73,-321.13,-230.63,2255.89,False,False,nan,True,0.71,102.56,89.75,True,0,COLLECTING,0,,0,,,,,2,98,100,30,60,0.9995809121827007,0.17320508075688776
2026-08-31T22:06:05.497,125204750,P021,light_pressure,QUALITY,,,,815,4756637,100308,95726,101519.99,96374.89,-1211.99,-648.89,-335.19,2217.47,False,False,nan,True,0.71,102.56,89.75,True,0,COLLECTING,0,,0,,,,,2,98,100,30,60,0.9995809121827007,0.17320508075688776
2026-08-31T22:06:05.642,125204890,P021,light_pressure,QUALITY,,,,816,4756677,100441,95783,101498.41,96363.05,-1057.41,-580.05,-396.41,2181.05,False,False,nan,True,0.71,102.56,89.75,True,0,COLLECTING,0,,0,,,,,2,98,100,30,60,0.9998024804930222,0.17320508075688776
2026-08-31T22:06:05.654,125204906,P021,light_pressure,QUALITY,,,,817,4756717,100658,96017,101481.61,96356.13,-823.61,-339.13,-382.09,2145.07,False,False,nan,True,0.71,102.56,89.75,True,0,COLLECTING,0,,0,,,,,2,98,100,30,60,0.9998024804930222,0.17320508075688776
2026-08-31T22:06:05.665,125204921,P021,light_pressure,QUALITY,,,,818,4756757,100756,96164,101467.09,96352.29,-711.09,-188.29,-333.64,2108.85,False,False,nan,True,0.71,102.56,89.75,True,0,COLLECTING,0,,0,,,,,2,98,100,30,60,0.9998024804930222,0.17320508075688776
2026-08-31T22:06:05.674,125204921,P021,light_pressure,QUALITY,,,,819,4756797,100750,96179,101452.75,96348.82,-702.75,-169.82,-292.69,2072.52,False,False,nan,True,0.71,102.56,89.75,True,0,COLLECTING,0,,0,,,,,2,98,100,30,60,0.9998024804930222,0.17320508075688776
2026-08-31T22:06:05.698,125204953,P021,light_pressure,QUALITY,,,,820,4756837,100792,96228,101439.53,96346.41,-647.53,-118.41,-249.12,2036.05,False,False,nan,True,0.71,102.56,89.75,True,0,COLLECTING,0,,0,,,,,2,98,100,30,60,0.9998024804930222,0.17320508075688776
2026-08-31T22:06:05.842,125205093,P021,light_pressure,QUALITY,,,,821,4756877,100807,96230,101426.88,96344.08,-619.88,-114.08,-215.36,1999.64,False,False,nan,True,0.71,102.56,89.75,True,0,COLLECTING,0,,0,,,,,2,98,100,30,60,0.9995809121827007,0.17320508075688776
2026-08-31T22:06:05.854,125205109,P021,light_pressure,QUALITY,,,,822,4756917,100707,96157,101412.48,96340.34,-705.48,-183.34,-207.35,1963.79,False,False,nan,True,0.71,102.56,89.75,True,0,COLLECTING,0,,0,,,,,2,98,100,30,60,0.9995809121827007,0.17320508075688776
2026-08-31T22:06:05.865,125205109,P021,light_pressure,QUALITY,,,,823,4756957,100706,96173,101398.35,96336.99,-692.35,-163.99,-196.51,1928.45,False,False,nan,True,0.71,102.56,89.75,True,0,COLLECTING,0,,0,,,,,2,98,100,30,60,0.9995809121827007,0.17320508075688776
2026-08-31T22:06:05.873,125205125,P021,light_pressure,QUALITY,,,,824,4756997,100762,96266,101385.62,96335.57,-623.62,-69.57,-164.78,1893.17,False,False,nan,True,0.71,102.56,89.75,True,0,COLLECTING,0,,0,,,,,2,98,100,30,60,0.9995809121827007,0.17320508075688776
2026-08-31T22:06:05.897,125205140,P021,light_pressure,QUALITY,,,,825,4757037,100826,96344,101374.43,96335.74,-548.43,8.26,-121.52,1857.74,False,False,nan,True,0.71,102.56,89.75,True,0,COLLECTING,0,,0,,,,,2,98,100,30,60,0.9995809121827007,0.17320508075688776
2026-08-31T22:06:06.043,125205296,P021,light_pressure,QUALITY,,,,826,4757077,100863,96404,101364.2,96337.11,-501.2,66.89,-74.42,1822.08,False,False,nan,True,0.71,102.56,89.75,True,0,COLLECTING,0,,0,,,,,2,98,100,30,60,0.9998024804930222,0.17320508075688776
2026-08-31T22:06:06.055,125205312,P021,light_pressure,QUALITY,,,,827,4757117,100913,96481,101355.18,96339.98,-442.18,141.02,-20.56,1786.04,False,False,nan,True,0.71,102.56,89.75,True,0,COLLECTING,0,,0,,,,,2,98,100,30,60,0.9998024804930222,0.17320508075688776
2026-08-31T22:06:06.062,125205312,P021,light_pressure,QUALITY,,,,828,4757157,101015,96617,101348.38,96345.52,-333.38,271.48,52.45,1751.37,False,False,nan,True,0.71,102.56,89.75,True,0,COLLECTING,0,,0,,,,,2,98,100,30,60,0.9998024804930222,0.17320508075688776
2026-08-31T22:06:06.073,125205328,P021,light_pressure,QUALITY,,,,829,4757197,101202,96907,101345.45,96356.75,-143.45,550.25,176.9,1719.88,False,False,nan,True,0.71,102.56,89.75,True,0,COLLECTING,0,,0,,,,,2,98,100,30,60,0.9998024804930222,0.17320508075688776
2026-08-31T22:06:06.097,125205343,P021,light_pressure,QUALITY,,,,830,4757237,101346,97181,101345.45,96373.23,0.55,807.77,334.62,1692.18,False,False,nan,True,0.71,102.56,89.75,True,0,COLLECTING,0,,0,,,,,2,98,100,30,60,0.9998024804930222,0.17320508075688776
2026-08-31T22:06:06.243,125205500,P021,light_pressure,QUALITY,,,,831,4757277,101412,97310,101346.78,96391.97,65.22,918.03,480.47,1667.94,False,False,nan,True,0.71,102.56,89.75,True,0,COLLECTING,0,,0,,,,,2,98,100,30,60,0.9998024804930222,0.17320508075688776
2026-08-31T22:06:06.255,125205500,P021,light_pressure,QUALITY,,,,832,4757317,101294,97087,101345.73,96405.87,-51.73,681.13,530.64,1645.2,False,False,nan,True,0.71,102.56,89.75,True,0,COLLECTING,0,,0,,,,,2,98,100,30,60,0.9998024804930222,0.17320508075688776
2026-08-31T22:06:06.262,125205515,P021,light_pressure,QUALITY,,,,833,4757357,101168,96843,101342.17,96414.61,-174.17,428.39,505.07,1622.4,False,False,nan,True,0.71,102.56,89.75,True,0,COLLECTING,0,,0,,,,,2,98,100,30,60,0.9998024804930222,0.17320508075688776
2026-08-31T22:06:06.273,125205531,P021,light_pressure,QUALITY,,,,834,4757397,101140,96790,101338.12,96422.12,-198.12,367.88,470.78,1599.36,False,False,nan,True,0.71,102.56,89.75,True,0,COLLECTING,0,,0,,,,,2,98,100,30,60,0.9998024804930222,0.17320508075688776
2026-08-31T22:06:06.298,125205546,P021,light_pressure,QUALITY,,,,835,4757437,101153,96823,101334.42,96430.13,-181.42,392.87,451.3,1576.4,False,False,nan,True,0.71,102.56,89.75,True,0,COLLECTING,0,,0,,,,,2,98,100,30,60,0.9998024804930222,0.17320508075688776
2026-08-31T22:06:06.443,125205687,P021,light_pressure,QUALITY,,,,836,4757477,101171,96849,101331.16,96438.51,-160.16,410.49,441.1,1553.7,False,False,nan,True,0.71,102.56,89.75,True,0,COLLECTING,0,,0,,,,,2,98,100,30,60,0.9995809121827007,0.17320508075688776
2026-08-31T22:06:06.454,125205703,P021,light_pressure,QUALITY,,,,837,4757517,101174,96872,101328.02,96447.18,-154.02,424.82,437.03,1531.36,False,False,nan,True,0.71,102.56,89.75,True,0,COLLECTING,0,,0,,,,,2,98,100,30,60,0.9995809121827007,0.17320508075688776
2026-08-31T22:06:06.463,125205718,P021,light_pressure,QUALITY,,,,838,4757557,101196,96899,101325.38,96456.22,-129.38,442.78,438.47,1509.5,False,False,nan,True,0.71,102.56,89.75,True,0,COLLECTING,0,,0,,,,,2,98,100,30,60,0.9995809121827007,0.17320508075688776
2026-08-31T22:06:06.473,125205718,P021,light_pressure,QUALITY,,,,839,4757597,101182,96886,101322.51,96464.81,-140.51,421.19,434.15,1488.0,False,False,nan,True,0.71,102.56,89.75,True,0,COLLECTING,0,,0,,,,,2,98,100,30,60,0.9995809121827007,0.17320508075688776
2026-08-31T22:06:06.497,125205750,P021,light_pressure,QUALITY,,,,840,4757637,101181,96866,101319.68,96472.84,-138.68,393.16,423.9,1466.72,False,False,nan,True,0.71,102.56,89.75,True,0,COLLECTING,0,,0,,,,,2,98,100,30,60,0.9995809121827007,0.17320508075688776
2026-08-31T22:06:06.643,125205890,P021,light_pressure,QUALITY,,,,841,4757677,101194,96889,101317.16,96481.16,-123.16,407.84,419.89,1445.78,False,False,nan,True,0.71,102.56,89.75,True,0,COLLECTING,0,,0,,,,,2,98,100,30,60,0.9998024804930222,0.17320508075688776
2026-08-31T22:06:06.653,125205906,P021,light_pressure,QUALITY,,,,842,4757717,101210,96923,101315.02,96489.99,-105.02,433.01,423.17,1425.33,False,False,nan,True,0.71,102.56,89.75,True,0,COLLECTING,0,,0,,,,,2,98,100,30,60,0.9998024804930222,0.17320508075688776
2026-08-31T22:06:06.662,125205906,P021,light_pressure,QUALITY,,,,843,4757757,101236,96973,101313.45,96499.65,-77.45,473.35,435.71,1405.53,False,False,nan,True,0.71,102.56,89.75,True,0,COLLECTING,0,,0,,,,,2,98,100,30,60,0.9998024804930222,0.17320508075688776
2026-08-31T22:06:06.673,125205921,P021,light_pressure,QUALITY,,,,844,4757797,101256,97028,101312.3,96510.22,-56.3,517.78,456.23,1386.55,False,False,nan,True,0.71,102.56,91.9,True,0,COLLECTING,0,,0,,,,,2,98,100,30,60,0.9998024804930222,0.17320508075688776
2026-08-31T22:06:06.698,125205953,P021,light_pressure,QUALITY,,,,845,4757837,101260,97038,101311.25,96520.77,-51.25,517.23,471.48,1368.25,False,False,nan,True,0.71,102.56,91.9,True,0,COLLECTING,0,,0,,,,,2,98,100,30,60,0.9998024804930222,0.17320508075688776
2026-08-31T22:06:06.843,125206093,P021,light_pressure,QUALITY,,,,846,4757877,101285,97082,101310.73,96532.0,-25.73,550.0,491.11,1350.7,False,False,nan,True,0.71,102.56,91.9,True,0,COLLECTING,0,,0,,,,,2,98,100,30,60,0.9998024804930222,0.17320508075688776
2026-08-31T22:06:06.855,125206109,P021,light_pressure,QUALITY,,,,847,4757917,101268,97073,101309.88,96542.82,-41.88,530.18,500.88,1333.71,False,False,nan,True,0.71,102.56,91.9,True,0,COLLECTING,0,,0,,,,,2,98,100,30,60,0.9998024804930222,0.17320508075688776
2026-08-31T22:06:06.862,125206109,P021,light_pressure,QUALITY,,,,848,4757957,101262,97051,101308.91,96552.98,-46.91,498.02,500.16,1317.04,True,False,nan,True,0.71,102.56,91.9,True,0,COLLECTING,0,,0,,,,,2,98,100,30,60,0.9998024804930222,0.17320508075688776
2026-08-31T22:06:06.873,125206125,P021,light_pressure,QUALITY,,,,849,4757997,101190,96897,101306.54,96559.87,-116.54,337.13,459.4,1299.88,False,False,nan,True,0.71,102.56,91.9,True,0,COLLECTING,0,,0,,,,,2,98,100,30,60,0.9998024804930222,0.17320508075688776
2026-08-31T22:06:06.898,125206156,P021,light_pressure,QUALITY,,,,850,4758037,101134,96773,101303.09,96564.13,-169.09,208.87,396.77,1281.82,False,False,nan,True,0.71,102.56,91.9,True,0,COLLECTING,0,,0,,,,,2,98,100,30,60,0.9998024804930222,0.17320508075688776
2026-08-31T22:06:07.043,125206296,P021,light_pressure,QUALITY,,,,851,4758077,101160,96814,101300.23,96569.13,-140.23,244.87,358.79,1263.36,False,False,nan,True,0.71,102.56,91.9,True,0,COLLECTING,0,,0,,,,,2,98,100,30,60,0.9995809121827007,0.17320508075688776
2026-08-31T22:06:07.054,125206312,P021,light_pressure,QUALITY,,,,852,4758117,101181,96856,101297.84,96574.87,-116.84,281.13,339.38,1244.88,False,False,nan,True,0.71,102.56,91.9,True,0,COLLECTING,0,,0,,,,,2,98,100,30,60,0.9995809121827007,0.17320508075688776
2026-08-31T22:06:07.061,125206312,P021,light_pressure,QUALITY,,,,853,4758157,101197,96888,101295.83,96581.13,-98.83,306.87,331.25,1226.61,False,False,nan,True,0.71,102.56,91.9,True,0,COLLECTING,0,,0,,,,,2,98,100,30,60,0.9995809121827007,0.17320508075688776
2026-08-31T22:06:07.074,125206328,P021,light_pressure,QUALITY,,,,854,4758197,101235,96933,101294.61,96588.17,-59.61,344.83,334.65,1208.77,False,False,nan,True,0.71,102.56,91.9,True,0,COLLECTING,0,,0,,,,,2,98,100,30,60,0.9995809121827007,0.17320508075688776
2026-08-31T22:06:07.098,125206343,P021,light_pressure,QUALITY,,,,855,4758237,101237,96929,101293.46,96594.99,-56.46,334.01,334.49,1191.28,False,False,nan,True,0.71,102.56,91.9,True,0,COLLECTING,0,,0,,,,,2,98,100,30,60,0.9995809121827007,0.17320508075688776
2026-08-31T22:06:07.244,125206500,P021,light_pressure,QUALITY,,,,856,4758277,101226,96910,101292.11,96601.29,-66.11,308.71,328.04,1174.02,False,False,nan,True,0.71,102.56,91.9,True,0,COLLECTING,0,,0,,,,,2,98,100,30,60,0.9998024804930222,0.17320508075688776
2026-08-31T22:06:07.254,125206500,P021,light_pressure,QUALITY,,,,857,4758317,101209,96906,101290.45,96607.38,-81.45,298.62,320.69,1156.95,False,False,nan,True,0.71,102.56,91.9,True,0,COLLECTING,0,,0,,,,,2,98,100,30,60,0.9998024804930222,0.17320508075688776
2026-08-31T22:06:07.262,125206515,P021,light_pressure,QUALITY,,,,858,4758357,101212,96920,101288.88,96613.63,-76.88,306.37,317.11,1140.16,False,False,nan,True,0.71,102.56,91.9,True,0,COLLECTING,0,,0,,,,,2,98,100,30,60,0.9998024804930222,0.17320508075688776
2026-08-31T22:06:07.273,125206531,P021,light_pressure,QUALITY,,,,859,4758397,101217,96933,101287.44,96620.02,-70.44,312.98,316.07,1123.67,False,False,nan,True,0.71,102.56,91.9,True,0,COLLECTING,0,,0,,,,,2,98,100,30,60,0.9998024804930222,0.17320508075688776
2026-08-31T22:06:07.298,125206546,P021,light_pressure,QUALITY,,,,860,4758437,101240,96965,101286.49,96626.92,-46.49,338.08,321.57,1107.63,False,False,nan,True,0.71,102.56,91.9,True,0,COLLECTING,0,,0,,,,,2,98,100,30,60,0.9998024804930222,0.17320508075688776
2026-08-31T22:06:07.444,125206687,P021,light_pressure,QUALITY,,,,861,4758477,101245,96980,101285.66,96633.98,-40.66,346.02,327.69,1092.03,False,False,nan,True,0.71,102.56,91.9,True,0,COLLECTING,0,,0,,,,,2,98,100,30,60,0.9995809121827007,0.17320508075688776
2026-08-31T22:06:07.454,125206703,P021,light_pressure,QUALITY,,,,862,4758517,101266,97022,101285.27,96641.74,-19.27,380.26,340.83,1077.01,False,False,nan,True,0.71,102.56,91.9,True,0,COLLECTING,0,,0,,,,,2,98,100,30,60,0.9995809121827007,0.17320508075688776
2026-08-31T22:06:07.462,125206718,P021,light_pressure,QUALITY,,,,863,4758557,101282,97064,101285.21,96650.19,-3.21,413.81,359.07,1062.65,False,False,nan,True,0.71,102.56,91.9,True,0,COLLECTING,0,,0,,,,,2,98,100,30,60,0.9995809121827007,0.17320508075688776
2026-08-31T22:06:07.473,125206718,P021,light_pressure,QUALITY,,,,864,4758597,101283,97078,101285.16,96658.74,-2.16,419.26,374.12,1048.88,False,False,nan,True,0.71,102.56,91.9,True,0,COLLECTING,0,,0,,,,,2,98,100,30,60,0.9995809121827007,0.17320508075688776
2026-08-31T22:06:07.498,125206750,P021,light_pressure,QUALITY,,,,865,4758637,101269,97051,101284.84,96666.59,-15.84,384.41,376.69,1035.44,False,False,nan,True,0.71,102.56,91.9,True,0,COLLECTING,0,,0,,,,,2,98,100,30,60,0.9995809121827007,0.17320508075688776
2026-08-31T22:06:07.644,125206890,P021,light_pressure,QUALITY,,,,866,4758677,101181,96908,101282.77,96671.41,-101.77,236.59,341.67,1021.56,True,True,720.0,True,0.7525,95.24,91.9,True,0,COLLECTING,0,,0,,,,,2,98,100,30,60,0.9998024804930222,0.17320508075688776
2026-08-31T22:06:07.655,125206906,P021,light_pressure,QUALITY,,,,867,4758727,101065,96696,101278.41,96671.91,-213.41,24.09,262.27,1006.37,False,False,nan,True,0.7525,95.24,91.9,True,0,COLLECTING,0,,0,,,,,2,98,100,30,60,0.9998024804930222,0.17320508075688776
2026-08-31T22:06:07.664,125206921,P021,light_pressure,QUALITY,,,,868,4758767,101018,96594,101273.2,96670.35,-255.2,-76.35,177.62,989.8,False,False,nan,True,0.7525,95.24,91.9,True,0,COLLECTING,0,,0,,,,,2,98,100,30,60,0.9998024804930222,0.17320508075688776
2026-08-31T22:06:07.673,125206921,P021,light_pressure,QUALITY,,,,869,4758797,101037,96639,101268.48,96669.73,-231.48,-30.73,125.53,972.51,False,False,nan,True,0.7525,95.24,91.9,True,0,COLLECTING,0,,0,,,,,2,98,100,30,60,0.9998024804930222,0.17320508075688776
2026-08-31T22:06:07.697,125206953,P021,light_pressure,QUALITY,,,,870,4758837,101062,96703,101264.34,96670.39,-202.34,32.61,102.3,955.11,False,False,nan,True,0.7525,95.24,91.9,True,0,COLLECTING,0,,0,,,,,2,98,100,30,60,0.9998024804930222,0.17320508075688776
2026-08-31T22:06:07.843,125207093,P021,light_pressure,QUALITY,,,,871,4758877,101071,96707,101260.48,96671.12,-189.48,35.88,85.69,937.72,False,False,nan,True,0.7525,95.24,91.9,True,0,COLLECTING,0,,0,,,,,3,98,100,30,60,0.9998024804930222,0.17320508075688776
2026-08-31T22:06:07.854,125207109,P021,light_pressure,QUALITY,,,,872,4758927,101051,96687,101256.29,96671.45,-205.29,15.55,68.16,920.33,False,False,nan,True,0.7525,95.24,91.9,True,0,COLLECTING,0,,0,,,,,3,98,100,30,60,0.9998024804930222,0.17320508075688776
2026-08-31T22:06:07.862,125207109,P021,light_pressure,QUALITY,,,,873,4758967,101037,96651,101251.91,96671.04,-214.91,-20.04,46.11,902.85,False,False,nan,True,0.7525,95.24,91.9,True,0,COLLECTING,0,,0,,,,,3,98,100,30,60,0.9998024804930222,0.17320508075688776
2026-08-31T22:06:07.872,125207125,P021,light_pressure,QUALITY,,,,874,4758997,100998,96607,101246.83,96669.76,-248.83,-62.76,18.89,885.17,False,False,nan,True,0.7525,95.24,91.9,True,0,COLLECTING,0,,0,,,,,3,98,100,30,60,0.9998024804930222,0.17320508075688776
2026-08-31T22:06:07.907,125207156,P021,light_pressure,QUALITY,,,,875,4759047,100983,96543,101241.55,96667.23,-258.55,-124.23,-16.89,867.8,False,False,nan,True,0.7525,95.24,91.9,True,0,COLLECTING,0,,0,,,,,3,98,100,30,60,0.9998024804930222,0.17320508075688776
2026-08-31T22:06:08.043,125207296,P021,light_pressure,QUALITY,,,,876,4759087,101000,96569,101236.73,96665.27,-236.73,-96.27,-36.73,851.18,False,False,nan,True,0.7525,95.24,91.9,True,0,COLLECTING,0,,0,,,,,3,98,100,30,60,0.9995809121827007,0.17320508075688776
2026-08-31T22:06:08.055,125207312,P021,light_pressure,QUALITY,,,,877,4759127,101014,96569,101232.27,96663.34,-218.27,-94.34,-51.13,835.18,False,False,nan,True,0.7525,95.24,91.9,True,0,COLLECTING,0,,0,,,,,3,98,100,30,60,0.9995809121827007,0.17320508075688776
2026-08-31T22:06:08.062,125207312,P021,light_pressure,QUALITY,,,,878,4759167,101013,96636,101227.89,96662.8,-214.89,-26.8,-45.05,819.38,False,False,nan,True,0.7525,95.24,91.9,True,0,COLLECTING,0,,0,,,,,3,98,100,30,60,0.9995809121827007,0.17320508075688776
2026-08-31T22:06:08.073,125207328,P021,light_pressure,QUALITY,,,,879,4759207,101006,96566,101223.45,96660.86,-217.45,-94.86,-57.5,804.14,False,False,nan,True,0.7525,95.24,91.9,True,0,COLLECTING,0,,0,,,,,3,98,100,30,60,0.9995809121827007,0.17320508075688776
2026-08-31T22:06:08.107,125207359,P021,light_pressure,QUALITY,,,,880,4759247,101006,96616,101219.1,96659.96,-213.1,-43.96,-54.12,789.14,False,False,nan,True,0.7525,95.24,91.9,True,0,COLLECTING,0,,0,,,,,3,98,100,30,60,0.9995809121827007,0.17320508075688776
2026-08-31T22:06:08.245,125207500,P021,light_pressure,QUALITY,,,,881,4759287,100990,96601,101214.52,96658.78,-224.52,-57.78,-55.03,774.46,False,False,nan,True,0.7525,95.24,91.9,True,0,COLLECTING,0,,0,,,,,3,98,100,30,60,0.9995809121827007,0.17320508075688776
2026-08-31T22:06:08.253,125207500,P021,light_pressure,QUALITY,,,,882,4759327,100979,96582,101209.81,96657.24,-230.81,-75.24,-60.09,760.17,False,False,nan,True,0.7525,95.24,91.9,True,0,COLLECTING,0,,0,,,,,3,98,100,30,60,0.9995809121827007,0.17320508075688776
2026-08-31T22:06:08.263,125207515,P021,light_pressure,QUALITY,,,,883,4759367,100976,96561,101205.13,96655.32,-229.13,-94.32,-68.64,746.34,False,False,nan,True,0.7525,95.24,91.9,True,0,COLLECTING,0,,0,,,,,3,98,100,30,60,0.9995809121827007,0.17320508075688776
2026-08-31T22:06:08.272,125207515,P021,light_pressure,QUALITY,,,,884,4759407,100915,96496,101199.33,96652.13,-284.33,-156.13,-90.52,733.22,False,False,nan,True,0.7525,95.24,91.9,True,0,COLLECTING,0,,0,,,,,3,98,100,30,60,0.9995809121827007,0.17320508075688776
2026-08-31T22:06:08.308,125207562,P021,light_pressure,QUALITY,,,,885,4759447,100850,96319,101192.34,96645.47,-342.34,-326.47,-149.5,721.55,False,False,nan,True,0.7525,95.24,91.9,True,0,COLLECTING,0,,0,,,,,3,98,100,30,60,0.9995809121827007,0.17320508075688776
2026-08-31T22:06:08.443,125207687,P021,light_pressure,QUALITY,,,,886,4759487,100875,96313,101186.0,96638.82,-311.0,-325.82,-193.58,710.99,False,False,nan,True,0.7525,95.24,91.9,True,0,COLLECTING,0,,0,,,,,3,98,100,30,60,1.0002029793996816,0.17320508075688776
2026-08-31T22:06:08.453,125207703,P021,light_pressure,QUALITY,,,,887,4759527,100912,96429,101180.52,96634.62,-268.52,-205.62,-196.59,700.7,False,False,nan,True,0.7525,95.24,91.9,True,0,COLLECTING,0,,0,,,,,3,98,100,30,60,1.0002029793996816,0.17320508075688776
2026-08-31T22:06:08.462,125207718,P021,light_pressure,QUALITY,,,,888,4759567,100949,96515,101175.89,96632.23,-226.89,-117.23,-176.75,690.22,False,False,nan,True,0.7525,95.24,91.9,True,0,COLLECTING,0,,0,,,,,3,98,100,30,60,1.0002029793996816,0.17320508075688776
2026-08-31T22:06:08.473,125207718,P021,light_pressure,QUALITY,,,,889,4759607,100962,96486,101171.61,96629.31,-209.61,-143.31,-168.39,679.79,False,False,nan,True,0.7525,95.24,91.9,True,0,COLLECTING,0,,0,,,,,3,98,100,30,60,1.0002029793996816,0.17320508075688776
2026-08-31T22:06:08.507,125207765,P021,light_pressure,QUALITY,,,,890,4759647,100939,96520,101166.96,96627.12,-227.96,-107.12,-153.08,669.25,False,False,nan,True,0.7525,95.24,91.9,True,0,COLLECTING,0,,0,,,,,3,98,100,30,60,1.0002029793996816,0.17320508075688776
2026-08-31T22:06:08.644,125207890,P021,light_pressure,QUALITY,,,,891,4759687,100965,96535,101162.92,96625.28,-197.92,-90.28,-137.38,658.61,False,False,nan,True,0.7525,95.24,91.9,True,0,COLLECTING,0,,0,,,,,3,98,100,30,60,0.9998024804930222,0.17320508075688776
2026-08-31T22:06:08.655,125207906,P021,light_pressure,QUALITY,,,,892,4759727,101016,96575,101159.98,96624.27,-143.98,-49.27,-115.35,647.75,False,False,nan,True,0.7525,95.24,91.9,True,0,COLLECTING,0,,0,,,,,3,98,100,30,60,0.9998024804930222,0.17320508075688776
2026-08-31T22:06:08.664,125207921,P021,light_pressure,QUALITY,,,,893,4759767,101019,96642,101157.16,96624.62,-138.16,17.38,-82.17,636.44,False,False,nan,True,0.7525,95.24,91.9,True,0,COLLECTING,0,,0,,,,,3,98,100,30,60,0.9998024804930222,0.17320508075688776
2026-08-31T22:06:08.672,125207921,P021,light_pressure,QUALITY,,,,894,4759807,101047,96605,101154.96,96624.23,-107.96,-19.23,-66.44,625.04,False,False,nan,True,0.7525,95.24,91.9,True,0,COLLECTING,0,,0,,,,,3,98,100,30,60,0.9998024804930222,0.17320508075688776
2026-08-31T22:06:08.707,125207953,P021,light_pressure,QUALITY,,,,895,4759847,101007,96598,101152.0,96623.71,-145.0,-25.71,-56.25,613.66,False,False,nan,True,0.7525,95.24,91.9,True,0,COLLECTING,0,,0,,,,,3,98,100,30,60,0.9998024804930222,0.17320508075688776
2026-08-31T22:06:08.845,125208093,P021,light_pressure,QUALITY,,,,896,4759887,100994,96605,101148.84,96623.34,-154.84,-18.34,-46.78,602.32,False,False,nan,True,0.7525,95.24,91.9,True,0,COLLECTING,0,,0,,,,,3,98,100,30,60,0.9998024804930222,0.17320508075688776
2026-08-31T22:06:08.855,125208109,P021,light_pressure,QUALITY,,,,897,4759927,101010,96673,101146.07,96624.33,-136.07,48.67,-22.91,590.74,False,False,nan,True,0.7525,95.24,91.9,True,0,COLLECTING,0,,0,,,,,3,98,100,30,60,0.9998024804930222,0.17320508075688776
2026-08-31T22:06:08.862,125208109,P021,light_pressure,QUALITY,,,,898,4759967,101001,96705,101143.17,96625.95,-142.17,79.05,2.58,578.97,False,False,nan,True,0.7525,95.24,91.9,True,0,COLLECTING,0,,0,,,,,3,98,100,30,60,0.9998024804930222,0.17320508075688776
2026-08-31T22:06:08.872,125208125,P021,light_pressure,QUALITY,,,,899,4760007,101024,96726,101140.79,96627.95,-116.79,98.05,26.45,567.92,False,False,nan,True,0.7525,95.24,91.9,True,0,COLLECTING,0,,0,,,,,3,98,100,30,60,0.9998024804930222,0.17320508075688776
2026-08-31T22:06:08.907,125208156,P021,light_pressure,QUALITY,,,,900,4760047,100987,96712,101137.71,96629.62,-150.71,82.38,40.43,557.37,False,False,nan,True,0.7525,95.24,91.9,True,0,COLLECTING,0,,0,,,,,3,98,100,30,60,0.9998024804930222,0.17320508075688776
2026-08-31T22:06:09.044,125208296,P021,light_pressure,QUALITY,,,,901,4760087,100982,96706,101134.59,96631.16,-152.59,74.84,49.03,547.2,False,False,nan,True,0.7525,95.24,91.9,True,0,COLLECTING,0,,0,,,,,3,98,100,30,60,0.9998024804930222,0.17320508075688776
2026-08-31T22:06:09.055,125208312,P021,light_pressure,QUALITY,,,,902,4760127,100983,96705,101131.56,96632.63,-148.56,72.37,54.87,537.36,False,False,nan,True,0.7525,95.24,91.9,True,0,COLLECTING,0,,0,,,,,3,98,100,30,60,0.9998024804930222,0.17320508075688776
2026-08-31T22:06:09.063,125208312,P021,light_pressure,QUALITY,,,,903,4760167,100916,96520,101127.25,96630.38,-211.25,-110.38,13.55,526.88,False,False,nan,True,0.7525,95.24,91.9,True,0,COLLECTING,0,,0,,,,,3,98,100,30,60,0.9998024804930222,0.17320508075688776
2026-08-31T22:06:09.073,125208328,P021,light_pressure,QUALITY,,,,904,4760207,100860,96470,101121.91,96627.17,-261.91,-157.17,-29.13,516.93,False,False,nan,True,0.7525,95.24,91.9,True,0,COLLECTING,0,,0,,,,,3,98,100,30,60,0.9998024804930222,0.17320508075688776
2026-08-31T22:06:09.107,125208359,P021,light_pressure,QUALITY,,,,905,4760247,100881,96444,101117.09,96623.51,-236.09,-179.51,-66.72,507.92,False,False,nan,True,0.7525,95.24,91.9,True,0,COLLECTING,0,,0,,,,,3,98,100,30,60,0.9998024804930222,0.17320508075688776
2026-08-31T22:06:09.244,125208500,P021,light_pressure,QUALITY,,,,906,4760287,100983,96551,101114.41,96622.05,-131.41,-71.05,-67.81,499.12,False,False,nan,True,0.7525,95.24,91.9,True,0,COLLECTING,0,,0,,,,,3,98,100,30,60,0.9998024804930222,0.17320508075688776
2026-08-31T22:06:09.257,125208515,P021,light_pressure,QUALITY,,,,907,4760327,101027,96641,101112.66,96622.43,-85.66,18.57,-46.21,490.06,False,False,nan,True,0.7525,95.24,91.9,True,0,COLLECTING,0,,0,,,,,3,98,100,30,60,0.9998024804930222,0.17320508075688776
2026-08-31T22:06:09.267,125208515,P021,light_pressure,QUALITY,,,,908,4760367,101036,96660,101111.12,96623.18,-75.12,36.82,-25.45,480.77,False,False,nan,True,0.7525,95.24,91.9,True,0,COLLECTING,0,,0,,,,,3,98,100,30,60,0.9998024804930222,0.17320508075688776
2026-08-31T22:06:09.275,125208531,P021,light_pressure,QUALITY,,,,909,4760407,101267,96849,101114.24,96627.7,152.76,221.3,36.24,471.88,False,False,nan,True,0.7525,95.24,91.9,True,0,COLLECTING,0,,0,,,,,3,98,100,30,60,0.9998024804930222,0.17320508075688776
2026-08-31T22:06:09.307,125208562,P021,light_pressure,QUALITY,,,,910,4760447,101488,97049,101121.72,96636.12,366.28,412.88,130.4,465.05,False,False,nan,True,0.7525,95.24,91.9,True,0,COLLECTING,0,,0,,,,,3,98,100,30,60,0.9998024804930222,0.17320508075688776
2026-08-31T22:06:09.444,125208687,P021,light_pressure,QUALITY,,,,911,4760487,101576,97167,101130.8,96646.74,445.2,520.26,227.86,460.31,False,False,nan,True,0.7525,95.24,91.9,True,0,COLLECTING,0,,0,,,,,3,98,100,30,60,1.0002029793996816,0.17320508075688776
2026-08-31T22:06:09.456,125208703,P021,light_pressure,QUALITY,,,,912,4760527,101667,97214,101141.53,96658.09,525.47,555.91,309.87,457.3,False,False,nan,True,0.7525,95.24,91.9,True,0,COLLECTING,0,,0,,,,,3,98,100,30,60,1.0002029793996816,0.17320508075688776
2026-08-31T22:06:09.464,125208718,P021,light_pressure,QUALITY,,,,913,4760567,101803,97410,101154.76,96673.12,648.24,736.88,416.62,456.48,False,False,nan,True,0.7525,95.24,91.9,True,0,COLLECTING,0,,0,,,,,3,98,100,30,60,1.0002029793996816,0.17320508075688776
2026-08-31T22:06:09.472,125208718,P021,light_pressure,QUALITY,,,,914,4760607,101818,97421,101168.02,96688.09,649.98,732.91,495.7,457.27,False,False,nan,True,0.7525,95.24,91.9,True,0,COLLECTING,0,,0,,,,,3,98,100,30,60,1.0002029793996816,0.17320508075688776
2026-08-31T22:06:09.507,125208765,P021,light_pressure,QUALITY,,,,915,4760647,101854,97460,101181.74,96703.52,672.26,756.48,560.89,459.34,False,False,nan,True,0.7525,95.24,91.9,True,0,COLLECTING,0,,0,,,,,3,98,100,30,60,1.0002029793996816,0.17320508075688776
2026-08-31T22:06:09.643,125208890,P021,light_pressure,QUALITY,,,,916,4760687,101891,97500,101195.93,96719.45,695.07,780.55,615.81,462.47,False,False,nan,True,0.7525,95.24,91.9,True,0,COLLECTING,0,,0,,,,,3,98,100,30,60,0.9998024804930222,0.17320508075688776
2026-08-31T22:06:09.657,125208906,P021,light_pressure,QUALITY,,,,917,4760727,101932,97515,101210.65,96735.37,721.35,779.63,656.76,466.36,False,False,nan,True,0.7525,95.24,91.9,True,0,COLLECTING,0,,0,,,,,3,98,100,30,60,0.9998024804930222,0.17320508075688776
2026-08-31T22:06:09.666,125208921,P021,light_pressure,QUALITY,,,,918,4760767,101944,97529,101225.31,96751.24,718.69,777.76,687.01,470.77,False,False,nan,True,0.7525,95.24,91.9,True,0,COLLECTING,0,,0,,,,,3,98,100,30,60,0.9998024804930222,0.17320508075688776
2026-08-31T22:06:09.675,125208921,P021,light_pressure,QUALITY,,,,919,4760807,101959,97536,101239.98,96766.94,719.02,769.06,707.52,475.5,False,False,nan,True,0.7525,95.24,91.9,True,0,COLLECTING,0,,0,,,,,3,98,100,30,60,0.9998024804930222,0.17320508075688776
2026-08-31T22:06:09.707,125208953,P021,light_pressure,QUALITY,,,,920,4760847,101968,97497,101254.55,96781.54,713.45,715.46,709.51,480.18,False,False,nan,True,0.7525,95.24,91.9,True,0,COLLECTING,0,,0,,,,,3,98,100,30,60,0.9998024804930222,0.17320508075688776
2026-08-31T22:06:09.843,125209093,P021,light_pressure,QUALITY,,,,921,4760887,101947,97502,101268.4,96795.95,678.6,706.05,708.64,484.75,True,False,nan,True,0.7525,95.24,91.9,True,0,COLLECTING,0,,0,,,,,3,98,100,30,60,0.9995809121827007,0.24494897427831783
2026-08-31T22:06:09.856,125209109,P021,light_pressure,QUALITY,,,,922,4760927,101909,97337,101281.21,96806.77,627.79,530.23,664.04,488.34,False,False,nan,True,0.7525,95.24,91.9,True,0,COLLECTING,0,,0,,,,,3,98,100,30,60,0.9995809121827007,0.24494897427831783
2026-08-31T22:06:09.865,125209109,P021,light_pressure,QUALITY,,,,923,4760967,101873,97227,101293.05,96815.17,579.95,411.83,600.99,490.59,False,False,nan,True,0.7525,95.24,91.9,True,0,COLLECTING,0,,0,,,,,3,98,100,30,60,0.9995809121827007,0.24494897427831783
2026-08-31T22:06:09.874,125209125,P021,light_pressure,QUALITY,,,,924,4761007,101894,97225,101305.06,96823.37,588.94,401.63,551.15,491.8,False,False,nan,True,0.7525,95.24,91.9,True,0,COLLECTING,0,,0,,,,,3,98,100,30,60,0.9995809121827007,0.24494897427831783
2026-08-31T22:06:09.909,125209156,P021,light_pressure,QUALITY,,,,925,4761047,101949,97277,101317.94,96832.44,631.06,444.56,524.5,492.46,False,False,nan,True,0.7525,95.24,91.9,True,0,COLLECTING,0,,0,,,,,3,98,100,30,60,0.9995809121827007,0.24494897427831783
2026-08-31T22:06:10.045,125209296,P021,light_pressure,QUALITY,,,,926,4761087,101975,97292,101331.08,96841.62,643.92,450.38,505.97,492.73,False,False,nan,True,0.7525,95.24,91.9,True,0,COLLECTING,0,,0,,,,,3,98,100,30,60,0.9989134096607173,0.17320508075688776
2026-08-31T22:06:10.058,125209312,P021,light_pressure,QUALITY,,,,927,4761127,102002,97354,101344.5,96851.88,657.5,502.12,505.01,492.97,False,False,nan,True,0.7525,95.24,91.9,True,0,COLLECTING,0,,0,,,,,3,98,100,30,60,0.9989134096607173,0.17320508075688776
2026-08-31T22:06:10.066,125209312,P021,light_pressure,QUALITY,,,,928,4761167,101980,97354,101357.21,96861.91,622.79,492.09,501.78,493.15,False,False,nan,True,0.7525,95.24,91.9,True,0,COLLECTING,0,,0,,,,,3,98,100,30,60,0.9989134096607173,0.17320508075688776
2026-08-31T22:06:10.074,125209328,P021,light_pressure,QUALITY,,,,929,4761207,102030,97360,101370.66,96871.88,659.34,488.12,498.37,493.25,False,False,nan,True,0.7525,95.24,91.9,True,0,COLLECTING,0,,0,,,,,3,98,100,30,60,0.9989134096607173,0.17320508075688776
2026-08-31T22:06:10.107,125209359,P021,light_pressure,QUALITY,,,,930,4761247,101996,97389,101383.17,96882.22,612.83,506.78,500.47,493.4,False,False,nan,True,0.7525,95.24,91.9,True,0,COLLECTING,0,,0,,,,,3,98,100,30,60,0.9989134096607173,0.17320508075688776
2026-08-31T22:06:10.245,125209500,P021,light_pressure,QUALITY,,,,931,4761287,102042,97433,101396.35,96893.23,645.65,539.77,510.29,493.74,False,False,nan,True,0.7525,95.24,91.9,True,0,COLLECTING,0,,0,,,,,3,98,100,30,60,0.9998024804930222,0.17320508075688776
2026-08-31T22:06:10.255,125209500,P021,light_pressure,QUALITY,,,,932,4761327,102029,97466,101409.01,96904.69,619.99,561.31,523.05,494.32,False,False,nan,True,0.7525,95.24,91.9,True,0,COLLECTING,0,,0,,,,,3,98,100,30,60,0.9998024804930222,0.17320508075688776
2026-08-31T22:06:10.263,125209515,P021,light_pressure,QUALITY,,,,933,4761367,102108,97528,101422.98,96917.16,685.02,610.84,545.0,495.34,False,False,nan,True,0.7525,95.24,91.9,True,0,COLLECTING,0,,0,,,,,3,98,100,30,60,0.9998024804930222,0.17320508075688776
2026-08-31T22:06:10.272,125209515,P021,light_pressure,QUALITY,,,,934,4761407,102111,97566,101436.74,96930.13,674.26,635.87,567.71,496.78,False,False,nan,True,0.7525,95.24,91.9,True,0,COLLECTING,0,,0,,,,,3,98,100,30,60,0.9998024804930222,0.17320508075688776
2026-08-31T22:06:10.309,125209562,P021,light_pressure,QUALITY,,,,935,4761447,102162,97594,101451.25,96943.41,710.75,650.59,588.43,498.62,False,False,nan,True,0.7525,95.24,91.9,True,0,COLLECTING,0,,0,,,,,3,98,100,30,60,0.9998024804930222,0.17320508075688776
2026-08-31T22:06:10.444,125209687,P021,light_pressure,QUALITY,,,,936,4761487,102186,97605,101465.95,96956.64,720.05,648.36,603.42,500.71,False,False,nan,True,0.7525,95.24,91.9,True,0,COLLECTING,0,,0,,,,,3,98,100,30,60,1.0002029793996816,0.24494897427831783
2026-08-31T22:06:10.455,125209703,P021,light_pressure,QUALITY,,,,937,4761527,102165,97610,101479.93,96969.71,685.07,640.29,612.63,502.95,False,False,nan,True,0.7525,95.24,91.9,True,0,COLLECTING,0,,0,,,,,3,98,100,30,60,1.0002029793996816,0.24494897427831783
2026-08-31T22:06:10.464,125209718,P021,light_pressure,QUALITY,,,,938,4761567,102229,97671,101494.91,96983.73,734.09,687.27,631.29,505.52,False,False,nan,True,0.7525,95.24,91.9,True,0,COLLECTING,0,,0,,,,,3,98,100,30,60,1.0002029793996816,0.24494897427831783
2026-08-31T22:06:10.472,125209718,P021,light_pressure,QUALITY,,,,939,4761607,102238,97725,101509.77,96998.56,728.23,726.44,655.08,508.51,False,False,nan,True,0.7525,95.24,91.9,True,0,COLLECTING,0,,0,,,,,3,98,100,30,60,1.0002029793996816,0.24494897427831783
2026-08-31T22:06:10.509,125209765,P021,light_pressure,QUALITY,,,,940,4761647,102213,97620,101523.84,97010.99,689.16,609.01,643.56,511.21,True,True,760.0,True,0.7724,90.23,91.9,True,0,COLLECTING,0,,0,,,,,3,98,100,30,60,1.0002029793996816,0.24494897427831783
2026-08-31T22:06:10.643,125209890,P021,light_pressure,QUALITY,,,,941,4761687,102121,97468,101535.78,97020.13,585.22,447.87,594.64,512.88,False,False,nan,True,0.7724,90.23,91.9,True,0,COLLECTING,0,,0,,,,,4,98,100,30,60,0.9998024804930222,0.17320508075688776
2026-08-31T22:06:10.656,125209906,P021,light_pressure,QUALITY,,,,942,4761727,102139,97465,101547.84,97029.03,591.16,435.97,554.97,513.72,False,False,nan,True,0.7724,90.23,91.9,True,0,COLLECTING,0,,0,,,,,4,98,100,30,60,0.9998024804930222,0.17320508075688776
2026-08-31T22:06:10.665,125209921,P021,light_pressure,QUALITY,,,,943,4761767,102192,97575,101560.73,97039.95,631.27,535.05,549.99,514.45,False,False,nan,True,0.7724,90.23,91.9,True,0,COLLECTING,0,,0,,,,,4,98,100,30,60,0.9998024804930222,0.17320508075688776
2026-08-31T22:06:10.674,125209921,P021,light_pressure,QUALITY,,,,944,4761807,102256,97648,101574.63,97052.12,681.37,595.88,561.46,515.39,False,False,nan,True,0.7724,90.23,86.21,True,0,COLLECTING,0,,0,,,,,4,98,100,30,60,0.9998024804930222,0.17320508075688776
2026-08-31T22:06:10.708,125209953,P021,light_pressure,QUALITY,,,,945,4761847,102280,97718,101588.74,97065.44,691.26,652.56,584.24,516.76,False,False,nan,True,0.7724,90.23,86.21,True,0,COLLECTING,0,,0,,,,,4,98,100,30,60,0.9998024804930222,0.17320508075688776
2026-08-31T22:06:10.845,125210093,P021,light_pressure,QUALITY,,,,946,4761887,102288,97744,101602.73,97079.01,685.27,664.99,604.43,518.52,False,False,nan,True,0.7724,90.23,86.21,True,0,COLLECTING,0,,0,,,,,4,98,100,30,60,0.9998024804930222,0.17320508075688776
2026-08-31T22:06:10.856,125210109,P021,light_pressure,QUALITY,,,,947,4761927,102301,97729,101616.7,97092.01,684.3,636.99,612.57,520.4,False,False,nan,True,0.7724,90.23,86.21,True,0,COLLECTING,0,,0,,,,,4,98,100,30,60,0.9998024804930222,0.17320508075688776
2026-08-31T22:06:10.866,125210109,P021,light_pressure,QUALITY,,,,948,4761967,102285,97725,101630.06,97104.66,654.94,620.34,614.51,522.28,False,False,nan,True,0.7724,90.23,86.21,True,0,COLLECTING,0,,0,,,,,4,98,100,30,60,0.9998024804930222,0.17320508075688776
2026-08-31T22:06:10.876,125210125,P021,light_pressure,QUALITY,,,,949,4762007,102303,97747,101643.52,97117.51,659.48,629.49,618.26,524.2,False,False,nan,True,0.7724,90.23,86.21,True,0,COLLECTING,0,,0,,,,,4,98,100,30,60,0.9998024804930222,0.17320508075688776
2026-08-31T22:06:10.907,125210156,P021,light_pressure,QUALITY,,,,950,4762047,102305,97782,101656.75,97130.8,648.25,651.2,626.49,526.24,False,False,nan,True,0.7724,90.23,86.21,True,0,COLLECTING,0,,0,,,,,4,98,100,30,60,0.9998024804930222,0.17320508075688776
2026-08-31T22:06:11.044,125210296,P021,light_pressure,QUALITY,,,,951,4762087,102314,97809,101669.9,97144.36,644.1,664.64,636.03,528.44,False,False,nan,True,0.7724,90.23,86.21,True,0,COLLECTING,0,,0,,,,,4,98,100,30,60,0.9998024804930222,0.17320508075688776
2026-08-31T22:06:11.056,125210312,P021,light_pressure,QUALITY,,,,952,4762127,102321,97850,101682.92,97158.47,638.08,691.53,649.9,530.87,False,False,nan,True,0.7724,90.23,86.21,True,0,COLLECTING,0,,0,,,,,4,98,100,30,60,0.9998024804930222,0.17320508075688776
2026-08-31T22:06:11.065,125210312,P021,light_pressure,QUALITY,,,,953,4762167,102357,97877,101696.41,97172.84,660.59,704.16,663.47,533.52,False,False,nan,True,0.7724,90.23,86.21,True,0,COLLECTING,0,,0,,,,,4,98,100,30,60,0.9998024804930222,0.17320508075688776
2026-08-31T22:06:11.074,125210328,P021,light_pressure,QUALITY,,,,954,4762207,102349,97895,101709.46,97187.28,639.54,707.72,674.53,536.34,False,False,nan,True,0.7724,90.23,86.21,True,0,COLLECTING,0,,0,,,,,4,98,100,30,60,0.9998024804930222,0.17320508075688776
2026-08-31T22:06:11.108,125210359,P021,light_pressure,QUALITY,,,,955,4762247,102339,97894,101722.05,97201.41,616.95,692.59,679.05,539.2,False,False,nan,True,0.7724,90.23,86.21,True,0,COLLECTING,0,,0,,,,,4,98,100,30,60,0.9998024804930222,0.17320508075688776
2026-08-31T22:06:11.243,125210500,P021,light_pressure,QUALITY,,,,956,4762287,102323,97887,101734.07,97215.12,588.93,671.88,677.25,541.96,True,True,640.0,True,0.8188,86.33,86.21,True,0,COLLECTING,0,,0,,,,,4,98,100,30,60,0.9995809121827007,0.17320508075688776
2026-08-31T22:06:11.255,125210500,P021,light_pressure,QUALITY,,,,957,4762327,102316,97879,101745.71,97228.41,570.29,650.59,670.59,544.53,False,False,nan,True,0.8188,86.33,86.21,True,0,COLLECTING,0,,0,,,,,4,98,100,30,60,0.9995809121827007,0.17320508075688776
2026-08-31T22:06:11.263,125210515,P021,light_pressure,QUALITY,,,,958,4762367,102275,97805,101756.3,97239.94,518.7,565.06,644.21,546.52,False,False,nan,True,0.8188,86.33,86.21,True,0,COLLECTING,0,,0,,,,,4,98,100,30,60,0.9995809121827007,0.17320508075688776
2026-08-31T22:06:11.273,125210531,P021,light_pressure,QUALITY,,,,959,4762407,102178,97599,101764.73,97247.12,413.27,351.88,571.13,547.02,False,False,nan,True,0.8188,86.33,86.21,True,0,COLLECTING,0,,0,,,,,4,98,100,30,60,0.9995809121827007,0.17320508075688776
2026-08-31T22:06:11.307,125210562,P021,light_pressure,QUALITY,,,,960,4762447,102096,97479,101771.36,97251.76,324.64,227.24,485.15,545.78,False,False,nan,True,0.8188,86.33,86.21,True,0,COLLECTING,0,,0,,,,,4,98,100,30,60,0.9995809121827007,0.17320508075688776
2026-08-31T22:06:11.444,125210687,P021,light_pressure,QUALITY,,,,961,4762487,102116,97481,101778.25,97256.34,337.75,224.66,420.03,543.26,False,False,nan,True,0.8188,86.33,86.21,True,0,COLLECTING,0,,0,,,,,5,98,100,30,60,0.9998024804930222,0.17320508075688776
2026-08-31T22:06:11.454,125210703,P021,light_pressure,QUALITY,,,,962,4762527,102141,97527,101785.51,97261.76,355.49,265.24,381.33,540.02,False,False,nan,True,0.8188,86.33,86.21,True,0,COLLECTING,0,,0,,,,,5,98,100,30,60,0.9998024804930222,0.17320508075688776
2026-08-31T22:06:11.463,125210718,P021,light_pressure,QUALITY,,,,963,4762567,102164,97551,101793.08,97267.54,370.92,283.46,356.87,536.36,False,False,nan,True,0.8188,86.33,86.21,True,0,COLLECTING,0,,0,,,,,5,98,100,30,60,0.9998024804930222,0.17320508075688776
2026-08-31T22:06:11.472,125210718,P021,light_pressure,QUALITY,,,,964,4762607,102202,97619,101801.26,97274.57,400.74,344.43,353.76,532.71,False,False,nan,True,0.8188,86.33,86.21,True,0,COLLECTING,0,,0,,,,,5,98,100,30,60,0.9998024804930222,0.17320508075688776
2026-08-31T22:06:11.508,125210765,P021,light_pressure,QUALITY,,,,965,4762647,102218,97663,101809.59,97282.34,408.41,380.66,360.48,529.26,False,False,nan,True,0.8188,86.33,86.21,True,0,COLLECTING,0,,0,,,,,5,98,100,30,60,0.9998024804930222,0.17320508075688776
2026-08-31T22:06:11.645,125210890,P021,light_pressure,QUALITY,,,,966,4762687,102235,97695,101818.1,97290.59,416.9,404.41,371.47,526.11,False,False,nan,True,0.8188,86.33,86.21,True,0,COLLECTING,0,,0,,,,,5,98,100,30,60,0.9998024804930222,0.17320508075688776
2026-08-31T22:06:11.655,125210906,P021,light_pressure,QUALITY,,,,967,4762727,102249,97734,101826.72,97299.45,422.28,434.55,387.24,523.33,False,False,nan,True,0.8188,86.33,86.21,True,0,COLLECTING,0,,0,,,,,5,98,100,30,60,0.9998024804930222,0.17320508075688776
2026-08-31T22:06:11.664,125210921,P021,light_pressure,QUALITY,,,,968,4762767,102285,97807,101835.88,97309.6,449.12,497.4,414.78,521.16,False,False,nan,True,0.8188,86.33,86.21,True,0,COLLECTING,0,,0,,,,,5,98,100,30,60,0.9998024804930222,0.17320508075688776
2026-08-31T22:06:11.672,125210921,P021,light_pressure,QUALITY,,,,969,4762807,102304,97863,101845.24,97320.67,458.76,542.33,446.66,519.67,False,False,nan,True,0.8188,86.33,86.21,True,0,COLLECTING,0,,0,,,,,5,98,100,30,60,0.9998024804930222,0.17320508075688776
2026-08-31T22:06:11.707,125210953,P021,light_pressure,QUALITY,,,,970,4762847,102340,97918,101855.14,97332.62,484.86,585.38,481.34,518.9,False,False,nan,True,0.8188,86.33,86.21,True,0,COLLECTING,0,,0,,,,,5,98,100,30,60,0.9998024804930222,0.17320508075688776
2026-08-31T22:06:11.845,125211093,P021,light_pressure,QUALITY,,,,971,4762887,102366,97971,101865.36,97345.38,500.64,625.62,517.41,518.87,False,False,nan,True,0.8188,86.33,86.21,True,0,COLLECTING,0,,0,,,,,5,98,100,30,60,0.9995809121827007,0.17320508075688776
2026-08-31T22:06:11.853,125211109,P021,light_pressure,QUALITY,,,,972,4762927,102366,98014,101875.38,97358.76,490.62,655.24,551.87,519.53,False,False,nan,True,0.8188,86.33,86.21,True,0,COLLECTING,0,,0,,,,,5,98,100,30,60,0.9995809121827007,0.17320508075688776
2026-08-31T22:06:11.863,125211109,P021,light_pressure,QUALITY,,,,973,4762967,102387,98047,101885.61,97372.52,501.39,674.48,582.52,520.79,False,False,nan,True,0.8188,86.33,86.21,True,0,COLLECTING,0,,0,,,,,5,98,100,30,60,0.9995809121827007,0.17320508075688776
2026-08-31T22:06:11.873,125211125,P021,light_pressure,QUALITY,,,,974,4763007,102383,98058,101895.55,97386.23,487.45,671.77,604.83,522.47,False,False,nan,True,0.8188,86.33,86.21,True,0,COLLECTING,0,,0,,,,,5,98,100,30,60,0.9995809121827007,0.17320508075688776
2026-08-31T22:06:11.907,125211156,P021,light_pressure,QUALITY,,,,975,4763047,102393,98101,101905.5,97400.53,487.5,700.47,628.74,524.6,False,False,nan,True,0.8188,86.33,86.21,True,0,COLLECTING,0,,0,,,,,5,98,100,30,60,0.9995809121827007,0.17320508075688776
2026-08-31T22:06:12.044,125211296,P021,light_pressure,QUALITY,,,,976,4763087,102421,98155,101915.81,97415.62,505.19,739.38,656.4,527.24,False,False,nan,True,0.8188,86.33,86.21,True,0,COLLECTING,0,,0,,,,,5,98,100,30,60,0.9998024804930222,0.17320508075688776
2026-08-31T22:06:12.056,125211312,P021,light_pressure,QUALITY,,,,977,4763127,102419,98155,101925.88,97430.41,493.12,724.59,673.45,530.16,False,False,nan,True,0.8188,86.33,86.21,True,0,COLLECTING,0,,0,,,,,5,98,100,30,60,0.9998024804930222,0.17320508075688776
2026-08-31T22:06:12.065,125211312,P021,light_pressure,QUALITY,,,,978,4763167,102334,98000,101934.04,97441.8,399.96,558.2,644.64,532.45,True,True,880.0,True,0.8614,80.0,86.21,True,0,COLLECTING,0,,0,,,,,5,98,100,30,60,0.9998024804930222,0.17320508075688776
2026-08-31T22:06:12.074,125211328,P021,light_pressure,QUALITY,,,,979,4763207,102246,97819,101940.28,97449.34,305.72,369.66,575.89,533.32,False,False,nan,True,0.8614,80.0,86.21,True,0,COLLECTING,0,,0,,,,,5,98,100,30,60,0.9998024804930222,0.17320508075688776
2026-08-31T22:06:12.108,125211359,P021,light_pressure,QUALITY,,,,980,4763247,102222,97785,101945.91,97456.05,276.09,328.95,514.16,532.94,False,False,nan,True,0.8614,80.0,86.21,True,0,COLLECTING,0,,0,,,,,5,98,100,30,60,0.9998024804930222,0.17320508075688776
2026-08-31T22:06:12.244,125211500,P021,light_pressure,QUALITY,,,,981,4763287,102252,97847,101952.04,97463.88,299.96,383.12,481.4,531.9,False,False,nan,True,0.8614,80.0,86.21,True,0,COLLECTING,0,,0,,,,,6,98,100,30,60,0.9998024804930222,0.24494897427831783
2026-08-31T22:06:12.255,125211500,P021,light_pressure,QUALITY,,,,982,4763327,102252,97853,101958.04,97471.66,293.96,381.34,456.38,530.39,False,False,nan,True,0.8614,80.0,86.21,True,0,COLLECTING,0,,0,,,,,6,98,100,30,60,0.9998024804930222,0.24494897427831783
2026-08-31T22:06:12.263,125211515,P021,light_pressure,QUALITY,,,,983,4763367,102269,97881,101964.26,97479.84,304.74,401.16,442.58,528.64,False,False,nan,True,0.8614,80.0,86.21,True,0,COLLECTING,0,,0,,,,,6,98,100,30,60,0.9998024804930222,0.24494897427831783
2026-08-31T22:06:12.272,125211515,P021,light_pressure,QUALITY,,,,984,4763407,102288,97916,101970.73,97488.57,317.27,427.43,438.79,526.84,False,False,nan,True,0.8614,80.0,86.21,True,0,COLLECTING,0,,0,,,,,6,98,100,30,60,0.9998024804930222,0.24494897427831783
2026-08-31T22:06:12.307,125211562,P021,light_pressure,QUALITY,,,,985,4763447,102281,97914,101976.94,97497.08,304.06,416.92,433.32,524.97,False,False,nan,True,0.8614,80.0,86.21,True,0,COLLECTING,0,,0,,,,,6,98,100,30,60,0.9998024804930222,0.24494897427831783
2026-08-31T22:06:12.443,125211687,P021,light_pressure,QUALITY,,,,986,4763487,102269,97912,101982.78,97505.38,286.22,406.62,426.65,523.0,False,False,nan,True,0.8614,80.0,86.21,True,0,COLLECTING,0,,0,,,,,6,98,100,30,60,0.9998024804930222,0.17320508075688776
2026-08-31T22:06:12.456,125211703,P021,light_pressure,QUALITY,,,,987,4763527,102277,97909,101988.66,97513.45,288.34,395.55,418.88,520.92,False,False,nan,True,0.8614,80.0,86.21,True,0,COLLECTING,0,,0,,,,,6,98,100,30,60,0.9998024804930222,0.17320508075688776
2026-08-31T22:06:12.466,125211718,P021,light_pressure,QUALITY,,,,988,4763567,102295,97940,101994.79,97521.98,300.21,418.02,418.66,518.88,False,False,nan,True,0.8614,80.0,86.21,True,0,COLLECTING,0,,0,,,,,6,98,100,30,60,0.9998024804930222,0.17320508075688776
2026-08-31T22:06:12.473,125211718,P021,light_pressure,QUALITY,,,,989,4763607,102311,97992,102001.11,97531.38,309.89,460.62,429.15,517.08,False,False,nan,True,0.8614,80.0,86.21,True,0,COLLECTING,0,,0,,,,,6,98,100,30,60,0.9998024804930222,0.17320508075688776
2026-08-31T22:06:12.506,125211750,P021,light_pressure,QUALITY,,,,990,4763647,102333,98034,102007.75,97541.43,325.25,492.57,445.01,515.64,False,False,nan,True,0.8614,80.0,86.21,True,0,COLLECTING,0,,0,,,,,6,98,100,30,60,0.9998024804930222,0.17320508075688776
2026-08-31T22:06:12.643,125211890,P021,light_pressure,QUALITY,,,,991,4763687,102364,98083,102014.88,97552.26,349.12,530.74,466.44,514.66,False,False,nan,True,0.8614,80.0,86.21,True,0,COLLECTING,0,,0,,,,,6,98,100,30,60,0.9998024804930222,0.17320508075688776
2026-08-31T22:06:12.656,125211906,P021,light_pressure,QUALITY,,,,992,4763727,102388,98128,102022.34,97563.77,365.66,564.23,490.89,514.18,False,False,nan,True,0.8614,80.0,86.21,True,0,COLLECTING,0,,0,,,,,6,98,100,30,60,0.9998024804930222,0.17320508075688776
2026-08-31T22:06:12.669,125211921,P021,light_pressure,QUALITY,,,,993,4763767,102405,98164,102029.99,97575.78,375.01,588.22,515.22,514.2,False,False,nan,True,0.8614,80.0,86.21,True,0,COLLECTING,0,,0,,,,,6,98,100,30,60,0.9998024804930222,0.17320508075688776
2026-08-31T22:06:12.678,125211921,P021,light_pressure,QUALITY,,,,994,4763807,102425,98202,102037.89,97588.3,387.11,613.7,539.84,514.71,False,False,nan,True,0.8614,80.0,86.21,True,0,COLLECTING,0,,0,,,,,6,98,100,30,60,0.9998024804930222,0.17320508075688776
2026-08-31T22:06:12.707,125211953,P021,light_pressure,QUALITY,,,,995,4763847,102437,98211,102045.88,97600.76,391.12,610.24,557.44,515.57,False,False,nan,True,0.8614,80.0,86.21,True,0,COLLECTING,0,,0,,,,,6,98,100,30,60,0.9998024804930222,0.17320508075688776
2026-08-31T22:06:12.843,125212093,P021,light_pressure,QUALITY,,,,996,4763887,102429,98207,102053.54,97612.88,375.46,594.12,566.61,516.59,False,False,nan,True,0.8614,80.0,86.21,True,0,COLLECTING,0,,0,,,,,6,98,100,30,60,0.9998024804930222,0.17320508075688776
2026-08-31T22:06:12.854,125212109,P021,light_pressure,QUALITY,,,,997,4763927,102425,98194,102060.97,97624.51,364.03,569.49,567.33,517.6,False,False,nan,True,0.8614,80.0,86.21,True,0,COLLECTING,0,,0,,,,,6,98,100,30,60,0.9998024804930222,0.17320508075688776
2026-08-31T22:06:12.862,125212109,P021,light_pressure,QUALITY,,,,998,4763967,102362,98095,102066.99,97633.91,295.01,461.09,540.77,518.07,True,True,800.0,True,0.8628,78.95,86.21,True,0,COLLECTING,0,,0,,,,,6,98,100,30,60,0.9998024804930222,0.17320508075688776
2026-08-31T22:06:12.873,125212125,P021,light_pressure,QUALITY,,,,999,4764007,102269,97888,102071.03,97638.99,197.97,249.01,467.83,517.06,False,False,nan,True,0.8628,78.95,86.21,True,0,COLLECTING,0,,0,,,,,6,98,100,30,60,0.9998024804930222,0.17320508075688776
2026-08-31T22:06:12.907,125212156,P021,light_pressure,QUALITY,,,,1000,4764047,102227,97817,102074.15,97642.55,152.85,174.45,394.48,514.61,False,False,nan,True,0.8628,78.95,86.21,True,0,COLLECTING,0,,0,,,,,6,98,100,30,60,0.9998024804930222,0.17320508075688776
2026-08-31T22:06:13.044,125212296,P021,light_pressure,QUALITY,,,,1001,4764087,102244,97842,102077.55,97646.55,166.45,195.45,344.73,511.21,False,False,nan,True,0.8628,78.95,86.21,True,0,COLLECTING,0,,0,,,,,7,98,100,30,60,0.9998024804930222,0.17320508075688776
2026-08-31T22:06:13.054,125212296,P021,light_pressure,QUALITY,,,,1002,4764127,102253,97851,102081.05,97650.63,171.95,200.37,308.64,507.16,False,False,nan,True,0.8628,78.95,86.21,True,0,COLLECTING,0,,0,,,,,7,98,100,30,60,0.9998024804930222,0.17320508075688776
2026-08-31T22:06:13.064,125212312,P021,light_pressure,QUALITY,,,,1003,4764167,102223,97810,102083.89,97653.82,139.11,156.18,270.52,502.43,False,False,nan,True,0.8628,78.95,86.21,True,0,COLLECTING,0,,0,,,,,7,98,100,30,60,0.9998024804930222,0.17320508075688776
2026-08-31T22:06:13.072,125212328,P021,light_pressure,QUALITY,,,,1004,4764207,102219,97795,102086.59,97656.64,132.41,138.36,237.48,497.13,False,False,nan,True,0.8628,78.95,86.21,True,0,COLLECTING,0,,0,,,,,7,98,100,30,60,0.9998024804930222,0.17320508075688776
2026-08-31T22:06:13.107,125212359,P021,light_pressure,QUALITY,,,,1005,4764247,102206,97760,102088.98,97658.71,117.02,101.29,203.43,491.26,False,False,nan,True,0.8628,78.95,86.21,True,0,COLLECTING,0,,0,,,,,7,98,100,30,60,0.9998024804930222,0.17320508075688776
2026-08-31T22:06:13.244,125212500,P021,light_pressure,QUALITY,,,,1006,4764287,102188,97749,102090.96,97660.52,97.04,88.48,174.7,484.93,False,False,nan,True,0.8628,78.95,86.21,True,0,COLLECTING,0,,0,,,,,7,98,100,30,60,0.9995809121827007,0.17320508075688776
2026-08-31T22:06:13.255,125212500,P021,light_pressure,QUALITY,,,,1007,4764327,102222,97802,102093.58,97663.34,128.42,138.66,165.69,478.54,False,False,nan,True,0.8628,78.95,86.21,True,0,COLLECTING,0,,0,,,,,7,98,100,30,60,0.9995809121827007,0.17320508075688776
2026-08-31T22:06:13.264,125212515,P021,light_pressure,QUALITY,,,,1008,4764367,102275,97890,102097.2,97667.88,177.8,222.12,179.8,472.57,False,False,nan,True,0.8628,78.95,86.21,True,0,COLLECTING,0,,0,,,,,7,98,100,30,60,0.9995809121827007,0.17320508075688776
2026-08-31T22:06:13.272,125212515,P021,light_pressure,QUALITY,,,,1009,4764407,102300,97976,102101.26,97674.04,198.74,301.96,210.34,467.32,False,False,nan,True,0.8628,78.95,86.21,True,0,COLLECTING,0,,0,,,,,7,98,100,30,60,0.9995809121827007,0.17320508075688776
2026-08-31T22:06:13.308,125212562,P021,light_pressure,QUALITY,,,,1010,4764447,102331,98079,102105.85,97682.14,225.15,396.86,256.97,463.11,False,False,nan,True,0.8628,78.95,86.21,True,0,COLLECTING,0,,0,,,,,7,98,100,30,60,0.9995809121827007,0.17320508075688776
2026-08-31T22:06:13.443,125212687,P021,light_pressure,QUALITY,,,,1011,4764487,102366,98186,102111.05,97692.22,254.95,493.78,316.17,460.18,False,False,nan,True,0.8628,78.95,86.21,True,0,COLLECTING,0,,0,,,,,7,98,100,30,60,0.9995809121827007,0.17320508075688776
2026-08-31T22:06:13.457,125212703,P021,light_pressure,QUALITY,,,,1012,4764527,102406,98264,102116.95,97703.66,289.05,560.34,377.21,458.52,False,False,nan,True,0.8628,78.95,86.21,True,0,COLLECTING,0,,0,,,,,7,98,100,30,60,0.9995809121827007,0.17320508075688776
2026-08-31T22:06:13.466,125212718,P021,light_pressure,QUALITY,,,,1013,4764567,102416,98253,102122.94,97714.64,293.06,538.36,417.5,457.7,False,False,nan,True,0.8628,78.95,86.21,True,0,COLLECTING,0,,0,,,,,7,98,100,30,60,0.9995809121827007,0.17320508075688776
2026-08-31T22:06:13.476,125212734,P021,light_pressure,QUALITY,,,,1014,4764607,102350,98095,102127.48,97722.25,222.52,372.75,406.31,456.67,True,True,640.0,True,0.8628,78.95,86.21,True,0,COLLECTING,0,,0,,,,,7,98,100,30,60,0.9995809121827007,0.17320508075688776
2026-08-31T22:06:13.508,125212765,P021,light_pressure,QUALITY,,,,1015,4764647,102339,98066,102131.7,97729.12,207.3,336.88,388.95,455.31,False,False,nan,True,0.8628,78.95,86.21,True,0,COLLECTING,0,,0,,,,,7,98,100,30,60,0.9995809121827007,0.17320508075688776
2026-08-31T22:06:13.644,125212890,P021,light_pressure,QUALITY,,,,1016,4764687,102561,98578,102140.29,97746.1,420.71,831.9,499.69,456.2,False,False,nan,True,0.8628,78.95,86.21,True,0,COLLECTING,0,,0,,,,,8,98,100,30,60,0.9999814998288719,0.2
2026-08-31T22:06:13.654,125212906,P021,light_pressure,QUALITY,,,,1017,4764727,102716,98899,102151.8,97769.16,564.2,1129.84,657.23,460.22,False,False,nan,True,0.8628,78.95,86.21,True,0,COLLECTING,0,,0,,,,,8,98,100,30,60,0.9999814998288719,0.2
2026-08-31T22:06:13.666,125212921,P021,light_pressure,QUALITY,,,,1018,4764767,102733,98871,102163.43,97791.2,569.57,1079.8,762.87,466.27,False,False,nan,True,0.8628,78.95,86.21,True,0,COLLECTING,0,,0,,,,,8,98,100,30,60,0.9999814998288719,0.2
2026-08-31T22:06:13.679,125212937,P021,light_pressure,QUALITY,,,,1019,4764807,102566,98508,102171.48,97805.53,394.52,702.47,747.77,471.9,True,False,nan,True,0.8628,78.95,86.21,True,0,COLLECTING,0,,0,,,,,8,98,100,30,60,0.9999814998288719,0.2
2026-08-31T22:06:13.708,125212953,P021,light_pressure,QUALITY,,,,1020,4764847,102327,98091,102174.59,97811.24,152.41,279.76,630.77,475.08,False,False,nan,True,0.8628,78.95,86.21,True,0,COLLECTING,0,,0,,,,,8,98,100,30,60,0.9999814998288719,0.2
2026-08-31T22:06:13.844,125213093,P021,light_pressure,QUALITY,,,,1021,4764887,102162,97832,102174.34,97811.66,-12.34,20.34,478.16,475.14,False,False,nan,True,0.8628,78.95,86.21,True,0,COLLECTING,0,,0,,,,,8,98,100,30,60,0.9995809121827007,0.17320508075688776
2026-08-31T22:06:13.856,125213109,P021,light_pressure,QUALITY,,,,1022,4764927,102069,97717,102172.23,97809.77,-103.23,-92.77,335.43,472.35,False,False,nan,True,0.8628,78.95,86.21,True,0,COLLECTING,0,,0,,,,,8,98,100,30,60,0.9995809121827007,0.17320508075688776
2026-08-31T22:06:13.867,125213125,P021,light_pressure,QUALITY,,,,1023,4764967,102046,97680,102169.71,97807.17,-123.71,-127.17,219.78,467.3,False,False,nan,True,0.8628,78.95,86.21,True,0,COLLECTING,0,,0,,,,,8,98,100,30,60,0.9995809121827007,0.17320508075688776
2026-08-31T22:06:13.876,125213125,P021,light_pressure,QUALITY,,,,1024,4765007,102117,97808,102168.66,97807.19,-51.66,0.81,165.04,461.25,False,False,nan,True,0.8628,78.95,86.21,True,0,COLLECTING,0,,0,,,,,8,98,100,30,60,0.9995809121827007,0.17320508075688776
2026-08-31T22:06:13.908,125213156,P021,light_pressure,QUALITY,,,,1025,4765047,102057,97717,102166.42,97805.38,-109.42,-88.38,101.68,454.06,False,False,nan,True,0.8628,78.95,86.21,True,0,COLLECTING,0,,0,,,,,8,98,100,30,60,0.9995809121827007,0.17320508075688776
2026-08-31T22:06:14.044,125213296,P021,light_pressure,QUALITY,,,,1026,4765087,101718,97335,102157.45,97795.98,-439.45,-460.98,-38.98,445.76,False,False,nan,True,0.8628,78.95,86.21,True,0,COLLECTING,0,,0,,,,,8,98,100,30,60,0.9999814998288719,0.17320508075688776
2026-08-31T22:06:14.056,125213312,P021,light_pressure,QUALITY,,,,1027,4765127,99959,95714,102113.48,97754.34,-2154.48,-2040.34,-539.32,447.63,False,False,nan,True,0.8628,78.95,86.21,True,0,COLLECTING,0,,0,,,,,8,98,100,30,60,0.9999814998288719,0.17320508075688776
2026-08-31T22:06:14.065,125213312,P021,light_pressure,QUALITY,,,,1028,4765167,97170,92990,102014.62,97659.05,-4844.62,-4669.05,-1571.75,470.11,False,False,nan,True,0.8628,78.95,86.21,True,0,COLLECTING,0,,0,,,,,8,98,100,30,60,0.9999814998288719,0.17320508075688776
2026-08-31T22:06:14.075,125213328,P021,light_pressure,QUALITY,,,,1029,4765207,95571,90884,101885.74,97523.55,-6314.74,-6639.55,-2838.7,517.49,False,False,nan,True,0.8628,78.95,86.21,True,0,COLLECTING,0,,0,,,,,8,98,100,30,60,0.9999814998288719,0.17320508075688776
2026-08-31T22:06:14.108,125213359,P021,light_pressure,QUALITY,,,,1030,4765247,96986,89451,101787.75,97362.09,-4801.75,-7911.09,-4106.8,589.27,False,False,nan,True,0.8628,78.95,86.21,True,0,COLLECTING,0,,0,,,,,8,98,100,30,60,0.9999814998288719,0.17320508075688776
2026-08-31T22:06:14.243,125213500,P021,light_pressure,QUALITY,,,,1031,4765287,101518,88918,101782.35,97193.21,-264.35,-8275.21,-5148.9,680.46,False,False,nan,True,0.8628,78.95,86.21,True,0,COLLECTING,0,,0,,,,,8,98,100,30,60,0.9999814998288719,0.17320508075688776
2026-08-31T22:06:14.256,125213500,P021,light_pressure,QUALITY,,,,1032,4765327,106161,88058,101869.92,97010.51,4291.08,-8952.51,-6099.8,788.85,False,False,nan,True,0.8628,78.95,86.21,True,0,COLLECTING,0,,0,,,,,8,98,100,30,60,0.9999814998288719,0.17320508075688776
2026-08-31T22:06:14.265,125213515,P021,light_pressure,QUALITY,,,,1033,4765367,109728,87825,102027.09,96826.8,7700.91,-9001.8,-6825.3,909.58,False,False,nan,True,0.8628,78.95,86.21,True,0,COLLECTING,0,,0,,,,,8,98,100,30,60,0.9999814998288719,0.17320508075688776
2026-08-31T22:06:14.273,125213531,P021,light_pressure,QUALITY,,,,1034,4765407,109409,87890,102174.73,96648.06,7234.27,-8758.06,-7308.49,1037.56,False,False,nan,True,0.8628,78.95,86.21,True,0,COLLECTING,0,,0,,,,,8,98,100,30,60,0.9999814998288719,0.17320508075688776
2026-08-31T22:06:14.308,125213562,P021,light_pressure,QUALITY,,,,1035,4765447,105737,88641,102245.97,96487.92,3491.03,-7846.92,-7443.1,1165.67,False,False,nan,True,0.8628,78.95,86.21,True,0,COLLECTING,0,,0,,,,,8,98,100,30,60,0.9999814998288719,0.17320508075688776
2026-08-31T22:06:14.444,125213687,P021,light_pressure,QUALITY,,,,1036,4765487,101434,89427,102229.73,96346.7,-795.73,-6919.7,-7312.25,1288.6,False,False,nan,True,0.8628,78.95,86.21,True,0,COLLECTING,0,,0,,,,,8,98,100,30,60,0.9995809121827007,0.17320508075688776
2026-08-31T22:06:14.457,125213703,P021,light_pressure,QUALITY,,,,1037,4765527,99641,90779,102177.95,96235.35,-2536.95,-5456.35,-6848.28,1399.79,False,False,nan,True,0.8628,78.95,86.21,True,0,COLLECTING,0,,0,,,,,8,98,100,30,60,0.9995809121827007,0.17320508075688776
2026-08-31T22:06:14.465,125213718,P021,light_pressure,QUALITY,,,,1038,4765567,99213,91493,102118.66,96140.51,-2905.66,-4647.51,-6298.08,1497.76,False,False,nan,True,0.8628,78.95,86.21,True,0,COLLECTING,0,,0,,,,,8,98,100,30,60,0.9995809121827007,0.17320508075688776
2026-08-31T22:06:14.475,125213718,P021,light_pressure,QUALITY,,,,1039,4765607,99345,92278,102063.18,96063.26,-2718.18,-3785.26,-5669.88,1581.2,False,False,nan,True,0.8628,78.95,86.21,True,0,COLLECTING,0,,0,,,,,8,98,100,30,60,0.9995809121827007,0.17320508075688776
2026-08-31T22:06:14.508,125213765,P021,light_pressure,QUALITY,,,,1040,4765647,99936,93343,102020.63,96008.85,-2084.63,-2665.85,-4918.87,1647.96,False,False,nan,True,0.8628,78.95,86.21,True,0,COLLECTING,0,,0,,,,,8,98,100,30,60,0.9995809121827007,0.17320508075688776
2026-08-31T22:06:14.643,125213890,P021,light_pressure,QUALITY,,,,1041,4765687,100541,94214,101991.04,95972.95,-1450.04,-1758.95,-4128.89,1697.57,False,False,nan,True,0.8628,78.95,86.21,True,0,COLLECTING,0,,0,,,,,8,98,100,30,60,0.9995809121827007,0.17320508075688776
2026-08-31T22:06:14.654,125213906,P021,light_pressure,QUALITY,,,,1042,4765727,100934,94769,101969.9,95948.88,-1035.9,-1179.88,-3391.64,1731.46,False,False,nan,True,0.8628,78.95,86.21,True,0,COLLECTING,0,,0,,,,,8,98,100,30,60,0.9995809121827007,0.17320508075688776
2026-08-31T22:06:14.665,125213921,P021,light_pressure,QUALITY,,,,1043,4765767,101218,95134,101954.86,95932.58,-736.86,-798.58,-2743.37,1751.69,False,False,nan,True,0.8628,78.95,86.21,True,0,COLLECTING,0,,0,,,,,8,98,100,30,60,0.9995809121827007,0.17320508075688776
2026-08-31T22:06:14.675,125213921,P021,light_pressure,QUALITY,,,,1044,4765807,101388,95296,101943.52,95919.84,-555.52,-623.84,-2213.49,1760.93,False,False,nan,True,0.8628,78.95,79.93,True,0,COLLECTING,0,,0,,,,,8,98,100,30,60,0.9995809121827007,0.17320508075688776
2026-08-31T22:06:14.708,125213953,P021,light_pressure,QUALITY,,,,1045,4765847,101441,95381,101933.48,95909.07,-492.48,-528.07,-1792.14,1761.55,False,False,nan,True,0.8628,78.95,79.93,True,0,COLLECTING,0,,0,,,,,8,98,100,30,60,0.9995809121827007,0.17320508075688776
2026-08-31T22:06:14.843,125214093,P021,light_pressure,QUALITY,,,,1046,4765887,101541,95542,101925.62,95901.73,-384.62,-359.73,-1434.03,1755.0,False,False,nan,True,0.8628,78.95,79.93,True,0,COLLECTING,0,,0,,,,,8,98,100,30,60,0.9999814998288719,0.17320508075688776
2026-08-31T22:06:14.853,125214109,P021,light_pressure,QUALITY,,,,1047,4765927,101646,95718,101920.03,95898.05,-274.03,-180.05,-1120.54,1742.31,False,False,nan,True,0.8628,78.95,79.93,True,0,COLLECTING,0,,0,,,,,8,98,100,30,60,0.9999814998288719,0.17320508075688776
2026-08-31T22:06:14.865,125214109,P021,light_pressure,QUALITY,,,,1048,4765967,101734,95859,101916.31,95897.27,-182.31,-38.27,-849.97,1724.47,False,False,nan,True,0.8628,78.95,79.93,True,0,COLLECTING,0,,0,,,,,8,98,100,30,60,0.9999814998288719,0.17320508075688776
2026-08-31T22:06:14.873,125214125,P021,light_pressure,QUALITY,,,,1049,4766007,101824,96003,101914.47,95899.39,-90.47,103.61,-611.58,1702.21,False,False,nan,True,0.8628,78.95,79.93,True,0,COLLECTING,0,,0,,,,,8,98,100,30,60,0.9999814998288719,0.17320508075688776
2026-08-31T22:06:14.908,125214156,P021,light_pressure,QUALITY,,,,1050,4766047,101919,96135,101914.56,95904.1,4.44,230.9,-400.96,1676.18,False,False,nan,True,0.8628,78.95,79.93,True,0,COLLECTING,0,,0,,,,,8,98,100,30,60,0.9999814998288719,0.17320508075688776
