pc_time,pc_monotonic_ms,trial_id,label,expected_state,reference_hr_bpm,reference_spo2_pct,action_marker,seq,t_ms,red,ir,red_dc,ir_dc,red_ac,ir_ac,filtered_ir,envelope,peak_candidate,beat_accepted,ibi_ms,finger,sqi,hr_bpm,spo2_pct,valid,fifo_overflow,rhythm_state,rhythm_valid,rhythm_confidence,model_calibrated,rhythm_ibi_mean_ms,rhythm_sdnn_ms,rhythm_rmssd_ms,rhythm_pnn50,rhythm_beat_count,rhythm_inference_us,rhythm_inference_count,rhythm_model_bytes,rhythm_classifier_state_bytes,imu_accel_g,imu_gyro_dps
2026-08-31T22:06:22.281,125221531,P022,heavy_pressure,QUALITY,,,,1,4773417,117754,126524,113661.0,118816.06,4093.0,7707.94,8192.41,11100.64,False,False,nan,True,0.7,68.09,96.1,True,0,COLLECTING,0,,0,,,,,11,98,100,30,60,0.9999814998288719,0.17320508075688776
2026-08-31T22:06:22.318,125221562,P022,heavy_pressure,QUALITY,,,,2,4773457,117770,126526,113743.18,118970.26,4026.82,7555.74,8033.24,11039.29,False,False,nan,True,0.7,68.09,96.1,True,0,COLLECTING,0,,0,,,,,11,98,100,30,60,0.9999814998288719,0.17320508075688776
2026-08-31T22:06:22.442,125221687,P022,heavy_pressure,QUALITY,,,,3,4773497,117764,126538,113823.59,119121.61,3940.41,7416.39,7879.03,10976.09,False,False,nan,True,0.7,68.09,96.1,True,0,COLLECTING,0,,0,,,,,11,98,100,30,60,0.9990925883020052,0.17320508075688776
2026-08-31T22:06:22.455,125221703,P022,heavy_pressure,QUALITY,,,,4,4773537,117771,126548,113902.54,119270.14,3868.46,7277.86,7728.74,10911.14,False,False,nan,True,0.7,68.09,96.1,True,0,COLLECTING,0,,0,,,,,11,98,100,30,60,0.9990925883020052,0.17320508075688776
2026-08-31T22:06:22.465,125221718,P022,heavy_pressure,QUALITY,,,,5,4773577,117773,126562,113979.95,119415.98,3793.05,7146.02,7583.06,10844.58,False,False,nan,True,0.7,68.09,96.1,True,0,COLLECTING,0,,0,,,,,11,98,100,30,60,0.9990925883020052,0.17320508075688776
2026-08-31T22:06:22.474,125221718,P022,heavy_pressure,QUALITY,,,,6,4773617,117775,126563,114055.84,119558.91,3719.16,7004.09,7438.31,10776.45,False,False,nan,True,0.7,68.09,96.1,True,0,COLLECTING,0,,0,,,,,11,98,100,30,60,0.9990925883020052,0.17320508075688776
2026-08-31T22:06:22.518,125221765,P022,heavy_pressure,QUALITY,,,,7,4773657,117756,126531,114129.84,119698.36,3626.16,6832.64,7286.9,10706.66,False,False,nan,True,0.7,68.09,96.1,True,0,COLLECTING,0,,0,,,,,11,98,100,30,60,0.9990925883020052,0.17320508075688776
2026-08-31T22:06:22.644,125221890,P022,heavy_pressure,QUALITY,,,,8,4773697,117751,126469,114202.27,119833.77,3548.73,6635.23,7123.98,10635.01,False,False,nan,True,0.7,68.09,96.1,True,0,COLLECTING,0,,0,,,,,10,98,100,30,60,0.9995809121827007,0.17320508075688776
2026-08-31T22:06:22.654,125221906,P022,heavy_pressure,QUALITY,,,,9,4773737,117773,126473,114273.68,119966.55,3499.32,6506.45,6969.6,10561.7,False,False,nan,True,0.7,68.09,96.1,True,0,COLLECTING,0,,0,,,,,10,98,100,30,60,0.9995809121827007,0.17320508075688776
2026-08-31T22:06:22.665,125221921,P022,heavy_pressure,QUALITY,,,,10,4773777,117797,126489,114344.15,120097.0,3452.85,6392.0,6825.2,10486.97,False,False,nan,True,0.7,68.09,96.1,True,0,COLLECTING,0,,0,,,,,10,98,100,30,60,0.9995809121827007,0.17320508075688776
2026-08-31T22:06:22.673,125221921,P022,heavy_pressure,QUALITY,,,,11,4773817,117812,126515,114413.51,120225.36,3398.49,6289.64,6691.31,10411.06,False,False,nan,True,0.7,68.09,93.88,True,0,COLLECTING,0,,0,,,,,10,98,100,30,60,0.9995809121827007,0.17320508075688776
2026-08-31T22:06:22.718,125221968,P022,heavy_pressure,QUALITY,,,,12,4773857,117817,126520,114481.58,120351.25,3335.42,6168.75,6560.67,10334.05,False,False,nan,True,0.7,68.09,93.88,True,0,COLLECTING,0,,0,,,,,10,98,100,30,60,0.9995809121827007,0.17320508075688776
2026-08-31T22:06:22.844,125222093,P022,heavy_pressure,QUALITY,,,,13,4773897,117833,126526,114548.61,120474.74,3284.39,6051.26,6433.32,10256.03,False,False,nan,True,0.7,68.09,93.88,True,0,COLLECTING,0,,0,,,,,10,98,100,30,60,0.9999814998288719,0.17320508075688776
2026-08-31T22:06:22.856,125222109,P022,heavy_pressure,QUALITY,,,,14,4773937,117822,126528,114614.08,120595.8,3207.92,5932.2,6308.04,10177.07,False,False,nan,True,0.7,68.09,93.88,True,0,COLLECTING,0,,0,,,,,10,98,100,30,60,0.9999814998288719,0.17320508075688776
2026-08-31T22:06:22.867,125222125,P022,heavy_pressure,QUALITY,,,,15,4773977,117814,126525,114678.08,120714.39,3135.92,5810.61,6183.68,10097.21,False,False,nan,True,0.7,68.09,93.88,True,0,COLLECTING,0,,0,,,,,10,98,100,30,60,0.9999814998288719,0.17320508075688776
2026-08-31T22:06:22.874,125222125,P022,heavy_pressure,QUALITY,,,,16,4774017,117819,126539,114740.9,120830.88,3078.1,5708.12,6064.79,10016.56,False,False,nan,True,0.7,68.09,93.88,True,0,COLLECTING,0,,0,,,,,10,98,100,30,60,0.9999814998288719,0.17320508075688776
2026-08-31T22:06:22.918,125222171,P022,heavy_pressure,QUALITY,,,,17,4774057,117818,126563,114802.44,120945.52,3015.56,5617.48,5952.96,9935.29,False,False,nan,True,0.7,68.09,93.88,True,0,COLLECTING,0,,0,,,,,10,98,100,30,60,0.9999814998288719,0.17320508075688776
2026-08-31T22:06:23.044,125222296,P022,heavy_pressure,QUALITY,,,,18,4774097,117835,126576,114863.09,121058.13,2971.91,5517.87,5844.19,9853.46,False,False,nan,True,0.7,68.09,93.88,True,0,COLLECTING,0,,0,,,,,10,98,100,30,60,0.9990925883020052,0.17320508075688776
2026-08-31T22:06:23.060,125222312,P022,heavy_pressure,QUALITY,,,,19,4774137,117853,126599,114922.88,121168.95,2930.12,5430.05,5740.65,9771.21,False,False,nan,True,0.7,68.09,93.88,True,0,COLLECTING,0,,0,,,,,10,98,100,30,60,0.9990925883020052,0.17320508075688776
2026-08-31T22:06:23.066,125222312,P022,heavy_pressure,QUALITY,,,,20,4774177,117865,126587,114981.73,121277.31,2883.27,5309.69,5632.91,9688.44,False,False,nan,True,0.7,68.09,93.88,True,0,COLLECTING,0,,0,,,,,10,98,100,30,60,0.9990925883020052,0.17320508075688776
2026-08-31T22:06:23.073,125222328,P022,heavy_pressure,QUALITY,,,,21,4774217,117892,126597,115039.93,121383.7,2852.07,5213.3,5528.01,9605.23,False,False,nan,True,0.7,68.09,93.88,True,0,COLLECTING,0,,0,,,,,10,98,100,30,60,0.9990925883020052,0.17320508075688776
2026-08-31T22:06:23.117,125222375,P022,heavy_pressure,QUALITY,,,,22,4774257,117913,126616,115097.39,121488.35,2815.61,5127.65,5427.92,9521.69,False,False,nan,True,0.7,68.09,93.88,True,0,COLLECTING,0,,0,,,,,10,98,100,30,60,0.9990925883020052,0.17320508075688776
2026-08-31T22:06:23.245,125222500,P022,heavy_pressure,QUALITY,,,,23,4774297,117918,126605,115153.8,121590.69,2764.2,5014.31,5324.52,9437.74,False,False,nan,True,0.7,68.09,93.88,True,0,COLLECTING,0,,0,,,,,10,98,100,30,60,0.9999814998288719,0.17320508075688776
2026-08-31T22:06:23.261,125222515,P022,heavy_pressure,QUALITY,,,,24,4774337,117913,126615,115208.99,121691.17,2704.01,4923.83,5224.34,9353.48,False,False,nan,True,0.7,68.09,93.88,True,0,COLLECTING,0,,0,,,,,10,98,100,30,60,0.9999814998288719,0.17320508075688776
2026-08-31T22:06:23.270,125222515,P022,heavy_pressure,QUALITY,,,,25,4774377,117903,126598,115262.88,121789.3,2640.12,4808.7,5120.43,9268.81,False,False,nan,True,0.7,68.09,93.88,True,0,COLLECTING,0,,0,,,,,10,98,100,30,60,0.9999814998288719,0.17320508075688776
2026-08-31T22:06:23.277,125222531,P022,heavy_pressure,QUALITY,,,,26,4774417,117910,126593,115315.82,121885.38,2594.18,4707.62,5017.23,9183.78,False,False,nan,True,0.7,68.09,93.88,True,0,COLLECTING,0,,0,,,,,10,98,100,30,60,0.9999814998288719,0.17320508075688776
2026-08-31T22:06:23.318,125222562,P022,heavy_pressure,QUALITY,,,,27,4774457,117912,126591,115367.74,121979.48,2544.26,4611.52,4915.8,9098.42,False,False,nan,True,0.7,68.09,93.88,True,0,COLLECTING,0,,0,,,,,10,98,100,30,60,0.9999814998288719,0.17320508075688776
2026-08-31T22:06:23.444,125222687,P022,heavy_pressure,QUALITY,,,ACTION_START,28,4774507,117914,126542,115418.66,122070.73,2495.34,4471.27,4804.67,9012.55,False,False,nan,True,0.7,68.09,93.88,True,0,COLLECTING,0,,0,,,,,10,98,100,30,60,0.9999814998288719,0.17320508075688776
2026-08-31T22:06:23.455,125222703,P022,heavy_pressure,QUALITY,,,,29,4774547,117925,126561,115468.79,122160.54,2456.21,4400.46,4703.62,8926.37,False,False,nan,True,0.7,68.09,93.88,True,0,COLLECTING,0,,0,,,,,10,98,100,30,60,0.9999814998288719,0.17320508075688776
2026-08-31T22:06:23.463,125222718,P022,heavy_pressure,QUALITY,,,,30,4774587,117924,126521,115517.89,122247.75,2406.11,4273.25,4596.02,8839.76,False,False,nan,True,0.7,68.09,93.88,True,0,COLLECTING,0,,0,,,,,10,98,100,30,60,0.9999814998288719,0.17320508075688776
2026-08-31T22:06:23.488,125222734,P022,heavy_pressure,QUALITY,,,,31,4774627,117926,126488,115566.05,122332.55,2359.95,4155.45,4485.88,8752.69,False,False,nan,True,0.7,68.09,93.88,True,0,COLLECTING,0,,0,,,,,10,98,100,30,60,0.9999814998288719,0.17320508075688776
2026-08-31T22:06:23.527,125222781,P022,heavy_pressure,QUALITY,,,,32,4774667,117929,126520,115613.31,122416.3,2315.69,4103.7,4390.33,8665.44,False,False,nan,True,0.7,68.09,93.88,True,0,COLLECTING,0,,0,,,,,10,98,100,30,60,0.9999814998288719,0.17320508075688776
2026-08-31T22:06:23.645,125222890,P022,heavy_pressure,QUALITY,,,,33,4774707,117926,126496,115659.56,122497.9,2266.44,3998.1,4292.28,8577.98,False,False,nan,True,0.7,68.09,93.88,True,0,COLLECTING,0,,0,,,,,10,98,100,30,60,0.9999814998288719,0.17320508075688776
2026-08-31T22:06:23.655,125222906,P022,heavy_pressure,QUALITY,,,,34,4774747,117926,126508,115704.89,122578.1,2221.11,3929.9,4201.68,8490.45,False,False,nan,True,0.7,68.09,93.88,True,0,COLLECTING,0,,0,,,,,10,98,100,30,60,0.9999814998288719,0.17320508075688776
2026-08-31T22:06:23.663,125222921,P022,heavy_pressure,QUALITY,,,,35,4774787,117928,126530,115749.35,122657.14,2178.65,3872.86,4119.48,8403.03,False,False,nan,True,0.7,68.09,93.88,True,0,COLLECTING,0,,0,,,,,10,98,100,30,60,0.9999814998288719,0.17320508075688776
2026-08-31T22:06:23.688,125222937,P022,heavy_pressure,QUALITY,,,,36,4774827,117919,126499,115792.74,122733.98,2126.26,3765.02,4030.86,8315.59,False,False,nan,True,0.7,68.09,93.88,True,0,COLLECTING,0,,0,,,,,10,98,100,30,60,0.9999814998288719,0.17320508075688776
2026-08-31T22:06:23.730,125222984,P022,heavy_pressure,QUALITY,,,,37,4774867,117915,126518,115835.19,122809.66,2079.81,3708.34,3950.23,8228.28,False,False,nan,True,0.7,68.09,93.88,True,0,COLLECTING,0,,0,,,,,10,98,100,30,60,0.9999814998288719,0.17320508075688776
2026-08-31T22:06:23.846,125223093,P022,heavy_pressure,QUALITY,,,,38,4774907,117910,126537,115876.69,122884.2,2033.31,3652.8,3875.87,8141.23,False,False,nan,True,0.7,68.09,93.88,True,0,COLLECTING,0,,0,,,,,10,98,100,30,60,0.9999814998288719,0.17320508075688776
2026-08-31T22:06:23.856,125223109,P022,heavy_pressure,QUALITY,,,,39,4774947,117891,126481,115916.98,122956.14,1974.02,3524.86,3788.12,8054.17,False,False,nan,True,0.7,68.09,93.88,True,0,COLLECTING,0,,0,,,,,10,98,100,30,60,0.9999814998288719,0.17320508075688776
2026-08-31T22:06:23.864,125223109,P022,heavy_pressure,QUALITY,,,,40,4774987,117898,126555,115956.59,123028.12,1941.41,3526.88,3722.81,7967.54,False,False,nan,True,0.7,68.09,93.88,True,0,COLLECTING,0,,0,,,,,10,98,100,30,60,0.9999814998288719,0.17320508075688776
2026-08-31T22:06:23.888,125223140,P022,heavy_pressure,QUALITY,,,,41,4775027,117883,126584,115995.12,123099.23,1887.88,3484.77,3663.3,7881.46,False,False,nan,True,0.7,68.09,93.88,True,0,COLLECTING,0,,0,,,,,10,98,100,30,60,0.9999814998288719,0.17320508075688776
2026-08-31T22:06:23.928,125223171,P022,heavy_pressure,QUALITY,,,,42,4775067,117889,126557,116033.0,123168.39,1856.0,3388.61,3594.63,7795.72,False,False,nan,True,0.7,68.09,93.88,True,0,COLLECTING,0,,0,,,,,10,98,100,30,60,0.9999814998288719,0.17320508075688776
2026-08-31T22:06:24.045,125223296,P022,heavy_pressure,QUALITY,,,,43,4775107,117882,126561,116069.98,123236.24,1812.02,3324.76,3527.16,7710.35,False,False,nan,True,0.7,68.09,93.88,True,0,COLLECTING,0,,0,,,,,10,98,100,30,60,0.9999814998288719,0.17320508075688776
2026-08-31T22:06:24.056,125223312,P022,heavy_pressure,QUALITY,,,,44,4775147,117870,126546,116105.98,123302.44,1764.02,3243.56,3456.26,7625.27,False,False,nan,True,0.7,68.09,93.88,True,0,COLLECTING,0,,0,,,,,10,98,100,30,60,0.9999814998288719,0.17320508075688776
2026-08-31T22:06:24.064,125223312,P022,heavy_pressure,QUALITY,,,,45,4775187,117866,126578,116141.18,123367.95,1724.82,3210.05,3394.71,7540.66,False,False,nan,True,0.7,68.09,93.88,True,0,COLLECTING,0,,0,,,,,10,98,100,30,60,0.9999814998288719,0.17320508075688776
2026-08-31T22:06:24.087,125223343,P022,heavy_pressure,QUALITY,,,,46,4775227,117876,126582,116175.88,123432.23,1700.12,3149.77,3333.48,7456.51,False,False,nan,True,0.7,68.09,93.88,True,0,COLLECTING,0,,0,,,,,10,98,100,30,60,0.9999814998288719,0.17320508075688776
2026-08-31T22:06:24.127,125223375,P022,heavy_pressure,QUALITY,,,,47,4775267,117882,126548,116210.0,123494.54,1672.0,3053.46,3263.47,7372.65,False,False,nan,True,0.7,68.09,93.88,True,0,COLLECTING,0,,0,,,,,10,98,100,30,60,0.9999814998288719,0.17320508075688776
2026-08-31T22:06:24.244,125223500,P022,heavy_pressure,QUALITY,,,,48,4775307,117870,126599,116243.2,123556.62,1626.8,3042.38,3208.2,7289.36,False,False,nan,True,0.7,68.09,93.88,True,0,COLLECTING,0,,0,,,,,10,98,100,30,60,0.9999814998288719,0.17320508075688776
2026-08-31T22:06:24.255,125223500,P022,heavy_pressure,QUALITY,,,,49,4775347,117906,126616,116276.46,123617.81,1629.54,2998.19,3155.7,7206.69,False,False,nan,True,0.7,68.09,93.88,True,0,COLLECTING,0,,0,,,,,10,98,100,30,60,0.9999814998288719,0.17320508075688776
2026-08-31T22:06:24.264,125223515,P022,heavy_pressure,QUALITY,,,,50,4775387,117894,126611,116308.81,123677.68,1585.19,2933.32,3100.1,7124.56,False,False,nan,True,0.7,68.09,93.88,True,0,COLLECTING,0,,0,,,,,10,98,100,30,60,0.9999814998288719,0.17320508075688776
2026-08-31T22:06:24.287,125223531,P022,heavy_pressure,QUALITY,,,,51,4775427,117891,126591,116340.45,123735.95,1550.55,2855.05,3038.84,7042.84,False,False,nan,True,0.7,68.09,93.88,True,0,COLLECTING,0,,0,,,,,10,98,100,30,60,0.9999814998288719,0.17320508075688776
2026-08-31T22:06:24.327,125223578,P022,heavy_pressure,QUALITY,,,,52,4775467,117897,126586,116371.59,123792.95,1525.41,2793.05,2977.39,6961.53,False,False,nan,True,0.7,68.09,93.88,True,0,COLLECTING,0,,0,,,,,10,98,100,30,60,0.9999814998288719,0.17320508075688776
2026-08-31T22:06:24.444,125223687,P022,heavy_pressure,QUALITY,,,,53,4775507,117886,126622,116401.88,123849.52,1484.12,2772.48,2926.16,6880.83,False,False,nan,True,0.7,68.09,93.88,True,0,COLLECTING,0,,0,,,,,10,98,100,30,60,0.9986916441024227,0.17320508075688776
2026-08-31T22:06:24.456,125223703,P022,heavy_pressure,QUALITY,,,,54,4775547,117903,126596,116431.9,123904.45,1471.1,2691.55,2867.51,6800.56,False,False,nan,True,0.7,68.09,93.88,True,0,COLLECTING,0,,0,,,,,10,98,100,30,60,0.9986916441024227,0.17320508075688776
2026-08-31T22:06:24.464,125223718,P022,heavy_pressure,QUALITY,,,,55,4775587,117907,126648,116461.4,123959.32,1445.6,2688.68,2822.8,6721.01,False,False,nan,True,0.7,68.09,93.88,True,0,COLLECTING,0,,0,,,,,10,98,100,30,60,0.9986916441024227,0.17320508075688776
2026-08-31T22:06:24.488,125223734,P022,heavy_pressure,QUALITY,,,,56,4775627,117900,126624,116490.17,124012.62,1409.83,2611.38,2769.95,6641.98,False,False,nan,True,0.7,68.09,93.88,True,0,COLLECTING,0,,0,,,,,10,98,100,30,60,0.9986916441024227,0.17320508075688776
2026-08-31T22:06:24.528,125223781,P022,heavy_pressure,QUALITY,,,,57,4775667,117865,126593,116517.67,124064.23,1347.33,2528.77,2709.65,6563.34,False,False,nan,True,0.7,68.09,93.88,True,0,COLLECTING,0,,0,,,,,10,98,100,30,60,0.9986916441024227,0.17320508075688776
2026-08-31T22:06:24.644,125223890,P022,heavy_pressure,QUALITY,,,,58,4775707,117921,126612,116545.74,124115.18,1375.26,2496.82,2656.45,6485.2,False,False,nan,True,0.7,68.09,93.88,True,0,COLLECTING,0,,0,,,,,10,98,100,30,60,0.9999814998288719,0.17320508075688776
2026-08-31T22:06:24.655,125223906,P022,heavy_pressure,QUALITY,,,,59,4775747,117900,126603,116572.83,124164.94,1327.17,2438.06,2601.85,6407.53,False,False,nan,True,0.7,68.09,93.88,True,0,COLLECTING,0,,0,,,,,10,98,100,30,60,0.9999814998288719,0.17320508075688776
2026-08-31T22:06:24.665,125223921,P022,heavy_pressure,QUALITY,,,,60,4775787,117874,126572,116598.85,124213.08,1275.15,2358.92,2541.12,6330.21,False,False,nan,True,0.7,68.09,93.88,True,0,COLLECTING,0,,0,,,,,10,98,100,30,60,0.9999814998288719,0.17320508075688776
2026-08-31T22:06:24.698,125223953,P022,heavy_pressure,QUALITY,,,,61,4775827,117850,126577,116623.88,124260.36,1226.12,2316.64,2485.0,6253.3,False,False,nan,True,0.7,68.09,93.88,True,0,COLLECTING,0,,0,,,,,10,98,100,30,60,0.9999814998288719,0.17320508075688776
2026-08-31T22:06:24.727,125223984,P022,heavy_pressure,QUALITY,,,,62,4775867,117824,126608,116647.88,124307.31,1176.12,2300.69,2438.92,6177.01,False,False,nan,True,0.7,68.09,93.88,True,0,COLLECTING,0,,0,,,,,10,98,100,30,60,0.9999814998288719,0.17320508075688776
2026-08-31T22:06:24.843,125224093,P022,heavy_pressure,QUALITY,,,,63,4775907,117865,126618,116672.22,124353.52,1192.78,2264.48,2395.31,6101.38,False,False,nan,True,0.7,68.09,93.88,True,0,COLLECTING,0,,0,,,,,10,98,100,30,60,0.9999814998288719,0.17320508075688776
2026-08-31T22:06:24.855,125224109,P022,heavy_pressure,QUALITY,,,,64,4775947,117849,126653,116695.76,124399.52,1153.24,2253.48,2359.85,6026.55,False,False,nan,True,0.7,68.09,93.88,True,0,COLLECTING,0,,0,,,,,10,98,100,30,60,0.9999814998288719,0.17320508075688776
2026-08-31T22:06:24.864,125224109,P022,heavy_pressure,QUALITY,,,,65,4775987,117815,126630,116718.14,124444.12,1096.86,2185.88,2316.36,5952.35,False,False,nan,True,0.7,68.09,93.88,True,0,COLLECTING,0,,0,,,,,10,98,100,30,60,0.9999814998288719,0.17320508075688776
2026-08-31T22:06:24.888,125224140,P022,heavy_pressure,QUALITY,,,,66,4776027,117797,126607,116739.72,124487.38,1057.28,2119.62,2267.17,5878.64,False,False,nan,True,0.7,68.09,93.88,True,0,COLLECTING,0,,0,,,,,10,98,100,30,60,0.9999814998288719,0.17320508075688776
2026-08-31T22:06:24.930,125224187,P022,heavy_pressure,QUALITY,,,,67,4776067,117810,126637,116761.12,124530.38,1048.88,2106.62,2227.04,5805.61,False,False,nan,True,0.7,68.09,93.88,True,0,COLLECTING,0,,0,,,,,10,98,100,30,60,0.9999814998288719,0.17320508075688776
2026-08-31T22:06:25.045,125224296,P022,heavy_pressure,QUALITY,,,,68,4776107,117799,126591,116781.88,124571.59,1017.12,2019.41,2175.13,5733.0,False,False,nan,True,0.7,68.09,93.88,True,0,COLLECTING,0,,0,,,,,10,98,100,30,60,0.9999814998288719,0.17320508075688776
2026-08-31T22:06:25.057,125224312,P022,heavy_pressure,QUALITY,,,,69,4776147,117811,126618,116802.47,124612.52,1008.53,2005.48,2132.72,5660.99,False,False,nan,True,0.7,68.09,93.88,True,0,COLLECTING,0,,0,,,,,10,98,100,30,60,0.9999814998288719,0.17320508075688776
2026-08-31T22:06:25.064,125224312,P022,heavy_pressure,QUALITY,,,,70,4776187,117812,126618,116822.66,124652.62,989.34,1965.38,2090.88,5589.59,False,False,nan,True,0.7,68.09,93.88,True,0,COLLECTING,0,,0,,,,,10,98,100,30,60,0.9999814998288719,0.17320508075688776
2026-08-31T22:06:25.087,125224343,P022,heavy_pressure,QUALITY,,,,71,4776227,117789,126676,116841.98,124693.09,947.02,1982.91,2063.89,5519.08,False,False,nan,True,0.7,68.09,93.88,True,0,COLLECTING,0,,0,,,,,10,98,100,30,60,0.9999814998288719,0.17320508075688776
2026-08-31T22:06:25.128,125224375,P022,heavy_pressure,QUALITY,,,,72,4776267,117812,126700,116861.38,124733.23,950.62,1966.77,2039.61,5449.49,False,False,nan,True,0.7,68.09,93.88,True,0,COLLECTING,0,,0,,,,,10,98,100,30,60,0.9999814998288719,0.17320508075688776
2026-08-31T22:06:25.244,125224500,P022,heavy_pressure,QUALITY,,,,73,4776307,117862,126718,116881.4,124772.93,980.6,1945.07,2015.97,5380.82,False,False,nan,True,0.7,68.09,93.88,True,0,COLLECTING,0,,0,,,,,10,98,100,30,60,0.9999814998288719,0.17320508075688776
2026-08-31T22:06:25.255,125224500,P022,heavy_pressure,QUALITY,,,,74,4776347,117864,126752,116901.05,124812.51,962.95,1939.49,1996.85,5313.14,False,False,nan,True,0.7,68.09,93.88,True,0,COLLECTING,0,,0,,,,,10,98,100,30,60,0.9999814998288719,0.17320508075688776
2026-08-31T22:06:25.263,125224515,P022,heavy_pressure,QUALITY,,,,75,4776387,117935,126764,116921.73,124851.54,1013.27,1912.46,1975.76,5246.39,False,False,nan,True,0.7,68.09,93.88,True,0,COLLECTING,0,,0,,,,,10,98,100,30,60,0.9999814998288719,0.17320508075688776
2026-08-31T22:06:25.287,125224531,P022,heavy_pressure,QUALITY,,,,76,4776427,117928,126734,116941.85,124889.19,986.15,1844.81,1943.02,5180.32,False,False,nan,True,0.7,68.09,93.88,True,0,COLLECTING,0,,0,,,,,10,98,100,30,60,0.9999814998288719,0.17320508075688776
2026-08-31T22:06:25.327,125224578,P022,heavy_pressure,QUALITY,,,,77,4776467,117940,126752,116961.81,124926.45,978.19,1825.55,1913.65,5114.99,False,False,nan,True,0.7,68.09,93.88,True,0,COLLECTING,0,,0,,,,,10,98,100,30,60,0.9999814998288719,0.17320508075688776
2026-08-31T22:06:25.443,125224687,P022,heavy_pressure,QUALITY,,,,78,4776507,117932,126699,116981.22,124961.9,950.78,1737.1,1869.52,5050.08,False,False,nan,True,0.7,68.09,93.88,True,0,COLLECTING,0,,0,,,,,10,98,100,30,60,0.9999814998288719,0.17320508075688776
2026-08-31T22:06:25.456,125224703,P022,heavy_pressure,QUALITY,,,,79,4776547,117974,126723,117001.08,124997.12,972.92,1725.88,1833.61,4985.75,False,False,nan,True,0.7,68.09,93.88,True,0,COLLECTING,0,,0,,,,,10,98,100,30,60,0.9999814998288719,0.17320508075688776
2026-08-31T22:06:25.463,125224718,P022,heavy_pressure,QUALITY,,,,80,4776587,117974,126781,117020.54,125032.8,953.46,1748.2,1812.26,4922.28,False,False,nan,True,0.7,68.09,93.88,True,0,COLLECTING,0,,0,,,,,10,98,100,30,60,0.9999814998288719,0.17320508075688776
2026-08-31T22:06:25.487,125224734,P022,heavy_pressure,QUALITY,,,,81,4776627,117983,126777,117039.79,125067.68,943.21,1709.32,1786.52,4859.57,False,False,nan,True,0.7,68.09,93.88,True,0,COLLECTING,0,,0,,,,,10,98,100,30,60,0.9999814998288719,0.17320508075688776
2026-08-31T22:06:25.528,125224781,P022,heavy_pressure,QUALITY,,,,82,4776667,117997,126795,117058.93,125102.23,938.07,1692.77,1763.08,4797.64,False,False,nan,True,0.7,68.09,93.88,True,0,COLLECTING,0,,0,,,,,10,98,100,30,60,0.9999814998288719,0.17320508075688776
2026-08-31T22:06:25.643,125224890,P022,heavy_pressure,QUALITY,,,,83,4776707,117959,126778,117076.93,125135.74,882.07,1642.26,1732.88,4736.34,False,False,nan,True,0.7,68.09,93.88,True,0,COLLECTING,0,,0,,,,,9,98,100,30,60,0.9999814998288719,0.24494897427831783
2026-08-31T22:06:25.656,125224906,P022,heavy_pressure,QUALITY,,,,84,4776747,117955,126770,117094.49,125168.43,860.51,1601.57,1700.05,4675.62,False,False,nan,True,0.7,68.09,93.88,True,0,COLLECTING,0,,0,,,,,9,98,100,30,60,0.9999814998288719,0.24494897427831783
2026-08-31T22:06:25.663,125224921,P022,heavy_pressure,QUALITY,,,,85,4776787,117947,126775,117111.54,125200.56,835.46,1574.44,1668.65,4615.48,False,False,nan,True,0.7,68.09,93.88,True,0,COLLECTING,0,,0,,,,,9,98,100,30,60,0.9999814998288719,0.24494897427831783
2026-08-31T22:06:25.687,125224937,P022,heavy_pressure,QUALITY,,,,86,4776827,117981,126790,117128.93,125232.35,852.07,1557.65,1640.9,4555.98,False,False,nan,True,0.7,68.09,93.88,True,0,COLLECTING,0,,0,,,,,9,98,100,30,60,0.9999814998288719,0.24494897427831783
2026-08-31T22:06:25.727,125224984,P022,heavy_pressure,QUALITY,,,,87,4776867,117978,126811,117145.91,125263.92,832.09,1547.08,1617.44,4497.21,False,False,nan,True,0.7,68.09,93.88,True,0,COLLECTING,0,,0,,,,,9,98,100,30,60,0.9999814998288719,0.24494897427831783
2026-08-31T22:06:25.844,125225093,P022,heavy_pressure,QUALITY,,,,88,4776907,117982,126857,117162.63,125295.78,819.37,1561.22,1603.39,4439.34,False,False,nan,True,0.7,68.09,93.88,True,0,COLLECTING,0,,0,,,,,9,98,100,30,60,0.9999814998288719,0.24494897427831783
2026-08-31T22:06:25.855,125225109,P022,heavy_pressure,QUALITY,,,,89,4776947,118024,126927,117179.86,125328.41,844.14,1598.59,1602.19,4382.59,False,False,nan,True,0.7,68.09,93.88,True,0,COLLECTING,0,,0,,,,,9,98,100,30,60,0.9999814998288719,0.24494897427831783
2026-08-31T22:06:25.863,125225109,P022,heavy_pressure,QUALITY,,,,90,4776987,118038,126960,117197.02,125361.04,840.98,1598.96,1601.38,4326.97,False,False,nan,True,0.7,68.09,93.88,True,0,COLLECTING,0,,0,,,,,9,98,100,30,60,0.9999814998288719,0.24494897427831783
2026-08-31T22:06:25.888,125225140,P022,heavy_pressure,QUALITY,,,,91,4777027,118094,126989,117214.96,125393.6,879.04,1595.4,1599.89,4272.43,False,False,nan,True,0.7,68.09,93.88,True,0,COLLECTING,0,,0,,,,,9,98,100,30,60,0.9999814998288719,0.24494897427831783
2026-08-31T22:06:25.928,125225171,P022,heavy_pressure,QUALITY,,,,92,4777067,118125,127031,117233.16,125426.35,891.84,1604.65,1601.08,4219.0,False,False,nan,True,0.7,68.09,93.88,True,0,COLLECTING,0,,0,,,,,9,98,100,30,60,0.9999814998288719,0.24494897427831783
2026-08-31T22:06:26.043,125225296,P022,heavy_pressure,QUALITY,,,,93,4777107,118244,127098,117253.38,125459.78,990.62,1638.22,1610.36,4166.83,False,False,nan,True,0.7,68.09,93.88,True,0,COLLECTING,0,,0,,,,,9,98,100,30,60,0.9999814998288719,0.17320508075688776
2026-08-31T22:06:26.055,125225312,P022,heavy_pressure,QUALITY,,,,94,4777147,118279,127139,117273.9,125493.37,1005.1,1645.63,1619.18,4115.88,False,False,nan,True,0.7,68.09,93.88,True,0,COLLECTING,0,,0,,,,,9,98,100,30,60,0.9999814998288719,0.17320508075688776
2026-08-31T22:06:26.063,125225312,P022,heavy_pressure,QUALITY,,,,95,4777187,118302,127132,117294.46,125526.14,1007.54,1605.86,1615.85,4065.88,True,False,nan,True,0.7,68.09,93.88,True,0,COLLECTING,0,,0,,,,,9,98,100,30,60,0.9999814998288719,0.17320508075688776
2026-08-31T22:06:26.088,125225343,P022,heavy_pressure,QUALITY,,,,96,4777227,118293,127084,117314.43,125557.3,978.57,1526.7,1593.56,4016.43,False,False,nan,True,0.7,68.09,93.88,True,0,COLLECTING,0,,0,,,,,9,98,100,30,60,0.9999814998288719,0.17320508075688776
2026-08-31T22:06:26.127,125225375,P022,heavy_pressure,QUALITY,,,,97,4777267,118324,127100,117334.62,125588.15,989.38,1511.85,1573.14,3967.56,False,False,nan,True,0.7,68.09,93.88,True,0,COLLECTING,0,,0,,,,,9,98,100,30,60,0.9999814998288719,0.17320508075688776
2026-08-31T22:06:26.246,125225500,P022,heavy_pressure,QUALITY,,,,98,4777307,118311,127141,117354.15,125619.2,956.85,1521.8,1560.3,3919.42,False,False,nan,True,0.7,68.09,93.88,True,0,COLLECTING,0,,0,,,,,8,98,100,30,60,0.9999814998288719,0.17320508075688776
2026-08-31T22:06:26.255,125225500,P022,heavy_pressure,QUALITY,,,,99,4777347,118297,127141,117373.01,125649.64,923.99,1491.36,1543.07,3871.89,False,False,nan,True,0.7,68.09,93.88,True,0,COLLECTING,0,,0,,,,,8,98,100,30,60,0.9999814998288719,0.17320508075688776
2026-08-31T22:06:26.264,125225515,P022,heavy_pressure,QUALITY,,,,100,4777387,118297,127140,117391.48,125679.45,905.52,1460.55,1522.44,3824.9,False,False,nan,True,0.7,68.09,93.88,True,0,COLLECTING,0,,0,,,,,8,98,100,30,60,0.9999814998288719,0.17320508075688776
2026-08-31T22:06:26.288,125225531,P022,heavy_pressure,QUALITY,,,,101,4777427,118319,127125,117410.03,125708.36,908.97,1416.64,1495.99,3778.32,False,False,nan,True,0.7,68.09,93.88,True,0,COLLECTING,0,,0,,,,,8,98,100,30,60,0.9999814998288719,0.17320508075688776
2026-08-31T22:06:26.328,125225578,P022,heavy_pressure,QUALITY,,,,102,4777467,118340,127105,117428.63,125736.29,911.37,1368.71,1464.17,3732.04,False,False,nan,True,0.7,68.09,93.88,True,0,COLLECTING,0,,0,,,,,8,98,100,30,60,0.9999814998288719,0.17320508075688776
2026-08-31T22:06:26.443,125225687,P022,heavy_pressure,QUALITY,,,,103,4777507,118354,127116,117447.14,125763.88,906.86,1352.12,1436.16,3686.12,False,False,nan,True,0.7,68.09,93.88,True,0,COLLECTING,0,,0,,,,,8,98,100,30,60,0.9995809121827007,0.17320508075688776
2026-08-31T22:06:26.455,125225703,P022,heavy_pressure,QUALITY,,,,104,4777547,118365,127131,117465.5,125791.23,899.5,1339.77,1412.06,3640.64,False,False,nan,True,0.7,68.09,93.88,True,0,COLLECTING,0,,0,,,,,8,98,100,30,60,0.9995809121827007,0.17320508075688776
2026-08-31T22:06:26.463,125225718,P022,heavy_pressure,QUALITY,,,,105,4777587,118342,127150,117483.03,125818.4,858.97,1331.6,1391.95,3595.67,False,False,nan,True,0.7,68.09,93.88,True,0,COLLECTING,0,,0,,,,,8,98,100,30,60,0.9995809121827007,0.17320508075688776
2026-08-31T22:06:26.487,125225734,P022,heavy_pressure,QUALITY,,,,106,4777627,118305,127165,117499.47,125845.33,805.53,1319.67,1373.88,3551.23,False,False,nan,True,0.7,68.09,93.88,True,0,COLLECTING,0,,0,,,,,8,98,100,30,60,0.9995809121827007,0.17320508075688776
2026-08-31T22:06:26.528,125225781,P022,heavy_pressure,QUALITY,,,,107,4777667,118274,127175,117514.96,125871.92,759.04,1303.08,1356.18,3507.33,False,False,nan,True,0.7,68.09,93.88,True,0,COLLECTING,0,,0,,,,,8,98,100,30,60,0.9995809121827007,0.17320508075688776
2026-08-31T22:06:26.644,125225890,P022,heavy_pressure,QUALITY,,,,108,4777707,118250,127165,117529.66,125897.78,720.34,1267.22,1333.94,3463.86,False,False,nan,True,0.7,68.09,93.88,True,0,COLLECTING,0,,0,,,,,8,98,100,30,60,0.9995809121827007,0.17320508075688776
2026-08-31T22:06:26.655,125225906,P022,heavy_pressure,QUALITY,,,,109,4777747,118274,127158,117544.55,125922.98,729.45,1235.02,1309.21,3420.77,False,False,nan,True,0.7,68.09,93.88,True,0,COLLECTING,0,,0,,,,,8,98,100,30,60,0.9995809121827007,0.17320508075688776
2026-08-31T22:06:26.664,125225921,P022,heavy_pressure,QUALITY,,,,110,4777787,118300,127167,117559.66,125947.87,740.34,1219.13,1286.69,3378.09,False,False,nan,True,0.7,68.09,93.88,True,0,COLLECTING,0,,0,,,,,8,98,100,30,60,0.9995809121827007,0.17320508075688776
2026-08-31T22:06:26.688,125225937,P022,heavy_pressure,QUALITY,,,,111,4777827,118333,127195,117575.12,125972.81,757.88,1222.19,1270.56,3335.94,False,False,nan,True,0.2568,68.09,88.39,False,0,COLLECTING,0,,0,,,,,8,98,100,30,60,0.9995809121827007,0.17320508075688776
2026-08-31T22:06:26.728,125225984,P022,heavy_pressure,QUALITY,,,,112,4777867,118387,127247,117591.36,125998.3,795.64,1248.7,1265.1,3294.52,False,False,nan,True,0.2568,68.09,88.39,False,0,COLLECTING,0,,0,,,,,8,98,100,30,60,0.9995809121827007,0.17320508075688776
2026-08-31T22:06:26.844,125226093,P022,heavy_pressure,QUALITY,,,,113,4777907,118447,127283,117608.47,126023.99,838.53,1259.01,1263.58,3253.9,False,False,nan,True,0.2568,68.09,88.39,False,0,COLLECTING,0,,0,,,,,8,98,100,30,60,0.9990925883020052,0.17320508075688776
2026-08-31T22:06:26.855,125226109,P022,heavy_pressure,QUALITY,,,,114,4777947,118476,127316,117625.82,126049.84,850.18,1266.16,1264.22,3214.11,False,False,nan,True,0.2568,68.09,88.39,False,0,COLLECTING,0,,0,,,,,8,98,100,30,60,0.9990925883020052,0.17320508075688776
2026-08-31T22:06:26.864,125226109,P022,heavy_pressure,QUALITY,,,,115,4777987,118557,127385,117644.45,126076.54,912.55,1308.46,1275.28,3175.33,False,False,nan,True,0.2568,68.09,88.39,False,0,COLLECTING,0,,0,,,,,8,98,100,30,60,0.9990925883020052,0.17320508075688776
2026-08-31T22:06:26.888,125226140,P022,heavy_pressure,QUALITY,,,,116,4778027,118647,127498,117664.5,126104.97,982.5,1393.03,1304.72,3137.92,False,False,nan,True,0.2568,68.09,88.39,False,0,COLLECTING,0,,0,,,,,8,98,100,30,60,0.9990925883020052,0.17320508075688776
2026-08-31T22:06:26.927,125226171,P022,heavy_pressure,QUALITY,,,,117,4778067,118676,127542,117684.73,126133.71,991.27,1408.29,1330.61,3101.77,False,False,nan,True,0.2568,68.09,88.39,False,0,COLLECTING,0,,0,,,,,8,98,100,30,60,0.9990925883020052,0.17320508075688776
2026-08-31T22:06:27.044,125226296,P022,heavy_pressure,QUALITY,,,,118,4778107,118703,127557,117705.09,126162.18,997.91,1394.82,1346.66,3066.67,False,False,nan,True,0.2568,68.09,88.39,False,0,COLLECTING,0,,0,,,,,8,98,100,30,60,0.9999814998288719,0.17320508075688776
2026-08-31T22:06:27.056,125226312,P022,heavy_pressure,QUALITY,,,,119,4778147,118699,127574,117724.97,126190.41,974.03,1383.59,1355.89,3032.46,False,False,nan,True,0.2568,68.09,88.39,False,0,COLLECTING,0,,0,,,,,8,98,100,30,60,0.9999814998288719,0.17320508075688776
2026-08-31T22:06:27.065,125226312,P022,heavy_pressure,QUALITY,,,,120,4778187,118761,127624,117745.69,126219.09,1015.31,1404.91,1368.15,2999.17,False,False,nan,True,0.2568,68.09,88.39,False,0,COLLECTING,0,,0,,,,,8,98,100,30,60,0.9999814998288719,0.17320508075688776
2026-08-31T22:06:27.087,125226343,P022,heavy_pressure,QUALITY,,,,121,4778227,118824,127715,117767.25,126249.01,1056.75,1465.99,1392.61,2967.04,False,False,nan,True,0.2568,68.09,88.39,False,0,COLLECTING,0,,0,,,,,8,98,100,30,60,0.9999814998288719,0.17320508075688776
2026-08-31T22:06:27.128,125226375,P022,heavy_pressure,QUALITY,,,,122,4778267,118885,127821,117789.6,126280.45,1095.4,1540.55,1429.6,2936.29,False,False,nan,True,0.2568,68.09,88.39,False,0,COLLECTING,0,,0,,,,,8,98,100,30,60,0.9999814998288719,0.17320508075688776
2026-08-31T22:06:27.244,125226500,P022,heavy_pressure,QUALITY,,,,123,4778307,118971,127914,117813.23,126313.12,1157.77,1600.88,1472.42,2907.01,False,False,nan,True,0.2568,68.09,88.39,False,0,COLLECTING,0,,0,,,,,7,98,100,30,60,0.9999814998288719,0.17320508075688776
2026-08-31T22:06:27.256,125226500,P022,heavy_pressure,QUALITY,,,,124,4778347,119025,127987,117837.46,126346.59,1187.54,1640.41,1514.41,2879.16,False,False,nan,True,0.2568,68.09,88.39,False,0,COLLECTING,0,,0,,,,,7,98,100,30,60,0.9999814998288719,0.17320508075688776
2026-08-31T22:06:27.265,125226515,P022,heavy_pressure,QUALITY,,,,125,4778387,119046,128024,117861.63,126380.14,1184.37,1643.86,1546.78,2852.51,False,False,nan,True,0.2568,68.09,88.39,False,0,COLLECTING,0,,0,,,,,7,98,100,30,60,0.9999814998288719,0.17320508075688776
2026-08-31T22:06:27.288,125226531,P022,heavy_pressure,QUALITY,,,,126,4778427,119066,128052,117885.72,126413.58,1180.28,1638.42,1569.69,2826.86,False,False,nan,True,0.2568,68.09,88.39,False,0,COLLECTING,0,,0,,,,,7,98,100,30,60,0.9999814998288719,0.17320508075688776
2026-08-31T22:06:27.328,125226578,P022,heavy_pressure,QUALITY,,,,127,4778467,119138,128115,117910.77,126447.61,1227.23,1667.39,1594.11,2802.2,False,False,nan,True,0.2568,68.09,88.39,False,0,COLLECTING,0,,0,,,,,7,98,100,30,60,0.9999814998288719,0.17320508075688776
2026-08-31T22:06:27.446,125226703,P022,heavy_pressure,QUALITY,,,,128,4778507,119174,128148,117936.03,126481.62,1237.97,1666.38,1612.18,2778.4,False,False,nan,True,0.2568,68.09,88.39,False,0,COLLECTING,0,,0,,,,,7,98,100,30,60,0.9995809121827007,0.17320508075688776
2026-08-31T22:06:27.457,125226703,P022,heavy_pressure,QUALITY,,,,129,4778547,119201,128154,117961.33,126515.06,1239.67,1638.94,1618.87,2755.21,False,False,nan,True,0.2568,68.09,88.39,False,0,COLLECTING,0,,0,,,,,7,98,100,30,60,0.9995809121827007,0.17320508075688776
2026-08-31T22:06:27.464,125226718,P022,heavy_pressure,QUALITY,,,,130,4778587,119192,128145,117985.95,126547.66,1206.05,1597.34,1613.49,2732.38,True,True,1400.0,True,0.2568,63.41,88.39,False,0,COLLECTING,0,,0,,,,,7,98,100,30,60,0.9995809121827007,0.17320508075688776
2026-08-31T22:06:27.487,125226734,P022,heavy_pressure,QUALITY,,,,131,4778627,119140,128090,118009.02,126578.51,1130.98,1511.49,1587.99,2709.49,False,False,nan,True,0.2568,63.41,88.39,False,0,COLLECTING,0,,0,,,,,7,98,100,30,60,0.9995809121827007,0.17320508075688776
2026-08-31T22:06:27.528,125226781,P022,heavy_pressure,QUALITY,,,,132,4778667,119108,128046,118031.0,126607.86,1077.0,1438.14,1550.53,2686.31,False,False,nan,True,0.2568,63.41,88.39,False,0,COLLECTING,0,,0,,,,,7,98,100,30,60,0.9995809121827007,0.17320508075688776
2026-08-31T22:06:27.644,125226890,P022,heavy_pressure,QUALITY,,,,133,4778707,119087,128021,118052.12,126636.12,1034.88,1384.88,1509.11,2662.76,False,False,nan,True,0.2568,63.41,88.39,False,0,COLLECTING,0,,0,,,,,8,98,100,30,60,1.0002029793996816,0.17320508075688776
2026-08-31T22:06:27.655,125226906,P022,heavy_pressure,QUALITY,,,,134,4778747,119086,128004,118072.8,126663.48,1013.2,1340.52,1466.96,2638.85,False,False,nan,True,0.2568,63.41,88.39,False,0,COLLECTING,0,,0,,,,,8,98,100,30,60,1.0002029793996816,0.17320508075688776
2026-08-31T22:06:27.665,125226921,P022,heavy_pressure,QUALITY,,,,135,4778787,119056,127983,118092.46,126689.88,963.54,1293.12,1423.5,2614.54,False,False,nan,True,0.2568,63.41,88.39,False,0,COLLECTING,0,,0,,,,,8,98,100,30,60,1.0002029793996816,0.17320508075688776
2026-08-31T22:06:27.691,125226937,P022,heavy_pressure,QUALITY,,,,136,4778827,119062,127970,118111.85,126715.48,950.15,1254.52,1381.26,2589.88,False,False,nan,True,0.2568,63.41,88.39,False,0,COLLECTING,0,,0,,,,,8,98,100,30,60,1.0002029793996816,0.17320508075688776
2026-08-31T22:06:27.728,125226984,P022,heavy_pressure,QUALITY,,,,137,4778867,119060,127968,118130.81,126740.52,929.19,1227.48,1342.81,2564.93,False,False,nan,True,0.2568,63.41,88.39,False,0,COLLECTING,0,,0,,,,,8,98,100,30,60,1.0002029793996816,0.17320508075688776
2026-08-31T22:06:27.845,125227093,P022,heavy_pressure,QUALITY,,,,138,4778907,119039,127936,118148.98,126764.43,890.02,1171.57,1300.0,2539.64,False,False,nan,True,0.2568,63.41,88.39,False,0,COLLECTING,0,,0,,,,,8,98,100,30,60,0.9999814998288719,0.17320508075688776
2026-08-31T22:06:27.856,125227109,P022,heavy_pressure,QUALITY,,,,139,4778947,118995,127922,118165.9,126787.58,829.1,1134.42,1258.61,2514.02,False,False,nan,True,0.2568,63.41,88.39,False,0,COLLECTING,0,,0,,,,,8,98,100,30,60,0.9999814998288719,0.17320508075688776
2026-08-31T22:06:27.863,125227109,P022,heavy_pressure,QUALITY,,,,140,4778987,118955,127889,118181.68,126809.61,773.32,1079.39,1213.8,2488.01,False,False,nan,True,0.2568,63.41,88.39,False,0,COLLECTING,0,,0,,,,,8,98,100,30,60,0.9999814998288719,0.17320508075688776
2026-08-31T22:06:27.888,125227140,P022,heavy_pressure,QUALITY,,,,141,4779027,118919,127872,118196.43,126830.86,722.57,1041.14,1170.64,2461.66,False,False,nan,True,0.2568,63.41,88.39,False,0,COLLECTING,0,,0,,,,,8,98,100,30,60,0.9999814998288719,0.17320508075688776
2026-08-31T22:06:27.927,125227171,P022,heavy_pressure,QUALITY,,,,142,4779067,118871,127841,118209.92,126851.06,661.08,989.94,1125.46,2434.94,False,False,nan,True,0.2568,63.41,88.39,False,0,COLLECTING,0,,0,,,,,8,98,100,30,60,0.9999814998288719,0.17320508075688776
2026-08-31T22:06:28.044,125227296,P022,heavy_pressure,QUALITY,,,,143,4779107,118809,127814,118221.91,126870.32,587.09,943.68,1080.02,2407.84,False,False,nan,True,0.2568,63.41,88.39,False,0,COLLECTING,0,,0,,,,,7,98,100,30,60,0.9999814998288719,0.17320508075688776
2026-08-31T22:06:28.056,125227312,P022,heavy_pressure,QUALITY,,,,144,4779147,118706,127758,118231.59,126888.07,474.41,869.93,1027.5,2380.23,False,False,nan,True,0.2568,63.41,88.39,False,0,COLLECTING,0,,0,,,,,7,98,100,30,60,0.9999814998288719,0.17320508075688776
2026-08-31T22:06:28.067,125227312,P022,heavy_pressure,QUALITY,,,,145,4779187,118631,127716,118239.57,126904.62,391.43,811.38,973.47,2352.1,False,False,nan,True,0.2568,63.41,88.39,False,0,COLLECTING,0,,0,,,,,7,98,100,30,60,0.9999814998288719,0.17320508075688776
2026-08-31T22:06:28.088,125227343,P022,heavy_pressure,QUALITY,,,,146,4779227,118594,127703,118246.66,126920.59,347.34,782.41,925.7,2323.57,False,False,nan,True,0.2568,63.41,88.39,False,0,COLLECTING,0,,0,,,,,7,98,100,30,60,0.9999814998288719,0.17320508075688776
2026-08-31T22:06:28.128,125227375,P022,heavy_pressure,QUALITY,,,,147,4779267,118592,127701,118253.56,126936.2,338.44,764.8,885.47,2294.81,False,False,nan,True,0.2568,63.41,88.39,False,0,COLLECTING,0,,0,,,,,7,98,100,30,60,0.9999814998288719,0.17320508075688776
2026-08-31T22:06:28.243,125227500,P022,heavy_pressure,QUALITY,,,,148,4779307,118592,127689,118260.33,126951.26,331.67,737.74,848.54,2265.88,False,False,nan,True,0.2568,63.41,88.39,False,0,COLLECTING,0,,0,,,,,7,98,100,30,60,0.9995809121827007,0.17320508075688776
2026-08-31T22:06:28.255,125227500,P022,heavy_pressure,QUALITY,,,,149,4779347,118572,127677,118266.56,126965.77,305.44,711.23,814.21,2236.85,False,False,nan,True,0.2568,63.41,88.39,False,0,COLLECTING,0,,0,,,,,7,98,100,30,60,0.9995809121827007,0.17320508075688776
2026-08-31T22:06:28.264,125227515,P022,heavy_pressure,QUALITY,,,,150,4779387,118587,127680,118272.97,126980.05,314.03,699.95,785.65,2207.83,False,False,nan,True,0.2568,63.41,88.39,False,0,COLLECTING,0,,0,,,,,7,98,100,30,60,0.9995809121827007,0.17320508075688776
2026-08-31T22:06:28.288,125227531,P022,heavy_pressure,QUALITY,,,,151,4779427,118597,127685,118279.45,126994.16,317.55,690.84,761.95,2178.91,False,False,nan,True,0.2568,63.41,88.39,False,0,COLLECTING,0,,0,,,,,7,98,100,30,60,0.9995809121827007,0.17320508075688776
2026-08-31T22:06:28.328,125227578,P022,heavy_pressure,QUALITY,,,,152,4779467,118611,127680,118286.09,127007.88,324.91,672.12,739.49,2150.12,False,False,nan,True,0.2568,63.41,88.39,False,0,COLLECTING,0,,0,,,,,7,98,100,30,60,0.9995809121827007,0.17320508075688776
2026-08-31T22:06:28.444,125227687,P022,heavy_pressure,QUALITY,,,,153,4779507,118634,127684,118293.05,127021.4,340.95,662.6,720.27,2121.52,False,False,nan,True,0.2568,63.41,88.39,False,0,COLLECTING,0,,0,,,,,7,98,100,30,60,0.9999814998288719,0.17320508075688776
2026-08-31T22:06:28.456,125227703,P022,heavy_pressure,QUALITY,,,,154,4779547,118661,127673,118300.41,127034.43,360.59,638.57,699.84,2093.09,False,False,nan,True,0.2568,63.41,88.39,False,0,COLLECTING,0,,0,,,,,7,98,100,30,60,0.9999814998288719,0.17320508075688776
2026-08-31T22:06:28.464,125227718,P022,heavy_pressure,QUALITY,,,,155,4779587,118635,127633,118307.1,127046.4,327.9,586.6,671.53,2064.66,False,False,nan,True,0.2568,63.41,88.39,False,0,COLLECTING,0,,0,,,,,7,98,100,30,60,0.9999814998288719,0.17320508075688776
2026-08-31T22:06:28.488,125227734,P022,heavy_pressure,QUALITY,,,,156,4779627,118615,127600,118313.26,127057.47,301.74,542.53,639.28,2036.15,False,False,nan,True,0.2568,63.41,88.39,False,0,COLLECTING,0,,0,,,,,7,98,100,30,60,0.9999814998288719,0.17320508075688776
2026-08-31T22:06:28.528,125227781,P022,heavy_pressure,QUALITY,,,,157,4779667,118673,127616,118320.45,127068.64,352.55,547.36,616.3,2007.75,False,False,nan,True,0.2568,63.41,88.39,False,0,COLLECTING,0,,0,,,,,7,98,100,30,60,0.9999814998288719,0.17320508075688776
2026-08-31T22:06:28.644,125227890,P022,heavy_pressure,QUALITY,,,,158,4779707,118754,127632,118329.12,127079.91,424.88,552.09,600.25,1979.6,False,False,nan,True,0.2568,63.41,88.39,False,0,COLLECTING,0,,0,,,,,6,98,100,30,60,0.9999814998288719,0.17320508075688776
2026-08-31T22:06:28.656,125227906,P022,heavy_pressure,QUALITY,,,,159,4779747,118772,127605,118337.98,127090.41,434.02,514.59,578.84,1951.59,False,False,nan,True,0.2568,63.41,88.39,False,0,COLLECTING,0,,0,,,,,6,98,100,30,60,0.9999814998288719,0.17320508075688776
2026-08-31T22:06:28.665,125227921,P022,heavy_pressure,QUALITY,,,,160,4779787,118801,127610,118347.24,127100.8,453.76,509.2,561.43,1923.79,False,False,nan,True,0.2568,63.41,88.39,False,0,COLLECTING,0,,0,,,,,6,98,100,30,60,0.9999814998288719,0.17320508075688776
2026-08-31T22:06:28.687,125227937,P022,heavy_pressure,QUALITY,,,,161,4779827,118852,127636,118357.34,127111.5,494.66,524.5,552.2,1896.35,False,False,nan,True,0.2568,63.41,88.39,False,0,COLLECTING,0,,0,,,,,6,98,100,30,60,0.9999814998288719,0.17320508075688776
2026-08-31T22:06:28.728,125227984,P022,heavy_pressure,QUALITY,,,,162,4779867,118840,127585,118366.99,127120.97,473.01,464.03,530.15,1869.03,False,False,nan,True,0.2568,63.41,88.39,False,0,COLLECTING,0,,0,,,,,6,98,100,30,60,0.9999814998288719,0.17320508075688776
2026-08-31T22:06:28.844,125228093,P022,heavy_pressure,QUALITY,,,,163,4779907,118790,127527,118375.45,127129.09,414.55,397.91,497.09,1841.59,False,False,nan,True,0.2568,63.41,88.39,False,0,COLLECTING,0,,0,,,,,6,98,100,30,60,0.9999814998288719,0.17320508075688776
2026-08-31T22:06:28.855,125228109,P022,heavy_pressure,QUALITY,,,,164,4779947,118743,127464,118382.8,127135.78,360.2,328.22,454.88,1813.86,False,False,nan,True,0.2568,63.41,88.39,False,0,COLLECTING,0,,0,,,,,6,98,100,30,60,0.9999814998288719,0.17320508075688776
2026-08-31T22:06:28.864,125228109,P022,heavy_pressure,QUALITY,,,,165,4779987,118755,127453,118390.25,127142.12,364.75,310.88,418.88,1785.96,False,False,nan,True,0.2568,63.41,88.39,False,0,COLLECTING,0,,0,,,,,6,98,100,30,60,0.9999814998288719,0.17320508075688776
2026-08-31T22:06:28.890,125228140,P022,heavy_pressure,QUALITY,,,,166,4780027,118725,127405,118396.95,127147.38,328.05,257.62,378.56,1757.81,False,False,nan,True,0.2568,63.41,88.39,False,0,COLLECTING,0,,0,,,,,6,98,100,30,60,0.9999814998288719,0.17320508075688776
2026-08-31T22:06:28.929,125228171,P022,heavy_pressure,QUALITY,,,,167,4780067,118676,127359,118402.52,127151.62,273.48,207.38,335.77,1729.37,False,False,nan,True,0.2568,63.41,88.39,False,0,COLLECTING,0,,0,,,,,6,98,100,30,60,0.9999814998288719,0.17320508075688776
2026-08-31T22:06:29.044,125228296,P022,heavy_pressure,QUALITY,,,,168,4780107,118644,127348,118407.35,127155.55,236.65,192.45,299.94,1700.78,False,False,nan,True,0.2568,63.41,88.39,False,0,COLLECTING,0,,0,,,,,6,98,100,30,60,0.9990925883020052,0.17320508075688776
2026-08-31T22:06:29.056,125228312,P022,heavy_pressure,QUALITY,,,,169,4780147,118612,127328,118411.45,127158.99,200.55,169.01,267.21,1672.11,False,False,nan,True,0.2568,63.41,88.39,False,0,COLLECTING,0,,0,,,,,6,98,100,30,60,0.9990925883020052,0.17320508075688776
2026-08-31T22:06:29.063,125228312,P022,heavy_pressure,QUALITY,,,,170,4780187,118576,127293,118414.73,127161.67,161.27,131.33,233.24,1643.33,False,False,nan,True,0.2568,63.41,88.39,False,0,COLLECTING,0,,0,,,,,6,98,100,30,60,0.9990925883020052,0.17320508075688776
2026-08-31T22:06:29.087,125228343,P022,heavy_pressure,QUALITY,,,,171,4780227,118548,127270,118417.4,127163.84,130.6,106.16,201.47,1614.49,False,False,nan,True,0.2568,63.41,88.39,False,0,COLLECTING,0,,0,,,,,6,98,100,30,60,0.9990925883020052,0.17320508075688776
2026-08-31T22:06:29.128,125228375,P022,heavy_pressure,QUALITY,,,,172,4780267,118539,127282,118419.83,127166.2,119.17,115.8,180.05,1585.8,False,False,nan,True,0.2568,63.41,88.39,False,0,COLLECTING,0,,0,,,,,6,98,100,30,60,0.9990925883020052,0.17320508075688776
2026-08-31T22:06:29.245,125228500,P022,heavy_pressure,QUALITY,,,,173,4780307,118560,127282,118422.63,127168.51,137.37,113.49,163.41,1557.36,False,False,nan,True,0.2568,63.41,88.39,False,0,COLLECTING,0,,0,,,,,6,98,100,30,60,0.9995809121827007,0.17320508075688776
2026-08-31T22:06:29.255,125228500,P022,heavy_pressure,QUALITY,,,,174,4780347,118546,127309,118425.1,127171.32,120.9,137.68,156.98,1529.35,False,False,nan,True,0.2568,63.41,88.39,False,0,COLLECTING,0,,0,,,,,6,98,100,30,60,0.9995809121827007,0.17320508075688776
2026-08-31T22:06:29.263,125228515,P022,heavy_pressure,QUALITY,,,,175,4780387,118534,127341,118427.28,127174.71,106.72,166.29,159.31,1501.95,False,False,nan,True,0.2568,63.41,88.39,False,0,COLLECTING,0,,0,,,,,6,98,100,30,60,0.9995809121827007,0.17320508075688776
2026-08-31T22:06:29.289,125228546,P022,heavy_pressure,QUALITY,,,,176,4780427,118520,127340,118429.13,127178.02,90.87,161.98,159.98,1475.11,False,False,nan,True,0.2568,63.41,88.39,False,0,COLLECTING,0,,0,,,,,6,98,100,30,60,0.9995809121827007,0.17320508075688776
2026-08-31T22:06:29.327,125228578,P022,heavy_pressure,QUALITY,,,,177,4780467,118523,127325,118431.01,127180.95,91.99,144.05,155.99,1448.73,False,False,nan,True,0.2568,63.41,88.39,False,0,COLLECTING,0,,0,,,,,6,98,100,30,60,0.9995809121827007,0.17320508075688776
2026-08-31T22:06:29.444,125228687,P022,heavy_pressure,QUALITY,,,,178,4780507,118506,127319,118432.51,127183.71,73.49,135.29,150.82,1422.77,False,False,nan,True,0.2568,63.41,88.39,False,0,COLLECTING,0,,0,,,,,6,98,100,30,60,0.9999814998288719,0.17320508075688776
2026-08-31T22:06:29.453,125228703,P022,heavy_pressure,QUALITY,,,,179,4780547,118482,127305,118433.5,127186.13,48.5,118.87,142.83,1397.17,False,False,nan,True,0.2568,63.41,88.39,False,0,COLLECTING,0,,0,,,,,6,98,100,30,60,0.9999814998288719,0.17320508075688776
2026-08-31T22:06:29.463,125228718,P022,heavy_pressure,QUALITY,,,,180,4780587,118500,127306,118434.83,127188.53,65.17,117.47,136.49,1371.96,False,False,nan,True,0.2568,63.41,88.39,False,0,COLLECTING,0,,0,,,,,6,98,100,30,60,0.9999814998288719,0.17320508075688776
2026-08-31T22:06:29.487,125228734,P022,heavy_pressure,QUALITY,,,,181,4780627,118518,127328,118436.49,127191.32,81.51,136.68,136.54,1347.25,False,False,nan,True,0.2568,63.41,88.39,False,0,COLLECTING,0,,0,,,,,6,98,100,30,60,0.9999814998288719,0.17320508075688776
2026-08-31T22:06:29.528,125228781,P022,heavy_pressure,QUALITY,,,,182,4780667,118518,127326,118438.12,127194.02,79.88,131.98,135.4,1323.01,False,False,nan,True,0.2568,63.41,88.39,False,0,COLLECTING,0,,0,,,,,6,98,100,30,60,0.9999814998288719,0.17320508075688776
2026-08-31T22:06:29.645,125228890,P022,heavy_pressure,QUALITY,,,,183,4780707,118517,127329,118439.7,127196.72,77.3,132.28,134.62,1299.24,False,False,nan,True,0.2568,63.41,88.39,False,0,COLLECTING,0,,0,,,,,6,98,100,30,60,0.9999814998288719,0.17320508075688776
2026-08-31T22:06:29.653,125228906,P022,heavy_pressure,QUALITY,,,,184,4780747,118521,127334,118441.33,127199.46,79.67,134.54,134.6,1275.95,False,False,nan,True,0.2568,63.41,88.39,False,0,COLLECTING,0,,0,,,,,6,98,100,30,60,0.9999814998288719,0.17320508075688776
2026-08-31T22:06:29.663,125228921,P022,heavy_pressure,QUALITY,,,,185,4780787,118528,127342,118443.06,127202.31,84.94,139.69,135.87,1253.15,False,False,nan,True,0.2568,63.41,88.39,False,0,COLLECTING,0,,0,,,,,6,98,100,30,60,0.9999814998288719,0.17320508075688776
2026-08-31T22:06:29.687,125228937,P022,heavy_pressure,QUALITY,,,,186,4780827,118536,127354,118444.92,127205.34,91.08,148.66,139.07,1230.87,False,False,nan,True,0.2568,63.41,88.39,False,0,COLLECTING,0,,0,,,,,6,98,100,30,60,0.9999814998288719,0.17320508075688776
2026-08-31T22:06:29.727,125228984,P022,heavy_pressure,QUALITY,,,,187,4780867,118541,127380,118446.84,127208.84,94.16,171.16,147.09,1209.19,False,False,nan,True,0.2568,63.41,88.39,False,0,COLLECTING,0,,0,,,,,6,98,100,30,60,0.9999814998288719,0.17320508075688776
2026-08-31T22:06:29.846,125229093,P022,heavy_pressure,QUALITY,,,,188,4780907,118564,127406,118449.19,127212.78,114.81,193.22,158.62,1188.18,False,False,nan,True,0.2568,63.41,88.39,False,0,COLLECTING,0,,0,,,,,6,98,100,30,60,0.9999814998288719,0.17320508075688776
2026-08-31T22:06:29.857,125229109,P022,heavy_pressure,QUALITY,,,,189,4780947,118572,127428,118451.64,127217.09,120.36,210.91,171.7,1167.85,False,False,nan,True,0.2568,63.41,88.39,False,0,COLLECTING,0,,0,,,,,6,98,100,30,60,0.9999814998288719,0.17320508075688776
2026-08-31T22:06:29.864,125229109,P022,heavy_pressure,QUALITY,,,,190,4780987,118600,127476,118454.61,127222.27,145.39,253.73,192.21,1148.34,False,False,nan,True,0.2568,63.41,88.39,False,0,COLLECTING,0,,0,,,,,6,98,100,30,60,0.9999814998288719,0.17320508075688776
2026-08-31T22:06:29.887,125229140,P022,heavy_pressure,QUALITY,,,,191,4781027,118623,127513,118457.98,127228.08,165.02,284.92,215.38,1129.68,False,False,nan,True,0.2568,63.41,88.39,False,0,COLLECTING,0,,0,,,,,6,98,100,30,60,0.9999814998288719,0.17320508075688776
2026-08-31T22:06:29.927,125229171,P022,heavy_pressure,QUALITY,,,,192,4781067,118656,127558,118461.94,127234.68,194.06,323.32,242.37,1111.93,False,False,nan,True,0.2568,63.41,88.39,False,0,COLLECTING,0,,0,,,,,6,98,100,30,60,0.9999814998288719,0.17320508075688776
2026-08-31T22:06:30.044,125229296,P022,heavy_pressure,QUALITY,,,,193,4781107,118691,127620,118466.52,127242.38,224.48,377.62,276.18,1095.22,False,False,nan,True,0.2568,63.41,88.39,False,0,COLLECTING,0,,0,,,,,6,98,100,30,60,0.9999814998288719,0.17320508075688776
2026-08-31T22:06:30.055,125229312,P022,heavy_pressure,QUALITY,,,,194,4781147,118741,127664,118472.01,127250.81,268.99,413.19,310.43,1079.52,False,False,nan,True,0.2568,63.41,88.39,False,0,COLLECTING,0,,0,,,,,6,98,100,30,60,0.9999814998288719,0.17320508075688776
2026-08-31T22:06:30.063,125229312,P022,heavy_pressure,QUALITY,,,,195,4781187,118731,127644,118477.19,127258.68,253.81,385.32,329.15,1064.51,False,False,nan,True,0.2568,63.41,88.39,False,0,COLLECTING,0,,0,,,,,6,98,100,30,60,0.9999814998288719,0.17320508075688776
2026-08-31T22:06:30.087,125229343,P022,heavy_pressure,QUALITY,,,,196,4781227,118741,127641,118482.46,127266.33,258.54,374.67,340.53,1050.03,False,False,nan,True,0.2568,63.41,88.39,False,0,COLLECTING,0,,0,,,,,6,98,100,30,60,0.9999814998288719,0.17320508075688776
2026-08-31T22:06:30.128,125229375,P022,heavy_pressure,QUALITY,,,,197,4781267,118765,127651,118488.11,127274.02,276.89,376.98,349.64,1036.03,False,False,nan,True,0.2568,63.41,88.39,False,0,COLLECTING,0,,0,,,,,6,98,100,30,60,0.9999814998288719,0.17320508075688776
2026-08-31T22:06:30.244,125229500,P022,heavy_pressure,QUALITY,,,,198,4781307,118767,127625,118493.69,127281.04,273.31,343.96,348.22,1022.27,False,False,nan,True,0.2568,63.41,88.39,False,0,COLLECTING,0,,0,,,,,6,98,100,30,60,0.9999814998288719,0.17320508075688776
2026-08-31T22:06:30.255,125229500,P022,heavy_pressure,QUALITY,,,,199,4781347,118770,127622,118499.21,127287.86,270.79,334.14,344.7,1008.72,False,False,nan,True,0.2568,63.41,88.39,False,0,COLLECTING,0,,0,,,,,6,98,100,30,60,0.9999814998288719,0.17320508075688776
2026-08-31T22:06:30.265,125229515,P022,heavy_pressure,QUALITY,,,,200,4781387,118778,127623,118504.79,127294.56,273.21,328.44,340.64,995.36,False,False,nan,True,0.2568,63.41,88.39,False,0,COLLECTING,0,,0,,,,,6,98,100,30,60,0.9999814998288719,0.17320508075688776
2026-08-31T22:06:30.287,125229531,P022,heavy_pressure,QUALITY,,,,201,4781427,118778,127600,118510.25,127300.67,267.75,299.33,330.31,982.06,False,False,nan,True,0.2568,63.41,88.39,False,0,COLLECTING,0,,0,,,,,6,98,100,30,60,0.9999814998288719,0.17320508075688776
2026-08-31T22:06:30.328,125229578,P022,heavy_pressure,QUALITY,,,,202,4781467,118752,127550,118515.09,127305.66,236.91,244.34,308.82,968.59,False,False,nan,True,0.2568,63.41,88.39,False,0,COLLECTING,0,,0,,,,,6,98,100,30,60,0.9999814998288719,0.17320508075688776
2026-08-31T22:06:30.443,125229687,P022,heavy_pressure,QUALITY,,,,203,4781507,118714,127510,118519.06,127309.74,194.94,200.26,281.68,954.85,False,False,nan,True,0.2568,63.41,88.39,False,0,COLLECTING,0,,0,,,,,6,98,100,30,60,0.9999814998288719,0.17320508075688776
2026-08-31T22:06:30.452,125229703,P022,heavy_pressure,QUALITY,,,,204,4781557,118683,127467,118522.34,127312.89,160.66,154.11,249.79,940.75,False,False,nan,True,0.2568,63.41,88.39,False,0,COLLECTING,0,,0,,,,,6,98,100,30,60,0.9999814998288719,0.17320508075688776
2026-08-31T22:06:30.463,125229718,P022,heavy_pressure,QUALITY,,,,205,4781597,118619,127381,118524.27,127314.25,94.73,66.75,204.03,926.02,False,False,nan,True,0.2568,63.41,88.39,False,0,COLLECTING,0,,0,,,,,6,98,100,30,60,0.9999814998288719,0.17320508075688776
2026-08-31T22:06:30.487,125229734,P022,heavy_pressure,QUALITY,,,,206,4781627,118562,127343,118525.03,127314.83,36.97,28.17,160.06,910.7,False,False,nan,True,0.2568,63.41,88.39,False,0,COLLECTING,0,,0,,,,,6,98,100,30,60,0.9999814998288719,0.17320508075688776
2026-08-31T22:06:30.646,125229890,P022,heavy_pressure,QUALITY,,,,207,4781677,118490,127184,118524.33,127312.21,-34.33,-128.21,87.99,894.24,False,False,nan,True,0.2568,63.41,88.39,False,0,COLLECTING,0,,0,,,,,6,98,100,30,60,0.9995809121827007,0.17320508075688776
2026-08-31T22:06:30.655,125229906,P022,heavy_pressure,QUALITY,,,,208,4781717,118473,127196,118523.3,127309.89,-50.3,-113.89,37.52,877.11,False,False,nan,True,0.2568,63.41,88.39,False,0,COLLECTING,0,,0,,,,,6,98,100,30,60,0.9995809121827007,0.17320508075688776
2026-08-31T22:06:30.663,125229921,P022,heavy_pressure,QUALITY,,,,209,4781757,118441,127143,118521.66,127306.55,-80.66,-163.55,-12.75,859.82,False,False,nan,True,0.2568,63.41,88.39,False,0,COLLECTING,0,,0,,,,,6,98,100,30,60,0.9995809121827007,0.17320508075688776
2026-08-31T22:06:30.673,125229921,P022,heavy_pressure,QUALITY,,,,210,4781797,118422,127122,118519.66,127302.87,-97.66,-180.87,-54.78,843.72,False,False,nan,True,0.2568,63.41,88.39,False,0,COLLECTING,0,,0,,,,,6,98,100,30,60,0.9995809121827007,0.17320508075688776
2026-08-31T22:06:30.700,125229953,P022,heavy_pressure,QUALITY,,,,211,4781827,118413,127180,118517.53,127300.41,-104.53,-120.41,-71.18,828.27,False,False,nan,True,0.4275,63.41,87.41,False,0,COLLECTING,0,,0,,,,,6,98,100,30,60,0.9995809121827007,0.17320508075688776
2026-08-31T22:06:30.843,125230093,P022,heavy_pressure,QUALITY,,,,212,4781877,118400,127126,118515.18,127296.92,-115.18,-170.92,-96.12,813.63,False,False,nan,True,0.4275,63.41,87.41,False,0,COLLECTING,0,,0,,,,,6,98,100,30,60,0.9999814998288719,0.17320508075688776
2026-08-31T22:06:30.854,125230109,P022,heavy_pressure,QUALITY,,,,213,4781917,118404,127135,118512.95,127293.68,-108.95,-158.68,-111.76,799.59,False,False,nan,True,0.4275,63.41,87.41,False,0,COLLECTING,0,,0,,,,,6,98,100,30,60,0.9999814998288719,0.17320508075688776
2026-08-31T22:06:30.865,125230109,P022,heavy_pressure,QUALITY,,,,214,4781957,118404,127129,118510.77,127290.38,-106.77,-161.38,-124.16,786.08,False,False,nan,True,0.4275,63.41,87.41,False,0,COLLECTING,0,,0,,,,,6,98,100,30,60,0.9999814998288719,0.17320508075688776
2026-08-31T22:06:30.874,125230125,P022,heavy_pressure,QUALITY,,,,215,4781997,118415,127154,118508.86,127287.66,-93.86,-133.66,-126.54,772.89,False,False,nan,True,0.4275,63.41,87.41,False,0,COLLECTING,0,,0,,,,,6,98,100,30,60,0.9999814998288719,0.17320508075688776
2026-08-31T22:06:30.897,125230140,P022,heavy_pressure,QUALITY,,,,216,4782037,118415,127113,118506.98,127284.16,-91.98,-171.16,-137.69,760.19,False,False,nan,True,0.4275,63.41,87.41,False,0,COLLECTING,0,,0,,,,,6,98,100,30,60,0.9999814998288719,0.17320508075688776
2026-08-31T22:06:31.042,125230296,P022,heavy_pressure,QUALITY,,,,217,4782077,118415,127215,118505.15,127282.78,-90.15,-67.78,-120.22,747.39,False,False,nan,True,0.4275,63.41,87.41,False,0,COLLECTING,0,,0,,,,,6,98,100,30,60,0.9999814998288719,0.17320508075688776
2026-08-31T22:06:31.053,125230296,P022,heavy_pressure,QUALITY,,,,218,4782117,118416,127203,118503.37,127281.19,-87.37,-78.19,-109.71,734.63,False,False,nan,True,0.4275,63.41,87.41,False,0,COLLECTING,0,,0,,,,,6,98,100,30,60,0.9999814998288719,0.17320508075688776
2026-08-31T22:06:31.065,125230312,P022,heavy_pressure,QUALITY,,,,219,4782157,118376,127129,118500.82,127278.14,-124.82,-149.14,-119.57,722.33,False,False,nan,True,0.4275,63.41,87.41,False,0,COLLECTING,0,,0,,,,,6,98,100,30,60,0.9999814998288719,0.17320508075688776
2026-08-31T22:06:31.074,125230328,P022,heavy_pressure,QUALITY,,,,220,4782197,118317,127098,118497.14,127274.54,-180.14,-176.54,-133.81,710.56,False,False,nan,True,0.4275,63.41,87.41,False,0,COLLECTING,0,,0,,,,,6,98,100,30,60,0.9999814998288719,0.17320508075688776
2026-08-31T22:06:31.099,125230343,P022,heavy_pressure,QUALITY,,,,221,4782237,118291,127044,118493.02,127269.93,-202.02,-225.93,-156.84,699.49,False,False,nan,True,0.4275,63.41,87.41,False,0,COLLECTING,0,,0,,,,,6,98,100,30,60,0.9999814998288719,0.17320508075688776
2026-08-31T22:06:31.243,125230500,P022,heavy_pressure,QUALITY,,,,222,4782277,118256,127046,118488.27,127265.45,-232.27,-219.45,-172.49,688.95,False,False,nan,True,0.4275,63.41,87.41,False,0,COLLECTING,0,,0,,,,,6,98,100,30,60,0.9999814998288719,0.17320508075688776
2026-08-31T22:06:31.255,125230500,P022,heavy_pressure,QUALITY,,,,223,4782317,118246,127000,118483.43,127260.14,-237.43,-260.14,-194.41,679.06,False,False,nan,True,0.4275,63.41,87.41,False,0,COLLECTING,0,,0,,,,,6,98,100,30,60,0.9999814998288719,0.17320508075688776
2026-08-31T22:06:31.265,125230515,P022,heavy_pressure,QUALITY,,,,224,4782357,118248,127059,118478.72,127256.12,-230.72,-197.12,-195.08,669.38,False,False,nan,True,0.4275,63.41,87.41,False,0,COLLECTING,0,,0,,,,,6,98,100,30,60,0.9999814998288719,0.17320508075688776
2026-08-31T22:06:31.274,125230531,P022,heavy_pressure,QUALITY,,,,225,4782397,118234,127057,118473.83,127252.13,-239.83,-195.13,-195.1,659.89,False,False,nan,True,0.4275,63.41,87.41,False,0,COLLECTING,0,,0,,,,,6,98,100,30,60,0.9999814998288719,0.17320508075688776
2026-08-31T22:06:31.298,125230546,P022,heavy_pressure,QUALITY,,,,226,4782437,118285,127064,118470.05,127248.37,-185.05,-184.37,-192.41,650.54,False,False,nan,True,0.4275,63.41,87.41,False,0,COLLECTING,0,,0,,,,,6,98,100,30,60,0.9999814998288719,0.17320508075688776
2026-08-31T22:06:31.444,125230687,P022,heavy_pressure,QUALITY,,,,227,4782477,118212,127022,118464.89,127243.84,-252.89,-221.84,-199.77,641.53,False,False,nan,True,0.4275,63.41,87.41,False,0,COLLECTING,0,,0,,,,,6,98,100,30,60,0.9999814998288719,0.17320508075688776
2026-08-31T22:06:31.455,125230703,P022,heavy_pressure,QUALITY,,,,228,4782517,118219,127015,118459.98,127239.27,-240.98,-224.27,-205.89,632.81,False,False,nan,True,0.4275,63.41,87.41,False,0,COLLECTING,0,,0,,,,,6,98,100,30,60,0.9999814998288719,0.17320508075688776
2026-08-31T22:06:31.465,125230718,P022,heavy_pressure,QUALITY,,,,229,4782557,118209,127025,118454.96,127234.98,-245.96,-209.98,-206.92,624.3,False,False,nan,True,0.4275,63.41,87.41,False,0,COLLECTING,0,,0,,,,,6,98,100,30,60,0.9999814998288719,0.17320508075688776
2026-08-31T22:06:31.474,125230718,P022,heavy_pressure,QUALITY,,,,230,4782597,118187,127002,118449.6,127230.32,-262.6,-228.32,-212.27,616.06,False,False,nan,True,0.4275,63.41,87.41,False,0,COLLECTING,0,,0,,,,,6,98,100,30,60,0.9999814998288719,0.17320508075688776
2026-08-31T22:06:31.498,125230750,P022,heavy_pressure,QUALITY,,,,231,4782637,118132,126934,118443.25,127224.39,-311.25,-290.39,-231.8,608.37,False,False,nan,True,0.4275,63.41,87.41,False,0,COLLECTING,0,,0,,,,,6,98,100,30,60,0.9999814998288719,0.17320508075688776
2026-08-31T22:06:31.643,125230890,P022,heavy_pressure,QUALITY,,,,232,4782677,118202,126998,118438.42,127219.86,-236.42,-221.86,-229.31,600.79,False,False,nan,True,0.4275,63.41,87.41,False,0,COLLECTING,0,,0,,,,,5,98,100,30,60,0.9999814998288719,0.17320508075688776
2026-08-31T22:06:31.655,125230906,P022,heavy_pressure,QUALITY,,,,233,4782717,118161,126959,118432.88,127214.64,-271.88,-255.64,-235.89,593.49,False,False,nan,True,0.4275,63.41,87.41,False,0,COLLECTING,0,,0,,,,,5,98,100,30,60,0.9999814998288719,0.17320508075688776
2026-08-31T22:06:31.665,125230921,P022,heavy_pressure,QUALITY,,,,234,4782757,118168,126954,118427.58,127209.43,-259.58,-255.43,-240.78,586.44,False,False,nan,True,0.4275,63.41,87.41,False,0,COLLECTING,0,,0,,,,,5,98,100,30,60,0.9999814998288719,0.17320508075688776
2026-08-31T22:06:31.675,125230921,P022,heavy_pressure,QUALITY,,,,235,4782797,118143,126933,118421.88,127203.9,-278.88,-270.9,-248.31,579.67,False,False,nan,True,0.4275,63.41,87.41,False,0,COLLECTING,0,,0,,,,,5,98,100,30,60,0.9999814998288719,0.17320508075688776
2026-08-31T22:06:31.697,125230953,P022,heavy_pressure,QUALITY,,,,236,4782837,118122,126957,118415.88,127198.96,-293.88,-241.96,-246.72,573.02,False,False,nan,True,0.4275,63.41,87.41,False,0,COLLECTING,0,,0,,,,,5,98,100,30,60,0.9999814998288719,0.17320508075688776
2026-08-31T22:06:31.843,125231093,P022,heavy_pressure,QUALITY,,,,237,4782877,118183,126973,118411.23,127194.45,-228.23,-221.45,-240.4,566.36,False,False,nan,True,0.4275,63.41,87.41,False,0,COLLECTING,0,,0,,,,,5,98,100,30,60,0.9999814998288719,0.17320508075688776
2026-08-31T22:06:31.856,125231109,P022,heavy_pressure,QUALITY,,,,238,4782917,118175,126946,118406.5,127189.48,-231.5,-243.48,-241.17,559.86,False,False,nan,True,0.4275,63.41,87.41,False,0,COLLECTING,0,,0,,,,,5,98,100,30,60,0.9999814998288719,0.17320508075688776
2026-08-31T22:06:31.865,125231109,P022,heavy_pressure,QUALITY,,,,239,4782957,118177,126941,118401.91,127184.51,-224.91,-243.51,-241.76,553.5,False,False,nan,True,0.4275,63.41,87.41,False,0,COLLECTING,0,,0,,,,,5,98,100,30,60,0.9999814998288719,0.17320508075688776
2026-08-31T22:06:31.876,125231125,P022,heavy_pressure,QUALITY,,,,240,4782997,118126,126913,118396.39,127179.08,-270.39,-266.08,-247.84,547.38,False,False,nan,True,0.4275,63.41,87.41,False,0,COLLECTING,0,,0,,,,,5,98,100,30,60,0.9999814998288719,0.17320508075688776
2026-08-31T22:06:31.897,125231140,P022,heavy_pressure,QUALITY,,,,241,4783037,118180,126990,118392.06,127175.3,-212.06,-185.3,-232.2,541.08,False,False,nan,True,0.4275,63.41,87.41,False,0,COLLECTING,0,,0,,,,,5,98,100,30,60,0.9999814998288719,0.17320508075688776
2026-08-31T22:06:32.044,125231296,P022,heavy_pressure,QUALITY,,,,242,4783077,118166,126925,118387.54,127170.29,-221.54,-245.29,-235.47,534.97,False,False,nan,True,0.4275,63.41,87.41,False,0,COLLECTING,0,,0,,,,,5,98,100,30,60,0.9999814998288719,0.17320508075688776
2026-08-31T22:06:32.054,125231312,P022,heavy_pressure,QUALITY,,,,243,4783117,118212,126981,118384.03,127166.5,-172.03,-185.5,-222.98,528.73,False,False,nan,True,0.4275,63.41,87.41,False,0,COLLECTING,0,,0,,,,,5,98,100,30,60,0.9999814998288719,0.17320508075688776
2026-08-31T22:06:32.066,125231312,P022,heavy_pressure,QUALITY,,,,244,4783157,118186,126926,118380.07,127161.69,-194.07,-235.69,-226.16,522.68,False,False,nan,True,0.4275,63.41,87.41,False,0,COLLECTING,0,,0,,,,,5,98,100,30,60,0.9999814998288719,0.17320508075688776
2026-08-31T22:06:32.074,125231328,P022,heavy_pressure,QUALITY,,,,245,4783197,118211,126994,118376.69,127158.34,-165.69,-164.34,-210.7,516.44,False,False,nan,True,0.4275,63.41,87.41,False,0,COLLECTING,0,,0,,,,,5,98,100,30,60,0.9999814998288719,0.17320508075688776
2026-08-31T22:06:32.097,125231343,P022,heavy_pressure,QUALITY,,,,246,4783237,118209,126967,118373.34,127154.51,-164.34,-187.51,-204.9,510.21,False,False,nan,True,0.4275,63.41,87.41,False,0,COLLECTING,0,,0,,,,,5,98,100,30,60,0.9999814998288719,0.17320508075688776
2026-08-31T22:06:32.243,125231500,P022,heavy_pressure,QUALITY,,,,247,4783277,118226,126979,118370.39,127151.0,-144.39,-172.0,-196.68,503.94,False,False,nan,True,0.4275,63.41,87.41,False,0,COLLECTING,0,,0,,,,,5,98,100,30,60,0.9999814998288719,0.17320508075688776
2026-08-31T22:06:32.255,125231500,P022,heavy_pressure,QUALITY,,,,248,4783317,118201,126999,118367.0,127147.96,-166.0,-148.96,-184.75,497.55,False,False,nan,True,0.4275,63.41,87.41,False,0,COLLECTING,0,,0,,,,,5,98,100,30,60,0.9999814998288719,0.17320508075688776
2026-08-31T22:06:32.265,125231515,P022,heavy_pressure,QUALITY,,,,249,4783357,118239,127020,118364.44,127145.4,-125.44,-125.4,-169.91,491.0,False,False,nan,True,0.4275,63.41,87.41,False,0,COLLECTING,0,,0,,,,,5,98,100,30,60,0.9999814998288719,0.17320508075688776
2026-08-31T22:06:32.274,125231531,P022,heavy_pressure,QUALITY,,,,250,4783397,118274,126998,118362.62,127142.45,-88.62,-144.45,-163.55,484.45,False,False,nan,True,0.4275,63.41,87.41,False,0,COLLECTING,0,,0,,,,,5,98,100,30,60,0.9999814998288719,0.17320508075688776
2026-08-31T22:06:32.298,125231546,P022,heavy_pressure,QUALITY,,,,251,4783437,118250,127041,118360.38,127140.42,-110.38,-99.42,-147.52,477.71,False,False,nan,True,0.4275,63.41,87.41,False,0,COLLECTING,0,,0,,,,,5,98,100,30,60,0.9999814998288719,0.17320508075688776
2026-08-31T22:06:32.443,125231687,P022,heavy_pressure,QUALITY,,,,252,4783477,118260,127005,118358.37,127137.71,-98.37,-132.71,-143.81,471.03,False,False,nan,True,0.4275,63.41,87.41,False,0,COLLECTING,0,,0,,,,,5,98,100,30,60,0.9999814998288719,0.24494897427831783
2026-08-31T22:06:32.455,125231703,P022,heavy_pressure,QUALITY,,,,253,4783517,118246,126997,118356.12,127134.9,-110.12,-137.9,-142.34,464.46,False,False,nan,True,0.4275,63.41,87.41,False,0,COLLECTING,0,,0,,,,,5,98,100,30,60,0.9999814998288719,0.24494897427831783
2026-08-31T22:06:32.466,125231718,P022,heavy_pressure,QUALITY,,,,254,4783557,118238,126994,118353.76,127132.08,-115.76,-138.08,-141.27,458.0,False,False,nan,True,0.4275,63.41,87.41,False,0,COLLECTING,0,,0,,,,,5,98,100,30,60,0.9999814998288719,0.24494897427831783
2026-08-31T22:06:32.474,125231718,P022,heavy_pressure,QUALITY,,,,255,4783597,118216,126999,118351.0,127129.41,-135.0,-130.41,-138.56,451.61,False,False,nan,True,0.4275,63.41,87.41,False,0,COLLECTING,0,,0,,,,,5,98,100,30,60,0.9999814998288719,0.24494897427831783
2026-08-31T22:06:32.497,125231750,P022,heavy_pressure,QUALITY,,,,256,4783637,118252,126995,118349.02,127126.73,-97.02,-131.73,-136.85,445.31,False,False,nan,True,0.4275,63.41,87.41,False,0,COLLECTING,0,,0,,,,,5,98,100,30,60,0.9999814998288719,0.24494897427831783
2026-08-31T22:06:32.643,125231890,P022,heavy_pressure,QUALITY,,,,257,4783677,118190,126994,118345.84,127124.07,-155.84,-130.07,-135.15,439.11,False,False,nan,True,0.4275,63.41,87.41,False,0,COLLECTING,0,,0,,,,,5,98,100,30,60,0.9999814998288719,0.17320508075688776
2026-08-31T22:06:32.654,125231906,P022,heavy_pressure,QUALITY,,,,258,4783717,118175,126965,118342.43,127120.89,-167.43,-155.89,-140.34,433.13,False,False,nan,True,0.4275,63.41,87.41,False,0,COLLECTING,0,,0,,,,,5,98,100,30,60,0.9999814998288719,0.17320508075688776
2026-08-31T22:06:32.666,125231921,P022,heavy_pressure,QUALITY,,,,259,4783757,118160,126960,118338.78,127117.67,-178.78,-157.67,-144.67,427.36,False,False,nan,True,0.4275,63.41,87.41,False,0,COLLECTING,0,,0,,,,,5,98,100,30,60,0.9999814998288719,0.17320508075688776
2026-08-31T22:06:32.674,125231921,P022,heavy_pressure,QUALITY,,,,260,4783797,118178,126965,118335.56,127114.62,-157.56,-149.62,-145.91,421.74,False,False,nan,True,0.4275,63.41,87.41,False,0,COLLECTING,0,,0,,,,,5,98,100,30,60,0.9999814998288719,0.17320508075688776
2026-08-31T22:06:32.697,125231953,P022,heavy_pressure,QUALITY,,,,261,4783837,118160,126957,118332.05,127111.47,-172.05,-154.47,-148.05,416.26,False,False,nan,True,0.4275,63.41,87.41,False,0,COLLECTING,0,,0,,,,,5,98,100,30,60,0.9999814998288719,0.17320508075688776
2026-08-31T22:06:32.843,125232093,P022,heavy_pressure,QUALITY,,,,262,4783877,118141,126958,118328.23,127108.4,-187.23,-150.4,-148.64,410.91,False,False,nan,True,0.4275,63.41,87.41,False,0,COLLECTING,0,,0,,,,,5,98,100,30,60,0.9999814998288719,0.17320508075688776
2026-08-31T22:06:32.855,125232109,P022,heavy_pressure,QUALITY,,,,263,4783917,118185,126955,118325.37,127105.33,-140.37,-150.33,-149.06,405.67,False,False,nan,True,0.4275,63.41,87.41,False,0,COLLECTING,0,,0,,,,,5,98,100,30,60,0.9999814998288719,0.17320508075688776
2026-08-31T22:06:32.865,125232109,P022,heavy_pressure,QUALITY,,,,264,4783957,118168,126978,118322.22,127102.78,-154.22,-124.78,-142.99,400.42,False,False,nan,True,0.4275,63.41,87.41,False,0,COLLECTING,0,,0,,,,,5,98,100,30,60,0.9999814998288719,0.17320508075688776
2026-08-31T22:06:32.875,125232125,P022,heavy_pressure,QUALITY,,,,265,4783997,118224,126982,118320.26,127100.37,-96.26,-118.37,-136.83,395.15,False,False,nan,True,0.4275,63.41,87.41,False,0,COLLECTING,0,,0,,,,,5,98,100,30,60,0.9999814998288719,0.17320508075688776
2026-08-31T22:06:32.897,125232140,P022,heavy_pressure,QUALITY,,,,266,4784037,118181,126997,118317.48,127098.3,-136.48,-101.3,-127.95,389.8,False,False,nan,True,0.4275,63.41,87.41,False,0,COLLECTING,0,,0,,,,,5,98,100,30,60,0.9999814998288719,0.17320508075688776
2026-08-31T22:06:33.044,125232296,P022,heavy_pressure,QUALITY,,,,267,4784077,118236,127025,118315.84,127096.83,-79.84,-71.83,-113.92,384.29,False,False,nan,True,0.4275,63.41,87.41,False,0,COLLECTING,0,,0,,,,,4,98,100,30,60,0.9999814998288719,0.17320508075688776
2026-08-31T22:06:33.054,125232312,P022,heavy_pressure,QUALITY,,,,268,4784117,118246,127040,118314.45,127095.7,-68.45,-55.7,-99.36,378.59,False,False,nan,True,0.4275,63.41,87.41,False,0,COLLECTING,0,,0,,,,,4,98,100,30,60,0.9999814998288719,0.17320508075688776
2026-08-31T22:06:33.063,125232312,P022,heavy_pressure,QUALITY,,,,269,4784157,118286,127046,118313.88,127094.7,-27.88,-48.7,-86.7,372.75,False,False,nan,True,0.4275,63.41,87.41,False,0,COLLECTING,0,,0,,,,,4,98,100,30,60,0.9999814998288719,0.17320508075688776
2026-08-31T22:06:33.073,125232328,P022,heavy_pressure,QUALITY,,,,270,4784197,118249,127059,118312.58,127093.99,-63.58,-34.99,-73.77,366.77,False,False,nan,True,0.4275,63.41,87.41,False,0,COLLECTING,0,,0,,,,,4,98,100,30,60,0.9999814998288719,0.17320508075688776
2026-08-31T22:06:33.099,125232343,P022,heavy_pressure,QUALITY,,,,271,4784237,118276,127056,118311.84,127093.23,-35.84,-37.23,-64.64,360.73,False,False,nan,True,0.4275,63.41,87.41,False,0,COLLECTING,0,,0,,,,,4,98,100,30,60,0.9999814998288719,0.17320508075688776
2026-08-31T22:06:33.244,125232500,P022,heavy_pressure,QUALITY,,,,272,4784277,118260,127060,118310.8,127092.57,-50.8,-32.57,-56.62,354.64,False,False,nan,True,0.4275,63.41,87.41,False,0,COLLECTING,0,,0,,,,,4,98,100,30,60,0.9995809121827007,0.17320508075688776
2026-08-31T22:06:33.254,125232500,P022,heavy_pressure,QUALITY,,,,273,4784317,118258,127054,118309.75,127091.8,-51.75,-37.8,-51.91,348.59,False,False,nan,True,0.4275,63.41,87.41,False,0,COLLECTING,0,,0,,,,,4,98,100,30,60,0.9995809121827007,0.17320508075688776
2026-08-31T22:06:33.262,125232515,P022,heavy_pressure,QUALITY,,,,274,4784357,118267,127049,118308.9,127090.94,-41.9,-41.94,-49.42,342.61,False,False,nan,True,0.4275,63.41,87.41,False,0,COLLECTING,0,,0,,,,,4,98,100,30,60,0.9995809121827007,0.17320508075688776
2026-08-31T22:06:33.273,125232531,P022,heavy_pressure,QUALITY,,,,275,4784397,118290,127058,118308.52,127090.28,-18.52,-32.28,-45.14,336.66,False,False,nan,True,0.4275,63.41,87.41,False,0,COLLECTING,0,,0,,,,,4,98,100,30,60,0.9995809121827007,0.17320508075688776
2026-08-31T22:06:33.296,125232546,P022,heavy_pressure,QUALITY,,,,276,4784437,118284,127052,118308.03,127089.52,-24.03,-37.52,-43.23,330.79,False,False,nan,True,0.4275,63.41,87.41,False,0,COLLECTING,0,,0,,,,,4,98,100,30,60,0.9995809121827007,0.17320508075688776
2026-08-31T22:06:33.443,125232687,P022,heavy_pressure,QUALITY,,,,277,4784477,118302,127012,118307.91,127087.97,-5.91,-75.97,-51.42,325.2,False,False,nan,True,0.4275,63.41,87.41,False,0,COLLECTING,0,,0,,,,,4,98,100,30,60,0.9999814998288719,0.17320508075688776
2026-08-31T22:06:33.453,125232703,P022,heavy_pressure,QUALITY,,,,278,4784517,118302,127024,118307.8,127086.69,-5.8,-62.69,-54.23,319.78,False,False,nan,True,0.4275,63.41,87.41,False,0,COLLECTING,0,,0,,,,,4,98,100,30,60,0.9999814998288719,0.17320508075688776
2026-08-31T22:06:33.463,125232718,P022,heavy_pressure,QUALITY,,,,279,4784557,118310,127039,118307.84,127085.73,2.16,-46.73,-52.36,314.43,False,False,nan,True,0.4275,63.41,87.41,False,0,COLLECTING,0,,0,,,,,4,98,100,30,60,0.9999814998288719,0.17320508075688776
2026-08-31T22:06:33.472,125232718,P022,heavy_pressure,QUALITY,,,,280,4784597,118300,127054,118307.69,127085.1,-7.69,-31.1,-47.04,309.09,False,False,nan,True,0.4275,63.41,87.41,False,0,COLLECTING,0,,0,,,,,4,98,100,30,60,0.9999814998288719,0.17320508075688776
2026-08-31T22:06:33.497,125232750,P022,heavy_pressure,QUALITY,,,,281,4784637,118319,127071,118307.91,127084.82,11.09,-13.82,-38.74,303.68,False,False,nan,True,0.4275,63.41,87.41,False,0,COLLECTING,0,,0,,,,,4,98,100,30,60,0.9999814998288719,0.17320508075688776
2026-08-31T22:06:33.643,125232890,P022,heavy_pressure,QUALITY,,,,282,4784677,118315,127083,118308.05,127084.78,6.95,-1.78,-29.5,298.2,False,False,nan,True,0.4275,63.41,87.41,False,0,COLLECTING,0,,0,,,,,3,98,100,30,60,0.9995809121827007,0.17320508075688776
2026-08-31T22:06:33.654,125232906,P022,heavy_pressure,QUALITY,,,,283,4784717,118300,127064,118307.89,127084.37,-7.89,-20.37,-27.22,292.78,False,False,nan,True,0.4275,63.41,87.41,False,0,COLLECTING,0,,0,,,,,3,98,100,30,60,0.9995809121827007,0.17320508075688776
2026-08-31T22:06:33.662,125232906,P022,heavy_pressure,QUALITY,,,,284,4784757,118292,127061,118307.57,127083.9,-15.57,-22.9,-26.14,287.44,False,False,nan,True,0.4275,63.41,87.41,False,0,COLLECTING,0,,0,,,,,3,98,100,30,60,0.9995809121827007,0.17320508075688776
2026-08-31T22:06:33.672,125232921,P022,heavy_pressure,QUALITY,,,,285,4784797,118296,127066,118307.34,127083.54,-11.34,-17.54,-23.99,282.17,False,False,nan,True,0.4275,63.41,87.41,False,0,COLLECTING,0,,0,,,,,3,98,100,30,60,0.9995809121827007,0.17320508075688776
2026-08-31T22:06:33.697,125232953,P022,heavy_pressure,QUALITY,,,,286,4784837,118305,127067,118307.29,127083.21,-2.29,-16.21,-22.04,276.97,False,False,nan,True,0.4275,63.41,87.41,False,0,COLLECTING,0,,0,,,,,3,98,100,30,60,0.9995809121827007,0.17320508075688776
2026-08-31T22:06:33.844,125233093,P022,heavy_pressure,QUALITY,,,,287,4784877,118301,127087,118307.16,127083.29,-6.16,3.71,-15.6,271.74,False,False,nan,True,0.4275,63.41,87.41,False,0,COLLECTING,0,,0,,,,,3,98,100,30,60,0.9999814998288719,0.17320508075688776
2026-08-31T22:06:33.855,125233109,P022,heavy_pressure,QUALITY,,,,288,4784917,118301,127089,118307.04,127083.41,-6.04,5.59,-10.31,266.52,False,False,nan,True,0.4275,63.41,87.41,False,0,COLLECTING,0,,0,,,,,3,98,100,30,60,0.9999814998288719,0.17320508075688776
2026-08-31T22:06:33.862,125233109,P022,heavy_pressure,QUALITY,,,,289,4784957,118314,127095,118307.18,127083.64,6.82,11.36,-4.89,261.28,False,False,nan,True,0.4275,63.41,87.41,False,0,COLLECTING,0,,0,,,,,3,98,100,30,60,0.9999814998288719,0.17320508075688776
2026-08-31T22:06:33.872,125233125,P022,heavy_pressure,QUALITY,,,,290,4784997,118304,127090,118307.12,127083.77,-3.12,6.23,-2.11,256.1,False,False,nan,True,0.4275,63.41,87.41,False,0,COLLECTING,0,,0,,,,,3,98,100,30,60,0.9999814998288719,0.17320508075688776
2026-08-31T22:06:33.896,125233140,P022,heavy_pressure,QUALITY,,,,291,4785037,118308,127088,118307.13,127083.85,0.87,4.15,-0.54,250.99,False,False,nan,True,0.4275,63.41,87.41,False,0,COLLECTING,0,,0,,,,,3,98,100,30,60,0.9999814998288719,0.17320508075688776
2026-08-31T22:06:34.043,125233296,P022,heavy_pressure,QUALITY,,,,292,4785077,118314,127094,118307.27,127084.05,6.73,9.95,2.08,246.01,False,False,nan,True,0.4275,63.41,87.41,False,0,COLLECTING,0,,0,,,,,3,98,100,30,60,0.9995809121827007,0.17320508075688776
2026-08-31T22:06:34.052,125233296,P022,heavy_pressure,QUALITY,,,,293,4785117,118298,127085,118307.09,127084.07,-9.09,0.93,1.79,241.13,False,False,nan,True,0.4275,63.41,87.41,False,0,COLLECTING,0,,0,,,,,3,98,100,30,60,0.9995809121827007,0.17320508075688776
2026-08-31T22:06:34.062,125233312,P022,heavy_pressure,QUALITY,,,,294,4785157,118283,127062,118306.6,127083.63,-23.6,-21.63,-4.06,236.38,False,False,nan,True,0.4275,63.41,87.41,False,0,COLLECTING,0,,0,,,,,3,98,100,30,60,0.9995809121827007,0.17320508075688776
2026-08-31T22:06:34.073,125233328,P022,heavy_pressure,QUALITY,,,,295,4785197,118250,127006,118305.47,127082.08,-55.47,-76.08,-22.07,232.1,False,False,nan,True,0.4275,63.41,87.41,False,0,COLLECTING,0,,0,,,,,3,98,100,30,60,0.9995809121827007,0.17320508075688776
2026-08-31T22:06:34.097,125233343,P022,heavy_pressure,QUALITY,,,,296,4785237,118246,126989,118304.28,127080.22,-58.28,-91.22,-39.36,228.24,False,False,nan,True,0.4275,63.41,87.41,False,0,COLLECTING,0,,0,,,,,3,98,100,30,60,0.9995809121827007,0.17320508075688776
2026-08-31T22:06:34.243,125233500,P022,heavy_pressure,QUALITY,,,,297,4785277,118250,127015,118303.2,127078.91,-53.2,-63.91,-45.5,224.59,False,False,nan,True,0.4275,63.41,87.41,False,0,COLLECTING,0,,0,,,,,3,98,100,30,60,0.9999814998288719,0.17320508075688776
2026-08-31T22:06:34.254,125233500,P022,heavy_pressure,QUALITY,,,,298,4785317,118259,127047,118302.31,127078.27,-43.31,-31.27,-41.94,220.94,False,False,nan,True,0.4275,63.41,87.41,False,0,COLLECTING,0,,0,,,,,3,98,100,30,60,0.9999814998288719,0.17320508075688776
2026-08-31T22:06:34.262,125233515,P022,heavy_pressure,QUALITY,,,,299,4785357,118246,127048,118301.19,127077.67,-55.19,-29.67,-38.87,217.29,False,False,nan,True,0.4275,63.41,87.41,False,0,COLLECTING,0,,0,,,,,3,98,100,30,60,0.9999814998288719,0.17320508075688776
2026-08-31T22:06:34.274,125233531,P022,heavy_pressure,QUALITY,,,,300,4785397,118236,127039,118299.88,127076.9,-63.88,-37.9,-38.63,213.72,False,False,nan,True,0.4275,63.41,87.41,False,0,COLLECTING,0,,0,,,,,3,98,100,30,60,0.9999814998288719,0.17320508075688776
2026-08-31T22:06:34.297,125233546,P022,heavy_pressure,QUALITY,,,,301,4785437,118243,127034,118298.74,127076.04,-55.74,-42.04,-39.48,210.24,False,False,nan,True,0.4275,63.41,87.41,False,0,COLLECTING,0,,0,,,,,3,98,100,30,60,0.9999814998288719,0.17320508075688776
2026-08-31T22:06:34.443,125233687,P022,heavy_pressure,QUALITY,,,,302,4785477,118223,127021,118297.23,127074.94,-74.23,-53.94,-43.1,206.89,False,False,nan,True,0.4275,63.41,87.41,False,0,COLLECTING,0,,0,,,,,3,98,100,30,60,0.9999814998288719,0.17320508075688776
2026-08-31T22:06:34.453,125233703,P022,heavy_pressure,QUALITY,,,,303,4785517,118222,127017,118295.72,127073.78,-73.72,-56.78,-46.52,203.69,False,False,nan,True,0.4275,63.41,87.41,False,0,COLLECTING,0,,0,,,,,3,98,100,30,60,0.9999814998288719,0.17320508075688776
2026-08-31T22:06:34.462,125233718,P022,heavy_pressure,QUALITY,,,,304,4785557,118219,127011,118294.19,127072.52,-75.19,-61.52,-50.27,200.62,False,False,nan,True,0.4275,63.41,87.41,False,0,COLLECTING,0,,0,,,,,3,98,100,30,60,0.9999814998288719,0.17320508075688776
2026-08-31T22:06:34.473,125233718,P022,heavy_pressure,QUALITY,,,,305,4785597,118236,127041,118293.02,127071.89,-57.02,-30.89,-45.42,197.51,False,False,nan,True,0.4275,63.41,87.41,False,0,COLLECTING,0,,0,,,,,3,98,100,30,60,0.9999814998288719,0.17320508075688776
2026-08-31T22:06:34.497,125233750,P022,heavy_pressure,QUALITY,,,,306,4785637,118245,127048,118292.06,127071.41,-47.06,-23.41,-39.92,194.36,False,False,nan,True,0.4275,63.41,87.41,False,0,COLLECTING,0,,0,,,,,3,98,100,30,60,0.9999814998288719,0.17320508075688776
2026-08-31T22:06:34.644,125233890,P022,heavy_pressure,QUALITY,,,,307,4785677,118236,127056,118290.94,127071.11,-54.94,-15.11,-33.72,191.15,False,False,nan,True,0.4275,63.41,87.41,False,0,COLLECTING,0,,0,,,,,2,98,100,30,60,0.9999814998288719,0.17320508075688776
2026-08-31T22:06:34.654,125233906,P022,heavy_pressure,QUALITY,,,,308,4785717,118241,127067,118289.94,127071.02,-48.94,-4.02,-26.29,187.85,False,False,nan,True,0.4275,63.41,87.41,False,0,COLLECTING,0,,0,,,,,2,98,100,30,60,0.9999814998288719,0.17320508075688776
2026-08-31T22:06:34.662,125233906,P022,heavy_pressure,QUALITY,,,,309,4785757,118243,127077,118289.0,127071.14,-46.0,5.86,-18.26,184.46,False,False,nan,True,0.4275,63.41,87.41,False,0,COLLECTING,0,,0,,,,,2,98,100,30,60,0.9999814998288719,0.17320508075688776
2026-08-31T22:06:34.673,125233921,P022,heavy_pressure,QUALITY,,,,310,4785797,118239,127080,118288.0,127071.32,-49.0,8.68,-11.52,181.0,False,False,nan,True,0.4275,63.41,87.41,False,0,COLLECTING,0,,0,,,,,2,98,100,30,60,0.9999814998288719,0.17320508075688776
2026-08-31T22:06:34.697,125233953,P022,heavy_pressure,QUALITY,,,,311,4785837,118230,127086,118286.84,127071.62,-56.84,14.38,-5.05,177.48,False,False,nan,True,0.0264,63.41,83.85,False,0,COLLECTING,0,,0,,,,,2,98,100,30,60,0.9999814998288719,0.17320508075688776
2026-08-31T22:06:34.842,125234093,P022,heavy_pressure,QUALITY,,,,312,4785877,118222,127078,118285.55,127071.74,-63.55,6.26,-2.22,173.98,False,False,nan,True,0.0264,63.41,83.85,False,0,COLLECTING,0,,0,,,,,2,98,100,30,60,0.9999814998288719,0.17320508075688776
2026-08-31T22:06:34.854,125234109,P022,heavy_pressure,QUALITY,,,,313,4785917,118217,127058,118284.18,127071.47,-67.18,-13.47,-5.03,170.6,False,False,nan,True,0.0264,63.41,83.85,False,0,COLLECTING,0,,0,,,,,2,98,100,30,60,0.9999814998288719,0.17320508075688776
2026-08-31T22:06:34.862,125234109,P022,heavy_pressure,QUALITY,,,,314,4785957,118188,127019,118282.26,127070.42,-94.26,-51.42,-16.63,167.52,False,False,nan,True,0.0264,63.41,83.85,False,0,COLLECTING,0,,0,,,,,2,98,100,30,60,0.9999814998288719,0.17320508075688776
2026-08-31T22:06:34.872,125234125,P022,heavy_pressure,QUALITY,,,,315,4785997,118207,127055,118280.75,127070.12,-73.75,-15.12,-16.25,164.49,False,False,nan,True,0.0264,63.41,83.85,False,0,COLLECTING,0,,0,,,,,2,98,100,30,60,0.9999814998288719,0.17320508075688776
2026-08-31T22:06:34.897,125234140,P022,heavy_pressure,QUALITY,,,,316,4786037,118205,127083,118279.23,127070.38,-74.23,12.62,-9.03,161.38,False,False,nan,True,0.0264,63.41,83.85,False,0,COLLECTING,0,,0,,,,,2,98,100,30,60,0.9999814998288719,0.17320508075688776
2026-08-31T22:06:35.045,125234296,P022,heavy_pressure,QUALITY,,,,317,4786077,118179,127076,118277.23,127070.48,-98.23,5.52,-5.4,158.26,False,False,nan,True,0.0264,63.41,83.85,False,0,COLLECTING,0,,0,,,,,2,98,100,30,60,0.9995809121827007,0.17320508075688776
2026-08-31T22:06:35.055,125234312,P022,heavy_pressure,QUALITY,,,,318,4786117,118146,127061,118274.6,127070.3,-128.6,-9.3,-6.37,155.23,False,False,nan,True,0.0264,63.41,83.85,False,0,COLLECTING,0,,0,,,,,2,98,100,30,60,0.9995809121827007,0.17320508075688776
2026-08-31T22:06:35.062,125234312,P022,heavy_pressure,QUALITY,,,,319,4786157,118121,127050,118271.53,127069.89,-150.53,-19.89,-9.75,152.32,False,False,nan,True,0.0264,63.41,83.85,False,0,COLLECTING,0,,0,,,,,2,98,100,30,60,0.9995809121827007,0.17320508075688776
2026-08-31T22:06:35.073,125234328,P022,heavy_pressure,QUALITY,,,,320,4786197,118120,127027,118268.5,127069.03,-148.5,-42.03,-17.82,149.63,False,False,nan,True,0.0264,63.41,83.85,False,0,COLLECTING,0,,0,,,,,2,98,100,30,60,0.9995809121827007,0.17320508075688776
2026-08-31T22:06:35.098,125234343,P022,heavy_pressure,QUALITY,,,,321,4786237,118112,127027,118265.37,127068.19,-153.37,-41.19,-23.66,147.11,False,False,nan,True,0.0264,63.41,83.85,False,0,COLLECTING,0,,0,,,,,2,98,100,30,60,0.9995809121827007,0.17320508075688776
2026-08-31T22:06:35.244,125234500,P022,heavy_pressure,QUALITY,,,,322,4786277,118115,127028,118262.36,127067.38,-147.36,-39.38,-27.59,144.72,False,False,nan,True,0.0264,63.41,83.85,False,0,COLLECTING,0,,0,,,,,2,98,100,30,60,0.9999814998288719,0.17320508075688776
2026-08-31T22:06:35.254,125234500,P022,heavy_pressure,QUALITY,,,,323,4786317,118105,127031,118259.21,127066.66,-154.21,-35.66,-29.61,142.41,False,False,nan,True,0.0264,63.41,83.85,False,0,COLLECTING,0,,0,,,,,2,98,100,30,60,0.9999814998288719,0.17320508075688776
2026-08-31T22:06:35.265,125234515,P022,heavy_pressure,QUALITY,,,,324,4786357,118105,127052,118256.12,127066.36,-151.12,-14.36,-25.8,140.08,False,False,nan,True,0.0264,63.41,83.85,False,0,COLLECTING,0,,0,,,,,2,98,100,30,60,0.9999814998288719,0.17320508075688776
2026-08-31T22:06:35.273,125234531,P022,heavy_pressure,QUALITY,,,,325,4786397,118116,127048,118253.32,127065.99,-137.32,-17.99,-23.85,137.76,False,False,nan,True,0.0264,63.41,83.85,False,0,COLLECTING,0,,0,,,,,2,98,100,30,60,0.9999814998288719,0.17320508075688776
2026-08-31T22:06:35.296,125234546,P022,heavy_pressure,QUALITY,,,,326,4786437,118151,127076,118251.27,127066.2,-100.27,9.8,-15.43,135.31,False,False,nan,True,0.0264,63.41,83.85,False,0,COLLECTING,0,,0,,,,,2,98,100,30,60,0.9999814998288719,0.17320508075688776
2026-08-31T22:06:35.442,125234687,P022,heavy_pressure,QUALITY,,,,327,4786477,118176,127103,118249.77,127066.93,-73.77,36.07,-2.56,132.66,False,False,nan,True,0.0264,63.41,83.85,False,0,COLLECTING,0,,0,,,,,2,98,100,30,60,0.9999814998288719,0.17320508075688776
2026-08-31T22:06:35.454,125234703,P022,heavy_pressure,QUALITY,,,,328,4786517,118161,127092,118247.99,127067.43,-86.99,24.57,4.22,130.09,False,False,nan,True,0.0264,63.41,83.85,False,0,COLLECTING,0,,0,,,,,2,98,100,30,60,0.9999814998288719,0.17320508075688776
2026-08-31T22:06:35.462,125234718,P022,heavy_pressure,QUALITY,,,,329,4786557,118179,127113,118246.61,127068.34,-67.61,44.66,14.33,127.77,False,False,nan,True,0.0264,63.41,83.85,False,0,COLLECTING,0,,0,,,,,2,98,100,30,60,0.9999814998288719,0.17320508075688776
2026-08-31T22:06:35.472,125234718,P022,heavy_pressure,QUALITY,,,,330,4786597,118161,127096,118244.9,127068.9,-83.9,27.1,17.52,125.57,False,False,nan,True,0.0264,63.41,83.85,False,0,COLLECTING,0,,0,,,,,2,98,100,30,60,0.9999814998288719,0.17320508075688776
2026-08-31T22:06:35.497,125234750,P022,heavy_pressure,QUALITY,,,,331,4786637,118156,127089,118243.12,127069.3,-87.12,19.7,18.07,123.42,False,False,nan,True,0.0264,63.41,83.85,False,0,COLLECTING,0,,0,,,,,2,98,100,30,60,0.9999814998288719,0.17320508075688776
2026-08-31T22:06:35.643,125234890,P022,heavy_pressure,QUALITY,,,,332,4786677,118149,127067,118241.23,127069.25,-92.23,-2.25,12.99,121.21,False,False,nan,True,0.0264,63.41,83.85,False,0,COLLECTING,0,,0,,,,,2,98,100,30,60,0.9995809121827007,0.24494897427831783
2026-08-31T22:06:35.654,125234906,P022,heavy_pressure,QUALITY,,,,333,4786717,118136,127032,118239.13,127068.51,-103.13,-36.51,0.62,118.8,False,False,nan,True,0.0264,63.41,83.85,False,0,COLLECTING,0,,0,,,,,2,98,100,30,60,0.9995809121827007,0.24494897427831783
2026-08-31T22:06:35.661,125234906,P022,heavy_pressure,QUALITY,,,,334,4786757,118126,127005,118236.87,127067.23,-110.87,-62.23,-15.1,116.72,False,False,nan,True,0.0264,63.41,83.85,False,0,COLLECTING,0,,0,,,,,2,98,100,30,60,0.9995809121827007,0.24494897427831783
2026-08-31T22:06:35.673,125234921,P022,heavy_pressure,QUALITY,,,,335,4786797,118125,127018,118234.63,127066.25,-109.63,-48.25,-23.39,114.86,False,False,nan,True,0.0264,63.41,83.85,False,0,COLLECTING,0,,0,,,,,2,98,100,30,60,0.9995809121827007,0.24494897427831783
2026-08-31T22:06:35.696,125234953,P022,heavy_pressure,QUALITY,,,,336,4786837,118125,127033,118232.44,127065.59,-107.44,-32.59,-25.69,113.07,False,False,nan,True,0.0264,63.41,83.85,False,0,COLLECTING,0,,0,,,,,2,98,100,30,60,0.9995809121827007,0.24494897427831783
2026-08-31T22:06:35.843,125235093,P022,heavy_pressure,QUALITY,,,,337,4786877,118134,127039,118230.47,127065.05,-96.47,-26.05,-25.78,111.33,False,False,nan,True,0.0264,63.41,83.85,False,0,COLLECTING,0,,0,,,,,1,98,100,30,60,0.9995809121827007,0.17320508075688776
2026-08-31T22:06:35.854,125235109,P022,heavy_pressure,QUALITY,,,,338,4786917,118143,127055,118228.72,127064.85,-85.72,-9.85,-21.8,109.54,False,False,nan,True,0.0264,63.41,83.85,False,0,COLLECTING,0,,0,,,,,1,98,100,30,60,0.9995809121827007,0.17320508075688776
2026-08-31T22:06:35.865,125235109,P022,heavy_pressure,QUALITY,,,,339,4786957,118138,127047,118226.91,127064.49,-88.91,-17.49,-20.72,107.76,False,False,nan,True,0.0264,63.41,83.85,False,0,COLLECTING,0,,0,,,,,1,98,100,30,60,0.9995809121827007,0.17320508075688776
2026-08-31T22:06:35.873,125235125,P022,heavy_pressure,QUALITY,,,,340,4786997,118132,127035,118225.01,127063.91,-93.01,-28.91,-22.77,106.06,False,False,nan,True,0.0264,63.41,83.85,False,0,COLLECTING,0,,0,,,,,1,98,100,30,60,0.9995809121827007,0.17320508075688776
2026-08-31T22:06:35.897,125235140,P022,heavy_pressure,QUALITY,,,,341,4787037,118133,127041,118223.16,127063.45,-90.16,-22.45,-22.69,104.39,False,False,nan,True,0.0264,63.41,83.85,False,0,COLLECTING,0,,0,,,,,1,98,100,30,60,0.9995809121827007,0.17320508075688776
2026-08-31T22:06:36.043,125235296,P022,heavy_pressure,QUALITY,,,,342,4787077,118136,127045,118221.42,127063.08,-85.42,-18.08,-21.53,102.74,False,False,nan,True,0.0264,63.41,83.85,False,0,COLLECTING,0,,0,,,,,1,98,100,30,60,0.9999814998288719,0.17320508075688776
2026-08-31T22:06:36.055,125235312,P022,heavy_pressure,QUALITY,,,,343,4787117,118133,127050,118219.66,127062.82,-86.66,-12.82,-19.36,101.07,False,False,nan,True,0.0264,63.41,83.85,False,0,COLLECTING,0,,0,,,,,1,98,100,30,60,0.9999814998288719,0.17320508075688776
2026-08-31T22:06:36.062,125235312,P022,heavy_pressure,QUALITY,,,,344,4787157,118124,127054,118217.74,127062.64,-93.74,-8.64,-16.68,99.38,False,False,nan,True,0.0264,63.41,83.85,False,0,COLLECTING,0,,0,,,,,1,98,100,30,60,0.9999814998288719,0.17320508075688776
2026-08-31T22:06:36.074,125235328,P022,heavy_pressure,QUALITY,,,,345,4787197,118115,127049,118215.69,127062.37,-100.69,-13.37,-15.85,97.71,False,False,nan,True,0.0264,63.41,83.85,False,0,COLLECTING,0,,0,,,,,1,98,100,30,60,0.9999814998288719,0.17320508075688776
2026-08-31T22:06:36.097,125235343,P022,heavy_pressure,QUALITY,,,,346,4787237,118122,127050,118213.81,127062.12,-91.81,-12.12,-14.92,96.05,False,False,nan,True,0.0264,63.41,83.85,False,0,COLLECTING,0,,0,,,,,1,98,100,30,60,0.9999814998288719,0.17320508075688776
2026-08-31T22:06:36.243,125235500,P022,heavy_pressure,QUALITY,,,,347,4787277,118114,127048,118211.81,127061.84,-97.81,-13.84,-14.65,94.43,False,False,nan,True,0.0264,63.41,83.85,False,0,COLLECTING,0,,0,,,,,1,98,100,30,60,0.9999814998288719,0.17320508075688776
2026-08-31T22:06:36.253,125235500,P022,heavy_pressure,QUALITY,,,,348,4787317,118117,127049,118209.91,127061.58,-92.91,-12.58,-14.13,92.82,False,False,nan,True,0.0264,63.41,83.85,False,0,COLLECTING,0,,0,,,,,1,98,100,30,60,0.9999814998288719,0.17320508075688776
2026-08-31T22:06:36.262,125235515,P022,heavy_pressure,QUALITY,,,,349,4787357,118118,127049,118208.08,127061.33,-90.08,-12.33,-13.68,91.24,False,False,nan,True,0.0264,63.41,83.85,False,0,COLLECTING,0,,0,,,,,1,98,100,30,60,0.9999814998288719,0.17320508075688776
2026-08-31T22:06:36.272,125235515,P022,heavy_pressure,QUALITY,,,,350,4787397,118116,127045,118206.23,127061.0,-90.23,-16.0,-14.26,89.7,False,False,nan,True,0.0264,63.41,83.85,False,0,COLLECTING,0,,0,,,,,1,98,100,30,60,0.9999814998288719,0.17320508075688776
2026-08-31T22:06:36.297,125235546,P022,heavy_pressure,QUALITY,,,,351,4787437,118112,127027,118204.35,127060.32,-92.35,-33.32,-19.02,88.28,False,False,nan,True,0.0264,63.41,83.85,False,0,COLLECTING,0,,0,,,,,1,98,100,30,60,0.9999814998288719,0.17320508075688776
2026-08-31T22:06:36.443,125235687,P022,heavy_pressure,QUALITY,,,,352,4787477,118095,127014,118202.16,127059.39,-107.16,-45.39,-25.62,87.03,False,False,nan,True,0.0264,63.41,83.85,False,0,COLLECTING,0,,0,,,,,1,98,100,30,60,0.9999814998288719,0.17320508075688776
2026-08-31T22:06:36.454,125235703,P022,heavy_pressure,QUALITY,,,,353,4787517,118074,126957,118199.6,127057.34,-125.6,-100.34,-44.3,86.18,False,False,nan,True,0.0264,63.41,83.85,False,0,COLLECTING,0,,0,,,,,1,98,100,30,60,0.9999814998288719,0.17320508075688776
2026-08-31T22:06:36.462,125235718,P022,heavy_pressure,QUALITY,,,,354,4787557,118066,126963,118196.93,127055.45,-130.93,-92.45,-56.34,85.58,False,False,nan,True,0.0264,63.41,83.85,False,0,COLLECTING,0,,0,,,,,1,98,100,30,60,0.9999814998288719,0.17320508075688776
2026-08-31T22:06:36.473,125235718,P022,heavy_pressure,QUALITY,,,,355,4787597,118082,126983,118194.63,127054.01,-112.63,-71.01,-60.0,85.07,False,False,nan,True,0.0264,63.41,83.85,False,0,COLLECTING,0,,0,,,,,1,98,100,30,60,0.9999814998288719,0.17320508075688776
2026-08-31T22:06:36.497,125235750,P022,heavy_pressure,QUALITY,,,,356,4787637,118071,126993,118192.16,127052.79,-121.16,-59.79,-59.95,84.57,False,False,nan,True,0.0264,63.41,83.85,False,0,COLLECTING,0,,0,,,,,1,98,100,30,60,0.9999814998288719,0.17320508075688776
2026-08-31T22:06:36.645,125235890,P022,heavy_pressure,QUALITY,,,,357,4787677,118081,126998,118189.94,127051.7,-108.94,-53.7,-58.39,84.04,False,False,nan,True,0.0264,63.41,83.85,False,0,COLLECTING,0,,0,,,,,1,98,100,30,60,0.9995809121827007,0.17320508075688776
2026-08-31T22:06:36.654,125235906,P022,heavy_pressure,QUALITY,,,,358,4787717,118080,126993,118187.74,127050.52,-107.74,-57.52,-58.17,83.52,False,False,nan,True,0.0264,63.41,83.85,False,0,COLLECTING,0,,0,,,,,1,98,100,30,60,0.9995809121827007,0.17320508075688776
2026-08-31T22:06:36.662,125235906,P022,heavy_pressure,QUALITY,,,,359,4787757,118075,126996,118185.48,127049.43,-110.48,-53.43,-56.99,82.99,False,False,nan,True,0.0264,63.41,83.85,False,0,COLLECTING,0,,0,,,,,1,98,100,30,60,0.9995809121827007,0.17320508075688776
2026-08-31T22:06:36.672,125235921,P022,heavy_pressure,QUALITY,,,,360,4787797,118067,126980,118183.12,127048.04,-116.12,-68.04,-59.75,82.53,False,False,nan,True,0.0264,63.41,83.85,False,0,COLLECTING,0,,0,,,,,1,98,100,30,60,0.9995809121827007,0.17320508075688776
2026-08-31T22:06:36.698,125235953,P022,heavy_pressure,QUALITY,,,,361,4787837,118062,126983,118180.7,127046.74,-118.7,-63.74,-60.75,82.09,False,False,nan,True,0.0264,63.41,83.85,False,0,COLLECTING,0,,0,,,,,1,98,100,30,60,0.9995809121827007,0.17320508075688776
2026-08-31T22:06:36.845,125236093,P022,heavy_pressure,QUALITY,,,,362,4787877,118060,126983,118178.28,127045.47,-118.28,-62.47,-61.18,81.67,False,False,nan,True,0.0264,63.41,83.85,False,0,COLLECTING,0,,0,,,,,1,98,100,30,60,0.9990925883020052,0.17320508075688776
2026-08-31T22:06:36.853,125236109,P022,heavy_pressure,QUALITY,,,,363,4787917,118054,126979,118175.8,127044.14,-121.8,-65.14,-62.17,81.28,False,False,nan,True,0.0264,63.41,83.85,False,0,COLLECTING,0,,0,,,,,1,98,100,30,60,0.9990925883020052,0.17320508075688776
2026-08-31T22:06:36.863,125236109,P022,heavy_pressure,QUALITY,,,,364,4787957,118048,126974,118173.24,127042.73,-125.24,-68.73,-63.81,80.94,False,False,nan,True,0.0264,63.41,83.85,False,0,COLLECTING,0,,0,,,,,1,98,100,30,60,0.9990925883020052,0.17320508075688776
2026-08-31T22:06:36.873,125236125,P022,heavy_pressure,QUALITY,,,,365,4787997,118041,126973,118170.59,127041.34,-129.59,-68.34,-64.94,80.62,False,False,nan,True,0.0264,63.41,83.85,False,0,COLLECTING,0,,0,,,,,1,98,100,30,60,0.9990925883020052,0.17320508075688776
2026-08-31T22:06:36.898,125236156,P022,heavy_pressure,QUALITY,,,,366,4788037,118047,126984,118168.12,127040.19,-121.12,-56.19,-62.75,80.26,False,False,nan,True,0.0264,63.41,83.85,False,0,COLLECTING,0,,0,,,,,1,98,100,30,60,0.9990925883020052,0.17320508075688776
2026-08-31T22:06:37.044,125236296,P022,heavy_pressure,QUALITY,,,,367,4788077,118032,126976,118165.41,127038.91,-133.41,-62.91,-62.79,79.91,False,False,nan,True,0.0264,63.41,83.85,False,0,COLLECTING,0,,0,,,,,1,98,100,30,60,0.9999814998288719,0.17320508075688776
2026-08-31T22:06:37.054,125236296,P022,heavy_pressure,QUALITY,,,,368,4788117,118028,126972,118162.66,127037.57,-134.66,-65.57,-63.49,79.58,False,False,nan,True,0.0264,63.41,83.85,False,0,COLLECTING,0,,0,,,,,1,98,100,30,60,0.9999814998288719,0.17320508075688776
2026-08-31T22:06:37.062,125236312,P022,heavy_pressure,QUALITY,,,,369,4788157,118018,126970,118159.77,127036.22,-141.77,-66.22,-64.17,79.27,False,False,nan,True,0.0264,63.41,83.85,False,0,COLLECTING,0,,0,,,,,1,98,100,30,60,0.9999814998288719,0.17320508075688776
2026-08-31T22:06:37.074,125236328,P022,heavy_pressure,QUALITY,,,,370,4788197,118012,126965,118156.81,127034.8,-144.81,-69.8,-65.58,79.0,False,False,nan,True,0.0264,63.41,83.85,False,0,COLLECTING,0,,0,,,,,1,98,100,30,60,0.9999814998288719,0.17320508075688776
2026-08-31T22:06:37.098,125236343,P022,heavy_pressure,QUALITY,,,,371,4788237,118007,126925,118153.81,127032.6,-146.81,-107.6,-76.08,78.94,False,False,nan,True,0.0264,63.41,83.85,False,0,COLLECTING,0,,0,,,,,1,98,100,30,60,0.9999814998288719,0.17320508075688776
2026-08-31T22:06:37.243,125236500,P022,heavy_pressure,QUALITY,,,,372,4788277,117989,126886,118150.52,127029.67,-161.52,-143.67,-92.98,79.22,False,False,nan,True,0.0264,63.41,83.85,False,0,COLLECTING,0,,0,,,,,1,98,100,30,60,0.9999814998288719,0.17320508075688776
2026-08-31T22:06:37.255,125236500,P022,heavy_pressure,QUALITY,,,,373,4788317,117996,126896,118147.42,127027.0,-151.42,-131.0,-102.48,79.69,False,False,nan,True,0.0264,63.41,83.85,False,0,COLLECTING,0,,0,,,,,1,98,100,30,60,0.9999814998288719,0.17320508075688776
2026-08-31T22:06:37.265,125236515,P022,heavy_pressure,QUALITY,,,,374,4788367,117999,126899,118144.45,127024.44,-145.45,-125.44,-108.22,80.26,False,False,nan,True,0.0264,63.41,83.85,False,0,COLLECTING,0,,0,,,,,1,98,100,30,60,0.9999814998288719,0.17320508075688776
2026-08-31T22:06:37.275,125236531,P022,heavy_pressure,QUALITY,,,,375,4788397,117989,126924,118141.34,127022.43,-152.34,-98.43,-105.77,80.77,False,False,nan,True,0.0264,63.41,83.85,False,0,COLLECTING,0,,0,,,,,1,98,100,30,60,0.9999814998288719,0.17320508075688776
2026-08-31T22:06:37.308,125236562,P022,heavy_pressure,QUALITY,,,,376,4788447,117976,126907,118138.04,127020.12,-162.04,-113.12,-107.61,81.3,False,False,nan,True,0.0264,63.41,83.85,False,0,COLLECTING,0,,0,,,,,1,98,100,30,60,0.9999814998288719,0.17320508075688776
2026-08-31T22:06:37.443,125236687,P022,heavy_pressure,QUALITY,,,,377,4788477,117959,126879,118134.46,127017.3,-175.46,-138.3,-115.29,81.98,False,False,nan,True,0.0264,63.41,83.85,False,0,COLLECTING,0,,0,,,,,1,98,100,30,60,0.9995809121827007,0.17320508075688776
2026-08-31T22:06:37.454,125236703,P022,heavy_pressure,QUALITY,,,,378,4788527,117910,126833,118129.97,127013.62,-219.97,-180.62,-131.62,82.98,False,False,nan,True,0.0264,63.41,83.85,False,0,COLLECTING,0,,0,,,,,1,98,100,30,60,0.9995809121827007,0.17320508075688776
2026-08-31T22:06:37.465,125236718,P022,heavy_pressure,QUALITY,,,,379,4788567,117902,126761,118125.41,127008.56,-223.41,-247.56,-160.6,84.53,False,False,nan,True,0.0264,63.41,83.85,False,0,COLLECTING,0,,0,,,,,1,98,100,30,60,0.9995809121827007,0.17320508075688776
2026-08-31T22:06:37.474,125236718,P022,heavy_pressure,QUALITY,,,,380,4788607,117916,126832,118121.22,127005.03,-205.22,-173.03,-163.71,86.11,False,False,nan,True,0.0264,63.41,83.85,False,0,COLLECTING,0,,0,,,,,1,98,100,30,60,0.9995809121827007,0.17320508075688776
2026-08-31T22:06:37.507,125236765,P022,heavy_pressure,QUALITY,,,,381,4788647,117923,126836,118117.26,127001.65,-194.26,-165.65,-164.2,87.67,False,False,nan,True,0.0264,63.41,83.85,False,0,COLLECTING,0,,0,,,,,1,98,100,30,60,0.9995809121827007,0.17320508075688776
2026-08-31T22:06:37.644,125236890,P022,heavy_pressure,QUALITY,,,,382,4788687,117938,126875,118113.67,126999.12,-175.67,-124.12,-154.18,89.0,False,False,nan,True,0.0264,63.41,83.85,False,0,COLLECTING,0,,0,,,,,1,98,100,30,60,0.9995809121827007,0.24494897427831783
2026-08-31T22:06:37.657,125236906,P022,heavy_pressure,QUALITY,,,,383,4788727,117941,126886,118110.22,126996.85,-169.22,-110.85,-143.34,90.09,False,False,nan,True,0.0264,63.41,83.85,False,0,COLLECTING,0,,0,,,,,1,98,100,30,60,0.9995809121827007,0.24494897427831783
2026-08-31T22:06:37.671,125236921,P022,heavy_pressure,QUALITY,,,,384,4788767,117942,126959,118106.85,126996.09,-164.85,-37.09,-116.78,90.62,False,False,nan,True,0.0264,63.41,83.85,False,0,COLLECTING,0,,0,,,,,1,98,100,30,60,0.9995809121827007,0.24494897427831783
2026-08-31T22:06:37.678,125236921,P022,heavy_pressure,QUALITY,,,,385,4788807,117930,126896,118103.31,126994.09,-173.31,-98.09,-112.11,91.05,False,False,nan,True,0.0264,63.41,83.85,False,0,COLLECTING,0,,0,,,,,1,98,100,30,60,0.9995809121827007,0.24494897427831783
2026-08-31T22:06:37.708,125236953,P022,heavy_pressure,QUALITY,,,,386,4788847,117906,126904,118099.37,126992.29,-193.37,-88.29,-106.15,91.36,False,False,nan,True,0.0264,63.41,83.85,False,0,COLLECTING,0,,0,,,,,1,98,100,30,60,0.9995809121827007,0.24494897427831783
2026-08-31T22:06:37.843,125237093,P022,heavy_pressure,QUALITY,,,,387,4788887,117903,126912,118095.44,126990.68,-192.44,-78.68,-99.29,91.51,False,False,nan,True,0.0264,63.41,83.85,False,0,COLLECTING,0,,0,,,,,1,98,100,30,60,0.9999814998288719,0.17320508075688776
2026-08-31T22:06:37.854,125237109,P022,heavy_pressure,QUALITY,,,,388,4788927,117894,126897,118091.41,126988.8,-197.41,-91.8,-97.42,91.63,False,False,nan,True,0.0264,63.41,83.85,False,0,COLLECTING,0,,0,,,,,1,98,100,30,60,0.9999814998288719,0.17320508075688776
2026-08-31T22:06:37.865,125237109,P022,heavy_pressure,QUALITY,,,,389,4788967,117885,126883,118087.28,126986.69,-202.28,-103.69,-98.98,91.78,False,False,nan,True,0.0264,63.41,83.85,False,0,COLLECTING,0,,0,,,,,1,98,100,30,60,0.9999814998288719,0.17320508075688776
2026-08-31T22:06:37.874,125237125,P022,heavy_pressure,QUALITY,,,,390,4789007,117880,126870,118083.13,126984.35,-203.13,-114.35,-102.83,92.0,False,False,nan,True,0.0264,63.41,83.85,False,0,COLLECTING,0,,0,,,,,1,98,100,30,60,0.9999814998288719,0.17320508075688776
2026-08-31T22:06:37.907,125237156,P022,heavy_pressure,QUALITY,,,,391,4789047,117879,126855,118079.05,126981.77,-200.05,-126.77,-108.81,92.34,False,False,nan,True,0.0264,63.41,83.85,False,0,COLLECTING,0,,0,,,,,1,98,100,30,60,0.9999814998288719,0.17320508075688776
2026-08-31T22:06:38.043,125237296,P022,heavy_pressure,QUALITY,,,,392,4789087,117881,126850,118075.09,126979.13,-194.09,-129.13,-113.89,92.77,False,False,nan,True,0.0264,63.41,83.85,False,0,COLLECTING,0,,0,,,,,1,98,100,30,60,0.9999814998288719,0.17320508075688776
2026-08-31T22:06:38.054,125237312,P022,heavy_pressure,QUALITY,,,,393,4789127,117866,126825,118070.91,126976.05,-204.91,-151.05,-123.18,93.38,False,False,nan,True,0.0264,63.41,83.85,False,0,COLLECTING,0,,0,,,,,1,98,100,30,60,0.9999814998288719,0.17320508075688776
2026-08-31T22:06:38.065,125237312,P022,heavy_pressure,QUALITY,,,,394,4789167,117858,126888,118066.65,126974.29,-208.65,-86.29,-113.96,93.79,False,False,nan,True,0.0264,63.41,83.85,False,0,COLLECTING,0,,0,,,,,1,98,100,30,60,0.9999814998288719,0.17320508075688776
2026-08-31T22:06:38.073,125237328,P022,heavy_pressure,QUALITY,,,,395,4789207,117884,126902,118062.99,126972.84,-178.99,-70.84,-103.18,93.98,False,False,nan,True,0.0264,63.41,83.85,False,0,COLLECTING,0,,0,,,,,1,98,100,30,60,0.9999814998288719,0.17320508075688776
2026-08-31T22:06:38.107,125237359,P022,heavy_pressure,QUALITY,,,,396,4789247,117849,126874,118058.71,126970.87,-209.71,-96.87,-101.6,94.13,False,False,nan,True,0.0264,63.41,83.85,False,0,COLLECTING,0,,0,,,,,1,98,100,30,60,0.9999814998288719,0.17320508075688776
2026-08-31T22:06:38.244,125237500,P022,heavy_pressure,QUALITY,,,,397,4789287,117838,126882,118054.3,126969.09,-216.3,-87.09,-97.97,94.21,False,False,nan,True,0.0264,63.41,83.85,False,0,COLLECTING,0,,0,,,,,1,98,100,30,60,0.9990925883020052,0.17320508075688776
2026-08-31T22:06:38.254,125237500,P022,heavy_pressure,QUALITY,,,,398,4789327,117862,126906,118050.45,126967.83,-188.45,-61.83,-88.94,94.1,False,False,nan,True,0.0264,63.41,83.85,False,0,COLLECTING,0,,0,,,,,1,98,100,30,60,0.9990925883020052,0.17320508075688776
2026-08-31T22:06:38.263,125237515,P022,heavy_pressure,QUALITY,,,,399,4789367,117803,126917,118045.51,126966.81,-242.51,-49.81,-79.16,93.8,False,False,nan,True,0.0264,63.41,83.85,False,0,COLLECTING,0,,0,,,,,1,98,100,30,60,0.9990925883020052,0.17320508075688776
2026-08-31T22:06:38.272,125237531,P022,heavy_pressure,QUALITY,,,,400,4789407,117842,126912,118041.44,126965.72,-199.44,-53.72,-72.8,93.38,False,False,nan,True,0.0264,63.41,83.85,False,0,COLLECTING,0,,0,,,,,1,98,100,30,60,0.9990925883020052,0.17320508075688776
2026-08-31T22:06:38.307,125237562,P022,heavy_pressure,QUALITY,,,,401,4789447,117844,126943,118037.49,126965.27,-193.49,-22.27,-60.16,92.72,False,False,nan,True,0.0264,63.41,83.85,False,0,COLLECTING,0,,0,,,,,1,98,100,30,60,0.9990925883020052,0.17320508075688776
2026-08-31T22:06:38.443,125237687,P022,heavy_pressure,QUALITY,,,,402,4789487,117867,126945,118034.09,126964.86,-167.09,-19.86,-50.09,91.86,False,False,nan,True,0.0264,63.41,83.85,False,0,COLLECTING,0,,0,,,,,1,98,100,30,60,0.9999814998288719,0.17320508075688776
2026-08-31T22:06:38.455,125237703,P022,heavy_pressure,QUALITY,,,,403,4789527,117835,126937,118030.1,126964.3,-195.1,-27.3,-44.39,90.91,False,False,nan,True,0.0264,63.41,83.85,False,0,COLLECTING,0,,0,,,,,1,98,100,30,60,0.9999814998288719,0.17320508075688776
2026-08-31T22:06:38.465,125237718,P022,heavy_pressure,QUALITY,,,,404,4789567,117873,126958,118026.96,126964.18,-153.96,-6.18,-34.84,89.79,False,False,nan,True,0.0264,63.41,83.85,False,0,COLLECTING,0,,0,,,,,1,98,100,30,60,0.9999814998288719,0.17320508075688776
2026-08-31T22:06:38.473,125237718,P022,heavy_pressure,QUALITY,,,,405,4789607,117879,126970,118024.0,126964.3,-145.0,5.7,-24.7,88.49,False,False,nan,True,0.0264,63.41,83.85,False,0,COLLECTING,0,,0,,,,,1,98,100,30,60,0.9999814998288719,0.17320508075688776
2026-08-31T22:06:38.508,125237765,P022,heavy_pressure,QUALITY,,,,406,4789647,117870,126951,118020.92,126964.03,-150.92,-13.03,-21.79,87.16,False,False,nan,True,0.0264,63.41,83.85,False,0,COLLECTING,0,,0,,,,,1,98,100,30,60,0.9999814998288719,0.17320508075688776
2026-08-31T22:06:38.647,125237890,P022,heavy_pressure,QUALITY,,,,407,4789687,117862,126886,118017.74,126962.47,-155.74,-76.47,-35.46,86.12,False,False,nan,True,0.0264,63.41,83.85,False,0,COLLECTING,0,,0,,,,,1,98,100,30,60,0.9999814998288719,0.17320508075688776
2026-08-31T22:06:38.656,125237906,P022,heavy_pressure,QUALITY,,,,408,4789727,117855,126876,118014.48,126960.74,-159.48,-84.74,-47.78,85.36,False,False,nan,True,0.0264,63.41,83.85,False,0,COLLECTING,0,,0,,,,,1,98,100,30,60,0.9999814998288719,0.17320508075688776
2026-08-31T22:06:38.667,125237921,P022,heavy_pressure,QUALITY,,,,409,4789767,117839,126856,118010.98,126958.65,-171.98,-102.65,-61.5,84.88,False,False,nan,True,0.0264,63.41,83.85,False,0,COLLECTING,0,,0,,,,,1,98,100,30,60,0.9999814998288719,0.17320508075688776
2026-08-31T22:06:38.675,125237921,P022,heavy_pressure,QUALITY,,,,410,4789807,117880,126891,118008.36,126957.3,-128.36,-66.3,-62.7,84.44,False,False,nan,True,0.0264,63.41,83.85,False,0,COLLECTING,0,,0,,,,,1,98,100,30,60,0.9999814998288719,0.17320508075688776
2026-08-31T22:06:38.707,125237953,P022,heavy_pressure,QUALITY,,,,411,4789847,117841,126909,118005.02,126956.33,-164.02,-47.33,-58.85,83.92,False,False,nan,True,0.0541,63.41,77.37,False,0,COLLECTING,0,,0,,,,,1,98,100,30,60,0.9999814998288719,0.17320508075688776
2026-08-31T22:06:38.843,125238093,P022,heavy_pressure,QUALITY,,,,412,4789887,117866,126920,118002.23,126955.6,-136.23,-35.6,-53.04,83.31,False,False,nan,True,0.0541,63.41,77.37,False,0,COLLECTING,0,,0,,,,,1,98,100,30,60,0.9999814998288719,0.17320508075688776
2026-08-31T22:06:38.855,125238109,P022,heavy_pressure,QUALITY,,,,413,4789927,117880,126946,117999.79,126955.41,-119.79,-9.41,-42.13,82.48,False,False,nan,True,0.0541,63.41,77.37,False,0,COLLECTING,0,,0,,,,,1,98,100,30,60,0.9999814998288719,0.17320508075688776
2026-08-31T22:06:38.864,125238109,P022,heavy_pressure,QUALITY,,,,414,4789967,117868,126901,117997.16,126954.32,-129.16,-53.32,-44.93,81.73,False,False,nan,True,0.0541,63.41,77.37,False,0,COLLECTING,0,,0,,,,,1,98,100,30,60,0.9999814998288719,0.17320508075688776
2026-08-31T22:06:38.873,125238125,P022,heavy_pressure,QUALITY,,,,415,4790007,117870,126907,117994.61,126953.38,-124.61,-46.38,-45.29,81.0,False,False,nan,True,0.0541,63.41,77.37,False,0,COLLECTING,0,,0,,,,,1,98,100,30,60,0.9999814998288719,0.17320508075688776
2026-08-31T22:06:38.907,125238156,P022,heavy_pressure,QUALITY,,,,416,4790047,117888,126905,117992.48,126952.41,-104.48,-47.41,-45.82,80.3,False,False,nan,True,0.0541,63.41,77.37,False,0,COLLECTING,0,,0,,,,,1,98,100,30,60,0.9999814998288719,0.17320508075688776
2026-08-31T22:06:39.043,125238296,P022,heavy_pressure,QUALITY,,,,417,4790087,117877,126960,117990.16,126952.55,-113.16,7.45,-32.5,79.34,False,False,nan,True,0.0541,63.41,77.37,False,0,COLLECTING,0,,0,,,,,1,98,100,30,60,0.9995809121827007,0.17320508075688776
2026-08-31T22:06:39.053,125238296,P022,heavy_pressure,QUALITY,,,,418,4790127,117887,126961,117988.1,126952.73,-101.1,8.27,-22.31,78.2,False,False,nan,True,0.0541,63.41,77.37,False,0,COLLECTING,0,,0,,,,,1,98,100,30,60,0.9995809121827007,0.17320508075688776
2026-08-31T22:06:39.063,125238312,P022,heavy_pressure,QUALITY,,,,419,4790167,117916,126958,117986.66,126952.83,-70.66,5.17,-15.44,76.95,False,False,nan,True,0.0541,63.41,77.37,False,0,COLLECTING,0,,0,,,,,1,98,100,30,60,0.9995809121827007,0.17320508075688776
2026-08-31T22:06:39.073,125238328,P022,heavy_pressure,QUALITY,,,,420,4790207,117903,126986,117984.98,126953.49,-81.98,32.51,-3.45,75.48,False,False,nan,True,0.0541,63.41,77.37,False,0,COLLECTING,0,,0,,,,,1,98,100,30,60,0.9995809121827007,0.17320508075688776
2026-08-31T22:06:39.107,125238359,P022,heavy_pressure,QUALITY,,,,421,4790247,117906,126981,117983.41,126954.04,-77.41,26.96,4.15,74.05,False,False,nan,True,0.0541,63.41,77.37,False,0,COLLECTING,0,,0,,,,,1,98,100,30,60,0.9995809121827007,0.17320508075688776
2026-08-31T22:06:39.243,125238500,P022,heavy_pressure,QUALITY,,,,422,4790287,117911,126976,117981.96,126954.48,-70.96,21.52,8.49,72.74,False,False,nan,True,0.0541,63.41,77.37,False,0,COLLECTING,0,,0,,,,,1,98,100,30,60,0.9999814998288719,0.17320508075688776
2026-08-31T22:06:39.254,125238500,P022,heavy_pressure,QUALITY,,,,423,4790327,117910,126990,117980.52,126955.19,-70.52,34.81,15.07,71.59,False,False,nan,True,0.0541,63.41,77.37,False,0,COLLECTING,0,,0,,,,,1,98,100,30,60,0.9999814998288719,0.17320508075688776
2026-08-31T22:06:39.267,125238515,P022,heavy_pressure,QUALITY,,,,424,4790367,117940,126963,117979.71,126955.34,-39.71,7.66,13.22,70.42,False,False,nan,True,0.0541,63.41,77.37,False,0,COLLECTING,0,,0,,,,,1,98,100,30,60,0.9999814998288719,0.17320508075688776
2026-08-31T22:06:39.281,125238531,P022,heavy_pressure,QUALITY,,,,425,4790407,117913,126968,117978.38,126955.59,-65.38,12.41,13.02,69.27,False,False,nan,True,0.0541,63.41,77.37,False,0,COLLECTING,0,,0,,,,,1,98,100,30,60,0.9999814998288719,0.17320508075688776
2026-08-31T22:06:39.308,125238562,P022,heavy_pressure,QUALITY,,,,426,4790447,117891,126923,117976.62,126954.95,-85.62,-31.95,1.78,67.92,False,False,nan,True,0.0541,63.41,77.37,False,0,COLLECTING,0,,0,,,,,1,98,100,30,60,0.9999814998288719,0.17320508075688776
2026-08-31T22:06:39.444,125238687,P022,heavy_pressure,QUALITY,,,,427,4790487,117843,126850,117973.95,126952.84,-130.95,-102.84,-24.38,67.05,False,False,nan,True,0.0541,63.41,77.37,False,0,COLLECTING,0,,0,,,,,1,98,100,30,60,0.9999814998288719,0.17320508075688776
2026-08-31T22:06:39.453,125238703,P022,heavy_pressure,QUALITY,,,,428,4790527,117868,126875,117971.84,126951.29,-103.84,-76.29,-37.36,66.46,False,False,nan,True,0.0541,63.41,77.37,False,0,COLLECTING,0,,0,,,,,1,98,100,30,60,0.9999814998288719,0.17320508075688776
2026-08-31T22:06:39.462,125238718,P022,heavy_pressure,QUALITY,,,,429,4790567,117837,126881,117969.14,126949.88,-132.14,-68.88,-45.24,66.03,False,False,nan,True,0.0541,63.41,77.37,False,0,COLLECTING,0,,0,,,,,1,98,100,30,60,0.9999814998288719,0.17320508075688776
2026-08-31T22:06:39.473,125238718,P022,heavy_pressure,QUALITY,,,,430,4790607,117838,126896,117966.52,126948.8,-128.52,-52.8,-47.13,65.65,False,False,nan,True,0.0541,63.41,77.37,False,0,COLLECTING,0,,0,,,,,1,98,100,30,60,0.9999814998288719,0.17320508075688776
2026-08-31T22:06:39.507,125238750,P022,heavy_pressure,QUALITY,,,,431,4790647,117827,126909,117963.73,126948.01,-136.73,-39.01,-45.1,65.24,False,False,nan,True,0.0541,63.41,77.37,False,0,COLLECTING,0,,0,,,,,1,98,100,30,60,0.9999814998288719,0.17320508075688776
2026-08-31T22:06:39.644,125238890,P022,heavy_pressure,QUALITY,,,,432,4790687,117871,126921,117961.88,126947.47,-90.88,-26.47,-40.44,64.75,False,False,nan,True,0.0541,63.41,77.37,False,0,COLLECTING,0,,0,,,,,1,98,100,30,60,0.9999814998288719,0.24494897427831783
2026-08-31T22:06:39.654,125238906,P022,heavy_pressure,QUALITY,,,,433,4790727,117833,126920,117959.3,126946.92,-126.3,-26.92,-37.06,64.19,False,False,nan,True,0.0541,63.41,77.37,False,0,COLLECTING,0,,0,,,,,1,98,100,30,60,0.9999814998288719,0.24494897427831783
2026-08-31T22:06:39.664,125238921,P022,heavy_pressure,QUALITY,,,,434,4790767,117870,126913,117957.51,126946.24,-87.51,-33.24,-36.11,63.63,False,False,nan,True,0.0541,63.41,77.37,False,0,COLLECTING,0,,0,,,,,1,98,100,30,60,0.9999814998288719,0.24494897427831783
2026-08-31T22:06:39.675,125238921,P022,heavy_pressure,QUALITY,,,,435,4790807,117847,126918,117955.3,126945.68,-108.3,-27.68,-34.0,63.04,False,False,nan,True,0.0541,63.41,77.37,False,0,COLLECTING,0,,0,,,,,1,98,100,30,60,0.9999814998288719,0.24494897427831783
2026-08-31T22:06:39.708,125238953,P022,heavy_pressure,QUALITY,,,,436,4790847,117836,126929,117952.91,126945.34,-116.91,-16.34,-29.59,62.37,False,False,nan,True,0.0541,63.41,77.37,False,0,COLLECTING,0,,0,,,,,1,98,100,30,60,0.9999814998288719,0.24494897427831783
2026-08-31T22:06:39.842,125239093,P022,heavy_pressure,QUALITY,,,,437,4790887,117873,126940,117951.31,126945.23,-78.31,-5.23,-23.5,61.59,False,False,nan,True,0.0541,63.41,77.37,False,0,COLLECTING,0,,0,,,,,1,98,100,30,60,0.9999814998288719,0.17320508075688776
2026-08-31T22:06:39.854,125239109,P022,heavy_pressure,QUALITY,,,,438,4790927,117836,126951,117949.01,126945.35,-113.01,5.65,-16.21,60.68,False,False,nan,True,0.0541,63.41,77.37,False,0,COLLECTING,0,,0,,,,,1,98,100,30,60,0.9999814998288719,0.17320508075688776
2026-08-31T22:06:39.864,125239109,P022,heavy_pressure,QUALITY,,,,439,4790967,117888,126956,117947.79,126945.56,-59.79,10.44,-9.55,59.66,False,False,nan,True,0.0541,63.41,77.37,False,0,COLLECTING,0,,0,,,,,1,98,100,30,60,0.9999814998288719,0.17320508075688776
2026-08-31T22:06:39.872,125239125,P022,heavy_pressure,QUALITY,,,,440,4791007,117867,126954,117946.17,126945.73,-79.17,8.27,-5.1,58.57,False,False,nan,True,0.0541,63.41,77.37,False,0,COLLECTING,0,,0,,,,,1,98,100,30,60,0.9999814998288719,0.17320508075688776
2026-08-31T22:06:39.906,125239156,P022,heavy_pressure,QUALITY,,,,441,4791047,117882,126957,117944.89,126945.96,-62.89,11.04,-1.06,57.42,False,False,nan,True,0.0541,63.41,77.37,False,0,COLLECTING,0,,0,,,,,1,98,100,30,60,0.9999814998288719,0.17320508075688776
2026-08-31T22:06:40.045,125239296,P022,heavy_pressure,QUALITY,,,,442,4791087,117873,126962,117943.45,126946.28,-70.45,15.72,3.13,56.33,False,False,nan,True,0.0541,63.41,77.37,False,0,COLLECTING,0,,0,,,,,1,98,100,30,60,0.9995809121827007,0.17320508075688776
2026-08-31T22:06:40.056,125239312,P022,heavy_pressure,QUALITY,,,,443,4791127,117885,126976,117942.28,126946.88,-57.28,29.12,9.63,55.4,False,False,nan,True,0.0541,63.41,77.37,False,0,COLLECTING,0,,0,,,,,1,98,100,30,60,0.9995809121827007,0.17320508075688776
2026-08-31T22:06:40.067,125239312,P022,heavy_pressure,QUALITY,,,,444,4791167,117857,126982,117940.58,126947.58,-83.58,34.42,15.83,54.61,False,False,nan,True,0.0541,63.41,77.37,False,0,COLLECTING,0,,0,,,,,1,98,100,30,60,0.9995809121827007,0.17320508075688776
2026-08-31T22:06:40.075,125239328,P022,heavy_pressure,QUALITY,,,,445,4791207,117871,126980,117939.19,126948.23,-68.19,31.77,19.82,53.91,False,False,nan,True,0.0541,63.41,77.37,False,0,COLLECTING,0,,0,,,,,1,98,100,30,60,0.9995809121827007,0.17320508075688776
2026-08-31T22:06:40.107,125239359,P022,heavy_pressure,QUALITY,,,,446,4791247,117869,126961,117937.78,126948.48,-68.78,12.52,17.99,53.19,False,False,nan,True,0.0541,63.41,77.37,False,0,COLLECTING,0,,0,,,,,1,98,100,30,60,0.9995809121827007,0.17320508075688776
2026-08-31T22:06:40.243,125239500,P022,heavy_pressure,QUALITY,,,,447,4791287,117819,126870,117935.41,126946.91,-116.41,-76.91,-5.74,52.25,False,False,nan,True,0.0541,63.41,77.37,False,0,COLLECTING,0,,0,,,,,1,98,100,30,60,0.9990925883020052,0.17320508075688776
2026-08-31T22:06:40.254,125239500,P022,heavy_pressure,QUALITY,,,,448,4791327,117821,126855,117933.12,126945.08,-112.12,-90.08,-26.82,51.74,False,False,nan,True,0.0541,63.41,77.37,False,0,COLLECTING,0,,0,,,,,1,98,100,30,60,0.9990925883020052,0.17320508075688776
2026-08-31T22:06:40.263,125239515,P022,heavy_pressure,QUALITY,,,,449,4791367,117815,126885,117930.76,126943.88,-115.76,-58.88,-34.83,51.4,False,False,nan,True,0.0541,63.41,77.37,False,0,COLLECTING,0,,0,,,,,1,98,100,30,60,0.9990925883020052,0.17320508075688776
2026-08-31T22:06:40.273,125239531,P022,heavy_pressure,QUALITY,,,,450,4791407,117821,126894,117928.56,126942.88,-107.56,-48.88,-38.34,51.14,False,False,nan,True,0.0541,63.41,77.37,False,0,COLLECTING,0,,0,,,,,1,98,100,30,60,0.9990925883020052,0.17320508075688776
2026-08-31T22:06:40.307,125239562,P022,heavy_pressure,QUALITY,,,,451,4791447,117813,126910,117926.25,126942.22,-113.25,-32.22,-36.81,50.85,False,False,nan,True,0.0541,63.41,77.37,False,0,COLLECTING,0,,0,,,,,1,98,100,30,60,0.9990925883020052,0.17320508075688776
2026-08-31T22:06:40.443,125239687,P022,heavy_pressure,QUALITY,,,,452,4791487,117824,126910,117924.2,126941.58,-100.2,-31.58,-35.5,50.54,False,False,nan,True,0.0541,63.41,77.37,False,0,COLLECTING,0,,0,,,,,1,98,100,30,60,0.9990925883020052,0.17320508075688776
2026-08-31T22:06:40.455,125239703,P022,heavy_pressure,QUALITY,,,,453,4791527,117814,126918,117922.0,126941.11,-108.0,-23.11,-32.41,50.18,False,False,nan,True,0.0541,63.41,77.37,False,0,COLLECTING,0,,0,,,,,1,98,100,30,60,0.9990925883020052,0.17320508075688776
2026-08-31T22:06:40.463,125239718,P022,heavy_pressure,QUALITY,,,,454,4791567,117809,126911,117919.74,126940.51,-110.74,-29.51,-31.68,49.81,False,False,nan,True,0.0541,63.41,77.37,False,0,COLLECTING,0,,0,,,,,1,98,100,30,60,0.9990925883020052,0.17320508075688776
2026-08-31T22:06:40.473,125239718,P022,heavy_pressure,QUALITY,,,,455,4791607,117810,126908,117917.55,126939.86,-107.55,-31.86,-31.73,49.45,False,False,nan,True,0.0541,63.41,77.37,False,0,COLLECTING,0,,0,,,,,1,98,100,30,60,0.9990925883020052,0.17320508075688776
2026-08-31T22:06:40.507,125239765,P022,heavy_pressure,QUALITY,,,,456,4791647,117813,126912,117915.45,126939.3,-102.45,-27.3,-30.62,49.07,False,False,nan,True,0.0541,63.41,77.37,False,0,COLLECTING,0,,0,,,,,1,98,100,30,60,0.9990925883020052,0.17320508075688776
2026-08-31T22:06:40.644,125239890,P022,heavy_pressure,QUALITY,,,,457,4791687,117816,126911,117913.46,126938.74,-97.46,-27.74,-29.9,48.69,False,False,nan,True,0.0541,63.41,77.37,False,0,COLLECTING,0,,0,,,,,1,98,100,30,60,0.9999814998288719,0.17320508075688776
2026-08-31T22:06:40.655,125239906,P022,heavy_pressure,QUALITY,,,,458,4791727,117810,126907,117911.39,126938.11,-101.39,-31.11,-30.2,48.32,False,False,nan,True,0.0541,63.41,77.37,False,0,COLLECTING,0,,0,,,,,1,98,100,30,60,0.9999814998288719,0.17320508075688776
2026-08-31T22:06:40.664,125239921,P022,heavy_pressure,QUALITY,,,,459,4791767,117816,126928,117909.48,126937.91,-93.48,-9.91,-25.13,47.86,False,False,nan,True,0.0541,63.41,77.37,False,0,COLLECTING,0,,0,,,,,1,98,100,30,60,0.9999814998288719,0.17320508075688776
2026-08-31T22:06:40.673,125239921,P022,heavy_pressure,QUALITY,,,,460,4791807,117807,126933,117907.44,126937.8,-100.44,-4.8,-20.05,47.3,False,False,nan,True,0.0541,63.41,77.37,False,0,COLLECTING,0,,0,,,,,1,98,100,30,60,0.9999814998288719,0.17320508075688776
2026-08-31T22:06:40.707,125239953,P022,heavy_pressure,QUALITY,,,,461,4791847,117818,126935,117905.65,126937.75,-87.65,-2.75,-15.72,46.67,False,False,nan,True,0.0541,63.41,77.37,False,0,COLLECTING,0,,0,,,,,1,98,100,30,60,0.9999814998288719,0.17320508075688776
2026-08-31T22:06:40.847,125240093,P022,heavy_pressure,QUALITY,,,,462,4791887,117795,126943,117903.44,126937.85,-108.44,5.15,-10.51,45.95,False,False,nan,True,0.0541,63.41,77.37,False,0,COLLECTING,0,,0,,,,,1,98,100,30,60,0.9999814998288719,0.17320508075688776
2026-08-31T22:06:40.861,125240109,P022,heavy_pressure,QUALITY,,,,463,4791927,117801,126943,117901.39,126937.95,-100.39,5.05,-6.62,45.16,False,False,nan,True,0.0541,63.41,77.37,False,0,COLLECTING,0,,0,,,,,1,98,100,30,60,0.9999814998288719,0.17320508075688776
2026-08-31T22:06:40.871,125240125,P022,heavy_pressure,QUALITY,,,,464,4791967,117799,126946,117899.34,126938.12,-100.34,7.88,-2.99,44.32,False,False,nan,True,0.0541,63.41,77.37,False,0,COLLECTING,0,,0,,,,,1,98,100,30,60,0.9999814998288719,0.17320508075688776
2026-08-31T22:06:40.875,125240125,P022,heavy_pressure,QUALITY,,,,465,4792007,117798,126959,117897.32,126938.53,-99.32,20.47,2.87,43.49,False,False,nan,True,0.0541,63.41,77.37,False,0,COLLECTING,0,,0,,,,,1,98,100,30,60,0.9999814998288719,0.17320508075688776
2026-08-31T22:06:40.907,125240156,P022,heavy_pressure,QUALITY,,,,466,4792047,117794,126975,117895.26,126939.26,-101.26,35.74,11.09,42.84,False,False,nan,True,0.0541,63.41,77.37,False,0,COLLECTING,0,,0,,,,,1,98,100,30,60,0.9999814998288719,0.17320508075688776
2026-08-31T22:06:41.043,125240296,P022,heavy_pressure,QUALITY,,,,467,4792087,117793,126964,117893.21,126939.75,-100.21,24.25,14.38,42.27,False,False,nan,True,0.0541,63.41,77.37,False,0,COLLECTING,0,,0,,,,,1,98,100,30,60,0.9999814998288719,0.17320508075688776
2026-08-31T22:06:41.054,125240296,P022,heavy_pressure,QUALITY,,,,468,4792127,117781,126922,117890.97,126939.4,-109.97,-17.4,6.44,41.55,False,False,nan,True,0.0541,63.41,77.37,False,0,COLLECTING,0,,0,,,,,1,98,100,30,60,0.9999814998288719,0.17320508075688776
2026-08-31T22:06:41.063,125240312,P022,heavy_pressure,QUALITY,,,,469,4792167,117751,126856,117888.17,126937.73,-137.17,-81.73,-15.61,41.03,False,False,nan,True,0.0541,63.41,77.37,False,0,COLLECTING,0,,0,,,,,1,98,100,30,60,0.9999814998288719,0.17320508075688776
2026-08-31T22:06:41.073,125240328,P022,heavy_pressure,QUALITY,,,,470,4792207,117758,126867,117885.57,126936.32,-127.57,-69.32,-29.04,40.79,False,False,nan,True,0.0541,63.41,77.37,False,0,COLLECTING,0,,0,,,,,1,98,100,30,60,0.9999814998288719,0.17320508075688776
2026-08-31T22:06:41.116,125240375,P022,heavy_pressure,QUALITY,,,,471,4792247,117768,126911,117883.22,126935.81,-115.22,-24.81,-27.98,40.54,False,False,nan,True,0.0541,63.41,77.37,False,0,COLLECTING,0,,0,,,,,1,98,100,30,60,0.9999814998288719,0.17320508075688776
2026-08-31T22:06:41.244,125240500,P022,heavy_pressure,QUALITY,,,,472,4792287,117770,126930,117880.95,126935.7,-110.95,-5.7,-22.41,40.18,False,False,nan,True,0.0541,63.41,77.37,False,0,COLLECTING,0,,0,,,,,1,98,100,30,60,0.9999814998288719,0.17320508075688776
2026-08-31T22:06:41.255,125240500,P022,heavy_pressure,QUALITY,,,,473,4792327,117775,126938,117878.84,126935.74,-103.84,2.26,-16.24,39.7,False,False,nan,True,0.0541,63.41,77.37,False,0,COLLECTING,0,,0,,,,,1,98,100,30,60,0.9999814998288719,0.17320508075688776
2026-08-31T22:06:41.265,125240515,P022,heavy_pressure,QUALITY,,,,474,4792367,117767,126950,117876.6,126936.02,-109.6,13.98,-8.69,39.08,False,False,nan,True,0.0541,63.41,77.37,False,0,COLLECTING,0,,0,,,,,1,98,100,30,60,0.9999814998288719,0.17320508075688776
2026-08-31T22:06:41.277,125240531,P022,heavy_pressure,QUALITY,,,,475,4792407,117755,126948,117874.17,126936.27,-119.17,11.73,-3.58,38.37,False,False,nan,True,0.0541,63.41,77.37,False,0,COLLECTING,0,,0,,,,,1,98,100,30,60,0.9999814998288719,0.17320508075688776
2026-08-31T22:06:41.309,125240562,P022,heavy_pressure,QUALITY,,,,476,4792447,117748,126931,117871.65,126936.16,-123.65,-5.16,-3.98,37.68,False,False,nan,True,0.0541,63.41,77.37,False,0,COLLECTING,0,,0,,,,,1,98,100,30,60,0.9999814998288719,0.17320508075688776
2026-08-31T22:06:41.444,125240687,P022,heavy_pressure,QUALITY,,,,477,4792487,117760,126939,117869.41,126936.22,-109.41,2.78,-2.29,36.97,False,False,nan,True,0.0541,63.41,77.37,False,0,COLLECTING,0,,0,,,,,1,98,100,30,60,0.9999814998288719,0.17320508075688776
2026-08-31T22:06:41.454,125240703,P022,heavy_pressure,QUALITY,,,,478,4792527,117766,126947,117867.34,126936.44,-101.34,10.56,0.92,36.25,False,False,nan,True,0.0541,63.41,77.37,False,0,COLLECTING,0,,0,,,,,1,98,100,30,60,0.9999814998288719,0.17320508075688776
2026-08-31T22:06:41.463,125240718,P022,heavy_pressure,QUALITY,,,,479,4792567,117784,126962,117865.68,126936.95,-81.68,25.05,6.96,35.66,False,False,nan,True,0.0541,63.41,77.37,False,0,COLLECTING,0,,0,,,,,1,98,100,30,60,0.9999814998288719,0.17320508075688776
2026-08-31T22:06:41.472,125240718,P022,heavy_pressure,QUALITY,,,,480,4792607,117775,126964,117863.87,126937.48,-88.87,26.52,11.85,35.19,False,False,nan,True,0.0541,63.41,77.37,False,0,COLLECTING,0,,0,,,,,1,98,100,30,60,0.9999814998288719,0.17320508075688776
2026-08-31T22:06:41.507,125240750,P022,heavy_pressure,QUALITY,,,,481,4792647,117783,126979,117862.25,126938.31,-79.25,40.69,19.06,34.87,False,False,nan,True,0.0541,63.41,77.37,False,0,COLLECTING,0,,0,,,,,1,98,100,30,60,0.9999814998288719,0.17320508075688776
2026-08-31T22:06:41.643,125240890,P022,heavy_pressure,QUALITY,,,,482,4792687,117764,126978,117860.28,126939.11,-96.28,38.89,24.02,34.65,False,False,nan,True,0.0541,63.41,77.37,False,0,COLLECTING,0,,0,,,,,1,98,100,30,60,0.9999814998288719,0.17320508075688776
2026-08-31T22:06:41.655,125240906,P022,heavy_pressure,QUALITY,,,,483,4792727,117775,126993,117858.58,126940.19,-83.58,52.81,31.21,34.58,False,False,nan,True,0.0541,63.41,77.37,False,0,COLLECTING,0,,0,,,,,1,98,100,30,60,0.9999814998288719,0.17320508075688776
2026-08-31T22:06:41.664,125240921,P022,heavy_pressure,QUALITY,,,,484,4792767,117781,126986,117857.02,126941.1,-76.02,44.9,34.64,34.58,False,False,nan,True,0.0541,63.41,77.37,False,0,COLLECTING,0,,0,,,,,1,98,100,30,60,0.9999814998288719,0.17320508075688776
2026-08-31T22:06:41.672,125240921,P022,heavy_pressure,QUALITY,,,,485,4792807,117790,127000,117855.68,126942.28,-65.68,57.72,40.41,34.7,False,False,nan,True,0.0541,63.41,77.37,False,0,COLLECTING,0,,0,,,,,1,98,100,30,60,0.9999814998288719,0.17320508075688776
2026-08-31T22:06:41.707,125240953,P022,heavy_pressure,QUALITY,,,,486,4792847,117787,127016,117854.3,126943.76,-67.3,72.24,48.37,34.97,False,False,nan,True,0.0541,63.41,77.37,False,0,COLLECTING,0,,0,,,,,1,98,100,30,60,0.9999814998288719,0.17320508075688776
2026-08-31T22:06:41.843,125241093,P022,heavy_pressure,QUALITY,,,,487,4792887,117788,127022,117852.98,126945.32,-64.98,76.68,55.44,35.38,False,False,nan,True,0.0541,63.41,77.37,False,0,COLLECTING,0,,0,,,,,1,98,100,30,60,0.9999814998288719,0.17320508075688776
2026-08-31T22:06:41.853,125241109,P022,heavy_pressure,QUALITY,,,,488,4792927,117795,127038,117851.82,126947.17,-56.82,90.83,64.29,35.96,False,False,nan,True,0.0541,63.41,77.37,False,0,COLLECTING,0,,0,,,,,1,98,100,30,60,0.9999814998288719,0.17320508075688776
2026-08-31T22:06:41.862,125241109,P022,heavy_pressure,QUALITY,,,,489,4792967,117778,126978,117850.34,126947.79,-72.34,30.21,55.77,36.35,False,False,nan,True,0.0541,63.41,77.37,False,0,COLLECTING,0,,0,,,,,1,98,100,30,60,0.9999814998288719,0.17320508075688776
2026-08-31T22:06:41.871,125241125,P022,heavy_pressure,QUALITY,,,,490,4793007,117754,126910,117848.41,126947.03,-94.41,-37.03,32.57,36.28,False,False,nan,True,0.0541,63.41,77.37,False,0,COLLECTING,0,,0,,,,,1,98,100,30,60,0.9999814998288719,0.17320508075688776
2026-08-31T22:06:41.908,125241156,P022,heavy_pressure,QUALITY,,,,491,4793047,117744,126923,117846.33,126946.55,-102.33,-23.55,18.54,35.92,False,False,nan,True,0.0541,63.41,77.37,False,0,COLLECTING,0,,0,,,,,1,98,100,30,60,0.9999814998288719,0.17320508075688776
2026-08-31T22:06:42.044,125241296,P022,heavy_pressure,QUALITY,,,,492,4793087,117764,126935,117844.68,126946.31,-80.68,-11.31,11.08,35.43,False,False,nan,True,0.0541,63.41,77.37,False,0,COLLECTING,0,,0,,,,,1,98,100,30,60,0.9995809121827007,0.17320508075688776
2026-08-31T22:06:42.055,125241312,P022,heavy_pressure,QUALITY,,,,493,4793127,117770,126976,117843.19,126946.91,-73.19,29.09,15.58,35.03,False,False,nan,True,0.0541,63.41,77.37,False,0,COLLECTING,0,,0,,,,,1,98,100,30,60,0.9995809121827007,0.17320508075688776
2026-08-31T22:06:42.068,125241312,P022,heavy_pressure,QUALITY,,,,494,4793167,117756,126977,117841.45,126947.51,-85.45,29.49,19.06,34.71,False,False,nan,True,0.0541,63.41,77.37,False,0,COLLECTING,0,,0,,,,,1,98,100,30,60,0.9995809121827007,0.17320508075688776
2026-08-31T22:06:42.076,125241328,P022,heavy_pressure,QUALITY,,,,495,4793207,117774,126987,117840.09,126948.3,-66.09,38.7,23.97,34.5,False,False,nan,True,0.0541,63.41,77.37,False,0,COLLECTING,0,,0,,,,,1,98,100,30,60,0.9995809121827007,0.17320508075688776
2026-08-31T22:06:42.108,125241359,P022,heavy_pressure,QUALITY,,,,496,4793247,117762,126991,117838.53,126949.15,-76.53,41.85,28.44,34.37,False,False,nan,True,0.0541,63.41,77.37,False,0,COLLECTING,0,,0,,,,,1,98,100,30,60,0.9995809121827007,0.17320508075688776
2026-08-31T22:06:42.244,125241500,P022,heavy_pressure,QUALITY,,,,497,4793287,117740,126971,117836.56,126949.59,-96.56,21.41,26.68,34.22,False,False,nan,True,0.0541,63.41,77.37,False,0,COLLECTING,0,,0,,,,,1,98,100,30,60,0.9999814998288719,0.17320508075688776
2026-08-31T22:06:42.254,125241500,P022,heavy_pressure,QUALITY,,,,498,4793327,117751,126976,117834.85,126950.12,-83.85,25.88,26.48,34.07,False,False,nan,True,0.0541,63.41,77.37,False,0,COLLECTING,0,,0,,,,,1,98,100,30,60,0.9999814998288719,0.17320508075688776
2026-08-31T22:06:42.262,125241515,P022,heavy_pressure,QUALITY,,,,499,4793367,117748,126981,117833.12,126950.73,-85.12,30.27,27.43,33.93,False,False,nan,True,0.0541,63.41,77.37,False,0,COLLECTING,0,,0,,,,,1,98,100,30,60,0.9999814998288719,0.17320508075688776
2026-08-31T22:06:42.272,125241515,P022,heavy_pressure,QUALITY,,,,500,4793407,117752,126986,117831.49,126951.44,-79.49,34.56,29.21,33.84,False,False,nan,True,0.0541,63.41,77.37,False,0,COLLECTING,0,,0,,,,,1,98,100,30,60,0.9999814998288719,0.17320508075688776
2026-08-31T22:06:42.307,125241562,P022,heavy_pressure,QUALITY,,,,501,4793447,117748,126987,117829.82,126952.15,-81.82,34.85,30.62,33.77,False,False,nan,True,0.0541,63.41,77.37,False,0,COLLECTING,0,,0,,,,,1,98,100,30,60,0.9999814998288719,0.17320508075688776
2026-08-31T22:06:42.444,125241687,P022,heavy_pressure,QUALITY,,,,502,4793487,117750,127001,117828.23,126953.12,-78.23,47.88,34.94,33.8,False,False,nan,True,0.0541,63.41,77.37,False,0,COLLECTING,0,,0,,,,,1,98,100,30,60,0.9986916441024227,0.17320508075688776
2026-08-31T22:06:42.453,125241703,P022,heavy_pressure,QUALITY,,,,503,4793527,117743,126997,117826.52,126954.0,-83.52,43.0,36.95,33.86,False,False,nan,True,0.0541,63.41,77.37,False,0,COLLECTING,0,,0,,,,,1,98,100,30,60,0.9986916441024227,0.17320508075688776
2026-08-31T22:06:42.463,125241718,P022,heavy_pressure,QUALITY,,,,504,4793567,117743,127001,117824.85,126954.94,-81.85,46.06,39.23,33.97,False,False,nan,True,0.0541,63.41,77.37,False,0,COLLECTING,0,,0,,,,,1,98,100,30,60,0.9986916441024227,0.17320508075688776
2026-08-31T22:06:42.473,125241718,P022,heavy_pressure,QUALITY,,,,505,4793607,117750,127002,117823.35,126955.88,-73.35,46.12,40.95,34.11,False,False,nan,True,0.0541,63.41,77.37,False,0,COLLECTING,0,,0,,,,,1,98,100,30,60,0.9986916441024227,0.17320508075688776
2026-08-31T22:06:42.508,125241765,P022,heavy_pressure,QUALITY,,,,506,4793647,117767,127002,117822.23,126956.8,-55.23,45.2,42.02,34.27,False,False,nan,True,0.0541,63.41,77.37,False,0,COLLECTING,0,,0,,,,,1,98,100,30,60,0.9986916441024227,0.17320508075688776
2026-08-31T22:06:42.643,125241890,P022,heavy_pressure,QUALITY,,,,507,4793687,117776,127014,117821.3,126957.94,-45.3,56.06,45.53,34.49,False,False,nan,True,0.0541,63.41,77.37,False,0,COLLECTING,0,,0,,,,,0,98,100,30,60,0.9995809121827007,0.17320508075688776
2026-08-31T22:06:42.654,125241906,P022,heavy_pressure,QUALITY,,,,508,4793727,117784,127031,117820.56,126959.4,-36.56,71.6,52.05,34.84,False,False,nan,True,0.0541,63.41,77.37,False,0,COLLECTING,0,,0,,,,,0,98,100,30,60,0.9995809121827007,0.17320508075688776
2026-08-31T22:06:42.663,125241906,P022,heavy_pressure,QUALITY,,,,509,4793767,117766,127035,117819.47,126960.91,-53.47,74.09,57.56,35.3,False,False,nan,True,0.0541,63.41,77.37,False,0,COLLECTING,0,,0,,,,,0,98,100,30,60,0.9995809121827007,0.17320508075688776
2026-08-31T22:06:42.671,125241921,P022,heavy_pressure,QUALITY,,,,510,4793807,117747,126952,117818.02,126960.73,-71.02,-8.73,40.98,35.41,False,False,nan,True,0.0541,63.41,77.37,False,0,COLLECTING,0,,0,,,,,0,98,100,30,60,0.9995809121827007,0.17320508075688776
2026-08-31T22:06:42.707,125241953,P022,heavy_pressure,QUALITY,,,,511,4793847,117723,126911,117816.12,126959.74,-93.12,-48.74,18.55,35.07,False,False,nan,True,0.0,63.41,nan,False,0,COLLECTING,0,,0,,,,,0,98,100,30,60,0.9995809121827007,0.17320508075688776
2026-08-31T22:06:42.842,125242093,P022,heavy_pressure,QUALITY,,,,512,4793887,117727,126939,117814.34,126959.33,-87.34,-20.33,8.83,34.55,False,False,nan,True,0.0,63.41,nan,False,0,COLLECTING,0,,0,,,,,0,98,100,30,60,0.9999814998288719,0.17320508075688776
2026-08-31T22:06:42.851,125242109,P022,heavy_pressure,QUALITY,,,,513,4793927,117725,126969,117812.55,126959.52,-87.55,9.48,8.99,34.04,False,False,nan,True,0.0,63.41,nan,False,0,COLLECTING,0,,0,,,,,0,98,100,30,60,0.9999814998288719,0.17320508075688776
2026-08-31T22:06:42.862,125242109,P022,heavy_pressure,QUALITY,,,,514,4793967,117720,126985,117810.7,126960.03,-90.7,24.97,12.99,33.62,False,False,nan,True,0.0,63.41,nan,False,0,COLLECTING,0,,0,,,,,0,98,100,30,60,0.9999814998288719,0.17320508075688776
2026-08-31T22:06:42.871,125242125,P022,heavy_pressure,QUALITY,,,,515,4794007,117690,126977,117808.28,126960.37,-118.28,16.63,13.9,33.22,False,False,nan,True,0.0,63.41,nan,False,0,COLLECTING,0,,0,,,,,0,98,100,30,60,0.9999814998288719,0.17320508075688776
2026-08-31T22:06:42.907,125242156,P022,heavy_pressure,QUALITY,,,,516,4794047,117650,126987,117805.12,126960.9,-155.12,26.1,16.95,32.9,False,False,nan,True,0.0,63.41,nan,False,0,COLLECTING,0,,0,,,,,0,98,100,30,60,0.9999814998288719,0.17320508075688776
2026-08-31T22:06:43.043,125242296,P022,heavy_pressure,QUALITY,,,,517,4794087,117653,126981,117802.08,126961.3,-149.08,19.7,17.64,32.59,False,False,nan,True,0.0,63.41,nan,False,0,COLLECTING,0,,0,,,,,0,98,100,30,60,0.9999814998288719,0.17320508075688776
2026-08-31T22:06:43.055,125242312,P022,heavy_pressure,QUALITY,,,,518,4794127,117648,126976,117799.0,126961.59,-151.0,14.41,16.83,32.28,False,False,nan,True,0.0,63.41,nan,False,0,COLLECTING,0,,0,,,,,0,98,100,30,60,0.9999814998288719,0.17320508075688776
2026-08-31T22:06:43.063,125242312,P022,heavy_pressure,QUALITY,,,,519,4794167,117646,126987,117795.94,126962.1,-149.94,24.9,18.85,32.01,False,False,nan,True,0.0,63.41,nan,False,0,COLLECTING,0,,0,,,,,0,98,100,30,60,0.9999814998288719,0.17320508075688776
2026-08-31T22:06:43.071,125242328,P022,heavy_pressure,QUALITY,,,,520,4794207,117659,127009,117793.2,126963.04,-134.2,45.96,25.63,31.88,False,False,nan,True,0.0,63.41,nan,False,0,COLLECTING,0,,0,,,,,0,98,100,30,60,0.9999814998288719,0.17320508075688776
2026-08-31T22:06:43.107,125242359,P022,heavy_pressure,QUALITY,,,,521,4794247,117659,127012,117790.51,126964.02,-131.51,47.98,31.22,31.87,False,False,nan,True,0.0,63.41,nan,False,0,COLLECTING,0,,0,,,,,0,98,100,30,60,0.9999814998288719,0.17320508075688776
2026-08-31T22:06:43.242,125242500,P022,heavy_pressure,QUALITY,,,,522,4794287,117662,127009,117787.94,126964.91,-125.94,44.09,34.43,31.92,False,False,nan,True,0.0,63.41,nan,False,0,COLLECTING,0,,0,,,,,0,98,100,30,60,0.9995809121827007,0.17320508075688776
2026-08-31T22:06:43.256,125242500,P022,heavy_pressure,QUALITY,,,,523,4794327,117671,127006,117785.6,126965.73,-114.6,40.27,35.89,32.0,False,False,nan,True,0.0,63.41,nan,False,0,COLLECTING,0,,0,,,,,0,98,100,30,60,0.9995809121827007,0.17320508075688776
2026-08-31T22:06:43.265,125242515,P022,heavy_pressure,QUALITY,,,,524,4794367,117672,127033,117783.33,126967.08,-111.33,65.92,43.4,32.23,False,False,nan,True,0.0,63.41,nan,False,0,COLLECTING,0,,0,,,,,0,98,100,30,60,0.9995809121827007,0.17320508075688776
2026-08-31T22:06:43.273,125242531,P022,heavy_pressure,QUALITY,,,,525,4794407,117679,127042,117781.24,126968.58,-102.24,73.42,50.9,32.6,False,False,nan,True,0.0,63.41,nan,False,0,COLLECTING,0,,0,,,,,0,98,100,30,60,0.9995809121827007,0.17320508075688776
2026-08-31T22:06:43.307,125242562,P022,heavy_pressure,QUALITY,,,,526,4794447,117670,127050,117779.02,126970.2,-109.02,79.8,58.13,33.11,False,False,nan,True,0.0,63.41,nan,False,0,COLLECTING,0,,0,,,,,0,98,100,30,60,0.9995809121827007,0.17320508075688776
2026-08-31T22:06:43.442,125242687,P022,heavy_pressure,QUALITY,,,,527,4794487,117694,127055,117777.31,126971.9,-83.31,83.1,64.37,33.73,False,False,nan,True,0.0,63.41,nan,False,0,COLLECTING,0,,0,,,,,0,98,100,30,60,0.9999814998288719,0.17320508075688776
2026-08-31T22:06:43.450,125242703,P022,heavy_pressure,QUALITY,,,,528,4794527,117688,127054,117775.52,126973.54,-87.52,80.46,68.39,34.43,False,False,nan,True,0.0,63.41,nan,False,0,COLLECTING,0,,0,,,,,0,98,100,30,60,0.9999814998288719,0.17320508075688776
2026-08-31T22:06:43.462,125242718,P022,heavy_pressure,QUALITY,,,,529,4794567,117689,127059,117773.8,126975.25,-84.8,83.75,72.23,35.18,False,False,nan,True,0.0,63.41,nan,False,0,COLLECTING,0,,0,,,,,0,98,100,30,60,0.9999814998288719,0.17320508075688776
2026-08-31T22:06:43.471,125242718,P022,heavy_pressure,QUALITY,,,,530,4794607,117693,127073,117772.18,126977.2,-79.18,95.8,78.12,36.04,False,False,nan,True,0.0,63.41,nan,False,0,COLLECTING,0,,0,,,,,0,98,100,30,60,0.9999814998288719,0.17320508075688776
2026-08-31T22:06:43.506,125242750,P022,heavy_pressure,QUALITY,,,,531,4794647,117685,127039,117770.44,126978.44,-85.44,60.56,73.73,36.8,False,False,nan,True,0.0,63.41,nan,False,0,COLLECTING,0,,0,,,,,0,98,100,30,60,0.9999814998288719,0.17320508075688776
2026-08-31T22:06:43.643,125242890,P022,heavy_pressure,QUALITY,,,,532,4794687,117655,126958,117768.12,126978.03,-113.12,-20.03,50.29,37.07,False,False,nan,True,0.0,63.41,nan,False,0,COLLECTING,0,,0,,,,,0,98,100,30,60,0.9999814998288719,0.17320508075688776
2026-08-31T22:06:43.654,125242906,P022,heavy_pressure,QUALITY,,,,533,4794727,117649,126929,117765.74,126977.05,-116.74,-48.05,25.71,36.84,False,False,nan,True,0.0,63.41,nan,False,0,COLLECTING,0,,0,,,,,0,98,100,30,60,0.9999814998288719,0.17320508075688776
2026-08-31T22:06:43.662,125242906,P022,heavy_pressure,QUALITY,,,,534,4794767,117659,126954,117763.61,126976.59,-104.61,-22.59,13.63,36.38,False,False,nan,True,0.0,63.41,nan,False,0,COLLECTING,0,,0,,,,,0,98,100,30,60,0.9999814998288719,0.17320508075688776
2026-08-31T22:06:43.671,125242921,P022,heavy_pressure,QUALITY,,,,535,4794807,117670,126993,117761.73,126976.91,-91.73,16.09,14.25,35.93,False,False,nan,True,0.0,63.41,nan,False,0,COLLECTING,0,,0,,,,,0,98,100,30,60,0.9999814998288719,0.17320508075688776
2026-08-31T22:06:43.706,125242953,P022,heavy_pressure,QUALITY,,,,536,4794847,117672,127004,117759.94,126977.45,-87.94,26.55,17.32,35.56,False,False,nan,True,0.0,63.41,nan,False,0,COLLECTING,0,,0,,,,,0,98,100,30,60,0.9999814998288719,0.17320508075688776
2026-08-31T22:06:43.843,125243093,P022,heavy_pressure,QUALITY,,,,537,4794887,117677,127014,117758.28,126978.19,-81.28,35.81,21.94,35.29,False,False,nan,True,0.0,63.41,nan,False,0,COLLECTING,0,,0,,,,,0,98,100,30,60,0.9998024804930222,0.17320508075688776
2026-08-31T22:06:43.851,125243109,P022,heavy_pressure,QUALITY,,,,538,4794927,117672,127012,117756.55,126978.87,-84.55,33.13,24.74,35.08,False,False,nan,True,0.0,63.41,nan,False,0,COLLECTING,0,,0,,,,,0,98,100,30,60,0.9998024804930222,0.17320508075688776
2026-08-31T22:06:43.862,125243109,P022,heavy_pressure,QUALITY,,,,539,4794967,117660,126990,117754.62,126979.09,-94.62,10.91,21.28,34.8,False,False,nan,True,0.0,63.41,nan,False,0,COLLECTING,0,,0,,,,,0,98,100,30,60,0.9998024804930222,0.17320508075688776
2026-08-31T22:06:43.872,125243125,P022,heavy_pressure,QUALITY,,,,540,4795007,117655,126984,117752.63,126979.19,-97.63,4.81,17.17,34.45,False,False,nan,True,0.0,63.41,nan,False,0,COLLECTING,0,,0,,,,,0,98,100,30,60,0.9998024804930222,0.17320508075688776
2026-08-31T22:06:43.907,125243156,P022,heavy_pressure,QUALITY,,,,541,4795047,117634,126994,117750.26,126979.48,-116.26,14.52,16.5,34.09,False,False,nan,True,0.0,63.41,nan,False,0,COLLECTING,0,,0,,,,,0,98,100,30,60,0.9998024804930222,0.17320508075688776
2026-08-31T22:06:44.043,125243296,P022,heavy_pressure,QUALITY,,,,542,4795087,117631,127025,117747.88,126980.4,-116.88,44.6,23.53,33.88,False,False,nan,True,0.0,63.41,nan,False,0,COLLECTING,0,,0,,,,,0,98,100,30,60,0.9995809121827007,0.17320508075688776
2026-08-31T22:06:44.054,125243312,P022,heavy_pressure,QUALITY,,,,543,4795127,117633,127034,117745.58,126981.47,-112.58,52.53,30.78,33.82,False,False,nan,True,0.0,63.41,nan,False,0,COLLECTING,0,,0,,,,,0,98,100,30,60,0.9995809121827007,0.17320508075688776
2026-08-31T22:06:44.064,125243312,P022,heavy_pressure,QUALITY,,,,544,4795167,117624,127035,117743.15,126982.54,-119.15,52.46,36.2,33.86,False,False,nan,True,0.0,63.41,nan,False,0,COLLECTING,0,,0,,,,,0,98,100,30,60,0.9995809121827007,0.17320508075688776
2026-08-31T22:06:44.072,125243328,P022,heavy_pressure,QUALITY,,,,545,4795207,117634,127035,117740.97,126983.59,-106.97,51.41,40.0,33.99,False,False,nan,True,0.0,63.41,nan,False,0,COLLECTING,0,,0,,,,,0,98,100,30,60,0.9995809121827007,0.17320508075688776
2026-08-31T22:06:44.106,125243359,P022,heavy_pressure,QUALITY,,,,546,4795247,117622,127041,117738.59,126984.73,-116.59,56.27,44.07,34.19,False,False,nan,True,0.0,63.41,nan,False,0,COLLECTING,0,,0,,,,,0,98,100,30,60,0.9995809121827007,0.17320508075688776
2026-08-31T22:06:44.243,125243500,P022,heavy_pressure,QUALITY,,,,547,4795287,117620,127050,117736.21,126986.04,-116.21,63.96,49.04,34.49,False,False,nan,True,0.0,63.41,nan,False,0,COLLECTING,0,,0,,,,,0,98,100,30,60,0.9995809121827007,0.17320508075688776
2026-08-31T22:06:44.255,125243500,P022,heavy_pressure,QUALITY,,,,548,4795327,117632,127059,117734.12,126987.5,-102.12,71.5,54.66,34.89,False,False,nan,True,0.0,63.41,nan,False,0,COLLECTING,0,,0,,,,,0,98,100,30,60,0.9995809121827007,0.17320508075688776
2026-08-31T22:06:44.265,125243515,P022,heavy_pressure,QUALITY,,,,549,4795367,117620,127060,117731.84,126988.95,-111.84,71.05,58.75,35.37,False,False,nan,True,0.0,63.41,nan,False,0,COLLECTING,0,,0,,,,,0,98,100,30,60,0.9995809121827007,0.17320508075688776
2026-08-31T22:06:44.277,125243531,P022,heavy_pressure,QUALITY,,,,550,4795407,117622,127070,117729.65,126990.57,-107.65,79.43,63.92,35.94,False,False,nan,True,0.0,63.41,nan,False,0,COLLECTING,0,,0,,,,,0,98,100,30,60,0.9995809121827007,0.17320508075688776
2026-08-31T22:06:44.306,125243562,P022,heavy_pressure,QUALITY,,,,551,4795447,117636,127079,117727.77,126992.34,-91.77,86.66,69.61,36.61,False,False,nan,True,0.0,63.41,nan,False,0,COLLECTING,0,,0,,,,,0,98,100,30,60,0.9995809121827007,0.17320508075688776
2026-08-31T22:06:44.443,125243687,P022,heavy_pressure,QUALITY,,,,552,4795487,117622,127086,117725.66,126994.21,-103.66,91.79,75.15,37.38,False,False,nan,True,0.0,63.41,nan,False,0,COLLECTING,0,,0,,,,,0,98,100,30,60,0.9990925883020052,0.17320508075688776
2026-08-31T22:06:44.453,125243703,P022,heavy_pressure,QUALITY,,,,553,4795527,117610,127054,117723.34,126995.41,-113.34,58.59,71.01,38.05,False,False,nan,True,0.0,63.41,nan,False,0,COLLECTING,0,,0,,,,,0,98,100,30,60,0.9990925883020052,0.17320508075688776
2026-08-31T22:06:44.463,125243718,P022,heavy_pressure,QUALITY,,,,554,4795567,117585,126979,117720.58,126995.08,-135.58,-16.08,49.24,38.28,False,False,nan,True,0.0,63.41,nan,False,0,COLLECTING,0,,0,,,,,0,98,100,30,60,0.9990925883020052,0.17320508075688776
2026-08-31T22:06:44.474,125243718,P022,heavy_pressure,QUALITY,,,,555,4795607,117570,126958,117717.57,126994.34,-147.57,-36.34,27.85,38.07,False,False,nan,True,0.0,63.41,nan,False,0,COLLECTING,0,,0,,,,,0,98,100,30,60,0.9990925883020052,0.17320508075688776
2026-08-31T22:06:44.506,125243750,P022,heavy_pressure,QUALITY,,,,556,4795647,117575,126980,117714.72,126994.05,-139.72,-14.05,17.37,37.66,False,False,nan,True,0.0,63.41,nan,False,0,COLLECTING,0,,0,,,,,0,98,100,30,60,0.9990925883020052,0.17320508075688776
2026-08-31T22:06:44.644,125243890,P022,heavy_pressure,QUALITY,,,,557,4795687,117588,127025,117712.19,126994.66,-124.19,30.34,20.61,37.31,False,False,nan,True,0.0,63.41,nan,False,0,COLLECTING,0,,0,,,,,0,98,100,30,60,0.9999814998288719,0.17320508075688776
2026-08-31T22:06:44.653,125243906,P022,heavy_pressure,QUALITY,,,,558,4795737,117584,126988,117709.62,126994.53,-125.62,-6.53,13.83,36.85,False,False,nan,True,0.0,63.41,nan,False,0,COLLECTING,0,,0,,,,,0,98,100,30,60,0.9999814998288719,0.17320508075688776
2026-08-31T22:06:44.663,125243921,P022,heavy_pressure,QUALITY,,,,559,4795767,117588,127012,117707.2,126994.88,-119.2,17.12,14.65,36.4,False,False,nan,True,0.0,63.41,nan,False,0,COLLECTING,0,,0,,,,,0,98,100,30,60,0.9999814998288719,0.17320508075688776
2026-08-31T22:06:44.672,125243921,P022,heavy_pressure,QUALITY,,,,560,4795807,117582,127035,117704.7,126995.69,-122.7,39.31,20.82,36.09,False,False,nan,True,0.0,63.41,nan,False,0,COLLECTING,0,,0,,,,,0,98,100,30,60,0.9999814998288719,0.17320508075688776
2026-08-31T22:06:44.709,125243953,P022,heavy_pressure,QUALITY,,,,561,4795847,117580,127018,117702.2,126996.13,-122.2,21.87,21.08,35.79,False,False,nan,True,0.0,63.41,nan,False,0,COLLECTING,0,,0,,,,,0,98,100,30,60,0.9999814998288719,0.17320508075688776
2026-08-31T22:06:44.842,125244093,P022,heavy_pressure,QUALITY,,,,562,4795887,117582,127031,117699.8,126996.83,-117.8,34.17,24.35,35.56,False,False,nan,True,0.0,63.41,nan,False,0,COLLECTING,0,,0,,,,,0,98,100,30,60,0.9999814998288719,0.17320508075688776
2026-08-31T22:06:44.855,125244109,P022,heavy_pressure,QUALITY,,,,563,4795937,117576,126990,117697.32,126996.7,-121.32,-6.7,16.59,35.18,False,False,nan,True,0.0,63.41,nan,False,0,COLLECTING,0,,0,,,,,0,98,100,30,60,0.9999814998288719,0.17320508075688776
2026-08-31T22:06:44.864,125244109,P022,heavy_pressure,QUALITY,,,,564,4795967,117584,127034,117695.05,126997.44,-111.05,36.56,21.58,34.91,False,False,nan,True,0.0,63.41,nan,False,0,COLLECTING,0,,0,,,,,0,98,100,30,60,0.9999814998288719,0.17320508075688776
2026-08-31T22:06:44.877,125244125,P022,heavy_pressure,QUALITY,,,,565,4796017,117595,127038,117693.05,126998.25,-98.05,39.75,26.12,34.73,False,False,nan,True,0.0,63.41,nan,False,0,COLLECTING,0,,0,,,,,0,98,100,30,60,0.9999814998288719,0.17320508075688776
2026-08-31T22:06:44.917,125244171,P022,heavy_pressure,QUALITY,,,,566,4796057,117583,127044,117690.85,126999.16,-107.85,44.84,30.8,34.65,False,False,nan,True,0.0,63.41,nan,False,0,COLLECTING,0,,0,,,,,0,98,100,30,60,0.9999814998288719,0.17320508075688776
2026-08-31T22:06:45.044,125244296,P022,heavy_pressure,QUALITY,,,,567,4796097,117580,126995,117688.63,126999.08,-108.63,-4.08,22.08,34.4,False,False,nan,True,0.0,63.41,nan,False,0,COLLECTING,0,,0,,,,,0,98,100,30,60,0.9999814998288719,0.17320508075688776
2026-08-31T22:06:45.053,125244296,P022,heavy_pressure,QUALITY,,,,568,4796137,117583,127087,117686.52,127000.84,-103.52,86.16,38.1,34.48,False,False,nan,True,0.0,63.41,nan,False,0,COLLECTING,0,,0,,,,,0,98,100,30,60,0.9999814998288719,0.17320508075688776
2026-08-31T22:06:45.062,125244312,P022,heavy_pressure,QUALITY,,,,569,4796177,117584,127108,117684.48,127002.98,-100.48,105.02,54.83,34.88,False,False,nan,True,0.0,63.41,nan,False,0,COLLECTING,0,,0,,,,,0,98,100,30,60,0.9999814998288719,0.17320508075688776
2026-08-31T22:06:45.077,125244328,P022,heavy_pressure,QUALITY,,,,570,4796217,117582,127095,117682.43,127004.82,-100.43,90.18,63.67,35.46,False,False,nan,True,0.0,63.41,nan,False,0,COLLECTING,0,,0,,,,,0,98,100,30,60,0.9999814998288719,0.17320508075688776
2026-08-31T22:06:45.116,125244359,P022,heavy_pressure,QUALITY,,,,571,4796257,117583,127070,117680.44,127006.12,-97.44,63.88,63.72,36.03,False,False,nan,True,0.0,63.41,nan,False,0,COLLECTING,0,,0,,,,,0,98,100,30,60,0.9999814998288719,0.17320508075688776
2026-08-31T22:06:45.242,125244500,P022,heavy_pressure,QUALITY,,,,572,4796297,117600,127111,117678.83,127008.22,-78.83,102.78,73.49,36.77,False,False,nan,True,0.0,63.41,nan,False,0,COLLECTING,0,,0,,,,,0,98,100,30,60,0.9999814998288719,0.17320508075688776
2026-08-31T22:06:45.254,125244500,P022,heavy_pressure,QUALITY,,,,573,4796337,117589,127134,117677.03,127010.73,-88.03,123.27,85.93,37.76,False,False,nan,True,0.0,63.41,nan,False,0,COLLECTING,0,,0,,,,,0,98,100,30,60,0.9999814998288719,0.17320508075688776
2026-08-31T22:06:45.263,125244515,P022,heavy_pressure,QUALITY,,,,574,4796377,117583,127075,117675.15,127012.02,-92.15,62.98,80.19,38.61,True,False,nan,True,0.0,63.41,nan,False,0,COLLECTING,0,,0,,,,,0,98,100,30,60,0.9999814998288719,0.17320508075688776
2026-08-31T22:06:45.277,125244531,P022,heavy_pressure,QUALITY,,,,575,4796417,117547,127013,117672.59,127012.04,-125.59,0.96,60.38,39.04,False,False,nan,True,0.0,63.41,nan,False,0,COLLECTING,0,,0,,,,,0,98,100,30,60,0.9999814998288719,0.17320508075688776
2026-08-31T22:06:45.317,125244562,P022,heavy_pressure,QUALITY,,,,576,4796457,117534,127003,117669.81,127011.86,-135.81,-8.86,43.07,39.12,False,False,nan,True,0.0,63.41,nan,False,0,COLLECTING,0,,0,,,,,0,98,100,30,60,0.9999814998288719,0.17320508075688776
2026-08-31T22:06:45.442,125244687,P022,heavy_pressure,QUALITY,,,,577,4796497,117542,127022,117667.26,127012.06,-125.26,9.94,34.79,39.04,False,False,nan,True,0.0,63.41,nan,False,0,COLLECTING,0,,0,,,,,0,98,100,30,60,0.9999814998288719,0.17320508075688776
2026-08-31T22:06:45.453,125244703,P022,heavy_pressure,QUALITY,,,,578,4796537,117522,127059,117664.35,127013.0,-142.35,46.0,37.59,39.01,False,False,nan,True,0.0,63.41,nan,False,0,COLLECTING,0,,0,,,,,0,98,100,30,60,0.9999814998288719,0.17320508075688776
2026-08-31T22:06:45.462,125244718,P022,heavy_pressure,QUALITY,,,,579,4796577,117534,127065,117661.74,127014.04,-127.74,50.96,40.93,39.05,False,False,nan,True,0.0,63.41,nan,False,0,COLLECTING,0,,0,,,,,0,98,100,30,60,0.9999814998288719,0.17320508075688776
2026-08-31T22:06:45.477,125244734,P022,heavy_pressure,QUALITY,,,,580,4796617,117515,127085,117658.8,127015.46,-143.8,69.54,48.09,39.23,False,False,nan,True,0.0,63.41,nan,False,0,COLLECTING,0,,0,,,,,0,98,100,30,60,0.9999814998288719,0.17320508075688776
2026-08-31T22:06:45.516,125244765,P022,heavy_pressure,QUALITY,,,,581,4796657,117509,127103,117655.81,127017.21,-146.81,85.79,57.51,39.59,False,False,nan,True,0.0,63.41,nan,False,0,COLLECTING,0,,0,,,,,0,98,100,30,60,0.9999814998288719,0.17320508075688776
2026-08-31T22:06:45.643,125244890,P022,heavy_pressure,QUALITY,,,,582,4796697,117515,127072,117653.0,127018.3,-138.0,53.7,56.56,39.93,False,False,nan,True,0.0,63.41,nan,False,0,COLLECTING,0,,0,,,,,0,98,100,30,60,0.9995809121827007,0.17320508075688776
2026-08-31T22:06:45.654,125244906,P022,heavy_pressure,QUALITY,,,,583,4796737,117527,127122,117650.48,127020.38,-123.48,101.62,67.82,40.49,False,False,nan,True,0.0,63.41,nan,False,0,COLLECTING,0,,0,,,,,0,98,100,30,60,0.9995809121827007,0.17320508075688776
2026-08-31T22:06:45.662,125244906,P022,heavy_pressure,QUALITY,,,,584,4796777,117491,127096,117647.29,127021.89,-156.29,74.11,69.4,41.07,False,False,nan,True,0.0,63.41,nan,False,0,COLLECTING,0,,0,,,,,0,98,100,30,60,0.9995809121827007,0.17320508075688776
2026-08-31T22:06:45.677,125244921,P022,heavy_pressure,QUALITY,,,,585,4796817,117491,127102,117644.16,127023.49,-153.16,78.51,71.67,41.68,False,False,nan,True,0.0,63.41,nan,False,0,COLLECTING,0,,0,,,,,0,98,100,30,60,0.9995809121827007,0.17320508075688776
2026-08-31T22:06:45.717,125244968,P022,heavy_pressure,QUALITY,,,,586,4796857,117498,127126,117641.24,127025.54,-143.24,100.46,78.87,42.42,False,False,nan,True,0.0,63.41,nan,False,0,COLLECTING,0,,0,,,,,0,98,100,30,60,0.9995809121827007,0.17320508075688776
2026-08-31T22:06:45.845,125245093,P022,heavy_pressure,QUALITY,,,,587,4796897,117492,127110,117638.26,127027.23,-146.26,82.77,79.85,43.17,False,False,nan,True,0.0,63.41,nan,False,0,COLLECTING,0,,0,,,,,0,98,100,30,60,0.9999814998288719,0.17320508075688776
2026-08-31T22:06:45.854,125245109,P022,heavy_pressure,QUALITY,,,,588,4796937,117558,127181,117636.66,127030.3,-78.66,150.7,97.56,44.26,False,False,nan,True,0.0,63.41,nan,False,0,COLLECTING,0,,0,,,,,0,98,100,30,60,0.9999814998288719,0.17320508075688776
2026-08-31T22:06:45.861,125245109,P022,heavy_pressure,QUALITY,,,,589,4796977,117519,127145,117634.3,127032.6,-115.3,112.4,101.27,45.4,False,False,nan,True,0.0,63.41,nan,False,0,COLLECTING,0,,0,,,,,0,98,100,30,60,0.9999814998288719,0.17320508075688776
2026-08-31T22:06:45.878,125245125,P022,heavy_pressure,QUALITY,,,,590,4797017,117555,127178,117632.72,127035.51,-77.72,142.49,111.57,46.72,False,False,nan,True,0.0,63.41,nan,False,0,COLLECTING,0,,0,,,,,0,98,100,30,60,0.9999814998288719,0.17320508075688776
2026-08-31T22:06:45.916,125245171,P022,heavy_pressure,QUALITY,,,,591,4797057,117545,127171,117630.96,127038.22,-85.96,132.78,116.88,48.13,False,False,nan,True,0.0,63.41,nan,False,0,COLLECTING,0,,0,,,,,0,98,100,30,60,0.9999814998288719,0.17320508075688776
2026-08-31T22:06:46.043,125245296,P022,heavy_pressure,QUALITY,,,,592,4797097,117533,127148,117629.0,127040.41,-96.0,107.59,114.55,49.45,True,True,720.0,True,0.0,64.09,nan,False,0,COLLECTING,0,,0,,,,,0,98,100,30,60,0.9999814998288719,0.17320508075688776
2026-08-31T22:06:46.054,125245312,P022,heavy_pressure,QUALITY,,,,593,4797137,117571,127132,117627.84,127042.24,-56.84,89.76,108.35,50.63,False,False,nan,True,0.0,64.09,nan,False,0,COLLECTING,0,,0,,,,,0,98,100,30,60,0.9999814998288719,0.17320508075688776
2026-08-31T22:06:46.062,125245312,P022,heavy_pressure,QUALITY,,,,594,4797177,117520,127089,117625.69,127043.18,-105.69,45.82,92.72,51.47,False,False,nan,True,0.0,64.09,nan,False,0,COLLECTING,0,,0,,,,,0,98,100,30,60,0.9999814998288719,0.17320508075688776
2026-08-31T22:06:46.080,125245328,P022,heavy_pressure,QUALITY,,,,595,4797217,117519,126991,117623.55,127042.13,-104.55,-51.13,56.76,51.58,False,False,nan,True,0.0,64.09,nan,False,0,COLLECTING,0,,0,,,,,0,98,100,30,60,0.9999814998288719,0.17320508075688776
2026-08-31T22:06:46.116,125245375,P022,heavy_pressure,QUALITY,,,,596,4797257,117516,127048,117621.41,127042.25,-105.41,5.75,44.01,51.43,False,False,nan,True,0.0,64.09,nan,False,0,COLLECTING,0,,0,,,,,0,98,100,30,60,0.9999814998288719,0.17320508075688776
2026-08-31T22:06:46.243,125245500,P022,heavy_pressure,QUALITY,,,,597,4797297,117540,127047,117619.78,127042.34,-79.78,4.66,34.17,51.08,False,False,nan,True,0.0,64.09,nan,False,0,COLLECTING,0,,0,,,,,1,98,100,30,60,0.9999814998288719,0.17320508075688776
2026-08-31T22:06:46.251,125245500,P022,heavy_pressure,QUALITY,,,,598,4797337,117555,127099,117618.48,127043.48,-63.48,55.52,39.51,50.85,False,False,nan,True,0.0,64.09,nan,False,0,COLLECTING,0,,0,,,,,1,98,100,30,60,0.9999814998288719,0.17320508075688776
2026-08-31T22:06:46.261,125245515,P022,heavy_pressure,QUALITY,,,,599,4797377,117534,127115,117616.8,127044.91,-82.8,70.09,47.15,50.78,False,False,nan,True,0.0,64.09,nan,False,0,COLLECTING,0,,0,,,,,1,98,100,30,60,0.9999814998288719,0.17320508075688776
2026-08-31T22:06:46.277,125245531,P022,heavy_pressure,QUALITY,,,,600,4797417,117521,127122,117614.88,127046.45,-93.88,75.55,54.25,50.85,False,False,nan,True,0.0,64.09,nan,False,0,COLLECTING,0,,0,,,,,1,98,100,30,60,0.9999814998288719,0.17320508075688776
2026-08-31T22:06:46.317,125245562,P022,heavy_pressure,QUALITY,,,,601,4797457,117530,127095,117613.19,127047.41,-83.19,47.59,52.59,50.88,False,False,nan,True,0.0,64.09,nan,False,0,COLLECTING,0,,0,,,,,1,98,100,30,60,0.9999814998288719,0.17320508075688776
2026-08-31T22:06:46.442,125245687,P022,heavy_pressure,QUALITY,,,,602,4797497,117540,127100,117611.73,127048.47,-71.73,51.53,52.32,50.91,False,False,nan,True,0.0,64.09,nan,False,0,COLLECTING,0,,0,,,,,1,98,100,30,60,0.9999814998288719,0.17320508075688776
2026-08-31T22:06:46.451,125245703,P022,heavy_pressure,QUALITY,,,,603,4797537,117561,127098,117610.71,127049.46,-49.71,48.54,51.38,50.92,False,False,nan,True,0.0,64.09,nan,False,0,COLLECTING,0,,0,,,,,1,98,100,30,60,0.9999814998288719,0.17320508075688776
2026-08-31T22:06:46.462,125245718,P022,heavy_pressure,QUALITY,,,,604,4797577,117528,127108,117609.05,127050.63,-81.05,57.37,52.87,50.96,False,False,nan,True,0.0,64.09,nan,False,0,COLLECTING,0,,0,,,,,1,98,100,30,60,0.9999814998288719,0.17320508075688776
2026-08-31T22:06:46.476,125245734,P022,heavy_pressure,QUALITY,,,,605,4797617,117579,127148,117608.45,127052.58,-29.45,95.42,63.51,51.21,False,False,nan,True,0.0,64.09,nan,False,0,COLLECTING,0,,0,,,,,1,98,100,30,60,0.9999814998288719,0.17320508075688776
2026-08-31T22:06:46.517,125245765,P022,heavy_pressure,QUALITY,,,,606,4797657,117568,127129,117607.64,127054.11,-39.64,74.89,66.36,51.51,False,False,nan,True,0.0,64.09,nan,False,0,COLLECTING,0,,0,,,,,1,98,100,30,60,0.9999814998288719,0.17320508075688776
2026-08-31T22:06:46.643,125245890,P022,heavy_pressure,QUALITY,,,,607,4797697,117581,127156,117607.11,127056.15,-26.11,99.85,74.73,51.98,False,False,nan,True,0.0,64.09,nan,False,0,COLLECTING,0,,0,,,,,1,98,100,30,60,0.9999814998288719,0.17320508075688776
2026-08-31T22:06:46.654,125245906,P022,heavy_pressure,QUALITY,,,,608,4797737,117504,127143,117605.05,127057.88,-101.05,85.12,77.33,52.48,False,False,nan,True,0.0,64.09,nan,False,0,COLLECTING,0,,0,,,,,1,98,100,30,60,0.9999814998288719,0.17320508075688776
2026-08-31T22:06:46.663,125245921,P022,heavy_pressure,QUALITY,,,,609,4797777,117546,127145,117603.87,127059.62,-57.87,85.38,79.34,53.02,False,False,nan,True,0.0,64.09,nan,False,0,COLLECTING,0,,0,,,,,1,98,100,30,60,0.9999814998288719,0.17320508075688776
2026-08-31T22:06:46.678,125245921,P022,heavy_pressure,QUALITY,,,,610,4797817,117571,127151,117603.21,127061.45,-32.21,89.55,81.89,53.6,False,False,nan,True,0.0,64.09,nan,False,0,COLLECTING,0,,0,,,,,1,98,100,30,60,0.9999814998288719,0.17320508075688776
2026-08-31T22:06:46.716,125245968,P022,heavy_pressure,QUALITY,,,,611,4797857,117540,127150,117601.95,127063.23,-61.95,86.77,83.11,54.19,False,False,nan,True,0.0087,64.09,86.39,False,0,COLLECTING,0,,0,,,,,1,98,100,30,60,0.9999814998288719,0.17320508075688776
2026-08-31T22:06:46.843,125246093,P022,heavy_pressure,QUALITY,,,,612,4797897,117561,127158,117601.12,127065.12,-40.12,92.88,85.55,54.82,False,False,nan,True,0.0087,64.09,86.39,False,0,COLLECTING,0,,0,,,,,1,98,100,30,60,0.9995809121827007,0.17320508075688776
2026-08-31T22:06:46.855,125246109,P022,heavy_pressure,QUALITY,,,,613,4797937,117469,127075,117598.48,127065.32,-129.48,9.68,66.58,55.05,True,True,840.0,True,0.0087,62.42,86.39,False,0,COLLECTING,0,,0,,,,,1,98,100,30,60,0.9995809121827007,0.17320508075688776
2026-08-31T22:06:46.868,125246125,P022,heavy_pressure,QUALITY,,,,614,4797977,117499,127025,117596.49,127064.52,-97.49,-39.52,40.06,54.75,False,False,nan,True,0.0087,62.42,86.39,False,0,COLLECTING,0,,0,,,,,1,98,100,30,60,0.9995809121827007,0.17320508075688776
2026-08-31T22:06:46.878,125246125,P022,heavy_pressure,QUALITY,,,,615,4798017,117459,127038,117593.74,127063.98,-134.74,-25.98,23.55,54.13,False,False,nan,True,0.0087,62.42,86.39,False,0,COLLECTING,0,,0,,,,,1,98,100,30,60,0.9995809121827007,0.17320508075688776
2026-08-31T22:06:46.919,125246171,P022,heavy_pressure,QUALITY,,,,616,4798057,117475,127066,117591.37,127064.02,-116.37,1.98,18.16,53.41,False,False,nan,True,0.0087,62.42,86.39,False,0,COLLECTING,0,,0,,,,,1,98,100,30,60,0.9995809121827007,0.17320508075688776
2026-08-31T22:06:47.045,125246296,P022,heavy_pressure,QUALITY,,,,617,4798097,117473,127086,117589.0,127064.46,-116.0,21.54,19.0,52.72,False,False,nan,True,0.0087,62.42,86.39,False,0,COLLECTING,0,,0,,,,,2,98,100,30,60,0.9999814998288719,0.17320508075688776
2026-08-31T22:06:47.055,125246312,P022,heavy_pressure,QUALITY,,,,618,4798137,117532,127098,117587.86,127065.13,-55.86,32.87,22.47,52.12,False,False,nan,True,0.0087,62.42,86.39,False,0,COLLECTING,0,,0,,,,,2,98,100,30,60,0.9999814998288719,0.17320508075688776
2026-08-31T22:06:47.063,125246312,P022,heavy_pressure,QUALITY,,,,619,4798177,117516,127088,117586.42,127065.59,-70.42,22.41,22.45,51.52,False,False,nan,True,0.0087,62.42,86.39,False,0,COLLECTING,0,,0,,,,,2,98,100,30,60,0.9999814998288719,0.17320508075688776
2026-08-31T22:06:47.078,125246328,P022,heavy_pressure,QUALITY,,,,620,4798217,117505,127089,117584.8,127066.06,-79.8,22.94,22.57,50.94,False,False,nan,True,0.0087,62.42,86.39,False,0,COLLECTING,0,,0,,,,,2,98,100,30,60,0.9999814998288719,0.17320508075688776
2026-08-31T22:06:47.120,125246375,P022,heavy_pressure,QUALITY,,,,621,4798257,117500,127080,117583.1,127066.34,-83.1,13.66,20.34,50.33,False,False,nan,True,0.0087,62.42,86.39,False,0,COLLECTING,0,,0,,,,,2,98,100,30,60,0.9999814998288719,0.17320508075688776
2026-08-31T22:06:47.244,125246500,P022,heavy_pressure,QUALITY,,,,622,4798297,117516,127100,117581.76,127067.02,-65.76,32.98,23.5,49.79,False,False,nan,True,0.0087,62.42,86.39,False,0,COLLECTING,0,,0,,,,,2,98,100,30,60,0.9999814998288719,0.24494897427831783
2026-08-31T22:06:47.254,125246500,P022,heavy_pressure,QUALITY,,,,623,4798337,117496,127120,117580.04,127068.08,-84.04,51.92,30.61,49.41,False,False,nan,True,0.0087,62.42,86.39,False,0,COLLECTING,0,,0,,,,,2,98,100,30,60,0.9999814998288719,0.24494897427831783
2026-08-31T22:06:47.264,125246515,P022,heavy_pressure,QUALITY,,,,624,4798377,117511,127141,117578.66,127069.54,-67.66,71.46,40.82,49.24,False,False,nan,True,0.0087,62.42,86.39,False,0,COLLECTING,0,,0,,,,,2,98,100,30,60,0.9999814998288719,0.24494897427831783
2026-08-31T22:06:47.278,125246531,P022,heavy_pressure,QUALITY,,,,625,4798417,117513,127138,117577.34,127070.91,-64.34,67.09,47.39,49.2,False,False,nan,True,0.0087,62.42,86.39,False,0,COLLECTING,0,,0,,,,,2,98,100,30,60,0.9999814998288719,0.24494897427831783
2026-08-31T22:06:47.318,125246562,P022,heavy_pressure,QUALITY,,,,626,4798457,117504,127161,117575.88,127072.71,-71.88,88.29,57.61,49.37,False,False,nan,True,0.0087,62.42,86.39,False,0,COLLECTING,0,,0,,,,,2,98,100,30,60,0.9999814998288719,0.24494897427831783
2026-08-31T22:06:47.444,125246687,P022,heavy_pressure,QUALITY,,,,627,4798497,117519,127182,117574.73,127074.9,-55.73,107.1,69.99,49.78,False,False,nan,True,0.0087,62.42,86.39,False,0,COLLECTING,0,,0,,,,,2,98,100,30,60,0.9999814998288719,0.17320508075688776
2026-08-31T22:06:47.454,125246703,P022,heavy_pressure,QUALITY,,,,628,4798537,117521,127190,117573.66,127077.2,-52.66,112.8,80.69,50.4,False,False,nan,True,0.0087,62.42,86.39,False,0,COLLECTING,0,,0,,,,,2,98,100,30,60,0.9999814998288719,0.17320508075688776
2026-08-31T22:06:47.464,125246718,P022,heavy_pressure,QUALITY,,,,629,4798577,117523,127190,117572.64,127079.46,-49.64,110.54,88.15,51.16,False,False,nan,True,0.0087,62.42,86.39,False,0,COLLECTING,0,,0,,,,,2,98,100,30,60,0.9999814998288719,0.17320508075688776
2026-08-31T22:06:47.478,125246734,P022,heavy_pressure,QUALITY,,,,630,4798617,117527,127218,117571.73,127082.23,-44.73,135.77,100.06,52.13,False,False,nan,True,0.0087,62.42,86.39,False,0,COLLECTING,0,,0,,,,,2,98,100,30,60,0.9999814998288719,0.17320508075688776
2026-08-31T22:06:47.518,125246765,P022,heavy_pressure,QUALITY,,,,631,4798657,117526,127208,117570.81,127084.75,-44.81,123.25,105.85,53.21,False,False,nan,True,0.0087,62.42,86.39,False,0,COLLECTING,0,,0,,,,,2,98,100,30,60,0.9999814998288719,0.17320508075688776
2026-08-31T22:06:47.645,125246890,P022,heavy_pressure,QUALITY,,,,632,4798697,117502,127135,117569.44,127085.76,-67.44,49.24,91.7,53.98,True,True,760.0,True,0.0265,60.91,86.39,False,0,COLLECTING,0,,0,,,,,2,98,100,30,60,0.9999814998288719,0.17320508075688776
2026-08-31T22:06:47.654,125246906,P022,heavy_pressure,QUALITY,,,,633,4798737,117488,127103,117567.81,127086.1,-79.81,16.9,73.0,54.36,False,False,nan,True,0.0265,60.91,86.39,False,0,COLLECTING,0,,0,,,,,2,98,100,30,60,0.9999814998288719,0.17320508075688776
2026-08-31T22:06:47.662,125246906,P022,heavy_pressure,QUALITY,,,,634,4798777,117510,127139,117566.66,127087.16,-56.66,51.84,67.71,54.63,False,False,nan,True,0.0265,60.91,86.39,False,0,COLLECTING,0,,0,,,,,2,98,100,30,60,0.9999814998288719,0.17320508075688776
2026-08-31T22:06:47.677,125246921,P022,heavy_pressure,QUALITY,,,,635,4798817,117520,127164,117565.73,127088.7,-45.73,75.3,69.61,54.93,False,False,nan,True,0.0265,60.91,86.39,False,0,COLLECTING,0,,0,,,,,2,98,100,30,60,0.9999814998288719,0.17320508075688776
2026-08-31T22:06:47.717,125246968,P022,heavy_pressure,QUALITY,,,,636,4798857,117524,127185,117564.89,127090.62,-40.89,94.38,75.8,55.34,False,False,nan,True,0.0265,60.91,86.39,False,0,COLLECTING,0,,0,,,,,2,98,100,30,60,0.9999814998288719,0.17320508075688776
2026-08-31T22:06:47.843,125247093,P022,heavy_pressure,QUALITY,,,,637,4798897,117514,127196,117563.88,127092.73,-49.88,103.27,82.67,55.89,False,False,nan,True,0.0265,60.91,86.39,False,0,COLLECTING,0,,0,,,,,3,98,100,30,60,0.9995809121827007,0.17320508075688776
2026-08-31T22:06:47.853,125247109,P022,heavy_pressure,QUALITY,,,,638,4798937,117513,127194,117562.86,127094.76,-49.86,99.24,86.81,56.51,False,False,nan,True,0.0265,60.91,86.39,False,0,COLLECTING,0,,0,,,,,3,98,100,30,60,0.9995809121827007,0.17320508075688776
2026-08-31T22:06:47.865,125247109,P022,heavy_pressure,QUALITY,,,,639,4798977,117492,127175,117561.45,127096.36,-69.45,78.64,84.77,57.07,True,False,nan,True,0.0265,60.91,86.39,False,0,COLLECTING,0,,0,,,,,3,98,100,30,60,0.9995809121827007,0.17320508075688776
2026-08-31T22:06:47.877,125247125,P022,heavy_pressure,QUALITY,,,,640,4799017,117500,127171,117560.22,127097.85,-60.22,73.15,81.86,57.57,False,False,nan,True,0.0265,60.91,86.39,False,0,COLLECTING,0,,0,,,,,3,98,100,30,60,0.9995809121827007,0.17320508075688776
2026-08-31T22:06:47.919,125247171,P022,heavy_pressure,QUALITY,,,,641,4799057,117496,127184,117558.94,127099.58,-62.94,84.42,82.5,58.07,False,False,nan,True,0.0265,60.91,86.39,False,0,COLLECTING,0,,0,,,,,3,98,100,30,60,0.9995809121827007,0.17320508075688776
2026-08-31T22:06:48.043,125247296,P022,heavy_pressure,QUALITY,,,,642,4799097,117502,127193,117557.8,127101.45,-55.8,91.55,84.77,58.6,False,False,nan,True,0.0265,60.91,86.39,False,0,COLLECTING,0,,0,,,,,3,98,100,30,60,0.9995809121827007,0.17320508075688776
2026-08-31T22:06:48.053,125247296,P022,heavy_pressure,QUALITY,,,,643,4799137,117506,127215,117556.76,127103.72,-50.76,111.28,91.39,59.26,False,False,nan,True,0.0265,60.91,86.39,False,0,COLLECTING,0,,0,,,,,3,98,100,30,60,0.9995809121827007,0.17320508075688776
2026-08-31T22:06:48.063,125247312,P022,heavy_pressure,QUALITY,,,,644,4799177,117499,127219,117555.6,127106.02,-56.6,112.98,96.79,60.01,False,False,nan,True,0.0265,60.91,86.39,False,0,COLLECTING,0,,0,,,,,3,98,100,30,60,0.9995809121827007,0.17320508075688776
2026-08-31T22:06:48.078,125247328,P022,heavy_pressure,QUALITY,,,,645,4799217,117493,127213,117554.35,127108.16,-61.35,104.84,98.8,60.78,False,False,nan,True,0.0265,60.91,86.39,False,0,COLLECTING,0,,0,,,,,3,98,100,30,60,0.9995809121827007,0.17320508075688776
2026-08-31T22:06:48.117,125247375,P022,heavy_pressure,QUALITY,,,,646,4799257,117496,127211,117553.19,127110.22,-57.19,100.78,99.3,61.55,False,False,nan,True,0.0265,60.91,86.39,False,0,COLLECTING,0,,0,,,,,3,98,100,30,60,0.9995809121827007,0.17320508075688776
2026-08-31T22:06:48.244,125247500,P022,heavy_pressure,QUALITY,,,,647,4799297,117494,127207,117552.0,127112.16,-58.0,94.84,98.18,62.29,True,True,600.0,True,0.03,68.57,86.39,False,0,COLLECTING,0,,0,,,,,3,98,100,30,60,0.9990925883020052,0.17320508075688776
2026-08-31T22:06:48.253,125247500,P022,heavy_pressure,QUALITY,,,,648,4799337,117485,127209,117550.66,127114.09,-65.66,94.91,97.36,62.99,False,False,nan,True,0.03,68.57,86.39,False,0,COLLECTING,0,,0,,,,,3,98,100,30,60,0.9990925883020052,0.17320508075688776
2026-08-31T22:06:48.263,125247515,P022,heavy_pressure,QUALITY,,,,649,4799377,117495,127212,117549.55,127116.05,-54.55,95.95,97.01,63.67,False,False,nan,True,0.03,68.57,86.39,False,0,COLLECTING,0,,0,,,,,3,98,100,30,60,0.9990925883020052,0.17320508075688776
2026-08-31T22:06:48.277,125247531,P022,heavy_pressure,QUALITY,,,,650,4799417,117490,127205,117548.36,127117.84,-58.36,87.16,94.55,64.29,False,False,nan,True,0.03,68.57,86.39,False,0,COLLECTING,0,,0,,,,,3,98,100,30,60,0.9990925883020052,0.17320508075688776
2026-08-31T22:06:48.317,125247562,P022,heavy_pressure,QUALITY,,,,651,4799457,117472,127172,117546.84,127118.92,-74.84,53.08,84.18,64.68,False,False,nan,True,0.03,68.57,86.39,False,0,COLLECTING,0,,0,,,,,3,98,100,30,60,0.9990925883020052,0.17320508075688776
2026-08-31T22:06:48.443,125247687,P022,heavy_pressure,QUALITY,,,,652,4799497,117436,127083,117544.62,127118.2,-108.62,-35.2,54.33,64.48,False,False,nan,True,0.03,68.57,86.39,False,0,COLLECTING,0,,0,,,,,4,98,100,30,60,0.9999814998288719,0.17320508075688776
2026-08-31T22:06:48.454,125247703,P022,heavy_pressure,QUALITY,,,,653,4799537,117440,127075,117542.52,127117.34,-102.52,-42.34,30.17,63.79,False,False,nan,True,0.03,68.57,86.39,False,0,COLLECTING,0,,0,,,,,4,98,100,30,60,0.9999814998288719,0.17320508075688776
2026-08-31T22:06:48.462,125247718,P022,heavy_pressure,QUALITY,,,,654,4799577,117435,127102,117540.38,127117.03,-105.38,-15.03,18.87,62.89,False,False,nan,True,0.03,68.57,86.39,False,0,COLLECTING,0,,0,,,,,4,98,100,30,60,0.9999814998288719,0.17320508075688776
2026-08-31T22:06:48.476,125247734,P022,heavy_pressure,QUALITY,,,,655,4799617,117456,127140,117538.69,127117.49,-82.69,22.51,19.78,62.03,False,False,nan,True,0.03,68.57,86.39,False,0,COLLECTING,0,,0,,,,,4,98,100,30,60,0.9999814998288719,0.17320508075688776
2026-08-31T22:06:48.517,125247765,P022,heavy_pressure,QUALITY,,,,656,4799657,117450,127138,117536.91,127117.9,-86.91,20.1,19.86,61.19,False,False,nan,True,0.03,68.57,86.39,False,0,COLLECTING,0,,0,,,,,4,98,100,30,60,0.9999814998288719,0.17320508075688776
2026-08-31T22:06:48.643,125247890,P022,heavy_pressure,QUALITY,,,,657,4799697,117460,127158,117535.38,127118.7,-75.38,39.3,24.72,60.46,False,False,nan,True,0.03,68.57,86.39,False,0,COLLECTING,0,,0,,,,,4,98,100,30,60,0.9999814998288719,0.17320508075688776
2026-08-31T22:06:48.654,125247906,P022,heavy_pressure,QUALITY,,,,658,4799737,117442,127144,117533.51,127119.21,-91.51,24.79,24.74,59.74,False,False,nan,True,0.03,68.57,86.39,False,0,COLLECTING,0,,0,,,,,4,98,100,30,60,0.9999814998288719,0.17320508075688776
2026-08-31T22:06:48.665,125247921,P022,heavy_pressure,QUALITY,,,,659,4799777,117442,127131,117531.68,127119.45,-89.68,11.55,21.44,58.98,False,False,nan,True,0.03,68.57,86.39,False,0,COLLECTING,0,,0,,,,,4,98,100,30,60,0.9999814998288719,0.17320508075688776
2026-08-31T22:06:48.678,125247921,P022,heavy_pressure,QUALITY,,,,660,4799817,117443,127155,117529.91,127120.16,-86.91,34.84,24.79,58.29,False,False,nan,True,0.03,68.57,86.39,False,0,COLLECTING,0,,0,,,,,4,98,100,30,60,0.9999814998288719,0.17320508075688776
2026-08-31T22:06:48.718,125247968,P022,heavy_pressure,QUALITY,,,,661,4799857,117439,127170,117528.09,127121.16,-89.09,48.84,30.8,57.74,False,False,nan,True,0.03,68.57,86.39,False,0,COLLECTING,0,,0,,,,,4,98,100,30,60,0.9999814998288719,0.17320508075688776
2026-08-31T22:06:48.843,125248093,P022,heavy_pressure,QUALITY,,,,662,4799897,117451,127183,117526.55,127122.39,-75.55,60.61,38.26,57.35,False,False,nan,True,0.03,68.57,86.39,False,0,COLLECTING,0,,0,,,,,4,98,100,30,60,0.9999814998288719,0.17320508075688776
2026-08-31T22:06:48.853,125248109,P022,heavy_pressure,QUALITY,,,,663,4799937,117438,127182,117524.77,127123.59,-86.77,58.41,43.3,57.07,False,False,nan,True,0.03,68.57,86.39,False,0,COLLECTING,0,,0,,,,,4,98,100,30,60,0.9999814998288719,0.17320508075688776
2026-08-31T22:06:48.864,125248109,P022,heavy_pressure,QUALITY,,,,664,4799977,117438,127192,117523.04,127124.95,-85.04,67.05,49.23,56.92,False,False,nan,True,0.03,68.57,86.39,False,0,COLLECTING,0,,0,,,,,4,98,100,30,60,0.9999814998288719,0.17320508075688776
2026-08-31T22:06:48.877,125248125,P022,heavy_pressure,QUALITY,,,,665,4800017,117437,127184,117521.32,127126.13,-84.32,57.87,51.39,56.81,False,False,nan,True,0.03,68.57,86.39,False,0,COLLECTING,0,,0,,,,,4,98,100,30,60,0.9999814998288719,0.17320508075688776
2026-08-31T22:06:48.917,125248171,P022,heavy_pressure,QUALITY,,,,666,4800057,117429,127180,117519.48,127127.21,-90.48,52.79,51.74,56.7,False,False,nan,True,0.03,68.57,86.39,False,0,COLLECTING,0,,0,,,,,4,98,100,30,60,0.9999814998288719,0.17320508075688776
2026-08-31T22:06:49.043,125248296,P022,heavy_pressure,QUALITY,,,,667,4800097,117431,127187,117517.71,127128.41,-86.71,58.59,53.45,56.64,False,False,nan,True,0.03,68.57,86.39,False,0,COLLECTING,0,,0,,,,,4,98,100,30,60,0.9999814998288719,0.17320508075688776
2026-08-31T22:06:49.054,125248296,P022,heavy_pressure,QUALITY,,,,668,4800137,117428,127199,117515.91,127129.82,-87.91,69.18,57.39,56.65,False,False,nan,True,0.03,68.57,86.39,False,0,COLLECTING,0,,0,,,,,4,98,100,30,60,0.9999814998288719,0.17320508075688776
2026-08-31T22:06:49.062,125248312,P022,heavy_pressure,QUALITY,,,,669,4800177,117434,127203,117514.27,127131.28,-80.27,71.72,60.97,56.74,False,False,nan,True,0.03,68.57,86.39,False,0,COLLECTING,0,,0,,,,,4,98,100,30,60,0.9999814998288719,0.17320508075688776
2026-08-31T22:06:49.077,125248328,P022,heavy_pressure,QUALITY,,,,670,4800217,117426,127203,117512.51,127132.72,-86.51,70.28,63.3,56.87,False,False,nan,True,0.03,68.57,86.39,False,0,COLLECTING,0,,0,,,,,4,98,100,30,60,0.9999814998288719,0.17320508075688776
2026-08-31T22:06:49.118,125248375,P022,heavy_pressure,QUALITY,,,,671,4800257,117413,127134,117510.52,127132.74,-97.52,1.26,47.79,56.69,False,False,nan,True,0.03,68.57,86.39,False,0,COLLECTING,0,,0,,,,,4,98,100,30,60,0.9999814998288719,0.17320508075688776
2026-08-31T22:06:49.243,125248500,P022,heavy_pressure,QUALITY,,,,672,4800297,117387,127081,117508.05,127131.71,-121.05,-50.71,23.16,56.02,False,False,nan,True,0.03,68.57,86.39,False,0,COLLECTING,0,,0,,,,,4,98,100,30,60,0.9999814998288719,0.17320508075688776
2026-08-31T22:06:49.254,125248500,P022,heavy_pressure,QUALITY,,,,673,4800337,117397,127099,117505.83,127131.05,-108.83,-32.05,9.36,55.09,False,False,nan,True,0.03,68.57,86.39,False,0,COLLECTING,0,,0,,,,,4,98,100,30,60,0.9999814998288719,0.17320508075688776
2026-08-31T22:06:49.264,125248515,P022,heavy_pressure,QUALITY,,,,674,4800377,117417,127142,117504.05,127131.27,-87.05,10.73,9.7,54.18,False,False,nan,True,0.03,68.57,86.39,False,0,COLLECTING,0,,0,,,,,4,98,100,30,60,0.9999814998288719,0.17320508075688776
2026-08-31T22:06:49.278,125248531,P022,heavy_pressure,QUALITY,,,,675,4800417,117420,127152,117502.38,127131.69,-82.38,20.31,12.35,53.34,False,False,nan,True,0.03,68.57,86.39,False,0,COLLECTING,0,,0,,,,,4,98,100,30,60,0.9999814998288719,0.17320508075688776
2026-08-31T22:06:49.316,125248562,P022,heavy_pressure,QUALITY,,,,676,4800457,117424,127176,117500.8,127132.57,-76.8,43.43,20.12,52.68,False,False,nan,True,0.03,68.57,86.39,False,0,COLLECTING,0,,0,,,,,4,98,100,30,60,0.9999814998288719,0.17320508075688776
2026-08-31T22:06:49.443,125248687,P022,heavy_pressure,QUALITY,,,,677,4800497,117428,127178,117499.35,127133.48,-71.35,44.52,26.22,52.15,False,False,nan,True,0.03,68.57,86.39,False,0,COLLECTING,0,,0,,,,,4,98,100,30,60,0.9995809121827007,0.17320508075688776
2026-08-31T22:06:49.455,125248703,P022,heavy_pressure,QUALITY,,,,678,4800537,117425,127162,117497.87,127134.05,-72.87,27.95,26.66,51.64,False,False,nan,True,0.03,68.57,86.39,False,0,COLLECTING,0,,0,,,,,4,98,100,30,60,0.9995809121827007,0.17320508075688776
2026-08-31T22:06:49.463,125248718,P022,heavy_pressure,QUALITY,,,,679,4800577,117424,127166,117496.39,127134.69,-72.39,31.31,27.82,51.16,False,False,nan,True,0.03,68.57,86.39,False,0,COLLECTING,0,,0,,,,,4,98,100,30,60,0.9995809121827007,0.17320508075688776
2026-08-31T22:06:49.479,125248734,P022,heavy_pressure,QUALITY,,,,680,4800617,117420,127171,117494.86,127135.41,-74.86,35.59,29.76,50.73,False,False,nan,True,0.03,68.57,86.39,False,0,COLLECTING,0,,0,,,,,4,98,100,30,60,0.9995809121827007,0.17320508075688776
2026-08-31T22:06:49.518,125248765,P022,heavy_pressure,QUALITY,,,,681,4800657,117410,127179,117493.16,127136.29,-83.16,42.71,33.0,50.38,False,False,nan,True,0.03,68.57,86.39,False,0,COLLECTING,0,,0,,,,,4,98,100,30,60,0.9995809121827007,0.17320508075688776
2026-08-31T22:06:49.643,125248890,P022,heavy_pressure,QUALITY,,,,682,4800697,117409,127191,117491.48,127137.38,-82.48,53.62,38.15,50.13,False,False,nan,True,0.03,68.57,86.39,False,0,COLLECTING,0,,0,,,,,4,98,100,30,60,0.9995809121827007,0.17320508075688776
2026-08-31T22:06:49.656,125248906,P022,heavy_pressure,QUALITY,,,,683,4800737,117414,127205,117489.94,127138.73,-75.94,66.27,45.18,50.04,False,False,nan,True,0.03,68.57,86.39,False,0,COLLECTING,0,,0,,,,,4,98,100,30,60,0.9995809121827007,0.17320508075688776
2026-08-31T22:06:49.668,125248921,P022,heavy_pressure,QUALITY,,,,684,4800777,117407,127201,117488.28,127139.98,-81.28,61.02,49.14,50.02,False,False,nan,True,0.03,68.57,86.39,False,0,COLLECTING,0,,0,,,,,4,98,100,30,60,0.9995809121827007,0.17320508075688776
2026-08-31T22:06:49.681,125248937,P022,heavy_pressure,QUALITY,,,,685,4800817,117419,127205,117486.9,127141.27,-67.9,63.73,52.79,50.07,False,False,nan,True,0.03,68.57,86.39,False,0,COLLECTING,0,,0,,,,,4,98,100,30,60,0.9995809121827007,0.17320508075688776
2026-08-31T22:06:49.719,125248968,P022,heavy_pressure,QUALITY,,,,686,4800857,117417,127203,117485.5,127142.51,-68.5,60.49,54.71,50.17,False,False,nan,True,0.03,68.57,86.39,False,0,COLLECTING,0,,0,,,,,4,98,100,30,60,0.9995809121827007,0.17320508075688776
2026-08-31T22:06:49.843,125249093,P022,heavy_pressure,QUALITY,,,,687,4800897,117411,127203,117484.01,127143.72,-73.01,59.28,55.86,50.28,False,False,nan,True,0.03,68.57,86.39,False,0,COLLECTING,0,,0,,,,,4,98,100,30,60,0.9986916441024227,0.17320508075688776
2026-08-31T22:06:49.854,125249109,P022,heavy_pressure,QUALITY,,,,688,4800937,117410,127209,117482.53,127145.02,-72.53,63.98,57.89,50.43,False,False,nan,True,0.03,68.57,86.39,False,0,COLLECTING,0,,0,,,,,4,98,100,30,60,0.9986916441024227,0.17320508075688776
2026-08-31T22:06:49.864,125249109,P022,heavy_pressure,QUALITY,,,,689,4800977,117424,127213,117481.36,127146.38,-57.36,66.62,60.07,50.62,False,False,nan,True,0.03,68.57,86.39,False,0,COLLECTING,0,,0,,,,,4,98,100,30,60,0.9986916441024227,0.17320508075688776
2026-08-31T22:06:49.878,125249125,P022,heavy_pressure,QUALITY,,,,690,4801017,117401,127179,117479.75,127147.03,-78.75,31.97,53.04,50.67,False,False,nan,True,0.03,68.57,86.39,False,0,COLLECTING,0,,0,,,,,4,98,100,30,60,0.9986916441024227,0.17320508075688776
2026-08-31T22:06:49.919,125249171,P022,heavy_pressure,QUALITY,,,,691,4801057,117369,127107,117477.53,127146.23,-108.53,-39.23,29.97,50.26,False,False,nan,True,0.03,68.57,86.39,False,0,COLLECTING,0,,0,,,,,4,98,100,30,60,0.9986916441024227,0.17320508075688776
2026-08-31T22:06:50.043,125249296,P022,heavy_pressure,QUALITY,,,,692,4801097,117360,127089,117475.18,127145.09,-115.18,-56.09,8.46,49.42,False,False,nan,True,0.03,68.57,86.39,False,0,COLLECTING,0,,0,,,,,4,98,100,30,60,0.9999814998288719,0.17320508075688776
2026-08-31T22:06:50.054,125249296,P022,heavy_pressure,QUALITY,,,,693,4801137,117380,127124,117473.27,127144.66,-93.27,-20.66,1.18,48.46,False,False,nan,True,0.03,68.57,86.39,False,0,COLLECTING,0,,0,,,,,4,98,100,30,60,0.9999814998288719,0.17320508075688776
2026-08-31T22:06:50.063,125249312,P022,heavy_pressure,QUALITY,,,,694,4801177,117378,127149,117471.37,127144.75,-93.37,4.25,1.95,47.53,False,False,nan,True,0.03,68.57,86.39,False,0,COLLECTING,0,,0,,,,,4,98,100,30,60,0.9999814998288719,0.17320508075688776
2026-08-31T22:06:50.077,125249328,P022,heavy_pressure,QUALITY,,,,695,4801217,117385,127181,117469.64,127145.48,-84.64,35.52,10.34,46.78,False,False,nan,True,0.03,68.57,86.39,False,0,COLLECTING,0,,0,,,,,4,98,100,30,60,0.9999814998288719,0.17320508075688776
2026-08-31T22:06:50.119,125249375,P022,heavy_pressure,QUALITY,,,,696,4801257,117387,127179,117467.98,127146.15,-80.98,32.85,15.97,46.17,False,False,nan,True,0.03,68.57,86.39,False,0,COLLECTING,0,,0,,,,,4,98,100,30,60,0.9999814998288719,0.17320508075688776
2026-08-31T22:06:50.244,125249500,P022,heavy_pressure,QUALITY,,,,697,4801297,117380,127163,117466.23,127146.48,-86.23,16.52,16.11,45.57,False,False,nan,True,0.03,68.57,86.39,False,0,COLLECTING,0,,0,,,,,4,98,100,30,60,0.9999814998288719,0.17320508075688776
2026-08-31T22:06:50.254,125249500,P022,heavy_pressure,QUALITY,,,,698,4801337,117379,127154,117464.48,127146.63,-85.48,7.37,13.92,44.93,False,False,nan,True,0.03,68.57,86.39,False,0,COLLECTING,0,,0,,,,,4,98,100,30,60,0.9999814998288719,0.17320508075688776
2026-08-31T22:06:50.263,125249515,P022,heavy_pressure,QUALITY,,,,699,4801377,117385,127155,117462.9,127146.8,-77.9,8.2,12.49,44.28,False,False,nan,True,0.03,68.57,86.39,False,0,COLLECTING,0,,0,,,,,4,98,100,30,60,0.9999814998288719,0.17320508075688776
2026-08-31T22:06:50.279,125249531,P022,heavy_pressure,QUALITY,,,,700,4801417,117379,127179,117461.22,127147.44,-82.22,31.56,17.26,43.74,False,False,nan,True,0.03,68.57,86.39,False,0,COLLECTING,0,,0,,,,,4,98,100,30,60,0.9999814998288719,0.17320508075688776
2026-08-31T22:06:50.317,125249562,P022,heavy_pressure,QUALITY,,,,701,4801457,117389,127184,117459.77,127148.17,-70.77,35.83,21.9,43.31,False,False,nan,True,0.03,68.57,86.39,False,0,COLLECTING,0,,0,,,,,4,98,100,30,60,0.9999814998288719,0.17320508075688776
2026-08-31T22:06:50.443,125249687,P022,heavy_pressure,QUALITY,,,,702,4801497,117397,127196,117458.52,127149.12,-61.52,46.88,28.14,43.0,False,False,nan,True,0.03,68.57,86.39,False,0,COLLECTING,0,,0,,,,,4,98,100,30,60,0.9999814998288719,0.17320508075688776
2026-08-31T22:06:50.454,125249703,P022,heavy_pressure,QUALITY,,,,703,4801537,117385,127207,117457.05,127150.28,-72.05,56.72,35.29,42.85,False,False,nan,True,0.03,68.57,86.39,False,0,COLLECTING,0,,0,,,,,4,98,100,30,60,0.9999814998288719,0.17320508075688776
2026-08-31T22:06:50.463,125249718,P022,heavy_pressure,QUALITY,,,,704,4801577,117389,127213,117455.69,127151.54,-66.69,61.46,41.83,42.83,False,False,nan,True,0.03,68.57,86.39,False,0,COLLECTING,0,,0,,,,,4,98,100,30,60,0.9999814998288719,0.17320508075688776
2026-08-31T22:06:50.478,125249734,P022,heavy_pressure,QUALITY,,,,705,4801617,117387,127212,117454.31,127152.75,-67.31,59.25,46.19,42.9,False,False,nan,True,0.03,68.57,86.39,False,0,COLLECTING,0,,0,,,,,4,98,100,30,60,0.9999814998288719,0.17320508075688776
2026-08-31T22:06:50.517,125249765,P022,heavy_pressure,QUALITY,,,,706,4801657,117388,127218,117452.98,127154.05,-64.98,63.95,50.63,43.05,False,False,nan,True,0.03,68.57,86.39,False,0,COLLECTING,0,,0,,,,,4,98,100,30,60,0.9999814998288719,0.17320508075688776
2026-08-31T22:06:50.642,125249890,P022,heavy_pressure,QUALITY,,,,707,4801697,117389,127226,117451.7,127155.49,-62.7,70.51,55.6,43.3,False,False,nan,True,0.03,68.57,86.39,False,0,COLLECTING,0,,0,,,,,4,98,100,30,60,0.9999814998288719,0.17320508075688776
2026-08-31T22:06:50.653,125249906,P022,heavy_pressure,QUALITY,,,,708,4801737,117394,127220,117450.55,127156.78,-56.55,63.22,57.5,43.59,False,False,nan,True,0.03,68.57,86.39,False,0,COLLECTING,0,,0,,,,,4,98,100,30,60,0.9999814998288719,0.17320508075688776
2026-08-31T22:06:50.663,125249906,P022,heavy_pressure,QUALITY,,,,709,4801777,117375,127184,117449.04,127157.33,-74.04,26.67,49.79,43.71,False,False,nan,True,0.03,68.57,86.39,False,0,COLLECTING,0,,0,,,,,4,98,100,30,60,0.9999814998288719,0.17320508075688776
2026-08-31T22:06:50.677,125249921,P022,heavy_pressure,QUALITY,,,,710,4801817,117350,127113,117447.05,127156.45,-97.05,-43.45,26.48,43.37,False,False,nan,True,0.03,68.57,86.39,False,0,COLLECTING,0,,0,,,,,4,98,100,30,60,0.9999814998288719,0.17320508075688776
2026-08-31T22:06:50.717,125249968,P022,heavy_pressure,QUALITY,,,,711,4801857,117347,127100,117445.05,127155.32,-98.05,-55.32,6.03,42.62,False,False,nan,True,0.0212,68.57,nan,False,0,COLLECTING,0,,0,,,,,4,98,100,30,60,0.9999814998288719,0.17320508075688776
2026-08-31T22:06:50.842,125250093,P022,heavy_pressure,QUALITY,,,,712,4801897,117355,127133,117443.25,127154.88,-88.25,-21.88,-0.94,41.79,False,False,nan,True,0.0212,68.57,nan,False,0,COLLECTING,0,,0,,,,,4,98,100,30,60,0.9999814998288719,0.17320508075688776
2026-08-31T22:06:50.854,125250109,P022,heavy_pressure,QUALITY,,,,713,4801937,117369,127153,117441.77,127154.84,-72.77,-1.84,-1.17,40.97,False,False,nan,True,0.0212,68.57,nan,False,0,COLLECTING,0,,0,,,,,4,98,100,30,60,0.9999814998288719,0.17320508075688776
2026-08-31T22:06:50.863,125250109,P022,heavy_pressure,QUALITY,,,,714,4801977,117363,127169,117440.19,127155.12,-77.19,13.88,2.6,40.21,False,False,nan,True,0.0212,68.57,nan,False,0,COLLECTING,0,,0,,,,,4,98,100,30,60,0.9999814998288719,0.17320508075688776
2026-08-31T22:06:50.877,125250125,P022,heavy_pressure,QUALITY,,,,715,4802017,117364,127185,117438.66,127155.71,-74.66,29.29,9.27,39.59,False,False,nan,True,0.0212,68.57,nan,False,0,COLLECTING,0,,0,,,,,4,98,100,30,60,0.9999814998288719,0.17320508075688776
2026-08-31T22:06:50.917,125250171,P022,heavy_pressure,QUALITY,,,,716,4802057,117363,127163,117437.15,127155.86,-74.15,7.14,8.74,38.97,False,False,nan,True,0.0212,68.57,nan,False,0,COLLECTING,0,,0,,,,,4,98,100,30,60,0.9999814998288719,0.17320508075688776
2026-08-31T22:06:51.044,125250296,P022,heavy_pressure,QUALITY,,,,717,4802097,117352,127154,117435.45,127155.82,-83.45,-1.82,6.1,38.31,False,False,nan,True,0.0212,68.57,nan,False,0,COLLECTING,0,,0,,,,,4,98,100,30,60,0.9999814998288719,0.24494897427831783
2026-08-31T22:06:51.054,125250312,P022,heavy_pressure,QUALITY,,,,718,4802137,117351,127157,117433.76,127155.84,-82.76,1.16,4.86,37.64,False,False,nan,True,0.0212,68.57,nan,False,0,COLLECTING,0,,0,,,,,4,98,100,30,60,0.9999814998288719,0.24494897427831783
2026-08-31T22:06:51.070,125250328,P022,heavy_pressure,QUALITY,,,,719,4802177,117360,127168,117432.28,127156.09,-72.28,11.91,6.63,37.02,False,False,nan,True,0.0212,68.57,nan,False,0,COLLECTING,0,,0,,,,,4,98,100,30,60,0.9999814998288719,0.24494897427831783
2026-08-31T22:06:51.079,125250328,P022,heavy_pressure,QUALITY,,,,720,4802217,117374,127189,117431.12,127156.74,-57.12,32.26,13.03,36.54,False,False,nan,True,0.0212,68.57,nan,False,0,COLLECTING,0,,0,,,,,4,98,100,30,60,0.9999814998288719,0.24494897427831783
2026-08-31T22:06:51.116,125250375,P022,heavy_pressure,QUALITY,,,,721,4802257,117367,127204,117429.84,127157.69,-62.84,46.31,21.35,36.24,False,False,nan,True,0.0212,68.57,nan,False,0,COLLECTING,0,,0,,,,,4,98,100,30,60,0.9999814998288719,0.24494897427831783
2026-08-31T22:06:51.243,125250500,P022,heavy_pressure,QUALITY,,,,722,4802297,117363,127208,117428.5,127158.7,-65.5,49.3,28.34,36.08,False,False,nan,True,0.0212,68.57,nan,False,0,COLLECTING,0,,0,,,,,4,98,100,30,60,0.9995809121827007,0.17320508075688776
2026-08-31T22:06:51.253,125250500,P022,heavy_pressure,QUALITY,,,,723,4802337,117364,127219,117427.21,127159.9,-63.21,59.1,36.03,36.08,False,False,nan,True,0.0212,68.57,nan,False,0,COLLECTING,0,,0,,,,,4,98,100,30,60,0.9995809121827007,0.17320508075688776
2026-08-31T22:06:51.265,125250515,P022,heavy_pressure,QUALITY,,,,724,4802377,117371,127207,117426.09,127160.84,-55.09,46.16,38.56,36.13,False,False,nan,True,0.0212,68.57,nan,False,0,COLLECTING,0,,0,,,,,4,98,100,30,60,0.9995809121827007,0.17320508075688776
2026-08-31T22:06:51.278,125250531,P022,heavy_pressure,QUALITY,,,,725,4802417,117378,127225,117425.12,127162.12,-47.12,62.88,44.64,36.3,False,False,nan,True,0.0212,68.57,nan,False,0,COLLECTING,0,,0,,,,,4,98,100,30,60,0.9995809121827007,0.17320508075688776
2026-08-31T22:06:51.318,125250562,P022,heavy_pressure,QUALITY,,,,726,4802457,117365,127217,117423.92,127163.22,-58.92,53.78,46.93,36.51,False,False,nan,True,0.0212,68.57,nan,False,0,COLLECTING,0,,0,,,,,4,98,100,30,60,0.9995809121827007,0.17320508075688776
2026-08-31T22:06:51.443,125250687,P022,heavy_pressure,QUALITY,,,,727,4802497,117370,127217,117422.84,127164.3,-52.84,52.7,48.37,36.75,False,False,nan,True,0.0212,68.57,nan,False,0,COLLECTING,0,,0,,,,,4,98,100,30,60,0.9995809121827007,0.17320508075688776
2026-08-31T22:06:51.454,125250703,P022,heavy_pressure,QUALITY,,,,728,4802537,117346,127141,117421.3,127163.83,-75.3,-22.83,30.57,36.63,False,False,nan,True,0.0212,68.57,nan,False,0,COLLECTING,0,,0,,,,,4,98,100,30,60,0.9995809121827007,0.17320508075688776
2026-08-31T22:06:51.463,125250718,P022,heavy_pressure,QUALITY,,,,729,4802577,117323,127089,117419.34,127162.33,-96.34,-73.33,4.6,35.99,False,False,nan,True,0.0212,68.57,nan,False,0,COLLECTING,0,,0,,,,,4,98,100,30,60,0.9995809121827007,0.17320508075688776
2026-08-31T22:06:51.478,125250734,P022,heavy_pressure,QUALITY,,,,730,4802617,117324,127113,117417.43,127161.34,-93.43,-48.34,-8.64,35.44,False,False,nan,True,0.0212,68.57,nan,False,0,COLLECTING,0,,0,,,,,4,98,100,30,60,0.9995809121827007,0.17320508075688776
2026-08-31T22:06:51.517,125250765,P022,heavy_pressure,QUALITY,,,,731,4802657,117336,127150,117415.8,127161.12,-79.8,-11.12,-9.26,34.92,False,False,nan,True,0.0212,68.57,nan,False,0,COLLECTING,0,,0,,,,,4,98,100,30,60,0.9995809121827007,0.17320508075688776
2026-08-31T22:06:51.644,125250890,P022,heavy_pressure,QUALITY,,,,732,4802697,117345,127158,117414.39,127161.05,-69.39,-3.05,-7.71,34.37,False,False,nan,True,0.0212,68.57,nan,False,0,COLLECTING,0,,0,,,,,4,98,100,30,60,0.9995809121827007,0.17320508075688776
2026-08-31T22:06:51.652,125250906,P022,heavy_pressure,QUALITY,,,,733,4802737,117348,127168,117413.06,127161.2,-65.06,6.8,-4.08,33.77,False,False,nan,True,0.0212,68.57,nan,False,0,COLLECTING,0,,0,,,,,4,98,100,30,60,0.9995809121827007,0.17320508075688776
2026-08-31T22:06:51.662,125250906,P022,heavy_pressure,QUALITY,,,,734,4802777,117342,127186,117411.64,127161.69,-69.64,24.31,3.02,33.15,False,False,nan,True,0.0212,68.57,nan,False,0,COLLECTING,0,,0,,,,,4,98,100,30,60,0.9995809121827007,0.17320508075688776
2026-08-31T22:06:51.676,125250921,P022,heavy_pressure,QUALITY,,,,735,4802817,117325,127155,117409.91,127161.55,-84.91,-6.55,0.63,32.5,False,False,nan,True,0.0212,68.57,nan,False,0,COLLECTING,0,,0,,,,,4,98,100,30,60,0.9995809121827007,0.17320508075688776
2026-08-31T22:06:51.716,125250968,P022,heavy_pressure,QUALITY,,,,736,4802857,117338,127166,117408.47,127161.64,-70.47,4.36,1.56,31.88,False,False,nan,True,0.0212,68.57,nan,False,0,COLLECTING,0,,0,,,,,4,98,100,30,60,0.9995809121827007,0.17320508075688776
2026-08-31T22:06:51.843,125251093,P022,heavy_pressure,QUALITY,,,,737,4802897,117335,127156,117407.0,127161.53,-72.0,-5.53,-0.21,31.25,False,False,nan,True,0.0212,68.57,nan,False,0,COLLECTING,0,,0,,,,,4,98,100,30,60,0.9995809121827007,0.17320508075688776
2026-08-31T22:06:51.856,125251109,P022,heavy_pressure,QUALITY,,,,738,4802937,117331,127166,117405.48,127161.62,-74.48,4.38,0.94,30.64,False,False,nan,True,0.0212,68.57,nan,False,0,COLLECTING,0,,0,,,,,4,98,100,30,60,0.9995809121827007,0.17320508075688776
2026-08-31T22:06:51.869,125251125,P022,heavy_pressure,QUALITY,,,,739,4802987,117345,127190,117404.27,127162.19,-59.27,27.81,7.65,30.18,False,False,nan,True,0.0212,68.57,nan,False,0,COLLECTING,0,,0,,,,,4,98,100,30,60,0.9995809121827007,0.17320508075688776
2026-08-31T22:06:51.886,125251140,P022,heavy_pressure,QUALITY,,,,740,4803027,117345,127157,117403.08,127162.09,-58.08,-5.09,4.47,29.67,False,False,nan,True,0.0212,68.57,nan,False,0,COLLECTING,0,,0,,,,,4,98,100,30,60,0.9995809121827007,0.17320508075688776
2026-08-31T22:06:51.927,125251171,P022,heavy_pressure,QUALITY,,,,741,4803067,117343,127190,117401.88,127162.64,-58.88,27.36,10.19,29.28,False,False,nan,True,0.0212,68.57,nan,False,0,COLLECTING,0,,0,,,,,4,98,100,30,60,0.9995809121827007,0.17320508075688776
2026-08-31T22:06:52.041,125251296,P022,heavy_pressure,QUALITY,,,,742,4803107,117349,127201,117400.82,127163.41,-51.82,37.59,17.04,29.03,False,False,nan,True,0.0212,68.57,nan,False,0,COLLECTING,0,,0,,,,,4,98,100,30,60,0.9999814998288719,0.17320508075688776
2026-08-31T22:06:52.053,125251296,P022,heavy_pressure,QUALITY,,,,743,4803147,117338,127168,117399.56,127163.5,-61.56,4.5,13.91,28.73,False,False,nan,True,0.0212,68.57,nan,False,0,COLLECTING,0,,0,,,,,4,98,100,30,60,0.9999814998288719,0.17320508075688776
2026-08-31T22:06:52.062,125251312,P022,heavy_pressure,QUALITY,,,,744,4803187,117348,127170,117398.53,127163.63,-50.53,6.37,12.02,28.4,False,False,nan,True,0.0212,68.57,nan,False,0,COLLECTING,0,,0,,,,,4,98,100,30,60,0.9999814998288719,0.17320508075688776
2026-08-31T22:06:52.086,125251343,P022,heavy_pressure,QUALITY,,,,745,4803227,117344,127208,117397.44,127164.52,-53.44,43.48,19.89,28.23,False,False,nan,True,0.0212,68.57,nan,False,0,COLLECTING,0,,0,,,,,4,98,100,30,60,0.9999814998288719,0.17320508075688776
2026-08-31T22:06:52.127,125251375,P022,heavy_pressure,QUALITY,,,,746,4803267,117344,127197,117396.37,127165.17,-52.37,31.83,22.87,28.12,False,False,nan,True,0.0212,68.57,nan,False,0,COLLECTING,0,,0,,,,,4,98,100,30,60,0.9999814998288719,0.17320508075688776
2026-08-31T22:06:52.244,125251500,P022,heavy_pressure,QUALITY,,,,747,4803307,117308,127079,117394.6,127163.45,-86.6,-84.45,-3.96,27.64,False,False,nan,True,0.0212,68.57,nan,False,0,COLLECTING,0,,0,,,,,4,98,100,30,60,0.9999814998288719,0.17320508075688776
2026-08-31T22:06:52.256,125251500,P022,heavy_pressure,QUALITY,,,,748,4803347,117290,127039,117392.51,127160.95,-102.51,-121.95,-33.46,27.75,False,False,nan,True,0.0212,68.57,nan,False,0,COLLECTING,0,,0,,,,,4,98,100,30,60,0.9999814998288719,0.17320508075688776
2026-08-31T22:06:52.266,125251515,P022,heavy_pressure,QUALITY,,,,749,4803387,117297,127091,117390.6,127159.55,-93.6,-68.55,-42.23,28.04,False,False,nan,True,0.0212,68.57,nan,False,0,COLLECTING,0,,0,,,,,4,98,100,30,60,0.9999814998288719,0.17320508075688776
2026-08-31T22:06:52.287,125251531,P022,heavy_pressure,QUALITY,,,,750,4803427,117307,127099,117388.93,127158.34,-81.93,-59.34,-46.51,28.41,False,False,nan,True,0.0212,68.57,nan,False,0,COLLECTING,0,,0,,,,,4,98,100,30,60,0.9999814998288719,0.17320508075688776
2026-08-31T22:06:52.329,125251578,P022,heavy_pressure,QUALITY,,,,751,4803467,117330,127111,117387.75,127157.4,-57.75,-46.4,-46.48,28.77,False,False,nan,True,0.0212,68.57,nan,False,0,COLLECTING,0,,0,,,,,4,98,100,30,60,0.9999814998288719,0.17320508075688776
2026-08-31T22:06:52.445,125251703,P022,heavy_pressure,QUALITY,,,,752,4803507,117343,127207,117386.85,127158.39,-43.85,48.61,-22.71,28.65,False,False,nan,True,0.0212,68.57,nan,False,0,COLLECTING,0,,0,,,,,4,98,100,30,60,0.9995809121827007,0.17320508075688776
2026-08-31T22:06:52.454,125251703,P022,heavy_pressure,QUALITY,,,,753,4803547,117354,127197,117386.2,127159.16,-32.2,37.84,-7.57,28.23,False,False,nan,True,0.0212,68.57,nan,False,0,COLLECTING,0,,0,,,,,4,98,100,30,60,0.9995809121827007,0.17320508075688776
2026-08-31T22:06:52.465,125251718,P022,heavy_pressure,QUALITY,,,,754,4803587,117353,127210,117385.53,127160.18,-32.53,49.82,6.78,27.8,False,False,nan,True,0.0212,68.57,nan,False,0,COLLECTING,0,,0,,,,,4,98,100,30,60,0.9995809121827007,0.17320508075688776
2026-08-31T22:06:52.486,125251734,P022,heavy_pressure,QUALITY,,,,755,4803627,117330,127238,117384.42,127161.73,-54.42,76.27,24.15,27.73,False,False,nan,True,0.0212,68.57,nan,False,0,COLLECTING,0,,0,,,,,4,98,100,30,60,0.9995809121827007,0.17320508075688776
2026-08-31T22:06:52.529,125251781,P022,heavy_pressure,QUALITY,,,,756,4803667,117370,127244,117384.13,127163.38,-14.13,80.62,38.27,27.94,False,False,nan,True,0.0212,68.57,nan,False,0,COLLECTING,0,,0,,,,,4,98,100,30,60,0.9995809121827007,0.17320508075688776
2026-08-31T22:06:52.640,125251890,P022,heavy_pressure,QUALITY,,,,757,4803707,117333,127235,117383.11,127164.81,-50.11,70.19,46.25,28.3,False,False,nan,True,0.0212,68.57,nan,False,0,COLLECTING,0,,0,,,,,4,98,100,30,60,0.9995809121827007,0.17320508075688776
2026-08-31T22:06:52.654,125251906,P022,heavy_pressure,QUALITY,,,,758,4803747,117358,127275,117382.61,127167.02,-24.61,107.98,61.68,28.97,False,False,nan,True,0.0212,68.57,nan,False,0,COLLECTING,0,,0,,,,,4,98,100,30,60,0.9995809121827007,0.17320508075688776
2026-08-31T22:06:52.663,125251906,P022,heavy_pressure,QUALITY,,,,759,4803787,117326,127271,117381.48,127169.09,-55.48,101.91,71.74,29.83,False,False,nan,True,0.0212,68.57,nan,False,0,COLLECTING,0,,0,,,,,4,98,100,30,60,0.9995809121827007,0.17320508075688776
2026-08-31T22:06:52.686,125251937,P022,heavy_pressure,QUALITY,,,,760,4803827,117379,127278,117381.43,127171.27,-2.43,106.73,80.48,30.84,False,False,nan,True,0.0212,68.57,nan,False,0,COLLECTING,0,,0,,,,,4,98,100,30,60,0.9995809121827007,0.17320508075688776
2026-08-31T22:06:52.728,125251984,P022,heavy_pressure,QUALITY,,,,761,4803867,117431,127306,117382.42,127173.97,48.58,132.03,93.37,32.09,False,False,nan,True,0.0212,68.57,nan,False,0,COLLECTING,0,,0,,,,,4,98,100,30,60,0.9995809121827007,0.17320508075688776
2026-08-31T22:06:52.844,125252093,P022,heavy_pressure,QUALITY,,,,762,4803907,117397,127326,117382.71,127177.01,14.29,148.99,107.28,33.59,False,False,nan,True,0.0212,68.57,nan,False,0,COLLECTING,0,,0,,,,,4,98,100,30,60,0.9995809121827007,0.17320508075688776
2026-08-31T22:06:52.852,125252109,P022,heavy_pressure,QUALITY,,,,763,4803947,117406,127323,117383.18,127179.93,22.82,143.07,116.22,35.25,False,False,nan,True,0.0212,68.57,nan,False,0,COLLECTING,0,,0,,,,,4,98,100,30,60,0.9995809121827007,0.17320508075688776
2026-08-31T22:06:52.863,125252109,P022,heavy_pressure,QUALITY,,,,764,4803987,117430,127336,117384.12,127183.05,45.88,152.95,125.4,37.05,False,False,nan,True,0.0212,68.57,nan,False,0,COLLECTING,0,,0,,,,,4,98,100,30,60,0.9995809121827007,0.17320508075688776
2026-08-31T22:06:52.888,125252140,P022,heavy_pressure,QUALITY,,,,765,4804027,117458,127354,117385.59,127186.48,72.41,167.52,135.93,39.03,False,False,nan,True,0.0212,68.57,nan,False,0,COLLECTING,0,,0,,,,,4,98,100,30,60,0.9995809121827007,0.17320508075688776
2026-08-31T22:06:52.928,125252171,P022,heavy_pressure,QUALITY,,,,766,4804067,117437,127260,117386.62,127187.95,50.38,72.05,119.96,40.65,True,False,nan,True,0.0212,68.57,nan,False,0,COLLECTING,0,,0,,,,,4,98,100,30,60,0.9995809121827007,0.17320508075688776
2026-08-31T22:06:53.042,125252296,P022,heavy_pressure,QUALITY,,,,767,4804107,117441,127205,117387.71,127188.29,53.29,16.71,94.15,41.72,False,False,nan,True,0.0212,68.57,nan,False,0,COLLECTING,0,,0,,,,,4,98,100,30,60,1.0002029793996816,0.17320508075688776
2026-08-31T22:06:53.055,125252312,P022,heavy_pressure,QUALITY,,,,768,4804147,117472,127224,117389.4,127189.0,82.6,35.0,79.36,42.47,False,False,nan,True,0.0212,68.57,nan,False,0,COLLECTING,0,,0,,,,,4,98,100,30,60,1.0002029793996816,0.17320508075688776
2026-08-31T22:06:53.068,125252312,P022,heavy_pressure,QUALITY,,,,769,4804187,117475,127244,117391.11,127190.1,83.89,53.9,73.0,43.08,False,False,nan,True,0.0212,68.57,nan,False,0,COLLECTING,0,,0,,,,,4,98,100,30,60,1.0002029793996816,0.17320508075688776
2026-08-31T22:06:53.088,125252343,P022,heavy_pressure,QUALITY,,,,770,4804227,117532,127299,117393.93,127192.28,138.07,106.72,81.43,43.85,False,False,nan,True,0.0212,68.57,nan,False,0,COLLECTING,0,,0,,,,,4,98,100,30,60,1.0002029793996816,0.17320508075688776
2026-08-31T22:06:53.128,125252375,P022,heavy_pressure,QUALITY,,,,771,4804267,117488,127297,117395.81,127194.38,92.19,102.62,86.73,44.71,False,False,nan,True,0.0212,68.57,nan,False,0,COLLECTING,0,,0,,,,,4,98,100,30,60,1.0002029793996816,0.17320508075688776
2026-08-31T22:06:53.244,125252500,P022,heavy_pressure,QUALITY,,,,772,4804307,117529,127325,117398.48,127196.98,130.52,128.02,97.05,45.75,False,False,nan,True,0.0212,68.57,nan,False,0,COLLECTING,0,,0,,,,,4,98,100,30,60,0.9999814998288719,0.17320508075688776
2026-08-31T22:06:53.254,125252500,P022,heavy_pressure,QUALITY,,,,773,4804347,117524,127351,117400.98,127200.06,123.02,150.94,110.52,47.05,False,False,nan,True,0.0212,68.57,nan,False,0,COLLECTING,0,,0,,,,,4,98,100,30,60,0.9999814998288719,0.17320508075688776
2026-08-31T22:06:53.263,125252515,P022,heavy_pressure,QUALITY,,,,774,4804387,117527,127342,117403.51,127202.9,123.49,139.1,117.67,48.46,False,False,nan,True,0.0212,68.57,nan,False,0,COLLECTING,0,,0,,,,,4,98,100,30,60,0.9999814998288719,0.17320508075688776
2026-08-31T22:06:53.287,125252531,P022,heavy_pressure,QUALITY,,,,775,4804427,117513,127381,117405.7,127206.46,107.3,174.54,131.88,50.13,False,False,nan,True,0.0212,68.57,nan,False,0,COLLECTING,0,,0,,,,,4,98,100,30,60,0.9999814998288719,0.17320508075688776
2026-08-31T22:06:53.327,125252578,P022,heavy_pressure,QUALITY,,,,776,4804467,117523,127385,117408.04,127210.03,114.96,174.97,142.66,51.98,False,False,nan,True,0.0212,68.57,nan,False,0,COLLECTING,0,,0,,,,,4,98,100,30,60,0.9999814998288719,0.17320508075688776
2026-08-31T22:06:53.443,125252687,P022,heavy_pressure,QUALITY,,,,777,4804507,117537,127408,117410.62,127213.99,126.38,194.01,155.49,54.05,False,False,nan,True,0.0212,68.57,nan,False,0,COLLECTING,0,,0,,,,,4,98,100,30,60,0.9999814998288719,0.17320508075688776
2026-08-31T22:06:53.453,125252703,P022,heavy_pressure,QUALITY,,,,778,4804547,117525,127404,117412.91,127217.79,112.09,186.21,163.17,56.23,False,False,nan,True,0.0212,68.57,nan,False,0,COLLECTING,0,,0,,,,,4,98,100,30,60,0.9999814998288719,0.17320508075688776
2026-08-31T22:06:53.462,125252718,P022,heavy_pressure,QUALITY,,,,779,4804587,117550,127429,117415.65,127222.02,134.35,206.98,174.13,58.59,False,False,nan,True,0.0212,68.57,nan,False,0,COLLECTING,0,,0,,,,,4,98,100,30,60,0.9999814998288719,0.17320508075688776
2026-08-31T22:06:53.487,125252734,P022,heavy_pressure,QUALITY,,,,780,4804627,117551,127410,117418.35,127225.77,132.65,184.23,176.65,60.95,False,False,nan,True,0.0212,68.57,nan,False,0,COLLECTING,0,,0,,,,,4,98,100,30,60,0.9999814998288719,0.17320508075688776
2026-08-31T22:06:53.527,125252781,P022,heavy_pressure,QUALITY,,,,781,4804667,117525,127424,117420.48,127229.73,104.52,194.27,181.05,63.35,False,False,nan,True,0.0212,68.57,nan,False,0,COLLECTING,0,,0,,,,,4,98,100,30,60,0.9999814998288719,0.17320508075688776
2026-08-31T22:06:53.646,125252890,P022,heavy_pressure,QUALITY,,,,782,4804707,117550,127418,117423.08,127233.5,126.92,184.5,181.92,65.72,False,False,nan,True,0.0212,68.57,nan,False,0,COLLECTING,0,,0,,,,,4,98,100,30,60,0.9999814998288719,0.17320508075688776
2026-08-31T22:06:53.655,125252906,P022,heavy_pressure,QUALITY,,,,783,4804747,117572,127422,117426.05,127237.27,145.95,184.73,182.62,68.06,False,False,nan,True,0.0212,68.57,nan,False,0,COLLECTING,0,,0,,,,,4,98,100,30,60,0.9999814998288719,0.17320508075688776
2026-08-31T22:06:53.662,125252906,P022,heavy_pressure,QUALITY,,,,784,4804787,117559,127425,117428.71,127241.03,130.29,183.97,182.96,70.36,False,False,nan,True,0.0212,68.57,nan,False,0,COLLECTING,0,,0,,,,,4,98,100,30,60,0.9999814998288719,0.17320508075688776
2026-08-31T22:06:53.687,125252937,P022,heavy_pressure,QUALITY,,,,785,4804827,117546,127368,117431.05,127243.57,114.95,124.43,168.32,72.32,True,True,760.0,True,0.0657,65.93,nan,False,0,COLLECTING,0,,0,,,,,4,98,100,30,60,0.9999814998288719,0.17320508075688776
2026-08-31T22:06:53.728,125252984,P022,heavy_pressure,QUALITY,,,,786,4804867,117527,127341,117432.98,127245.52,94.02,95.48,150.11,73.88,False,False,nan,True,0.0657,65.93,nan,False,0,COLLECTING,0,,0,,,,,4,98,100,30,60,0.9999814998288719,0.17320508075688776
2026-08-31T22:06:53.841,125253093,P022,heavy_pressure,QUALITY,,,,787,4804907,117516,127336,117434.64,127247.33,81.36,88.67,134.75,75.09,False,False,nan,True,0.0657,65.93,nan,False,0,COLLECTING,0,,0,,,,,5,98,100,30,60,0.9995809121827007,0.17320508075688776
2026-08-31T22:06:53.854,125253109,P022,heavy_pressure,QUALITY,,,,788,4804947,117518,127376,117436.3,127249.9,81.7,126.1,132.59,76.24,False,False,nan,True,0.0657,65.93,nan,False,0,COLLECTING,0,,0,,,,,5,98,100,30,60,0.9995809121827007,0.17320508075688776
2026-08-31T22:06:53.862,125253109,P022,heavy_pressure,QUALITY,,,,789,4804987,117520,127400,117437.98,127252.9,82.02,147.1,136.22,77.44,False,False,nan,True,0.0657,65.93,nan,False,0,COLLECTING,0,,0,,,,,5,98,100,30,60,0.9995809121827007,0.17320508075688776
2026-08-31T22:06:53.887,125253140,P022,heavy_pressure,QUALITY,,,,790,4805027,117504,127397,117439.3,127255.78,64.7,141.22,137.47,78.64,False,False,nan,True,0.0657,65.93,nan,False,0,COLLECTING,0,,0,,,,,5,98,100,30,60,0.9995809121827007,0.17320508075688776
2026-08-31T22:06:53.928,125253171,P022,heavy_pressure,QUALITY,,,,791,4805067,117530,127396,117441.11,127258.59,88.89,137.41,137.45,79.82,True,False,nan,True,0.0657,65.93,nan,False,0,COLLECTING,0,,0,,,,,5,98,100,30,60,0.9995809121827007,0.17320508075688776
2026-08-31T22:06:54.044,125253296,P022,heavy_pressure,QUALITY,,,,792,4805107,117492,127383,117442.12,127261.07,49.88,121.93,133.57,80.89,False,False,nan,True,0.0657,65.93,nan,False,0,COLLECTING,0,,0,,,,,5,98,100,30,60,0.9999814998288719,0.17320508075688776
2026-08-31T22:06:54.053,125253296,P022,heavy_pressure,QUALITY,,,,793,4805147,117528,127376,117443.84,127263.37,84.16,112.63,128.34,81.84,False,False,nan,True,0.0657,65.93,nan,False,0,COLLECTING,0,,0,,,,,5,98,100,30,60,0.9999814998288719,0.17320508075688776
2026-08-31T22:06:54.062,125253312,P022,heavy_pressure,QUALITY,,,,794,4805187,117512,127393,117445.2,127265.96,66.8,127.04,128.01,82.77,False,False,nan,True,0.0657,65.93,nan,False,0,COLLECTING,0,,0,,,,,5,98,100,30,60,0.9999814998288719,0.17320508075688776
2026-08-31T22:06:54.086,125253343,P022,heavy_pressure,QUALITY,,,,795,4805227,117538,127407,117447.06,127268.78,90.94,138.22,130.56,83.72,False,False,nan,True,0.0657,65.93,nan,False,0,COLLECTING,0,,0,,,,,5,98,100,30,60,0.9999814998288719,0.17320508075688776
2026-08-31T22:06:54.129,125253375,P022,heavy_pressure,QUALITY,,,,796,4805267,117541,127406,117448.94,127271.52,92.06,134.48,131.54,84.68,False,False,nan,True,0.0657,65.93,nan,False,0,COLLECTING,0,,0,,,,,5,98,100,30,60,0.9999814998288719,0.17320508075688776
2026-08-31T22:06:54.243,125253500,P022,heavy_pressure,QUALITY,,,,797,4805307,117531,127417,117450.58,127274.43,80.42,142.57,134.3,85.67,False,False,nan,True,0.0657,65.93,nan,False,0,COLLECTING,0,,0,,,,,5,98,100,30,60,1.0002029793996816,0.17320508075688776
2026-08-31T22:06:54.253,125253500,P022,heavy_pressure,QUALITY,,,,798,4805347,117518,127407,117451.93,127277.08,66.07,129.92,133.21,86.62,True,True,520.0,True,0.0288,71.86,nan,False,0,COLLECTING,0,,0,,,,,5,98,100,30,60,1.0002029793996816,0.17320508075688776
2026-08-31T22:06:54.262,125253515,P022,heavy_pressure,QUALITY,,,,799,4805387,117541,127409,117453.71,127279.72,87.29,129.28,132.22,87.53,False,False,nan,True,0.0288,71.86,nan,False,0,COLLECTING,0,,0,,,,,5,98,100,30,60,1.0002029793996816,0.17320508075688776
2026-08-31T22:06:54.287,125253531,P022,heavy_pressure,QUALITY,,,,800,4805427,117498,127400,117454.59,127282.12,43.41,117.88,128.64,88.36,False,False,nan,True,0.0288,71.86,nan,False,0,COLLECTING,0,,0,,,,,5,98,100,30,60,1.0002029793996816,0.17320508075688776
2026-08-31T22:06:54.327,125253578,P022,heavy_pressure,QUALITY,,,,801,4805467,117525,127402,117456.0,127284.52,69.0,117.48,125.85,89.11,False,False,nan,True,0.0288,71.86,nan,False,0,COLLECTING,0,,0,,,,,5,98,100,30,60,1.0002029793996816,0.17320508075688776
2026-08-31T22:06:54.445,125253703,P022,heavy_pressure,QUALITY,,,,802,4805507,117483,127378,117456.54,127286.39,26.46,91.61,117.29,89.67,False,False,nan,True,0.0288,71.86,nan,False,0,COLLECTING,0,,0,,,,,6,98,100,30,60,0.9999814998288719,0.17320508075688776
2026-08-31T22:06:54.456,125253703,P022,heavy_pressure,QUALITY,,,,803,4805547,117468,127365,117456.77,127287.96,11.23,77.04,107.23,90.02,False,False,nan,True,0.0288,71.86,nan,False,0,COLLECTING,0,,0,,,,,6,98,100,30,60,0.9999814998288719,0.17320508075688776
2026-08-31T22:06:54.465,125253718,P022,heavy_pressure,QUALITY,,,,804,4805587,117460,127304,117456.83,127288.28,3.17,15.72,84.35,89.91,False,False,nan,True,0.0288,71.86,nan,False,0,COLLECTING,0,,0,,,,,6,98,100,30,60,0.9999814998288719,0.17320508075688776
2026-08-31T22:06:54.486,125253734,P022,heavy_pressure,QUALITY,,,,805,4805627,117440,127277,117456.49,127288.05,-16.49,-11.05,60.5,89.32,False,False,nan,True,0.0288,71.86,nan,False,0,COLLECTING,0,,0,,,,,6,98,100,30,60,0.9999814998288719,0.17320508075688776
2026-08-31T22:06:54.527,125253781,P022,heavy_pressure,QUALITY,,,,806,4805667,117442,127301,117456.2,127288.31,-14.2,12.69,48.55,88.5,False,False,nan,True,0.0288,71.86,nan,False,0,COLLECTING,0,,0,,,,,6,98,100,30,60,0.9999814998288719,0.17320508075688776
2026-08-31T22:06:54.645,125253890,P022,heavy_pressure,QUALITY,,,,807,4805707,117447,127333,117456.02,127289.2,-9.02,43.8,47.36,87.68,False,False,nan,True,0.0288,71.86,nan,False,0,COLLECTING,0,,0,,,,,6,98,100,30,60,0.9995809121827007,0.17320508075688776
2026-08-31T22:06:54.655,125253906,P022,heavy_pressure,QUALITY,,,,808,4805747,117454,127348,117455.98,127290.38,-1.98,57.62,49.92,86.93,False,False,nan,True,0.0288,71.86,nan,False,0,COLLECTING,0,,0,,,,,6,98,100,30,60,0.9995809121827007,0.17320508075688776
2026-08-31T22:06:54.664,125253921,P022,heavy_pressure,QUALITY,,,,809,4805787,117469,127362,117456.23,127291.81,12.77,70.19,54.99,86.29,False,False,nan,True,0.0288,71.86,nan,False,0,COLLECTING,0,,0,,,,,6,98,100,30,60,0.9995809121827007,0.17320508075688776
2026-08-31T22:06:54.687,125253937,P022,heavy_pressure,QUALITY,,,,810,4805827,117457,127354,117456.25,127293.05,0.75,60.95,56.48,85.69,False,False,nan,True,0.0288,71.86,nan,False,0,COLLECTING,0,,0,,,,,6,98,100,30,60,0.9995809121827007,0.17320508075688776
2026-08-31T22:06:54.728,125253984,P022,heavy_pressure,QUALITY,,,,811,4805867,117456,127348,117456.24,127294.16,-0.24,53.84,55.82,85.09,False,False,nan,True,0.1033,71.86,90.41,False,0,COLLECTING,0,,0,,,,,6,98,100,30,60,0.9995809121827007,0.17320508075688776
2026-08-31T22:06:54.843,125254093,P022,heavy_pressure,QUALITY,,,,812,4805907,117448,127342,117456.08,127295.11,-8.08,46.89,53.59,84.46,False,False,nan,True,0.1033,71.86,90.41,False,0,COLLECTING,0,,0,,,,,6,98,100,30,60,0.9999814998288719,0.17320508075688776
2026-08-31T22:06:54.854,125254109,P022,heavy_pressure,QUALITY,,,,813,4805947,117457,127366,117456.09,127296.52,0.91,69.48,57.56,83.92,False,False,nan,True,0.1033,71.86,90.41,False,0,COLLECTING,0,,0,,,,,6,98,100,30,60,0.9999814998288719,0.17320508075688776
2026-08-31T22:06:54.864,125254109,P022,heavy_pressure,QUALITY,,,,814,4805987,117456,127364,117456.09,127297.88,-0.09,66.12,59.7,83.44,False,False,nan,True,0.1033,71.86,90.41,False,0,COLLECTING,0,,0,,,,,6,98,100,30,60,0.9999814998288719,0.17320508075688776
2026-08-31T22:06:54.887,125254140,P022,heavy_pressure,QUALITY,,,,815,4806027,117452,127375,117456.02,127299.41,-4.02,75.59,63.67,83.04,False,False,nan,True,0.1033,71.86,90.41,False,0,COLLECTING,0,,0,,,,,6,98,100,30,60,0.9999814998288719,0.17320508075688776
2026-08-31T22:06:54.928,125254171,P022,heavy_pressure,QUALITY,,,,816,4806067,117465,127382,117456.2,127301.06,8.8,80.94,67.99,82.74,False,False,nan,True,0.1033,71.86,90.41,False,0,COLLECTING,0,,0,,,,,6,98,100,30,60,0.9999814998288719,0.17320508075688776
2026-08-31T22:06:55.041,125254296,P022,heavy_pressure,QUALITY,,,,817,4806107,117461,127375,117456.29,127302.54,4.71,72.46,69.11,82.47,False,False,nan,True,0.1033,71.86,90.41,False,0,COLLECTING,0,,0,,,,,6,98,100,30,60,0.9995809121827007,0.17320508075688776
2026-08-31T22:06:55.053,125254296,P022,heavy_pressure,QUALITY,,,,818,4806147,117467,127387,117456.5,127304.23,10.5,82.77,72.52,82.27,False,False,nan,True,0.1033,71.86,90.41,False,0,COLLECTING,0,,0,,,,,6,98,100,30,60,0.9995809121827007,0.17320508075688776
2026-08-31T22:06:55.062,125254312,P022,heavy_pressure,QUALITY,,,,819,4806187,117464,127398,117456.65,127306.1,7.35,91.9,77.37,82.17,False,False,nan,True,0.1033,71.86,90.41,False,0,COLLECTING,0,,0,,,,,6,98,100,30,60,0.9995809121827007,0.17320508075688776
2026-08-31T22:06:55.087,125254343,P022,heavy_pressure,QUALITY,,,,820,4806227,117468,127397,117456.88,127307.92,11.12,89.08,80.29,82.14,False,False,nan,True,0.1033,71.86,90.41,False,0,COLLECTING,0,,0,,,,,6,98,100,30,60,0.9995809121827007,0.17320508075688776
2026-08-31T22:06:55.126,125254375,P022,heavy_pressure,QUALITY,,,,821,4806267,117436,127362,117456.46,127309.0,-20.46,53.0,73.47,81.96,True,True,920.0,True,0.111,73.62,90.41,False,0,COLLECTING,0,,0,,,,,6,98,100,30,60,0.9995809121827007,0.17320508075688776
2026-08-31T22:06:55.246,125254500,P022,heavy_pressure,QUALITY,,,,822,4806307,117418,127291,117455.7,127308.64,-37.7,-17.64,50.69,81.34,False,False,nan,True,0.111,73.62,90.41,False,0,COLLECTING,0,,0,,,,,7,98,100,30,60,0.9999814998288719,0.17320508075688776
2026-08-31T22:06:55.255,125254500,P022,heavy_pressure,QUALITY,,,,823,4806347,117409,127279,117454.76,127308.05,-45.76,-29.05,30.76,80.33,False,False,nan,True,0.111,73.62,90.41,False,0,COLLECTING,0,,0,,,,,7,98,100,30,60,0.9999814998288719,0.17320508075688776
2026-08-31T22:06:55.263,125254515,P022,heavy_pressure,QUALITY,,,,824,4806387,117423,127315,117454.12,127308.19,-31.12,6.81,24.77,79.22,False,False,nan,True,0.111,73.62,90.41,False,0,COLLECTING,0,,0,,,,,7,98,100,30,60,0.9999814998288719,0.17320508075688776
2026-08-31T22:06:55.287,125254531,P022,heavy_pressure,QUALITY,,,,825,4806427,117424,127333,117453.52,127308.69,-29.52,24.31,24.66,78.12,False,False,nan,True,0.111,73.62,90.41,False,0,COLLECTING,0,,0,,,,,7,98,100,30,60,0.9999814998288719,0.17320508075688776
2026-08-31T22:06:55.327,125254578,P022,heavy_pressure,QUALITY,,,,826,4806467,117437,127363,117453.2,127309.77,-16.2,53.23,31.8,77.2,False,False,nan,True,0.111,73.62,90.41,False,0,COLLECTING,0,,0,,,,,7,98,100,30,60,0.9999814998288719,0.17320508075688776
2026-08-31T22:06:55.444,125254687,P022,heavy_pressure,QUALITY,,,,827,4806507,117430,127363,117452.73,127310.84,-22.73,52.16,36.89,76.39,False,False,nan,True,0.111,73.62,90.41,False,0,COLLECTING,0,,0,,,,,7,98,100,30,60,0.9999814998288719,0.17320508075688776
2026-08-31T22:06:55.453,125254703,P022,heavy_pressure,QUALITY,,,,828,4806547,117415,127336,117451.98,127311.34,-36.98,24.66,33.83,75.54,False,False,nan,True,0.111,73.62,90.41,False,0,COLLECTING,0,,0,,,,,7,98,100,30,60,0.9999814998288719,0.17320508075688776
2026-08-31T22:06:55.462,125254718,P022,heavy_pressure,QUALITY,,,,829,4806587,117410,127328,117451.14,127311.67,-41.14,16.33,29.46,74.62,False,False,nan,True,0.111,73.62,90.41,False,0,COLLECTING,0,,0,,,,,7,98,100,30,60,0.9999814998288719,0.17320508075688776
2026-08-31T22:06:55.487,125254734,P022,heavy_pressure,QUALITY,,,,830,4806627,117418,127338,117450.48,127312.2,-32.48,25.8,28.54,73.7,False,False,nan,True,0.111,73.62,90.41,False,0,COLLECTING,0,,0,,,,,7,98,100,30,60,0.9999814998288719,0.17320508075688776
2026-08-31T22:06:55.526,125254781,P022,heavy_pressure,QUALITY,,,,831,4806667,117414,127349,117449.75,127312.93,-35.75,36.07,30.43,72.83,False,False,nan,True,0.111,73.62,90.41,False,0,COLLECTING,0,,0,,,,,7,98,100,30,60,0.9999814998288719,0.17320508075688776
2026-08-31T22:06:55.643,125254890,P022,heavy_pressure,QUALITY,,,,832,4806707,117416,127370,117449.08,127314.07,-33.08,55.93,36.8,72.11,False,False,nan,True,0.111,73.62,90.41,False,0,COLLECTING,0,,0,,,,,7,98,100,30,60,0.9995809121827007,0.17320508075688776
2026-08-31T22:06:55.654,125254906,P022,heavy_pressure,QUALITY,,,,833,4806747,117423,127372,117448.55,127315.23,-25.55,56.77,41.79,71.5,False,False,nan,True,0.111,73.62,90.41,False,0,COLLECTING,0,,0,,,,,7,98,100,30,60,0.9995809121827007,0.17320508075688776
2026-08-31T22:06:55.663,125254906,P022,heavy_pressure,QUALITY,,,,834,4806787,117417,127372,117447.92,127316.36,-30.92,55.64,45.26,70.98,False,False,nan,True,0.111,73.62,90.41,False,0,COLLECTING,0,,0,,,,,7,98,100,30,60,0.9995809121827007,0.17320508075688776
2026-08-31T22:06:55.690,125254937,P022,heavy_pressure,QUALITY,,,,835,4806827,117422,127375,117447.41,127317.53,-25.41,57.47,48.31,70.53,False,False,nan,True,0.111,73.62,90.41,False,0,COLLECTING,0,,0,,,,,7,98,100,30,60,0.9995809121827007,0.17320508075688776
2026-08-31T22:06:55.727,125254984,P022,heavy_pressure,QUALITY,,,,836,4806867,117422,127383,117446.9,127318.84,-24.9,64.16,52.27,70.16,False,False,nan,True,0.111,73.62,90.41,False,0,COLLECTING,0,,0,,,,,7,98,100,30,60,0.9995809121827007,0.17320508075688776
2026-08-31T22:06:55.844,125255093,P022,heavy_pressure,QUALITY,,,,837,4806907,117424,127383,117446.44,127320.12,-22.44,62.88,54.92,69.86,False,False,nan,True,0.111,73.62,90.41,False,0,COLLECTING,0,,0,,,,,7,98,100,30,60,0.9995809121827007,0.17320508075688776
2026-08-31T22:06:55.853,125255109,P022,heavy_pressure,QUALITY,,,,838,4806947,117413,127378,117445.77,127321.28,-32.77,56.72,55.37,69.57,False,False,nan,True,0.111,73.62,90.41,False,0,COLLECTING,0,,0,,,,,7,98,100,30,60,0.9995809121827007,0.17320508075688776
2026-08-31T22:06:55.868,125255125,P022,heavy_pressure,QUALITY,,,,839,4806987,117392,127304,117444.69,127320.94,-52.69,-16.94,37.29,68.92,False,False,nan,True,0.111,73.62,90.41,False,0,COLLECTING,0,,0,,,,,7,98,100,30,60,0.9995809121827007,0.17320508075688776
2026-08-31T22:06:55.887,125255140,P022,heavy_pressure,QUALITY,,,,840,4807027,117375,127262,117443.3,127319.76,-68.3,-57.76,13.53,67.81,False,False,nan,True,0.111,73.62,90.41,False,0,COLLECTING,0,,0,,,,,7,98,100,30,60,0.9995809121827007,0.17320508075688776
2026-08-31T22:06:55.927,125255171,P022,heavy_pressure,QUALITY,,,,841,4807067,117378,127279,117441.99,127318.95,-63.99,-39.95,0.16,66.46,False,False,nan,True,0.111,73.62,90.41,False,0,COLLECTING,0,,0,,,,,7,98,100,30,60,0.9995809121827007,0.17320508075688776
2026-08-31T22:06:56.043,125255296,P022,heavy_pressure,QUALITY,,,,842,4807107,117387,127314,117440.89,127318.84,-53.89,-4.84,-1.09,65.15,False,False,nan,True,0.111,73.62,90.41,False,0,COLLECTING,0,,0,,,,,7,98,100,30,60,0.9999814998288719,0.17320508075688776
2026-08-31T22:06:56.053,125255296,P022,heavy_pressure,QUALITY,,,,843,4807147,117387,127324,117439.81,127318.95,-52.81,5.05,0.45,63.86,False,False,nan,True,0.111,73.62,90.41,False,0,COLLECTING,0,,0,,,,,7,98,100,30,60,0.9999814998288719,0.17320508075688776
2026-08-31T22:06:56.064,125255312,P022,heavy_pressure,QUALITY,,,,844,4807187,117390,127345,117438.81,127319.47,-48.81,25.53,6.72,62.72,False,False,nan,True,0.111,73.62,90.41,False,0,COLLECTING,0,,0,,,,,7,98,100,30,60,0.9999814998288719,0.17320508075688776
2026-08-31T22:06:56.087,125255343,P022,heavy_pressure,QUALITY,,,,845,4807227,117390,127351,117437.84,127320.1,-47.84,30.9,12.76,61.72,False,False,nan,True,0.111,73.62,90.41,False,0,COLLECTING,0,,0,,,,,7,98,100,30,60,0.9999814998288719,0.17320508075688776
2026-08-31T22:06:56.129,125255375,P022,heavy_pressure,QUALITY,,,,846,4807267,117372,127330,117436.52,127320.3,-64.52,9.7,12.0,60.72,False,False,nan,True,0.111,73.62,90.41,False,0,COLLECTING,0,,0,,,,,7,98,100,30,60,0.9999814998288719,0.17320508075688776
2026-08-31T22:06:56.244,125255500,P022,heavy_pressure,QUALITY,,,,847,4807307,117378,127336,117435.34,127320.61,-57.34,15.39,12.85,59.77,False,False,nan,True,0.111,73.62,90.41,False,0,COLLECTING,0,,0,,,,,7,98,100,30,60,0.9995809121827007,0.17320508075688776
2026-08-31T22:06:56.255,125255500,P022,heavy_pressure,QUALITY,,,,848,4807347,117373,127325,117434.09,127320.7,-61.09,4.3,10.71,58.78,False,False,nan,True,0.111,73.62,90.41,False,0,COLLECTING,0,,0,,,,,7,98,100,30,60,0.9995809121827007,0.17320508075688776
2026-08-31T22:06:56.263,125255515,P022,heavy_pressure,QUALITY,,,,849,4807387,117372,127342,117432.85,127321.12,-60.85,20.88,13.25,57.87,False,False,nan,True,0.111,73.62,90.41,False,0,COLLECTING,0,,0,,,,,7,98,100,30,60,0.9995809121827007,0.17320508075688776
2026-08-31T22:06:56.287,125255531,P022,heavy_pressure,QUALITY,,,,850,4807427,117370,127351,117431.59,127321.72,-61.59,29.28,17.26,57.06,False,False,nan,True,0.111,73.62,90.41,False,0,COLLECTING,0,,0,,,,,7,98,100,30,60,0.9995809121827007,0.17320508075688776
2026-08-31T22:06:56.327,125255578,P022,heavy_pressure,QUALITY,,,,851,4807467,117369,127354,117430.34,127322.37,-61.34,31.63,20.85,56.34,False,False,nan,True,0.111,73.62,90.41,False,0,COLLECTING,0,,0,,,,,7,98,100,30,60,0.9995809121827007,0.17320508075688776
2026-08-31T22:06:56.443,125255687,P022,heavy_pressure,QUALITY,,,,852,4807507,117375,127361,117429.23,127323.14,-54.23,37.86,25.1,55.71,False,False,nan,True,0.111,73.62,90.41,False,0,COLLECTING,0,,0,,,,,7,98,100,30,60,0.9995809121827007,0.17320508075688776
2026-08-31T22:06:56.453,125255703,P022,heavy_pressure,QUALITY,,,,853,4807547,117379,127368,117428.23,127324.04,-49.23,43.96,29.82,55.19,False,False,nan,True,0.111,73.62,90.41,False,0,COLLECTING,0,,0,,,,,7,98,100,30,60,0.9995809121827007,0.17320508075688776
2026-08-31T22:06:56.462,125255718,P022,heavy_pressure,QUALITY,,,,854,4807587,117376,127362,117427.18,127324.8,-51.18,37.2,31.66,54.72,False,False,nan,True,0.111,73.62,90.41,False,0,COLLECTING,0,,0,,,,,7,98,100,30,60,0.9995809121827007,0.17320508075688776
2026-08-31T22:06:56.488,125255734,P022,heavy_pressure,QUALITY,,,,855,4807627,117380,127379,117426.23,127325.88,-46.23,53.12,37.03,54.37,False,False,nan,True,0.111,73.62,90.41,False,0,COLLECTING,0,,0,,,,,7,98,100,30,60,0.9995809121827007,0.17320508075688776
2026-08-31T22:06:56.527,125255781,P022,heavy_pressure,QUALITY,,,,856,4807667,117374,127376,117425.19,127326.88,-51.19,49.12,40.05,54.08,False,False,nan,True,0.111,73.62,90.41,False,0,COLLECTING,0,,0,,,,,7,98,100,30,60,0.9995809121827007,0.17320508075688776
2026-08-31T22:06:56.643,125255890,P022,heavy_pressure,QUALITY,,,,857,4807707,117346,127298,117423.6,127326.3,-77.6,-28.3,22.96,53.46,False,False,nan,True,0.111,73.62,90.41,False,0,COLLECTING,0,,0,,,,,7,98,100,30,60,0.9999814998288719,0.17320508075688776
2026-08-31T22:06:56.653,125255906,P022,heavy_pressure,QUALITY,,,,858,4807747,117321,127254,117421.55,127324.86,-100.55,-70.86,-0.49,52.4,False,False,nan,True,0.111,73.62,90.41,False,0,COLLECTING,0,,0,,,,,7,98,100,30,60,0.9999814998288719,0.17320508075688776
2026-08-31T22:06:56.663,125255906,P022,heavy_pressure,QUALITY,,,,859,4807787,117319,127256,117419.49,127323.48,-100.49,-67.48,-17.24,51.7,False,False,nan,True,0.111,73.62,90.41,False,0,COLLECTING,0,,0,,,,,7,98,100,30,60,0.9999814998288719,0.17320508075688776
2026-08-31T22:06:56.687,125255937,P022,heavy_pressure,QUALITY,,,,860,4807827,117344,127294,117417.98,127322.9,-73.98,-28.9,-20.16,51.07,False,False,nan,True,0.111,73.62,90.41,False,0,COLLECTING,0,,0,,,,,7,98,100,30,60,0.9999814998288719,0.17320508075688776
2026-08-31T22:06:56.727,125255984,P022,heavy_pressure,QUALITY,,,,861,4807867,117336,127316,117416.34,127322.76,-80.34,-6.76,-16.81,50.38,False,False,nan,True,0.111,73.62,90.41,False,0,COLLECTING,0,,0,,,,,7,98,100,30,60,0.9999814998288719,0.17320508075688776
2026-08-31T22:06:56.843,125256093,P022,heavy_pressure,QUALITY,,,,862,4807907,117337,127322,117414.76,127322.74,-77.76,-0.74,-12.79,49.63,False,False,nan,True,0.111,73.62,90.41,False,0,COLLECTING,0,,0,,,,,7,98,100,30,60,0.9999814998288719,0.17320508075688776
2026-08-31T22:06:56.852,125256109,P022,heavy_pressure,QUALITY,,,,863,4807947,117332,127322,117413.1,127322.73,-81.1,-0.73,-9.77,48.83,False,False,nan,True,0.111,73.62,90.41,False,0,COLLECTING,0,,0,,,,,7,98,100,30,60,0.9999814998288719,0.17320508075688776
2026-08-31T22:06:56.862,125256109,P022,heavy_pressure,QUALITY,,,,864,4807987,117326,127298,117411.36,127322.23,-85.36,-24.23,-13.39,48.12,False,False,nan,True,0.111,73.62,90.41,False,0,COLLECTING,0,,0,,,,,7,98,100,30,60,0.9999814998288719,0.17320508075688776
2026-08-31T22:06:56.887,125256140,P022,heavy_pressure,QUALITY,,,,865,4808027,117314,127293,117409.41,127321.65,-95.41,-28.65,-17.2,47.51,False,False,nan,True,0.111,73.62,90.41,False,0,COLLECTING,0,,0,,,,,7,98,100,30,60,0.9999814998288719,0.17320508075688776
2026-08-31T22:06:56.927,125256171,P022,heavy_pressure,QUALITY,,,,866,4808067,117328,127314,117407.79,127321.49,-79.79,-7.49,-14.78,46.85,False,False,nan,True,0.111,73.62,90.41,False,0,COLLECTING,0,,0,,,,,7,98,100,30,60,0.9999814998288719,0.17320508075688776
2026-08-31T22:06:57.044,125256296,P022,heavy_pressure,QUALITY,,,,867,4808107,117317,127314,117405.98,127321.34,-88.98,-7.34,-12.92,46.17,False,False,nan,True,0.111,73.62,90.41,False,0,COLLECTING,0,,0,,,,,7,98,100,30,60,0.9986916441024227,0.17320508075688776
2026-08-31T22:06:57.053,125256296,P022,heavy_pressure,QUALITY,,,,868,4808147,117333,127336,117404.52,127321.64,-71.52,14.36,-6.1,45.37,False,False,nan,True,0.111,73.62,90.41,False,0,COLLECTING,0,,0,,,,,7,98,100,30,60,0.9986916441024227,0.17320508075688776
2026-08-31T22:06:57.061,125256312,P022,heavy_pressure,QUALITY,,,,869,4808187,117328,127342,117402.98,127322.05,-74.98,19.95,0.41,44.47,False,False,nan,True,0.111,73.62,90.41,False,0,COLLECTING,0,,0,,,,,7,98,100,30,60,0.9986916441024227,0.17320508075688776
2026-08-31T22:06:57.086,125256343,P022,heavy_pressure,QUALITY,,,,870,4808227,117324,127355,117401.41,127322.7,-77.41,32.3,8.38,43.75,False,False,nan,True,0.111,73.62,90.41,False,0,COLLECTING,0,,0,,,,,7,98,100,30,60,0.9986916441024227,0.17320508075688776
2026-08-31T22:06:57.126,125256375,P022,heavy_pressure,QUALITY,,,,871,4808267,117335,127357,117400.08,127323.39,-65.08,33.61,14.69,43.17,False,False,nan,True,0.111,73.62,90.41,False,0,COLLECTING,0,,0,,,,,7,98,100,30,60,0.9986916441024227,0.17320508075688776
2026-08-31T22:06:57.244,125256500,P022,heavy_pressure,QUALITY,,,,872,4808307,117328,127359,117398.63,127324.1,-70.63,34.9,19.74,42.7,False,False,nan,True,0.111,73.62,90.41,False,0,COLLECTING,0,,0,,,,,7,98,100,30,60,0.9999814998288719,0.17320508075688776
2026-08-31T22:06:57.253,125256500,P022,heavy_pressure,QUALITY,,,,873,4808347,117335,127381,117397.36,127325.24,-62.36,55.76,28.75,42.42,False,False,nan,True,0.111,73.62,90.41,False,0,COLLECTING,0,,0,,,,,7,98,100,30,60,0.9999814998288719,0.17320508075688776
2026-08-31T22:06:57.261,125256515,P022,heavy_pressure,QUALITY,,,,874,4808387,117332,127382,117396.05,127326.38,-64.05,55.62,35.47,42.28,False,False,nan,True,0.111,73.62,90.41,False,0,COLLECTING,0,,0,,,,,7,98,100,30,60,0.9999814998288719,0.17320508075688776
2026-08-31T22:06:57.286,125256531,P022,heavy_pressure,QUALITY,,,,875,4808427,117329,127368,117394.71,127327.21,-65.71,40.79,36.8,42.17,False,False,nan,True,0.111,73.62,90.41,False,0,COLLECTING,0,,0,,,,,7,98,100,30,60,0.9999814998288719,0.17320508075688776
2026-08-31T22:06:57.327,125256578,P022,heavy_pressure,QUALITY,,,,876,4808467,117279,127273,117392.4,127326.12,-113.4,-53.12,14.32,41.62,False,False,nan,True,0.111,73.62,90.41,False,0,COLLECTING,0,,0,,,,,7,98,100,30,60,0.9999814998288719,0.17320508075688776
2026-08-31T22:06:57.443,125256687,P022,heavy_pressure,QUALITY,,,,877,4808507,117246,127241,117389.47,127324.42,-143.47,-83.42,-10.12,40.99,False,False,nan,True,0.111,73.62,90.41,False,0,COLLECTING,0,,0,,,,,7,98,100,30,60,0.9999814998288719,0.17320508075688776
2026-08-31T22:06:57.453,125256703,P022,heavy_pressure,QUALITY,,,,878,4808547,117245,127277,117386.58,127323.48,-141.58,-46.48,-19.21,40.55,False,False,nan,True,0.111,73.62,90.41,False,0,COLLECTING,0,,0,,,,,7,98,100,30,60,0.9999814998288719,0.17320508075688776
2026-08-31T22:06:57.463,125256718,P022,heavy_pressure,QUALITY,,,,879,4808587,117254,127302,117383.93,127323.05,-129.93,-21.05,-19.67,40.13,False,False,nan,True,0.111,73.62,90.41,False,0,COLLECTING,0,,0,,,,,7,98,100,30,60,0.9999814998288719,0.17320508075688776
2026-08-31T22:06:57.487,125256734,P022,heavy_pressure,QUALITY,,,,880,4808627,117276,127327,117381.77,127323.12,-105.77,3.88,-13.78,39.61,False,False,nan,True,0.111,73.62,90.41,False,0,COLLECTING,0,,0,,,,,7,98,100,30,60,0.9999814998288719,0.17320508075688776
2026-08-31T22:06:57.527,125256781,P022,heavy_pressure,QUALITY,,,,881,4808667,117293,127361,117380.0,127323.88,-87.0,37.12,-1.06,38.83,False,False,nan,True,0.111,73.62,90.41,False,0,COLLECTING,0,,0,,,,,7,98,100,30,60,0.9999814998288719,0.17320508075688776
2026-08-31T22:06:57.644,125256890,P022,heavy_pressure,QUALITY,,,,882,4808707,117300,127352,117378.4,127324.45,-78.4,27.55,6.1,38.18,False,False,nan,True,0.111,73.62,90.41,False,0,COLLECTING,0,,0,,,,,7,98,100,30,60,0.9995809121827007,0.17320508075688776
2026-08-31T22:06:57.652,125256906,P022,heavy_pressure,QUALITY,,,,883,4808747,117291,127347,117376.65,127324.9,-85.65,22.1,10.1,37.62,False,False,nan,True,0.111,73.62,90.41,False,0,COLLECTING,0,,0,,,,,7,98,100,30,60,0.9995809121827007,0.17320508075688776
2026-08-31T22:06:57.661,125256906,P022,heavy_pressure,QUALITY,,,,884,4808787,117284,127343,117374.8,127325.26,-90.8,17.74,12.01,37.11,False,False,nan,True,0.111,73.62,90.41,False,0,COLLECTING,0,,0,,,,,7,98,100,30,60,0.9995809121827007,0.17320508075688776
2026-08-31T22:06:57.697,125256953,P022,heavy_pressure,QUALITY,,,,885,4808827,117299,127367,117373.28,127326.09,-74.28,40.91,19.23,36.75,False,False,nan,True,0.111,73.62,90.41,False,0,COLLECTING,0,,0,,,,,7,98,100,30,60,0.9995809121827007,0.17320508075688776
2026-08-31T22:06:57.727,125256984,P022,heavy_pressure,QUALITY,,,,886,4808867,117297,127381,117371.76,127327.2,-74.76,53.8,27.88,36.57,False,False,nan,True,0.111,73.62,90.41,False,0,COLLECTING,0,,0,,,,,7,98,100,30,60,0.9995809121827007,0.17320508075688776
2026-08-31T22:06:57.843,125257093,P022,heavy_pressure,QUALITY,,,,887,4808907,117295,127393,117370.23,127328.51,-75.23,64.49,37.03,36.58,False,False,nan,True,0.111,73.62,90.41,False,0,COLLECTING,0,,0,,,,,7,98,100,30,60,0.9995809121827007,0.17320508075688776
2026-08-31T22:06:57.852,125257109,P022,heavy_pressure,QUALITY,,,,888,4808947,117287,127396,117368.56,127329.86,-81.56,66.14,44.31,36.73,False,False,nan,True,0.111,73.62,90.41,False,0,COLLECTING,0,,0,,,,,7,98,100,30,60,0.9995809121827007,0.17320508075688776
2026-08-31T22:06:57.864,125257109,P022,heavy_pressure,QUALITY,,,,889,4808987,117296,127420,117367.11,127331.66,-71.11,88.34,55.31,37.11,False,False,nan,True,0.111,73.62,90.41,False,0,COLLECTING,0,,0,,,,,7,98,100,30,60,0.9995809121827007,0.17320508075688776
2026-08-31T22:06:57.886,125257140,P022,heavy_pressure,QUALITY,,,,890,4809027,117310,127431,117365.97,127333.65,-55.97,97.35,65.82,37.68,False,False,nan,True,0.111,73.62,90.41,False,0,COLLECTING,0,,0,,,,,7,98,100,30,60,0.9995809121827007,0.17320508075688776
2026-08-31T22:06:57.927,125257171,P022,heavy_pressure,QUALITY,,,,891,4809067,117295,127427,117364.55,127335.52,-69.55,91.48,72.24,38.37,False,False,nan,True,0.111,73.62,90.41,False,0,COLLECTING,0,,0,,,,,7,98,100,30,60,0.9995809121827007,0.17320508075688776
2026-08-31T22:06:58.043,125257296,P022,heavy_pressure,QUALITY,,,,892,4809107,117296,127455,117363.18,127337.91,-67.18,117.09,83.45,39.27,False,False,nan,True,0.111,73.62,90.41,False,0,COLLECTING,0,,0,,,,,7,98,100,30,60,0.9995809121827007,0.17320508075688776
2026-08-31T22:06:58.053,125257296,P022,heavy_pressure,QUALITY,,,,893,4809147,117292,127453,117361.76,127340.21,-69.76,112.79,90.79,40.3,False,False,nan,True,0.111,73.62,90.41,False,0,COLLECTING,0,,0,,,,,7,98,100,30,60,0.9995809121827007,0.17320508075688776
2026-08-31T22:06:58.062,125257312,P022,heavy_pressure,QUALITY,,,,894,4809187,117281,127428,117360.14,127341.97,-79.14,86.03,89.6,41.29,True,False,nan,True,0.111,73.62,90.41,False,0,COLLECTING,0,,0,,,,,7,98,100,30,60,0.9995809121827007,0.17320508075688776
2026-08-31T22:06:58.086,125257343,P022,heavy_pressure,QUALITY,,,,895,4809227,117240,127336,117357.73,127341.85,-117.73,-5.85,65.74,41.78,False,False,nan,True,0.111,73.62,90.41,False,0,COLLECTING,0,,0,,,,,7,98,100,30,60,0.9995809121827007,0.17320508075688776
2026-08-31T22:06:58.128,125257375,P022,heavy_pressure,QUALITY,,,,896,4809267,117238,127288,117355.34,127340.77,-117.34,-52.77,36.11,41.67,False,False,nan,True,0.111,73.62,90.41,False,0,COLLECTING,0,,0,,,,,7,98,100,30,60,0.9995809121827007,0.17320508075688776
2026-08-31T22:06:58.244,125257500,P022,heavy_pressure,QUALITY,,,,897,4809307,117263,127317,117353.49,127340.3,-90.49,-23.3,21.26,41.26,False,False,nan,True,0.111,73.62,90.41,False,0,COLLECTING,0,,0,,,,,7,98,100,30,60,0.9995809121827007,0.17320508075688776
2026-08-31T22:06:58.253,125257500,P022,heavy_pressure,QUALITY,,,,898,4809347,117286,127339,117352.14,127340.27,-66.14,-1.27,15.62,40.74,False,False,nan,True,0.111,73.62,90.41,False,0,COLLECTING,0,,0,,,,,7,98,100,30,60,0.9995809121827007,0.17320508075688776
2026-08-31T22:06:58.262,125257515,P022,heavy_pressure,QUALITY,,,,899,4809387,117296,127347,117351.02,127340.41,-55.02,6.59,13.37,40.2,False,False,nan,True,0.111,73.62,90.41,False,0,COLLECTING,0,,0,,,,,7,98,100,30,60,0.9995809121827007,0.17320508075688776
2026-08-31T22:06:58.287,125257531,P022,heavy_pressure,QUALITY,,,,900,4809427,117296,127341,117349.91,127340.42,-53.91,0.58,10.17,39.6,False,False,nan,True,0.111,73.62,90.41,False,0,COLLECTING,0,,0,,,,,7,98,100,30,60,0.9995809121827007,0.17320508075688776
2026-08-31T22:06:58.327,125257578,P022,heavy_pressure,QUALITY,,,,901,4809467,117299,127341,117348.9,127340.43,-49.9,0.57,7.77,38.96,False,False,nan,True,0.111,73.62,90.41,False,0,COLLECTING,0,,0,,,,,7,98,100,30,60,0.9995809121827007,0.17320508075688776
2026-08-31T22:06:58.441,125257687,P022,heavy_pressure,QUALITY,,,,902,4809507,117302,127343,117347.96,127340.48,-45.96,2.52,6.46,38.31,False,False,nan,True,0.111,73.62,90.41,False,0,COLLECTING,0,,0,,,,,7,98,100,30,60,0.9995809121827007,0.17320508075688776
2026-08-31T22:06:58.454,125257703,P022,heavy_pressure,QUALITY,,,,903,4809547,117309,127334,117347.18,127340.35,-38.18,-6.35,3.25,37.61,False,False,nan,True,0.111,73.62,90.41,False,0,COLLECTING,0,,0,,,,,7,98,100,30,60,0.9995809121827007,0.17320508075688776
2026-08-31T22:06:58.462,125257718,P022,heavy_pressure,QUALITY,,,,904,4809587,117286,127334,117345.95,127340.23,-59.95,-6.23,0.88,36.87,False,False,nan,True,0.111,73.62,90.41,False,0,COLLECTING,0,,0,,,,,7,98,100,30,60,0.9995809121827007,0.17320508075688776
2026-08-31T22:06:58.486,125257734,P022,heavy_pressure,QUALITY,,,,905,4809627,117287,127352,117344.77,127340.46,-57.77,11.54,3.55,36.21,False,False,nan,True,0.111,73.62,90.41,False,0,COLLECTING,0,,0,,,,,7,98,100,30,60,0.9995809121827007,0.17320508075688776
2026-08-31T22:06:58.528,125257781,P022,heavy_pressure,QUALITY,,,,906,4809667,117253,127345,117342.94,127340.55,-89.94,4.45,3.77,35.56,False,False,nan,True,0.111,73.62,90.41,False,0,COLLECTING,0,,0,,,,,7,98,100,30,60,0.9995809121827007,0.17320508075688776
2026-08-31T22:06:58.647,125257890,P022,heavy_pressure,QUALITY,,,,907,4809707,117220,127314,117340.48,127340.02,-120.48,-26.02,-3.68,34.92,False,False,nan,True,0.111,73.62,90.41,False,0,COLLECTING,0,,0,,,,,7,98,100,30,60,0.9999814998288719,0.24494897427831783
2026-08-31T22:06:58.659,125257906,P022,heavy_pressure,QUALITY,,,,908,4809747,117231,127298,117338.29,127339.18,-107.29,-41.18,-13.05,34.48,False,False,nan,True,0.111,73.62,90.41,False,0,COLLECTING,0,,0,,,,,7,98,100,30,60,0.9999814998288719,0.24494897427831783
2026-08-31T22:06:58.669,125257921,P022,heavy_pressure,QUALITY,,,,909,4809787,117238,127293,117336.28,127338.26,-98.28,-45.26,-21.1,34.22,False,False,nan,True,0.111,73.62,90.41,False,0,COLLECTING,0,,0,,,,,7,98,100,30,60,0.9999814998288719,0.24494897427831783
2026-08-31T22:06:58.687,125257937,P022,heavy_pressure,QUALITY,,,,910,4809827,117248,127328,117334.52,127338.05,-86.52,-10.05,-18.34,33.9,False,False,nan,True,0.111,73.62,90.41,False,0,COLLECTING,0,,0,,,,,7,98,100,30,60,0.9999814998288719,0.24494897427831783
2026-08-31T22:06:58.727,125257984,P022,heavy_pressure,QUALITY,,,,911,4809867,117192,127319,117331.66,127337.67,-139.66,-18.67,-18.42,33.59,False,False,nan,True,0.0365,73.62,nan,False,0,COLLECTING,0,,0,,,,,7,98,100,30,60,0.9999814998288719,0.24494897427831783
2026-08-31T22:06:58.843,125258093,P022,heavy_pressure,QUALITY,,,,912,4809907,117121,127262,117327.45,127336.16,-206.45,-74.16,-32.36,33.56,False,False,nan,True,0.0365,73.62,nan,False,0,COLLECTING,0,,0,,,,,7,98,100,30,60,0.9995809121827007,0.17320508075688776
2026-08-31T22:06:58.856,125258109,P022,heavy_pressure,QUALITY,,,,913,4809947,117079,127193,117322.48,127333.3,-243.48,-140.3,-59.34,34.08,False,False,nan,True,0.0365,73.62,nan,False,0,COLLECTING,0,,0,,,,,7,98,100,30,60,0.9995809121827007,0.17320508075688776
2026-08-31T22:06:58.863,125258109,P022,heavy_pressure,QUALITY,,,,914,4809987,117037,127182,117316.77,127330.27,-279.77,-148.27,-81.57,35.03,False,False,nan,True,0.0365,73.62,nan,False,0,COLLECTING,0,,0,,,,,7,98,100,30,60,0.9995809121827007,0.17320508075688776
2026-08-31T22:06:58.887,125258140,P022,heavy_pressure,QUALITY,,,,915,4810027,117045,127247,117311.34,127328.61,-266.34,-81.61,-81.58,35.96,False,False,nan,True,0.0365,73.62,nan,False,0,COLLECTING,0,,0,,,,,7,98,100,30,60,0.9995809121827007,0.17320508075688776
2026-08-31T22:06:59.044,125258296,P022,heavy_pressure,QUALITY,,,,916,4810077,117044,127255,117305.99,127327.14,-261.99,-72.14,-79.22,36.83,False,False,nan,True,0.0365,73.62,nan,False,0,COLLECTING,0,,0,,,,,7,98,100,30,60,0.9994028216890325,0.17320508075688776
2026-08-31T22:06:59.055,125258312,P022,heavy_pressure,QUALITY,,,,917,4810117,117071,127262,117301.29,127325.84,-230.29,-63.84,-75.38,37.6,False,False,nan,True,0.0365,73.62,nan,False,0,COLLECTING,0,,0,,,,,7,98,100,30,60,0.9994028216890325,0.17320508075688776
2026-08-31T22:06:59.068,125258312,P022,heavy_pressure,QUALITY,,,,918,4810157,117073,127293,117296.73,127325.18,-223.73,-32.18,-64.58,38.14,False,False,nan,True,0.0365,73.62,nan,False,0,COLLECTING,0,,0,,,,,7,98,100,30,60,0.9994028216890325,0.17320508075688776
2026-08-31T22:06:59.078,125258328,P022,heavy_pressure,QUALITY,,,,919,4810197,117030,127317,117291.39,127325.02,-261.39,-8.02,-50.44,38.38,False,False,nan,True,0.0365,73.62,nan,False,0,COLLECTING,0,,0,,,,,7,98,100,30,60,0.9994028216890325,0.17320508075688776
2026-08-31T22:06:59.098,125258343,P022,heavy_pressure,QUALITY,,,,920,4810237,117012,127192,117285.8,127322.35,-273.8,-130.35,-70.42,39.02,False,False,nan,True,0.0365,73.62,nan,False,0,COLLECTING,0,,0,,,,,7,98,100,30,60,0.9994028216890325,0.17320508075688776
2026-08-31T22:06:59.245,125258500,P022,heavy_pressure,QUALITY,,,,921,4810277,116999,127243,117280.07,127320.77,-281.07,-77.77,-72.25,39.69,False,False,nan,True,0.0365,73.62,nan,False,0,COLLECTING,0,,0,,,,,7,98,100,30,60,0.9999814998288719,0.17320508075688776
2026-08-31T22:06:59.256,125258500,P022,heavy_pressure,QUALITY,,,,922,4810317,117028,127286,117275.03,127320.07,-247.03,-34.07,-62.71,40.15,False,False,nan,True,0.0365,73.62,nan,False,0,COLLECTING,0,,0,,,,,7,98,100,30,60,0.9999814998288719,0.17320508075688776
2026-08-31T22:06:59.265,125258515,P022,heavy_pressure,QUALITY,,,,923,4810357,117070,127326,117270.93,127320.19,-200.93,5.81,-45.58,40.26,False,False,nan,True,0.0365,73.62,nan,False,0,COLLECTING,0,,0,,,,,7,98,100,30,60,0.9999814998288719,0.17320508075688776
2026-08-31T22:06:59.273,125258531,P022,heavy_pressure,QUALITY,,,,924,4810397,117079,127284,117267.09,127319.46,-188.09,-35.46,-43.05,40.31,False,False,nan,True,0.0365,73.62,nan,False,0,COLLECTING,0,,0,,,,,7,98,100,30,60,0.9999814998288719,0.17320508075688776
2026-08-31T22:06:59.298,125258546,P022,heavy_pressure,QUALITY,,,,925,4810437,117066,127329,117263.07,127319.65,-197.07,9.35,-29.95,40.11,False,False,nan,True,0.0365,73.62,nan,False,0,COLLECTING,0,,0,,,,,7,98,100,30,60,0.9999814998288719,0.17320508075688776
2026-08-31T22:06:59.442,125258687,P022,heavy_pressure,QUALITY,,,,926,4810477,117080,127328,117259.41,127319.81,-179.41,8.19,-20.41,39.71,False,False,nan,True,0.0365,73.62,nan,False,0,COLLECTING,0,,0,,,,,7,98,100,30,60,0.9995809121827007,0.17320508075688776
2026-08-31T22:06:59.455,125258703,P022,heavy_pressure,QUALITY,,,,927,4810517,117098,127394,117256.18,127321.3,-158.18,72.7,2.87,38.97,False,False,nan,True,0.0365,73.62,nan,False,0,COLLECTING,0,,0,,,,,7,98,100,30,60,0.9995809121827007,0.17320508075688776
2026-08-31T22:06:59.464,125258718,P022,heavy_pressure,QUALITY,,,,928,4810557,117121,127414,117253.48,127323.15,-132.48,90.85,24.86,38.69,False,False,nan,True,0.0365,73.62,nan,False,0,COLLECTING,0,,0,,,,,7,98,100,30,60,0.9995809121827007,0.17320508075688776
2026-08-31T22:06:59.473,125258718,P022,heavy_pressure,QUALITY,,,,929,4810597,117103,127450,117250.47,127325.69,-147.47,124.31,49.72,38.91,False,False,nan,True,0.0365,73.62,nan,False,0,COLLECTING,0,,0,,,,,7,98,100,30,60,0.9995809121827007,0.17320508075688776
2026-08-31T22:06:59.497,125258750,P022,heavy_pressure,QUALITY,,,,930,4810637,117074,127285,117246.94,127324.88,-172.94,-39.88,27.32,38.68,False,False,nan,True,0.0365,73.62,nan,False,0,COLLECTING,0,,0,,,,,7,98,100,30,60,0.9995809121827007,0.17320508075688776
