pc_time,pc_monotonic_ms,trial_id,label,expected_state,reference_hr_bpm,reference_spo2_pct,action_marker,seq,t_ms,red,ir,red_dc,ir_dc,red_ac,ir_ac,filtered_ir,envelope,peak_candidate,beat_accepted,ibi_ms,finger,sqi,hr_bpm,spo2_pct,valid,fifo_overflow,rhythm_state,rhythm_valid,rhythm_confidence,model_calibrated,rhythm_ibi_mean_ms,rhythm_sdnn_ms,rhythm_rmssd_ms,rhythm_pnn50,rhythm_beat_count,rhythm_inference_us,rhythm_inference_count,rhythm_model_bytes,rhythm_classifier_state_bytes,imu_accel_g,imu_gyro_dps
2026-08-31T22:00:30.291,124869546,P016,normal_pressure,VALID,,,,1,4421427,107557,107943,107101.87,107209.88,455.13,733.12,-870.51,2221.9,False,False,nan,True,0.7146,75.0,97.51,True,0,COLLECTING,0,,0,,,,,6,56,98,30,60,0.9997009552861296,0.24494897427831783
2026-08-31T22:00:30.330,124869578,P016,normal_pressure,VALID,,,,2,4421467,107693,108206,107113.69,107229.8,579.31,976.2,-408.83,2185.63,False,False,nan,True,0.7146,75.0,97.51,True,0,COLLECTING,0,,0,,,,,6,56,98,30,60,0.9997009552861296,0.24494897427831783
2026-08-31T22:00:30.448,124869703,P016,normal_pressure,VALID,,,,3,4421507,107510,107849,107121.62,107242.19,388.38,606.81,-154.92,2145.02,False,False,nan,True,0.7146,75.0,97.51,True,0,COLLECTING,0,,0,,,,,6,56,98,30,60,0.9997009552861296,0.24494897427831783
2026-08-31T22:00:30.456,124869703,P016,normal_pressure,VALID,,,,4,4421547,107484,107825,107128.87,107253.84,355.13,571.16,26.6,2102.65,False,False,nan,True,0.7146,75.0,97.51,True,0,COLLECTING,0,,0,,,,,6,56,98,30,60,0.9997009552861296,0.24494897427831783
2026-08-31T22:00:30.466,124869718,P016,normal_pressure,VALID,,,,5,4421587,107544,107967,107137.17,107268.11,406.83,698.89,194.67,2064.49,False,False,nan,True,0.7146,75.0,97.51,True,0,COLLECTING,0,,0,,,,,6,56,98,30,60,0.9997009552861296,0.24494897427831783
2026-08-31T22:00:30.490,124869734,P016,normal_pressure,VALID,,,,6,4421627,107570,108057,107145.83,107283.89,424.17,773.11,339.28,2029.99,False,False,nan,True,0.7146,75.0,97.51,True,0,COLLECTING,0,,0,,,,,6,56,98,30,60,0.9997009552861296,0.24494897427831783
2026-08-31T22:00:30.531,124869781,P016,normal_pressure,VALID,,,,7,4421667,107497,107925,107152.85,107296.71,344.15,628.29,411.53,1997.62,False,False,nan,True,0.7146,75.0,97.51,True,0,COLLECTING,0,,0,,,,,6,56,98,30,60,0.9997009552861296,0.24494897427831783
2026-08-31T22:00:30.647,124869906,P016,normal_pressure,VALID,,,,8,4421707,107393,107718,107157.66,107305.13,235.34,412.87,411.87,1965.9,False,False,nan,True,0.7146,75.0,97.51,True,0,COLLECTING,0,,0,,,,,6,56,98,30,60,1.0001294916159607,0.24494897427831783
2026-08-31T22:00:30.656,124869906,P016,normal_pressure,VALID,,,,9,4421747,107470,107837,107163.91,107315.77,306.09,521.23,439.21,1935.37,False,False,nan,True,0.7146,75.0,97.51,True,0,COLLECTING,0,,0,,,,,6,56,98,30,60,1.0001294916159607,0.24494897427831783
2026-08-31T22:00:30.667,124869921,P016,normal_pressure,VALID,,,,10,4421787,107547,107992,107171.57,107329.3,375.43,662.7,495.08,1906.56,False,False,nan,True,0.7146,75.0,97.51,True,0,COLLECTING,0,,0,,,,,6,56,98,30,60,1.0001294916159607,0.24494897427831783
2026-08-31T22:00:30.690,124869937,P016,normal_pressure,VALID,,,,11,4421827,107637,108137,107180.88,107345.45,456.12,791.55,569.2,1879.82,False,False,nan,True,0.7146,75.0,97.51,True,0,COLLECTING,0,,0,,,,,6,56,98,30,60,1.0001294916159607,0.24494897427831783
2026-08-31T22:00:30.731,124869984,P016,normal_pressure,VALID,,,,12,4421867,107526,107918,107187.78,107356.91,338.22,561.09,567.17,1853.56,False,False,nan,True,0.7146,75.0,97.51,True,0,COLLECTING,0,,0,,,,,6,56,98,30,60,1.0001294916159607,0.24494897427831783
2026-08-31T22:00:30.847,124870093,P016,normal_pressure,VALID,,,,13,4421907,107517,107880,107194.37,107367.37,322.63,512.63,553.54,1827.56,False,False,nan,True,0.7146,75.0,97.51,True,0,COLLECTING,0,,0,,,,,6,56,98,30,60,0.9997009552861296,0.24494897427831783
2026-08-31T22:00:30.855,124870109,P016,normal_pressure,VALID,,,,14,4421947,107452,107747,107199.52,107374.96,252.48,372.04,508.16,1801.18,False,False,nan,True,0.7146,75.0,97.51,True,0,COLLECTING,0,,0,,,,,6,56,98,30,60,0.9997009552861296,0.24494897427831783
2026-08-31T22:00:30.866,124870125,P016,normal_pressure,VALID,,,,15,4421987,107350,107535,107202.53,107378.16,147.47,156.84,420.33,1773.56,False,False,nan,True,0.7146,75.0,97.51,True,0,COLLECTING,0,,0,,,,,6,56,98,30,60,0.9997009552861296,0.24494897427831783
2026-08-31T22:00:30.890,124870140,P016,normal_pressure,VALID,,,,16,4422027,107363,107520,107205.74,107381.0,157.26,139.0,350.0,1745.09,False,False,nan,True,0.7146,75.0,97.51,True,0,COLLECTING,0,,0,,,,,6,56,98,30,60,0.9997009552861296,0.24494897427831783
2026-08-31T22:00:30.932,124870187,P016,normal_pressure,VALID,,,,17,4422067,107342,107476,107208.47,107382.9,133.53,93.1,285.77,1715.9,False,False,nan,True,0.7146,75.0,97.51,True,0,COLLECTING,0,,0,,,,,6,56,98,30,60,0.9997009552861296,0.24494897427831783
2026-08-31T22:00:31.047,124870296,P016,normal_pressure,VALID,,,,18,4422107,107225,107227,107208.8,107379.78,16.2,-152.78,176.14,1685.11,False,False,nan,True,0.7146,75.0,97.51,True,0,COLLECTING,0,,0,,,,,6,56,98,30,60,0.9997009552861296,0.17320508075688776
2026-08-31T22:00:31.056,124870312,P016,normal_pressure,VALID,,,,19,4422147,106825,106436,107201.12,107360.91,-376.12,-924.91,-99.13,1653.39,False,False,nan,True,0.7146,75.0,97.51,True,0,COLLECTING,0,,0,,,,,6,56,98,30,60,0.9997009552861296,0.17320508075688776
2026-08-31T22:00:31.067,124870312,P016,normal_pressure,VALID,,,,20,4422187,106632,106012,107189.73,107333.93,-557.73,-1321.93,-404.83,1628.41,False,False,nan,True,0.7146,75.0,97.51,True,0,COLLECTING,0,,0,,,,,6,56,98,30,60,0.9997009552861296,0.17320508075688776
2026-08-31T22:00:31.103,124870359,P016,normal_pressure,VALID,,,ACTION_START,21,4422237,106623,105973,107178.4,107306.71,-555.4,-1333.71,-637.05,1608.59,False,False,nan,True,0.7146,75.0,97.51,True,0,COLLECTING,0,,0,,,,,6,56,98,30,60,0.9997009552861296,0.17320508075688776
2026-08-31T22:00:31.130,124870375,P016,normal_pressure,VALID,,,,22,4422267,106685,106065,107168.53,107281.88,-483.53,-1216.88,-782.0,1592.06,False,False,nan,True,0.7146,75.0,97.51,True,0,COLLECTING,0,,0,,,,,6,56,98,30,60,0.9997009552861296,0.17320508075688776
2026-08-31T22:00:31.248,124870500,P016,normal_pressure,VALID,,,,23,4422317,106799,106301,107161.14,107262.26,-362.14,-961.26,-826.82,1576.75,False,False,nan,True,0.7146,75.0,97.51,True,0,COLLECTING,0,,0,,,,,6,56,98,30,60,0.9997009552861296,0.24494897427831783
2026-08-31T22:00:31.260,124870515,P016,normal_pressure,VALID,,,,24,4422357,106999,106669,107157.9,107250.39,-158.9,-581.39,-765.46,1560.53,False,False,nan,True,0.7146,75.0,97.51,True,0,COLLECTING,0,,0,,,,,6,56,98,30,60,0.9997009552861296,0.24494897427831783
2026-08-31T22:00:31.269,124870515,P016,normal_pressure,VALID,,,,25,4422397,107301,107304,107160.76,107251.46,140.24,52.54,-560.96,1540.53,False,False,nan,True,0.7146,75.0,97.51,True,0,COLLECTING,0,,0,,,,,6,56,98,30,60,0.9997009552861296,0.24494897427831783
2026-08-31T22:00:31.301,124870546,P016,normal_pressure,VALID,,,,26,4422437,107708,108086,107171.7,107268.15,536.3,817.85,-216.26,1514.05,False,False,nan,True,0.7146,75.0,97.51,True,0,COLLECTING,0,,0,,,,,6,56,98,30,60,0.9997009552861296,0.24494897427831783
2026-08-31T22:00:31.449,124870703,P016,normal_pressure,VALID,,,,27,4422477,108253,109167,107193.33,107306.12,1059.67,1860.88,303.03,1489.83,False,False,nan,True,0.7146,75.0,97.51,True,0,COLLECTING,0,,0,,,,,6,56,98,30,60,0.9997009552861296,0.17320508075688776
2026-08-31T22:00:31.460,124870718,P016,normal_pressure,VALID,,,,28,4422517,108803,110296,107225.52,107365.92,1577.48,2930.08,959.79,1479.23,False,False,nan,True,0.7146,75.0,97.51,True,0,COLLECTING,0,,0,,,,,6,56,98,30,60,0.9997009552861296,0.17320508075688776
2026-08-31T22:00:31.469,124870718,P016,normal_pressure,VALID,,,,29,4422557,109297,111358,107266.95,107445.77,2030.05,3912.23,1697.9,1483.6,False,False,nan,True,0.7146,75.0,97.51,True,0,COLLECTING,0,,0,,,,,6,56,98,30,60,0.9997009552861296,0.17320508075688776
2026-08-31T22:00:31.477,124870734,P016,normal_pressure,VALID,,,,30,4422597,109841,112489,107318.44,107546.63,2522.56,4942.37,2509.02,1504.11,False,False,nan,True,0.7146,75.0,97.51,True,0,COLLECTING,0,,0,,,,,6,56,98,30,60,0.9997009552861296,0.17320508075688776
2026-08-31T22:00:31.500,124870750,P016,normal_pressure,VALID,,,,31,4422637,110744,114482,107386.95,107685.34,3357.05,6796.66,3580.93,1545.65,False,False,nan,True,0.7146,75.0,97.51,True,0,COLLECTING,0,,0,,,,,6,56,98,30,60,0.9997009552861296,0.17320508075688776
2026-08-31T22:00:31.646,124870890,P016,normal_pressure,VALID,,,,32,4422677,111237,115538,107463.95,107842.4,3773.05,7695.6,4609.6,1606.92,False,False,nan,True,0.7146,75.0,97.51,True,0,COLLECTING,0,,0,,,,,6,56,98,30,60,1.0001294916159607,0.17320508075688776
2026-08-31T22:00:31.658,124870906,P016,normal_pressure,VALID,,,,33,4422717,110738,114559,107529.43,107976.73,3208.57,6582.27,5102.77,1676.84,False,False,nan,True,0.7146,75.0,97.51,True,0,COLLECTING,0,,0,,,,,6,56,98,30,60,1.0001294916159607,0.17320508075688776
2026-08-31T22:00:31.672,124870921,P016,normal_pressure,VALID,,,,34,4422757,110050,113192,107579.84,108081.03,2470.16,5110.97,5104.82,1745.4,False,False,nan,True,0.7146,75.0,97.51,True,0,COLLECTING,0,,0,,,,,6,56,98,30,60,1.0001294916159607,0.17320508075688776
2026-08-31T22:00:31.680,124870937,P016,normal_pressure,VALID,,,,35,4422797,110147,113354,107631.19,108186.49,2515.81,5167.51,5120.49,1812.9,False,False,nan,True,0.7146,75.0,97.51,True,0,COLLECTING,0,,0,,,,,6,56,98,30,60,1.0001294916159607,0.17320508075688776
2026-08-31T22:00:31.701,124870953,P016,normal_pressure,VALID,,,,36,4422837,110231,113533,107683.19,108293.42,2547.81,5239.58,5150.26,1879.65,False,False,nan,True,0.7146,75.0,97.51,True,0,COLLECTING,0,,0,,,,,6,56,98,30,60,1.0001294916159607,0.17320508075688776
2026-08-31T22:00:31.846,124871093,P016,normal_pressure,VALID,,,,37,4422877,110023,112860,107729.98,108384.75,2293.02,4475.25,4981.51,1941.69,True,False,nan,True,0.7146,75.0,97.51,True,0,COLLECTING,0,,0,,,,,6,56,98,30,60,0.9997009552861296,0.24494897427831783
2026-08-31T22:00:31.856,124871109,P016,normal_pressure,VALID,,,,38,4422917,110009,112636,107775.56,108469.77,2233.44,4166.23,4777.69,1998.41,False,False,nan,True,0.7146,75.0,97.51,True,0,COLLECTING,0,,0,,,,,6,56,98,30,60,0.9997009552861296,0.24494897427831783
2026-08-31T22:00:31.869,124871125,P016,normal_pressure,VALID,,,,39,4422957,109525,111645,107810.55,108533.28,1714.45,3111.72,4361.2,2045.66,False,False,nan,True,0.7146,75.0,97.51,True,0,COLLECTING,0,,0,,,,,6,56,98,30,60,0.9997009552861296,0.24494897427831783
2026-08-31T22:00:31.877,124871125,P016,normal_pressure,VALID,,,,40,4422997,109090,110833,107836.14,108579.27,1253.86,2253.73,3834.33,2081.44,False,False,nan,True,0.7146,75.0,97.51,True,0,COLLECTING,0,,0,,,,,6,56,98,30,60,0.9997009552861296,0.24494897427831783
2026-08-31T22:00:31.900,124871156,P016,normal_pressure,VALID,,,,41,4423037,109144,110888,107862.3,108625.45,1281.7,2262.55,3441.39,2108.63,False,False,nan,True,0.7146,75.0,97.51,True,0,COLLECTING,0,,0,,,,,6,56,98,30,60,0.9997009552861296,0.24494897427831783
2026-08-31T22:00:32.046,124871296,P016,normal_pressure,VALID,,,,42,4423077,110464,113546,107914.33,108723.86,2549.67,4822.14,3786.57,2142.19,False,False,nan,True,0.7146,75.0,97.51,True,0,COLLECTING,0,,0,,,,,6,56,98,30,60,0.9997009552861296,0.24494897427831783
2026-08-31T22:00:32.057,124871312,P016,normal_pressure,VALID,,,,43,4423117,111830,116187,107992.64,108873.12,3837.36,7313.88,4668.4,2192.72,False,False,nan,True,0.7146,75.0,97.51,True,0,COLLECTING,0,,0,,,,,6,56,98,30,60,0.9997009552861296,0.24494897427831783
2026-08-31T22:00:32.070,124871328,P016,normal_pressure,VALID,,,,44,4423157,112605,117621,108084.89,109048.09,4520.11,8572.91,5644.53,2261.75,False,False,nan,True,0.7146,75.0,97.51,True,0,COLLECTING,0,,0,,,,,6,56,98,30,60,0.9997009552861296,0.24494897427831783
2026-08-31T22:00:32.078,124871328,P016,normal_pressure,VALID,,,,45,4423197,113034,118367,108183.88,109234.46,4850.12,9132.54,6516.53,2346.85,False,False,nan,True,0.7146,75.0,97.51,True,0,COLLECTING,0,,0,,,,,6,56,98,30,60,0.9997009552861296,0.24494897427831783
2026-08-31T22:00:32.100,124871343,P016,normal_pressure,VALID,,,,46,4423237,112997,118465,108280.14,109419.07,4716.86,9045.93,7148.88,2442.89,False,False,nan,True,0.7146,75.0,97.51,True,0,COLLECTING,0,,0,,,,,6,56,98,30,60,0.9997009552861296,0.24494897427831783
2026-08-31T22:00:32.246,124871500,P016,normal_pressure,VALID,,,,47,4423277,112347,117324,108361.48,109577.17,3985.52,7746.83,7298.37,2540.0,False,False,nan,True,0.7146,75.0,97.51,True,0,COLLECTING,0,,0,,,,,6,56,98,30,60,1.0001294916159607,0.24494897427831783
2026-08-31T22:00:32.258,124871515,P016,normal_pressure,VALID,,,,48,4423317,111629,115984,108426.83,109705.3,3202.17,6278.7,7043.45,2630.07,True,True,440.0,True,0.7,80.15,97.51,True,0,COLLECTING,0,,0,,,,,6,56,98,30,60,1.0001294916159607,0.24494897427831783
2026-08-31T22:00:32.268,124871515,P016,normal_pressure,VALID,,,,49,4423357,111043,114928,108479.15,109809.76,2563.85,5118.24,6562.15,2708.71,False,False,nan,True,0.7,80.15,97.51,True,0,COLLECTING,0,,0,,,,,6,56,98,30,60,1.0001294916159607,0.24494897427831783
2026-08-31T22:00:32.276,124871531,P016,normal_pressure,VALID,,,,50,4423397,110925,114637,108528.06,109906.3,2396.94,4730.7,6104.28,2776.62,False,False,nan,True,0.7,80.15,97.51,True,0,COLLECTING,0,,0,,,,,6,56,98,30,60,1.0001294916159607,0.24494897427831783
2026-08-31T22:00:32.301,124871546,P016,normal_pressure,VALID,,,,51,4423437,111044,114965,108578.38,110007.48,2465.62,4957.52,5817.59,2837.44,False,False,nan,True,0.7,80.15,97.51,True,0,COLLECTING,0,,0,,,,,6,56,98,30,60,1.0001294916159607,0.24494897427831783
2026-08-31T22:00:32.446,124871703,P016,normal_pressure,VALID,,,,52,4423477,110991,114755,108626.63,110102.43,2364.37,4652.57,5526.34,2891.22,False,False,nan,True,0.7,80.15,97.51,True,0,COLLECTING,0,,0,,,,,7,56,98,30,60,0.9997009552861296,0.24494897427831783
2026-08-31T22:00:32.457,124871703,P016,normal_pressure,VALID,,,,53,4423517,110656,114137,108667.22,110183.12,1988.78,3953.88,5133.22,2936.06,False,False,nan,True,0.7,80.15,97.51,True,0,COLLECTING,0,,0,,,,,7,56,98,30,60,0.9997009552861296,0.24494897427831783
2026-08-31T22:00:32.469,124871718,P016,normal_pressure,VALID,,,,54,4423557,110150,113081,108696.88,110241.08,1453.12,2839.92,4559.9,2968.54,False,False,nan,True,0.7,80.15,97.51,True,0,COLLECTING,0,,0,,,,,7,56,98,30,60,0.9997009552861296,0.24494897427831783
2026-08-31T22:00:32.477,124871734,P016,normal_pressure,VALID,,,,55,4423597,109163,111196,108706.2,110260.18,456.8,935.82,3653.88,2982.24,False,False,nan,True,0.7,80.15,97.51,True,0,COLLECTING,0,,0,,,,,7,56,98,30,60,0.9997009552861296,0.24494897427831783
2026-08-31T22:00:32.500,124871750,P016,normal_pressure,VALID,,,,56,4423637,108825,110481,108708.57,110264.59,116.43,216.41,2794.51,2978.49,False,False,nan,True,0.7,80.15,97.51,True,0,COLLECTING,0,,0,,,,,7,56,98,30,60,0.9997009552861296,0.24494897427831783
2026-08-31T22:00:32.646,124871890,P016,normal_pressure,VALID,,,,57,4423677,109300,111388,108720.4,110287.06,579.6,1100.94,2371.12,2966.34,False,False,nan,True,0.7,80.15,97.51,True,0,COLLECTING,0,,0,,,,,7,56,98,30,60,0.9997009552861296,0.24494897427831783
2026-08-31T22:00:32.657,124871906,P016,normal_pressure,VALID,,,,58,4423717,110334,113489,108752.67,110351.1,1581.33,3137.9,2562.81,2958.27,False,False,nan,True,0.7,80.15,97.51,True,0,COLLECTING,0,,0,,,,,7,56,98,30,60,0.9997009552861296,0.24494897427831783
2026-08-31T22:00:32.669,124871921,P016,normal_pressure,VALID,,,,59,4423757,111153,115147,108800.68,110447.02,2352.32,4699.98,3097.11,2961.05,False,False,nan,True,0.7,80.15,97.51,True,0,COLLECTING,0,,0,,,,,7,56,98,30,60,0.9997009552861296,0.24494897427831783
2026-08-31T22:00:32.676,124871921,P016,normal_pressure,VALID,,,,60,4423797,111528,115831,108855.23,110554.7,2672.77,5276.3,3641.91,2974.66,False,False,nan,True,0.7,80.15,97.51,True,0,COLLECTING,0,,0,,,,,7,56,98,30,60,0.9997009552861296,0.24494897427831783
2026-08-31T22:00:32.700,124871953,P016,normal_pressure,VALID,,,,61,4423837,111587,115968,108909.86,110662.96,2677.14,5305.04,4057.69,2996.32,False,False,nan,True,0.7,80.15,97.51,True,0,COLLECTING,0,,0,,,,,7,56,98,30,60,0.9997009552861296,0.24494897427831783
2026-08-31T22:00:32.849,124872093,P016,normal_pressure,VALID,,,,62,4423877,111361,115513,108958.88,110759.96,2402.12,4753.04,4231.53,3021.03,False,False,nan,True,0.7,80.15,97.51,True,0,COLLECTING,0,,0,,,,,7,56,98,30,60,0.9997009552861296,0.24494897427831783
2026-08-31T22:00:32.858,124872109,P016,normal_pressure,VALID,,,,63,4423917,111040,114942,109000.51,110843.6,2039.49,4098.4,4198.24,3044.57,True,True,600.0,True,0.7,82.19,97.51,True,0,COLLECTING,0,,0,,,,,7,56,98,30,60,0.9997009552861296,0.24494897427831783
2026-08-31T22:00:32.870,124872125,P016,normal_pressure,VALID,,,,64,4423957,110873,114660,109037.96,110919.93,1835.04,3740.07,4083.7,3065.35,False,False,nan,True,0.7,82.19,97.51,True,0,COLLECTING,0,,0,,,,,7,56,98,30,60,0.9997009552861296,0.24494897427831783
2026-08-31T22:00:32.878,124872125,P016,normal_pressure,VALID,,,,65,4423997,111132,115148,109079.84,111004.49,2052.16,4143.51,4098.65,3086.02,False,False,nan,True,0.7,82.19,97.51,True,0,COLLECTING,0,,0,,,,,7,56,98,30,60,0.9997009552861296,0.24494897427831783
2026-08-31T22:00:32.902,124872156,P016,normal_pressure,VALID,,,,66,4424037,111327,115595,109124.79,111096.3,2202.21,4498.7,4198.66,3108.27,False,False,nan,True,0.7,82.19,97.51,True,0,COLLECTING,0,,0,,,,,7,56,98,30,60,0.9997009552861296,0.24494897427831783
2026-08-31T22:00:33.046,124872296,P016,normal_pressure,VALID,,,,67,4424077,111175,115248,109165.8,111179.34,2009.2,4068.66,4166.16,3129.43,True,False,nan,True,0.7,82.19,97.51,True,0,COLLECTING,0,,0,,,,,8,56,98,30,60,0.9997009552861296,0.24494897427831783
2026-08-31T22:00:33.057,124872312,P016,normal_pressure,VALID,,,,68,4424117,110797,114424,109198.42,111244.23,1598.58,3179.77,3919.57,3145.23,False,False,nan,True,0.7,82.19,97.51,True,0,COLLECTING,0,,0,,,,,8,56,98,30,60,0.9997009552861296,0.24494897427831783
2026-08-31T22:00:33.071,124872328,P016,normal_pressure,VALID,,,,69,4424157,110521,113974,109224.88,111298.82,1296.12,2675.18,3608.47,3154.5,False,False,nan,True,0.7,82.19,97.51,True,0,COLLECTING,0,,0,,,,,8,56,98,30,60,0.9997009552861296,0.24494897427831783
2026-08-31T22:00:33.077,124872328,P016,normal_pressure,VALID,,,,70,4424197,110710,114292,109254.58,111358.69,1455.42,2933.31,3439.68,3160.2,False,False,nan,True,0.7,82.19,97.51,True,0,COLLECTING,0,,0,,,,,8,56,98,30,60,0.9997009552861296,0.24494897427831783
2026-08-31T22:00:33.103,124872359,P016,normal_pressure,VALID,,,,71,4424237,110912,114762,109287.73,111426.75,1624.27,3335.25,3413.57,3165.27,False,False,nan,True,0.7,82.19,97.51,True,0,COLLECTING,0,,0,,,,,8,56,98,30,60,0.9997009552861296,0.24494897427831783
2026-08-31T22:00:33.246,124872500,P016,normal_pressure,VALID,,,,72,4424277,110825,114517,109318.47,111488.55,1506.53,3028.45,3317.29,3168.31,False,False,nan,True,0.7,82.19,97.51,True,0,COLLECTING,0,,0,,,,,8,56,98,30,60,0.9997009552861296,0.24494897427831783
2026-08-31T22:00:33.259,124872515,P016,normal_pressure,VALID,,,,73,4424317,110479,113817,109341.68,111535.12,1137.32,2281.88,3058.44,3166.11,False,False,nan,True,0.7,82.19,97.51,True,0,COLLECTING,0,,0,,,,,8,56,98,30,60,0.9997009552861296,0.24494897427831783
2026-08-31T22:00:33.270,124872515,P016,normal_pressure,VALID,,,,74,4424357,110195,113251,109358.74,111569.45,836.26,1681.55,2714.22,3157.08,False,False,nan,True,0.7,82.19,97.51,True,0,COLLECTING,0,,0,,,,,8,56,98,30,60,0.9997009552861296,0.24494897427831783
2026-08-31T22:00:33.277,124872531,P016,normal_pressure,VALID,,,,75,4424397,110025,112945,109372.07,111596.95,652.93,1348.05,2372.67,3141.39,False,False,nan,True,0.7,82.19,97.51,True,0,COLLECTING,0,,0,,,,,8,56,98,30,60,0.9997009552861296,0.24494897427831783
2026-08-31T22:00:33.301,124872546,P016,normal_pressure,VALID,,,,76,4424437,110051,112942,109385.65,111623.85,665.35,1318.15,2109.04,3120.74,False,False,nan,True,0.7,82.19,97.51,True,0,COLLECTING,0,,0,,,,,8,56,98,30,60,0.9997009552861296,0.24494897427831783
2026-08-31T22:00:33.446,124872703,P016,normal_pressure,VALID,,,,77,4424477,110172,113235,109401.38,111656.08,770.62,1578.92,1976.51,3097.86,False,False,nan,True,0.7,82.19,97.51,True,0,COLLECTING,0,,0,,,,,8,56,98,30,60,0.9997009552861296,0.24494897427831783
2026-08-31T22:00:33.458,124872703,P016,normal_pressure,VALID,,,,78,4424517,110313,113430,109419.61,111691.55,893.39,1738.45,1917.0,3074.24,False,False,nan,True,0.7,82.19,97.51,True,0,COLLECTING,0,,0,,,,,8,56,98,30,60,0.9997009552861296,0.24494897427831783
2026-08-31T22:00:33.468,124872718,P016,normal_pressure,VALID,,,,79,4424557,110220,113349,109435.62,111724.7,784.38,1624.3,1843.82,3049.63,False,False,nan,True,0.7,82.19,97.51,True,0,COLLECTING,0,,0,,,,,8,56,98,30,60,0.9997009552861296,0.24494897427831783
2026-08-31T22:00:33.477,124872734,P016,normal_pressure,VALID,,,,80,4424597,110181,113243,109450.52,111755.07,730.48,1487.93,1754.85,3023.73,False,False,nan,True,0.7,82.19,97.51,True,0,COLLECTING,0,,0,,,,,8,56,98,30,60,0.9997009552861296,0.24494897427831783
2026-08-31T22:00:33.503,124872750,P016,normal_pressure,VALID,,,,81,4424637,109942,112928,109460.35,111778.53,481.65,1149.47,1603.5,2995.33,False,False,nan,True,0.7,82.19,97.51,True,0,COLLECTING,0,,0,,,,,8,56,98,30,60,0.9997009552861296,0.24494897427831783
2026-08-31T22:00:33.645,124872890,P016,normal_pressure,VALID,,,,82,4424677,109927,112800,109469.69,111798.96,457.31,1001.04,1452.89,2964.48,False,False,nan,True,0.7,82.19,97.51,True,0,COLLECTING,0,,0,,,,,8,56,98,30,60,0.9997009552861296,0.17320508075688776
2026-08-31T22:00:33.657,124872906,P016,normal_pressure,VALID,,,,83,4424717,109998,113044,109480.25,111823.86,517.75,1220.14,1394.7,2933.09,False,False,nan,True,0.7,82.19,97.51,True,0,COLLECTING,0,,0,,,,,8,56,98,30,60,0.9997009552861296,0.17320508075688776
2026-08-31T22:00:33.679,124872937,P016,normal_pressure,VALID,,,,84,4424757,110446,113876,109499.56,111864.9,946.44,2011.1,1548.8,2905.4,False,False,nan,True,0.7,82.19,97.51,True,0,COLLECTING,0,,0,,,,,8,56,98,30,60,0.9997009552861296,0.17320508075688776
2026-08-31T22:00:33.683,124872937,P016,normal_pressure,VALID,,,,85,4424797,110859,114670,109526.75,111921.0,1332.25,2749.0,1848.85,2884.27,False,False,nan,True,0.7,82.19,97.51,True,0,COLLECTING,0,,0,,,,,8,56,98,30,60,0.9997009552861296,0.17320508075688776
2026-08-31T22:00:33.700,124872953,P016,normal_pressure,VALID,,,,86,4424837,110968,114963,109555.58,111981.84,1412.42,2981.16,2131.93,2869.22,False,False,nan,True,0.7,82.19,97.51,True,0,COLLECTING,0,,0,,,,,8,56,98,30,60,0.9997009552861296,0.17320508075688776
2026-08-31T22:00:33.847,124873093,P016,normal_pressure,VALID,,,,87,4424877,110869,114676,109581.84,112035.73,1287.16,2640.27,2259.01,2857.02,False,False,nan,True,0.7,82.19,97.51,True,0,COLLECTING,0,,0,,,,,8,56,98,30,60,1.0001294916159607,0.24494897427831783
2026-08-31T22:00:33.857,124873109,P016,normal_pressure,VALID,,,,88,4424917,110455,113943,109599.3,112073.88,855.7,1869.12,2161.54,2843.11,True,True,1000.0,True,0.7405,74.53,97.51,True,0,COLLECTING,0,,0,,,,,8,56,98,30,60,1.0001294916159607,0.24494897427831783
2026-08-31T22:00:33.869,124873125,P016,normal_pressure,VALID,,,,89,4424957,110174,113313,109610.8,112098.66,563.2,1214.34,1924.74,2824.74,False,False,nan,True,0.7405,74.53,97.51,True,0,COLLECTING,0,,0,,,,,8,56,98,30,60,1.0001294916159607,0.24494897427831783
2026-08-31T22:00:33.877,124873125,P016,normal_pressure,VALID,,,,90,4424997,110104,113150,109620.66,112119.68,483.34,1030.32,1701.14,2802.27,False,False,nan,True,0.7405,74.53,97.51,True,0,COLLECTING,0,,0,,,,,8,56,98,30,60,1.0001294916159607,0.24494897427831783
2026-08-31T22:00:33.900,124873156,P016,normal_pressure,VALID,,,,91,4425037,110310,113529,109634.45,112147.87,675.55,1381.13,1621.14,2778.65,False,False,nan,True,0.7405,74.53,97.51,True,0,COLLECTING,0,,0,,,,,8,56,98,30,60,1.0001294916159607,0.24494897427831783
2026-08-31T22:00:34.045,124873296,P016,normal_pressure,VALID,,,,92,4425077,110421,113765,109650.19,112180.21,770.81,1584.79,1612.05,2755.31,False,False,nan,True,0.7405,74.53,97.51,True,0,COLLECTING,0,,0,,,,,9,56,98,30,60,0.9997009552861296,0.24494897427831783
2026-08-31T22:00:34.057,124873312,P016,normal_pressure,VALID,,,,93,4425117,110496,113861,109667.1,112213.83,828.9,1647.17,1620.83,2732.62,False,False,nan,True,0.7405,74.53,97.51,True,0,COLLECTING,0,,0,,,,,9,56,98,30,60,0.9997009552861296,0.24494897427831783
2026-08-31T22:00:34.069,124873312,P016,normal_pressure,VALID,,,,94,4425157,110559,114031,109684.94,112250.17,874.06,1780.83,1660.83,2711.19,False,False,nan,True,0.7405,74.53,97.51,True,0,COLLECTING,0,,0,,,,,9,56,98,30,60,0.9997009552861296,0.24494897427831783
2026-08-31T22:00:34.077,124873328,P016,normal_pressure,VALID,,,,95,4425197,110824,114569,109707.72,112296.55,1116.28,2272.45,1813.74,2693.24,False,False,nan,True,0.7405,74.53,97.51,True,0,COLLECTING,0,,0,,,,,9,56,98,30,60,0.9997009552861296,0.24494897427831783
2026-08-31T22:00:34.100,124873343,P016,normal_pressure,VALID,,,,96,4425237,111108,115178,109735.73,112354.18,1372.27,2823.82,2066.26,2680.7,False,False,nan,True,0.7405,74.53,97.51,True,0,COLLECTING,0,,0,,,,,9,56,98,30,60,0.9997009552861296,0.24494897427831783
2026-08-31T22:00:34.246,124873500,P016,normal_pressure,VALID,,,,97,4425277,111252,115463,109766.05,112416.36,1485.95,3046.64,2311.35,2673.31,False,False,nan,True,0.7405,74.53,97.51,True,0,COLLECTING,0,,0,,,,,8,56,98,30,60,0.9997009552861296,0.24494897427831783
2026-08-31T22:00:34.257,124873500,P016,normal_pressure,VALID,,,,98,4425317,111221,115402,109795.16,112476.07,1425.84,2925.93,2465.0,2669.15,False,False,nan,True,0.7405,74.53,97.51,True,0,COLLECTING,0,,0,,,,,8,56,98,30,60,0.9997009552861296,0.24494897427831783
2026-08-31T22:00:34.269,124873515,P016,normal_pressure,VALID,,,,99,4425357,111084,115186,109820.93,112530.27,1263.07,2655.73,2512.68,2666.02,False,False,nan,True,0.7405,74.53,97.51,True,0,COLLECTING,0,,0,,,,,8,56,98,30,60,0.9997009552861296,0.24494897427831783
2026-08-31T22:00:34.277,124873531,P016,normal_pressure,VALID,,,,100,4425397,110963,114927,109843.77,112578.2,1119.23,2348.8,2471.71,2662.13,True,True,480.0,True,0.7136,76.43,97.51,True,0,COLLECTING,0,,0,,,,,8,56,98,30,60,0.9997009552861296,0.24494897427831783
2026-08-31T22:00:34.301,124873546,P016,normal_pressure,VALID,,,,101,4425437,110858,114742,109864.05,112621.48,993.95,2120.52,2383.91,2656.57,False,False,nan,True,0.7136,76.43,96.85,True,0,COLLECTING,0,,0,,,,,8,56,98,30,60,0.9997009552861296,0.24494897427831783
2026-08-31T22:00:34.445,124873703,P016,normal_pressure,VALID,,,,102,4425477,110708,114460,109880.93,112658.25,827.07,1801.75,2238.37,2648.2,False,False,nan,True,0.7136,76.43,96.85,True,0,COLLECTING,0,,0,,,,,9,56,98,30,60,0.9998384869567685,0.24494897427831783
2026-08-31T22:00:34.458,124873703,P016,normal_pressure,VALID,,,,103,4425517,110620,114318,109895.71,112691.45,724.29,1626.55,2085.42,2636.95,False,False,nan,True,0.7136,76.43,96.85,True,0,COLLECTING,0,,0,,,,,9,56,98,30,60,0.9998384869567685,0.24494897427831783
2026-08-31T22:00:34.469,124873718,P016,normal_pressure,VALID,,,,104,4425557,110421,113906,109906.22,112715.73,514.78,1190.27,1861.63,2621.44,False,False,nan,True,0.7136,76.43,96.85,True,0,COLLECTING,0,,0,,,,,9,56,98,30,60,0.9998384869567685,0.24494897427831783
2026-08-31T22:00:34.477,124873734,P016,normal_pressure,VALID,,,,105,4425597,110220,113461,109912.49,112730.64,307.51,730.36,1578.81,2600.59,False,False,nan,True,0.7136,76.43,96.85,True,0,COLLECTING,0,,0,,,,,9,56,98,30,60,0.9998384869567685,0.24494897427831783
2026-08-31T22:00:34.501,124873750,P016,normal_pressure,VALID,,,,106,4425637,110155,113285,109917.34,112741.73,237.66,543.27,1319.93,2574.98,False,False,nan,True,0.7136,76.43,96.85,True,0,COLLECTING,0,,0,,,,,9,56,98,30,60,0.9998384869567685,0.24494897427831783
2026-08-31T22:00:34.647,124873890,P016,normal_pressure,VALID,,,,107,4425677,110270,113488,109924.4,112756.65,345.6,731.35,1172.78,2546.93,False,False,nan,True,0.7136,76.43,96.85,True,0,COLLECTING,0,,0,,,,,9,56,98,30,60,0.9997009552861296,0.24494897427831783
2026-08-31T22:00:34.657,124873906,P016,normal_pressure,VALID,,,,108,4425717,110464,113904,109935.19,112779.59,528.81,1124.41,1160.69,2519.21,False,False,nan,True,0.7136,76.43,96.85,True,0,COLLECTING,0,,0,,,,,9,56,98,30,60,0.9997009552861296,0.24494897427831783
2026-08-31T22:00:34.669,124873921,P016,normal_pressure,VALID,,,,109,4425757,110554,114123,109947.56,112806.46,606.44,1316.54,1199.65,2492.82,False,False,nan,True,0.7136,76.43,96.85,True,0,COLLECTING,0,,0,,,,,9,56,98,30,60,0.9997009552861296,0.24494897427831783
2026-08-31T22:00:34.676,124873921,P016,normal_pressure,VALID,,,,110,4425797,110592,114212,109960.45,112834.57,631.55,1377.43,1244.1,2467.84,False,False,nan,True,0.7136,76.43,96.85,True,0,COLLECTING,0,,0,,,,,9,56,98,30,60,0.9997009552861296,0.24494897427831783
2026-08-31T22:00:34.701,124873953,P016,normal_pressure,VALID,,,,111,4425837,110586,114175,109972.96,112861.38,613.04,1313.62,1261.48,2443.71,False,False,nan,True,0.7136,76.43,96.85,True,0,COLLECTING,0,,0,,,,,9,56,98,30,60,0.9997009552861296,0.24494897427831783
2026-08-31T22:00:34.845,124874093,P016,normal_pressure,VALID,,,,112,4425877,110556,114088,109984.62,112885.91,571.38,1202.09,1246.63,2419.77,True,True,480.0,True,0.7,80.0,96.85,True,0,COLLECTING,0,,0,,,,,8,56,98,30,60,0.9997009552861296,0.24494897427831783
2026-08-31T22:00:34.856,124874109,P016,normal_pressure,VALID,,,,113,4425917,110507,113993,109995.07,112908.05,511.93,1084.95,1206.21,2395.5,False,False,nan,True,0.7,80.0,96.85,True,0,COLLECTING,0,,0,,,,,8,56,98,30,60,0.9997009552861296,0.24494897427831783
2026-08-31T22:00:34.869,124874125,P016,normal_pressure,VALID,,,,114,4425957,110482,113966,110004.81,112929.2,477.19,1036.8,1163.86,2370.87,False,False,nan,True,0.7,80.0,96.85,True,0,COLLECTING,0,,0,,,,,8,56,98,30,60,0.9997009552861296,0.24494897427831783
2026-08-31T22:00:34.876,124874125,P016,normal_pressure,VALID,,,,115,4425997,110557,114119,110015.86,112953.0,541.14,1166.0,1164.39,2346.74,False,False,nan,True,0.7,80.0,96.85,True,0,COLLECTING,0,,0,,,,,8,56,98,30,60,0.9997009552861296,0.24494897427831783
2026-08-31T22:00:34.901,124874156,P016,normal_pressure,VALID,,,,116,4426037,110774,114545,110031.02,112984.84,742.98,1560.16,1263.33,2325.07,False,False,nan,True,0.7,80.0,96.85,True,0,COLLECTING,0,,0,,,,,8,56,98,30,60,0.9997009552861296,0.24494897427831783
2026-08-31T22:00:35.046,124874296,P016,normal_pressure,VALID,,,,117,4426077,111117,115204,110052.74,113029.23,1064.26,2174.77,1491.19,2308.39,False,False,nan,True,0.7,80.0,96.85,True,0,COLLECTING,0,,0,,,,,9,56,98,30,60,0.9997009552861296,0.24494897427831783
2026-08-31T22:00:35.056,124874312,P016,normal_pressure,VALID,,,,118,4426117,111579,116130,110083.27,113091.24,1495.73,3038.76,1878.09,2299.79,False,False,nan,True,0.7,80.0,96.85,True,0,COLLECTING,0,,0,,,,,9,56,98,30,60,0.9997009552861296,0.24494897427831783
2026-08-31T22:00:35.070,124874328,P016,normal_pressure,VALID,,,,119,4426157,112104,117163,110123.68,113172.68,1980.32,3990.32,2406.14,2301.91,False,False,nan,True,0.7,80.0,96.85,True,0,COLLECTING,0,,0,,,,,9,56,98,30,60,0.9997009552861296,0.24494897427831783
2026-08-31T22:00:35.077,124874328,P016,normal_pressure,VALID,,,,120,4426197,112354,117626,110168.29,113261.74,2185.71,4364.26,2895.67,2313.79,False,False,nan,True,0.7,80.0,96.85,True,0,COLLECTING,0,,0,,,,,9,56,98,30,60,0.9997009552861296,0.24494897427831783
2026-08-31T22:00:35.102,124874359,P016,normal_pressure,VALID,,,,121,4426237,112284,117420,110210.6,113344.91,2073.4,4075.09,3190.53,2331.32,False,False,nan,True,0.7,80.0,96.85,True,0,COLLECTING,0,,0,,,,,9,56,98,30,60,0.9997009552861296,0.24494897427831783
2026-08-31T22:00:35.246,124874500,P016,normal_pressure,VALID,,,,122,4426277,112054,116967,110247.47,113417.35,1806.53,3549.65,3280.31,2350.3,False,False,nan,True,0.7,80.0,96.85,True,0,COLLECTING,0,,0,,,,,9,56,98,30,60,0.9997009552861296,0.24494897427831783
2026-08-31T22:00:35.258,124874515,P016,normal_pressure,VALID,,,,123,4426317,111922,116724,110280.96,113483.48,1641.04,3240.52,3270.36,2368.71,True,True,440.0,True,0.7182,93.02,96.85,True,0,COLLECTING,0,,0,,,,,9,56,98,30,60,0.9997009552861296,0.24494897427831783
2026-08-31T22:00:35.269,124874515,P016,normal_pressure,VALID,,,,124,4426357,111765,116431,110310.64,113542.44,1454.36,2888.56,3174.91,2384.83,False,False,nan,True,0.7182,93.02,96.85,True,0,COLLECTING,0,,0,,,,,9,56,98,30,60,0.9997009552861296,0.24494897427831783
2026-08-31T22:00:35.277,124874531,P016,normal_pressure,VALID,,,,125,4426397,111571,116049,110335.85,113592.57,1235.15,2456.43,2995.29,2397.04,False,False,nan,True,0.7182,93.02,96.85,True,0,COLLECTING,0,,0,,,,,9,56,98,30,60,0.9997009552861296,0.24494897427831783
2026-08-31T22:00:35.301,124874546,P016,normal_pressure,VALID,,,,126,4426437,111499,115898,110359.12,113638.68,1139.88,2259.32,2811.3,2405.32,False,False,nan,True,0.7182,93.02,96.85,True,0,COLLECTING,0,,0,,,,,9,56,98,30,60,0.9997009552861296,0.24494897427831783
2026-08-31T22:00:35.446,124874703,P016,normal_pressure,VALID,,,,127,4426477,111486,115888,110381.66,113683.66,1104.34,2204.34,2659.56,2410.41,False,False,nan,True,0.7182,93.02,96.85,True,0,COLLECTING,0,,0,,,,,10,56,98,30,60,1.0001294916159607,0.24494897427831783
2026-08-31T22:00:35.459,124874703,P016,normal_pressure,VALID,,,,128,4426517,111412,115750,110402.27,113724.99,1009.73,2025.01,2500.92,2412.22,False,False,nan,True,0.7182,93.02,96.85,True,0,COLLECTING,0,,0,,,,,10,56,98,30,60,1.0001294916159607,0.24494897427831783
2026-08-31T22:00:35.470,124874718,P016,normal_pressure,VALID,,,,129,4426557,111247,115433,110419.16,113759.15,827.84,1673.85,2294.15,2409.86,False,False,nan,True,0.7182,93.02,96.85,True,0,COLLECTING,0,,0,,,,,10,56,98,30,60,1.0001294916159607,0.24494897427831783
2026-08-31T22:00:35.477,124874734,P016,normal_pressure,VALID,,,,130,4426597,111085,115101,110432.48,113785.98,652.52,1315.02,2049.37,2402.65,False,False,nan,True,0.7182,93.02,96.85,True,0,COLLECTING,0,,0,,,,,10,56,98,30,60,1.0001294916159607,0.24494897427831783
2026-08-31T22:00:35.501,124874750,P016,normal_pressure,VALID,,,,131,4426637,110910,114774,110442.03,113805.74,467.97,968.26,1779.09,2390.18,False,False,nan,True,0.7182,93.02,96.85,True,0,COLLECTING,0,,0,,,,,10,56,98,30,60,1.0001294916159607,0.24494897427831783
2026-08-31T22:00:35.645,124874890,P016,normal_pressure,VALID,,,,132,4426677,110780,114550,110448.79,113820.62,331.21,729.38,1516.66,2372.71,False,False,nan,True,0.7182,93.02,96.85,True,0,COLLECTING,0,,0,,,,,10,56,98,30,60,0.9997009552861296,0.24494897427831783
2026-08-31T22:00:35.657,124874906,P016,normal_pressure,VALID,,,,133,4426717,110684,114357,110453.49,113831.35,230.51,525.65,1268.91,2350.63,False,False,nan,True,0.7182,93.02,96.85,True,0,COLLECTING,0,,0,,,,,10,56,98,30,60,0.9997009552861296,0.24494897427831783
2026-08-31T22:00:35.669,124874921,P016,normal_pressure,VALID,,,,134,4426757,110737,114462,110459.16,113843.96,277.84,618.04,1106.19,2325.74,False,False,nan,True,0.7182,93.02,96.85,True,0,COLLECTING,0,,0,,,,,10,56,98,30,60,0.9997009552861296,0.24494897427831783
2026-08-31T22:00:35.677,124874921,P016,normal_pressure,VALID,,,,135,4426797,110792,114577,110465.82,113858.62,326.18,718.38,1009.24,2299.41,False,False,nan,True,0.7182,93.02,96.85,True,0,COLLECTING,0,,0,,,,,10,56,98,30,60,0.9997009552861296,0.24494897427831783
2026-08-31T22:00:35.702,124874953,P016,normal_pressure,VALID,,,,136,4426837,110793,114592,110472.37,113873.29,320.63,718.71,936.61,2272.16,False,False,nan,True,0.7182,93.02,96.85,True,0,COLLECTING,0,,0,,,,,10,56,98,30,60,0.9997009552861296,0.24494897427831783
2026-08-31T22:00:35.846,124875093,P016,normal_pressure,VALID,,,,137,4426877,110557,114134,110474.06,113878.5,82.94,255.5,766.33,2242.04,False,False,nan,True,0.7182,93.02,96.85,True,0,COLLECTING,0,,0,,,,,10,56,98,30,60,1.000266964365014,0.24494897427831783
2026-08-31T22:00:35.858,124875109,P016,normal_pressure,VALID,,,,138,4426917,110075,113162,110466.08,113864.17,-391.08,-702.17,399.2,2205.18,False,False,nan,True,0.7182,93.02,96.85,True,0,COLLECTING,0,,0,,,,,10,56,98,30,60,1.000266964365014,0.24494897427831783
2026-08-31T22:00:35.871,124875125,P016,normal_pressure,VALID,,,,139,4426957,109926,112851,110455.27,113843.91,-529.27,-992.91,51.18,2162.1,False,False,nan,True,0.7182,93.02,96.85,True,0,COLLECTING,0,,0,,,,,10,56,98,30,60,1.000266964365014,0.24494897427831783
2026-08-31T22:00:35.878,124875125,P016,normal_pressure,VALID,,,,140,4426997,110165,113299,110449.47,113833.01,-284.47,-534.01,-95.12,2120.76,False,False,nan,True,0.7182,93.02,96.85,True,0,COLLECTING,0,,0,,,,,10,56,98,30,60,1.000266964365014,0.24494897427831783
2026-08-31T22:00:35.901,124875156,P016,normal_pressure,VALID,,,,141,4427037,110273,113534,110445.94,113827.03,-172.94,-293.03,-144.6,2081.24,False,False,nan,True,0.7182,93.02,96.85,True,0,COLLECTING,0,,0,,,,,10,56,98,30,60,1.000266964365014,0.24494897427831783
2026-08-31T22:00:36.046,124875296,P016,normal_pressure,VALID,,,,142,4427077,110265,113541,110442.32,113821.31,-177.32,-280.31,-178.53,2043.19,False,False,nan,True,0.7182,93.02,96.85,True,0,COLLECTING,0,,0,,,,,10,56,98,30,60,0.9997009552861296,0.24494897427831783
2026-08-31T22:00:36.057,124875312,P016,normal_pressure,VALID,,,,143,4427117,110287,113588,110439.21,113816.65,-152.21,-228.65,-191.06,2006.14,False,False,nan,True,0.7182,93.02,96.85,True,0,COLLECTING,0,,0,,,,,10,56,98,30,60,0.9997009552861296,0.24494897427831783
2026-08-31T22:00:36.069,124875312,P016,normal_pressure,VALID,,,,144,4427157,110306,113620,110436.55,113812.72,-130.55,-192.72,-191.47,1969.85,False,False,nan,True,0.7182,93.02,96.85,True,0,COLLECTING,0,,0,,,,,10,56,98,30,60,0.9997009552861296,0.24494897427831783
2026-08-31T22:00:36.076,124875328,P016,normal_pressure,VALID,,,,145,4427197,110352,113719,110434.86,113810.84,-82.86,-91.84,-166.57,1933.78,False,False,nan,True,0.7182,93.02,96.85,True,0,COLLECTING,0,,0,,,,,10,56,98,30,60,0.9997009552861296,0.24494897427831783
2026-08-31T22:00:36.102,124875359,P016,normal_pressure,VALID,,,,146,4427237,110320,113662,110432.56,113807.87,-112.56,-145.87,-161.39,1898.34,False,False,nan,True,0.7182,93.02,96.85,True,0,COLLECTING,0,,0,,,,,10,56,98,30,60,0.9997009552861296,0.24494897427831783
2026-08-31T22:00:36.248,124875500,P016,normal_pressure,VALID,,,,147,4427277,110183,113428,110427.57,113800.27,-244.57,-372.27,-214.11,1864.65,False,False,nan,True,0.7182,93.02,96.85,True,0,COLLECTING,0,,0,,,,,10,56,98,30,60,0.9997009552861296,0.24494897427831783
2026-08-31T22:00:36.258,124875515,P016,normal_pressure,VALID,,,,148,4427317,110114,113302,110421.3,113790.3,-307.3,-488.3,-282.66,1833.01,False,False,nan,True,0.7182,93.02,96.85,True,0,COLLECTING,0,,0,,,,,10,56,98,30,60,0.9997009552861296,0.24494897427831783
2026-08-31T22:00:36.270,124875515,P016,normal_pressure,VALID,,,,149,4427357,110106,113289,110414.99,113780.28,-308.99,-491.28,-334.82,1803.05,False,False,nan,True,0.7182,93.02,96.85,True,0,COLLECTING,0,,0,,,,,10,56,98,30,60,0.9997009552861296,0.24494897427831783
2026-08-31T22:00:36.277,124875531,P016,normal_pressure,VALID,,,,150,4427397,110120,113327,110409.09,113771.22,-289.09,-444.22,-362.17,1774.23,False,False,nan,True,0.7182,93.02,96.85,True,0,COLLECTING,0,,0,,,,,10,56,98,30,60,0.9997009552861296,0.24494897427831783
2026-08-31T22:00:36.301,124875546,P016,normal_pressure,VALID,,,,151,4427437,110268,113622,110406.27,113768.23,-138.27,-146.23,-308.18,1744.91,False,False,nan,True,0.7182,93.02,96.85,True,0,COLLECTING,0,,0,,,,,10,56,98,30,60,0.9997009552861296,0.24494897427831783
2026-08-31T22:00:36.446,124875703,P016,normal_pressure,VALID,,,,152,4427477,110327,113736,110404.69,113767.59,-77.69,-31.59,-239.03,1714.79,False,False,nan,True,0.7182,93.02,96.85,True,0,COLLECTING,0,,0,,,,,10,56,98,30,60,0.9997009552861296,0.24494897427831783
2026-08-31T22:00:36.458,124875703,P016,normal_pressure,VALID,,,,153,4427517,109951,112987,110395.62,113751.98,-444.62,-764.98,-370.52,1687.91,False,False,nan,True,0.7182,93.02,96.85,True,0,COLLECTING,0,,0,,,,,10,56,98,30,60,0.9997009552861296,0.24494897427831783
2026-08-31T22:00:36.470,124875718,P016,normal_pressure,VALID,,,,154,4427557,109358,111805,110374.87,113713.04,-1016.87,-1908.04,-754.9,1669.25,False,False,nan,True,0.7182,93.02,96.85,True,0,COLLECTING,0,,0,,,,,10,56,98,30,60,0.9997009552861296,0.24494897427831783
2026-08-31T22:00:36.478,124875734,P016,normal_pressure,VALID,,,,155,4427597,108970,111015,110346.77,113659.08,-1376.77,-2644.08,-1227.19,1660.4,False,False,nan,True,0.7182,93.02,96.85,True,0,COLLECTING,0,,0,,,,,10,56,98,30,60,0.9997009552861296,0.24494897427831783
2026-08-31T22:00:36.502,124875750,P016,normal_pressure,VALID,,,,156,4427637,108801,110694,110315.86,113599.77,-1514.86,-2905.77,-1646.84,1660.13,False,False,nan,True,0.7182,93.02,96.85,True,0,COLLECTING,0,,0,,,,,10,56,98,30,60,0.9997009552861296,0.24494897427831783
2026-08-31T22:00:36.646,124875890,P016,normal_pressure,VALID,,,,157,4427677,108578,110287,110281.1,113533.52,-1703.1,-3246.52,-2046.76,1667.87,False,False,nan,True,0.7182,93.02,96.85,True,0,COLLECTING,0,,0,,,,,10,56,98,30,60,0.9998384869567685,0.24494897427831783
2026-08-31T22:00:36.658,124875906,P016,normal_pressure,VALID,,,,158,4427717,108374,109898,110242.96,113460.8,-1868.96,-3562.8,-2425.77,1683.02,False,False,nan,True,0.7182,93.02,96.85,True,0,COLLECTING,0,,0,,,,,10,56,98,30,60,0.9998384869567685,0.24494897427831783
2026-08-31T22:00:36.681,124875937,P016,normal_pressure,VALID,,,,159,4427757,108043,109295,110198.96,113377.49,-2155.96,-4082.49,-2839.95,1706.16,False,False,nan,True,0.7182,93.02,96.85,True,0,COLLECTING,0,,0,,,,,10,56,98,30,60,0.9998384869567685,0.24494897427831783
2026-08-31T22:00:36.685,124875937,P016,normal_pressure,VALID,,,,160,4427797,107758,108750,110150.14,113284.95,-2392.14,-4534.95,-3263.7,1737.31,False,False,nan,True,0.7182,93.02,96.85,True,0,COLLECTING,0,,0,,,,,10,56,98,30,60,0.9998384869567685,0.24494897427831783
2026-08-31T22:00:36.702,124875953,P016,normal_pressure,VALID,,,,161,4427837,107693,108594,110101.0,113191.12,-2408.0,-4597.12,-3597.06,1774.51,False,False,nan,True,0.7182,93.02,96.85,True,0,COLLECTING,0,,0,,,,,10,56,98,30,60,0.9998384869567685,0.24494897427831783
2026-08-31T22:00:36.846,124876093,P016,normal_pressure,VALID,,,,162,4427877,107687,108568,110052.72,113098.66,-2365.72,-4530.66,-3830.46,1815.63,False,False,nan,True,0.7182,93.02,96.85,True,0,COLLECTING,0,,0,,,,,10,56,98,30,60,0.9997009552861296,0.24494897427831783
2026-08-31T22:00:36.859,124876109,P016,normal_pressure,VALID,,,,163,4427917,107576,108390,110003.19,113004.49,-2427.19,-4614.49,-4026.47,1859.84,False,False,nan,True,0.7182,93.02,96.85,True,0,COLLECTING,0,,0,,,,,10,56,98,30,60,0.9997009552861296,0.24494897427831783
2026-08-31T22:00:36.870,124876125,P016,normal_pressure,VALID,,,,164,4427957,107432,108147,109951.77,112907.34,-2519.77,-4760.34,-4209.94,1906.85,False,False,nan,True,0.7182,93.02,96.85,True,0,COLLECTING,0,,0,,,,,10,56,98,30,60,0.9997009552861296,0.24494897427831783
2026-08-31T22:00:36.878,124876125,P016,normal_pressure,VALID,,,,165,4427997,107280,107872,109898.33,112806.64,-2618.33,-4934.64,-4391.11,1956.53,False,False,nan,True,0.7182,93.02,96.85,True,0,COLLECTING,0,,0,,,,,10,56,98,30,60,0.9997009552861296,0.24494897427831783
2026-08-31T22:00:36.902,124876156,P016,normal_pressure,VALID,,,,166,4428037,107029,107419,109840.95,112698.89,-2811.95,-5279.89,-4613.31,2009.67,False,False,nan,True,0.7182,93.02,96.85,True,0,COLLECTING,0,,0,,,,,10,56,98,30,60,0.9997009552861296,0.24494897427831783
2026-08-31T22:00:37.046,124876296,P016,normal_pressure,VALID,,,,167,4428077,106824,107060,109780.61,112586.11,-2956.61,-5526.11,-4841.51,2066.3,False,False,nan,True,0.7182,93.02,96.85,True,0,COLLECTING,0,,0,,,,,10,56,98,30,60,0.9997009552861296,0.24494897427831783
2026-08-31T22:00:37.057,124876312,P016,normal_pressure,VALID,,,,168,4428117,106693,106747,109718.86,112469.33,-3025.86,-5722.33,-5061.71,2126.21,False,False,nan,True,0.7182,93.02,96.85,True,0,COLLECTING,0,,0,,,,,10,56,98,30,60,0.9997009552861296,0.24494897427831783
2026-08-31T22:00:37.069,124876312,P016,normal_pressure,VALID,,,,169,4428157,106475,106283,109653.98,112345.6,-3178.98,-6062.6,-5311.93,2189.93,False,False,nan,True,0.7182,93.02,96.85,True,0,COLLECTING,0,,0,,,,,10,56,98,30,60,0.9997009552861296,0.24494897427831783
2026-08-31T22:00:37.079,124876328,P016,normal_pressure,VALID,,,,170,4428197,106461,106216,109590.12,112223.01,-3129.12,-6007.01,-5485.7,2255.84,False,False,nan,True,0.7182,93.02,96.85,True,0,COLLECTING,0,,0,,,,,10,56,98,30,60,0.9997009552861296,0.24494897427831783
2026-08-31T22:00:37.103,124876359,P016,normal_pressure,VALID,,,,171,4428237,106485,106253,109528.02,112103.61,-3043.02,-5850.61,-5576.93,2322.26,False,False,nan,True,0.7182,93.02,96.85,True,0,COLLECTING,0,,0,,,,,10,56,98,30,60,0.9997009552861296,0.24494897427831783
2026-08-31T22:00:37.246,124876500,P016,normal_pressure,VALID,,,,172,4428277,106435,106169,109466.16,111984.91,-3031.16,-5815.91,-5636.68,2388.55,False,False,nan,True,0.7182,93.02,96.85,True,0,COLLECTING,0,,0,,,,,10,56,98,30,60,0.9997009552861296,0.24494897427831783
2026-08-31T22:00:37.258,124876515,P016,normal_pressure,VALID,,,,173,4428317,106330,106015,109403.44,111865.52,-3073.44,-5850.52,-5690.14,2454.58,False,False,nan,True,0.7182,93.02,96.85,True,0,COLLECTING,0,,0,,,,,10,56,98,30,60,0.9997009552861296,0.24494897427831783
2026-08-31T22:00:37.270,124876515,P016,normal_pressure,VALID,,,,174,4428357,106241,105857,109340.19,111745.34,-3099.19,-5888.34,-5739.69,2520.29,False,False,nan,True,0.7182,93.02,96.85,True,0,COLLECTING,0,,0,,,,,10,56,98,30,60,0.9997009552861296,0.24494897427831783
2026-08-31T22:00:37.278,124876531,P016,normal_pressure,VALID,,,,175,4428397,106167,105683,109276.73,111624.09,-3109.73,-5941.09,-5790.04,2585.68,False,False,nan,True,0.7182,93.02,96.85,True,0,COLLECTING,0,,0,,,,,10,56,98,30,60,0.9997009552861296,0.24494897427831783
2026-08-31T22:00:37.302,124876546,P016,normal_pressure,VALID,,,,176,4428437,106067,105484,109212.53,111501.29,-3145.53,-6017.29,-5846.85,2650.9,False,False,nan,True,0.7182,93.02,96.85,True,0,COLLECTING,0,,0,,,,,10,56,98,30,60,0.9997009552861296,0.24494897427831783
2026-08-31T22:00:37.447,124876703,P016,normal_pressure,VALID,,,,177,4428477,105953,105275,109147.34,111376.77,-3194.34,-6101.77,-5910.58,2716.1,False,False,nan,True,0.7182,93.02,96.85,True,0,COLLECTING,0,,0,,,,,10,56,98,30,60,0.9998384869567685,0.24494897427831783
2026-08-31T22:00:37.458,124876703,P016,normal_pressure,VALID,,,,178,4428517,105807,105022,109080.54,111249.67,-3273.54,-6227.67,-5989.85,2781.57,False,False,nan,True,0.7182,93.02,96.85,True,0,COLLECTING,0,,0,,,,,10,56,98,30,60,0.9998384869567685,0.24494897427831783
2026-08-31T22:00:37.470,124876718,P016,normal_pressure,VALID,,,,179,4428557,105680,104789,109012.53,111120.46,-3332.53,-6331.46,-6075.25,2847.45,False,False,nan,True,0.7182,93.02,96.85,True,0,COLLECTING,0,,0,,,,,10,56,98,30,60,0.9998384869567685,0.24494897427831783
2026-08-31T22:00:37.479,124876734,P016,normal_pressure,VALID,,,,180,4428597,105742,104892,108947.12,110995.89,-3205.12,-6103.89,-6082.41,2912.15,False,False,nan,True,0.7182,93.02,96.85,True,0,COLLECTING,0,,0,,,,,10,56,98,30,60,0.9998384869567685,0.24494897427831783
2026-08-31T22:00:37.503,124876750,P016,normal_pressure,VALID,,,,181,4428637,105812,105010,108884.41,110876.17,-3072.41,-5866.17,-6028.35,2974.47,False,False,nan,True,0.7182,93.02,96.85,True,0,COLLECTING,0,,0,,,,,10,56,98,30,60,0.9998384869567685,0.24494897427831783
2026-08-31T22:00:37.647,124876906,P016,normal_pressure,VALID,,,,182,4428677,105889,105143,108824.51,110761.51,-2935.51,-5618.51,-5925.89,3033.5,False,False,nan,True,0.7182,93.02,96.85,True,0,COLLECTING,0,,0,,,,,10,56,98,30,60,0.9998384869567685,0.17320508075688776
2026-08-31T22:00:37.657,124876906,P016,normal_pressure,VALID,,,,183,4428717,105971,105253,108767.44,110651.34,-2796.44,-5398.34,-5794.0,3088.71,False,False,nan,True,0.7182,93.02,96.85,True,0,COLLECTING,0,,0,,,,,10,56,98,30,60,0.9998384869567685,0.17320508075688776
2026-08-31T22:00:37.669,124876921,P016,normal_pressure,VALID,,,,184,4428757,105901,105075,108710.11,110539.81,-2809.11,-5464.81,-5711.71,3141.17,False,False,nan,True,0.7182,93.02,96.85,True,0,COLLECTING,0,,0,,,,,10,56,98,30,60,0.9998384869567685,0.17320508075688776
2026-08-31T22:00:37.679,124876921,P016,normal_pressure,VALID,,,,185,4428797,105793,104861,108651.77,110426.23,-2858.77,-5565.23,-5675.09,3191.85,False,False,nan,True,0.7182,93.02,96.85,True,0,COLLECTING,0,,0,,,,,10,56,98,30,60,0.9998384869567685,0.17320508075688776
2026-08-31T22:00:37.702,124876953,P016,normal_pressure,VALID,,,,186,4428837,105776,104842,108594.25,110314.55,-2818.25,-5472.55,-5624.45,3240.5,False,False,nan,True,0.7182,93.02,96.85,True,0,COLLECTING,0,,0,,,,,10,56,98,30,60,0.9998384869567685,0.17320508075688776
2026-08-31T22:00:37.845,124877093,P016,normal_pressure,VALID,,,,187,4428877,105742,104800,108537.2,110204.26,-2795.2,-5404.26,-5569.4,3287.08,False,False,nan,True,0.7182,93.02,96.85,True,0,COLLECTING,0,,0,,,,,10,56,98,30,60,0.9998384869567685,0.24494897427831783
2026-08-31T22:00:37.858,124877109,P016,normal_pressure,VALID,,,,188,4428917,105761,104846,108481.68,110097.09,-2720.68,-5251.09,-5489.83,3331.13,False,False,nan,True,0.7182,93.02,96.85,True,0,COLLECTING,0,,0,,,,,10,56,98,30,60,0.9998384869567685,0.24494897427831783
2026-08-31T22:00:37.869,124877125,P016,normal_pressure,VALID,,,,189,4428957,105837,104983,108428.79,109994.81,-2591.79,-5011.81,-5370.32,3371.92,False,False,nan,True,0.7182,93.02,96.85,True,0,COLLECTING,0,,0,,,,,10,56,98,30,60,0.9998384869567685,0.24494897427831783
2026-08-31T22:00:37.879,124877125,P016,normal_pressure,VALID,,,,190,4428997,105879,105048,108377.8,109895.88,-2498.8,-4847.88,-5239.71,3409.27,False,False,nan,True,0.7182,93.02,96.85,True,0,COLLECTING,0,,0,,,,,10,56,98,30,60,0.9998384869567685,0.24494897427831783
2026-08-31T22:00:37.902,124877156,P016,normal_pressure,VALID,,,,191,4429037,106027,105319,108330.78,109804.34,-2303.78,-4485.34,-5051.12,3442.11,False,False,nan,True,0.7182,93.02,96.85,True,0,COLLECTING,0,,0,,,,,10,56,98,30,60,0.9998384869567685,0.24494897427831783
2026-08-31T22:00:38.048,124877296,P016,normal_pressure,VALID,,,,192,4429077,106184,105635,108287.84,109720.95,-2103.84,-4085.95,-4809.83,3469.46,False,False,nan,True,0.7182,93.02,96.85,True,0,COLLECTING,0,,0,,,,,10,56,98,30,60,0.9998384869567685,0.24494897427831783
2026-08-31T22:00:38.058,124877312,P016,normal_pressure,VALID,,,,193,4429117,106410,106042,108250.29,109647.38,-1840.29,-3605.38,-4508.71,3490.25,False,False,nan,True,0.7182,93.02,96.85,True,0,COLLECTING,0,,0,,,,,10,56,98,30,60,0.9998384869567685,0.24494897427831783
2026-08-31T22:00:38.070,124877328,P016,normal_pressure,VALID,,,,194,4429157,106903,106993,108223.34,109594.29,-1320.34,-2601.29,-4031.86,3501.08,False,False,nan,True,0.7182,93.02,96.85,True,0,COLLECTING,0,,0,,,,,10,56,98,30,60,0.9998384869567685,0.24494897427831783
2026-08-31T22:00:38.078,124877328,P016,normal_pressure,VALID,,,,195,4429197,107555,108273,108209.98,109567.87,-654.98,-1294.87,-3347.61,3498.01,False,False,nan,True,0.7182,93.02,96.85,True,0,COLLECTING,0,,0,,,,,10,56,98,30,60,0.9998384869567685,0.24494897427831783
2026-08-31T22:00:38.102,124877359,P016,normal_pressure,VALID,,,,196,4429237,108362,109917,108213.02,109574.85,148.98,342.15,-2425.17,3476.55,False,False,nan,True,0.7182,93.02,96.85,True,0,COLLECTING,0,,0,,,,,10,56,98,30,60,0.9998384869567685,0.24494897427831783
2026-08-31T22:00:38.246,124877500,P016,normal_pressure,VALID,,,,197,4429277,109312,111905,108234.99,109621.45,1077.01,2283.55,-1247.99,3431.98,False,False,nan,True,0.7182,93.02,96.85,True,0,COLLECTING,0,,0,,,,,10,56,98,30,60,0.9998384869567685,0.17320508075688776
2026-08-31T22:00:38.257,124877500,P016,normal_pressure,VALID,,,,198,4429317,110339,114007,108277.07,109709.16,2061.93,4297.84,138.47,3366.11,False,False,nan,True,0.7182,93.02,96.85,True,0,COLLECTING,0,,0,,,,,10,56,98,30,60,0.9998384869567685,0.17320508075688776
2026-08-31T22:00:38.270,124877515,P016,normal_pressure,VALID,,,,199,4429357,110886,115084,108329.25,109816.66,2556.75,5267.34,1420.68,3327.2,False,False,nan,True,0.7182,93.02,96.85,True,0,COLLECTING,0,,0,,,,,10,56,98,30,60,0.9998384869567685,0.17320508075688776
2026-08-31T22:00:38.277,124877531,P016,normal_pressure,VALID,,,,200,4429397,111304,115877,108388.74,109937.87,2915.26,5939.13,2550.3,3311.67,False,False,nan,True,0.7182,93.02,96.85,True,0,COLLECTING,0,,0,,,,,10,56,98,30,60,0.9998384869567685,0.17320508075688776
2026-08-31T22:00:38.301,124877546,P016,normal_pressure,VALID,,,,201,4429437,111922,116976,108459.41,110078.63,3462.59,6897.37,3637.06,3318.17,False,False,nan,True,0.7182,93.02,96.81,True,0,COLLECTING,0,,0,,,,,10,56,98,30,60,0.9998384869567685,0.17320508075688776
2026-08-31T22:00:38.445,124877703,P016,normal_pressure,VALID,,,,202,4429477,112487,117995,108539.96,110236.96,3947.04,7758.04,4667.31,3345.16,False,False,nan,True,0.7182,93.02,96.81,True,0,COLLECTING,0,,0,,,,,10,56,98,30,60,0.9998384869567685,0.24494897427831783
2026-08-31T22:00:38.457,124877703,P016,normal_pressure,VALID,,,,203,4429517,112882,118722,108626.8,110406.66,4255.2,8315.34,5579.31,3389.84,False,False,nan,True,0.7182,93.02,96.81,True,0,COLLECTING,0,,0,,,,,10,56,98,30,60,0.9998384869567685,0.24494897427831783
2026-08-31T22:00:38.470,124877718,P016,normal_pressure,VALID,,,,204,4429557,113157,119237,108717.41,110583.27,4439.59,8653.73,6347.92,3449.0,False,False,nan,True,0.7182,93.02,96.81,True,0,COLLECTING,0,,0,,,,,10,56,98,30,60,0.9998384869567685,0.24494897427831783
2026-08-31T22:00:38.477,124877734,P016,normal_pressure,VALID,,,,205,4429597,113330,119517,108809.66,110761.95,4520.34,8755.05,6949.7,3519.01,False,False,nan,True,0.7182,93.02,96.81,True,0,COLLECTING,0,,0,,,,,10,56,98,30,60,0.9998384869567685,0.24494897427831783
2026-08-31T22:00:38.501,124877750,P016,normal_pressure,VALID,,,,206,4429637,113445,119706,108902.36,110940.83,4542.64,8765.17,7403.57,3596.71,False,False,nan,True,0.7182,93.02,96.81,True,0,COLLECTING,0,,0,,,,,10,56,98,30,60,0.9998384869567685,0.24494897427831783
2026-08-31T22:00:38.646,124877890,P016,normal_pressure,VALID,,,,207,4429677,113506,119842,108994.43,111118.85,4511.57,8723.15,7733.46,3679.44,False,False,nan,True,0.7182,93.02,96.81,True,0,COLLECTING,0,,0,,,,,10,56,98,30,60,0.9998384869567685,0.24494897427831783
2026-08-31T22:00:38.658,124877906,P016,normal_pressure,VALID,,,,208,4429717,113472,119825,109083.98,111292.98,4388.02,8532.02,7933.1,3764.51,False,False,nan,True,0.7182,93.02,96.81,True,0,COLLECTING,0,,0,,,,,10,56,98,30,60,0.9998384869567685,0.24494897427831783
2026-08-31T22:00:38.671,124877921,P016,normal_pressure,VALID,,,,209,4429757,113411,119771,109170.52,111462.54,4240.48,8308.46,8026.94,3849.76,False,False,nan,True,0.7182,93.02,96.81,True,0,COLLECTING,0,,0,,,,,10,56,98,30,60,0.9998384869567685,0.24494897427831783
2026-08-31T22:00:38.680,124877937,P016,normal_pressure,VALID,,,,210,4429797,113344,119688,109253.99,111627.05,4090.01,8060.95,8035.45,3933.48,False,False,nan,True,0.7182,93.02,96.81,True,0,COLLECTING,0,,0,,,,,10,56,98,30,60,0.9998384869567685,0.24494897427831783
2026-08-31T22:00:38.701,124877953,P016,normal_pressure,VALID,,,,211,4429837,113304,119608,109334.99,111786.66,3969.01,7821.34,7981.92,4014.45,True,False,nan,True,0.7182,93.02,96.81,True,0,COLLECTING,0,,0,,,,,10,56,98,30,60,0.9998384869567685,0.24494897427831783
2026-08-31T22:00:38.847,124878093,P016,normal_pressure,VALID,,,,212,4429877,113267,119575,109413.63,111942.43,3853.37,7632.57,7894.58,4092.05,False,False,nan,True,0.7182,93.02,96.81,True,0,COLLECTING,0,,0,,,,,10,56,98,30,60,0.9998384869567685,0.24494897427831783
2026-08-31T22:00:38.857,124878109,P016,normal_pressure,VALID,,,,213,4429917,113171,119376,109488.78,112091.1,3682.22,7284.9,7742.16,4165.05,False,False,nan,True,0.7182,93.02,96.81,True,0,COLLECTING,0,,0,,,,,10,56,98,30,60,0.9998384869567685,0.24494897427831783
2026-08-31T22:00:38.869,124878125,P016,normal_pressure,VALID,,,,214,4429957,113041,119080,109559.83,112230.88,3481.17,6849.12,7518.9,4232.13,False,False,nan,True,0.7182,93.02,96.81,True,0,COLLECTING,0,,0,,,,,10,56,98,30,60,0.9998384869567685,0.24494897427831783
2026-08-31T22:00:38.878,124878125,P016,normal_pressure,VALID,,,,215,4429997,112936,118868,109627.35,112363.62,3308.65,6504.38,7265.27,4292.79,False,False,nan,True,0.7182,93.02,96.81,True,0,COLLECTING,0,,0,,,,,10,56,98,30,60,0.9998384869567685,0.24494897427831783
2026-08-31T22:00:38.902,124878156,P016,normal_pressure,VALID,,,,216,4430037,112848,118726,109691.77,112490.88,3156.23,6235.12,7007.73,4347.09,False,False,nan,True,0.7182,93.02,96.81,True,0,COLLECTING,0,,0,,,,,10,56,98,30,60,0.9998384869567685,0.24494897427831783
2026-08-31T22:00:39.049,124878296,P016,normal_pressure,VALID,,,,217,4430087,112806,118626,109754.05,112613.58,3051.95,6012.42,6758.9,4395.33,False,False,nan,True,0.7182,93.02,96.81,True,0,COLLECTING,0,,0,,,,,10,56,98,30,60,1.000266964365014,0.24494897427831783
2026-08-31T22:00:39.059,124878312,P016,normal_pressure,VALID,,,,218,4430127,112872,118732,109816.41,112735.95,3055.59,5996.05,6568.19,4438.78,False,False,nan,True,0.7182,93.02,96.81,True,0,COLLECTING,0,,0,,,,,10,56,98,30,60,1.000266964365014,0.24494897427831783
2026-08-31T22:00:39.069,124878328,P016,normal_pressure,VALID,,,,219,4430157,113005,118954,109880.18,112860.3,3124.82,6093.7,6449.57,4479.0,False,False,nan,True,0.7182,93.02,96.81,True,0,COLLECTING,0,,0,,,,,10,56,98,30,60,1.000266964365014,0.24494897427831783
2026-08-31T22:00:39.077,124878328,P016,normal_pressure,VALID,,,,220,4430207,113147,119122,109945.52,112985.54,3201.48,6136.46,6371.29,4516.84,False,False,nan,True,0.7182,93.02,96.81,True,0,COLLECTING,0,,0,,,,,10,56,98,30,60,1.000266964365014,0.24494897427831783
2026-08-31T22:00:39.111,124878359,P016,normal_pressure,VALID,,,,221,4430247,113257,119313,110011.74,113112.09,3245.26,6200.91,6328.7,4553.08,False,False,nan,True,0.7182,93.02,96.81,True,0,COLLECTING,0,,0,,,,,10,56,98,30,60,1.000266964365014,0.24494897427831783
2026-08-31T22:00:39.245,124878500,P016,normal_pressure,VALID,,,,222,4430287,113387,119508,110079.25,113240.01,3307.75,6267.99,6313.52,4588.29,False,False,nan,True,0.7182,93.02,96.81,True,0,COLLECTING,0,,0,,,,,10,56,98,30,60,0.9998384869567685,0.24494897427831783
2026-08-31T22:00:39.260,124878515,P016,normal_pressure,VALID,,,,223,4430327,113482,119618,110147.3,113367.57,3334.7,6250.43,6297.75,4622.48,False,False,nan,True,0.7182,93.02,96.81,True,0,COLLECTING,0,,0,,,,,10,56,98,30,60,0.9998384869567685,0.24494897427831783
2026-08-31T22:00:39.269,124878515,P016,normal_pressure,VALID,,,,224,4430367,113522,119740,110214.8,113495.02,3307.2,6244.98,6284.56,4655.72,False,False,nan,True,0.7182,93.02,96.81,True,0,COLLECTING,0,,0,,,,,10,56,98,30,60,0.9998384869567685,0.24494897427831783
2026-08-31T22:00:39.278,124878531,P016,normal_pressure,VALID,,,,225,4430407,113517,119721,110280.84,113619.54,3236.16,6101.46,6238.78,4687.38,False,False,nan,True,0.7182,93.02,96.81,True,0,COLLECTING,0,,0,,,,,10,56,98,30,60,0.9998384869567685,0.24494897427831783
2026-08-31T22:00:39.312,124878562,P016,normal_pressure,VALID,,,,226,4430447,113396,119549,110343.15,113738.12,3052.85,5810.88,6131.81,4716.27,False,False,nan,True,0.7182,93.02,96.81,True,0,COLLECTING,0,,0,,,,,10,56,98,30,60,0.9998384869567685,0.24494897427831783
2026-08-31T22:00:39.447,124878703,P016,normal_pressure,VALID,,,,227,4430487,113098,119073,110398.24,113844.82,2699.76,5228.18,5905.9,4740.06,False,False,nan,True,0.7182,93.02,96.81,True,0,COLLECTING,0,,0,,,,,10,56,98,30,60,0.9998384869567685,0.24494897427831783
2026-08-31T22:00:39.457,124878703,P016,normal_pressure,VALID,,,,228,4430527,112617,118244,110442.62,113932.8,2174.38,4311.2,5507.22,4755.41,False,False,nan,True,0.7182,93.02,96.81,True,0,COLLECTING,0,,0,,,,,10,56,98,30,60,0.9998384869567685,0.24494897427831783
2026-08-31T22:00:39.469,124878718,P016,normal_pressure,VALID,,,,229,4430567,112242,117444,110478.6,114003.03,1763.4,3440.97,4990.66,4760.11,False,False,nan,True,0.7182,93.02,96.81,True,0,COLLECTING,0,,0,,,,,10,56,98,30,60,0.9998384869567685,0.24494897427831783
2026-08-31T22:00:39.477,124878734,P016,normal_pressure,VALID,,,,230,4430607,112063,117160,110510.29,114066.17,1552.71,3093.83,4516.45,4755.24,False,False,nan,True,0.7182,93.02,96.81,True,0,COLLECTING,0,,0,,,,,10,56,98,30,60,0.9998384869567685,0.24494897427831783
2026-08-31T22:00:39.512,124878765,P016,normal_pressure,VALID,,,,231,4430647,112029,117106,110540.66,114126.97,1488.34,2979.03,4132.1,4742.78,False,False,nan,True,0.7182,93.02,96.81,True,0,COLLECTING,0,,0,,,,,10,56,98,30,60,0.9998384869567685,0.24494897427831783
2026-08-31T22:00:39.646,124878890,P016,normal_pressure,VALID,,,,232,4430687,111965,117023,110569.15,114184.89,1395.85,2838.11,3808.6,4724.09,False,False,nan,True,0.7182,93.02,96.81,True,0,COLLECTING,0,,0,,,,,10,56,98,30,60,0.9998384869567685,0.24494897427831783
2026-08-31T22:00:39.659,124878906,P016,normal_pressure,VALID,,,,233,4430727,111784,116654,110593.45,114234.27,1190.55,2419.73,3461.38,4698.84,False,False,nan,True,0.7182,93.02,96.81,True,0,COLLECTING,0,,0,,,,,10,56,98,30,60,0.9998384869567685,0.24494897427831783
2026-08-31T22:00:39.682,124878937,P016,normal_pressure,VALID,,,,234,4430767,111461,116042,110610.8,114270.43,850.2,1771.57,3038.93,4665.64,False,False,nan,True,0.7182,93.02,96.81,True,0,COLLECTING,0,,0,,,,,10,56,98,30,60,0.9998384869567685,0.24494897427831783
2026-08-31T22:00:39.685,124878937,P016,normal_pressure,VALID,,,,235,4430807,111129,115363,110621.16,114292.28,507.84,1070.72,2546.88,4623.26,False,False,nan,True,0.7182,93.02,96.81,True,0,COLLECTING,0,,0,,,,,10,56,98,30,60,0.9998384869567685,0.24494897427831783
2026-08-31T22:00:39.710,124878968,P016,normal_pressure,VALID,,,,236,4430847,110937,114966,110627.48,114305.76,309.52,660.24,2075.22,4572.3,False,False,nan,True,0.7182,93.02,96.81,True,0,COLLECTING,0,,0,,,,,10,56,98,30,60,0.9998384869567685,0.24494897427831783
2026-08-31T22:00:39.848,124879093,P016,normal_pressure,VALID,,,,237,4430887,110983,115091,110634.59,114321.46,348.41,769.54,1748.8,4515.83,False,False,nan,True,0.7182,93.02,96.81,True,0,COLLECTING,0,,0,,,,,10,56,98,30,60,0.9998384869567685,0.24494897427831783
2026-08-31T22:00:39.857,124879109,P016,normal_pressure,VALID,,,,238,4430927,111231,115519,110646.52,114345.41,584.48,1173.59,1605.0,4457.62,False,False,nan,True,0.7182,93.02,96.81,True,0,COLLECTING,0,,0,,,,,10,56,98,30,60,0.9998384869567685,0.24494897427831783
2026-08-31T22:00:39.869,124879125,P016,normal_pressure,VALID,,,,239,4430967,111437,116014,110662.34,114378.79,774.66,1635.21,1612.55,4400.71,False,False,nan,True,0.7182,93.02,96.81,True,0,COLLECTING,0,,0,,,,,10,56,98,30,60,0.9998384869567685,0.24494897427831783
2026-08-31T22:00:39.877,124879125,P016,normal_pressure,VALID,,,,240,4431007,111599,116315,110681.07,114417.52,917.93,1897.48,1683.78,4346.38,False,False,nan,True,0.7182,93.02,96.81,True,0,COLLECTING,0,,0,,,,,10,56,98,30,60,0.9998384869567685,0.24494897427831783
2026-08-31T22:00:39.910,124879156,P016,normal_pressure,VALID,,,,241,4431047,111598,116325,110699.41,114455.66,898.59,1869.34,1730.17,4294.05,False,False,nan,True,0.7182,93.02,96.81,True,0,COLLECTING,0,,0,,,,,10,56,98,30,60,0.9998384869567685,0.24494897427831783
2026-08-31T22:00:40.049,124879296,P016,normal_pressure,VALID,,,,242,4431087,111264,115725,110710.7,114481.05,553.3,1243.95,1608.62,4240.34,True,True,1250.0,True,0.7,86.18,96.81,True,0,COLLECTING,0,,0,,,,,10,56,98,30,60,0.9998384869567685,0.24494897427831783
2026-08-31T22:00:40.058,124879312,P016,normal_pressure,VALID,,,,243,4431127,110698,114671,110710.45,114484.84,-12.45,186.16,1253.0,4180.6,False,False,nan,True,0.7,86.18,96.81,True,0,COLLECTING,0,,0,,,,,10,56,98,30,60,0.9998384869567685,0.24494897427831783
2026-08-31T22:00:40.072,124879328,P016,normal_pressure,VALID,,,,244,4431167,110291,113778,110702.05,114470.7,-411.05,-692.7,766.58,4112.32,False,False,nan,True,0.7,86.18,96.81,True,0,COLLECTING,0,,0,,,,,10,56,98,30,60,0.9998384869567685,0.24494897427831783
2026-08-31T22:00:40.082,124879328,P016,normal_pressure,VALID,,,,245,4431207,110014,113324,110688.3,114447.77,-674.3,-1123.77,293.99,4035.95,False,False,nan,True,0.7,86.18,96.81,True,0,COLLECTING,0,,0,,,,,10,56,98,30,60,0.9998384869567685,0.24494897427831783
2026-08-31T22:00:40.111,124879359,P016,normal_pressure,VALID,,,,246,4431247,110050,113328,110675.53,114425.37,-625.53,-1097.37,-53.85,3956.31,False,False,nan,True,0.7,86.18,96.81,True,0,COLLECTING,0,,0,,,,,10,56,98,30,60,0.9998384869567685,0.24494897427831783
2026-08-31T22:00:40.247,124879500,P016,normal_pressure,VALID,,,,247,4431287,110122,113474,110664.46,114406.34,-542.46,-932.34,-273.47,3882.65,False,False,nan,True,0.7,86.18,96.81,True,0,COLLECTING,0,,0,,,,,10,56,98,30,60,0.9998384869567685,0.24494897427831783
2026-08-31T22:00:40.258,124879515,P016,normal_pressure,VALID,,,,248,4431327,110444,114009,110660.05,114398.4,-216.05,-389.4,-302.45,3811.05,False,False,nan,True,0.7,86.18,96.81,True,0,COLLECTING,0,,0,,,,,10,56,98,30,60,0.9998384869567685,0.24494897427831783
2026-08-31T22:00:40.272,124879515,P016,normal_pressure,VALID,,,,249,4431367,110924,115159,110665.34,114413.61,258.66,745.39,-40.49,3735.64,False,False,nan,True,0.7,86.18,96.81,True,0,COLLECTING,0,,0,,,,,10,56,98,30,60,0.9998384869567685,0.24494897427831783
2026-08-31T22:00:40.279,124879531,P016,normal_pressure,VALID,,,,250,4431407,111557,116406,110683.17,114453.46,873.83,1952.54,457.77,3670.08,False,False,nan,True,0.7,86.18,96.81,True,0,COLLECTING,0,,0,,,,,10,56,98,30,60,0.9998384869567685,0.24494897427831783
2026-08-31T22:00:40.312,124879562,P016,normal_pressure,VALID,,,,251,4431447,111773,116848,110704.97,114501.35,1068.03,2346.65,929.99,3615.28,False,False,nan,True,0.7,86.18,96.81,True,0,COLLECTING,0,,0,,,,,10,56,98,30,60,0.9998384869567685,0.24494897427831783
2026-08-31T22:00:40.447,124879703,P016,normal_pressure,VALID,,,,252,4431487,111875,117049,110728.37,114552.3,1146.63,2496.7,1321.66,3569.4,False,False,nan,True,0.7,86.18,96.81,True,0,COLLECTING,0,,0,,,,,10,56,98,30,60,0.9998384869567685,0.24494897427831783
2026-08-31T22:00:40.458,124879703,P016,normal_pressure,VALID,,,,253,4431527,111982,117202,110753.44,114605.3,1228.56,2596.7,1640.42,3530.82,False,False,nan,True,0.7,86.18,96.81,True,0,COLLECTING,0,,0,,,,,10,56,98,30,60,0.9998384869567685,0.24494897427831783
2026-08-31T22:00:40.470,124879718,P016,normal_pressure,VALID,,,,254,4431567,112042,117316,110779.21,114659.51,1262.79,2656.49,1894.44,3498.1,False,False,nan,True,0.7,86.18,96.81,True,0,COLLECTING,0,,0,,,,,10,56,98,30,60,0.9998384869567685,0.24494897427831783
2026-08-31T22:00:40.477,124879734,P016,normal_pressure,VALID,,,,255,4431607,111938,117208,110802.38,114710.48,1135.62,2497.52,2045.21,3469.04,False,False,nan,True,0.7,86.18,96.81,True,0,COLLECTING,0,,0,,,,,10,56,98,30,60,0.9998384869567685,0.24494897427831783
2026-08-31T22:00:40.510,124879765,P016,normal_pressure,VALID,,,,256,4431647,111757,116822,110821.48,114752.7,935.52,2069.3,2051.23,3440.68,False,False,nan,True,0.7,86.18,96.81,True,0,COLLECTING,0,,0,,,,,10,56,98,30,60,0.9998384869567685,0.24494897427831783
2026-08-31T22:00:40.645,124879890,P016,normal_pressure,VALID,,,,257,4431687,111443,116115,110833.91,114779.95,609.09,1335.05,1872.19,3409.31,True,True,600.0,True,0.7,90.74,96.81,True,0,COLLECTING,0,,0,,,,,10,56,98,30,60,0.9997009552861296,0.24494897427831783
2026-08-31T22:00:40.657,124879906,P016,normal_pressure,VALID,,,,258,4431727,111274,115678,110842.71,114797.91,431.29,880.09,1624.16,3373.61,False,False,nan,True,0.7,90.74,96.81,True,0,COLLECTING,0,,0,,,,,10,56,98,30,60,0.9997009552861296,0.24494897427831783
2026-08-31T22:00:40.670,124879921,P016,normal_pressure,VALID,,,,259,4431767,111293,115814,110851.72,114818.23,441.28,995.77,1467.07,3335.48,False,False,nan,True,0.7,90.74,96.81,True,0,COLLECTING,0,,0,,,,,10,56,98,30,60,0.9997009552861296,0.24494897427831783
2026-08-31T22:00:40.678,124879921,P016,normal_pressure,VALID,,,,260,4431807,111495,116174,110864.59,114845.34,630.41,1328.66,1432.46,3297.42,False,False,nan,True,0.7,90.74,96.81,True,0,COLLECTING,0,,0,,,,,10,56,98,30,60,0.9997009552861296,0.24494897427831783
2026-08-31T22:00:40.710,124879968,P016,normal_pressure,VALID,,,,261,4431847,111697,116620,110881.23,114880.84,815.77,1739.16,1509.14,3261.65,False,False,nan,True,0.7,90.74,96.81,True,0,COLLECTING,0,,0,,,,,10,56,98,30,60,0.9997009552861296,0.24494897427831783
2026-08-31T22:00:40.847,124880093,P016,normal_pressure,VALID,,,,262,4431887,112190,117540,110907.41,114934.02,1282.59,2605.98,1783.35,3232.09,False,False,nan,True,0.7,90.74,96.81,True,0,COLLECTING,0,,0,,,,,11,56,98,30,60,0.9998384869567685,0.24494897427831783
2026-08-31T22:00:40.857,124880109,P016,normal_pressure,VALID,,,,263,4431927,112774,118595,110944.73,115007.23,1829.27,3587.77,2234.45,3212.13,False,False,nan,True,0.7,90.74,96.81,True,0,COLLECTING,0,,0,,,,,11,56,98,30,60,0.9998384869567685,0.24494897427831783
2026-08-31T22:00:40.870,124880125,P016,normal_pressure,VALID,,,,264,4431967,113243,119456,110990.7,115096.21,2252.3,4359.79,2765.79,3203.21,False,False,nan,True,0.7,90.74,96.81,True,0,COLLECTING,0,,0,,,,,11,56,98,30,60,0.9998384869567685,0.24494897427831783
2026-08-31T22:00:40.877,124880125,P016,normal_pressure,VALID,,,,265,4432007,113711,120267,111045.11,115199.62,2665.89,5067.38,3341.18,3205.97,False,False,nan,True,0.7,90.74,96.81,True,0,COLLECTING,0,,0,,,,,11,56,98,30,60,0.9998384869567685,0.24494897427831783
2026-08-31T22:00:40.910,124880156,P016,normal_pressure,VALID,,,,266,4432047,114058,120898,111105.37,115313.59,2952.63,5584.41,3901.99,3219.89,False,False,nan,True,0.7,90.74,96.81,True,0,COLLECTING,0,,0,,,,,11,56,98,30,60,0.9998384869567685,0.24494897427831783
2026-08-31T22:00:41.046,124880296,P016,normal_pressure,VALID,,,,267,4432087,114292,121322,111169.1,115433.77,3122.9,5888.23,4398.55,3243.46,False,False,nan,True,0.7,90.74,96.81,True,0,COLLECTING,0,,0,,,,,11,56,98,30,60,1.000266964365014,0.24494897427831783
2026-08-31T22:00:41.059,124880312,P016,normal_pressure,VALID,,,,268,4432127,114447,121586,111234.66,115556.81,3212.34,6029.19,4806.21,3274.72,False,False,nan,True,0.7,90.74,96.81,True,0,COLLECTING,0,,0,,,,,11,56,98,30,60,1.000266964365014,0.24494897427831783
2026-08-31T22:00:41.071,124880328,P016,normal_pressure,VALID,,,,269,4432167,114489,121724,111299.74,115680.16,3189.26,6043.84,5115.62,3311.53,False,False,nan,True,0.7,90.74,96.81,True,0,COLLECTING,0,,0,,,,,11,56,98,30,60,1.000266964365014,0.24494897427831783
2026-08-31T22:00:41.077,124880328,P016,normal_pressure,VALID,,,,270,4432207,114505,121673,111363.84,115800.02,3141.16,5872.98,5304.96,3351.4,False,False,nan,True,0.7,90.74,96.81,True,0,COLLECTING,0,,0,,,,,11,56,98,30,60,1.000266964365014,0.24494897427831783
2026-08-31T22:00:41.110,124880359,P016,normal_pressure,VALID,,,,271,4432247,114377,121413,111424.11,115912.27,2952.89,5500.73,5353.9,3391.45,False,False,nan,True,0.7,90.74,96.81,True,0,COLLECTING,0,,0,,,,,11,56,98,30,60,1.000266964365014,0.24494897427831783
2026-08-31T22:00:41.246,124880500,P016,normal_pressure,VALID,,,,272,4432287,114325,121317,111482.12,116020.37,2842.88,5296.63,5339.58,3430.41,True,True,600.0,True,0.7,88.07,96.81,True,0,COLLECTING,0,,0,,,,,11,56,98,30,60,0.9998384869567685,0.24494897427831783
2026-08-31T22:00:41.258,124880515,P016,normal_pressure,VALID,,,,273,4432327,114327,121392,111539.02,116127.8,2787.98,5264.2,5320.74,3468.22,False,False,nan,True,0.7,88.07,96.81,True,0,COLLECTING,0,,0,,,,,11,56,98,30,60,0.9998384869567685,0.24494897427831783
2026-08-31T22:00:41.269,124880515,P016,normal_pressure,VALID,,,,274,4432367,114407,121528,111596.38,116235.8,2810.62,5292.2,5313.6,3505.13,False,False,nan,True,0.7,88.07,96.81,True,0,COLLECTING,0,,0,,,,,11,56,98,30,60,0.9998384869567685,0.24494897427831783
2026-08-31T22:00:41.278,124880531,P016,normal_pressure,VALID,,,,275,4432407,114422,121652,111652.9,116344.12,2769.1,5307.88,5312.17,3541.27,False,False,nan,True,0.7,88.07,96.81,True,0,COLLECTING,0,,0,,,,,11,56,98,30,60,0.9998384869567685,0.24494897427831783
2026-08-31T22:00:41.310,124880562,P016,normal_pressure,VALID,,,,276,4432447,114459,121683,111709.02,116450.91,2749.98,5232.09,5292.15,3576.29,False,False,nan,True,0.7,88.07,96.81,True,0,COLLECTING,0,,0,,,,,11,56,98,30,60,0.9998384869567685,0.24494897427831783
2026-08-31T22:00:41.446,124880703,P016,normal_pressure,VALID,,,,277,4432487,114442,121703,111763.68,116555.95,2678.32,5147.05,5255.88,3609.88,False,False,nan,True,0.7,88.07,96.81,True,0,IRREGULAR,1,0.78,0,740.8,292.0,418.3,0.64,12,62,99,30,60,0.9998384869567685,0.24494897427831783
2026-08-31T22:00:41.458,124880703,P016,normal_pressure,VALID,,,,278,4432527,114525,121796,111818.91,116660.75,2706.09,5135.25,5225.72,3642.2,False,False,nan,True,0.7,88.07,96.81,True,0,IRREGULAR,1,0.78,0,740.8,292.0,418.3,0.64,12,62,99,30,60,0.9998384869567685,0.24494897427831783
2026-08-31T22:00:41.469,124880718,P016,normal_pressure,VALID,,,,279,4432567,114579,121903,111874.11,116765.59,2704.89,5137.41,5203.64,3673.43,False,False,nan,True,0.7,88.07,96.81,True,0,IRREGULAR,1,0.78,0,740.8,292.0,418.3,0.64,12,62,99,30,60,0.9998384869567685,0.24494897427831783
2026-08-31T22:00:41.478,124880734,P016,normal_pressure,VALID,,,,280,4432607,114656,122030,111929.75,116870.88,2726.25,5159.12,5192.51,3703.81,False,False,nan,True,0.7,88.07,96.81,True,0,IRREGULAR,1,0.78,0,740.8,292.0,418.3,0.64,12,62,99,30,60,0.9998384869567685,0.24494897427831783
2026-08-31T22:00:41.511,124880765,P016,normal_pressure,VALID,,,,281,4432647,114520,122148,111981.55,116976.42,2538.45,5171.58,5187.28,3733.48,False,False,nan,True,0.7,88.07,96.81,True,0,IRREGULAR,1,0.78,0,740.8,292.0,418.3,0.64,12,62,99,30,60,0.9998384869567685,0.24494897427831783
2026-08-31T22:00:41.646,124880890,P016,normal_pressure,VALID,,,,282,4432687,114479,122261,112031.5,117082.12,2447.5,5178.88,5185.18,3762.51,False,False,nan,True,0.7,88.07,96.81,True,0,IRREGULAR,1,0.78,0,740.8,292.0,418.3,0.64,12,62,99,30,60,0.9998384869567685,0.24494897427831783
2026-08-31T22:00:41.658,124880906,P016,normal_pressure,VALID,,,,283,4432727,114571,122358,112082.29,117187.63,2488.71,5170.37,5181.48,3790.89,False,False,nan,True,0.7,88.07,96.81,True,0,IRREGULAR,1,0.78,0,740.8,292.0,418.3,0.64,12,62,99,30,60,0.9998384869567685,0.24494897427831783
2026-08-31T22:00:41.672,124880921,P016,normal_pressure,VALID,,,,284,4432767,114539,122314,112131.42,117290.16,2407.58,5023.84,5142.07,3817.91,False,False,nan,True,0.7,88.07,96.81,True,0,IRREGULAR,1,0.78,0,740.8,292.0,418.3,0.64,12,62,99,30,60,0.9998384869567685,0.24494897427831783
2026-08-31T22:00:41.680,124880937,P016,normal_pressure,VALID,,,,285,4432807,114446,122054,112177.71,117385.43,2268.29,4668.57,5023.69,3842.03,False,False,nan,True,0.7,88.07,96.81,True,0,IRREGULAR,1,0.78,0,740.8,292.0,418.3,0.64,12,62,99,30,60,0.9998384869567685,0.24494897427831783
2026-08-31T22:00:41.711,124880968,P016,normal_pressure,VALID,,,,286,4432847,114354,121896,112221.23,117475.64,2132.77,4420.36,4872.86,3862.65,False,False,nan,True,0.7,88.07,96.81,True,0,IRREGULAR,1,0.78,0,740.8,292.0,418.3,0.64,12,62,99,30,60,0.9998384869567685,0.24494897427831783
2026-08-31T22:00:41.846,124881093,P016,normal_pressure,VALID,,,,287,4432887,114356,121936,112263.93,117564.85,2092.07,4371.15,4747.43,3880.34,False,False,nan,True,0.7,88.07,96.81,True,0,IRREGULAR,1,0.78,0,740.8,292.0,418.3,0.64,12,62,99,30,60,0.9998384869567685,0.24494897427831783
2026-08-31T22:00:41.858,124881109,P016,normal_pressure,VALID,,,,288,4432927,114429,122061,112307.23,117654.77,2121.77,4406.23,4662.13,3895.98,False,False,nan,True,0.7,88.07,96.81,True,0,IRREGULAR,1,0.78,0,740.8,292.0,418.3,0.64,12,62,99,30,60,0.9998384869567685,0.24494897427831783
2026-08-31T22:00:41.869,124881125,P016,normal_pressure,VALID,,,,289,4432967,114448,122146,112350.05,117744.6,2097.95,4401.4,4596.95,3910.0,False,False,nan,True,0.7,88.07,96.81,True,0,IRREGULAR,1,0.78,0,740.8,292.0,418.3,0.64,12,62,99,30,60,0.9998384869567685,0.24494897427831783
2026-08-31T22:00:41.878,124881125,P016,normal_pressure,VALID,,,,290,4433007,114458,122162,112392.2,117832.95,2065.8,4329.05,4529.97,3922.4,False,False,nan,True,0.7,88.07,96.81,True,0,IRREGULAR,1,0.78,0,740.8,292.0,418.3,0.64,12,62,99,30,60,0.9998384869567685,0.24494897427831783
2026-08-31T22:00:41.912,124881156,P016,normal_pressure,VALID,,,,291,4433047,114411,122058,112432.58,117917.45,1978.42,4140.55,4432.62,3932.6,False,False,nan,True,0.7,88.07,96.81,True,0,IRREGULAR,1,0.78,0,740.8,292.0,418.3,0.64,12,62,99,30,60,0.9998384869567685,0.24494897427831783
2026-08-31T22:00:42.045,124881296,P016,normal_pressure,VALID,,,,292,4433087,114328,121908,112470.48,117997.27,1857.52,3910.73,4302.15,3939.99,False,False,nan,True,0.7,88.07,96.81,True,0,IRREGULAR,1,0.78,0,740.8,292.0,418.3,0.64,12,62,99,30,60,0.9998384869567685,0.24494897427831783
2026-08-31T22:00:42.058,124881312,P016,normal_pressure,VALID,,,,293,4433127,114219,121763,112505.45,118072.58,1713.55,3690.42,4149.21,3944.18,False,False,nan,True,0.7,88.07,96.81,True,0,IRREGULAR,1,0.78,0,740.8,292.0,418.3,0.64,12,62,99,30,60,0.9998384869567685,0.24494897427831783
2026-08-31T22:00:42.071,124881328,P016,normal_pressure,VALID,,,,294,4433167,114189,121714,112539.12,118145.41,1649.88,3568.59,4004.06,3945.37,False,False,nan,True,0.7,88.07,96.81,True,0,IRREGULAR,1,0.78,0,740.8,292.0,418.3,0.64,12,62,99,30,60,0.9998384869567685,0.24494897427831783
2026-08-31T22:00:42.079,124881328,P016,normal_pressure,VALID,,,,295,4433207,114193,121701,112572.2,118216.52,1620.8,3484.48,3874.17,3943.95,False,False,nan,True,0.7,88.07,96.81,True,0,IRREGULAR,1,0.78,0,740.8,292.0,418.3,0.64,12,62,99,30,60,0.9998384869567685,0.24494897427831783
2026-08-31T22:00:42.110,124881359,P016,normal_pressure,VALID,,,,296,4433247,114195,121721,112604.66,118286.6,1590.34,3434.4,3764.22,3940.35,False,False,nan,True,0.7,88.07,96.81,True,0,IRREGULAR,1,0.78,0,740.8,292.0,418.3,0.64,12,62,99,30,60,0.9998384869567685,0.24494897427831783
2026-08-31T22:00:42.248,124881500,P016,normal_pressure,VALID,,,,297,4433287,114206,121749,112636.68,118355.85,1569.32,3393.15,3671.46,3934.98,False,False,nan,True,0.7,88.07,96.81,True,0,IRREGULAR,1,0.78,0,740.8,292.0,418.3,0.64,12,62,99,30,60,0.9998384869567685,0.24494897427831783
2026-08-31T22:00:42.258,124881515,P016,normal_pressure,VALID,,,,298,4433327,114207,121746,112668.09,118423.66,1538.91,3322.34,3584.18,3927.96,False,False,nan,True,0.7,88.07,96.81,True,0,IRREGULAR,1,0.78,0,740.8,292.0,418.3,0.64,12,62,99,30,60,0.9998384869567685,0.24494897427831783
2026-08-31T22:00:42.270,124881515,P016,normal_pressure,VALID,,,,299,4433367,114106,121527,112696.84,118485.73,1409.16,3041.27,3448.45,3918.37,False,False,nan,True,0.7,88.07,96.81,True,0,IRREGULAR,1,0.78,0,740.8,292.0,418.3,0.64,12,62,99,30,60,0.9998384869567685,0.24494897427831783
2026-08-31T22:00:42.278,124881531,P016,normal_pressure,VALID,,,,300,4433407,113936,121160,112721.62,118539.21,1214.38,2620.79,3241.54,3904.83,False,False,nan,True,0.7,88.07,96.81,True,0,IRREGULAR,1,0.78,0,740.8,292.0,418.3,0.64,12,62,99,30,60,0.9998384869567685,0.24494897427831783
2026-08-31T22:00:42.311,124881562,P016,normal_pressure,VALID,,,,301,4433447,113877,121087,112744.73,118590.16,1132.27,2496.84,3055.36,3887.84,False,False,nan,True,0.7,88.07,96.49,True,0,IRREGULAR,1,0.78,0,740.8,292.0,418.3,0.64,12,62,99,30,60,0.9998384869567685,0.24494897427831783
2026-08-31T22:00:42.447,124881703,P016,normal_pressure,VALID,,,,302,4433487,113911,121175,112768.06,118641.86,1142.94,2533.14,2924.81,3868.58,False,False,nan,True,0.7,88.07,96.49,True,0,IRREGULAR,1,0.78,0,740.8,292.0,418.3,0.64,12,62,99,30,60,0.9998384869567685,0.24494897427831783
2026-08-31T22:00:42.459,124881703,P016,normal_pressure,VALID,,,,303,4433527,113931,121273,112791.32,118694.48,1139.68,2578.52,2838.23,3847.98,False,False,nan,True,0.7,88.07,96.49,True,0,IRREGULAR,1,0.78,0,740.8,292.0,418.3,0.64,12,62,99,30,60,0.9998384869567685,0.24494897427831783
2026-08-31T22:00:42.470,124881718,P016,normal_pressure,VALID,,,,304,4433567,113951,121307,112814.52,118746.73,1136.48,2560.27,2768.74,3826.39,False,False,nan,True,0.7,88.07,96.49,True,0,IRREGULAR,1,0.78,0,740.8,292.0,418.3,0.64,12,62,99,30,60,0.9998384869567685,0.24494897427831783
2026-08-31T22:00:42.477,124881734,P016,normal_pressure,VALID,,,,305,4433607,113859,121145,112835.41,118794.7,1023.59,2350.3,2664.13,3803.15,False,False,nan,True,0.7,88.07,96.49,True,0,IRREGULAR,1,0.78,0,740.8,292.0,418.3,0.64,12,62,99,30,60,0.9998384869567685,0.24494897427831783
2026-08-31T22:00:42.511,124881765,P016,normal_pressure,VALID,,,,306,4433647,113762,120971,112853.94,118838.23,908.06,2132.77,2531.29,3777.71,False,False,nan,True,0.7,88.07,96.49,True,0,IRREGULAR,1,0.78,0,740.8,292.0,418.3,0.64,12,62,99,30,60,0.9998384869567685,0.24494897427831783
2026-08-31T22:00:42.650,124881906,P016,normal_pressure,VALID,,,,307,4433687,113713,120902,112871.12,118879.5,841.88,2022.5,2404.09,3750.24,False,False,nan,True,0.7,88.07,96.49,True,0,IRREGULAR,1,0.78,0,740.8,292.0,418.3,0.64,12,62,99,30,60,0.9998384869567685,0.24494897427831783
2026-08-31T22:00:42.660,124881906,P016,normal_pressure,VALID,,,,308,4433727,113716,120918,112888.02,118920.27,827.98,1997.73,2302.5,3721.28,False,False,nan,True,0.7,88.07,96.49,True,0,IRREGULAR,1,0.78,0,740.8,292.0,418.3,0.64,12,62,99,30,60,0.9998384869567685,0.24494897427831783
2026-08-31T22:00:42.681,124881937,P016,normal_pressure,VALID,,,,309,4433767,113708,120930,112904.41,118960.47,803.59,1969.53,2219.26,3691.24,False,False,nan,True,0.7,88.07,96.49,True,0,IRREGULAR,1,0.78,0,740.8,292.0,418.3,0.64,12,62,99,30,60,0.9998384869567685,0.24494897427831783
2026-08-31T22:00:42.685,124881937,P016,normal_pressure,VALID,,,,310,4433807,113707,120940,112920.47,119000.06,786.53,1939.94,2149.43,3660.41,False,False,nan,True,0.7,88.07,96.49,True,0,IRREGULAR,1,0.78,0,740.8,292.0,418.3,0.64,12,62,99,30,60,0.9998384869567685,0.24494897427831783
2026-08-31T22:00:42.711,124881968,P016,normal_pressure,VALID,,,,311,4433847,113694,120930,112935.94,119038.66,758.06,1891.34,2084.91,3628.9,False,False,nan,True,0.7,88.07,96.49,True,0,IRREGULAR,1,0.78,0,740.8,292.0,418.3,0.64,12,62,99,30,60,0.9998384869567685,0.24494897427831783
2026-08-31T22:00:42.847,124882093,P016,normal_pressure,VALID,,,,312,4433887,113704,120947,112951.3,119076.83,752.7,1870.17,2031.22,3596.94,False,False,nan,True,0.7,88.07,96.49,True,0,IRREGULAR,1,0.78,0,740.8,292.0,418.3,0.64,12,62,99,30,60,0.9998384869567685,0.24494897427831783
2026-08-31T22:00:42.857,124882109,P016,normal_pressure,VALID,,,,313,4433927,113696,120928,112966.19,119113.85,729.81,1814.15,1976.95,3564.54,False,False,nan,True,0.7,88.07,96.49,True,0,IRREGULAR,1,0.78,0,740.8,292.0,418.3,0.64,12,62,99,30,60,0.9998384869567685,0.24494897427831783
2026-08-31T22:00:42.869,124882125,P016,normal_pressure,VALID,,,,314,4433967,113537,120609,112977.6,119143.76,559.4,1465.24,1849.03,3530.23,False,False,nan,True,0.7,88.07,96.49,True,0,IRREGULAR,1,0.78,0,740.8,292.0,418.3,0.64,12,62,99,30,60,0.9998384869567685,0.24494897427831783
2026-08-31T22:00:42.878,124882125,P016,normal_pressure,VALID,,,,315,4434007,113271,120102,112983.47,119162.92,287.53,939.08,1621.54,3492.06,False,False,nan,True,0.7,88.07,96.49,True,0,IRREGULAR,1,0.78,0,740.8,292.0,418.3,0.64,12,62,99,30,60,0.9998384869567685,0.24494897427831783
2026-08-31T22:00:42.911,124882156,P016,normal_pressure,VALID,,,,316,4434047,113180,119939,112987.4,119178.45,192.6,760.55,1406.29,3450.34,False,False,nan,True,0.7,88.07,96.49,True,0,IRREGULAR,1,0.78,0,740.8,292.0,418.3,0.64,12,62,99,30,60,0.9998384869567685,0.24494897427831783
2026-08-31T22:00:43.046,124882296,P016,normal_pressure,VALID,,,,317,4434087,113188,119982,112991.41,119194.52,196.59,787.48,1251.59,3406.37,False,False,nan,True,0.7,88.07,96.49,True,0,COLLECTING,0,,0,,,,,11,62,99,30,60,0.9998384869567685,0.24494897427831783
2026-08-31T22:00:43.058,124882312,P016,normal_pressure,VALID,,,,318,4434127,113171,119997,112995.01,119210.56,175.99,786.44,1135.3,3360.95,False,False,nan,True,0.7,88.07,96.49,True,0,COLLECTING,0,,0,,,,,11,62,99,30,60,0.9998384869567685,0.24494897427831783
2026-08-31T22:00:43.071,124882328,P016,normal_pressure,VALID,,,,319,4434167,113174,120006,112998.59,119226.47,175.41,779.53,1046.36,3314.66,False,False,nan,True,0.7,88.07,96.49,True,0,COLLECTING,0,,0,,,,,11,62,99,30,60,0.9998384869567685,0.24494897427831783
2026-08-31T22:00:43.079,124882328,P016,normal_pressure,VALID,,,,320,4434207,113151,119962,113001.63,119241.18,149.37,720.82,964.97,3267.66,False,False,nan,True,0.7,88.07,96.49,True,0,COLLECTING,0,,0,,,,,11,62,99,30,60,0.9998384869567685,0.24494897427831783
2026-08-31T22:00:43.111,124882359,P016,normal_pressure,VALID,,,,321,4434247,113104,119866,113003.68,119253.68,100.32,612.32,876.81,3219.84,False,False,nan,True,0.7,88.07,96.49,True,0,COLLECTING,0,,0,,,,,11,62,99,30,60,0.9998384869567685,0.24494897427831783
2026-08-31T22:00:43.247,124882500,P016,normal_pressure,VALID,,,,322,4434287,113064,119804,113004.88,119264.69,59.12,539.31,792.44,3171.3,False,False,nan,True,0.7,88.07,96.49,True,0,COLLECTING,0,,0,,,,,11,62,99,30,60,0.9998384869567685,0.24494897427831783
2026-08-31T22:00:43.257,124882515,P016,normal_pressure,VALID,,,,323,4434327,112992,119715,113004.62,119273.7,-12.62,441.3,704.65,3121.96,False,False,nan,True,0.7,88.07,96.49,True,0,COLLECTING,0,,0,,,,,11,62,99,30,60,0.9998384869567685,0.24494897427831783
2026-08-31T22:00:43.265,124882515,P016,normal_pressure,VALID,,,,324,4434367,112958,119664,113003.7,119281.5,-45.7,382.5,624.12,3072.01,False,False,nan,True,0.7,88.07,96.49,True,0,COLLECTING,0,,0,,,,,11,62,99,30,60,0.9998384869567685,0.24494897427831783
2026-08-31T22:00:43.277,124882531,P016,normal_pressure,VALID,,,,325,4434407,112978,119704,113003.18,119289.95,-25.18,414.05,571.6,3022.0,False,False,nan,True,0.7,88.07,96.49,True,0,COLLECTING,0,,0,,,,,11,62,99,30,60,0.9998384869567685,0.24494897427831783
2026-08-31T22:00:43.311,124882562,P016,normal_pressure,VALID,,,,326,4434447,113027,119803,113003.66,119300.21,23.34,502.79,554.4,2972.65,False,False,nan,True,0.7,88.07,96.49,True,0,COLLECTING,0,,0,,,,,11,62,99,30,60,0.9998384869567685,0.24494897427831783
2026-08-31T22:00:43.447,124882703,P016,normal_pressure,VALID,,,,327,4434487,113049,119848,113004.56,119311.16,44.44,536.84,550.01,2924.19,False,False,nan,True,0.7,88.07,96.49,True,0,COLLECTING,0,,0,,,,,11,62,99,30,60,0.9998384869567685,0.24494897427831783
2026-08-31T22:00:43.458,124882703,P016,normal_pressure,VALID,,,,328,4434527,113087,119911,113006.21,119323.16,80.79,587.84,559.46,2876.9,False,False,nan,True,0.7,88.07,96.49,True,0,COLLECTING,0,,0,,,,,11,62,99,30,60,0.9998384869567685,0.24494897427831783
2026-08-31T22:00:43.467,124882718,P016,normal_pressure,VALID,,,,329,4434567,113030,119783,113006.69,119332.36,23.31,450.64,532.26,2830.01,False,False,nan,True,0.7,88.07,96.49,True,0,COLLECTING,0,,0,,,,,11,62,99,30,60,0.9998384869567685,0.24494897427831783
2026-08-31T22:00:43.477,124882734,P016,normal_pressure,VALID,,,,330,4434607,112841,119375,113003.38,119333.21,-162.38,41.79,409.64,2781.6,False,False,nan,True,0.7,88.07,96.49,True,0,COLLECTING,0,,0,,,,,11,62,99,30,60,0.9998384869567685,0.24494897427831783
2026-08-31T22:00:43.511,124882765,P016,normal_pressure,VALID,,,,331,4434647,112704,119120,112997.39,119328.95,-293.39,-208.95,254.99,2731.07,False,False,nan,True,0.7,88.07,96.49,True,0,COLLECTING,0,,0,,,,,11,62,99,30,60,0.9998384869567685,0.24494897427831783
2026-08-31T22:00:43.647,124882890,P016,normal_pressure,VALID,,,,332,4434687,112704,119131,112991.52,119324.98,-287.52,-193.98,142.75,2679.3,False,False,nan,True,0.7,88.07,96.49,True,0,COLLECTING,0,,0,,,,,11,62,99,30,60,1.000266964365014,0.24494897427831783
2026-08-31T22:00:43.658,124882906,P016,normal_pressure,VALID,,,,333,4434727,112761,119281,112986.91,119324.1,-225.91,-43.1,96.29,2627.64,False,False,nan,True,0.7,88.07,96.49,True,0,COLLECTING,0,,0,,,,,11,62,99,30,60,1.000266964365014,0.24494897427831783
2026-08-31T22:00:43.669,124882921,P016,normal_pressure,VALID,,,,334,4434767,112809,119377,112983.36,119325.16,-174.36,51.84,85.18,2576.79,False,False,nan,True,0.7,88.07,96.49,True,0,COLLECTING,0,,0,,,,,11,62,99,30,60,1.000266964365014,0.24494897427831783
2026-08-31T22:00:43.678,124882921,P016,normal_pressure,VALID,,,,335,4434807,112735,119244,112978.39,119323.53,-243.39,-79.53,44.0,2526.14,False,False,nan,True,0.7,88.07,96.49,True,0,COLLECTING,0,,0,,,,,11,62,99,30,60,1.000266964365014,0.24494897427831783
2026-08-31T22:00:43.710,124882968,P016,normal_pressure,VALID,,,,336,4434847,112649,119082,112971.8,119318.7,-322.8,-236.7,-26.18,2476.14,False,False,nan,True,0.7,88.07,96.49,True,0,COLLECTING,0,,0,,,,,11,62,99,30,60,1.000266964365014,0.24494897427831783
2026-08-31T22:00:43.847,124883093,P016,normal_pressure,VALID,,,,337,4434887,112640,119065,112965.17,119313.63,-325.17,-248.63,-81.79,2428.25,False,False,nan,True,0.7,88.07,96.49,True,0,COLLECTING,0,,0,,,,,11,62,99,30,60,0.9998384869567685,0.24494897427831783
2026-08-31T22:00:43.857,124883109,P016,normal_pressure,VALID,,,,338,4434927,112663,119125,112959.12,119309.86,-296.12,-184.86,-107.56,2381.84,False,False,nan,True,0.7,88.07,96.49,True,0,COLLECTING,0,,0,,,,,11,62,99,30,60,0.9998384869567685,0.24494897427831783
2026-08-31T22:00:43.870,124883125,P016,normal_pressure,VALID,,,,339,4434967,112636,119098,112952.66,119305.62,-316.66,-207.62,-132.57,2336.85,False,False,nan,True,0.7,88.07,96.49,True,0,COLLECTING,0,,0,,,,,11,62,99,30,60,0.9998384869567685,0.24494897427831783
2026-08-31T22:00:43.878,124883125,P016,normal_pressure,VALID,,,,340,4435007,112665,119162,112946.91,119302.75,-281.91,-140.75,-134.62,2292.81,False,False,nan,True,0.7,88.07,96.49,True,0,COLLECTING,0,,0,,,,,11,62,99,30,60,0.9998384869567685,0.24494897427831783
2026-08-31T22:00:43.910,124883156,P016,normal_pressure,VALID,,,,341,4435047,112678,119209,112941.54,119300.88,-263.54,-91.88,-123.93,2249.43,False,False,nan,True,0.7,88.07,96.49,True,0,COLLECTING,0,,0,,,,,11,62,99,30,60,0.9998384869567685,0.24494897427831783
2026-08-31T22:00:44.046,124883296,P016,normal_pressure,VALID,,,,342,4435087,112707,119260,112936.85,119300.05,-229.85,-40.05,-102.96,2206.5,False,False,nan,True,0.7,88.07,96.49,True,0,COLLECTING,0,,0,,,,,10,62,99,30,60,0.9998384869567685,0.24494897427831783
2026-08-31T22:00:44.057,124883312,P016,normal_pressure,VALID,,,,343,4435127,112681,119249,112931.73,119299.03,-250.73,-50.03,-89.73,2164.16,False,False,nan,True,0.7,88.07,96.49,True,0,COLLECTING,0,,0,,,,,10,62,99,30,60,0.9998384869567685,0.24494897427831783
2026-08-31T22:00:44.070,124883328,P016,normal_pressure,VALID,,,,344,4435167,112602,119123,112925.14,119295.51,-323.14,-172.51,-110.42,2123.09,False,False,nan,True,0.7,88.07,96.49,True,0,COLLECTING,0,,0,,,,,10,62,99,30,60,0.9998384869567685,0.24494897427831783
2026-08-31T22:00:44.077,124883328,P016,normal_pressure,VALID,,,,345,4435207,112432,118786,112915.28,119285.32,-483.28,-499.32,-207.65,2084.78,False,False,nan,True,0.7,88.07,96.49,True,0,COLLECTING,0,,0,,,,,10,62,99,30,60,0.9998384869567685,0.24494897427831783
2026-08-31T22:00:44.111,124883359,P016,normal_pressure,VALID,,,,346,4435247,112198,118291,112900.94,119265.44,-702.94,-974.44,-399.35,2051.07,False,False,nan,True,0.7,88.07,96.49,True,0,COLLECTING,0,,0,,,,,10,62,99,30,60,0.9998384869567685,0.24494897427831783
2026-08-31T22:00:44.245,124883500,P016,normal_pressure,VALID,,,,347,4435287,112056,118004,112884.04,119240.21,-828.04,-1236.21,-608.56,2022.22,False,False,nan,True,0.7,88.07,96.49,True,0,COLLECTING,0,,0,,,,,10,62,99,30,60,0.9998384869567685,0.24494897427831783
2026-08-31T22:00:44.258,124883515,P016,normal_pressure,VALID,,,,348,4435327,112056,117969,112867.48,119214.79,-811.48,-1245.79,-767.87,1997.13,False,False,nan,True,0.7,88.07,96.49,True,0,COLLECTING,0,,0,,,,,10,62,99,30,60,0.9998384869567685,0.24494897427831783
2026-08-31T22:00:44.271,124883515,P016,normal_pressure,VALID,,,,349,4435367,112060,118025,112851.33,119190.99,-791.33,-1165.99,-867.4,1974.54,False,False,nan,True,0.7,88.07,96.49,True,0,COLLECTING,0,,0,,,,,10,62,99,30,60,0.9998384869567685,0.24494897427831783
2026-08-31T22:00:44.279,124883531,P016,normal_pressure,VALID,,,,350,4435407,112064,118053,112835.58,119168.23,-771.58,-1115.23,-929.36,1953.64,False,False,nan,True,0.7,88.07,96.49,True,0,COLLECTING,0,,0,,,,,10,62,99,30,60,0.9998384869567685,0.24494897427831783
2026-08-31T22:00:44.311,124883562,P016,normal_pressure,VALID,,,,351,4435447,112006,117976,112818.98,119144.39,-812.98,-1168.39,-989.12,1934.35,False,False,nan,True,0.7,88.07,96.49,True,0,COLLECTING,0,,0,,,,,10,62,99,30,60,0.9998384869567685,0.24494897427831783
2026-08-31T22:00:44.445,124883703,P016,normal_pressure,VALID,,,,352,4435487,111836,117648,112799.33,119114.46,-963.33,-1466.46,-1108.45,1917.83,False,False,nan,True,0.7,88.07,96.49,True,0,COLLECTING,0,,0,,,,,10,62,99,30,60,0.9998384869567685,0.24494897427831783
2026-08-31T22:00:44.457,124883703,P016,normal_pressure,VALID,,,,353,4435527,111603,117216,112775.4,119076.49,-1172.4,-1860.49,-1296.46,1905.4,False,False,nan,True,0.7,88.07,96.49,True,0,COLLECTING,0,,0,,,,,10,62,99,30,60,0.9998384869567685,0.24494897427831783
2026-08-31T22:00:44.469,124883718,P016,normal_pressure,VALID,,,,354,4435567,111367,116798,112747.23,119030.92,-1380.23,-2232.92,-1530.58,1897.9,False,False,nan,True,0.7,88.07,96.49,True,0,COLLECTING,0,,0,,,,,10,62,99,30,60,0.9998384869567685,0.24494897427831783
2026-08-31T22:00:44.479,124883734,P016,normal_pressure,VALID,,,,355,4435607,111160,116430,112715.49,118978.91,-1555.49,-2548.91,-1785.16,1895.65,False,False,nan,True,0.7,88.07,96.49,True,0,COLLECTING,0,,0,,,,,10,62,99,30,60,0.9998384869567685,0.24494897427831783
2026-08-31T22:00:44.511,124883765,P016,normal_pressure,VALID,,,,356,4435647,111141,116387,112684.0,118927.07,-1543.0,-2540.07,-1973.89,1897.21,False,False,nan,True,0.7,88.07,96.49,True,0,COLLECTING,0,,0,,,,,10,62,99,30,60,0.9998384869567685,0.24494897427831783
2026-08-31T22:00:44.645,124883890,P016,normal_pressure,VALID,,,,357,4435687,111168,116435,112653.68,118877.23,-1485.68,-2442.23,-2090.97,1901.09,False,False,nan,True,0.7,88.07,96.49,True,0,COLLECTING,0,,0,,,,,10,62,99,30,60,0.9998384869567685,0.24494897427831783
2026-08-31T22:00:44.658,124883906,P016,normal_pressure,VALID,,,,358,4435727,111241,116554,112625.43,118830.77,-1384.43,-2276.77,-2137.42,1905.82,False,False,nan,True,0.7,88.07,96.49,True,0,COLLECTING,0,,0,,,,,10,62,99,30,60,0.9998384869567685,0.24494897427831783
2026-08-31T22:00:44.669,124883921,P016,normal_pressure,VALID,,,,359,4435767,111272,116636,112598.36,118786.87,-1326.36,-2150.87,-2140.78,1910.51,False,False,nan,True,0.7,88.07,96.49,True,0,COLLECTING,0,,0,,,,,10,62,99,30,60,0.9998384869567685,0.24494897427831783
2026-08-31T22:00:44.679,124883921,P016,normal_pressure,VALID,,,,360,4435807,111316,116709,112572.71,118745.31,-1256.71,-2036.31,-2114.66,1914.6,False,False,nan,True,0.7,88.07,96.49,True,0,COLLECTING,0,,0,,,,,10,62,99,30,60,0.9998384869567685,0.24494897427831783
2026-08-31T22:00:44.711,124883968,P016,normal_pressure,VALID,,,,361,4435847,111405,116889,112549.36,118708.19,-1144.36,-1819.19,-2040.8,1917.12,False,False,nan,True,0.7,88.07,96.49,True,0,COLLECTING,0,,0,,,,,10,62,99,30,60,0.9998384869567685,0.24494897427831783
2026-08-31T22:00:44.846,124884093,P016,normal_pressure,VALID,,,,362,4435887,111373,116761,112525.84,118669.24,-1152.84,-1908.24,-2007.66,1918.93,False,False,nan,True,0.7,88.07,96.49,True,0,COLLECTING,0,,0,,,,,9,62,99,30,60,0.9998384869567685,0.24494897427831783
2026-08-31T22:00:44.857,124884109,P016,normal_pressure,VALID,,,,363,4435927,111283,116509,112500.98,118626.04,-1217.98,-2117.04,-2035.0,1921.25,False,False,nan,True,0.7,88.07,96.49,True,0,COLLECTING,0,,0,,,,,9,62,99,30,60,0.9998384869567685,0.24494897427831783
2026-08-31T22:00:44.869,124884125,P016,normal_pressure,VALID,,,,364,4435967,111287,116520,112476.7,118583.92,-1189.7,-2063.92,-2042.23,1923.67,False,False,nan,True,0.7,88.07,96.49,True,0,COLLECTING,0,,0,,,,,9,62,99,30,60,0.9998384869567685,0.24494897427831783
2026-08-31T22:00:44.878,124884125,P016,normal_pressure,VALID,,,,365,4436007,111499,116926,112457.14,118550.77,-958.14,-1624.77,-1937.87,1923.96,False,False,nan,True,0.7,88.07,96.49,True,0,COLLECTING,0,,0,,,,,9,62,99,30,60,0.9998384869567685,0.24494897427831783
2026-08-31T22:00:44.912,124884156,P016,normal_pressure,VALID,,,,366,4436047,111815,117555,112444.3,118530.85,-629.3,-975.85,-1697.36,1919.43,False,False,nan,True,0.7,88.07,96.49,True,0,COLLECTING,0,,0,,,,,9,62,99,30,60,0.9998384869567685,0.24494897427831783
2026-08-31T22:00:45.045,124884296,P016,normal_pressure,VALID,,,,367,4436087,112040,117991,112436.21,118520.05,-396.21,-529.05,-1405.29,1909.14,False,False,nan,True,0.7,88.07,96.49,True,0,COLLECTING,0,,0,,,,,9,62,99,30,60,0.9998384869567685,0.24494897427831783
2026-08-31T22:00:45.058,124884312,P016,normal_pressure,VALID,,,,368,4436127,112134,118179,112430.16,118513.23,-296.16,-334.23,-1137.52,1893.71,False,False,nan,True,0.7,88.07,96.49,True,0,COLLECTING,0,,0,,,,,9,62,99,30,60,0.9998384869567685,0.24494897427831783
2026-08-31T22:00:45.069,124884312,P016,normal_pressure,VALID,,,,369,4436167,112112,118156,112423.8,118506.09,-311.8,-350.09,-940.66,1874.65,False,False,nan,True,0.7,88.07,96.49,True,0,COLLECTING,0,,0,,,,,9,62,99,30,60,0.9998384869567685,0.24494897427831783
2026-08-31T22:00:45.078,124884328,P016,normal_pressure,VALID,,,,370,4436207,112090,118094,112417.12,118497.84,-327.12,-403.84,-806.46,1853.29,False,False,nan,True,0.7,88.07,96.49,True,0,COLLECTING,0,,0,,,,,9,62,99,30,60,0.9998384869567685,0.24494897427831783
2026-08-31T22:00:45.110,124884359,P016,normal_pressure,VALID,,,,371,4436247,112147,118211,112411.72,118492.11,-264.72,-281.11,-675.12,1829.72,False,False,nan,True,0.7,88.07,96.49,True,0,COLLECTING,0,,0,,,,,9,62,99,30,60,0.9998384869567685,0.24494897427831783
2026-08-31T22:00:45.246,124884500,P016,normal_pressure,VALID,,,,372,4436287,112230,118382,112408.09,118489.91,-178.09,-107.91,-533.32,1803.79,False,False,nan,True,0.7,88.07,96.49,True,0,COLLECTING,0,,0,,,,,9,62,99,30,60,0.9998384869567685,0.24494897427831783
2026-08-31T22:00:45.257,124884515,P016,normal_pressure,VALID,,,,373,4436327,112292,118503,112405.77,118490.17,-113.77,12.83,-396.78,1775.65,False,False,nan,True,0.7,88.07,96.49,True,0,COLLECTING,0,,0,,,,,9,62,99,30,60,0.9998384869567685,0.24494897427831783
2026-08-31T22:00:45.269,124884515,P016,normal_pressure,VALID,,,,374,4436367,112351,118623,112404.67,118492.83,-53.67,130.17,-265.04,1745.44,False,False,nan,True,0.7,88.07,96.49,True,0,COLLECTING,0,,0,,,,,9,62,99,30,60,0.9998384869567685,0.24494897427831783
2026-08-31T22:00:45.278,124884531,P016,normal_pressure,VALID,,,,375,4436407,112458,118808,112405.74,118499.13,52.26,308.87,-121.57,1712.96,False,False,nan,True,0.7,88.07,96.49,True,0,COLLECTING,0,,0,,,,,9,62,99,30,60,0.9998384869567685,0.24494897427831783
2026-08-31T22:00:45.311,124884562,P016,normal_pressure,VALID,,,,376,4436447,112517,118931,112407.97,118507.77,109.03,423.23,14.63,1679.0,False,False,nan,True,0.7,88.07,96.49,True,0,COLLECTING,0,,0,,,,,9,62,99,30,60,0.9998384869567685,0.24494897427831783
2026-08-31T22:00:45.446,124884703,P016,normal_pressure,VALID,,,,377,4436487,112605,119093,112411.91,118519.48,193.09,573.52,154.36,1648.5,False,False,nan,True,0.7,88.07,96.49,True,0,COLLECTING,0,,0,,,,,9,62,99,30,60,0.9998384869567685,0.24494897427831783
2026-08-31T22:00:45.458,124884703,P016,normal_pressure,VALID,,,,378,4436527,112632,119131,112416.3,118531.7,215.7,599.3,265.59,1620.85,False,False,nan,True,0.7,88.07,96.49,True,0,COLLECTING,0,,0,,,,,9,62,99,30,60,0.9998384869567685,0.24494897427831783
2026-08-31T22:00:45.466,124884718,P016,normal_pressure,VALID,,,,379,4436567,112517,118892,112418.32,118538.91,98.68,353.09,287.47,1594.18,False,False,nan,True,0.7,88.07,96.49,True,0,COLLECTING,0,,0,,,,,9,62,99,30,60,0.9998384869567685,0.24494897427831783
2026-08-31T22:00:45.477,124884734,P016,normal_pressure,VALID,,,,380,4436607,112328,118473,112416.52,118537.59,-88.52,-64.59,199.45,1566.28,False,False,nan,True,0.7,88.07,96.49,True,0,COLLECTING,0,,0,,,,,9,62,99,30,60,0.9998384869567685,0.24494897427831783
2026-08-31T22:00:45.510,124884765,P016,normal_pressure,VALID,,,,381,4436647,112280,118366,112413.79,118534.16,-133.79,-168.16,107.55,1537.11,False,False,nan,True,0.7,88.07,96.49,True,0,COLLECTING,0,,0,,,,,9,62,99,30,60,0.9998384869567685,0.24494897427831783
2026-08-31T22:00:45.647,124884890,P016,normal_pressure,VALID,,,,382,4436687,112338,118490,112412.27,118533.27,-74.27,-43.27,69.84,1507.76,False,False,nan,True,0.7,88.07,96.49,True,0,COLLECTING,0,,0,,,,,9,62,99,30,60,0.9998384869567685,0.24494897427831783
2026-08-31T22:00:45.658,124884906,P016,normal_pressure,VALID,,,,383,4436727,112426,118678,112412.55,118536.16,13.45,141.84,87.84,1479.37,False,False,nan,True,0.7,88.07,96.49,True,0,COLLECTING,0,,0,,,,,9,62,99,30,60,0.9998384869567685,0.24494897427831783
2026-08-31T22:00:45.681,124884937,P016,normal_pressure,VALID,,,,384,4436767,112511,118851,112414.52,118542.46,96.48,308.54,143.02,1452.64,False,False,nan,True,0.7,88.07,96.49,True,0,COLLECTING,0,,0,,,,,9,62,99,30,60,0.9998384869567685,0.24494897427831783
2026-08-31T22:00:45.684,124884937,P016,normal_pressure,VALID,,,,385,4436807,112515,118847,112416.52,118548.55,98.48,298.45,181.87,1427.22,False,False,nan,True,0.7,88.07,96.49,True,0,COLLECTING,0,,0,,,,,9,62,99,30,60,0.9998384869567685,0.24494897427831783
2026-08-31T22:00:45.711,124884968,P016,normal_pressure,VALID,,,,386,4436847,112519,118839,112418.57,118554.37,100.43,284.63,207.56,1402.83,False,False,nan,True,0.7,88.07,96.49,True,0,COLLECTING,0,,0,,,,,9,62,99,30,60,0.9998384869567685,0.24494897427831783
2026-08-31T22:00:45.846,124885093,P016,normal_pressure,VALID,,,,387,4436887,112575,118926,112421.7,118561.8,153.3,364.2,246.72,1379.71,False,False,nan,True,0.7,88.07,96.49,True,0,COLLECTING,0,,0,,,,,9,62,99,30,60,0.9998384869567685,0.24494897427831783
2026-08-31T22:00:45.859,124885109,P016,normal_pressure,VALID,,,,388,4436927,112639,119047,112426.04,118571.5,212.96,475.5,303.92,1358.19,False,False,nan,True,0.7,88.07,96.49,True,0,COLLECTING,0,,0,,,,,9,62,99,30,60,0.9998384869567685,0.24494897427831783
2026-08-31T22:00:45.869,124885125,P016,normal_pressure,VALID,,,,389,4436967,112680,119140,112431.12,118582.87,248.88,557.13,367.22,1338.37,False,False,nan,True,0.7,88.07,96.49,True,0,COLLECTING,0,,0,,,,,9,62,99,30,60,0.9998384869567685,0.24494897427831783
2026-08-31T22:00:45.877,124885125,P016,normal_pressure,VALID,,,,390,4437007,112681,119167,112436.12,118594.55,244.88,572.45,418.53,1319.98,False,False,nan,True,0.7,88.07,96.49,True,0,COLLECTING,0,,0,,,,,9,62,99,30,60,0.9998384869567685,0.24494897427831783
2026-08-31T22:00:45.912,124885156,P016,normal_pressure,VALID,,,,391,4437047,112719,119253,112441.77,118607.72,277.23,645.28,475.22,1303.08,False,False,nan,True,0.7,88.07,96.49,True,0,COLLECTING,0,,0,,,,,9,62,99,30,60,0.9998384869567685,0.24494897427831783
2026-08-31T22:00:46.046,124885296,P016,normal_pressure,VALID,,,,392,4437087,112763,119330,112448.2,118622.16,314.8,707.84,533.37,1287.69,False,False,nan,True,0.7,88.07,96.49,True,0,COLLECTING,0,,0,,,,,9,62,99,30,60,0.9998384869567685,0.24494897427831783
2026-08-31T22:00:46.061,124885312,P016,normal_pressure,VALID,,,,393,4437127,112770,119366,112454.63,118637.04,315.37,728.96,582.27,1273.58,False,False,nan,True,0.7,88.07,96.49,True,0,COLLECTING,0,,0,,,,,9,62,99,30,60,0.9998384869567685,0.24494897427831783
2026-08-31T22:00:46.071,124885328,P016,normal_pressure,VALID,,,,394,4437167,112807,119413,112461.68,118652.55,345.32,760.45,626.81,1260.64,False,False,nan,True,0.7,88.07,96.49,True,0,COLLECTING,0,,0,,,,,9,62,99,30,60,0.9998384869567685,0.24494897427831783
2026-08-31T22:00:46.079,124885328,P016,normal_pressure,VALID,,,,395,4437207,112740,119282,112467.24,118665.14,272.76,616.86,624.32,1247.92,True,False,nan,True,0.7,88.07,96.49,True,0,COLLECTING,0,,0,,,,,9,62,99,30,60,0.9998384869567685,0.24494897427831783
2026-08-31T22:00:46.110,124885359,P016,normal_pressure,VALID,,,,396,4437247,112580,118902,112469.5,118669.88,110.5,232.12,526.27,1233.48,False,False,nan,True,0.7,88.07,96.49,True,0,COLLECTING,0,,0,,,,,9,62,99,30,60,0.9998384869567685,0.24494897427831783
2026-08-31T22:00:46.250,124885500,P016,normal_pressure,VALID,,,,397,4437287,112449,118624,112469.09,118668.96,-20.09,-44.96,383.47,1216.48,False,False,nan,True,0.7,88.07,96.49,True,0,COLLECTING,0,,0,,,,,9,62,99,30,60,0.9998384869567685,0.17320508075688776
2026-08-31T22:00:46.261,124885515,P016,normal_pressure,VALID,,,,398,4437327,112428,118602,112468.27,118667.62,-40.27,-65.62,271.19,1197.58,False,False,nan,True,0.7,88.07,96.49,True,0,COLLECTING,0,,0,,,,,9,62,99,30,60,0.9998384869567685,0.17320508075688776
2026-08-31T22:00:46.273,124885531,P016,normal_pressure,VALID,,,,399,4437367,112397,118604,112466.85,118666.35,-69.85,-62.35,187.81,1177.38,False,False,nan,True,0.7,88.07,96.49,True,0,COLLECTING,0,,0,,,,,9,62,99,30,60,0.9998384869567685,0.17320508075688776
2026-08-31T22:00:46.286,124885531,P016,normal_pressure,VALID,,,,400,4437407,112483,118795,112467.17,118668.92,15.83,126.08,172.37,1157.28,False,False,nan,True,0.7,88.07,96.49,True,0,COLLECTING,0,,0,,,,,9,62,99,30,60,0.9998384869567685,0.17320508075688776
2026-08-31T22:00:46.311,124885562,P016,normal_pressure,VALID,,,,401,4437447,112490,118787,112467.62,118671.28,22.38,115.72,158.21,1137.3,False,False,nan,True,0.7,88.07,94.93,True,0,COLLECTING,0,,0,,,,,9,62,99,30,60,0.9998384869567685,0.17320508075688776
2026-08-31T22:00:46.446,124885703,P016,normal_pressure,VALID,,,,402,4437487,112363,118569,112465.53,118669.23,-102.53,-100.23,93.6,1116.43,False,False,nan,True,0.7,88.07,94.93,True,0,COLLECTING,0,,0,,,,,9,62,99,30,60,0.9998384869567685,0.17320508075688776
2026-08-31T22:00:46.457,124885703,P016,normal_pressure,VALID,,,,403,4437527,112364,118546,112463.5,118666.77,-99.5,-120.77,40.01,1094.9,False,False,nan,True,0.7,88.07,94.93,True,0,COLLECTING,0,,0,,,,,9,62,99,30,60,0.9998384869567685,0.17320508075688776
2026-08-31T22:00:46.470,124885718,P016,normal_pressure,VALID,,,,404,4437567,112363,118542,112461.49,118664.28,-98.49,-122.28,-0.57,1073.01,False,False,nan,True,0.7,88.07,94.93,True,0,COLLECTING,0,,0,,,,,9,62,99,30,60,0.9998384869567685,0.17320508075688776
2026-08-31T22:00:46.480,124885734,P016,normal_pressure,VALID,,,,405,4437607,112454,118719,112461.34,118665.38,-7.34,53.62,12.98,1051.81,False,False,nan,True,0.7,88.07,94.93,True,0,COLLECTING,0,,0,,,,,9,62,99,30,60,0.9998384869567685,0.17320508075688776
2026-08-31T22:00:46.521,124885765,P016,normal_pressure,VALID,,,,406,4437657,112556,118927,112463.23,118670.61,92.77,256.39,73.83,1032.25,False,False,nan,True,0.7,88.07,94.93,True,0,COLLECTING,0,,0,,,,,9,62,99,30,60,0.9998384869567685,0.17320508075688776
2026-08-31T22:00:46.650,124885906,P016,normal_pressure,VALID,,,,407,4437697,112683,119112,112467.63,118679.44,215.37,432.56,163.52,1014.88,False,False,nan,True,0.7,88.07,94.93,True,0,COLLECTING,0,,0,,,,,9,62,99,30,60,0.9998384869567685,0.17320508075688776
2026-08-31T22:00:46.662,124885906,P016,normal_pressure,VALID,,,,408,4437727,112784,119322,112473.96,118692.29,310.04,629.71,280.06,1000.18,False,False,nan,True,0.7,88.07,94.93,True,0,COLLECTING,0,,0,,,,,9,62,99,30,60,0.9998384869567685,0.17320508075688776
2026-08-31T22:00:46.672,124885921,P016,normal_pressure,VALID,,,,409,4437777,112824,119364,112480.96,118705.73,343.04,658.27,374.62,987.67,False,False,nan,True,0.7,88.07,94.93,True,0,COLLECTING,0,,0,,,,,9,62,99,30,60,0.9998384869567685,0.17320508075688776
2026-08-31T22:00:46.683,124885937,P016,normal_pressure,VALID,,,,410,4437807,112821,119409,112487.76,118719.79,333.24,689.21,453.27,976.98,False,False,nan,True,0.7,88.07,94.93,True,0,COLLECTING,0,,0,,,,,9,62,99,30,60,0.9998384869567685,0.17320508075688776
2026-08-31T22:00:46.721,124885968,P016,normal_pressure,VALID,,,,411,4437857,112706,119175,112492.12,118728.89,213.88,446.11,451.48,966.47,True,True,640.0,True,0.7,87.43,94.93,True,0,COLLECTING,0,,0,,,,,9,62,99,30,60,0.9998384869567685,0.17320508075688776
2026-08-31T22:00:46.845,124886093,P016,normal_pressure,VALID,,,,412,4437897,112467,118645,112491.62,118727.21,-24.62,-82.21,318.05,953.5,False,False,nan,True,0.7,87.43,94.93,True,0,COLLECTING,0,,0,,,,,10,62,99,30,60,0.9998384869567685,0.24494897427831783
2026-08-31T22:00:46.859,124886109,P016,normal_pressure,VALID,,,,413,4437927,112321,118391,112488.21,118720.48,-167.21,-329.48,156.17,937.56,False,False,nan,True,0.7,87.43,94.93,True,0,COLLECTING,0,,0,,,,,10,62,99,30,60,0.9998384869567685,0.24494897427831783
2026-08-31T22:00:46.871,124886125,P016,normal_pressure,VALID,,,,414,4437977,112306,118324,112484.57,118712.55,-178.57,-388.55,19.99,919.2,False,False,nan,True,0.7,87.43,94.93,True,0,COLLECTING,0,,0,,,,,10,62,99,30,60,0.9998384869567685,0.24494897427831783
2026-08-31T22:00:46.879,124886125,P016,normal_pressure,VALID,,,,415,4438017,112334,118421,112481.56,118706.73,-147.56,-285.73,-56.44,901.95,False,False,nan,True,0.7,87.43,94.93,True,0,COLLECTING,0,,0,,,,,10,62,99,30,60,0.9998384869567685,0.24494897427831783
2026-08-31T22:00:46.920,124886171,P016,normal_pressure,VALID,,,,416,4438057,112391,118553,112479.75,118703.65,-88.75,-150.65,-79.99,885.51,False,False,nan,True,0.7,87.43,94.93,True,0,COLLECTING,0,,0,,,,,10,62,99,30,60,0.9998384869567685,0.24494897427831783
2026-08-31T22:00:47.045,124886296,P016,normal_pressure,VALID,,,,417,4438097,112415,118634,112478.45,118702.26,-63.45,-68.26,-77.06,869.34,False,False,nan,True,0.7,87.43,94.93,True,0,COLLECTING,0,,0,,,,,10,62,99,30,60,0.9998384869567685,0.24494897427831783
2026-08-31T22:00:47.058,124886312,P016,normal_pressure,VALID,,,,418,4438137,112393,118591,112476.74,118700.03,-83.74,-109.03,-85.05,853.66,False,False,nan,True,0.7,87.43,94.93,True,0,COLLECTING,0,,0,,,,,10,62,99,30,60,0.9998384869567685,0.24494897427831783
2026-08-31T22:00:47.067,124886312,P016,normal_pressure,VALID,,,,419,4438177,112401,118558,112475.23,118697.19,-74.23,-139.19,-98.59,838.55,False,False,nan,True,0.7,87.43,94.93,True,0,COLLECTING,0,,0,,,,,10,62,99,30,60,0.9998384869567685,0.24494897427831783
2026-08-31T22:00:47.078,124886328,P016,normal_pressure,VALID,,,,420,4438217,112408,118600,112473.88,118695.24,-65.88,-95.24,-97.75,823.74,False,False,nan,True,0.7,87.43,94.93,True,0,COLLECTING,0,,0,,,,,10,62,99,30,60,0.9998384869567685,0.24494897427831783
2026-08-31T22:00:47.121,124886375,P016,normal_pressure,VALID,,,,421,4438257,112465,118712,112473.7,118695.58,-8.7,16.42,-69.21,808.65,False,False,nan,True,0.7,87.43,94.93,True,0,COLLECTING,0,,0,,,,,10,62,99,30,60,0.9998384869567685,0.24494897427831783
2026-08-31T22:00:47.247,124886500,P016,normal_pressure,VALID,,,,422,4438297,112517,118851,112474.57,118698.69,42.43,152.31,-13.83,792.75,False,False,nan,True,0.7,87.43,94.93,True,0,COLLECTING,0,,0,,,,,10,62,99,30,60,0.9998384869567685,0.24494897427831783
2026-08-31T22:00:47.257,124886515,P016,normal_pressure,VALID,,,,423,4438337,112552,118855,112476.12,118701.81,75.88,153.19,27.93,777.45,False,False,nan,True,0.7,87.43,94.93,True,0,COLLECTING,0,,0,,,,,10,62,99,30,60,0.9998384869567685,0.24494897427831783
2026-08-31T22:00:47.266,124886515,P016,normal_pressure,VALID,,,,424,4438377,112564,118968,112477.88,118707.13,86.12,260.87,86.16,763.63,False,False,nan,True,0.7,87.43,94.93,True,0,COLLECTING,0,,0,,,,,10,62,99,30,60,0.9998384869567685,0.24494897427831783
2026-08-31T22:00:47.280,124886531,P016,normal_pressure,VALID,,,,425,4438417,112559,118936,112479.5,118711.71,79.5,224.29,120.69,750.77,False,False,nan,True,0.7,87.43,94.93,True,0,COLLECTING,0,,0,,,,,10,62,99,30,60,0.9998384869567685,0.24494897427831783
2026-08-31T22:00:47.320,124886578,P016,normal_pressure,VALID,,,,426,4438457,112536,118896,112480.63,118715.4,55.37,180.6,135.67,738.47,False,False,nan,True,0.7,87.43,94.93,True,0,COLLECTING,0,,0,,,,,10,62,99,30,60,0.9998384869567685,0.24494897427831783
2026-08-31T22:00:47.445,124886703,P016,normal_pressure,VALID,,,,427,4438497,112382,118692,112478.66,118714.93,-96.66,-22.93,96.02,725.62,False,False,nan,True,0.7,87.43,94.93,True,0,COLLECTING,0,,0,,,,,9,62,99,30,60,0.9998384869567685,0.24494897427831783
2026-08-31T22:00:47.457,124886703,P016,normal_pressure,VALID,,,,428,4438537,112144,118145,112471.97,118703.53,-327.97,-558.53,-67.62,712.46,False,False,nan,True,0.7,87.43,94.93,True,0,COLLECTING,0,,0,,,,,9,62,99,30,60,0.9998384869567685,0.24494897427831783
2026-08-31T22:00:47.469,124886718,P016,normal_pressure,VALID,,,,429,4438577,111955,117857,112461.63,118686.6,-506.63,-829.6,-258.11,703.37,False,False,nan,True,0.7,87.43,94.93,True,0,COLLECTING,0,,0,,,,,9,62,99,30,60,0.9998384869567685,0.24494897427831783
2026-08-31T22:00:47.479,124886734,P016,normal_pressure,VALID,,,,430,4438617,111977,117887,112451.94,118670.61,-474.94,-783.61,-389.49,697.09,False,False,nan,True,0.7,87.43,94.93,True,0,COLLECTING,0,,0,,,,,9,62,99,30,60,0.9998384869567685,0.24494897427831783
2026-08-31T22:00:47.520,124886765,P016,normal_pressure,VALID,,,,431,4438657,111981,117950,112442.52,118656.2,-461.52,-706.2,-468.66,692.53,False,False,nan,True,0.7,87.43,94.93,True,0,COLLECTING,0,,0,,,,,9,62,99,30,60,0.9998384869567685,0.24494897427831783
2026-08-31T22:00:47.651,124886906,P016,normal_pressure,VALID,,,,432,4438697,112008,118075,112433.83,118644.57,-425.83,-569.57,-493.89,688.55,False,False,nan,True,0.7,87.43,94.93,True,0,COLLECTING,0,,0,,,,,9,62,99,30,60,0.9998384869567685,0.24494897427831783
2026-08-31T22:00:47.661,124886906,P016,normal_pressure,VALID,,,,433,4438737,111976,117974,112424.67,118631.16,-448.67,-657.16,-534.71,685.48,False,False,nan,True,0.7,87.43,94.93,True,0,COLLECTING,0,,0,,,,,9,62,99,30,60,0.9998384869567685,0.24494897427831783
2026-08-31T22:00:47.670,124886921,P016,normal_pressure,VALID,,,,434,4438777,112006,117993,112416.3,118618.39,-410.3,-625.39,-557.38,682.91,False,False,nan,True,0.7,87.43,94.93,True,0,COLLECTING,0,,0,,,,,9,62,99,30,60,0.9998384869567685,0.24494897427831783
2026-08-31T22:00:47.681,124886937,P016,normal_pressure,VALID,,,,435,4438817,112015,117950,112408.27,118605.02,-393.27,-655.02,-581.79,680.89,False,False,nan,True,0.7,87.43,94.93,True,0,COLLECTING,0,,0,,,,,9,62,99,30,60,0.9998384869567685,0.24494897427831783
2026-08-31T22:00:47.721,124886968,P016,normal_pressure,VALID,,,,436,4438857,112048,118100,112401.07,118594.92,-353.07,-494.92,-560.07,678.48,False,False,nan,True,0.7,87.43,94.93,True,0,COLLECTING,0,,0,,,,,9,62,99,30,60,0.9998384869567685,0.24494897427831783
2026-08-31T22:00:47.846,124887093,P016,normal_pressure,VALID,,,,437,4438897,112086,118165,112394.77,118586.32,-308.77,-421.32,-525.38,675.41,False,False,nan,True,0.7,87.43,94.93,True,0,COLLECTING,0,,0,,,,,9,62,99,30,60,0.9998384869567685,0.24494897427831783
2026-08-31T22:00:47.857,124887109,P016,normal_pressure,VALID,,,,438,4438937,112067,118171,112388.21,118578.02,-321.21,-407.02,-495.79,671.82,False,False,nan,True,0.7,87.43,94.93,True,0,COLLECTING,0,,0,,,,,9,62,99,30,60,0.9998384869567685,0.24494897427831783
2026-08-31T22:00:47.871,124887125,P016,normal_pressure,VALID,,,,439,4438977,112187,118318,112384.19,118572.81,-197.19,-254.81,-435.55,667.1,False,False,nan,True,0.7,87.43,94.93,True,0,COLLECTING,0,,0,,,,,9,62,99,30,60,0.9998384869567685,0.24494897427831783
2026-08-31T22:00:47.881,124887125,P016,normal_pressure,VALID,,,,440,4439017,112165,118335,112379.8,118568.05,-214.8,-233.05,-384.92,661.45,False,False,nan,True,0.7,87.43,94.93,True,0,COLLECTING,0,,0,,,,,9,62,99,30,60,0.9998384869567685,0.24494897427831783
2026-08-31T22:00:47.920,124887171,P016,normal_pressure,VALID,,,,441,4439057,112177,118389,112375.75,118564.48,-198.75,-175.48,-332.56,654.87,False,False,nan,True,0.7,87.43,94.93,True,0,COLLECTING,0,,0,,,,,9,62,99,30,60,0.9998384869567685,0.24494897427831783
2026-08-31T22:00:48.046,124887296,P016,normal_pressure,VALID,,,,442,4439097,112165,118270,112371.53,118558.59,-206.53,-288.59,-321.57,648.21,False,False,nan,True,0.7,87.43,94.93,True,0,COLLECTING,0,,0,,,,,8,62,99,30,60,0.9998384869567685,0.24494897427831783
2026-08-31T22:00:48.057,124887312,P016,normal_pressure,VALID,,,,443,4439137,111998,117930,112364.06,118546.02,-366.06,-616.02,-395.18,643.15,False,False,nan,True,0.7,87.43,94.93,True,0,COLLECTING,0,,0,,,,,8,62,99,30,60,0.9998384869567685,0.24494897427831783
2026-08-31T22:00:48.069,124887312,P016,normal_pressure,VALID,,,,444,4439177,111766,117417,112352.1,118523.44,-586.1,-1106.44,-572.99,641.74,False,False,nan,True,0.7,87.43,94.93,True,0,COLLECTING,0,,0,,,,,8,62,99,30,60,0.9998384869567685,0.24494897427831783
2026-08-31T22:00:48.077,124887328,P016,normal_pressure,VALID,,,,445,4439217,111590,117184,112336.86,118496.65,-746.86,-1312.65,-757.91,644.07,False,False,nan,True,0.7,87.43,94.93,True,0,COLLECTING,0,,0,,,,,8,62,99,30,60,0.9998384869567685,0.24494897427831783
2026-08-31T22:00:48.120,124887375,P016,normal_pressure,VALID,,,,446,4439257,111582,117143,112321.77,118469.58,-739.77,-1326.58,-900.08,649.19,False,False,nan,True,0.7,87.43,94.93,True,0,COLLECTING,0,,0,,,,,8,62,99,30,60,0.9998384869567685,0.24494897427831783
2026-08-31T22:00:48.246,124887500,P016,normal_pressure,VALID,,,,447,4439297,111620,117208,112307.73,118444.34,-687.73,-1236.34,-984.14,655.89,False,False,nan,True,0.7,87.43,94.93,True,0,COLLECTING,0,,0,,,,,8,62,99,30,60,0.9998384869567685,0.24494897427831783
2026-08-31T22:00:48.258,124887515,P016,normal_pressure,VALID,,,,448,4439337,111668,117286,112294.93,118421.18,-626.93,-1135.18,-1021.9,663.21,False,False,nan,True,0.7,87.43,94.93,True,0,COLLECTING,0,,0,,,,,8,62,99,30,60,0.9998384869567685,0.24494897427831783
2026-08-31T22:00:48.269,124887515,P016,normal_pressure,VALID,,,,449,4439377,111652,117335,112282.07,118399.45,-630.07,-1064.45,-1032.54,670.59,False,False,nan,True,0.7,87.43,94.93,True,0,COLLECTING,0,,0,,,,,8,62,99,30,60,0.9998384869567685,0.24494897427831783
2026-08-31T22:00:48.277,124887531,P016,normal_pressure,VALID,,,,450,4439417,111622,117263,112268.87,118376.73,-646.87,-1113.73,-1052.84,678.24,False,False,nan,True,0.7,87.43,94.93,True,0,COLLECTING,0,,0,,,,,8,62,99,30,60,0.9998384869567685,0.24494897427831783
2026-08-31T22:00:48.320,124887578,P016,normal_pressure,VALID,,,,451,4439457,111618,117213,112255.85,118353.45,-637.85,-1140.45,-1074.74,686.17,False,False,nan,True,0.7,87.43,94.93,True,0,COLLECTING,0,,0,,,,,8,62,99,30,60,0.9998384869567685,0.24494897427831783
2026-08-31T22:00:48.447,124887703,P016,normal_pressure,VALID,,,,452,4439497,111613,117191,112242.99,118330.2,-629.99,-1139.2,-1090.86,694.26,False,False,nan,True,0.7,87.43,94.93,True,0,COLLECTING,0,,0,,,,,8,62,99,30,60,0.9998384869567685,0.24494897427831783
2026-08-31T22:00:48.458,124887703,P016,normal_pressure,VALID,,,,453,4439537,111601,117198,112230.16,118307.56,-629.16,-1109.56,-1095.53,702.29,False,False,nan,True,0.7,87.43,94.93,True,0,COLLECTING,0,,0,,,,,8,62,99,30,60,0.9998384869567685,0.24494897427831783
2026-08-31T22:00:48.470,124887718,P016,normal_pressure,VALID,,,,454,4439577,111652,117284,112218.59,118287.09,-566.59,-1003.09,-1072.42,709.69,False,False,nan,True,0.7,87.43,94.93,True,0,COLLECTING,0,,0,,,,,8,62,99,30,60,0.9998384869567685,0.24494897427831783
2026-08-31T22:00:48.479,124887734,P016,normal_pressure,VALID,,,,455,4439617,111618,117303,112206.58,118267.41,-588.58,-964.41,-1045.42,716.41,False,False,nan,True,0.7,87.43,94.93,True,0,COLLECTING,0,,0,,,,,8,62,99,30,60,0.9998384869567685,0.24494897427831783
2026-08-31T22:00:48.521,124887765,P016,normal_pressure,VALID,,,,456,4439657,111652,117319,112195.48,118248.45,-543.48,-929.45,-1016.43,722.41,False,False,nan,True,0.7,87.43,94.93,True,0,COLLECTING,0,,0,,,,,8,62,99,30,60,0.9998384869567685,0.24494897427831783
2026-08-31T22:00:48.646,124887890,P016,normal_pressure,VALID,,,,457,4439697,111589,117266,112183.35,118228.8,-594.35,-962.8,-1003.02,728.02,False,False,nan,True,0.7,87.43,94.93,True,0,COLLECTING,0,,0,,,,,8,62,99,30,60,0.9998384869567685,0.24494897427831783
2026-08-31T22:00:48.658,124887906,P016,normal_pressure,VALID,,,,458,4439737,111637,117315,112172.42,118210.52,-535.42,-895.52,-976.15,732.98,False,False,nan,True,0.7,87.43,94.93,True,0,COLLECTING,0,,0,,,,,8,62,99,30,60,0.9998384869567685,0.24494897427831783
2026-08-31T22:00:48.680,124887937,P016,normal_pressure,VALID,,,,459,4439777,111589,117306,112160.75,118192.43,-571.75,-886.43,-953.72,737.4,False,False,nan,True,0.7,87.43,94.93,True,0,COLLECTING,0,,0,,,,,8,62,99,30,60,0.9998384869567685,0.24494897427831783
2026-08-31T22:00:48.683,124887937,P016,normal_pressure,VALID,,,,460,4439817,111484,116982,112147.22,118168.22,-663.22,-1186.22,-1011.84,742.88,False,False,nan,True,0.7,87.43,94.93,True,0,COLLECTING,0,,0,,,,,8,62,99,30,60,0.9998384869567685,0.24494897427831783
2026-08-31T22:00:48.721,124887968,P016,normal_pressure,VALID,,,,461,4439857,111353,116651,112131.34,118137.88,-778.34,-1486.88,-1130.6,750.64,False,False,nan,True,0.7,87.43,94.93,True,0,COLLECTING,0,,0,,,,,8,62,99,30,60,0.9998384869567685,0.24494897427831783
2026-08-31T22:00:48.846,124888093,P016,normal_pressure,VALID,,,,462,4439897,111283,116524,112114.37,118105.59,-831.37,-1581.59,-1243.35,760.49,False,False,nan,True,0.7,87.43,94.93,True,0,COLLECTING,0,,0,,,,,8,62,99,30,60,0.9998384869567685,0.24494897427831783
2026-08-31T22:00:48.858,124888109,P016,normal_pressure,VALID,,,,463,4439937,111316,116536,112098.4,118074.2,-782.4,-1538.2,-1317.06,771.62,False,False,nan,True,0.7,87.43,94.93,True,0,COLLECTING,0,,0,,,,,8,62,99,30,60,0.9998384869567685,0.24494897427831783
2026-08-31T22:00:48.869,124888125,P016,normal_pressure,VALID,,,,464,4439977,111230,116546,112081.03,118043.64,-851.03,-1497.64,-1362.21,783.44,False,False,nan,True,0.7,87.43,94.93,True,0,COLLECTING,0,,0,,,,,8,62,99,30,60,0.9998384869567685,0.24494897427831783
2026-08-31T22:00:48.878,124888125,P016,normal_pressure,VALID,,,,465,4440017,111207,116441,112063.55,118011.59,-856.55,-1570.59,-1414.3,796.05,False,False,nan,True,0.7,87.43,94.93,True,0,COLLECTING,0,,0,,,,,8,62,99,30,60,0.9998384869567685,0.24494897427831783
2026-08-31T22:00:48.920,124888171,P016,normal_pressure,VALID,,,,466,4440057,111053,116152,112043.34,117974.39,-990.34,-1822.39,-1516.32,810.46,False,False,nan,True,0.7,87.43,94.93,True,0,COLLECTING,0,,0,,,,,8,62,99,30,60,0.9998384869567685,0.24494897427831783
2026-08-31T22:00:49.045,124888296,P016,normal_pressure,VALID,,,,467,4440097,110946,115948,112021.39,117933.86,-1075.39,-1985.86,-1633.71,826.92,False,False,nan,True,0.7,87.43,94.93,True,0,COLLECTING,0,,0,,,,,7,62,99,30,60,0.9998384869567685,0.24494897427831783
2026-08-31T22:00:49.058,124888312,P016,normal_pressure,VALID,,,,468,4440137,110856,115792,111998.09,117891.02,-1142.09,-2099.02,-1750.04,845.39,False,False,nan,True,0.7,87.43,94.93,True,0,COLLECTING,0,,0,,,,,7,62,99,30,60,0.9998384869567685,0.24494897427831783
2026-08-31T22:00:49.068,124888312,P016,normal_pressure,VALID,,,,469,4440177,110907,115782,111976.27,117848.84,-1069.27,-2066.84,-1829.24,865.06,False,False,nan,True,0.7,87.43,94.93,True,0,COLLECTING,0,,0,,,,,7,62,99,30,60,0.9998384869567685,0.24494897427831783
2026-08-31T22:00:49.078,124888328,P016,normal_pressure,VALID,,,,470,4440217,110958,115877,111955.9,117809.41,-997.9,-1932.41,-1855.03,884.86,False,False,nan,True,0.7,87.43,94.93,True,0,COLLECTING,0,,0,,,,,7,62,99,30,60,0.9998384869567685,0.24494897427831783
2026-08-31T22:00:49.121,124888375,P016,normal_pressure,VALID,,,,471,4440257,110919,115846,111935.16,117770.14,-1016.16,-1924.14,-1872.31,904.61,False,False,nan,True,0.7,87.43,94.93,True,0,COLLECTING,0,,0,,,,,7,62,99,30,60,0.9998384869567685,0.24494897427831783
2026-08-31T22:00:49.245,124888500,P016,normal_pressure,VALID,,,,472,4440297,110879,115772,111914.04,117730.18,-1035.04,-1958.18,-1893.78,924.39,False,False,nan,True,0.7,87.43,94.93,True,0,COLLECTING,0,,0,,,,,7,62,99,30,60,0.9998384869567685,0.17320508075688776
2026-08-31T22:00:49.257,124888515,P016,normal_pressure,VALID,,,,473,4440337,110816,115647,111892.08,117688.52,-1076.08,-2041.52,-1930.71,944.52,False,False,nan,True,0.7,87.43,94.93,True,0,COLLECTING,0,,0,,,,,7,62,99,30,60,0.9998384869567685,0.17320508075688776
2026-08-31T22:00:49.269,124888515,P016,normal_pressure,VALID,,,,474,4440377,110713,115498,111868.5,117644.7,-1155.5,-2146.7,-1984.71,965.32,False,False,nan,True,0.7,87.43,94.93,True,0,COLLECTING,0,,0,,,,,7,62,99,30,60,0.9998384869567685,0.17320508075688776
2026-08-31T22:00:49.278,124888531,P016,normal_pressure,VALID,,,,475,4440417,110638,115348,111843.89,117598.77,-1205.89,-2250.77,-2051.22,987.04,False,False,nan,True,0.7,87.43,94.93,True,0,COLLECTING,0,,0,,,,,7,62,99,30,60,0.9998384869567685,0.17320508075688776
2026-08-31T22:00:49.320,124888578,P016,normal_pressure,VALID,,,,476,4440457,110591,115192,111818.84,117550.63,-1227.84,-2358.63,-2128.08,1009.86,False,False,nan,True,0.7,87.43,94.93,True,0,COLLECTING,0,,0,,,,,7,62,99,30,60,0.9998384869567685,0.17320508075688776
2026-08-31T22:00:49.446,124888703,P016,normal_pressure,VALID,,,,477,4440497,110375,114757,111789.96,117494.76,-1414.96,-2737.76,-2280.5,1035.28,False,False,nan,True,0.7,87.43,94.93,True,0,COLLECTING,0,,0,,,,,6,62,99,30,60,0.9998384869567685,0.24494897427831783
2026-08-31T22:00:49.458,124888703,P016,normal_pressure,VALID,,,,478,4440537,110100,114107,111756.16,117427.0,-1656.16,-3320.0,-2540.37,1065.38,False,False,nan,True,0.7,87.43,94.93,True,0,COLLECTING,0,,0,,,,,6,62,99,30,60,0.9998384869567685,0.24494897427831783
2026-08-31T22:00:49.470,124888718,P016,normal_pressure,VALID,,,,479,4440577,109978,113880,111720.6,117356.06,-1742.6,-3476.06,-2774.29,1099.56,False,False,nan,True,0.7,87.43,94.93,True,0,COLLECTING,0,,0,,,,,6,62,99,30,60,0.9998384869567685,0.24494897427831783
2026-08-31T22:00:49.478,124888734,P016,normal_pressure,VALID,,,,480,4440617,110003,113907,111686.25,117287.08,-1683.25,-3380.08,-2925.74,1136.08,False,False,nan,True,0.7,87.43,94.93,True,0,COLLECTING,0,,0,,,,,6,62,99,30,60,0.9998384869567685,0.24494897427831783
2026-08-31T22:00:49.520,124888765,P016,normal_pressure,VALID,,,,481,4440657,110092,114064,111654.37,117222.62,-1562.37,-3158.62,-2983.96,1173.04,False,False,nan,True,0.7,87.43,94.93,True,0,COLLECTING,0,,0,,,,,6,62,99,30,60,0.9998384869567685,0.24494897427831783
2026-08-31T22:00:49.645,124888890,P016,normal_pressure,VALID,,,,482,4440697,110205,114281,111625.38,117163.78,-1420.38,-2882.78,-2958.67,1208.75,False,False,nan,True,0.7,87.43,94.93,True,0,COLLECTING,0,,0,,,,,6,62,99,30,60,0.9998384869567685,0.24494897427831783
2026-08-31T22:00:49.658,124888906,P016,normal_pressure,VALID,,,,483,4440737,110285,114401,111598.58,117108.52,-1313.58,-2707.52,-2895.88,1242.49,False,False,nan,True,0.7,87.43,94.93,True,0,COLLECTING,0,,0,,,,,6,62,99,30,60,0.9998384869567685,0.24494897427831783
2026-08-31T22:00:49.670,124888921,P016,normal_pressure,VALID,,,,484,4440777,110304,114407,111572.69,117054.49,-1268.69,-2647.49,-2833.78,1274.32,False,False,nan,True,0.7,87.43,94.93,True,0,COLLECTING,0,,0,,,,,6,62,99,30,60,0.9998384869567685,0.24494897427831783
2026-08-31T22:00:49.678,124888921,P016,normal_pressure,VALID,,,,485,4440817,110356,114506,111548.35,117003.52,-1192.35,-2497.52,-2749.72,1303.83,False,False,nan,True,0.7,87.43,94.93,True,0,COLLECTING,0,,0,,,,,6,62,99,30,60,0.9998384869567685,0.24494897427831783
2026-08-31T22:00:49.721,124888968,P016,normal_pressure,VALID,,,,486,4440857,110416,114623,111525.7,116955.91,-1109.7,-2332.91,-2645.52,1330.66,False,False,nan,True,0.7,87.43,94.93,True,0,COLLECTING,0,,0,,,,,6,62,99,30,60,0.9998384869567685,0.24494897427831783
2026-08-31T22:00:49.846,124889093,P016,normal_pressure,VALID,,,,487,4440897,110468,114748,111504.55,116911.76,-1036.55,-2163.76,-2525.08,1354.55,False,False,nan,True,0.7,87.43,94.93,True,0,COLLECTING,0,,0,,,,,5,62,99,30,60,0.9998384869567685,0.24494897427831783
2026-08-31T22:00:49.857,124889109,P016,normal_pressure,VALID,,,,488,4440937,110624,115031,111486.94,116874.14,-862.94,-1843.14,-2354.59,1374.55,False,False,nan,True,0.7,87.43,94.93,True,0,COLLECTING,0,,0,,,,,5,62,99,30,60,0.9998384869567685,0.24494897427831783
2026-08-31T22:00:49.869,124889125,P016,normal_pressure,VALID,,,,489,4440977,110835,115457,111473.9,116845.8,-638.9,-1388.8,-2113.14,1389.32,False,False,nan,True,0.7,87.43,94.93,True,0,COLLECTING,0,,0,,,,,5,62,99,30,60,0.9998384869567685,0.24494897427831783
2026-08-31T22:00:49.878,124889125,P016,normal_pressure,VALID,,,,490,4441017,111074,115928,111465.9,116827.44,-391.9,-899.44,-1809.72,1397.73,False,False,nan,True,0.7,87.43,94.93,True,0,COLLECTING,0,,0,,,,,5,62,99,30,60,0.9998384869567685,0.24494897427831783
2026-08-31T22:00:49.920,124889171,P016,normal_pressure,VALID,,,,491,4441057,111245,116261,111461.48,116816.11,-216.48,-555.11,-1496.07,1399.7,False,False,nan,True,0.7,87.43,94.93,True,0,COLLECTING,0,,0,,,,,5,62,99,30,60,0.9998384869567685,0.24494897427831783
2026-08-31T22:00:50.046,124889296,P016,normal_pressure,VALID,,,,492,4441097,111324,116416,111458.73,116808.11,-134.73,-392.11,-1220.08,1396.1,False,False,nan,True,0.7,87.43,94.93,True,0,COLLECTING,0,,0,,,,,5,62,99,30,60,0.9998384869567685,0.17320508075688776
2026-08-31T22:00:50.057,124889312,P016,normal_pressure,VALID,,,,493,4441137,111329,116426,111456.14,116800.47,-127.14,-374.47,-1008.67,1388.35,False,False,nan,True,0.7,87.43,94.93,True,0,COLLECTING,0,,0,,,,,5,62,99,30,60,0.9998384869567685,0.17320508075688776
2026-08-31T22:00:50.070,124889328,P016,normal_pressure,VALID,,,,494,4441177,111177,116072,111450.55,116785.9,-273.55,-713.9,-934.98,1379.29,False,False,nan,True,0.7,87.43,94.93,True,0,COLLECTING,0,,0,,,,,5,62,99,30,60,0.9998384869567685,0.17320508075688776
2026-08-31T22:00:50.078,124889328,P016,normal_pressure,VALID,,,,495,4441217,111109,115896,111443.73,116768.1,-334.73,-872.1,-919.26,1370.09,False,False,nan,True,0.7,87.43,94.93,True,0,COLLECTING,0,,0,,,,,5,62,99,30,60,0.9998384869567685,0.17320508075688776
2026-08-31T22:00:50.121,124889375,P016,normal_pressure,VALID,,,,496,4441257,111212,116056,111439.09,116753.86,-227.09,-697.86,-863.91,1359.96,False,False,nan,True,0.7,87.43,94.93,True,0,COLLECTING,0,,0,,,,,5,62,99,30,60,0.9998384869567685,0.17320508075688776
2026-08-31T22:00:50.245,124889500,P016,normal_pressure,VALID,,,,497,4441297,111270,116197,111435.71,116742.72,-165.71,-545.72,-784.36,1348.45,False,False,nan,True,0.7,87.43,94.93,True,0,COLLECTING,0,,0,,,,,5,62,99,30,60,0.9998384869567685,0.17320508075688776
2026-08-31T22:00:50.258,124889515,P016,normal_pressure,VALID,,,,498,4441337,111376,116417,111434.52,116736.2,-58.52,-319.2,-668.07,1334.84,False,False,nan,True,0.7,87.43,94.93,True,0,COLLECTING,0,,0,,,,,5,62,99,30,60,0.9998384869567685,0.17320508075688776
2026-08-31T22:00:50.272,124889515,P016,normal_pressure,VALID,,,,499,4441377,111493,116652,111435.69,116734.52,57.31,-82.52,-521.68,1318.58,False,False,nan,True,0.7,87.43,94.93,True,0,COLLECTING,0,,0,,,,,5,62,99,30,60,0.9998384869567685,0.17320508075688776
2026-08-31T22:00:50.280,124889531,P016,normal_pressure,VALID,,,,500,4441417,111568,116767,111438.34,116735.16,129.66,31.84,-383.3,1299.87,False,False,nan,True,0.7,87.43,94.93,True,0,COLLECTING,0,,0,,,,,5,62,99,30,60,0.9998384869567685,0.17320508075688776
2026-08-31T22:00:50.320,124889578,P016,normal_pressure,VALID,,,,501,4441457,111614,116830,111441.85,116737.06,172.15,92.94,-264.24,1279.16,False,False,nan,True,0.7,87.43,96.52,True,0,COLLECTING,0,,0,,,,,5,62,99,30,60,0.9998384869567685,0.17320508075688776
2026-08-31T22:00:50.447,124889703,P016,normal_pressure,VALID,,,,502,4441497,111647,116915,111445.95,116740.62,201.05,174.38,-154.59,1256.67,False,False,nan,True,0.7,87.43,96.52,True,0,COLLECTING,0,,0,,,,,4,62,99,30,60,0.999976999735494,0.24494897427831783
2026-08-31T22:00:50.458,124889703,P016,normal_pressure,VALID,,,,503,4441537,111762,117146,111452.27,116748.73,309.73,397.27,-16.63,1231.87,False,False,nan,True,0.7,87.43,96.52,True,0,COLLECTING,0,,0,,,,,4,62,99,30,60,0.999976999735494,0.24494897427831783
2026-08-31T22:00:50.471,124889718,P016,normal_pressure,VALID,,,,504,4441577,111859,117343,111460.41,116760.62,398.59,582.38,133.13,1209.9,False,False,nan,True,0.7,87.43,96.52,True,0,COLLECTING,0,,0,,,,,4,62,99,30,60,0.999976999735494,0.24494897427831783
2026-08-31T22:00:50.477,124889734,P016,normal_pressure,VALID,,,,505,4441617,111982,117577,111470.84,116776.95,511.16,800.05,299.86,1191.69,False,False,nan,True,0.7,87.43,96.52,True,0,COLLECTING,0,,0,,,,,4,62,99,30,60,0.999976999735494,0.24494897427831783
2026-08-31T22:00:50.520,124889765,P016,normal_pressure,VALID,,,,506,4441657,112129,117856,111484.0,116798.52,645.0,1057.48,489.26,1177.65,False,False,nan,True,0.7,87.43,96.52,True,0,COLLECTING,0,,0,,,,,4,62,99,30,60,0.999976999735494,0.24494897427831783
2026-08-31T22:00:50.646,124889890,P016,normal_pressure,VALID,,,,507,4441697,112244,118074,111499.2,116824.03,744.8,1249.97,679.44,1167.68,False,False,nan,True,0.7,87.43,96.52,True,0,COLLECTING,0,,0,,,,,4,62,99,30,60,0.9998384869567685,0.17320508075688776
2026-08-31T22:00:50.659,124889906,P016,normal_pressure,VALID,,,,508,4441737,112301,118190,111515.24,116851.35,785.76,1338.65,844.24,1161.21,False,False,nan,True,0.7,87.43,96.52,True,0,COLLECTING,0,,0,,,,,4,62,99,30,60,0.9998384869567685,0.17320508075688776
2026-08-31T22:00:50.669,124889921,P016,normal_pressure,VALID,,,,509,4441777,112293,118134,111530.8,116877.01,762.2,1256.99,947.43,1156.94,False,False,nan,True,0.7,87.43,96.52,True,0,COLLECTING,0,,0,,,,,4,62,99,30,60,0.9998384869567685,0.17320508075688776
2026-08-31T22:00:50.677,124889921,P016,normal_pressure,VALID,,,,510,4441817,112126,117778,111542.7,116895.03,583.3,882.97,931.31,1152.42,True,False,nan,True,0.7,87.43,96.52,True,0,COLLECTING,0,,0,,,,,4,62,99,30,60,0.9998384869567685,0.17320508075688776
2026-08-31T22:00:50.720,124889968,P016,normal_pressure,VALID,,,,511,4441857,111977,117463,111551.39,116906.39,425.61,556.61,837.64,1146.13,False,False,nan,True,0.7,87.43,96.52,True,0,COLLECTING,0,,0,,,,,4,62,99,30,60,0.9998384869567685,0.17320508075688776
2026-08-31T22:00:50.846,124890093,P016,normal_pressure,VALID,,,,512,4441897,111993,117477,111560.23,116917.8,432.77,559.2,768.03,1138.57,False,False,nan,True,0.7,87.43,96.52,True,0,COLLECTING,0,,0,,,,,4,62,99,30,60,0.999976999735494,0.24494897427831783
2026-08-31T22:00:50.859,124890109,P016,normal_pressure,VALID,,,,513,4441937,112038,117598,111569.78,116931.41,468.22,666.59,742.67,1130.65,False,False,nan,True,0.7,87.43,96.52,True,0,COLLECTING,0,,0,,,,,4,62,99,30,60,0.999976999735494,0.24494897427831783
2026-08-31T22:00:50.869,124890125,P016,normal_pressure,VALID,,,,514,4441977,112069,117697,111579.77,116946.72,489.23,750.28,744.57,1122.93,False,False,nan,True,0.7,87.43,96.52,True,0,COLLECTING,0,,0,,,,,4,62,99,30,60,0.999976999735494,0.24494897427831783
2026-08-31T22:00:50.879,124890125,P016,normal_pressure,VALID,,,,515,4442017,112088,117748,111589.93,116962.74,498.07,785.26,754.74,1115.56,False,False,nan,True,0.7,87.43,96.52,True,0,COLLECTING,0,,0,,,,,4,62,99,30,60,0.999976999735494,0.24494897427831783
2026-08-31T22:00:50.920,124890171,P016,normal_pressure,VALID,,,,516,4442057,111986,117552,111597.85,116974.52,388.15,577.48,710.43,1107.46,True,False,nan,True,0.7,87.43,96.52,True,0,COLLECTING,0,,0,,,,,4,62,99,30,60,0.999976999735494,0.24494897427831783
2026-08-31T22:00:51.046,124890296,P016,normal_pressure,VALID,,,,517,4442097,111880,117351,111603.49,116982.05,276.51,368.95,625.06,1097.81,False,False,nan,True,0.7,87.43,96.52,True,0,COLLECTING,0,,0,,,,,4,62,99,30,60,0.999976999735494,0.24494897427831783
2026-08-31T22:00:51.058,124890312,P016,normal_pressure,VALID,,,,518,4442137,111809,117231,111607.6,116987.03,201.4,243.97,529.78,1086.45,False,False,nan,True,0.7,87.43,96.52,True,0,COLLECTING,0,,0,,,,,4,62,99,30,60,0.999976999735494,0.24494897427831783
2026-08-31T22:00:51.065,124890312,P016,normal_pressure,VALID,,,,519,4442177,111770,117191,111610.85,116991.11,159.15,199.89,447.31,1073.67,False,False,nan,True,0.7,87.43,96.52,True,0,COLLECTING,0,,0,,,,,4,62,99,30,60,0.999976999735494,0.24494897427831783
2026-08-31T22:00:51.077,124890328,P016,normal_pressure,VALID,,,,520,4442217,111772,117210,111614.08,116995.48,157.92,214.52,389.11,1059.98,False,False,nan,True,0.7,87.43,96.52,True,0,COLLECTING,0,,0,,,,,4,62,99,30,60,0.999976999735494,0.24494897427831783
2026-08-31T22:00:51.121,124890375,P016,normal_pressure,VALID,,,,521,4442257,111743,117167,111616.66,116998.91,126.34,168.09,333.86,1045.46,False,False,nan,True,0.7,87.43,96.52,True,0,COLLECTING,0,,0,,,,,4,62,99,30,60,0.999976999735494,0.24494897427831783
2026-08-31T22:00:51.246,124890500,P016,normal_pressure,VALID,,,,522,4442297,111749,117184,111619.3,117002.62,129.7,181.38,295.74,1030.46,False,False,nan,True,0.7,87.43,96.52,True,0,COLLECTING,0,,0,,,,,4,62,99,30,60,0.9998384869567685,0.17320508075688776
2026-08-31T22:00:51.258,124890515,P016,normal_pressure,VALID,,,,523,4442337,111755,117206,111622.02,117006.69,132.98,199.31,271.63,1015.28,False,False,nan,True,0.7,87.43,96.52,True,0,COLLECTING,0,,0,,,,,4,62,99,30,60,0.9998384869567685,0.17320508075688776
2026-08-31T22:00:51.266,124890515,P016,normal_pressure,VALID,,,,524,4442377,111749,117211,111624.55,117010.77,124.45,200.23,253.78,1000.05,False,False,nan,True,0.7,87.43,96.52,True,0,COLLECTING,0,,0,,,,,4,62,99,30,60,0.9998384869567685,0.17320508075688776
2026-08-31T22:00:51.277,124890531,P016,normal_pressure,VALID,,,,525,4442417,111720,117116,111626.46,117012.88,93.54,103.12,216.12,984.38,False,False,nan,True,0.7,87.43,96.52,True,0,COLLECTING,0,,0,,,,,4,62,99,30,60,0.9998384869567685,0.17320508075688776
2026-08-31T22:00:51.320,124890578,P016,normal_pressure,VALID,,,,526,4442457,111459,116585,111623.11,117004.32,-164.11,-419.32,57.26,965.83,False,False,nan,True,0.7,87.43,96.52,True,0,COLLECTING,0,,0,,,,,4,62,99,30,60,0.9998384869567685,0.17320508075688776
2026-08-31T22:00:51.448,124890703,P016,normal_pressure,VALID,,,,527,4442497,111240,116153,111615.45,116987.3,-375.45,-834.3,-165.63,949.83,False,False,nan,True,0.7,87.43,96.52,True,0,COLLECTING,0,,0,,,,,4,62,99,30,60,0.999976999735494,0.24494897427831783
2026-08-31T22:00:51.459,124890703,P016,normal_pressure,VALID,,,,528,4442537,111112,115911,111605.38,116965.77,-493.38,-1054.77,-387.92,938.59,False,False,nan,True,0.7,87.43,96.52,True,0,COLLECTING,0,,0,,,,,4,62,99,30,60,0.999976999735494,0.24494897427831783
2026-08-31T22:00:51.470,124890718,P016,normal_pressure,VALID,,,,529,4442577,110986,115686,111592.98,116940.18,-606.98,-1254.18,-604.48,931.91,False,False,nan,True,0.7,87.43,96.52,True,0,COLLECTING,0,,0,,,,,4,62,99,30,60,0.999976999735494,0.24494897427831783
2026-08-31T22:00:51.478,124890734,P016,normal_pressure,VALID,,,,530,4442617,110874,115469,111578.6,116910.76,-704.6,-1441.76,-813.8,929.55,False,False,nan,True,0.7,87.43,96.52,True,0,COLLECTING,0,,0,,,,,4,62,99,30,60,0.999976999735494,0.24494897427831783
2026-08-31T22:00:51.520,124890765,P016,normal_pressure,VALID,,,,531,4442657,110790,115286,111562.83,116878.27,-772.83,-1592.27,-1008.42,931.12,False,False,nan,True,0.7,87.43,96.52,True,0,COLLECTING,0,,0,,,,,4,62,99,30,60,0.999976999735494,0.24494897427831783
2026-08-31T22:00:51.645,124890890,P016,normal_pressure,VALID,,,,532,4442697,110658,115000,111544.73,116840.7,-886.73,-1840.7,-1216.49,936.83,False,False,nan,True,0.7,87.43,96.52,True,0,COLLECTING,0,,0,,,,,4,62,99,30,60,0.9998384869567685,0.24494897427831783
2026-08-31T22:00:51.657,124890906,P016,normal_pressure,VALID,,,,533,4442737,110566,114784,111525.16,116799.57,-959.16,-2015.57,-1416.26,946.42,False,False,nan,True,0.7,87.43,96.52,True,0,COLLECTING,0,,0,,,,,4,62,99,30,60,0.9998384869567685,0.24494897427831783
2026-08-31T22:00:51.679,124890937,P016,normal_pressure,VALID,,,,534,4442777,110484,114633,111504.34,116756.24,-1020.34,-2123.24,-1593.01,959.35,False,False,nan,True,0.7,87.43,96.52,True,0,COLLECTING,0,,0,,,,,4,62,99,30,60,0.9998384869567685,0.24494897427831783
2026-08-31T22:00:51.681,124890937,P016,normal_pressure,VALID,,,,535,4442817,110484,114616,111483.93,116713.44,-999.93,-2097.44,-1719.11,974.55,False,False,nan,True,0.7,87.43,96.52,True,0,COLLECTING,0,,0,,,,,4,62,99,30,60,0.9998384869567685,0.24494897427831783
2026-08-31T22:00:51.721,124890968,P016,normal_pressure,VALID,,,,536,4442857,110507,114658,111464.39,116672.33,-957.39,-2014.33,-1792.92,990.91,False,False,nan,True,0.7,87.43,96.52,True,0,COLLECTING,0,,0,,,,,4,62,99,30,60,0.9998384869567685,0.24494897427831783
2026-08-31T22:00:51.845,124891093,P016,normal_pressure,VALID,,,,537,4442897,110540,114721,111445.91,116633.3,-905.91,-1912.3,-1822.76,1007.55,False,False,nan,True,0.7,87.43,96.52,True,0,COLLECTING,0,,0,,,,,4,62,99,30,60,0.9998384869567685,0.24494897427831783
2026-08-31T22:00:51.857,124891109,P016,normal_pressure,VALID,,,,538,4442937,110533,114728,111427.65,116595.2,-894.65,-1867.2,-1833.87,1024.08,False,False,nan,True,0.7,87.43,96.52,True,0,COLLECTING,0,,0,,,,,4,62,99,30,60,0.9998384869567685,0.24494897427831783
2026-08-31T22:00:51.869,124891125,P016,normal_pressure,VALID,,,,539,4442977,110510,114667,111409.3,116556.63,-899.3,-1889.63,-1847.81,1040.55,False,False,nan,True,0.7,87.43,96.52,True,0,COLLECTING,0,,0,,,,,4,62,99,30,60,0.9998384869567685,0.24494897427831783
2026-08-31T22:00:51.878,124891125,P016,normal_pressure,VALID,,,,540,4443017,110545,114747,111392.01,116520.44,-847.01,-1773.44,-1829.22,1056.33,False,False,nan,True,0.7,87.43,96.52,True,0,COLLECTING,0,,0,,,,,4,62,99,30,60,0.9998384869567685,0.24494897427831783
2026-08-31T22:00:51.920,124891171,P016,normal_pressure,VALID,,,,541,4443057,110497,114623,111374.11,116482.49,-877.11,-1859.49,-1836.79,1071.94,False,False,nan,True,0.7,87.43,96.52,True,0,COLLECTING,0,,0,,,,,4,62,99,30,60,0.9998384869567685,0.24494897427831783
2026-08-31T22:00:52.045,124891296,P016,normal_pressure,VALID,,,,542,4443097,110240,114073,111351.43,116434.3,-1111.43,-2361.3,-1967.92,1089.85,False,False,nan,True,0.7,87.43,96.52,True,0,COLLECTING,0,,0,,,,,4,62,99,30,60,0.999976999735494,0.24494897427831783
2026-08-31T22:00:52.058,124891312,P016,normal_pressure,VALID,,,,543,4443137,110077,113686,111325.94,116379.34,-1248.94,-2693.34,-2149.27,1111.04,False,False,nan,True,0.7,87.43,96.52,True,0,COLLECTING,0,,0,,,,,4,62,99,30,60,0.999976999735494,0.24494897427831783
2026-08-31T22:00:52.069,124891312,P016,normal_pressure,VALID,,,,544,4443177,109994,113538,111299.3,116322.51,-1305.3,-2784.51,-2308.08,1134.98,False,False,nan,True,0.7,87.43,96.52,True,0,COLLECTING,0,,0,,,,,4,62,99,30,60,0.999976999735494,0.24494897427831783
2026-08-31T22:00:52.079,124891328,P016,normal_pressure,VALID,,,,545,4443217,109878,113310,111270.87,116262.26,-1392.87,-2952.26,-2469.12,1161.67,False,False,nan,True,0.7,87.43,96.52,True,0,COLLECTING,0,,0,,,,,4,62,99,30,60,0.999976999735494,0.24494897427831783
2026-08-31T22:00:52.121,124891375,P016,normal_pressure,VALID,,,,546,4443257,109743,113054,111240.31,116198.09,-1497.31,-3144.09,-2637.87,1191.19,False,False,nan,True,0.7,87.43,96.52,True,0,COLLECTING,0,,0,,,,,4,62,99,30,60,0.999976999735494,0.24494897427831783
2026-08-31T22:00:52.246,124891500,P016,normal_pressure,VALID,,,,547,4443297,109565,112693,111206.8,116127.99,-1641.8,-3434.99,-2837.15,1224.11,False,False,nan,True,0.7,87.43,96.52,True,0,COLLECTING,0,,0,,,,,4,62,99,30,60,0.999976999735494,0.24494897427831783
2026-08-31T22:00:52.258,124891515,P016,normal_pressure,VALID,,,,548,4443337,109443,112383,111171.53,116053.09,-1728.53,-3670.09,-3045.38,1260.54,False,False,nan,True,0.7,87.43,96.52,True,0,COLLECTING,0,,0,,,,,4,62,99,30,60,0.999976999735494,0.24494897427831783
2026-08-31T22:00:52.270,124891515,P016,normal_pressure,VALID,,,,549,4443377,109342,112178,111134.94,115975.59,-1792.94,-3797.59,-3233.44,1299.99,False,False,nan,True,0.7,87.43,96.52,True,0,COLLECTING,0,,0,,,,,4,62,99,30,60,0.999976999735494,0.24494897427831783
2026-08-31T22:00:52.278,124891531,P016,normal_pressure,VALID,,,,550,4443417,109310,112098,111098.44,115898.04,-1788.44,-3800.04,-3375.09,1341.5,False,False,nan,True,0.7,87.43,96.52,True,0,COLLECTING,0,,0,,,,,4,62,99,30,60,0.999976999735494,0.24494897427831783
2026-08-31T22:00:52.320,124891578,P016,normal_pressure,VALID,,,,551,4443457,109317,112101,111062.81,115822.1,-1745.81,-3721.1,-3461.59,1383.9,False,False,nan,True,0.7,87.43,96.52,True,0,COLLECTING,0,,0,,,,,4,62,99,30,60,0.999976999735494,0.24494897427831783
2026-08-31T22:00:52.445,124891703,P016,normal_pressure,VALID,,,,552,4443497,109245,111971,111026.45,115745.08,-1781.45,-3774.08,-3539.71,1427.01,False,False,nan,True,0.7,87.43,96.52,True,0,COLLECTING,0,,0,,,,,4,62,99,30,60,0.999976999735494,0.24494897427831783
2026-08-31T22:00:52.458,124891703,P016,normal_pressure,VALID,,,,553,4443537,109274,112009,110991.41,115670.36,-1717.41,-3661.36,-3570.12,1469.88,False,False,nan,True,0.7,87.43,96.52,True,0,COLLECTING,0,,0,,,,,4,62,99,30,60,0.999976999735494,0.24494897427831783
2026-08-31T22:00:52.469,124891718,P016,normal_pressure,VALID,,,,554,4443577,109349,112154,110958.55,115600.03,-1609.55,-3446.03,-3539.1,1511.26,False,False,nan,True,0.7,87.43,96.52,True,0,COLLECTING,0,,0,,,,,4,62,99,30,60,0.999976999735494,0.24494897427831783
2026-08-31T22:00:52.478,124891734,P016,normal_pressure,VALID,,,,555,4443617,109324,112117,110925.87,115530.37,-1601.87,-3413.37,-3507.67,1551.19,False,False,nan,True,0.7,87.43,96.52,True,0,COLLECTING,0,,0,,,,,4,62,99,30,60,0.999976999735494,0.24494897427831783
2026-08-31T22:00:52.520,124891765,P016,normal_pressure,VALID,,,,556,4443657,109314,112106,110893.63,115461.88,-1579.63,-3355.88,-3469.72,1589.56,False,False,nan,True,0.7,87.43,96.52,True,0,COLLECTING,0,,0,,,,,4,62,99,30,60,0.999976999735494,0.24494897427831783
2026-08-31T22:00:52.646,124891890,P016,normal_pressure,VALID,,,,557,4443697,109195,111829,110859.66,115389.23,-1664.66,-3560.23,-3492.35,1627.61,False,False,nan,True,0.7,87.43,96.52,True,0,COLLECTING,0,,0,,,,,4,62,99,30,60,0.999976999735494,0.24494897427831783
2026-08-31T22:00:52.659,124891906,P016,normal_pressure,VALID,,,,558,4443737,108829,111068,110819.05,115302.8,-1990.05,-4234.8,-3677.96,1668.62,False,False,nan,True,0.7,87.43,96.52,True,0,COLLECTING,0,,0,,,,,4,62,99,30,60,0.999976999735494,0.24494897427831783
2026-08-31T22:00:52.670,124891921,P016,normal_pressure,VALID,,,,559,4443777,108603,110588,110774.73,115208.51,-2171.73,-4620.51,-3913.6,1713.52,False,False,nan,True,0.7,87.43,96.52,True,0,COLLECTING,0,,0,,,,,4,62,99,30,60,0.999976999735494,0.24494897427831783
2026-08-31T22:00:52.678,124891921,P016,normal_pressure,VALID,,,,560,4443817,108659,110662,110732.42,115117.58,-2073.42,-4455.58,-4049.09,1760.23,False,False,nan,True,0.7,87.43,96.52,True,0,COLLECTING,0,,0,,,,,4,62,99,30,60,0.999976999735494,0.24494897427831783
2026-08-31T22:00:52.721,124891968,P016,normal_pressure,VALID,,,,561,4443857,108727,110818,110692.31,115031.59,-1965.31,-4213.59,-4090.22,1806.83,False,False,nan,True,0.7,87.43,96.52,True,0,COLLECTING,0,,0,,,,,4,62,99,30,60,0.999976999735494,0.24494897427831783
2026-08-31T22:00:52.845,124892093,P016,normal_pressure,VALID,,,,562,4443897,108878,111126,110656.02,114953.48,-1778.02,-3827.48,-4024.53,1851.19,False,False,nan,True,0.7,87.43,96.52,True,0,COLLECTING,0,,0,,,,,4,62,99,30,60,0.9998384869567685,0.24494897427831783
2026-08-31T22:00:52.858,124892109,P016,normal_pressure,VALID,,,,563,4443937,109000,111377,110622.91,114881.95,-1622.91,-3504.95,-3894.63,1892.06,False,False,nan,True,0.7,87.43,96.52,True,0,COLLECTING,0,,0,,,,,4,62,99,30,60,0.9998384869567685,0.24494897427831783
2026-08-31T22:00:52.869,124892125,P016,normal_pressure,VALID,,,,564,4443977,108982,111333,110590.09,114810.97,-1608.09,-3477.97,-3790.47,1930.02,False,False,nan,True,0.7,87.43,96.52,True,0,COLLECTING,0,,0,,,,,4,62,99,30,60,0.9998384869567685,0.24494897427831783
2026-08-31T22:00:52.878,124892125,P016,normal_pressure,VALID,,,,565,4444017,108881,111127,110555.91,114737.29,-1674.91,-3610.29,-3745.42,1966.33,False,False,nan,True,0.7,87.43,96.52,True,0,COLLECTING,0,,0,,,,,4,62,99,30,60,0.9998384869567685,0.24494897427831783
2026-08-31T22:00:52.920,124892171,P016,normal_pressure,VALID,,,,566,4444057,108811,110996,110521.01,114662.46,-1710.01,-3666.46,-3725.68,2001.52,False,False,nan,True,0.7,87.43,96.52,True,0,COLLECTING,0,,0,,,,,4,62,99,30,60,0.9998384869567685,0.24494897427831783
2026-08-31T22:00:53.046,124892296,P016,normal_pressure,VALID,,,,567,4444097,108830,111024,110487.19,114589.7,-1657.19,-3565.7,-3685.69,2035.2,False,False,nan,True,0.7,87.43,96.52,True,0,COLLECTING,0,,0,,,,,4,62,99,30,60,0.999976999735494,0.24494897427831783
2026-08-31T22:00:53.058,124892312,P016,normal_pressure,VALID,,,,568,4444137,108882,111135,110455.09,114520.6,-1573.09,-3385.6,-3610.66,2066.71,False,False,nan,True,0.7,87.43,96.52,True,0,COLLECTING,0,,0,,,,,4,62,99,30,60,0.999976999735494,0.24494897427831783
2026-08-31T22:00:53.070,124892328,P016,normal_pressure,VALID,,,,569,4444177,108996,111375,110425.91,114457.69,-1429.91,-3082.69,-3478.67,2094.95,False,False,nan,True,0.7,87.43,96.52,True,0,COLLECTING,0,,0,,,,,4,62,99,30,60,0.999976999735494,0.24494897427831783
2026-08-31T22:00:53.078,124892328,P016,normal_pressure,VALID,,,,570,4444217,109166,111734,110400.71,114403.21,-1234.71,-2669.21,-3276.31,2118.58,False,False,nan,True,0.7,87.43,96.52,True,0,COLLECTING,0,,0,,,,,4,62,99,30,60,0.999976999735494,0.24494897427831783
2026-08-31T22:00:53.121,124892375,P016,normal_pressure,VALID,,,,571,4444257,109327,112076,110379.23,114356.66,-1052.23,-2280.66,-3027.4,2136.75,False,False,nan,True,0.7,87.43,96.52,True,0,COLLECTING,0,,0,,,,,4,62,99,30,60,0.999976999735494,0.24494897427831783
2026-08-31T22:00:53.245,124892500,P016,normal_pressure,VALID,,,,572,4444297,109442,112340,110360.49,114316.33,-918.49,-1976.33,-2764.63,2149.31,False,False,nan,True,0.7,87.43,96.52,True,0,COLLECTING,0,,0,,,,,4,62,99,30,60,0.999976999735494,0.24494897427831783
2026-08-31T22:00:53.258,124892515,P016,normal_pressure,VALID,,,,573,4444337,109552,112574,110344.32,114281.48,-792.32,-1707.48,-2500.34,2156.33,False,False,nan,True,0.7,87.43,96.52,True,0,COLLECTING,0,,0,,,,,4,62,99,30,60,0.999976999735494,0.24494897427831783
2026-08-31T22:00:53.269,124892515,P016,normal_pressure,VALID,,,,574,4444377,109474,112397,110326.91,114243.8,-852.91,-1846.8,-2336.96,2159.94,False,False,nan,True,0.7,87.43,96.52,True,0,COLLECTING,0,,0,,,,,4,62,99,30,60,0.999976999735494,0.24494897427831783
2026-08-31T22:00:53.278,124892531,P016,normal_pressure,VALID,,,,575,4444417,109292,112013,110306.22,114199.18,-1014.22,-2186.18,-2299.26,2162.73,False,False,nan,True,0.7,87.43,96.52,True,0,COLLECTING,0,,0,,,,,4,62,99,30,60,0.999976999735494,0.24494897427831783
2026-08-31T22:00:53.321,124892578,P016,normal_pressure,VALID,,,,576,4444457,109207,111793,110284.23,114151.05,-1077.23,-2358.05,-2313.96,2165.76,False,False,nan,True,0.7,87.43,96.52,True,0,COLLECTING,0,,0,,,,,4,62,99,30,60,0.999976999735494,0.24494897427831783
2026-08-31T22:00:53.447,124892703,P016,normal_pressure,VALID,,,,577,4444497,109151,111695,110261.57,114101.94,-1110.57,-2406.94,-2337.2,2169.18,False,False,nan,True,0.7,87.43,96.52,True,0,COLLECTING,0,,0,,,,,4,62,99,30,60,0.999976999735494,0.17320508075688776
2026-08-31T22:00:53.458,124892703,P016,normal_pressure,VALID,,,,578,4444537,109176,111748,110239.86,114054.86,-1063.86,-2306.86,-2329.62,2172.39,False,False,nan,True,0.7,87.43,96.52,True,0,COLLECTING,0,,0,,,,,4,62,99,30,60,0.999976999735494,0.17320508075688776
2026-08-31T22:00:53.468,124892718,P016,normal_pressure,VALID,,,,579,4444577,109268,111920,110220.42,114012.16,-952.42,-2092.16,-2270.25,2174.35,False,False,nan,True,0.7,87.43,96.52,True,0,COLLECTING,0,,0,,,,,4,62,99,30,60,0.999976999735494,0.17320508075688776
2026-08-31T22:00:53.478,124892734,P016,normal_pressure,VALID,,,,580,4444617,109276,111909,110201.53,113970.1,-925.53,-2061.1,-2217.97,2175.22,False,False,nan,True,0.7,87.43,96.52,True,0,COLLECTING,0,,0,,,,,4,62,99,30,60,0.999976999735494,0.17320508075688776
2026-08-31T22:00:53.521,124892765,P016,normal_pressure,VALID,,,,581,4444657,109226,111756,110182.02,113925.82,-956.02,-2169.82,-2205.93,2175.84,False,False,nan,True,0.7,87.43,96.52,True,0,COLLECTING,0,,0,,,,,4,62,99,30,60,0.999976999735494,0.17320508075688776
2026-08-31T22:00:53.646,124892890,P016,normal_pressure,VALID,,,,582,4444697,109198,111711,110162.34,113881.52,-964.34,-2170.52,-2197.08,2176.26,False,False,nan,True,0.7,87.43,96.52,True,0,COLLECTING,0,,0,,,,,4,62,99,30,60,0.999976999735494,0.24494897427831783
2026-08-31T22:00:53.659,124892906,P016,normal_pressure,VALID,,,,583,4444737,109226,111762,110143.62,113839.13,-917.62,-2077.13,-2167.09,2176.08,False,False,nan,True,0.7,87.43,96.52,True,0,COLLECTING,0,,0,,,,,4,62,99,30,60,0.999976999735494,0.24494897427831783
2026-08-31T22:00:53.669,124892921,P016,normal_pressure,VALID,,,,584,4444777,109265,111843,110126.05,113799.21,-861.05,-1956.21,-2114.37,2174.84,False,False,nan,True,0.7,87.43,96.52,True,0,COLLECTING,0,,0,,,,,4,62,99,30,60,0.999976999735494,0.24494897427831783
2026-08-31T22:00:53.678,124892921,P016,normal_pressure,VALID,,,,585,4444817,109280,111852,110109.12,113760.27,-829.12,-1908.27,-2062.85,2172.6,False,False,nan,True,0.7,87.43,96.52,True,0,COLLECTING,0,,0,,,,,4,62,99,30,60,0.999976999735494,0.24494897427831783
2026-08-31T22:00:53.720,124892968,P016,normal_pressure,VALID,,,,586,4444857,109227,111751,110091.48,113720.08,-864.48,-1969.08,-2039.4,2169.94,False,False,nan,True,0.7,87.43,96.52,True,0,COLLECTING,0,,0,,,,,4,62,99,30,60,0.999976999735494,0.24494897427831783
2026-08-31T22:00:53.846,124893093,P016,normal_pressure,VALID,,,,587,4444897,109196,111706,110073.58,113679.8,-877.58,-1973.8,-2023.0,2167.0,False,False,nan,True,0.7,87.43,96.52,True,0,COLLECTING,0,,0,,,,,4,62,99,30,60,0.9998384869567685,0.24494897427831783
2026-08-31T22:00:53.858,124893109,P016,normal_pressure,VALID,,,,588,4444937,109310,111898,110058.3,113644.16,-748.3,-1746.16,-1953.79,2162.74,False,False,nan,True,0.7,87.43,96.52,True,0,COLLECTING,0,,0,,,,,4,62,99,30,60,0.9998384869567685,0.24494897427831783
2026-08-31T22:00:53.870,124893125,P016,normal_pressure,VALID,,,,589,4444977,109379,112044,110044.72,113612.16,-665.72,-1568.16,-1857.39,2156.63,False,False,nan,True,0.7,87.43,96.52,True,0,COLLECTING,0,,0,,,,,4,62,99,30,60,0.9998384869567685,0.24494897427831783
2026-08-31T22:00:53.878,124893125,P016,normal_pressure,VALID,,,,590,4445017,109296,111856,110029.74,113577.04,-733.74,-1721.04,-1823.3,2149.96,False,False,nan,True,0.7,87.43,96.52,True,0,COLLECTING,0,,0,,,,,4,62,99,30,60,0.9998384869567685,0.24494897427831783
2026-08-31T22:00:53.921,124893171,P016,normal_pressure,VALID,,,,591,4445057,109061,111328,110010.37,113532.05,-949.37,-2204.05,-1918.49,2145.33,False,False,nan,True,0.7,87.43,96.52,True,0,COLLECTING,0,,0,,,,,4,62,99,30,60,0.9998384869567685,0.24494897427831783
2026-08-31T22:00:54.045,124893296,P016,normal_pressure,VALID,,,,592,4445097,108890,110949,109987.96,113480.39,-1097.96,-2531.39,-2071.71,2143.86,False,False,nan,True,0.7,87.43,96.52,True,0,COLLECTING,0,,0,,,,,4,62,99,30,60,0.999976999735494,0.24494897427831783
2026-08-31T22:00:54.059,124893312,P016,normal_pressure,VALID,,,,593,4445147,108990,111105,109968.0,113432.88,-978.0,-2327.88,-2135.76,2143.7,False,False,nan,True,0.7,87.43,96.52,True,0,COLLECTING,0,,0,,,,,4,62,99,30,60,0.999976999735494,0.24494897427831783
2026-08-31T22:00:54.069,124893312,P016,normal_pressure,VALID,,,,594,4445187,109126,111364,109951.16,113391.51,-825.16,-2027.51,-2108.69,2143.0,False,False,nan,True,0.7,87.43,96.52,True,0,COLLECTING,0,,0,,,,,4,62,99,30,60,0.999976999735494,0.24494897427831783
2026-08-31T22:00:54.091,124893343,P016,normal_pressure,VALID,,,,595,4445227,109228,111628,109936.7,113356.23,-708.7,-1728.23,-2013.58,2140.41,False,False,nan,True,0.7,87.43,96.52,True,0,COLLECTING,0,,0,,,,,4,62,99,30,60,0.999976999735494,0.24494897427831783
2026-08-31T22:00:54.132,124893375,P016,normal_pressure,VALID,,,,596,4445267,109337,111796,109924.7,113325.03,-587.7,-1529.03,-1892.44,2135.45,False,False,nan,True,0.7,87.43,96.52,True,0,COLLECTING,0,,0,,,,,4,62,99,30,60,0.999976999735494,0.24494897427831783
2026-08-31T22:00:54.247,124893500,P016,normal_pressure,VALID,,,,597,4445307,109395,111913,109914.11,113296.79,-519.11,-1383.79,-1765.28,2128.05,False,False,nan,True,0.7,87.43,96.52,True,0,COLLECTING,0,,0,,,,,4,62,99,30,60,0.999976999735494,0.24494897427831783
2026-08-31T22:00:54.259,124893515,P016,normal_pressure,VALID,,,,598,4445347,109437,112014,109904.57,113271.13,-467.57,-1257.13,-1638.24,2118.25,False,False,nan,True,0.7,87.43,96.52,True,0,COLLECTING,0,,0,,,,,4,62,99,30,60,0.999976999735494,0.24494897427831783
2026-08-31T22:00:54.268,124893515,P016,normal_pressure,VALID,,,,599,4445387,109525,112214,109896.98,113249.99,-371.98,-1035.99,-1487.68,2105.64,False,False,nan,True,0.7,87.43,96.52,True,0,COLLECTING,0,,0,,,,,4,62,99,30,60,0.999976999735494,0.24494897427831783
2026-08-31T22:00:54.291,124893546,P016,normal_pressure,VALID,,,,600,4445427,109651,112436,109892.05,113233.71,-241.05,-797.71,-1315.19,2089.83,False,False,nan,True,0.7,87.43,96.52,True,0,COLLECTING,0,,0,,,,,4,62,99,30,60,0.999976999735494,0.24494897427831783
2026-08-31T22:00:54.330,124893578,P016,normal_pressure,VALID,,,,601,4445467,109860,112931,109891.41,113227.66,-31.41,-296.66,-1060.55,2069.25,False,False,nan,True,0.7,87.43,97.47,True,0,COLLECTING,0,,0,,,,,4,62,99,30,60,0.999976999735494,0.24494897427831783
2026-08-31T22:00:54.449,124893703,P016,normal_pressure,VALID,,,,602,4445507,110049,113330,109894.56,113229.7,154.44,100.3,-770.34,2043.27,False,False,nan,True,0.7,87.43,97.47,True,0,COLLECTING,0,,0,,,,,4,62,99,30,60,0.999976999735494,0.24494897427831783
2026-08-31T22:00:54.458,124893703,P016,normal_pressure,VALID,,,,603,4445547,110164,113555,109899.95,113236.21,264.05,318.79,-498.06,2012.36,False,False,nan,True,0.7,87.43,97.47,True,0,COLLECTING,0,,0,,,,,4,62,99,30,60,0.999976999735494,0.24494897427831783
2026-08-31T22:00:54.468,124893718,P016,normal_pressure,VALID,,,,604,4445587,110257,113766,109907.09,113246.8,349.91,519.2,-243.75,1976.99,False,False,nan,True,0.7,87.43,97.47,True,0,COLLECTING,0,,0,,,,,4,62,99,30,60,0.999976999735494,0.24494897427831783
2026-08-31T22:00:54.489,124893734,P016,normal_pressure,VALID,,,,605,4445627,110370,114025,109916.35,113262.37,453.65,762.63,7.85,1937.61,False,False,nan,True,0.7,87.43,97.47,True,0,COLLECTING,0,,0,,,,,4,62,99,30,60,0.999976999735494,0.24494897427831783
2026-08-31T22:00:54.531,124893781,P016,normal_pressure,VALID,,,,606,4445667,110371,113980,109925.45,113276.72,445.55,703.28,181.71,1902.49,False,False,nan,True,0.7,87.43,97.47,True,0,COLLECTING,0,,0,,,,,4,62,99,30,60,0.999976999735494,0.24494897427831783
2026-08-31T22:00:54.646,124893890,P016,normal_pressure,VALID,,,,607,4445707,110150,113497,109929.94,113281.12,220.06,215.88,190.25,1868.25,False,False,nan,True,0.7,87.43,97.47,True,0,COLLECTING,0,,0,,,,,4,62,99,30,60,0.999976999735494,0.24494897427831783
2026-08-31T22:00:54.655,124893906,P016,normal_pressure,VALID,,,,608,4445747,109876,112922,109928.86,113273.95,-52.86,-351.95,54.7,1831.97,False,False,nan,True,0.7,87.43,97.47,True,0,COLLECTING,0,,0,,,,,4,62,99,30,60,0.999976999735494,0.24494897427831783
2026-08-31T22:00:54.668,124893921,P016,normal_pressure,VALID,,,,609,4445787,109867,112860,109927.62,113265.66,-60.62,-405.66,-60.39,1796.54,False,False,nan,True,0.7,87.43,97.47,True,0,COLLECTING,0,,0,,,,,4,62,99,30,60,0.999976999735494,0.24494897427831783
2026-08-31T22:00:54.692,124893937,P016,normal_pressure,VALID,,,,610,4445827,109936,113008,109927.79,113260.51,8.21,-252.51,-108.42,1762.78,False,False,nan,True,0.7,87.43,97.47,True,0,COLLECTING,0,,0,,,,,4,62,99,30,60,0.999976999735494,0.24494897427831783
2026-08-31T22:00:54.730,124893984,P016,normal_pressure,VALID,,,,611,4445867,110076,113300,109930.75,113261.3,145.25,38.7,-71.64,1728.96,False,False,nan,True,0.7,87.43,97.47,True,0,COLLECTING,0,,0,,,,,4,62,99,30,60,0.999976999735494,0.24494897427831783
2026-08-31T22:00:54.848,124894093,P016,normal_pressure,VALID,,,,612,4445907,110148,113440,109935.09,113264.87,212.91,175.13,-9.95,1694.58,False,False,nan,True,0.7,87.43,97.47,True,0,COLLECTING,0,,0,,,,,4,62,99,30,60,0.999976999735494,0.17320508075688776
2026-08-31T22:00:54.859,124894109,P016,normal_pressure,VALID,,,,613,4445947,110076,113291,109937.91,113265.39,138.09,25.61,-1.06,1660.71,False,False,nan,True,0.7,87.43,97.47,True,0,COLLECTING,0,,0,,,,,4,62,99,30,60,0.999976999735494,0.17320508075688776
2026-08-31T22:00:54.867,124894125,P016,normal_pressure,VALID,,,,614,4445987,110028,113211,109939.72,113264.3,88.28,-53.3,-14.12,1627.78,False,False,nan,True,0.7,87.43,97.47,True,0,COLLECTING,0,,0,,,,,4,62,99,30,60,0.999976999735494,0.17320508075688776
2026-08-31T22:00:54.891,124894140,P016,normal_pressure,VALID,,,,615,4446027,109982,113042,109940.56,113259.86,41.44,-217.86,-65.05,1596.52,False,False,nan,True,0.7,87.43,97.47,True,0,COLLECTING,0,,0,,,,,4,62,99,30,60,0.999976999735494,0.17320508075688776
2026-08-31T22:00:54.930,124894187,P016,normal_pressure,VALID,,,,616,4446067,110018,113244,109942.11,113259.54,75.89,-15.54,-52.68,1565.64,False,False,nan,True,0.7,87.43,97.47,True,0,COLLECTING,0,,0,,,,,4,62,99,30,60,0.999976999735494,0.17320508075688776
2026-08-31T22:00:55.048,124894296,P016,normal_pressure,VALID,,,,617,4446107,110142,113518,109946.11,113264.71,195.89,253.29,23.82,1534.81,False,False,nan,True,0.7,87.43,97.47,True,0,COLLECTING,0,,0,,,,,3,62,99,30,60,0.999976999735494,0.24494897427831783
2026-08-31T22:00:55.060,124894312,P016,normal_pressure,VALID,,,,618,4446147,110332,113911,109953.83,113277.63,378.17,633.37,176.2,1507.64,False,False,nan,True,0.7,87.43,97.47,True,0,COLLECTING,0,,0,,,,,3,62,99,30,60,0.999976999735494,0.24494897427831783
2026-08-31T22:00:55.068,124894312,P016,normal_pressure,VALID,,,,619,4446187,110488,114195,109964.51,113295.98,523.49,899.02,356.91,1484.62,False,False,nan,True,0.7,87.43,97.47,True,0,COLLECTING,0,,0,,,,,3,62,99,30,60,0.999976999735494,0.24494897427831783
2026-08-31T22:00:55.090,124894343,P016,normal_pressure,VALID,,,,620,4446227,110530,114384,109975.82,113317.73,554.18,1066.27,534.25,1465.61,False,False,nan,True,0.7,87.43,97.47,True,0,COLLECTING,0,,0,,,,,3,62,99,30,60,0.999976999735494,0.24494897427831783
2026-08-31T22:00:55.129,124894375,P016,normal_pressure,VALID,,,,621,4446267,110711,114642,109990.52,113344.22,720.48,1297.78,725.13,1450.8,False,False,nan,True,0.7,87.43,97.47,True,0,COLLECTING,0,,0,,,,,3,62,99,30,60,0.999976999735494,0.24494897427831783
2026-08-31T22:00:55.247,124894500,P016,normal_pressure,VALID,,,,622,4446307,110675,114643,110004.21,113370.2,670.79,1272.8,862.05,1439.03,False,False,nan,True,0.7,87.43,97.47,True,0,COLLECTING,0,,0,,,,,3,62,99,30,60,0.999976999735494,0.24494897427831783
2026-08-31T22:00:55.260,124894515,P016,normal_pressure,VALID,,,,623,4446347,110548,114305,110015.09,113388.89,532.91,916.11,875.56,1427.76,False,False,nan,True,0.7,87.43,97.47,True,0,COLLECTING,0,,0,,,,,3,62,99,30,60,0.999976999735494,0.24494897427831783
2026-08-31T22:00:55.268,124894515,P016,normal_pressure,VALID,,,,624,4446387,110349,113861,110021.77,113398.34,327.23,462.66,772.34,1414.65,True,False,nan,True,0.7,87.43,97.47,True,0,COLLECTING,0,,0,,,,,3,62,99,30,60,0.999976999735494,0.24494897427831783
2026-08-31T22:00:55.291,124894546,P016,normal_pressure,VALID,,,,625,4446427,110379,113883,110028.91,113408.03,350.09,474.97,698.0,1400.32,False,False,nan,True,0.7,87.43,97.47,True,0,COLLECTING,0,,0,,,,,3,62,99,30,60,0.999976999735494,0.24494897427831783
2026-08-31T22:00:55.330,124894578,P016,normal_pressure,VALID,,,,626,4446467,110366,113869,110035.66,113417.25,330.34,451.75,636.44,1385.04,False,False,nan,True,0.7,87.43,97.47,True,0,COLLECTING,0,,0,,,,,3,62,99,30,60,0.999976999735494,0.24494897427831783
2026-08-31T22:00:55.447,124894703,P016,normal_pressure,VALID,,,,627,4446507,110320,113773,110041.34,113424.37,278.66,348.63,564.48,1368.63,False,False,nan,True,0.7,87.43,97.47,True,0,COLLECTING,0,,0,,,,,3,62,99,30,60,0.999976999735494,0.24494897427831783
2026-08-31T22:00:55.456,124894703,P016,normal_pressure,VALID,,,,628,4446547,110180,113495,110044.12,113425.78,135.88,69.22,440.67,1350.07,False,False,nan,True,0.7,87.43,97.47,True,0,COLLECTING,0,,0,,,,,3,62,99,30,60,0.999976999735494,0.24494897427831783
2026-08-31T22:00:55.466,124894718,P016,normal_pressure,VALID,,,,629,4446587,110011,113167,110043.45,113420.61,-32.45,-253.61,267.1,1328.41,False,False,nan,True,0.7,87.43,97.47,True,0,COLLECTING,0,,0,,,,,3,62,99,30,60,0.999976999735494,0.24494897427831783
2026-08-31T22:00:55.490,124894734,P016,normal_pressure,VALID,,,,630,4446627,109863,112824,110039.84,113408.68,-176.84,-584.68,54.15,1302.93,False,False,nan,True,0.7,87.43,97.47,True,0,COLLECTING,0,,0,,,,,3,62,99,30,60,0.999976999735494,0.24494897427831783
2026-08-31T22:00:55.531,124894781,P016,normal_pressure,VALID,,,,631,4446667,109818,112665,110035.41,113393.8,-217.41,-728.8,-141.59,1279.7,False,False,nan,True,0.7,87.43,97.47,True,0,COLLECTING,0,,0,,,,,3,62,99,30,60,0.999976999735494,0.24494897427831783
2026-08-31T22:00:55.647,124894890,P016,normal_pressure,VALID,,,,632,4446707,109799,112620,110030.68,113378.33,-231.68,-758.33,-295.77,1260.02,False,False,nan,True,0.7,87.43,97.47,True,0,COLLECTING,0,,0,,,,,2,62,99,30,60,0.999976999735494,0.17320508075688776
2026-08-31T22:00:55.659,124894906,P016,normal_pressure,VALID,,,,633,4446747,109834,112693,110026.75,113364.62,-192.75,-671.62,-389.73,1242.61,False,False,nan,True,0.7,87.43,97.47,True,0,COLLECTING,0,,0,,,,,2,62,99,30,60,0.999976999735494,0.17320508075688776
2026-08-31T22:00:55.668,124894921,P016,normal_pressure,VALID,,,,634,4446787,109805,112669,110022.31,113350.71,-217.31,-681.71,-462.73,1227.02,False,False,nan,True,0.7,87.43,97.47,True,0,COLLECTING,0,,0,,,,,2,62,99,30,60,0.999976999735494,0.17320508075688776
2026-08-31T22:00:55.691,124894937,P016,normal_pressure,VALID,,,,635,4446827,109639,112396,110014.65,113331.62,-375.65,-935.62,-580.95,1214.1,False,False,nan,True,0.7,87.43,97.47,True,0,COLLECTING,0,,0,,,,,2,62,99,30,60,0.999976999735494,0.17320508075688776
2026-08-31T22:00:55.730,124894984,P016,normal_pressure,VALID,,,,636,4446867,109626,112280,110006.88,113310.59,-380.88,-1030.59,-693.36,1203.68,False,False,nan,True,0.7,87.43,97.47,True,0,COLLECTING,0,,0,,,,,2,62,99,30,60,0.999976999735494,0.17320508075688776
2026-08-31T22:00:55.847,124895093,P016,normal_pressure,VALID,,,,637,4446907,109605,112226,109998.84,113288.89,-393.84,-1062.89,-785.74,1195.32,False,False,nan,True,0.7,87.43,97.47,True,0,COLLECTING,0,,0,,,,,2,62,99,30,60,0.999976999735494,0.24494897427831783
2026-08-31T22:00:55.859,124895109,P016,normal_pressure,VALID,,,,638,4446947,109427,111818,109987.4,113259.48,-560.4,-1441.48,-949.68,1190.41,False,False,nan,True,0.7,87.43,97.47,True,0,COLLECTING,0,,0,,,,,2,62,99,30,60,0.999976999735494,0.24494897427831783
2026-08-31T22:00:55.869,124895125,P016,normal_pressure,VALID,,,,639,4446987,109088,111155,109969.41,113217.39,-881.41,-2062.39,-1227.85,1191.16,False,False,nan,True,0.7,87.43,97.47,True,0,COLLECTING,0,,0,,,,,2,62,99,30,60,0.999976999735494,0.24494897427831783
2026-08-31T22:00:55.891,124895140,P016,normal_pressure,VALID,,,,640,4447027,109029,110935,109950.61,113171.74,-921.61,-2236.74,-1480.08,1196.94,False,False,nan,True,0.7,87.43,97.47,True,0,COLLECTING,0,,0,,,,,2,62,99,30,60,0.999976999735494,0.24494897427831783
2026-08-31T22:00:55.930,124895187,P016,normal_pressure,VALID,,,,641,4447067,109090,111100,109933.4,113130.3,-843.4,-2030.3,-1617.63,1205.35,False,False,nan,True,0.7,87.43,97.47,True,0,COLLECTING,0,,0,,,,,2,62,99,30,60,0.999976999735494,0.24494897427831783
2026-08-31T22:00:56.047,124895296,P016,normal_pressure,VALID,,,,642,4447107,109176,111235,109918.25,113092.4,-742.25,-1857.4,-1677.57,1214.79,False,False,nan,True,0.7,87.43,97.47,True,0,COLLECTING,0,,0,,,,,2,62,99,30,60,0.999976999735494,0.24494897427831783
2026-08-31T22:00:56.058,124895312,P016,normal_pressure,VALID,,,,643,4447147,109306,111548,109906.01,113061.51,-600.01,-1513.51,-1636.56,1223.23,False,False,nan,True,0.7,87.43,97.47,True,0,COLLECTING,0,,0,,,,,2,62,99,30,60,0.999976999735494,0.24494897427831783
2026-08-31T22:00:56.069,124895312,P016,normal_pressure,VALID,,,,644,4447187,109403,111747,109895.95,113035.22,-492.95,-1288.22,-1549.47,1229.75,False,False,nan,True,0.7,87.43,97.47,True,0,COLLECTING,0,,0,,,,,2,62,99,30,60,0.999976999735494,0.24494897427831783
2026-08-31T22:00:56.091,124895343,P016,normal_pressure,VALID,,,,645,4447227,109465,111881,109887.33,113012.13,-422.33,-1131.13,-1444.89,1234.06,False,False,nan,True,0.7,87.43,97.47,True,0,COLLECTING,0,,0,,,,,2,62,99,30,60,0.999976999735494,0.24494897427831783
2026-08-31T22:00:56.130,124895375,P016,normal_pressure,VALID,,,,646,4447267,109493,112023,109879.45,112992.35,-386.45,-969.35,-1326.0,1235.9,False,False,nan,True,0.7,87.43,97.47,True,0,COLLECTING,0,,0,,,,,2,62,99,30,60,0.999976999735494,0.24494897427831783
2026-08-31T22:00:56.248,124895500,P016,normal_pressure,VALID,,,,647,4447307,109578,112209,109873.41,112976.69,-295.41,-767.69,-1186.42,1234.91,False,False,nan,True,0.7,87.43,97.47,True,0,COLLECTING,0,,0,,,,,1,62,99,30,60,0.999976999735494,0.24494897427831783
2026-08-31T22:00:56.259,124895515,P016,normal_pressure,VALID,,,,648,4447347,109630,112375,109868.55,112964.66,-238.55,-589.66,-1037.23,1230.95,False,False,nan,True,0.7,87.43,97.47,True,0,COLLECTING,0,,0,,,,,1,62,99,30,60,0.999976999735494,0.24494897427831783
2026-08-31T22:00:56.270,124895515,P016,normal_pressure,VALID,,,,649,4447387,109745,112587,109866.08,112957.1,-121.08,-370.1,-870.45,1223.74,False,False,nan,True,0.7,87.43,97.47,True,0,COLLECTING,0,,0,,,,,1,62,99,30,60,0.999976999735494,0.24494897427831783
2026-08-31T22:00:56.290,124895546,P016,normal_pressure,VALID,,,,650,4447427,109929,113019,109867.34,112958.34,61.66,60.66,-637.67,1212.02,False,False,nan,True,0.7,87.43,97.47,True,0,COLLECTING,0,,0,,,,,1,62,99,30,60,0.999976999735494,0.24494897427831783
2026-08-31T22:00:56.330,124895578,P016,normal_pressure,VALID,,,,651,4447467,110122,113373,109872.43,112966.63,249.57,406.37,-376.66,1195.31,False,False,nan,True,0.7,87.43,97.47,True,0,COLLECTING,0,,0,,,,,1,62,99,30,60,0.999976999735494,0.24494897427831783
2026-08-31T22:00:56.449,124895703,P016,normal_pressure,VALID,,,,652,4447507,110230,113637,109879.58,112980.04,350.42,656.96,-118.26,1173.77,False,False,nan,True,0.7,87.43,97.47,True,0,COLLECTING,0,,0,,,,,1,62,99,30,60,0.999976999735494,0.24494897427831783
2026-08-31T22:00:56.460,124895718,P016,normal_pressure,VALID,,,,653,4447547,110174,113553,109885.47,112991.5,288.53,561.5,51.68,1151.33,False,False,nan,True,0.7,87.43,97.47,True,0,COLLECTING,0,,0,,,,,1,62,99,30,60,0.999976999735494,0.24494897427831783
2026-08-31T22:00:56.469,124895718,P016,normal_pressure,VALID,,,,654,4447587,109934,112980,109886.44,112991.27,47.56,-11.27,35.94,1129.02,False,False,nan,True,0.7,87.43,97.47,True,0,COLLECTING,0,,0,,,,,1,62,99,30,60,0.999976999735494,0.24494897427831783
2026-08-31T22:00:56.491,124895734,P016,normal_pressure,VALID,,,,655,4447627,109644,112376,109881.59,112978.97,-237.59,-602.97,-123.78,1108.92,False,False,nan,True,0.7,87.43,97.47,True,0,COLLECTING,0,,0,,,,,1,62,99,30,60,0.999976999735494,0.24494897427831783
2026-08-31T22:00:56.531,124895781,P016,normal_pressure,VALID,,,,656,4447667,109666,112373,109877.27,112966.85,-211.27,-593.85,-241.3,1091.57,False,False,nan,True,0.7,87.43,97.47,True,0,COLLECTING,0,,0,,,,,1,62,99,30,60,0.999976999735494,0.24494897427831783
2026-08-31T22:00:56.648,124895906,P016,normal_pressure,VALID,,,,657,4447707,109736,112505,109874.45,112957.62,-138.45,-452.62,-294.13,1075.62,False,False,nan,True,0.7,87.43,97.47,True,0,COLLECTING,0,,0,,,,,1,62,99,30,60,0.999976999735494,0.24494897427831783
2026-08-31T22:00:56.663,124895921,P016,normal_pressure,VALID,,,,658,4447747,109666,112383,109870.27,112946.12,-204.27,-563.12,-361.38,1061.33,False,False,nan,True,0.7,87.43,97.47,True,0,COLLECTING,0,,0,,,,,1,62,99,30,60,0.999976999735494,0.24494897427831783
2026-08-31T22:00:56.675,124895921,P016,normal_pressure,VALID,,,,659,4447787,109571,112274,109864.29,112932.68,-293.29,-658.68,-435.7,1048.82,False,False,nan,True,0.7,87.43,97.47,True,0,COLLECTING,0,,0,,,,,1,62,99,30,60,0.999976999735494,0.24494897427831783
2026-08-31T22:00:56.691,124895937,P016,normal_pressure,VALID,,,,660,4447827,109487,112071,109856.74,112915.45,-369.74,-844.45,-537.89,1038.6,False,False,nan,True,0.7,87.43,97.47,True,0,COLLECTING,0,,0,,,,,1,62,99,30,60,0.999976999735494,0.24494897427831783
2026-08-31T22:00:56.730,124895984,P016,normal_pressure,VALID,,,,661,4447867,109339,111740,109846.39,112891.94,-507.39,-1151.94,-691.4,1031.66,False,False,nan,True,0.7,87.43,97.47,True,0,COLLECTING,0,,0,,,,,1,62,99,30,60,0.999976999735494,0.24494897427831783
2026-08-31T22:00:56.848,124896093,P016,normal_pressure,VALID,,,,662,4447907,109165,111374,109832.77,112861.58,-667.77,-1487.58,-890.45,1028.83,False,False,nan,True,0.7,87.43,97.47,True,0,COLLECTING,0,,0,,,,,1,62,99,30,60,1.0004054178181965,0.24494897427831783
2026-08-31T22:00:56.859,124896109,P016,normal_pressure,VALID,,,,663,4447947,109030,111078,109816.71,112825.91,-786.71,-1747.91,-1104.81,1030.35,False,False,nan,True,0.7,87.43,97.47,True,0,COLLECTING,0,,0,,,,,1,62,99,30,60,1.0004054178181965,0.24494897427831783
2026-08-31T22:00:56.868,124896125,P016,normal_pressure,VALID,,,,664,4447987,108897,110843,109798.32,112786.25,-901.32,-1943.25,-1314.42,1036.03,False,False,nan,True,0.7,87.43,97.47,True,0,COLLECTING,0,,0,,,,,1,62,99,30,60,1.0004054178181965,0.24494897427831783
2026-08-31T22:00:56.891,124896140,P016,normal_pressure,VALID,,,,665,4448027,108877,110760,109779.89,112745.73,-902.89,-1985.73,-1482.25,1044.96,False,False,nan,True,0.7,87.43,97.47,True,0,COLLECTING,0,,0,,,,,1,62,99,30,60,1.0004054178181965,0.24494897427831783
2026-08-31T22:00:56.930,124896187,P016,normal_pressure,VALID,,,,666,4448067,108904,110862,109762.38,112708.05,-858.38,-1846.05,-1573.2,1055.52,False,False,nan,True,0.7,87.43,97.47,True,0,COLLECTING,0,,0,,,,,1,62,99,30,60,1.0004054178181965,0.24494897427831783
2026-08-31T22:00:57.047,124896296,P016,normal_pressure,VALID,,,,667,4448107,108988,111010,109746.89,112674.09,-758.89,-1664.09,-1595.92,1066.33,False,False,nan,True,0.7,87.43,97.47,True,0,COLLECTING,0,,0,,,,,1,62,99,30,60,0.999976999735494,0.24494897427831783
2026-08-31T22:00:57.061,124896312,P016,normal_pressure,VALID,,,,668,4448147,109023,111108,109732.41,112642.77,-709.41,-1534.77,-1580.64,1076.62,False,False,nan,True,0.7,87.43,97.47,True,0,COLLECTING,0,,0,,,,,1,62,99,30,60,0.999976999735494,0.24494897427831783
2026-08-31T22:00:57.071,124896328,P016,normal_pressure,VALID,,,,669,4448187,109038,111137,109718.52,112612.66,-680.52,-1475.66,-1554.39,1086.17,False,False,nan,True,0.7,87.43,97.47,True,0,COLLECTING,0,,0,,,,,1,62,99,30,60,0.999976999735494,0.24494897427831783
2026-08-31T22:00:57.092,124896343,P016,normal_pressure,VALID,,,,670,4448227,109034,111129,109704.84,112582.98,-670.84,-1453.98,-1529.29,1095.04,False,False,nan,True,0.7,87.43,97.47,True,0,COLLECTING,0,,0,,,,,1,62,99,30,60,0.999976999735494,0.24494897427831783
2026-08-31T22:00:57.130,124896375,P016,normal_pressure,VALID,,,,671,4448267,108893,110822,109688.6,112547.77,-795.6,-1725.77,-1578.41,1104.7,False,False,nan,True,0.7,87.43,97.47,True,0,COLLECTING,0,,0,,,,,1,62,99,30,60,0.999976999735494,0.24494897427831783
2026-08-31T22:00:57.247,124896500,P016,normal_pressure,VALID,,,,672,4448307,108659,110336,109668.01,112503.53,-1009.01,-2167.53,-1725.69,1117.12,False,False,nan,True,0.7,87.43,97.47,True,0,COLLECTING,0,,0,,,,,1,62,99,30,60,0.999976999735494,0.24494897427831783
2026-08-31T22:00:57.260,124896515,P016,normal_pressure,VALID,,,,673,4448347,108532,110067,109645.29,112454.8,-1113.29,-2387.8,-1891.22,1132.6,False,False,nan,True,0.7,87.43,97.47,True,0,COLLECTING,0,,0,,,,,1,62,99,30,60,0.999976999735494,0.24494897427831783
2026-08-31T22:00:57.269,124896515,P016,normal_pressure,VALID,,,,674,4448387,108454,109925,109621.46,112404.2,-1167.46,-2479.2,-2038.21,1150.72,False,False,nan,True,0.7,87.43,97.47,True,0,COLLECTING,0,,0,,,,,1,62,99,30,60,0.999976999735494,0.24494897427831783
2026-08-31T22:00:57.291,124896546,P016,normal_pressure,VALID,,,,675,4448427,108404,109825,109597.11,112352.62,-1193.11,-2527.62,-2160.56,1170.91,False,False,nan,True,0.7,87.43,97.47,True,0,COLLECTING,0,,0,,,,,1,62,99,30,60,0.999976999735494,0.24494897427831783
2026-08-31T22:00:57.331,124896578,P016,normal_pressure,VALID,,,,676,4448467,108368,109763,109572.52,112300.83,-1204.52,-2537.83,-2254.88,1192.59,False,False,nan,True,0.7,87.43,97.47,True,0,COLLECTING,0,,0,,,,,1,62,99,30,60,0.999976999735494,0.24494897427831783
2026-08-31T22:00:57.447,124896703,P016,normal_pressure,VALID,,,,677,4448507,108286,109598,109546.8,112246.77,-1260.8,-2648.77,-2353.35,1215.81,False,False,nan,True,0.7,87.43,97.47,True,0,COLLECTING,0,,0,,,,,1,62,99,30,60,0.999976999735494,0.24494897427831783
2026-08-31T22:00:57.458,124896703,P016,normal_pressure,VALID,,,,678,4448547,108248,109505,109520.82,112191.94,-1272.82,-2686.94,-2436.75,1240.23,False,False,nan,True,0.7,87.43,97.47,True,0,COLLECTING,0,,0,,,,,1,62,99,30,60,0.999976999735494,0.24494897427831783
2026-08-31T22:00:57.469,124896718,P016,normal_pressure,VALID,,,,679,4448587,108236,109481,109495.12,112137.72,-1259.12,-2656.72,-2491.74,1265.26,False,False,nan,True,0.7,87.43,97.47,True,0,COLLECTING,0,,0,,,,,1,62,99,30,60,0.999976999735494,0.24494897427831783
2026-08-31T22:00:57.491,124896750,P016,normal_pressure,VALID,,,,680,4448627,108224,109479,109469.7,112084.55,-1245.7,-2605.55,-2520.19,1290.36,False,False,nan,True,0.7,87.43,97.47,True,0,COLLECTING,0,,0,,,,,1,62,99,30,60,0.999976999735494,0.24494897427831783
2026-08-31T22:00:57.531,124896781,P016,normal_pressure,VALID,,,,681,4448667,108307,109647,109446.45,112035.8,-1139.45,-2388.8,-2487.34,1314.3,False,False,nan,True,0.7,87.43,97.47,True,0,COLLECTING,0,,0,,,,,1,62,99,30,60,0.999976999735494,0.24494897427831783
2026-08-31T22:00:57.647,124896890,P016,normal_pressure,VALID,,,,682,4448707,108393,109823,109425.38,111991.54,-1032.38,-2168.54,-2407.64,1336.16,False,False,nan,True,0.7,87.43,97.47,True,0,COLLECTING,0,,0,,,,,1,62,99,30,60,0.999976999735494,0.24494897427831783
2026-08-31T22:00:57.660,124896906,P016,normal_pressure,VALID,,,,683,4448747,108389,109821,109404.65,111948.12,-1015.65,-2127.12,-2337.51,1356.19,False,False,nan,True,0.7,87.43,97.47,True,0,COLLECTING,0,,0,,,,,1,62,99,30,60,0.999976999735494,0.24494897427831783
2026-08-31T22:00:57.681,124896937,P016,normal_pressure,VALID,,,,684,4448787,108355,109765,109383.66,111904.46,-1028.66,-2139.46,-2288.0,1374.83,False,False,nan,True,0.7,87.43,97.47,True,0,COLLECTING,0,,0,,,,,1,62,99,30,60,0.999976999735494,0.24494897427831783
2026-08-31T22:00:57.691,124896937,P016,normal_pressure,VALID,,,,685,4448827,108325,109736,109362.48,111861.09,-1037.48,-2125.09,-2247.27,1392.27,False,False,nan,True,0.7,87.43,97.47,True,0,COLLECTING,0,,0,,,,,1,62,99,30,60,0.999976999735494,0.24494897427831783
2026-08-31T22:00:57.731,124896984,P016,normal_pressure,VALID,,,,686,4448867,108401,109897,109343.26,111821.81,-942.26,-1924.81,-2166.66,1407.76,False,False,nan,True,0.7,87.43,97.47,True,0,COLLECTING,0,,0,,,,,1,62,99,30,60,0.999976999735494,0.24494897427831783
2026-08-31T22:00:57.848,124897093,P016,normal_pressure,VALID,,,,687,4448907,108515,110099,109326.7,111787.36,-811.7,-1688.36,-2047.08,1420.55,False,False,nan,True,0.7,87.43,97.47,True,0,COLLECTING,0,,0,,,,,1,62,99,30,60,0.999976999735494,0.24494897427831783
2026-08-31T22:00:57.859,124897109,P016,normal_pressure,VALID,,,,688,4448947,108449,109961,109309.14,111750.84,-860.14,-1789.84,-1982.77,1431.79,False,False,nan,True,0.7,87.43,97.47,True,0,COLLECTING,0,,0,,,,,1,62,99,30,60,0.999976999735494,0.24494897427831783
2026-08-31T22:00:57.869,124897125,P016,normal_pressure,VALID,,,,689,4448987,108383,109830,109290.62,111712.42,-907.62,-1882.42,-1957.68,1442.31,False,False,nan,True,0.7,87.43,97.47,True,0,COLLECTING,0,,0,,,,,1,62,99,30,60,0.999976999735494,0.24494897427831783
2026-08-31T22:00:57.891,124897140,P016,normal_pressure,VALID,,,,690,4449027,108500,110082,109274.8,111679.81,-774.8,-1597.81,-1867.72,1450.82,False,False,nan,True,0.7,87.43,97.47,True,0,COLLECTING,0,,0,,,,,1,62,99,30,60,0.999976999735494,0.24494897427831783
2026-08-31T22:00:57.931,124897187,P016,normal_pressure,VALID,,,,691,4449067,108694,110508,109263.19,111656.38,-569.19,-1148.38,-1687.88,1455.56,False,False,nan,True,0.7,87.43,97.47,True,0,COLLECTING,0,,0,,,,,1,62,99,30,60,0.999976999735494,0.24494897427831783
2026-08-31T22:00:58.048,124897296,P016,normal_pressure,VALID,,,,692,4449107,108879,110941,109255.5,111642.07,-376.5,-701.07,-1441.18,1455.27,False,False,nan,True,0.7,87.43,97.47,True,0,COLLECTING,0,,0,,,,,1,62,99,30,60,0.999976999735494,0.24494897427831783
2026-08-31T22:00:58.060,124897312,P016,normal_pressure,VALID,,,,693,4449147,109069,111350,109251.77,111636.23,-182.77,-286.23,-1152.44,1449.22,False,False,nan,True,0.7,87.43,97.47,True,0,COLLECTING,0,,0,,,,,1,62,99,30,60,0.999976999735494,0.24494897427831783
2026-08-31T22:00:58.069,124897328,P016,normal_pressure,VALID,,,,694,4449187,109054,111350,109247.82,111630.5,-193.82,-280.5,-934.46,1438.92,False,False,nan,True,0.7,87.43,97.47,True,0,COLLECTING,0,,0,,,,,1,62,99,30,60,0.999976999735494,0.24494897427831783
2026-08-31T22:00:58.091,124897343,P016,normal_pressure,VALID,,,,695,4449227,108884,111002,109240.55,111617.93,-356.55,-615.93,-854.82,1427.24,False,False,nan,True,0.7,87.43,97.47,True,0,COLLECTING,0,,0,,,,,1,62,99,30,60,0.999976999735494,0.24494897427831783
2026-08-31T22:00:58.131,124897375,P016,normal_pressure,VALID,,,,696,4449267,108805,110843,109231.84,111602.43,-426.84,-759.43,-830.98,1415.31,False,False,nan,True,0.7,87.43,97.47,True,0,COLLECTING,0,,0,,,,,1,62,99,30,60,0.999976999735494,0.24494897427831783
2026-08-31T22:00:58.248,124897500,P016,normal_pressure,VALID,,,,697,4449307,108886,111008,109224.92,111590.54,-338.92,-582.54,-768.87,1402.39,False,False,nan,True,0.7,87.43,97.47,True,0,COLLECTING,0,,0,,,,,1,62,99,30,60,0.9998384869567685,0.24494897427831783
2026-08-31T22:00:58.258,124897515,P016,normal_pressure,VALID,,,,698,4449347,109073,111405,109221.88,111586.83,-148.88,-181.83,-622.11,1386.78,False,False,nan,True,0.7,87.43,97.47,True,0,COLLECTING,0,,0,,,,,1,62,99,30,60,0.9998384869567685,0.24494897427831783
2026-08-31T22:00:58.268,124897515,P016,normal_pressure,VALID,,,,699,4449387,109228,111771,109222.01,111590.51,5.99,180.49,-421.46,1367.47,False,False,nan,True,0.7,87.43,97.47,True,0,COLLECTING,0,,0,,,,,1,62,99,30,60,0.9998384869567685,0.24494897427831783
2026-08-31T22:00:58.291,124897546,P016,normal_pressure,VALID,,,,700,4449427,109434,112210,109226.25,111602.9,207.75,607.1,-164.32,1343.41,False,False,nan,True,0.7,87.43,97.47,True,0,COLLECTING,0,,0,,,,,1,62,99,30,60,0.9998384869567685,0.24494897427831783
2026-08-31T22:00:58.330,124897578,P016,normal_pressure,VALID,,,,701,4449467,109688,112778,109235.48,111626.4,452.52,1151.6,164.66,1319.83,False,False,nan,True,0.7,87.43,97.7,True,0,COLLECTING,0,,0,,,,,1,62,99,30,60,0.9998384869567685,0.24494897427831783
2026-08-31T22:00:58.447,124897703,P016,normal_pressure,VALID,,,,702,4449507,109797,113020,109246.71,111654.27,550.29,1365.73,464.93,1302.74,False,False,nan,True,0.7,87.43,97.7,True,0,COLLECTING,0,,0,,,,,1,62,99,30,60,0.999976999735494,0.24494897427831783
2026-08-31T22:00:58.460,124897718,P016,normal_pressure,VALID,,,,703,4449547,109813,113083,109258.04,111682.85,554.96,1400.15,698.73,1290.66,False,False,nan,True,0.7,87.43,97.7,True,0,COLLECTING,0,,0,,,,,1,62,99,30,60,0.999976999735494,0.24494897427831783
2026-08-31T22:00:58.469,124897718,P016,normal_pressure,VALID,,,,704,4449587,109921,113311,109271.3,111715.41,649.7,1595.59,922.95,1283.3,False,False,nan,True,0.7,87.43,97.7,True,0,COLLECTING,0,,0,,,,,1,62,99,30,60,0.999976999735494,0.24494897427831783
2026-08-31T22:00:58.490,124897734,P016,normal_pressure,VALID,,,,705,4449627,109934,113334,109284.55,111747.79,649.45,1586.21,1088.76,1279.41,False,False,nan,True,0.7,87.43,97.7,True,0,COLLECTING,0,,0,,,,,1,62,99,30,60,0.999976999735494,0.24494897427831783
2026-08-31T22:00:58.530,124897781,P016,normal_pressure,VALID,,,,706,4449667,109772,112975,109294.3,111772.34,477.7,1202.66,1117.24,1276.17,False,False,nan,True,0.7,87.43,97.7,True,0,COLLECTING,0,,0,,,,,1,62,99,30,60,0.999976999735494,0.24494897427831783
2026-08-31T22:00:58.646,124897890,P016,normal_pressure,VALID,,,,707,4449707,109663,112771,109301.68,111792.31,361.32,978.69,1082.6,1272.3,True,False,nan,True,0.7,87.43,97.7,True,0,COLLECTING,0,,0,,,,,1,62,99,30,60,0.999976999735494,0.17320508075688776
2026-08-31T22:00:58.658,124897906,P016,normal_pressure,VALID,,,,708,4449747,109775,112968,109311.15,111815.83,463.85,1152.17,1099.99,1268.85,False,False,nan,True,0.7,87.43,97.7,True,0,COLLECTING,0,,0,,,,,1,62,99,30,60,0.999976999735494,0.17320508075688776
2026-08-31T22:00:58.668,124897921,P016,normal_pressure,VALID,,,,709,4449787,109769,112985,109320.3,111839.21,448.7,1145.79,1111.44,1265.7,False,False,nan,True,0.7,87.43,97.7,True,0,COLLECTING,0,,0,,,,,1,62,99,30,60,0.999976999735494,0.17320508075688776
2026-08-31T22:00:58.690,124897937,P016,normal_pressure,VALID,,,,710,4449827,109737,112937,109328.64,111861.16,408.36,1075.84,1102.54,1262.44,True,False,nan,True,0.7,87.43,97.7,True,0,COLLECTING,0,,0,,,,,1,62,99,30,60,0.999976999735494,0.17320508075688776
2026-08-31T22:00:58.731,124897984,P016,normal_pressure,VALID,,,,711,4449867,109801,113059,109338.09,111885.12,462.91,1173.88,1120.38,1259.6,False,False,nan,True,0.7,87.43,97.7,True,0,COLLECTING,0,,0,,,,,1,62,99,30,60,0.999976999735494,0.17320508075688776
2026-08-31T22:00:58.847,124898093,P016,normal_pressure,VALID,,,,712,4449907,109802,113054,109347.37,111908.49,454.63,1145.51,1126.66,1256.94,False,False,nan,True,0.7,87.43,97.7,True,0,COLLECTING,0,,0,,,,,1,62,99,30,60,0.999976999735494,0.24494897427831783
2026-08-31T22:00:58.861,124898109,P016,normal_pressure,VALID,,,,713,4449947,109851,113128,109357.44,111932.88,493.56,1195.12,1143.77,1254.68,False,False,nan,True,0.7,87.43,97.7,True,0,COLLECTING,0,,0,,,,,1,62,99,30,60,0.999976999735494,0.24494897427831783
2026-08-31T22:00:58.869,124898125,P016,normal_pressure,VALID,,,,714,4449987,109855,113160,109367.39,111957.42,487.61,1202.58,1158.47,1252.75,False,False,nan,True,0.7,87.43,97.7,True,0,COLLECTING,0,,0,,,,,1,62,99,30,60,0.999976999735494,0.24494897427831783
2026-08-31T22:00:58.891,124898140,P016,normal_pressure,VALID,,,,715,4450027,109938,113333,109378.8,111984.93,559.2,1348.07,1205.87,1251.81,False,False,nan,True,0.7,87.43,97.7,True,0,COLLECTING,0,,0,,,,,1,62,99,30,60,0.999976999735494,0.24494897427831783
2026-08-31T22:00:58.930,124898187,P016,normal_pressure,VALID,,,,716,4450067,110091,113670,109393.05,112018.63,697.95,1651.37,1317.25,1253.12,False,False,nan,True,0.7,87.43,97.7,True,0,COLLECTING,0,,0,,,,,1,62,99,30,60,0.999976999735494,0.24494897427831783
2026-08-31T22:00:59.047,124898296,P016,normal_pressure,VALID,,,,717,4450107,110187,113857,109408.93,112055.4,778.07,1801.6,1438.34,1256.83,False,False,nan,True,0.7,87.43,97.7,True,0,COLLECTING,0,,0,,,,,1,62,99,30,60,0.999976999735494,0.24494897427831783
2026-08-31T22:00:59.059,124898312,P016,normal_pressure,VALID,,,,718,4450147,110189,113878,109424.53,112091.85,764.47,1786.15,1525.29,1262.2,False,False,nan,True,0.7,87.43,97.7,True,0,COLLECTING,0,,0,,,,,1,62,99,30,60,0.999976999735494,0.24494897427831783
2026-08-31T22:00:59.068,124898312,P016,normal_pressure,VALID,,,,719,4450187,110221,113963,109440.46,112129.27,780.54,1833.73,1602.4,1269.0,False,False,nan,True,0.7,87.43,97.7,True,0,COLLECTING,0,,0,,,,,1,62,99,30,60,0.999976999735494,0.24494897427831783
2026-08-31T22:00:59.092,124898343,P016,normal_pressure,VALID,,,,720,4450227,110254,114037,109456.73,112167.43,797.27,1869.57,1669.19,1277.0,False,False,nan,True,0.7,87.43,97.7,True,0,COLLECTING,0,,0,,,,,1,62,99,30,60,0.999976999735494,0.24494897427831783
2026-08-31T22:00:59.131,124898375,P016,normal_pressure,VALID,,,,721,4450267,110357,114257,109474.74,112209.22,882.26,2047.78,1763.84,1286.74,False,False,nan,True,0.7,87.43,97.7,True,0,COLLECTING,0,,0,,,,,1,62,99,30,60,0.999976999735494,0.24494897427831783
2026-08-31T22:00:59.247,124898500,P016,normal_pressure,VALID,,,,722,4450307,110455,114450,109494.34,112254.03,960.66,2195.97,1871.87,1298.44,False,False,nan,True,0.7,87.43,97.7,True,0,COLLECTING,0,,0,,,,,1,62,99,30,60,0.999976999735494,0.24494897427831783
2026-08-31T22:00:59.259,124898515,P016,normal_pressure,VALID,,,,723,4450347,110354,114209,109511.54,112293.13,842.46,1915.87,1882.87,1310.13,False,False,nan,True,0.7,87.43,97.7,True,0,COLLECTING,0,,0,,,,,1,62,99,30,60,0.999976999735494,0.24494897427831783
2026-08-31T22:00:59.269,124898515,P016,normal_pressure,VALID,,,,724,4450387,110254,113982,109526.39,112326.91,727.61,1655.09,1825.93,1320.45,True,True,680.0,True,0.7,92.84,97.7,True,0,COLLECTING,0,,0,,,,,1,62,99,30,60,0.999976999735494,0.24494897427831783
2026-08-31T22:00:59.291,124898546,P016,normal_pressure,VALID,,,,725,4450427,110265,114008,109541.16,112360.53,723.84,1647.47,1781.31,1329.67,False,False,nan,True,0.7,92.84,97.7,True,0,COLLECTING,0,,0,,,,,1,62,99,30,60,0.999976999735494,0.24494897427831783
2026-08-31T22:00:59.330,124898578,P016,normal_pressure,VALID,,,,726,4450467,110274,114041,109555.82,112394.14,718.18,1646.86,1747.7,1338.03,False,False,nan,True,0.7,92.84,97.7,True,0,COLLECTING,0,,0,,,,,1,62,99,30,60,0.999976999735494,0.24494897427831783
2026-08-31T22:00:59.447,124898703,P016,normal_pressure,VALID,,,,727,4450507,110366,114235,109572.02,112430.96,793.98,1804.04,1761.78,1346.5,False,False,nan,True,0.7,92.84,97.7,True,0,COLLECTING,0,,0,,,,,2,62,99,30,60,0.9990840805457767,0.24494897427831783
2026-08-31T22:00:59.458,124898703,P016,normal_pressure,VALID,,,,728,4450547,110460,114424,109589.78,112470.82,870.22,1953.18,1809.63,1355.76,False,False,nan,True,0.7,92.84,97.7,True,0,COLLECTING,0,,0,,,,,2,62,99,30,60,0.9990840805457767,0.24494897427831783
2026-08-31T22:00:59.468,124898718,P016,normal_pressure,VALID,,,,729,4450587,110455,114410,109607.09,112509.6,847.91,1900.4,1832.32,1365.29,False,False,nan,True,0.7,92.84,97.7,True,0,COLLECTING,0,,0,,,,,2,62,99,30,60,0.9990840805457767,0.24494897427831783
2026-08-31T22:00:59.490,124898734,P016,normal_pressure,VALID,,,,730,4450627,110431,114359,109623.56,112546.59,807.44,1812.41,1827.35,1374.54,True,False,nan,True,0.7,92.84,97.7,True,0,COLLECTING,0,,0,,,,,2,62,99,30,60,0.9990840805457767,0.24494897427831783
2026-08-31T22:00:59.531,124898781,P016,normal_pressure,VALID,,,,731,4450667,110461,114417,109640.31,112583.99,820.69,1833.01,1828.76,1383.62,False,False,nan,True,0.7,92.84,97.7,True,0,COLLECTING,0,,0,,,,,2,62,99,30,60,0.9990840805457767,0.24494897427831783
2026-08-31T22:00:59.648,124898906,P016,normal_pressure,VALID,,,,732,4450707,110550,114615,109658.51,112624.61,891.49,1990.39,1869.17,1393.33,False,False,nan,True,0.7,92.84,97.7,True,0,COLLECTING,0,,0,,,,,2,62,99,30,60,0.999976999735494,0.24494897427831783
2026-08-31T22:00:59.659,124898906,P016,normal_pressure,VALID,,,,733,4450747,110713,114967,109679.59,112671.46,1033.41,2295.54,1975.76,1404.98,False,False,nan,True,0.7,92.84,97.7,True,0,COLLECTING,0,,0,,,,,2,62,99,30,60,0.999976999735494,0.24494897427831783
2026-08-31T22:00:59.668,124898921,P016,normal_pressure,VALID,,,,734,4450787,110843,115242,109702.86,112722.88,1140.14,2519.12,2111.6,1419.11,False,False,nan,True,0.7,92.84,97.7,True,0,COLLECTING,0,,0,,,,,2,62,99,30,60,0.999976999735494,0.24494897427831783
2026-08-31T22:00:59.690,124898937,P016,normal_pressure,VALID,,,,735,4450827,110950,115460,109727.8,112777.62,1222.2,2682.38,2254.3,1435.82,False,False,nan,True,0.7,92.84,97.7,True,0,COLLECTING,0,,0,,,,,2,62,99,30,60,0.999976999735494,0.24494897427831783
2026-08-31T22:00:59.730,124898984,P016,normal_pressure,VALID,,,,736,4450867,111009,115592,109753.43,112833.91,1255.57,2758.09,2380.25,1454.7,False,False,nan,True,0.7,92.84,97.7,True,0,COLLECTING,0,,0,,,,,2,62,99,30,60,0.999976999735494,0.24494897427831783
2026-08-31T22:00:59.847,124899093,P016,normal_pressure,VALID,,,,737,4450907,111058,115715,109779.52,112891.53,1278.48,2823.47,2491.05,1475.43,False,False,nan,True,0.7,92.84,97.7,True,0,COLLECTING,0,,0,,,,,2,62,99,30,60,0.999976999735494,0.24494897427831783
2026-08-31T22:00:59.859,124899109,P016,normal_pressure,VALID,,,,738,4450947,111092,115776,109805.77,112949.22,1286.23,2826.78,2574.98,1497.42,False,False,nan,True,0.7,92.84,97.7,True,0,COLLECTING,0,,0,,,,,2,62,99,30,60,0.999976999735494,0.24494897427831783
2026-08-31T22:00:59.868,124899125,P016,normal_pressure,VALID,,,,739,4450987,110987,115542,109829.4,113001.08,1157.6,2540.92,2566.47,1518.8,True,True,600.0,True,0.7,90.74,97.7,True,0,COLLECTING,0,,0,,,,,2,62,99,30,60,0.999976999735494,0.24494897427831783
2026-08-31T22:00:59.891,124899140,P016,normal_pressure,VALID,,,,740,4451027,110752,115041,109847.85,113041.88,904.15,1999.12,2424.63,1536.92,False,False,nan,True,0.7,90.74,97.7,True,0,COLLECTING,0,,0,,,,,2,62,99,30,60,0.999976999735494,0.24494897427831783
2026-08-31T22:00:59.930,124899187,P016,normal_pressure,VALID,,,,741,4451067,110656,114815,109864.02,113077.34,791.98,1737.66,2252.89,1551.24,False,False,nan,True,0.7,90.74,97.7,True,0,COLLECTING,0,,0,,,,,2,62,99,30,60,0.999976999735494,0.24494897427831783
2026-08-31T22:01:00.047,124899296,P016,normal_pressure,VALID,,,,742,4451107,110660,114842,109879.94,113112.63,780.06,1729.37,2122.01,1562.66,False,False,nan,True,0.7,90.74,97.7,True,0,COLLECTING,0,,0,,,,,3,62,99,30,60,0.999976999735494,0.24494897427831783
2026-08-31T22:01:00.059,124899312,P016,normal_pressure,VALID,,,,743,4451147,110657,114847,109895.48,113147.32,761.52,1699.68,2016.43,1571.73,False,False,nan,True,0.7,90.74,97.7,True,0,COLLECTING,0,,0,,,,,3,62,99,30,60,0.999976999735494,0.24494897427831783
2026-08-31T22:01:00.069,124899312,P016,normal_pressure,VALID,,,,744,4451187,110746,115046,109912.48,113185.3,833.52,1860.7,1977.5,1579.85,False,False,nan,True,0.7,90.74,97.7,True,0,COLLECTING,0,,0,,,,,3,62,99,30,60,0.999976999735494,0.24494897427831783
2026-08-31T22:01:00.091,124899343,P016,normal_pressure,VALID,,,,745,4451227,110787,115119,109929.98,113223.97,857.02,1895.03,1956.88,1587.39,False,False,nan,True,0.7,90.74,97.7,True,0,COLLECTING,0,,0,,,,,3,62,99,30,60,0.999976999735494,0.24494897427831783
2026-08-31T22:01:00.130,124899375,P016,normal_pressure,VALID,,,,746,4451267,110758,115067,109946.54,113260.83,811.46,1806.17,1919.2,1594.02,False,False,nan,True,0.7,90.74,97.7,True,0,COLLECTING,0,,0,,,,,3,62,99,30,60,0.999976999735494,0.24494897427831783
2026-08-31T22:01:00.247,124899500,P016,normal_pressure,VALID,,,,747,4451307,110749,115032,109962.59,113296.25,786.41,1735.75,1873.34,1599.61,False,False,nan,True,0.7,90.74,97.7,True,0,COLLECTING,0,,0,,,,,3,62,99,30,60,0.9998384869567685,0.24494897427831783
2026-08-31T22:01:00.260,124899515,P016,normal_pressure,VALID,,,,748,4451347,110802,115150,109979.38,113333.33,822.62,1816.67,1859.17,1604.8,False,False,nan,True,0.7,90.74,97.7,True,0,COLLECTING,0,,0,,,,,3,62,99,30,60,0.9998384869567685,0.24494897427831783
2026-08-31T22:01:00.270,124899515,P016,normal_pressure,VALID,,,,749,4451387,110836,115253,109996.51,113371.72,839.49,1881.28,1864.7,1610.0,False,False,nan,True,0.7,90.74,97.7,True,0,COLLECTING,0,,0,,,,,3,62,99,30,60,0.9998384869567685,0.24494897427831783
2026-08-31T22:01:00.293,124899546,P016,normal_pressure,VALID,,,,750,4451427,110884,115361,110014.26,113411.51,869.74,1949.49,1885.9,1615.52,False,False,nan,True,0.7,90.74,97.7,True,0,COLLECTING,0,,0,,,,,3,62,99,30,60,0.9998384869567685,0.24494897427831783
2026-08-31T22:01:00.330,124899578,P016,normal_pressure,VALID,,,,751,4451467,110910,115406,110032.17,113451.4,877.83,1954.6,1903.07,1621.27,False,False,nan,True,0.7,90.74,97.7,True,0,COLLECTING,0,,0,,,,,3,62,99,30,60,0.9998384869567685,0.24494897427831783
2026-08-31T22:01:00.449,124899703,P016,normal_pressure,VALID,,,,752,4451507,110917,115440,110049.87,113491.17,867.13,1948.83,1914.51,1627.13,False,False,nan,True,0.7,90.74,97.7,True,0,COLLECTING,0,,0,,,,,3,62,99,30,60,0.999976999735494,0.24494897427831783
2026-08-31T22:01:00.459,124899703,P016,normal_pressure,VALID,,,,753,4451547,110929,115470,110067.45,113530.75,861.55,1939.25,1920.7,1633.0,False,False,nan,True,0.7,90.74,97.7,True,0,COLLECTING,0,,0,,,,,3,62,99,30,60,0.999976999735494,0.24494897427831783
2026-08-31T22:01:00.469,124899718,P016,normal_pressure,VALID,,,,754,4451587,110949,115520,110085.09,113570.53,863.91,1949.47,1927.89,1638.9,False,False,nan,True,0.7,90.74,97.7,True,0,COLLECTING,0,,0,,,,,3,62,99,30,60,0.999976999735494,0.24494897427831783
2026-08-31T22:01:00.491,124899734,P016,normal_pressure,VALID,,,,755,4451627,110972,115550,110102.82,113610.12,869.18,1939.88,1930.89,1644.74,False,False,nan,True,0.7,90.74,97.7,True,0,COLLECTING,0,,0,,,,,3,62,99,30,60,0.999976999735494,0.24494897427831783
2026-08-31T22:01:00.530,124899781,P016,normal_pressure,VALID,,,,756,4451667,110794,115151,110116.64,113640.94,677.36,1510.06,1825.68,1648.36,True,True,680.0,True,0.7197,87.43,97.7,True,0,COLLECTING,0,,0,,,,,3,62,99,30,60,0.999976999735494,0.24494897427831783
2026-08-31T22:01:00.646,124899890,P016,normal_pressure,VALID,,,,757,4451707,110563,114670,110125.57,113661.52,437.43,1008.48,1621.38,1647.82,False,False,nan,True,0.7197,87.43,97.7,True,0,COLLECTING,0,,0,,,,,4,62,99,30,60,0.999976999735494,0.24494897427831783
2026-08-31T22:01:00.658,124899906,P016,normal_pressure,VALID,,,,758,4451747,110511,114553,110133.28,113679.34,377.72,873.66,1434.45,1643.55,False,False,nan,True,0.7197,87.43,97.7,True,0,COLLECTING,0,,0,,,,,4,62,99,30,60,0.999976999735494,0.24494897427831783
2026-08-31T22:01:00.667,124899921,P016,normal_pressure,VALID,,,,759,4451787,110449,114454,110139.59,113694.84,309.41,759.16,1265.63,1635.99,False,False,nan,True,0.7197,87.43,97.7,True,0,COLLECTING,0,,0,,,,,4,62,99,30,60,0.999976999735494,0.24494897427831783
2026-08-31T22:01:00.691,124899937,P016,normal_pressure,VALID,,,,760,4451827,110392,114365,110144.64,113708.24,247.36,656.76,1113.41,1625.54,False,False,nan,True,0.7197,87.43,97.7,True,0,COLLECTING,0,,0,,,,,4,62,99,30,60,0.999976999735494,0.24494897427831783
2026-08-31T22:01:00.733,124899984,P016,normal_pressure,VALID,,,,761,4451867,110364,114303,110149.03,113720.14,214.97,582.86,980.77,1612.65,False,False,nan,True,0.7197,87.43,97.7,True,0,COLLECTING,0,,0,,,,,4,62,99,30,60,0.999976999735494,0.24494897427831783
2026-08-31T22:01:00.847,124900093,P016,normal_pressure,VALID,,,,762,4451907,110271,114116,110151.47,113728.05,119.53,387.95,832.57,1597.05,False,False,nan,True,0.7197,87.43,97.7,True,0,COLLECTING,0,,0,,,,,4,62,99,30,60,0.999976999735494,0.24494897427831783
2026-08-31T22:01:00.857,124900109,P016,normal_pressure,VALID,,,,763,4451947,110162,113880,110151.68,113731.09,10.32,148.91,661.65,1578.34,False,False,nan,True,0.7197,87.43,97.7,True,0,COLLECTING,0,,0,,,,,4,62,99,30,60,0.999976999735494,0.24494897427831783
2026-08-31T22:01:00.866,124900109,P016,normal_pressure,VALID,,,,764,4451987,110082,113708,110150.29,113730.63,-68.29,-22.63,490.58,1556.58,False,False,nan,True,0.7197,87.43,97.7,True,0,COLLECTING,0,,0,,,,,4,62,99,30,60,0.999976999735494,0.24494897427831783
2026-08-31T22:01:00.890,124900140,P016,normal_pressure,VALID,,,,765,4452027,110050,113652,110148.28,113729.06,-98.28,-77.06,348.67,1532.42,False,False,nan,True,0.7197,87.43,97.7,True,0,COLLECTING,0,,0,,,,,4,62,99,30,60,0.999976999735494,0.24494897427831783
2026-08-31T22:01:00.931,124900187,P016,normal_pressure,VALID,,,,766,4452067,110086,113716,110147.04,113728.8,-61.04,-12.8,258.3,1506.94,False,False,nan,True,0.7197,87.43,97.7,True,0,COLLECTING,0,,0,,,,,4,62,99,30,60,0.999976999735494,0.24494897427831783
2026-08-31T22:01:01.047,124900296,P016,normal_pressure,VALID,,,,767,4452107,110153,113845,110147.16,113731.12,5.84,113.88,222.19,1481.25,False,False,nan,True,0.7197,87.43,97.7,True,0,COLLECTING,0,,0,,,,,4,62,99,30,60,0.999976999735494,0.24494897427831783
2026-08-31T22:01:01.055,124900312,P016,normal_pressure,VALID,,,,768,4452147,110194,113922,110148.09,113734.95,45.91,187.05,213.41,1455.89,False,False,nan,True,0.7197,87.43,97.7,True,0,COLLECTING,0,,0,,,,,4,62,99,30,60,0.999976999735494,0.24494897427831783
2026-08-31T22:01:01.065,124900312,P016,normal_pressure,VALID,,,,769,4452187,110209,113949,110149.31,113739.23,59.69,209.77,212.5,1431.02,False,False,nan,True,0.7197,87.43,97.7,True,0,COLLECTING,0,,0,,,,,4,62,99,30,60,0.999976999735494,0.24494897427831783
2026-08-31T22:01:01.090,124900343,P016,normal_pressure,VALID,,,,770,4452227,110140,113837,110149.12,113741.18,-9.12,95.82,183.33,1406.07,False,False,nan,True,0.7197,87.43,97.7,True,0,COLLECTING,0,,0,,,,,4,62,99,30,60,0.999976999735494,0.24494897427831783
2026-08-31T22:01:01.130,124900375,P016,normal_pressure,VALID,,,,771,4452267,110109,113760,110148.32,113741.55,-39.32,18.45,142.11,1380.79,False,False,nan,True,0.7197,87.43,97.7,True,0,COLLECTING,0,,0,,,,,4,62,99,30,60,0.999976999735494,0.24494897427831783
2026-08-31T22:01:01.249,124900500,P016,normal_pressure,VALID,,,,772,4452307,110021,113557,110145.77,113737.87,-124.77,-180.87,61.37,1354.4,False,False,nan,True,0.7197,87.43,97.7,True,0,COLLECTING,0,,0,,,,,4,62,99,30,60,0.999976999735494,0.24494897427831783
2026-08-31T22:01:01.259,124900515,P016,normal_pressure,VALID,,,,773,4452347,109799,113070,110138.84,113724.51,-339.84,-654.51,-117.6,1329.67,False,False,nan,True,0.7197,87.43,97.7,True,0,COLLECTING,0,,0,,,,,4,62,99,30,60,0.999976999735494,0.24494897427831783
2026-08-31T22:01:01.267,124900515,P016,normal_pressure,VALID,,,,774,4452387,109688,112793,110129.82,113705.88,-441.82,-912.88,-316.42,1309.4,False,False,nan,True,0.7197,87.43,97.7,True,0,COLLECTING,0,,0,,,,,4,62,99,30,60,0.999976999735494,0.24494897427831783
2026-08-31T22:01:01.290,124900546,P016,normal_pressure,VALID,,,,775,4452427,109731,112861,110121.84,113688.98,-390.84,-827.98,-444.31,1292.1,False,False,nan,True,0.7197,87.43,97.7,True,0,COLLECTING,0,,0,,,,,4,62,99,30,60,0.999976999735494,0.24494897427831783
2026-08-31T22:01:01.330,124900578,P016,normal_pressure,VALID,,,,776,4452467,109768,112938,110114.77,113673.96,-346.77,-735.96,-517.22,1276.6,False,False,nan,True,0.7197,87.43,97.7,True,0,COLLECTING,0,,0,,,,,4,62,99,30,60,0.999976999735494,0.24494897427831783
2026-08-31T22:01:01.449,124900703,P016,normal_pressure,VALID,,,,777,4452507,109815,113024,110108.77,113660.96,-293.77,-636.96,-547.16,1262.01,False,False,nan,True,0.7197,87.43,97.7,True,0,COLLECTING,0,,0,,,,,4,62,99,30,60,0.999976999735494,0.24494897427831783
2026-08-31T22:01:01.459,124900703,P016,normal_pressure,VALID,,,,778,4452547,109809,112981,110102.78,113647.36,-293.78,-666.36,-576.96,1248.31,False,False,nan,True,0.7197,87.43,97.7,True,0,COLLECTING,0,,0,,,,,4,62,99,30,60,0.999976999735494,0.24494897427831783
2026-08-31T22:01:01.467,124900718,P016,normal_pressure,VALID,,,,779,4452587,109694,112774,110094.61,113629.89,-400.61,-855.89,-646.69,1236.28,False,False,nan,True,0.7197,87.43,97.7,True,0,COLLECTING,0,,0,,,,,4,62,99,30,60,0.999976999735494,0.24494897427831783
2026-08-31T22:01:01.502,124900750,P016,normal_pressure,VALID,,,,780,4452637,109642,112622,110085.55,113609.73,-443.55,-987.73,-731.95,1226.19,False,False,nan,True,0.7197,87.43,97.7,True,0,COLLECTING,0,,0,,,,,4,62,99,30,60,0.999976999735494,0.24494897427831783
2026-08-31T22:01:01.531,124900781,P016,normal_pressure,VALID,,,,781,4452667,109741,112778,110078.66,113593.1,-337.66,-815.1,-752.74,1216.72,False,False,nan,True,0.7197,87.43,97.7,True,0,COLLECTING,0,,0,,,,,4,62,99,30,60,0.999976999735494,0.24494897427831783
2026-08-31T22:01:01.647,124900890,P016,normal_pressure,VALID,,,,782,4452717,109857,113029,110074.23,113581.82,-217.23,-552.82,-702.76,1206.44,False,False,nan,True,0.7197,87.43,97.7,True,0,COLLECTING,0,,0,,,,,4,62,99,30,60,0.999976999735494,0.24494897427831783
2026-08-31T22:01:01.660,124900906,P016,normal_pressure,VALID,,,,783,4452757,109981,113222,110072.37,113574.62,-91.37,-352.62,-615.23,1194.62,False,False,nan,True,0.7197,87.43,97.7,True,0,COLLECTING,0,,0,,,,,4,62,99,30,60,0.999976999735494,0.24494897427831783
2026-08-31T22:01:01.670,124900921,P016,normal_pressure,VALID,,,,784,4452787,110086,113496,110072.64,113573.05,13.36,-77.05,-480.68,1180.34,False,False,nan,True,0.7197,87.43,97.7,True,0,COLLECTING,0,,0,,,,,4,62,99,30,60,0.999976999735494,0.24494897427831783
2026-08-31T22:01:01.700,124900953,P016,normal_pressure,VALID,,,,785,4452837,110166,113682,110074.51,113575.23,91.49,106.77,-333.82,1163.41,False,False,nan,True,0.7197,87.43,97.7,True,0,COLLECTING,0,,0,,,,,4,62,99,30,60,0.999976999735494,0.24494897427831783
2026-08-31T22:01:01.730,124900984,P016,normal_pressure,VALID,,,,786,4452867,110284,113912,110078.7,113581.97,205.3,330.03,-167.86,1143.5,False,False,nan,True,0.7197,87.43,97.7,True,0,COLLECTING,0,,0,,,,,4,62,99,30,60,0.999976999735494,0.24494897427831783
2026-08-31T22:01:01.847,124901093,P016,normal_pressure,VALID,,,,787,4452917,110361,114078,110084.34,113591.89,276.66,486.11,-4.37,1120.72,False,False,nan,True,0.7197,87.43,97.7,True,0,COLLECTING,0,,0,,,,,3,62,99,30,60,0.999976999735494,0.24494897427831783
2026-08-31T22:01:01.855,124901109,P016,normal_pressure,VALID,,,,788,4452957,110423,114163,110091.12,113603.31,331.88,559.69,136.65,1101.04,False,False,nan,True,0.7197,87.43,97.7,True,0,COLLECTING,0,,0,,,,,3,62,99,30,60,0.999976999735494,0.24494897427831783
2026-08-31T22:01:01.866,124901109,P016,normal_pressure,VALID,,,,789,4452997,110330,113963,110095.9,113610.51,234.1,352.49,190.61,1082.83,False,False,nan,True,0.7197,87.43,97.7,True,0,COLLECTING,0,,0,,,,,3,62,99,30,60,0.999976999735494,0.24494897427831783
2026-08-31T22:01:01.900,124901156,P016,normal_pressure,VALID,,,,790,4453037,110180,113611,110097.58,113610.52,82.42,0.48,143.08,1064.03,False,False,nan,True,0.7197,87.43,97.7,True,0,COLLECTING,0,,0,,,,,3,62,99,30,60,0.999976999735494,0.24494897427831783
2026-08-31T22:01:02.051,124901296,P016,normal_pressure,VALID,,,,791,4453077,110173,113576,110099.09,113609.83,73.91,-33.83,98.85,1044.73,False,False,nan,True,0.7197,87.43,97.7,True,0,COLLECTING,0,,0,,,,,3,62,99,30,60,0.999976999735494,0.24494897427831783
2026-08-31T22:01:02.060,124901312,P016,normal_pressure,VALID,,,,792,4453117,110267,113836,110102.45,113614.35,164.55,221.65,129.55,1026.42,False,False,nan,True,0.7197,87.43,97.7,True,0,COLLECTING,0,,0,,,,,3,62,99,30,60,0.999976999735494,0.24494897427831783
2026-08-31T22:01:02.068,124901312,P016,normal_pressure,VALID,,,,793,4453157,110350,113950,110107.4,113621.06,242.6,328.94,179.4,1009.48,False,False,nan,True,0.7197,87.43,97.7,True,0,COLLECTING,0,,0,,,,,3,62,99,30,60,0.999976999735494,0.24494897427831783
2026-08-31T22:01:02.077,124901328,P016,normal_pressure,VALID,,,,794,4453197,110421,114129,110113.67,113631.22,307.33,497.78,258.99,994.47,False,False,nan,True,0.7197,87.43,97.7,True,0,COLLECTING,0,,0,,,,,3,62,99,30,60,0.999976999735494,0.24494897427831783
2026-08-31T22:01:02.100,124901343,P016,normal_pressure,VALID,,,,795,4453237,110337,113970,110118.14,113637.99,218.86,332.01,277.25,980.13,False,False,nan,True,0.7197,87.43,97.7,True,0,COLLECTING,0,,0,,,,,3,62,99,30,60,0.999976999735494,0.24494897427831783
2026-08-31T22:01:02.245,124901500,P016,normal_pressure,VALID,,,,796,4453277,110208,113702,110119.94,113639.27,88.06,62.73,223.62,965.0,False,False,nan,True,0.7197,87.43,97.7,True,0,COLLECTING,0,,0,,,,,3,62,99,30,60,0.999976999735494,0.24494897427831783
2026-08-31T22:01:02.258,124901515,P016,normal_pressure,VALID,,,,797,4453317,110127,113546,110120.08,113637.41,6.92,-91.41,144.86,948.6,False,False,nan,True,0.7197,87.43,97.7,True,0,COLLECTING,0,,0,,,,,3,62,99,30,60,0.999976999735494,0.24494897427831783
2026-08-31T22:01:02.266,124901515,P016,normal_pressure,VALID,,,,798,4453357,110079,113503,110119.26,113634.72,-40.26,-131.72,75.72,931.14,False,False,nan,True,0.7197,87.43,97.7,True,0,COLLECTING,0,,0,,,,,3,62,99,30,60,0.999976999735494,0.24494897427831783
2026-08-31T22:01:02.278,124901531,P016,normal_pressure,VALID,,,,799,4453397,110171,113636,110120.29,113634.74,50.71,1.26,57.1,913.66,False,False,nan,True,0.7197,87.43,97.7,True,0,COLLECTING,0,,0,,,,,3,62,99,30,60,0.999976999735494,0.24494897427831783
2026-08-31T22:01:02.300,124901546,P016,normal_pressure,VALID,,,,800,4453437,110255,113867,110122.98,113639.39,132.02,227.61,99.73,897.38,False,False,nan,True,0.7197,87.43,97.7,True,0,COLLECTING,0,,0,,,,,3,62,99,30,60,0.999976999735494,0.24494897427831783
2026-08-31T22:01:02.446,124901703,P016,normal_pressure,VALID,,,,801,4453477,110341,114029,110127.34,113647.18,213.66,381.82,170.25,882.84,False,False,nan,True,0.7197,87.43,98.14,True,0,COLLECTING,0,,0,,,,,3,62,99,30,60,0.999976999735494,0.24494897427831783
2026-08-31T22:01:02.457,124901703,P016,normal_pressure,VALID,,,,802,4453517,110419,114232,110133.18,113658.88,285.82,573.12,270.97,870.6,False,False,nan,True,0.7197,87.43,98.14,True,0,COLLECTING,0,,0,,,,,3,62,99,30,60,0.999976999735494,0.24494897427831783
2026-08-31T22:01:02.465,124901718,P016,normal_pressure,VALID,,,,803,4453557,110492,114435,110140.36,113674.4,351.64,760.6,393.38,861.06,False,False,nan,True,0.7197,87.43,98.14,True,0,COLLECTING,0,,0,,,,,3,62,99,30,60,0.999976999735494,0.24494897427831783
2026-08-31T22:01:02.478,124901734,P016,normal_pressure,VALID,,,,804,4453597,110619,114666,110149.93,113694.23,469.07,971.77,537.98,854.59,False,False,nan,True,0.7197,87.43,98.14,True,0,COLLECTING,0,,0,,,,,3,62,99,30,60,0.999976999735494,0.24494897427831783
2026-08-31T22:01:02.503,124901750,P016,normal_pressure,VALID,,,,805,4453637,110711,114905,110161.15,113718.45,549.85,1186.55,700.12,851.5,False,False,nan,True,0.7197,87.43,98.14,True,0,COLLECTING,0,,0,,,,,3,62,99,30,60,0.999976999735494,0.24494897427831783
2026-08-31T22:01:02.647,124901906,P016,normal_pressure,VALID,,,,806,4453677,110672,114703,110171.37,113738.13,500.63,964.87,766.31,849.8,False,False,nan,True,0.7197,87.43,98.14,True,0,COLLECTING,0,,0,,,,,3,62,99,30,60,0.999976999735494,0.17320508075688776
2026-08-31T22:01:02.661,124901906,P016,normal_pressure,VALID,,,,807,4453717,110489,114325,110177.72,113749.87,311.28,575.13,718.51,847.17,True,False,nan,True,0.7197,87.43,98.14,True,0,COLLECTING,0,,0,,,,,3,62,99,30,60,0.999976999735494,0.17320508075688776
2026-08-31T22:01:02.671,124901921,P016,normal_pressure,VALID,,,,808,4453757,110490,114289,110183.96,113760.65,306.04,528.35,670.97,843.65,False,False,nan,True,0.7197,87.43,98.14,True,0,COLLECTING,0,,0,,,,,3,62,99,30,60,0.999976999735494,0.17320508075688776
2026-08-31T22:01:02.683,124901937,P016,normal_pressure,VALID,,,,809,4453797,110525,114401,110190.78,113773.45,334.22,627.55,660.12,839.98,False,False,nan,True,0.7197,87.43,98.14,True,0,COLLECTING,0,,0,,,,,3,62,99,30,60,0.999976999735494,0.17320508075688776
2026-08-31T22:01:02.701,124901953,P016,normal_pressure,VALID,,,,810,4453837,110586,114546,110198.69,113788.91,387.31,757.09,684.36,836.87,False,False,nan,True,0.7197,87.43,98.14,True,0,COLLECTING,0,,0,,,,,3,62,99,30,60,0.999976999735494,0.17320508075688776
2026-08-31T22:01:02.849,124902093,P016,normal_pressure,VALID,,,,811,4453877,110627,114630,110207.25,113805.73,419.75,824.27,719.34,834.52,False,False,nan,True,0.7197,87.43,98.14,True,0,COLLECTING,0,,0,,,,,3,62,99,30,60,0.999976999735494,0.24494897427831783
2026-08-31T22:01:02.861,124902109,P016,normal_pressure,VALID,,,,812,4453917,110643,114676,110215.97,113823.13,427.03,852.87,752.72,832.88,False,False,nan,True,0.7197,87.43,98.14,True,0,COLLECTING,0,,0,,,,,3,62,99,30,60,0.999976999735494,0.24494897427831783
2026-08-31T22:01:02.871,124902125,P016,normal_pressure,VALID,,,,813,4453957,110697,114648,110225.59,113839.63,471.41,808.37,766.63,831.56,False,False,nan,True,0.7197,87.43,98.14,True,0,COLLECTING,0,,0,,,,,3,62,99,30,60,0.999976999735494,0.24494897427831783
2026-08-31T22:01:02.878,124902125,P016,normal_pressure,VALID,,,,814,4453997,110793,114910,110236.94,113861.04,556.06,1048.96,837.21,831.67,False,False,nan,True,0.7197,87.43,98.14,True,0,COLLECTING,0,,0,,,,,3,62,99,30,60,0.999976999735494,0.24494897427831783
2026-08-31T22:01:02.900,124902156,P016,normal_pressure,VALID,,,,815,4454037,110911,115113,110250.42,113886.08,660.58,1226.92,934.64,833.73,False,False,nan,True,0.7197,87.43,98.14,True,0,COLLECTING,0,,0,,,,,3,62,99,30,60,0.999976999735494,0.24494897427831783
2026-08-31T22:01:03.046,124902296,P016,normal_pressure,VALID,,,,816,4454077,110971,115260,110264.84,113913.55,706.16,1346.45,1037.59,837.81,False,False,nan,True,0.7197,87.43,98.14,True,0,COLLECTING,0,,0,,,,,3,62,99,30,60,0.999976999735494,0.24494897427831783
2026-08-31T22:01:03.058,124902312,P016,normal_pressure,VALID,,,,817,4454117,110980,115295,110279.14,113941.18,700.86,1353.82,1116.65,843.38,False,False,nan,True,0.7197,87.43,98.14,True,0,COLLECTING,0,,0,,,,,3,62,99,30,60,0.999976999735494,0.24494897427831783
2026-08-31T22:01:03.068,124902312,P016,normal_pressure,VALID,,,,818,4454157,111003,115304,110293.62,113968.44,709.38,1335.56,1171.38,849.94,False,False,nan,True,0.7197,87.43,98.14,True,0,COLLECTING,0,,0,,,,,3,62,99,30,60,0.999976999735494,0.24494897427831783
2026-08-31T22:01:03.077,124902328,P016,normal_pressure,VALID,,,,819,4454197,110980,115257,110307.34,113994.21,672.66,1262.79,1194.23,856.83,False,False,nan,True,0.7197,87.43,98.14,True,0,COLLECTING,0,,0,,,,,3,62,99,30,60,0.999976999735494,0.24494897427831783
2026-08-31T22:01:03.102,124902359,P016,normal_pressure,VALID,,,,820,4454237,110991,115260,110321.02,114019.52,669.98,1240.48,1205.79,863.81,False,False,nan,True,0.7197,87.43,98.14,True,0,COLLECTING,0,,0,,,,,3,62,99,30,60,0.999976999735494,0.24494897427831783
2026-08-31T22:01:03.247,124902500,P016,normal_pressure,VALID,,,,821,4454277,110898,115144,110332.55,114042.02,565.45,1101.98,1179.84,870.13,True,True,560.0,True,0.742,85.56,98.14,True,0,COLLECTING,0,,0,,,,,3,62,99,30,60,0.9998384869567685,0.24494897427831783
2026-08-31T22:01:03.257,124902515,P016,normal_pressure,VALID,,,,822,4454317,110757,114847,110341.05,114058.12,415.95,788.88,1082.1,874.37,False,False,nan,True,0.742,85.56,98.14,True,0,COLLECTING,0,,0,,,,,3,62,99,30,60,0.9998384869567685,0.24494897427831783
2026-08-31T22:01:03.269,124902515,P016,normal_pressure,VALID,,,,823,4454357,110540,114328,110345.02,114063.52,194.98,264.48,877.7,874.43,False,False,nan,True,0.742,85.56,98.14,True,0,COLLECTING,0,,0,,,,,3,62,99,30,60,0.9998384869567685,0.24494897427831783
2026-08-31T22:01:03.278,124902531,P016,normal_pressure,VALID,,,,824,4454397,110386,113969,110345.84,114061.62,40.16,-92.62,635.12,869.65,False,False,nan,True,0.742,85.56,98.14,True,0,COLLECTING,0,,0,,,,,3,62,99,30,60,0.9998384869567685,0.24494897427831783
2026-08-31T22:01:03.300,124902546,P016,normal_pressure,VALID,,,,825,4454437,110450,114081,110347.93,114062.02,102.07,18.98,481.08,861.88,False,False,nan,True,0.742,85.56,98.14,True,0,COLLECTING,0,,0,,,,,3,62,99,30,60,0.9998384869567685,0.24494897427831783
2026-08-31T22:01:03.446,124902703,P016,normal_pressure,VALID,,,,826,4454477,110468,114180,110350.33,114064.38,117.67,115.62,389.72,852.43,False,False,nan,True,0.742,85.56,98.14,True,0,COLLECTING,0,,0,,,,,4,62,99,30,60,0.999976999735494,0.24494897427831783
2026-08-31T22:01:03.457,124902703,P016,normal_pressure,VALID,,,,827,4454517,110567,114282,110354.66,114068.73,212.34,213.27,345.61,842.3,False,False,nan,True,0.742,85.56,98.14,True,0,COLLECTING,0,,0,,,,,4,62,99,30,60,0.999976999735494,0.24494897427831783
2026-08-31T22:01:03.465,124902718,P016,normal_pressure,VALID,,,,828,4454557,110581,114312,110359.19,114073.59,221.81,238.41,318.81,831.83,False,False,nan,True,0.742,85.56,98.14,True,0,COLLECTING,0,,0,,,,,4,62,99,30,60,0.999976999735494,0.24494897427831783
2026-08-31T22:01:03.476,124902734,P016,normal_pressure,VALID,,,,829,4454597,110540,114214,110362.8,114076.4,177.2,137.6,273.51,820.66,False,False,nan,True,0.742,85.56,98.14,True,0,COLLECTING,0,,0,,,,,4,62,99,30,60,0.999976999735494,0.24494897427831783
2026-08-31T22:01:03.501,124902750,P016,normal_pressure,VALID,,,,830,4454637,110528,114162,110366.11,114078.11,161.89,83.89,226.1,808.77,False,False,nan,True,0.742,85.56,98.14,True,0,COLLECTING,0,,0,,,,,4,62,99,30,60,0.999976999735494,0.24494897427831783
2026-08-31T22:01:03.645,124902890,P016,normal_pressure,VALID,,,,831,4454677,110552,114243,110369.83,114081.41,182.17,161.59,209.97,796.79,False,False,nan,True,0.742,85.56,98.14,True,0,COLLECTING,0,,0,,,,,4,62,99,30,60,0.999976999735494,0.24494897427831783
2026-08-31T22:01:03.658,124902906,P016,normal_pressure,VALID,,,,832,4454717,110660,114512,110375.63,114090.02,284.37,421.98,262.98,786.12,False,False,nan,True,0.742,85.56,98.14,True,0,COLLECTING,0,,0,,,,,4,62,99,30,60,0.999976999735494,0.24494897427831783
2026-08-31T22:01:03.666,124902921,P016,normal_pressure,VALID,,,,833,4454757,110741,114761,110382.94,114103.44,358.06,657.56,361.62,777.63,False,False,nan,True,0.742,85.56,98.14,True,0,COLLECTING,0,,0,,,,,4,62,99,30,60,0.999976999735494,0.24494897427831783
2026-08-31T22:01:03.683,124902937,P016,normal_pressure,VALID,,,,834,4454797,110832,114876,110391.92,114118.89,440.08,757.11,460.5,771.28,False,False,nan,True,0.742,85.56,98.14,True,0,COLLECTING,0,,0,,,,,4,62,99,30,60,0.999976999735494,0.24494897427831783
2026-08-31T22:01:03.700,124902953,P016,normal_pressure,VALID,,,,835,4454837,110919,115052,110402.46,114137.55,516.54,914.45,573.98,767.34,False,False,nan,True,0.742,85.56,98.14,True,0,COLLECTING,0,,0,,,,,4,62,99,30,60,0.999976999735494,0.24494897427831783
2026-08-31T22:01:03.846,124903093,P016,normal_pressure,VALID,,,,836,4454877,110962,115167,110413.65,114158.14,548.35,1008.86,682.7,765.65,False,False,nan,True,0.742,85.56,98.14,True,0,COLLECTING,0,,0,,,,,4,62,99,30,60,0.999976999735494,0.24494897427831783
2026-08-31T22:01:03.857,124903109,P016,normal_pressure,VALID,,,,837,4454917,110958,115218,110424.54,114179.34,533.46,1038.66,771.69,765.77,False,False,nan,True,0.742,85.56,98.14,True,0,COLLECTING,0,,0,,,,,4,62,99,30,60,0.999976999735494,0.24494897427831783
2026-08-31T22:01:03.865,124903109,P016,normal_pressure,VALID,,,,838,4454957,110992,115261,110435.89,114200.97,556.11,1060.03,843.78,767.33,False,False,nan,True,0.742,85.56,98.14,True,0,COLLECTING,0,,0,,,,,4,62,99,30,60,0.999976999735494,0.24494897427831783
2026-08-31T22:01:03.875,124903125,P016,normal_pressure,VALID,,,,839,4454997,110935,115123,110445.88,114219.41,489.12,903.59,858.73,769.16,False,False,nan,True,0.742,85.56,98.14,True,0,COLLECTING,0,,0,,,,,4,62,99,30,60,0.999976999735494,0.24494897427831783
2026-08-31T22:01:03.901,124903156,P016,normal_pressure,VALID,,,,840,4455037,110750,114702,110451.96,114229.05,298.04,472.95,762.28,769.02,True,True,760.0,True,0.9196,93.75,98.14,True,0,COLLECTING,0,,0,,,,,4,62,99,30,60,0.999976999735494,0.24494897427831783
2026-08-31T22:01:04.046,124903296,P016,normal_pressure,VALID,,,,841,4455077,110743,114640,110457.78,114237.27,285.22,402.73,672.4,767.09,False,False,nan,True,0.9196,93.75,98.14,True,0,COLLECTING,0,,0,,,,,5,62,99,30,60,0.9990840805457767,0.24494897427831783
2026-08-31T22:01:04.057,124903312,P016,normal_pressure,VALID,,,,842,4455117,110860,114813,110465.83,114248.79,394.17,564.21,645.35,764.65,False,False,nan,True,0.9196,93.75,98.14,True,0,COLLECTING,0,,0,,,,,5,62,99,30,60,0.9990840805457767,0.24494897427831783
2026-08-31T22:01:04.065,124903312,P016,normal_pressure,VALID,,,,843,4455157,110940,114968,110475.31,114263.17,464.69,704.83,660.22,762.56,False,False,nan,True,0.9196,93.75,98.14,True,0,COLLECTING,0,,0,,,,,5,62,99,30,60,0.9990840805457767,0.24494897427831783
2026-08-31T22:01:04.075,124903328,P016,normal_pressure,VALID,,,,844,4455197,111025,115181,110486.3,114281.53,538.7,899.47,720.03,761.71,False,False,nan,True,0.9196,93.75,98.14,True,0,COLLECTING,0,,0,,,,,5,62,99,30,60,0.9990840805457767,0.24494897427831783
2026-08-31T22:01:04.100,124903343,P016,normal_pressure,VALID,,,,845,4455237,111052,115215,110497.62,114300.2,554.38,914.8,768.72,761.85,False,False,nan,True,0.9196,93.75,98.14,True,0,COLLECTING,0,,0,,,,,5,62,99,30,60,0.9990840805457767,0.24494897427831783
2026-08-31T22:01:04.245,124903500,P016,normal_pressure,VALID,,,,846,4455277,110987,115115,110507.41,114316.5,479.59,798.5,776.17,762.14,False,False,nan,True,0.9196,93.75,98.14,True,0,COLLECTING,0,,0,,,,,5,62,99,30,60,0.999976999735494,0.24494897427831783
2026-08-31T22:01:04.258,124903515,P016,normal_pressure,VALID,,,,847,4455317,111013,115132,110517.52,114332.81,495.48,799.19,781.92,762.53,False,False,nan,True,0.9196,93.75,98.14,True,0,COLLECTING,0,,0,,,,,5,62,99,30,60,0.999976999735494,0.24494897427831783
2026-08-31T22:01:04.266,124903515,P016,normal_pressure,VALID,,,,848,4455357,110984,115124,110526.84,114348.63,457.16,775.37,780.28,762.89,True,False,nan,True,0.9196,93.75,98.14,True,0,COLLECTING,0,,0,,,,,5,62,99,30,60,0.999976999735494,0.24494897427831783
2026-08-31T22:01:04.276,124903531,P016,normal_pressure,VALID,,,,849,4455397,111078,115277,110537.87,114367.2,540.13,909.8,812.66,763.88,False,False,nan,True,0.9196,93.75,98.14,True,0,COLLECTING,0,,0,,,,,5,62,99,30,60,0.999976999735494,0.24494897427831783
2026-08-31T22:01:04.301,124903546,P016,normal_pressure,VALID,,,,850,4455437,111148,115454,110550.07,114388.94,597.93,1065.06,875.76,766.12,False,False,nan,True,0.9196,93.75,98.14,True,0,COLLECTING,0,,0,,,,,5,62,99,30,60,0.999976999735494,0.24494897427831783
2026-08-31T22:01:04.445,124903703,P016,normal_pressure,VALID,,,,851,4455477,111171,115521,110562.49,114411.58,608.51,1109.42,934.18,769.48,False,False,nan,True,0.9196,93.75,98.14,True,0,COLLECTING,0,,0,,,,,5,62,99,30,60,0.999976999735494,0.17320508075688776
2026-08-31T22:01:04.457,124903703,P016,normal_pressure,VALID,,,,852,4455517,111229,115637,110575.82,114436.09,653.18,1200.91,1000.86,774.11,False,False,nan,True,0.9196,93.75,98.14,True,0,COLLECTING,0,,0,,,,,5,62,99,30,60,0.999976999735494,0.17320508075688776
2026-08-31T22:01:04.468,124903718,P016,normal_pressure,VALID,,,,853,4455557,111247,115687,110589.24,114461.1,657.76,1225.9,1057.12,779.77,False,False,nan,True,0.9196,93.75,98.14,True,0,COLLECTING,0,,0,,,,,5,62,99,30,60,0.999976999735494,0.17320508075688776
2026-08-31T22:01:04.476,124903734,P016,normal_pressure,VALID,,,,854,4455597,111275,115757,110602.96,114487.02,672.04,1269.98,1110.34,786.38,False,False,nan,True,0.9196,93.75,98.14,True,0,COLLECTING,0,,0,,,,,5,62,99,30,60,0.999976999735494,0.17320508075688776
2026-08-31T22:01:04.500,124903750,P016,normal_pressure,VALID,,,,855,4455637,111264,115709,110616.18,114511.45,647.82,1197.55,1132.14,793.3,False,False,nan,True,0.9196,93.75,98.14,True,0,COLLECTING,0,,0,,,,,5,62,99,30,60,0.999976999735494,0.17320508075688776
2026-08-31T22:01:04.645,124903890,P016,normal_pressure,VALID,,,,856,4455677,111066,115284,110625.18,114526.91,440.82,757.09,1038.38,798.2,True,True,640.0,True,0.9228,93.02,98.14,True,0,COLLECTING,0,,0,,,,,5,62,99,30,60,0.999976999735494,0.24494897427831783
2026-08-31T22:01:04.658,124903906,P016,normal_pressure,VALID,,,,857,4455717,110778,114668,110628.23,114529.73,149.77,138.27,813.35,798.5,False,False,nan,True,0.9228,93.02,98.14,True,0,COLLECTING,0,,0,,,,,5,62,99,30,60,0.999976999735494,0.24494897427831783
2026-08-31T22:01:04.670,124903921,P016,normal_pressure,VALID,,,,858,4455757,110648,114393,110628.63,114526.99,19.37,-133.99,576.52,794.06,False,False,nan,True,0.9228,93.02,98.14,True,0,COLLECTING,0,,0,,,,,5,62,99,30,60,0.999976999735494,0.24494897427831783
2026-08-31T22:01:04.679,124903937,P016,normal_pressure,VALID,,,,859,4455797,110621,114331,110628.48,114523.07,-7.48,-192.07,384.37,785.87,False,False,nan,True,0.9228,93.02,98.14,True,0,COLLECTING,0,,0,,,,,5,62,99,30,60,0.999976999735494,0.24494897427831783
2026-08-31T22:01:04.703,124903953,P016,normal_pressure,VALID,,,,860,4455837,110570,114241,110627.3,114517.43,-57.3,-276.43,219.17,774.53,False,False,nan,True,0.9228,93.02,98.14,True,0,COLLECTING,0,,0,,,,,5,62,99,30,60,0.999976999735494,0.24494897427831783
2026-08-31T22:01:04.845,124904093,P016,normal_pressure,VALID,,,,861,4455877,110531,114164,110625.38,114510.36,-94.38,-346.36,77.79,760.6,False,False,nan,True,0.9228,93.02,98.14,True,0,COLLECTING,0,,0,,,,,6,62,99,30,60,0.999976999735494,0.17320508075688776
2026-08-31T22:01:04.857,124904109,P016,normal_pressure,VALID,,,,862,4455917,110490,114053,110622.66,114501.21,-132.66,-448.21,-53.71,746.46,False,False,nan,True,0.9228,93.02,98.14,True,0,COLLECTING,0,,0,,,,,6,62,99,30,60,0.999976999735494,0.17320508075688776
2026-08-31T22:01:04.868,124904125,P016,normal_pressure,VALID,,,,863,4455957,110406,113849,110618.33,114488.16,-212.33,-639.16,-200.08,735.53,False,False,nan,True,0.9228,93.02,98.14,True,0,COLLECTING,0,,0,,,,,6,62,99,30,60,0.999976999735494,0.17320508075688776
2026-08-31T22:01:04.876,124904125,P016,normal_pressure,VALID,,,,864,4455997,110375,113808,110613.46,114474.56,-238.46,-666.56,-316.7,727.16,False,False,nan,True,0.9228,93.02,98.14,True,0,COLLECTING,0,,0,,,,,6,62,99,30,60,0.999976999735494,0.17320508075688776
2026-08-31T22:01:04.902,124904156,P016,normal_pressure,VALID,,,,865,4456037,110414,113884,110609.47,114462.75,-195.47,-578.75,-382.21,720.26,False,False,nan,True,0.9228,93.02,98.14,True,0,COLLECTING,0,,0,,,,,6,62,99,30,60,0.999976999735494,0.17320508075688776
2026-08-31T22:01:05.046,124904296,P016,normal_pressure,VALID,,,,866,4456077,110471,113986,110606.7,114453.22,-135.7,-467.22,-403.46,713.92,False,False,nan,True,0.9228,93.02,98.14,True,0,COLLECTING,0,,0,,,,,6,62,99,30,60,0.999976999735494,0.24494897427831783
2026-08-31T22:01:05.058,124904312,P016,normal_pressure,VALID,,,,867,4456117,110488,114047,110604.33,114445.09,-116.33,-398.09,-402.12,707.69,False,False,nan,True,0.9228,93.02,98.14,True,0,COLLECTING,0,,0,,,,,6,62,99,30,60,0.999976999735494,0.24494897427831783
2026-08-31T22:01:05.069,124904328,P016,normal_pressure,VALID,,,,868,4456157,110465,113977,110601.54,114435.73,-136.54,-458.73,-416.27,701.86,False,False,nan,True,0.9228,93.02,98.14,True,0,COLLECTING,0,,0,,,,,6,62,99,30,60,0.999976999735494,0.24494897427831783
2026-08-31T22:01:05.077,124904328,P016,normal_pressure,VALID,,,,869,4456197,110449,113962,110598.49,114426.26,-149.49,-464.26,-428.27,696.39,False,False,nan,True,0.9228,93.02,98.14,True,0,COLLECTING,0,,0,,,,,6,62,99,30,60,0.999976999735494,0.24494897427831783
2026-08-31T22:01:05.103,124904359,P016,normal_pressure,VALID,,,,870,4456237,110472,114013,110595.96,114417.99,-123.96,-404.99,-422.45,690.91,False,False,nan,True,0.9228,93.02,98.14,True,0,COLLECTING,0,,0,,,,,6,62,99,30,60,0.999976999735494,0.24494897427831783
2026-08-31T22:01:05.246,124904500,P016,normal_pressure,VALID,,,,871,4456277,110501,114072,110594.06,114411.07,-93.06,-339.07,-401.61,685.12,False,False,nan,True,0.9228,93.02,98.14,True,0,COLLECTING,0,,0,,,,,6,62,99,30,60,0.999976999735494,0.24494897427831783
2026-08-31T22:01:05.258,124904515,P016,normal_pressure,VALID,,,,872,4456317,110461,113973,110591.4,114402.31,-130.4,-429.31,-408.53,679.59,False,False,nan,True,0.9228,93.02,98.14,True,0,COLLECTING,0,,0,,,,,6,62,99,30,60,0.999976999735494,0.24494897427831783
2026-08-31T22:01:05.270,124904515,P016,normal_pressure,VALID,,,,873,4456357,110241,113469,110584.39,114383.65,-343.39,-914.65,-535.06,676.7,False,False,nan,True,0.9228,93.02,98.14,True,0,COLLECTING,0,,0,,,,,6,62,99,30,60,0.999976999735494,0.24494897427831783
2026-08-31T22:01:05.278,124904531,P016,normal_pressure,VALID,,,,874,4456397,110011,112967,110572.92,114355.31,-561.92,-1388.31,-748.37,678.13,False,False,nan,True,0.9228,93.02,98.14,True,0,COLLECTING,0,,0,,,,,6,62,99,30,60,0.999976999735494,0.24494897427831783
2026-08-31T22:01:05.300,124904546,P016,normal_pressure,VALID,,,,875,4456437,109969,112836,110560.84,114324.93,-591.84,-1488.93,-933.51,683.24,False,False,nan,True,0.9228,93.02,98.14,True,0,COLLECTING,0,,0,,,,,6,62,99,30,60,0.999976999735494,0.24494897427831783
2026-08-31T22:01:05.448,124904703,P016,normal_pressure,VALID,,,,876,4456477,110011,112949,110549.84,114297.41,-538.84,-1348.41,-1037.24,690.32,False,False,nan,True,0.9228,93.02,98.14,True,0,COLLECTING,0,,0,,,,,6,62,99,30,60,0.999976999735494,0.17320508075688776
2026-08-31T22:01:05.458,124904703,P016,normal_pressure,VALID,,,,877,4456517,110071,113070,110540.27,114272.87,-469.27,-1202.87,-1078.65,698.09,False,False,nan,True,0.9228,93.02,98.14,True,0,COLLECTING,0,,0,,,,,6,62,99,30,60,0.999976999735494,0.17320508075688776
2026-08-31T22:01:05.469,124904718,P016,normal_pressure,VALID,,,,878,4456557,110093,113137,110531.32,114250.15,-438.32,-1113.15,-1087.27,705.87,False,False,nan,True,0.9228,93.02,98.14,True,0,COLLECTING,0,,0,,,,,6,62,99,30,60,0.999976999735494,0.17320508075688776
2026-08-31T22:01:05.479,124904734,P016,normal_pressure,VALID,,,,879,4456597,110015,112963,110520.99,114224.41,-505.99,-1261.41,-1130.8,714.37,False,False,nan,True,0.9228,93.02,98.14,True,0,COLLECTING,0,,0,,,,,6,62,99,30,60,0.999976999735494,0.17320508075688776
2026-08-31T22:01:05.500,124904750,P016,normal_pressure,VALID,,,,880,4456637,109936,112786,110509.29,114195.64,-573.29,-1409.64,-1200.51,724.09,False,False,nan,True,0.9228,93.02,98.14,True,0,COLLECTING,0,,0,,,,,6,62,99,30,60,0.999976999735494,0.17320508075688776
2026-08-31T22:01:05.646,124904890,P016,normal_pressure,VALID,,,,881,4456677,109965,112834,110498.41,114168.41,-533.41,-1334.41,-1233.99,734.29,False,False,nan,True,0.9228,93.02,98.14,True,0,COLLECTING,0,,0,,,,,6,62,99,30,60,0.999976999735494,0.24494897427831783
2026-08-31T22:01:05.656,124904906,P016,normal_pressure,VALID,,,,882,4456717,110054,113026,110489.52,114145.55,-435.52,-1119.55,-1205.38,743.71,False,False,nan,True,0.9228,93.02,98.14,True,0,COLLECTING,0,,0,,,,,6,62,99,30,60,0.999976999735494,0.24494897427831783
2026-08-31T22:01:05.669,124904921,P016,normal_pressure,VALID,,,,883,4456757,110172,113267,110483.16,114127.98,-311.16,-860.98,-1119.28,751.22,False,False,nan,True,0.9228,93.02,98.14,True,0,COLLECTING,0,,0,,,,,6,62,99,30,60,0.999976999735494,0.24494897427831783
2026-08-31T22:01:05.677,124904921,P016,normal_pressure,VALID,,,,884,4456797,110198,113346,110477.46,114112.34,-279.46,-766.34,-1031.05,756.82,False,False,nan,True,0.9228,93.02,98.14,True,0,COLLECTING,0,,0,,,,,6,62,99,30,60,0.999976999735494,0.24494897427831783
2026-08-31T22:01:05.701,124904953,P016,normal_pressure,VALID,,,,885,4456837,110180,113300,110471.52,114096.09,-291.52,-796.09,-972.31,761.13,False,False,nan,True,0.9228,93.02,98.14,True,0,COLLECTING,0,,0,,,,,6,62,99,30,60,0.999976999735494,0.24494897427831783
2026-08-31T22:01:05.847,124905093,P016,normal_pressure,VALID,,,,886,4456877,110028,113009,110462.65,114074.35,-434.65,-1065.35,-995.57,765.82,False,False,nan,True,0.9228,93.02,98.14,True,0,COLLECTING,0,,0,,,,,6,62,99,30,60,0.999976999735494,0.24494897427831783
2026-08-31T22:01:05.857,124905109,P016,normal_pressure,VALID,,,,887,4456917,109918,112785,110451.76,114048.56,-533.76,-1263.56,-1062.57,771.75,False,False,nan,True,0.9228,93.02,98.14,True,0,COLLECTING,0,,0,,,,,6,62,99,30,60,0.999976999735494,0.24494897427831783
2026-08-31T22:01:05.869,124905125,P016,normal_pressure,VALID,,,,888,4456957,109951,112822,110441.74,114024.03,-490.74,-1202.03,-1097.43,778.27,False,False,nan,True,0.9228,93.02,98.14,True,0,COLLECTING,0,,0,,,,,6,62,99,30,60,0.999976999735494,0.24494897427831783
2026-08-31T22:01:05.878,124905125,P016,normal_pressure,VALID,,,,889,4456997,109916,112753,110431.23,113998.61,-515.23,-1245.61,-1134.48,785.39,False,False,nan,True,0.9228,93.02,98.14,True,0,COLLECTING,0,,0,,,,,6,62,99,30,60,0.999976999735494,0.24494897427831783
2026-08-31T22:01:05.900,124905156,P016,normal_pressure,VALID,,,,890,4457037,109634,112127,110415.28,113961.18,-781.28,-1834.18,-1309.4,795.87,False,False,nan,True,0.9228,93.02,98.14,True,0,COLLECTING,0,,0,,,,,6,62,99,30,60,0.999976999735494,0.24494897427831783
2026-08-31T22:01:06.045,124905296,P016,normal_pressure,VALID,,,,891,4457077,109469,111728,110396.36,113916.52,-927.36,-2188.52,-1529.18,810.54,False,False,nan,True,0.9228,93.02,98.14,True,0,COLLECTING,0,,0,,,,,6,62,99,30,60,0.999976999735494,0.24494897427831783
2026-08-31T22:01:06.059,124905312,P016,normal_pressure,VALID,,,,892,4457117,109528,111844,110378.99,113875.06,-850.99,-2031.06,-1654.65,827.42,False,False,nan,True,0.9228,93.02,98.14,True,0,COLLECTING,0,,0,,,,,6,62,99,30,60,0.999976999735494,0.24494897427831783
2026-08-31T22:01:06.069,124905312,P016,normal_pressure,VALID,,,,893,4457157,109658,112113,110364.57,113839.82,-706.57,-1726.82,-1672.69,844.32,False,False,nan,True,0.9228,93.02,98.14,True,0,COLLECTING,0,,0,,,,,6,62,99,30,60,0.999976999735494,0.24494897427831783
2026-08-31T22:01:06.078,124905328,P016,normal_pressure,VALID,,,,894,4457197,109812,112454,110353.52,113812.1,-541.52,-1358.1,-1594.05,859.32,False,False,nan,True,0.9228,93.02,98.14,True,0,COLLECTING,0,,0,,,,,6,62,99,30,60,0.999976999735494,0.24494897427831783
2026-08-31T22:01:06.103,124905359,P016,normal_pressure,VALID,,,,895,4457237,109951,112756,110345.47,113790.98,-394.47,-1034.98,-1454.28,871.22,False,False,nan,True,0.9228,93.02,98.14,True,0,COLLECTING,0,,0,,,,,6,62,99,30,60,0.999976999735494,0.24494897427831783
2026-08-31T22:01:06.247,124905500,P016,normal_pressure,VALID,,,,896,4457277,109962,112784,110337.8,113770.84,-375.8,-986.84,-1337.42,880.54,False,False,nan,True,0.9228,93.02,98.14,True,0,COLLECTING,0,,0,,,,,6,62,99,30,60,0.999976999735494,0.24494897427831783
2026-08-31T22:01:06.258,124905515,P016,normal_pressure,VALID,,,,897,4457317,109849,112530,110328.02,113746.02,-479.02,-1216.02,-1307.07,889.07,False,False,nan,True,0.9228,93.02,98.14,True,0,COLLECTING,0,,0,,,,,6,62,99,30,60,0.999976999735494,0.24494897427831783
2026-08-31T22:01:06.268,124905515,P016,normal_pressure,VALID,,,,898,4457357,109761,112393,110316.68,113718.95,-555.68,-1325.95,-1311.79,897.53,False,False,nan,True,0.9228,93.02,98.14,True,0,COLLECTING,0,,0,,,,,6,62,99,30,60,0.999976999735494,0.24494897427831783
2026-08-31T22:01:06.277,124905531,P016,normal_pressure,VALID,,,,899,4457397,109736,112335,110305.06,113691.27,-569.06,-1356.27,-1322.91,906.03,False,False,nan,True,0.9228,93.02,98.14,True,0,COLLECTING,0,,0,,,,,6,62,99,30,60,0.999976999735494,0.24494897427831783
2026-08-31T22:01:06.301,124905546,P016,normal_pressure,VALID,,,,900,4457437,109668,112180,110292.32,113661.05,-624.32,-1481.05,-1362.44,915.16,False,False,nan,True,0.9228,93.02,98.14,True,0,COLLECTING,0,,0,,,,,6,62,99,30,60,0.999976999735494,0.24494897427831783
2026-08-31T22:01:06.445,124905703,P016,normal_pressure,VALID,,,,901,4457477,109618,112090,110278.84,113629.62,-660.84,-1539.62,-1406.74,924.99,False,False,nan,True,0.9228,93.02,98.45,True,0,COLLECTING,0,,0,,,,,6,62,99,30,60,0.999976999735494,0.24494897427831783
2026-08-31T22:01:06.456,124905703,P016,normal_pressure,VALID,,,,902,4457517,109579,112013,110264.84,113597.29,-685.84,-1584.29,-1451.13,935.52,False,False,nan,True,0.9228,93.02,98.45,True,0,COLLECTING,0,,0,,,,,6,62,99,30,60,0.999976999735494,0.24494897427831783
2026-08-31T22:01:06.468,124905718,P016,normal_pressure,VALID,,,,903,4457557,109542,111922,110250.38,113563.78,-708.38,-1641.78,-1498.79,946.78,False,False,nan,True,0.9228,93.02,98.45,True,0,COLLECTING,0,,0,,,,,6,62,99,30,60,0.999976999735494,0.24494897427831783
2026-08-31T22:01:06.477,124905734,P016,normal_pressure,VALID,,,,904,4457597,109533,111898,110236.04,113530.47,-703.04,-1632.47,-1532.21,958.49,False,False,nan,True,0.9228,93.02,98.45,True,0,COLLECTING,0,,0,,,,,6,62,99,30,60,0.999976999735494,0.24494897427831783
2026-08-31T22:01:06.502,124905750,P016,normal_pressure,VALID,,,,905,4457637,109602,112026,110223.36,113500.38,-621.36,-1474.38,-1517.75,969.68,False,False,nan,True,0.9228,93.02,98.45,True,0,COLLECTING,0,,0,,,,,6,62,99,30,60,0.999976999735494,0.24494897427831783
2026-08-31T22:01:06.646,124905890,P016,normal_pressure,VALID,,,,906,4457677,109636,112089,110211.61,113472.16,-575.61,-1383.16,-1484.1,979.96,False,False,nan,True,0.9228,93.02,98.45,True,0,COLLECTING,0,,0,,,,,6,62,99,30,60,0.999976999735494,0.24494897427831783
2026-08-31T22:01:06.657,124905906,P016,normal_pressure,VALID,,,,907,4457717,109484,111750,110197.05,113437.71,-713.05,-1687.71,-1535.01,991.07,False,False,nan,True,0.9228,93.02,98.45,True,0,COLLECTING,0,,0,,,,,6,62,99,30,60,0.999976999735494,0.24494897427831783
2026-08-31T22:01:06.682,124905937,P016,normal_pressure,VALID,,,,908,4457757,109352,111455,110180.16,113398.05,-828.16,-1943.05,-1637.02,1003.98,False,False,nan,True,0.9228,93.02,98.45,True,0,COLLECTING,0,,0,,,,,6,62,99,30,60,0.999976999735494,0.24494897427831783
2026-08-31T22:01:06.684,124905937,P016,normal_pressure,VALID,,,,909,4457797,109411,111584,110164.77,113361.77,-753.77,-1777.77,-1672.21,1017.35,False,False,nan,True,0.9228,93.02,98.45,True,0,COLLECTING,0,,0,,,,,6,62,99,30,60,0.999976999735494,0.24494897427831783
2026-08-31T22:01:06.701,124905953,P016,normal_pressure,VALID,,,,910,4457837,109497,111772,110151.42,113329.98,-654.42,-1557.98,-1643.65,1029.88,False,False,nan,True,0.9228,93.02,98.45,True,0,COLLECTING,0,,0,,,,,6,62,99,30,60,0.999976999735494,0.24494897427831783
2026-08-31T22:01:06.846,124906093,P016,normal_pressure,VALID,,,,911,4457877,109592,111984,110140.23,113303.05,-548.23,-1319.05,-1562.5,1040.53,False,False,nan,True,0.9228,93.02,98.45,True,0,COLLECTING,0,,0,,,,,6,62,99,30,60,0.999976999735494,0.17320508075688776
2026-08-31T22:01:06.858,124906109,P016,normal_pressure,VALID,,,,912,4457917,109686,112165,110131.15,113280.3,-445.15,-1115.3,-1450.7,1048.73,False,False,nan,True,0.9228,93.02,98.45,True,0,COLLECTING,0,,0,,,,,6,62,99,30,60,0.999976999735494,0.17320508075688776
2026-08-31T22:01:06.869,124906125,P016,normal_pressure,VALID,,,,913,4457957,109693,112188,110122.38,113258.45,-429.38,-1070.45,-1355.64,1054.87,False,False,nan,True,0.9228,93.02,98.45,True,0,COLLECTING,0,,0,,,,,6,62,99,30,60,0.999976999735494,0.17320508075688776
2026-08-31T22:01:06.879,124906125,P016,normal_pressure,VALID,,,,914,4457997,109665,112126,110113.23,113235.8,-448.23,-1109.8,-1294.18,1059.66,False,False,nan,True,0.9228,93.02,98.45,True,0,COLLECTING,0,,0,,,,,6,62,99,30,60,0.999976999735494,0.17320508075688776
2026-08-31T22:01:06.901,124906156,P016,normal_pressure,VALID,,,,915,4458037,109575,111948,110102.47,113210.05,-527.47,-1262.05,-1286.15,1064.19,False,False,nan,True,0.9228,93.02,98.45,True,0,COLLECTING,0,,0,,,,,6,62,99,30,60,0.999976999735494,0.17320508075688776
2026-08-31T22:01:07.045,124906296,P016,normal_pressure,VALID,,,,916,4458077,109561,111919,110091.64,113184.23,-530.64,-1265.23,-1280.92,1068.52,False,False,nan,True,0.9228,93.02,98.45,True,0,COLLECTING,0,,0,,,,,6,62,99,30,60,0.999976999735494,0.24494897427831783
2026-08-31T22:01:07.057,124906312,P016,normal_pressure,VALID,,,,917,4458117,109521,111844,110080.23,113157.42,-559.23,-1313.42,-1289.04,1072.93,False,False,nan,True,0.9228,93.02,98.45,True,0,COLLECTING,0,,0,,,,,6,62,99,30,60,0.999976999735494,0.24494897427831783
2026-08-31T22:01:07.068,124906312,P016,normal_pressure,VALID,,,,918,4458157,109505,111808,110068.72,113130.43,-563.72,-1322.43,-1297.39,1077.42,False,False,nan,True,0.9228,93.02,98.45,True,0,COLLECTING,0,,0,,,,,6,62,99,30,60,0.999976999735494,0.24494897427831783
2026-08-31T22:01:07.077,124906328,P016,normal_pressure,VALID,,,,919,4458197,109534,111872,110058.02,113105.26,-524.02,-1233.26,-1281.36,1081.5,False,False,nan,True,0.9228,93.02,98.45,True,0,COLLECTING,0,,0,,,,,6,62,99,30,60,0.999976999735494,0.24494897427831783
2026-08-31T22:01:07.103,124906359,P016,normal_pressure,VALID,,,,920,4458237,109575,111966,110048.36,113082.48,-473.36,-1116.48,-1240.14,1084.67,False,False,nan,True,0.9228,93.02,98.45,True,0,COLLECTING,0,,0,,,,,6,62,99,30,60,0.999976999735494,0.24494897427831783
2026-08-31T22:01:07.246,124906500,P016,normal_pressure,VALID,,,,921,4458277,109646,112106,110040.31,113062.95,-394.31,-956.95,-1169.34,1086.36,False,False,nan,True,0.9228,93.02,98.45,True,0,COLLECTING,0,,0,,,,,6,62,99,30,60,0.999976999735494,0.24494897427831783
2026-08-31T22:01:07.258,124906515,P016,normal_pressure,VALID,,,,922,4458317,109690,112201,110033.3,113045.7,-343.3,-844.7,-1088.18,1086.4,False,False,nan,True,0.9228,93.02,98.45,True,0,COLLECTING,0,,0,,,,,6,62,99,30,60,0.999976999735494,0.24494897427831783
2026-08-31T22:01:07.272,124906515,P016,normal_pressure,VALID,,,,923,4458357,109450,111684,110021.64,113018.47,-571.64,-1334.47,-1149.75,1087.67,False,False,nan,True,0.9228,93.02,98.45,True,0,COLLECTING,0,,0,,,,,6,62,99,30,60,0.999976999735494,0.24494897427831783
2026-08-31T22:01:07.283,124906531,P016,normal_pressure,VALID,,,,924,4458397,109134,110995,110003.89,112978.0,-869.89,-1983.0,-1358.06,1093.08,False,False,nan,True,0.9228,93.02,98.45,True,0,COLLECTING,0,,0,,,,,6,62,99,30,60,0.999976999735494,0.24494897427831783
2026-08-31T22:01:07.301,124906546,P016,normal_pressure,VALID,,,,925,4458437,109088,110860,109985.57,112935.64,-897.57,-2075.64,-1537.46,1101.96,False,False,nan,True,0.9228,93.02,98.45,True,0,COLLECTING,0,,0,,,,,6,62,99,30,60,0.999976999735494,0.24494897427831783
2026-08-31T22:01:07.446,124906703,P016,normal_pressure,VALID,,,,926,4458477,109126,110942,109968.38,112895.77,-842.38,-1953.77,-1641.54,1112.75,False,False,nan,True,0.9228,93.02,98.45,True,0,COLLECTING,0,,0,,,,,6,62,99,30,60,0.999976999735494,0.17320508075688776
2026-08-31T22:01:07.457,124906703,P016,normal_pressure,VALID,,,,927,4458517,109204,111112,109953.09,112860.09,-749.09,-1748.09,-1668.17,1123.86,False,False,nan,True,0.9228,93.02,98.45,True,0,COLLECTING,0,,0,,,,,6,62,99,30,60,0.999976999735494,0.17320508075688776
2026-08-31T22:01:07.468,124906718,P016,normal_pressure,VALID,,,,928,4458557,109288,111288,109939.79,112828.65,-651.79,-1540.65,-1636.29,1134.11,False,False,nan,True,0.9228,93.02,98.45,True,0,COLLECTING,0,,0,,,,,6,62,99,30,60,0.999976999735494,0.17320508075688776
2026-08-31T22:01:07.479,124906734,P016,normal_pressure,VALID,,,,929,4458597,109256,111219,109926.12,112796.45,-670.12,-1577.45,-1621.58,1143.86,False,False,nan,True,0.9228,93.02,98.45,True,0,COLLECTING,0,,0,,,,,6,62,99,30,60,0.999976999735494,0.17320508075688776
2026-08-31T22:01:07.503,124906750,P016,normal_pressure,VALID,,,,930,4458637,109211,111104,109911.81,112762.6,-700.81,-1658.6,-1630.84,1153.6,False,False,nan,True,0.9228,93.02,98.45,True,0,COLLECTING,0,,0,,,,,6,62,99,30,60,0.999976999735494,0.17320508075688776
2026-08-31T22:01:07.645,124906890,P016,normal_pressure,VALID,,,,931,4458677,109215,111129,109897.88,112729.93,-682.88,-1600.93,-1623.36,1163.0,False,False,nan,True,0.9228,93.02,98.45,True,0,COLLECTING,0,,0,,,,,6,62,99,30,60,0.999976999735494,0.24494897427831783
2026-08-31T22:01:07.658,124906906,P016,normal_pressure,VALID,,,,932,4458717,109223,111138,109884.38,112698.09,-661.38,-1560.09,-1607.54,1171.89,False,False,nan,True,0.9228,93.02,98.45,True,0,COLLECTING,0,,0,,,,,6,62,99,30,60,0.999976999735494,0.24494897427831783
2026-08-31T22:01:07.668,124906921,P016,normal_pressure,VALID,,,,933,4458757,109224,111155,109871.16,112667.23,-647.16,-1512.23,-1583.72,1180.12,False,False,nan,True,0.9228,93.02,98.45,True,0,COLLECTING,0,,0,,,,,6,62,99,30,60,0.999976999735494,0.24494897427831783
2026-08-31T22:01:07.677,124906921,P016,normal_pressure,VALID,,,,934,4458797,109207,111140,109857.88,112636.69,-650.88,-1496.69,-1561.96,1187.76,False,False,nan,True,0.9228,93.02,98.45,True,0,COLLECTING,0,,0,,,,,6,62,99,30,60,0.999976999735494,0.24494897427831783
2026-08-31T22:01:07.702,124906953,P016,normal_pressure,VALID,,,,935,4458837,109241,111206,109845.55,112608.07,-604.55,-1402.07,-1521.99,1194.44,False,False,nan,True,0.9228,93.02,98.45,True,0,COLLECTING,0,,0,,,,,6,62,99,30,60,0.999976999735494,0.24494897427831783
2026-08-31T22:01:07.852,124907109,P016,normal_pressure,VALID,,,,936,4458877,109273,111258,109834.09,112581.07,-561.09,-1323.07,-1472.26,1200.0,False,False,nan,True,0.9228,93.02,98.45,True,0,COLLECTING,0,,0,,,,,6,62,99,30,60,0.999976999735494,0.24494897427831783
2026-08-31T22:01:07.860,124907109,P016,normal_pressure,VALID,,,,937,4458917,109288,111298,109823.17,112555.41,-535.17,-1257.41,-1418.54,1204.37,False,False,nan,True,0.9228,93.02,98.45,True,0,COLLECTING,0,,0,,,,,6,62,99,30,60,0.999976999735494,0.24494897427831783
2026-08-31T22:01:07.868,124907125,P016,normal_pressure,VALID,,,,938,4458957,109252,111234,109811.75,112528.98,-559.75,-1294.98,-1387.65,1208.04,False,False,nan,True,0.9228,93.02,98.45,True,0,COLLECTING,0,,0,,,,,6,62,99,30,60,0.999976999735494,0.24494897427831783
2026-08-31T22:01:07.877,124907125,P016,normal_pressure,VALID,,,,939,4458997,109077,110816,109797.05,112494.72,-720.05,-1678.72,-1460.42,1213.09,False,False,nan,True,0.9228,93.02,98.45,True,0,COLLECTING,0,,0,,,,,6,62,99,30,60,0.999976999735494,0.24494897427831783
2026-08-31T22:01:07.901,124907156,P016,normal_pressure,VALID,,,,940,4459037,108998,110651,109781.07,112457.84,-783.07,-1806.84,-1547.03,1219.76,False,False,nan,True,0.9228,93.02,98.45,True,0,COLLECTING,0,,0,,,,,6,62,99,30,60,0.999976999735494,0.24494897427831783
2026-08-31T22:01:08.046,124907296,P016,normal_pressure,VALID,,,,941,4459077,109150,110969,109768.45,112428.07,-618.45,-1459.07,-1525.04,1225.87,False,False,nan,True,0.9228,93.02,98.45,True,0,COLLECTING,0,,0,,,,,6,62,99,30,60,0.999976999735494,0.24494897427831783
2026-08-31T22:01:08.058,124907312,P016,normal_pressure,VALID,,,,942,4459117,109284,111260,109758.76,112404.71,-474.76,-1144.71,-1429.96,1229.95,False,False,nan,True,0.9228,93.02,98.45,True,0,COLLECTING,0,,0,,,,,6,62,99,30,60,0.999976999735494,0.24494897427831783
2026-08-31T22:01:08.070,124907328,P016,normal_pressure,VALID,,,,943,4459157,109386,111488,109751.3,112386.38,-365.3,-898.38,-1297.06,1231.29,False,False,nan,True,0.9228,93.02,98.45,True,0,COLLECTING,0,,0,,,,,6,62,99,30,60,0.999976999735494,0.24494897427831783
2026-08-31T22:01:08.079,124907328,P016,normal_pressure,VALID,,,,944,4459197,109407,111530,109744.42,112369.25,-337.42,-839.25,-1182.61,1230.32,False,False,nan,True,0.9228,93.02,98.45,True,0,COLLECTING,0,,0,,,,,6,62,99,30,60,0.999976999735494,0.24494897427831783
2026-08-31T22:01:08.101,124907359,P016,normal_pressure,VALID,,,,945,4459237,109370,111463,109736.93,112351.12,-366.93,-888.12,-1108.99,1227.89,False,False,nan,True,0.9228,93.02,98.45,True,0,COLLECTING,0,,0,,,,,6,62,99,30,60,0.999976999735494,0.24494897427831783
2026-08-31T22:01:08.246,124907500,P016,normal_pressure,VALID,,,,946,4459277,109440,111600,109730.99,112336.1,-290.99,-736.1,-1015.77,1223.65,False,False,nan,True,0.9228,93.02,98.45,True,0,COLLECTING,0,,0,,,,,6,62,99,30,60,0.999976999735494,0.24494897427831783
2026-08-31T22:01:08.258,124907515,P016,normal_pressure,VALID,,,,947,4459317,109558,111862,109727.53,112326.62,-169.53,-464.62,-877.98,1216.74,False,False,nan,True,0.9228,93.02,98.45,True,0,COLLECTING,0,,0,,,,,6,62,99,30,60,0.999976999735494,0.24494897427831783
2026-08-31T22:01:08.269,124907515,P016,normal_pressure,VALID,,,,948,4459357,109644,112061,109725.86,112321.3,-81.86,-260.3,-723.56,1206.87,False,False,nan,True,0.9228,93.02,98.45,True,0,COLLECTING,0,,0,,,,,6,62,99,30,60,0.999976999735494,0.24494897427831783
2026-08-31T22:01:08.277,124907531,P016,normal_pressure,VALID,,,,949,4459397,109671,112118,109724.77,112317.24,-53.77,-199.24,-592.48,1194.59,False,False,nan,True,0.9228,93.02,98.45,True,0,COLLECTING,0,,0,,,,,6,62,99,30,60,0.999976999735494,0.24494897427831783
2026-08-31T22:01:08.301,124907546,P016,normal_pressure,VALID,,,,950,4459437,109630,112062,109722.87,112312.14,-92.87,-250.14,-506.9,1180.83,False,False,nan,True,0.9228,93.02,98.45,True,0,COLLECTING,0,,0,,,,,6,62,99,30,60,0.999976999735494,0.24494897427831783
2026-08-31T22:01:08.446,124907703,P016,normal_pressure,VALID,,,,951,4459477,109654,112105,109721.49,112308.0,-67.49,-203.0,-430.92,1165.83,False,False,nan,True,0.9228,93.02,98.45,True,0,COLLECTING,0,,0,,,,,6,62,99,30,60,0.999976999735494,0.24494897427831783
2026-08-31T22:01:08.458,124907703,P016,normal_pressure,VALID,,,,952,4459517,109593,111987,109718.92,112301.58,-125.92,-314.58,-401.84,1150.55,False,False,nan,True,0.9228,93.02,98.45,True,0,COLLECTING,0,,0,,,,,6,62,99,30,60,0.999976999735494,0.24494897427831783
2026-08-31T22:01:08.469,124907718,P016,normal_pressure,VALID,,,,953,4459557,109537,111863,109715.28,112292.8,-178.28,-429.8,-408.83,1135.72,False,False,nan,True,0.9228,93.02,98.45,True,0,COLLECTING,0,,0,,,,,6,62,99,30,60,0.999976999735494,0.24494897427831783
2026-08-31T22:01:08.478,124907734,P016,normal_pressure,VALID,,,,954,4459597,109411,111553,109709.2,112278.01,-298.2,-725.01,-487.87,1122.76,False,False,nan,True,0.9228,93.02,98.45,True,0,COLLECTING,0,,0,,,,,6,62,99,30,60,0.999976999735494,0.24494897427831783
2026-08-31T22:01:08.500,124907750,P016,normal_pressure,VALID,,,,955,4459637,109175,111025,109698.51,112252.95,-523.51,-1227.95,-672.89,1113.76,False,False,nan,True,0.9228,93.02,98.45,True,0,COLLECTING,0,,0,,,,,6,62,99,30,60,0.999976999735494,0.24494897427831783
2026-08-31T22:01:08.646,124907890,P016,normal_pressure,VALID,,,,956,4459677,109126,110908,109687.05,112226.05,-561.05,-1318.05,-834.18,1108.17,False,False,nan,True,0.9228,93.02,98.45,True,0,COLLECTING,0,,0,,,,,6,62,99,30,60,0.999976999735494,0.24494897427831783
2026-08-31T22:01:08.659,124907906,P016,normal_pressure,VALID,,,,957,4459717,109198,111059,109677.27,112202.7,-479.27,-1143.7,-911.56,1104.24,False,False,nan,True,0.9228,93.02,98.45,True,0,COLLECTING,0,,0,,,,,6,62,99,30,60,0.999976999735494,0.24494897427831783
2026-08-31T22:01:08.669,124907921,P016,normal_pressure,VALID,,,,958,4459757,109222,111106,109668.17,112180.77,-446.17,-1074.77,-952.36,1101.2,False,False,nan,True,0.9228,93.02,98.45,True,0,COLLECTING,0,,0,,,,,6,62,99,30,60,0.999976999735494,0.24494897427831783
2026-08-31T22:01:08.677,124907921,P016,normal_pressure,VALID,,,,959,4459797,109300,111277,109660.8,112162.69,-360.8,-885.69,-935.69,1097.89,False,False,nan,True,0.9228,93.02,98.45,True,0,COLLECTING,0,,0,,,,,6,62,99,30,60,0.999976999735494,0.24494897427831783
2026-08-31T22:01:08.700,124907953,P016,normal_pressure,VALID,,,,960,4459837,109269,111206,109652.97,112143.55,-383.97,-937.55,-936.16,1094.66,False,False,nan,True,0.9228,93.02,98.45,True,0,COLLECTING,0,,0,,,,,6,62,99,30,60,0.999976999735494,0.24494897427831783
2026-08-31T22:01:08.846,124908093,P016,normal_pressure,VALID,,,,961,4459877,109164,110984,109643.19,112120.37,-479.19,-1136.37,-986.21,1092.49,False,False,nan,True,0.9228,93.02,98.45,True,0,COLLECTING,0,,0,,,,,6,62,99,30,60,0.999976999735494,0.17320508075688776
2026-08-31T22:01:08.857,124908109,P016,normal_pressure,VALID,,,,962,4459917,109069,110780,109631.7,112093.56,-562.7,-1313.56,-1068.05,1092.0,False,False,nan,True,0.9228,93.02,98.45,True,0,COLLECTING,0,,0,,,,,6,62,99,30,60,0.999976999735494,0.17320508075688776
2026-08-31T22:01:08.869,124908125,P016,normal_pressure,VALID,,,,963,4459957,108935,110497,109617.77,112061.63,-682.77,-1564.63,-1192.19,1094.0,False,False,nan,True,0.9228,93.02,98.45,True,0,COLLECTING,0,,0,,,,,6,62,99,30,60,0.999976999735494,0.17320508075688776
2026-08-31T22:01:08.878,124908125,P016,normal_pressure,VALID,,,,964,4459997,108899,110384,109603.39,112028.08,-704.39,-1644.08,-1305.17,1098.23,False,False,nan,True,0.9228,93.02,98.45,True,0,COLLECTING,0,,0,,,,,6,62,99,30,60,0.999976999735494,0.17320508075688776
2026-08-31T22:01:08.902,124908156,P016,normal_pressure,VALID,,,,965,4460037,108811,110214,109587.54,111991.8,-776.54,-1777.8,-1423.32,1104.73,False,False,nan,True,0.9228,93.02,98.45,True,0,COLLECTING,0,,0,,,,,6,62,99,30,60,0.999976999735494,0.17320508075688776
2026-08-31T22:01:09.046,124908296,P016,normal_pressure,VALID,,,,966,4460087,108677,109924,109569.33,111950.44,-892.33,-2026.44,-1574.1,1114.12,False,False,nan,True,0.9228,93.02,98.45,True,0,COLLECTING,0,,0,,,,,6,62,99,30,60,0.999976999735494,0.24494897427831783
2026-08-31T22:01:09.057,124908312,P016,normal_pressure,VALID,,,,967,4460127,108603,109702,109550.0,111905.47,-947.0,-2203.47,-1731.44,1126.46,False,False,nan,True,0.9228,93.02,98.45,True,0,COLLECTING,0,,0,,,,,6,62,99,30,60,0.999976999735494,0.24494897427831783
2026-08-31T22:01:09.069,124908312,P016,normal_pressure,VALID,,,,968,4460167,108547,109595,109529.94,111859.26,-982.94,-2264.26,-1864.65,1141.23,False,False,nan,True,0.9228,93.02,98.45,True,0,COLLECTING,0,,0,,,,,6,62,99,30,60,0.999976999735494,0.24494897427831783
2026-08-31T22:01:09.078,124908328,P016,normal_pressure,VALID,,,,969,4460207,108459,109437,109508.52,111810.81,-1049.52,-2373.81,-1991.94,1158.24,False,False,nan,True,0.9228,93.02,98.45,True,0,COLLECTING,0,,0,,,,,6,62,99,30,60,0.999976999735494,0.24494897427831783
2026-08-31T22:01:09.111,124908359,P016,normal_pressure,VALID,,,,970,4460247,108215,108909,109482.65,111752.77,-1267.65,-2843.77,-2204.9,1179.17,False,False,nan,True,0.9228,93.02,98.45,True,0,COLLECTING,0,,0,,,,,6,62,99,30,60,0.999976999735494,0.24494897427831783
2026-08-31T22:01:09.245,124908500,P016,normal_pressure,VALID,,,,971,4460287,108038,108477,109453.76,111687.26,-1415.76,-3210.26,-2456.24,1204.72,False,False,nan,True,0.9228,93.02,98.45,True,0,COLLECTING,0,,0,,,,,6,62,99,30,60,0.999976999735494,0.24494897427831783
2026-08-31T22:01:09.258,124908515,P016,normal_pressure,VALID,,,,972,4460327,108138,108731,109427.45,111628.13,-1289.45,-2897.13,-2566.46,1231.95,False,False,nan,True,0.9228,93.02,98.45,True,0,COLLECTING,0,,0,,,,,6,62,99,30,60,0.999976999735494,0.24494897427831783
2026-08-31T22:01:09.268,124908515,P016,normal_pressure,VALID,,,,973,4460367,108347,109198,109405.84,111579.53,-1058.84,-2381.53,-2520.23,1257.72,False,False,nan,True,0.9228,93.02,98.45,True,0,COLLECTING,0,,0,,,,,6,62,99,30,60,0.999976999735494,0.24494897427831783
2026-08-31T22:01:09.278,124908531,P016,normal_pressure,VALID,,,,974,4460407,108536,109606,109388.44,111540.06,-852.44,-1934.06,-2373.69,1280.04,False,False,nan,True,0.9228,93.02,98.45,True,0,COLLECTING,0,,0,,,,,6,62,99,30,60,0.999976999735494,0.24494897427831783
2026-08-31T22:01:09.311,124908562,P016,normal_pressure,VALID,,,,975,4460447,108680,109922,109374.27,111507.7,-694.27,-1585.7,-2176.69,1297.97,False,False,nan,True,0.9228,93.02,98.45,True,0,COLLECTING,0,,0,,,,,6,62,99,30,60,0.999976999735494,0.24494897427831783
2026-08-31T22:01:09.445,124908703,P016,normal_pressure,VALID,,,,976,4460487,108596,109738,109358.7,111472.31,-762.7,-1734.31,-2066.1,1313.33,False,False,nan,True,0.9228,93.02,98.45,True,0,COLLECTING,0,,0,,,,,6,62,99,30,60,0.999976999735494,0.24494897427831783
2026-08-31T22:01:09.457,124908703,P016,normal_pressure,VALID,,,,977,4460527,108312,109133,109337.77,111425.52,-1025.77,-2292.52,-2122.7,1329.52,False,False,nan,True,0.9228,93.02,98.45,True,0,COLLECTING,0,,0,,,,,6,62,99,30,60,0.999976999735494,0.24494897427831783
2026-08-31T22:01:09.468,124908718,P016,normal_pressure,VALID,,,,978,4460567,108040,108564,109311.81,111368.3,-1271.81,-2804.3,-2293.1,1348.79,False,False,nan,True,0.9228,93.02,98.45,True,0,COLLECTING,0,,0,,,,,6,62,99,30,60,0.999976999735494,0.24494897427831783
2026-08-31T22:01:09.478,124908734,P016,normal_pressure,VALID,,,,979,4460607,107736,108026,109280.3,111301.45,-1544.3,-3275.45,-2538.69,1372.59,False,False,nan,True,0.9228,93.02,98.45,True,0,COLLECTING,0,,0,,,,,6,62,99,30,60,0.999976999735494,0.24494897427831783
2026-08-31T22:01:09.511,124908765,P016,normal_pressure,VALID,,,,980,4460647,107616,107751,109247.01,111230.45,-1631.01,-3479.45,-2773.88,1400.61,False,False,nan,True,0.9228,93.02,98.45,True,0,COLLECTING,0,,0,,,,,6,62,99,30,60,0.999976999735494,0.24494897427831783
2026-08-31T22:01:09.646,124908890,P016,normal_pressure,VALID,,,,981,4460687,107579,107637,109213.65,111158.58,-1634.65,-3521.58,-2960.8,1431.82,False,False,nan,True,0.9228,93.02,98.45,True,0,COLLECTING,0,,0,,,,,6,62,99,30,60,0.999976999735494,0.24494897427831783
2026-08-31T22:01:09.657,124908906,P016,normal_pressure,VALID,,,,982,4460727,107610,107785,109181.58,111091.11,-1571.58,-3306.11,-3047.13,1464.12,False,False,nan,True,0.9228,93.02,98.45,True,0,COLLECTING,0,,0,,,,,6,62,99,30,60,0.999976999735494,0.24494897427831783
2026-08-31T22:01:09.668,124908921,P016,normal_pressure,VALID,,,,983,4460767,107702,107937,109151.98,111028.02,-1449.98,-3091.02,-3058.1,1496.0,False,False,nan,True,0.9228,93.02,98.45,True,0,COLLECTING,0,,0,,,,,6,62,99,30,60,0.999976999735494,0.24494897427831783
2026-08-31T22:01:09.680,124908937,P016,normal_pressure,VALID,,,,984,4460807,107767,108061,109124.28,110968.68,-1357.28,-2907.68,-3020.5,1526.49,False,False,nan,True,0.9228,93.02,98.45,True,0,COLLECTING,0,,0,,,,,6,62,99,30,60,0.999976999735494,0.24494897427831783
2026-08-31T22:01:09.711,124908968,P016,normal_pressure,VALID,,,,985,4460847,107732,107936,109096.44,110908.02,-1364.44,-2972.02,-3008.38,1556.13,False,False,nan,True,0.9228,93.02,98.45,True,0,COLLECTING,0,,0,,,,,6,62,99,30,60,0.999976999735494,0.24494897427831783
2026-08-31T22:01:09.845,124909093,P016,normal_pressure,VALID,,,,986,4460887,107677,107821,109068.05,110846.28,-1391.05,-3025.28,-3012.6,1585.26,False,False,nan,True,0.9228,93.02,98.45,True,0,COLLECTING,0,,0,,,,,6,62,99,30,60,0.999976999735494,0.24494897427831783
2026-08-31T22:01:09.857,124909109,P016,normal_pressure,VALID,,,,987,4460927,107788,108091,109042.45,110791.17,-1254.45,-2700.17,-2934.5,1612.25,False,False,nan,True,0.9228,93.02,98.45,True,0,COLLECTING,0,,0,,,,,6,62,99,30,60,0.999976999735494,0.24494897427831783
2026-08-31T22:01:09.869,124909125,P016,normal_pressure,VALID,,,,988,4460967,108015,108505,109021.9,110745.45,-1006.9,-2240.45,-2760.98,1635.22,False,False,nan,True,0.9228,93.02,98.45,True,0,COLLECTING,0,,0,,,,,6,62,99,30,60,0.999976999735494,0.24494897427831783
2026-08-31T22:01:09.878,124909125,P016,normal_pressure,VALID,,,,989,4461007,108051,108649,109002.48,110703.52,-951.48,-2054.52,-2584.37,1654.2,False,False,nan,True,0.9228,93.02,98.45,True,0,COLLECTING,0,,0,,,,,6,62,99,30,60,0.999976999735494,0.24494897427831783
2026-08-31T22:01:09.910,124909156,P016,normal_pressure,VALID,,,,990,4461047,108045,108678,108983.34,110663.01,-938.34,-1985.01,-2434.53,1669.81,False,False,nan,True,0.9228,93.02,98.45,True,0,COLLECTING,0,,0,,,,,6,62,99,30,60,0.999976999735494,0.24494897427831783
2026-08-31T22:01:10.045,124909296,P016,normal_pressure,VALID,,,,991,4461087,108121,108824,108966.09,110626.23,-845.09,-1802.23,-2276.45,1681.94,False,False,nan,True,0.9228,93.02,98.45,True,0,COLLECTING,0,,0,,,,,6,62,99,30,60,0.999976999735494,0.24494897427831783
2026-08-31T22:01:10.056,124909312,P016,normal_pressure,VALID,,,,992,4461127,108314,109188,108953.05,110597.46,-639.05,-1409.46,-2059.7,1689.5,False,False,nan,True,0.9228,93.02,98.45,True,0,COLLECTING,0,,0,,,,,6,62,99,30,60,0.999976999735494,0.24494897427831783
2026-08-31T22:01:10.069,124909312,P016,normal_pressure,VALID,,,,993,4461167,108733,110096,108948.65,110587.43,-215.65,-491.43,-1667.64,1689.06,False,False,nan,True,0.9228,93.02,98.45,True,0,COLLECTING,0,,0,,,,,6,62,99,30,60,0.999976999735494,0.24494897427831783
2026-08-31T22:01:10.078,124909328,P016,normal_pressure,VALID,,,,994,4461207,109441,111675,108958.49,110609.18,482.51,1065.82,-984.27,1674.96,False,False,nan,True,0.9228,93.02,98.45,True,0,COLLECTING,0,,0,,,,,6,62,99,30,60,0.999976999735494,0.24494897427831783
2026-08-31T22:01:10.109,124909359,P016,normal_pressure,VALID,,,,995,4461247,109967,112818,108978.66,110653.36,988.34,2164.64,-197.04,1645.41,False,False,nan,True,0.9228,93.02,98.45,True,0,COLLECTING,0,,0,,,,,6,62,99,30,60,0.999976999735494,0.24494897427831783
2026-08-31T22:01:10.246,124909500,P016,normal_pressure,VALID,,,,996,4461287,110251,113499,109004.11,110710.27,1246.89,2788.73,549.4,1623.49,False,False,nan,True,0.9228,93.02,98.45,True,0,COLLECTING,0,,0,,,,,6,62,99,30,60,0.999976999735494,0.24494897427831783
2026-08-31T22:01:10.258,124909515,P016,normal_pressure,VALID,,,,997,4461327,110472,113931,109033.47,110774.69,1438.53,3156.31,1201.13,1615.04,False,False,nan,True,0.9228,93.02,98.45,True,0,COLLECTING,0,,0,,,,,6,62,99,30,60,0.999976999735494,0.24494897427831783
2026-08-31T22:01:10.268,124909515,P016,normal_pressure,VALID,,,,998,4461367,110395,113841,109060.7,110836.02,1334.3,3004.98,1652.09,1615.78,False,False,nan,True,0.9228,93.02,98.45,True,0,COLLECTING,0,,0,,,,,6,62,99,30,60,0.999976999735494,0.24494897427831783
2026-08-31T22:01:10.276,124909531,P016,normal_pressure,VALID,,,,999,4461407,110175,113282,109082.99,110884.94,1092.01,2397.06,1838.33,1620.23,False,False,nan,True,0.9228,93.02,98.45,True,0,COLLECTING,0,,0,,,,,6,62,99,30,60,0.999976999735494,0.24494897427831783
2026-08-31T22:01:10.310,124909562,P016,normal_pressure,VALID,,,,1000,4461447,109863,112631,109098.59,110919.86,764.41,1711.14,1806.54,1623.96,True,False,nan,True,0.9228,93.02,98.45,True,0,COLLECTING,0,,0,,,,,6,62,99,30,60,0.999976999735494,0.24494897427831783
2026-08-31T22:01:10.447,124909703,P016,normal_pressure,VALID,,,,1001,4461487,109571,111986,109108.04,110941.18,462.96,1044.82,1616.11,1623.8,False,False,nan,True,0.9228,93.02,98.32,True,0,COLLECTING,0,,0,,,,,6,62,99,30,60,0.999976999735494,0.17320508075688776
2026-08-31T22:01:10.457,124909703,P016,normal_pressure,VALID,,,,1002,4461527,109289,111330,109111.66,110948.95,177.34,381.05,1307.34,1617.47,False,False,nan,True,0.9228,93.02,98.32,True,0,COLLECTING,0,,0,,,,,6,62,99,30,60,0.999976999735494,0.17320508075688776
2026-08-31T22:01:10.468,124909718,P016,normal_pressure,VALID,,,,1003,4461567,109212,111129,109113.66,110952.55,98.34,176.45,1024.62,1605.61,False,False,nan,True,0.9228,93.02,98.32,True,0,COLLECTING,0,,0,,,,,6,62,99,30,60,0.999976999735494,0.17320508075688776
2026-08-31T22:01:10.477,124909734,P016,normal_pressure,VALID,,,,1004,4461607,109322,111444,109117.83,110962.38,204.17,481.62,888.87,1591.28,False,False,nan,True,0.9228,93.02,98.32,True,0,COLLECTING,0,,0,,,,,6,62,99,30,60,0.999976999735494,0.17320508075688776
2026-08-31T22:01:10.512,124909765,P016,normal_pressure,VALID,,,,1005,4461647,109472,111735,109124.91,110977.84,347.09,757.16,855.94,1576.57,False,False,nan,True,0.9228,93.02,98.32,True,0,COLLECTING,0,,0,,,,,6,62,99,30,60,0.999976999735494,0.17320508075688776
2026-08-31T22:01:10.649,124909906,P016,normal_pressure,VALID,,,,1006,4461687,109701,112166,109136.44,111001.6,564.56,1164.4,933.06,1563.7,False,False,nan,True,0.9228,93.02,98.32,True,0,COLLECTING,0,,0,,,,,6,62,99,30,60,0.999976999735494,0.24494897427831783
2026-08-31T22:01:10.659,124909906,P016,normal_pressure,VALID,,,,1007,4461727,109977,112733,109153.25,111036.23,823.75,1696.77,1123.99,1554.91,False,False,nan,True,0.9228,93.02,98.32,True,0,COLLECTING,0,,0,,,,,6,62,99,30,60,0.999976999735494,0.24494897427831783
2026-08-31T22:01:10.670,124909921,P016,normal_pressure,VALID,,,,1008,4461767,110110,113147,109172.38,111078.45,937.62,2068.55,1360.13,1551.01,False,False,nan,True,0.9228,93.02,98.32,True,0,COLLECTING,0,,0,,,,,6,62,99,30,60,0.999976999735494,0.24494897427831783
2026-08-31T22:01:10.677,124909921,P016,normal_pressure,VALID,,,,1009,4461807,110280,113433,109194.53,111125.54,1085.47,2307.46,1596.96,1551.93,False,False,nan,True,0.9228,93.02,98.32,True,0,COLLECTING,0,,0,,,,,6,62,99,30,60,0.999976999735494,0.24494897427831783
2026-08-31T22:01:10.711,124909968,P016,normal_pressure,VALID,,,,1010,4461847,110314,113542,109216.92,111173.87,1097.08,2368.13,1789.75,1556.69,False,False,nan,True,0.9228,93.02,98.32,True,0,COLLECTING,0,,0,,,,,6,62,99,30,60,0.999976999735494,0.24494897427831783
2026-08-31T22:01:10.852,124910109,P016,normal_pressure,VALID,,,,1011,4461887,110335,113599,109239.28,111222.37,1095.72,2376.63,1936.47,1564.28,False,False,nan,True,0.9228,93.02,98.32,True,0,COLLECTING,0,,0,,,,,6,62,99,30,60,0.999976999735494,0.24494897427831783
2026-08-31T22:01:10.863,124910109,P016,normal_pressure,VALID,,,,1012,4461927,110425,113692,109262.99,111271.76,1162.01,2420.24,2057.42,1574.15,False,False,nan,True,0.9228,93.02,98.32,True,0,COLLECTING,0,,0,,,,,6,62,99,30,60,0.999976999735494,0.24494897427831783
2026-08-31T22:01:10.877,124910125,P016,normal_pressure,VALID,,,,1013,4461967,110374,113680,109285.21,111319.92,1088.79,2360.08,2133.08,1585.32,False,False,nan,True,0.9228,93.02,98.32,True,0,COLLECTING,0,,0,,,,,6,62,99,30,60,0.999976999735494,0.24494897427831783
2026-08-31T22:01:10.885,124910140,P016,normal_pressure,VALID,,,,1014,4462007,110452,113763,109308.55,111368.78,1143.45,2394.22,2198.37,1597.59,False,False,nan,True,0.9228,93.02,98.32,True,0,COLLECTING,0,,0,,,,,6,62,99,30,60,0.999976999735494,0.24494897427831783
2026-08-31T22:01:10.911,124910156,P016,normal_pressure,VALID,,,,1015,4462047,110464,113781,109331.66,111417.02,1132.34,2363.98,2239.77,1610.43,False,False,nan,True,0.9228,93.02,98.32,True,0,COLLECTING,0,,0,,,,,6,62,99,30,60,0.999976999735494,0.24494897427831783
2026-08-31T22:01:11.047,124910296,P016,normal_pressure,VALID,,,,1016,4462087,110389,113687,109352.8,111462.42,1036.2,2224.58,2235.97,1622.94,True,True,640.0,True,0.9266,92.31,98.32,True,0,COLLECTING,0,,0,,,,,6,62,99,30,60,0.999976999735494,0.24494897427831783
2026-08-31T22:01:11.059,124910312,P016,normal_pressure,VALID,,,,1017,4462127,110131,113187,109368.37,111496.91,762.63,1690.09,2099.5,1632.47,False,False,nan,True,0.9266,92.31,98.32,True,0,COLLECTING,0,,0,,,,,6,62,99,30,60,0.999976999735494,0.24494897427831783
2026-08-31T22:01:11.068,124910312,P016,normal_pressure,VALID,,,,1018,4462167,109672,112200,109374.44,111510.98,297.56,689.02,1746.88,1634.76,False,False,nan,True,0.9266,92.31,98.32,True,0,COLLECTING,0,,0,,,,,6,62,99,30,60,0.999976999735494,0.24494897427831783
2026-08-31T22:01:11.078,124910328,P016,normal_pressure,VALID,,,,1019,4462207,109466,111705,109376.27,111514.86,89.73,190.14,1357.7,1629.22,False,False,nan,True,0.9266,92.31,98.32,True,0,COLLECTING,0,,0,,,,,6,62,99,30,60,0.999976999735494,0.24494897427831783
2026-08-31T22:01:11.110,124910359,P016,normal_pressure,VALID,,,,1020,4462247,109632,111992,109381.38,111524.4,250.62,467.6,1135.17,1619.34,False,False,nan,True,0.9266,92.31,98.32,True,0,COLLECTING,0,,0,,,,,6,62,99,30,60,0.999976999735494,0.24494897427831783
2026-08-31T22:01:11.245,124910500,P016,normal_pressure,VALID,,,,1021,4462287,109905,112623,109391.85,111546.37,513.15,1076.63,1120.54,1609.36,False,False,nan,True,0.9266,92.31,98.32,True,0,COLLECTING,0,,0,,,,,7,62,99,30,60,0.999976999735494,0.24494897427831783
2026-08-31T22:01:11.258,124910515,P016,normal_pressure,VALID,,,,1022,4462327,110283,113316,109409.67,111581.76,873.33,1734.24,1273.96,1602.65,False,False,nan,True,0.9266,92.31,98.32,True,0,COLLECTING,0,,0,,,,,7,62,99,30,60,0.999976999735494,0.24494897427831783
2026-08-31T22:01:11.269,124910515,P016,normal_pressure,VALID,,,,1023,4462367,110504,113838,109431.55,111626.88,1072.45,2211.12,1508.25,1600.77,False,False,nan,True,0.9266,92.31,98.32,True,0,COLLECTING,0,,0,,,,,7,62,99,30,60,0.999976999735494,0.24494897427831783
2026-08-31T22:01:11.278,124910531,P016,normal_pressure,VALID,,,,1024,4462407,110617,114026,109455.27,111674.87,1161.73,2351.13,1718.97,1603.13,False,False,nan,True,0.9266,92.31,98.32,True,0,COLLECTING,0,,0,,,,,7,62,99,30,60,0.999976999735494,0.24494897427831783
2026-08-31T22:01:11.311,124910562,P016,normal_pressure,VALID,,,,1025,4462447,110638,114050,109478.92,111722.37,1159.08,2327.63,1871.14,1608.49,False,False,nan,True,0.9266,92.31,98.32,True,0,COLLECTING,0,,0,,,,,7,62,99,30,60,0.999976999735494,0.24494897427831783
2026-08-31T22:01:11.445,124910703,P016,normal_pressure,VALID,,,,1026,4462487,110593,114001,109501.2,111767.94,1091.8,2233.06,1961.62,1615.55,False,False,nan,True,0.9266,92.31,98.32,True,0,COLLECTING,0,,0,,,,,7,62,99,30,60,0.999976999735494,0.24494897427831783
2026-08-31T22:01:11.457,124910703,P016,normal_pressure,VALID,,,,1027,4462527,110538,113883,109521.94,111810.24,1016.06,2072.76,1989.4,1623.03,False,False,nan,True,0.9266,92.31,98.32,True,0,COLLECTING,0,,0,,,,,7,62,99,30,60,0.999976999735494,0.24494897427831783
2026-08-31T22:01:11.469,124910718,P016,normal_pressure,VALID,,,,1028,4462567,110644,114114,109544.38,111856.32,1099.62,2257.68,2056.47,1631.7,False,False,nan,True,0.9266,92.31,98.32,True,0,COLLECTING,0,,0,,,,,7,62,99,30,60,0.999976999735494,0.24494897427831783
2026-08-31T22:01:11.478,124910734,P016,normal_pressure,VALID,,,,1029,4462607,110792,114439,109569.33,111907.98,1222.67,2531.02,2175.11,1642.57,False,False,nan,True,0.9266,92.31,98.32,True,0,COLLECTING,0,,0,,,,,7,62,99,30,60,0.999976999735494,0.24494897427831783
2026-08-31T22:01:11.510,124910765,P016,normal_pressure,VALID,,,,1030,4462647,110857,114567,109595.08,111961.16,1261.92,2605.84,2282.79,1655.37,False,False,nan,True,0.9266,92.31,98.32,True,0,COLLECTING,0,,0,,,,,7,62,99,30,60,0.999976999735494,0.24494897427831783
2026-08-31T22:01:11.645,124910890,P016,normal_pressure,VALID,,,,1031,4462687,110814,114504,109619.45,112012.02,1194.55,2491.98,2335.09,1668.96,False,False,nan,True,0.9266,92.31,98.32,True,0,COLLECTING,0,,0,,,,,7,62,99,30,60,0.999976999735494,0.24494897427831783
2026-08-31T22:01:11.656,124910906,P016,normal_pressure,VALID,,,,1032,4462727,110716,114307,109641.38,112057.91,1074.62,2249.09,2313.59,1681.86,True,True,640.0,True,0.9266,92.31,98.32,True,0,COLLECTING,0,,0,,,,,7,62,99,30,60,0.999976999735494,0.24494897427831783
2026-08-31T22:01:11.668,124910921,P016,normal_pressure,VALID,,,,1033,4462767,110419,113615,109656.94,112089.05,762.06,1525.95,2116.68,1690.55,False,False,nan,True,0.9266,92.31,98.32,True,0,COLLECTING,0,,0,,,,,7,62,99,30,60,0.999976999735494,0.24494897427831783
2026-08-31T22:01:11.679,124910937,P016,normal_pressure,VALID,,,,1034,4462807,110019,112785,109664.18,112102.98,354.82,682.02,1758.01,1691.9,False,False,nan,True,0.9266,92.31,98.32,True,0,COLLECTING,0,,0,,,,,7,62,99,30,60,0.999976999735494,0.24494897427831783
2026-08-31T22:01:11.711,124910968,P016,normal_pressure,VALID,,,,1035,4462847,110020,112713,109671.3,112115.18,348.7,597.82,1467.97,1687.42,False,False,nan,True,0.9266,92.31,98.32,True,0,COLLECTING,0,,0,,,,,7,62,99,30,60,0.999976999735494,0.24494897427831783
2026-08-31T22:01:11.849,124911093,P016,normal_pressure,VALID,,,,1036,4462887,110110,112881,109680.07,112130.49,429.93,750.51,1288.6,1679.45,False,False,nan,True,0.9266,92.31,98.32,True,0,COLLECTING,0,,0,,,,,8,62,99,30,60,0.999976999735494,0.24494897427831783
2026-08-31T22:01:11.858,124911109,P016,normal_pressure,VALID,,,,1037,4462927,110118,112958,109688.83,112147.04,429.17,810.96,1169.19,1669.24,False,False,nan,True,0.9266,92.31,98.32,True,0,COLLECTING,0,,0,,,,,8,62,99,30,60,0.999976999735494,0.24494897427831783
2026-08-31T22:01:11.869,124911125,P016,normal_pressure,VALID,,,,1038,4462967,110110,112913,109697.25,112162.36,412.75,750.64,1064.55,1657.15,False,False,nan,True,0.9266,92.31,98.32,True,0,COLLECTING,0,,0,,,,,8,62,99,30,60,0.999976999735494,0.24494897427831783
2026-08-31T22:01:11.877,124911125,P016,normal_pressure,VALID,,,,1039,4463007,110043,112781,109704.16,112174.73,338.84,606.27,949.98,1643.01,False,False,nan,True,0.9266,92.31,98.32,True,0,COLLECTING,0,,0,,,,,8,62,99,30,60,0.999976999735494,0.24494897427831783
2026-08-31T22:01:11.910,124911156,P016,normal_pressure,VALID,,,,1040,4463047,109978,112636,109709.64,112183.96,268.36,452.04,825.5,1626.66,False,False,nan,True,0.9266,92.31,98.32,True,0,COLLECTING,0,,0,,,,,8,62,99,30,60,0.999976999735494,0.24494897427831783
2026-08-31T22:01:12.045,124911296,P016,normal_pressure,VALID,,,,1041,4463087,109966,112600,109714.77,112192.28,251.23,407.72,721.05,1608.54,False,False,nan,True,0.9266,92.31,98.32,True,0,COLLECTING,0,,0,,,,,8,62,99,30,60,0.9990840805457767,0.24494897427831783
2026-08-31T22:01:12.060,124911312,P016,normal_pressure,VALID,,,,1042,4463127,109939,112549,109719.25,112199.41,219.75,349.59,628.19,1588.94,False,False,nan,True,0.9266,92.31,98.32,True,0,COLLECTING,0,,0,,,,,8,62,99,30,60,0.9990840805457767,0.24494897427831783
2026-08-31T22:01:12.069,124911312,P016,normal_pressure,VALID,,,,1043,4463167,109985,112658,109724.56,112208.59,260.44,449.41,583.49,1568.83,False,False,nan,True,0.9266,92.31,98.32,True,0,COLLECTING,0,,0,,,,,8,62,99,30,60,0.9990840805457767,0.24494897427831783
2026-08-31T22:01:12.076,124911328,P016,normal_pressure,VALID,,,,1044,4463207,110037,112769,109730.81,112219.8,306.19,549.2,574.92,1548.95,False,False,nan,True,0.9266,92.31,98.32,True,0,COLLECTING,0,,0,,,,,8,62,99,30,60,0.9990840805457767,0.24494897427831783
2026-08-31T22:01:12.110,124911359,P016,normal_pressure,VALID,,,,1045,4463247,109991,112674,109736.02,112228.88,254.98,445.12,542.47,1528.82,False,False,nan,True,0.9266,92.31,98.32,True,0,COLLECTING,0,,0,,,,,8,62,99,30,60,0.9990840805457767,0.24494897427831783
2026-08-31T22:01:12.245,124911500,P016,normal_pressure,VALID,,,,1046,4463287,109806,112283,109737.41,112229.97,68.59,53.03,420.11,1506.65,False,False,nan,True,0.9266,92.31,98.32,True,0,COLLECTING,0,,0,,,,,8,62,99,30,60,0.999976999735494,0.24494897427831783
2026-08-31T22:01:12.257,124911515,P016,normal_pressure,VALID,,,,1047,4463327,109638,111934,109735.43,112224.05,-97.43,-290.05,242.57,1481.36,False,False,nan,True,0.9266,92.31,98.32,True,0,COLLECTING,0,,0,,,,,8,62,99,30,60,0.999976999735494,0.24494897427831783
2026-08-31T22:01:12.269,124911515,P016,normal_pressure,VALID,,,,1048,4463367,109598,111799,109732.68,112215.55,-134.68,-416.55,77.79,1453.29,False,False,nan,True,0.9266,92.31,98.32,True,0,COLLECTING,0,,0,,,,,8,62,99,30,60,0.999976999735494,0.24494897427831783
2026-08-31T22:01:12.277,124911531,P016,normal_pressure,VALID,,,,1049,4463407,109456,111485,109727.15,112200.94,-271.15,-715.94,-120.64,1426.64,False,False,nan,True,0.9266,92.31,98.32,True,0,COLLECTING,0,,0,,,,,8,62,99,30,60,0.999976999735494,0.24494897427831783
2026-08-31T22:01:12.311,124911562,P016,normal_pressure,VALID,,,,1050,4463447,109451,111444,109721.62,112185.8,-270.62,-741.8,-275.93,1403.63,False,False,nan,True,0.9266,92.31,98.32,True,0,COLLECTING,0,,0,,,,,8,62,99,30,60,0.999976999735494,0.24494897427831783
2026-08-31T22:01:12.445,124911703,P016,normal_pressure,VALID,,,,1051,4463487,109420,111399,109715.59,112170.06,-295.59,-771.06,-399.71,1383.55,False,False,nan,True,0.9266,92.31,98.32,True,0,COLLECTING,0,,0,,,,,8,62,99,30,60,0.999976999735494,0.24494897427831783
2026-08-31T22:01:12.456,124911703,P016,normal_pressure,VALID,,,,1052,4463527,109264,111099,109706.56,112148.64,-442.56,-1049.64,-562.19,1367.12,False,False,nan,True,0.9266,92.31,98.32,True,0,COLLECTING,0,,0,,,,,8,62,99,30,60,0.999976999735494,0.24494897427831783
2026-08-31T22:01:12.469,124911718,P016,normal_pressure,VALID,,,,1053,4463567,109059,110686,109693.61,112119.39,-634.61,-1433.39,-779.99,1355.38,False,False,nan,True,0.9266,92.31,98.32,True,0,COLLECTING,0,,0,,,,,8,62,99,30,60,0.999976999735494,0.24494897427831783
2026-08-31T22:01:12.477,124911734,P016,normal_pressure,VALID,,,,1054,4463607,108826,110182,109676.26,112080.64,-850.26,-1898.64,-1059.66,1349.46,False,False,nan,True,0.9266,92.31,98.32,True,0,COLLECTING,0,,0,,,,,8,62,99,30,60,0.999976999735494,0.24494897427831783
2026-08-31T22:01:12.511,124911765,P016,normal_pressure,VALID,,,,1055,4463647,108632,109751,109655.38,112034.05,-1023.38,-2283.05,-1365.5,1349.78,False,False,nan,True,0.9266,92.31,98.32,True,0,COLLECTING,0,,0,,,,,8,62,99,30,60,0.999976999735494,0.24494897427831783
2026-08-31T22:01:12.645,124911890,P016,normal_pressure,VALID,,,,1056,4463687,108453,109379,109631.33,111980.95,-1178.33,-2601.95,-1674.61,1356.28,False,False,nan,True,0.9266,92.31,98.32,True,0,COLLECTING,0,,0,,,,,8,62,99,30,60,0.999976999735494,0.24494897427831783
2026-08-31T22:01:12.657,124911906,P016,normal_pressure,VALID,,,,1057,4463727,108503,109453,109608.76,111930.38,-1105.76,-2477.38,-1875.31,1366.66,False,False,nan,True,0.9266,92.31,98.32,True,0,COLLECTING,0,,0,,,,,8,62,99,30,60,0.999976999735494,0.24494897427831783
2026-08-31T22:01:12.678,124911921,P016,normal_pressure,VALID,,,,1058,4463767,108644,109758,109589.46,111886.94,-945.46,-2128.94,-1938.71,1378.1,False,False,nan,True,0.9266,92.31,98.32,True,0,COLLECTING,0,,0,,,,,8,62,99,30,60,0.999976999735494,0.24494897427831783
2026-08-31T22:01:12.680,124911937,P016,normal_pressure,VALID,,,,1059,4463807,108861,110252,109574.89,111854.24,-713.89,-1602.24,-1854.6,1387.63,False,False,nan,True,0.9266,92.31,98.32,True,0,COLLECTING,0,,0,,,,,8,62,99,30,60,0.999976999735494,0.24494897427831783
2026-08-31T22:01:12.710,124911968,P016,normal_pressure,VALID,,,,1060,4463847,109096,110753,109565.31,111832.22,-469.31,-1079.22,-1660.75,1393.09,False,False,nan,True,0.9266,92.31,98.32,True,0,COLLECTING,0,,0,,,,,8,62,99,30,60,0.999976999735494,0.24494897427831783
2026-08-31T22:01:12.845,124912093,P016,normal_pressure,VALID,,,,1061,4463887,109319,111253,109560.38,111820.63,-241.38,-567.63,-1387.47,1392.98,False,False,nan,True,0.9266,92.31,98.32,True,0,COLLECTING,0,,0,,,,,8,62,99,30,60,0.999976999735494,0.24494897427831783
2026-08-31T22:01:12.858,124912109,P016,normal_pressure,VALID,,,,1062,4463927,109524,111721,109559.66,111818.64,-35.66,-97.64,-1065.01,1386.42,False,False,nan,True,0.9266,92.31,98.32,True,0,COLLECTING,0,,0,,,,,8,62,99,30,60,0.999976999735494,0.24494897427831783
2026-08-31T22:01:12.869,124912125,P016,normal_pressure,VALID,,,,1063,4463967,109624,111938,109560.95,111821.03,63.05,116.97,-769.52,1374.08,False,False,nan,True,0.9266,92.31,98.32,True,0,COLLECTING,0,,0,,,,,8,62,99,30,60,0.999976999735494,0.24494897427831783
2026-08-31T22:01:12.877,124912125,P016,normal_pressure,VALID,,,,1064,4464007,109467,111605,109559.07,111816.71,-92.07,-211.71,-630.07,1359.2,False,False,nan,True,0.9266,92.31,98.32,True,0,COLLECTING,0,,0,,,,,8,62,99,30,60,0.999976999735494,0.24494897427831783
2026-08-31T22:01:12.910,124912156,P016,normal_pressure,VALID,,,,1065,4464047,109201,111030,109551.91,111800.98,-350.91,-770.98,-665.29,1345.33,False,False,nan,True,0.9266,92.31,98.32,True,0,COLLECTING,0,,0,,,,,8,62,99,30,60,0.999976999735494,0.24494897427831783
2026-08-31T22:01:13.045,124912296,P016,normal_pressure,VALID,,,,1066,4464087,109168,110956,109544.23,111784.08,-376.23,-828.08,-705.99,1332.54,False,False,nan,True,0.9266,92.31,98.32,True,0,COLLECTING,0,,0,,,,,8,62,99,30,60,0.999976999735494,0.24494897427831783
2026-08-31T22:01:13.056,124912312,P016,normal_pressure,VALID,,,,1067,4464127,109314,111271,109539.62,111773.82,-225.62,-502.82,-655.2,1318.99,False,False,nan,True,0.9266,92.31,98.32,True,0,COLLECTING,0,,0,,,,,8,62,99,30,60,0.999976999735494,0.24494897427831783
2026-08-31T22:01:13.067,124912312,P016,normal_pressure,VALID,,,,1068,4464167,109397,111475,109536.77,111767.84,-139.77,-292.84,-564.61,1303.9,False,False,nan,True,0.9266,92.31,98.32,True,0,COLLECTING,0,,0,,,,,8,62,99,30,60,0.999976999735494,0.24494897427831783
2026-08-31T22:01:13.077,124912328,P016,normal_pressure,VALID,,,,1069,4464207,109428,111556,109534.6,111763.61,-106.6,-207.61,-475.36,1287.33,False,False,nan,True,0.9266,92.31,98.32,True,0,COLLECTING,0,,0,,,,,8,62,99,30,60,0.999976999735494,0.24494897427831783
2026-08-31T22:01:13.111,124912359,P016,normal_pressure,VALID,,,,1070,4464247,109362,111407,109531.15,111756.48,-169.15,-349.48,-443.89,1270.46,False,False,nan,True,0.9266,92.31,98.32,True,0,COLLECTING,0,,0,,,,,8,62,99,30,60,0.999976999735494,0.24494897427831783
2026-08-31T22:01:13.245,124912500,P016,normal_pressure,VALID,,,,1071,4464287,109227,111144,109525.06,111744.23,-298.06,-600.23,-482.97,1254.71,False,False,nan,True,0.9266,92.31,98.32,True,0,COLLECTING,0,,0,,,,,8,62,99,30,60,0.999976999735494,0.24494897427831783
2026-08-31T22:01:13.258,124912515,P016,normal_pressure,VALID,,,,1072,4464327,109107,110890,109516.7,111727.14,-409.7,-837.14,-571.51,1241.05,False,False,nan,True,0.9266,92.31,98.32,True,0,COLLECTING,0,,0,,,,,8,62,99,30,60,0.999976999735494,0.24494897427831783
2026-08-31T22:01:13.271,124912515,P016,normal_pressure,VALID,,,,1073,4464367,109065,110796,109507.67,111708.52,-442.67,-912.52,-656.77,1229.37,False,False,nan,True,0.9266,92.31,98.32,True,0,COLLECTING,0,,0,,,,,8,62,99,30,60,0.999976999735494,0.24494897427831783
2026-08-31T22:01:13.279,124912531,P016,normal_pressure,VALID,,,,1074,4464407,109033,110717,109498.18,111688.69,-465.18,-971.69,-735.5,1219.49,False,False,nan,True,0.9266,92.31,98.32,True,0,COLLECTING,0,,0,,,,,8,62,99,30,60,0.999976999735494,0.24494897427831783
2026-08-31T22:01:13.311,124912562,P016,normal_pressure,VALID,,,,1075,4464447,109075,110813,109489.72,111671.17,-414.72,-858.17,-766.16,1210.42,False,False,nan,True,0.9266,92.31,98.32,True,0,COLLECTING,0,,0,,,,,8,62,99,30,60,0.999976999735494,0.24494897427831783
2026-08-31T22:01:13.445,124912703,P016,normal_pressure,VALID,,,,1076,4464487,109169,111009,109483.3,111657.93,-314.3,-648.93,-736.86,1200.95,False,False,nan,True,0.9266,92.31,98.32,True,0,COLLECTING,0,,0,,,,,8,62,99,30,60,0.999976999735494,0.24494897427831783
2026-08-31T22:01:13.458,124912703,P016,normal_pressure,VALID,,,,1077,4464527,109293,111281,109479.5,111650.39,-186.5,-369.39,-644.99,1189.83,False,False,nan,True,0.9266,92.31,98.32,True,0,COLLECTING,0,,0,,,,,8,62,99,30,60,0.999976999735494,0.24494897427831783
2026-08-31T22:01:13.469,124912718,P016,normal_pressure,VALID,,,,1078,4464567,109362,111429,109477.15,111645.96,-115.15,-216.96,-537.98,1176.79,False,False,nan,True,0.9266,92.31,98.32,True,0,COLLECTING,0,,0,,,,,8,62,99,30,60,0.999976999735494,0.24494897427831783
2026-08-31T22:01:13.477,124912734,P016,normal_pressure,VALID,,,,1079,4464607,109380,111481,109475.2,111642.66,-95.2,-161.66,-443.9,1162.14,False,False,nan,True,0.9266,92.31,98.32,True,0,COLLECTING,0,,0,,,,,8,62,99,30,60,0.999976999735494,0.24494897427831783
2026-08-31T22:01:13.511,124912765,P016,normal_pressure,VALID,,,,1080,4464647,109201,111096,109469.72,111631.73,-268.72,-535.73,-466.86,1148.23,False,False,nan,True,0.9266,92.31,98.32,True,0,COLLECTING,0,,0,,,,,8,62,99,30,60,0.999976999735494,0.24494897427831783
2026-08-31T22:01:13.645,124912890,P016,normal_pressure,VALID,,,,1081,4464687,108951,110552,109459.34,111610.14,-508.34,-1058.14,-614.68,1137.56,False,False,nan,True,0.9266,92.31,98.32,True,0,COLLECTING,0,,0,,,,,8,62,99,30,60,0.999976999735494,0.24494897427831783
2026-08-31T22:01:13.657,124912906,P016,normal_pressure,VALID,,,,1082,4464727,108965,110582,109449.45,111589.58,-484.45,-1007.58,-712.91,1129.07,False,False,nan,True,0.9266,92.31,98.32,True,0,COLLECTING,0,,0,,,,,8,62,99,30,60,0.999976999735494,0.24494897427831783
2026-08-31T22:01:13.669,124912921,P016,normal_pressure,VALID,,,,1083,4464767,109120,110940,109442.87,111576.59,-322.87,-636.59,-693.83,1120.36,False,False,nan,True,0.9266,92.31,98.32,True,0,COLLECTING,0,,0,,,,,8,62,99,30,60,0.999976999735494,0.24494897427831783
2026-08-31T22:01:13.678,124912921,P016,normal_pressure,VALID,,,,1084,4464807,109218,111139,109438.37,111567.84,-220.37,-428.84,-627.58,1110.51,False,False,nan,True,0.9266,92.31,98.32,True,0,COLLECTING,0,,0,,,,,8,62,99,30,60,0.999976999735494,0.24494897427831783
2026-08-31T22:01:13.710,124912953,P016,normal_pressure,VALID,,,,1085,4464847,109345,111417,109436.5,111564.82,-91.5,-147.82,-507.64,1098.45,False,False,nan,True,0.9266,92.31,98.32,True,0,COLLECTING,0,,0,,,,,8,62,99,30,60,0.999976999735494,0.24494897427831783
2026-08-31T22:01:13.845,124913093,P016,normal_pressure,VALID,,,,1086,4464887,109391,111537,109435.59,111564.27,-44.59,-27.27,-387.55,1084.23,False,False,nan,True,0.9266,92.31,98.32,True,0,COLLECTING,0,,0,,,,,8,62,99,30,60,0.999976999735494,0.24494897427831783
2026-08-31T22:01:13.859,124913109,P016,normal_pressure,VALID,,,,1087,4464927,109324,111409,109433.36,111561.16,-109.36,-152.16,-328.7,1069.12,False,False,nan,True,0.9266,92.31,98.32,True,0,COLLECTING,0,,0,,,,,8,62,99,30,60,0.999976999735494,0.24494897427831783
2026-08-31T22:01:13.869,124913125,P016,normal_pressure,VALID,,,,1088,4464967,109331,111411,109431.31,111558.16,-100.31,-147.16,-283.32,1053.4,False,False,nan,True,0.9266,92.31,98.32,True,0,COLLECTING,0,,0,,,,,8,62,99,30,60,0.999976999735494,0.24494897427831783
2026-08-31T22:01:13.876,124913125,P016,normal_pressure,VALID,,,,1089,4465007,109362,111497,109429.93,111556.94,-67.93,-59.94,-227.47,1036.89,False,False,nan,True,0.9266,92.31,98.32,True,0,COLLECTING,0,,0,,,,,8,62,99,30,60,0.999976999735494,0.24494897427831783
2026-08-31T22:01:13.910,124913156,P016,normal_pressure,VALID,,,,1090,4465047,109387,111569,109429.07,111557.18,-42.07,11.82,-167.65,1019.5,False,False,nan,True,0.9266,92.31,98.32,True,0,COLLECTING,0,,0,,,,,8,62,99,30,60,0.999976999735494,0.24494897427831783
2026-08-31T22:01:14.046,124913296,P016,normal_pressure,VALID,,,,1091,4465087,109406,111606,109428.61,111558.16,-22.61,47.84,-113.78,1001.39,False,False,nan,True,0.9266,92.31,98.32,True,0,COLLECTING,0,,0,,,,,8,62,99,30,60,0.999976999735494,0.17320508075688776
2026-08-31T22:01:14.057,124913312,P016,normal_pressure,VALID,,,,1092,4465127,109426,111663,109428.55,111560.25,-2.55,102.75,-59.64,982.55,False,False,nan,True,0.9266,92.31,98.32,True,0,COLLECTING,0,,0,,,,,8,62,99,30,60,0.999976999735494,0.17320508075688776
2026-08-31T22:01:14.069,124913312,P016,normal_pressure,VALID,,,,1093,4465167,109533,111877,109430.64,111566.59,102.36,310.41,32.87,963.56,False,False,nan,True,0.9266,92.31,98.32,True,0,COLLECTING,0,,0,,,,,8,62,99,30,60,0.999976999735494,0.17320508075688776
2026-08-31T22:01:14.077,124913328,P016,normal_pressure,VALID,,,,1094,4465207,109623,112067,109434.48,111576.59,188.52,490.41,147.25,947.23,False,False,nan,True,0.9266,92.31,98.32,True,0,COLLECTING,0,,0,,,,,8,62,99,30,60,0.999976999735494,0.17320508075688776
2026-08-31T22:01:14.110,124913359,P016,normal_pressure,VALID,,,,1095,4465247,109669,112185,109439.17,111588.77,229.83,596.23,259.5,933.48,False,False,nan,True,0.9266,92.31,98.32,True,0,COLLECTING,0,,0,,,,,8,62,99,30,60,0.999976999735494,0.17320508075688776
2026-08-31T22:01:14.246,124913500,P016,normal_pressure,VALID,,,,1096,4465287,109477,111752,109439.93,111592.03,37.07,159.97,234.62,919.5,False,False,nan,True,0.9266,92.31,98.32,True,0,COLLECTING,0,,0,,,,,8,62,99,30,60,0.999976999735494,0.24494897427831783
2026-08-31T22:01:14.257,124913515,P016,normal_pressure,VALID,,,,1097,4465327,109133,111013,109433.79,111580.45,-300.79,-567.45,34.1,901.79,False,False,nan,True,0.9266,92.31,98.32,True,0,COLLECTING,0,,0,,,,,8,62,99,30,60,0.999976999735494,0.24494897427831783
2026-08-31T22:01:14.269,124913515,P016,normal_pressure,VALID,,,,1098,4465367,109104,110930,109427.2,111567.45,-323.2,-637.45,-133.79,886.43,False,False,nan,True,0.9266,92.31,98.32,True,0,COLLECTING,0,,0,,,,,8,62,99,30,60,0.999976999735494,0.24494897427831783
2026-08-31T22:01:14.278,124913531,P016,normal_pressure,VALID,,,,1099,4465407,109106,110927,109420.77,111554.63,-314.77,-627.63,-257.25,873.85,False,False,nan,True,0.9266,92.31,98.32,True,0,COLLECTING,0,,0,,,,,8,62,99,30,60,0.999976999735494,0.24494897427831783
2026-08-31T22:01:14.310,124913562,P016,normal_pressure,VALID,,,,1100,4465447,109053,110848,109413.42,111540.5,-360.42,-692.5,-366.06,863.69,False,False,nan,True,0.9266,92.31,98.32,True,0,COLLECTING,0,,0,,,,,8,62,99,30,60,0.999976999735494,0.24494897427831783
2026-08-31T22:01:14.450,124913703,P016,normal_pressure,VALID,,,,1101,4465487,109048,110806,109406.12,111525.81,-358.12,-719.81,-454.5,855.51,False,False,nan,True,0.9266,92.31,98.19,True,0,COLLECTING,0,,0,,,,,7,62,99,30,60,0.999976999735494,0.24494897427831783
2026-08-31T22:01:14.463,124913718,P016,normal_pressure,VALID,,,,1102,4465527,108927,110559,109396.53,111506.48,-469.53,-947.48,-577.74,849.95,False,False,nan,True,0.9266,92.31,98.19,True,0,COLLECTING,0,,0,,,,,7,62,99,30,60,0.999976999735494,0.24494897427831783
2026-08-31T22:01:14.473,124913718,P016,normal_pressure,VALID,,,,1103,4465567,108777,110234,109384.14,111481.02,-607.14,-1247.02,-745.06,847.86,False,False,nan,True,0.9266,92.31,98.19,True,0,COLLECTING,0,,0,,,,,7,62,99,30,60,0.999976999735494,0.24494897427831783
2026-08-31T22:01:14.487,124913734,P016,normal_pressure,VALID,,,,1104,4465607,108638,109943,109369.22,111450.27,-731.22,-1507.27,-935.61,849.61,False,False,nan,True,0.9266,92.31,98.19,True,0,COLLECTING,0,,0,,,,,7,62,99,30,60,0.999976999735494,0.24494897427831783
2026-08-31T22:01:14.513,124913765,P016,normal_pressure,VALID,,,,1105,4465647,108575,109812,109353.34,111417.5,-778.34,-1605.5,-1103.09,854.68,False,False,nan,True,0.9266,92.31,98.19,True,0,COLLECTING,0,,0,,,,,7,62,99,30,60,0.999976999735494,0.24494897427831783
2026-08-31T22:01:14.646,124913890,P016,normal_pressure,VALID,,,,1106,4465687,108509,109673,109336.45,111382.61,-827.45,-1709.61,-1254.72,862.68,False,False,nan,True,0.9266,92.31,98.19,True,0,COLLECTING,0,,0,,,,,7,62,99,30,60,0.999976999735494,0.24494897427831783
2026-08-31T22:01:14.656,124913906,P016,normal_pressure,VALID,,,,1107,4465727,108470,109604,109319.12,111347.04,-849.12,-1743.04,-1376.8,872.96,False,False,nan,True,0.9266,92.31,98.19,True,0,COLLECTING,0,,0,,,,,7,62,99,30,60,0.999976999735494,0.24494897427831783
2026-08-31T22:01:14.669,124913921,P016,normal_pressure,VALID,,,,1108,4465767,108395,109478,109300.64,111309.66,-905.64,-1831.66,-1490.51,885.31,False,False,nan,True,0.9266,92.31,98.19,True,0,COLLECTING,0,,0,,,,,7,62,99,30,60,0.999976999735494,0.24494897427831783
2026-08-31T22:01:14.677,124913921,P016,normal_pressure,VALID,,,,1109,4465807,108294,109263,109280.51,111268.73,-986.51,-2005.73,-1619.32,899.99,False,False,nan,True,0.9266,92.31,98.19,True,0,COLLECTING,0,,0,,,,,7,62,99,30,60,0.999976999735494,0.24494897427831783
2026-08-31T22:01:14.710,124913968,P016,normal_pressure,VALID,,,,1110,4465847,108232,109145,109259.54,111226.25,-1027.54,-2081.25,-1734.8,916.69,False,False,nan,True,0.9266,92.31,98.19,True,0,COLLECTING,0,,0,,,,,7,62,99,30,60,0.999976999735494,0.24494897427831783
2026-08-31T22:01:14.845,124914093,P016,normal_pressure,VALID,,,,1111,4465887,108090,108813,109236.15,111177.98,-1146.15,-2364.98,-1892.35,936.2,False,False,nan,True,0.9266,92.31,98.19,True,0,COLLECTING,0,,0,,,,,7,62,99,30,60,0.999976999735494,0.24494897427831783
2026-08-31T22:01:14.857,124914109,P016,normal_pressure,VALID,,,,1112,4465927,107830,108254,109208.02,111119.51,-1378.02,-2865.51,-2135.64,960.19,False,False,nan,True,0.9266,92.31,98.19,True,0,COLLECTING,0,,0,,,,,7,62,99,30,60,0.999976999735494,0.24494897427831783
2026-08-31T22:01:14.871,124914125,P016,normal_pressure,VALID,,,,1113,4465967,107853,108286,109180.92,111062.84,-1327.92,-2776.84,-2295.94,986.91,False,False,nan,True,0.9266,92.31,98.19,True,0,COLLECTING,0,,0,,,,,7,62,99,30,60,0.999976999735494,0.24494897427831783
2026-08-31T22:01:14.880,124914125,P016,normal_pressure,VALID,,,,1114,4466007,108078,108747,109158.87,111016.52,-1080.87,-2269.52,-2289.33,1012.96,False,False,nan,True,0.9266,92.31,98.19,True,0,COLLECTING,0,,0,,,,,7,62,99,30,60,0.999976999735494,0.24494897427831783
2026-08-31T22:01:14.911,124914156,P016,normal_pressure,VALID,,,,1115,4466047,108272,109164,109141.13,110979.47,-869.13,-1815.47,-2170.87,1036.11,False,False,nan,True,0.9266,92.31,98.19,True,0,COLLECTING,0,,0,,,,,7,62,99,30,60,0.999976999735494,0.24494897427831783
2026-08-31T22:01:15.046,124914296,P016,normal_pressure,VALID,,,,1116,4466087,108424,109474,109126.79,110949.36,-702.79,-1475.36,-1996.99,1055.33,False,False,nan,True,0.9266,92.31,98.19,True,0,COLLECTING,0,,0,,,,,6,62,99,30,60,0.999976999735494,0.24494897427831783
2026-08-31T22:01:15.058,124914312,P016,normal_pressure,VALID,,,,1117,4466127,108425,109501,109112.75,110920.39,-687.75,-1419.39,-1852.59,1071.28,False,False,nan,True,0.9266,92.31,98.19,True,0,COLLECTING,0,,0,,,,,6,62,99,30,60,0.999976999735494,0.24494897427831783
2026-08-31T22:01:15.068,124914312,P016,normal_pressure,VALID,,,,1118,4466167,108365,109368,109097.8,110889.34,-732.8,-1521.34,-1769.78,1085.25,False,False,nan,True,0.9266,92.31,98.19,True,0,COLLECTING,0,,0,,,,,6,62,99,30,60,0.999976999735494,0.24494897427831783
2026-08-31T22:01:15.078,124914328,P016,normal_pressure,VALID,,,,1119,4466207,108335,109308,109082.54,110857.72,-747.54,-1549.72,-1714.76,1097.84,False,False,nan,True,0.9266,92.31,98.19,True,0,COLLECTING,0,,0,,,,,6,62,99,30,60,0.999976999735494,0.24494897427831783
2026-08-31T22:01:15.111,124914359,P016,normal_pressure,VALID,,,,1120,4466247,108330,109287,109067.49,110826.3,-737.49,-1539.3,-1670.9,1109.3,False,False,nan,True,0.9266,92.31,98.19,True,0,COLLECTING,0,,0,,,,,6,62,99,30,60,0.999976999735494,0.24494897427831783
2026-08-31T22:01:15.245,124914500,P016,normal_pressure,VALID,,,,1121,4466287,108312,109273,109052.38,110795.24,-740.38,-1522.24,-1633.73,1119.79,False,False,nan,True,0.9266,92.31,98.19,True,0,COLLECTING,0,,0,,,,,6,62,99,30,60,0.999976999735494,0.24494897427831783
2026-08-31T22:01:15.258,124914515,P016,normal_pressure,VALID,,,,1122,4466327,108326,109312,109037.85,110765.58,-711.85,-1453.58,-1588.7,1129.16,False,False,nan,True,0.9266,92.31,98.19,True,0,COLLECTING,0,,0,,,,,6,62,99,30,60,0.999976999735494,0.24494897427831783
2026-08-31T22:01:15.271,124914515,P016,normal_pressure,VALID,,,,1123,4466367,108358,109378,109024.26,110737.83,-666.26,-1359.83,-1531.48,1137.21,False,False,nan,True,0.9266,92.31,98.19,True,0,COLLECTING,0,,0,,,,,6,62,99,30,60,0.999976999735494,0.24494897427831783
2026-08-31T22:01:15.281,124914531,P016,normal_pressure,VALID,,,,1124,4466407,108354,109384,109010.85,110710.75,-656.85,-1326.75,-1480.3,1144.07,False,False,nan,True,0.9266,92.31,98.19,True,0,COLLECTING,0,,0,,,,,6,62,99,30,60,0.999976999735494,0.24494897427831783
2026-08-31T22:01:15.310,124914562,P016,normal_pressure,VALID,,,,1125,4466447,108400,109478,108998.63,110686.09,-598.63,-1208.09,-1412.25,1149.44,False,False,nan,True,0.9266,92.31,98.19,True,0,COLLECTING,0,,0,,,,,6,62,99,30,60,0.999976999735494,0.24494897427831783
2026-08-31T22:01:15.447,124914703,P016,normal_pressure,VALID,,,,1126,4466487,108395,109470,108986.56,110661.77,-591.56,-1191.77,-1357.13,1153.59,False,False,nan,True,0.9266,92.31,98.19,True,0,COLLECTING,0,,0,,,,,6,62,99,30,60,0.999976999735494,0.24494897427831783
2026-08-31T22:01:15.457,124914703,P016,normal_pressure,VALID,,,,1127,4466527,108161,108949,108970.05,110627.52,-809.05,-1678.52,-1437.47,1159.27,False,False,nan,True,0.9266,92.31,98.19,True,0,COLLECTING,0,,0,,,,,6,62,99,30,60,0.999976999735494,0.24494897427831783
2026-08-31T22:01:15.470,124914718,P016,normal_pressure,VALID,,,,1128,4466567,107951,108476,108949.67,110584.48,-998.67,-2108.48,-1605.23,1168.19,False,False,nan,True,0.9266,92.31,98.19,True,0,COLLECTING,0,,0,,,,,6,62,99,30,60,0.999976999735494,0.24494897427831783
2026-08-31T22:01:15.483,124914734,P016,normal_pressure,VALID,,,,1129,4466607,107952,108486,108929.72,110542.52,-977.72,-2056.52,-1718.05,1179.18,False,False,nan,True,0.9266,92.31,98.19,True,0,COLLECTING,0,,0,,,,,6,62,99,30,60,0.999976999735494,0.24494897427831783
2026-08-31T22:01:15.511,124914765,P016,normal_pressure,VALID,,,,1130,4466647,108070,108752,108912.52,110506.7,-842.52,-1754.7,-1727.21,1190.14,False,False,nan,True,0.9266,92.31,98.19,True,0,COLLECTING,0,,0,,,,,6,62,99,30,60,0.999976999735494,0.24494897427831783
2026-08-31T22:01:15.645,124914890,P016,normal_pressure,VALID,,,,1131,4466687,108169,108956,108897.66,110475.69,-728.66,-1519.69,-1675.33,1199.85,False,False,nan,True,0.9266,92.31,98.19,True,0,COLLECTING,0,,0,,,,,5,62,99,30,60,0.999976999735494,0.17320508075688776
2026-08-31T22:01:15.657,124914906,P016,normal_pressure,VALID,,,,1132,4466727,108189,109026,108883.48,110446.7,-694.48,-1420.7,-1611.67,1208.08,False,False,nan,True,0.9266,92.31,98.19,True,0,COLLECTING,0,,0,,,,,5,62,99,30,60,0.999976999735494,0.17320508075688776
2026-08-31T22:01:15.678,124914921,P016,normal_pressure,VALID,,,,1133,4466767,108174,108958,108869.3,110416.92,-695.3,-1458.92,-1573.48,1215.39,False,False,nan,True,0.9266,92.31,98.19,True,0,COLLECTING,0,,0,,,,,5,62,99,30,60,0.999976999735494,0.17320508075688776
2026-08-31T22:01:15.681,124914937,P016,normal_pressure,VALID,,,,1134,4466807,108156,108933,108855.03,110387.24,-699.03,-1454.24,-1543.67,1221.96,False,False,nan,True,0.9266,92.31,98.19,True,0,COLLECTING,0,,0,,,,,5,62,99,30,60,0.999976999735494,0.17320508075688776
2026-08-31T22:01:15.711,124914968,P016,normal_pressure,VALID,,,,1135,4466847,108241,109122,108842.75,110361.94,-601.75,-1239.94,-1467.74,1226.87,False,False,nan,True,0.9266,92.31,98.19,True,0,COLLECTING,0,,0,,,,,5,62,99,30,60,0.999976999735494,0.17320508075688776
2026-08-31T22:01:15.844,124915093,P016,normal_pressure,VALID,,,,1136,4466887,108315,109298,108832.2,110340.66,-517.2,-1042.66,-1361.47,1229.57,False,False,nan,True,0.9266,92.31,98.19,True,0,COLLECTING,0,,0,,,,,5,62,99,30,60,0.999976999735494,0.24494897427831783
2026-08-31T22:01:15.857,124915109,P016,normal_pressure,VALID,,,,1137,4466927,108382,109452,108823.2,110322.88,-441.2,-870.88,-1238.82,1229.75,False,False,nan,True,0.9266,92.31,98.19,True,0,COLLECTING,0,,0,,,,,5,62,99,30,60,0.999976999735494,0.24494897427831783
2026-08-31T22:01:15.869,124915125,P016,normal_pressure,VALID,,,,1138,4466967,108526,109761,108817.25,110311.65,-291.25,-550.65,-1066.78,1226.49,False,False,nan,True,0.9266,92.31,98.19,True,0,COLLECTING,0,,0,,,,,5,62,99,30,60,0.999976999735494,0.24494897427831783
2026-08-31T22:01:15.877,124915125,P016,normal_pressure,VALID,,,,1139,4467007,108641,109993,108813.73,110305.27,-172.73,-312.27,-878.15,1219.52,False,False,nan,True,0.9266,92.31,98.19,True,0,COLLECTING,0,,0,,,,,5,62,99,30,60,0.999976999735494,0.24494897427831783
2026-08-31T22:01:15.911,124915156,P016,normal_pressure,VALID,,,,1140,4467047,108694,110146,108811.34,110302.09,-117.34,-156.09,-697.64,1209.09,False,False,nan,True,0.9266,92.31,98.19,True,0,COLLECTING,0,,0,,,,,5,62,99,30,60,0.999976999735494,0.24494897427831783
2026-08-31T22:01:16.049,124915296,P016,normal_pressure,VALID,,,,1141,4467087,108808,110365,108811.27,110303.34,-3.27,61.66,-507.81,1195.06,False,False,nan,True,0.9266,92.31,98.19,True,0,COLLECTING,0,,0,,,,,5,62,99,30,60,0.999976999735494,0.24494897427831783
2026-08-31T22:01:16.059,124915312,P016,normal_pressure,VALID,,,,1142,4467127,108882,110538,108812.68,110308.04,69.32,229.96,-323.37,1177.63,False,False,nan,True,0.9266,92.31,98.19,True,0,COLLECTING,0,,0,,,,,5,62,99,30,60,0.999976999735494,0.24494897427831783
2026-08-31T22:01:16.068,124915312,P016,normal_pressure,VALID,,,,1143,4467167,108715,110172,108810.73,110305.32,-95.73,-133.32,-275.86,1159.59,False,False,nan,True,0.9266,92.31,98.19,True,0,COLLECTING,0,,0,,,,,5,62,99,30,60,0.999976999735494,0.24494897427831783
2026-08-31T22:01:16.077,124915328,P016,normal_pressure,VALID,,,,1144,4467207,108545,109792,108805.41,110295.05,-260.41,-503.05,-332.66,1143.05,False,False,nan,True,0.9266,92.31,98.19,True,0,COLLECTING,0,,0,,,,,5,62,99,30,60,0.999976999735494,0.24494897427831783
2026-08-31T22:01:16.110,124915359,P016,normal_pressure,VALID,,,,1145,4467247,108659,110020,108802.48,110289.55,-143.48,-269.55,-316.88,1126.53,False,False,nan,True,0.9266,92.31,98.19,True,0,COLLECTING,0,,0,,,,,5,62,99,30,60,0.999976999735494,0.24494897427831783
2026-08-31T22:01:16.246,124915500,P016,normal_pressure,VALID,,,,1146,4467297,108826,110363,108802.95,110291.02,23.05,71.98,-219.67,1108.39,False,False,nan,True,0.9266,92.31,98.19,True,0,COLLECTING,0,,0,,,,,5,62,99,30,60,0.999976999735494,0.24494897427831783
2026-08-31T22:01:16.257,124915500,P016,normal_pressure,VALID,,,,1147,4467327,108907,110559,108805.03,110296.38,101.97,262.62,-99.1,1088.21,False,False,nan,True,0.9266,92.31,98.19,True,0,COLLECTING,0,,0,,,,,5,62,99,30,60,0.999976999735494,0.24494897427831783
2026-08-31T22:01:16.267,124915515,P016,normal_pressure,VALID,,,,1148,4467377,108954,110630,108808.01,110303.05,145.99,326.95,7.41,1066.59,False,False,nan,True,0.9266,92.31,98.19,True,0,COLLECTING,0,,0,,,,,5,62,99,30,60,0.999976999735494,0.24494897427831783
2026-08-31T22:01:16.277,124915531,P016,normal_pressure,VALID,,,,1149,4467407,108926,110548,108810.37,110307.95,115.63,240.05,65.57,1046.57,False,False,nan,True,0.9266,92.31,98.19,True,0,COLLECTING,0,,0,,,,,5,62,99,30,60,0.999976999735494,0.24494897427831783
2026-08-31T22:01:16.319,124915562,P016,normal_pressure,VALID,,,,1150,4467457,108911,110534,108812.38,110312.48,98.62,221.52,104.56,1027.73,False,False,nan,True,0.9266,92.31,98.19,True,0,COLLECTING,0,,0,,,,,5,62,99,30,60,0.999976999735494,0.24494897427831783
2026-08-31T22:01:16.446,124915703,P016,normal_pressure,VALID,,,,1151,4467497,108977,110622,108815.67,110318.66,161.33,303.34,154.25,1010.26,False,False,nan,True,0.9266,92.31,98.19,True,0,COLLECTING,0,,0,,,,,5,62,99,30,60,0.9995493984791347,0.24494897427831783
2026-08-31T22:01:16.457,124915703,P016,normal_pressure,VALID,,,,1152,4467537,109078,110869,108820.92,110329.67,257.08,539.33,250.52,995.07,False,False,nan,True,0.9266,92.31,98.19,True,0,COLLECTING,0,,0,,,,,5,62,99,30,60,0.9995493984791347,0.24494897427831783
2026-08-31T22:01:16.468,124915718,P016,normal_pressure,VALID,,,,1153,4467577,109161,111079,108827.73,110344.66,333.27,734.34,371.48,982.59,False,False,nan,True,0.9266,92.31,98.19,True,0,COLLECTING,0,,0,,,,,5,62,99,30,60,0.9995493984791347,0.24494897427831783
2026-08-31T22:01:16.476,124915734,P016,normal_pressure,VALID,,,,1154,4467617,109211,111184,108835.39,110361.45,375.61,822.55,484.25,972.63,False,False,nan,True,0.9266,92.31,98.19,True,0,COLLECTING,0,,0,,,,,5,62,99,30,60,0.9995493984791347,0.24494897427831783
2026-08-31T22:01:16.519,124915765,P016,normal_pressure,VALID,,,,1155,4467657,109228,111196,108843.24,110378.13,384.76,817.87,567.65,964.53,False,False,nan,True,0.9266,92.31,98.19,True,0,COLLECTING,0,,0,,,,,5,62,99,30,60,0.9995493984791347,0.24494897427831783
2026-08-31T22:01:16.649,124915906,P016,normal_pressure,VALID,,,,1156,4467697,109242,111280,108851.22,110396.17,390.78,883.83,646.7,958.17,False,False,nan,True,0.9266,92.31,98.19,True,0,COLLECTING,0,,0,,,,,5,62,99,30,60,0.999976999735494,0.17320508075688776
2026-08-31T22:01:16.660,124915906,P016,normal_pressure,VALID,,,,1157,4467737,109281,111345,108859.81,110415.15,421.19,929.85,717.48,953.36,False,False,nan,True,0.9266,92.31,98.19,True,0,COLLECTING,0,,0,,,,,5,62,99,30,60,0.999976999735494,0.17320508075688776
2026-08-31T22:01:16.668,124915921,P016,normal_pressure,VALID,,,,1158,4467777,109209,111202,108866.8,110430.88,342.2,771.12,730.89,948.91,False,False,nan,True,0.9266,92.31,98.19,True,0,COLLECTING,0,,0,,,,,5,62,99,30,60,0.999976999735494,0.17320508075688776
2026-08-31T22:01:16.677,124915921,P016,normal_pressure,VALID,,,,1159,4467817,108939,110591,108868.24,110434.09,70.76,156.91,587.4,941.68,True,False,nan,True,0.9266,92.31,98.19,True,0,COLLECTING,0,,0,,,,,5,62,99,30,60,0.999976999735494,0.17320508075688776
2026-08-31T22:01:16.720,124915968,P016,normal_pressure,VALID,,,,1160,4467857,108714,110056,108865.16,110426.52,-151.16,-370.52,347.92,929.8,False,False,nan,True,0.9266,92.31,98.19,True,0,COLLECTING,0,,0,,,,,5,62,99,30,60,0.999976999735494,0.17320508075688776
2026-08-31T22:01:16.845,124916093,P016,normal_pressure,VALID,,,,1161,4467897,108613,109846,108860.11,110414.91,-247.11,-568.91,118.71,913.58,False,False,nan,True,0.9266,92.31,98.19,True,0,COLLECTING,0,,0,,,,,5,62,99,30,60,1.0001164932146656,0.24494897427831783
2026-08-31T22:01:16.857,124916109,P016,normal_pressure,VALID,,,,1162,4467937,108676,109977,108856.43,110406.16,-180.43,-429.16,-18.26,895.67,False,False,nan,True,0.9266,92.31,98.19,True,0,COLLECTING,0,,0,,,,,5,62,99,30,60,1.0001164932146656,0.24494897427831783
2026-08-31T22:01:16.870,124916125,P016,normal_pressure,VALID,,,,1163,4467977,108791,110228,108855.12,110402.59,-64.12,-174.59,-57.34,878.91,False,False,nan,True,0.9266,92.31,98.19,True,0,COLLECTING,0,,0,,,,,5,62,99,30,60,1.0001164932146656,0.24494897427831783
2026-08-31T22:01:16.877,124916125,P016,normal_pressure,VALID,,,,1164,4468017,108828,110323,108854.59,110401.0,-26.59,-78.0,-62.51,862.58,False,False,nan,True,0.9266,92.31,98.19,True,0,COLLECTING,0,,0,,,,,5,62,99,30,60,1.0001164932146656,0.24494897427831783
2026-08-31T22:01:16.920,124916171,P016,normal_pressure,VALID,,,,1165,4468057,108812,110302,108853.73,110399.02,-41.73,-97.02,-71.14,846.75,False,False,nan,True,0.9266,92.31,98.19,True,0,COLLECTING,0,,0,,,,,5,62,99,30,60,1.0001164932146656,0.24494897427831783
2026-08-31T22:01:17.045,124916296,P016,normal_pressure,VALID,,,,1166,4468097,108737,110174,108851.4,110394.52,-114.4,-220.52,-108.48,831.99,False,False,nan,True,0.9266,92.31,98.19,True,0,COLLECTING,0,,0,,,,,5,62,99,30,60,0.999976999735494,0.24494897427831783
2026-08-31T22:01:17.058,124916312,P016,normal_pressure,VALID,,,,1167,4468137,108771,110218,108849.79,110390.99,-78.79,-172.99,-124.61,817.84,False,False,nan,True,0.9266,92.31,98.19,True,0,COLLECTING,0,,0,,,,,5,62,99,30,60,0.999976999735494,0.24494897427831783
2026-08-31T22:01:17.068,124916312,P016,normal_pressure,VALID,,,,1168,4468177,108800,110314,108848.8,110389.45,-48.8,-75.45,-112.32,803.73,False,False,nan,True,0.9266,92.31,98.19,True,0,COLLECTING,0,,0,,,,,5,62,99,30,60,0.999976999735494,0.24494897427831783
2026-08-31T22:01:17.076,124916328,P016,normal_pressure,VALID,,,,1169,4468217,108848,110450,108848.78,110390.66,-0.78,59.34,-69.41,789.04,False,False,nan,True,0.9266,92.31,98.19,True,0,COLLECTING,0,,0,,,,,5,62,99,30,60,0.999976999735494,0.24494897427831783
2026-08-31T22:01:17.120,124916375,P016,normal_pressure,VALID,,,,1170,4468257,108963,110656,108851.06,110395.97,111.94,260.03,12.95,773.52,False,False,nan,True,0.9266,92.31,98.19,True,0,COLLECTING,0,,0,,,,,5,62,99,30,60,0.999976999735494,0.24494897427831783
2026-08-31T22:01:17.247,124916500,P016,normal_pressure,VALID,,,,1171,4468297,108896,110640,108851.96,110400.85,44.04,239.15,69.5,759.44,False,False,nan,True,0.9266,92.31,98.19,True,0,COLLECTING,0,,0,,,,,5,62,99,30,60,0.999976999735494,0.24494897427831783
2026-08-31T22:01:17.259,124916515,P016,normal_pressure,VALID,,,,1172,4468337,108969,110730,108854.3,110407.44,114.7,322.56,132.77,746.91,False,False,nan,True,0.9266,92.31,98.19,True,0,COLLECTING,0,,0,,,,,5,62,99,30,60,0.999976999735494,0.24494897427831783
2026-08-31T22:01:17.267,124916515,P016,normal_pressure,VALID,,,,1173,4468377,109065,110935,108858.52,110417.99,206.48,517.01,228.83,736.54,False,False,nan,True,0.9266,92.31,98.19,True,0,COLLECTING,0,,0,,,,,5,62,99,30,60,0.999976999735494,0.24494897427831783
2026-08-31T22:01:17.276,124916531,P016,normal_pressure,VALID,,,,1174,4468417,109069,110971,108862.73,110429.05,206.27,541.95,307.11,727.96,False,False,nan,True,0.9266,92.31,98.19,True,0,COLLECTING,0,,0,,,,,5,62,99,30,60,0.999976999735494,0.24494897427831783
2026-08-31T22:01:17.320,124916578,P016,normal_pressure,VALID,,,,1175,4468457,108875,110575,108862.97,110431.98,12.03,143.02,266.09,718.72,True,True,640.0,True,0.9275,93.02,98.19,True,0,COLLECTING,0,,0,,,,,5,62,99,30,60,0.999976999735494,0.24494897427831783
2026-08-31T22:01:17.446,124916703,P016,normal_pressure,VALID,,,,1176,4468497,108656,109986,108858.83,110423.05,-202.83,-437.05,90.3,706.15,False,False,nan,True,0.9275,93.02,98.19,True,0,COLLECTING,0,,0,,,,,6,62,99,30,60,0.999976999735494,0.17320508075688776
2026-08-31T22:01:17.459,124916703,P016,normal_pressure,VALID,,,,1177,4468537,108562,109821,108852.89,110411.02,-290.89,-590.02,-79.78,693.62,False,False,nan,True,0.9275,93.02,98.19,True,0,COLLECTING,0,,0,,,,,6,62,99,30,60,0.999976999735494,0.17320508075688776
2026-08-31T22:01:17.468,124916718,P016,normal_pressure,VALID,,,,1178,4468577,108704,110087,108849.91,110404.54,-145.91,-317.54,-139.22,682.53,False,False,nan,True,0.9275,93.02,98.19,True,0,COLLECTING,0,,0,,,,,6,62,99,30,60,0.999976999735494,0.17320508075688776
2026-08-31T22:01:17.477,124916734,P016,normal_pressure,VALID,,,,1179,4468617,108808,110299,108849.08,110402.43,-41.08,-103.43,-130.27,671.49,False,False,nan,True,0.9275,93.02,98.19,True,0,COLLECTING,0,,0,,,,,6,62,99,30,60,0.999976999735494,0.17320508075688776
2026-08-31T22:01:17.520,124916765,P016,normal_pressure,VALID,,,,1180,4468657,108868,110449,108849.45,110403.36,18.55,45.64,-86.29,659.79,False,False,nan,True,0.9275,93.02,98.19,True,0,COLLECTING,0,,0,,,,,6,62,99,30,60,0.999976999735494,0.17320508075688776
2026-08-31T22:01:17.645,124916890,P016,normal_pressure,VALID,,,,1181,4468697,108796,110354,108848.38,110402.38,-52.38,-48.38,-76.81,648.13,False,False,nan,True,0.9275,93.02,98.19,True,0,COLLECTING,0,,0,,,,,6,62,99,30,60,0.999976999735494,0.24494897427831783
2026-08-31T22:01:17.657,124916906,P016,normal_pressure,VALID,,,,1182,4468737,108738,110178,108846.17,110397.89,-108.17,-219.89,-112.58,637.41,False,False,nan,True,0.9275,93.02,98.19,True,0,COLLECTING,0,,0,,,,,6,62,99,30,60,0.999976999735494,0.24494897427831783
2026-08-31T22:01:17.669,124916921,P016,normal_pressure,VALID,,,,1183,4468777,108754,110147,108844.33,110392.88,-90.33,-245.88,-145.91,627.58,False,False,nan,True,0.9275,93.02,98.19,True,0,COLLECTING,0,,0,,,,,6,62,99,30,60,0.999976999735494,0.24494897427831783
2026-08-31T22:01:17.677,124916921,P016,normal_pressure,VALID,,,,1184,4468817,108859,110437,108844.62,110393.76,14.38,43.24,-98.62,617.01,False,False,nan,True,0.9275,93.02,98.19,True,0,COLLECTING,0,,0,,,,,6,62,99,30,60,0.999976999735494,0.24494897427831783
2026-08-31T22:01:17.720,124916968,P016,normal_pressure,VALID,,,,1185,4468857,108996,110721,108847.66,110400.3,148.34,320.7,6.21,604.79,False,False,nan,True,0.9275,93.02,98.19,True,0,COLLECTING,0,,0,,,,,6,62,99,30,60,0.999976999735494,0.24494897427831783
2026-08-31T22:01:17.846,124917093,P016,normal_pressure,VALID,,,,1186,4468897,108999,110845,108850.68,110409.2,148.32,435.8,113.61,594.97,False,False,nan,True,0.9275,93.02,98.19,True,0,COLLECTING,0,,0,,,,,6,62,99,30,60,0.999976999735494,0.24494897427831783
2026-08-31T22:01:17.858,124917109,P016,normal_pressure,VALID,,,,1187,4468937,109121,111025,108856.09,110421.51,264.91,603.49,236.08,587.79,False,False,nan,True,0.9275,93.02,98.19,True,0,COLLECTING,0,,0,,,,,6,62,99,30,60,0.999976999735494,0.24494897427831783
2026-08-31T22:01:17.869,124917125,P016,normal_pressure,VALID,,,,1188,4468977,109186,111175,108862.69,110436.58,323.31,738.42,361.66,583.27,False,False,nan,True,0.9275,93.02,98.19,True,0,COLLECTING,0,,0,,,,,6,62,99,30,60,0.999976999735494,0.24494897427831783
2026-08-31T22:01:17.877,124917125,P016,normal_pressure,VALID,,,,1189,4469017,109180,111186,108869.03,110451.57,310.97,734.43,454.86,580.7,False,False,nan,True,0.9275,93.02,98.19,True,0,COLLECTING,0,,0,,,,,6,62,99,30,60,0.999976999735494,0.24494897427831783
2026-08-31T22:01:17.920,124917171,P016,normal_pressure,VALID,,,,1190,4469057,109244,111255,108876.53,110467.64,367.47,787.36,537.98,579.84,False,False,nan,True,0.9275,93.02,98.19,True,0,COLLECTING,0,,0,,,,,6,62,99,30,60,0.999976999735494,0.24494897427831783
2026-08-31T22:01:18.045,124917296,P016,normal_pressure,VALID,,,,1191,4469097,109220,111205,108883.4,110482.39,336.6,722.61,584.14,579.93,False,False,nan,True,0.9275,93.02,98.19,True,0,COLLECTING,0,,0,,,,,6,62,99,30,60,0.999976999735494,0.24494897427831783
2026-08-31T22:01:18.057,124917312,P016,normal_pressure,VALID,,,,1192,4469137,108984,110652,108885.41,110485.78,98.59,166.22,479.66,577.92,True,True,680.0,True,0.9311,91.6,98.19,True,0,COLLECTING,0,,0,,,,,6,62,99,30,60,0.999976999735494,0.24494897427831783
2026-08-31T22:01:18.068,124917312,P016,normal_pressure,VALID,,,,1193,4469177,108806,110285,108883.83,110481.77,-77.83,-196.77,310.55,572.58,False,False,nan,True,0.9311,91.6,98.19,True,0,COLLECTING,0,,0,,,,,6,62,99,30,60,0.999976999735494,0.24494897427831783
2026-08-31T22:01:18.077,124917328,P016,normal_pressure,VALID,,,,1194,4469217,108851,110351,108883.17,110479.15,-32.17,-128.15,200.88,565.14,False,False,nan,True,0.9311,91.6,98.19,True,0,COLLECTING,0,,0,,,,,6,62,99,30,60,0.999976999735494,0.24494897427831783
2026-08-31T22:01:18.120,124917375,P016,normal_pressure,VALID,,,,1195,4469257,108978,110634,108885.07,110482.24,92.93,151.76,188.6,557.61,False,False,nan,True,0.9311,91.6,98.19,True,0,COLLECTING,0,,0,,,,,6,62,99,30,60,0.999976999735494,0.24494897427831783
2026-08-31T22:01:18.245,124917500,P016,normal_pressure,VALID,,,,1196,4469297,109113,110854,108889.62,110489.68,223.38,364.32,232.53,551.11,False,False,nan,True,0.9311,91.6,98.19,True,0,COLLECTING,0,,0,,,,,6,62,99,30,60,0.999976999735494,0.24494897427831783
2026-08-31T22:01:18.259,124917515,P016,normal_pressure,VALID,,,,1197,4469337,109117,110913,108894.17,110498.15,222.83,414.85,278.11,545.65,False,False,nan,True,0.9311,91.6,98.19,True,0,COLLECTING,0,,0,,,,,6,62,99,30,60,0.999976999735494,0.24494897427831783
2026-08-31T22:01:18.270,124917515,P016,normal_pressure,VALID,,,,1198,4469377,109100,110856,108898.29,110505.3,201.71,350.7,296.26,540.66,False,False,nan,True,0.9311,91.6,98.19,True,0,COLLECTING,0,,0,,,,,6,62,99,30,60,0.999976999735494,0.24494897427831783
2026-08-31T22:01:18.280,124917531,P016,normal_pressure,VALID,,,,1199,4469417,109036,110778,108901.05,110510.76,134.95,267.24,289.0,535.63,True,False,nan,True,0.9311,91.6,98.19,True,0,COLLECTING,0,,0,,,,,6,62,99,30,60,0.999976999735494,0.24494897427831783
2026-08-31T22:01:18.320,124917578,P016,normal_pressure,VALID,,,,1200,4469457,109041,110744,108903.84,110515.42,137.16,228.58,273.9,530.39,False,False,nan,True,0.9311,91.6,98.19,True,0,COLLECTING,0,,0,,,,,6,62,99,30,60,0.999976999735494,0.24494897427831783
2026-08-31T22:01:18.446,124917703,P016,normal_pressure,VALID,,,,1201,4469497,108997,110735,108905.7,110519.81,91.3,215.19,259.22,524.97,False,False,nan,True,0.9311,91.6,98.09,True,0,COLLECTING,0,,0,,,,,6,62,99,30,60,0.999976999735494,0.24494897427831783
2026-08-31T22:01:18.457,124917703,P016,normal_pressure,VALID,,,,1202,4469537,109066,110807,108908.91,110525.55,157.09,281.45,264.78,519.77,False,False,nan,True,0.9311,91.6,98.09,True,0,COLLECTING,0,,0,,,,,6,62,99,30,60,0.999976999735494,0.24494897427831783
2026-08-31T22:01:18.465,124917718,P016,normal_pressure,VALID,,,,1203,4469577,109099,111004,108912.71,110535.12,186.29,468.88,315.8,515.69,False,False,nan,True,0.9311,91.6,98.09,True,0,COLLECTING,0,,0,,,,,6,62,99,30,60,0.999976999735494,0.24494897427831783
2026-08-31T22:01:18.476,124917734,P016,normal_pressure,VALID,,,,1204,4469617,109215,111162,108918.76,110547.66,296.24,614.34,390.43,513.18,False,False,nan,True,0.9311,91.6,98.09,True,0,COLLECTING,0,,0,,,,,6,62,99,30,60,0.999976999735494,0.24494897427831783
2026-08-31T22:01:18.520,124917765,P016,normal_pressure,VALID,,,,1205,4469657,109228,111274,108924.95,110562.19,303.05,711.81,470.78,512.33,False,False,nan,True,0.9311,91.6,98.09,True,0,COLLECTING,0,,0,,,,,6,62,99,30,60,0.999976999735494,0.24494897427831783
2026-08-31T22:01:18.646,124917890,P016,normal_pressure,VALID,,,,1206,4469697,109334,111422,108933.12,110579.38,400.88,842.62,563.74,513.36,False,False,nan,True,0.9311,91.6,98.09,True,0,COLLECTING,0,,0,,,,,6,62,99,30,60,0.999976999735494,0.24494897427831783
2026-08-31T22:01:18.657,124917906,P016,normal_pressure,VALID,,,,1207,4469737,109285,111378,108940.16,110595.35,344.84,782.65,618.47,515.46,False,False,nan,True,0.9311,91.6,98.09,True,0,COLLECTING,0,,0,,,,,6,62,99,30,60,0.999976999735494,0.24494897427831783
2026-08-31T22:01:18.678,124917921,P016,normal_pressure,VALID,,,,1208,4469777,109068,110871,108942.72,110600.87,125.28,270.13,531.38,515.78,True,True,640.0,True,0.9315,92.31,98.09,True,0,COLLECTING,0,,0,,,,,6,62,99,30,60,0.999976999735494,0.24494897427831783
2026-08-31T22:01:18.680,124917937,P016,normal_pressure,VALID,,,,1209,4469817,108961,110582,108943.09,110600.49,17.91,-18.49,393.91,513.35,False,False,nan,True,0.9315,92.31,98.09,True,0,COLLECTING,0,,0,,,,,6,62,99,30,60,0.999976999735494,0.24494897427831783
2026-08-31T22:01:18.720,124917968,P016,normal_pressure,VALID,,,,1210,4469857,108970,110672,108943.62,110601.92,26.38,70.08,312.96,509.34,False,False,nan,True,0.9315,92.31,98.09,True,0,COLLECTING,0,,0,,,,,6,62,99,30,60,0.999976999735494,0.24494897427831783
2026-08-31T22:01:18.846,124918093,P016,normal_pressure,VALID,,,,1211,4469897,109116,110922,108947.07,110608.32,168.93,313.68,313.14,505.41,False,False,nan,True,0.9315,92.31,98.09,True,0,COLLECTING,0,,0,,,,,7,62,99,30,60,0.999976999735494,0.24494897427831783
2026-08-31T22:01:18.857,124918109,P016,normal_pressure,VALID,,,,1212,4469937,109180,111102,108951.73,110618.2,228.27,483.8,355.8,502.42,False,False,nan,True,0.9315,92.31,98.09,True,0,COLLECTING,0,,0,,,,,7,62,99,30,60,0.999976999735494,0.24494897427831783
2026-08-31T22:01:18.865,124918109,P016,normal_pressure,VALID,,,,1213,4469977,109221,111117,108957.11,110628.17,263.89,488.83,389.06,500.15,False,False,nan,True,0.9315,92.31,98.09,True,0,COLLECTING,0,,0,,,,,7,62,99,30,60,0.999976999735494,0.24494897427831783
2026-08-31T22:01:18.876,124918125,P016,normal_pressure,VALID,,,,1214,4470017,109162,111014,108961.21,110635.89,200.79,378.11,386.32,497.88,True,False,nan,True,0.9315,92.31,98.09,True,0,COLLECTING,0,,0,,,,,7,62,99,30,60,0.999976999735494,0.24494897427831783
2026-08-31T22:01:18.919,124918171,P016,normal_pressure,VALID,,,,1215,4470057,109162,111018,108965.23,110643.53,196.77,374.47,383.36,495.59,False,False,nan,True,0.9315,92.31,98.09,True,0,COLLECTING,0,,0,,,,,7,62,99,30,60,0.999976999735494,0.24494897427831783
2026-08-31T22:01:19.046,124918296,P016,normal_pressure,VALID,,,,1216,4470097,109241,111139,108970.74,110653.44,270.26,485.56,408.91,493.85,False,False,nan,True,0.9315,92.31,98.09,True,0,COLLECTING,0,,0,,,,,6,62,99,30,60,0.999976999735494,0.24494897427831783
2026-08-31T22:01:19.057,124918312,P016,normal_pressure,VALID,,,,1217,4470137,109356,111365,108978.45,110667.67,377.55,697.33,481.01,493.6,False,False,nan,True,0.9315,92.31,98.09,True,0,COLLECTING,0,,0,,,,,6,62,99,30,60,0.999976999735494,0.24494897427831783
2026-08-31T22:01:19.067,124918312,P016,normal_pressure,VALID,,,,1218,4470177,109373,111450,108986.34,110683.32,386.66,766.68,552.43,494.77,False,False,nan,True,0.9315,92.31,98.09,True,0,COLLECTING,0,,0,,,,,6,62,99,30,60,0.999976999735494,0.24494897427831783
2026-08-31T22:01:19.076,124918328,P016,normal_pressure,VALID,,,,1219,4470217,109421,111585,108995.03,110701.35,425.97,883.65,635.24,497.58,False,False,nan,True,0.9315,92.31,98.09,True,0,COLLECTING,0,,0,,,,,6,62,99,30,60,0.999976999735494,0.24494897427831783
2026-08-31T22:01:19.120,124918375,P016,normal_pressure,VALID,,,,1220,4470257,109462,111658,109004.37,110720.48,457.63,937.52,710.81,501.85,False,False,nan,True,0.9315,92.31,98.09,True,0,COLLECTING,0,,0,,,,,6,62,99,30,60,0.999976999735494,0.24494897427831783
2026-08-31T22:01:19.246,124918500,P016,normal_pressure,VALID,,,,1221,4470297,109459,111667,109013.46,110739.41,445.54,927.59,765.0,507.11,False,False,nan,True,0.9315,92.31,98.09,True,0,COLLECTING,0,,0,,,,,6,62,99,30,60,1.0001164932146656,0.24494897427831783
2026-08-31T22:01:19.258,124918515,P016,normal_pressure,VALID,,,,1222,4470337,109474,111678,109022.67,110758.19,451.33,919.81,803.7,513.04,False,False,nan,True,0.9315,92.31,98.09,True,0,COLLECTING,0,,0,,,,,6,62,99,30,60,1.0001164932146656,0.24494897427831783
2026-08-31T22:01:19.268,124918515,P016,normal_pressure,VALID,,,,1223,4470377,109342,111402,109029.05,110771.06,312.95,630.94,760.51,517.99,True,True,600.0,True,0.9418,91.6,98.09,True,0,COLLECTING,0,,0,,,,,6,62,99,30,60,1.0001164932146656,0.24494897427831783
2026-08-31T22:01:19.276,124918531,P016,normal_pressure,VALID,,,,1224,4470417,109026,110674,109028.99,110769.12,-2.99,-95.12,546.6,518.56,False,False,nan,True,0.9418,91.6,98.09,True,0,COLLECTING,0,,0,,,,,6,62,99,30,60,1.0001164932146656,0.24494897427831783
2026-08-31T22:01:19.320,124918578,P016,normal_pressure,VALID,,,,1225,4470457,108924,110450,109026.89,110762.74,-102.89,-312.74,331.77,514.83,False,False,nan,True,0.9418,91.6,98.09,True,0,COLLECTING,0,,0,,,,,6,62,99,30,60,1.0001164932146656,0.24494897427831783
2026-08-31T22:01:19.446,124918703,P016,normal_pressure,VALID,,,,1226,4470497,109007,110611,109026.49,110759.71,-19.49,-148.71,211.65,508.76,False,False,nan,True,0.9418,91.6,98.09,True,0,COLLECTING,0,,0,,,,,7,62,99,30,60,0.999976999735494,0.24494897427831783
2026-08-31T22:01:19.458,124918703,P016,normal_pressure,VALID,,,,1227,4470537,109073,110748,109027.42,110759.48,45.58,-11.48,155.87,501.71,False,False,nan,True,0.9418,91.6,98.09,True,0,COLLECTING,0,,0,,,,,7,62,99,30,60,0.999976999735494,0.24494897427831783
2026-08-31T22:01:19.467,124918718,P016,normal_pressure,VALID,,,,1228,4470577,109131,110861,109029.49,110761.51,101.51,99.49,141.77,494.51,False,False,nan,True,0.9418,91.6,98.09,True,0,COLLECTING,0,,0,,,,,7,62,99,30,60,0.999976999735494,0.24494897427831783
2026-08-31T22:01:19.477,124918734,P016,normal_pressure,VALID,,,,1229,4470617,109072,110743,109030.34,110761.14,41.66,-18.14,101.79,486.65,False,False,nan,True,0.9418,91.6,98.09,True,0,COLLECTING,0,,0,,,,,7,62,99,30,60,0.999976999735494,0.24494897427831783
2026-08-31T22:01:19.520,124918765,P016,normal_pressure,VALID,,,,1230,4470657,108987,110548,109029.48,110756.88,-42.48,-208.88,24.13,477.4,False,False,nan,True,0.9418,91.6,98.09,True,0,COLLECTING,0,,0,,,,,7,62,99,30,60,0.999976999735494,0.24494897427831783
2026-08-31T22:01:19.649,124918906,P016,normal_pressure,VALID,,,,1231,4470697,108945,110465,109027.79,110751.04,-82.79,-286.04,-53.41,468.92,False,False,nan,True,0.9418,91.6,98.09,True,0,COLLECTING,0,,0,,,,,6,62,99,30,60,0.999976999735494,0.24494897427831783
2026-08-31T22:01:19.660,124918906,P016,normal_pressure,VALID,,,,1232,4470737,108930,110434,109025.84,110744.7,-95.84,-310.7,-117.73,461.9,False,False,nan,True,0.9418,91.6,98.09,True,0,COLLECTING,0,,0,,,,,6,62,99,30,60,0.999976999735494,0.24494897427831783
2026-08-31T22:01:19.671,124918921,P016,normal_pressure,VALID,,,,1233,4470777,108999,110585,109025.3,110741.5,-26.3,-156.5,-127.43,455.21,False,False,nan,True,0.9418,91.6,98.09,True,0,COLLECTING,0,,0,,,,,6,62,99,30,60,0.999976999735494,0.24494897427831783
2026-08-31T22:01:19.681,124918937,P016,normal_pressure,VALID,,,,1234,4470817,109011,110589,109025.01,110738.45,-14.01,-149.45,-132.93,448.76,False,False,nan,True,0.9418,91.6,98.09,True,0,COLLECTING,0,,0,,,,,6,62,99,30,60,0.999976999735494,0.24494897427831783
2026-08-31T22:01:19.720,124918968,P016,normal_pressure,VALID,,,,1235,4470857,108994,110573,109024.39,110735.14,-30.39,-162.14,-140.23,442.59,False,False,nan,True,0.9418,91.6,98.09,True,0,COLLECTING,0,,0,,,,,6,62,99,30,60,0.999976999735494,0.24494897427831783
2026-08-31T22:01:19.846,124919093,P016,normal_pressure,VALID,,,,1236,4470897,109036,110666,109024.62,110733.76,11.38,-67.76,-122.12,436.18,False,False,nan,True,0.9418,91.6,98.09,True,0,COLLECTING,0,,0,,,,,6,62,99,30,60,1.0001164932146656,0.24494897427831783
2026-08-31T22:01:19.858,124919109,P016,normal_pressure,VALID,,,,1237,4470937,109063,110699,109025.39,110733.06,37.61,-34.06,-100.1,429.46,False,False,nan,True,0.9418,91.6,98.09,True,0,COLLECTING,0,,0,,,,,6,62,99,30,60,1.0001164932146656,0.24494897427831783
2026-08-31T22:01:19.866,124919109,P016,normal_pressure,VALID,,,,1238,4470977,109140,110863,109027.68,110735.66,112.32,127.34,-43.24,421.74,False,False,nan,True,0.9418,91.6,98.09,True,0,COLLECTING,0,,0,,,,,6,62,99,30,60,1.0001164932146656,0.24494897427831783
2026-08-31T22:01:19.876,124919125,P016,normal_pressure,VALID,,,,1239,4471017,109031,110611,109027.74,110733.17,3.26,-122.17,-62.98,414.56,False,False,nan,True,0.9418,91.6,98.09,True,0,COLLECTING,0,,0,,,,,6,62,99,30,60,1.0001164932146656,0.24494897427831783
2026-08-31T22:01:19.921,124919171,P016,normal_pressure,VALID,,,,1240,4471057,108782,110066,109022.83,110719.83,-240.83,-653.83,-210.69,410.49,False,False,nan,True,0.9418,91.6,98.09,True,0,COLLECTING,0,,0,,,,,6,62,99,30,60,1.0001164932146656,0.24494897427831783
2026-08-31T22:01:20.045,124919296,P016,normal_pressure,VALID,,,,1241,4471097,108755,109995,109017.47,110705.33,-262.47,-710.33,-335.6,408.99,False,False,nan,True,0.9418,91.6,98.09,True,0,COLLECTING,0,,0,,,,,6,62,99,30,60,0.999976999735494,0.24494897427831783
2026-08-31T22:01:20.057,124919312,P016,normal_pressure,VALID,,,,1242,4471137,108847,110196,109014.06,110695.14,-167.06,-499.14,-376.48,408.34,False,False,nan,True,0.9418,91.6,98.09,True,0,COLLECTING,0,,0,,,,,6,62,99,30,60,0.999976999735494,0.24494897427831783
2026-08-31T22:01:20.068,124919312,P016,normal_pressure,VALID,,,,1243,4471177,108905,110313,109011.88,110687.5,-106.88,-374.5,-375.99,407.69,False,False,nan,True,0.9418,91.6,98.09,True,0,COLLECTING,0,,0,,,,,6,62,99,30,60,0.999976999735494,0.24494897427831783
2026-08-31T22:01:20.077,124919328,P016,normal_pressure,VALID,,,,1244,4471217,108929,110399,109010.23,110681.73,-81.23,-282.73,-352.67,406.59,False,False,nan,True,0.9418,91.6,98.09,True,0,COLLECTING,0,,0,,,,,6,62,99,30,60,0.999976999735494,0.24494897427831783
2026-08-31T22:01:20.121,124919375,P016,normal_pressure,VALID,,,,1245,4471257,108916,110348,109008.34,110675.05,-92.34,-327.05,-346.27,405.38,False,False,nan,True,0.9418,91.6,98.09,True,0,COLLECTING,0,,0,,,,,6,62,99,30,60,0.999976999735494,0.24494897427831783
2026-08-31T22:01:20.245,124919500,P016,normal_pressure,VALID,,,,1246,4471297,108820,110141,109004.58,110664.38,-184.58,-523.38,-390.54,405.09,False,False,nan,True,0.9418,91.6,98.09,True,0,COLLECTING,0,,0,,,,,6,62,99,30,60,0.999976999735494,0.24494897427831783
2026-08-31T22:01:20.258,124919515,P016,normal_pressure,VALID,,,,1247,4471337,108785,110074,109000.19,110652.57,-215.19,-578.57,-437.55,405.74,False,False,nan,True,0.9418,91.6,98.09,True,0,COLLECTING,0,,0,,,,,6,62,99,30,60,0.999976999735494,0.24494897427831783
2026-08-31T22:01:20.268,124919515,P016,normal_pressure,VALID,,,,1248,4471377,108774,110047,108995.66,110640.46,-221.66,-593.46,-476.53,407.15,False,False,nan,True,0.9418,91.6,98.09,True,0,COLLECTING,0,,0,,,,,6,62,99,30,60,0.999976999735494,0.24494897427831783
2026-08-31T22:01:20.277,124919531,P016,normal_pressure,VALID,,,,1249,4471417,108774,110051,108991.23,110628.67,-217.23,-577.67,-501.81,409.05,False,False,nan,True,0.9418,91.6,98.09,True,0,COLLECTING,0,,0,,,,,6,62,99,30,60,0.999976999735494,0.24494897427831783
2026-08-31T22:01:20.320,124919578,P016,normal_pressure,VALID,,,,1250,4471457,108755,110016,108986.51,110616.42,-231.51,-600.42,-526.47,411.39,False,False,nan,True,0.9418,91.6,98.09,True,0,COLLECTING,0,,0,,,,,6,62,99,30,60,0.999976999735494,0.24494897427831783
2026-08-31T22:01:20.446,124919703,P016,normal_pressure,VALID,,,,1251,4471497,108732,109965,108981.41,110603.39,-249.41,-638.39,-554.45,414.25,False,False,nan,True,0.9418,91.6,98.09,True,0,COLLECTING,0,,0,,,,,6,62,99,30,60,0.999976999735494,0.24494897427831783
2026-08-31T22:01:20.458,124919703,P016,normal_pressure,VALID,,,,1252,4471537,108701,109896,108975.8,110589.24,-274.8,-693.24,-589.15,417.75,False,False,nan,True,0.9418,91.6,98.09,True,0,COLLECTING,0,,0,,,,,6,62,99,30,60,0.999976999735494,0.24494897427831783
2026-08-31T22:01:20.468,124919718,P016,normal_pressure,VALID,,,,1253,4471577,108671,109837,108969.71,110574.2,-298.71,-737.2,-626.16,421.92,False,False,nan,True,0.9418,91.6,98.09,True,0,COLLECTING,0,,0,,,,,6,62,99,30,60,0.999976999735494,0.24494897427831783
2026-08-31T22:01:20.477,124919734,P016,normal_pressure,VALID,,,,1254,4471617,108670,109830,108963.72,110559.31,-293.72,-729.31,-651.95,426.52,False,False,nan,True,0.9418,91.6,98.09,True,0,COLLECTING,0,,0,,,,,6,62,99,30,60,0.999976999735494,0.24494897427831783
2026-08-31T22:01:20.521,124919765,P016,normal_pressure,VALID,,,,1255,4471657,108505,109464,108954.55,110537.41,-449.55,-1073.41,-757.31,433.14,False,False,nan,True,0.9418,91.6,98.09,True,0,COLLECTING,0,,0,,,,,6,62,99,30,60,0.999976999735494,0.24494897427831783
2026-08-31T22:01:20.645,124919890,P016,normal_pressure,VALID,,,,1256,4471697,108250,108887,108940.45,110504.4,-690.45,-1617.4,-972.33,443.92,False,False,nan,True,0.9418,91.6,98.09,True,0,COLLECTING,0,,0,,,,,6,62,99,30,60,0.999976999735494,0.24494897427831783
2026-08-31T22:01:20.657,124919906,P016,normal_pressure,VALID,,,,1257,4471737,108198,108760,108925.6,110469.51,-727.6,-1709.51,-1156.63,458.17,False,False,nan,True,0.9418,91.6,98.09,True,0,COLLECTING,0,,0,,,,,6,62,99,30,60,0.999976999735494,0.24494897427831783
2026-08-31T22:01:20.670,124919921,P016,normal_pressure,VALID,,,,1258,4471777,108264,108899,108912.37,110438.1,-648.37,-1539.1,-1252.25,474.06,False,False,nan,True,0.9418,91.6,98.09,True,0,COLLECTING,0,,0,,,,,6,62,99,30,60,0.999976999735494,0.24494897427831783
2026-08-31T22:01:20.678,124919921,P016,normal_pressure,VALID,,,,1259,4471817,108367,109115,108901.46,110411.64,-534.46,-1296.64,-1263.34,489.84,False,False,nan,True,0.9418,91.6,98.09,True,0,COLLECTING,0,,0,,,,,6,62,99,30,60,0.999976999735494,0.24494897427831783
2026-08-31T22:01:20.720,124919968,P016,normal_pressure,VALID,,,,1260,4471857,108414,109236,108891.71,110388.12,-477.71,-1152.12,-1235.54,504.76,False,False,nan,True,0.9418,91.6,98.09,True,0,COLLECTING,0,,0,,,,,6,62,99,30,60,0.999976999735494,0.24494897427831783
2026-08-31T22:01:20.846,124920093,P016,normal_pressure,VALID,,,,1261,4471897,108363,109119,108881.14,110362.74,-518.14,-1243.74,-1237.59,519.41,False,False,nan,True,0.9418,91.6,98.09,True,0,COLLECTING,0,,0,,,,,6,62,99,30,60,0.999976999735494,0.24494897427831783
2026-08-31T22:01:20.857,124920109,P016,normal_pressure,VALID,,,,1262,4471937,108327,109048,108870.05,110336.45,-543.05,-1288.45,-1250.3,534.03,False,False,nan,True,0.9418,91.6,98.09,True,0,COLLECTING,0,,0,,,,,6,62,99,30,60,0.999976999735494,0.24494897427831783
2026-08-31T22:01:20.868,124920125,P016,normal_pressure,VALID,,,,1263,4471977,108315,109022,108858.95,110310.16,-543.95,-1288.16,-1259.77,548.55,False,False,nan,True,0.9418,91.6,98.09,True,0,COLLECTING,0,,0,,,,,6,62,99,30,60,0.999976999735494,0.24494897427831783
2026-08-31T22:01:20.877,124920125,P016,normal_pressure,VALID,,,,1264,4472017,108340,109105,108848.57,110286.05,-508.57,-1181.05,-1240.09,562.38,False,False,nan,True,0.9418,91.6,98.09,True,0,COLLECTING,0,,0,,,,,6,62,99,30,60,0.999976999735494,0.24494897427831783
2026-08-31T22:01:20.920,124920171,P016,normal_pressure,VALID,,,,1265,4472057,108431,109283,108840.22,110265.99,-409.22,-982.99,-1175.81,574.64,False,False,nan,True,0.9418,91.6,98.09,True,0,COLLECTING,0,,0,,,,,6,62,99,30,60,0.999976999735494,0.24494897427831783
2026-08-31T22:01:21.045,124920296,P016,normal_pressure,VALID,,,,1266,4472097,108489,109408,108833.2,110248.84,-344.2,-840.84,-1092.07,584.99,False,False,nan,True,0.9418,91.6,98.09,True,0,COLLECTING,0,,0,,,,,6,62,99,30,60,0.999976999735494,0.24494897427831783
2026-08-31T22:01:21.059,124920312,P016,normal_pressure,VALID,,,,1267,4472137,108540,109533,108827.33,110234.52,-287.33,-701.52,-994.43,593.18,False,False,nan,True,0.9418,91.6,98.09,True,0,COLLECTING,0,,0,,,,,6,62,99,30,60,0.999976999735494,0.24494897427831783
2026-08-31T22:01:21.068,124920312,P016,normal_pressure,VALID,,,,1268,4472177,108598,109658,108822.74,110222.98,-224.74,-564.98,-887.07,599.06,False,False,nan,True,0.9418,91.6,98.09,True,0,COLLECTING,0,,0,,,,,6,62,99,30,60,0.999976999735494,0.24494897427831783
2026-08-31T22:01:21.077,124920328,P016,normal_pressure,VALID,,,,1269,4472217,108624,109706,108818.77,110212.65,-194.77,-506.65,-791.96,602.92,False,False,nan,True,0.9418,91.6,98.09,True,0,COLLECTING,0,,0,,,,,6,62,99,30,60,0.999976999735494,0.24494897427831783
2026-08-31T22:01:21.120,124920375,P016,normal_pressure,VALID,,,,1270,4472257,108626,109725,108814.91,110202.9,-188.91,-477.9,-713.45,605.13,False,False,nan,True,0.9418,91.6,98.09,True,0,COLLECTING,0,,0,,,,,6,62,99,30,60,0.999976999735494,0.24494897427831783
2026-08-31T22:01:21.245,124920500,P016,normal_pressure,VALID,,,,1271,4472297,108497,109435,108808.55,110187.54,-311.55,-752.54,-723.22,607.49,False,False,nan,True,0.9418,91.6,98.09,True,0,COLLECTING,0,,0,,,,,6,62,99,30,60,0.999976999735494,0.24494897427831783
2026-08-31T22:01:21.257,124920515,P016,normal_pressure,VALID,,,,1272,4472337,108225,108848,108796.88,110160.75,-571.88,-1312.75,-870.6,612.75,False,False,nan,True,0.9418,91.6,98.09,True,0,COLLECTING,0,,0,,,,,6,62,99,30,60,0.999976999735494,0.24494897427831783
2026-08-31T22:01:21.269,124920515,P016,normal_pressure,VALID,,,,1273,4472377,108137,108656,108783.69,110130.66,-646.69,-1474.66,-1021.62,620.93,False,False,nan,True,0.9418,91.6,98.09,True,0,COLLECTING,0,,0,,,,,6,62,99,30,60,0.999976999735494,0.24494897427831783
2026-08-31T22:01:21.278,124920531,P016,normal_pressure,VALID,,,,1274,4472417,108218,108829,108772.38,110104.62,-554.38,-1275.62,-1085.12,630.21,False,False,nan,True,0.9418,91.6,98.09,True,0,COLLECTING,0,,0,,,,,6,62,99,30,60,0.999976999735494,0.24494897427831783
2026-08-31T22:01:21.320,124920578,P016,normal_pressure,VALID,,,,1275,4472457,108289,108989,108762.71,110082.31,-473.71,-1093.31,-1087.17,639.35,False,False,nan,True,0.9418,91.6,98.09,True,0,COLLECTING,0,,0,,,,,6,62,99,30,60,0.999976999735494,0.24494897427831783
2026-08-31T22:01:21.447,124920703,P016,normal_pressure,VALID,,,,1276,4472497,108342,109101,108754.3,110062.69,-412.3,-961.69,-1055.8,647.68,False,False,nan,True,0.9418,91.6,98.09,True,0,COLLECTING,0,,0,,,,,6,62,99,30,60,1.0001164932146656,0.24494897427831783
2026-08-31T22:01:21.457,124920703,P016,normal_pressure,VALID,,,,1277,4472537,108318,109065,108745.57,110042.73,-427.57,-977.73,-1036.28,655.45,False,False,nan,True,0.9418,91.6,98.09,True,0,COLLECTING,0,,0,,,,,6,62,99,30,60,1.0001164932146656,0.24494897427831783
2026-08-31T22:01:21.469,124920718,P016,normal_pressure,VALID,,,,1278,4472577,108304,109021,108736.74,110022.3,-432.74,-1001.3,-1027.54,662.9,False,False,nan,True,0.9418,91.6,98.09,True,0,COLLECTING,0,,0,,,,,6,62,99,30,60,1.0001164932146656,0.24494897427831783
2026-08-31T22:01:21.479,124920734,P016,normal_pressure,VALID,,,,1279,4472617,108350,109145,108729.01,110004.75,-379.01,-859.75,-985.59,669.35,False,False,nan,True,0.9418,91.6,98.09,True,0,COLLECTING,0,,0,,,,,6,62,99,30,60,1.0001164932146656,0.24494897427831783
2026-08-31T22:01:21.520,124920765,P016,normal_pressure,VALID,,,,1280,4472657,108453,109326,108723.48,109991.17,-270.48,-665.17,-905.48,674.07,False,False,nan,True,0.9418,91.6,98.09,True,0,COLLECTING,0,,0,,,,,6,62,99,30,60,1.0001164932146656,0.24494897427831783
2026-08-31T22:01:21.645,124920890,P016,normal_pressure,VALID,,,,1281,4472697,108517,109485,108719.35,109981.05,-202.35,-496.05,-803.13,676.65,False,False,nan,True,0.9418,91.6,98.09,True,0,COLLECTING,0,,0,,,,,6,62,99,30,60,0.999976999735494,0.24494897427831783
2026-08-31T22:01:21.658,124920906,P016,normal_pressure,VALID,,,,1282,4472737,108565,109596,108716.27,109973.34,-151.27,-377.34,-696.68,677.05,False,False,nan,True,0.9418,91.6,98.09,True,0,COLLECTING,0,,0,,,,,6,62,99,30,60,0.999976999735494,0.24494897427831783
2026-08-31T22:01:21.680,124920937,P016,normal_pressure,VALID,,,,1283,4472777,108620,109711,108714.34,109968.09,-94.34,-257.09,-586.78,675.25,False,False,nan,True,0.9418,91.6,98.09,True,0,COLLECTING,0,,0,,,,,6,62,99,30,60,0.999976999735494,0.24494897427831783
2026-08-31T22:01:21.683,124920937,P016,normal_pressure,VALID,,,,1284,4472817,108646,109785,108712.98,109964.43,-66.98,-179.43,-484.94,671.44,False,False,nan,True,0.9418,91.6,98.09,True,0,COLLECTING,0,,0,,,,,6,62,99,30,60,0.999976999735494,0.24494897427831783
2026-08-31T22:01:21.720,124920968,P016,normal_pressure,VALID,,,,1285,4472857,108685,109862,108712.41,109962.38,-27.41,-100.38,-388.8,665.79,False,False,nan,True,0.9418,91.6,98.09,True,0,COLLECTING,0,,0,,,,,6,62,99,30,60,0.999976999735494,0.24494897427831783
2026-08-31T22:01:21.846,124921093,P016,normal_pressure,VALID,,,,1286,4472897,108720,109940,108712.56,109961.94,7.44,-21.94,-297.09,658.42,False,False,nan,True,0.9418,91.6,98.09,True,0,COLLECTING,0,,0,,,,,6,62,99,30,60,0.999976999735494,0.24494897427831783
2026-08-31T22:01:21.856,124921109,P016,normal_pressure,VALID,,,,1287,4472937,108596,109654,108710.23,109955.78,-114.23,-301.78,-298.26,651.21,False,False,nan,True,0.9418,91.6,98.09,True,0,COLLECTING,0,,0,,,,,6,62,99,30,60,0.999976999735494,0.24494897427831783
2026-08-31T22:01:21.869,124921125,P016,normal_pressure,VALID,,,,1288,4472977,108372,109148,108703.47,109939.62,-331.47,-791.62,-421.6,646.62,False,False,nan,True,0.9418,91.6,98.09,True,0,COLLECTING,0,,0,,,,,6,62,99,30,60,0.999976999735494,0.24494897427831783
2026-08-31T22:01:21.877,124921125,P016,normal_pressure,VALID,,,,1289,4473017,108366,109130,108696.72,109923.43,-330.72,-793.43,-514.56,643.98,False,False,nan,True,0.9418,91.6,98.09,True,0,COLLECTING,0,,0,,,,,6,62,99,30,60,0.999976999735494,0.24494897427831783
2026-08-31T22:01:21.921,124921171,P016,normal_pressure,VALID,,,,1290,4473057,108505,109436,108692.88,109913.68,-187.88,-477.68,-505.34,641.21,False,False,nan,True,0.9418,91.6,98.09,True,0,COLLECTING,0,,0,,,,,6,62,99,30,60,0.999976999735494,0.24494897427831783
2026-08-31T22:01:22.046,124921296,P016,normal_pressure,VALID,,,,1291,4473097,108623,109682,108691.48,109909.05,-68.48,-227.05,-435.77,637.1,False,False,nan,True,0.9418,91.6,98.09,True,0,COLLECTING,0,,0,,,,,6,62,99,30,60,1.0001164932146656,0.24494897427831783
2026-08-31T22:01:22.056,124921312,P016,normal_pressure,VALID,,,,1292,4473137,108675,109789,108691.16,109906.65,-16.16,-117.65,-356.24,631.48,False,False,nan,True,0.9418,91.6,98.09,True,0,COLLECTING,0,,0,,,,,6,62,99,30,60,1.0001164932146656,0.24494897427831783
2026-08-31T22:01:22.068,124921312,P016,normal_pressure,VALID,,,,1293,4473177,108614,109673,108689.61,109901.98,-75.61,-228.98,-324.42,625.34,False,False,nan,True,0.9418,91.6,98.09,True,0,COLLECTING,0,,0,,,,,6,62,99,30,60,1.0001164932146656,0.24494897427831783
2026-08-31T22:01:22.076,124921328,P016,normal_pressure,VALID,,,,1294,4473217,108544,109520,108686.7,109894.34,-142.7,-374.34,-336.9,619.57,False,False,nan,True,0.9418,91.6,98.09,True,0,COLLECTING,0,,0,,,,,6,62,99,30,60,1.0001164932146656,0.24494897427831783
2026-08-31T22:01:22.120,124921375,P016,normal_pressure,VALID,,,,1295,4473257,108562,109525,108684.2,109886.95,-122.2,-361.95,-343.16,614.04,False,False,nan,True,0.9418,91.6,98.09,True,0,COLLECTING,0,,0,,,,,6,62,99,30,60,1.0001164932146656,0.24494897427831783
2026-08-31T22:01:22.246,124921500,P016,normal_pressure,VALID,,,,1296,4473297,108586,109594,108682.24,109881.09,-96.24,-287.09,-329.15,608.34,False,False,nan,True,0.9418,91.6,98.09,True,0,COLLECTING,0,,0,,,,,6,62,99,30,60,0.999976999735494,0.24494897427831783
2026-08-31T22:01:22.258,124921515,P016,normal_pressure,VALID,,,,1297,4473337,108643,109700,108681.46,109877.47,-38.46,-177.47,-291.23,602.0,False,False,nan,True,0.9418,91.6,98.09,True,0,COLLECTING,0,,0,,,,,6,62,99,30,60,0.999976999735494,0.24494897427831783
2026-08-31T22:01:22.267,124921515,P016,normal_pressure,VALID,,,,1298,4473377,108663,109756,108681.09,109875.04,-18.09,-119.04,-248.18,594.93,False,False,nan,True,0.9418,91.6,98.09,True,0,COLLECTING,0,,0,,,,,6,62,99,30,60,0.999976999735494,0.24494897427831783
2026-08-31T22:01:22.277,124921531,P016,normal_pressure,VALID,,,,1299,4473417,108715,109863,108681.77,109874.8,33.23,-11.8,-189.08,586.81,False,False,nan,True,0.9418,91.6,98.09,True,0,COLLECTING,0,,0,,,,,6,62,99,30,60,0.999976999735494,0.24494897427831783
2026-08-31T22:01:22.320,124921578,P016,normal_pressure,VALID,,,,1300,4473457,108762,109945,108683.38,109876.2,78.62,68.8,-124.61,577.56,False,False,nan,True,0.9418,91.6,98.09,True,0,COLLECTING,0,,0,,,,,6,62,99,30,60,0.999976999735494,0.24494897427831783
2026-08-31T22:01:22.446,124921703,P016,normal_pressure,VALID,,,,1301,4473497,108786,110005,108685.43,109878.78,100.57,126.22,-61.91,567.25,False,False,nan,True,0.9418,91.6,98.82,True,0,COLLECTING,0,,0,,,,,6,62,99,30,60,0.999976999735494,0.24494897427831783
2026-08-31T22:01:22.457,124921703,P016,normal_pressure,VALID,,,,1302,4473537,108706,109802,108685.84,109877.24,20.16,-75.24,-65.24,557.21,False,False,nan,True,0.9418,91.6,98.82,True,0,COLLECTING,0,,0,,,,,6,62,99,30,60,0.999976999735494,0.24494897427831783
2026-08-31T22:01:22.468,124921718,P016,normal_pressure,VALID,,,,1303,4473577,108484,109311,108681.8,109865.91,-197.8,-554.91,-187.66,549.82,False,False,nan,True,0.9418,91.6,98.82,True,0,COLLECTING,0,,0,,,,,6,62,99,30,60,0.999976999735494,0.24494897427831783
2026-08-31T22:01:22.476,124921734,P016,normal_pressure,VALID,,,,1304,4473617,108442,109217,108677.01,109852.94,-235.01,-635.94,-299.73,544.82,False,False,nan,True,0.9418,91.6,98.82,True,0,COLLECTING,0,,0,,,,,6,62,99,30,60,0.999976999735494,0.24494897427831783
2026-08-31T22:01:22.520,124921765,P016,normal_pressure,VALID,,,,1305,4473657,108600,109550,108675.47,109846.88,-75.47,-296.88,-299.01,539.9,False,False,nan,True,0.9418,91.6,98.82,True,0,COLLECTING,0,,0,,,,,6,62,99,30,60,0.999976999735494,0.24494897427831783
2026-08-31T22:01:22.646,124921890,P016,normal_pressure,VALID,,,,1306,4473697,108713,109804,108676.22,109846.02,36.78,-42.02,-234.77,533.8,False,False,nan,True,0.9418,91.6,98.82,True,0,COLLECTING,0,,0,,,,,6,62,99,30,60,1.0001164932146656,0.24494897427831783
2026-08-31T22:01:22.657,124921906,P016,normal_pressure,VALID,,,,1307,4473737,108784,109943,108678.38,109847.95,105.62,95.05,-152.31,526.17,False,False,nan,True,0.9418,91.6,98.82,True,0,COLLECTING,0,,0,,,,,6,62,99,30,60,1.0001164932146656,0.24494897427831783
2026-08-31T22:01:22.666,124921921,P016,normal_pressure,VALID,,,,1308,4473777,108781,109933,108680.43,109849.66,100.57,83.34,-93.4,517.51,False,False,nan,True,0.9418,91.6,98.82,True,0,COLLECTING,0,,0,,,,,6,62,99,30,60,1.0001164932146656,0.24494897427831783
2026-08-31T22:01:22.676,124921921,P016,normal_pressure,VALID,,,,1309,4473817,108705,109755,108680.92,109847.77,24.08,-92.77,-93.24,509.03,False,False,nan,True,0.9418,91.6,98.82,True,0,COLLECTING,0,,0,,,,,6,62,99,30,60,1.0001164932146656,0.24494897427831783
2026-08-31T22:01:22.720,124921968,P016,normal_pressure,VALID,,,,1310,4473857,108662,109678,108680.55,109844.37,-18.55,-166.37,-111.52,501.08,False,False,nan,True,0.9418,91.6,98.82,True,0,COLLECTING,0,,0,,,,,6,62,99,30,60,1.0001164932146656,0.24494897427831783
2026-08-31T22:01:22.845,124922093,P016,normal_pressure,VALID,,,,1311,4473897,108677,109705,108680.48,109841.58,-3.48,-136.58,-117.79,493.41,False,False,nan,True,0.9418,91.6,98.82,True,0,COLLECTING,0,,0,,,,,6,62,99,30,60,0.999976999735494,0.24494897427831783
2026-08-31T22:01:22.858,124922109,P016,normal_pressure,VALID,,,,1312,4473937,108694,109737,108680.75,109839.48,13.25,-102.48,-113.96,485.82,False,False,nan,True,0.9418,91.6,98.82,True,0,COLLECTING,0,,0,,,,,6,62,99,30,60,0.999976999735494,0.24494897427831783
2026-08-31T22:01:22.868,124922125,P016,normal_pressure,VALID,,,,1313,4473977,108708,109771,108681.3,109838.12,26.7,-67.12,-102.25,478.15,False,False,nan,True,0.9418,91.6,98.82,True,0,COLLECTING,0,,0,,,,,6,62,99,30,60,0.999976999735494,0.24494897427831783
2026-08-31T22:01:22.877,124922125,P016,normal_pressure,VALID,,,,1314,4474017,108740,109830,108682.47,109837.95,57.53,-7.95,-78.68,470.16,False,False,nan,True,0.9418,91.6,98.82,True,0,COLLECTING,0,,0,,,,,6,62,99,30,60,0.999976999735494,0.24494897427831783
2026-08-31T22:01:22.920,124922171,P016,normal_pressure,VALID,,,,1315,4474057,108720,109782,108683.22,109836.84,36.78,-54.84,-72.72,462.21,False,False,nan,True,0.9418,91.6,98.82,True,0,COLLECTING,0,,0,,,,,6,62,99,30,60,0.999976999735494,0.24494897427831783
2026-08-31T22:01:23.045,124922296,P016,normal_pressure,VALID,,,,1316,4474097,108694,109730,108683.44,109834.7,10.56,-104.7,-80.71,454.58,False,False,nan,True,0.9418,91.6,98.82,True,0,COLLECTING,0,,0,,,,,6,62,99,30,60,0.999976999735494,0.24494897427831783
2026-08-31T22:01:23.057,124922312,P016,normal_pressure,VALID,,,,1317,4474137,108606,109511,108681.89,109828.23,-75.89,-317.23,-139.84,448.29,False,False,nan,True,0.9418,91.6,98.82,True,0,COLLECTING,0,,0,,,,,6,62,99,30,60,0.999976999735494,0.24494897427831783
2026-08-31T22:01:23.067,124922312,P016,normal_pressure,VALID,,,,1318,4474177,108318,108887,108674.61,109809.4,-356.61,-922.4,-335.48,446.03,False,False,nan,True,0.9418,91.6,98.82,True,0,COLLECTING,0,,0,,,,,6,62,99,30,60,0.999976999735494,0.24494897427831783
2026-08-31T22:01:23.077,124922328,P016,normal_pressure,VALID,,,,1319,4474217,108154,108521,108664.2,109783.63,-510.2,-1262.63,-567.27,448.46,False,False,nan,True,0.9418,91.6,98.82,True,0,COLLECTING,0,,0,,,,,6,62,99,30,60,0.999976999735494,0.24494897427831783
2026-08-31T22:01:23.121,124922375,P016,normal_pressure,VALID,,,,1320,4474257,108211,108622,108655.13,109760.4,-444.13,-1138.4,-710.05,453.69,False,False,nan,True,0.9418,91.6,98.82,True,0,COLLECTING,0,,0,,,,,6,62,99,30,60,0.999976999735494,0.24494897427831783
2026-08-31T22:01:23.245,124922500,P016,normal_pressure,VALID,,,,1321,4474297,108281,108796,108647.65,109741.11,-366.65,-945.11,-768.82,459.99,False,False,nan,True,0.9418,91.6,98.82,True,0,COLLECTING,0,,0,,,,,6,62,99,30,60,1.0001164932146656,0.24494897427831783
2026-08-31T22:01:23.257,124922515,P016,normal_pressure,VALID,,,,1322,4474337,108331,108899,108641.31,109724.27,-310.31,-825.27,-782.93,466.45,False,False,nan,True,0.9418,91.6,98.82,True,0,COLLECTING,0,,0,,,,,6,62,99,30,60,1.0001164932146656,0.24494897427831783
2026-08-31T22:01:23.268,124922515,P016,normal_pressure,VALID,,,,1323,4474377,108348,108926,108635.45,109708.3,-287.45,-782.3,-782.77,472.78,False,False,nan,True,0.9418,91.6,98.82,True,0,COLLECTING,0,,0,,,,,6,62,99,30,60,1.0001164932146656,0.24494897427831783
2026-08-31T22:01:23.277,124922531,P016,normal_pressure,VALID,,,,1324,4474417,108308,108860,108628.9,109691.33,-320.9,-831.33,-794.91,479.22,False,False,nan,True,0.9418,91.6,98.82,True,0,COLLECTING,0,,0,,,,,6,62,99,30,60,1.0001164932146656,0.24494897427831783
2026-08-31T22:01:23.321,124922578,P016,normal_pressure,VALID,,,,1325,4474457,108336,108899,108623.04,109675.48,-287.04,-776.48,-790.3,485.44,False,False,nan,True,0.9418,91.6,98.82,True,0,COLLECTING,0,,0,,,,,6,62,99,30,60,1.0001164932146656,0.24494897427831783
2026-08-31T22:01:23.445,124922703,P016,normal_pressure,VALID,,,,1326,4474497,108372,108983,108618.02,109661.63,-246.02,-678.63,-762.39,490.98,False,False,nan,True,0.9418,91.6,98.82,True,0,COLLECTING,0,,0,,,,,6,62,99,30,60,1.0001164932146656,0.24494897427831783
2026-08-31T22:01:23.456,124922703,P016,normal_pressure,VALID,,,,1327,4474537,108393,109030,108613.52,109649.0,-220.52,-619.0,-726.54,495.69,False,False,nan,True,0.9418,91.6,98.82,True,0,COLLECTING,0,,0,,,,,6,62,99,30,60,1.0001164932146656,0.24494897427831783
2026-08-31T22:01:23.469,124922718,P016,normal_pressure,VALID,,,,1328,4474577,108333,108923,108607.91,109634.48,-274.91,-711.48,-722.77,500.23,False,False,nan,True,0.9418,91.6,98.82,True,0,COLLECTING,0,,0,,,,,6,62,99,30,60,1.0001164932146656,0.24494897427831783
2026-08-31T22:01:23.476,124922734,P016,normal_pressure,VALID,,,,1329,4474617,108291,108829,108601.57,109618.37,-310.57,-789.37,-739.42,505.02,False,False,nan,True,0.9418,91.6,98.82,True,0,COLLECTING,0,,0,,,,,6,62,99,30,60,1.0001164932146656,0.24494897427831783
2026-08-31T22:01:23.520,124922765,P016,normal_pressure,VALID,,,,1330,4474657,108318,108872,108595.9,109603.44,-277.9,-731.44,-737.43,509.66,False,False,nan,True,0.9418,91.6,98.82,True,0,COLLECTING,0,,0,,,,,6,62,99,30,60,1.0001164932146656,0.24494897427831783
2026-08-31T22:01:23.645,124922890,P016,normal_pressure,VALID,,,,1331,4474697,108356,108940,108591.1,109590.17,-235.1,-650.17,-715.61,513.78,False,False,nan,True,0.9418,91.6,98.82,True,0,COLLECTING,0,,0,,,,,6,62,99,30,60,0.999976999735494,0.24494897427831783
2026-08-31T22:01:23.657,124922906,P016,normal_pressure,VALID,,,,1332,4474747,108360,108951,108586.48,109577.39,-226.48,-626.39,-693.31,517.37,False,False,nan,True,0.9418,91.6,98.82,True,0,COLLECTING,0,,0,,,,,6,62,99,30,60,0.999976999735494,0.24494897427831783
2026-08-31T22:01:23.669,124922921,P016,normal_pressure,VALID,,,,1333,4474777,108202,108599,108578.79,109557.82,-376.79,-958.82,-759.69,522.22,False,False,nan,True,0.9418,91.6,98.82,True,0,COLLECTING,0,,0,,,,,6,62,99,30,60,0.999976999735494,0.24494897427831783
2026-08-31T22:01:23.677,124922921,P016,normal_pressure,VALID,,,,1334,4474817,107985,108138,108566.91,109529.42,-581.91,-1391.42,-917.62,530.13,False,False,nan,True,0.9418,91.6,98.82,True,0,COLLECTING,0,,0,,,,,6,62,99,30,60,0.999976999735494,0.24494897427831783
2026-08-31T22:01:23.720,124922968,P016,normal_pressure,VALID,,,,1335,4474857,107969,108099,108554.95,109500.81,-585.95,-1401.81,-1038.67,540.3,False,False,nan,True,0.9418,91.6,98.82,True,0,COLLECTING,0,,0,,,,,6,62,99,30,60,0.999976999735494,0.24494897427831783
2026-08-31T22:01:23.846,124923093,P016,normal_pressure,VALID,,,,1336,4474897,108044,108258,108544.73,109475.95,-500.73,-1217.95,-1083.49,551.16,False,False,nan,True,0.9418,91.6,98.82,True,0,COLLECTING,0,,0,,,,,6,62,99,30,60,1.0001164932146656,0.24494897427831783
2026-08-31T22:01:23.857,124923109,P016,normal_pressure,VALID,,,,1337,4474947,108124,108437,108536.32,109455.17,-412.32,-1018.17,-1067.16,561.48,False,False,nan,True,0.9418,91.6,98.82,True,0,COLLECTING,0,,0,,,,,6,62,99,30,60,1.0001164932146656,0.24494897427831783
2026-08-31T22:01:23.868,124923125,P016,normal_pressure,VALID,,,,1338,4474987,108160,108517,108528.8,109436.41,-368.8,-919.41,-1030.22,570.86,False,False,nan,True,0.9418,91.6,98.82,True,0,COLLECTING,0,,0,,,,,6,62,99,30,60,1.0001164932146656,0.24494897427831783
2026-08-31T22:01:23.878,124923125,P016,normal_pressure,VALID,,,,1339,4475017,108172,108551,108521.66,109418.7,-349.66,-867.7,-989.59,579.23,False,False,nan,True,0.9418,91.6,98.82,True,0,COLLECTING,0,,0,,,,,6,62,99,30,60,1.0001164932146656,0.24494897427831783
2026-08-31T22:01:23.929,124923187,P016,normal_pressure,VALID,,,,1340,4475067,108182,108521,108514.87,109400.74,-332.87,-879.74,-962.13,586.89,False,False,nan,True,0.9418,91.6,98.82,True,0,COLLECTING,0,,0,,,,,6,62,99,30,60,1.0001164932146656,0.24494897427831783
2026-08-31T22:01:24.046,124923296,P016,normal_pressure,VALID,,,,1341,4475107,108192,108554,108508.41,109383.8,-316.41,-829.8,-929.05,593.73,False,False,nan,True,0.9418,91.6,98.82,True,0,COLLECTING,0,,0,,,,,6,62,99,30,60,0.999976999735494,0.24494897427831783
2026-08-31T22:01:24.059,124923312,P016,normal_pressure,VALID,,,,1342,4475147,108182,108547,108501.88,109367.07,-319.88,-820.07,-901.8,599.89,False,False,nan,True,0.9418,91.6,98.82,True,0,COLLECTING,0,,0,,,,,6,62,99,30,60,0.999976999735494,0.24494897427831783
2026-08-31T22:01:24.067,124923312,P016,normal_pressure,VALID,,,,1343,4475187,108160,108581,108495.04,109351.35,-335.04,-770.35,-868.94,605.28,False,False,nan,True,0.9418,91.6,98.82,True,0,COLLECTING,0,,0,,,,,6,62,99,30,60,0.999976999735494,0.24494897427831783
2026-08-31T22:01:24.090,124923343,P016,normal_pressure,VALID,,,,1344,4475227,108134,108447,108487.82,109333.27,-353.82,-886.27,-873.27,610.64,False,False,nan,True,0.9418,91.6,98.82,True,0,COLLECTING,0,,0,,,,,6,62,99,30,60,0.999976999735494,0.24494897427831783
2026-08-31T22:01:24.133,124923390,P016,normal_pressure,VALID,,,,1345,4475267,108183,108587,108481.73,109318.34,-298.73,-731.34,-837.79,615.18,False,False,nan,True,0.9418,91.6,98.82,True,0,COLLECTING,0,,0,,,,,6,62,99,30,60,0.999976999735494,0.24494897427831783
2026-08-31T22:01:24.246,124923500,P016,normal_pressure,VALID,,,,1346,4475307,108211,108620,108476.31,109304.38,-265.31,-684.38,-799.44,618.86,False,False,nan,True,0.9418,91.6,98.82,True,0,COLLECTING,0,,0,,,,,6,62,99,30,60,0.999976999735494,0.24494897427831783
2026-08-31T22:01:24.258,124923515,P016,normal_pressure,VALID,,,,1347,4475347,108257,108737,108471.93,109293.03,-214.93,-556.03,-738.58,621.26,False,False,nan,True,0.9418,91.6,98.82,True,0,COLLECTING,0,,0,,,,,6,62,99,30,60,0.999976999735494,0.24494897427831783
2026-08-31T22:01:24.267,124923515,P016,normal_pressure,VALID,,,,1348,4475387,108243,108657,108467.35,109280.31,-224.35,-623.31,-709.77,623.03,False,False,nan,True,0.9418,91.6,98.82,True,0,COLLECTING,0,,0,,,,,6,62,99,30,60,0.999976999735494,0.24494897427831783
2026-08-31T22:01:24.291,124923546,P016,normal_pressure,VALID,,,,1349,4475427,108011,108234,108458.23,109259.38,-447.23,-1025.38,-788.67,626.34,False,False,nan,True,0.9418,91.6,98.82,True,0,COLLECTING,0,,0,,,,,6,62,99,30,60,0.999976999735494,0.24494897427831783
2026-08-31T22:01:24.329,124923578,P016,normal_pressure,VALID,,,,1350,4475467,107846,107820,108445.98,109230.59,-599.98,-1410.59,-944.15,632.7,False,False,nan,True,0.9418,91.6,98.82,True,0,COLLECTING,0,,0,,,,,6,62,99,30,60,0.999976999735494,0.24494897427831783
2026-08-31T22:01:24.446,124923703,P016,normal_pressure,VALID,,,,1351,4475507,107877,107891,108434.6,109203.8,-557.6,-1312.8,-1036.31,640.77,False,False,nan,True,0.9418,91.6,98.82,True,0,COLLECTING,0,,0,,,,,6,62,99,30,60,1.0001164932146656,0.24494897427831783
2026-08-31T22:01:24.459,124923703,P016,normal_pressure,VALID,,,,1352,4475547,107967,108090,108425.25,109181.53,-458.25,-1091.53,-1050.12,648.96,False,False,nan,True,0.9418,91.6,98.82,True,0,COLLECTING,0,,0,,,,,6,62,99,30,60,1.0001164932146656,0.24494897427831783
2026-08-31T22:01:24.467,124923718,P016,normal_pressure,VALID,,,,1353,4475587,108025,108280,108417.24,109163.5,-392.24,-883.5,-1008.46,656.15,False,False,nan,True,0.9418,91.6,98.82,True,0,COLLECTING,0,,0,,,,,6,62,99,30,60,1.0001164932146656,0.24494897427831783
2026-08-31T22:01:24.490,124923734,P016,normal_pressure,VALID,,,,1354,4475627,108032,108183,108409.54,109143.89,-377.54,-960.89,-996.57,662.96,False,False,nan,True,0.9418,91.6,98.82,True,0,COLLECTING,0,,0,,,,,6,62,99,30,60,1.0001164932146656,0.24494897427831783
2026-08-31T22:01:24.529,124923781,P016,normal_pressure,VALID,,,,1355,4475667,107897,108047,108399.29,109121.95,-502.29,-1074.95,-1016.17,670.02,False,False,nan,True,0.9418,91.6,98.82,True,0,COLLECTING,0,,0,,,,,6,62,99,30,60,1.0001164932146656,0.24494897427831783
2026-08-31T22:01:24.648,124923906,P016,normal_pressure,VALID,,,,1356,4475707,107885,107995,108389.0,109099.41,-504.0,-1104.41,-1038.23,677.38,False,False,nan,True,0.9418,91.6,98.82,True,0,COLLECTING,0,,0,,,,,6,62,99,30,60,1.0001164932146656,0.24494897427831783
2026-08-31T22:01:24.659,124923906,P016,normal_pressure,VALID,,,,1357,4475747,107946,108180,108380.14,109081.02,-434.14,-901.02,-1003.93,683.91,False,False,nan,True,0.9418,91.6,98.82,True,0,COLLECTING,0,,0,,,,,6,62,99,30,60,1.0001164932146656,0.24494897427831783
2026-08-31T22:01:24.676,124923921,P016,normal_pressure,VALID,,,,1358,4475787,107993,108346,108372.4,109066.32,-379.4,-720.32,-933.03,688.9,False,False,nan,True,0.9418,91.6,98.82,True,0,COLLECTING,0,,0,,,,,6,62,99,30,60,1.0001164932146656,0.24494897427831783
2026-08-31T22:01:24.690,124923937,P016,normal_pressure,VALID,,,,1359,4475827,108135,108482,108367.65,109054.63,-232.65,-572.63,-842.93,691.98,False,False,nan,True,0.9418,91.6,98.82,True,0,COLLECTING,0,,0,,,,,6,62,99,30,60,1.0001164932146656,0.24494897427831783
2026-08-31T22:01:24.730,124923984,P016,normal_pressure,VALID,,,,1360,4475867,108110,108551,108362.49,109044.56,-252.49,-493.56,-755.59,693.25,False,False,nan,True,0.9418,91.6,98.82,True,0,COLLECTING,0,,0,,,,,6,62,99,30,60,1.0001164932146656,0.24494897427831783
2026-08-31T22:01:24.847,124924093,P016,normal_pressure,VALID,,,,1361,4475907,108112,108509,108357.48,109033.85,-245.48,-524.85,-697.9,693.34,False,False,nan,True,0.9418,91.6,98.82,True,0,COLLECTING,0,,0,,,,,6,62,99,30,60,1.0001164932146656,0.24494897427831783
2026-08-31T22:01:24.859,124924109,P016,normal_pressure,VALID,,,,1362,4475947,108083,108478,108351.99,109022.73,-268.99,-544.73,-659.61,692.67,False,False,nan,True,0.9418,91.6,98.82,True,0,COLLECTING,0,,0,,,,,6,62,99,30,60,1.0001164932146656,0.24494897427831783
2026-08-31T22:01:24.868,124924125,P016,normal_pressure,VALID,,,,1363,4475987,108056,108523,108346.07,109012.74,-290.07,-489.74,-617.14,691.16,False,False,nan,True,0.9418,91.6,98.82,True,0,COLLECTING,0,,0,,,,,6,62,99,30,60,1.0001164932146656,0.24494897427831783
2026-08-31T22:01:24.890,124924140,P016,normal_pressure,VALID,,,,1364,4476027,108018,108325,108339.51,108998.98,-321.51,-673.98,-631.35,689.96,False,False,nan,True,0.9418,91.6,98.82,True,0,COLLECTING,0,,0,,,,,6,62,99,30,60,1.0001164932146656,0.24494897427831783
2026-08-31T22:01:24.930,124924187,P016,normal_pressure,VALID,,,,1365,4476067,107801,107884,108328.73,108976.69,-527.73,-1092.69,-746.69,691.1,False,False,nan,True,0.9418,91.6,98.82,True,0,COLLECTING,0,,0,,,,,6,62,99,30,60,1.0001164932146656,0.24494897427831783
2026-08-31T22:01:25.046,124924296,P016,normal_pressure,VALID,,,,1366,4476107,107765,107724,108317.46,108951.63,-552.46,-1227.63,-866.92,694.61,False,False,nan,True,0.9418,91.6,98.82,True,0,COLLECTING,0,,0,,,,,6,62,99,30,60,1.0001164932146656,0.24494897427831783
2026-08-31T22:01:25.059,124924312,P016,normal_pressure,VALID,,,,1367,4476147,107808,107849,108307.27,108929.58,-499.27,-1080.58,-920.34,699.13,False,False,nan,True,0.9418,91.6,98.82,True,0,COLLECTING,0,,0,,,,,6,62,99,30,60,1.0001164932146656,0.24494897427831783
2026-08-31T22:01:25.069,124924328,P016,normal_pressure,VALID,,,,1368,4476187,107857,108007,108298.27,108911.12,-441.27,-904.12,-916.28,703.47,False,False,nan,True,0.9418,91.6,98.82,True,0,COLLECTING,0,,0,,,,,6,62,99,30,60,1.0001164932146656,0.24494897427831783
2026-08-31T22:01:25.092,124924343,P016,normal_pressure,VALID,,,,1369,4476227,107953,108133,108291.36,108895.56,-338.36,-762.56,-877.85,706.96,False,False,nan,True,0.9418,91.6,98.82,True,0,COLLECTING,0,,0,,,,,6,62,99,30,60,1.0001164932146656,0.24494897427831783
2026-08-31T22:01:25.130,124924375,P016,normal_pressure,VALID,,,,1370,4476267,107873,108010,108282.99,108877.85,-409.99,-867.85,-875.35,710.33,False,False,nan,True,0.9418,91.6,98.82,True,0,COLLECTING,0,,0,,,,,6,62,99,30,60,1.0001164932146656,0.24494897427831783
2026-08-31T22:01:25.247,124924500,P016,normal_pressure,VALID,,,,1371,4476307,107854,107936,108274.41,108859.02,-420.41,-923.02,-887.27,713.86,False,False,nan,True,0.9418,91.6,98.82,True,0,COLLECTING,0,,0,,,,,6,62,99,30,60,0.999976999735494,0.24494897427831783
2026-08-31T22:01:25.259,124924515,P016,normal_pressure,VALID,,,,1372,4476347,107859,107894,108266.11,108839.72,-407.11,-945.72,-901.88,717.62,False,False,nan,True,0.9418,91.6,98.82,True,0,COLLECTING,0,,0,,,,,6,62,99,30,60,0.999976999735494,0.24494897427831783
2026-08-31T22:01:25.269,124924515,P016,normal_pressure,VALID,,,,1373,4476387,107896,107965,108258.71,108822.23,-362.71,-857.23,-890.72,721.09,False,False,nan,True,0.9418,91.6,98.82,True,0,COLLECTING,0,,0,,,,,6,62,99,30,60,0.999976999735494,0.24494897427831783
2026-08-31T22:01:25.291,124924546,P016,normal_pressure,VALID,,,,1374,4476427,107876,108045,108251.05,108806.68,-375.05,-761.68,-858.46,723.83,False,False,nan,True,0.9418,91.6,98.82,True,0,COLLECTING,0,,0,,,,,6,62,99,30,60,0.999976999735494,0.24494897427831783
2026-08-31T22:01:25.329,124924578,P016,normal_pressure,VALID,,,,1375,4476467,107988,108177,108245.8,108794.09,-257.8,-617.09,-798.12,725.32,False,False,nan,True,0.9418,91.6,98.82,True,0,COLLECTING,0,,0,,,,,6,62,99,30,60,0.999976999735494,0.24494897427831783
2026-08-31T22:01:25.448,124924703,P016,normal_pressure,VALID,,,,1376,4476507,107988,108192,108240.64,108782.05,-252.64,-590.05,-746.1,725.74,False,False,nan,True,0.9418,91.6,98.82,True,0,COLLECTING,0,,0,,,,,6,62,99,30,60,1.0001164932146656,0.24494897427831783
2026-08-31T22:01:25.460,124924718,P016,normal_pressure,VALID,,,,1377,4476547,107979,108144,108235.41,108769.29,-256.41,-625.29,-715.9,725.54,False,False,nan,True,0.9418,91.6,98.82,True,0,COLLECTING,0,,0,,,,,6,62,99,30,60,1.0001164932146656,0.24494897427831783
2026-08-31T22:01:25.470,124924718,P016,normal_pressure,VALID,,,,1378,4476587,107957,108167,108229.84,108757.24,-272.84,-590.24,-684.48,724.72,False,False,nan,True,0.9418,91.6,98.82,True,0,COLLECTING,0,,0,,,,,6,62,99,30,60,1.0001164932146656,0.24494897427831783
2026-08-31T22:01:25.491,124924734,P016,normal_pressure,VALID,,,,1379,4476627,107973,108163,108224.7,108745.36,-251.7,-582.36,-658.95,723.4,False,False,nan,True,0.9418,91.6,98.82,True,0,COLLECTING,0,,0,,,,,6,62,99,30,60,1.0001164932146656,0.24494897427831783
2026-08-31T22:01:25.530,124924781,P016,normal_pressure,VALID,,,,1380,4476667,107890,107947,108218.01,108729.39,-328.01,-782.39,-689.81,722.73,False,False,nan,True,0.9418,91.6,98.82,True,0,COLLECTING,0,,0,,,,,6,62,99,30,60,1.0001164932146656,0.24494897427831783
2026-08-31T22:01:25.647,124924890,P016,normal_pressure,VALID,,,,1381,4476707,107674,107519,108207.12,108705.18,-533.12,-1186.18,-813.9,724.55,False,False,nan,True,0.9418,91.6,98.82,True,0,COLLECTING,0,,0,,,,,6,62,99,30,60,0.999976999735494,0.24494897427831783
2026-08-31T22:01:25.658,124924906,P016,normal_pressure,VALID,,,,1382,4476747,107698,107486,108196.95,108680.8,-498.95,-1194.8,-909.13,728.25,False,False,nan,True,0.9418,91.6,98.82,True,0,COLLECTING,0,,0,,,,,6,62,99,30,60,0.999976999735494,0.24494897427831783
2026-08-31T22:01:25.667,124924921,P016,normal_pressure,VALID,,,,1383,4476787,107778,107662,108188.57,108660.42,-410.57,-998.42,-931.45,732.31,False,False,nan,True,0.9418,91.6,98.82,True,0,COLLECTING,0,,0,,,,,6,62,99,30,60,0.999976999735494,0.24494897427831783
2026-08-31T22:01:25.690,124924937,P016,normal_pressure,VALID,,,,1384,4476827,107881,107928,108182.42,108645.77,-301.42,-717.77,-878.03,735.22,False,False,nan,True,0.9418,91.6,98.82,True,0,COLLECTING,0,,0,,,,,6,62,99,30,60,0.999976999735494,0.24494897427831783
2026-08-31T22:01:25.729,124924984,P016,normal_pressure,VALID,,,,1385,4476867,107979,108091,108178.35,108634.68,-199.35,-543.68,-794.44,736.41,False,False,nan,True,0.9418,91.6,98.82,True,0,COLLECTING,0,,0,,,,,6,62,99,30,60,0.999976999735494,0.24494897427831783
2026-08-31T22:01:25.848,124925093,P016,normal_pressure,VALID,,,,1386,4476907,107881,107928,108172.41,108620.55,-291.41,-692.55,-768.97,737.06,False,False,nan,True,0.9418,91.6,98.82,True,0,COLLECTING,0,,0,,,,,6,62,99,30,60,0.9995493984791347,0.24494897427831783
2026-08-31T22:01:25.858,124925109,P016,normal_pressure,VALID,,,,1387,4476947,107877,107849,108166.5,108605.12,-289.5,-756.12,-765.76,737.63,False,False,nan,True,0.9418,91.6,98.82,True,0,COLLECTING,0,,0,,,,,6,62,99,30,60,0.9995493984791347,0.24494897427831783
2026-08-31T22:01:25.867,124925125,P016,normal_pressure,VALID,,,,1388,4476987,107895,107859,108161.07,108590.2,-266.07,-731.2,-757.12,738.02,False,False,nan,True,0.9418,91.6,98.82,True,0,COLLECTING,0,,0,,,,,6,62,99,30,60,0.9995493984791347,0.24494897427831783
2026-08-31T22:01:25.891,124925140,P016,normal_pressure,VALID,,,,1389,4477027,107912,107932,108156.09,108577.03,-244.09,-645.03,-729.09,737.84,False,False,nan,True,0.9418,91.6,98.82,True,0,COLLECTING,0,,0,,,,,6,62,99,30,60,0.9995493984791347,0.24494897427831783
2026-08-31T22:01:25.930,124925187,P016,normal_pressure,VALID,,,,1390,4477067,107942,108025,108151.8,108565.99,-209.8,-540.99,-682.07,736.73,False,False,nan,True,0.9418,91.6,98.82,True,0,COLLECTING,0,,0,,,,,6,62,99,30,60,0.9995493984791347,0.24494897427831783
2026-08-31T22:01:26.047,124925296,P016,normal_pressure,VALID,,,,1391,4477107,107911,108049,108146.99,108555.66,-235.99,-506.66,-638.22,734.76,False,False,nan,True,0.9418,91.6,98.82,True,0,COLLECTING,0,,0,,,,,5,62,99,30,60,0.999976999735494,0.17320508075688776
2026-08-31T22:01:26.057,124925312,P016,normal_pressure,VALID,,,,1392,4477147,107948,108124,108143.02,108547.02,-195.02,-423.02,-584.42,731.75,False,False,nan,True,0.9418,91.6,98.82,True,0,COLLECTING,0,,0,,,,,5,62,99,30,60,0.999976999735494,0.17320508075688776
2026-08-31T22:01:26.067,124925312,P016,normal_pressure,VALID,,,,1393,4477187,108006,108224,108140.27,108540.56,-134.27,-316.56,-517.45,727.47,False,False,nan,True,0.9418,91.6,98.82,True,0,COLLECTING,0,,0,,,,,5,62,99,30,60,0.999976999735494,0.17320508075688776
2026-08-31T22:01:26.090,124925343,P016,normal_pressure,VALID,,,,1394,4477227,108039,108292,108138.25,108535.59,-99.25,-243.59,-448.99,721.9,False,False,nan,True,0.9418,91.6,98.82,True,0,COLLECTING,0,,0,,,,,5,62,99,30,60,0.999976999735494,0.17320508075688776
2026-08-31T22:01:26.131,124925375,P016,normal_pressure,VALID,,,,1395,4477267,108073,108306,108136.95,108531.0,-63.95,-225.0,-392.99,715.32,False,False,nan,True,0.9418,91.6,98.82,True,0,COLLECTING,0,,0,,,,,5,62,99,30,60,0.999976999735494,0.17320508075688776
2026-08-31T22:01:26.246,124925500,P016,normal_pressure,VALID,,,,1396,4477307,107895,107937,108132.11,108519.12,-237.11,-582.12,-440.27,709.82,False,False,nan,True,0.9418,91.6,98.82,True,0,COLLECTING,0,,0,,,,,5,62,99,30,60,1.0001164932146656,0.24494897427831783
2026-08-31T22:01:26.258,124925515,P016,normal_pressure,VALID,,,,1397,4477347,107751,107611,108124.48,108500.95,-373.48,-889.95,-552.69,706.67,False,False,nan,True,0.9418,91.6,98.82,True,0,COLLECTING,0,,0,,,,,5,62,99,30,60,1.0001164932146656,0.24494897427831783
2026-08-31T22:01:26.267,124925515,P016,normal_pressure,VALID,,,,1398,4477387,107894,107842,108119.88,108487.77,-225.88,-645.77,-575.96,704.06,False,False,nan,True,0.9418,91.6,98.82,True,0,COLLECTING,0,,0,,,,,5,62,99,30,60,1.0001164932146656,0.24494897427831783
2026-08-31T22:01:26.290,124925546,P016,normal_pressure,VALID,,,,1399,4477427,108009,108147,108117.66,108480.96,-108.66,-333.96,-515.46,700.29,False,False,nan,True,0.9418,91.6,98.82,True,0,COLLECTING,0,,0,,,,,5,62,99,30,60,1.0001164932146656,0.24494897427831783
2026-08-31T22:01:26.330,124925578,P016,normal_pressure,VALID,,,,1400,4477467,108104,108321,108117.38,108477.77,-13.38,-156.77,-425.79,694.8,False,False,nan,True,0.9418,91.6,98.82,True,0,COLLECTING,0,,0,,,,,5,62,99,30,60,1.0001164932146656,0.24494897427831783
2026-08-31T22:01:26.448,124925703,P016,normal_pressure,VALID,,,,1401,4477507,108189,108503,108118.81,108478.27,70.19,24.73,-313.16,687.17,False,False,nan,True,0.9418,91.6,98.93,True,0,COLLECTING,0,,0,,,,,5,62,99,30,60,1.0001164932146656,0.24494897427831783
2026-08-31T22:01:26.459,124925703,P016,normal_pressure,VALID,,,,1402,4477547,108173,108450,108119.9,108477.71,53.1,-27.71,-241.8,678.26,False,False,nan,True,0.9418,91.6,98.93,True,0,COLLECTING,0,,0,,,,,5,62,99,30,60,1.0001164932146656,0.24494897427831783
2026-08-31T22:01:26.467,124925718,P016,normal_pressure,VALID,,,,1403,4477587,108184,108480,108121.18,108477.76,62.82,2.24,-180.79,668.31,False,False,nan,True,0.9418,91.6,98.93,True,0,COLLECTING,0,,0,,,,,5,62,99,30,60,1.0001164932146656,0.24494897427831783
2026-08-31T22:01:26.490,124925734,P016,normal_pressure,VALID,,,,1404,4477627,108241,108607,108123.58,108480.34,117.42,126.66,-103.93,657.02,False,False,nan,True,0.9418,91.6,98.93,True,0,COLLECTING,0,,0,,,,,5,62,99,30,60,1.0001164932146656,0.24494897427831783
2026-08-31T22:01:26.533,124925781,P016,normal_pressure,VALID,,,,1405,4477667,108316,108792,108127.43,108486.58,188.57,305.42,-1.59,643.91,False,False,nan,True,0.9418,91.6,98.93,True,0,COLLECTING,0,,0,,,,,5,62,99,30,60,1.0001164932146656,0.24494897427831783
2026-08-31T22:01:26.652,124925906,P016,normal_pressure,VALID,,,,1406,4477707,108370,108912,108132.28,108495.09,237.72,416.91,103.04,633.1,False,False,nan,True,0.9418,91.6,98.93,True,0,COLLECTING,0,,0,,,,,5,62,99,30,60,1.0001164932146656,0.24494897427831783
2026-08-31T22:01:26.664,124925921,P016,normal_pressure,VALID,,,,1407,4477747,108405,108957,108137.73,108504.32,267.27,452.68,190.45,624.24,False,False,nan,True,0.9418,91.6,98.93,True,0,COLLECTING,0,,0,,,,,5,62,99,30,60,1.0001164932146656,0.24494897427831783
2026-08-31T22:01:26.668,124925921,P016,normal_pressure,VALID,,,,1408,4477787,108435,109048,108143.68,108515.2,291.32,532.8,276.04,617.28,False,False,nan,True,0.9418,91.6,98.93,True,0,COLLECTING,0,,0,,,,,5,62,99,30,60,1.0001164932146656,0.24494897427831783
2026-08-31T22:01:26.693,124925937,P016,normal_pressure,VALID,,,,1409,4477827,108490,109119,108150.61,108527.27,339.39,591.73,354.96,612.03,False,False,nan,True,0.9418,91.6,98.93,True,0,COLLECTING,0,,0,,,,,5,62,99,30,60,1.0001164932146656,0.24494897427831783
2026-08-31T22:01:26.731,124925984,P016,normal_pressure,VALID,,,,1410,4477867,108451,109091,108156.62,108538.55,294.38,552.45,404.33,607.88,False,False,nan,True,0.9418,91.6,98.93,True,0,COLLECTING,0,,0,,,,,5,62,99,30,60,1.0001164932146656,0.24494897427831783
2026-08-31T22:01:26.847,124926093,P016,normal_pressure,VALID,,,,1411,4477907,108401,108994,108161.51,108547.66,239.49,446.34,414.84,604.02,False,False,nan,True,0.9418,91.6,98.93,True,0,COLLECTING,0,,0,,,,,4,62,99,30,60,0.999976999735494,0.24494897427831783
2026-08-31T22:01:26.855,124926109,P016,normal_pressure,VALID,,,,1412,4477947,108188,108469,108162.04,108546.09,25.96,-77.09,291.86,597.77,True,False,nan,True,0.9418,91.6,98.93,True,0,COLLECTING,0,,0,,,,,4,62,99,30,60,0.999976999735494,0.24494897427831783
2026-08-31T22:01:26.867,124926125,P016,normal_pressure,VALID,,,,1413,4477987,108037,108156,108159.54,108538.28,-122.54,-382.28,123.32,588.28,False,False,nan,True,0.9418,91.6,98.93,True,0,COLLECTING,0,,0,,,,,4,62,99,30,60,0.999976999735494,0.24494897427831783
2026-08-31T22:01:26.890,124926140,P016,normal_pressure,VALID,,,,1414,4478027,108114,108306,108158.62,108533.63,-44.62,-227.63,35.58,577.23,False,False,nan,True,0.9418,91.6,98.93,True,0,COLLECTING,0,,0,,,,,4,62,99,30,60,0.999976999735494,0.24494897427831783
2026-08-31T22:01:26.930,124926187,P016,normal_pressure,VALID,,,,1415,4478067,108200,108507,108159.45,108533.1,40.55,-26.1,20.16,566.09,False,False,nan,True,0.9418,91.6,98.93,True,0,COLLECTING,0,,0,,,,,4,62,99,30,60,0.999976999735494,0.24494897427831783
2026-08-31T22:01:27.047,124926296,P016,normal_pressure,VALID,,,,1416,4478107,108254,108624,108161.34,108534.92,92.66,89.08,37.39,555.52,False,False,nan,True,0.9418,91.6,98.93,True,0,COLLECTING,0,,0,,,,,4,62,99,30,60,1.0001164932146656,0.24494897427831783
2026-08-31T22:01:27.055,124926312,P016,normal_pressure,VALID,,,,1417,4478147,108254,108588,108163.2,108535.98,90.8,52.02,41.05,545.23,False,False,nan,True,0.9418,91.6,98.93,True,0,COLLECTING,0,,0,,,,,4,62,99,30,60,1.0001164932146656,0.24494897427831783
2026-08-31T22:01:27.066,124926312,P016,normal_pressure,VALID,,,,1418,4478187,108160,108426,108163.13,108533.78,-3.13,-107.78,3.84,534.4,False,False,nan,True,0.9418,91.6,98.93,True,0,COLLECTING,0,,0,,,,,4,62,99,30,60,1.0001164932146656,0.24494897427831783
2026-08-31T22:01:27.090,124926343,P016,normal_pressure,VALID,,,,1419,4478227,108141,108370,108162.69,108530.51,-21.69,-160.51,-37.25,524.46,False,False,nan,True,0.9418,91.6,98.93,True,0,COLLECTING,0,,0,,,,,4,62,99,30,60,1.0001164932146656,0.24494897427831783
2026-08-31T22:01:27.131,124926375,P016,normal_pressure,VALID,,,,1420,4478267,108178,108417,108162.99,108528.23,15.01,-111.23,-55.74,515.08,False,False,nan,True,0.9418,91.6,98.93,True,0,COLLECTING,0,,0,,,,,4,62,99,30,60,1.0001164932146656,0.24494897427831783
2026-08-31T22:01:27.247,124926500,P016,normal_pressure,VALID,,,,1421,4478307,108248,108585,108164.7,108529.37,83.3,55.63,-27.9,505.34,False,False,nan,True,0.9418,91.6,98.93,True,0,COLLECTING,0,,0,,,,,4,62,99,30,60,0.999976999735494,0.24494897427831783
2026-08-31T22:01:27.256,124926500,P016,normal_pressure,VALID,,,,1422,4478347,108280,108664,108167.0,108532.06,113.0,131.94,12.06,495.47,False,False,nan,True,0.9418,91.6,98.93,True,0,COLLECTING,0,,0,,,,,4,62,99,30,60,0.999976999735494,0.24494897427831783
2026-08-31T22:01:27.268,124926515,P016,normal_pressure,VALID,,,,1423,4478387,108288,108690,108169.42,108535.22,118.58,154.78,47.74,486.52,False,False,nan,True,0.9418,91.6,98.93,True,0,COLLECTING,0,,0,,,,,4,62,99,30,60,0.999976999735494,0.24494897427831783
2026-08-31T22:01:27.290,124926546,P016,normal_pressure,VALID,,,,1424,4478427,108336,108779,108172.75,108540.09,163.25,238.91,95.53,478.7,False,False,nan,True,0.9418,91.6,98.93,True,0,COLLECTING,0,,0,,,,,4,62,99,30,60,0.999976999735494,0.24494897427831783
2026-08-31T22:01:27.330,124926578,P016,normal_pressure,VALID,,,,1425,4478467,108373,108857,108176.76,108546.43,196.24,310.57,149.29,472.11,False,False,nan,True,0.9418,91.6,98.93,True,0,COLLECTING,0,,0,,,,,4,62,99,30,60,0.999976999735494,0.24494897427831783
2026-08-31T22:01:27.449,124926703,P016,normal_pressure,VALID,,,,1426,4478507,108410,108958,108181.42,108554.66,228.58,403.34,212.8,466.92,False,False,nan,True,0.9418,91.6,98.93,True,0,COLLECTING,0,,0,,,,,4,62,99,30,60,0.999688951624454,0.24494897427831783
2026-08-31T22:01:27.460,124926703,P016,normal_pressure,VALID,,,,1427,4478547,108442,109024,108186.63,108564.05,255.37,459.95,274.59,463.08,False,False,nan,True,0.9418,91.6,98.93,True,0,COLLECTING,0,,0,,,,,4,62,99,30,60,0.999688951624454,0.24494897427831783
2026-08-31T22:01:27.467,124926718,P016,normal_pressure,VALID,,,,1428,4478587,108294,108676,108188.78,108566.29,105.22,109.71,233.37,458.48,True,True,640.0,True,0.9732,93.75,98.93,True,0,COLLECTING,0,,0,,,,,4,62,99,30,60,0.999688951624454,0.24494897427831783
2026-08-31T22:01:27.489,124926734,P016,normal_pressure,VALID,,,,1429,4478627,108113,108293,108187.27,108560.82,-74.27,-267.82,108.07,451.47,False,False,nan,True,0.9732,93.75,98.93,True,0,COLLECTING,0,,0,,,,,4,62,99,30,60,0.999688951624454,0.24494897427831783
2026-08-31T22:01:27.531,124926781,P016,normal_pressure,VALID,,,,1430,4478667,108161,108367,108186.74,108556.95,-25.74,-189.95,33.57,443.12,False,False,nan,True,0.9732,93.75,98.93,True,0,COLLECTING,0,,0,,,,,4,62,99,30,60,0.999688951624454,0.24494897427831783
2026-08-31T22:01:27.646,124926890,P016,normal_pressure,VALID,,,,1431,4478707,108265,108598,108188.3,108557.77,76.7,40.23,35.23,434.96,False,False,nan,True,0.9732,93.75,98.93,True,0,COLLECTING,0,,0,,,,,5,62,99,30,60,0.999976999735494,0.24494897427831783
2026-08-31T22:01:27.654,124926906,P016,normal_pressure,VALID,,,,1432,4478747,108318,108750,108190.9,108561.61,127.1,188.39,73.52,427.73,False,False,nan,True,0.9732,93.75,98.93,True,0,COLLECTING,0,,0,,,,,5,62,99,30,60,0.999976999735494,0.24494897427831783
2026-08-31T22:01:27.680,124926937,P016,normal_pressure,VALID,,,,1433,4478787,108360,108833,108194.28,108567.04,165.72,265.96,121.63,421.61,False,False,nan,True,0.9732,93.75,98.93,True,0,COLLECTING,0,,0,,,,,5,62,99,30,60,0.999976999735494,0.24494897427831783
2026-08-31T22:01:27.692,124926937,P016,normal_pressure,VALID,,,,1434,4478827,108344,108787,108197.27,108571.44,146.73,215.56,145.12,416.08,False,False,nan,True,0.9732,93.75,98.93,True,0,COLLECTING,0,,0,,,,,5,62,99,30,60,0.999976999735494,0.24494897427831783
2026-08-31T22:01:27.732,124926984,P016,normal_pressure,VALID,,,,1435,4478867,108318,108728,108199.69,108574.57,118.31,153.43,147.19,410.7,False,False,nan,True,0.9732,93.75,98.93,True,0,COLLECTING,0,,0,,,,,5,62,99,30,60,0.999976999735494,0.24494897427831783
2026-08-31T22:01:27.846,124927093,P016,normal_pressure,VALID,,,,1436,4478907,108314,108730,108201.98,108577.68,112.02,152.32,148.48,405.46,False,False,nan,True,0.9732,93.75,98.93,True,0,COLLECTING,0,,0,,,,,5,62,99,30,60,1.0001164932146656,0.24494897427831783
2026-08-31T22:01:27.857,124927109,P016,normal_pressure,VALID,,,,1437,4478947,108346,108798,108204.86,108582.09,141.14,215.91,165.34,400.65,False,False,nan,True,0.9732,93.75,98.93,True,0,COLLECTING,0,,0,,,,,5,62,99,30,60,1.0001164932146656,0.24494897427831783
2026-08-31T22:01:27.865,124927109,P016,normal_pressure,VALID,,,,1438,4478987,108355,108821,108207.86,108586.87,147.14,234.13,182.53,396.29,False,False,nan,True,0.9732,93.75,98.93,True,0,COLLECTING,0,,0,,,,,5,62,99,30,60,1.0001164932146656,0.24494897427831783
2026-08-31T22:01:27.890,124927140,P016,normal_pressure,VALID,,,,1439,4479027,108335,108805,108210.4,108591.23,124.6,213.77,190.34,392.17,False,False,nan,True,0.9732,93.75,98.93,True,0,COLLECTING,0,,0,,,,,5,62,99,30,60,1.0001164932146656,0.24494897427831783
2026-08-31T22:01:27.931,124927187,P016,normal_pressure,VALID,,,,1440,4479067,108334,108782,108212.87,108595.04,121.13,186.96,189.5,388.12,True,True,480.0,True,0.9218,96.77,98.93,True,0,COLLECTING,0,,0,,,,,5,62,99,30,60,1.0001164932146656,0.24494897427831783
2026-08-31T22:01:28.046,124927296,P016,normal_pressure,VALID,,,,1441,4479107,108300,108730,108214.61,108597.73,85.39,132.27,175.19,383.86,False,False,nan,True,0.9218,96.77,98.93,True,0,COLLECTING,0,,0,,,,,6,62,99,30,60,1.0001164932146656,0.24494897427831783
2026-08-31T22:01:28.057,124927312,P016,normal_pressure,VALID,,,,1442,4479147,108280,108694,108215.91,108599.66,64.09,94.34,154.98,379.28,False,False,nan,True,0.9218,96.77,98.93,True,0,COLLECTING,0,,0,,,,,6,62,99,30,60,1.0001164932146656,0.24494897427831783
2026-08-31T22:01:28.067,124927312,P016,normal_pressure,VALID,,,,1443,4479187,108268,108681,108216.95,108601.28,51.05,79.72,136.16,374.42,False,False,nan,True,0.9218,96.77,98.93,True,0,COLLECTING,0,,0,,,,,6,62,99,30,60,1.0001164932146656,0.24494897427831783
2026-08-31T22:01:28.090,124927343,P016,normal_pressure,VALID,,,,1444,4479227,108264,108655,108217.89,108602.36,46.11,52.64,115.28,369.24,False,False,nan,True,0.9218,96.77,98.93,True,0,COLLECTING,0,,0,,,,,6,62,99,30,60,1.0001164932146656,0.24494897427831783
2026-08-31T22:01:28.131,124927375,P016,normal_pressure,VALID,,,,1445,4479267,108052,108192,108214.57,108594.15,-162.57,-402.15,-14.07,362.13,False,False,nan,True,0.9218,96.77,98.93,True,0,COLLECTING,0,,0,,,,,6,62,99,30,60,1.0001164932146656,0.24494897427831783
2026-08-31T22:01:28.246,124927500,P016,normal_pressure,VALID,,,,1446,4479307,107828,107707,108206.84,108576.41,-378.84,-869.41,-227.91,359.45,False,False,nan,True,0.9218,96.77,98.93,True,0,COLLECTING,0,,0,,,,,6,62,99,30,60,1.0001164932146656,0.24494897427831783
2026-08-31T22:01:28.258,124927515,P016,normal_pressure,VALID,,,,1447,4479347,107774,107600,108198.18,108556.88,-424.18,-956.88,-410.15,360.46,False,False,nan,True,0.9218,96.77,98.93,True,0,COLLECTING,0,,0,,,,,6,62,99,30,60,1.0001164932146656,0.24494897427831783
2026-08-31T22:01:28.267,124927515,P016,normal_pressure,VALID,,,,1448,4479387,107813,107675,108190.48,108539.23,-377.48,-864.23,-523.67,363.73,False,False,nan,True,0.9218,96.77,98.93,True,0,COLLECTING,0,,0,,,,,6,62,99,30,60,1.0001164932146656,0.24494897427831783
2026-08-31T22:01:28.291,124927546,P016,normal_pressure,VALID,,,,1449,4479427,107847,107767,108183.61,108523.79,-336.61,-756.79,-581.95,368.09,False,False,nan,True,0.9218,96.77,98.93,True,0,COLLECTING,0,,0,,,,,6,62,99,30,60,1.0001164932146656,0.24494897427831783
2026-08-31T22:01:28.330,124927578,P016,normal_pressure,VALID,,,,1450,4479467,107810,107691,108176.14,108507.13,-366.14,-816.13,-640.5,373.54,False,False,nan,True,0.9218,96.77,98.93,True,0,COLLECTING,0,,0,,,,,6,62,99,30,60,1.0001164932146656,0.24494897427831783
2026-08-31T22:01:28.448,124927703,P016,normal_pressure,VALID,,,,1451,4479507,107737,107555,108167.36,108488.09,-430.36,-933.09,-713.65,380.34,False,False,nan,True,0.9218,96.77,98.93,True,0,COLLECTING,0,,0,,,,,6,62,99,30,60,1.0001164932146656,0.24494897427831783
2026-08-31T22:01:28.461,124927718,P016,normal_pressure,VALID,,,,1452,4479547,107765,107594,108159.31,108470.21,-394.31,-876.21,-754.29,387.82,False,False,nan,True,0.9218,96.77,98.93,True,0,COLLECTING,0,,0,,,,,6,62,99,30,60,1.0001164932146656,0.24494897427831783
2026-08-31T22:01:28.470,124927718,P016,normal_pressure,VALID,,,,1453,4479587,107831,107741,108152.75,108455.62,-321.75,-714.62,-744.37,394.95,False,False,nan,True,0.9218,96.77,98.93,True,0,COLLECTING,0,,0,,,,,6,62,99,30,60,1.0001164932146656,0.24494897427831783
2026-08-31T22:01:28.492,124927750,P016,normal_pressure,VALID,,,,1454,4479627,107904,107893,108147.77,108444.38,-243.77,-551.38,-696.12,400.98,False,False,nan,True,0.9218,96.77,98.93,True,0,COLLECTING,0,,0,,,,,6,62,99,30,60,1.0001164932146656,0.24494897427831783
2026-08-31T22:01:28.529,124927781,P016,normal_pressure,VALID,,,,1455,4479667,107964,108027,108144.1,108436.03,-180.1,-409.03,-624.35,405.44,False,False,nan,True,0.9218,96.77,98.93,True,0,COLLECTING,0,,0,,,,,6,62,99,30,60,1.0001164932146656,0.24494897427831783
2026-08-31T22:01:28.647,124927890,P016,normal_pressure,VALID,,,,1456,4479707,107980,108084,108140.82,108428.99,-160.82,-344.99,-554.51,408.42,False,False,nan,True,0.9218,96.77,98.93,True,0,COLLECTING,0,,0,,,,,6,62,99,30,60,1.0001164932146656,0.24494897427831783
2026-08-31T22:01:28.660,124927906,P016,normal_pressure,VALID,,,,1457,4479747,107943,108013,108136.87,108420.67,-193.87,-407.67,-517.8,410.61,False,False,nan,True,0.9218,96.77,98.93,True,0,COLLECTING,0,,0,,,,,6,62,99,30,60,1.0001164932146656,0.24494897427831783
2026-08-31T22:01:28.670,124927921,P016,normal_pressure,VALID,,,,1458,4479787,107915,107962,108132.43,108411.5,-217.43,-449.5,-500.73,412.41,False,False,nan,True,0.9218,96.77,98.93,True,0,COLLECTING,0,,0,,,,,6,62,99,30,60,1.0001164932146656,0.24494897427831783
2026-08-31T22:01:28.691,124927937,P016,normal_pressure,VALID,,,,1459,4479827,107970,108069,108129.18,108404.65,-159.18,-335.65,-459.46,413.36,False,False,nan,True,0.9218,96.77,98.93,True,0,COLLECTING,0,,0,,,,,6,62,99,30,60,1.0001164932146656,0.24494897427831783
2026-08-31T22:01:28.730,124927984,P016,normal_pressure,VALID,,,,1460,4479867,108025,108179,108127.09,108400.13,-102.09,-221.13,-399.88,413.09,False,False,nan,True,0.9218,96.77,98.93,True,0,COLLECTING,0,,0,,,,,6,62,99,30,60,1.0001164932146656,0.24494897427831783
2026-08-31T22:01:28.847,124928093,P016,normal_pressure,VALID,,,,1461,4479907,108006,108155,108124.67,108395.23,-118.67,-240.23,-359.96,412.02,False,False,nan,True,0.9218,96.77,98.93,True,0,COLLECTING,0,,0,,,,,6,62,99,30,60,0.999976999735494,0.17320508075688776
2026-08-31T22:01:28.859,124928109,P016,normal_pressure,VALID,,,,1462,4479947,107775,107662,108117.68,108380.56,-342.68,-718.56,-449.61,412.77,False,False,nan,True,0.9218,96.77,98.93,True,0,COLLECTING,0,,0,,,,,6,62,99,30,60,0.999976999735494,0.17320508075688776
2026-08-31T22:01:28.868,124928125,P016,normal_pressure,VALID,,,,1463,4479987,107512,107099,108105.56,108354.93,-593.56,-1255.93,-651.19,417.54,False,False,nan,True,0.9218,96.77,98.93,True,0,COLLECTING,0,,0,,,,,6,62,99,30,60,0.999976999735494,0.17320508075688776
2026-08-31T22:01:28.890,124928140,P016,normal_pressure,VALID,,,,1464,4480027,107502,107056,108093.49,108328.95,-591.49,-1272.95,-806.63,425.33,False,False,nan,True,0.9218,96.77,98.93,True,0,COLLECTING,0,,0,,,,,6,62,99,30,60,0.999976999735494,0.17320508075688776
2026-08-31T22:01:28.930,124928187,P016,normal_pressure,VALID,,,,1465,4480067,107602,107283,108083.66,108308.03,-481.66,-1025.03,-861.23,434.04,False,False,nan,True,0.9218,96.77,98.93,True,0,COLLECTING,0,,0,,,,,6,62,99,30,60,0.999976999735494,0.17320508075688776
2026-08-31T22:01:29.046,124928296,P016,normal_pressure,VALID,,,,1466,4480107,107709,107509,108076.17,108292.05,-367.17,-783.05,-841.69,442.2,False,False,nan,True,0.9218,96.77,98.93,True,0,COLLECTING,0,,0,,,,,6,62,99,30,60,1.0001164932146656,0.24494897427831783
2026-08-31T22:01:29.059,124928312,P016,normal_pressure,VALID,,,,1467,4480147,107803,107715,108070.71,108280.51,-267.71,-565.51,-772.64,448.8,False,False,nan,True,0.9218,96.77,98.93,True,0,COLLECTING,0,,0,,,,,6,62,99,30,60,1.0001164932146656,0.24494897427831783
2026-08-31T22:01:29.068,124928312,P016,normal_pressure,VALID,,,,1468,4480187,107811,107722,108065.52,108269.34,-254.52,-547.34,-716.31,454.16,False,False,nan,True,0.9218,96.77,98.93,True,0,COLLECTING,0,,0,,,,,6,62,99,30,60,1.0001164932146656,0.24494897427831783
2026-08-31T22:01:29.089,124928343,P016,normal_pressure,VALID,,,,1469,4480227,107806,107740,108060.33,108258.75,-254.33,-518.75,-666.92,458.41,False,False,nan,True,0.9218,96.77,98.93,True,0,COLLECTING,0,,0,,,,,6,62,99,30,60,1.0001164932146656,0.24494897427831783
2026-08-31T22:01:29.130,124928375,P016,normal_pressure,VALID,,,,1470,4480267,107851,107810,108056.14,108249.77,-205.14,-439.77,-610.14,461.45,False,False,nan,True,0.9218,96.77,98.93,True,0,COLLECTING,0,,0,,,,,6,62,99,30,60,1.0001164932146656,0.24494897427831783
2026-08-31T22:01:29.246,124928500,P016,normal_pressure,VALID,,,,1471,4480307,107852,107839,108052.05,108241.55,-200.05,-402.55,-558.24,463.38,False,False,nan,True,0.9218,96.77,98.93,True,0,COLLECTING,0,,0,,,,,6,62,99,30,60,1.0001164932146656,0.24494897427831783
2026-08-31T22:01:29.259,124928515,P016,normal_pressure,VALID,,,,1472,4480347,107867,107877,108048.35,108234.27,-181.35,-357.27,-508.0,464.27,False,False,nan,True,0.9218,96.77,98.93,True,0,COLLECTING,0,,0,,,,,6,62,99,30,60,1.0001164932146656,0.24494897427831783
2026-08-31T22:01:29.268,124928515,P016,normal_pressure,VALID,,,,1473,4480387,107942,108015,108046.23,108229.88,-104.23,-214.88,-434.72,463.68,False,False,nan,True,0.9218,96.77,98.93,True,0,COLLECTING,0,,0,,,,,6,62,99,30,60,1.0001164932146656,0.24494897427831783
2026-08-31T22:01:29.291,124928546,P016,normal_pressure,VALID,,,,1474,4480427,107985,108128,108045.0,108227.84,-60.0,-99.84,-351.0,461.43,False,False,nan,True,0.9218,96.77,98.93,True,0,COLLECTING,0,,0,,,,,6,62,99,30,60,1.0001164932146656,0.24494897427831783
2026-08-31T22:01:29.331,124928578,P016,normal_pressure,VALID,,,,1475,4480467,108003,108172,108044.16,108226.73,-41.16,-54.73,-276.93,457.74,False,False,nan,True,0.9218,96.77,98.93,True,0,COLLECTING,0,,0,,,,,6,62,99,30,60,1.0001164932146656,0.24494897427831783
2026-08-31T22:01:29.447,124928703,P016,normal_pressure,VALID,,,,1476,4480507,108058,108281,108044.43,108227.81,13.57,53.19,-194.4,452.47,False,False,nan,True,0.9218,96.77,98.93,True,0,COLLECTING,0,,0,,,,,6,62,99,30,60,0.999688951624454,0.24494897427831783
2026-08-31T22:01:29.460,124928718,P016,normal_pressure,VALID,,,,1477,4480547,108135,108439,108046.24,108232.04,88.76,206.96,-94.06,445.3,False,False,nan,True,0.9218,96.77,98.93,True,0,COLLECTING,0,,0,,,,,6,62,99,30,60,0.999688951624454,0.24494897427831783
2026-08-31T22:01:29.471,124928718,P016,normal_pressure,VALID,,,,1478,4480587,108200,108586,108049.32,108239.12,150.68,346.88,16.17,436.72,False,False,nan,True,0.9218,96.77,98.93,True,0,COLLECTING,0,,0,,,,,6,62,99,30,60,0.999688951624454,0.24494897427831783
2026-08-31T22:01:29.490,124928734,P016,normal_pressure,VALID,,,,1479,4480627,108183,108543,108051.99,108245.2,131.01,297.8,86.58,429.72,False,False,nan,True,0.9218,96.77,98.93,True,0,COLLECTING,0,,0,,,,,6,62,99,30,60,0.999688951624454,0.24494897427831783
2026-08-31T22:01:29.529,124928781,P016,normal_pressure,VALID,,,,1480,4480667,107982,108091,108050.59,108242.11,-68.59,-151.11,27.16,421.67,False,False,nan,True,0.9218,96.77,98.93,True,0,COLLECTING,0,,0,,,,,6,62,99,30,60,0.999688951624454,0.24494897427831783
2026-08-31T22:01:29.648,124928906,P016,normal_pressure,VALID,,,,1481,4480707,107909,107932,108047.77,108235.91,-138.77,-303.91,-55.61,414.35,False,False,nan,True,0.9218,96.77,98.93,True,0,COLLECTING,0,,0,,,,,6,62,99,30,60,1.0001164932146656,0.24494897427831783
2026-08-31T22:01:29.659,124928906,P016,normal_pressure,VALID,,,,1482,4480747,108017,108141,108047.15,108234.01,-30.15,-93.01,-64.96,407.36,False,False,nan,True,0.9218,96.77,98.93,True,0,COLLECTING,0,,0,,,,,6,62,99,30,60,1.0001164932146656,0.24494897427831783
2026-08-31T22:01:29.668,124928921,P016,normal_pressure,VALID,,,,1483,4480787,108144,108443,108049.09,108238.19,94.91,204.81,2.49,399.26,False,False,nan,True,0.9218,96.77,98.93,True,0,COLLECTING,0,,0,,,,,6,62,99,30,60,1.0001164932146656,0.24494897427831783
2026-08-31T22:01:29.690,124928937,P016,normal_pressure,VALID,,,,1484,4480827,108206,108586,108052.23,108245.14,153.77,340.86,87.08,393.02,False,False,nan,True,0.9218,96.77,98.93,True,0,COLLECTING,0,,0,,,,,6,62,99,30,60,1.0001164932146656,0.24494897427831783
2026-08-31T22:01:29.730,124928984,P016,normal_pressure,VALID,,,,1485,4480867,108187,108545,108054.92,108251.14,132.08,293.86,138.77,387.93,False,False,nan,True,0.9218,96.77,98.93,True,0,COLLECTING,0,,0,,,,,6,62,99,30,60,1.0001164932146656,0.24494897427831783
2026-08-31T22:01:29.846,124929093,P016,normal_pressure,VALID,,,,1486,4480907,108158,108481,108056.98,108255.73,101.02,225.27,160.4,383.38,False,False,nan,True,0.9218,96.77,98.93,True,0,COLLECTING,0,,0,,,,,6,62,99,30,60,1.0001164932146656,0.24494897427831783
2026-08-31T22:01:29.855,124929109,P016,normal_pressure,VALID,,,,1487,4480947,108170,108484,108059.24,108260.3,110.76,223.7,176.22,379.24,False,False,nan,True,0.9218,96.77,98.93,True,0,COLLECTING,0,,0,,,,,6,62,99,30,60,1.0001164932146656,0.24494897427831783
2026-08-31T22:01:29.869,124929125,P016,normal_pressure,VALID,,,,1488,4480987,108190,108534,108061.86,108265.77,128.14,268.23,199.22,375.64,False,False,nan,True,0.9218,96.77,98.93,True,0,COLLECTING,0,,0,,,,,6,62,99,30,60,1.0001164932146656,0.24494897427831783
2026-08-31T22:01:29.890,124929140,P016,normal_pressure,VALID,,,,1489,4481027,108249,108676,108065.6,108273.98,183.4,402.02,249.92,373.12,False,False,nan,True,0.9218,96.77,98.93,True,0,COLLECTING,0,,0,,,,,6,62,99,30,60,1.0001164932146656,0.24494897427831783
2026-08-31T22:01:29.932,124929187,P016,normal_pressure,VALID,,,,1490,4481067,108313,108819,108070.55,108284.88,242.45,534.12,320.97,372.08,False,False,nan,True,0.9218,96.77,98.93,True,0,COLLECTING,0,,0,,,,,6,62,99,30,60,1.0001164932146656,0.24494897427831783
2026-08-31T22:01:30.047,124929296,P016,normal_pressure,VALID,,,,1491,4481107,108398,108992,108077.09,108299.02,320.91,692.98,413.98,372.92,False,False,nan,True,0.9218,96.77,98.93,True,0,COLLECTING,0,,0,,,,,6,62,99,30,60,1.0001164932146656,0.24494897427831783
2026-08-31T22:01:30.055,124929312,P016,normal_pressure,VALID,,,,1492,4481147,108479,109150,108085.13,108316.04,393.87,833.96,518.97,375.84,False,False,nan,True,0.9218,96.77,98.93,True,0,COLLECTING,0,,0,,,,,6,62,99,30,60,1.0001164932146656,0.24494897427831783
2026-08-31T22:01:30.069,124929312,P016,normal_pressure,VALID,,,,1493,4481187,108527,109275,108093.97,108335.22,433.03,939.78,624.17,380.81,False,False,nan,True,0.9218,96.77,98.93,True,0,COLLECTING,0,,0,,,,,6,62,99,30,60,1.0001164932146656,0.24494897427831783
2026-08-31T22:01:30.090,124929343,P016,normal_pressure,VALID,,,,1494,4481227,108580,109381,108103.69,108356.13,476.31,1024.87,724.35,387.68,False,False,nan,True,0.9218,96.77,98.93,True,0,COLLECTING,0,,0,,,,,6,62,99,30,60,1.0001164932146656,0.24494897427831783
2026-08-31T22:01:30.130,124929375,P016,normal_pressure,VALID,,,,1495,4481267,108650,109560,108114.62,108380.21,535.38,1179.79,838.21,396.69,False,False,nan,True,0.9218,96.77,98.93,True,0,COLLECTING,0,,0,,,,,6,62,99,30,60,1.0001164932146656,0.24494897427831783
2026-08-31T22:01:30.246,124929500,P016,normal_pressure,VALID,,,,1496,4481307,108674,109582,108125.8,108404.25,548.2,1177.75,923.09,407.22,False,False,nan,True,0.9218,96.77,98.93,True,0,COLLECTING,0,,0,,,,,6,62,99,30,60,0.999976999735494,0.24494897427831783
2026-08-31T22:01:30.259,124929515,P016,normal_pressure,VALID,,,,1497,4481347,108466,109139,108132.61,108418.95,333.39,720.05,872.33,416.52,True,False,nan,True,0.9218,96.77,98.93,True,0,COLLECTING,0,,0,,,,,6,62,99,30,60,0.999976999735494,0.24494897427831783
2026-08-31T22:01:30.273,124929531,P016,normal_pressure,VALID,,,,1498,4481387,108429,109035,108138.54,108431.27,290.46,603.73,805.18,424.29,False,False,nan,True,0.9218,96.77,98.93,True,0,COLLECTING,0,,0,,,,,6,62,99,30,60,0.999976999735494,0.24494897427831783
2026-08-31T22:01:30.290,124929546,P016,normal_pressure,VALID,,,,1499,4481427,108627,109440,108148.3,108451.44,478.7,988.56,851.03,432.83,False,False,nan,True,0.9218,96.77,98.93,True,0,COLLECTING,0,,0,,,,,6,62,99,30,60,0.999976999735494,0.24494897427831783
2026-08-31T22:01:30.330,124929578,P016,normal_pressure,VALID,,,,1500,4481467,108691,109603,108159.16,108474.47,531.84,1128.53,920.4,442.58,False,False,nan,True,0.9218,96.77,98.93,True,0,COLLECTING,0,,0,,,,,6,62,99,30,60,0.999976999735494,0.24494897427831783
2026-08-31T22:01:30.448,124929703,P016,normal_pressure,VALID,,,,1501,4481507,108706,109653,108170.09,108498.04,535.91,1154.96,979.04,453.31,False,False,nan,True,0.9218,96.77,98.37,True,0,COLLECTING,0,,0,,,,,6,62,99,30,60,1.0001164932146656,0.24494897427831783
2026-08-31T22:01:30.458,124929703,P016,normal_pressure,VALID,,,,1502,4481547,108651,109516,108179.71,108518.4,471.29,997.6,983.68,463.91,False,False,nan,True,0.9218,96.77,98.37,True,0,COLLECTING,0,,0,,,,,6,62,99,30,60,1.0001164932146656,0.24494897427831783
2026-08-31T22:01:30.467,124929718,P016,normal_pressure,VALID,,,,1503,4481587,108542,109286,108186.95,108533.75,355.05,752.25,925.82,473.15,True,False,nan,True,0.9218,96.77,98.37,True,0,COLLECTING,0,,0,,,,,6,62,99,30,60,1.0001164932146656,0.24494897427831783
2026-08-31T22:01:30.490,124929734,P016,normal_pressure,VALID,,,,1504,4481627,108567,109302,108194.55,108549.12,372.45,752.88,882.59,481.34,False,False,nan,True,0.9218,96.77,98.37,True,0,COLLECTING,0,,0,,,,,6,62,99,30,60,1.0001164932146656,0.24494897427831783
2026-08-31T22:01:30.530,124929781,P016,normal_pressure,VALID,,,,1505,4481667,108655,109512,108203.77,108568.38,451.23,943.62,897.85,489.67,False,False,nan,True,0.9218,96.77,98.37,True,0,COLLECTING,0,,0,,,,,6,62,99,30,60,1.0001164932146656,0.24494897427831783
2026-08-31T22:01:30.647,124929906,P016,normal_pressure,VALID,,,,1506,4481707,108789,109789,108215.47,108592.79,573.53,1196.21,972.44,499.33,False,False,nan,True,0.9218,96.77,98.37,True,0,COLLECTING,0,,0,,,,,6,62,99,30,60,0.999976999735494,0.24494897427831783
2026-08-31T22:01:30.659,124929906,P016,normal_pressure,VALID,,,,1507,4481747,108926,110086,108229.68,108622.66,696.32,1463.34,1095.17,511.24,False,False,nan,True,0.9218,96.77,98.37,True,0,COLLECTING,0,,0,,,,,6,62,99,30,60,0.999976999735494,0.24494897427831783
2026-08-31T22:01:30.667,124929921,P016,normal_pressure,VALID,,,,1508,4481787,109023,110312,108245.55,108656.45,777.45,1655.55,1235.26,525.72,False,False,nan,True,0.9218,96.77,98.37,True,0,COLLECTING,0,,0,,,,,6,62,99,30,60,0.999976999735494,0.24494897427831783
2026-08-31T22:01:30.690,124929937,P016,normal_pressure,VALID,,,,1509,4481827,109056,110400,108261.76,108691.31,794.24,1708.69,1353.62,542.28,False,False,nan,True,0.9218,96.77,98.37,True,0,COLLECTING,0,,0,,,,,6,62,99,30,60,0.999976999735494,0.24494897427831783
2026-08-31T22:01:30.731,124929984,P016,normal_pressure,VALID,,,,1510,4481867,109029,110328,108277.1,108724.05,751.9,1603.95,1416.2,559.76,False,False,nan,True,0.9218,96.77,98.37,True,0,COLLECTING,0,,0,,,,,6,62,99,30,60,0.999976999735494,0.24494897427831783
2026-08-31T22:01:30.847,124930093,P016,normal_pressure,VALID,,,,1511,4481907,108987,110251,108291.3,108754.59,695.7,1496.41,1436.26,577.29,False,False,nan,True,0.9218,96.77,98.37,True,0,COLLECTING,0,,0,,,,,6,62,99,30,60,1.0001164932146656,0.24494897427831783
2026-08-31T22:01:30.858,124930109,P016,normal_pressure,VALID,,,,1512,4481947,108932,110141,108304.11,108782.31,627.89,1358.69,1416.86,594.08,True,True,600.0,True,0.9215,97.56,98.37,True,0,COLLECTING,0,,0,,,,,6,62,99,30,60,1.0001164932146656,0.24494897427831783
2026-08-31T22:01:30.867,124930125,P016,normal_pressure,VALID,,,,1513,4481987,108705,109624,108312.12,108799.15,392.88,824.85,1268.86,607.58,False,False,nan,True,0.9215,97.56,98.37,True,0,COLLECTING,0,,0,,,,,6,62,99,30,60,1.0001164932146656,0.24494897427831783
2026-08-31T22:01:30.891,124930140,P016,normal_pressure,VALID,,,,1514,4482027,108457,109051,108315.02,108804.19,141.98,246.81,1013.35,615.69,False,False,nan,True,0.9215,97.56,98.37,True,0,COLLECTING,0,,0,,,,,6,62,99,30,60,1.0001164932146656,0.24494897427831783
2026-08-31T22:01:30.930,124930187,P016,normal_pressure,VALID,,,,1515,4482067,108450,109004,108317.73,108808.19,132.27,195.81,808.96,619.56,False,False,nan,True,0.9215,97.56,98.37,True,0,COLLECTING,0,,0,,,,,6,62,99,30,60,1.0001164932146656,0.24494897427831783
2026-08-31T22:01:31.049,124930296,P016,normal_pressure,VALID,,,,1516,4482107,108545,109225,108322.27,108816.52,222.73,408.48,708.84,621.34,False,False,nan,True,0.9215,97.56,98.37,True,0,COLLECTING,0,,0,,,,,7,62,99,30,60,1.0001164932146656,0.24494897427831783
2026-08-31T22:01:31.059,124930312,P016,normal_pressure,VALID,,,,1517,4482157,108611,109377,108328.05,108827.73,282.95,549.27,668.95,622.3,False,False,nan,True,0.9215,97.56,98.37,True,0,COLLECTING,0,,0,,,,,7,62,99,30,60,1.0001164932146656,0.24494897427831783
2026-08-31T22:01:31.068,124930312,P016,normal_pressure,VALID,,,,1518,4482187,108671,109516,108334.91,108841.5,336.09,674.5,670.34,623.26,False,False,nan,True,0.9215,97.56,98.37,True,0,COLLECTING,0,,0,,,,,7,62,99,30,60,1.0001164932146656,0.24494897427831783
2026-08-31T22:01:31.102,124930359,P016,normal_pressure,VALID,,,,1519,4482237,108645,109430,108341.11,108853.27,303.89,576.73,646.93,623.73,True,False,nan,True,0.9215,97.56,98.37,True,0,COLLECTING,0,,0,,,,,7,62,99,30,60,1.0001164932146656,0.24494897427831783
2026-08-31T22:01:31.130,124930375,P016,normal_pressure,VALID,,,,1520,4482267,108525,109173,108344.79,108859.66,180.21,313.34,563.53,622.53,False,False,nan,True,0.9215,97.56,98.37,True,0,COLLECTING,0,,0,,,,,7,62,99,30,60,1.0001164932146656,0.24494897427831783
2026-08-31T22:01:31.247,124930500,P016,normal_pressure,VALID,,,,1521,4482317,108447,109025,108346.84,108862.97,100.16,162.03,463.16,619.34,False,False,nan,True,0.9215,97.56,98.37,True,0,COLLECTING,0,,0,,,,,7,62,99,30,60,0.999688951624454,0.24494897427831783
2026-08-31T22:01:31.256,124930500,P016,normal_pressure,VALID,,,,1522,4482357,108458,109005,108349.06,108865.81,108.94,139.19,382.17,614.6,False,False,nan,True,0.9215,97.56,98.37,True,0,COLLECTING,0,,0,,,,,7,62,99,30,60,0.999688951624454,0.24494897427831783
2026-08-31T22:01:31.265,124930515,P016,normal_pressure,VALID,,,,1523,4482397,108501,109127,108352.1,108871.04,148.9,255.96,350.61,609.32,False,False,nan,True,0.9215,97.56,98.37,True,0,COLLECTING,0,,0,,,,,7,62,99,30,60,0.999688951624454,0.24494897427831783
2026-08-31T22:01:31.300,124930546,P016,normal_pressure,VALID,,,,1524,4482437,108524,109171,108355.54,108877.04,168.46,293.96,336.45,603.86,False,False,nan,True,0.9215,97.56,98.37,True,0,COLLECTING,0,,0,,,,,7,62,99,30,60,0.999688951624454,0.24494897427831783
2026-08-31T22:01:31.446,124930703,P016,normal_pressure,VALID,,,,1525,4482477,108521,109186,108358.85,108883.22,162.15,302.78,328.03,598.34,False,False,nan,True,0.9215,97.56,98.37,True,0,COLLECTING,0,,0,,,,,7,62,99,30,60,1.0001164932146656,0.24494897427831783
2026-08-31T22:01:31.457,124930703,P016,normal_pressure,VALID,,,,1526,4482517,108500,109147,108361.67,108888.49,138.33,258.51,310.65,592.59,False,False,nan,True,0.9215,97.56,98.37,True,0,COLLECTING,0,,0,,,,,7,62,99,30,60,1.0001164932146656,0.24494897427831783
2026-08-31T22:01:31.468,124930718,P016,normal_pressure,VALID,,,,1527,4482557,108467,109116,108363.78,108893.04,103.22,222.96,288.73,586.51,False,False,nan,True,0.9215,97.56,98.37,True,0,COLLECTING,0,,0,,,,,7,62,99,30,60,1.0001164932146656,0.24494897427831783
2026-08-31T22:01:31.475,124930718,P016,normal_pressure,VALID,,,,1528,4482597,108390,108898,108364.3,108893.14,25.7,4.86,217.76,579.14,False,False,nan,True,0.9215,97.56,98.37,True,0,COLLECTING,0,,0,,,,,7,62,99,30,60,1.0001164932146656,0.24494897427831783
2026-08-31T22:01:31.500,124930750,P016,normal_pressure,VALID,,,,1529,4482637,108221,108568,108361.44,108886.64,-140.44,-318.64,83.66,569.23,False,False,nan,True,0.9215,97.56,98.37,True,0,COLLECTING,0,,0,,,,,7,62,99,30,60,1.0001164932146656,0.24494897427831783
2026-08-31T22:01:31.645,124930890,P016,normal_pressure,VALID,,,,1530,4482677,107961,108017,108353.43,108869.25,-392.43,-852.25,-150.32,560.85,False,False,nan,True,0.9215,97.56,98.37,True,0,COLLECTING,0,,0,,,,,7,62,99,30,60,1.0001164932146656,0.24494897427831783
2026-08-31T22:01:31.658,124930906,P016,normal_pressure,VALID,,,,1531,4482717,107976,108046,108345.88,108852.78,-369.88,-806.78,-314.43,555.92,False,False,nan,True,0.9215,97.56,98.37,True,0,COLLECTING,0,,0,,,,,7,62,99,30,60,1.0001164932146656,0.24494897427831783
2026-08-31T22:01:31.668,124930921,P016,normal_pressure,VALID,,,,1532,4482757,108247,108569,108343.91,108847.11,-96.91,-278.11,-305.35,550.91,False,False,nan,True,0.9215,97.56,98.37,True,0,COLLECTING,0,,0,,,,,7,62,99,30,60,1.0001164932146656,0.24494897427831783
2026-08-31T22:01:31.677,124930921,P016,normal_pressure,VALID,,,,1533,4482797,108553,109288,108348.09,108855.93,204.91,432.07,-121.0,542.31,False,False,nan,True,0.9215,97.56,98.37,True,0,COLLECTING,0,,0,,,,,7,62,99,30,60,1.0001164932146656,0.24494897427831783
2026-08-31T22:01:31.702,124930953,P016,normal_pressure,VALID,,,,1534,4482837,108717,109643,108355.46,108871.67,361.54,771.33,102.08,533.51,False,False,nan,True,0.9215,97.56,98.37,True,0,COLLECTING,0,,0,,,,,7,62,99,30,60,1.0001164932146656,0.24494897427831783
2026-08-31T22:01:31.845,124931093,P016,normal_pressure,VALID,,,,1535,4482877,108721,109677,108362.77,108887.78,358.23,789.22,273.87,528.31,False,False,nan,True,0.9215,97.56,98.37,True,0,COLLECTING,0,,0,,,,,7,62,99,30,60,1.0001164932146656,0.24494897427831783
2026-08-31T22:01:31.857,124931109,P016,normal_pressure,VALID,,,,1536,4482917,108699,109613,108369.5,108902.29,329.5,710.71,383.08,525.41,False,False,nan,True,0.9215,97.56,98.37,True,0,COLLECTING,0,,0,,,,,7,62,99,30,60,1.0001164932146656,0.24494897427831783
2026-08-31T22:01:31.864,124931109,P016,normal_pressure,VALID,,,,1537,4482957,108696,109577,108376.03,108915.78,319.97,661.22,452.61,523.95,False,False,nan,True,0.9215,97.56,98.37,True,0,COLLECTING,0,,0,,,,,7,62,99,30,60,1.0001164932146656,0.24494897427831783
2026-08-31T22:01:31.876,124931125,P016,normal_pressure,VALID,,,,1538,4482997,108783,109787,108384.17,108933.2,398.83,853.8,552.91,524.53,False,False,nan,True,0.9215,97.56,98.37,True,0,COLLECTING,0,,0,,,,,7,62,99,30,60,1.0001164932146656,0.24494897427831783
2026-08-31T22:01:31.901,124931156,P016,normal_pressure,VALID,,,,1539,4483037,108896,110023,108394.41,108955.0,501.59,1068.0,681.68,527.67,False,False,nan,True,0.9215,97.56,98.37,True,0,COLLECTING,0,,0,,,,,7,62,99,30,60,1.0001164932146656,0.24494897427831783
2026-08-31T22:01:32.045,124931296,P016,normal_pressure,VALID,,,,1540,4483077,108989,110256,108406.3,108981.02,582.7,1274.98,830.01,533.72,False,False,nan,True,0.9215,97.56,98.37,True,0,COLLECTING,0,,0,,,,,7,62,99,30,60,1.0001164932146656,0.17320508075688776
2026-08-31T22:01:32.057,124931312,P016,normal_pressure,VALID,,,,1541,4483117,109045,110444,108419.07,109010.28,625.93,1433.72,980.93,542.67,False,False,nan,True,0.9215,97.56,98.37,True,0,COLLECTING,0,,0,,,,,7,62,99,30,60,1.0001164932146656,0.17320508075688776
2026-08-31T22:01:32.068,124931312,P016,normal_pressure,VALID,,,,1542,4483157,109057,110562,108431.83,109041.31,625.17,1520.69,1115.87,554.13,False,False,nan,True,0.9215,97.56,98.37,True,0,COLLECTING,0,,0,,,,,7,62,99,30,60,1.0001164932146656,0.17320508075688776
2026-08-31T22:01:32.076,124931328,P016,normal_pressure,VALID,,,,1543,4483197,109072,110582,108444.63,109072.12,627.37,1509.88,1214.37,567.33,False,False,nan,True,0.9215,97.56,98.37,True,0,COLLECTING,0,,0,,,,,7,62,99,30,60,1.0001164932146656,0.17320508075688776
2026-08-31T22:01:32.100,124931343,P016,normal_pressure,VALID,,,,1544,4483237,108941,110348,108454.56,109097.64,486.44,1250.36,1223.37,580.46,False,False,nan,True,0.9215,97.56,98.37,True,0,COLLECTING,0,,0,,,,,7,62,99,30,60,1.0001164932146656,0.17320508075688776
2026-08-31T22:01:32.246,124931500,P016,normal_pressure,VALID,,,,1545,4483277,108720,109842,108459.88,109112.53,260.12,729.47,1099.89,590.84,True,True,1330.0,True,0.7017,85.56,98.37,True,0,COLLECTING,0,,0,,,,,7,62,99,30,60,1.0001164932146656,0.24494897427831783
2026-08-31T22:01:32.257,124931515,P016,normal_pressure,VALID,,,,1546,4483317,108383,109095,108458.34,109112.18,-75.34,-17.18,820.63,595.44,False,False,nan,True,0.7017,85.56,98.37,True,0,COLLECTING,0,,0,,,,,7,62,99,30,60,1.0001164932146656,0.24494897427831783
2026-08-31T22:01:32.269,124931515,P016,normal_pressure,VALID,,,,1547,4483357,108106,108424,108451.29,109098.41,-345.29,-674.41,446.87,592.47,False,False,nan,True,0.7017,85.56,98.37,True,0,COLLECTING,0,,0,,,,,7,62,99,30,60,1.0001164932146656,0.24494897427831783
2026-08-31T22:01:32.278,124931531,P016,normal_pressure,VALID,,,,1548,4483397,107968,108268,108441.62,109081.8,-473.62,-813.8,131.7,583.25,False,False,nan,True,0.7017,85.56,98.37,True,0,COLLECTING,0,,0,,,,,7,62,99,30,60,1.0001164932146656,0.24494897427831783
2026-08-31T22:01:32.301,124931546,P016,normal_pressure,VALID,,,,1549,4483437,108058,108349,108433.95,109067.15,-375.95,-718.15,-80.76,573.2,False,False,nan,True,0.7017,85.56,98.37,True,0,COLLECTING,0,,0,,,,,7,62,99,30,60,1.0001164932146656,0.24494897427831783
2026-08-31T22:01:32.445,124931703,P016,normal_pressure,VALID,,,,1550,4483477,108088,108397,108427.03,109053.74,-339.03,-656.74,-224.76,566.23,False,False,nan,True,0.7017,85.56,98.37,True,0,COLLECTING,0,,0,,,,,7,62,99,30,60,1.0001164932146656,0.24494897427831783
2026-08-31T22:01:32.457,124931703,P016,normal_pressure,VALID,,,,1551,4483517,108183,108568,108422.15,109044.03,-239.15,-476.03,-287.58,560.66,False,False,nan,True,0.7017,85.56,98.37,True,0,COLLECTING,0,,0,,,,,7,62,99,30,60,1.0001164932146656,0.24494897427831783
2026-08-31T22:01:32.468,124931718,P016,normal_pressure,VALID,,,,1552,4483557,108205,108680,108417.8,109036.75,-212.8,-356.75,-304.87,555.55,False,False,nan,True,0.7017,85.56,98.37,True,0,COLLECTING,0,,0,,,,,7,62,99,30,60,1.0001164932146656,0.24494897427831783
2026-08-31T22:01:32.477,124931734,P016,normal_pressure,VALID,,,,1553,4483597,108348,108961,108416.41,109035.23,-68.41,-74.23,-247.21,549.38,False,False,nan,True,0.7017,85.56,98.37,True,0,COLLECTING,0,,0,,,,,7,62,99,30,60,1.0001164932146656,0.24494897427831783
2026-08-31T22:01:32.500,124931750,P016,normal_pressure,VALID,,,,1554,4483637,108422,109156,108416.52,109037.65,5.48,118.35,-155.82,541.51,False,False,nan,True,0.7017,85.56,98.37,True,0,COLLECTING,0,,0,,,,,7,62,99,30,60,1.0001164932146656,0.24494897427831783
2026-08-31T22:01:32.645,124931890,P016,normal_pressure,VALID,,,,1555,4483677,108507,109293,108418.33,109042.76,88.67,250.24,-54.3,531.76,False,False,nan,True,0.7017,85.56,98.37,True,0,COLLECTING,0,,0,,,,,7,62,99,30,60,1.0001164932146656,0.24494897427831783
2026-08-31T22:01:32.656,124931906,P016,normal_pressure,VALID,,,,1556,4483717,108523,109360,108420.42,109049.1,102.58,310.9,37.0,521.87,False,False,nan,True,0.7017,85.56,98.37,True,0,COLLECTING,0,,0,,,,,7,62,99,30,60,1.0001164932146656,0.24494897427831783
2026-08-31T22:01:32.665,124931921,P016,normal_pressure,VALID,,,,1557,4483757,108605,109477,108424.12,109057.66,180.88,419.34,132.58,514.08,False,False,nan,True,0.7017,85.56,98.37,True,0,COLLECTING,0,,0,,,,,7,62,99,30,60,1.0001164932146656,0.24494897427831783
2026-08-31T22:01:32.677,124931921,P016,normal_pressure,VALID,,,,1558,4483797,108613,109581,108427.9,109068.12,185.1,512.88,227.66,508.35,False,False,nan,True,0.7017,85.56,98.37,True,0,COLLECTING,0,,0,,,,,7,62,99,30,60,1.0001164932146656,0.24494897427831783
2026-08-31T22:01:32.702,124931953,P016,normal_pressure,VALID,,,,1559,4483837,108667,109677,108432.68,109080.3,234.32,596.7,319.92,504.59,False,False,nan,True,0.7017,85.56,98.37,True,0,COLLECTING,0,,0,,,,,7,62,99,30,60,1.0001164932146656,0.24494897427831783
2026-08-31T22:01:32.845,124932093,P016,normal_pressure,VALID,,,,1560,4483877,108743,109824,108438.88,109095.18,304.12,728.82,422.14,502.94,False,False,nan,True,0.7017,85.56,98.37,True,0,COLLECTING,0,,0,,,,,7,62,99,30,60,1.0001164932146656,0.24494897427831783
2026-08-31T22:01:32.857,124932109,P016,normal_pressure,VALID,,,,1561,4483917,108781,109924,108445.73,109111.76,335.27,812.24,519.67,503.27,False,False,nan,True,0.7017,85.56,98.37,True,0,COLLECTING,0,,0,,,,,7,62,99,30,60,1.0001164932146656,0.24494897427831783
2026-08-31T22:01:32.865,124932109,P016,normal_pressure,VALID,,,,1562,4483957,108760,109829,108452.02,109126.1,307.98,702.9,565.47,504.51,False,False,nan,True,0.7017,85.56,98.37,True,0,COLLECTING,0,,0,,,,,7,62,99,30,60,1.0001164932146656,0.24494897427831783
2026-08-31T22:01:32.876,124932125,P016,normal_pressure,VALID,,,,1563,4483997,108558,109381,108454.13,109131.2,103.87,249.8,486.56,504.16,True,True,720.0,True,0.7072,84.36,98.37,True,0,COLLECTING,0,,0,,,,,7,62,99,30,60,1.0001164932146656,0.24494897427831783
2026-08-31T22:01:32.900,124932156,P016,normal_pressure,VALID,,,,1564,4484037,108426,109103,108453.57,109130.64,-27.57,-27.64,358.01,501.23,False,False,nan,True,0.7072,84.36,98.37,True,0,COLLECTING,0,,0,,,,,7,62,99,30,60,1.0001164932146656,0.24494897427831783
2026-08-31T22:01:33.045,124932296,P016,normal_pressure,VALID,,,,1565,4484077,108523,109342,108454.96,109134.87,68.04,207.13,320.29,497.61,False,False,nan,True,0.7072,84.36,98.37,True,0,COLLECTING,0,,0,,,,,8,62,99,30,60,1.0001164932146656,0.24494897427831783
2026-08-31T22:01:33.056,124932312,P016,normal_pressure,VALID,,,,1566,4484117,108605,109503,108457.96,109142.23,147.04,360.77,330.41,494.27,False,False,nan,True,0.7072,84.36,98.37,True,0,COLLECTING,0,,0,,,,,8,62,99,30,60,1.0001164932146656,0.24494897427831783
2026-08-31T22:01:33.065,124932312,P016,normal_pressure,VALID,,,,1567,4484157,108738,109708,108463.56,109153.54,274.44,554.46,386.42,492.11,False,False,nan,True,0.7072,84.36,98.37,True,0,COLLECTING,0,,0,,,,,8,62,99,30,60,1.0001164932146656,0.24494897427831783
2026-08-31T22:01:33.075,124932328,P016,normal_pressure,VALID,,,,1568,4484197,108724,109732,108468.77,109165.11,255.23,566.89,431.54,490.9,False,False,nan,True,0.7072,84.36,98.37,True,0,COLLECTING,0,,0,,,,,8,62,99,30,60,1.0001164932146656,0.24494897427831783
2026-08-31T22:01:33.102,124932359,P016,normal_pressure,VALID,,,,1569,4484237,108661,109567,108472.62,109173.15,188.38,393.85,422.12,489.53,True,False,nan,True,0.7072,84.36,98.37,True,0,COLLECTING,0,,0,,,,,8,62,99,30,60,1.0001164932146656,0.24494897427831783
2026-08-31T22:01:33.245,124932500,P016,normal_pressure,VALID,,,,1570,4484277,108697,109695,108477.1,109183.59,219.9,511.41,444.44,488.62,False,False,nan,True,0.7072,84.36,98.37,True,0,COLLECTING,0,,0,,,,,7,62,99,30,60,1.0001164932146656,0.24494897427831783
2026-08-31T22:01:33.256,124932500,P016,normal_pressure,VALID,,,,1571,4484317,108782,109875,108483.2,109197.41,298.8,677.59,502.73,488.91,False,False,nan,True,0.7072,84.36,98.37,True,0,COLLECTING,0,,0,,,,,7,62,99,30,60,1.0001164932146656,0.24494897427831783
2026-08-31T22:01:33.268,124932515,P016,normal_pressure,VALID,,,,1572,4484357,108861,110140,108490.76,109216.27,370.24,923.73,607.98,491.29,False,False,nan,True,0.7072,84.36,98.37,True,0,COLLECTING,0,,0,,,,,7,62,99,30,60,1.0001164932146656,0.24494897427831783
2026-08-31T22:01:33.276,124932531,P016,normal_pressure,VALID,,,,1573,4484397,108993,110319,108500.8,109238.32,492.2,1080.68,726.15,495.98,False,False,nan,True,0.7072,84.36,98.37,True,0,COLLECTING,0,,0,,,,,7,62,99,30,60,1.0001164932146656,0.24494897427831783
2026-08-31T22:01:33.300,124932546,P016,normal_pressure,VALID,,,,1574,4484437,109015,110479,108511.09,109263.13,503.91,1215.87,848.58,503.04,False,False,nan,True,0.7072,84.36,98.37,True,0,COLLECTING,0,,0,,,,,7,62,99,30,60,1.0001164932146656,0.24494897427831783
2026-08-31T22:01:33.446,124932703,P016,normal_pressure,VALID,,,,1575,4484477,109123,110618,108523.32,109290.23,599.68,1327.77,968.38,512.34,False,False,nan,True,0.7072,84.36,98.37,True,0,COLLECTING,0,,0,,,,,7,62,99,30,60,1.0001164932146656,0.17320508075688776
2026-08-31T22:01:33.457,124932703,P016,normal_pressure,VALID,,,,1576,4484517,109144,110760,108535.73,109319.62,608.27,1440.38,1086.38,523.82,False,False,nan,True,0.7072,84.36,98.37,True,0,COLLECTING,0,,0,,,,,7,62,99,30,60,1.0001164932146656,0.17320508075688776
2026-08-31T22:01:33.467,124932718,P016,normal_pressure,VALID,,,,1577,4484557,109259,110956,108550.2,109352.35,708.8,1603.65,1215.7,537.66,False,False,nan,True,0.7072,84.36,98.37,True,0,COLLECTING,0,,0,,,,,7,62,99,30,60,1.0001164932146656,0.17320508075688776
2026-08-31T22:01:33.476,124932734,P016,normal_pressure,VALID,,,,1578,4484597,109305,111073,108565.3,109386.77,739.7,1686.23,1333.33,553.58,False,False,nan,True,0.7072,84.36,98.37,True,0,COLLECTING,0,,0,,,,,7,62,99,30,60,1.0001164932146656,0.17320508075688776
2026-08-31T22:01:33.501,124932750,P016,normal_pressure,VALID,,,,1579,4484637,109206,110791,108578.11,109414.85,627.89,1376.15,1344.04,569.38,False,False,nan,True,0.7072,84.36,98.37,True,0,COLLECTING,0,,0,,,,,7,62,99,30,60,1.0001164932146656,0.17320508075688776
2026-08-31T22:01:33.650,124932906,P016,normal_pressure,VALID,,,,1580,4484677,109236,110797,108591.27,109442.49,644.73,1354.51,1346.65,584.93,False,False,nan,True,0.7072,84.36,98.37,True,0,COLLECTING,0,,0,,,,,7,62,99,30,60,1.0001164932146656,0.24494897427831783
2026-08-31T22:01:33.659,124932906,P016,normal_pressure,VALID,,,,1581,4484717,109435,111273,108608.14,109479.1,826.86,1793.9,1458.46,602.4,False,False,nan,True,0.7072,84.36,98.37,True,0,COLLECTING,0,,0,,,,,7,62,99,30,60,1.0001164932146656,0.24494897427831783
2026-08-31T22:01:33.679,124932921,P016,normal_pressure,VALID,,,,1582,4484757,109780,111981,108631.58,109529.14,1148.42,2451.86,1706.81,624.49,False,False,nan,True,0.7072,84.36,98.37,True,0,COLLECTING,0,,0,,,,,7,62,99,30,60,1.0001164932146656,0.24494897427831783
2026-08-31T22:01:33.681,124932937,P016,normal_pressure,VALID,,,,1583,4484797,110052,112611,108659.98,109590.78,1392.02,3020.22,2035.16,652.7,False,False,nan,True,0.7072,84.36,98.37,True,0,COLLECTING,0,,0,,,,,7,62,99,30,60,1.0001164932146656,0.24494897427831783
2026-08-31T22:01:33.700,124932953,P016,normal_pressure,VALID,,,,1584,4484837,110278,113063,108692.34,109660.23,1585.66,3402.77,2377.07,687.19,False,False,nan,True,0.7072,84.36,98.37,True,0,COLLECTING,0,,0,,,,,7,62,99,30,60,1.0001164932146656,0.24494897427831783
2026-08-31T22:01:33.845,124933093,P016,normal_pressure,VALID,,,,1585,4484877,110357,113227,108725.64,109731.56,1631.36,3495.44,2656.66,726.58,False,False,nan,True,0.7072,84.36,98.37,True,0,COLLECTING,0,,0,,,,,6,62,99,30,60,1.0001164932146656,0.24494897427831783
2026-08-31T22:01:33.859,124933109,P016,normal_pressure,VALID,,,,1586,4484917,110353,113232,108758.19,109801.57,1594.81,3430.43,2850.1,769.05,False,False,nan,True,0.7072,84.36,98.37,True,0,COLLECTING,0,,0,,,,,6,62,99,30,60,1.0001164932146656,0.24494897427831783
2026-08-31T22:01:33.868,124933125,P016,normal_pressure,VALID,,,,1587,4484957,110255,113024,108788.12,109866.02,1466.88,3157.98,2927.07,812.21,False,False,nan,True,0.7072,84.36,98.37,True,0,COLLECTING,0,,0,,,,,6,62,99,30,60,1.0001164932146656,0.24494897427831783
2026-08-31T22:01:33.877,124933125,P016,normal_pressure,VALID,,,,1588,4484997,110098,112679,108814.32,109922.27,1283.68,2756.73,2884.49,853.66,True,True,1000.0,True,0.7031,79.87,98.37,True,0,COLLECTING,0,,0,,,,,6,62,99,30,60,1.0001164932146656,0.24494897427831783
2026-08-31T22:01:33.901,124933156,P016,normal_pressure,VALID,,,,1589,4485037,109981,112429,108837.66,109972.41,1143.34,2456.59,2777.51,892.13,False,False,nan,True,0.7031,79.87,98.37,True,0,COLLECTING,0,,0,,,,,6,62,99,30,60,1.0001164932146656,0.24494897427831783
2026-08-31T22:01:34.047,124933296,P016,normal_pressure,VALID,,,,1590,4485077,109850,112190,108857.91,110016.76,992.09,2173.24,2626.45,926.82,False,False,nan,True,0.7031,79.87,98.37,True,0,COLLECTING,0,,0,,,,,7,62,99,30,60,1.0001164932146656,0.24494897427831783
2026-08-31T22:01:34.057,124933312,P016,normal_pressure,VALID,,,,1591,4485117,109874,112222,108878.23,110060.86,995.77,2161.14,2510.12,958.48,False,False,nan,True,0.7031,79.87,98.37,True,0,COLLECTING,0,,0,,,,,7,62,99,30,60,1.0001164932146656,0.24494897427831783
2026-08-31T22:01:34.068,124933312,P016,normal_pressure,VALID,,,,1592,4485157,109898,112265,108898.62,110104.95,999.38,2160.05,2422.6,987.77,False,False,nan,True,0.7031,79.87,98.37,True,0,COLLECTING,0,,0,,,,,7,62,99,30,60,1.0001164932146656,0.24494897427831783
2026-08-31T22:01:34.076,124933328,P016,normal_pressure,VALID,,,,1593,4485197,109918,112305,108919.02,110148.95,998.98,2156.05,2355.97,1015.13,False,False,nan,True,0.7031,79.87,98.37,True,0,COLLECTING,0,,0,,,,,7,62,99,30,60,1.0001164932146656,0.24494897427831783
2026-08-31T22:01:34.100,124933343,P016,normal_pressure,VALID,,,,1594,4485237,109825,112073,108937.13,110187.43,887.87,1885.57,2238.37,1039.6,False,False,nan,True,0.7031,79.87,98.37,True,0,COLLECTING,0,,0,,,,,7,62,99,30,60,1.0001164932146656,0.24494897427831783
2026-08-31T22:01:34.248,124933500,P016,normal_pressure,VALID,,,,1595,4485277,109576,111512,108949.91,110213.92,626.09,1298.08,2003.29,1058.87,False,False,nan,True,0.7031,79.87,98.37,True,0,COLLECTING,0,,0,,,,,7,62,99,30,60,1.0001164932146656,0.24494897427831783
2026-08-31T22:01:34.258,124933515,P016,normal_pressure,VALID,,,,1596,4485317,109576,111491,108962.43,110239.46,613.57,1251.54,1815.36,1074.0,False,False,nan,True,0.7031,79.87,98.37,True,0,COLLECTING,0,,0,,,,,7,62,99,30,60,1.0001164932146656,0.24494897427831783
2026-08-31T22:01:34.270,124933515,P016,normal_pressure,VALID,,,,1597,4485357,109660,111678,108976.38,110268.23,683.62,1409.77,1713.96,1086.8,False,False,nan,True,0.7031,79.87,98.37,True,0,COLLECTING,0,,0,,,,,7,62,99,30,60,1.0001164932146656,0.24494897427831783
2026-08-31T22:01:34.277,124933531,P016,normal_pressure,VALID,,,,1598,4485397,109593,111531,108988.72,110293.49,604.28,1237.51,1594.85,1096.96,False,False,nan,True,0.7031,79.87,98.37,True,0,COLLECTING,0,,0,,,,,7,62,99,30,60,1.0001164932146656,0.24494897427831783
2026-08-31T22:01:34.300,124933546,P016,normal_pressure,VALID,,,,1599,4485437,109591,111524,109000.77,110318.1,590.23,1205.9,1497.61,1104.97,False,False,nan,True,0.7031,79.87,98.37,True,0,COLLECTING,0,,0,,,,,7,62,99,30,60,1.0001164932146656,0.24494897427831783
2026-08-31T22:01:34.445,124933703,P016,normal_pressure,VALID,,,,1600,4485477,109477,111271,109010.29,110337.16,466.71,933.84,1356.67,1110.01,False,False,nan,True,0.7031,79.87,98.37,True,0,COLLECTING,0,,0,,,,,6,62,99,30,60,0.999688951624454,0.24494897427831783
2026-08-31T22:01:34.456,124933703,P016,normal_pressure,VALID,,,,1601,4485517,109254,110799,109015.16,110346.39,238.84,452.61,1130.65,1110.42,False,False,nan,True,0.7031,79.87,98.37,True,0,COLLECTING,0,,0,,,,,6,62,99,30,60,0.999688951624454,0.24494897427831783
2026-08-31T22:01:34.467,124933718,P016,normal_pressure,VALID,,,,1602,4485557,109170,110582,109018.26,110351.1,151.74,230.9,905.71,1106.33,False,False,nan,True,0.7031,79.87,98.37,True,0,COLLECTING,0,,0,,,,,6,62,99,30,60,0.999688951624454,0.24494897427831783
2026-08-31T22:01:34.476,124933734,P016,normal_pressure,VALID,,,,1603,4485597,109214,110680,109022.17,110357.68,191.83,322.32,759.87,1099.4,False,False,nan,True,0.7031,79.87,98.37,True,0,COLLECTING,0,,0,,,,,6,62,99,30,60,0.999688951624454,0.24494897427831783
2026-08-31T22:01:34.500,124933750,P016,normal_pressure,VALID,,,,1604,4485637,109319,110889,109028.11,110368.3,290.89,520.7,700.07,1091.41,False,False,nan,True,0.7031,79.87,98.37,True,0,COLLECTING,0,,0,,,,,6,62,99,30,60,0.999688951624454,0.24494897427831783
2026-08-31T22:01:34.645,124933890,P016,normal_pressure,VALID,,,,1605,4485677,109396,111054,109035.47,110382.02,360.53,671.98,693.05,1083.44,False,False,nan,True,0.7031,79.87,98.37,True,0,COLLECTING,0,,0,,,,,6,62,99,30,60,1.0001164932146656,0.24494897427831783
2026-08-31T22:01:34.656,124933906,P016,normal_pressure,VALID,,,,1606,4485717,109390,111038,109042.56,110395.13,347.44,642.87,680.51,1075.38,False,False,nan,True,0.7031,79.87,98.37,True,0,COLLECTING,0,,0,,,,,6,62,99,30,60,1.0001164932146656,0.24494897427831783
2026-08-31T22:01:34.668,124933921,P016,normal_pressure,VALID,,,,1607,4485757,109382,111006,109049.35,110407.35,332.65,598.65,660.04,1067.08,False,False,nan,True,0.7031,79.87,98.37,True,0,COLLECTING,0,,0,,,,,6,62,99,30,60,1.0001164932146656,0.24494897427831783
2026-08-31T22:01:34.677,124933921,P016,normal_pressure,VALID,,,,1608,4485797,109558,111383,109059.52,110426.87,498.48,956.13,734.06,1060.42,False,False,nan,True,0.7031,79.87,98.37,True,0,COLLECTING,0,,0,,,,,6,62,99,30,60,1.0001164932146656,0.24494897427831783
2026-08-31T22:01:34.701,124933953,P016,normal_pressure,VALID,,,,1609,4485837,110094,112536,109080.21,110469.05,1013.79,2066.95,1067.29,1060.55,False,False,nan,True,0.7031,79.87,98.37,True,0,COLLECTING,0,,0,,,,,6,62,99,30,60,1.0001164932146656,0.24494897427831783
2026-08-31T22:01:34.845,124934093,P016,normal_pressure,VALID,,,,1610,4485877,111337,115101,109125.34,110561.69,2211.66,4539.31,1935.29,1078.05,False,False,nan,True,0.7031,79.87,98.37,True,0,COLLECTING,0,,0,,,,,6,62,99,30,60,1.0001164932146656,0.17320508075688776
2026-08-31T22:01:34.859,124934109,P016,normal_pressure,VALID,,,,1611,4485917,112089,116528,109184.62,110681.02,2904.38,5846.98,2913.22,1114.75,False,False,nan,True,0.7031,79.87,98.37,True,0,COLLECTING,0,,0,,,,,6,62,99,30,60,1.0001164932146656,0.17320508075688776
2026-08-31T22:01:34.868,124934125,P016,normal_pressure,VALID,,,,1612,4485957,112017,116524,109241.27,110797.88,2775.73,5726.12,3616.44,1164.79,False,False,nan,True,0.7031,79.87,98.37,True,0,COLLECTING,0,,0,,,,,6,62,99,30,60,1.0001164932146656,0.17320508075688776
2026-08-31T22:01:34.878,124934125,P016,normal_pressure,VALID,,,,1613,4485997,111702,115987,109290.48,110901.66,2411.52,5085.34,3983.67,1221.16,False,False,nan,True,0.7031,79.87,98.37,True,0,COLLECTING,0,,0,,,,,6,62,99,30,60,1.0001164932146656,0.17320508075688776
2026-08-31T22:01:34.901,124934156,P016,normal_pressure,VALID,,,,1614,4486037,111640,115882,109337.47,111001.27,2302.53,4880.73,4207.93,1280.9,False,False,nan,True,0.7031,79.87,98.37,True,0,COLLECTING,0,,0,,,,,6,62,99,30,60,1.0001164932146656,0.17320508075688776
2026-08-31T22:01:35.045,124934296,P016,normal_pressure,VALID,,,,1615,4486077,111704,115975,109384.8,111100.74,2319.2,4874.26,4374.52,1342.77,False,False,nan,True,0.7031,79.87,98.37,True,0,COLLECTING,0,,0,,,,,6,62,99,30,60,1.0001164932146656,0.24494897427831783
2026-08-31T22:01:35.057,124934312,P016,normal_pressure,VALID,,,,1616,4486117,111469,115524,109426.48,111189.21,2042.52,4334.79,4364.58,1403.21,True,True,1120.0,True,0.7019,73.96,98.37,True,0,COLLECTING,0,,0,,,,,6,62,99,30,60,1.0001164932146656,0.24494897427831783
2026-08-31T22:01:35.068,124934312,P016,normal_pressure,VALID,,,,1617,4486157,111185,114920,109461.66,111263.83,1723.34,3656.17,4187.48,1458.89,False,False,nan,True,0.7019,73.96,98.37,True,0,COLLECTING,0,,0,,,,,6,62,99,30,60,1.0001164932146656,0.24494897427831783
2026-08-31T22:01:35.077,124934328,P016,normal_pressure,VALID,,,,1618,4486197,111114,114767,109494.7,111333.89,1619.3,3433.11,3998.89,1509.69,False,False,nan,True,0.7019,73.96,98.37,True,0,COLLECTING,0,,0,,,,,6,62,99,30,60,1.0001164932146656,0.24494897427831783
2026-08-31T22:01:35.102,124934359,P016,normal_pressure,VALID,,,,1619,4486237,111301,115140,109530.83,111410.02,1770.17,3729.98,3931.66,1558.13,False,False,nan,True,0.7019,73.96,98.37,True,0,COLLECTING,0,,0,,,,,6,62,99,30,60,1.0001164932146656,0.24494897427831783
2026-08-31T22:01:35.245,124934500,P016,normal_pressure,VALID,,,,1620,4486277,111524,115584,109570.7,111493.49,1953.3,4090.51,3971.37,1606.4,False,False,nan,True,0.7019,73.96,98.37,True,0,COLLECTING,0,,0,,,,,7,62,99,30,60,1.0001164932146656,0.24494897427831783
2026-08-31T22:01:35.258,124934515,P016,normal_pressure,VALID,,,,1621,4486317,112069,116641,109620.66,111596.45,2448.34,5044.55,4239.67,1659.06,False,False,nan,True,0.7019,73.96,98.37,True,0,COLLECTING,0,,0,,,,,7,62,99,30,60,1.0001164932146656,0.24494897427831783
2026-08-31T22:01:35.268,124934515,P016,normal_pressure,VALID,,,,1622,4486357,112933,118235,109686.91,111729.22,3246.09,6505.78,4806.2,1722.01,False,False,nan,True,0.7019,73.96,98.37,True,0,COLLECTING,0,,0,,,,,7,62,99,30,60,1.0001164932146656,0.24494897427831783
2026-08-31T22:01:35.277,124934531,P016,normal_pressure,VALID,,,,1623,4486397,113502,119278,109763.22,111880.2,3738.78,7397.8,5454.1,1796.65,False,False,nan,True,0.7019,73.96,98.37,True,0,COLLECTING,0,,0,,,,,7,62,99,30,60,1.0001164932146656,0.24494897427831783
2026-08-31T22:01:35.301,124934546,P016,normal_pressure,VALID,,,,1624,4486437,113823,119838,109844.41,112039.35,3978.59,7798.65,6040.24,1881.52,False,False,nan,True,0.7019,73.96,98.37,True,0,COLLECTING,0,,0,,,,,7,62,99,30,60,1.0001164932146656,0.24494897427831783
2026-08-31T22:01:35.445,124934703,P016,normal_pressure,VALID,,,,1625,4486477,113965,119977,109926.83,112198.1,4038.17,7778.9,6474.9,1973.39,False,False,nan,True,0.7019,73.96,98.37,True,0,COLLECTING,0,,0,,,,,7,62,99,30,60,0.999976999735494,0.17320508075688776
2026-08-31T22:01:35.456,124934703,P016,normal_pressure,VALID,,,,1626,4486517,114000,119994,110008.29,112354.02,3991.71,7639.98,6766.17,2069.24,False,False,nan,True,0.7019,73.96,98.37,True,0,COLLECTING,0,,0,,,,,7,62,99,30,60,0.999976999735494,0.17320508075688776
2026-08-31T22:01:35.468,124934718,P016,normal_pressure,VALID,,,,1627,4486557,114024,120086,110088.6,112508.66,3935.4,7577.34,6968.97,2167.24,False,False,nan,True,0.7019,73.96,98.37,True,0,COLLECTING,0,,0,,,,,7,62,99,30,60,0.999976999735494,0.17320508075688776
2026-08-31T22:01:35.476,124934734,P016,normal_pressure,VALID,,,,1628,4486597,113920,119989,110165.23,112658.27,3754.77,7330.73,7059.41,2265.08,False,False,nan,True,0.7019,73.96,98.37,True,0,COLLECTING,0,,0,,,,,7,62,99,30,60,0.999976999735494,0.17320508075688776
2026-08-31T22:01:35.501,124934750,P016,normal_pressure,VALID,,,,1629,4486637,113701,119682,110235.95,112798.74,3465.05,6883.26,7015.37,2360.09,True,True,520.0,True,0.7,74.88,98.37,True,0,COLLECTING,0,,0,,,,,7,62,99,30,60,0.999976999735494,0.17320508075688776
2026-08-31T22:01:35.645,124934890,P016,normal_pressure,VALID,,,,1630,4486677,113451,119259,110300.25,112927.95,3150.75,6331.05,6844.29,2449.77,False,False,nan,True,0.7,74.88,98.37,True,0,COLLECTING,0,,0,,,,,8,62,99,30,60,0.999976999735494,0.24494897427831783
2026-08-31T22:01:35.658,124934906,P016,normal_pressure,VALID,,,,1631,4486717,113165,118739,110357.55,113044.16,2807.45,5694.84,6556.93,2531.91,False,False,nan,True,0.7,74.88,98.37,True,0,COLLECTING,0,,0,,,,,8,62,99,30,60,0.999976999735494,0.24494897427831783
2026-08-31T22:01:35.668,124934921,P016,normal_pressure,VALID,,,,1632,4486757,112817,118090,110406.73,113145.08,2410.27,4944.92,6153.93,2604.35,False,False,nan,True,0.7,74.88,98.37,True,0,COLLECTING,0,,0,,,,,8,62,99,30,60,0.999976999735494,0.24494897427831783
2026-08-31T22:01:35.677,124934921,P016,normal_pressure,VALID,,,,1633,4486797,112596,117623,110450.52,113234.63,2145.48,4388.37,5712.54,2666.52,False,False,nan,True,0.7,74.88,98.37,True,0,COLLECTING,0,,0,,,,,8,62,99,30,60,0.999976999735494,0.24494897427831783
2026-08-31T22:01:35.701,124934953,P016,normal_pressure,VALID,,,,1634,4486837,112583,117598,110493.17,113321.9,2089.83,4276.1,5353.43,2720.26,False,False,nan,True,0.7,74.88,98.37,True,0,COLLECTING,0,,0,,,,,8,62,99,30,60,0.999976999735494,0.24494897427831783
2026-08-31T22:01:35.846,124935093,P016,normal_pressure,VALID,,,,1635,4486877,112703,117831,110537.37,113412.08,2165.63,4418.92,5119.8,2768.25,False,False,nan,True,0.7,74.88,98.37,True,0,COLLECTING,0,,0,,,,,8,62,99,30,60,1.0001164932146656,0.24494897427831783
2026-08-31T22:01:35.858,124935109,P016,normal_pressure,VALID,,,,1636,4486917,112814,118034,110582.9,113504.52,2231.1,4529.48,4972.22,2812.33,False,False,nan,True,0.7,74.88,98.37,True,0,COLLECTING,0,,0,,,,,8,62,99,30,60,1.0001164932146656,0.24494897427831783
2026-08-31T22:01:35.869,124935125,P016,normal_pressure,VALID,,,,1637,4486957,112823,118066,110627.7,113595.74,2195.3,4470.26,4846.73,2853.01,False,False,nan,True,0.7,74.88,98.37,True,0,COLLECTING,0,,0,,,,,8,62,99,30,60,1.0001164932146656,0.24494897427831783
2026-08-31T22:01:35.879,124935125,P016,normal_pressure,VALID,,,,1638,4486997,112804,118071,110671.23,113685.25,2132.77,4385.75,4731.49,2890.58,False,False,nan,True,0.7,74.88,98.37,True,0,COLLECTING,0,,0,,,,,8,62,99,30,60,1.0001164932146656,0.24494897427831783
2026-08-31T22:01:35.901,124935156,P016,normal_pressure,VALID,,,,1639,4487037,112738,117955,110712.56,113770.65,2025.44,4184.35,4594.7,2924.67,False,False,nan,True,0.7,74.88,98.37,True,0,COLLECTING,0,,0,,,,,8,62,99,30,60,1.0001164932146656,0.24494897427831783
2026-08-31T22:01:36.046,124935296,P016,normal_pressure,VALID,,,,1640,4487077,112406,117366,110746.43,113842.55,1659.57,3523.45,4326.89,2952.71,False,False,nan,True,0.7,74.88,98.37,True,0,COLLECTING,0,,0,,,,,8,62,99,30,60,1.0001164932146656,0.24494897427831783
2026-08-31T22:01:36.057,124935312,P016,normal_pressure,VALID,,,,1641,4487117,111850,116206,110768.5,113889.82,1081.5,2316.18,3824.21,2970.14,False,False,nan,True,0.7,74.88,98.37,True,0,COLLECTING,0,,0,,,,,8,62,99,30,60,1.0001164932146656,0.24494897427831783
2026-08-31T22:01:36.068,124935312,P016,normal_pressure,VALID,,,,1642,4487157,111062,114437,110774.37,113900.77,287.63,536.23,3002.22,2970.78,False,False,nan,True,0.7,74.88,98.37,True,0,COLLECTING,0,,0,,,,,8,62,99,30,60,1.0001164932146656,0.24494897427831783
2026-08-31T22:01:36.077,124935328,P016,normal_pressure,VALID,,,,1643,4487197,110369,112948,110766.26,113881.71,-397.26,-933.71,2018.23,2951.73,False,False,nan,True,0.7,74.88,98.37,True,0,COLLECTING,0,,0,,,,,8,62,99,30,60,1.0001164932146656,0.24494897427831783
2026-08-31T22:01:36.101,124935359,P016,normal_pressure,VALID,,,,1644,4487237,110002,112138,110750.98,113846.84,-748.98,-1708.84,1086.47,2914.43,False,False,nan,True,0.7,74.88,98.37,True,0,COLLECTING,0,,0,,,,,8,62,99,30,60,1.0001164932146656,0.24494897427831783
