pc_time,pc_monotonic_ms,trial_id,label,expected_state,reference_hr_bpm,reference_spo2_pct,action_marker,seq,t_ms,red,ir,red_dc,ir_dc,red_ac,ir_ac,filtered_ir,envelope,peak_candidate,beat_accepted,ibi_ms,finger,sqi,hr_bpm,spo2_pct,valid,fifo_overflow,rhythm_state,rhythm_valid,rhythm_confidence,model_calibrated,rhythm_ibi_mean_ms,rhythm_sdnn_ms,rhythm_rmssd_ms,rhythm_pnn50,rhythm_beat_count,rhythm_inference_us,rhythm_inference_count,rhythm_model_bytes,rhythm_classifier_state_bytes,imu_accel_g,imu_gyro_dps
2026-08-31T22:17:17.541,125876796,P037,rhythm_normal,NORMAL,,,,1,5428687,110908,117833,99543.12,100286.15,11364.88,17546.85,18555.29,18785.47,False,False,nan,True,0.075,nan,nan,False,0,COLLECTING,0,,0,,,,,0,63,119,30,60,0.999850488823204,0.17320508075688776
2026-08-31T22:17:17.691,125876937,P037,rhythm_normal,NORMAL,,,,2,5428727,111110,117986,99774.45,100640.15,11335.55,17345.85,18252.93,18774.82,False,False,nan,True,0.075,nan,nan,False,0,COLLECTING,0,,0,,,,,0,63,119,30,60,0.999850488823204,0.17320508075688776
2026-08-31T22:17:17.700,125876953,P037,rhythm_normal,NORMAL,,,,3,5428767,111464,118276,100008.24,100992.87,11455.76,17283.13,18010.48,18759.53,False,False,nan,True,0.075,nan,nan,False,0,COLLECTING,0,,0,,,,,0,63,119,30,60,0.999850488823204,0.17320508075688776
2026-08-31T22:17:17.710,125876968,P037,rhythm_normal,NORMAL,,,,4,5428807,112138,118851,100250.84,101350.03,11887.16,17500.97,17883.1,18742.0,False,False,nan,True,0.075,nan,nan,False,0,COLLECTING,0,,0,,,,,0,63,119,30,60,0.999850488823204,0.17320508075688776
2026-08-31T22:17:17.719,125876968,P037,rhythm_normal,NORMAL,,,,5,5428847,113150,119770,100508.82,101718.43,12641.18,18051.57,17925.22,18725.66,False,False,nan,True,0.075,nan,nan,False,0,COLLECTING,0,,0,,,,,0,63,119,30,60,0.999850488823204,0.17320508075688776
2026-08-31T22:17:17.742,125877000,P037,rhythm_normal,NORMAL,,,,6,5428887,114359,120914,100785.82,102102.34,13573.18,18811.66,18146.83,18714.09,False,False,nan,True,0.075,nan,nan,False,0,COLLECTING,0,,0,,,,,0,63,119,30,60,0.999850488823204,0.17320508075688776
2026-08-31T22:17:17.889,125877140,P037,rhythm_normal,NORMAL,,,,7,5428927,115378,122172,101077.66,102503.73,14300.34,19668.27,18527.19,18710.35,False,False,nan,True,0.075,nan,nan,False,0,COLLECTING,0,,0,,,,,0,63,119,30,60,0.999850488823204,0.17320508075688776
2026-08-31T22:17:17.899,125877156,P037,rhythm_normal,NORMAL,,,,8,5428967,116578,123449,101387.67,102922.64,15190.33,20526.36,19026.98,18716.68,False,False,nan,True,0.075,nan,nan,False,0,COLLECTING,0,,0,,,,,0,63,119,30,60,0.999850488823204,0.17320508075688776
2026-08-31T22:17:17.910,125877156,P037,rhythm_normal,NORMAL,,,,9,5429007,117788,124800,101715.68,103360.19,16072.32,21439.81,19630.19,18734.95,False,False,nan,True,0.075,nan,nan,False,0,COLLECTING,0,,0,,,,,0,63,119,30,60,0.999850488823204,0.17320508075688776
2026-08-31T22:17:17.919,125877171,P037,rhythm_normal,NORMAL,,,,10,5429047,118760,125690,102056.56,103806.78,16703.44,21883.22,20193.45,18764.12,False,False,nan,True,0.075,nan,nan,False,0,COLLECTING,0,,0,,,,,0,63,119,30,60,0.999850488823204,0.17320508075688776
2026-08-31T22:17:17.942,125877187,P037,rhythm_normal,NORMAL,,,,11,5429087,119515,126290,102405.73,104256.45,17109.27,22033.55,20653.47,18801.91,False,False,nan,True,0.075,nan,nan,False,0,COLLECTING,0,,0,,,,,0,63,119,30,60,0.999850488823204,0.17320508075688776
2026-08-31T22:17:18.090,125877343,P037,rhythm_normal,NORMAL,,,,12,5429127,120026,126659,102758.14,104704.5,17267.86,21954.5,20978.73,18845.45,False,False,nan,True,0.075,nan,nan,False,0,COLLECTING,0,,0,,,,,0,63,119,30,60,0.999850488823204,0.17320508075688776
2026-08-31T22:17:18.098,125877343,P037,rhythm_normal,NORMAL,,,,13,5429167,120370,126740,103110.38,105145.21,17259.62,21594.79,21132.75,18891.19,False,False,nan,True,0.075,nan,nan,False,0,COLLECTING,0,,0,,,,,0,63,119,30,60,0.999850488823204,0.17320508075688776
2026-08-31T22:17:18.111,125877359,P037,rhythm_normal,NORMAL,,,,14,5429207,120371,126161,103455.59,105565.52,16915.41,20595.48,20998.43,18933.34,True,False,nan,True,0.075,nan,nan,False,0,COLLECTING,0,,0,,,,,0,63,119,30,60,0.999850488823204,0.17320508075688776
2026-08-31T22:17:18.119,125877375,P037,rhythm_normal,NORMAL,,,,15,5429247,120341,125792,103793.3,105970.05,16547.7,19821.95,20704.31,18968.76,False,False,nan,True,0.075,nan,nan,False,0,COLLECTING,0,,0,,,,,0,63,119,30,60,0.999850488823204,0.17320508075688776
2026-08-31T22:17:18.142,125877390,P037,rhythm_normal,NORMAL,,,,16,5429287,120518,125926,104127.79,106369.17,16390.21,19556.83,20417.44,18997.73,False,False,nan,True,0.075,nan,nan,False,0,COLLECTING,0,,0,,,,,0,63,119,30,60,0.999850488823204,0.17320508075688776
2026-08-31T22:17:18.293,125877546,P037,rhythm_normal,NORMAL,,,,17,5429327,120657,126102,104458.38,106763.83,16198.62,19338.17,20147.62,19020.73,False,False,nan,True,0.075,nan,nan,False,0,COLLECTING,0,,0,,,,,0,63,119,30,60,0.999850488823204,0.17320508075688776
2026-08-31T22:17:18.299,125877546,P037,rhythm_normal,NORMAL,,,,18,5429367,120605,126222,104781.3,107152.99,15823.7,19069.01,19877.97,19037.87,False,False,nan,True,0.075,nan,nan,False,0,COLLECTING,0,,0,,,,,0,63,119,30,60,0.999850488823204,0.17320508075688776
2026-08-31T22:17:18.310,125877562,P037,rhythm_normal,NORMAL,,,,19,5429407,120039,125694,105086.46,107523.81,14952.54,18170.19,19451.02,19046.13,False,False,nan,True,0.075,nan,nan,False,0,COLLECTING,0,,0,,,,,0,63,119,30,60,0.999850488823204,0.17320508075688776
2026-08-31T22:17:18.319,125877578,P037,rhythm_normal,NORMAL,,,,20,5429447,119572,125282,105376.17,107878.98,14195.83,17403.02,18939.02,19043.99,False,False,nan,True,0.075,nan,nan,False,0,COLLECTING,0,,0,,,,,0,63,119,30,60,0.999850488823204,0.17320508075688776
2026-08-31T22:17:18.342,125877593,P037,rhythm_normal,NORMAL,,,ACTION_START,21,5429487,119448,125209,105657.61,108225.58,13790.39,16983.42,18450.12,19032.12,False,False,nan,True,0.075,nan,nan,False,0,COLLECTING,0,,0,,,,,0,63,119,30,60,0.999850488823204,0.17320508075688776
2026-08-31T22:17:18.489,125877734,P037,rhythm_normal,NORMAL,,,,22,5429527,119426,125261,105932.98,108566.29,13493.02,16694.71,18011.27,19011.7,False,False,nan,True,0.075,nan,nan,False,0,COLLECTING,0,,0,,,,,0,63,119,30,60,0.999850488823204,0.17320508075688776
2026-08-31T22:17:18.500,125877750,P037,rhythm_normal,NORMAL,,,,23,5429567,119464,125329,106203.59,108901.55,13260.41,16427.45,17615.32,18983.77,False,False,nan,True,0.075,nan,nan,False,0,COLLECTING,0,,0,,,,,0,63,119,30,60,0.999850488823204,0.17320508075688776
2026-08-31T22:17:18.513,125877765,P037,rhythm_normal,NORMAL,,,,24,5429607,119523,125413,106469.98,109231.77,13053.02,16181.23,17256.79,18949.23,False,False,nan,True,0.075,nan,nan,False,0,COLLECTING,0,,0,,,,,0,63,119,30,60,0.999850488823204,0.17320508075688776
2026-08-31T22:17:18.520,125877765,P037,rhythm_normal,NORMAL,,,,25,5429647,119623,125589,106733.05,109558.91,12889.95,16030.09,16950.12,18909.25,False,False,nan,True,0.075,nan,nan,False,0,COLLECTING,0,,0,,,,,0,63,119,30,60,0.999850488823204,0.17320508075688776
2026-08-31T22:17:18.543,125877796,P037,rhythm_normal,NORMAL,,,,26,5429687,119249,124721,106983.37,109862.16,12265.63,14858.84,16427.3,18859.61,False,False,nan,True,0.075,nan,nan,False,0,COLLECTING,0,,0,,,,,0,63,119,30,60,0.999850488823204,0.17320508075688776
2026-08-31T22:17:18.703,125877953,P037,rhythm_normal,NORMAL,,,,27,5429727,117975,122340,107203.2,110111.71,10771.8,12228.29,15377.55,18789.97,False,False,nan,True,0.075,nan,nan,False,0,COLLECTING,0,,0,,,,,0,63,119,30,60,0.999850488823204,0.17320508075688776
2026-08-31T22:17:18.707,125877953,P037,rhythm_normal,NORMAL,,,,28,5429767,117200,121231,107403.14,110334.09,9796.86,10896.91,14257.39,18699.32,False,False,nan,True,0.075,nan,nan,False,0,COLLECTING,0,,0,,,,,0,63,119,30,60,0.999850488823204,0.17320508075688776
2026-08-31T22:17:18.712,125877968,P037,rhythm_normal,NORMAL,,,,29,5429807,116951,121069,107594.1,110548.79,9356.9,10520.21,13323.09,18591.79,False,False,nan,True,0.075,nan,nan,False,0,COLLECTING,0,,0,,,,,0,63,119,30,60,0.999850488823204,0.17320508075688776
2026-08-31T22:17:18.718,125877968,P037,rhythm_normal,NORMAL,,,,30,5429847,116842,121131,107779.06,110760.43,9062.94,10370.57,12584.96,18471.66,False,False,nan,True,0.075,nan,nan,False,0,COLLECTING,0,,0,,,,,0,63,119,30,60,0.999850488823204,0.17320508075688776
2026-08-31T22:17:18.743,125878000,P037,rhythm_normal,NORMAL,,,,31,5429887,116925,121481,107961.98,110974.84,8963.02,10506.16,12065.26,18343.53,False,False,nan,True,0.075,nan,nan,False,0,COLLECTING,0,,0,,,,,0,63,119,30,60,0.999850488823204,0.17320508075688776
2026-08-31T22:17:18.888,125878140,P037,rhythm_normal,NORMAL,,,,32,5429927,116943,121689,108141.6,111189.12,8801.4,10499.88,11673.91,18210.14,False,False,nan,True,0.075,nan,nan,False,0,COLLECTING,0,,0,,,,,0,63,119,30,60,0.999850488823204,0.17320508075688776
2026-08-31T22:17:18.899,125878156,P037,rhythm_normal,NORMAL,,,,33,5429967,117107,122145,108320.91,111408.24,8786.09,10736.76,11439.62,18074.73,False,False,nan,True,0.075,nan,nan,False,0,COLLECTING,0,,0,,,,,0,63,119,30,60,0.999850488823204,0.17320508075688776
2026-08-31T22:17:18.910,125878156,P037,rhythm_normal,NORMAL,,,,34,5430007,117783,123637,108510.15,111652.82,9272.85,11984.18,11575.76,17944.75,False,False,nan,True,0.075,nan,nan,False,0,COLLECTING,0,,0,,,,,0,63,119,30,60,0.999850488823204,0.17320508075688776
2026-08-31T22:17:18.919,125878171,P037,rhythm_normal,NORMAL,,,,35,5430047,118197,124622,108703.88,111912.2,9493.12,12709.8,11859.27,17823.04,False,False,nan,True,0.075,nan,nan,False,0,COLLECTING,0,,0,,,,,0,63,119,30,60,0.999850488823204,0.17320508075688776
2026-08-31T22:17:18.942,125878187,P037,rhythm_normal,NORMAL,,,,36,5430087,118295,124948,108895.7,112172.92,9399.3,12775.08,12088.22,17708.34,False,False,nan,True,0.075,nan,nan,False,0,COLLECTING,0,,0,,,,,0,63,119,30,60,0.999850488823204,0.17320508075688776
2026-08-31T22:17:19.088,125878343,P037,rhythm_normal,NORMAL,,,,37,5430127,118345,125124,109084.69,112431.95,9260.31,12692.05,12239.18,17598.96,False,False,nan,True,0.075,nan,nan,False,0,COLLECTING,0,,0,,,,,0,63,119,30,60,0.999850488823204,0.17320508075688776
2026-08-31T22:17:19.099,125878343,P037,rhythm_normal,NORMAL,,,,38,5430167,118366,125234,109270.31,112687.98,9095.69,12546.02,12315.89,17493.3,False,False,nan,True,0.075,nan,nan,False,0,COLLECTING,0,,0,,,,,0,63,119,30,60,0.999850488823204,0.17320508075688776
2026-08-31T22:17:19.110,125878359,P037,rhythm_normal,NORMAL,,,,39,5430207,118376,125324,109452.43,112940.7,8923.57,12383.3,12332.74,17390.09,False,False,nan,True,0.075,nan,nan,False,0,COLLECTING,0,,0,,,,,0,63,119,30,60,0.999850488823204,0.17320508075688776
2026-08-31T22:17:19.120,125878375,P037,rhythm_normal,NORMAL,,,,40,5430247,118393,125387,109631.24,113189.63,8761.76,12197.37,12298.9,17288.26,True,True,1040.0,True,0.075,nan,nan,False,0,COLLECTING,0,,0,,,,,0,63,119,30,60,0.999850488823204,0.17320508075688776
2026-08-31T22:17:19.144,125878390,P037,rhythm_normal,NORMAL,,,,41,5430287,118372,125399,109806.05,113433.82,8565.95,11965.18,12215.47,17186.81,False,False,nan,True,0.075,nan,nan,False,0,COLLECTING,0,,0,,,,,0,63,119,30,60,0.999850488823204,0.17320508075688776
2026-08-31T22:17:19.287,125878531,P037,rhythm_normal,NORMAL,,,,42,5430327,118348,125406,109976.89,113673.27,8371.11,11732.73,12094.78,17084.97,False,False,nan,True,0.075,nan,nan,False,0,COLLECTING,0,,0,,,,,1,63,119,30,60,0.999850488823204,0.17320508075688776
2026-08-31T22:17:19.298,125878546,P037,rhythm_normal,NORMAL,,,,43,5430367,118089,124908,110139.13,113897.96,7949.87,11010.04,11823.6,16979.74,False,False,nan,True,0.775,nan,91.8,False,0,COLLECTING,0,,0,,,,,1,63,119,30,60,0.999850488823204,0.17320508075688776
2026-08-31T22:17:19.310,125878562,P037,rhythm_normal,NORMAL,,,,44,5430407,116914,122251,110274.63,114065.02,6639.37,8185.98,10914.19,16858.43,False,False,nan,True,0.775,nan,91.8,False,0,COLLECTING,0,,0,,,,,1,63,119,30,60,0.999850488823204,0.17320508075688776
2026-08-31T22:17:19.318,125878562,P037,rhythm_normal,NORMAL,,,,45,5430447,116015,120293,110389.44,114189.59,5625.56,6103.41,9711.5,16715.49,False,False,nan,True,0.775,nan,91.8,False,0,COLLECTING,0,,0,,,,,1,63,119,30,60,0.999850488823204,0.17320508075688776
2026-08-31T22:17:19.342,125878593,P037,rhythm_normal,NORMAL,,,,46,5430487,116028,120315,110502.21,114312.09,5525.79,6002.91,8784.35,16556.87,False,False,nan,True,0.775,nan,91.8,False,0,COLLECTING,0,,0,,,,,1,63,119,30,60,0.999850488823204,0.17320508075688776
2026-08-31T22:17:19.490,125878734,P037,rhythm_normal,NORMAL,,,,47,5430527,116222,120758,110616.61,114441.02,5605.39,6316.98,8167.51,16389.08,False,False,nan,True,0.775,nan,91.8,False,0,COLLECTING,0,,0,,,,,1,63,119,30,60,0.9989604596779594,0.17320508075688776
2026-08-31T22:17:19.499,125878750,P037,rhythm_normal,NORMAL,,,,48,5430567,116400,121179,110732.27,114575.77,5667.73,6603.23,7776.44,16216.83,False,False,nan,True,0.775,nan,91.8,False,0,COLLECTING,0,,0,,,,,1,63,119,30,60,0.9989604596779594,0.17320508075688776
2026-08-31T22:17:19.511,125878765,P037,rhythm_normal,NORMAL,,,,49,5430607,116559,121566,110848.8,114715.58,5710.2,6850.42,7544.93,16043.39,False,False,nan,True,0.775,nan,91.8,False,0,COLLECTING,0,,0,,,,,1,63,119,30,60,0.9989604596779594,0.17320508075688776
2026-08-31T22:17:19.519,125878765,P037,rhythm_normal,NORMAL,,,,50,5430647,116488,121477,110961.59,114850.8,5526.41,6626.2,7315.25,15868.83,False,False,nan,True,0.775,nan,91.8,False,0,COLLECTING,0,,0,,,,,1,63,119,30,60,0.9989604596779594,0.17320508075688776
2026-08-31T22:17:19.542,125878796,P037,rhythm_normal,NORMAL,,,,51,5430687,116345,121216,111069.26,114978.11,5275.74,6237.89,7045.91,15692.37,False,False,nan,True,0.775,nan,91.8,False,0,COLLECTING,0,,0,,,,,1,63,119,30,60,0.9989604596779594,0.17320508075688776
2026-08-31T22:17:19.688,125878937,P037,rhythm_normal,NORMAL,,,,52,5430727,116380,121307,111175.47,115104.69,5204.53,6202.31,6835.01,15515.22,False,False,nan,True,0.775,nan,91.8,False,0,COLLECTING,0,,0,,,,,1,63,119,30,60,0.999850488823204,0.17320508075688776
2026-08-31T22:17:19.698,125878953,P037,rhythm_normal,NORMAL,,,,53,5430767,116482,121600,111281.6,115234.59,5200.4,6365.41,6717.61,15339.27,False,False,nan,True,0.775,nan,91.8,False,0,COLLECTING,0,,0,,,,,1,63,119,30,60,0.999850488823204,0.17320508075688776
2026-08-31T22:17:19.712,125878968,P037,rhythm_normal,NORMAL,,,,54,5430807,116538,121724,111386.73,115364.38,5151.27,6359.62,6628.11,15165.05,False,False,nan,True,0.775,nan,91.8,False,0,COLLECTING,0,,0,,,,,1,63,119,30,60,0.999850488823204,0.17320508075688776
2026-08-31T22:17:19.718,125878968,P037,rhythm_normal,NORMAL,,,,55,5430847,116577,121824,111490.53,115493.58,5086.47,6330.42,6553.69,14992.82,False,False,nan,True,0.775,nan,91.8,False,0,COLLECTING,0,,0,,,,,1,63,119,30,60,0.999850488823204,0.17320508075688776
2026-08-31T22:17:19.742,125879000,P037,rhythm_normal,NORMAL,,,,56,5430887,116564,121797,111592.0,115619.65,4972.0,6177.35,6459.6,14822.15,False,False,nan,True,0.775,nan,91.8,False,0,COLLECTING,0,,0,,,,,1,63,119,30,60,0.999850488823204,0.17320508075688776
2026-08-31T22:17:19.887,125879140,P037,rhythm_normal,NORMAL,,,,57,5430927,116482,121642,111689.8,115740.09,4792.2,5901.91,6320.18,14652.12,False,False,nan,True,0.775,nan,91.8,False,0,COLLECTING,0,,0,,,,,1,63,119,30,60,0.999850488823204,0.17320508075688776
2026-08-31T22:17:19.899,125879156,P037,rhythm_normal,NORMAL,,,,58,5430967,116470,121620,111785.4,115857.7,4684.6,5762.3,6180.71,14482.69,False,False,nan,True,0.775,nan,91.8,False,0,COLLECTING,0,,0,,,,,1,63,119,30,60,0.999850488823204,0.17320508075688776
2026-08-31T22:17:19.910,125879156,P037,rhythm_normal,NORMAL,,,,59,5431007,116469,121635,111879.07,115973.24,4589.93,5661.76,6050.97,14314.05,False,False,nan,True,0.775,nan,91.8,False,0,COLLECTING,0,,0,,,,,1,63,119,30,60,0.999850488823204,0.17320508075688776
2026-08-31T22:17:19.919,125879171,P037,rhythm_normal,NORMAL,,,,60,5431047,116548,121867,111972.45,116091.12,4575.55,5775.88,5982.2,14147.42,False,False,nan,True,0.775,nan,91.8,False,0,COLLECTING,0,,0,,,,,1,63,119,30,60,0.999850488823204,0.17320508075688776
2026-08-31T22:17:19.943,125879187,P037,rhythm_normal,NORMAL,,,,61,5431087,116539,121893,112063.77,116207.16,4475.23,5685.84,5908.11,13982.63,False,False,nan,True,0.775,nan,91.8,False,0,COLLECTING,0,,0,,,,,1,63,119,30,60,0.999850488823204,0.17320508075688776
2026-08-31T22:17:20.091,125879343,P037,rhythm_normal,NORMAL,,,,62,5431127,115748,120221,112137.46,116287.43,3610.54,3933.57,5414.48,13811.27,False,False,nan,True,0.775,nan,91.8,False,0,COLLECTING,0,,0,,,,,1,63,119,30,60,0.999850488823204,0.17320508075688776
2026-08-31T22:17:20.099,125879343,P037,rhythm_normal,NORMAL,,,,63,5431167,115124,118941,112197.2,116340.5,2926.8,2600.5,4710.98,13629.26,False,False,nan,True,0.775,nan,91.8,False,0,COLLECTING,0,,0,,,,,1,63,119,30,60,0.999850488823204,0.17320508075688776
2026-08-31T22:17:20.110,125879359,P037,rhythm_normal,NORMAL,,,,64,5431207,115124,118961,112255.73,116392.91,2868.27,2568.09,4175.26,13440.18,False,False,nan,True,0.775,nan,91.8,False,0,COLLECTING,0,,0,,,,,1,63,119,30,60,0.999850488823204,0.17320508075688776
2026-08-31T22:17:20.118,125879375,P037,rhythm_normal,NORMAL,,,,65,5431247,115249,119266,112315.6,116450.37,2933.4,2815.63,3835.35,13248.08,False,False,nan,True,0.775,nan,91.8,False,0,COLLECTING,0,,0,,,,,1,63,119,30,60,0.999850488823204,0.17320508075688776
2026-08-31T22:17:20.142,125879390,P037,rhythm_normal,NORMAL,,,,66,5431287,115308,119415,112375.45,116509.66,2932.55,2905.34,3602.85,13055.18,False,False,nan,True,0.775,nan,91.8,False,0,COLLECTING,0,,0,,,,,1,63,119,30,60,0.999850488823204,0.17320508075688776
2026-08-31T22:17:20.289,125879546,P037,rhythm_normal,NORMAL,,,,67,5431327,115335,119518,112434.64,116569.82,2900.36,2948.18,3439.18,12862.86,False,False,nan,True,0.775,nan,91.8,False,0,COLLECTING,0,,0,,,,,1,63,119,30,60,0.9989604596779594,0.17320508075688776
2026-08-31T22:17:20.299,125879546,P037,rhythm_normal,NORMAL,,,,68,5431367,115250,119423,112490.95,116626.88,2759.05,2796.12,3278.42,12671.17,False,False,nan,True,0.775,nan,91.8,False,0,COLLECTING,0,,0,,,,,1,63,119,30,60,0.9989604596779594,0.17320508075688776
2026-08-31T22:17:20.309,125879562,P037,rhythm_normal,NORMAL,,,,69,5431407,115077,119153,112542.66,116677.41,2534.34,2475.59,3077.71,12479.3,False,False,nan,True,0.775,nan,91.8,False,0,COLLECTING,0,,0,,,,,1,63,119,30,60,0.9989604596779594,0.17320508075688776
2026-08-31T22:17:20.319,125879562,P037,rhythm_normal,NORMAL,,,,70,5431447,115041,119119,112592.63,116726.23,2448.37,2392.77,2906.47,12287.85,False,False,nan,True,0.775,nan,91.8,False,0,COLLECTING,0,,0,,,,,1,63,119,30,60,0.9989604596779594,0.17320508075688776
2026-08-31T22:17:20.342,125879593,P037,rhythm_normal,NORMAL,,,,71,5431487,115104,119305,112642.86,116777.81,2461.14,2527.19,2811.65,12098.32,False,False,nan,True,0.775,nan,91.8,False,0,COLLECTING,0,,0,,,,,1,63,119,30,60,0.9989604596779594,0.17320508075688776
2026-08-31T22:17:20.487,125879734,P037,rhythm_normal,NORMAL,,,,72,5431527,115211,119572,112694.22,116833.7,2516.78,2738.3,2793.32,11912.22,False,False,nan,True,0.775,nan,91.8,False,0,COLLECTING,0,,0,,,,,1,63,119,30,60,0.9989604596779594,0.17320508075688776
2026-08-31T22:17:20.499,125879750,P037,rhythm_normal,NORMAL,,,,73,5431567,115318,119852,112746.7,116894.06,2571.3,2957.94,2834.47,11730.67,False,False,nan,True,0.775,nan,91.8,False,0,COLLECTING,0,,0,,,,,1,63,119,30,60,0.9989604596779594,0.17320508075688776
2026-08-31T22:17:20.509,125879765,P037,rhythm_normal,NORMAL,,,,74,5431607,115430,120135,112800.36,116958.88,2629.64,3176.12,2919.88,11554.45,False,False,nan,True,0.775,nan,91.8,False,0,COLLECTING,0,,0,,,,,1,63,119,30,60,0.9989604596779594,0.17320508075688776
2026-08-31T22:17:20.518,125879765,P037,rhythm_normal,NORMAL,,,,75,5431647,115492,120332,112854.2,117026.34,2637.8,3305.66,3016.33,11383.69,False,False,nan,True,0.775,nan,91.8,False,0,COLLECTING,0,,0,,,,,1,63,119,30,60,0.9989604596779594,0.17320508075688776
2026-08-31T22:17:20.542,125879796,P037,rhythm_normal,NORMAL,,,,76,5431687,115527,120399,112907.65,117093.8,2619.35,3305.2,3088.55,11217.79,False,False,nan,True,0.775,nan,91.8,False,0,COLLECTING,0,,0,,,,,1,63,119,30,60,0.9989604596779594,0.17320508075688776
2026-08-31T22:17:20.689,125879937,P037,rhythm_normal,NORMAL,,,,77,5431727,115536,120414,112960.22,117160.2,2575.78,3253.8,3129.86,11056.03,False,False,nan,True,0.775,nan,91.8,False,0,COLLECTING,0,,0,,,,,1,63,119,30,60,0.999850488823204,0.17320508075688776
2026-08-31T22:17:20.699,125879953,P037,rhythm_normal,NORMAL,,,,78,5431767,115560,120489,113012.21,117226.78,2547.79,3262.22,3162.95,10898.17,False,False,nan,True,0.775,nan,91.8,False,0,COLLECTING,0,,0,,,,,1,63,119,30,60,0.999850488823204,0.17320508075688776
2026-08-31T22:17:20.710,125879968,P037,rhythm_normal,NORMAL,,,,79,5431807,115580,120558,113063.57,117293.41,2516.43,3264.59,3188.36,10743.97,False,False,nan,True,0.775,nan,91.8,False,0,COLLECTING,0,,0,,,,,1,63,119,30,60,0.999850488823204,0.17320508075688776
2026-08-31T22:17:20.720,125879968,P037,rhythm_normal,NORMAL,,,,80,5431847,115399,120215,113110.28,117351.84,2288.72,2863.16,3107.06,10591.23,False,False,nan,True,0.775,nan,91.8,False,0,COLLECTING,0,,0,,,,,1,63,119,30,60,0.999850488823204,0.17320508075688776
2026-08-31T22:17:20.743,125880000,P037,rhythm_normal,NORMAL,,,,81,5431887,114806,118984,113144.2,117384.48,1661.8,1599.52,2730.18,10434.01,False,False,nan,True,0.775,nan,91.8,False,0,COLLECTING,0,,0,,,,,1,63,119,30,60,0.999850488823204,0.17320508075688776
2026-08-31T22:17:20.888,125880140,P037,rhythm_normal,NORMAL,,,,82,5431927,114614,118560,113173.59,117407.98,1440.41,1152.02,2335.64,10272.04,False,False,nan,True,0.775,nan,91.8,False,0,COLLECTING,0,,0,,,,,1,63,119,30,60,0.999850488823204,0.17320508075688776
2026-08-31T22:17:20.899,125880156,P037,rhythm_normal,NORMAL,,,,83,5431967,114748,118858,113205.08,117436.98,1542.92,1421.02,2106.98,10108.74,False,False,nan,True,0.775,nan,91.8,False,0,COLLECTING,0,,0,,,,,1,63,119,30,60,0.999850488823204,0.17320508075688776
2026-08-31T22:17:20.909,125880156,P037,rhythm_normal,NORMAL,,,,84,5432007,114968,119333,113240.34,117474.91,1727.66,1858.09,2044.76,9947.46,False,False,nan,True,0.775,nan,91.8,False,0,COLLECTING,0,,0,,,,,1,63,119,30,60,0.999850488823204,0.17320508075688776
2026-08-31T22:17:20.918,125880171,P037,rhythm_normal,NORMAL,,,,85,5432047,115159,119779,113278.71,117520.98,1880.29,2258.02,2098.07,9790.47,False,False,nan,True,0.775,nan,91.8,False,0,COLLECTING,0,,0,,,,,1,63,119,30,60,0.999850488823204,0.17320508075688776
2026-08-31T22:17:20.942,125880187,P037,rhythm_normal,NORMAL,,,,86,5432087,115395,120294,113321.04,117576.45,2073.96,2717.55,2252.94,9639.72,False,False,nan,True,0.775,nan,91.8,False,0,COLLECTING,0,,0,,,,,1,63,119,30,60,0.999850488823204,0.17320508075688776
2026-08-31T22:17:21.088,125880343,P037,rhythm_normal,NORMAL,,,,87,5432127,115535,120582,113365.32,117636.55,2169.68,2945.45,2426.07,9495.45,False,False,nan,True,0.775,nan,91.8,False,0,COLLECTING,0,,0,,,,,1,63,119,30,60,0.999850488823204,0.17320508075688776
2026-08-31T22:17:21.099,125880343,P037,rhythm_normal,NORMAL,,,,88,5432167,115623,120748,113410.48,117698.78,2212.52,3049.22,2581.86,9357.18,False,False,nan,True,0.775,nan,91.8,False,0,COLLECTING,0,,0,,,,,1,63,119,30,60,0.999850488823204,0.17320508075688776
2026-08-31T22:17:21.111,125880359,P037,rhythm_normal,NORMAL,,,,89,5432207,115882,121267,113459.91,117770.15,2422.09,3496.85,2810.61,9226.25,False,False,nan,True,0.775,nan,91.8,False,0,COLLECTING,0,,0,,,,,1,63,119,30,60,0.999850488823204,0.17320508075688776
2026-08-31T22:17:21.118,125880375,P037,rhythm_normal,NORMAL,,,,90,5432247,116295,122104,113516.61,117856.83,2778.39,4247.17,3169.75,9105.12,False,False,nan,True,0.775,nan,91.8,False,0,COLLECTING,0,,0,,,,,1,63,119,30,60,0.999850488823204,0.17320508075688776
2026-08-31T22:17:21.145,125880390,P037,rhythm_normal,NORMAL,,,,91,5432287,116719,122998,113580.66,117959.65,3138.34,5038.35,3636.9,8995.75,False,False,nan,True,0.775,nan,91.8,False,0,COLLECTING,0,,0,,,,,1,63,119,30,60,0.999850488823204,0.17320508075688776
2026-08-31T22:17:21.288,125880546,P037,rhythm_normal,NORMAL,,,,92,5432327,117042,123689,113649.88,118074.23,3392.12,5614.77,4131.36,8898.46,False,False,nan,True,0.775,nan,91.8,False,0,COLLECTING,0,,0,,,,,1,63,119,30,60,0.999850488823204,0.17320508075688776
2026-08-31T22:17:21.299,125880546,P037,rhythm_normal,NORMAL,,,,93,5432367,117255,124124,113721.98,118195.23,3533.02,5928.77,4580.72,8812.11,False,False,nan,True,0.775,nan,91.8,False,0,COLLECTING,0,,0,,,,,1,63,119,30,60,0.999850488823204,0.17320508075688776
2026-08-31T22:17:21.310,125880562,P037,rhythm_normal,NORMAL,,,,94,5432417,117392,124439,113795.38,118320.1,3596.62,6118.9,4965.26,8735.17,False,False,nan,True,0.775,nan,91.8,False,0,COLLECTING,0,,0,,,,,1,63,119,30,60,0.999850488823204,0.17320508075688776
2026-08-31T22:17:21.318,125880562,P037,rhythm_normal,NORMAL,,,,95,5432447,117500,124672,113869.48,118447.14,3630.52,6224.86,5280.16,8666.07,False,False,nan,True,0.775,nan,91.8,False,0,COLLECTING,0,,0,,,,,1,63,119,30,60,0.999850488823204,0.17320508075688776
2026-08-31T22:17:21.351,125880609,P037,rhythm_normal,NORMAL,,,,96,5432497,117570,124866,113943.48,118575.52,3626.52,6290.48,5532.74,8603.41,False,False,nan,True,0.775,nan,91.8,False,0,COLLECTING,0,,0,,,,,1,63,119,30,60,0.999850488823204,0.17320508075688776
2026-08-31T22:17:21.489,125880734,P037,rhythm_normal,NORMAL,,,,97,5432537,117635,124979,114017.31,118703.59,3617.69,6275.41,5718.41,8545.71,False,False,nan,True,0.775,nan,91.8,False,0,COLLECTING,0,,0,,,,,1,63,119,30,60,0.9989604596779594,0.17320508075688776
2026-08-31T22:17:21.499,125880750,P037,rhythm_normal,NORMAL,,,,98,5432577,117676,125162,114090.48,118832.76,3585.52,6329.24,5871.12,8492.21,False,False,nan,True,0.775,nan,91.8,False,0,COLLECTING,0,,0,,,,,1,63,119,30,60,0.9989604596779594,0.17320508075688776
2026-08-31T22:17:21.510,125880765,P037,rhythm_normal,NORMAL,,,,99,5432617,117485,124609,114158.38,118948.28,3326.62,5660.72,5818.52,8438.74,True,False,nan,True,0.775,nan,91.8,False,0,COLLECTING,0,,0,,,,,1,63,119,30,60,0.9989604596779594,0.17320508075688776
2026-08-31T22:17:21.518,125880765,P037,rhythm_normal,NORMAL,,,,100,5432657,116581,122547,114206.83,119020.26,2374.17,3526.74,5245.57,8374.88,False,False,nan,True,0.775,nan,91.8,False,0,COLLECTING,0,,0,,,,,1,63,119,30,60,0.9989604596779594,0.17320508075688776
2026-08-31T22:17:21.552,125880796,P037,rhythm_normal,NORMAL,,,,101,5432697,116244,121763,114247.57,119075.11,1996.43,2687.89,4606.15,8299.5,False,False,nan,True,0.775,nan,91.8,False,0,COLLECTING,0,,0,,,,,1,63,119,30,60,0.9989604596779594,0.17320508075688776
2026-08-31T22:17:21.695,125880953,P037,rhythm_normal,NORMAL,,,,102,5432737,116556,122428,114293.74,119142.16,2262.26,3285.84,4276.07,8219.03,False,False,nan,True,0.775,nan,91.8,False,0,COLLECTING,0,,0,,,,,1,63,119,30,60,0.999850488823204,0.17320508075688776
2026-08-31T22:17:21.701,125880953,P037,rhythm_normal,NORMAL,,,,103,5432777,116869,123087,114345.25,119221.06,2523.75,3865.94,4173.54,8138.12,False,False,nan,True,0.775,nan,91.8,False,0,COLLECTING,0,,0,,,,,1,63,119,30,60,0.999850488823204,0.17320508075688776
2026-08-31T22:17:21.710,125880953,P037,rhythm_normal,NORMAL,,,,104,5432817,117142,123677,114401.19,119310.18,2740.81,4366.82,4221.86,8059.8,False,False,nan,True,0.775,nan,91.8,False,0,COLLECTING,0,,0,,,,,1,63,119,30,60,0.999850488823204,0.17320508075688776
2026-08-31T22:17:21.719,125880968,P037,rhythm_normal,NORMAL,,,,105,5432857,117347,124184,114460.1,119407.66,2886.9,4776.34,4360.48,7985.81,False,False,nan,True,0.775,nan,91.8,False,0,COLLECTING,0,,0,,,,,1,63,119,30,60,0.999850488823204,0.17320508075688776
2026-08-31T22:17:21.752,125881000,P037,rhythm_normal,NORMAL,,,,106,5432897,117479,124532,114520.48,119510.14,2958.52,5021.86,4525.83,7916.61,False,False,nan,True,0.775,nan,91.8,False,0,COLLECTING,0,,0,,,,,1,63,119,30,60,0.999850488823204,0.17320508075688776
2026-08-31T22:17:21.890,125881140,P037,rhythm_normal,NORMAL,,,,107,5432937,117577,124768,114581.61,119615.3,2995.39,5152.7,4682.55,7851.93,False,False,nan,True,0.775,nan,91.8,False,0,COLLECTING,0,,0,,,,,1,63,119,30,60,0.999850488823204,0.17320508075688776
2026-08-31T22:17:21.900,125881156,P037,rhythm_normal,NORMAL,,,,108,5432977,117644,124934,114642.86,119721.67,3001.14,5212.33,4814.99,7791.19,False,False,nan,True,0.775,nan,91.8,False,0,COLLECTING,0,,0,,,,,1,63,119,30,60,0.999850488823204,0.17320508075688776
2026-08-31T22:17:21.911,125881156,P037,rhythm_normal,NORMAL,,,,109,5433017,117736,125146,114704.72,119830.16,3031.28,5315.84,4940.2,7734.17,False,False,nan,True,0.775,nan,91.8,False,0,COLLECTING,0,,0,,,,,1,63,119,30,60,0.999850488823204,0.17320508075688776
2026-08-31T22:17:21.920,125881171,P037,rhythm_normal,NORMAL,,,,110,5433057,117846,125394,114767.55,119941.43,3078.45,5452.57,5068.3,7680.86,False,False,nan,True,0.775,nan,91.8,False,0,COLLECTING,0,,0,,,,,1,63,119,30,60,0.999850488823204,0.17320508075688776
2026-08-31T22:17:21.951,125881203,P037,rhythm_normal,NORMAL,,,,111,5433097,118002,125663,114832.23,120055.86,3169.77,5607.14,5203.01,7631.3,False,False,nan,True,0.775,nan,91.8,False,0,COLLECTING,0,,0,,,,,1,63,119,30,60,0.999850488823204,0.17320508075688776
2026-08-31T22:17:22.089,125881343,P037,rhythm_normal,NORMAL,,,,112,5433137,118075,125652,114897.09,120167.78,3177.91,5484.22,5273.31,7584.14,False,False,nan,True,0.775,nan,91.8,False,0,COLLECTING,0,,0,,,,,1,63,119,30,60,0.999850488823204,0.17320508075688776
2026-08-31T22:17:22.098,125881343,P037,rhythm_normal,NORMAL,,,,113,5433177,118070,125542,114960.55,120275.27,3109.45,5266.73,5271.67,7537.89,True,True,560.0,True,0.775,nan,91.8,False,0,COLLECTING,0,,0,,,,,1,63,119,30,60,0.999850488823204,0.17320508075688776
2026-08-31T22:17:22.111,125881359,P037,rhythm_normal,NORMAL,,,,114,5433217,118041,125490,115022.16,120379.56,3018.84,5110.44,5231.36,7491.76,False,False,nan,True,0.775,nan,91.8,False,0,COLLECTING,0,,0,,,,,1,63,119,30,60,0.999850488823204,0.17320508075688776
2026-08-31T22:17:22.118,125881375,P037,rhythm_normal,NORMAL,,,,115,5433257,118112,125648,115083.95,120484.93,3028.05,5163.07,5214.29,7446.21,False,False,nan,True,0.775,nan,91.8,False,0,COLLECTING,0,,0,,,,,1,63,119,30,60,0.999850488823204,0.17320508075688776
2026-08-31T22:17:22.153,125881406,P037,rhythm_normal,NORMAL,,,,116,5433297,117942,125286,115141.12,120580.95,2800.88,4705.05,5086.98,7399.03,False,False,nan,True,0.775,nan,91.8,False,0,COLLECTING,0,,0,,,,,1,63,119,30,60,0.999850488823204,0.17320508075688776
2026-08-31T22:17:22.288,125881531,P037,rhythm_normal,NORMAL,,,,117,5433337,116995,123181,115178.2,120632.95,1816.8,2548.05,4452.24,7340.09,False,False,nan,True,0.775,nan,91.8,False,0,COLLECTING,0,,0,,,,,2,63,119,30,60,0.9989604596779594,0.17320508075688776
2026-08-31T22:17:22.303,125881546,P037,rhythm_normal,NORMAL,,,,118,5433377,116608,122302,115206.79,120666.34,1401.21,1635.66,3748.1,7268.25,False,False,nan,True,0.775,nan,91.8,False,0,COLLECTING,0,,0,,,,,2,63,119,30,60,0.9989604596779594,0.17320508075688776
2026-08-31T22:17:22.311,125881562,P037,rhythm_normal,NORMAL,,,,119,5433417,116882,123035,115240.3,120713.71,1641.7,2321.29,3391.4,7190.71,False,False,nan,True,0.775,nan,91.8,False,0,COLLECTING,0,,0,,,,,2,63,119,30,60,0.9989604596779594,0.17320508075688776
2026-08-31T22:17:22.319,125881562,P037,rhythm_normal,NORMAL,,,,120,5433457,117255,123834,115280.59,120776.12,1974.41,3057.88,3308.02,7113.06,False,False,nan,True,0.775,nan,91.8,False,0,COLLECTING,0,,0,,,,,2,63,119,30,60,0.9989604596779594,0.17320508075688776
2026-08-31T22:17:22.354,125881609,P037,rhythm_normal,NORMAL,,,,121,5433497,117540,124488,115325.78,120850.35,2214.22,3637.65,3390.43,7038.61,False,False,nan,True,0.775,nan,91.8,False,0,COLLECTING,0,,0,,,,,2,63,119,30,60,0.9989604596779594,0.17320508075688776
2026-08-31T22:17:22.489,125881734,P037,rhythm_normal,NORMAL,,,,122,5433537,117725,124897,115373.77,120931.28,2351.23,3965.72,3534.25,6968.52,False,False,nan,True,0.775,nan,91.8,False,0,COLLECTING,0,,0,,,,,2,63,119,30,60,0.999850488823204,0.17320508075688776
2026-08-31T22:17:22.499,125881750,P037,rhythm_normal,NORMAL,,,,123,5433577,117639,124824,115419.07,121009.13,2219.93,3814.87,3604.4,6901.24,False,False,nan,True,0.775,nan,91.8,False,0,COLLECTING,0,,0,,,,,2,63,119,30,60,0.999850488823204,0.17320508075688776
2026-08-31T22:17:22.510,125881765,P037,rhythm_normal,NORMAL,,,,124,5433617,117486,124407,115460.41,121077.09,2025.59,3329.91,3535.78,6833.93,True,True,440.0,True,0.7,88.24,91.8,True,0,COLLECTING,0,,0,,,,,2,63,119,30,60,0.999850488823204,0.17320508075688776
2026-08-31T22:17:22.519,125881765,P037,rhythm_normal,NORMAL,,,,125,5433657,117472,124363,115500.64,121142.81,1971.36,3220.19,3456.88,6766.39,False,False,nan,True,0.7,88.24,91.8,True,0,COLLECTING,0,,0,,,,,2,63,119,30,60,0.999850488823204,0.17320508075688776
2026-08-31T22:17:22.552,125881796,P037,rhythm_normal,NORMAL,,,,126,5433697,117502,124496,115540.66,121209.88,1961.34,3286.12,3414.19,6699.34,False,False,nan,True,0.7,88.24,91.8,True,0,COLLECTING,0,,0,,,,,2,63,119,30,60,0.999850488823204,0.17320508075688776
2026-08-31T22:17:22.688,125881937,P037,rhythm_normal,NORMAL,,,,127,5433737,117578,124731,115581.41,121280.3,1996.59,3450.7,3423.32,6633.82,False,False,nan,True,0.7,88.24,91.8,True,0,COLLECTING,0,,0,,,,,3,63,119,30,60,0.999850488823204,0.17320508075688776
2026-08-31T22:17:22.699,125881953,P037,rhythm_normal,NORMAL,,,,128,5433777,117684,124971,115623.47,121354.11,2060.53,3616.89,3471.71,6570.58,False,False,nan,True,0.7,88.24,91.8,True,0,COLLECTING,0,,0,,,,,3,63,119,30,60,0.999850488823204,0.17320508075688776
2026-08-31T22:17:22.711,125881968,P037,rhythm_normal,NORMAL,,,,129,5433817,117750,125185,115666.0,121430.73,2084.0,3754.27,3542.35,6510.02,False,False,nan,True,0.7,88.24,91.8,True,0,COLLECTING,0,,0,,,,,3,63,119,30,60,0.999850488823204,0.17320508075688776
2026-08-31T22:17:22.720,125881968,P037,rhythm_normal,NORMAL,,,,130,5433857,117866,125414,115710.0,121510.39,2156.0,3903.61,3632.67,6452.47,False,False,nan,True,0.7,88.24,91.8,True,0,COLLECTING,0,,0,,,,,3,63,119,30,60,0.999850488823204,0.17320508075688776
2026-08-31T22:17:22.751,125882000,P037,rhythm_normal,NORMAL,,,,131,5433897,117869,125515,115753.18,121590.48,2115.82,3924.52,3705.63,6397.53,False,False,nan,True,0.7,88.24,91.8,True,0,COLLECTING,0,,0,,,,,3,63,119,30,60,0.999850488823204,0.17320508075688776
2026-08-31T22:17:22.888,125882140,P037,rhythm_normal,NORMAL,,,,132,5433937,117854,125527,115795.2,121669.21,2058.8,3857.79,3743.67,6344.46,False,False,nan,True,0.7,88.24,91.8,True,0,COLLECTING,0,,0,,,,,3,63,119,30,60,0.999850488823204,0.17320508075688776
2026-08-31T22:17:22.899,125882156,P037,rhythm_normal,NORMAL,,,,133,5433977,117812,125441,115835.53,121744.65,1976.47,3696.35,3731.84,6292.2,True,True,360.0,True,0.7,100.0,91.8,True,0,COLLECTING,0,,0,,,,,3,63,119,30,60,0.999850488823204,0.17320508075688776
2026-08-31T22:17:22.911,125882156,P037,rhythm_normal,NORMAL,,,,134,5434017,116997,123437,115858.76,121778.49,1138.24,1658.51,3213.51,6230.63,False,False,nan,True,0.7,100.0,91.8,True,0,COLLECTING,0,,0,,,,,3,63,119,30,60,0.999850488823204,0.17320508075688776
2026-08-31T22:17:22.920,125882171,P037,rhythm_normal,NORMAL,,,,135,5434057,115661,120811,115854.8,121759.14,-193.8,-948.14,2173.09,6149.48,False,False,nan,True,0.7,100.0,91.8,True,0,COLLECTING,0,,0,,,,,3,63,119,30,60,0.999850488823204,0.17320508075688776
2026-08-31T22:17:22.952,125882203,P037,rhythm_normal,NORMAL,,,,136,5434097,115406,120259,115845.83,121729.14,-439.83,-1470.14,1262.29,6051.73,False,False,nan,True,0.7,100.0,91.8,True,0,COLLECTING,0,,0,,,,,3,63,119,30,60,0.999850488823204,0.17320508075688776
2026-08-31T22:17:23.089,125882343,P037,rhythm_normal,NORMAL,,,,137,5434137,115714,120840,115843.2,121711.36,-129.2,-871.36,728.87,5945.28,False,False,nan,True,0.7,100.0,91.8,True,0,COLLECTING,0,,0,,,,,4,63,119,30,60,0.999850488823204,0.17320508075688776
2026-08-31T22:17:23.099,125882343,P037,rhythm_normal,NORMAL,,,,138,5434177,115936,121399,115845.05,121705.11,90.95,-306.11,470.13,5835.77,False,False,nan,True,0.7,100.0,91.8,True,0,COLLECTING,0,,0,,,,,4,63,119,30,60,0.999850488823204,0.17320508075688776
2026-08-31T22:17:23.110,125882359,P037,rhythm_normal,NORMAL,,,,139,5434217,116154,121726,115851.23,121705.52,302.77,20.48,357.72,5726.21,False,False,nan,True,0.7,100.0,91.8,True,0,COLLECTING,0,,0,,,,,4,63,119,30,60,0.999850488823204,0.17320508075688776
2026-08-31T22:17:23.119,125882375,P037,rhythm_normal,NORMAL,,,,140,5434257,116174,121925,115857.69,121709.91,316.31,215.09,322.06,5618.13,False,False,nan,True,0.7,100.0,91.8,True,0,COLLECTING,0,,0,,,,,4,63,119,30,60,0.999850488823204,0.17320508075688776
2026-08-31T22:17:23.152,125882406,P037,rhythm_normal,NORMAL,,,,141,5434297,116073,121657,115861.99,121708.86,211.01,-51.86,228.58,5510.34,False,False,nan,True,0.7,100.0,91.8,True,0,COLLECTING,0,,0,,,,,4,63,119,30,60,0.999850488823204,0.17320508075688776
2026-08-31T22:17:23.288,125882531,P037,rhythm_normal,NORMAL,,,,142,5434337,115971,121424,115864.17,121703.16,106.83,-279.16,101.64,5402.17,False,False,nan,True,0.7,100.0,91.8,True,0,COLLECTING,0,,0,,,,,4,63,119,30,60,0.999850488823204,0.17320508075688776
2026-08-31T22:17:23.299,125882546,P037,rhythm_normal,NORMAL,,,,143,5434377,116021,121560,115867.3,121700.3,153.7,-140.3,41.16,5294.95,False,False,nan,True,0.7,100.0,97.07,True,0,COLLECTING,0,,0,,,,,4,63,119,30,60,0.999850488823204,0.17320508075688776
2026-08-31T22:17:23.310,125882562,P037,rhythm_normal,NORMAL,,,,144,5434417,116177,121928,115873.5,121704.86,303.5,223.14,86.65,5190.78,False,False,nan,True,0.7,100.0,97.07,True,0,COLLECTING,0,,0,,,,,4,63,119,30,60,0.999850488823204,0.17320508075688776
2026-08-31T22:17:23.319,125882562,P037,rhythm_normal,NORMAL,,,,145,5434457,116369,122302,115883.41,121716.8,485.59,585.2,211.29,5091.19,False,False,nan,True,0.7,100.0,97.07,True,0,COLLECTING,0,,0,,,,,4,63,119,30,60,0.999850488823204,0.17320508075688776
2026-08-31T22:17:23.352,125882609,P037,rhythm_normal,NORMAL,,,,146,5434497,116489,122587,115895.52,121734.21,593.48,852.79,371.66,4996.8,False,False,nan,True,0.7,100.0,97.07,True,0,COLLECTING,0,,0,,,,,4,63,119,30,60,0.999850488823204,0.17320508075688776
2026-08-31T22:17:23.489,125882734,P037,rhythm_normal,NORMAL,,,,147,5434537,116511,122666,115907.83,121752.84,603.17,913.16,507.04,4907.0,False,False,nan,True,0.7,100.0,97.07,True,0,COLLECTING,0,,0,,,,,4,63,119,30,60,0.999850488823204,0.17320508075688776
2026-08-31T22:17:23.499,125882750,P037,rhythm_normal,NORMAL,,,,148,5434577,116570,122861,115921.07,121775.01,648.93,1085.99,651.78,4821.9,False,False,nan,True,0.7,100.0,97.07,True,0,COLLECTING,0,,0,,,,,4,63,119,30,60,0.999850488823204,0.17320508075688776
2026-08-31T22:17:23.510,125882765,P037,rhythm_normal,NORMAL,,,,149,5434617,116707,123108,115936.79,121801.66,770.21,1306.34,815.42,4741.77,False,False,nan,True,0.7,100.0,97.07,True,0,COLLECTING,0,,0,,,,,4,63,119,30,60,0.999850488823204,0.17320508075688776
2026-08-31T22:17:23.519,125882765,P037,rhythm_normal,NORMAL,,,,150,5434657,116731,123208,115952.67,121829.79,778.33,1378.21,956.11,4666.06,False,False,nan,True,0.7,100.0,97.07,True,0,COLLECTING,0,,0,,,,,4,63,119,30,60,0.999850488823204,0.17320508075688776
2026-08-31T22:17:23.553,125882812,P037,rhythm_normal,NORMAL,,,,151,5434697,116284,122267,115959.3,121838.53,324.7,428.47,824.2,4589.22,False,False,nan,True,0.7,100.0,97.07,True,0,COLLECTING,0,,0,,,,,4,63,119,30,60,0.999850488823204,0.17320508075688776
2026-08-31T22:17:23.689,125882937,P037,rhythm_normal,NORMAL,,,,152,5434737,115123,119799,115942.57,121797.74,-819.57,-1998.74,118.47,4499.8,False,False,nan,True,0.7,100.0,97.07,True,0,COLLECTING,0,,0,,,,,4,63,119,30,60,0.999850488823204,0.17320508075688776
2026-08-31T22:17:23.700,125882953,P037,rhythm_normal,NORMAL,,,,153,5434777,114823,119221,115920.18,121746.21,-1097.18,-2525.21,-542.45,4420.66,False,False,nan,True,0.7,100.0,97.07,True,0,COLLECTING,0,,0,,,,,4,63,119,30,60,0.999850488823204,0.17320508075688776
2026-08-31T22:17:23.711,125882968,P037,rhythm_normal,NORMAL,,,,154,5434817,115020,119619,115902.18,121703.66,-882.18,-2084.66,-928.01,4350.8,False,False,nan,True,0.7,100.0,97.07,True,0,COLLECTING,0,,0,,,,,4,63,119,30,60,0.999850488823204,0.17320508075688776
2026-08-31T22:17:23.720,125882968,P037,rhythm_normal,NORMAL,,,,155,5434857,115303,120232,115890.2,121674.23,-587.2,-1442.23,-1056.56,4284.92,False,False,nan,True,0.7,100.0,97.07,True,0,COLLECTING,0,,0,,,,,4,63,119,30,60,0.999850488823204,0.17320508075688776
2026-08-31T22:17:23.752,125883000,P037,rhythm_normal,NORMAL,,,,156,5434897,115533,120785,115883.05,121656.45,-350.05,-871.45,-1010.29,4219.43,False,False,nan,True,0.7,100.0,97.07,True,0,COLLECTING,0,,0,,,,,4,63,119,30,60,0.999850488823204,0.17320508075688776
2026-08-31T22:17:23.888,125883140,P037,rhythm_normal,NORMAL,,,,157,5434937,115697,121081,115879.34,121644.95,-182.34,-563.95,-898.7,4153.01,False,False,nan,True,0.7,100.0,97.07,True,0,COLLECTING,0,,0,,,,,4,63,119,30,60,0.999850488823204,0.17320508075688776
2026-08-31T22:17:23.899,125883156,P037,rhythm_normal,NORMAL,,,,158,5434977,115590,120906,115873.55,121630.16,-283.55,-724.16,-855.07,4087.05,False,False,nan,True,0.7,100.0,97.07,True,0,COLLECTING,0,,0,,,,,4,63,119,30,60,0.999850488823204,0.17320508075688776
2026-08-31T22:17:23.910,125883156,P037,rhythm_normal,NORMAL,,,,159,5435017,115427,120565,115864.62,121608.86,-437.62,-1043.86,-902.26,4023.36,False,False,nan,True,0.7,100.0,97.07,True,0,COLLECTING,0,,0,,,,,4,63,119,30,60,0.999850488823204,0.17320508075688776
2026-08-31T22:17:23.920,125883171,P037,rhythm_normal,NORMAL,,,,160,5435057,115347,120394,115854.27,121584.56,-507.27,-1190.56,-974.34,3962.38,False,False,nan,True,0.7,100.0,97.07,True,0,COLLECTING,0,,0,,,,,4,63,119,30,60,0.999850488823204,0.17320508075688776
2026-08-31T22:17:23.952,125883203,P037,rhythm_normal,NORMAL,,,,161,5435097,115309,120356,115843.36,121559.99,-534.36,-1203.99,-1031.75,3903.76,False,False,nan,True,0.7,100.0,97.07,True,0,COLLECTING,0,,0,,,,,4,63,119,30,60,0.999850488823204,0.17320508075688776
2026-08-31T22:17:24.088,125883343,P037,rhythm_normal,NORMAL,,,,162,5435137,115344,120460,115833.38,121537.99,-489.38,-1077.99,-1043.31,3846.56,False,False,nan,True,0.7,100.0,97.07,True,0,COLLECTING,0,,0,,,,,4,63,119,30,60,0.999850488823204,0.17320508075688776
2026-08-31T22:17:24.099,125883343,P037,rhythm_normal,NORMAL,,,,163,5435177,115430,120632,115825.3,121519.88,-395.3,-887.88,-1004.45,3789.71,False,False,nan,True,0.7,100.0,97.07,True,0,COLLECTING,0,,0,,,,,4,63,119,30,60,0.999850488823204,0.17320508075688776
2026-08-31T22:17:24.110,125883359,P037,rhythm_normal,NORMAL,,,,164,5435217,115512,120828,115819.04,121506.04,-307.04,-678.04,-922.85,3732.38,False,False,nan,True,0.7,100.0,97.07,True,0,COLLECTING,0,,0,,,,,4,63,119,30,60,0.999850488823204,0.17320508075688776
2026-08-31T22:17:24.120,125883375,P037,rhythm_normal,NORMAL,,,,165,5435257,115643,121113,115815.52,121498.18,-172.52,-385.18,-788.43,3673.5,False,False,nan,True,0.7,100.0,97.07,True,0,COLLECTING,0,,0,,,,,4,63,119,30,60,0.999850488823204,0.17320508075688776
2026-08-31T22:17:24.152,125883406,P037,rhythm_normal,NORMAL,,,,166,5435297,115865,121597,115816.51,121500.16,48.49,96.84,-567.11,3611.37,False,False,nan,True,0.7,100.0,97.07,True,0,COLLECTING,0,,0,,,,,4,63,119,30,60,0.999850488823204,0.17320508075688776
2026-08-31T22:17:24.289,125883546,P037,rhythm_normal,NORMAL,,,,167,5435337,116022,121912,115820.62,121508.39,201.38,403.61,-324.43,3545.63,False,False,nan,True,0.7,100.0,97.07,True,0,COLLECTING,0,,0,,,,,4,63,119,30,60,0.999850488823204,0.17320508075688776
2026-08-31T22:17:24.299,125883546,P037,rhythm_normal,NORMAL,,,,168,5435377,115691,121265,115818.02,121503.52,-127.02,-238.52,-302.96,3480.78,False,False,nan,True,0.7,100.0,97.07,True,0,COLLECTING,0,,0,,,,,4,63,119,30,60,0.999850488823204,0.17320508075688776
2026-08-31T22:17:24.311,125883562,P037,rhythm_normal,NORMAL,,,,169,5435417,114783,119392,115797.32,121461.3,-1014.32,-2069.3,-744.54,3426.05,False,False,nan,True,0.7,100.0,97.07,True,0,COLLECTING,0,,0,,,,,4,63,119,30,60,0.999850488823204,0.17320508075688776
2026-08-31T22:17:24.320,125883578,P037,rhythm_normal,NORMAL,,,,170,5435457,114661,119125,115774.59,121414.57,-1113.59,-2289.57,-1130.8,3380.15,False,False,nan,True,0.7,100.0,97.07,True,0,COLLECTING,0,,0,,,,,4,63,119,30,60,0.999850488823204,0.17320508075688776
2026-08-31T22:17:24.353,125883609,P037,rhythm_normal,NORMAL,,,,171,5435497,114949,119694,115758.08,121380.16,-809.08,-1686.16,-1269.64,3337.94,False,False,nan,True,0.7,100.0,97.07,True,0,COLLECTING,0,,0,,,,,4,63,119,30,60,0.999850488823204,0.17320508075688776
2026-08-31T22:17:24.490,125883734,P037,rhythm_normal,NORMAL,,,,172,5435537,115280,120374,115748.52,121360.03,-468.52,-986.03,-1198.74,3295.15,False,False,nan,True,0.7,100.0,97.07,True,0,COLLECTING,0,,0,,,,,4,63,119,30,60,0.999850488823204,0.17320508075688776
2026-08-31T22:17:24.499,125883750,P037,rhythm_normal,NORMAL,,,,173,5435577,115492,120838,115743.38,121349.59,-251.38,-511.59,-1026.95,3249.79,False,False,nan,True,0.7,100.0,97.07,True,0,COLLECTING,0,,0,,,,,4,63,119,30,60,0.999850488823204,0.17320508075688776
2026-08-31T22:17:24.511,125883765,P037,rhythm_normal,NORMAL,,,,174,5435617,115667,121198,115741.85,121346.56,-74.85,-148.56,-807.35,3200.94,False,False,nan,True,0.7,100.0,97.07,True,0,COLLECTING,0,,0,,,,,4,63,119,30,60,0.999850488823204,0.17320508075688776
2026-08-31T22:17:24.520,125883765,P037,rhythm_normal,NORMAL,,,,175,5435657,115479,120848,115736.59,121336.59,-257.59,-488.59,-727.66,3151.48,False,False,nan,True,0.7,100.0,97.07,True,0,COLLECTING,0,,0,,,,,4,63,119,30,60,0.999850488823204,0.17320508075688776
2026-08-31T22:17:24.552,125883796,P037,rhythm_normal,NORMAL,,,,176,5435697,115252,120389,115726.9,121317.64,-474.9,-928.64,-777.91,3104.0,False,False,nan,True,0.7,100.0,97.07,True,0,COLLECTING,0,,0,,,,,4,63,119,30,60,0.999850488823204,0.17320508075688776
2026-08-31T22:17:24.699,125883953,P037,rhythm_normal,NORMAL,,,,177,5435737,115301,120484,115718.38,121300.97,-417.38,-816.97,-787.67,3057.68,False,False,nan,True,0.7,100.0,97.07,True,0,COLLECTING,0,,0,,,,,4,63,119,30,60,0.999850488823204,0.17320508075688776
2026-08-31T22:17:24.706,125883953,P037,rhythm_normal,NORMAL,,,,178,5435777,115444,120796,115712.9,121290.87,-268.9,-494.87,-714.47,3010.81,False,False,nan,True,0.7,100.0,97.07,True,0,COLLECTING,0,,0,,,,,4,63,119,30,60,0.999850488823204,0.17320508075688776
2026-08-31T22:17:24.714,125883968,P037,rhythm_normal,NORMAL,,,,179,5435817,115573,121053,115710.1,121286.11,-137.1,-233.11,-594.13,2962.48,False,False,nan,True,0.7,100.0,97.07,True,0,COLLECTING,0,,0,,,,,4,63,119,30,60,0.999850488823204,0.17320508075688776
2026-08-31T22:17:24.722,125883968,P037,rhythm_normal,NORMAL,,,,180,5435857,115654,121249,115708.98,121285.37,-54.98,-36.37,-454.69,2912.32,False,False,nan,True,0.7,100.0,97.07,True,0,COLLECTING,0,,0,,,,,4,63,119,30,60,0.999850488823204,0.17320508075688776
2026-08-31T22:17:24.752,125884000,P037,rhythm_normal,NORMAL,,,,181,5435897,115675,121313,115708.3,121285.92,-33.3,27.08,-334.25,2860.76,False,False,nan,True,0.7,100.0,97.07,True,0,COLLECTING,0,,0,,,,,4,63,119,30,60,0.999850488823204,0.17320508075688776
2026-08-31T22:17:24.891,125884140,P037,rhythm_normal,NORMAL,,,,182,5435937,115780,121534,115709.73,121290.88,70.27,243.12,-189.91,2807.34,False,False,nan,True,0.7,100.0,97.07,True,0,COLLECTING,0,,0,,,,,4,63,119,30,60,0.999850488823204,0.17320508075688776
2026-08-31T22:17:24.899,125884156,P037,rhythm_normal,NORMAL,,,,183,5435977,115865,121713,115712.84,121299.33,152.16,413.67,-39.01,2751.98,False,False,nan,True,0.7,100.0,97.07,True,0,COLLECTING,0,,0,,,,,4,63,119,30,60,0.999850488823204,0.17320508075688776
2026-08-31T22:17:24.911,125884156,P037,rhythm_normal,NORMAL,,,,184,5436017,115688,121353,115712.34,121300.4,-24.34,52.6,-16.11,2697.26,False,False,nan,True,0.7,100.0,97.07,True,0,COLLECTING,0,,0,,,,,4,63,119,30,60,0.999850488823204,0.17320508075688776
2026-08-31T22:17:24.920,125884171,P037,rhythm_normal,NORMAL,,,,185,5436057,114762,119441,115693.33,121263.21,-931.33,-1822.21,-467.63,2652.67,False,False,nan,True,0.7,100.0,97.07,True,0,COLLECTING,0,,0,,,,,4,63,119,30,60,0.999850488823204,0.17320508075688776
2026-08-31T22:17:24.953,125884203,P037,rhythm_normal,NORMAL,,,,186,5436097,114449,118827,115668.45,121214.48,-1219.45,-2387.48,-947.6,2618.57,False,False,nan,True,0.7,100.0,97.07,True,0,COLLECTING,0,,0,,,,,4,63,119,30,60,0.999850488823204,0.17320508075688776
2026-08-31T22:17:25.088,125884343,P037,rhythm_normal,NORMAL,,,,187,5436137,114635,119183,115647.77,121173.85,-1012.77,-1990.85,-1208.41,2590.36,False,False,nan,True,0.7,100.0,97.07,True,0,COLLECTING,0,,0,,,,,4,63,119,30,60,0.999850488823204,0.17320508075688776
2026-08-31T22:17:25.098,125884343,P037,rhythm_normal,NORMAL,,,,188,5436177,114914,119756,115633.1,121145.49,-719.1,-1389.49,-1253.68,2563.63,False,False,nan,True,0.7,100.0,97.07,True,0,COLLECTING,0,,0,,,,,4,63,119,30,60,0.999850488823204,0.17320508075688776
2026-08-31T22:17:25.111,125884359,P037,rhythm_normal,NORMAL,,,,189,5436217,115129,120197,115623.02,121126.52,-494.02,-929.52,-1172.64,2535.81,False,False,nan,True,0.7,100.0,97.07,True,0,COLLECTING,0,,0,,,,,4,63,119,30,60,0.999850488823204,0.17320508075688776
2026-08-31T22:17:25.120,125884375,P037,rhythm_normal,NORMAL,,,,190,5436257,115261,120485,115615.78,121113.7,-354.78,-628.7,-1036.66,2505.83,False,False,nan,True,0.7,100.0,97.07,True,0,COLLECTING,0,,0,,,,,4,63,119,30,60,0.999850488823204,0.17320508075688776
2026-08-31T22:17:25.154,125884406,P037,rhythm_normal,NORMAL,,,,191,5436297,115101,120181,115605.48,121095.04,-504.48,-914.04,-1006.0,2475.83,False,False,nan,True,0.7,100.0,97.07,True,0,COLLECTING,0,,0,,,,,4,63,119,30,60,0.999850488823204,0.17320508075688776
2026-08-31T22:17:25.287,125884531,P037,rhythm_normal,NORMAL,,,,192,5436337,115001,120003,115593.4,121073.2,-592.4,-1070.2,-1022.05,2446.76,False,False,nan,True,0.7,100.0,97.07,True,0,COLLECTING,0,,0,,,,,4,63,119,30,60,0.999850488823204,0.17320508075688776
2026-08-31T22:17:25.299,125884546,P037,rhythm_normal,NORMAL,,,,193,5436377,115035,120074,115582.23,121053.21,-547.23,-979.21,-1011.34,2418.05,False,False,nan,True,0.7,100.0,97.07,True,0,COLLECTING,0,,0,,,,,4,63,119,30,60,0.999850488823204,0.17320508075688776
2026-08-31T22:17:25.310,125884562,P037,rhythm_normal,NORMAL,,,,194,5436417,115096,120222,115572.51,121036.59,-476.51,-814.59,-962.15,2388.93,False,False,nan,True,0.7,100.0,97.07,True,0,COLLECTING,0,,0,,,,,4,63,119,30,60,0.999850488823204,0.17320508075688776
2026-08-31T22:17:25.320,125884578,P037,rhythm_normal,NORMAL,,,,195,5436457,115271,120577,115566.48,121027.39,-295.48,-450.39,-834.21,2357.83,False,False,nan,True,0.7,100.0,97.07,True,0,COLLECTING,0,,0,,,,,4,63,119,30,60,0.999850488823204,0.17320508075688776
2026-08-31T22:17:25.353,125884609,P037,rhythm_normal,NORMAL,,,,196,5436497,115412,120890,115563.39,121024.64,-151.39,-134.64,-659.32,2323.86,False,False,nan,True,0.7,100.0,97.07,True,0,COLLECTING,0,,0,,,,,4,63,119,30,60,0.999850488823204,0.17320508075688776
2026-08-31T22:17:25.489,125884734,P037,rhythm_normal,NORMAL,,,,197,5436537,115488,121047,115561.88,121025.09,-73.88,21.91,-489.01,2287.17,False,False,nan,True,0.7,100.0,97.07,True,0,COLLECTING,0,,0,,,,,4,63,119,30,60,0.999850488823204,0.17320508075688776
2026-08-31T22:17:25.500,125884750,P037,rhythm_normal,NORMAL,,,,198,5436577,115538,121177,115561.41,121028.12,-23.41,148.88,-329.54,2248.01,False,False,nan,True,0.7,100.0,97.07,True,0,COLLECTING,0,,0,,,,,4,63,119,30,60,0.999850488823204,0.17320508075688776
2026-08-31T22:17:25.511,125884765,P037,rhythm_normal,NORMAL,,,,199,5436617,115569,121257,115561.55,121032.7,7.45,224.3,-191.08,2206.88,False,False,nan,True,0.7,100.0,97.07,True,0,COLLECTING,0,,0,,,,,4,63,119,30,60,0.999850488823204,0.17320508075688776
2026-08-31T22:17:25.520,125884765,P037,rhythm_normal,NORMAL,,,,200,5436657,115123,120333,115552.78,121018.71,-429.78,-685.71,-314.74,2169.03,False,False,nan,True,0.7,100.0,97.07,True,0,COLLECTING,0,,0,,,,,4,63,119,30,60,0.999850488823204,0.17320508075688776
2026-08-31T22:17:25.552,125884796,P037,rhythm_normal,NORMAL,,,,201,5436697,114351,118788,115528.74,120974.09,-1177.74,-2186.09,-782.58,2141.3,False,False,nan,True,0.7,100.0,97.07,True,0,COLLECTING,0,,0,,,,,4,63,119,30,60,0.999850488823204,0.17320508075688776
2026-08-31T22:17:25.687,125884937,P037,rhythm_normal,NORMAL,,,,202,5436737,114308,118699,115504.33,120928.59,-1196.33,-2229.59,-1144.33,2121.36,False,False,nan,True,0.7,100.0,97.07,True,0,COLLECTING,0,,0,,,,,4,63,119,30,60,0.999850488823204,0.17320508075688776
2026-08-31T22:17:25.698,125884953,P037,rhythm_normal,NORMAL,,,,203,5436777,114532,119143,115484.88,120892.88,-952.88,-1749.88,-1295.72,2104.85,False,False,nan,True,0.7,100.0,97.07,True,0,COLLECTING,0,,0,,,,,4,63,119,30,60,0.999850488823204,0.17320508075688776
2026-08-31T22:17:25.710,125884968,P037,rhythm_normal,NORMAL,,,,204,5436817,114796,119667,115471.1,120868.37,-675.1,-1201.37,-1272.13,2088.2,False,False,nan,True,0.7,100.0,97.07,True,0,COLLECTING,0,,0,,,,,4,63,119,30,60,0.999850488823204,0.17320508075688776
2026-08-31T22:17:25.721,125884968,P037,rhythm_normal,NORMAL,,,,205,5436857,115008,120122,115461.84,120853.44,-453.84,-731.44,-1136.96,2069.17,False,False,nan,True,0.7,100.0,97.07,True,0,COLLECTING,0,,0,,,,,4,63,119,30,60,0.999850488823204,0.17320508075688776
2026-08-31T22:17:25.752,125885000,P037,rhythm_normal,NORMAL,,,,206,5436897,115072,120274,115454.04,120841.85,-382.04,-567.85,-994.68,2047.68,False,False,nan,True,0.7,100.0,97.07,True,0,COLLECTING,0,,0,,,,,4,63,119,30,60,0.999850488823204,0.17320508075688776
2026-08-31T22:17:25.888,125885140,P037,rhythm_normal,NORMAL,,,,207,5436937,114983,120105,115444.62,120827.12,-461.62,-722.12,-926.54,2025.26,False,False,nan,True,0.7,100.0,97.07,True,0,COLLECTING,0,,0,,,,,4,63,119,30,60,0.999850488823204,0.17320508075688776
2026-08-31T22:17:25.899,125885156,P037,rhythm_normal,NORMAL,,,,208,5436977,114890,119936,115433.52,120809.3,-543.52,-873.3,-913.23,2003.02,False,False,nan,True,0.7,100.0,97.07,True,0,COLLECTING,0,,0,,,,,4,63,119,30,60,0.999850488823204,0.17320508075688776
2026-08-31T22:17:25.911,125885156,P037,rhythm_normal,NORMAL,,,,209,5437017,115050,120249,115425.85,120798.09,-375.85,-549.09,-822.2,1979.4,False,False,nan,True,0.7,100.0,97.07,True,0,COLLECTING,0,,0,,,,,4,63,119,30,60,0.999850488823204,0.17320508075688776
2026-08-31T22:17:25.921,125885171,P037,rhythm_normal,NORMAL,,,,210,5437057,115271,120708,115422.76,120796.29,-151.76,-88.29,-638.72,1952.59,False,False,nan,True,0.7,100.0,97.07,True,0,COLLECTING,0,,0,,,,,4,63,119,30,60,0.999850488823204,0.17320508075688776
2026-08-31T22:17:25.953,125885203,P037,rhythm_normal,NORMAL,,,,211,5437097,115408,121000,115422.46,120800.36,-14.46,199.64,-429.13,1922.12,False,False,nan,True,0.7,100.0,97.07,True,0,COLLECTING,0,,0,,,,,4,63,119,30,60,0.999850488823204,0.17320508075688776
2026-08-31T22:17:26.090,125885343,P037,rhythm_normal,NORMAL,,,,212,5437137,115472,121167,115423.45,120807.7,48.55,359.3,-232.02,1888.32,False,False,nan,True,0.7,100.0,97.07,True,0,COLLECTING,0,,0,,,,,4,63,119,30,60,0.999850488823204,0.17320508075688776
2026-08-31T22:17:26.099,125885343,P037,rhythm_normal,NORMAL,,,,213,5437177,115538,121321,115425.74,120817.96,112.26,503.04,-48.26,1851.52,False,False,nan,True,0.7,100.0,97.07,True,0,COLLECTING,0,,0,,,,,4,63,119,30,60,0.999850488823204,0.17320508075688776
2026-08-31T22:17:26.111,125885359,P037,rhythm_normal,NORMAL,,,,214,5437217,115604,121463,115429.3,120830.86,174.7,632.14,121.84,1816.92,False,False,nan,True,0.7,100.0,97.07,True,0,COLLECTING,0,,0,,,,,4,63,119,30,60,0.999850488823204,0.17320508075688776
2026-08-31T22:17:26.120,125885375,P037,rhythm_normal,NORMAL,,,,215,5437257,115607,121478,115432.86,120843.8,174.14,634.2,249.93,1785.58,False,False,nan,True,0.7,100.0,97.07,True,0,COLLECTING,0,,0,,,,,4,63,119,30,60,0.999850488823204,0.17320508075688776
2026-08-31T22:17:26.152,125885406,P037,rhythm_normal,NORMAL,,,,216,5437297,115012,120269,115424.45,120832.31,-412.45,-563.31,46.62,1750.8,False,False,nan,True,0.7,100.0,97.07,True,0,COLLECTING,0,,0,,,,,4,63,119,30,60,0.999850488823204,0.17320508075688776
2026-08-31T22:17:26.288,125885546,P037,rhythm_normal,NORMAL,,,,217,5437337,114248,118727,115400.91,120790.2,-1152.91,-2063.2,-480.84,1725.4,False,False,nan,True,0.7,100.0,97.07,True,0,COLLECTING,0,,0,,,,,4,63,119,30,60,0.999850488823204,0.17320508075688776
2026-08-31T22:17:26.299,125885546,P037,rhythm_normal,NORMAL,,,,218,5437377,114276,118760,115378.41,120749.6,-1102.41,-1989.6,-858.03,1708.06,False,False,nan,True,0.7,100.0,97.07,True,0,COLLECTING,0,,0,,,,,4,63,119,30,60,0.999850488823204,0.17320508075688776
2026-08-31T22:17:26.310,125885562,P037,rhythm_normal,NORMAL,,,,219,5437417,114496,119184,115360.77,120718.29,-864.77,-1534.29,-1027.09,1694.44,False,False,nan,True,0.7,100.0,97.07,True,0,COLLECTING,0,,0,,,,,4,63,119,30,60,0.999850488823204,0.17320508075688776
2026-08-31T22:17:26.321,125885578,P037,rhythm_normal,NORMAL,,,,220,5437457,114739,119681,115348.33,120697.55,-609.33,-1016.55,-1024.46,1681.04,False,False,nan,True,0.7,100.0,97.07,True,0,COLLECTING,0,,0,,,,,4,63,119,30,60,0.999850488823204,0.17320508075688776
2026-08-31T22:17:26.352,125885609,P037,rhythm_normal,NORMAL,,,,221,5437497,114922,120074,115339.8,120685.08,-417.8,-611.08,-921.11,1665.84,False,False,nan,True,0.7,100.0,97.07,True,0,COLLECTING,0,,0,,,,,4,63,119,30,60,0.999850488823204,0.17320508075688776
2026-08-31T22:17:26.487,125885734,P037,rhythm_normal,NORMAL,,,,222,5437537,114912,120075,115331.25,120672.88,-419.25,-597.88,-840.3,1649.33,False,False,nan,True,0.7,100.0,97.07,True,0,COLLECTING,0,,0,,,,,4,63,119,30,60,0.999850488823204,0.17320508075688776
2026-08-31T22:17:26.500,125885750,P037,rhythm_normal,NORMAL,,,,223,5437577,114733,119717,115319.28,120653.76,-586.28,-936.76,-864.42,1633.63,False,False,nan,True,0.7,100.0,97.07,True,0,COLLECTING,0,,0,,,,,4,63,119,30,60,0.999850488823204,0.17320508075688776
2026-08-31T22:17:26.510,125885765,P037,rhythm_normal,NORMAL,,,,224,5437617,114700,119659,115306.9,120633.86,-606.9,-974.86,-892.03,1618.8,False,False,nan,True,0.7,100.0,97.07,True,0,COLLECTING,0,,0,,,,,4,63,119,30,60,0.999850488823204,0.17320508075688776
2026-08-31T22:17:26.519,125885765,P037,rhythm_normal,NORMAL,,,,225,5437657,114871,120005,115298.18,120621.28,-427.18,-616.28,-823.09,1602.88,False,False,nan,True,0.7,100.0,97.07,True,0,COLLECTING,0,,0,,,,,4,63,119,30,60,0.999850488823204,0.17320508075688776
2026-08-31T22:17:26.553,125885796,P037,rhythm_normal,NORMAL,,,,226,5437697,115040,120358,115293.02,120616.02,-253.02,-258.02,-681.82,1584.46,False,False,nan,True,0.7,100.0,97.07,True,0,COLLECTING,0,,0,,,,,4,63,119,30,60,0.999850488823204,0.17320508075688776
2026-08-31T22:17:26.688,125885937,P037,rhythm_normal,NORMAL,,,,227,5437737,115121,120546,115289.58,120614.62,-168.58,-68.62,-528.52,1563.34,False,False,nan,True,0.7,100.0,97.07,True,0,COLLECTING,0,,0,,,,,4,63,119,30,60,0.999850488823204,0.17320508075688776
2026-08-31T22:17:26.699,125885953,P037,rhythm_normal,NORMAL,,,,228,5437777,115229,120784,115288.37,120618.01,-59.37,165.99,-354.89,1539.18,False,False,nan,True,0.7,100.0,97.07,True,0,COLLECTING,0,,0,,,,,4,63,119,30,60,0.999850488823204,0.17320508075688776
2026-08-31T22:17:26.710,125885968,P037,rhythm_normal,NORMAL,,,,229,5437817,115289,120933,115288.38,120624.3,0.62,308.7,-189.0,1512.17,False,False,nan,True,0.7,100.0,97.07,True,0,COLLECTING,0,,0,,,,,4,63,119,30,60,0.999850488823204,0.17320508075688776
2026-08-31T22:17:26.718,125885968,P037,rhythm_normal,NORMAL,,,,230,5437857,115362,121098,115289.85,120633.78,72.15,464.22,-25.69,1482.44,False,False,nan,True,0.7,100.0,97.07,True,0,COLLECTING,0,,0,,,,,4,63,119,30,60,0.999850488823204,0.17320508075688776
2026-08-31T22:17:26.752,125886000,P037,rhythm_normal,NORMAL,,,,231,5437897,115408,121198,115292.21,120645.06,115.79,552.94,118.97,1455.17,False,False,nan,True,0.7,100.0,97.07,True,0,COLLECTING,0,,0,,,,,4,63,119,30,60,0.999850488823204,0.17320508075688776
2026-08-31T22:17:26.887,125886140,P037,rhythm_normal,NORMAL,,,,232,5437937,115062,120496,115287.61,120642.08,-225.61,-146.08,52.7,1427.12,False,False,nan,True,0.7,100.0,97.07,True,0,COLLECTING,0,,0,,,,,4,63,119,30,60,0.999850488823204,0.17320508075688776
2026-08-31T22:17:26.898,125886156,P037,rhythm_normal,NORMAL,,,,233,5437977,114239,118826,115266.64,120605.76,-1027.64,-1779.76,-405.41,1406.69,False,False,nan,True,0.7,100.0,97.07,True,0,COLLECTING,0,,0,,,,,4,63,119,30,60,0.999850488823204,0.17320508075688776
2026-08-31T22:17:26.912,125886156,P037,rhythm_normal,NORMAL,,,,234,5438017,114146,118659,115244.23,120566.82,-1098.23,-1907.82,-781.01,1394.18,False,False,nan,True,0.7,100.0,97.07,True,0,COLLECTING,0,,0,,,,,4,63,119,30,60,0.999850488823204,0.17320508075688776
2026-08-31T22:17:26.919,125886171,P037,rhythm_normal,NORMAL,,,,235,5438057,114396,119146,115227.27,120538.41,-831.27,-1392.41,-933.86,1384.97,False,False,nan,True,0.7,100.0,97.07,True,0,COLLECTING,0,,0,,,,,4,63,119,30,60,0.999850488823204,0.17320508075688776
2026-08-31T22:17:26.952,125886203,P037,rhythm_normal,NORMAL,,,,236,5438097,114635,119622,115215.42,120520.08,-580.42,-898.08,-924.92,1375.77,False,False,nan,True,0.7,100.0,97.07,True,0,COLLECTING,0,,0,,,,,4,63,119,30,60,0.999850488823204,0.17320508075688776
2026-08-31T22:17:27.087,125886343,P037,rhythm_normal,NORMAL,,,,237,5438137,114859,120078,115208.3,120511.23,-349.3,-433.23,-802.0,1364.29,False,False,nan,True,0.7,100.0,97.07,True,0,COLLECTING,0,,0,,,,,4,63,119,30,60,0.999850488823204,0.17320508075688776
2026-08-31T22:17:27.099,125886343,P037,rhythm_normal,NORMAL,,,,238,5438177,114909,120198,115202.31,120504.97,-293.31,-306.97,-678.24,1350.57,False,False,nan,True,0.7,100.0,97.07,True,0,COLLECTING,0,,0,,,,,4,63,119,30,60,0.999850488823204,0.17320508075688776
2026-08-31T22:17:27.110,125886359,P037,rhythm_normal,NORMAL,,,,239,5438217,114712,119830,115192.51,120491.47,-480.51,-661.47,-674.05,1337.04,False,False,nan,True,0.7,100.0,97.07,True,0,COLLECTING,0,,0,,,,,4,63,119,30,60,0.999850488823204,0.17320508075688776
2026-08-31T22:17:27.120,125886375,P037,rhythm_normal,NORMAL,,,,240,5438257,114641,119682,115181.48,120475.28,-540.48,-793.28,-703.85,1324.38,False,False,nan,True,0.7,100.0,97.07,True,0,COLLECTING,0,,0,,,,,4,63,119,30,60,0.999850488823204,0.17320508075688776
2026-08-31T22:17:27.153,125886406,P037,rhythm_normal,NORMAL,,,,241,5438297,114768,119931,115173.21,120464.4,-405.21,-533.4,-661.24,1311.11,False,False,nan,True,0.7,100.0,97.07,True,0,COLLECTING,0,,0,,,,,4,63,119,30,60,0.999850488823204,0.17320508075688776
2026-08-31T22:17:27.288,125886531,P037,rhythm_normal,NORMAL,,,,242,5438337,114905,120238,115167.84,120459.87,-262.84,-221.87,-551.4,1295.92,False,False,nan,True,0.7,100.0,97.07,True,0,COLLECTING,0,,0,,,,,4,63,119,30,60,0.999850488823204,0.17320508075688776
2026-08-31T22:17:27.299,125886546,P037,rhythm_normal,NORMAL,,,,243,5438377,115064,120578,115165.77,120462.23,-101.77,115.77,-384.6,1277.69,False,False,nan,True,0.7,100.0,95.14,True,0,COLLECTING,0,,0,,,,,4,63,119,30,60,0.999850488823204,0.17320508075688776
2026-08-31T22:17:27.310,125886562,P037,rhythm_normal,NORMAL,,,,244,5438417,115201,120865,115166.47,120470.28,34.53,394.72,-189.77,1255.94,False,False,nan,True,0.7,100.0,95.14,True,0,COLLECTING,0,,0,,,,,4,63,119,30,60,0.999850488823204,0.17320508075688776
2026-08-31T22:17:27.319,125886562,P037,rhythm_normal,NORMAL,,,,245,5438457,115220,120924,115167.54,120479.36,52.46,444.64,-31.17,1231.44,False,False,nan,True,0.7,100.0,95.14,True,0,COLLECTING,0,,0,,,,,4,63,119,30,60,0.999850488823204,0.17320508075688776
2026-08-31T22:17:27.353,125886609,P037,rhythm_normal,NORMAL,,,,246,5438497,115332,121162,115170.83,120493.02,161.17,668.98,143.87,1209.69,False,False,nan,True,0.7,100.0,95.14,True,0,COLLECTING,0,,0,,,,,4,63,119,30,60,0.999850488823204,0.17320508075688776
2026-08-31T22:17:27.488,125886734,P037,rhythm_normal,NORMAL,,,,247,5438537,115435,121404,115176.11,120511.23,258.89,892.77,331.09,1192.12,False,False,nan,True,0.7,100.0,95.14,True,0,COLLECTING,0,,0,,,,,4,63,119,30,60,0.999850488823204,0.17320508075688776
2026-08-31T22:17:27.499,125886750,P037,rhythm_normal,NORMAL,,,,248,5438577,115375,121266,115180.09,120526.33,194.91,739.67,433.24,1176.94,False,False,nan,True,0.7,100.0,95.14,True,0,COLLECTING,0,,0,,,,,4,63,119,30,60,0.999850488823204,0.17320508075688776
2026-08-31T22:17:27.509,125886765,P037,rhythm_normal,NORMAL,,,,249,5438617,114552,119617,115167.52,120508.14,-615.52,-891.14,102.14,1155.44,True,False,nan,True,0.7,100.0,95.14,True,0,COLLECTING,0,,0,,,,,4,63,119,30,60,0.999850488823204,0.17320508075688776
2026-08-31T22:17:27.518,125886765,P037,rhythm_normal,NORMAL,,,,250,5438657,114114,118735,115146.45,120472.68,-1032.45,-1737.68,-357.81,1139.49,False,False,nan,True,0.7,100.0,95.14,True,0,COLLECTING,0,,0,,,,,4,63,119,30,60,0.999850488823204,0.17320508075688776
2026-08-31T22:17:27.552,125886796,P037,rhythm_normal,NORMAL,,,,251,5438697,114290,119065,115129.32,120444.52,-839.32,-1379.52,-613.24,1128.97,False,False,nan,True,0.7,100.0,95.14,True,0,COLLECTING,0,,0,,,,,4,63,119,30,60,0.999850488823204,0.17320508075688776
2026-08-31T22:17:27.695,125886953,P037,rhythm_normal,NORMAL,,,,252,5438737,114564,119647,115118.02,120428.57,-554.02,-781.57,-655.32,1119.49,False,False,nan,True,0.7,100.0,95.14,True,0,COLLECTING,0,,0,,,,,4,63,119,30,60,0.9989604596779594,0.17320508075688776
2026-08-31T22:17:27.703,125886953,P037,rhythm_normal,NORMAL,,,,253,5438777,114742,119992,115110.49,120419.84,-368.49,-427.84,-598.45,1109.07,False,False,nan,True,0.7,100.0,95.14,True,0,COLLECTING,0,,0,,,,,4,63,119,30,60,0.9989604596779594,0.17320508075688776
2026-08-31T22:17:27.711,125886968,P037,rhythm_normal,NORMAL,,,,254,5438817,114788,120114,115104.04,120413.72,-316.04,-299.72,-523.77,1097.37,False,False,nan,True,0.7,100.0,95.14,True,0,COLLECTING,0,,0,,,,,4,63,119,30,60,0.9989604596779594,0.17320508075688776
2026-08-31T22:17:27.720,125886968,P037,rhythm_normal,NORMAL,,,,255,5438857,114564,119672,115093.24,120398.88,-529.24,-726.88,-574.55,1086.91,False,False,nan,True,0.7,100.0,95.14,True,0,COLLECTING,0,,0,,,,,4,63,119,30,60,0.9989604596779594,0.17320508075688776
2026-08-31T22:17:27.753,125887000,P037,rhythm_normal,NORMAL,,,,256,5438897,114384,119322,115079.05,120377.34,-695.05,-1055.34,-694.75,1079.07,False,False,nan,True,0.7,100.0,95.14,True,0,COLLECTING,0,,0,,,,,4,63,119,30,60,0.9989604596779594,0.17320508075688776
2026-08-31T22:17:27.888,125887140,P037,rhythm_normal,NORMAL,,,,257,5438937,114554,119651,115068.55,120362.82,-514.55,-711.82,-699.01,1071.47,False,False,nan,True,0.7,100.0,95.14,True,0,COLLECTING,0,,0,,,,,4,63,119,30,60,0.999850488823204,0.17320508075688776
2026-08-31T22:17:27.899,125887156,P037,rhythm_normal,NORMAL,,,,258,5438977,114919,120346,115065.56,120362.48,-146.56,-16.48,-528.38,1060.6,False,False,nan,True,0.7,100.0,95.14,True,0,COLLECTING,0,,0,,,,,4,63,119,30,60,0.999850488823204,0.17320508075688776
2026-08-31T22:17:27.910,125887156,P037,rhythm_normal,NORMAL,,,,259,5439017,115347,121265,115071.19,120380.53,275.81,884.47,-175.17,1042.89,False,False,nan,True,0.7,100.0,95.14,True,0,COLLECTING,0,,0,,,,,4,63,119,30,60,0.999850488823204,0.17320508075688776
2026-08-31T22:17:27.919,125887171,P037,rhythm_normal,NORMAL,,,,260,5439057,115824,122277,115086.24,120418.46,737.76,1858.54,333.26,1028.7,False,False,nan,True,0.7,100.0,95.14,True,0,COLLECTING,0,,0,,,,,4,63,119,30,60,0.999850488823204,0.17320508075688776
2026-08-31T22:17:27.952,125887203,P037,rhythm_normal,NORMAL,,,,261,5439097,116187,122990,115108.26,120469.89,1078.74,2520.11,879.97,1025.73,False,False,nan,True,0.7,100.0,95.14,True,0,COLLECTING,0,,0,,,,,4,63,119,30,60,0.999850488823204,0.17320508075688776
2026-08-31T22:17:28.087,125887343,P037,rhythm_normal,NORMAL,,,,262,5439137,116395,123422,115133.99,120528.93,1261.01,2893.07,1383.25,1032.88,False,False,nan,True,0.7,100.0,95.14,True,0,COLLECTING,0,,0,,,,,4,63,119,30,60,0.999850488823204,0.17320508075688776
2026-08-31T22:17:28.099,125887343,P037,rhythm_normal,NORMAL,,,,263,5439177,116565,123781,115162.61,120593.97,1402.39,3187.03,1834.19,1048.9,False,False,nan,True,0.7,100.0,95.14,True,0,COLLECTING,0,,0,,,,,4,63,119,30,60,0.999850488823204,0.17320508075688776
2026-08-31T22:17:28.110,125887359,P037,rhythm_normal,NORMAL,,,,264,5439217,116585,123833,115191.05,120658.75,1393.95,3174.25,2169.21,1071.31,False,False,nan,True,0.7,100.0,95.14,True,0,COLLECTING,0,,0,,,,,4,63,119,30,60,0.999850488823204,0.17320508075688776
2026-08-31T22:17:28.121,125887375,P037,rhythm_normal,NORMAL,,,,265,5439257,115857,122262,115204.38,120690.81,652.62,1571.19,2019.7,1090.28,True,True,640.0,True,0.7,98.68,95.14,True,0,COLLECTING,0,,0,,,,,4,63,119,30,60,0.999850488823204,0.17320508075688776
2026-08-31T22:17:28.153,125887406,P037,rhythm_normal,NORMAL,,,,266,5439297,114611,119727,115192.51,120671.54,-581.51,-944.54,1278.64,1094.05,False,False,nan,True,0.7,98.68,95.14,True,0,COLLECTING,0,,0,,,,,4,63,119,30,60,0.999850488823204,0.17320508075688776
2026-08-31T22:17:28.288,125887546,P037,rhythm_normal,NORMAL,,,,267,5439337,114397,119299,115176.6,120644.09,-779.6,-1345.09,622.71,1084.62,False,False,nan,True,0.7,98.68,95.14,True,0,COLLECTING,0,,0,,,,,5,63,119,30,60,0.9989604596779594,0.17320508075688776
2026-08-31T22:17:28.299,125887546,P037,rhythm_normal,NORMAL,,,,268,5439387,114639,119760,115165.85,120626.41,-526.85,-866.41,250.43,1067.93,False,False,nan,True,0.7,98.68,95.14,True,0,COLLECTING,0,,0,,,,,5,63,119,30,60,0.9989604596779594,0.17320508075688776
2026-08-31T22:17:28.311,125887562,P037,rhythm_normal,NORMAL,,,,269,5439427,114905,120330,115160.63,120620.48,-255.63,-290.48,115.2,1048.88,False,False,nan,True,0.7,98.68,95.14,True,0,COLLECTING,0,,0,,,,,5,63,119,30,60,0.9989604596779594,0.17320508075688776
2026-08-31T22:17:28.319,125887562,P037,rhythm_normal,NORMAL,,,,270,5439467,115083,120736,115159.08,120622.79,-76.08,113.21,114.71,1030.2,False,False,nan,True,0.7,98.68,95.14,True,0,COLLECTING,0,,0,,,,,5,63,119,30,60,0.9989604596779594,0.17320508075688776
2026-08-31T22:17:28.363,125887609,P037,rhythm_normal,NORMAL,,,,271,5439507,114984,120505,115155.58,120620.43,-171.58,-115.43,57.17,1010.74,False,False,nan,True,0.7,98.68,95.14,True,0,COLLECTING,0,,0,,,,,5,63,119,30,60,0.9989604596779594,0.17320508075688776
2026-08-31T22:17:28.488,125887734,P037,rhythm_normal,NORMAL,,,,272,5439547,114719,119970,115146.84,120607.42,-427.84,-637.42,-116.48,992.85,False,False,nan,True,0.7,98.68,95.14,True,0,COLLECTING,0,,0,,,,,5,63,119,30,60,0.999850488823204,0.17320508075688776
2026-08-31T22:17:28.498,125887750,P037,rhythm_normal,NORMAL,,,,273,5439587,114639,119806,115136.69,120591.39,-497.69,-785.39,-283.71,978.67,False,False,nan,True,0.7,98.68,95.14,True,0,COLLECTING,0,,0,,,,,5,63,119,30,60,0.999850488823204,0.17320508075688776
2026-08-31T22:17:28.512,125887765,P037,rhythm_normal,NORMAL,,,,274,5439627,114764,120052,115129.23,120580.6,-365.23,-528.6,-344.93,965.99,False,False,nan,True,0.7,98.68,95.14,True,0,COLLECTING,0,,0,,,,,5,63,119,30,60,0.999850488823204,0.17320508075688776
2026-08-31T22:17:28.519,125887765,P037,rhythm_normal,NORMAL,,,,275,5439667,114912,120358,115124.89,120576.15,-212.89,-218.15,-313.23,952.94,False,False,nan,True,0.7,98.68,95.14,True,0,COLLECTING,0,,0,,,,,5,63,119,30,60,0.999850488823204,0.17320508075688776
2026-08-31T22:17:28.562,125887812,P037,rhythm_normal,NORMAL,,,,276,5439707,115011,120625,115122.61,120577.12,-111.61,47.88,-222.96,938.34,False,False,nan,True,0.7,98.68,95.14,True,0,COLLECTING,0,,0,,,,,5,63,119,30,60,0.999850488823204,0.17320508075688776
2026-08-31T22:17:28.689,125887937,P037,rhythm_normal,NORMAL,,,,277,5439747,115054,120658,115121.23,120578.74,-67.23,79.26,-147.4,922.52,False,False,nan,True,0.7,98.68,95.14,True,0,COLLECTING,0,,0,,,,,5,63,119,30,60,0.999850488823204,0.17320508075688776
2026-08-31T22:17:28.701,125887953,P037,rhythm_normal,NORMAL,,,,278,5439787,115070,120713,115120.21,120581.43,-50.21,131.57,-77.66,905.62,False,False,nan,True,0.7,98.68,95.14,True,0,COLLECTING,0,,0,,,,,5,63,119,30,60,0.999850488823204,0.17320508075688776
2026-08-31T22:17:28.711,125887968,P037,rhythm_normal,NORMAL,,,,279,5439827,115115,120813,115120.11,120586.06,-5.11,226.94,-1.51,887.54,False,False,nan,True,0.7,98.68,95.14,True,0,COLLECTING,0,,0,,,,,5,63,119,30,60,0.999850488823204,0.17320508075688776
2026-08-31T22:17:28.718,125887968,P037,rhythm_normal,NORMAL,,,,280,5439867,114988,120545,115117.47,120585.24,-129.47,-40.24,-11.19,870.01,False,False,nan,True,0.7,98.68,95.14,True,0,COLLECTING,0,,0,,,,,5,63,119,30,60,0.999850488823204,0.17320508075688776
2026-08-31T22:17:28.763,125888015,P037,rhythm_normal,NORMAL,,,,281,5439907,114300,119218,115101.12,120557.9,-801.12,-1339.9,-343.37,859.48,False,False,nan,True,0.7,98.68,95.14,True,0,COLLECTING,0,,0,,,,,5,63,119,30,60,0.999850488823204,0.17320508075688776
2026-08-31T22:17:28.887,125888140,P037,rhythm_normal,NORMAL,,,,282,5439947,113965,118530,115078.4,120517.34,-1113.4,-1987.34,-754.36,857.38,False,False,nan,True,0.7,98.68,95.14,True,0,COLLECTING,0,,0,,,,,5,63,119,30,60,0.999850488823204,0.17320508075688776
2026-08-31T22:17:28.899,125888156,P037,rhythm_normal,NORMAL,,,,283,5439987,114065,118660,115058.13,120480.2,-993.13,-1820.2,-1020.82,860.65,False,False,nan,True,0.7,98.68,95.14,True,0,COLLECTING,0,,0,,,,,5,63,119,30,60,0.999850488823204,0.17320508075688776
2026-08-31T22:17:28.910,125888156,P037,rhythm_normal,NORMAL,,,,284,5440027,114279,119151,115042.55,120453.61,-763.55,-1302.61,-1091.27,865.26,False,False,nan,True,0.7,98.68,95.14,True,0,COLLECTING,0,,0,,,,,5,63,119,30,60,0.999850488823204,0.17320508075688776
2026-08-31T22:17:28.920,125888171,P037,rhythm_normal,NORMAL,,,,285,5440067,114474,119507,115031.18,120434.68,-557.18,-927.68,-1050.37,868.96,False,False,nan,True,0.7,98.68,95.14,True,0,COLLECTING,0,,0,,,,,5,63,119,30,60,0.999850488823204,0.17320508075688776
2026-08-31T22:17:28.963,125888218,P037,rhythm_normal,NORMAL,,,,286,5440107,114642,119832,115023.4,120422.62,-381.4,-590.62,-935.43,870.29,False,False,nan,True,0.7,98.68,95.14,True,0,COLLECTING,0,,0,,,,,5,63,119,30,60,0.999850488823204,0.17320508075688776
2026-08-31T22:17:29.087,125888343,P037,rhythm_normal,NORMAL,,,,287,5440147,114481,119552,115012.55,120405.21,-531.55,-853.21,-914.88,871.18,False,False,nan,True,0.7,98.68,95.14,True,0,COLLECTING,0,,0,,,,,5,63,119,30,60,0.999850488823204,0.17320508075688776
2026-08-31T22:17:29.101,125888359,P037,rhythm_normal,NORMAL,,,,288,5440187,114292,119258,114998.13,120382.27,-706.13,-1124.27,-967.23,873.1,False,False,nan,True,0.7,98.68,95.14,True,0,COLLECTING,0,,0,,,,,5,63,119,30,60,0.999850488823204,0.17320508075688776
2026-08-31T22:17:29.110,125888359,P037,rhythm_normal,NORMAL,,,,289,5440227,114378,119403,114985.73,120362.68,-607.73,-959.68,-965.34,874.95,False,False,nan,True,0.7,98.68,95.14,True,0,COLLECTING,0,,0,,,,,5,63,119,30,60,0.999850488823204,0.17320508075688776
2026-08-31T22:17:29.118,125888375,P037,rhythm_normal,NORMAL,,,,290,5440267,114549,119744,114976.99,120350.3,-427.99,-606.3,-875.58,874.96,False,False,nan,True,0.7,98.68,95.14,True,0,COLLECTING,0,,0,,,,,5,63,119,30,60,0.999850488823204,0.17320508075688776
2026-08-31T22:17:29.162,125888406,P037,rhythm_normal,NORMAL,,,,291,5440307,114660,120092,114970.66,120345.14,-310.66,-253.14,-719.97,871.86,False,False,nan,True,0.7,98.68,95.14,True,0,COLLECTING,0,,0,,,,,5,63,119,30,60,0.999850488823204,0.17320508075688776
2026-08-31T22:17:29.287,125888531,P037,rhythm_normal,NORMAL,,,,292,5440347,114763,120233,114966.5,120342.9,-203.5,-109.9,-567.45,865.77,False,False,nan,True,0.7,98.68,95.14,True,0,COLLECTING,0,,0,,,,,5,63,119,30,60,0.999850488823204,0.17320508075688776
2026-08-31T22:17:29.299,125888546,P037,rhythm_normal,NORMAL,,,,293,5440387,114856,120453,114964.29,120345.1,-108.29,107.9,-398.61,856.43,False,False,nan,True,0.7,98.68,95.14,True,0,COLLECTING,0,,0,,,,,5,63,119,30,60,0.999850488823204,0.17320508075688776
2026-08-31T22:17:29.311,125888562,P037,rhythm_normal,NORMAL,,,,294,5440427,114902,120566,114963.05,120349.52,-61.05,216.48,-244.84,844.2,False,False,nan,True,0.7,98.68,95.14,True,0,COLLECTING,0,,0,,,,,5,63,119,30,60,0.999850488823204,0.17320508075688776
2026-08-31T22:17:29.318,125888562,P037,rhythm_normal,NORMAL,,,,295,5440467,114873,120558,114961.24,120353.69,-88.24,204.31,-132.55,829.97,False,False,nan,True,0.7,98.68,95.14,True,0,COLLECTING,0,,0,,,,,5,63,119,30,60,0.999850488823204,0.17320508075688776
2026-08-31T22:17:29.363,125888609,P037,rhythm_normal,NORMAL,,,,296,5440507,114602,119930,114954.05,120345.21,-352.05,-415.21,-203.22,817.43,False,False,nan,True,0.7,98.68,95.14,True,0,COLLECTING,0,,0,,,,,5,63,119,30,60,0.999850488823204,0.17320508075688776
2026-08-31T22:17:29.488,125888734,P037,rhythm_normal,NORMAL,,,,297,5440547,113896,118564,114932.89,120309.59,-1036.89,-1745.59,-588.81,812.86,False,False,nan,True,0.7,98.68,95.14,True,0,COLLECTING,0,,0,,,,,5,63,119,30,60,0.999850488823204,0.17320508075688776
2026-08-31T22:17:29.499,125888750,P037,rhythm_normal,NORMAL,,,,298,5440587,113781,118311,114909.85,120269.62,-1128.85,-1958.62,-931.26,815.23,False,False,nan,True,0.7,98.68,95.14,True,0,COLLECTING,0,,0,,,,,5,63,119,30,60,0.999850488823204,0.17320508075688776
2026-08-31T22:17:29.510,125888765,P037,rhythm_normal,NORMAL,,,,299,5440627,113952,118645,114890.7,120237.12,-938.7,-1592.12,-1096.48,820.85,False,False,nan,True,0.7,98.68,95.14,True,0,COLLECTING,0,,0,,,,,5,63,119,30,60,0.999850488823204,0.17320508075688776
2026-08-31T22:17:29.519,125888765,P037,rhythm_normal,NORMAL,,,,300,5440667,114158,119033,114876.04,120213.04,-718.04,-1180.04,-1117.37,826.78,False,False,nan,True,0.7,98.68,95.14,True,0,COLLECTING,0,,0,,,,,5,63,119,30,60,0.999850488823204,0.17320508075688776
2026-08-31T22:17:29.562,125888812,P037,rhythm_normal,NORMAL,,,,301,5440707,114279,119317,114864.1,120195.12,-585.1,-878.12,-1057.55,831.4,False,False,nan,True,0.7,98.68,95.14,True,0,COLLECTING,0,,0,,,,,5,63,119,30,60,0.999850488823204,0.17320508075688776
2026-08-31T22:17:29.688,125888937,P037,rhythm_normal,NORMAL,,,,302,5440747,114287,119361,114852.56,120178.44,-565.56,-817.44,-997.53,834.72,False,False,nan,True,0.7,98.68,95.14,True,0,COLLECTING,0,,0,,,,,5,63,119,30,60,0.999850488823204,0.17320508075688776
2026-08-31T22:17:29.699,125888953,P037,rhythm_normal,NORMAL,,,,303,5440787,114179,119073,114839.09,120156.33,-660.09,-1083.33,-1018.98,838.4,False,False,nan,True,0.7,98.68,95.14,True,0,COLLECTING,0,,0,,,,,5,63,119,30,60,0.999850488823204,0.17320508075688776
2026-08-31T22:17:29.710,125888968,P037,rhythm_normal,NORMAL,,,,304,5440827,114110,118946,114824.52,120132.12,-714.52,-1186.12,-1060.76,842.85,False,False,nan,True,0.7,98.68,95.14,True,0,COLLECTING,0,,0,,,,,5,63,119,30,60,0.999850488823204,0.17320508075688776
2026-08-31T22:17:29.719,125888968,P037,rhythm_normal,NORMAL,,,,305,5440867,114212,119134,114812.27,120112.16,-600.27,-978.16,-1040.11,846.8,False,False,nan,True,0.7,98.68,95.14,True,0,COLLECTING,0,,0,,,,,5,63,119,30,60,0.999850488823204,0.17320508075688776
2026-08-31T22:17:29.762,125889015,P037,rhythm_normal,NORMAL,,,,306,5440907,114341,119374,114802.84,120097.4,-461.84,-723.4,-960.93,849.08,False,False,nan,True,0.7,98.68,95.14,True,0,COLLECTING,0,,0,,,,,5,63,119,30,60,0.999850488823204,0.17320508075688776
2026-08-31T22:17:29.888,125889140,P037,rhythm_normal,NORMAL,,,,307,5440947,114375,119587,114794.29,120087.19,-419.29,-500.19,-845.75,849.01,False,False,nan,True,0.7,98.68,95.14,True,0,COLLECTING,0,,0,,,,,5,63,119,30,60,0.999850488823204,0.17320508075688776
2026-08-31T22:17:29.898,125889156,P037,rhythm_normal,NORMAL,,,,308,5440987,114506,119747,114788.52,120080.38,-282.52,-333.38,-717.66,846.39,False,False,nan,True,0.7,98.68,95.14,True,0,COLLECTING,0,,0,,,,,5,63,119,30,60,0.999850488823204,0.17320508075688776
2026-08-31T22:17:29.910,125889156,P037,rhythm_normal,NORMAL,,,,309,5441027,114555,119877,114783.85,120076.31,-228.85,-199.31,-588.07,841.22,False,False,nan,True,0.7,98.68,95.14,True,0,COLLECTING,0,,0,,,,,5,63,119,30,60,0.999850488823204,0.17320508075688776
2026-08-31T22:17:29.920,125889171,P037,rhythm_normal,NORMAL,,,,310,5441067,114640,120018,114780.98,120075.15,-140.98,-57.15,-455.34,833.5,False,False,nan,True,0.7,98.68,95.14,True,0,COLLECTING,0,,0,,,,,5,63,119,30,60,0.999850488823204,0.17320508075688776
2026-08-31T22:17:29.962,125889218,P037,rhythm_normal,NORMAL,,,,311,5441107,114732,120197,114780.0,120077.59,-48.0,119.41,-311.65,823.06,False,False,nan,True,0.7,98.68,95.14,True,0,COLLECTING,0,,0,,,,,5,63,119,30,60,0.999850488823204,0.17320508075688776
2026-08-31T22:17:30.088,125889343,P037,rhythm_normal,NORMAL,,,,312,5441147,114449,119786,114773.38,120071.76,-324.38,-285.76,-305.18,812.71,False,False,nan,True,0.7,98.68,95.14,True,0,COLLECTING,0,,0,,,,,5,63,119,30,60,1.0002499687578101,0.17320508075688776
2026-08-31T22:17:30.099,125889343,P037,rhythm_normal,NORMAL,,,,313,5441187,113874,118444,114755.4,120039.2,-881.4,-1595.2,-627.68,809.01,False,False,nan,True,0.7,98.68,95.14,True,0,COLLECTING,0,,0,,,,,5,63,119,30,60,1.0002499687578101,0.17320508075688776
2026-08-31T22:17:30.112,125889359,P037,rhythm_normal,NORMAL,,,,314,5441227,113660,118064,114733.49,119999.7,-1073.49,-1935.7,-954.69,811.92,False,False,nan,True,0.7,98.68,95.14,True,0,COLLECTING,0,,0,,,,,5,63,119,30,60,1.0002499687578101,0.17320508075688776
2026-08-31T22:17:30.120,125889375,P037,rhythm_normal,NORMAL,,,,315,5441267,113788,118331,114714.59,119966.32,-926.59,-1635.32,-1124.85,818.18,False,False,nan,True,0.7,98.68,95.14,True,0,COLLECTING,0,,0,,,,,5,63,119,30,60,1.0002499687578101,0.17320508075688776
2026-08-31T22:17:30.163,125889421,P037,rhythm_normal,NORMAL,,,,316,5441307,113959,118706,114699.48,119941.12,-740.48,-1235.12,-1152.41,824.86,False,False,nan,True,0.7,98.68,95.14,True,0,COLLECTING,0,,0,,,,,5,63,119,30,60,1.0002499687578101,0.17320508075688776
2026-08-31T22:17:30.288,125889546,P037,rhythm_normal,NORMAL,,,,317,5441347,114147,119020,114688.43,119922.7,-541.43,-902.7,-1089.98,830.17,False,False,nan,True,0.7,98.68,95.14,True,0,COLLECTING,0,,0,,,,,5,63,119,30,60,0.999850488823204,0.17320508075688776
2026-08-31T22:17:30.299,125889546,P037,rhythm_normal,NORMAL,,,,318,5441387,114158,119125,114677.82,119906.74,-519.82,-781.74,-1012.92,833.82,False,False,nan,True,0.7,98.68,95.14,True,0,COLLECTING,0,,0,,,,,5,63,119,30,60,0.999850488823204,0.17320508075688776
2026-08-31T22:17:30.310,125889562,P037,rhythm_normal,NORMAL,,,,319,5441427,114016,118870,114664.59,119886.01,-648.59,-1016.01,-1013.69,837.42,False,False,nan,True,0.7,98.68,95.14,True,0,COLLECTING,0,,0,,,,,5,63,119,30,60,0.999850488823204,0.17320508075688776
2026-08-31T22:17:30.320,125889578,P037,rhythm_normal,NORMAL,,,,320,5441467,113921,118726,114649.71,119862.8,-728.71,-1136.8,-1044.47,841.56,False,False,nan,True,0.7,98.68,95.14,True,0,COLLECTING,0,,0,,,,,5,63,119,30,60,0.999850488823204,0.17320508075688776
2026-08-31T22:17:30.362,125889609,P037,rhythm_normal,NORMAL,,,,321,5441507,113997,118840,114636.66,119842.35,-639.66,-1002.35,-1033.94,845.41,False,False,nan,True,0.7,98.68,95.14,True,0,COLLECTING,0,,0,,,,,5,63,119,30,60,0.999850488823204,0.17320508075688776
2026-08-31T22:17:30.488,125889734,P037,rhythm_normal,NORMAL,,,,322,5441547,114124,119095,114626.41,119827.41,-502.41,-732.41,-958.56,847.67,False,False,nan,True,0.7,98.68,95.14,True,0,COLLECTING,0,,0,,,,,5,63,119,30,60,0.999850488823204,0.17320508075688776
2026-08-31T22:17:30.499,125889750,P037,rhythm_normal,NORMAL,,,,323,5441587,114243,119337,114618.73,119817.6,-375.73,-480.6,-839.07,847.5,False,False,nan,True,0.7,98.68,95.14,True,0,COLLECTING,0,,0,,,,,5,63,119,30,60,0.999850488823204,0.17320508075688776
2026-08-31T22:17:30.510,125889765,P037,rhythm_normal,NORMAL,,,,324,5441627,114316,119487,114612.68,119810.99,-296.68,-323.99,-710.3,844.75,False,False,nan,True,0.7,98.68,95.14,True,0,COLLECTING,0,,0,,,,,5,63,119,30,60,0.999850488823204,0.17320508075688776
2026-08-31T22:17:30.519,125889765,P037,rhythm_normal,NORMAL,,,,325,5441667,114340,119571,114607.23,119806.2,-267.23,-235.2,-591.52,839.69,False,False,nan,True,0.7,98.68,95.14,True,0,COLLECTING,0,,0,,,,,5,63,119,30,60,0.999850488823204,0.17320508075688776
2026-08-31T22:17:30.562,125889812,P037,rhythm_normal,NORMAL,,,,326,5441707,114412,119669,114603.32,119803.45,-191.32,-134.45,-477.26,832.44,False,False,nan,True,0.7,98.68,95.14,True,0,COLLECTING,0,,0,,,,,5,63,119,30,60,0.999850488823204,0.17320508075688776
2026-08-31T22:17:30.698,125889953,P037,rhythm_normal,NORMAL,,,,327,5441747,114467,119801,114600.59,119803.41,-133.59,-2.41,-358.54,822.96,False,False,nan,True,0.7,98.68,95.14,True,0,COLLECTING,0,,0,,,,,5,63,119,30,60,0.9989604596779594,0.17320508075688776
2026-08-31T22:17:30.708,125889953,P037,rhythm_normal,NORMAL,,,,328,5441787,114466,119796,114597.9,119803.26,-131.9,-7.26,-270.72,811.92,False,False,nan,True,0.7,98.68,95.14,True,0,COLLECTING,0,,0,,,,,5,63,119,30,60,0.9989604596779594,0.17320508075688776
2026-08-31T22:17:30.711,125889968,P037,rhythm_normal,NORMAL,,,,329,5441827,114180,119220,114589.54,119791.59,-409.54,-571.59,-345.94,802.6,False,False,nan,True,0.7,98.68,95.14,True,0,COLLECTING,0,,0,,,,,5,63,119,30,60,0.9989604596779594,0.17320508075688776
2026-08-31T22:17:30.719,125889968,P037,rhythm_normal,NORMAL,,,,330,5441867,113608,118134,114569.91,119758.45,-961.91,-1624.45,-665.57,799.86,False,False,nan,True,0.7,98.68,95.14,True,0,COLLECTING,0,,0,,,,,5,63,119,30,60,0.9989604596779594,0.17320508075688776
2026-08-31T22:17:30.763,125890015,P037,rhythm_normal,NORMAL,,,,331,5441907,113541,117960,114549.33,119722.48,-1008.33,-1762.48,-939.79,802.66,False,False,nan,True,0.7,98.68,95.14,True,0,COLLECTING,0,,0,,,,,5,63,119,30,60,0.9989604596779594,0.17320508075688776
2026-08-31T22:17:30.889,125890140,P037,rhythm_normal,NORMAL,,,,332,5441947,113700,118294,114532.34,119693.91,-832.34,-1399.91,-1054.82,807.7,False,False,nan,True,0.7,98.68,95.14,True,0,COLLECTING,0,,0,,,,,5,63,119,30,60,0.999850488823204,0.17320508075688776
2026-08-31T22:17:30.900,125890156,P037,rhythm_normal,NORMAL,,,,333,5441987,113926,118706,114520.22,119674.15,-594.22,-968.15,-1033.15,812.21,False,False,nan,True,0.7,98.68,95.14,True,0,COLLECTING,0,,0,,,,,5,63,119,30,60,0.999850488823204,0.17320508075688776
2026-08-31T22:17:30.911,125890156,P037,rhythm_normal,NORMAL,,,,334,5442027,114063,119029,114511.08,119661.24,-448.08,-632.24,-932.93,814.62,False,False,nan,True,0.7,98.68,95.14,True,0,COLLECTING,0,,0,,,,,5,63,119,30,60,0.999850488823204,0.17320508075688776
2026-08-31T22:17:30.918,125890171,P037,rhythm_normal,NORMAL,,,,335,5442067,114107,119106,114503.0,119650.14,-396.0,-544.14,-835.73,815.05,False,False,nan,True,0.7,98.68,95.14,True,0,COLLECTING,0,,0,,,,,5,63,119,30,60,0.999850488823204,0.17320508075688776
2026-08-31T22:17:30.963,125890218,P037,rhythm_normal,NORMAL,,,,336,5442107,113953,118850,114492.0,119634.14,-539.0,-784.14,-822.83,815.2,False,False,nan,True,0.7,98.68,95.14,True,0,COLLECTING,0,,0,,,,,5,63,119,30,60,0.999850488823204,0.17320508075688776
2026-08-31T22:17:31.088,125890343,P037,rhythm_normal,NORMAL,,,,337,5442147,113906,118763,114480.28,119616.72,-574.28,-853.72,-830.55,815.51,False,False,nan,True,0.7,98.68,95.14,True,0,COLLECTING,0,,0,,,,,5,63,119,30,60,0.999850488823204,0.17320508075688776
2026-08-31T22:17:31.099,125890343,P037,rhythm_normal,NORMAL,,,,338,5442187,114022,118994,114471.12,119604.27,-449.12,-610.27,-775.48,814.71,False,False,nan,True,0.7,98.68,95.14,True,0,COLLECTING,0,,0,,,,,5,63,119,30,60,0.999850488823204,0.17320508075688776
2026-08-31T22:17:31.110,125890359,P037,rhythm_normal,NORMAL,,,,339,5442227,114184,119328,114465.38,119598.74,-281.38,-270.74,-649.3,811.4,False,False,nan,True,0.7,98.68,95.14,True,0,COLLECTING,0,,0,,,,,5,63,119,30,60,0.999850488823204,0.17320508075688776
2026-08-31T22:17:31.118,125890375,P037,rhythm_normal,NORMAL,,,,340,5442267,114327,119636,114462.61,119599.48,-135.61,36.52,-477.84,804.73,False,False,nan,True,0.7,98.68,95.14,True,0,COLLECTING,0,,0,,,,,5,63,119,30,60,0.999850488823204,0.17320508075688776
2026-08-31T22:17:31.162,125890406,P037,rhythm_normal,NORMAL,,,,341,5442307,114395,119774,114461.26,119602.98,-66.26,171.02,-315.63,794.95,False,False,nan,True,0.7,98.68,95.14,True,0,COLLECTING,0,,0,,,,,5,63,119,30,60,0.999850488823204,0.17320508075688776
2026-08-31T22:17:31.288,125890546,P037,rhythm_normal,NORMAL,,,,342,5442347,114472,119944,114461.47,119609.8,10.53,334.2,-153.17,782.11,False,False,nan,True,0.7,98.68,95.14,True,0,COLLECTING,0,,0,,,,,5,63,119,30,60,0.999850488823204,0.17320508075688776
2026-08-31T22:17:31.298,125890546,P037,rhythm_normal,NORMAL,,,,343,5442387,114532,120083,114462.88,119619.26,69.12,463.74,1.06,766.49,False,False,nan,True,0.7,98.68,96.46,True,0,COLLECTING,0,,0,,,,,5,63,119,30,60,0.999850488823204,0.17320508075688776
2026-08-31T22:17:31.308,125890562,P037,rhythm_normal,NORMAL,,,,344,5442427,114624,120261,114466.1,119632.09,157.9,628.91,158.02,754.32,False,False,nan,True,0.7,98.68,96.46,True,0,COLLECTING,0,,0,,,,,5,63,119,30,60,0.999850488823204,0.17320508075688776
2026-08-31T22:17:31.317,125890562,P037,rhythm_normal,NORMAL,,,,345,5442467,114696,120447,114470.7,119648.39,225.3,798.61,318.17,745.6,False,False,nan,True,0.7,98.68,96.46,True,0,COLLECTING,0,,0,,,,,5,63,119,30,60,0.999850488823204,0.17320508075688776
2026-08-31T22:17:31.362,125890609,P037,rhythm_normal,NORMAL,,,,346,5442507,114706,120465,114475.41,119664.73,230.59,800.27,438.69,739.46,False,False,nan,True,0.7,98.68,96.46,True,0,COLLECTING,0,,0,,,,,5,63,119,30,60,0.999850488823204,0.17320508075688776
2026-08-31T22:17:31.487,125890734,P037,rhythm_normal,NORMAL,,,,347,5442547,114181,119425,114469.52,119659.93,-288.52,-234.93,270.29,730.08,True,False,nan,True,0.7,98.68,96.46,True,0,COLLECTING,0,,0,,,,,5,63,119,30,60,0.999850488823204,0.17320508075688776
2026-08-31T22:17:31.505,125890750,P037,rhythm_normal,NORMAL,,,,348,5442587,113604,118234,114452.2,119631.41,-848.2,-1397.41,-146.64,718.41,False,False,nan,True,0.7,98.68,96.46,True,0,COLLECTING,0,,0,,,,,5,63,119,30,60,0.999850488823204,0.17320508075688776
2026-08-31T22:17:31.518,125890765,P037,rhythm_normal,NORMAL,,,,349,5442627,113623,118278,114435.62,119604.34,-812.62,-1326.34,-441.56,712.87,False,False,nan,True,0.7,98.68,96.46,True,0,COLLECTING,0,,0,,,,,5,63,119,30,60,0.999850488823204,0.17320508075688776
2026-08-31T22:17:31.532,125890781,P037,rhythm_normal,NORMAL,,,,350,5442667,113885,118805,114424.6,119588.36,-539.6,-783.36,-527.01,709.15,False,False,nan,True,0.7,98.68,96.46,True,0,COLLECTING,0,,0,,,,,5,63,119,30,60,0.999850488823204,0.17320508075688776
2026-08-31T22:17:31.564,125890812,P037,rhythm_normal,NORMAL,,,,351,5442707,114136,119307,114418.83,119582.73,-282.83,-275.73,-464.19,704.25,False,False,nan,True,0.7,98.68,96.46,True,0,COLLECTING,0,,0,,,,,5,63,119,30,60,0.999850488823204,0.17320508075688776
2026-08-31T22:17:31.688,125890937,P037,rhythm_normal,NORMAL,,,,352,5442747,114295,119660,114416.35,119584.28,-121.35,75.72,-329.22,696.75,False,False,nan,True,0.7,98.68,96.46,True,0,COLLECTING,0,,0,,,,,5,63,119,30,60,0.999850488823204,0.24494897427831783
2026-08-31T22:17:31.699,125890953,P037,rhythm_normal,NORMAL,,,,353,5442787,114275,119617,114413.52,119584.94,-138.52,32.06,-238.9,687.6,False,False,nan,True,0.7,98.68,96.46,True,0,COLLECTING,0,,0,,,,,5,63,119,30,60,0.999850488823204,0.24494897427831783
2026-08-31T22:17:31.710,125890953,P037,rhythm_normal,NORMAL,,,,354,5442827,114071,119234,114406.67,119577.92,-335.67,-343.92,-265.15,679.15,False,False,nan,True,0.7,98.68,96.46,True,0,COLLECTING,0,,0,,,,,5,63,119,30,60,0.999850488823204,0.24494897427831783
2026-08-31T22:17:31.719,125890968,P037,rhythm_normal,NORMAL,,,,355,5442867,114043,119176,114399.4,119569.88,-356.4,-393.88,-297.33,671.51,False,False,nan,True,0.7,98.68,96.46,True,0,COLLECTING,0,,0,,,,,5,63,119,30,60,0.999850488823204,0.24494897427831783
2026-08-31T22:17:31.764,125891015,P037,rhythm_normal,NORMAL,,,,356,5442907,114178,119437,114394.97,119567.23,-216.97,-130.23,-255.56,663.19,False,False,nan,True,0.7,98.68,96.46,True,0,COLLECTING,0,,0,,,,,5,63,119,30,60,0.999850488823204,0.24494897427831783
2026-08-31T22:17:31.888,125891140,P037,rhythm_normal,NORMAL,,,,357,5442947,114356,119806,114394.19,119572.0,-38.19,234.0,-133.17,652.59,False,False,nan,True,0.7,98.68,96.46,True,0,COLLECTING,0,,0,,,,,5,63,119,30,60,0.999850488823204,0.17320508075688776
2026-08-31T22:17:31.900,125891156,P037,rhythm_normal,NORMAL,,,,358,5442987,114516,120125,114396.62,119583.06,119.38,541.94,35.61,640.25,False,False,nan,True,0.7,98.68,96.46,True,0,COLLECTING,0,,0,,,,,5,63,119,30,60,0.999850488823204,0.17320508075688776
2026-08-31T22:17:31.910,125891156,P037,rhythm_normal,NORMAL,,,,359,5443027,114585,120319,114400.39,119597.78,184.61,721.22,207.01,631.59,False,False,nan,True,0.7,98.68,96.46,True,0,COLLECTING,0,,0,,,,,5,63,119,30,60,0.999850488823204,0.17320508075688776
2026-08-31T22:17:31.919,125891171,P037,rhythm_normal,NORMAL,,,,360,5443067,114650,120447,114405.38,119614.77,244.62,832.23,363.32,626.22,False,False,nan,True,0.7,98.68,96.46,True,0,COLLECTING,0,,0,,,,,5,63,119,30,60,0.999850488823204,0.17320508075688776
2026-08-31T22:17:31.961,125891218,P037,rhythm_normal,NORMAL,,,,361,5443107,114713,120585,114411.53,119634.17,301.47,950.83,510.19,623.9,False,False,nan,True,0.7,98.68,96.46,True,0,COLLECTING,0,,0,,,,,5,63,119,30,60,0.999850488823204,0.17320508075688776
2026-08-31T22:17:32.089,125891343,P037,rhythm_normal,NORMAL,,,,362,5443147,114780,120734,114418.9,119656.17,361.1,1077.83,652.1,624.46,False,False,nan,True,0.7,98.68,96.46,True,0,COLLECTING,0,,0,,,,,5,63,119,30,60,0.9989604596779594,0.17320508075688776
2026-08-31T22:17:32.098,125891343,P037,rhythm_normal,NORMAL,,,,363,5443187,114835,120848,114427.22,119680.01,407.78,1167.99,781.08,627.6,False,False,nan,True,0.7,98.68,96.46,True,0,COLLECTING,0,,0,,,,,5,63,119,30,60,0.9989604596779594,0.17320508075688776
2026-08-31T22:17:32.106,125891359,P037,rhythm_normal,NORMAL,,,,364,5443227,114723,120618,114433.13,119698.77,289.87,919.23,815.61,631.36,False,False,nan,True,0.7,98.68,96.46,True,0,COLLECTING,0,,0,,,,,5,63,119,30,60,0.9989604596779594,0.17320508075688776
2026-08-31T22:17:32.120,125891375,P037,rhythm_normal,NORMAL,,,,365,5443267,113922,119017,114422.91,119685.13,-500.91,-668.13,444.68,627.62,True,True,720.0,True,0.7,95.74,96.46,True,0,COLLECTING,0,,0,,,,,5,63,119,30,60,0.9989604596779594,0.17320508075688776
2026-08-31T22:17:32.161,125891406,P037,rhythm_normal,NORMAL,,,,366,5443307,113567,118295,114405.8,119657.33,-838.8,-1362.33,-7.07,615.21,False,False,nan,True,0.7,95.74,96.46,True,0,COLLECTING,0,,0,,,,,5,63,119,30,60,0.9989604596779594,0.17320508075688776
2026-08-31T22:17:32.287,125891531,P037,rhythm_normal,NORMAL,,,,367,5443347,113744,118640,114392.56,119636.98,-648.56,-996.98,-254.55,608.0,False,False,nan,True,0.7,95.74,96.46,True,0,COLLECTING,0,,0,,,,,6,63,119,30,60,0.999850488823204,0.17320508075688776
2026-08-31T22:17:32.298,125891546,P037,rhythm_normal,NORMAL,,,,368,5443387,114071,119283,114386.13,119629.91,-315.13,-346.91,-277.64,601.39,False,False,nan,True,0.7,95.74,96.46,True,0,COLLECTING,0,,0,,,,,6,63,119,30,60,0.999850488823204,0.17320508075688776
2026-08-31T22:17:32.310,125891562,P037,rhythm_normal,NORMAL,,,,369,5443427,114311,119772,114384.63,119632.75,-73.63,139.25,-173.42,592.83,False,False,nan,True,0.7,95.74,96.46,True,0,COLLECTING,0,,0,,,,,6,63,119,30,60,0.999850488823204,0.17320508075688776
2026-08-31T22:17:32.319,125891578,P037,rhythm_normal,NORMAL,,,,370,5443467,114432,120043,114385.58,119640.95,46.42,402.05,-29.55,581.57,False,False,nan,True,0.7,95.74,96.46,True,0,COLLECTING,0,,0,,,,,6,63,119,30,60,0.999850488823204,0.17320508075688776
2026-08-31T22:17:32.362,125891609,P037,rhythm_normal,NORMAL,,,,371,5443507,114275,119740,114383.37,119642.94,-108.37,97.06,2.1,569.98,False,False,nan,True,0.7,95.74,96.46,True,0,COLLECTING,0,,0,,,,,6,63,119,30,60,0.999850488823204,0.17320508075688776
2026-08-31T22:17:32.488,125891734,P037,rhythm_normal,NORMAL,,,,372,5443547,114044,119307,114376.58,119636.22,-332.58,-329.22,-80.73,560.19,False,False,nan,True,0.7,95.74,96.46,True,0,COLLECTING,0,,0,,,,,6,63,119,30,60,0.999850488823204,0.17320508075688776
2026-08-31T22:17:32.499,125891750,P037,rhythm_normal,NORMAL,,,,373,5443587,114084,119374,114370.73,119630.98,-286.73,-256.98,-124.79,551.49,False,False,nan,True,0.7,95.74,96.46,True,0,COLLECTING,0,,0,,,,,6,63,119,30,60,0.999850488823204,0.17320508075688776
2026-08-31T22:17:32.510,125891765,P037,rhythm_normal,NORMAL,,,,374,5443627,114259,119726,114368.49,119632.88,-109.49,93.12,-70.31,541.86,False,False,nan,True,0.7,95.74,96.46,True,0,COLLECTING,0,,0,,,,,6,63,119,30,60,0.999850488823204,0.17320508075688776
2026-08-31T22:17:32.518,125891765,P037,rhythm_normal,NORMAL,,,,375,5443667,114433,120078,114369.78,119641.78,63.22,436.22,56.32,532.15,False,False,nan,True,0.7,95.74,96.46,True,0,COLLECTING,0,,0,,,,,6,63,119,30,60,0.999850488823204,0.17320508075688776
2026-08-31T22:17:32.563,125891812,P037,rhythm_normal,NORMAL,,,,376,5443707,114513,120262,114372.65,119654.19,140.35,607.81,194.19,525.39,False,False,nan,True,0.7,95.74,96.46,True,0,COLLECTING,0,,0,,,,,6,63,119,30,60,0.999850488823204,0.17320508075688776
2026-08-31T22:17:32.689,125891937,P037,rhythm_normal,NORMAL,,,,377,5443747,114569,120369,114376.58,119668.48,192.42,700.52,320.77,521.3,False,False,nan,True,0.7,95.74,96.46,True,0,COLLECTING,0,,0,,,,,6,63,119,30,60,0.9989604596779594,0.17320508075688776
2026-08-31T22:17:32.698,125891953,P037,rhythm_normal,NORMAL,,,,378,5443787,114621,120499,114381.47,119685.09,239.53,813.91,444.06,519.75,False,False,nan,True,0.7,95.74,96.46,True,0,COLLECTING,0,,0,,,,,6,63,119,30,60,0.9989604596779594,0.17320508075688776
2026-08-31T22:17:32.708,125891953,P037,rhythm_normal,NORMAL,,,,379,5443827,114678,120612,114387.4,119703.63,290.6,908.37,560.13,520.56,False,False,nan,True,0.7,95.74,96.46,True,0,COLLECTING,0,,0,,,,,6,63,119,30,60,0.9989604596779594,0.17320508075688776
2026-08-31T22:17:32.718,125891968,P037,rhythm_normal,NORMAL,,,,380,5443867,114661,120583,114392.87,119721.22,268.13,861.78,635.55,522.86,False,False,nan,True,0.7,95.74,96.46,True,0,COLLECTING,0,,0,,,,,6,63,119,30,60,0.9989604596779594,0.17320508075688776
2026-08-31T22:17:32.762,125892015,P037,rhythm_normal,NORMAL,,,,381,5443907,114174,119612,114388.49,119719.03,-214.49,-107.03,449.9,521.4,True,True,640.0,True,0.7223,95.45,96.46,True,0,COLLECTING,0,,0,,,,,6,63,119,30,60,0.9989604596779594,0.17320508075688776
2026-08-31T22:17:32.887,125892140,P037,rhythm_normal,NORMAL,,,,382,5443947,113567,118376,114372.06,119692.17,-805.06,-1316.17,8.38,511.14,False,False,nan,True,0.7223,95.45,96.46,True,0,COLLECTING,0,,0,,,,,7,63,119,30,60,0.999850488823204,0.17320508075688776
2026-08-31T22:17:32.899,125892156,P037,rhythm_normal,NORMAL,,,,383,5443987,113565,118346,114355.92,119665.25,-790.92,-1319.25,-323.52,507.39,False,False,nan,True,0.7223,95.45,96.46,True,0,COLLECTING,0,,0,,,,,7,63,119,30,60,0.999850488823204,0.17320508075688776
2026-08-31T22:17:32.910,125892156,P037,rhythm_normal,NORMAL,,,,384,5444027,113801,118828,114344.82,119648.51,-543.82,-820.51,-447.77,506.2,False,False,nan,True,0.7223,95.45,96.46,True,0,COLLECTING,0,,0,,,,,7,63,119,30,60,0.999850488823204,0.17320508075688776
2026-08-31T22:17:32.919,125892171,P037,rhythm_normal,NORMAL,,,,385,5444067,114062,119333,114339.16,119642.2,-277.16,-309.2,-413.13,504.34,False,False,nan,True,0.7223,95.45,96.46,True,0,COLLECTING,0,,0,,,,,7,63,119,30,60,0.999850488823204,0.17320508075688776
2026-08-31T22:17:32.962,125892218,P037,rhythm_normal,NORMAL,,,,386,5444107,114224,119682,114336.86,119642.99,-112.86,39.01,-300.09,500.25,False,False,nan,True,0.7223,95.45,96.46,True,0,COLLECTING,0,,0,,,,,7,63,119,30,60,0.999850488823204,0.17320508075688776
2026-08-31T22:17:33.088,125892343,P037,rhythm_normal,NORMAL,,,,387,5444147,114163,119575,114333.38,119641.63,-170.38,-66.63,-241.73,495.08,False,False,nan,True,0.7223,95.45,96.46,True,0,COLLECTING,0,,0,,,,,7,63,119,30,60,0.999850488823204,0.17320508075688776
2026-08-31T22:17:33.098,125892343,P037,rhythm_normal,NORMAL,,,,388,5444187,113976,119218,114326.23,119633.16,-350.23,-415.16,-285.09,490.88,False,False,nan,True,0.7223,95.45,96.46,True,0,COLLECTING,0,,0,,,,,7,63,119,30,60,0.999850488823204,0.17320508075688776
2026-08-31T22:17:33.110,125892359,P037,rhythm_normal,NORMAL,,,,389,5444227,113903,119082,114317.77,119622.14,-414.77,-540.14,-348.85,488.04,False,False,nan,True,0.7223,95.45,96.46,True,0,COLLECTING,0,,0,,,,,7,63,119,30,60,0.999850488823204,0.17320508075688776
2026-08-31T22:17:33.121,125892375,P037,rhythm_normal,NORMAL,,,,390,5444267,114014,119296,114311.7,119615.62,-297.7,-319.62,-341.54,485.11,False,False,nan,True,0.7223,95.45,96.46,True,0,COLLECTING,0,,0,,,,,7,63,119,30,60,0.999850488823204,0.17320508075688776
2026-08-31T22:17:33.163,125892406,P037,rhythm_normal,NORMAL,,,,391,5444307,114160,119590,114308.66,119615.1,-148.66,-25.1,-262.43,480.66,False,False,nan,True,0.7223,95.45,96.46,True,0,COLLECTING,0,,0,,,,,7,63,119,30,60,0.999850488823204,0.17320508075688776
2026-08-31T22:17:33.289,125892546,P037,rhythm_normal,NORMAL,,,,392,5444347,114275,119844,114307.99,119619.68,-32.99,224.32,-140.74,473.86,False,False,nan,True,0.7223,95.45,96.46,True,0,COLLECTING,0,,0,,,,,7,63,119,30,60,0.999850488823204,0.17320508075688776
2026-08-31T22:17:33.299,125892546,P037,rhythm_normal,NORMAL,,,,393,5444387,114381,120050,114309.45,119628.29,71.55,421.71,-0.13,464.38,False,False,nan,True,0.7223,95.45,96.46,True,0,COLLECTING,0,,0,,,,,7,63,119,30,60,0.999850488823204,0.17320508075688776
2026-08-31T22:17:33.308,125892562,P037,rhythm_normal,NORMAL,,,,394,5444427,114441,120201,114312.09,119639.74,128.91,561.26,140.22,457.9,False,False,nan,True,0.7223,95.45,96.46,True,0,COLLECTING,0,,0,,,,,7,63,119,30,60,0.999850488823204,0.17320508075688776
2026-08-31T22:17:33.318,125892562,P037,rhythm_normal,NORMAL,,,,395,5444467,114513,120340,114316.1,119653.75,196.9,686.25,276.73,454.28,False,False,nan,True,0.7223,95.45,96.46,True,0,COLLECTING,0,,0,,,,,7,63,119,30,60,0.999850488823204,0.17320508075688776
2026-08-31T22:17:33.361,125892609,P037,rhythm_normal,NORMAL,,,,396,5444507,114520,120385,114320.18,119668.38,199.82,716.62,386.7,452.93,False,False,nan,True,0.7223,95.45,96.46,True,0,COLLECTING,0,,0,,,,,7,63,119,30,60,0.999850488823204,0.17320508075688776
2026-08-31T22:17:33.489,125892734,P037,rhythm_normal,NORMAL,,,,397,5444547,114163,119650,114317.04,119668.01,-154.04,-18.01,285.52,449.58,True,True,640.0,True,0.7408,95.24,96.46,True,0,COLLECTING,0,,0,,,,,7,63,119,30,60,0.999850488823204,0.17320508075688776
2026-08-31T22:17:33.498,125892750,P037,rhythm_normal,NORMAL,,,,398,5444587,113504,118318,114300.78,119641.01,-796.78,-1323.01,-116.61,442.92,False,False,nan,True,0.7408,95.24,96.46,True,0,COLLECTING,0,,0,,,,,7,63,119,30,60,0.999850488823204,0.17320508075688776
2026-08-31T22:17:33.510,125892765,P037,rhythm_normal,NORMAL,,,,399,5444627,113402,118087,114282.8,119609.93,-880.8,-1522.93,-468.19,443.42,False,False,nan,True,0.7408,95.24,96.46,True,0,COLLECTING,0,,0,,,,,7,63,119,30,60,0.999850488823204,0.17320508075688776
2026-08-31T22:17:33.519,125892765,P037,rhythm_normal,NORMAL,,,,400,5444667,113544,118370,114268.03,119585.13,-724.03,-1215.13,-654.93,447.65,False,False,nan,True,0.7408,95.24,96.46,True,0,COLLECTING,0,,0,,,,,7,63,119,30,60,0.999850488823204,0.17320508075688776
2026-08-31T22:17:33.563,125892812,P037,rhythm_normal,NORMAL,,,,401,5444707,113720,118703,114257.07,119567.49,-537.07,-864.49,-707.32,452.85,False,False,nan,True,0.7408,95.24,96.46,True,0,COLLECTING,0,,0,,,,,7,63,119,30,60,0.999850488823204,0.17320508075688776
2026-08-31T22:17:33.697,125892953,P037,rhythm_normal,NORMAL,,,,402,5444747,113856,118990,114249.05,119555.95,-393.05,-565.95,-671.97,457.23,False,False,nan,True,0.7408,95.24,96.46,True,0,COLLECTING,0,,0,,,,,8,63,119,30,60,0.999850488823204,0.17320508075688776
2026-08-31T22:17:33.706,125892953,P037,rhythm_normal,NORMAL,,,,403,5444787,113875,119033,114241.56,119545.48,-366.56,-512.48,-632.1,460.73,False,False,nan,True,0.7408,95.24,96.46,True,0,COLLECTING,0,,0,,,,,8,63,119,30,60,0.999850488823204,0.17320508075688776
2026-08-31T22:17:33.715,125892968,P037,rhythm_normal,NORMAL,,,,404,5444827,113747,118794,114231.67,119530.45,-484.67,-736.45,-658.19,464.68,False,False,nan,True,0.7408,95.24,96.46,True,0,COLLECTING,0,,0,,,,,8,63,119,30,60,0.999850488823204,0.17320508075688776
2026-08-31T22:17:33.724,125892968,P037,rhythm_normal,NORMAL,,,,405,5444867,113678,118677,114220.6,119513.38,-542.6,-836.38,-702.74,469.44,False,False,nan,True,0.7408,95.24,96.46,True,0,COLLECTING,0,,0,,,,,8,63,119,30,60,0.999850488823204,0.17320508075688776
2026-08-31T22:17:33.762,125893015,P037,rhythm_normal,NORMAL,,,,406,5444907,113768,118837,114211.55,119499.85,-443.55,-662.85,-692.77,473.9,False,False,nan,True,0.7408,95.24,96.46,True,0,COLLECTING,0,,0,,,,,8,63,119,30,60,0.999850488823204,0.17320508075688776
2026-08-31T22:17:33.889,125893140,P037,rhythm_normal,NORMAL,,,,407,5444947,113928,119175,114205.88,119493.35,-277.88,-318.35,-599.16,476.41,False,False,nan,True,0.7408,95.24,96.46,True,0,COLLECTING,0,,0,,,,,8,63,119,30,60,0.999850488823204,0.17320508075688776
2026-08-31T22:17:33.899,125893156,P037,rhythm_normal,NORMAL,,,,408,5444987,114057,119452,114202.9,119492.52,-145.9,-40.52,-459.5,476.07,False,False,nan,True,0.7408,95.24,96.46,True,0,COLLECTING,0,,0,,,,,8,63,119,30,60,0.999850488823204,0.17320508075688776
2026-08-31T22:17:33.914,125893171,P037,rhythm_normal,NORMAL,,,,409,5445027,114107,119574,114200.98,119494.16,-93.98,79.84,-324.67,473.04,False,False,nan,True,0.7408,95.24,96.46,True,0,COLLECTING,0,,0,,,,,8,63,119,30,60,0.999850488823204,0.17320508075688776
2026-08-31T22:17:33.923,125893171,P037,rhythm_normal,NORMAL,,,,410,5445067,114165,119686,114200.27,119497.99,-35.27,188.01,-196.5,467.51,False,False,nan,True,0.7408,95.24,96.46,True,0,COLLECTING,0,,0,,,,,8,63,119,30,60,0.999850488823204,0.17320508075688776
2026-08-31T22:17:33.961,125893218,P037,rhythm_normal,NORMAL,,,,411,5445107,114220,119810,114200.66,119504.23,19.34,305.77,-70.93,459.58,False,False,nan,True,0.7408,95.24,96.46,True,0,COLLECTING,0,,0,,,,,8,63,119,30,60,0.999850488823204,0.17320508075688776
2026-08-31T22:17:34.088,125893343,P037,rhythm_normal,NORMAL,,,,412,5445147,114282,119947,114202.29,119513.09,79.71,433.91,55.28,451.49,False,False,nan,True,0.7408,95.24,96.46,True,0,COLLECTING,0,,0,,,,,8,63,119,30,60,0.9989604596779594,0.17320508075688776
2026-08-31T22:17:34.099,125893343,P037,rhythm_normal,NORMAL,,,,413,5445187,114327,120065,114204.78,119524.12,122.22,540.88,176.68,446.0,False,False,nan,True,0.7408,95.24,96.46,True,0,COLLECTING,0,,0,,,,,8,63,119,30,60,0.9989604596779594,0.17320508075688776
2026-08-31T22:17:34.109,125893359,P037,rhythm_normal,NORMAL,,,,414,5445227,114148,119696,114203.65,119527.56,-55.65,168.44,174.62,440.57,True,True,680.0,True,0.8293,102.56,96.46,True,0,COLLECTING,0,,0,,,,,8,63,119,30,60,0.9989604596779594,0.17320508075688776
2026-08-31T22:17:34.119,125893375,P037,rhythm_normal,NORMAL,,,,415,5445267,113456,118304,114188.7,119503.09,-732.7,-1199.09,-168.81,435.14,False,False,nan,True,0.8293,102.56,96.46,True,0,COLLECTING,0,,0,,,,,8,63,119,30,60,0.9989604596779594,0.17320508075688776
2026-08-31T22:17:34.162,125893406,P037,rhythm_normal,NORMAL,,,,416,5445307,113307,117991,114171.06,119472.85,-864.06,-1481.85,-497.07,436.37,False,False,nan,True,0.8293,102.56,96.46,True,0,COLLECTING,0,,0,,,,,8,63,119,30,60,0.9989604596779594,0.17320508075688776
2026-08-31T22:17:34.288,125893531,P037,rhythm_normal,NORMAL,,,,417,5445347,113494,118364,114157.52,119450.67,-663.52,-1086.67,-644.47,440.54,False,False,nan,True,0.8293,102.56,96.46,True,0,COLLECTING,0,,0,,,,,8,63,119,30,60,0.999850488823204,0.17320508075688776
2026-08-31T22:17:34.299,125893546,P037,rhythm_normal,NORMAL,,,,418,5445387,113728,118858,114148.93,119438.82,-420.93,-580.82,-628.56,444.3,False,False,nan,True,0.8293,102.56,96.46,True,0,COLLECTING,0,,0,,,,,8,63,119,30,60,0.999850488823204,0.17320508075688776
2026-08-31T22:17:34.311,125893562,P037,rhythm_normal,NORMAL,,,,419,5445427,113904,119211,114144.03,119434.27,-240.03,-223.27,-527.23,445.96,False,False,nan,True,0.8293,102.56,96.46,True,0,COLLECTING,0,,0,,,,,8,63,119,30,60,0.999850488823204,0.17320508075688776
2026-08-31T22:17:34.322,125893578,P037,rhythm_normal,NORMAL,,,,420,5445467,113990,119391,114140.95,119433.4,-150.95,-42.4,-406.03,445.16,False,False,nan,True,0.8293,102.56,96.46,True,0,COLLECTING,0,,0,,,,,8,63,119,30,60,0.999850488823204,0.17320508075688776
2026-08-31T22:17:34.362,125893609,P037,rhythm_normal,NORMAL,,,,421,5445507,113828,119099,114134.7,119426.71,-306.7,-327.71,-386.45,443.98,False,False,nan,True,0.8293,102.56,96.46,True,0,COLLECTING,0,,0,,,,,8,63,119,30,60,0.999850488823204,0.17320508075688776
2026-08-31T22:17:34.496,125893750,P037,rhythm_normal,NORMAL,,,,422,5445547,113725,118913,114126.5,119416.44,-401.5,-503.44,-415.69,443.42,False,False,nan,True,0.8293,102.56,96.46,True,0,COLLECTING,0,,0,,,,,8,63,119,30,60,0.9989604596779594,0.17320508075688776
2026-08-31T22:17:34.509,125893765,P037,rhythm_normal,NORMAL,,,,423,5445587,113821,119091,114120.39,119409.93,-299.39,-318.93,-391.5,442.38,False,False,nan,True,0.8293,102.56,96.46,True,0,COLLECTING,0,,0,,,,,8,63,119,30,60,0.9989604596779594,0.17320508075688776
2026-08-31T22:17:34.522,125893765,P037,rhythm_normal,NORMAL,,,,424,5445627,114022,119489,114118.42,119411.51,-96.42,77.49,-274.25,439.02,False,False,nan,True,0.8293,102.56,96.46,True,0,COLLECTING,0,,0,,,,,8,63,119,30,60,0.9989604596779594,0.17320508075688776
2026-08-31T22:17:34.526,125893781,P037,rhythm_normal,NORMAL,,,,425,5445667,114168,119822,114119.41,119419.72,48.59,402.28,-105.12,432.34,False,False,nan,True,0.8293,102.56,96.46,True,0,COLLECTING,0,,0,,,,,8,63,119,30,60,0.9989604596779594,0.17320508075688776
2026-08-31T22:17:34.562,125893812,P037,rhythm_normal,NORMAL,,,,426,5445707,114262,120025,114122.27,119431.83,139.73,593.17,69.45,425.08,False,False,nan,True,0.8293,102.56,96.46,True,0,COLLECTING,0,,0,,,,,8,63,119,30,60,0.9989604596779594,0.17320508075688776
2026-08-31T22:17:34.698,125893953,P037,rhythm_normal,NORMAL,,,,427,5445747,114261,120030,114125.04,119443.79,135.96,586.21,198.64,420.55,False,False,nan,True,0.8293,102.56,96.46,True,0,COLLECTING,0,,0,,,,,8,63,119,30,60,0.9989604596779594,0.17320508075688776
2026-08-31T22:17:34.710,125893953,P037,rhythm_normal,NORMAL,,,,428,5445787,114189,119906,114126.32,119453.03,62.68,452.97,262.22,417.38,False,False,nan,True,0.8293,102.56,96.46,True,0,COLLECTING,0,,0,,,,,8,63,119,30,60,0.9989604596779594,0.17320508075688776
2026-08-31T22:17:34.720,125893968,P037,rhythm_normal,NORMAL,,,,429,5445827,114203,119943,114127.85,119462.83,75.15,480.17,316.71,415.37,False,False,nan,True,0.8293,102.56,96.46,True,0,COLLECTING,0,,0,,,,,8,63,119,30,60,0.9989604596779594,0.17320508075688776
2026-08-31T22:17:34.732,125893984,P037,rhythm_normal,NORMAL,,,,430,5445867,114292,120142,114131.13,119476.41,160.87,665.59,403.93,415.14,False,False,nan,True,0.8293,102.56,96.46,True,0,COLLECTING,0,,0,,,,,8,63,119,30,60,0.9989604596779594,0.17320508075688776
2026-08-31T22:17:34.762,125894015,P037,rhythm_normal,NORMAL,,,,431,5445907,114331,120232,114135.13,119491.52,195.87,740.48,488.07,416.6,False,False,nan,True,0.8293,102.56,96.46,True,0,COLLECTING,0,,0,,,,,8,63,119,30,60,0.9989604596779594,0.17320508075688776
2026-08-31T22:17:34.897,125894140,P037,rhythm_normal,NORMAL,,,,432,5445947,114172,119903,114135.87,119499.75,36.13,403.25,466.86,417.61,True,True,720.0,True,0.8243,99.17,96.46,True,0,COLLECTING,0,,0,,,,,8,63,119,30,60,0.999850488823204,0.17320508075688776
2026-08-31T22:17:34.909,125894156,P037,rhythm_normal,NORMAL,,,,433,5445987,113438,118435,114121.91,119478.45,-683.91,-1043.45,89.28,411.04,False,False,nan,True,0.8243,99.17,96.46,True,0,COLLECTING,0,,0,,,,,8,63,119,30,60,0.999850488823204,0.17320508075688776
2026-08-31T22:17:34.921,125894171,P037,rhythm_normal,NORMAL,,,,434,5446027,113202,117960,114103.51,119448.09,-901.51,-1488.09,-305.06,408.92,False,False,nan,True,0.8243,99.17,96.46,True,0,COLLECTING,0,,0,,,,,8,63,119,30,60,0.999850488823204,0.17320508075688776
2026-08-31T22:17:34.932,125894187,P037,rhythm_normal,NORMAL,,,,435,5446067,113360,118273,114088.64,119424.59,-728.64,-1151.59,-516.69,411.08,False,False,nan,True,0.8243,99.17,96.46,True,0,COLLECTING,0,,0,,,,,8,63,119,30,60,0.999850488823204,0.17320508075688776
2026-08-31T22:17:34.962,125894218,P037,rhythm_normal,NORMAL,,,,436,5446107,113590,118760,114078.66,119411.3,-488.66,-651.3,-550.34,413.86,False,False,nan,True,0.8243,99.17,96.46,True,0,COLLECTING,0,,0,,,,,8,63,119,30,60,0.999850488823204,0.17320508075688776
2026-08-31T22:17:35.098,125894343,P037,rhythm_normal,NORMAL,,,,437,5446157,113745,119063,114071.99,119404.33,-326.99,-341.33,-498.09,415.55,False,False,nan,True,0.8243,99.17,96.46,True,0,COLLECTING,0,,0,,,,,9,63,119,30,60,0.999850488823204,0.17320508075688776
2026-08-31T22:17:35.109,125894359,P037,rhythm_normal,NORMAL,,,,438,5446187,113848,119297,114067.52,119402.18,-219.52,-105.18,-399.86,415.23,False,False,nan,True,0.8243,99.17,96.46,True,0,COLLECTING,0,,0,,,,,9,63,119,30,60,0.999850488823204,0.17320508075688776
2026-08-31T22:17:35.121,125894375,P037,rhythm_normal,NORMAL,,,,439,5446237,113762,119176,114061.41,119397.66,-299.41,-221.66,-355.31,414.03,False,False,nan,True,0.8243,99.17,96.46,True,0,COLLECTING,0,,0,,,,,9,63,119,30,60,0.999850488823204,0.17320508075688776
2026-08-31T22:17:35.132,125894390,P037,rhythm_normal,NORMAL,,,,440,5446277,113714,119001,114054.46,119389.73,-340.46,-388.73,-363.66,413.03,False,False,nan,True,0.8243,99.17,96.46,True,0,COLLECTING,0,,0,,,,,9,63,119,30,60,0.999850488823204,0.17320508075688776
2026-08-31T22:17:35.172,125894421,P037,rhythm_normal,NORMAL,,,,441,5446317,113840,119351,114050.17,119388.95,-210.17,-37.95,-282.24,410.41,False,False,nan,True,0.8243,99.17,96.46,True,0,COLLECTING,0,,0,,,,,9,63,119,30,60,0.999850488823204,0.17320508075688776
2026-08-31T22:17:35.298,125894546,P037,rhythm_normal,NORMAL,,,,442,5446357,114042,119703,114050.01,119395.23,-8.01,307.77,-134.74,404.9,False,False,nan,True,0.8243,99.17,96.46,True,0,COLLECTING,0,,0,,,,,9,63,119,30,60,0.999850488823204,0.17320508075688776
2026-08-31T22:17:35.309,125894562,P037,rhythm_normal,NORMAL,,,,443,5446397,114203,120057,114053.07,119408.47,149.93,648.53,61.08,398.02,False,False,nan,True,0.8243,99.17,95.2,True,0,COLLECTING,0,,0,,,,,9,63,119,30,60,0.999850488823204,0.17320508075688776
2026-08-31T22:17:35.318,125894562,P037,rhythm_normal,NORMAL,,,,444,5446437,114310,120281,114058.21,119425.92,251.79,855.08,259.58,395.25,False,False,nan,True,0.8243,99.17,95.2,True,0,COLLECTING,0,,0,,,,,9,63,119,30,60,0.999850488823204,0.17320508075688776
2026-08-31T22:17:35.328,125894578,P037,rhythm_normal,NORMAL,,,,445,5446477,114395,120550,114064.95,119448.41,330.05,1101.59,470.08,396.75,False,False,nan,True,0.8243,99.17,95.2,True,0,COLLECTING,0,,0,,,,,9,63,119,30,60,0.999850488823204,0.17320508075688776
2026-08-31T22:17:35.372,125894625,P037,rhythm_normal,NORMAL,,,,446,5446517,114471,120646,114073.06,119472.36,397.94,1173.64,645.97,401.73,False,False,nan,True,0.8243,99.17,95.2,True,0,COLLECTING,0,,0,,,,,9,63,119,30,60,0.999850488823204,0.17320508075688776
2026-08-31T22:17:35.497,125894750,P037,rhythm_normal,NORMAL,,,,447,5446557,114560,120871,114082.8,119500.34,477.2,1370.66,827.15,410.24,False,False,nan,True,0.8243,99.17,95.2,True,0,COLLECTING,0,,0,,,,,9,63,119,30,60,0.999850488823204,0.17320508075688776
2026-08-31T22:17:35.509,125894765,P037,rhythm_normal,NORMAL,,,,448,5446597,114657,121082,114094.29,119531.97,562.71,1550.03,1007.87,422.19,False,False,nan,True,0.8243,99.17,95.2,True,0,COLLECTING,0,,0,,,,,9,63,119,30,60,0.999850488823204,0.17320508075688776
2026-08-31T22:17:35.521,125894765,P037,rhythm_normal,NORMAL,,,,449,5446637,114713,121236,114106.66,119566.05,606.34,1669.95,1173.39,437.22,False,False,nan,True,0.8243,99.17,95.2,True,0,COLLECTING,0,,0,,,,,9,63,119,30,60,0.999850488823204,0.17320508075688776
2026-08-31T22:17:35.531,125894781,P037,rhythm_normal,NORMAL,,,,450,5446677,114459,120625,114113.71,119587.23,345.29,1037.77,1139.48,451.26,True,True,730.0,True,0.8499,93.57,95.2,True,0,COLLECTING,0,,0,,,,,9,63,119,30,60,0.999850488823204,0.17320508075688776
2026-08-31T22:17:35.572,125894828,P037,rhythm_normal,NORMAL,,,,451,5446717,113619,118905,114103.82,119573.59,-484.82,-668.59,687.47,455.99,False,False,nan,True,0.8499,93.57,95.2,True,0,COLLECTING,0,,0,,,,,9,63,119,30,60,0.999850488823204,0.17320508075688776
2026-08-31T22:17:35.697,125894953,P037,rhythm_normal,NORMAL,,,,452,5446757,113455,118571,114090.84,119553.53,-635.84,-982.53,269.97,452.27,False,False,nan,True,0.8499,93.57,95.2,True,0,COLLECTING,0,,0,,,,,10,63,119,30,60,0.999850488823204,0.17320508075688776
2026-08-31T22:17:35.709,125894953,P037,rhythm_normal,NORMAL,,,,453,5446797,113708,119088,114083.19,119544.22,-375.19,-456.22,88.42,444.99,False,False,nan,True,0.8499,93.57,95.2,True,0,COLLECTING,0,,0,,,,,10,63,119,30,60,0.999850488823204,0.17320508075688776
2026-08-31T22:17:35.721,125894968,P037,rhythm_normal,NORMAL,,,,454,5446837,114058,119802,114082.69,119549.38,-24.69,252.62,129.47,438.68,False,False,nan,True,0.8499,93.57,95.2,True,0,COLLECTING,0,,0,,,,,10,63,119,30,60,0.999850488823204,0.17320508075688776
2026-08-31T22:17:35.730,125894984,P037,rhythm_normal,NORMAL,,,,455,5446877,114415,120531,114089.34,119569.01,325.66,961.99,337.6,436.66,False,False,nan,True,0.8499,93.57,95.2,True,0,COLLECTING,0,,0,,,,,10,63,119,30,60,0.999850488823204,0.17320508075688776
2026-08-31T22:17:35.772,125895015,P037,rhythm_normal,NORMAL,,,,456,5446917,114784,121313,114103.23,119603.89,680.77,1709.11,680.48,441.53,False,False,nan,True,0.8499,93.57,95.2,True,0,COLLECTING,0,,0,,,,,10,63,119,30,60,0.999850488823204,0.17320508075688776
2026-08-31T22:17:35.898,125895156,P037,rhythm_normal,NORMAL,,,,457,5446957,114894,121539,114119.04,119642.59,774.96,1896.41,984.46,452.39,False,False,nan,True,0.8499,93.57,95.2,True,0,COLLECTING,0,,0,,,,,10,63,119,30,60,0.999850488823204,0.17320508075688776
2026-08-31T22:17:35.908,125895156,P037,rhythm_normal,NORMAL,,,,458,5446997,114809,121437,114132.84,119678.48,676.16,1758.52,1177.97,466.9,False,False,nan,True,0.8499,93.57,95.2,True,0,COLLECTING,0,,0,,,,,10,63,119,30,60,0.999850488823204,0.17320508075688776
2026-08-31T22:17:35.921,125895171,P037,rhythm_normal,NORMAL,,,,459,5447037,114871,121601,114147.6,119716.94,723.4,1884.06,1354.5,484.66,False,False,nan,True,0.8499,93.57,95.2,True,0,COLLECTING,0,,0,,,,,10,63,119,30,60,0.999850488823204,0.17320508075688776
2026-08-31T22:17:35.930,125895187,P037,rhythm_normal,NORMAL,,,,460,5447077,115056,122083,114165.77,119764.26,890.23,2318.74,1595.56,506.87,False,False,nan,True,0.8499,93.57,95.2,True,0,COLLECTING,0,,0,,,,,10,63,119,30,60,0.999850488823204,0.17320508075688776
2026-08-31T22:17:35.972,125895218,P037,rhythm_normal,NORMAL,,,,461,5447117,115195,122427,114186.35,119817.52,1008.65,2609.48,1849.04,533.72,False,False,nan,True,0.8499,93.57,95.2,True,0,COLLECTING,0,,0,,,,,10,63,119,30,60,0.999850488823204,0.17320508075688776
2026-08-31T22:17:36.098,125895343,P037,rhythm_normal,NORMAL,,,,462,5447157,115304,122683,114208.7,119874.83,1095.3,2808.17,2088.82,564.82,False,False,nan,True,0.8499,93.57,95.2,True,0,COLLECTING,0,,0,,,,,10,63,119,30,60,0.999850488823204,0.17320508075688776
2026-08-31T22:17:36.112,125895359,P037,rhythm_normal,NORMAL,,,,463,5447197,115312,122683,114230.77,119930.99,1081.23,2752.01,2254.62,598.62,False,False,nan,True,0.8499,93.57,95.2,True,0,COLLECTING,0,,0,,,,,10,63,119,30,60,0.999850488823204,0.17320508075688776
2026-08-31T22:17:36.123,125895375,P037,rhythm_normal,NORMAL,,,,464,5447237,115219,122640,114250.53,119985.17,968.47,2654.83,2354.67,633.74,False,False,nan,True,0.8499,93.57,95.2,True,0,COLLECTING,0,,0,,,,,10,63,119,30,60,0.999850488823204,0.17320508075688776
2026-08-31T22:17:36.133,125895390,P037,rhythm_normal,NORMAL,,,,465,5447277,115277,122579,114271.06,120037.05,1005.94,2541.95,2401.49,669.09,False,False,nan,True,0.8499,93.57,95.2,True,0,COLLECTING,0,,0,,,,,10,63,119,30,60,0.999850488823204,0.17320508075688776
2026-08-31T22:17:36.172,125895421,P037,rhythm_normal,NORMAL,,,,466,5447317,115224,122500,114290.12,120086.3,933.88,2413.7,2404.54,703.8,False,False,nan,True,0.8499,93.57,95.2,True,0,COLLECTING,0,,0,,,,,10,63,119,30,60,0.999850488823204,0.17320508075688776
2026-08-31T22:17:36.297,125895546,P037,rhythm_normal,NORMAL,,,,467,5447357,114946,121870,114303.24,120121.98,642.76,1748.02,2240.41,734.53,True,True,680.0,True,0.9544,88.07,95.2,True,0,COLLECTING,0,,0,,,,,10,63,119,30,60,0.999850488823204,0.17320508075688776
2026-08-31T22:17:36.310,125895562,P037,rhythm_normal,NORMAL,,,,468,5447397,113975,119741,114296.68,120114.36,-321.68,-373.36,1586.97,751.58,False,False,nan,True,0.9544,88.07,95.2,True,0,COLLECTING,0,,0,,,,,10,63,119,30,60,0.999850488823204,0.17320508075688776
2026-08-31T22:17:36.321,125895578,P037,rhythm_normal,NORMAL,,,,469,5447437,113652,119109,114283.79,120094.25,-631.79,-985.25,943.91,755.43,False,False,nan,True,0.9544,88.07,95.2,True,0,COLLECTING,0,,0,,,,,10,63,119,30,60,0.999850488823204,0.17320508075688776
2026-08-31T22:17:36.331,125895578,P037,rhythm_normal,NORMAL,,,,470,5447477,113905,119642,114276.21,120085.2,-371.21,-443.2,597.14,752.26,False,False,nan,True,0.9544,88.07,95.2,True,0,COLLECTING,0,,0,,,,,10,63,119,30,60,0.999850488823204,0.17320508075688776
2026-08-31T22:17:36.373,125895625,P037,rhythm_normal,NORMAL,,,,471,5447517,114250,120387,114275.69,120091.24,-25.69,295.76,521.79,747.65,False,False,nan,True,0.9544,88.07,95.2,True,0,COLLECTING,0,,0,,,,,10,63,119,30,60,0.999850488823204,0.17320508075688776
2026-08-31T22:17:36.498,125895750,P037,rhythm_normal,NORMAL,,,,472,5447557,114578,121020,114281.73,120109.82,296.27,910.18,618.89,745.08,False,False,nan,True,0.9544,88.07,95.2,True,0,COLLECTING,0,,0,,,,,11,63,119,30,60,0.9989604596779594,0.17320508075688776
2026-08-31T22:17:36.509,125895765,P037,rhythm_normal,NORMAL,,,,473,5447597,114757,121457,114291.24,120136.77,465.76,1320.23,794.22,746.06,False,False,nan,True,0.9544,88.07,95.2,True,0,COLLECTING,0,,0,,,,,11,63,119,30,60,0.9989604596779594,0.17320508075688776
2026-08-31T22:17:36.522,125895765,P037,rhythm_normal,NORMAL,,,,474,5447637,114724,121345,114299.9,120160.93,424.1,1184.07,891.69,748.97,False,False,nan,True,0.9544,88.07,95.2,True,0,COLLECTING,0,,0,,,,,11,63,119,30,60,0.9989604596779594,0.17320508075688776
2026-08-31T22:17:36.532,125895781,P037,rhythm_normal,NORMAL,,,,475,5447677,114616,121202,114306.22,120181.75,309.78,1020.25,923.83,752.47,False,False,nan,True,0.9544,88.07,95.2,True,0,COLLECTING,0,,0,,,,,11,63,119,30,60,0.9989604596779594,0.17320508075688776
2026-08-31T22:17:36.573,125895828,P037,rhythm_normal,NORMAL,,,,476,5447717,114595,121112,114311.99,120200.35,283.01,911.65,920.78,755.84,True,True,360.0,True,0.8501,92.84,95.2,True,0,COLLECTING,0,,0,,,,,11,63,119,30,60,0.9989604596779594,0.17320508075688776
2026-08-31T22:17:36.703,125895953,P037,rhythm_normal,NORMAL,,,,477,5447757,114636,121192,114318.47,120220.19,317.53,971.81,933.54,759.39,False,False,nan,True,0.8501,92.84,95.2,True,0,INCONCLUSIVE,0,,0,,,,,12,57,120,30,60,0.999850488823204,0.17320508075688776
2026-08-31T22:17:36.715,125895968,P037,rhythm_normal,NORMAL,,,,478,5447797,114739,121400,114326.88,120243.78,412.12,1156.22,989.21,763.99,False,False,nan,True,0.8501,92.84,95.2,True,0,INCONCLUSIVE,0,,0,,,,,12,57,120,30,60,0.999850488823204,0.17320508075688776
2026-08-31T22:17:36.725,125895968,P037,rhythm_normal,NORMAL,,,,479,5447837,114800,121460,114336.34,120268.11,463.66,1191.89,1039.88,769.5,False,False,nan,True,0.8501,92.84,95.2,True,0,INCONCLUSIVE,0,,0,,,,,12,57,120,30,60,0.999850488823204,0.17320508075688776
2026-08-31T22:17:36.733,125895984,P037,rhythm_normal,NORMAL,,,,480,5447877,114821,121662,114346.04,120295.98,474.96,1366.02,1121.41,776.54,False,False,nan,True,0.8501,92.84,95.2,True,0,INCONCLUSIVE,0,,0,,,,,12,57,120,30,60,0.999850488823204,0.17320508075688776
2026-08-31T22:17:36.772,125896015,P037,rhythm_normal,NORMAL,,,,481,5447917,115002,121993,114359.16,120329.92,642.84,1663.08,1256.83,786.15,False,False,nan,True,0.8501,92.84,95.2,True,0,INCONCLUSIVE,0,,0,,,,,12,57,120,30,60,0.999850488823204,0.17320508075688776
2026-08-31T22:17:36.897,125896140,P037,rhythm_normal,NORMAL,,,,482,5447957,115135,122339,114374.67,120370.1,760.33,1968.9,1434.85,799.12,False,False,nan,True,0.8501,92.84,95.2,True,0,INCONCLUSIVE,0,,0,,,,,12,57,120,30,60,0.999850488823204,0.17320508075688776
2026-08-31T22:17:36.911,125896156,P037,rhythm_normal,NORMAL,,,,483,5447997,115007,122006,114387.32,120402.82,619.68,1603.18,1476.93,812.68,False,False,nan,True,0.8501,92.84,95.2,True,0,INCONCLUSIVE,0,,0,,,,,12,57,120,30,60,0.999850488823204,0.17320508075688776
2026-08-31T22:17:36.922,125896171,P037,rhythm_normal,NORMAL,,,,484,5448037,113991,119899,114379.39,120392.74,-388.39,-493.74,984.26,816.11,True,False,nan,True,0.8501,92.84,95.2,True,0,INCONCLUSIVE,0,,0,,,,,12,57,120,30,60,0.999850488823204,0.17320508075688776
2026-08-31T22:17:36.933,125896187,P037,rhythm_normal,NORMAL,,,,485,5448077,113641,119096,114364.62,120366.8,-723.62,-1270.8,420.5,808.2,False,False,nan,True,0.8501,92.84,95.2,True,0,INCONCLUSIVE,0,,0,,,,,12,57,120,30,60,0.999850488823204,0.17320508075688776
2026-08-31T22:17:36.972,125896218,P037,rhythm_normal,NORMAL,,,,486,5448117,113842,119506,114354.17,120349.59,-512.17,-843.59,104.48,794.12,False,False,nan,True,0.8501,92.84,95.2,True,0,INCONCLUSIVE,0,,0,,,,,12,57,120,30,60,0.999850488823204,0.17320508075688776
2026-08-31T22:17:37.097,125896343,P037,rhythm_normal,NORMAL,,,,487,5448157,114124,120175,114349.57,120346.09,-225.57,-171.09,35.58,778.95,False,False,nan,True,0.8501,92.84,95.2,True,0,INCONCLUSIVE,0,,0,,,,,12,57,120,30,60,0.999850488823204,0.17320508075688776
2026-08-31T22:17:37.109,125896359,P037,rhythm_normal,NORMAL,,,,488,5448197,114336,120609,114349.3,120351.35,-13.3,257.65,91.1,765.2,False,False,nan,True,0.8501,92.84,95.2,True,0,INCONCLUSIVE,0,,0,,,,,12,57,120,30,60,0.999850488823204,0.17320508075688776
2026-08-31T22:17:37.121,125896375,P037,rhythm_normal,NORMAL,,,,489,5448237,114418,120800,114350.67,120360.33,67.33,439.67,178.24,753.46,False,False,nan,True,0.8501,92.84,95.2,True,0,INCONCLUSIVE,0,,0,,,,,12,57,120,30,60,0.999850488823204,0.17320508075688776
2026-08-31T22:17:37.133,125896390,P037,rhythm_normal,NORMAL,,,,490,5448277,114286,120480,114349.38,120362.72,-63.38,117.28,163.0,741.65,False,False,nan,True,0.8501,92.84,95.2,True,0,INCONCLUSIVE,0,,0,,,,,12,57,120,30,60,0.999850488823204,0.17320508075688776
2026-08-31T22:17:37.173,125896421,P037,rhythm_normal,NORMAL,,,,491,5448317,114126,120192,114344.91,120359.3,-218.91,-167.3,80.43,728.42,False,False,nan,True,0.8501,92.84,95.2,True,0,INCONCLUSIVE,0,,0,,,,,12,57,120,30,60,0.999850488823204,0.17320508075688776
2026-08-31T22:17:37.298,125896546,P037,rhythm_normal,NORMAL,,,,492,5448357,114147,120240,114340.95,120356.92,-193.95,-116.92,31.09,714.48,False,False,nan,True,0.8501,92.84,95.2,True,0,COLLECTING,0,,0,,,,,11,57,120,30,60,0.999850488823204,0.17320508075688776
2026-08-31T22:17:37.309,125896562,P037,rhythm_normal,NORMAL,,,,493,5448397,114336,120591,114340.84,120361.6,-4.84,229.4,80.67,701.8,False,False,nan,True,0.8501,92.84,95.2,True,0,COLLECTING,0,,0,,,,,11,57,120,30,60,0.999850488823204,0.17320508075688776
2026-08-31T22:17:37.321,125896578,P037,rhythm_normal,NORMAL,,,,494,5448437,114512,120963,114344.27,120373.63,167.73,589.37,207.84,691.92,False,False,nan,True,0.8501,92.84,95.2,True,0,COLLECTING,0,,0,,,,,11,57,120,30,60,0.999850488823204,0.17320508075688776
2026-08-31T22:17:37.331,125896578,P037,rhythm_normal,NORMAL,,,,495,5448477,114656,121249,114350.5,120391.14,305.5,857.86,370.35,685.49,False,False,nan,True,0.8501,92.84,95.2,True,0,COLLECTING,0,,0,,,,,11,57,120,30,60,0.999850488823204,0.17320508075688776
2026-08-31T22:17:37.372,125896625,P037,rhythm_normal,NORMAL,,,,496,5448517,114744,121480,114358.37,120412.91,385.63,1067.09,544.53,682.67,False,False,nan,True,0.8501,92.84,95.2,True,0,COLLECTING,0,,0,,,,,11,57,120,30,60,0.999850488823204,0.17320508075688776
2026-08-31T22:17:37.498,125896750,P037,rhythm_normal,NORMAL,,,,497,5448557,114849,121732,114368.18,120439.3,480.82,1292.7,731.57,683.65,False,False,nan,True,0.8501,92.84,95.2,True,0,COLLECTING,0,,0,,,,,11,57,120,30,60,0.999850488823204,0.17320508075688776
2026-08-31T22:17:37.511,125896765,P037,rhythm_normal,NORMAL,,,,498,5448597,114892,121821,114378.66,120466.93,513.34,1354.07,887.2,687.72,False,False,nan,True,0.8501,92.84,95.2,True,0,COLLECTING,0,,0,,,,,11,57,120,30,60,0.999850488823204,0.17320508075688776
2026-08-31T22:17:37.522,125896765,P037,rhythm_normal,NORMAL,,,,499,5448637,114256,120457,114376.2,120466.73,-120.2,-9.73,662.96,687.22,True,True,920.0,True,0.8157,89.39,95.2,True,0,COLLECTING,0,,0,,,,,11,57,120,30,60,0.999850488823204,0.17320508075688776
2026-08-31T22:17:37.532,125896781,P037,rhythm_normal,NORMAL,,,,500,5448677,113436,118795,114357.4,120433.3,-921.4,-1638.3,87.65,675.23,False,False,nan,True,0.8157,89.39,95.2,True,0,COLLECTING,0,,0,,,,,11,57,120,30,60,0.999850488823204,0.17320508075688776
2026-08-31T22:17:37.574,125896828,P037,rhythm_normal,NORMAL,,,,501,5448717,113458,118800,114339.41,120400.63,-881.41,-1600.63,-334.42,668.42,False,False,nan,True,0.8157,89.39,95.2,True,0,COLLECTING,0,,0,,,,,11,57,120,30,60,0.999850488823204,0.17320508075688776
2026-08-31T22:17:37.697,125896953,P037,rhythm_normal,NORMAL,,,,502,5448757,113723,119327,114327.09,120379.16,-604.09,-1052.16,-513.86,665.33,False,False,nan,True,0.8157,89.39,95.2,True,0,COLLECTING,0,,0,,,,,11,57,120,30,60,0.999850488823204,0.17320508075688776
2026-08-31T22:17:37.709,125896953,P037,rhythm_normal,NORMAL,,,,503,5448797,113904,119770,114318.62,120366.98,-414.62,-596.98,-534.64,662.71,False,False,nan,True,0.8157,89.39,95.2,True,0,COLLECTING,0,,0,,,,,11,57,120,30,60,0.999850488823204,0.17320508075688776
2026-08-31T22:17:37.719,125896968,P037,rhythm_normal,NORMAL,,,,504,5448837,114094,120135,114314.13,120362.34,-220.13,-227.34,-457.81,658.61,False,False,nan,True,0.8157,89.39,95.2,True,0,COLLECTING,0,,0,,,,,11,57,120,30,60,0.999850488823204,0.17320508075688776
2026-08-31T22:17:37.729,125896984,P037,rhythm_normal,NORMAL,,,,505,5448877,114148,120303,114310.81,120361.16,-162.81,-58.16,-357.9,652.6,False,False,nan,True,0.8157,89.39,95.2,True,0,COLLECTING,0,,0,,,,,11,57,120,30,60,0.999850488823204,0.17320508075688776
2026-08-31T22:17:37.773,125897031,P037,rhythm_normal,NORMAL,,,,506,5448917,114046,120107,114305.52,120356.07,-259.52,-249.07,-330.69,646.16,False,False,nan,True,0.8157,89.39,95.2,True,0,COLLECTING,0,,0,,,,,11,57,120,30,60,0.999850488823204,0.17320508075688776
2026-08-31T22:17:37.897,125897140,P037,rhythm_normal,NORMAL,,,,507,5448957,114020,120027,114299.8,120349.49,-279.8,-322.49,-328.64,639.81,False,False,nan,True,0.8157,89.39,95.2,True,0,COLLECTING,0,,0,,,,,11,57,120,30,60,1.0002499687578101,0.17320508075688776
2026-08-31T22:17:37.908,125897156,P037,rhythm_normal,NORMAL,,,,508,5448997,114132,120280,114296.45,120348.1,-164.45,-68.1,-263.51,632.28,False,False,nan,True,0.8157,89.39,95.2,True,0,COLLECTING,0,,0,,,,,11,57,120,30,60,1.0002499687578101,0.17320508075688776
2026-08-31T22:17:37.920,125897171,P037,rhythm_normal,NORMAL,,,,509,5449037,114313,120687,114296.77,120354.88,16.23,332.12,-114.6,621.93,False,False,nan,True,0.8157,89.39,95.2,True,0,COLLECTING,0,,0,,,,,11,57,120,30,60,1.0002499687578101,0.17320508075688776
2026-08-31T22:17:37.929,125897187,P037,rhythm_normal,NORMAL,,,,510,5449077,114468,121008,114300.2,120367.95,167.8,640.05,74.06,610.97,False,False,nan,True,0.8157,89.39,95.2,True,0,COLLECTING,0,,0,,,,,11,57,120,30,60,1.0002499687578101,0.17320508075688776
2026-08-31T22:17:37.973,125897218,P037,rhythm_normal,NORMAL,,,,511,5449117,114573,121244,114305.65,120385.47,267.35,858.53,270.18,604.16,False,False,nan,True,0.8157,89.39,95.2,True,0,COLLECTING,0,,0,,,,,11,57,120,30,60,1.0002499687578101,0.17320508075688776
2026-08-31T22:17:38.102,125897359,P037,rhythm_normal,NORMAL,,,,512,5449157,114685,121482,114313.23,120407.4,371.77,1074.6,471.29,601.5,False,False,nan,True,0.8157,89.39,95.2,True,0,COLLECTING,0,,0,,,,,10,57,120,30,60,0.999850488823204,0.17320508075688776
2026-08-31T22:17:38.113,125897359,P037,rhythm_normal,NORMAL,,,,513,5449197,114752,121641,114322.01,120432.07,429.99,1208.93,655.7,602.58,False,False,nan,True,0.8157,89.39,95.2,True,0,COLLECTING,0,,0,,,,,10,57,120,30,60,0.999850488823204,0.17320508075688776
2026-08-31T22:17:38.123,125897375,P037,rhythm_normal,NORMAL,,,,514,5449237,114710,121573,114329.77,120454.89,380.23,1118.11,771.3,605.96,False,False,nan,True,0.8157,89.39,95.2,True,0,COLLECTING,0,,0,,,,,10,57,120,30,60,0.999850488823204,0.17320508075688776
2026-08-31T22:17:38.132,125897390,P037,rhythm_normal,NORMAL,,,,515,5449277,114029,120088,114323.75,120447.55,-294.75,-359.55,488.59,603.61,True,True,640.0,True,0.8157,89.39,95.2,True,0,COLLECTING,0,,0,,,,,10,57,120,30,60,0.999850488823204,0.17320508075688776
2026-08-31T22:17:38.173,125897421,P037,rhythm_normal,NORMAL,,,,516,5449317,113237,118460,114302.02,120407.8,-1065.02,-1947.8,-120.51,593.95,False,False,nan,True,0.8157,89.39,95.2,True,0,COLLECTING,0,,0,,,,,10,57,120,30,60,0.999850488823204,0.17320508075688776
2026-08-31T22:17:38.299,125897546,P037,rhythm_normal,NORMAL,,,,517,5449357,113177,118339,114279.52,120366.43,-1102.52,-2027.43,-597.24,594.02,False,False,nan,True,0.8157,89.39,95.2,True,0,COLLECTING,0,,0,,,,,11,57,120,30,60,0.999850488823204,0.17320508075688776
2026-08-31T22:17:38.309,125897562,P037,rhythm_normal,NORMAL,,,,518,5449397,113336,118670,114260.65,120332.5,-924.65,-1662.5,-863.56,599.41,False,False,nan,True,0.8157,89.39,95.2,True,0,COLLECTING,0,,0,,,,,11,57,120,30,60,0.999850488823204,0.17320508075688776
2026-08-31T22:17:38.320,125897578,P037,rhythm_normal,NORMAL,,,,519,5449437,113444,118902,114244.31,120303.89,-800.31,-1401.89,-998.14,607.38,False,False,nan,True,0.8157,89.39,95.2,True,0,COLLECTING,0,,0,,,,,11,57,120,30,60,0.999850488823204,0.17320508075688776
2026-08-31T22:17:38.329,125897578,P037,rhythm_normal,NORMAL,,,,520,5449477,113550,119123,114230.43,120280.27,-680.43,-1157.27,-1037.92,615.99,False,False,nan,True,0.8157,89.39,95.2,True,0,COLLECTING,0,,0,,,,,11,57,120,30,60,0.999850488823204,0.17320508075688776
2026-08-31T22:17:38.372,125897625,P037,rhythm_normal,NORMAL,,,,521,5449517,113653,119340,114218.88,120261.47,-565.88,-921.47,-1008.81,623.85,False,False,nan,True,0.8157,89.39,95.2,True,0,COLLECTING,0,,0,,,,,11,57,120,30,60,0.999850488823204,0.17320508075688776
2026-08-31T22:17:38.497,125897750,P037,rhythm_normal,NORMAL,,,,522,5449557,113572,119190,114205.95,120240.04,-633.95,-1050.04,-1019.12,631.75,False,False,nan,True,0.8157,89.39,95.2,True,0,COLLECTING,0,,0,,,,,11,57,120,30,60,0.999850488823204,0.17320508075688776
2026-08-31T22:17:38.508,125897765,P037,rhythm_normal,NORMAL,,,,523,5449597,113570,119200,114193.23,120219.24,-623.23,-1019.24,-1019.15,639.5,False,False,nan,True,0.8157,89.39,95.2,True,0,COLLECTING,0,,0,,,,,11,57,120,30,60,0.999850488823204,0.17320508075688776
2026-08-31T22:17:38.520,125897765,P037,rhythm_normal,NORMAL,,,,524,5449637,113688,119434,114183.12,120203.54,-495.12,-769.54,-956.75,645.85,False,False,nan,True,0.8157,89.39,95.2,True,0,COLLECTING,0,,0,,,,,11,57,120,30,60,0.999850488823204,0.17320508075688776
2026-08-31T22:17:38.530,125897781,P037,rhythm_normal,NORMAL,,,,525,5449677,113836,119758,114176.18,120194.62,-340.18,-436.62,-826.72,649.46,False,False,nan,True,0.8157,89.39,95.2,True,0,COLLECTING,0,,0,,,,,11,57,120,30,60,0.999850488823204,0.17320508075688776
2026-08-31T22:17:38.572,125897828,P037,rhythm_normal,NORMAL,,,,526,5449717,113974,120047,114172.13,120191.67,-198.13,-144.67,-656.2,649.6,False,False,nan,True,0.8157,89.39,95.2,True,0,COLLECTING,0,,0,,,,,11,57,120,30,60,0.999850488823204,0.17320508075688776
2026-08-31T22:17:38.697,125897953,P037,rhythm_normal,NORMAL,,,,527,5449757,114060,120247,114169.89,120192.78,-109.89,54.22,-478.6,646.18,False,False,nan,True,0.8157,89.39,95.2,True,0,COLLECTING,0,,0,,,,,11,57,120,30,60,0.9989604596779594,0.17320508075688776
2026-08-31T22:17:38.709,125897953,P037,rhythm_normal,NORMAL,,,,528,5449797,114130,120412,114169.09,120197.16,-39.09,214.84,-305.24,639.36,False,False,nan,True,0.8157,89.39,95.2,True,0,COLLECTING,0,,0,,,,,11,57,120,30,60,0.9989604596779594,0.17320508075688776
2026-08-31T22:17:38.719,125897968,P037,rhythm_normal,NORMAL,,,,529,5449837,114218,120588,114170.07,120204.98,47.93,383.02,-133.18,629.24,False,False,nan,True,0.8157,89.39,95.2,True,0,COLLECTING,0,,0,,,,,11,57,120,30,60,0.9989604596779594,0.17320508075688776
2026-08-31T22:17:38.729,125897984,P037,rhythm_normal,NORMAL,,,,530,5449877,114311,120802,114172.89,120216.92,138.11,585.08,46.39,617.58,False,False,nan,True,0.8157,89.39,95.2,True,0,COLLECTING,0,,0,,,,,11,57,120,30,60,0.9989604596779594,0.17320508075688776
2026-08-31T22:17:38.771,125898015,P037,rhythm_normal,NORMAL,,,,531,5449917,114318,120814,114175.79,120228.87,142.21,585.13,181.07,608.85,False,False,nan,True,0.8157,89.39,95.2,True,0,COLLECTING,0,,0,,,,,11,57,120,30,60,0.9989604596779594,0.17320508075688776
2026-08-31T22:17:38.897,125898140,P037,rhythm_normal,NORMAL,,,,532,5449957,113687,119491,114166.02,120214.11,-479.02,-723.11,-44.97,597.57,False,False,nan,True,0.8157,89.39,95.2,True,0,COLLECTING,0,,0,,,,,11,57,120,30,60,0.999850488823204,0.17320508075688776
2026-08-31T22:17:38.908,125898156,P037,rhythm_normal,NORMAL,,,,533,5449997,113041,118168,114143.52,120173.19,-1102.52,-2005.19,-535.03,596.32,False,False,nan,True,0.8157,89.39,95.2,True,0,COLLECTING,0,,0,,,,,11,57,120,30,60,0.999850488823204,0.17320508075688776
2026-08-31T22:17:38.919,125898171,P037,rhythm_normal,NORMAL,,,,534,5450037,113040,118162,114121.45,120132.96,-1081.45,-1970.96,-894.01,602.27,False,False,nan,True,0.8157,89.39,95.2,True,0,COLLECTING,0,,0,,,,,11,57,120,30,60,0.999850488823204,0.17320508075688776
2026-08-31T22:17:38.929,125898187,P037,rhythm_normal,NORMAL,,,,535,5450077,113211,118517,114103.23,120100.64,-892.23,-1583.64,-1066.42,611.56,False,False,nan,True,0.8157,89.39,95.2,True,0,COLLECTING,0,,0,,,,,11,57,120,30,60,0.999850488823204,0.17320508075688776
2026-08-31T22:17:38.972,125898218,P037,rhythm_normal,NORMAL,,,,536,5450117,113311,118719,114087.39,120073.01,-776.39,-1354.01,-1138.31,622.09,False,False,nan,True,0.8157,89.39,95.2,True,0,COLLECTING,0,,0,,,,,11,57,120,30,60,0.999850488823204,0.17320508075688776
2026-08-31T22:17:39.097,125898343,P037,rhythm_normal,NORMAL,,,,537,5450157,113393,118910,114073.5,120049.75,-680.5,-1139.75,-1138.67,632.42,False,False,nan,True,0.8157,89.39,95.2,True,0,COLLECTING,0,,0,,,,,11,57,120,30,60,0.9989604596779594,0.17320508075688776
2026-08-31T22:17:39.109,125898359,P037,rhythm_normal,NORMAL,,,,538,5450197,113506,119129,114062.15,120031.34,-556.15,-902.34,-1079.59,641.37,False,False,nan,True,0.8157,89.39,95.2,True,0,COLLECTING,0,,0,,,,,11,57,120,30,60,0.9989604596779594,0.17320508075688776
2026-08-31T22:17:39.121,125898375,P037,rhythm_normal,NORMAL,,,,539,5450237,113494,119129,114050.79,120013.29,-556.79,-884.29,-1030.76,649.16,False,False,nan,True,0.8157,89.39,95.2,True,0,COLLECTING,0,,0,,,,,11,57,120,30,60,0.9989604596779594,0.17320508075688776
2026-08-31T22:17:39.132,125898390,P037,rhythm_normal,NORMAL,,,,540,5450277,113495,119156,114039.67,119996.14,-544.67,-840.14,-983.11,655.83,False,False,nan,True,0.8157,89.39,95.2,True,0,COLLECTING,0,,0,,,,,11,57,120,30,60,0.9989604596779594,0.17320508075688776
2026-08-31T22:17:39.172,125898421,P037,rhythm_normal,NORMAL,,,,541,5450317,113598,119362,114030.84,119983.46,-432.84,-621.46,-892.7,660.57,False,False,nan,True,0.8157,89.39,95.2,True,0,COLLECTING,0,,0,,,,,11,57,120,30,60,0.9989604596779594,0.17320508075688776
2026-08-31T22:17:39.297,125898546,P037,rhythm_normal,NORMAL,,,,542,5450357,113756,119699,114025.34,119977.77,-269.34,-278.77,-739.22,662.14,False,False,nan,True,0.8157,89.39,95.2,True,0,COLLECTING,0,,0,,,,,11,57,120,30,60,0.9989604596779594,0.17320508075688776
2026-08-31T22:17:39.310,125898562,P037,rhythm_normal,NORMAL,,,,543,5450397,113938,120091,114023.59,119980.04,-85.59,110.96,-526.67,659.43,False,False,nan,True,0.8157,89.39,96.78,True,0,COLLECTING,0,,0,,,,,11,57,120,30,60,0.9989604596779594,0.17320508075688776
2026-08-31T22:17:39.320,125898578,P037,rhythm_normal,NORMAL,,,,544,5450437,114052,120348,114024.16,119987.4,27.84,360.6,-304.85,652.34,False,False,nan,True,0.8157,89.39,96.78,True,0,COLLECTING,0,,0,,,,,11,57,120,30,60,0.9989604596779594,0.17320508075688776
2026-08-31T22:17:39.329,125898578,P037,rhythm_normal,NORMAL,,,,545,5450477,114142,120534,114026.52,119998.33,115.48,535.67,-94.72,641.19,False,False,nan,True,0.8157,89.39,96.78,True,0,COLLECTING,0,,0,,,,,11,57,120,30,60,0.9989604596779594,0.17320508075688776
2026-08-31T22:17:39.372,125898625,P037,rhythm_normal,NORMAL,,,,546,5450517,114229,120734,114030.56,120013.04,198.44,720.96,109.2,630.55,False,False,nan,True,0.8157,89.39,96.78,True,0,COLLECTING,0,,0,,,,,11,57,120,30,60,0.9989604596779594,0.17320508075688776
2026-08-31T22:17:39.498,125898750,P037,rhythm_normal,NORMAL,,,,547,5450557,114252,120795,114034.99,120028.68,217.01,766.32,273.48,623.41,False,False,nan,True,0.8157,89.39,96.78,True,0,COLLECTING,0,,0,,,,,11,57,120,30,60,0.999850488823204,0.17320508075688776
2026-08-31T22:17:39.511,125898765,P037,rhythm_normal,NORMAL,,,,548,5450597,114302,120900,114040.34,120046.11,261.66,853.89,418.58,619.31,False,False,nan,True,0.8157,89.39,96.78,True,0,COLLECTING,0,,0,,,,,11,57,120,30,60,0.999850488823204,0.17320508075688776
2026-08-31T22:17:39.520,125898765,P037,rhythm_normal,NORMAL,,,,549,5450637,114400,121128,114047.53,120067.75,352.47,1060.25,579.0,618.51,False,False,nan,True,0.8157,89.39,96.78,True,0,COLLECTING,0,,0,,,,,11,57,120,30,60,0.999850488823204,0.17320508075688776
2026-08-31T22:17:39.530,125898781,P037,rhythm_normal,NORMAL,,,,550,5450677,114406,121145,114054.7,120089.3,351.3,1055.7,698.18,620.1,False,False,nan,True,0.8157,89.39,96.78,True,0,COLLECTING,0,,0,,,,,11,57,120,30,60,0.999850488823204,0.17320508075688776
2026-08-31T22:17:39.572,125898828,P037,rhythm_normal,NORMAL,,,,551,5450717,113605,119441,114045.71,120076.33,-440.71,-635.33,364.8,614.99,True,True,1440.0,True,0.7,77.8,96.78,True,0,COLLECTING,0,,0,,,,,11,57,120,30,60,0.999850488823204,0.17320508075688776
2026-08-31T22:17:39.708,125898953,P037,rhythm_normal,NORMAL,,,,552,5450757,112979,118151,114024.38,120037.82,-1045.38,-1886.82,-198.11,606.66,False,False,nan,True,0.7,77.8,96.78,True,0,COLLECTING,0,,0,,,,,11,57,120,30,60,0.999850488823204,0.17320508075688776
2026-08-31T22:17:39.719,125898968,P037,rhythm_normal,NORMAL,,,,553,5450797,113028,118251,114004.45,120002.09,-976.45,-1751.09,-586.35,606.25,False,False,nan,True,0.7,77.8,96.78,True,0,COLLECTING,0,,0,,,,,11,57,120,30,60,0.999850488823204,0.17320508075688776
2026-08-31T22:17:39.729,125898984,P037,rhythm_normal,NORMAL,,,,554,5450837,113204,118602,113988.44,119974.09,-784.44,-1372.09,-782.78,609.78,False,False,nan,True,0.7,77.8,96.78,True,0,COLLECTING,0,,0,,,,,11,57,120,30,60,0.999850488823204,0.17320508075688776
2026-08-31T22:17:39.732,125898984,P037,rhythm_normal,NORMAL,,,,555,5450877,113231,118687,113973.29,119948.34,-742.29,-1261.34,-902.42,615.63,False,False,nan,True,0.7,77.8,96.78,True,0,COLLECTING,0,,0,,,,,11,57,120,30,60,0.999850488823204,0.17320508075688776
2026-08-31T22:17:39.773,125899031,P037,rhythm_normal,NORMAL,,,,556,5450917,113328,118890,113960.38,119927.18,-632.38,-1037.18,-936.11,622.04,False,False,nan,True,0.7,77.8,96.78,True,0,COLLECTING,0,,0,,,,,11,57,120,30,60,0.999850488823204,0.17320508075688776
2026-08-31T22:17:39.898,125899156,P037,rhythm_normal,NORMAL,,,,557,5450957,113448,119144,113950.13,119911.52,-502.13,-767.52,-893.96,627.48,False,False,nan,True,0.7,77.8,96.78,True,0,COLLECTING,0,,0,,,,,11,57,120,30,60,0.999850488823204,0.17320508075688776
2026-08-31T22:17:39.909,125899156,P037,rhythm_normal,NORMAL,,,,558,5450997,113416,119084,113939.45,119894.97,-523.45,-810.97,-873.21,632.4,False,False,nan,True,0.7,77.8,96.78,True,0,COLLECTING,0,,0,,,,,11,57,120,30,60,0.999850488823204,0.17320508075688776
2026-08-31T22:17:39.920,125899171,P037,rhythm_normal,NORMAL,,,,559,5451037,113389,119039,113928.45,119877.85,-539.45,-838.85,-864.62,637.04,False,False,nan,True,0.7,77.8,96.78,True,0,COLLECTING,0,,0,,,,,11,57,120,30,60,0.999850488823204,0.17320508075688776
2026-08-31T22:17:39.930,125899187,P037,rhythm_normal,NORMAL,,,,560,5451077,113475,119226,113919.38,119864.81,-444.38,-638.81,-808.17,640.46,False,False,nan,True,0.7,77.8,96.78,True,0,COLLECTING,0,,0,,,,,11,57,120,30,60,0.999850488823204,0.17320508075688776
2026-08-31T22:17:39.973,125899218,P037,rhythm_normal,NORMAL,,,,561,5451117,113624,119540,113913.47,119858.31,-289.47,-318.31,-685.71,641.37,False,False,nan,True,0.7,77.8,96.78,True,0,COLLECTING,0,,0,,,,,11,57,120,30,60,0.999850488823204,0.17320508075688776
2026-08-31T22:17:40.098,125899343,P037,rhythm_normal,NORMAL,,,,562,5451157,113775,119861,113910.7,119858.37,-135.7,2.63,-513.62,638.81,False,False,nan,True,0.7,77.8,96.78,True,0,COLLECTING,0,,0,,,,,11,57,120,30,60,0.999850488823204,0.17320508075688776
2026-08-31T22:17:40.109,125899359,P037,rhythm_normal,NORMAL,,,,563,5451197,113899,120111,113910.47,119863.42,-11.47,247.58,-323.32,632.5,False,False,nan,True,0.7,77.8,96.78,True,0,COLLECTING,0,,0,,,,,11,57,120,30,60,0.999850488823204,0.17320508075688776
2026-08-31T22:17:40.119,125899375,P037,rhythm_normal,NORMAL,,,,564,5451237,113967,120265,113911.6,119871.45,55.4,393.55,-144.1,622.74,False,False,nan,True,0.7,77.8,96.78,True,0,COLLECTING,0,,0,,,,,11,57,120,30,60,0.999850488823204,0.17320508075688776
2026-08-31T22:17:40.128,125899375,P037,rhythm_normal,NORMAL,,,,565,5451277,114021,120409,113913.79,119882.2,107.21,526.8,23.62,610.75,False,False,nan,True,0.7,77.8,96.78,True,0,COLLECTING,0,,0,,,,,11,57,120,30,60,0.999850488823204,0.17320508075688776
2026-08-31T22:17:40.171,125899421,P037,rhythm_normal,NORMAL,,,,566,5451317,114061,120499,113916.73,119894.54,144.27,604.46,168.83,601.91,False,False,nan,True,0.7,77.8,96.78,True,0,COLLECTING,0,,0,,,,,11,57,120,30,60,0.999850488823204,0.17320508075688776
2026-08-31T22:17:40.297,125899546,P037,rhythm_normal,NORMAL,,,,567,5451357,114164,120700,113921.68,119910.65,242.32,789.35,323.96,596.36,False,False,nan,True,0.7,77.8,96.78,True,0,COLLECTING,0,,0,,,,,11,57,120,30,60,0.999850488823204,0.17320508075688776
2026-08-31T22:17:40.309,125899562,P037,rhythm_normal,NORMAL,,,,568,5451397,114275,120993,113928.74,119932.3,346.26,1060.7,508.15,594.59,False,False,nan,True,0.7,77.8,96.78,True,0,COLLECTING,0,,0,,,,,11,57,120,30,60,0.999850488823204,0.17320508075688776
2026-08-31T22:17:40.317,125899562,P037,rhythm_normal,NORMAL,,,,569,5451437,114295,121032,113936.07,119954.29,358.93,1077.71,650.54,595.71,False,False,nan,True,0.7,77.8,96.78,True,0,COLLECTING,0,,0,,,,,11,57,120,30,60,0.999850488823204,0.17320508075688776
2026-08-31T22:17:40.328,125899578,P037,rhythm_normal,NORMAL,,,,570,5451477,113618,119571,113929.71,119946.62,-311.71,-375.62,394.0,591.68,True,True,760.0,True,0.7,76.8,96.78,True,0,COLLECTING,0,,0,,,,,11,57,120,30,60,0.999850488823204,0.17320508075688776
2026-08-31T22:17:40.372,125899625,P037,rhythm_normal,NORMAL,,,,571,5451517,112975,118242,113910.62,119912.53,-935.62,-1670.53,-122.14,582.29,False,False,nan,True,0.7,76.8,96.78,True,0,COLLECTING,0,,0,,,,,11,57,120,30,60,0.999850488823204,0.17320508075688776
2026-08-31T22:17:40.497,125899750,P037,rhythm_normal,NORMAL,,,,572,5451557,113002,118287,113892.45,119880.02,-890.45,-1593.02,-489.86,580.44,False,False,nan,True,0.7,76.8,96.78,True,0,COLLECTING,0,,0,,,,,11,57,120,30,60,0.999850488823204,0.17320508075688776
2026-08-31T22:17:40.508,125899765,P037,rhythm_normal,NORMAL,,,,573,5451597,113216,118757,113878.91,119857.56,-662.91,-1100.56,-642.53,581.68,False,False,nan,True,0.7,76.8,96.78,True,0,COLLECTING,0,,0,,,,,11,57,120,30,60,0.999850488823204,0.17320508075688776
2026-08-31T22:17:40.520,125899765,P037,rhythm_normal,NORMAL,,,,574,5451637,113332,118993,113867.98,119840.27,-535.98,-847.27,-693.72,583.92,False,False,nan,True,0.7,76.8,96.78,True,0,COLLECTING,0,,0,,,,,11,57,120,30,60,0.999850488823204,0.17320508075688776
2026-08-31T22:17:40.528,125899781,P037,rhythm_normal,NORMAL,,,,575,5451677,113426,119209,113859.14,119827.65,-433.14,-618.65,-674.95,585.74,False,False,nan,True,0.7,76.8,96.78,True,0,COLLECTING,0,,0,,,,,11,57,120,30,60,0.999850488823204,0.17320508075688776
2026-08-31T22:17:40.572,125899828,P037,rhythm_normal,NORMAL,,,,576,5451717,113528,119408,113852.52,119819.26,-324.52,-411.26,-609.03,586.21,False,False,nan,True,0.7,76.8,96.78,True,0,COLLECTING,0,,0,,,,,11,57,120,30,60,0.999850488823204,0.17320508075688776
2026-08-31T22:17:40.698,125899953,P037,rhythm_normal,NORMAL,,,,577,5451757,113470,119309,113844.87,119809.05,-374.87,-500.05,-581.78,586.12,False,False,nan,True,0.7,76.8,96.78,True,0,COLLECTING,0,,0,,,,,11,57,120,30,60,0.999850488823204,0.17320508075688776
2026-08-31T22:17:40.709,125899953,P037,rhythm_normal,NORMAL,,,,578,5451797,113396,119161,113835.89,119796.09,-439.89,-635.09,-595.11,586.3,False,False,nan,True,0.7,76.8,96.78,True,0,COLLECTING,0,,0,,,,,11,57,120,30,60,0.999850488823204,0.17320508075688776
2026-08-31T22:17:40.720,125899968,P037,rhythm_normal,NORMAL,,,,579,5451837,113484,119351,113828.85,119787.2,-344.85,-436.2,-555.38,585.68,False,False,nan,True,0.7,76.8,96.78,True,0,COLLECTING,0,,0,,,,,11,57,120,30,60,0.999850488823204,0.17320508075688776
2026-08-31T22:17:40.729,125899984,P037,rhythm_normal,NORMAL,,,,580,5451877,113677,119747,113825.81,119786.39,-148.81,-39.39,-426.38,582.49,False,False,nan,True,0.7,76.8,96.78,True,0,COLLECTING,0,,0,,,,,11,57,120,30,60,0.999850488823204,0.17320508075688776
2026-08-31T22:17:40.772,125900015,P037,rhythm_normal,NORMAL,,,,581,5451917,113816,120061,113825.62,119791.88,-9.62,269.12,-252.51,575.89,False,False,nan,True,0.7,76.8,96.78,True,0,COLLECTING,0,,0,,,,,11,57,120,30,60,0.999850488823204,0.17320508075688776
2026-08-31T22:17:40.897,125900156,P037,rhythm_normal,NORMAL,,,,582,5451957,113895,120225,113827.01,119800.55,67.99,424.45,-83.27,566.04,False,False,nan,True,0.7,76.8,96.78,True,0,COLLECTING,0,,0,,,,,11,57,120,30,60,0.999850488823204,0.17320508075688776
2026-08-31T22:17:40.909,125900156,P037,rhythm_normal,NORMAL,,,,583,5451997,113966,120400,113829.79,119812.54,136.21,587.46,84.41,556.41,False,False,nan,True,0.7,76.8,96.78,True,0,COLLECTING,0,,0,,,,,11,57,120,30,60,0.999850488823204,0.17320508075688776
2026-08-31T22:17:40.919,125900171,P037,rhythm_normal,NORMAL,,,,584,5452037,114037,120556,113833.93,119827.41,203.07,728.59,245.46,550.19,False,False,nan,True,0.7,76.8,96.78,True,0,COLLECTING,0,,0,,,,,11,57,120,30,60,0.999850488823204,0.17320508075688776
2026-08-31T22:17:40.928,125900171,P037,rhythm_normal,NORMAL,,,,585,5452077,114093,120675,113839.11,119844.36,253.89,830.64,391.75,547.02,False,False,nan,True,0.7,76.8,96.78,True,0,COLLECTING,0,,0,,,,,11,57,120,30,60,0.999850488823204,0.17320508075688776
2026-08-31T22:17:40.973,125900218,P037,rhythm_normal,NORMAL,,,,586,5452117,114172,120850,113845.77,119864.47,326.23,985.53,540.2,546.88,False,False,nan,True,0.7,76.8,96.78,True,0,COLLECTING,0,,0,,,,,11,57,120,30,60,0.999850488823204,0.17320508075688776
2026-08-31T22:17:41.097,125900343,P037,rhythm_normal,NORMAL,,,,587,5452157,114235,120990,113853.55,119886.98,381.45,1103.02,680.9,549.56,False,False,nan,True,0.7,76.8,96.78,True,0,COLLECTING,0,,0,,,,,11,57,120,30,60,0.999850488823204,0.17320508075688776
2026-08-31T22:17:41.110,125900359,P037,rhythm_normal,NORMAL,,,,588,5452197,113952,120399,113855.52,119897.22,96.48,501.78,636.12,551.3,True,True,720.0,True,0.7,76.8,96.78,True,0,COLLECTING,0,,0,,,,,11,57,120,30,60,0.999850488823204,0.17320508075688776
2026-08-31T22:17:41.119,125900375,P037,rhythm_normal,NORMAL,,,,589,5452237,113072,118552,113839.84,119870.31,-767.84,-1318.31,147.51,543.22,False,False,nan,True,0.7,76.8,96.78,True,0,COLLECTING,0,,0,,,,,11,57,120,30,60,0.999850488823204,0.17320508075688776
2026-08-31T22:17:41.129,125900375,P037,rhythm_normal,NORMAL,,,,590,5452277,112861,118103,113820.27,119834.97,-959.27,-1731.97,-322.36,538.8,False,False,nan,True,0.7,76.8,96.78,True,0,COLLECTING,0,,0,,,,,11,57,120,30,60,0.999850488823204,0.17320508075688776
2026-08-31T22:17:41.172,125900421,P037,rhythm_normal,NORMAL,,,,591,5452317,112989,118347,113803.64,119805.21,-814.64,-1458.21,-606.32,540.15,False,False,nan,True,0.7,76.8,96.78,True,0,COLLECTING,0,,0,,,,,11,57,120,30,60,0.999850488823204,0.17320508075688776
2026-08-31T22:17:41.297,125900546,P037,rhythm_normal,NORMAL,,,,592,5452357,113128,118656,113790.12,119782.23,-662.12,-1126.23,-736.3,544.08,False,False,nan,True,0.7,76.8,96.78,True,0,COLLECTING,0,,0,,,,,11,57,120,30,60,0.999850488823204,0.17320508075688776
2026-08-31T22:17:41.308,125900562,P037,rhythm_normal,NORMAL,,,,593,5452397,113209,118826,113778.5,119763.1,-569.5,-937.1,-786.5,548.92,False,False,nan,True,0.7,76.8,96.78,True,0,COLLECTING,0,,0,,,,,11,57,120,30,60,0.999850488823204,0.17320508075688776
2026-08-31T22:17:41.320,125900578,P037,rhythm_normal,NORMAL,,,,594,5452437,113305,119020,113769.03,119748.24,-464.03,-728.24,-771.93,553.38,False,False,nan,True,0.7,76.8,96.78,True,0,COLLECTING,0,,0,,,,,11,57,120,30,60,0.999850488823204,0.17320508075688776
2026-08-31T22:17:41.329,125900578,P037,rhythm_normal,NORMAL,,,,595,5452477,113253,118946,113758.71,119732.2,-505.71,-786.2,-775.5,557.83,False,False,nan,True,0.7,76.8,96.78,True,0,COLLECTING,0,,0,,,,,11,57,120,30,60,0.999850488823204,0.17320508075688776
2026-08-31T22:17:41.372,125900625,P037,rhythm_normal,NORMAL,,,,596,5452517,113200,118824,113747.54,119714.03,-547.54,-890.03,-804.13,562.75,False,False,nan,True,0.7,76.8,96.78,True,0,COLLECTING,0,,0,,,,,11,57,120,30,60,0.999850488823204,0.17320508075688776
2026-08-31T22:17:41.498,125900750,P037,rhythm_normal,NORMAL,,,,597,5452557,113250,118938,113737.59,119698.51,-487.59,-760.51,-793.23,567.36,False,False,nan,True,0.7,76.8,96.78,True,0,COLLECTING,0,,0,,,,,11,57,120,30,60,0.999850488823204,0.17320508075688776
2026-08-31T22:17:41.508,125900765,P037,rhythm_normal,NORMAL,,,,598,5452597,113349,119167,113729.81,119687.88,-380.81,-520.88,-725.14,570.52,False,False,nan,True,0.7,76.8,96.78,True,0,COLLECTING,0,,0,,,,,11,57,120,30,60,0.999850488823204,0.17320508075688776
2026-08-31T22:17:41.520,125900765,P037,rhythm_normal,NORMAL,,,,599,5452637,113444,119362,113724.09,119681.36,-280.09,-319.36,-623.69,571.58,False,False,nan,True,0.7,76.8,96.78,True,0,COLLECTING,0,,0,,,,,11,57,120,30,60,0.999850488823204,0.17320508075688776
2026-08-31T22:17:41.530,125900781,P037,rhythm_normal,NORMAL,,,,600,5452677,113530,119539,113720.21,119678.52,-190.21,-139.52,-502.65,570.2,False,False,nan,True,0.7,76.8,96.78,True,0,COLLECTING,0,,0,,,,,11,57,120,30,60,0.999850488823204,0.17320508075688776
2026-08-31T22:17:41.572,125900828,P037,rhythm_normal,NORMAL,,,,601,5452717,113586,119684,113717.52,119678.62,-131.52,5.38,-375.64,566.31,False,False,nan,True,0.7,76.8,96.78,True,0,COLLECTING,0,,0,,,,,11,57,120,30,60,0.999850488823204,0.17320508075688776
2026-08-31T22:17:41.697,125900953,P037,rhythm_normal,NORMAL,,,,602,5452757,113641,119822,113715.99,119681.49,-74.99,140.51,-246.61,559.92,False,False,nan,True,0.7,76.8,96.78,True,0,IRREGULAR,1,0.74,0,735.0,226.0,352.7,0.54,14,54,121,30,60,0.999850488823204,0.17320508075688776
2026-08-31T22:17:41.708,125900953,P037,rhythm_normal,NORMAL,,,,603,5452797,113724,119981,113716.15,119687.48,7.85,293.52,-111.58,550.95,False,False,nan,True,0.7,76.8,96.78,True,0,IRREGULAR,1,0.74,0,735.0,226.0,352.7,0.54,14,54,121,30,60,0.999850488823204,0.17320508075688776
2026-08-31T22:17:41.718,125900968,P037,rhythm_normal,NORMAL,,,,604,5452837,113813,120194,113718.09,119697.62,94.91,496.38,40.41,540.74,False,False,nan,True,0.7,76.8,96.78,True,0,IRREGULAR,1,0.74,0,735.0,226.0,352.7,0.54,14,54,121,30,60,0.999850488823204,0.17320508075688776
2026-08-31T22:17:41.728,125900984,P037,rhythm_normal,NORMAL,,,,605,5452877,113880,120360,113721.32,119710.87,158.68,649.13,192.59,533.78,False,False,nan,True,0.7,76.8,96.78,True,0,IRREGULAR,1,0.74,0,735.0,226.0,352.7,0.54,14,54,121,30,60,0.999850488823204,0.17320508075688776
2026-08-31T22:17:41.772,125901015,P037,rhythm_normal,NORMAL,,,,606,5452917,113890,120365,113724.7,119723.95,165.3,641.05,304.71,529.2,False,False,nan,True,0.7,76.8,96.78,True,0,IRREGULAR,1,0.74,0,735.0,226.0,352.7,0.54,14,54,121,30,60,0.999850488823204,0.17320508075688776
2026-08-31T22:17:41.897,125901140,P037,rhythm_normal,NORMAL,,,,607,5452957,113246,119071,113715.12,119710.89,-469.12,-639.89,68.56,519.98,True,True,760.0,True,0.7,76.43,96.78,True,0,IRREGULAR,1,0.74,0,735.0,226.0,352.7,0.54,14,54,121,30,60,0.999850488823204,0.17320508075688776
2026-08-31T22:17:41.909,125901156,P037,rhythm_normal,NORMAL,,,,608,5452997,112768,118046,113696.18,119677.59,-928.18,-1631.59,-356.48,516.71,False,False,nan,True,0.7,76.43,96.78,True,0,IRREGULAR,1,0.74,0,735.0,226.0,352.7,0.54,14,54,121,30,60,0.999850488823204,0.17320508075688776
2026-08-31T22:17:41.918,125901171,P037,rhythm_normal,NORMAL,,,,609,5453047,112815,118151,113678.55,119647.06,-863.55,-1496.06,-641.38,519.21,False,False,nan,True,0.7,76.43,96.78,True,0,IRREGULAR,1,0.74,0,735.0,226.0,352.7,0.54,14,54,121,30,60,0.999850488823204,0.17320508075688776
2026-08-31T22:17:41.942,125901187,P037,rhythm_normal,NORMAL,,,,610,5453087,113046,118634,113665.91,119626.8,-619.91,-992.8,-729.23,523.41,False,False,nan,True,0.7,76.43,96.78,True,0,IRREGULAR,1,0.74,0,735.0,226.0,352.7,0.54,14,54,121,30,60,0.999850488823204,0.17320508075688776
2026-08-31T22:17:41.982,125901234,P037,rhythm_normal,NORMAL,,,,611,5453127,113188,118877,113656.35,119611.81,-468.35,-734.81,-730.63,527.55,False,False,nan,True,0.7,76.43,96.78,True,0,IRREGULAR,1,0.74,0,735.0,226.0,352.7,0.54,14,54,121,30,60,0.999850488823204,0.17320508075688776
2026-08-31T22:17:42.099,125901343,P037,rhythm_normal,NORMAL,,,,612,5453167,113327,119190,113649.77,119603.38,-322.77,-413.38,-651.31,530.03,False,False,nan,True,0.7,76.43,96.78,True,0,IRREGULAR,1,0.74,0,735.0,226.0,352.7,0.54,14,54,121,30,60,0.999850488823204,0.17320508075688776
2026-08-31T22:17:42.110,125901359,P037,rhythm_normal,NORMAL,,,,613,5453207,113353,119204,113643.83,119595.39,-290.83,-391.39,-586.33,531.15,False,False,nan,True,0.7,76.43,96.78,True,0,IRREGULAR,1,0.74,0,735.0,226.0,352.7,0.54,14,54,121,30,60,0.999850488823204,0.17320508075688776
2026-08-31T22:17:42.120,125901375,P037,rhythm_normal,NORMAL,,,,614,5453247,113256,119064,113636.07,119584.77,-380.07,-520.77,-569.94,531.93,False,False,nan,True,0.7,76.43,96.78,True,0,IRREGULAR,1,0.74,0,735.0,226.0,352.7,0.54,14,54,121,30,60,0.999850488823204,0.17320508075688776
2026-08-31T22:17:42.142,125901390,P037,rhythm_normal,NORMAL,,,,615,5453287,113209,118969,113627.53,119572.45,-418.53,-603.45,-578.32,532.86,False,False,nan,True,0.7,76.43,96.78,True,0,IRREGULAR,1,0.74,0,735.0,226.0,352.7,0.54,14,54,121,30,60,0.999850488823204,0.17320508075688776
2026-08-31T22:17:42.182,125901437,P037,rhythm_normal,NORMAL,,,,616,5453327,113230,119010,113619.58,119561.2,-389.58,-551.2,-571.54,533.63,False,False,nan,True,0.7,76.43,96.78,True,0,IRREGULAR,1,0.74,0,735.0,226.0,352.7,0.54,14,54,121,30,60,0.999850488823204,0.17320508075688776
2026-08-31T22:17:42.299,125901546,P037,rhythm_normal,NORMAL,,,,617,5453367,113299,119085,113613.16,119551.68,-314.16,-466.68,-545.33,533.86,False,False,nan,True,0.7,76.43,96.78,True,0,IRREGULAR,1,0.74,0,735.0,226.0,352.7,0.54,14,54,121,30,60,0.999850488823204,0.17320508075688776
2026-08-31T22:17:42.311,125901562,P037,rhythm_normal,NORMAL,,,,618,5453407,113386,119326,113608.62,119547.16,-222.62,-221.16,-464.28,532.47,False,False,nan,True,0.7,76.43,96.78,True,0,IRREGULAR,1,0.74,0,735.0,226.0,352.7,0.54,14,54,121,30,60,0.999850488823204,0.17320508075688776
2026-08-31T22:17:42.319,125901562,P037,rhythm_normal,NORMAL,,,,619,5453447,113505,119550,113606.55,119547.22,-101.55,2.78,-347.52,528.77,False,False,nan,True,0.7,76.43,96.78,True,0,IRREGULAR,1,0.74,0,735.0,226.0,352.7,0.54,14,54,121,30,60,0.999850488823204,0.17320508075688776
2026-08-31T22:17:42.342,125901593,P037,rhythm_normal,NORMAL,,,,620,5453487,113566,119686,113605.73,119549.99,-39.73,136.01,-226.64,522.73,False,False,nan,True,0.7,76.43,96.78,True,0,IRREGULAR,1,0.74,0,735.0,226.0,352.7,0.54,14,54,121,30,60,0.999850488823204,0.17320508075688776
2026-08-31T22:17:42.381,125901625,P037,rhythm_normal,NORMAL,,,,621,5453527,113645,119844,113606.52,119555.88,38.48,288.12,-97.95,514.23,False,False,nan,True,0.7,76.43,96.78,True,0,IRREGULAR,1,0.74,0,735.0,226.0,352.7,0.54,14,54,121,30,60,0.999850488823204,0.17320508075688776
2026-08-31T22:17:42.499,125901750,P037,rhythm_normal,NORMAL,,,,622,5453567,113729,120055,113608.98,119565.86,120.02,489.14,48.83,504.93,False,False,nan,True,0.7,76.43,96.78,True,0,IRREGULAR,1,0.74,0,735.0,226.0,352.7,0.54,14,54,121,30,60,0.999850488823204,0.17320508075688776
2026-08-31T22:17:42.510,125901765,P037,rhythm_normal,NORMAL,,,,623,5453607,113775,120181,113612.3,119578.16,162.7,602.84,187.33,498.57,False,False,nan,True,0.7,76.43,96.78,True,0,IRREGULAR,1,0.74,0,735.0,226.0,352.7,0.54,14,54,121,30,60,0.999850488823204,0.17320508075688776
2026-08-31T22:17:42.519,125901765,P037,rhythm_normal,NORMAL,,,,624,5453647,113891,120474,113617.87,119596.08,273.13,877.92,359.98,495.8,False,False,nan,True,0.7,76.43,96.78,True,0,IRREGULAR,1,0.74,0,735.0,226.0,352.7,0.54,14,54,121,30,60,0.999850488823204,0.17320508075688776
2026-08-31T22:17:42.543,125901796,P037,rhythm_normal,NORMAL,,,,625,5453687,113991,120680,113625.33,119617.76,365.67,1062.24,535.54,496.6,False,False,nan,True,0.7,76.43,96.78,True,0,IRREGULAR,1,0.74,0,735.0,226.0,352.7,0.54,14,54,121,30,60,0.999850488823204,0.17320508075688776
2026-08-31T22:17:42.583,125901828,P037,rhythm_normal,NORMAL,,,,626,5453727,113377,119402,113620.36,119613.45,-243.36,-211.45,348.8,493.64,True,True,770.0,True,0.7,75.35,96.78,True,0,IRREGULAR,1,0.74,0,735.0,226.0,352.7,0.54,14,54,121,30,60,0.999850488823204,0.17320508075688776
2026-08-31T22:17:42.700,125901953,P037,rhythm_normal,NORMAL,,,,627,5453767,112709,118073,113602.13,119582.63,-893.13,-1509.63,-115.81,486.08,False,False,nan,True,0.7,75.35,96.78,True,0,IRREGULAR,1,0.74,0,735.0,226.0,352.7,0.54,14,54,121,30,60,0.999850488823204,0.17320508075688776
2026-08-31T22:17:42.709,125901953,P037,rhythm_normal,NORMAL,,,,628,5453807,112845,118253,113586.99,119556.04,-741.99,-1303.04,-412.62,484.62,False,False,nan,True,0.7,75.35,96.78,True,0,IRREGULAR,1,0.74,0,735.0,226.0,352.7,0.54,14,54,121,30,60,0.999850488823204,0.17320508075688776
2026-08-31T22:17:42.719,125901968,P037,rhythm_normal,NORMAL,,,,629,5453847,113044,118736,113576.13,119539.64,-532.13,-803.64,-510.37,485.13,False,False,nan,True,0.7,75.35,96.78,True,0,IRREGULAR,1,0.74,0,735.0,226.0,352.7,0.54,14,54,121,30,60,0.999850488823204,0.17320508075688776
2026-08-31T22:17:42.743,125902000,P037,rhythm_normal,NORMAL,,,,630,5453887,113279,119234,113570.19,119533.53,-291.19,-299.53,-457.66,484.58,False,False,nan,True,0.7,75.35,96.78,True,0,IRREGULAR,1,0.74,0,735.0,226.0,352.7,0.54,14,54,121,30,60,0.999850488823204,0.17320508075688776
2026-08-31T22:17:42.782,125902031,P037,rhythm_normal,NORMAL,,,,631,5453927,113417,119582,113567.12,119534.5,-150.12,47.5,-331.37,481.52,False,False,nan,True,0.7,75.35,96.78,True,0,IRREGULAR,1,0.74,0,735.0,226.0,352.7,0.54,14,54,121,30,60,0.999850488823204,0.17320508075688776
2026-08-31T22:17:42.898,125902156,P037,rhythm_normal,NORMAL,,,,632,5453967,113488,119831,113565.54,119540.43,-77.54,290.57,-175.89,475.4,False,False,nan,True,0.7,75.35,96.78,True,0,IRREGULAR,1,0.74,0,735.0,226.0,352.7,0.54,14,54,121,30,60,0.9989604596779594,0.17320508075688776
2026-08-31T22:17:42.910,125902156,P037,rhythm_normal,NORMAL,,,,633,5454007,113467,119762,113563.57,119544.86,-96.57,217.14,-77.63,467.45,False,False,nan,True,0.7,75.35,96.78,True,0,IRREGULAR,1,0.74,0,735.0,226.0,352.7,0.54,14,54,121,30,60,0.9989604596779594,0.17320508075688776
2026-08-31T22:17:42.919,125902171,P037,rhythm_normal,NORMAL,,,,634,5454047,113497,119822,113562.24,119550.4,-65.24,271.6,9.68,458.29,False,False,nan,True,0.7,75.35,96.78,True,0,IRREGULAR,1,0.74,0,735.0,226.0,352.7,0.54,14,54,121,30,60,0.9989604596779594,0.17320508075688776
2026-08-31T22:17:42.941,125902187,P037,rhythm_normal,NORMAL,,,,635,5454087,113666,120176,113564.32,119562.91,101.68,613.09,160.53,452.34,False,False,nan,True,0.7,75.35,96.78,True,0,IRREGULAR,1,0.74,0,735.0,226.0,352.7,0.54,14,54,121,30,60,0.9989604596779594,0.17320508075688776
2026-08-31T22:17:42.983,125902234,P037,rhythm_normal,NORMAL,,,,636,5454127,113929,120730,113571.62,119586.26,357.38,1143.74,406.33,451.42,False,False,nan,True,0.7,75.35,96.78,True,0,IRREGULAR,1,0.74,0,735.0,226.0,352.7,0.54,14,54,121,30,60,0.9989604596779594,0.17320508075688776
2026-08-31T22:17:43.098,125902343,P037,rhythm_normal,NORMAL,,,,637,5454167,114103,121205,113582.24,119618.63,520.76,1586.37,701.34,456.42,False,False,nan,True,0.7,75.35,96.78,True,0,IRREGULAR,1,0.74,0,735.0,226.0,352.7,0.54,14,54,121,30,60,0.999850488823204,0.17320508075688776
2026-08-31T22:17:43.109,125902359,P037,rhythm_normal,NORMAL,,,,638,5454207,114285,121561,113596.3,119657.48,688.7,1903.52,1001.89,467.33,False,False,nan,True,0.7,75.35,96.78,True,0,IRREGULAR,1,0.74,0,735.0,226.0,352.7,0.54,14,54,121,30,60,0.999850488823204,0.17320508075688776
2026-08-31T22:17:43.120,125902375,P037,rhythm_normal,NORMAL,,,,639,5454247,114355,121639,113611.47,119697.11,743.53,1941.89,1236.89,482.72,False,False,nan,True,0.7,75.35,96.78,True,0,IRREGULAR,1,0.74,0,735.0,226.0,352.7,0.54,14,54,121,30,60,0.999850488823204,0.17320508075688776
2026-08-31T22:17:43.142,125902390,P037,rhythm_normal,NORMAL,,,,640,5454287,114280,121505,113624.84,119733.27,655.16,1771.73,1370.6,500.47,False,False,nan,True,0.7,75.35,96.78,True,0,IRREGULAR,1,0.74,0,735.0,226.0,352.7,0.54,14,54,121,30,60,0.999850488823204,0.17320508075688776
2026-08-31T22:17:43.182,125902437,P037,rhythm_normal,NORMAL,,,,641,5454327,114215,121320,113636.64,119765.0,578.36,1555.0,1416.7,518.8,False,False,nan,True,0.7,75.35,96.78,True,0,IRREGULAR,1,0.74,0,735.0,226.0,352.7,0.54,14,54,121,30,60,0.999850488823204,0.17320508075688776
2026-08-31T22:17:43.299,125902546,P037,rhythm_normal,NORMAL,,,,642,5454367,114225,121377,113648.41,119797.24,576.59,1579.76,1457.46,537.57,False,False,nan,True,0.7,75.35,96.78,True,0,IRREGULAR,1,0.74,0,735.0,226.0,352.7,0.54,14,54,121,30,60,0.999850488823204,0.17320508075688776
2026-08-31T22:17:43.310,125902562,P037,rhythm_normal,NORMAL,,,,643,5454407,114316,121503,113661.76,119831.36,654.24,1671.64,1511.01,557.04,False,False,nan,True,0.7,75.35,97.55,True,0,IRREGULAR,1,0.74,0,735.0,226.0,352.7,0.54,14,54,121,30,60,0.999850488823204,0.17320508075688776
2026-08-31T22:17:43.320,125902578,P037,rhythm_normal,NORMAL,,,,644,5454447,114136,121234,113671.24,119859.41,464.76,1374.59,1476.9,575.44,True,True,720.0,True,0.7576,71.32,97.55,True,0,IRREGULAR,1,0.74,0,735.0,226.0,352.7,0.54,14,54,121,30,60,0.999850488823204,0.17320508075688776
2026-08-31T22:17:43.343,125902593,P037,rhythm_normal,NORMAL,,,,645,5454487,113291,119316,113663.64,119848.55,-372.64,-532.55,974.54,583.42,False,False,nan,True,0.7576,71.32,97.55,True,0,IRREGULAR,1,0.74,0,735.0,226.0,352.7,0.54,14,54,121,30,60,0.999850488823204,0.17320508075688776
2026-08-31T22:17:43.381,125902625,P037,rhythm_normal,NORMAL,,,,646,5454527,112786,118283,113646.09,119817.23,-860.09,-1534.23,347.35,578.7,False,False,nan,True,0.7576,71.32,97.55,True,0,IRREGULAR,1,0.74,0,735.0,226.0,352.7,0.54,14,54,121,30,60,0.999850488823204,0.17320508075688776
2026-08-31T22:17:43.499,125902750,P037,rhythm_normal,NORMAL,,,,647,5454567,112896,118483,113631.09,119790.55,-735.09,-1307.55,-66.38,568.45,False,False,nan,True,0.7576,71.32,97.55,True,0,IRREGULAR,1,0.74,0,735.0,226.0,352.7,0.54,14,54,121,30,60,0.9989604596779594,0.17320508075688776
2026-08-31T22:17:43.510,125902765,P037,rhythm_normal,NORMAL,,,,648,5454607,113094,118997,113620.34,119774.68,-526.34,-777.68,-244.2,561.97,False,False,nan,True,0.7576,71.32,97.55,True,0,IRREGULAR,1,0.74,0,735.0,226.0,352.7,0.54,14,54,121,30,60,0.9989604596779594,0.17320508075688776
2026-08-31T22:17:43.520,125902765,P037,rhythm_normal,NORMAL,,,,649,5454647,113311,119265,113614.16,119764.48,-303.16,-499.48,-308.02,556.89,False,False,nan,True,0.7576,71.32,97.55,True,0,IRREGULAR,1,0.74,0,735.0,226.0,352.7,0.54,14,54,121,30,60,0.9989604596779594,0.17320508075688776
2026-08-31T22:17:43.542,125902796,P037,rhythm_normal,NORMAL,,,,650,5454687,113380,119513,113609.48,119759.45,-229.48,-246.45,-292.63,551.6,False,False,nan,True,0.7576,71.32,97.55,True,0,IRREGULAR,1,0.74,0,735.0,226.0,352.7,0.54,14,54,121,30,60,0.9989604596779594,0.17320508075688776
2026-08-31T22:17:43.582,125902828,P037,rhythm_normal,NORMAL,,,,651,5454727,113355,119417,113604.39,119752.6,-249.39,-335.6,-303.37,546.64,False,False,nan,True,0.7576,71.32,97.55,True,0,IRREGULAR,1,0.74,0,735.0,226.0,352.7,0.54,14,54,121,30,60,0.9989604596779594,0.17320508075688776
2026-08-31T22:17:43.699,125902953,P037,rhythm_normal,NORMAL,,,,652,5454767,113179,119116,113595.88,119739.87,-416.88,-623.87,-383.5,543.38,False,False,nan,True,0.7576,71.32,97.55,True,0,IRREGULAR,1,0.74,0,735.0,226.0,352.7,0.54,14,54,121,30,60,0.999850488823204,0.17320508075688776
2026-08-31T22:17:43.710,125902953,P037,rhythm_normal,NORMAL,,,,653,5454807,113219,119152,113588.34,119728.11,-369.34,-576.11,-431.65,541.14,False,False,nan,True,0.7576,71.32,97.55,True,0,IRREGULAR,1,0.74,0,735.0,226.0,352.7,0.54,14,54,121,30,60,0.999850488823204,0.17320508075688776
2026-08-31T22:17:43.718,125902968,P037,rhythm_normal,NORMAL,,,,654,5454847,113393,119513,113584.44,119723.8,-191.44,-210.8,-376.44,537.85,False,False,nan,True,0.7576,71.32,97.55,True,0,IRREGULAR,1,0.74,0,735.0,226.0,352.7,0.54,14,54,121,30,60,0.999850488823204,0.17320508075688776
2026-08-31T22:17:43.742,125903000,P037,rhythm_normal,NORMAL,,,,655,5454887,113576,119939,113584.27,119728.11,-8.27,210.89,-229.61,531.68,False,False,nan,True,0.7576,71.32,97.55,True,0,IRREGULAR,1,0.74,0,735.0,226.0,352.7,0.54,14,54,121,30,60,0.999850488823204,0.17320508075688776
2026-08-31T22:17:43.782,125903031,P037,rhythm_normal,NORMAL,,,,656,5454927,113802,120370,113588.62,119740.95,213.38,629.05,-14.94,521.35,False,False,nan,True,0.7576,71.32,97.55,True,0,IRREGULAR,1,0.74,0,735.0,226.0,352.7,0.54,14,54,121,30,60,0.999850488823204,0.17320508075688776
2026-08-31T22:17:43.898,125903156,P037,rhythm_normal,NORMAL,,,,657,5454967,113857,120556,113593.98,119757.25,263.02,798.75,188.48,514.69,False,False,nan,True,0.7576,71.32,97.55,True,0,IRREGULAR,1,0.74,0,735.0,226.0,352.7,0.54,14,54,121,30,60,0.999850488823204,0.17320508075688776
2026-08-31T22:17:43.908,125903156,P037,rhythm_normal,NORMAL,,,,658,5455007,113899,120614,113600.09,119774.38,298.91,839.62,351.27,511.42,False,False,nan,True,0.7576,71.32,97.55,True,0,IRREGULAR,1,0.74,0,735.0,226.0,352.7,0.54,14,54,121,30,60,0.999850488823204,0.17320508075688776
2026-08-31T22:17:43.918,125903171,P037,rhythm_normal,NORMAL,,,,659,5455047,113933,120783,113606.74,119794.55,326.26,988.45,510.56,511.4,False,False,nan,True,0.7576,71.32,97.55,True,0,IRREGULAR,1,0.74,0,735.0,226.0,352.7,0.54,14,54,121,30,60,0.999850488823204,0.17320508075688776
2026-08-31T22:17:43.943,125903187,P037,rhythm_normal,NORMAL,,,,660,5455087,114004,120905,113614.69,119816.77,389.31,1088.23,654.98,514.28,False,False,nan,True,0.7576,71.32,97.55,True,0,IRREGULAR,1,0.74,0,735.0,226.0,352.7,0.54,14,54,121,30,60,0.999850488823204,0.17320508075688776
2026-08-31T22:17:43.981,125903234,P037,rhythm_normal,NORMAL,,,,661,5455127,114074,121059,113623.88,119841.61,450.12,1217.39,795.58,519.9,False,False,nan,True,0.7576,71.32,97.55,True,0,IRREGULAR,1,0.74,0,735.0,226.0,352.7,0.54,14,54,121,30,60,0.999850488823204,0.17320508075688776
2026-08-31T22:17:44.098,125903343,P037,rhythm_normal,NORMAL,,,,662,5455167,113837,120500,113628.14,119854.77,208.86,645.23,757.99,524.66,True,True,720.0,True,0.7492,73.51,97.55,True,0,IRREGULAR,1,0.74,0,735.0,226.0,352.7,0.54,14,54,121,30,60,0.9989604596779594,0.17320508075688776
2026-08-31T22:17:44.110,125903359,P037,rhythm_normal,NORMAL,,,,663,5455207,112987,118735,113615.32,119832.38,-628.32,-1097.38,294.15,520.05,False,False,nan,True,0.7492,73.51,97.55,True,0,IRREGULAR,1,0.74,0,735.0,226.0,352.7,0.54,14,54,121,30,60,0.9989604596779594,0.17320508075688776
2026-08-31T22:17:44.123,125903375,P037,rhythm_normal,NORMAL,,,,664,5455247,112804,118374,113599.09,119803.21,-795.09,-1429.21,-136.69,512.39,False,False,nan,True,0.7492,73.51,97.55,True,0,IRREGULAR,1,0.74,0,735.0,226.0,352.7,0.54,14,54,121,30,60,0.9989604596779594,0.17320508075688776
2026-08-31T22:17:44.142,125903390,P037,rhythm_normal,NORMAL,,,,665,5455287,113017,118838,113587.45,119783.91,-570.45,-945.91,-338.99,508.92,False,False,nan,True,0.7492,73.51,97.55,True,0,IRREGULAR,1,0.74,0,735.0,226.0,352.7,0.54,14,54,121,30,60,0.9989604596779594,0.17320508075688776
2026-08-31T22:17:44.182,125903437,P037,rhythm_normal,NORMAL,,,,666,5455327,113329,119437,113582.28,119776.97,-253.28,-339.97,-339.24,505.53,False,False,nan,True,0.7492,73.51,97.55,True,0,IRREGULAR,1,0.74,0,735.0,226.0,352.7,0.54,14,54,121,30,60,0.9989604596779594,0.17320508075688776
2026-08-31T22:17:44.299,125903546,P037,rhythm_normal,NORMAL,,,,667,5455367,113484,119826,113580.31,119777.95,-96.31,48.05,-242.42,500.26,False,False,nan,True,0.7492,73.51,97.55,True,0,IRREGULAR,1,0.74,0,735.0,226.0,352.7,0.54,14,54,121,30,60,0.999850488823204,0.17320508075688776
2026-08-31T22:17:44.309,125903562,P037,rhythm_normal,NORMAL,,,,668,5455407,113615,120065,113581.01,119783.7,33.99,281.3,-111.49,492.49,False,False,nan,True,0.7492,73.51,97.55,True,0,IRREGULAR,1,0.74,0,735.0,226.0,352.7,0.54,14,54,121,30,60,0.999850488823204,0.17320508075688776
2026-08-31T22:17:44.318,125903562,P037,rhythm_normal,NORMAL,,,,669,5455447,113453,119796,113578.45,119783.94,-125.45,12.06,-80.6,484.25,False,False,nan,True,0.7492,73.51,97.55,True,0,IRREGULAR,1,0.74,0,735.0,226.0,352.7,0.54,14,54,121,30,60,0.999850488823204,0.17320508075688776
2026-08-31T22:17:44.342,125903593,P037,rhythm_normal,NORMAL,,,,670,5455487,113315,119524,113573.18,119778.74,-258.18,-254.74,-124.13,477.05,False,False,nan,True,0.7492,73.51,97.55,True,0,IRREGULAR,1,0.74,0,735.0,226.0,352.7,0.54,14,54,121,30,60,0.999850488823204,0.17320508075688776
2026-08-31T22:17:44.382,125903625,P037,rhythm_normal,NORMAL,,,,671,5455527,113404,119695,113569.8,119777.07,-165.8,-82.07,-113.62,469.78,False,False,nan,True,0.7492,73.51,97.55,True,0,IRREGULAR,1,0.74,0,735.0,226.0,352.7,0.54,14,54,121,30,60,0.999850488823204,0.17320508075688776
2026-08-31T22:17:44.499,125903750,P037,rhythm_normal,NORMAL,,,,672,5455567,113552,120017,113569.44,119781.87,-17.44,235.13,-26.43,460.91,False,False,nan,True,0.7492,73.51,97.55,True,0,IRREGULAR,1,0.74,0,735.0,226.0,352.7,0.54,14,54,121,30,60,0.9989604596779594,0.17320508075688776
2026-08-31T22:17:44.508,125903765,P037,rhythm_normal,NORMAL,,,,673,5455607,113665,120271,113571.35,119791.65,93.65,479.35,100.01,453.69,False,False,nan,True,0.7492,73.51,97.55,True,0,IRREGULAR,1,0.74,0,735.0,226.0,352.7,0.54,14,54,121,30,60,0.9989604596779594,0.17320508075688776
2026-08-31T22:17:44.517,125903765,P037,rhythm_normal,NORMAL,,,,674,5455647,113759,120468,113575.1,119805.17,183.9,662.83,240.72,449.43,False,False,nan,True,0.7492,73.51,97.55,True,0,IRREGULAR,1,0.74,0,735.0,226.0,352.7,0.54,14,54,121,30,60,0.9989604596779594,0.17320508075688776
2026-08-31T22:17:44.541,125903796,P037,rhythm_normal,NORMAL,,,,675,5455687,113820,120611,113580.0,119821.29,240.0,789.71,377.97,448.01,False,False,nan,True,0.7492,73.51,97.55,True,0,IRREGULAR,1,0.74,0,735.0,226.0,352.7,0.54,14,54,121,30,60,0.9989604596779594,0.17320508075688776
2026-08-31T22:17:44.582,125903828,P037,rhythm_normal,NORMAL,,,,676,5455727,113840,120672,113585.2,119838.3,254.8,833.7,491.9,448.88,False,False,nan,True,0.7492,73.51,97.55,True,0,IRREGULAR,1,0.74,0,735.0,226.0,352.7,0.54,14,54,121,30,60,0.9989604596779594,0.17320508075688776
2026-08-31T22:17:44.698,125903953,P037,rhythm_normal,NORMAL,,,,677,5455767,113907,120825,113591.64,119858.04,315.36,966.96,610.66,452.12,False,False,nan,True,0.7492,73.51,97.55,True,0,IRREGULAR,1,0.74,0,735.0,226.0,352.7,0.54,14,54,121,30,60,0.999850488823204,0.17320508075688776
2026-08-31T22:17:44.706,125903953,P037,rhythm_normal,NORMAL,,,,678,5455807,113975,120963,113599.3,119880.14,375.7,1082.86,728.71,457.65,False,False,nan,True,0.7492,73.51,97.55,True,0,IRREGULAR,1,0.74,0,735.0,226.0,352.7,0.54,14,54,121,30,60,0.999850488823204,0.17320508075688776
2026-08-31T22:17:44.718,125903968,P037,rhythm_normal,NORMAL,,,,679,5455847,113825,120653,113603.82,119895.6,221.18,757.4,735.88,463.22,False,False,nan,True,0.7492,73.51,97.55,True,0,IRREGULAR,1,0.74,0,735.0,226.0,352.7,0.54,14,54,121,30,60,0.999850488823204,0.17320508075688776
2026-08-31T22:17:44.742,125904000,P037,rhythm_normal,NORMAL,,,,680,5455887,113041,118984,113592.56,119877.37,-551.56,-893.37,328.57,460.52,True,True,720.0,True,0.7584,72.62,97.55,True,0,IRREGULAR,1,0.74,0,735.0,226.0,352.7,0.54,14,54,121,30,60,0.999850488823204,0.17320508075688776
2026-08-31T22:17:44.782,125904031,P037,rhythm_normal,NORMAL,,,,681,5455927,112620,118106,113573.11,119841.94,-953.11,-1735.94,-187.56,455.06,False,False,nan,True,0.7584,72.62,97.55,True,0,IRREGULAR,1,0.74,0,735.0,226.0,352.7,0.54,14,54,121,30,60,0.999850488823204,0.17320508075688776
2026-08-31T22:17:44.900,125904156,P037,rhythm_normal,NORMAL,,,,682,5455967,112692,118255,113555.48,119810.2,-863.48,-1555.2,-529.47,456.55,False,False,nan,True,0.7584,72.62,97.55,True,0,IRREGULAR,1,0.74,0,735.0,226.0,352.7,0.54,14,54,121,30,60,1.0002499687578101,0.17320508075688776
2026-08-31T22:17:44.911,125904156,P037,rhythm_normal,NORMAL,,,,683,5456007,112907,118680,113542.52,119787.59,-635.52,-1107.59,-674.0,460.9,False,False,nan,True,0.7584,72.62,97.55,True,0,IRREGULAR,1,0.74,0,735.0,226.0,352.7,0.54,14,54,121,30,60,1.0002499687578101,0.17320508075688776
2026-08-31T22:17:44.921,125904171,P037,rhythm_normal,NORMAL,,,,684,5456047,113036,118938,113532.38,119770.6,-496.38,-832.6,-713.65,465.95,False,False,nan,True,0.7584,72.62,97.55,True,0,IRREGULAR,1,0.74,0,735.0,226.0,352.7,0.54,14,54,121,30,60,1.0002499687578101,0.17320508075688776
2026-08-31T22:17:44.942,125904187,P037,rhythm_normal,NORMAL,,,,685,5456087,113121,119133,113524.16,119757.85,-403.16,-624.85,-691.45,470.46,False,False,nan,True,0.7584,72.62,97.55,True,0,IRREGULAR,1,0.74,0,735.0,226.0,352.7,0.54,14,54,121,30,60,1.0002499687578101,0.17320508075688776
2026-08-31T22:17:44.983,125904234,P037,rhythm_normal,NORMAL,,,,686,5456127,113094,119085,113515.55,119744.4,-421.55,-659.4,-683.44,474.72,False,False,nan,True,0.7584,72.62,97.55,True,0,IRREGULAR,1,0.74,0,735.0,226.0,352.7,0.54,14,54,121,30,60,1.0002499687578101,0.17320508075688776
2026-08-31T22:17:45.098,125904343,P037,rhythm_normal,NORMAL,,,,687,5456167,112965,118842,113504.55,119726.35,-539.55,-884.35,-733.67,479.9,False,False,nan,True,0.7584,72.62,97.55,True,0,IRREGULAR,1,0.74,0,735.0,226.0,352.7,0.54,14,54,121,30,60,0.999850488823204,0.17320508075688776
2026-08-31T22:17:45.110,125904359,P037,rhythm_normal,NORMAL,,,,688,5456207,112971,118830,113493.88,119708.42,-522.88,-878.42,-769.85,485.7,False,False,nan,True,0.7584,72.62,97.55,True,0,IRREGULAR,1,0.74,0,735.0,226.0,352.7,0.54,14,54,121,30,60,0.999850488823204,0.17320508075688776
2026-08-31T22:17:45.119,125904375,P037,rhythm_normal,NORMAL,,,,689,5456247,113094,119096,113485.88,119696.17,-391.88,-600.17,-727.43,490.54,False,False,nan,True,0.7584,72.62,97.55,True,0,IRREGULAR,1,0.74,0,735.0,226.0,352.7,0.54,14,54,121,30,60,0.999850488823204,0.17320508075688776
2026-08-31T22:17:45.142,125904390,P037,rhythm_normal,NORMAL,,,,690,5456287,113240,119404,113480.96,119690.33,-240.96,-286.33,-617.16,493.07,False,False,nan,True,0.7584,72.62,97.55,True,0,IRREGULAR,1,0.74,0,735.0,226.0,352.7,0.54,14,54,121,30,60,0.999850488823204,0.17320508075688776
2026-08-31T22:17:45.182,125904437,P037,rhythm_normal,NORMAL,,,,691,5456327,113313,119578,113477.6,119688.08,-164.6,-110.08,-490.39,493.02,False,False,nan,True,0.7584,72.62,97.55,True,0,IRREGULAR,1,0.74,0,735.0,226.0,352.7,0.54,14,54,121,30,60,0.999850488823204,0.17320508075688776
2026-08-31T22:17:45.299,125904546,P037,rhythm_normal,NORMAL,,,,692,5456367,113409,119783,113476.23,119689.98,-67.23,93.02,-344.53,490.05,False,False,nan,True,0.7584,72.62,97.55,True,0,IRREGULAR,1,0.74,0,735.0,226.0,352.7,0.54,14,54,121,30,60,0.9989604596779594,0.17320508075688776
2026-08-31T22:17:45.311,125904562,P037,rhythm_normal,NORMAL,,,,693,5456407,113501,119996,113476.72,119696.09,24.28,299.91,-183.42,483.91,False,False,nan,True,0.7584,72.62,97.55,True,0,IRREGULAR,1,0.74,0,735.0,226.0,352.7,0.54,14,54,121,30,60,0.9989604596779594,0.17320508075688776
2026-08-31T22:17:45.320,125904578,P037,rhythm_normal,NORMAL,,,,694,5456447,113557,120094,113478.33,119704.05,78.67,389.95,-40.08,475.04,False,False,nan,True,0.7584,72.62,97.55,True,0,IRREGULAR,1,0.74,0,735.0,226.0,352.7,0.54,14,54,121,30,60,0.9989604596779594,0.17320508075688776
2026-08-31T22:17:45.342,125904593,P037,rhythm_normal,NORMAL,,,,695,5456487,113632,120268,113481.4,119715.34,150.6,552.66,108.1,467.7,False,False,nan,True,0.7584,72.62,97.55,True,0,IRREGULAR,1,0.74,0,735.0,226.0,352.7,0.54,14,54,121,30,60,0.9989604596779594,0.17320508075688776
2026-08-31T22:17:45.383,125904640,P037,rhythm_normal,NORMAL,,,,696,5456527,113741,120494,113486.59,119730.91,254.41,763.09,271.85,463.78,False,False,nan,True,0.7584,72.62,97.55,True,0,IRREGULAR,1,0.74,0,735.0,226.0,352.7,0.54,14,54,121,30,60,0.9989604596779594,0.17320508075688776
2026-08-31T22:17:45.498,125904750,P037,rhythm_normal,NORMAL,,,,697,5456567,113454,119917,113485.95,119734.62,-31.95,182.38,249.48,459.5,True,True,680.0,True,0.9671,82.05,97.55,True,0,IRREGULAR,1,0.74,0,735.0,226.0,352.7,0.54,14,54,121,30,60,0.9989604596779594,0.17320508075688776
2026-08-31T22:17:45.510,125904765,P037,rhythm_normal,NORMAL,,,,698,5456607,112710,118340,113470.43,119706.73,-760.43,-1366.73,-154.57,453.4,False,False,nan,True,0.9671,82.05,97.55,True,0,IRREGULAR,1,0.74,0,735.0,226.0,352.7,0.54,14,54,121,30,60,0.9989604596779594,0.17320508075688776
2026-08-31T22:17:45.520,125904765,P037,rhythm_normal,NORMAL,,,,699,5456647,112581,118033,113452.64,119673.26,-871.64,-1640.26,-525.99,454.85,False,False,nan,True,0.9671,82.05,97.55,True,0,IRREGULAR,1,0.74,0,735.0,226.0,352.7,0.54,14,54,121,30,60,0.9989604596779594,0.17320508075688776
2026-08-31T22:17:45.542,125904796,P037,rhythm_normal,NORMAL,,,,700,5456687,112719,118337,113437.97,119646.53,-718.97,-1309.53,-721.88,460.19,False,False,nan,True,0.9671,82.05,97.55,True,0,IRREGULAR,1,0.74,0,735.0,226.0,352.7,0.54,14,54,121,30,60,0.9989604596779594,0.17320508075688776
2026-08-31T22:17:45.582,125904828,P037,rhythm_normal,NORMAL,,,,701,5456727,112935,118798,113427.91,119629.56,-492.91,-831.56,-749.3,465.97,False,False,nan,True,0.9671,82.05,97.55,True,0,IRREGULAR,1,0.74,0,735.0,226.0,352.7,0.54,14,54,121,30,60,0.9989604596779594,0.17320508075688776
2026-08-31T22:17:45.699,125904953,P037,rhythm_normal,NORMAL,,,,702,5456767,113075,119095,113420.85,119618.88,-345.85,-523.88,-692.94,470.51,False,False,nan,True,0.9671,82.05,97.55,True,0,IRREGULAR,1,0.74,0,735.0,226.0,352.7,0.54,14,54,121,30,60,0.9989604596779594,0.17320508075688776
2026-08-31T22:17:45.709,125904953,P037,rhythm_normal,NORMAL,,,,703,5456807,113128,119210,113414.99,119610.7,-286.99,-400.7,-619.88,473.5,False,False,nan,True,0.9671,82.05,97.55,True,0,IRREGULAR,1,0.74,0,735.0,226.0,352.7,0.54,14,54,121,30,60,0.9989604596779594,0.17320508075688776
2026-08-31T22:17:45.718,125904968,P037,rhythm_normal,NORMAL,,,,704,5456847,112994,118949,113406.57,119597.46,-412.57,-648.46,-627.03,476.57,False,False,nan,True,0.9671,82.05,97.55,True,0,IRREGULAR,1,0.74,0,735.0,226.0,352.7,0.54,14,54,121,30,60,0.9989604596779594,0.17320508075688776
2026-08-31T22:17:45.741,125904984,P037,rhythm_normal,NORMAL,,,,705,5456887,112925,118806,113396.94,119581.63,-471.94,-775.63,-664.18,480.32,False,False,nan,True,0.9671,82.05,97.55,True,0,IRREGULAR,1,0.74,0,735.0,226.0,352.7,0.54,14,54,121,30,60,0.9989604596779594,0.17320508075688776
2026-08-31T22:17:45.782,125905031,P037,rhythm_normal,NORMAL,,,,706,5456927,112981,118918,113388.62,119568.36,-407.62,-650.36,-660.72,483.93,False,False,nan,True,0.9671,82.05,97.55,True,0,IRREGULAR,1,0.74,0,735.0,226.0,352.7,0.54,14,54,121,30,60,0.9989604596779594,0.17320508075688776
2026-08-31T22:17:45.898,125905156,P037,rhythm_normal,NORMAL,,,,707,5456967,113082,119147,113382.48,119559.93,-300.48,-412.93,-598.77,486.23,False,False,nan,True,0.9671,82.05,97.55,True,0,IRREGULAR,1,0.74,0,735.0,226.0,352.7,0.54,14,54,121,30,60,0.999850488823204,0.17320508075688776
2026-08-31T22:17:45.909,125905156,P037,rhythm_normal,NORMAL,,,,708,5457007,113220,119419,113379.23,119557.11,-159.23,-138.11,-483.61,486.17,False,False,nan,True,0.9671,82.05,97.55,True,0,IRREGULAR,1,0.74,0,735.0,226.0,352.7,0.54,14,54,121,30,60,0.999850488823204,0.17320508075688776
2026-08-31T22:17:45.918,125905171,P037,rhythm_normal,NORMAL,,,,709,5457047,113331,119670,113378.27,119559.37,-47.27,110.63,-335.05,483.15,False,False,nan,True,0.9671,82.05,97.55,True,0,IRREGULAR,1,0.74,0,735.0,226.0,352.7,0.54,14,54,121,30,60,0.999850488823204,0.17320508075688776
2026-08-31T22:17:45.942,125905187,P037,rhythm_normal,NORMAL,,,,710,5457087,113445,119903,113379.61,119566.24,65.39,336.76,-167.1,476.83,False,False,nan,True,0.9671,82.05,97.55,True,0,IRREGULAR,1,0.74,0,735.0,226.0,352.7,0.54,14,54,121,30,60,0.999850488823204,0.17320508075688776
2026-08-31T22:17:45.982,125905234,P037,rhythm_normal,NORMAL,,,,711,5457127,113487,120009,113381.76,119575.09,105.24,433.91,-16.85,467.63,False,False,nan,True,0.9671,82.05,97.55,True,0,IRREGULAR,1,0.74,0,735.0,226.0,352.7,0.54,14,54,121,30,60,0.999850488823204,0.17320508075688776
2026-08-31T22:17:46.098,125905343,P037,rhythm_normal,NORMAL,,,,712,5457167,113503,120053,113384.18,119584.65,118.82,468.35,104.45,460.37,False,False,nan,True,0.9671,82.05,97.55,True,0,IRREGULAR,1,0.74,0,735.0,226.0,352.7,0.54,14,54,121,30,60,0.999850488823204,0.17320508075688776
2026-08-31T22:17:46.108,125905359,P037,rhythm_normal,NORMAL,,,,713,5457207,113608,120271,113388.66,119598.38,219.34,672.62,246.5,456.09,False,False,nan,True,0.9671,82.05,97.55,True,0,IRREGULAR,1,0.74,0,735.0,226.0,352.7,0.54,14,54,121,30,60,0.999850488823204,0.17320508075688776
2026-08-31T22:17:46.118,125905375,P037,rhythm_normal,NORMAL,,,,714,5457247,113550,120153,113391.88,119609.47,158.12,543.53,320.76,453.38,False,False,nan,True,0.9671,82.05,97.55,True,0,IRREGULAR,1,0.74,0,735.0,226.0,352.7,0.54,14,54,121,30,60,0.999850488823204,0.17320508075688776
2026-08-31T22:17:46.141,125905390,P037,rhythm_normal,NORMAL,,,,715,5457287,112857,118698,113381.19,119591.24,-524.19,-893.24,17.26,444.66,True,True,720.0,True,0.9694,82.62,97.55,True,0,IRREGULAR,1,0.74,0,735.0,226.0,352.7,0.54,14,54,121,30,60,0.999850488823204,0.17320508075688776
2026-08-31T22:17:46.181,125905437,P037,rhythm_normal,NORMAL,,,,716,5457327,112503,117964,113363.62,119558.7,-860.62,-1594.7,-385.73,443.48,False,False,nan,True,0.9694,82.62,97.55,True,0,IRREGULAR,1,0.74,0,735.0,226.0,352.7,0.54,14,54,121,30,60,0.999850488823204,0.17320508075688776
2026-08-31T22:17:46.299,125905546,P037,rhythm_normal,NORMAL,,,,717,5457367,112577,118099,113347.89,119529.5,-770.89,-1430.5,-646.92,447.55,False,False,nan,True,0.9694,82.62,97.55,True,0,IRREGULAR,1,0.74,0,735.0,226.0,352.7,0.54,14,54,121,30,60,0.999850488823204,0.17320508075688776
2026-08-31T22:17:46.311,125905562,P037,rhythm_normal,NORMAL,,,,718,5457407,112757,118485,113336.07,119508.61,-579.07,-1023.61,-741.1,453.42,False,False,nan,True,0.9694,82.62,97.55,True,0,IRREGULAR,1,0.74,0,735.0,226.0,352.7,0.54,14,54,121,30,60,0.999850488823204,0.17320508075688776
2026-08-31T22:17:46.319,125905562,P037,rhythm_normal,NORMAL,,,,719,5457447,112872,118721,113326.79,119492.86,-454.79,-771.86,-748.79,459.33,False,False,nan,True,0.9694,82.62,97.55,True,0,IRREGULAR,1,0.74,0,735.0,226.0,352.7,0.54,14,54,121,30,60,0.999850488823204,0.17320508075688776
2026-08-31T22:17:46.342,125905593,P037,rhythm_normal,NORMAL,,,,720,5457487,112970,118952,113319.66,119482.04,-349.66,-530.04,-694.1,464.02,False,False,nan,True,0.9694,82.62,97.55,True,0,IRREGULAR,1,0.74,0,735.0,226.0,352.7,0.54,14,54,121,30,60,0.999850488823204,0.17320508075688776
2026-08-31T22:17:46.382,125905625,P037,rhythm_normal,NORMAL,,,,721,5457527,112937,118875,113312.0,119469.9,-375.0,-594.9,-669.3,468.13,False,False,nan,True,0.9694,82.62,97.55,True,0,IRREGULAR,1,0.74,0,735.0,226.0,352.7,0.54,14,54,121,30,60,0.999850488823204,0.17320508075688776
2026-08-31T22:17:46.499,125905750,P037,rhythm_normal,NORMAL,,,,722,5457567,112835,118670,113302.46,119453.9,-467.46,-783.9,-697.95,472.73,False,False,nan,True,0.9694,82.62,97.55,True,0,IRREGULAR,1,0.74,0,735.0,226.0,352.7,0.54,14,54,121,30,60,0.999850488823204,0.17320508075688776
2026-08-31T22:17:46.511,125905765,P037,rhythm_normal,NORMAL,,,,723,5457607,112851,118702,113293.43,119438.86,-442.43,-736.86,-707.68,477.42,False,False,nan,True,0.9694,82.62,97.55,True,0,IRREGULAR,1,0.74,0,735.0,226.0,352.7,0.54,14,54,121,30,60,0.999850488823204,0.17320508075688776
2026-08-31T22:17:46.520,125905765,P037,rhythm_normal,NORMAL,,,,724,5457647,112959,118940,113286.74,119428.88,-327.74,-488.88,-652.98,480.94,False,False,nan,True,0.9694,82.62,97.55,True,0,IRREGULAR,1,0.74,0,735.0,226.0,352.7,0.54,14,54,121,30,60,0.999850488823204,0.17320508075688776
2026-08-31T22:17:46.543,125905796,P037,rhythm_normal,NORMAL,,,,725,5457687,113097,119213,113282.95,119424.56,-185.95,-211.56,-542.62,482.17,False,False,nan,True,0.9694,82.62,97.55,True,0,IRREGULAR,1,0.74,0,735.0,226.0,352.7,0.54,14,54,121,30,60,0.999850488823204,0.17320508075688776
2026-08-31T22:17:46.582,125905828,P037,rhythm_normal,NORMAL,,,,726,5457727,113198,119447,113281.25,119425.01,-83.25,21.99,-401.47,480.56,False,False,nan,True,0.9694,82.62,97.55,True,0,IRREGULAR,1,0.74,0,735.0,226.0,352.7,0.54,14,54,121,30,60,0.999850488823204,0.17320508075688776
2026-08-31T22:17:46.699,125905953,P037,rhythm_normal,NORMAL,,,,727,5457767,113282,119636,113281.27,119429.23,0.73,206.77,-249.41,475.93,False,False,nan,True,0.9694,82.62,97.55,True,0,INCONCLUSIVE,0,,0,,,,,20,51,122,30,60,0.999850488823204,0.17320508075688776
2026-08-31T22:17:46.708,125905953,P037,rhythm_normal,NORMAL,,,,728,5457807,113470,120035,113285.04,119441.34,184.96,593.66,-38.64,467.19,False,False,nan,True,0.9694,82.62,97.55,True,0,INCONCLUSIVE,0,,0,,,,,20,51,122,30,60,0.999850488823204,0.17320508075688776
2026-08-31T22:17:46.718,125905968,P037,rhythm_normal,NORMAL,,,,729,5457847,113578,120267,113290.9,119457.86,287.1,809.14,173.3,461.31,False,False,nan,True,0.9694,82.62,97.55,True,0,INCONCLUSIVE,0,,0,,,,,20,51,122,30,60,0.999850488823204,0.17320508075688776
2026-08-31T22:17:46.741,125906000,P037,rhythm_normal,NORMAL,,,,730,5457887,113544,120188,113295.96,119472.46,248.04,715.54,308.86,458.26,False,False,nan,True,0.9694,82.62,97.55,True,0,INCONCLUSIVE,0,,0,,,,,20,51,122,30,60,0.999850488823204,0.17320508075688776
2026-08-31T22:17:46.782,125906031,P037,rhythm_normal,NORMAL,,,,731,5457927,113545,120192,113300.95,119486.85,244.05,705.15,407.93,457.25,False,False,nan,True,0.9694,82.62,97.55,True,0,INCONCLUSIVE,0,,0,,,,,20,51,122,30,60,0.999850488823204,0.17320508075688776
2026-08-31T22:17:46.899,125906156,P037,rhythm_normal,NORMAL,,,,732,5457967,113549,120202,113305.91,119501.16,243.09,700.84,481.16,457.73,False,False,nan,True,0.9694,82.62,97.55,True,0,INCONCLUSIVE,0,,0,,,,,20,51,122,30,60,0.999850488823204,0.17320508075688776
2026-08-31T22:17:46.911,125906156,P037,rhythm_normal,NORMAL,,,,733,5458007,113031,119106,113300.41,119493.25,-269.41,-387.25,264.06,453.86,True,True,720.0,True,0.9694,82.62,97.55,True,0,INCONCLUSIVE,0,,0,,,,,20,51,122,30,60,0.999850488823204,0.17320508075688776
2026-08-31T22:17:46.919,125906171,P037,rhythm_normal,NORMAL,,,,734,5458047,112440,117852,113283.2,119460.42,-843.2,-1608.42,-204.06,448.86,False,False,nan,True,0.9694,82.62,97.55,True,0,INCONCLUSIVE,0,,0,,,,,20,51,122,30,60,0.999850488823204,0.17320508075688776
2026-08-31T22:17:46.942,125906187,P037,rhythm_normal,NORMAL,,,,735,5458087,112418,117790,113265.89,119427.02,-847.89,-1637.02,-562.3,451.13,False,False,nan,True,0.9694,82.62,97.55,True,0,INCONCLUSIVE,0,,0,,,,,20,51,122,30,60,0.999850488823204,0.17320508075688776
2026-08-31T22:17:46.981,125906234,P037,rhythm_normal,NORMAL,,,,736,5458127,112584,118125,113252.25,119400.98,-668.25,-1275.98,-740.72,456.92,False,False,nan,True,0.9694,82.62,97.55,True,0,INCONCLUSIVE,0,,0,,,,,20,51,122,30,60,0.999850488823204,0.17320508075688776
2026-08-31T22:17:47.098,125906343,P037,rhythm_normal,NORMAL,,,,737,5458167,112648,118272,113240.16,119378.4,-592.16,-1106.4,-832.14,464.43,False,False,nan,True,0.9694,82.62,97.55,True,0,INCONCLUSIVE,0,,0,,,,,20,51,122,30,60,0.999850488823204,0.17320508075688776
2026-08-31T22:17:47.110,125906359,P037,rhythm_normal,NORMAL,,,,738,5458207,112690,118375,113229.16,119358.33,-539.16,-983.33,-869.94,472.54,False,False,nan,True,0.9694,82.62,97.55,True,0,INCONCLUSIVE,0,,0,,,,,20,51,122,30,60,0.999850488823204,0.17320508075688776
2026-08-31T22:17:47.119,125906375,P037,rhythm_normal,NORMAL,,,,739,5458247,112745,118488,113219.48,119340.92,-474.48,-852.92,-865.68,480.4,False,False,nan,True,0.9694,82.62,97.55,True,0,INCONCLUSIVE,0,,0,,,,,20,51,122,30,60,0.999850488823204,0.17320508075688776
2026-08-31T22:17:47.141,125906390,P037,rhythm_normal,NORMAL,,,,740,5458287,112693,118384,113208.95,119321.78,-515.95,-937.78,-883.71,488.47,False,False,nan,True,0.9694,82.62,97.55,True,0,INCONCLUSIVE,0,,0,,,,,20,51,122,30,60,0.999850488823204,0.17320508075688776
2026-08-31T22:17:47.182,125906437,P037,rhythm_normal,NORMAL,,,,741,5458327,112618,118254,113197.13,119300.42,-579.13,-1046.42,-924.39,497.19,False,False,nan,True,0.9694,82.62,97.55,True,0,INCONCLUSIVE,0,,0,,,,,20,51,122,30,60,0.999850488823204,0.17320508075688776
2026-08-31T22:17:47.299,125906546,P037,rhythm_normal,NORMAL,,,,742,5458367,112673,118340,113186.65,119281.21,-513.65,-941.21,-928.59,505.81,False,False,nan,True,0.9694,82.62,97.55,True,0,INCONCLUSIVE,0,,0,,,,,20,51,122,30,60,0.999850488823204,0.17320508075688776
2026-08-31T22:17:47.309,125906562,P037,rhythm_normal,NORMAL,,,,743,5458407,112799,118603,113178.9,119267.65,-379.9,-664.65,-862.61,512.95,False,False,nan,True,0.9694,82.62,96.53,True,0,INCONCLUSIVE,0,,0,,,,,20,51,122,30,60,0.999850488823204,0.17320508075688776
2026-08-31T22:17:47.320,125906578,P037,rhythm_normal,NORMAL,,,,744,5458447,112907,118847,113173.46,119259.23,-266.46,-412.23,-750.01,517.69,False,False,nan,True,0.9694,82.62,96.53,True,0,INCONCLUSIVE,0,,0,,,,,20,51,122,30,60,0.999850488823204,0.17320508075688776
2026-08-31T22:17:47.342,125906593,P037,rhythm_normal,NORMAL,,,,745,5458487,112970,118982,113169.39,119253.69,-199.39,-271.69,-630.43,519.95,False,False,nan,True,0.9694,82.62,96.53,True,0,INCONCLUSIVE,0,,0,,,,,20,51,122,30,60,0.999850488823204,0.17320508075688776
2026-08-31T22:17:47.382,125906625,P037,rhythm_normal,NORMAL,,,,746,5458527,113112,119263,113168.24,119253.88,-56.24,9.12,-470.54,518.96,False,False,nan,True,0.9694,82.62,96.53,True,0,INCONCLUSIVE,0,,0,,,,,20,51,122,30,60,0.999850488823204,0.17320508075688776
2026-08-31T22:17:47.499,125906750,P037,rhythm_normal,NORMAL,,,,747,5458567,113193,119443,113168.73,119257.66,24.27,185.34,-306.57,514.71,False,False,nan,True,0.9694,82.62,96.53,True,0,INCONCLUSIVE,0,,0,,,,,20,51,122,30,60,0.999850488823204,0.17320508075688776
2026-08-31T22:17:47.509,125906765,P037,rhythm_normal,NORMAL,,,,748,5458607,113189,119438,113169.14,119261.27,19.86,176.73,-185.74,508.13,False,False,nan,True,0.9694,82.62,96.53,True,0,INCONCLUSIVE,0,,0,,,,,20,51,122,30,60,0.999850488823204,0.17320508075688776
2026-08-31T22:17:47.519,125906765,P037,rhythm_normal,NORMAL,,,,749,5458647,113259,119607,113170.94,119268.18,88.06,338.82,-54.6,499.06,False,False,nan,True,0.9694,82.62,96.53,True,0,INCONCLUSIVE,0,,0,,,,,20,51,122,30,60,0.999850488823204,0.17320508075688776
2026-08-31T22:17:47.542,125906796,P037,rhythm_normal,NORMAL,,,,750,5458687,113335,119765,113174.22,119278.12,160.78,486.88,80.77,490.69,False,False,nan,True,0.9694,82.62,96.53,True,0,INCONCLUSIVE,0,,0,,,,,20,51,122,30,60,0.999850488823204,0.17320508075688776
2026-08-31T22:17:47.582,125906828,P037,rhythm_normal,NORMAL,,,,751,5458727,113352,119799,113177.77,119288.53,174.23,510.47,188.19,484.64,False,False,nan,True,0.9694,82.62,96.53,True,0,INCONCLUSIVE,0,,0,,,,,20,51,122,30,60,0.999850488823204,0.17320508075688776
2026-08-31T22:17:47.698,125906953,P037,rhythm_normal,NORMAL,,,,752,5458767,112919,118894,113172.6,119280.64,-253.6,-386.64,44.48,475.84,True,True,760.0,True,0.9694,82.62,96.53,True,0,INCONCLUSIVE,0,,0,,,,,20,51,122,30,60,0.9989604596779594,0.17320508075688776
2026-08-31T22:17:47.709,125906953,P037,rhythm_normal,NORMAL,,,,753,5458807,112385,117758,113156.85,119250.19,-771.85,-1492.19,-339.68,473.12,False,False,nan,True,0.9694,82.62,96.53,True,0,INCONCLUSIVE,0,,0,,,,,20,51,122,30,60,0.9989604596779594,0.17320508075688776
2026-08-31T22:17:47.719,125906968,P037,rhythm_normal,NORMAL,,,,754,5458847,112338,117653,113140.48,119218.24,-802.48,-1565.24,-646.07,476.58,False,False,nan,True,0.9694,82.62,96.53,True,0,INCONCLUSIVE,0,,0,,,,,20,51,122,30,60,0.9989604596779594,0.17320508075688776
2026-08-31T22:17:47.743,125907000,P037,rhythm_normal,NORMAL,,,,755,5458887,112492,117989,113127.51,119193.66,-635.51,-1204.66,-785.72,482.76,False,False,nan,True,0.9694,82.62,96.53,True,0,INCONCLUSIVE,0,,0,,,,,20,51,122,30,60,0.9989604596779594,0.17320508075688776
2026-08-31T22:17:47.785,125907031,P037,rhythm_normal,NORMAL,,,,756,5458927,112572,118148,113116.4,119172.74,-544.4,-1024.74,-845.47,490.01,False,False,nan,True,0.9694,82.62,96.53,True,0,INCONCLUSIVE,0,,0,,,,,20,51,122,30,60,0.9989604596779594,0.17320508075688776
2026-08-31T22:17:47.899,125907156,P037,rhythm_normal,NORMAL,,,,757,5458967,112633,118278,113106.73,119154.84,-473.73,-876.84,-853.32,497.28,False,False,nan,True,0.9694,82.62,96.53,True,0,INCONCLUSIVE,0,,0,,,,,20,51,122,30,60,0.999850488823204,0.17320508075688776
2026-08-31T22:17:47.910,125907156,P037,rhythm_normal,NORMAL,,,,758,5459007,112696,118417,113098.52,119140.09,-402.52,-723.09,-820.76,503.75,False,False,nan,True,0.9694,82.62,96.53,True,0,INCONCLUSIVE,0,,0,,,,,20,51,122,30,60,0.999850488823204,0.17320508075688776
2026-08-31T22:17:47.919,125907171,P037,rhythm_normal,NORMAL,,,,759,5459047,112621,118277,113088.98,119122.83,-467.98,-845.83,-827.03,510.21,False,False,nan,True,0.9694,82.62,96.53,True,0,INCONCLUSIVE,0,,0,,,,,20,51,122,30,60,0.999850488823204,0.17320508075688776
2026-08-31T22:17:47.942,125907187,P037,rhythm_normal,NORMAL,,,,760,5459087,112605,118234,113079.3,119105.05,-474.3,-871.05,-838.03,516.77,False,False,nan,True,0.9694,82.62,96.53,True,0,INCONCLUSIVE,0,,0,,,,,20,51,122,30,60,0.999850488823204,0.17320508075688776
2026-08-31T22:17:47.981,125907234,P037,rhythm_normal,NORMAL,,,,761,5459127,112686,118412,113071.43,119091.2,-385.43,-679.2,-798.32,522.4,False,False,nan,True,0.9694,82.62,96.53,True,0,INCONCLUSIVE,0,,0,,,,,20,51,122,30,60,0.999850488823204,0.17320508075688776
2026-08-31T22:17:48.099,125907343,P037,rhythm_normal,NORMAL,,,,762,5459167,112780,118607,113065.6,119081.51,-285.6,-474.51,-717.37,526.3,False,False,nan,True,0.9694,82.62,96.53,True,0,INCONCLUSIVE,0,,0,,,,,20,51,122,30,60,0.999850488823204,0.17320508075688776
2026-08-31T22:17:48.109,125907359,P037,rhythm_normal,NORMAL,,,,763,5459207,112869,118795,113061.67,119075.78,-192.67,-280.78,-608.22,527.94,False,False,nan,True,0.9694,82.62,96.53,True,0,INCONCLUSIVE,0,,0,,,,,20,51,122,30,60,0.999850488823204,0.17320508075688776
2026-08-31T22:17:48.121,125907375,P037,rhythm_normal,NORMAL,,,,764,5459247,112997,119065,113060.38,119075.56,-63.38,-10.56,-458.81,526.56,False,False,nan,True,0.9694,82.62,96.53,True,0,INCONCLUSIVE,0,,0,,,,,20,51,122,30,60,0.999850488823204,0.17320508075688776
2026-08-31T22:17:48.141,125907390,P037,rhythm_normal,NORMAL,,,,765,5459287,113048,119177,113060.12,119077.59,-12.12,99.41,-319.25,522.41,False,False,nan,True,0.9694,82.62,96.53,True,0,INCONCLUSIVE,0,,0,,,,,20,51,122,30,60,0.999850488823204,0.17320508075688776
2026-08-31T22:17:48.182,125907437,P037,rhythm_normal,NORMAL,,,,766,5459327,113080,119260,113060.52,119081.24,19.48,178.76,-194.75,515.86,False,False,nan,True,0.9694,82.62,96.53,True,0,INCONCLUSIVE,0,,0,,,,,20,51,122,30,60,0.999850488823204,0.17320508075688776
2026-08-31T22:17:48.298,125907546,P037,rhythm_normal,NORMAL,,,,767,5459367,113148,119406,113062.27,119087.73,85.73,318.27,-66.5,506.87,False,False,nan,True,0.9694,82.62,96.53,True,0,INCONCLUSIVE,0,,0,,,,,20,51,122,30,60,0.999850488823204,0.17320508075688776
2026-08-31T22:17:48.310,125907562,P037,rhythm_normal,NORMAL,,,,768,5459407,113174,119464,113064.51,119095.26,109.49,368.74,42.31,497.58,False,False,nan,True,0.9694,82.62,96.53,True,0,INCONCLUSIVE,0,,0,,,,,20,51,122,30,60,0.999850488823204,0.17320508075688776
2026-08-31T22:17:48.321,125907578,P037,rhythm_normal,NORMAL,,,,769,5459447,113221,119580,113067.64,119104.95,153.36,475.05,150.5,490.64,False,False,nan,True,0.9694,82.62,96.53,True,0,INCONCLUSIVE,0,,0,,,,,20,51,122,30,60,0.999850488823204,0.17320508075688776
2026-08-31T22:17:48.342,125907593,P037,rhythm_normal,NORMAL,,,,770,5459487,113329,119770,113072.87,119118.26,256.13,651.74,275.81,486.34,False,False,nan,True,0.9694,82.62,96.53,True,0,INCONCLUSIVE,0,,0,,,,,20,51,122,30,60,0.999850488823204,0.17320508075688776
2026-08-31T22:17:48.497,125907750,P037,rhythm_normal,NORMAL,,,,771,5459537,113351,119858,113078.43,119133.05,272.57,724.95,388.09,484.38,False,False,nan,True,0.9694,82.62,96.53,True,0,INCONCLUSIVE,0,,0,,,,,20,51,122,30,60,0.999850488823204,0.17320508075688776
2026-08-31T22:17:48.507,125907765,P037,rhythm_normal,NORMAL,,,,772,5459567,112809,118685,113073.04,119124.09,-264.04,-439.09,181.3,478.31,True,True,810.0,True,0.958,82.05,96.53,True,0,INCONCLUSIVE,0,,0,,,,,20,51,122,30,60,0.999850488823204,0.17320508075688776
2026-08-31T22:17:48.520,125907765,P037,rhythm_normal,NORMAL,,,,773,5459617,112329,117648,113058.16,119094.57,-729.16,-1446.57,-225.67,473.26,False,False,nan,True,0.958,82.05,96.53,True,0,INCONCLUSIVE,0,,0,,,,,20,51,122,30,60,0.999850488823204,0.17320508075688776
2026-08-31T22:17:48.529,125907781,P037,rhythm_normal,NORMAL,,,,774,5459657,112321,117593,113043.41,119064.54,-722.41,-1471.54,-537.14,474.54,False,False,nan,True,0.958,82.05,96.53,True,0,INCONCLUSIVE,0,,0,,,,,20,51,122,30,60,0.999850488823204,0.17320508075688776
2026-08-31T22:17:48.552,125907796,P037,rhythm_normal,NORMAL,,,,775,5459697,112463,117960,113031.8,119042.45,-568.8,-1082.45,-673.46,478.52,False,False,nan,True,0.958,82.05,96.53,True,0,INCONCLUSIVE,0,,0,,,,,20,51,122,30,60,0.999850488823204,0.17320508075688776
2026-08-31T22:17:48.706,125907953,P037,rhythm_normal,NORMAL,,,,776,5459737,112534,117988,113021.85,119021.36,-487.85,-1033.36,-763.44,484.22,False,False,nan,True,0.958,82.05,96.53,True,0,INCONCLUSIVE,0,,0,,,,,20,51,122,30,60,0.9996309318943668,0.17320508075688776
2026-08-31T22:17:48.717,125907968,P037,rhythm_normal,NORMAL,,,,777,5459777,112584,118162,113013.09,119004.17,-429.09,-842.17,-783.12,490.19,False,False,nan,True,0.958,82.05,96.53,True,0,INCONCLUSIVE,0,,0,,,,,20,51,122,30,60,0.9996309318943668,0.17320508075688776
2026-08-31T22:17:48.728,125907984,P037,rhythm_normal,NORMAL,,,,778,5459817,112610,118236,113005.03,118988.8,-395.03,-752.8,-775.54,495.9,False,False,nan,True,0.958,82.05,96.53,True,0,INCONCLUSIVE,0,,0,,,,,20,51,122,30,60,0.9996309318943668,0.17320508075688776
2026-08-31T22:17:48.732,125907984,P037,rhythm_normal,NORMAL,,,,779,5459857,112513,118027,112995.19,118969.57,-482.19,-942.57,-817.3,502.33,False,False,nan,True,0.958,82.05,96.53,True,0,INCONCLUSIVE,0,,0,,,,,20,51,122,30,60,0.9996309318943668,0.17320508075688776
2026-08-31T22:17:48.752,125908000,P037,rhythm_normal,NORMAL,,,,780,5459897,112485,118030,112984.98,118950.78,-499.98,-920.78,-843.17,509.15,False,False,nan,True,0.958,82.05,96.53,True,0,INCONCLUSIVE,0,,0,,,,,20,51,122,30,60,0.9996309318943668,0.17320508075688776
2026-08-31T22:17:48.897,125908140,P037,rhythm_normal,NORMAL,,,,781,5459937,112569,118123,112976.66,118934.23,-407.66,-811.23,-835.18,515.67,False,False,nan,True,0.958,82.05,96.53,True,0,INCONCLUSIVE,0,,0,,,,,20,51,122,30,60,0.999850488823204,0.17320508075688776
2026-08-31T22:17:48.909,125908156,P037,rhythm_normal,NORMAL,,,,782,5459977,112708,118434,112971.29,118924.22,-263.29,-490.22,-748.94,520.33,False,False,nan,True,0.958,82.05,96.53,True,0,INCONCLUSIVE,0,,0,,,,,20,51,122,30,60,0.999850488823204,0.17320508075688776
2026-08-31T22:17:48.920,125908171,P037,rhythm_normal,NORMAL,,,,783,5460017,112820,118711,112968.27,118919.95,-148.27,-208.95,-613.95,522.2,False,False,nan,True,0.958,82.05,96.53,True,0,INCONCLUSIVE,0,,0,,,,,20,51,122,30,60,0.999850488823204,0.17320508075688776
2026-08-31T22:17:48.930,125908187,P037,rhythm_normal,NORMAL,,,,784,5460057,112924,118928,112967.38,118920.12,-43.38,7.88,-458.49,520.93,False,False,nan,True,0.958,82.05,96.53,True,0,INCONCLUSIVE,0,,0,,,,,20,51,122,30,60,0.999850488823204,0.17320508075688776
2026-08-31T22:17:48.952,125908203,P037,rhythm_normal,NORMAL,,,,785,5460097,113005,119093,112968.13,118923.58,36.87,169.42,-301.51,516.54,False,False,nan,True,0.958,82.05,96.53,True,0,INCONCLUSIVE,0,,0,,,,,20,51,122,30,60,0.999850488823204,0.17320508075688776
2026-08-31T22:17:49.102,125908359,P037,rhythm_normal,NORMAL,,,,786,5460137,113090,119229,112970.57,118929.69,119.43,299.31,-151.3,509.24,False,False,nan,True,0.958,82.05,96.53,True,0,INCONCLUSIVE,0,,0,,,,,20,51,122,30,60,0.999850488823204,0.24494897427831783
2026-08-31T22:17:49.114,125908359,P037,rhythm_normal,NORMAL,,,,787,5460177,113117,119340,112973.5,118937.89,143.5,402.11,-12.95,499.31,False,False,nan,True,0.958,82.05,96.53,True,0,INCONCLUSIVE,0,,0,,,,,20,51,122,30,60,0.999850488823204,0.24494897427831783
2026-08-31T22:17:49.122,125908375,P037,rhythm_normal,NORMAL,,,,788,5460217,113176,119430,112977.55,118947.73,198.45,482.27,110.85,491.54,False,False,nan,True,0.958,82.05,96.53,True,0,INCONCLUSIVE,0,,0,,,,,20,51,122,30,60,0.999850488823204,0.24494897427831783
2026-08-31T22:17:49.131,125908375,P037,rhythm_normal,NORMAL,,,,789,5460257,113296,119659,112983.91,118961.96,312.09,697.04,257.4,486.86,False,False,nan,True,0.958,82.05,96.53,True,0,INCONCLUSIVE,0,,0,,,,,20,51,122,30,60,0.999850488823204,0.24494897427831783
2026-08-31T22:17:49.153,125908406,P037,rhythm_normal,NORMAL,,,,790,5460297,113373,119855,112991.7,118979.82,381.3,875.18,411.84,485.36,False,False,nan,True,0.958,82.05,96.53,True,0,INCONCLUSIVE,0,,0,,,,,20,51,122,30,60,0.999850488823204,0.24494897427831783
2026-08-31T22:17:49.297,125908546,P037,rhythm_normal,NORMAL,,,,791,5460337,113426,120055,113000.38,119001.32,425.62,1053.68,572.3,487.1,False,False,nan,True,0.958,82.05,96.53,True,0,INCONCLUSIVE,0,,0,,,,,20,51,122,30,60,0.9989604596779594,0.17320508075688776
2026-08-31T22:17:49.308,125908562,P037,rhythm_normal,NORMAL,,,,792,5460377,112969,119054,112999.76,119002.38,-30.76,51.62,442.13,486.2,True,True,800.0,True,0.9515,80.94,96.53,True,0,INCONCLUSIVE,0,,0,,,,,20,51,122,30,60,0.9989604596779594,0.17320508075688776
2026-08-31T22:17:49.320,125908578,P037,rhythm_normal,NORMAL,,,,793,5460417,112332,117753,112986.41,118977.39,-654.41,-1224.39,25.5,476.98,False,False,nan,True,0.9515,80.94,96.53,True,0,INCONCLUSIVE,0,,0,,,,,20,51,122,30,60,0.9989604596779594,0.17320508075688776
2026-08-31T22:17:49.328,125908578,P037,rhythm_normal,NORMAL,,,,794,5460457,112277,117728,112972.22,118952.41,-695.22,-1224.41,-286.97,473.18,False,False,nan,True,0.9515,80.94,96.53,True,0,INCONCLUSIVE,0,,0,,,,,20,51,122,30,60,0.9989604596779594,0.17320508075688776
2026-08-31T22:17:49.356,125908609,P037,rhythm_normal,NORMAL,,,,795,5460497,112534,118135,112963.45,118936.05,-429.45,-801.05,-415.49,472.03,False,False,nan,True,0.9515,80.94,96.53,True,0,INCONCLUSIVE,0,,0,,,,,20,51,122,30,60,0.9989604596779594,0.17320508075688776
2026-08-31T22:17:49.496,125908750,P037,rhythm_normal,NORMAL,,,,796,5460537,112602,118508,112956.23,118927.49,-354.23,-419.49,-416.49,470.92,False,False,nan,True,0.9515,80.94,96.53,True,0,INCONCLUSIVE,0,,0,,,,,20,51,122,30,60,0.9989604596779594,0.17320508075688776
2026-08-31T22:17:49.507,125908765,P037,rhythm_normal,NORMAL,,,,797,5460577,112715,118633,112951.4,118921.6,-236.4,-288.6,-384.52,469.19,False,False,nan,True,0.9515,80.94,96.53,True,0,INCONCLUSIVE,0,,0,,,,,20,51,122,30,60,0.9989604596779594,0.17320508075688776
2026-08-31T22:17:49.521,125908765,P037,rhythm_normal,NORMAL,,,,798,5460617,112833,118871,112949.03,118920.59,-116.03,-49.59,-300.79,465.82,False,False,nan,True,0.9515,80.94,96.53,True,0,INCONCLUSIVE,0,,0,,,,,20,51,122,30,60,0.9989604596779594,0.17320508075688776
2026-08-31T22:17:49.529,125908781,P037,rhythm_normal,NORMAL,,,,799,5460657,112710,118627,112944.25,118914.71,-234.25,-287.71,-297.52,462.46,False,False,nan,True,0.9515,80.94,96.53,True,0,INCONCLUSIVE,0,,0,,,,,20,51,122,30,60,0.9989604596779594,0.17320508075688776
2026-08-31T22:17:49.552,125908796,P037,rhythm_normal,NORMAL,,,,800,5460697,112645,118581,112938.27,118908.04,-293.27,-327.04,-304.9,459.31,False,False,nan,True,0.9515,80.94,96.53,True,0,INCONCLUSIVE,0,,0,,,,,20,51,122,30,60,0.9989604596779594,0.17320508075688776
2026-08-31T22:17:49.697,125908953,P037,rhythm_normal,NORMAL,,,,801,5460737,112774,118743,112934.98,118904.74,-160.98,-161.74,-269.11,455.5,False,False,nan,True,0.9515,80.94,96.53,True,0,INCONCLUSIVE,0,,0,,,,,20,51,122,30,60,0.999850488823204,0.17320508075688776
2026-08-31T22:17:49.711,125908968,P037,rhythm_normal,NORMAL,,,,802,5460777,112975,119145,112935.77,118909.55,39.23,235.45,-142.97,449.25,False,False,nan,True,0.9515,80.94,96.53,True,0,INCONCLUSIVE,0,,0,,,,,20,51,122,30,60,0.999850488823204,0.17320508075688776
2026-08-31T22:17:49.721,125908968,P037,rhythm_normal,NORMAL,,,,803,5460817,113111,119472,112939.28,118920.8,171.72,551.2,30.57,440.88,False,False,nan,True,0.9515,80.94,96.53,True,0,INCONCLUSIVE,0,,0,,,,,20,51,122,30,60,0.999850488823204,0.17320508075688776
2026-08-31T22:17:49.730,125908984,P037,rhythm_normal,NORMAL,,,,804,5460857,113147,119584,112943.44,118934.06,203.56,649.94,185.42,435.77,False,False,nan,True,0.9515,80.94,96.53,True,0,INCONCLUSIVE,0,,0,,,,,20,51,122,30,60,0.999850488823204,0.17320508075688776
2026-08-31T22:17:49.752,125909000,P037,rhythm_normal,NORMAL,,,,805,5460897,113198,119716,112948.53,118949.7,249.47,766.3,330.64,433.67,False,False,nan,True,0.9515,80.94,96.53,True,0,INCONCLUSIVE,0,,0,,,,,20,51,122,30,60,0.999850488823204,0.17320508075688776
2026-08-31T22:17:49.897,125909140,P037,rhythm_normal,NORMAL,,,,806,5460937,113203,119709,112953.62,118964.89,249.38,744.11,434.0,433.67,False,False,nan,True,0.9515,80.94,96.53,True,0,INCONCLUSIVE,0,,0,,,,,20,51,122,30,60,0.999850488823204,0.17320508075688776
2026-08-31T22:17:49.908,125909156,P037,rhythm_normal,NORMAL,,,,807,5460977,113225,119750,112959.05,118980.59,265.95,769.41,517.85,435.36,False,False,nan,True,0.9515,80.94,96.53,True,0,INCONCLUSIVE,0,,0,,,,,20,51,122,30,60,0.999850488823204,0.17320508075688776
2026-08-31T22:17:49.918,125909171,P037,rhythm_normal,NORMAL,,,,808,5461017,113263,119801,112965.12,118997.0,297.88,804.0,589.39,438.44,False,False,nan,True,0.9515,80.94,96.53,True,0,INCONCLUSIVE,0,,0,,,,,20,51,122,30,60,0.999850488823204,0.17320508075688776
2026-08-31T22:17:49.927,125909171,P037,rhythm_normal,NORMAL,,,,809,5461057,113366,120004,112973.14,119017.14,392.86,986.86,688.76,443.44,False,False,nan,True,0.9515,80.94,96.53,True,0,INCONCLUSIVE,0,,0,,,,,20,51,122,30,60,0.999850488823204,0.17320508075688776
2026-08-31T22:17:49.951,125909203,P037,rhythm_normal,NORMAL,,,,810,5461097,113383,120035,112981.34,119037.5,401.66,997.5,765.94,449.89,False,False,nan,True,0.9515,80.94,96.53,True,0,INCONCLUSIVE,0,,0,,,,,20,51,122,30,60,0.999850488823204,0.17320508075688776
2026-08-31T22:17:50.097,125909343,P037,rhythm_normal,NORMAL,,,,811,5461137,112895,119070,112979.61,119038.15,-84.61,31.85,582.42,452.54,True,True,760.0,True,0.9523,80.4,96.53,True,0,INCONCLUSIVE,0,,0,,,,,20,51,122,30,60,0.999850488823204,0.17320508075688776
2026-08-31T22:17:50.109,125909359,P037,rhythm_normal,NORMAL,,,,812,5461177,112391,117964,112967.84,119016.66,-576.84,-1052.66,173.65,446.97,False,False,nan,True,0.9523,80.4,96.53,True,0,INCONCLUSIVE,0,,0,,,,,20,51,122,30,60,0.999850488823204,0.17320508075688776
2026-08-31T22:17:50.120,125909375,P037,rhythm_normal,NORMAL,,,,813,5461217,112365,117963,112955.78,118995.59,-590.78,-1032.59,-127.91,440.59,False,False,nan,True,0.9523,80.4,96.53,True,0,INCONCLUSIVE,0,,0,,,,,20,51,122,30,60,0.999850488823204,0.17320508075688776
2026-08-31T22:17:50.129,125909375,P037,rhythm_normal,NORMAL,,,,814,5461257,112585,118374,112948.37,118983.16,-363.37,-609.16,-248.22,436.74,False,False,nan,True,0.9523,80.4,96.53,True,0,INCONCLUSIVE,0,,0,,,,,20,51,122,30,60,0.999850488823204,0.17320508075688776
2026-08-31T22:17:50.152,125909406,P037,rhythm_normal,NORMAL,,,,815,5461297,112751,118717,112944.42,118977.84,-193.42,-260.84,-251.38,433.03,False,False,nan,True,0.9523,80.4,96.53,True,0,INCONCLUSIVE,0,,0,,,,,20,51,122,30,60,0.999850488823204,0.17320508075688776
2026-08-31T22:17:50.297,125909546,P037,rhythm_normal,NORMAL,,,,816,5461337,112913,119042,112943.8,118979.12,-30.8,62.88,-172.82,427.83,False,False,nan,True,0.9523,80.4,96.53,True,0,INCONCLUSIVE,0,,0,,,,,20,51,122,30,60,0.999850488823204,0.17320508075688776
2026-08-31T22:17:50.308,125909562,P037,rhythm_normal,NORMAL,,,,817,5461377,112898,119096,112942.88,118981.46,-44.88,114.54,-100.98,421.29,False,False,nan,True,0.9523,80.4,96.53,True,0,INCONCLUSIVE,0,,0,,,,,20,51,122,30,60,0.999850488823204,0.17320508075688776
2026-08-31T22:17:50.319,125909562,P037,rhythm_normal,NORMAL,,,,818,5461417,112812,118841,112940.27,118978.65,-128.27,-137.65,-110.14,415.07,False,False,nan,True,0.9523,80.4,96.53,True,0,INCONCLUSIVE,0,,0,,,,,20,51,122,30,60,0.999850488823204,0.17320508075688776
2026-08-31T22:17:50.328,125909578,P037,rhythm_normal,NORMAL,,,,819,5461457,112784,118778,112937.14,118974.63,-153.14,-196.63,-131.77,409.4,False,False,nan,True,0.9523,80.4,96.53,True,0,INCONCLUSIVE,0,,0,,,,,20,51,122,30,60,0.999850488823204,0.17320508075688776
2026-08-31T22:17:50.351,125909609,P037,rhythm_normal,NORMAL,,,,820,5461497,112899,119022,112936.38,118975.58,-37.38,46.42,-87.22,402.96,False,False,nan,True,0.9523,80.4,96.53,True,0,INCONCLUSIVE,0,,0,,,,,20,51,122,30,60,0.999850488823204,0.17320508075688776
2026-08-31T22:17:50.498,125909750,P037,rhythm_normal,NORMAL,,,,821,5461537,113015,119379,112937.95,118983.65,77.05,395.35,33.42,395.57,False,False,nan,True,0.9523,80.4,96.53,True,0,INCONCLUSIVE,0,,0,,,,,20,51,122,30,60,0.999850488823204,0.17320508075688776
2026-08-31T22:17:50.509,125909765,P037,rhythm_normal,NORMAL,,,,822,5461577,113169,119656,112942.56,118997.09,226.44,658.91,189.79,391.45,False,False,nan,True,0.9523,80.4,96.53,True,0,INCONCLUSIVE,0,,0,,,,,20,51,122,30,60,0.999850488823204,0.17320508075688776
2026-08-31T22:17:50.520,125909765,P037,rhythm_normal,NORMAL,,,,823,5461617,113207,119814,112947.85,119013.43,259.15,800.57,342.49,390.47,False,False,nan,True,0.9523,80.4,96.53,True,0,INCONCLUSIVE,0,,0,,,,,20,51,122,30,60,0.999850488823204,0.17320508075688776
2026-08-31T22:17:50.530,125909781,P037,rhythm_normal,NORMAL,,,,824,5461657,113272,119944,112954.34,119032.04,317.66,911.96,484.86,392.36,False,False,nan,True,0.9523,80.4,96.53,True,0,INCONCLUSIVE,0,,0,,,,,20,51,122,30,60,0.999850488823204,0.17320508075688776
2026-08-31T22:17:50.552,125909796,P037,rhythm_normal,NORMAL,,,,825,5461697,113305,120038,112961.35,119052.16,343.65,985.84,610.1,396.71,False,False,nan,True,0.9523,80.4,96.53,True,0,INCONCLUSIVE,0,,0,,,,,20,51,122,30,60,0.999850488823204,0.17320508075688776
2026-08-31T22:17:50.697,125909953,P037,rhythm_normal,NORMAL,,,,826,5461737,113389,120126,112969.91,119073.63,419.09,1052.37,720.67,403.19,False,False,nan,True,0.9523,80.4,96.53,True,0,INCONCLUSIVE,0,,0,,,,,20,51,122,30,60,0.9989604596779594,0.17320508075688776
2026-08-31T22:17:50.709,125909953,P037,rhythm_normal,NORMAL,,,,827,5461777,113440,120239,112979.3,119096.94,460.7,1142.06,826.02,411.65,False,False,nan,True,0.9523,80.4,96.53,True,0,INCONCLUSIVE,0,,0,,,,,20,51,122,30,60,0.9989604596779594,0.17320508075688776
2026-08-31T22:17:50.720,125909968,P037,rhythm_normal,NORMAL,,,,828,5461817,113462,120342,112988.96,119121.84,473.04,1220.16,924.55,421.91,False,False,nan,True,0.9523,80.4,96.53,True,0,INCONCLUSIVE,0,,0,,,,,20,51,122,30,60,0.9989604596779594,0.17320508075688776
2026-08-31T22:17:50.730,125909984,P037,rhythm_normal,NORMAL,,,,829,5461857,113329,119997,112995.76,119139.34,333.24,857.66,907.83,431.63,True,True,720.0,True,0.9523,80.4,96.53,True,0,INCONCLUSIVE,0,,0,,,,,20,51,122,30,60,0.9989604596779594,0.17320508075688776
2026-08-31T22:17:50.752,125910000,P037,rhythm_normal,NORMAL,,,,830,5461897,112563,118468,112987.1,119125.91,-424.1,-657.91,516.4,433.32,False,False,nan,True,0.9523,80.4,96.53,True,0,INCONCLUSIVE,0,,0,,,,,20,51,122,30,60,0.9989604596779594,0.17320508075688776
2026-08-31T22:17:50.897,125910140,P037,rhythm_normal,NORMAL,,,,831,5461937,112356,117957,112974.48,119102.53,-618.48,-1145.53,100.92,426.67,False,False,nan,True,0.9523,80.4,96.53,True,0,INCONCLUSIVE,0,,0,,,,,20,51,122,30,60,0.999850488823204,0.17320508075688776
2026-08-31T22:17:50.909,125910156,P037,rhythm_normal,NORMAL,,,,832,5461977,112473,118187,112964.45,119084.22,-491.45,-897.22,-148.62,421.11,False,False,nan,True,0.9523,80.4,96.53,True,0,INCONCLUSIVE,0,,0,,,,,20,51,122,30,60,0.999850488823204,0.17320508075688776
2026-08-31T22:17:50.922,125910171,P037,rhythm_normal,NORMAL,,,,833,5462017,112648,118522,112958.12,119072.98,-310.12,-550.98,-249.21,417.67,False,False,nan,True,0.9523,80.4,96.53,True,0,INCONCLUSIVE,0,,0,,,,,20,51,122,30,60,0.999850488823204,0.17320508075688776
2026-08-31T22:17:50.932,125910187,P037,rhythm_normal,NORMAL,,,,834,5462057,112731,118708,112953.58,119065.68,-222.58,-357.68,-276.33,414.85,False,False,nan,True,0.9523,80.4,96.53,True,0,INCONCLUSIVE,0,,0,,,,,20,51,122,30,60,0.999850488823204,0.17320508075688776
2026-08-31T22:17:50.952,125910203,P037,rhythm_normal,NORMAL,,,,835,5462097,112764,118813,112949.79,119060.62,-185.79,-247.62,-269.15,411.93,False,False,nan,True,0.9523,80.4,96.53,True,0,INCONCLUSIVE,0,,0,,,,,20,51,122,30,60,0.999850488823204,0.17320508075688776
2026-08-31T22:17:51.097,125910343,P037,rhythm_normal,NORMAL,,,,836,5462137,112653,118575,112943.85,119050.91,-290.85,-475.91,-320.84,410.11,False,False,nan,True,0.9523,80.4,96.53,True,0,INCONCLUSIVE,0,,0,,,,,20,51,122,30,60,0.999850488823204,0.17320508075688776
2026-08-31T22:17:51.108,125910359,P037,rhythm_normal,NORMAL,,,,837,5462177,112586,118428,112936.7,119038.45,-350.7,-610.45,-393.24,409.77,False,False,nan,True,0.9523,80.4,96.53,True,0,INCONCLUSIVE,0,,0,,,,,20,51,122,30,60,0.999850488823204,0.17320508075688776
2026-08-31T22:17:51.121,125910375,P037,rhythm_normal,NORMAL,,,,838,5462217,112641,118553,112930.78,119028.74,-289.78,-475.74,-413.87,409.86,False,False,nan,True,0.9523,80.4,96.53,True,0,INCONCLUSIVE,0,,0,,,,,20,51,122,30,60,0.999850488823204,0.17320508075688776
2026-08-31T22:17:51.131,125910375,P037,rhythm_normal,NORMAL,,,,839,5462257,112768,118814,112927.52,119024.45,-159.52,-210.45,-363.01,408.92,False,False,nan,True,0.9523,80.4,96.53,True,0,INCONCLUSIVE,0,,0,,,,,20,51,122,30,60,0.999850488823204,0.17320508075688776
2026-08-31T22:17:51.155,125910406,P037,rhythm_normal,NORMAL,,,,840,5462297,112874,119064,112926.45,119025.23,-52.45,38.77,-262.57,405.99,False,False,nan,True,0.9523,80.4,96.53,True,0,INCONCLUSIVE,0,,0,,,,,20,51,122,30,60,0.999850488823204,0.17320508075688776
2026-08-31T22:17:51.298,125910546,P037,rhythm_normal,NORMAL,,,,841,5462337,112962,119230,112927.16,119029.33,34.84,200.67,-146.76,400.81,False,False,nan,True,0.9523,80.4,96.53,True,0,INCONCLUSIVE,0,,0,,,,,20,51,122,30,60,0.999850488823204,0.17320508075688776
2026-08-31T22:17:51.309,125910562,P037,rhythm_normal,NORMAL,,,,842,5462377,112994,119302,112928.5,119034.78,65.5,267.22,-43.26,393.66,False,False,nan,True,0.9523,80.4,96.53,True,0,INCONCLUSIVE,0,,0,,,,,20,51,122,30,60,0.999850488823204,0.17320508075688776
2026-08-31T22:17:51.320,125910578,P037,rhythm_normal,NORMAL,,,,843,5462417,113011,119349,112930.15,119041.06,80.85,307.94,44.54,386.67,False,False,nan,True,0.9523,80.4,98.64,True,0,INCONCLUSIVE,0,,0,,,,,20,51,122,30,60,0.999850488823204,0.17320508075688776
2026-08-31T22:17:51.330,125910578,P037,rhythm_normal,NORMAL,,,,844,5462457,113052,119450,112932.59,119049.24,119.41,400.76,133.59,381.61,False,False,nan,True,0.9523,80.4,98.64,True,0,INCONCLUSIVE,0,,0,,,,,20,51,122,30,60,0.999850488823204,0.17320508075688776
2026-08-31T22:17:51.352,125910609,P037,rhythm_normal,NORMAL,,,,845,5462497,113125,119595,112936.44,119060.16,188.56,534.84,233.9,378.66,False,False,nan,True,0.9523,80.4,98.64,True,0,INCONCLUSIVE,0,,0,,,,,20,51,122,30,60,0.999850488823204,0.17320508075688776
2026-08-31T22:17:51.499,125910750,P037,rhythm_normal,NORMAL,,,,846,5462537,113168,119690,112941.07,119072.75,226.93,617.25,329.74,377.68,False,False,nan,True,0.9523,80.4,98.64,True,0,INCONCLUSIVE,0,,0,,,,,20,51,122,30,60,0.999850488823204,0.24494897427831783
2026-08-31T22:17:51.510,125910765,P037,rhythm_normal,NORMAL,,,,847,5462577,113019,119364,112942.62,119078.58,76.38,285.42,318.66,376.5,True,True,720.0,True,0.9599,79.87,98.64,True,0,INCONCLUSIVE,0,,0,,,,,20,51,122,30,60,0.999850488823204,0.24494897427831783
2026-08-31T22:17:51.522,125910765,P037,rhythm_normal,NORMAL,,,,848,5462617,112432,118165,112932.41,119060.3,-500.41,-895.3,15.17,369.27,False,False,nan,True,0.9599,79.87,98.64,True,0,INCONCLUSIVE,0,,0,,,,,20,51,122,30,60,0.999850488823204,0.24494897427831783
2026-08-31T22:17:51.530,125910781,P037,rhythm_normal,NORMAL,,,,849,5462657,112259,117800,112918.95,119035.1,-659.95,-1235.1,-297.4,367.84,False,False,nan,True,0.9599,79.87,98.64,True,0,INCONCLUSIVE,0,,0,,,,,20,51,122,30,60,0.999850488823204,0.24494897427831783
2026-08-31T22:17:51.552,125910796,P037,rhythm_normal,NORMAL,,,,850,5462697,112367,118009,112907.91,119014.58,-540.91,-1005.58,-474.44,369.97,False,False,nan,True,0.9599,79.87,98.64,True,0,INCONCLUSIVE,0,,0,,,,,20,51,122,30,60,0.999850488823204,0.24494897427831783
2026-08-31T22:17:51.701,125910953,P037,rhythm_normal,NORMAL,,,,851,5462737,112511,118308,112899.97,119000.45,-388.97,-692.45,-528.94,373.15,False,False,nan,True,0.9599,79.87,98.64,True,0,INCONCLUSIVE,0,,0,,,,,19,98,123,30,60,0.999850488823204,0.17320508075688776
2026-08-31T22:17:51.712,125910968,P037,rhythm_normal,NORMAL,,,,852,5462777,112603,118519,112894.03,118990.82,-291.03,-471.82,-514.66,375.98,False,False,nan,True,0.9599,79.87,98.64,True,0,INCONCLUSIVE,0,,0,,,,,19,98,123,30,60,0.999850488823204,0.17320508075688776
2026-08-31T22:17:51.723,125910968,P037,rhythm_normal,NORMAL,,,,853,5462817,112672,118646,112889.59,118983.92,-217.59,-337.92,-470.48,377.87,False,False,nan,True,0.9599,79.87,98.64,True,0,INCONCLUSIVE,0,,0,,,,,19,98,123,30,60,0.999850488823204,0.17320508075688776
2026-08-31T22:17:51.732,125910984,P037,rhythm_normal,NORMAL,,,,854,5462857,112575,118448,112883.3,118973.2,-308.3,-525.2,-484.16,379.99,False,False,nan,True,0.9599,79.87,98.64,True,0,INCONCLUSIVE,0,,0,,,,,19,98,123,30,60,0.999850488823204,0.17320508075688776
2026-08-31T22:17:51.751,125911000,P037,rhythm_normal,NORMAL,,,,855,5462897,112503,118295,112875.7,118959.64,-372.7,-664.64,-529.28,382.98,False,False,nan,True,0.9599,79.87,98.64,True,0,INCONCLUSIVE,0,,0,,,,,19,98,123,30,60,0.999850488823204,0.17320508075688776
2026-08-31T22:17:51.898,125911156,P037,rhythm_normal,NORMAL,,,,856,5462937,112549,118409,112869.16,118948.62,-320.16,-539.62,-531.87,385.96,False,False,nan,True,0.9599,79.87,98.64,True,0,INCONCLUSIVE,0,,0,,,,,19,98,123,30,60,0.999850488823204,0.17320508075688776
2026-08-31T22:17:51.909,125911156,P037,rhythm_normal,NORMAL,,,,857,5462977,112643,118603,112864.64,118941.71,-221.64,-338.71,-483.58,387.91,False,False,nan,True,0.9599,79.87,98.64,True,0,INCONCLUSIVE,0,,0,,,,,19,98,123,30,60,0.999850488823204,0.17320508075688776
2026-08-31T22:17:51.920,125911171,P037,rhythm_normal,NORMAL,,,,858,5463017,112748,118795,112862.3,118938.77,-114.3,-143.77,-398.63,388.12,False,False,nan,True,0.9599,79.87,98.64,True,0,INCONCLUSIVE,0,,0,,,,,19,98,123,30,60,0.999850488823204,0.17320508075688776
2026-08-31T22:17:51.931,125911187,P037,rhythm_normal,NORMAL,,,,859,5463057,112816,118941,112861.38,118938.82,-45.38,2.18,-298.42,386.33,False,False,nan,True,0.9599,79.87,98.64,True,0,INCONCLUSIVE,0,,0,,,,,19,98,123,30,60,0.999850488823204,0.17320508075688776
2026-08-31T22:17:51.951,125911203,P037,rhythm_normal,NORMAL,,,,860,5463097,112849,119024,112861.12,118940.52,-12.12,83.48,-202.95,382.66,False,False,nan,True,0.9599,79.87,98.64,True,0,INCONCLUSIVE,0,,0,,,,,19,98,123,30,60,0.999850488823204,0.17320508075688776
2026-08-31T22:17:52.097,125911343,P037,rhythm_normal,NORMAL,,,,861,5463137,112863,119053,112861.16,118942.77,1.84,110.23,-124.66,377.5,False,False,nan,True,0.9599,79.87,98.64,True,0,INCONCLUSIVE,0,,0,,,,,19,98,123,30,60,0.999850488823204,0.17320508075688776
2026-08-31T22:17:52.109,125911359,P037,rhythm_normal,NORMAL,,,,862,5463177,112895,119123,112861.84,118946.38,33.16,176.62,-49.34,370.94,False,False,nan,True,0.9599,79.87,98.64,True,0,INCONCLUSIVE,0,,0,,,,,19,98,123,30,60,0.999850488823204,0.17320508075688776
2026-08-31T22:17:52.121,125911375,P037,rhythm_normal,NORMAL,,,,863,5463217,112936,119221,112863.33,118951.87,72.67,269.13,30.28,364.13,False,False,nan,True,0.9599,79.87,98.64,True,0,INCONCLUSIVE,0,,0,,,,,19,98,123,30,60,0.999850488823204,0.17320508075688776
2026-08-31T22:17:52.130,125911375,P037,rhythm_normal,NORMAL,,,,864,5463257,112989,119321,112865.84,118959.25,123.16,361.75,113.15,359.11,False,False,nan,True,0.9599,79.87,98.64,True,0,INCONCLUSIVE,0,,0,,,,,19,98,123,30,60,0.999850488823204,0.17320508075688776
2026-08-31T22:17:52.153,125911406,P037,rhythm_normal,NORMAL,,,,865,5463297,112954,119246,112867.61,118964.98,86.39,281.02,155.12,355.03,False,False,nan,True,0.9599,79.87,98.64,True,0,INCONCLUSIVE,0,,0,,,,,19,98,123,30,60,0.999850488823204,0.17320508075688776
2026-08-31T22:17:52.297,125911546,P037,rhythm_normal,NORMAL,,,,866,5463337,112474,118250,112859.73,118950.69,-385.73,-700.69,-58.84,349.1,True,True,760.0,True,0.9624,79.34,98.64,True,0,INCONCLUSIVE,0,,0,,,,,19,98,123,30,60,0.9989604596779594,0.24494897427831783
2026-08-31T22:17:52.308,125911562,P037,rhythm_normal,NORMAL,,,,867,5463377,112174,117609,112846.02,118923.85,-672.02,-1314.85,-372.84,349.58,False,False,nan,True,0.9624,79.34,98.64,True,0,INCONCLUSIVE,0,,0,,,,,19,98,123,30,60,0.9989604596779594,0.24494897427831783
2026-08-31T22:17:52.321,125911578,P037,rhythm_normal,NORMAL,,,,868,5463417,112189,117631,112832.88,118897.99,-643.88,-1266.99,-596.38,354.51,False,False,nan,True,0.9624,79.34,98.64,True,0,INCONCLUSIVE,0,,0,,,,,19,98,123,30,60,0.9989604596779594,0.24494897427831783
2026-08-31T22:17:52.330,125911578,P037,rhythm_normal,NORMAL,,,,869,5463457,112300,117867,112822.23,118877.38,-522.23,-1010.38,-699.88,361.42,False,False,nan,True,0.9624,79.34,98.64,True,0,INCONCLUSIVE,0,,0,,,,,19,98,123,30,60,0.9989604596779594,0.24494897427831783
2026-08-31T22:17:52.353,125911609,P037,rhythm_normal,NORMAL,,,,870,5463497,112372,118016,112813.22,118860.15,-441.22,-844.15,-735.94,368.91,False,False,nan,True,0.9624,79.34,98.64,True,0,INCONCLUSIVE,0,,0,,,,,19,98,123,30,60,0.9989604596779594,0.24494897427831783
2026-08-31T22:17:52.500,125911750,P037,rhythm_normal,NORMAL,,,,871,5463537,112462,118198,112806.2,118846.91,-344.2,-648.91,-714.19,375.82,False,False,nan,True,0.9624,79.34,98.64,True,0,INCONCLUSIVE,0,,0,,,,,19,98,123,30,60,0.9996309318943668,0.17320508075688776
2026-08-31T22:17:52.511,125911765,P037,rhythm_normal,NORMAL,,,,872,5463577,112421,118122,112798.49,118832.41,-377.49,-710.41,-713.24,382.57,False,False,nan,True,0.9624,79.34,98.64,True,0,INCONCLUSIVE,0,,0,,,,,19,98,123,30,60,0.9996309318943668,0.17320508075688776
2026-08-31T22:17:52.521,125911765,P037,rhythm_normal,NORMAL,,,,873,5463617,112352,117998,112789.56,118815.72,-437.56,-817.72,-739.36,389.7,False,False,nan,True,0.9624,79.34,98.64,True,0,INCONCLUSIVE,0,,0,,,,,19,98,123,30,60,0.9996309318943668,0.17320508075688776
2026-08-31T22:17:52.531,125911781,P037,rhythm_normal,NORMAL,,,,874,5463657,112367,118035,112781.11,118800.1,-414.11,-765.1,-745.8,396.82,False,False,nan,True,0.9624,79.34,98.64,True,0,INCONCLUSIVE,0,,0,,,,,19,98,123,30,60,0.9996309318943668,0.17320508075688776
2026-08-31T22:17:52.552,125911796,P037,rhythm_normal,NORMAL,,,,875,5463697,112451,118202,112774.51,118788.14,-323.51,-586.14,-705.88,403.0,False,False,nan,True,0.9624,79.34,98.64,True,0,INCONCLUSIVE,0,,0,,,,,19,98,123,30,60,0.9996309318943668,0.17320508075688776
2026-08-31T22:17:52.697,125911953,P037,rhythm_normal,NORMAL,,,,876,5463737,112556,118414,112770.14,118780.66,-214.14,-366.66,-621.08,407.37,False,False,nan,True,0.9624,79.34,98.64,True,0,INCONCLUSIVE,0,,0,,,,,19,98,123,30,60,0.999850488823204,0.17320508075688776
2026-08-31T22:17:52.708,125911953,P037,rhythm_normal,NORMAL,,,,877,5463777,112646,118594,112767.66,118776.92,-121.66,-182.92,-511.54,409.45,False,False,nan,True,0.9624,79.34,98.64,True,0,INCONCLUSIVE,0,,0,,,,,19,98,123,30,60,0.999850488823204,0.17320508075688776
2026-08-31T22:17:52.719,125911968,P037,rhythm_normal,NORMAL,,,,878,5463817,112683,118707,112765.96,118775.52,-82.96,-68.52,-400.78,409.28,False,False,nan,True,0.9624,79.34,98.64,True,0,INCONCLUSIVE,0,,0,,,,,19,98,123,30,60,0.999850488823204,0.17320508075688776
2026-08-31T22:17:52.729,125911984,P037,rhythm_normal,NORMAL,,,,879,5463857,112740,118810,112765.45,118776.21,-25.45,33.79,-292.14,406.93,False,False,nan,True,0.9624,79.34,98.64,True,0,INCONCLUSIVE,0,,0,,,,,19,98,123,30,60,0.999850488823204,0.17320508075688776
2026-08-31T22:17:52.751,125912000,P037,rhythm_normal,NORMAL,,,,880,5463897,112780,118900,112765.73,118778.69,14.27,121.31,-188.78,402.57,False,False,nan,True,0.9624,79.34,98.64,True,0,INCONCLUSIVE,0,,0,,,,,19,98,123,30,60,0.999850488823204,0.17320508075688776
2026-08-31T22:17:52.896,125912140,P037,rhythm_normal,NORMAL,,,,881,5463937,112801,118949,112766.44,118782.09,34.56,166.91,-99.86,396.52,False,False,nan,True,0.9624,79.34,98.64,True,0,INCONCLUSIVE,0,,0,,,,,19,98,123,30,60,0.999850488823204,0.17320508075688776
2026-08-31T22:17:52.908,125912156,P037,rhythm_normal,NORMAL,,,,882,5463977,112833,119007,112767.77,118786.59,65.23,220.41,-19.79,388.98,False,False,nan,True,0.9624,79.34,98.64,True,0,INCONCLUSIVE,0,,0,,,,,19,98,123,30,60,0.999850488823204,0.17320508075688776
2026-08-31T22:17:52.919,125912171,P037,rhythm_normal,NORMAL,,,,883,5464017,112900,119145,112770.41,118793.77,129.59,351.23,72.97,382.66,False,False,nan,True,0.9624,79.34,98.64,True,0,INCONCLUSIVE,0,,0,,,,,19,98,123,30,60,0.999850488823204,0.17320508075688776
2026-08-31T22:17:52.928,125912171,P037,rhythm_normal,NORMAL,,,,884,5464057,112951,119251,112774.02,118802.91,176.98,448.09,166.75,378.34,False,False,nan,True,0.9624,79.34,98.64,True,0,INCONCLUSIVE,0,,0,,,,,19,98,123,30,60,0.999850488823204,0.17320508075688776
2026-08-31T22:17:52.952,125912203,P037,rhythm_normal,NORMAL,,,,885,5464097,112644,118619,112771.42,118799.23,-127.42,-180.23,80.0,372.38,True,True,760.0,True,0.966,78.82,98.64,True,0,INCONCLUSIVE,0,,0,,,,,19,98,123,30,60,0.999850488823204,0.17320508075688776
2026-08-31T22:17:53.097,125912343,P037,rhythm_normal,NORMAL,,,,886,5464137,112169,117624,112759.38,118775.73,-590.38,-1151.73,-227.93,369.49,False,False,nan,True,0.966,78.82,98.64,True,0,INCONCLUSIVE,0,,0,,,,,19,98,123,30,60,1.0002499687578101,0.17320508075688776
2026-08-31T22:17:53.108,125912359,P037,rhythm_normal,NORMAL,,,,887,5464177,112051,117384,112745.21,118747.89,-694.21,-1363.89,-511.92,372.34,False,False,nan,True,0.966,78.82,98.64,True,0,INCONCLUSIVE,0,,0,,,,,19,98,123,30,60,1.0002499687578101,0.17320508075688776
2026-08-31T22:17:53.121,125912375,P037,rhythm_normal,NORMAL,,,,888,5464217,112138,117544,112733.07,118723.81,-595.07,-1179.81,-678.89,378.47,False,False,nan,True,0.966,78.82,98.64,True,0,INCONCLUSIVE,0,,0,,,,,19,98,123,30,60,1.0002499687578101,0.17320508075688776
2026-08-31T22:17:53.129,125912375,P037,rhythm_normal,NORMAL,,,,889,5464257,112239,117745,112723.19,118704.23,-484.19,-959.23,-748.98,385.88,False,False,nan,True,0.966,78.82,98.64,True,0,INCONCLUSIVE,0,,0,,,,,19,98,123,30,60,1.0002499687578101,0.17320508075688776
2026-08-31T22:17:53.154,125912406,P037,rhythm_normal,NORMAL,,,,890,5464297,112308,117901,112714.88,118688.17,-406.88,-787.17,-758.53,393.33,False,False,nan,True,0.966,78.82,98.64,True,0,INCONCLUSIVE,0,,0,,,,,19,98,123,30,60,1.0002499687578101,0.17320508075688776
2026-08-31T22:17:53.296,125912546,P037,rhythm_normal,NORMAL,,,,891,5464337,112333,117980,112707.24,118674.01,-374.24,-694.01,-742.4,400.31,False,False,nan,True,0.966,78.82,98.64,True,0,INCONCLUSIVE,0,,0,,,,,19,98,123,30,60,0.9989604596779594,0.17320508075688776
2026-08-31T22:17:53.307,125912562,P037,rhythm_normal,NORMAL,,,,892,5464377,112259,117843,112698.28,118657.39,-439.28,-814.39,-760.4,407.51,False,False,nan,True,0.966,78.82,98.64,True,0,INCONCLUSIVE,0,,0,,,,,19,98,123,30,60,0.9989604596779594,0.17320508075688776
2026-08-31T22:17:53.320,125912578,P037,rhythm_normal,NORMAL,,,,893,5464417,112250,117814,112689.31,118640.52,-439.31,-826.52,-776.93,414.9,False,False,nan,True,0.966,78.82,98.64,True,0,INCONCLUSIVE,0,,0,,,,,19,98,123,30,60,0.9989604596779594,0.17320508075688776
2026-08-31T22:17:53.328,125912578,P037,rhythm_normal,NORMAL,,,,894,5464457,112300,117938,112681.52,118626.48,-381.52,-688.48,-754.81,421.7,False,False,nan,True,0.966,78.82,98.64,True,0,INCONCLUSIVE,0,,0,,,,,19,98,123,30,60,0.9989604596779594,0.17320508075688776
2026-08-31T22:17:53.352,125912609,P037,rhythm_normal,NORMAL,,,,895,5464497,112407,118144,112676.03,118616.83,-269.03,-472.83,-684.32,426.95,False,False,nan,True,0.966,78.82,98.64,True,0,INCONCLUSIVE,0,,0,,,,,19,98,123,30,60,0.9989604596779594,0.17320508075688776
2026-08-31T22:17:53.496,125912750,P037,rhythm_normal,NORMAL,,,,896,5464537,112502,118367,112672.55,118611.83,-170.55,-244.83,-574.45,429.9,False,False,nan,True,0.966,78.82,98.64,True,0,INCONCLUSIVE,0,,0,,,,,19,98,123,30,60,0.999850488823204,0.17320508075688776
2026-08-31T22:17:53.508,125912765,P037,rhythm_normal,NORMAL,,,,897,5464577,112558,118504,112670.26,118609.67,-112.26,-105.67,-457.25,430.45,False,False,nan,True,0.966,78.82,98.64,True,0,INCONCLUSIVE,0,,0,,,,,19,98,123,30,60,0.999850488823204,0.17320508075688776
2026-08-31T22:17:53.521,125912765,P037,rhythm_normal,NORMAL,,,,898,5464617,112606,118602,112668.98,118609.52,-62.98,-7.52,-344.82,428.74,False,False,nan,True,0.966,78.82,98.64,True,0,INCONCLUSIVE,0,,0,,,,,19,98,123,30,60,0.999850488823204,0.17320508075688776
2026-08-31T22:17:53.531,125912781,P037,rhythm_normal,NORMAL,,,,899,5464657,112673,118753,112669.05,118612.38,3.95,140.62,-223.46,424.63,False,False,nan,True,0.966,78.82,98.64,True,0,INCONCLUSIVE,0,,0,,,,,19,98,123,30,60,0.999850488823204,0.17320508075688776
2026-08-31T22:17:53.552,125912796,P037,rhythm_normal,NORMAL,,,,900,5464697,112748,118910,112670.63,118618.34,77.37,291.66,-94.68,418.03,False,False,nan,True,0.966,78.82,98.64,True,0,INCONCLUSIVE,0,,0,,,,,19,98,123,30,60,0.999850488823204,0.17320508075688776
2026-08-31T22:17:53.697,125912953,P037,rhythm_normal,NORMAL,,,,901,5464737,112798,119039,112673.18,118626.75,124.82,412.25,32.05,410.31,False,False,nan,True,0.966,78.82,98.64,True,0,INCONCLUSIVE,0,,0,,,,,19,98,123,30,60,0.999850488823204,0.17320508075688776
2026-08-31T22:17:53.709,125912953,P037,rhythm_normal,NORMAL,,,,902,5464777,112877,119199,112677.26,118638.2,199.74,560.8,164.24,405.39,False,False,nan,True,0.966,78.82,98.64,True,0,INCONCLUSIVE,0,,0,,,,,19,98,123,30,60,0.999850488823204,0.17320508075688776
2026-08-31T22:17:53.719,125912968,P037,rhythm_normal,NORMAL,,,,903,5464817,112962,119392,112682.95,118653.27,279.05,738.73,307.86,403.44,False,False,nan,True,0.966,78.82,98.64,True,0,INCONCLUSIVE,0,,0,,,,,19,98,123,30,60,0.999850488823204,0.17320508075688776
2026-08-31T22:17:53.727,125912984,P037,rhythm_normal,NORMAL,,,,904,5464857,113036,119547,112690.02,118671.15,345.98,875.85,449.86,404.37,False,False,nan,True,0.966,78.82,98.64,True,0,INCONCLUSIVE,0,,0,,,,,19,98,123,30,60,0.999850488823204,0.17320508075688776
2026-08-31T22:17:53.751,125913000,P037,rhythm_normal,NORMAL,,,,905,5464897,113097,119683,112698.16,118691.38,398.84,991.62,585.3,407.99,False,False,nan,True,0.966,78.82,98.64,True,0,INCONCLUSIVE,0,,0,,,,,19,98,123,30,60,0.999850488823204,0.17320508075688776
2026-08-31T22:17:53.896,125913140,P037,rhythm_normal,NORMAL,,,,906,5464937,112708,118883,112698.35,118695.22,9.65,187.78,485.92,409.55,True,True,840.0,True,0.9557,77.8,98.64,True,0,INCONCLUSIVE,0,,0,,,,,19,98,123,30,60,0.999850488823204,0.17320508075688776
2026-08-31T22:17:53.908,125913156,P037,rhythm_normal,NORMAL,,,,907,5464977,112146,117726,112687.3,118675.84,-541.3,-949.84,126.98,403.89,False,False,nan,True,0.9557,77.8,98.64,True,0,INCONCLUSIVE,0,,0,,,,,19,98,123,30,60,0.999850488823204,0.17320508075688776
2026-08-31T22:17:53.920,125913171,P037,rhythm_normal,NORMAL,,,,908,5465017,112095,117602,112675.46,118654.36,-580.46,-1052.36,-167.85,399.17,False,False,nan,True,0.9557,77.8,98.64,True,0,INCONCLUSIVE,0,,0,,,,,19,98,123,30,60,0.999850488823204,0.17320508075688776
2026-08-31T22:17:53.930,125913187,P037,rhythm_normal,NORMAL,,,,909,5465057,112275,117963,112667.45,118640.53,-392.45,-677.53,-295.27,397.1,False,False,nan,True,0.9557,77.8,98.64,True,0,INCONCLUSIVE,0,,0,,,,,19,98,123,30,60,0.999850488823204,0.17320508075688776
2026-08-31T22:17:53.953,125913203,P037,rhythm_normal,NORMAL,,,,910,5465097,112443,118308,112662.96,118633.88,-219.96,-325.88,-302.93,395.21,False,False,nan,True,0.9557,77.8,98.64,True,0,INCONCLUSIVE,0,,0,,,,,19,98,123,30,60,0.999850488823204,0.17320508075688776
2026-08-31T22:17:54.097,125913343,P037,rhythm_normal,NORMAL,,,,911,5465137,112551,118563,112660.72,118632.47,-109.72,-69.47,-244.56,392.2,False,False,nan,True,0.9557,77.8,98.64,True,0,INCONCLUSIVE,0,,0,,,,,19,98,123,30,60,0.9989604596779594,0.17320508075688776
2026-08-31T22:17:54.109,125913359,P037,rhythm_normal,NORMAL,,,,912,5465177,112571,118608,112658.92,118631.98,-87.92,-23.98,-189.42,388.14,False,False,nan,True,0.9557,77.8,98.64,True,0,INCONCLUSIVE,0,,0,,,,,19,98,123,30,60,0.9989604596779594,0.17320508075688776
2026-08-31T22:17:54.122,125913375,P037,rhythm_normal,NORMAL,,,,913,5465217,112455,118374,112654.84,118626.82,-199.84,-252.82,-205.27,384.49,False,False,nan,True,0.9557,77.8,98.64,True,0,INCONCLUSIVE,0,,0,,,,,19,98,123,30,60,0.9989604596779594,0.17320508075688776
2026-08-31T22:17:54.131,125913375,P037,rhythm_normal,NORMAL,,,,914,5465257,112433,118333,112650.41,118620.95,-217.41,-287.95,-225.94,381.31,False,False,nan,True,0.9557,77.8,98.64,True,0,INCONCLUSIVE,0,,0,,,,,19,98,123,30,60,0.9989604596779594,0.17320508075688776
2026-08-31T22:17:54.153,125913406,P037,rhythm_normal,NORMAL,,,,915,5465297,112525,118529,112647.9,118619.11,-122.9,-90.11,-191.98,377.53,False,False,nan,True,0.9557,77.8,98.64,True,0,INCONCLUSIVE,0,,0,,,,,19,98,123,30,60,0.9989604596779594,0.17320508075688776
2026-08-31T22:17:54.298,125913546,P037,rhythm_normal,NORMAL,,,,916,5465337,112656,118793,112648.06,118622.59,7.94,170.41,-101.38,372.01,False,False,nan,True,0.9557,77.8,98.64,True,0,INCONCLUSIVE,0,,0,,,,,19,98,123,30,60,0.9989604596779594,0.17320508075688776
2026-08-31T22:17:54.311,125913562,P037,rhythm_normal,NORMAL,,,,917,5465377,112733,118961,112649.76,118629.35,83.24,331.65,6.88,364.7,False,False,nan,True,0.9557,77.8,98.64,True,0,INCONCLUSIVE,0,,0,,,,,19,98,123,30,60,0.9989604596779594,0.17320508075688776
2026-08-31T22:17:54.322,125913578,P037,rhythm_normal,NORMAL,,,,918,5465417,112743,118988,112651.62,118636.52,91.38,351.48,93.03,359.27,False,False,nan,True,0.9557,77.8,98.64,True,0,INCONCLUSIVE,0,,0,,,,,19,98,123,30,60,0.9989604596779594,0.17320508075688776
2026-08-31T22:17:54.335,125913593,P037,rhythm_normal,NORMAL,,,,919,5465457,112712,118943,112652.84,118642.66,59.16,300.34,144.86,354.98,False,False,nan,True,0.9557,77.8,98.64,True,0,INCONCLUSIVE,0,,0,,,,,19,98,123,30,60,0.9989604596779594,0.17320508075688776
2026-08-31T22:17:54.352,125913609,P037,rhythm_normal,NORMAL,,,,920,5465497,112749,119006,112654.76,118649.92,94.24,356.08,197.66,351.83,False,False,nan,True,0.9557,77.8,98.64,True,0,INCONCLUSIVE,0,,0,,,,,19,98,123,30,60,0.9989604596779594,0.17320508075688776
2026-08-31T22:17:54.498,125913750,P037,rhythm_normal,NORMAL,,,,921,5465537,112777,119051,112657.2,118657.95,119.8,393.05,246.51,349.73,False,False,nan,True,0.9557,77.8,98.64,True,0,INCONCLUSIVE,0,,0,,,,,19,98,123,30,60,0.9989604596779594,0.17320508075688776
2026-08-31T22:17:54.508,125913765,P037,rhythm_normal,NORMAL,,,,922,5465577,112791,119069,112659.88,118666.16,131.12,402.84,285.59,348.45,False,False,nan,True,0.9557,77.8,98.64,True,0,INCONCLUSIVE,0,,0,,,,,19,98,123,30,60,0.9989604596779594,0.17320508075688776
2026-08-31T22:17:54.517,125913765,P037,rhythm_normal,NORMAL,,,,923,5465617,112829,119183,112663.27,118676.5,165.73,506.5,340.82,348.29,False,False,nan,True,0.9557,77.8,98.64,True,0,INCONCLUSIVE,0,,0,,,,,19,98,123,30,60,0.9989604596779594,0.17320508075688776
2026-08-31T22:17:54.528,125913781,P037,rhythm_normal,NORMAL,,,,924,5465657,112896,119331,112667.92,118689.59,228.08,641.41,415.97,349.65,False,False,nan,True,0.9557,77.8,98.64,True,0,INCONCLUSIVE,0,,0,,,,,19,98,123,30,60,0.9989604596779594,0.17320508075688776
2026-08-31T22:17:54.551,125913796,P037,rhythm_normal,NORMAL,,,,925,5465697,112911,119340,112672.78,118702.6,238.22,637.4,471.32,352.08,False,False,nan,True,0.9557,77.8,98.64,True,0,INCONCLUSIVE,0,,0,,,,,19,98,123,30,60,0.9989604596779594,0.17320508075688776
2026-08-31T22:17:54.710,125913953,P037,rhythm_normal,NORMAL,,,,926,5465737,112486,118469,112669.05,118697.93,-183.05,-228.93,296.26,350.96,True,True,800.0,True,0.9569,77.92,98.64,True,0,INCONCLUSIVE,0,,0,,,,,19,98,123,30,60,0.999850488823204,0.17320508075688776
2026-08-31T22:17:54.719,125913968,P037,rhythm_normal,NORMAL,,,,927,5465777,112093,117649,112657.52,118676.95,-564.52,-1027.95,-34.79,344.64,False,False,nan,True,0.9569,77.92,98.64,True,0,INCONCLUSIVE,0,,0,,,,,19,98,123,30,60,0.999850488823204,0.17320508075688776
2026-08-31T22:17:54.729,125913984,P037,rhythm_normal,NORMAL,,,,928,5465817,112083,117616,112646.03,118655.73,-563.03,-1039.73,-286.03,343.47,False,False,nan,True,0.9569,77.92,98.64,True,0,INCONCLUSIVE,0,,0,,,,,19,98,123,30,60,0.999850488823204,0.17320508075688776
2026-08-31T22:17:54.732,125913984,P037,rhythm_normal,NORMAL,,,,929,5465857,112229,117923,112637.69,118641.08,-408.69,-718.08,-394.04,344.48,False,False,nan,True,0.9569,77.92,98.64,True,0,INCONCLUSIVE,0,,0,,,,,19,98,123,30,60,0.999850488823204,0.17320508075688776
2026-08-31T22:17:54.752,125914000,P037,rhythm_normal,NORMAL,,,,930,5465897,112378,118233,112632.49,118632.91,-254.49,-399.91,-395.51,345.5,False,False,nan,True,0.9569,77.92,98.64,True,0,INCONCLUSIVE,0,,0,,,,,19,98,123,30,60,0.999850488823204,0.17320508075688776
2026-08-31T22:17:54.897,125914140,P037,rhythm_normal,NORMAL,,,,931,5465937,112479,118453,112629.42,118629.31,-150.42,-176.31,-340.71,345.4,False,False,nan,True,0.9569,77.92,98.64,True,0,INCONCLUSIVE,0,,0,,,,,19,98,123,30,60,0.999850488823204,0.17320508075688776
2026-08-31T22:17:54.908,125914156,P037,rhythm_normal,NORMAL,,,,932,5465977,112467,118435,112626.17,118625.43,-159.17,-190.43,-303.14,344.56,False,False,nan,True,0.9569,77.92,98.64,True,0,INCONCLUSIVE,0,,0,,,,,19,98,123,30,60,0.999850488823204,0.17320508075688776
2026-08-31T22:17:54.923,125914171,P037,rhythm_normal,NORMAL,,,,933,5466017,112370,118244,112621.05,118617.8,-251.05,-373.8,-320.81,344.08,False,False,nan,True,0.9569,77.92,98.64,True,0,INCONCLUSIVE,0,,0,,,,,19,98,123,30,60,0.999850488823204,0.17320508075688776
2026-08-31T22:17:54.935,125914187,P037,rhythm_normal,NORMAL,,,,934,5466057,112349,118180,112615.61,118609.05,-266.61,-429.05,-347.87,344.16,False,False,nan,True,0.9569,77.92,98.64,True,0,INCONCLUSIVE,0,,0,,,,,19,98,123,30,60,0.999850488823204,0.17320508075688776
2026-08-31T22:17:54.951,125914203,P037,rhythm_normal,NORMAL,,,,935,5466097,112421,118345,112611.72,118603.77,-190.72,-258.77,-325.59,343.79,False,False,nan,True,0.9569,77.92,98.64,True,0,INCONCLUSIVE,0,,0,,,,,19,98,123,30,60,0.999850488823204,0.17320508075688776
2026-08-31T22:17:55.097,125914343,P037,rhythm_normal,NORMAL,,,,936,5466137,112531,118591,112610.1,118603.51,-79.1,-12.51,-247.32,341.86,False,False,nan,True,0.9569,77.92,98.64,True,0,INCONCLUSIVE,0,,0,,,,,19,98,123,30,60,0.9989604596779594,0.17320508075688776
2026-08-31T22:17:55.108,125914359,P037,rhythm_normal,NORMAL,,,,937,5466177,112637,118807,112610.64,118607.58,26.36,199.42,-135.63,337.73,False,False,nan,True,0.9569,77.92,98.64,True,0,INCONCLUSIVE,0,,0,,,,,19,98,123,30,60,0.9989604596779594,0.17320508075688776
2026-08-31T22:17:55.118,125914375,P037,rhythm_normal,NORMAL,,,,938,5466217,112711,118999,112612.65,118615.41,98.35,383.59,-5.83,331.1,False,False,nan,True,0.9569,77.92,98.64,True,0,INCONCLUSIVE,0,,0,,,,,19,98,123,30,60,0.9989604596779594,0.17320508075688776
2026-08-31T22:17:55.133,125914390,P037,rhythm_normal,NORMAL,,,,939,5466257,112760,119095,112615.59,118625.0,144.41,470.0,113.13,326.74,False,False,nan,True,0.9569,77.92,98.64,True,0,INCONCLUSIVE,0,,0,,,,,19,98,123,30,60,0.9989604596779594,0.17320508075688776
2026-08-31T22:17:55.162,125914406,P037,rhythm_normal,NORMAL,,,,940,5466307,112808,119203,112619.45,118636.56,188.55,566.44,226.46,324.73,False,False,nan,True,0.9569,77.92,98.64,True,0,INCONCLUSIVE,0,,0,,,,,19,98,123,30,60,0.9989604596779594,0.17320508075688776
2026-08-31T22:17:55.297,125914546,P037,rhythm_normal,NORMAL,,,,941,5466337,112845,119302,112623.95,118649.88,221.05,652.12,332.87,324.89,False,False,nan,True,0.9569,77.92,98.64,True,0,INCONCLUSIVE,0,,0,,,,,19,98,123,30,60,0.999850488823204,0.17320508075688776
2026-08-31T22:17:55.308,125914562,P037,rhythm_normal,NORMAL,,,,942,5466387,112882,119352,112629.12,118663.91,252.88,688.09,421.68,326.83,False,False,nan,True,0.9569,77.92,98.64,True,0,INCONCLUSIVE,0,,0,,,,,19,98,123,30,60,0.999850488823204,0.17320508075688776
2026-08-31T22:17:55.317,125914562,P037,rhythm_normal,NORMAL,,,,943,5466427,112920,119354,112634.94,118677.72,285.06,676.28,485.33,330.0,False,False,nan,True,0.9569,77.92,97.24,True,0,INCONCLUSIVE,0,,0,,,,,19,98,123,30,60,0.999850488823204,0.17320508075688776
2026-08-31T22:17:55.329,125914578,P037,rhythm_normal,NORMAL,,,,944,5466457,112981,119608,112641.86,118696.33,339.14,911.67,591.91,335.24,False,False,nan,True,0.9569,77.92,97.24,True,0,INCONCLUSIVE,0,,0,,,,,19,98,123,30,60,0.999850488823204,0.17320508075688776
2026-08-31T22:17:55.362,125914609,P037,rhythm_normal,NORMAL,,,,945,5466507,113025,119576,112649.52,118713.92,375.48,862.08,659.45,341.72,False,False,nan,True,0.9569,77.92,97.24,True,0,INCONCLUSIVE,0,,0,,,,,19,98,123,30,60,0.999850488823204,0.17320508075688776
2026-08-31T22:17:55.497,125914750,P037,rhythm_normal,NORMAL,,,,946,5466547,112611,118722,112648.75,118714.09,-37.75,7.91,496.57,344.82,True,True,810.0,True,0.9557,77.8,97.24,True,0,INCONCLUSIVE,0,,0,,,,,19,98,123,30,60,0.999850488823204,0.17320508075688776
2026-08-31T22:17:55.511,125914765,P037,rhythm_normal,NORMAL,,,,947,5466587,112135,117759,112638.48,118694.98,-503.48,-935.98,138.43,340.69,False,False,nan,True,0.9557,77.8,97.24,True,0,INCONCLUSIVE,0,,0,,,,,19,98,123,30,60,0.999850488823204,0.17320508075688776
2026-08-31T22:17:55.524,125914781,P037,rhythm_normal,NORMAL,,,,948,5466627,112093,117731,112627.57,118675.7,-534.57,-944.7,-132.35,336.52,False,False,nan,True,0.9557,77.8,97.24,True,0,INCONCLUSIVE,0,,0,,,,,19,98,123,30,60,0.999850488823204,0.17320508075688776
2026-08-31T22:17:55.540,125914796,P037,rhythm_normal,NORMAL,,,,949,5466667,112258,117956,112620.18,118661.31,-362.18,-705.31,-275.59,335.31,False,False,nan,True,0.9557,77.8,97.24,True,0,INCONCLUSIVE,0,,0,,,,,19,98,123,30,60,0.999850488823204,0.17320508075688776
2026-08-31T22:17:55.562,125914812,P037,rhythm_normal,NORMAL,,,,950,5466707,112406,118329,112615.9,118654.66,-209.9,-325.66,-288.11,334.36,False,False,nan,True,0.9557,77.8,97.24,True,0,INCONCLUSIVE,0,,0,,,,,19,98,123,30,60,0.999850488823204,0.17320508075688776
2026-08-31T22:17:55.697,125914953,P037,rhythm_normal,NORMAL,,,,951,5466747,112477,118469,112613.12,118650.95,-136.12,-181.95,-261.57,332.91,False,False,nan,True,0.9557,77.8,97.24,True,0,INCONCLUSIVE,0,,0,,,,,19,98,123,30,60,0.999850488823204,0.24494897427831783
2026-08-31T22:17:55.708,125914953,P037,rhythm_normal,NORMAL,,,,952,5466787,112488,118515,112610.62,118648.23,-122.62,-133.23,-229.49,330.84,False,False,nan,True,0.9557,77.8,97.24,True,0,INCONCLUSIVE,0,,0,,,,,19,98,123,30,60,0.999850488823204,0.24494897427831783
2026-08-31T22:17:55.724,125914968,P037,rhythm_normal,NORMAL,,,,953,5466827,112356,118293,112605.52,118641.13,-249.52,-348.13,-259.15,329.4,False,False,nan,True,0.9557,77.8,97.24,True,0,INCONCLUSIVE,0,,0,,,,,19,98,123,30,60,0.999850488823204,0.24494897427831783
2026-08-31T22:17:55.733,125914984,P037,rhythm_normal,NORMAL,,,,954,5466867,112297,118063,112599.35,118629.57,-302.35,-566.57,-336.0,329.54,False,False,nan,True,0.9557,77.8,97.24,True,0,INCONCLUSIVE,0,,0,,,,,19,98,123,30,60,0.999850488823204,0.24494897427831783
2026-08-31T22:17:55.762,125915015,P037,rhythm_normal,NORMAL,,,,955,5466907,112385,118317,112595.06,118623.32,-210.06,-306.32,-328.58,329.52,False,False,nan,True,0.9557,77.8,97.24,True,0,INCONCLUSIVE,0,,0,,,,,19,98,123,30,60,0.999850488823204,0.24494897427831783
2026-08-31T22:17:55.897,125915140,P037,rhythm_normal,NORMAL,,,,956,5466947,112496,118543,112593.08,118621.71,-97.08,-78.71,-266.11,328.25,False,False,nan,True,0.9557,77.8,97.24,True,0,INCONCLUSIVE,0,,0,,,,,19,98,123,30,60,0.999850488823204,0.17320508075688776
2026-08-31T22:17:55.913,125915156,P037,rhythm_normal,NORMAL,,,,957,5466987,112592,118756,112593.05,118624.4,-1.05,131.6,-166.69,325.02,False,False,nan,True,0.9557,77.8,97.24,True,0,INCONCLUSIVE,0,,0,,,,,19,98,123,30,60,0.999850488823204,0.17320508075688776
2026-08-31T22:17:55.925,125915171,P037,rhythm_normal,NORMAL,,,,958,5467027,112661,118855,112594.41,118629.01,66.59,225.99,-68.52,319.89,False,False,nan,True,0.9557,77.8,97.24,True,0,INCONCLUSIVE,0,,0,,,,,19,98,123,30,60,0.999850488823204,0.17320508075688776
2026-08-31T22:17:55.935,125915187,P037,rhythm_normal,NORMAL,,,,959,5467067,112714,118995,112596.8,118636.33,117.2,358.67,38.28,314.26,False,False,nan,True,0.9557,77.8,97.24,True,0,INCONCLUSIVE,0,,0,,,,,19,98,123,30,60,0.999850488823204,0.17320508075688776
2026-08-31T22:17:55.962,125915218,P037,rhythm_normal,NORMAL,,,,960,5467107,112776,119122,112600.39,118646.04,175.61,475.96,147.7,310.92,False,False,nan,True,0.9557,77.8,97.24,True,0,INCONCLUSIVE,0,,0,,,,,19,98,123,30,60,0.999850488823204,0.17320508075688776
2026-08-31T22:17:56.097,125915343,P037,rhythm_normal,NORMAL,,,,961,5467147,112810,119224,112604.59,118657.6,205.41,566.4,252.38,309.75,False,False,nan,True,0.9557,77.8,97.24,True,0,INCONCLUSIVE,0,,0,,,,,19,98,123,30,60,0.999850488823204,0.17320508075688776
2026-08-31T22:17:56.108,125915359,P037,rhythm_normal,NORMAL,,,,962,5467187,112810,119283,112608.7,118670.11,201.3,612.89,342.5,310.41,False,False,nan,True,0.9557,77.8,97.24,True,0,INCONCLUSIVE,0,,0,,,,,19,98,123,30,60,0.999850488823204,0.17320508075688776
2026-08-31T22:17:56.119,125915375,P037,rhythm_normal,NORMAL,,,,963,5467227,112828,119397,112613.08,118684.65,214.92,712.35,434.97,312.9,False,False,nan,True,0.9557,77.8,97.24,True,0,INCONCLUSIVE,0,,0,,,,,19,98,123,30,60,0.999850488823204,0.17320508075688776
2026-08-31T22:17:56.129,125915375,P037,rhythm_normal,NORMAL,,,,964,5467267,112985,119579,112620.52,118702.54,364.48,876.46,545.34,317.55,False,False,nan,True,0.9557,77.8,97.24,True,0,INCONCLUSIVE,0,,0,,,,,19,98,123,30,60,0.999850488823204,0.17320508075688776
2026-08-31T22:17:56.161,125915406,P037,rhythm_normal,NORMAL,,,,965,5467307,112961,119695,112627.33,118722.39,333.67,972.61,652.16,324.24,False,False,nan,True,0.9557,77.8,97.24,True,0,INCONCLUSIVE,0,,0,,,,,19,98,123,30,60,0.999850488823204,0.17320508075688776
2026-08-31T22:17:56.298,125915546,P037,rhythm_normal,NORMAL,,,,966,5467347,112631,118982,112627.4,118727.59,3.6,254.41,552.72,328.81,True,True,800.0,True,0.9552,77.29,97.24,True,0,INCONCLUSIVE,0,,0,,,,,19,98,123,30,60,0.999850488823204,0.17320508075688776
2026-08-31T22:17:56.308,125915562,P037,rhythm_normal,NORMAL,,,,967,5467387,112123,117887,112617.31,118710.77,-494.31,-823.77,208.6,326.41,False,False,nan,True,0.9552,77.29,97.24,True,0,INCONCLUSIVE,0,,0,,,,,19,98,123,30,60,0.999850488823204,0.17320508075688776
2026-08-31T22:17:56.319,125915578,P037,rhythm_normal,NORMAL,,,,968,5467427,112076,117784,112606.48,118692.23,-530.48,-908.23,-70.61,321.29,False,False,nan,True,0.9552,77.29,97.24,True,0,INCONCLUSIVE,0,,0,,,,,19,98,123,30,60,0.999850488823204,0.17320508075688776
2026-08-31T22:17:56.330,125915578,P037,rhythm_normal,NORMAL,,,,969,5467467,112138,118038,112597.12,118679.15,-459.12,-641.15,-213.24,319.13,False,False,nan,True,0.9552,77.29,97.24,True,0,INCONCLUSIVE,0,,0,,,,,19,98,123,30,60,0.999850488823204,0.17320508075688776
2026-08-31T22:17:56.362,125915609,P037,rhythm_normal,NORMAL,,,,970,5467507,112344,118349,112592.05,118672.55,-248.05,-323.55,-240.82,317.56,False,False,nan,True,0.9552,77.29,97.24,True,0,INCONCLUSIVE,0,,0,,,,,19,98,123,30,60,0.999850488823204,0.17320508075688776
2026-08-31T22:17:56.497,125915750,P037,rhythm_normal,NORMAL,,,,971,5467547,112426,118500,112588.73,118669.09,-162.73,-169.09,-222.89,315.67,False,False,nan,True,0.9552,77.29,97.24,True,0,INCONCLUSIVE,0,,0,,,,,19,98,123,30,60,0.999850488823204,0.17320508075688776
2026-08-31T22:17:56.508,125915765,P037,rhythm_normal,NORMAL,,,,972,5467587,112443,118539,112585.82,118666.49,-142.82,-127.49,-199.04,313.34,False,False,nan,True,0.9552,77.29,97.24,True,0,INCONCLUSIVE,0,,0,,,,,19,98,123,30,60,0.999850488823204,0.17320508075688776
2026-08-31T22:17:56.523,125915781,P037,rhythm_normal,NORMAL,,,,973,5467627,112308,118348,112580.27,118660.12,-272.27,-312.12,-227.31,311.62,False,False,nan,True,0.9552,77.29,97.24,True,0,INCONCLUSIVE,0,,0,,,,,19,98,123,30,60,0.999850488823204,0.17320508075688776
2026-08-31T22:17:56.532,125915781,P037,rhythm_normal,NORMAL,,,,974,5467667,112281,118270,112574.28,118652.32,-293.28,-382.32,-266.06,310.71,False,False,nan,True,0.9552,77.29,97.24,True,0,INCONCLUSIVE,0,,0,,,,,19,98,123,30,60,0.999850488823204,0.17320508075688776
2026-08-31T22:17:56.563,125915812,P037,rhythm_normal,NORMAL,,,,975,5467707,112321,118384,112569.22,118646.95,-248.22,-262.95,-265.29,309.8,False,False,nan,True,0.9552,77.29,97.24,True,0,INCONCLUSIVE,0,,0,,,,,19,98,123,30,60,0.999850488823204,0.17320508075688776
2026-08-31T22:17:56.697,125915953,P037,rhythm_normal,NORMAL,,,,976,5467747,112466,118647,112567.16,118646.95,-101.16,0.05,-198.95,307.58,False,False,nan,True,0.9552,77.29,97.24,True,0,NORMAL,1,0.97,0,757.5,41.1,34.8,0.05,20,92,124,30,60,0.9989604596779594,0.17320508075688776
2026-08-31T22:17:56.713,125915968,P037,rhythm_normal,NORMAL,,,,977,5467787,112591,118882,112567.63,118651.66,23.37,230.34,-91.63,303.26,False,False,nan,True,0.9552,77.29,97.24,True,0,NORMAL,1,0.97,0,757.5,41.1,34.8,0.05,20,92,124,30,60,0.9989604596779594,0.17320508075688776
2026-08-31T22:17:56.722,125915968,P037,rhythm_normal,NORMAL,,,,978,5467827,112613,119015,112568.54,118658.92,44.46,356.08,20.3,297.6,False,False,nan,True,0.9552,77.29,97.24,True,0,NORMAL,1,0.97,0,757.5,41.1,34.8,0.05,20,92,124,30,60,0.9989604596779594,0.17320508075688776
2026-08-31T22:17:56.732,125915984,P037,rhythm_normal,NORMAL,,,,979,5467867,112689,119142,112570.95,118668.59,118.05,473.41,133.58,294.32,False,False,nan,True,0.9552,77.29,97.24,True,0,NORMAL,1,0.97,0,757.5,41.1,34.8,0.05,20,92,124,30,60,0.9989604596779594,0.17320508075688776
2026-08-31T22:17:56.762,125916015,P037,rhythm_normal,NORMAL,,,,980,5467907,112744,119225,112574.41,118679.71,169.59,545.29,236.51,293.16,False,False,nan,True,0.9552,77.29,97.24,True,0,NORMAL,1,0.97,0,757.5,41.1,34.8,0.05,20,92,124,30,60,0.9989604596779594,0.17320508075688776
2026-08-31T22:17:56.898,125916156,P037,rhythm_normal,NORMAL,,,,981,5467947,112756,119268,112578.04,118691.48,177.96,576.52,321.51,293.73,False,False,nan,True,0.9552,77.29,97.24,True,0,NORMAL,1,0.97,0,757.5,41.1,34.8,0.05,20,92,124,30,60,0.999850488823204,0.17320508075688776
2026-08-31T22:17:56.909,125916156,P037,rhythm_normal,NORMAL,,,,982,5467987,112763,119324,112581.73,118704.12,181.27,619.88,396.1,295.78,False,False,nan,True,0.9552,77.29,97.24,True,0,NORMAL,1,0.97,0,757.5,41.1,34.8,0.05,20,92,124,30,60,0.999850488823204,0.17320508075688776
2026-08-31T22:17:56.922,125916171,P037,rhythm_normal,NORMAL,,,,983,5468027,112857,119475,112587.24,118719.54,269.76,755.46,485.94,299.58,False,False,nan,True,0.9552,77.29,97.24,True,0,NORMAL,1,0.97,0,757.5,41.1,34.8,0.05,20,92,124,30,60,0.999850488823204,0.17320508075688776
2026-08-31T22:17:56.933,125916187,P037,rhythm_normal,NORMAL,,,,984,5468067,112917,119584,112593.84,118736.83,323.16,847.17,576.25,305.12,False,False,nan,True,0.9552,77.29,97.24,True,0,NORMAL,1,0.97,0,757.5,41.1,34.8,0.05,20,92,124,30,60,0.999850488823204,0.17320508075688776
2026-08-31T22:17:56.963,125916218,P037,rhythm_normal,NORMAL,,,,985,5468107,112879,119501,112599.54,118752.11,279.46,748.89,619.41,311.4,False,False,nan,True,0.9552,77.29,97.24,True,0,NORMAL,1,0.97,0,757.5,41.1,34.8,0.05,20,92,124,30,60,0.999850488823204,0.17320508075688776
2026-08-31T22:17:57.099,125916343,P037,rhythm_normal,NORMAL,,,,986,5468147,112279,118380,112593.12,118744.66,-314.12,-364.66,373.39,312.64,True,True,800.0,True,0.9619,76.31,97.24,True,0,NORMAL,1,0.97,0,757.5,41.1,34.8,0.05,20,92,124,30,60,0.999850488823204,0.17320508075688776
2026-08-31T22:17:57.110,125916359,P037,rhythm_normal,NORMAL,,,,987,5468187,112053,117818,112582.32,118726.13,-529.32,-908.13,53.01,307.45,False,False,nan,True,0.9619,76.31,97.24,True,0,NORMAL,1,0.97,0,757.5,41.1,34.8,0.05,20,92,124,30,60,0.999850488823204,0.17320508075688776
2026-08-31T22:17:57.126,125916375,P037,rhythm_normal,NORMAL,,,,988,5468227,112122,117920,112573.12,118710.01,-451.12,-790.01,-157.74,304.45,False,False,nan,True,0.9619,76.31,97.24,True,0,NORMAL,1,0.97,0,757.5,41.1,34.8,0.05,20,92,124,30,60,0.999850488823204,0.17320508075688776
2026-08-31T22:17:57.137,125916390,P037,rhythm_normal,NORMAL,,,,989,5468267,112287,118295,112567.4,118701.71,-280.4,-406.71,-219.99,302.77,False,False,nan,True,0.9619,76.31,97.24,True,0,NORMAL,1,0.97,0,757.5,41.1,34.8,0.05,20,92,124,30,60,0.999850488823204,0.17320508075688776
2026-08-31T22:17:57.162,125916406,P037,rhythm_normal,NORMAL,,,,990,5468307,112351,118492,112563.07,118697.52,-212.07,-205.52,-216.37,301.04,False,False,nan,True,0.9619,76.31,97.24,True,0,NORMAL,1,0.97,0,757.5,41.1,34.8,0.05,20,92,124,30,60,0.999850488823204,0.17320508075688776
2026-08-31T22:17:57.297,125916546,P037,rhythm_normal,NORMAL,,,,991,5468347,112444,118651,112560.69,118696.59,-116.69,-45.59,-173.67,298.49,False,False,nan,True,0.9619,76.31,97.24,True,0,NORMAL,1,0.97,0,757.5,41.1,34.8,0.05,20,92,124,30,60,0.999850488823204,0.24494897427831783
2026-08-31T22:17:57.308,125916562,P037,rhythm_normal,NORMAL,,,,992,5468387,112398,118576,112557.44,118694.17,-159.44,-118.17,-159.8,295.72,False,False,nan,True,0.9619,76.31,97.24,True,0,NORMAL,1,0.97,0,757.5,41.1,34.8,0.05,20,92,124,30,60,0.999850488823204,0.24494897427831783
2026-08-31T22:17:57.320,125916578,P037,rhythm_normal,NORMAL,,,,993,5468427,112290,118405,112552.09,118688.39,-262.09,-283.39,-190.7,293.62,False,False,nan,True,0.9619,76.31,97.24,True,0,NORMAL,1,0.97,0,757.5,41.1,34.8,0.05,20,92,124,30,60,0.999850488823204,0.24494897427831783
2026-08-31T22:17:57.336,125916593,P037,rhythm_normal,NORMAL,,,,994,5468467,112295,118430,112546.95,118683.23,-251.95,-253.23,-206.33,291.87,False,False,nan,True,0.9619,76.31,97.24,True,0,NORMAL,1,0.97,0,757.5,41.1,34.8,0.05,20,92,124,30,60,0.999850488823204,0.24494897427831783
2026-08-31T22:17:57.363,125916609,P037,rhythm_normal,NORMAL,,,,995,5468507,112417,118665,112544.34,118682.86,-127.34,-17.86,-159.21,289.22,False,False,nan,True,0.9619,76.31,97.24,True,0,NORMAL,1,0.97,0,757.5,41.1,34.8,0.05,20,92,124,30,60,0.999850488823204,0.24494897427831783
2026-08-31T22:17:57.499,125916750,P037,rhythm_normal,NORMAL,,,,996,5468547,112554,118913,112544.54,118687.46,9.46,225.54,-63.02,284.69,False,False,nan,True,0.9619,76.31,97.24,True,0,NORMAL,1,0.97,0,757.5,41.1,34.8,0.05,20,92,124,30,60,0.999850488823204,0.17320508075688776
2026-08-31T22:17:57.513,125916765,P037,rhythm_normal,NORMAL,,,,997,5468587,112569,119010,112545.03,118693.91,23.97,316.09,31.75,279.63,False,False,nan,True,0.9619,76.31,97.24,True,0,NORMAL,1,0.97,0,757.5,41.1,34.8,0.05,20,92,124,30,60,0.999850488823204,0.17320508075688776
2026-08-31T22:17:57.523,125916781,P037,rhythm_normal,NORMAL,,,,998,5468627,112615,119087,112546.43,118701.77,68.57,385.23,120.12,276.44,False,False,nan,True,0.9619,76.31,97.24,True,0,NORMAL,1,0.97,0,757.5,41.1,34.8,0.05,20,92,124,30,60,0.999850488823204,0.17320508075688776
2026-08-31T22:17:57.533,125916781,P037,rhythm_normal,NORMAL,,,,999,5468667,112647,119181,112548.44,118711.36,98.56,469.64,207.5,275.07,False,False,nan,True,0.9619,76.31,97.24,True,0,NORMAL,1,0.97,0,757.5,41.1,34.8,0.05,20,92,124,30,60,0.999850488823204,0.17320508075688776
2026-08-31T22:17:57.563,125916812,P037,rhythm_normal,NORMAL,,,,1000,5468707,112708,119226,112551.62,118721.65,156.38,504.35,281.71,275.2,False,False,nan,True,0.9619,76.31,97.24,True,0,NORMAL,1,0.97,0,757.5,41.1,34.8,0.05,20,92,124,30,60,0.999850488823204,0.17320508075688776
2026-08-31T22:17:57.702,125916953,P037,rhythm_normal,NORMAL,,,,1001,5468747,112721,119261,112555.02,118732.44,165.98,528.56,343.43,276.56,False,False,nan,True,0.9619,76.31,97.24,True,0,NORMAL,1,0.97,0,757.5,41.1,34.8,0.05,20,92,124,30,60,0.999850488823204,0.17320508075688776
2026-08-31T22:17:57.714,125916968,P037,rhythm_normal,NORMAL,,,,1002,5468787,112745,119337,112558.81,118744.53,186.19,592.47,405.69,279.15,False,False,nan,True,0.9619,76.31,97.24,True,0,NORMAL,1,0.97,0,757.5,41.1,34.8,0.05,20,92,124,30,60,0.999850488823204,0.17320508075688776
2026-08-31T22:17:57.729,125916984,P037,rhythm_normal,NORMAL,,,,1003,5468827,112792,119434,112563.48,118758.32,228.52,675.68,473.19,283.03,False,False,nan,True,0.9619,76.31,97.24,True,0,NORMAL,1,0.97,0,757.5,41.1,34.8,0.05,20,92,124,30,60,0.999850488823204,0.17320508075688776
2026-08-31T22:17:57.739,125916984,P037,rhythm_normal,NORMAL,,,,1004,5468867,112763,119399,112567.47,118771.13,195.53,627.87,511.86,287.6,False,False,nan,True,0.9619,76.31,97.24,True,0,NORMAL,1,0.97,0,757.5,41.1,34.8,0.05,20,92,124,30,60,0.999850488823204,0.17320508075688776
2026-08-31T22:17:57.763,125917015,P037,rhythm_normal,NORMAL,,,,1005,5468907,112333,118481,112562.78,118765.33,-229.78,-284.33,312.81,288.11,True,True,760.0,True,0.9706,75.83,97.24,True,0,NORMAL,1,0.97,0,757.5,41.1,34.8,0.05,20,92,124,30,60,0.999850488823204,0.17320508075688776
2026-08-31T22:17:57.899,125917156,P037,rhythm_normal,NORMAL,,,,1006,5468947,111985,117780,112551.23,118745.62,-566.23,-965.62,-6.8,282.48,False,False,nan,True,0.9706,75.83,97.24,True,0,NORMAL,1,0.97,0,757.5,41.1,34.8,0.05,20,92,124,30,60,0.999850488823204,0.17320508075688776
2026-08-31T22:17:57.910,125917156,P037,rhythm_normal,NORMAL,,,,1007,5468987,111981,117776,112539.82,118726.23,-558.82,-950.23,-242.66,281.68,False,False,nan,True,0.9706,75.83,97.24,True,0,NORMAL,1,0.97,0,757.5,41.1,34.8,0.05,20,92,124,30,60,0.999850488823204,0.17320508075688776
2026-08-31T22:17:57.922,125917171,P037,rhythm_normal,NORMAL,,,,1008,5469027,112150,118102,112532.02,118713.75,-382.02,-611.75,-334.93,282.75,False,False,nan,True,0.9706,75.83,97.24,True,0,NORMAL,1,0.97,0,757.5,41.1,34.8,0.05,20,92,124,30,60,0.999850488823204,0.17320508075688776
2026-08-31T22:17:57.932,125917187,P037,rhythm_normal,NORMAL,,,,1009,5469067,112278,118370,112526.95,118706.88,-248.95,-336.88,-335.42,283.8,False,False,nan,True,0.9706,75.83,97.24,True,0,NORMAL,1,0.97,0,757.5,41.1,34.8,0.05,20,92,124,30,60,0.999850488823204,0.17320508075688776
2026-08-31T22:17:57.963,125917218,P037,rhythm_normal,NORMAL,,,,1010,5469107,112332,118531,112523.05,118703.36,-191.05,-172.36,-294.65,284.02,False,False,nan,True,0.9706,75.83,97.24,True,0,NORMAL,1,0.97,0,757.5,41.1,34.8,0.05,20,92,124,30,60,0.999850488823204,0.17320508075688776
2026-08-31T22:17:58.097,125917343,P037,rhythm_normal,NORMAL,,,,1011,5469147,112257,118393,112517.73,118697.15,-260.73,-304.15,-297.03,284.28,False,False,nan,True,0.9706,75.83,97.24,True,0,NORMAL,1,0.97,0,757.5,41.1,34.8,0.05,20,92,124,30,60,0.999850488823204,0.17320508075688776
2026-08-31T22:17:58.108,125917359,P037,rhythm_normal,NORMAL,,,,1012,5469187,112166,118187,112510.7,118686.95,-344.7,-499.95,-347.76,285.55,False,False,nan,True,0.9706,75.83,97.24,True,0,NORMAL,1,0.97,0,757.5,41.1,34.8,0.05,20,92,124,30,60,0.999850488823204,0.17320508075688776
2026-08-31T22:17:58.121,125917375,P037,rhythm_normal,NORMAL,,,,1013,5469227,112159,118176,112503.66,118676.73,-344.66,-500.73,-386.0,287.56,False,False,nan,True,0.9706,75.83,97.24,True,0,NORMAL,1,0.97,0,757.5,41.1,34.8,0.05,20,92,124,30,60,0.999850488823204,0.17320508075688776
2026-08-31T22:17:58.131,125917375,P037,rhythm_normal,NORMAL,,,,1014,5469267,112243,118349,112498.45,118670.17,-255.45,-321.17,-369.79,289.2,False,False,nan,True,0.9706,75.83,97.24,True,0,NORMAL,1,0.97,0,757.5,41.1,34.8,0.05,20,92,124,30,60,0.999850488823204,0.17320508075688776
2026-08-31T22:17:58.164,125917421,P037,rhythm_normal,NORMAL,,,,1015,5469307,112357,118596,112495.62,118668.69,-138.62,-72.69,-295.52,289.33,False,False,nan,True,0.9706,75.83,97.24,True,0,NORMAL,1,0.97,0,757.5,41.1,34.8,0.05,20,92,124,30,60,0.999850488823204,0.17320508075688776
2026-08-31T22:17:58.297,125917546,P037,rhythm_normal,NORMAL,,,,1016,5469347,112427,118752,112494.25,118670.35,-67.25,81.65,-201.22,287.57,False,False,nan,True,0.9706,75.83,97.24,True,0,NORMAL,1,0.97,0,757.5,41.1,34.8,0.05,20,92,124,30,60,0.9989604596779594,0.17320508075688776
2026-08-31T22:17:58.308,125917562,P037,rhythm_normal,NORMAL,,,,1017,5469387,112470,118828,112493.77,118673.51,-23.77,154.49,-112.3,284.06,False,False,nan,True,0.9706,75.83,97.24,True,0,NORMAL,1,0.97,0,757.5,41.1,34.8,0.05,20,92,124,30,60,0.9989604596779594,0.17320508075688776
2026-08-31T22:17:58.322,125917578,P037,rhythm_normal,NORMAL,,,,1018,5469427,112514,118937,112494.17,118678.78,19.83,258.22,-19.67,278.77,False,False,nan,True,0.9706,75.83,97.24,True,0,NORMAL,1,0.97,0,757.5,41.1,34.8,0.05,20,92,124,30,60,0.9989604596779594,0.17320508075688776
2026-08-31T22:17:58.337,125917593,P037,rhythm_normal,NORMAL,,,,1019,5469467,112559,119039,112495.47,118685.98,63.53,353.02,73.5,274.67,False,False,nan,True,0.9706,75.83,97.24,True,0,NORMAL,1,0.97,0,757.5,41.1,34.8,0.05,20,92,124,30,60,0.9989604596779594,0.17320508075688776
2026-08-31T22:17:58.362,125917609,P037,rhythm_normal,NORMAL,,,,1020,5469507,112594,119111,112497.44,118694.48,96.56,416.52,159.26,272.36,False,False,nan,True,0.9706,75.83,97.24,True,0,NORMAL,1,0.97,0,757.5,41.1,34.8,0.05,20,92,124,30,60,0.9989604596779594,0.17320508075688776
2026-08-31T22:17:58.497,125917750,P037,rhythm_normal,NORMAL,,,,1021,5469547,112653,119226,112500.55,118705.12,152.45,520.88,249.66,271.91,False,False,nan,True,0.9706,75.83,97.24,True,0,NORMAL,1,0.97,0,757.5,41.1,34.8,0.05,20,92,124,30,60,0.999850488823204,0.17320508075688776
2026-08-31T22:17:58.509,125917765,P037,rhythm_normal,NORMAL,,,,1022,5469587,112685,119319,112504.23,118717.4,180.77,601.6,337.65,273.22,False,False,nan,True,0.9706,75.83,97.24,True,0,NORMAL,1,0.97,0,757.5,41.1,34.8,0.05,20,92,124,30,60,0.999850488823204,0.17320508075688776
2026-08-31T22:17:58.522,125917765,P037,rhythm_normal,NORMAL,,,,1023,5469627,112408,118730,112502.31,118717.65,-94.31,12.35,256.32,272.88,True,True,720.0,True,0.9619,76.31,97.24,True,0,NORMAL,1,0.97,0,757.5,41.1,34.8,0.05,20,92,124,30,60,0.999850488823204,0.17320508075688776
2026-08-31T22:17:58.534,125917781,P037,rhythm_normal,NORMAL,,,,1024,5469667,111962,117813,112491.51,118699.55,-529.51,-886.55,-29.4,268.01,False,False,nan,True,0.9619,76.31,97.24,True,0,NORMAL,1,0.97,0,757.5,41.1,34.8,0.05,20,92,124,30,60,0.999850488823204,0.17320508075688776
2026-08-31T22:17:58.562,125917812,P037,rhythm_normal,NORMAL,,,,1025,5469707,111912,117693,112479.91,118679.42,-567.91,-986.42,-268.65,268.03,False,False,nan,True,0.9619,76.31,97.24,True,0,NORMAL,1,0.97,0,757.5,41.1,34.8,0.05,20,92,124,30,60,0.999850488823204,0.17320508075688776
2026-08-31T22:17:58.698,125917953,P037,rhythm_normal,NORMAL,,,,1026,5469747,112051,117971,112471.34,118665.25,-420.34,-694.25,-375.05,270.17,False,False,nan,True,0.9619,76.31,97.24,True,0,NORMAL,1,0.97,0,757.5,41.1,34.8,0.05,20,92,124,30,60,0.999850488823204,0.17320508075688776
2026-08-31T22:17:58.709,125917953,P037,rhythm_normal,NORMAL,,,,1027,5469787,112166,118208,112465.23,118656.1,-299.23,-448.1,-393.31,272.63,False,False,nan,True,0.9619,76.31,97.24,True,0,NORMAL,1,0.97,0,757.5,41.1,34.8,0.05,20,92,124,30,60,0.999850488823204,0.17320508075688776
2026-08-31T22:17:58.721,125917968,P037,rhythm_normal,NORMAL,,,,1028,5469827,112251,118389,112460.95,118650.76,-209.95,-261.76,-360.43,274.39,False,False,nan,True,0.9619,76.31,97.24,True,0,NORMAL,1,0.97,0,757.5,41.1,34.8,0.05,20,92,124,30,60,0.999850488823204,0.17320508075688776
2026-08-31T22:17:58.731,125917984,P037,rhythm_normal,NORMAL,,,,1029,5469867,112259,118417,112456.91,118646.09,-197.91,-229.09,-327.59,275.45,False,False,nan,True,0.9619,76.31,97.24,True,0,NORMAL,1,0.97,0,757.5,41.1,34.8,0.05,20,92,124,30,60,0.999850488823204,0.17320508075688776
2026-08-31T22:17:58.762,125918015,P037,rhythm_normal,NORMAL,,,,1030,5469907,112167,118198,112451.11,118637.12,-284.11,-439.12,-355.47,277.05,False,False,nan,True,0.9619,76.31,97.24,True,0,NORMAL,1,0.97,0,757.5,41.1,34.8,0.05,20,92,124,30,60,0.999850488823204,0.17320508075688776
2026-08-31T22:17:58.897,125918140,P037,rhythm_normal,NORMAL,,,,1031,5469947,112131,118139,112444.71,118627.16,-313.71,-488.16,-388.65,279.28,False,False,nan,True,0.9619,76.31,97.24,True,0,NORMAL,1,0.97,0,757.5,41.1,34.8,0.05,20,92,124,30,60,0.999850488823204,0.17320508075688776
2026-08-31T22:17:58.910,125918156,P037,rhythm_normal,NORMAL,,,,1032,5469987,112216,118312,112440.14,118620.86,-224.14,-308.86,-368.7,281.07,False,False,nan,True,0.9619,76.31,97.24,True,0,NORMAL,1,0.97,0,757.5,41.1,34.8,0.05,20,92,124,30,60,0.999850488823204,0.17320508075688776
2026-08-31T22:17:58.920,125918171,P037,rhythm_normal,NORMAL,,,,1033,5470027,112327,118547,112437.88,118619.38,-110.88,-72.38,-294.62,281.34,False,False,nan,True,0.9619,76.31,97.24,True,0,NORMAL,1,0.97,0,757.5,41.1,34.8,0.05,20,92,124,30,60,0.999850488823204,0.17320508075688776
2026-08-31T22:17:58.929,125918187,P037,rhythm_normal,NORMAL,,,,1034,5470067,112400,118697,112437.12,118620.94,-37.12,76.06,-201.95,279.75,False,False,nan,True,0.9619,76.31,97.24,True,0,NORMAL,1,0.97,0,757.5,41.1,34.8,0.05,20,92,124,30,60,0.999850488823204,0.17320508075688776
2026-08-31T22:17:58.963,125918218,P037,rhythm_normal,NORMAL,,,,1035,5470107,112480,118848,112437.98,118625.48,42.02,222.52,-95.83,276.07,False,False,nan,True,0.9619,76.31,97.24,True,0,NORMAL,1,0.97,0,757.5,41.1,34.8,0.05,20,92,124,30,60,0.999850488823204,0.17320508075688776
2026-08-31T22:17:59.097,125918343,P037,rhythm_normal,NORMAL,,,,1036,5470147,112519,118957,112439.59,118632.11,79.41,324.89,9.35,270.74,False,False,nan,True,0.9619,76.31,97.24,True,0,NORMAL,1,0.97,0,757.5,41.1,34.8,0.05,20,92,124,30,60,0.999850488823204,0.17320508075688776
2026-08-31T22:17:59.108,125918359,P037,rhythm_normal,NORMAL,,,,1037,5470187,112547,119019,112441.74,118639.84,105.26,379.16,101.8,267.36,False,False,nan,True,0.9619,76.31,97.24,True,0,NORMAL,1,0.97,0,757.5,41.1,34.8,0.05,20,92,124,30,60,0.999850488823204,0.17320508075688776
2026-08-31T22:17:59.121,125918375,P037,rhythm_normal,NORMAL,,,,1038,5470227,112589,119107,112444.69,118649.19,144.31,457.81,190.8,265.83,False,False,nan,True,0.9619,76.31,97.24,True,0,NORMAL,1,0.97,0,757.5,41.1,34.8,0.05,20,92,124,30,60,0.999850488823204,0.17320508075688776
2026-08-31T22:17:59.133,125918390,P037,rhythm_normal,NORMAL,,,,1039,5470267,112657,119265,112448.94,118661.5,208.06,603.5,293.98,266.39,False,False,nan,True,0.9619,76.31,97.24,True,0,NORMAL,1,0.97,0,757.5,41.1,34.8,0.05,20,92,124,30,60,0.999850488823204,0.17320508075688776
2026-08-31T22:17:59.162,125918406,P037,rhythm_normal,NORMAL,,,,1040,5470307,112746,119450,112454.88,118677.27,291.12,772.73,413.67,269.34,False,False,nan,True,0.9619,76.31,97.24,True,0,NORMAL,1,0.97,0,757.5,41.1,34.8,0.05,20,92,124,30,60,0.999850488823204,0.17320508075688776
2026-08-31T22:17:59.298,125918546,P037,rhythm_normal,NORMAL,,,,1041,5470347,112731,119437,112460.4,118692.47,270.6,744.53,496.38,273.88,False,False,nan,True,0.9619,76.31,97.24,True,0,NORMAL,1,0.97,0,757.5,41.1,34.8,0.05,20,92,124,30,60,0.999850488823204,0.17320508075688776
2026-08-31T22:17:59.314,125918562,P037,rhythm_normal,NORMAL,,,,1042,5470387,112296,118511,112457.11,118688.84,-161.11,-177.84,327.83,274.96,True,True,760.0,True,0.9619,76.31,97.24,True,0,NORMAL,1,0.97,0,757.5,41.1,34.8,0.05,20,92,124,30,60,0.999850488823204,0.17320508075688776
2026-08-31T22:17:59.325,125918578,P037,rhythm_normal,NORMAL,,,,1043,5470427,111937,117755,112446.71,118670.16,-509.71,-915.16,17.08,269.8,False,False,nan,True,0.9619,76.31,95.33,True,0,NORMAL,1,0.97,0,757.5,41.1,34.8,0.05,20,92,124,30,60,0.999850488823204,0.17320508075688776
2026-08-31T22:17:59.333,125918578,P037,rhythm_normal,NORMAL,,,,1044,5470467,111942,117770,112436.62,118652.16,-494.62,-882.16,-207.73,268.56,False,False,nan,True,0.9619,76.31,95.33,True,0,NORMAL,1,0.97,0,757.5,41.1,34.8,0.05,20,92,124,30,60,0.999850488823204,0.17320508075688776
2026-08-31T22:17:59.363,125918609,P037,rhythm_normal,NORMAL,,,,1045,5470507,112090,118061,112429.69,118640.34,-339.69,-579.34,-300.63,269.2,False,False,nan,True,0.9619,76.31,95.33,True,0,NORMAL,1,0.97,0,757.5,41.1,34.8,0.05,20,92,124,30,60,0.999850488823204,0.17320508075688776
2026-08-31T22:17:59.498,125918750,P037,rhythm_normal,NORMAL,,,,1046,5470547,112172,118232,112424.53,118632.17,-252.53,-400.17,-325.52,270.33,False,False,nan,True,0.9619,76.31,95.33,True,0,NORMAL,1,0.97,0,757.5,41.1,34.8,0.05,20,92,124,30,60,0.999850488823204,0.17320508075688776
2026-08-31T22:17:59.509,125918765,P037,rhythm_normal,NORMAL,,,,1047,5470587,112248,118379,112421.0,118627.11,-173.0,-248.11,-306.16,271.04,False,False,nan,True,0.9619,76.31,95.33,True,0,NORMAL,1,0.97,0,757.5,41.1,34.8,0.05,20,92,124,30,60,0.999850488823204,0.17320508075688776
2026-08-31T22:17:59.522,125918765,P037,rhythm_normal,NORMAL,,,,1048,5470627,112242,118373,112417.42,118622.02,-175.42,-249.02,-291.88,271.46,False,False,nan,True,0.9619,76.31,95.33,True,0,NORMAL,1,0.97,0,757.5,41.1,34.8,0.05,20,92,124,30,60,0.999850488823204,0.17320508075688776
2026-08-31T22:17:59.532,125918781,P037,rhythm_normal,NORMAL,,,,1049,5470667,112171,118232,112412.49,118614.23,-241.49,-382.23,-314.47,272.32,False,False,nan,True,0.9619,76.31,95.33,True,0,NORMAL,1,0.97,0,757.5,41.1,34.8,0.05,20,92,124,30,60,0.999850488823204,0.17320508075688776
2026-08-31T22:17:59.564,125918812,P037,rhythm_normal,NORMAL,,,,1050,5470707,112168,118219,112407.6,118606.32,-239.6,-387.32,-332.68,273.53,False,False,nan,True,0.9619,76.31,95.33,True,0,NORMAL,1,0.97,0,757.5,41.1,34.8,0.05,20,92,124,30,60,0.999850488823204,0.17320508075688776
2026-08-31T22:17:59.697,125918953,P037,rhythm_normal,NORMAL,,,,1051,5470747,112242,118388,112404.29,118601.95,-162.29,-213.95,-303.0,274.12,False,False,nan,True,0.9619,76.31,95.33,True,0,NORMAL,1,0.97,0,757.5,41.1,34.8,0.05,20,92,124,30,60,0.999850488823204,0.17320508075688776
2026-08-31T22:17:59.713,125918968,P037,rhythm_normal,NORMAL,,,,1052,5470787,112361,118614,112403.42,118602.2,-42.42,11.8,-224.3,273.12,False,False,nan,True,0.9619,76.31,95.33,True,0,NORMAL,1,0.97,0,757.5,41.1,34.8,0.05,20,92,124,30,60,0.999850488823204,0.17320508075688776
2026-08-31T22:17:59.724,125918968,P037,rhythm_normal,NORMAL,,,,1053,5470827,112463,118829,112404.62,118606.73,58.38,222.27,-112.66,269.91,False,False,nan,True,0.9619,76.31,95.33,True,0,NORMAL,1,0.97,0,757.5,41.1,34.8,0.05,20,92,124,30,60,0.999850488823204,0.17320508075688776
2026-08-31T22:17:59.734,125918984,P037,rhythm_normal,NORMAL,,,,1054,5470867,112522,118968,112406.96,118613.96,115.04,354.04,4.02,264.59,False,False,nan,True,0.9619,76.31,95.33,True,0,NORMAL,1,0.97,0,757.5,41.1,34.8,0.05,20,92,124,30,60,0.999850488823204,0.17320508075688776
2026-08-31T22:17:59.763,125919015,P037,rhythm_normal,NORMAL,,,,1055,5470907,112570,119084,112410.22,118623.36,159.78,460.64,118.17,261.67,False,False,nan,True,0.9619,76.31,95.33,True,0,NORMAL,1,0.97,0,757.5,41.1,34.8,0.05,20,92,124,30,60,0.999850488823204,0.17320508075688776
2026-08-31T22:17:59.898,125919156,P037,rhythm_normal,NORMAL,,,,1056,5470947,112610,119167,112414.21,118634.23,195.79,532.77,221.82,260.87,False,False,nan,True,0.9619,76.31,95.33,True,0,NORMAL,1,0.97,0,757.5,41.1,34.8,0.05,20,92,124,30,60,0.999850488823204,0.17320508075688776
2026-08-31T22:17:59.911,125919156,P037,rhythm_normal,NORMAL,,,,1057,5470987,112658,119253,112419.09,118646.61,238.91,606.39,317.96,262.01,False,False,nan,True,0.9619,76.31,95.33,True,0,NORMAL,1,0.97,0,757.5,41.1,34.8,0.05,20,92,124,30,60,0.999850488823204,0.17320508075688776
2026-08-31T22:17:59.925,125919171,P037,rhythm_normal,NORMAL,,,,1058,5471027,112693,119352,112424.56,118660.72,268.44,691.28,411.29,265.0,False,False,nan,True,0.9619,76.31,95.33,True,0,NORMAL,1,0.97,0,757.5,41.1,34.8,0.05,20,92,124,30,60,0.999850488823204,0.17320508075688776
2026-08-31T22:17:59.936,125919187,P037,rhythm_normal,NORMAL,,,,1059,5471067,112764,119485,112431.35,118677.2,332.65,807.8,510.42,269.9,False,False,nan,True,0.9619,76.31,95.33,True,0,NORMAL,1,0.97,0,757.5,41.1,34.8,0.05,20,92,124,30,60,0.999850488823204,0.17320508075688776
2026-08-31T22:17:59.964,125919218,P037,rhythm_normal,NORMAL,,,,1060,5471107,112769,119508,112438.1,118693.82,330.9,814.18,586.36,276.23,False,False,nan,True,0.9619,76.31,95.33,True,0,NORMAL,1,0.97,0,757.5,41.1,34.8,0.05,20,92,124,30,60,0.999850488823204,0.17320508075688776
2026-08-31T22:18:00.099,125919343,P037,rhythm_normal,NORMAL,,,,1061,5471147,112443,118809,112438.2,118696.12,4.8,112.88,467.99,280.07,True,True,760.0,True,0.9678,77.29,95.33,True,0,NORMAL,1,0.97,0,757.5,41.1,34.8,0.05,20,92,124,30,60,0.999850488823204,0.17320508075688776
2026-08-31T22:18:00.110,125919359,P037,rhythm_normal,NORMAL,,,,1062,5471187,112000,117875,112429.44,118679.7,-429.44,-804.7,149.82,277.46,False,False,nan,True,0.9678,77.29,95.33,True,0,NORMAL,1,0.97,0,757.5,41.1,34.8,0.05,20,92,124,30,60,0.999850488823204,0.17320508075688776
2026-08-31T22:18:00.120,125919375,P037,rhythm_normal,NORMAL,,,,1063,5471227,111949,117758,112419.83,118661.27,-470.83,-903.27,-113.45,274.18,False,False,nan,True,0.9678,77.29,95.33,True,0,NORMAL,1,0.97,0,757.5,41.1,34.8,0.05,20,92,124,30,60,0.999850488823204,0.17320508075688776
2026-08-31T22:18:00.129,125919375,P037,rhythm_normal,NORMAL,,,,1064,5471267,112069,118004,112412.81,118648.12,-343.81,-644.12,-246.12,273.62,False,False,nan,True,0.9678,77.29,95.33,True,0,NORMAL,1,0.97,0,757.5,41.1,34.8,0.05,20,92,124,30,60,0.999850488823204,0.17320508075688776
2026-08-31T22:18:00.162,125919406,P037,rhythm_normal,NORMAL,,,,1065,5471307,112166,118200,112407.88,118639.16,-241.88,-439.16,-294.38,274.04,False,False,nan,True,0.9678,77.29,95.33,True,0,NORMAL,1,0.97,0,757.5,41.1,34.8,0.05,20,92,124,30,60,0.999850488823204,0.17320508075688776
2026-08-31T22:18:00.297,125919546,P037,rhythm_normal,NORMAL,,,,1066,5471347,112244,118374,112404.59,118633.85,-160.59,-259.85,-285.75,274.27,False,False,nan,True,0.9678,77.29,95.33,True,0,NORMAL,1,0.97,0,757.5,41.1,34.8,0.05,20,92,124,30,60,0.999850488823204,0.17320508075688776
2026-08-31T22:18:00.308,125919562,P037,rhythm_normal,NORMAL,,,,1067,5471387,112271,118413,112401.92,118629.44,-130.92,-216.44,-268.42,274.15,False,False,nan,True,0.9678,77.29,95.33,True,0,NORMAL,1,0.97,0,757.5,41.1,34.8,0.05,20,92,124,30,60,0.999850488823204,0.17320508075688776
2026-08-31T22:18:00.320,125919578,P037,rhythm_normal,NORMAL,,,,1068,5471427,112188,118246,112397.64,118621.77,-209.64,-375.77,-295.26,274.58,False,False,nan,True,0.9678,77.29,95.33,True,0,NORMAL,1,0.97,0,757.5,41.1,34.8,0.05,20,92,124,30,60,0.999850488823204,0.17320508075688776
2026-08-31T22:18:00.330,125919578,P037,rhythm_normal,NORMAL,,,,1069,5471467,112161,118195,112392.91,118613.23,-231.91,-418.23,-326.0,275.61,False,False,nan,True,0.9678,77.29,95.33,True,0,NORMAL,1,0.97,0,757.5,41.1,34.8,0.05,20,92,124,30,60,0.999850488823204,0.17320508075688776
2026-08-31T22:18:00.363,125919609,P037,rhythm_normal,NORMAL,,,,1070,5471507,112229,118338,112389.62,118607.72,-160.62,-269.72,-311.93,276.33,False,False,nan,True,0.9678,77.29,95.33,True,0,NORMAL,1,0.97,0,757.5,41.1,34.8,0.05,20,92,124,30,60,0.999850488823204,0.17320508075688776
2026-08-31T22:18:00.497,125919750,P037,rhythm_normal,NORMAL,,,,1071,5471547,112338,118558,112388.59,118606.73,-50.59,-48.73,-246.13,275.73,False,False,nan,True,0.9678,77.29,95.33,True,0,NORMAL,1,0.97,0,757.5,41.1,34.8,0.05,20,92,124,30,60,0.999850488823204,0.24494897427831783
2026-08-31T22:18:00.509,125919765,P037,rhythm_normal,NORMAL,,,,1072,5471587,112423,118758,112389.28,118609.75,33.72,148.25,-147.53,273.16,False,False,nan,True,0.9678,77.29,95.33,True,0,NORMAL,1,0.97,0,757.5,41.1,34.8,0.05,20,92,124,30,60,0.999850488823204,0.24494897427831783
2026-08-31T22:18:00.517,125919765,P037,rhythm_normal,NORMAL,,,,1073,5471627,112490,118898,112391.3,118615.52,98.7,282.48,-40.03,268.5,False,False,nan,True,0.9678,77.29,95.33,True,0,NORMAL,1,0.97,0,757.5,41.1,34.8,0.05,20,92,124,30,60,0.999850488823204,0.24494897427831783
2026-08-31T22:18:00.527,125919781,P037,rhythm_normal,NORMAL,,,,1074,5471667,112526,118983,112393.99,118622.87,132.01,360.13,60.01,264.33,False,False,nan,True,0.9678,77.29,95.33,True,0,NORMAL,1,0.97,0,757.5,41.1,34.8,0.05,20,92,124,30,60,0.999850488823204,0.24494897427831783
2026-08-31T22:18:00.562,125919812,P037,rhythm_normal,NORMAL,,,,1075,5471707,112555,119071,112397.21,118631.83,157.79,439.17,154.8,262.14,False,False,nan,True,0.9678,77.29,95.33,True,0,NORMAL,1,0.97,0,757.5,41.1,34.8,0.05,20,92,124,30,60,0.999850488823204,0.24494897427831783
2026-08-31T22:18:00.701,125919953,P037,rhythm_normal,NORMAL,,,,1076,5471747,112581,119110,112400.88,118641.39,180.12,468.61,233.25,261.56,False,False,nan,True,0.9678,77.29,95.33,True,0,NORMAL,1,0.97,0,757.5,41.1,34.8,0.05,20,92,124,30,60,0.999850488823204,0.17320508075688776
2026-08-31T22:18:00.713,125919968,P037,rhythm_normal,NORMAL,,,,1077,5471787,112613,119175,112405.12,118652.06,207.88,522.94,305.67,262.45,False,False,nan,True,0.9678,77.29,95.33,True,0,NORMAL,1,0.97,0,757.5,41.1,34.8,0.05,20,92,124,30,60,0.999850488823204,0.17320508075688776
2026-08-31T22:18:00.726,125919984,P037,rhythm_normal,NORMAL,,,,1078,5471827,112668,119311,112410.38,118665.24,257.62,645.76,390.7,265.01,False,False,nan,True,0.9678,77.29,95.33,True,0,NORMAL,1,0.97,0,757.5,41.1,34.8,0.05,20,92,124,30,60,0.999850488823204,0.17320508075688776
2026-08-31T22:18:00.730,125919984,P037,rhythm_normal,NORMAL,,,,1079,5471867,112765,119505,112417.48,118682.04,347.52,822.96,498.76,269.69,False,False,nan,True,0.9678,77.29,95.33,True,0,NORMAL,1,0.97,0,757.5,41.1,34.8,0.05,20,92,124,30,60,0.999850488823204,0.17320508075688776
2026-08-31T22:18:00.761,125920015,P037,rhythm_normal,NORMAL,,,,1080,5471907,112814,119623,112425.41,118700.86,388.59,922.14,604.61,276.38,False,False,nan,True,0.9678,77.29,95.33,True,0,NORMAL,1,0.97,0,757.5,41.1,34.8,0.05,20,92,124,30,60,0.999850488823204,0.17320508075688776
2026-08-31T22:18:00.897,125920140,P037,rhythm_normal,NORMAL,,,,1081,5471947,112539,119034,112427.68,118707.52,111.32,326.48,535.07,281.56,True,True,800.0,True,0.9678,77.29,95.33,True,0,NORMAL,1,0.97,0,757.5,41.1,34.8,0.05,20,92,124,30,60,0.9996309318943668,0.17320508075688776
2026-08-31T22:18:00.908,125920156,P037,rhythm_normal,NORMAL,,,,1082,5471987,112035,117949,112419.83,118692.35,-384.83,-743.35,215.47,280.24,False,False,nan,True,0.9678,77.29,95.33,True,0,NORMAL,1,0.97,0,757.5,41.1,34.8,0.05,20,92,124,30,60,0.9996309318943668,0.17320508075688776
2026-08-31T22:18:00.920,125920171,P037,rhythm_normal,NORMAL,,,,1083,5472027,111958,117762,112410.59,118673.74,-452.59,-911.74,-66.33,275.96,False,False,nan,True,0.9678,77.29,95.33,True,0,NORMAL,1,0.97,0,757.5,41.1,34.8,0.05,20,92,124,30,60,0.9996309318943668,0.17320508075688776
2026-08-31T22:18:00.928,125920171,P037,rhythm_normal,NORMAL,,,,1084,5472067,112089,118038,112404.16,118661.03,-315.16,-623.03,-205.51,274.55,False,False,nan,True,0.9678,77.29,95.33,True,0,NORMAL,1,0.97,0,757.5,41.1,34.8,0.05,20,92,124,30,60,0.9996309318943668,0.17320508075688776
2026-08-31T22:18:00.962,125920218,P037,rhythm_normal,NORMAL,,,,1085,5472107,112201,118275,112400.1,118653.31,-199.1,-378.31,-248.71,274.03,False,False,nan,True,0.9678,77.29,95.33,True,0,NORMAL,1,0.97,0,757.5,41.1,34.8,0.05,20,92,124,30,60,0.9996309318943668,0.17320508075688776
2026-08-31T22:18:01.097,125920343,P037,rhythm_normal,NORMAL,,,,1086,5472147,112255,118398,112397.2,118648.2,-142.2,-250.2,-249.08,273.53,False,False,nan,True,0.9678,77.29,95.33,True,0,NORMAL,1,0.97,0,757.5,41.1,34.8,0.05,20,92,124,30,60,0.999850488823204,0.17320508075688776
2026-08-31T22:18:01.110,125920359,P037,rhythm_normal,NORMAL,,,,1087,5472187,112287,118450,112395.0,118644.24,-108.0,-194.24,-235.37,272.77,False,False,nan,True,0.9678,77.29,95.33,True,0,NORMAL,1,0.97,0,757.5,41.1,34.8,0.05,20,92,124,30,60,0.999850488823204,0.17320508075688776
2026-08-31T22:18:01.121,125920375,P037,rhythm_normal,NORMAL,,,,1088,5472227,112209,118292,112391.28,118637.2,-182.28,-345.2,-262.83,272.57,False,False,nan,True,0.9678,77.29,95.33,True,0,NORMAL,1,0.97,0,757.5,41.1,34.8,0.05,20,92,124,30,60,0.999850488823204,0.17320508075688776
2026-08-31T22:18:01.133,125920390,P037,rhythm_normal,NORMAL,,,,1089,5472267,112181,118228,112387.08,118629.01,-206.08,-401.01,-297.37,273.07,False,False,nan,True,0.9678,77.29,95.33,True,0,NORMAL,1,0.97,0,757.5,41.1,34.8,0.05,20,92,124,30,60,0.999850488823204,0.17320508075688776
2026-08-31T22:18:01.162,125920406,P037,rhythm_normal,NORMAL,,,,1090,5472307,112243,118351,112384.2,118623.45,-141.2,-272.45,-291.14,273.43,False,False,nan,True,0.9678,77.29,95.33,True,0,NORMAL,1,0.97,0,757.5,41.1,34.8,0.05,20,92,124,30,60,0.999850488823204,0.17320508075688776
2026-08-31T22:18:01.297,125920546,P037,rhythm_normal,NORMAL,,,,1091,5472347,112349,118576,112383.49,118622.5,-34.49,-46.5,-229.98,272.56,False,False,nan,True,0.9678,77.29,95.33,True,0,NORMAL,1,0.97,0,757.5,41.1,34.8,0.05,20,92,124,30,60,0.999850488823204,0.17320508075688776
2026-08-31T22:18:01.309,125920562,P037,rhythm_normal,NORMAL,,,,1092,5472387,112462,118823,112385.06,118626.51,76.94,196.49,-123.36,269.58,False,False,nan,True,0.9678,77.29,95.33,True,0,NORMAL,1,0.97,0,757.5,41.1,34.8,0.05,20,92,124,30,60,0.999850488823204,0.17320508075688776
2026-08-31T22:18:01.322,125920578,P037,rhythm_normal,NORMAL,,,,1093,5472427,112553,119015,112388.42,118634.28,164.58,380.72,2.66,264.24,False,False,nan,True,0.9678,77.29,95.33,True,0,NORMAL,1,0.97,0,757.5,41.1,34.8,0.05,20,92,124,30,60,0.999850488823204,0.17320508075688776
2026-08-31T22:18:01.333,125920578,P037,rhythm_normal,NORMAL,,,,1094,5472467,112618,119161,112393.02,118644.81,224.98,516.19,131.04,261.57,False,False,nan,True,0.9678,77.29,95.33,True,0,NORMAL,1,0.97,0,757.5,41.1,34.8,0.05,20,92,124,30,60,0.999850488823204,0.17320508075688776
2026-08-31T22:18:01.362,125920609,P037,rhythm_normal,NORMAL,,,,1095,5472507,112689,119313,112398.94,118658.18,290.06,654.82,261.99,261.58,False,False,nan,True,0.9678,77.29,95.33,True,0,NORMAL,1,0.97,0,757.5,41.1,34.8,0.05,20,92,124,30,60,0.999850488823204,0.17320508075688776
2026-08-31T22:18:01.497,125920750,P037,rhythm_normal,NORMAL,,,,1096,5472547,112732,119423,112405.6,118673.48,326.4,749.52,383.87,264.03,False,False,nan,True,0.9678,77.29,95.33,True,0,NORMAL,1,0.97,0,757.5,41.1,34.8,0.05,20,92,124,30,60,0.999850488823204,0.17320508075688776
2026-08-31T22:18:01.509,125920765,P037,rhythm_normal,NORMAL,,,,1097,5472587,112779,119510,112413.07,118690.2,365.93,819.8,492.85,268.6,False,False,nan,True,0.9678,77.29,95.33,True,0,NORMAL,1,0.97,0,757.5,41.1,34.8,0.05,20,92,124,30,60,0.999850488823204,0.17320508075688776
2026-08-31T22:18:01.523,125920781,P037,rhythm_normal,NORMAL,,,,1098,5472627,112832,119644,112421.45,118709.28,410.55,934.72,603.32,275.3,False,False,nan,True,0.9678,77.29,95.33,True,0,NORMAL,1,0.97,0,757.5,41.1,34.8,0.05,20,92,124,30,60,0.999850488823204,0.17320508075688776
2026-08-31T22:18:01.537,125920781,P037,rhythm_normal,NORMAL,,,,1099,5472667,112903,119792,112431.08,118730.94,471.92,1061.06,717.75,284.15,False,False,nan,True,0.9678,77.29,95.33,True,0,NORMAL,1,0.97,0,757.5,41.1,34.8,0.05,20,92,124,30,60,0.999850488823204,0.17320508075688776
2026-08-31T22:18:01.563,125920812,P037,rhythm_normal,NORMAL,,,,1100,5472707,112947,119881,112441.4,118753.94,505.6,1127.06,820.08,294.87,False,False,nan,True,0.9678,77.29,95.33,True,0,NORMAL,1,0.97,0,757.5,41.1,34.8,0.05,20,92,124,30,60,0.999850488823204,0.17320508075688776
2026-08-31T22:18:01.697,125920953,P037,rhythm_normal,NORMAL,,,,1101,5472747,112805,119578,112448.67,118770.42,356.33,807.58,816.96,305.31,True,True,800.0,True,0.9692,77.42,95.33,True,0,NORMAL,1,0.98,0,771.6,35.0,36.2,0.06,19,93,125,30,60,0.9989604596779594,0.17320508075688776
2026-08-31T22:18:01.709,125920953,P037,rhythm_normal,NORMAL,,,,1102,5472787,112245,118358,112444.6,118762.17,-199.6,-404.17,511.67,309.43,False,False,nan,True,0.9692,77.42,95.33,True,0,NORMAL,1,0.98,0,771.6,35.0,36.2,0.06,19,93,125,30,60,0.9989604596779594,0.17320508075688776
2026-08-31T22:18:01.723,125920968,P037,rhythm_normal,NORMAL,,,,1103,5472827,112033,117919,112436.37,118745.3,-403.37,-826.3,177.18,306.79,False,False,nan,True,0.9692,77.42,95.33,True,0,NORMAL,1,0.98,0,771.6,35.0,36.2,0.06,19,93,125,30,60,0.9989604596779594,0.17320508075688776
2026-08-31T22:18:01.734,125920984,P037,rhythm_normal,NORMAL,,,,1104,5472867,112126,118096,112430.16,118732.32,-304.16,-636.32,-26.2,301.18,False,False,nan,True,0.9692,77.42,95.33,True,0,NORMAL,1,0.98,0,771.6,35.0,36.2,0.06,19,93,125,30,60,0.9989604596779594,0.17320508075688776
2026-08-31T22:18:01.762,125921015,P037,rhythm_normal,NORMAL,,,,1105,5472907,112266,118384,112426.88,118725.35,-160.88,-341.35,-104.98,297.25,False,False,nan,True,0.9692,77.42,95.33,True,0,NORMAL,1,0.98,0,771.6,35.0,36.2,0.06,19,93,125,30,60,0.9989604596779594,0.17320508075688776
2026-08-31T22:18:01.897,125921140,P037,rhythm_normal,NORMAL,,,,1106,5472947,112323,118501,112424.8,118720.87,-101.8,-219.87,-133.71,293.98,False,False,nan,True,0.9692,77.42,95.33,True,0,NORMAL,1,0.98,0,771.6,35.0,36.2,0.06,19,93,125,30,60,0.9989604596779594,0.17320508075688776
2026-08-31T22:18:01.909,125921156,P037,rhythm_normal,NORMAL,,,,1107,5472987,112366,118582,112423.62,118718.09,-57.62,-136.09,-134.3,290.79,False,False,nan,True,0.9692,77.42,95.33,True,0,NORMAL,1,0.98,0,771.6,35.0,36.2,0.06,19,93,125,30,60,0.9989604596779594,0.17320508075688776
2026-08-31T22:18:01.920,125921171,P037,rhythm_normal,NORMAL,,,,1108,5473027,112286,118432,112420.87,118712.38,-134.87,-280.38,-170.82,288.39,False,False,nan,True,0.9692,77.42,95.33,True,0,NORMAL,1,0.98,0,771.6,35.0,36.2,0.06,19,93,125,30,60,0.9989604596779594,0.17320508075688776
2026-08-31T22:18:01.931,125921187,P037,rhythm_normal,NORMAL,,,,1109,5473067,112234,118307,112417.13,118704.27,-183.13,-397.27,-227.43,287.17,False,False,nan,True,0.9692,77.42,95.33,True,0,NORMAL,1,0.98,0,771.6,35.0,36.2,0.06,19,93,125,30,60,0.9989604596779594,0.17320508075688776
2026-08-31T22:18:01.962,125921218,P037,rhythm_normal,NORMAL,,,,1110,5473107,112265,118353,112414.09,118697.24,-149.09,-344.24,-256.63,286.56,False,False,nan,True,0.9692,77.42,95.33,True,0,NORMAL,1,0.98,0,771.6,35.0,36.2,0.06,19,93,125,30,60,0.9989604596779594,0.17320508075688776
2026-08-31T22:18:02.097,125921343,P037,rhythm_normal,NORMAL,,,,1111,5473147,112342,118534,112412.65,118693.98,-70.65,-159.98,-232.47,285.48,False,False,nan,True,0.9692,77.42,95.33,True,0,NORMAL,1,0.98,0,771.6,35.0,36.2,0.06,19,93,125,30,60,0.999850488823204,0.17320508075688776
2026-08-31T22:18:02.108,125921359,P037,rhythm_normal,NORMAL,,,,1112,5473197,112431,118724,112413.02,118694.58,17.98,29.42,-167.0,283.11,False,False,nan,True,0.9692,77.42,95.33,True,0,NORMAL,1,0.98,0,771.6,35.0,36.2,0.06,19,93,125,30,60,0.999850488823204,0.17320508075688776
2026-08-31T22:18:02.121,125921375,P037,rhythm_normal,NORMAL,,,,1113,5473227,112475,118812,112414.26,118696.93,60.74,115.07,-96.48,279.38,False,False,nan,True,0.9692,77.42,95.33,True,0,NORMAL,1,0.98,0,771.6,35.0,36.2,0.06,19,93,125,30,60,0.999850488823204,0.17320508075688776
2026-08-31T22:18:02.129,125921375,P037,rhythm_normal,NORMAL,,,,1114,5473277,112480,118816,112415.57,118699.31,64.43,116.69,-43.19,274.65,False,False,nan,True,0.9692,77.42,95.33,True,0,NORMAL,1,0.98,0,771.6,35.0,36.2,0.06,19,93,125,30,60,0.999850488823204,0.17320508075688776
2026-08-31T22:18:02.172,125921421,P037,rhythm_normal,NORMAL,,,,1115,5473317,112502,118862,112417.3,118702.56,84.7,159.44,7.47,269.31,False,False,nan,True,0.9692,77.42,95.33,True,0,NORMAL,1,0.98,0,771.6,35.0,36.2,0.06,19,93,125,30,60,0.999850488823204,0.17320508075688776
2026-08-31T22:18:02.297,125921546,P037,rhythm_normal,NORMAL,,,,1116,5473357,112520,118906,112419.35,118706.63,100.65,199.37,55.44,265.03,False,False,nan,True,0.9692,77.42,95.33,True,0,NORMAL,1,0.98,0,771.6,35.0,36.2,0.06,19,93,125,30,60,0.999850488823204,0.17320508075688776
2026-08-31T22:18:02.308,125921562,P037,rhythm_normal,NORMAL,,,,1117,5473397,112536,118845,112421.69,118709.4,114.31,135.6,75.48,261.24,False,False,nan,True,0.9692,77.42,95.33,True,0,NORMAL,1,0.98,0,771.6,35.0,36.2,0.06,19,93,125,30,60,0.999850488823204,0.17320508075688776
2026-08-31T22:18:02.317,125921562,P037,rhythm_normal,NORMAL,,,,1118,5473437,112573,118982,112424.71,118714.85,148.29,267.15,123.4,258.48,False,False,nan,True,0.9692,77.42,95.33,True,0,NORMAL,1,0.98,0,771.6,35.0,36.2,0.06,19,93,125,30,60,0.999850488823204,0.17320508075688776
2026-08-31T22:18:02.329,125921578,P037,rhythm_normal,NORMAL,,,,1119,5473477,112615,119046,112428.52,118721.48,186.48,324.52,173.68,256.79,False,False,nan,True,0.9692,77.42,95.33,True,0,NORMAL,1,0.98,0,771.6,35.0,36.2,0.06,19,93,125,30,60,0.999850488823204,0.17320508075688776
2026-08-31T22:18:02.372,125921625,P037,rhythm_normal,NORMAL,,,,1120,5473517,112363,118490,112427.2,118716.84,-64.2,-226.84,73.55,253.12,True,True,770.0,True,0.9709,77.8,95.33,True,0,NORMAL,1,0.98,0,771.6,35.0,36.2,0.06,19,93,125,30,60,0.999850488823204,0.17320508075688776
2026-08-31T22:18:02.498,125921750,P037,rhythm_normal,NORMAL,,,,1121,5473557,111993,117709,112418.52,118696.69,-425.52,-987.69,-191.76,251.9,False,False,nan,True,0.9709,77.8,95.33,True,0,NORMAL,1,0.98,0,771.6,35.0,36.2,0.06,19,93,125,30,60,0.999850488823204,0.17320508075688776
2026-08-31T22:18:02.509,125921765,P037,rhythm_normal,NORMAL,,,,1122,5473597,111912,117575,112408.38,118674.25,-496.38,-1099.25,-418.63,255.23,False,False,nan,True,0.9709,77.8,95.33,True,0,NORMAL,1,0.98,0,771.6,35.0,36.2,0.06,19,93,125,30,60,0.999850488823204,0.17320508075688776
2026-08-31T22:18:02.520,125921765,P037,rhythm_normal,NORMAL,,,,1123,5473637,112006,117739,112400.34,118655.55,-394.34,-916.55,-543.11,260.99,False,False,nan,True,0.9709,77.8,95.33,True,0,NORMAL,1,0.98,0,771.6,35.0,36.2,0.06,19,93,125,30,60,0.999850488823204,0.17320508075688776
2026-08-31T22:18:02.533,125921781,P037,rhythm_normal,NORMAL,,,,1124,5473677,112118,118000,112394.69,118642.44,-276.69,-642.44,-567.94,267.13,False,False,nan,True,0.9709,77.8,95.33,True,0,NORMAL,1,0.98,0,771.6,35.0,36.2,0.06,19,93,125,30,60,0.999850488823204,0.17320508075688776
2026-08-31T22:18:02.572,125921828,P037,rhythm_normal,NORMAL,,,,1125,5473717,112184,118162,112390.48,118632.83,-206.48,-470.83,-543.66,272.66,False,False,nan,True,0.9709,77.8,95.33,True,0,NORMAL,1,0.98,0,771.6,35.0,36.2,0.06,19,93,125,30,60,0.999850488823204,0.17320508075688776
2026-08-31T22:18:02.697,125921953,P037,rhythm_normal,NORMAL,,,,1126,5473757,112189,118144,112386.45,118623.05,-197.45,-479.05,-527.51,277.75,False,False,nan,True,0.9709,77.8,95.33,True,0,NORMAL,1,0.98,0,771.6,35.0,36.2,0.06,19,93,125,30,60,0.9989604596779594,0.17320508075688776
2026-08-31T22:18:02.709,125921953,P037,rhythm_normal,NORMAL,,,,1127,5473797,112093,117898,112380.58,118608.55,-287.58,-710.55,-573.27,283.67,False,False,nan,True,0.9709,77.8,95.33,True,0,NORMAL,1,0.98,0,771.6,35.0,36.2,0.06,19,93,125,30,60,0.9989604596779594,0.17320508075688776
2026-08-31T22:18:02.723,125921968,P037,rhythm_normal,NORMAL,,,,1128,5473837,112044,117862,112373.84,118593.62,-329.84,-731.62,-612.86,290.25,False,False,nan,True,0.9709,77.8,95.33,True,0,NORMAL,1,0.98,0,771.6,35.0,36.2,0.06,19,93,125,30,60,0.9989604596779594,0.17320508075688776
2026-08-31T22:18:02.732,125921984,P037,rhythm_normal,NORMAL,,,,1129,5473877,112083,117952,112368.02,118580.79,-285.02,-628.79,-616.84,296.78,False,False,nan,True,0.9709,77.8,95.33,True,0,NORMAL,1,0.98,0,771.6,35.0,36.2,0.06,19,93,125,30,60,0.9989604596779594,0.17320508075688776
2026-08-31T22:18:02.771,125922015,P037,rhythm_normal,NORMAL,,,,1130,5473917,112179,118140,112364.24,118571.98,-185.24,-431.98,-570.63,302.26,False,False,nan,True,0.9709,77.8,95.33,True,0,NORMAL,1,0.98,0,771.6,35.0,36.2,0.06,19,93,125,30,60,0.9989604596779594,0.17320508075688776
2026-08-31T22:18:02.897,125922140,P037,rhythm_normal,NORMAL,,,,1131,5473957,112227,118240,112361.5,118565.34,-134.5,-325.34,-509.3,306.4,False,False,nan,True,0.9709,77.8,95.33,True,0,NORMAL,1,0.98,0,771.6,35.0,36.2,0.06,19,93,125,30,60,0.999850488823204,0.17320508075688776
2026-08-31T22:18:02.908,125922156,P037,rhythm_normal,NORMAL,,,,1132,5473997,112257,118322,112359.41,118560.47,-102.41,-238.47,-441.59,309.1,False,False,nan,True,0.9709,77.8,95.33,True,0,NORMAL,1,0.98,0,771.6,35.0,36.2,0.06,19,93,125,30,60,0.999850488823204,0.17320508075688776
2026-08-31T22:18:02.921,125922171,P037,rhythm_normal,NORMAL,,,,1133,5474037,112267,118279,112357.55,118554.84,-90.55,-275.84,-400.16,310.92,False,False,nan,True,0.9709,77.8,95.33,True,0,NORMAL,1,0.98,0,771.6,35.0,36.2,0.06,19,93,125,30,60,0.999850488823204,0.17320508075688776
2026-08-31T22:18:02.929,125922187,P037,rhythm_normal,NORMAL,,,,1134,5474077,112277,118353,112355.95,118550.8,-78.95,-197.8,-349.57,311.7,False,False,nan,True,0.9709,77.8,95.33,True,0,NORMAL,1,0.98,0,771.6,35.0,36.2,0.06,19,93,125,30,60,0.999850488823204,0.17320508075688776
2026-08-31T22:18:02.972,125922218,P037,rhythm_normal,NORMAL,,,,1135,5474117,112241,118372,112353.65,118547.22,-112.65,-175.22,-305.98,311.58,False,False,nan,True,0.9709,77.8,95.33,True,0,NORMAL,1,0.98,0,771.6,35.0,36.2,0.06,19,93,125,30,60,0.999850488823204,0.17320508075688776
2026-08-31T22:18:03.097,125922343,P037,rhythm_normal,NORMAL,,,,1136,5474157,112267,118413,112351.91,118544.53,-84.91,-131.53,-262.37,310.6,False,False,nan,True,0.9709,77.8,95.33,True,0,NORMAL,1,0.98,0,771.6,35.0,36.2,0.06,19,93,125,30,60,0.999850488823204,0.17320508075688776
2026-08-31T22:18:03.109,125922359,P037,rhythm_normal,NORMAL,,,,1137,5474197,112216,118468,112349.2,118543.0,-133.2,-75.0,-215.53,308.7,False,False,nan,True,0.9709,77.8,95.33,True,0,NORMAL,1,0.98,0,771.6,35.0,36.2,0.06,19,93,125,30,60,0.999850488823204,0.17320508075688776
2026-08-31T22:18:03.123,125922375,P037,rhythm_normal,NORMAL,,,,1138,5474237,111965,117777,112341.51,118527.68,-376.51,-750.68,-349.31,309.51,False,False,nan,True,0.9709,77.8,95.33,True,0,NORMAL,1,0.98,0,771.6,35.0,36.2,0.06,19,93,125,30,60,0.999850488823204,0.17320508075688776
2026-08-31T22:18:03.138,125922390,P037,rhythm_normal,NORMAL,,,,1139,5474277,111643,117166,112327.54,118500.45,-684.54,-1334.45,-595.6,315.23,False,False,nan,True,0.9709,77.8,95.33,True,0,NORMAL,1,0.98,0,771.6,35.0,36.2,0.06,19,93,125,30,60,0.999850488823204,0.17320508075688776
2026-08-31T22:18:03.172,125922421,P037,rhythm_normal,NORMAL,,,,1140,5474317,111554,116920,112312.07,118468.84,-758.07,-1548.84,-833.91,325.6,False,False,nan,True,0.9709,77.8,95.33,True,0,NORMAL,1,0.98,0,771.6,35.0,36.2,0.06,19,93,125,30,60,0.999850488823204,0.17320508075688776
2026-08-31T22:18:03.297,125922546,P037,rhythm_normal,NORMAL,,,,1141,5474357,111573,117047,112297.29,118440.4,-724.29,-1393.4,-973.78,338.57,False,False,nan,True,0.9709,77.8,95.33,True,0,NORMAL,1,0.98,0,771.6,35.0,36.2,0.06,19,93,125,30,60,0.999850488823204,0.17320508075688776
2026-08-31T22:18:03.309,125922562,P037,rhythm_normal,NORMAL,,,,1142,5474397,111641,117080,112284.16,118413.19,-643.16,-1333.19,-1063.63,353.07,False,False,nan,True,0.9709,77.8,95.33,True,0,NORMAL,1,0.98,0,771.6,35.0,36.2,0.06,19,93,125,30,60,0.999850488823204,0.17320508075688776
2026-08-31T22:18:03.323,125922578,P037,rhythm_normal,NORMAL,,,,1143,5474437,111687,117175,112272.22,118388.42,-585.22,-1213.42,-1101.08,368.03,False,False,nan,True,0.9709,77.8,97.6,True,0,NORMAL,1,0.98,0,771.6,35.0,36.2,0.06,19,93,125,30,60,0.999850488823204,0.17320508075688776
2026-08-31T22:18:03.332,125922578,P037,rhythm_normal,NORMAL,,,,1144,5474477,111675,117125,112260.27,118363.16,-585.27,-1238.16,-1135.35,383.38,False,False,nan,True,0.9709,77.8,97.6,True,0,NORMAL,1,0.98,0,771.6,35.0,36.2,0.06,19,93,125,30,60,0.999850488823204,0.17320508075688776
2026-08-31T22:18:03.372,125922625,P037,rhythm_normal,NORMAL,,,,1145,5474517,111590,116978,112246.87,118335.45,-656.87,-1357.45,-1190.87,399.53,False,False,nan,True,0.9709,77.8,97.6,True,0,NORMAL,1,0.98,0,771.6,35.0,36.2,0.06,19,93,125,30,60,0.999850488823204,0.17320508075688776
2026-08-31T22:18:03.498,125922750,P037,rhythm_normal,NORMAL,,,,1146,5474557,111552,116930,112232.97,118307.34,-680.97,-1377.34,-1237.49,416.28,False,False,nan,True,0.9709,77.8,97.6,True,0,NORMAL,1,0.98,0,771.6,35.0,36.2,0.06,19,93,125,30,60,0.999850488823204,0.17320508075688776
2026-08-31T22:18:03.508,125922765,P037,rhythm_normal,NORMAL,,,,1147,5474597,111578,116944,112219.87,118280.08,-641.87,-1336.08,-1262.14,433.2,False,False,nan,True,0.9709,77.8,97.6,True,0,NORMAL,1,0.98,0,771.6,35.0,36.2,0.06,19,93,125,30,60,0.999850488823204,0.17320508075688776
2026-08-31T22:18:03.521,125922765,P037,rhythm_normal,NORMAL,,,,1148,5474637,111594,117100,112207.35,118256.48,-613.35,-1156.48,-1235.72,449.25,False,False,nan,True,0.9709,77.8,97.6,True,0,NORMAL,1,0.98,0,771.6,35.0,36.2,0.06,19,93,125,30,60,0.999850488823204,0.17320508075688776
2026-08-31T22:18:03.531,125922781,P037,rhythm_normal,NORMAL,,,,1149,5474677,111738,117207,112197.96,118235.48,-459.96,-1028.48,-1183.91,463.95,False,False,nan,True,0.9709,77.8,97.6,True,0,NORMAL,1,0.98,0,771.6,35.0,36.2,0.06,19,93,125,30,60,0.999850488823204,0.17320508075688776
2026-08-31T22:18:03.572,125922828,P037,rhythm_normal,NORMAL,,,,1150,5474717,111734,117277,112188.68,118216.31,-454.68,-939.31,-1122.76,477.12,False,False,nan,True,0.9709,77.8,97.6,True,0,NORMAL,1,0.98,0,771.6,35.0,36.2,0.06,19,93,125,30,60,0.999850488823204,0.17320508075688776
2026-08-31T22:18:03.714,125922968,P037,rhythm_normal,NORMAL,,,,1151,5474757,111717,117285,112179.25,118197.69,-462.25,-912.69,-1070.24,488.98,False,False,nan,True,0.9709,77.8,97.6,True,0,NORMAL,1,0.98,0,771.6,35.0,36.2,0.06,19,93,125,30,60,0.999850488823204,0.17320508075688776
2026-08-31T22:18:03.718,125922968,P037,rhythm_normal,NORMAL,,,,1152,5474797,111738,117355,112170.42,118180.84,-432.42,-825.84,-1009.14,499.39,False,False,nan,True,0.9709,77.8,97.6,True,0,NORMAL,1,0.98,0,771.6,35.0,36.2,0.06,19,93,125,30,60,0.999850488823204,0.17320508075688776
2026-08-31T22:18:03.731,125922984,P037,rhythm_normal,NORMAL,,,,1153,5474837,111726,117362,112161.53,118164.46,-435.53,-802.46,-957.47,508.55,False,False,nan,True,0.9709,77.8,97.6,True,0,NORMAL,1,0.98,0,771.6,35.0,36.2,0.06,19,93,125,30,60,0.999850488823204,0.17320508075688776
2026-08-31T22:18:03.733,125922984,P037,rhythm_normal,NORMAL,,,,1154,5474877,111798,117400,112154.26,118149.17,-356.26,-749.17,-905.4,516.49,False,False,nan,True,0.9709,77.8,97.6,True,0,NORMAL,1,0.98,0,771.6,35.0,36.2,0.06,19,93,125,30,60,0.999850488823204,0.17320508075688776
2026-08-31T22:18:03.772,125923015,P037,rhythm_normal,NORMAL,,,,1155,5474917,111745,117296,112146.07,118132.11,-401.07,-836.11,-888.08,523.92,False,False,nan,True,0.9709,77.8,97.6,True,0,NORMAL,1,0.98,0,771.6,35.0,36.2,0.06,19,93,125,30,60,0.999850488823204,0.17320508075688776
2026-08-31T22:18:03.897,125923140,P037,rhythm_normal,NORMAL,,,,1156,5474957,111438,116657,112131.91,118102.61,-693.91,-1445.61,-1027.46,533.99,False,False,nan,True,0.9709,77.8,97.6,True,0,NORMAL,1,0.98,0,771.6,35.0,36.2,0.06,19,93,125,30,60,0.999850488823204,0.17320508075688776
2026-08-31T22:18:03.909,125923156,P037,rhythm_normal,NORMAL,,,,1157,5474997,111158,116142,112112.43,118063.4,-954.43,-1921.4,-1250.94,548.33,False,False,nan,True,0.9709,77.8,97.6,True,0,NORMAL,1,0.98,0,771.6,35.0,36.2,0.06,19,93,125,30,60,0.999850488823204,0.17320508075688776
2026-08-31T22:18:03.922,125923171,P037,rhythm_normal,NORMAL,,,,1158,5475037,111143,116018,112093.04,118022.49,-950.04,-2004.49,-1439.33,566.15,False,False,nan,True,0.9709,77.8,97.6,True,0,NORMAL,1,0.98,0,771.6,35.0,36.2,0.06,19,93,125,30,60,0.999850488823204,0.17320508075688776
2026-08-31T22:18:03.933,125923187,P037,rhythm_normal,NORMAL,,,,1159,5475077,111133,116068,112073.84,117983.41,-940.84,-1915.41,-1558.35,585.99,False,False,nan,True,0.9709,77.8,97.6,True,0,NORMAL,1,0.98,0,771.6,35.0,36.2,0.06,19,93,125,30,60,0.999850488823204,0.17320508075688776
2026-08-31T22:18:03.972,125923218,P037,rhythm_normal,NORMAL,,,,1160,5475117,111151,116051,112055.38,117944.76,-904.38,-1893.76,-1642.2,607.12,False,False,nan,True,0.9709,77.8,97.6,True,0,NORMAL,1,0.98,0,771.6,35.0,36.2,0.06,19,93,125,30,60,0.999850488823204,0.17320508075688776
2026-08-31T22:18:04.099,125923343,P037,rhythm_normal,NORMAL,,,,1161,5475157,111171,116100,112037.7,117907.86,-866.7,-1807.86,-1683.62,628.65,False,False,nan,True,0.9709,77.8,97.6,True,0,NORMAL,1,0.98,0,771.6,35.0,36.2,0.06,19,93,125,30,60,0.999850488823204,0.17320508075688776
2026-08-31T22:18:04.112,125923359,P037,rhythm_normal,NORMAL,,,,1162,5475197,111069,115985,112018.32,117869.4,-949.32,-1884.4,-1733.81,650.75,False,False,nan,True,0.9709,77.8,97.6,True,0,NORMAL,1,0.98,0,771.6,35.0,36.2,0.06,19,93,125,30,60,0.999850488823204,0.17320508075688776
2026-08-31T22:18:04.122,125923375,P037,rhythm_normal,NORMAL,,,,1163,5475237,111024,115822,111998.44,117828.45,-974.44,-2006.45,-1801.97,673.77,False,False,nan,True,0.9709,77.8,97.6,True,0,NORMAL,1,0.98,0,771.6,35.0,36.2,0.06,19,93,125,30,60,0.999850488823204,0.17320508075688776
2026-08-31T22:18:04.132,125923375,P037,rhythm_normal,NORMAL,,,,1164,5475277,110944,115758,111977.35,117787.05,-1033.35,-2029.05,-1858.74,697.47,False,False,nan,True,0.9709,77.8,97.6,True,0,NORMAL,1,0.98,0,771.6,35.0,36.2,0.06,19,93,125,30,60,0.999850488823204,0.17320508075688776
2026-08-31T22:18:04.172,125923421,P037,rhythm_normal,NORMAL,,,,1165,5475317,110968,115812,111957.16,117747.55,-989.16,-1935.55,-1877.94,721.08,False,False,nan,True,0.9709,77.8,97.6,True,0,NORMAL,1,0.98,0,771.6,35.0,36.2,0.06,19,93,125,30,60,0.999850488823204,0.17320508075688776
2026-08-31T22:18:04.300,125923546,P037,rhythm_normal,NORMAL,,,,1166,5475357,110983,115879,111937.68,117710.18,-954.68,-1831.18,-1866.25,743.99,False,False,nan,True,0.9709,77.8,97.6,True,0,NORMAL,1,0.98,0,771.6,35.0,36.2,0.06,19,93,125,30,60,0.999850488823204,0.17320508075688776
2026-08-31T22:18:04.310,125923562,P037,rhythm_normal,NORMAL,,,,1167,5475397,111032,115944,111919.56,117674.86,-887.56,-1730.86,-1832.4,765.75,False,False,nan,True,0.9709,77.8,97.6,True,0,NORMAL,1,0.98,0,771.6,35.0,36.2,0.06,19,93,125,30,60,0.999850488823204,0.17320508075688776
2026-08-31T22:18:04.320,125923578,P037,rhythm_normal,NORMAL,,,,1168,5475437,111025,116006,111901.67,117641.48,-876.67,-1635.48,-1783.17,786.1,False,False,nan,True,0.9709,77.8,97.6,True,0,NORMAL,1,0.98,0,771.6,35.0,36.2,0.06,19,93,125,30,60,0.999850488823204,0.17320508075688776
2026-08-31T22:18:04.330,125923578,P037,rhythm_normal,NORMAL,,,,1169,5475477,111032,116023,111884.28,117609.12,-852.28,-1586.12,-1733.91,805.06,False,False,nan,True,0.9709,77.8,97.6,True,0,NORMAL,1,0.98,0,771.6,35.0,36.2,0.06,19,93,125,30,60,0.999850488823204,0.17320508075688776
2026-08-31T22:18:04.372,125923625,P037,rhythm_normal,NORMAL,,,,1170,5475517,111081,116065,111868.22,117578.23,-787.22,-1513.23,-1678.74,822.53,False,False,nan,True,0.9709,77.8,97.6,True,0,NORMAL,1,0.98,0,771.6,35.0,36.2,0.06,19,93,125,30,60,0.999850488823204,0.17320508075688776
2026-08-31T22:18:04.499,125923750,P037,rhythm_normal,NORMAL,,,,1171,5475557,111056,116139,111851.98,117549.45,-795.98,-1410.45,-1611.67,838.32,False,False,nan,True,0.9709,77.8,97.6,True,0,NORMAL,1,0.98,0,771.6,35.0,36.2,0.06,19,93,125,30,60,0.999850488823204,0.17320508075688776
2026-08-31T22:18:04.509,125923765,P037,rhythm_normal,NORMAL,,,,1172,5475597,111120,116211,111837.34,117522.69,-717.34,-1311.69,-1536.67,852.28,False,False,nan,True,0.9709,77.8,97.6,True,0,NORMAL,1,0.98,0,771.6,35.0,36.2,0.06,19,93,125,30,60,0.999850488823204,0.17320508075688776
2026-08-31T22:18:04.521,125923765,P037,rhythm_normal,NORMAL,,,,1173,5475637,111103,116186,111822.65,117495.95,-719.65,-1309.95,-1479.99,864.84,False,False,nan,True,0.9709,77.8,97.6,True,0,NORMAL,1,0.98,0,771.6,35.0,36.2,0.06,19,93,125,30,60,0.999850488823204,0.17320508075688776
2026-08-31T22:18:04.538,125923781,P037,rhythm_normal,NORMAL,,,,1174,5475677,110878,115762,111803.76,117461.27,-925.76,-1699.27,-1534.81,878.24,False,False,nan,True,0.9709,77.8,97.6,True,0,NORMAL,1,0.98,0,771.6,35.0,36.2,0.06,19,93,125,30,60,0.999850488823204,0.17320508075688776
2026-08-31T22:18:04.572,125923828,P037,rhythm_normal,NORMAL,,,,1175,5475717,110618,115191,111780.04,117415.87,-1162.04,-2224.87,-1707.33,894.82,False,False,nan,True,0.9709,77.8,97.6,True,0,NORMAL,1,0.98,0,771.6,35.0,36.2,0.06,19,93,125,30,60,0.999850488823204,0.17320508075688776
2026-08-31T22:18:04.698,125923953,P037,rhythm_normal,NORMAL,,,,1176,5475757,110511,114951,111754.66,117366.57,-1243.66,-2415.57,-1884.39,914.61,False,False,nan,True,0.9709,77.8,97.6,True,0,NORMAL,1,0.98,0,771.6,35.0,36.2,0.06,19,93,125,30,60,0.9989604596779594,0.17320508075688776
2026-08-31T22:18:04.709,125923953,P037,rhythm_normal,NORMAL,,,,1177,5475797,110504,115016,111729.64,117319.56,-1225.64,-2303.56,-1989.18,936.1,False,False,nan,True,0.9709,77.8,97.6,True,0,NORMAL,1,0.98,0,771.6,35.0,36.2,0.06,19,93,125,30,60,0.9989604596779594,0.17320508075688776
2026-08-31T22:18:04.722,125923968,P037,rhythm_normal,NORMAL,,,,1178,5475837,110555,115118,111706.15,117275.53,-1151.15,-2157.53,-2031.27,958.0,False,False,nan,True,0.9709,77.8,97.6,True,0,NORMAL,1,0.98,0,771.6,35.0,36.2,0.06,19,93,125,30,60,0.9989604596779594,0.17320508075688776
2026-08-31T22:18:04.730,125923984,P037,rhythm_normal,NORMAL,,,,1179,5475877,110559,115203,111683.2,117234.08,-1124.2,-2031.08,-2031.22,979.47,False,False,nan,True,0.9709,77.8,97.6,True,0,NORMAL,1,0.98,0,771.6,35.0,36.2,0.06,19,93,125,30,60,0.9989604596779594,0.17320508075688776
2026-08-31T22:18:04.772,125924015,P037,rhythm_normal,NORMAL,,,,1180,5475917,110547,115186,111660.48,117193.12,-1113.48,-2007.12,-2025.2,1000.38,False,False,nan,True,0.9709,77.8,97.6,True,0,NORMAL,1,0.98,0,771.6,35.0,36.2,0.06,19,93,125,30,60,0.9989604596779594,0.17320508075688776
2026-08-31T22:18:04.897,125924140,P037,rhythm_normal,NORMAL,,,,1181,5475957,110482,115106,111636.91,117151.38,-1154.91,-2045.38,-2030.24,1020.98,False,False,nan,True,0.9709,77.8,97.6,True,0,NORMAL,1,0.98,0,771.6,35.0,36.2,0.06,19,93,125,30,60,0.999850488823204,0.17320508075688776
2026-08-31T22:18:04.909,125924156,P037,rhythm_normal,NORMAL,,,,1182,5475997,110460,115111,111613.37,117110.57,-1153.37,-1999.57,-2022.57,1041.01,False,False,nan,True,0.9709,77.8,97.6,True,0,NORMAL,1,0.98,0,771.6,35.0,36.2,0.06,19,93,125,30,60,0.999850488823204,0.17320508075688776
2026-08-31T22:18:04.920,125924171,P037,rhythm_normal,NORMAL,,,,1183,5476037,110498,115211,111591.06,117072.58,-1093.06,-1861.58,-1982.32,1059.84,False,False,nan,True,0.9709,77.8,97.6,True,0,NORMAL,1,0.98,0,771.6,35.0,36.2,0.06,19,93,125,30,60,0.999850488823204,0.17320508075688776
2026-08-31T22:18:04.929,125924187,P037,rhythm_normal,NORMAL,,,,1184,5476077,110550,115394,111570.24,117039.01,-1020.24,-1645.01,-1897.99,1076.6,False,False,nan,True,0.9709,77.8,97.6,True,0,NORMAL,1,0.98,0,771.6,35.0,36.2,0.06,19,93,125,30,60,0.999850488823204,0.17320508075688776
2026-08-31T22:18:04.972,125924218,P037,rhythm_normal,NORMAL,,,,1185,5476117,110588,115517,111550.59,117008.57,-962.59,-1491.57,-1796.39,1091.0,False,False,nan,True,0.9709,77.8,97.6,True,0,NORMAL,1,0.98,0,771.6,35.0,36.2,0.06,19,93,125,30,60,0.999850488823204,0.17320508075688776
2026-08-31T22:18:05.098,125924343,P037,rhythm_normal,NORMAL,,,,1186,5476157,110617,115629,111531.92,116980.98,-914.92,-1351.98,-1685.29,1102.88,False,False,nan,True,0.9709,77.8,97.6,True,0,NORMAL,1,0.98,0,771.6,35.0,36.2,0.06,19,93,125,30,60,0.999850488823204,0.17320508075688776
2026-08-31T22:18:05.107,125924359,P037,rhythm_normal,NORMAL,,,,1187,5476197,110649,115734,111514.27,116956.04,-865.27,-1222.04,-1569.47,1112.21,False,False,nan,True,0.9709,77.8,97.6,True,0,NORMAL,1,0.98,0,771.6,35.0,36.2,0.06,19,93,125,30,60,0.999850488823204,0.17320508075688776
2026-08-31T22:18:05.119,125924375,P037,rhythm_normal,NORMAL,,,,1188,5476237,110680,115862,111497.58,116934.16,-817.58,-1072.16,-1445.14,1118.87,False,False,nan,True,0.9709,77.8,97.6,True,0,NORMAL,1,0.98,0,771.6,35.0,36.2,0.06,19,93,125,30,60,0.999850488823204,0.17320508075688776
2026-08-31T22:18:05.129,125924375,P037,rhythm_normal,NORMAL,,,,1189,5476277,110709,115934,111481.8,116914.16,-772.8,-980.16,-1328.9,1123.07,False,False,nan,True,0.9709,77.8,97.6,True,0,NORMAL,1,0.98,0,771.6,35.0,36.2,0.06,19,93,125,30,60,0.999850488823204,0.17320508075688776
2026-08-31T22:18:05.172,125924421,P037,rhythm_normal,NORMAL,,,,1190,5476317,110748,116047,111467.12,116896.81,-719.12,-849.81,-1209.13,1124.79,False,False,nan,True,0.9709,77.8,97.6,True,0,NORMAL,1,0.98,0,771.6,35.0,36.2,0.06,19,93,125,30,60,0.999850488823204,0.17320508075688776
2026-08-31T22:18:05.299,125924546,P037,rhythm_normal,NORMAL,,,,1191,5476357,110810,116208,111453.98,116883.04,-643.98,-675.04,-1075.6,1123.81,False,False,nan,True,0.9709,77.8,97.6,True,0,NORMAL,1,0.98,0,771.6,35.0,36.2,0.06,19,93,125,30,60,0.999850488823204,0.17320508075688776
2026-08-31T22:18:05.309,125924562,P037,rhythm_normal,NORMAL,,,,1192,5476397,110831,116289,111441.52,116871.16,-610.52,-582.16,-952.24,1120.38,False,False,nan,True,0.9709,77.8,97.6,True,0,NORMAL,1,0.98,0,771.6,35.0,36.2,0.06,19,93,125,30,60,0.999850488823204,0.17320508075688776
2026-08-31T22:18:05.320,125924578,P037,rhythm_normal,NORMAL,,,,1193,5476437,110566,115767,111424.02,116849.07,-858.02,-1082.07,-984.7,1117.67,False,False,nan,True,0.9709,77.8,97.6,True,0,NORMAL,1,0.98,0,771.6,35.0,36.2,0.06,19,93,125,30,60,0.999850488823204,0.17320508075688776
2026-08-31T22:18:05.329,125924578,P037,rhythm_normal,NORMAL,,,,1194,5476477,110291,115194,111401.35,116815.97,-1110.35,-1621.97,-1144.02,1118.19,False,False,nan,True,0.9709,77.8,97.6,True,0,NORMAL,1,0.98,0,771.6,35.0,36.2,0.06,19,93,125,30,60,0.999850488823204,0.17320508075688776
2026-08-31T22:18:05.374,125924625,P037,rhythm_normal,NORMAL,,,,1195,5476517,110244,115121,111378.2,116782.07,-1134.2,-1661.07,-1273.28,1121.29,False,False,nan,True,0.9709,77.8,97.6,True,0,NORMAL,1,0.98,0,771.6,35.0,36.2,0.06,19,93,125,30,60,0.999850488823204,0.17320508075688776
2026-08-31T22:18:05.498,125924750,P037,rhythm_normal,NORMAL,,,,1196,5476557,110313,115284,111356.9,116752.11,-1043.9,-1468.11,-1321.99,1125.31,False,False,nan,True,0.9709,77.8,97.6,True,0,NORMAL,1,0.98,0,771.6,35.0,36.2,0.06,19,93,125,30,60,0.999850488823204,0.17320508075688776
2026-08-31T22:18:05.509,125924765,P037,rhythm_normal,NORMAL,,,,1197,5476597,110375,115418,111337.26,116725.43,-962.26,-1307.43,-1318.35,1129.17,False,False,nan,True,0.9709,77.8,97.6,True,0,NORMAL,1,0.98,0,771.6,35.0,36.2,0.06,19,93,125,30,60,0.999850488823204,0.17320508075688776
2026-08-31T22:18:05.521,125924765,P037,rhythm_normal,NORMAL,,,,1198,5476637,110431,115556,111319.13,116702.04,-888.13,-1146.04,-1275.27,1132.09,False,False,nan,True,0.9709,77.8,97.6,True,0,NORMAL,1,0.98,0,771.6,35.0,36.2,0.06,19,93,125,30,60,0.999850488823204,0.17320508075688776
2026-08-31T22:18:05.530,125924781,P037,rhythm_normal,NORMAL,,,,1199,5476677,110402,115539,111300.79,116678.78,-898.79,-1139.78,-1241.4,1134.28,False,False,nan,True,0.9709,77.8,97.6,True,0,NORMAL,1,0.98,0,771.6,35.0,36.2,0.06,19,93,125,30,60,0.999850488823204,0.17320508075688776
2026-08-31T22:18:05.572,125924828,P037,rhythm_normal,NORMAL,,,,1200,5476717,110346,115429,111281.7,116653.79,-935.7,-1224.79,-1237.25,1136.34,False,False,nan,True,0.9709,77.8,97.6,True,0,NORMAL,1,0.98,0,771.6,35.0,36.2,0.06,19,93,125,30,60,0.999850488823204,0.17320508075688776
2026-08-31T22:18:05.697,125924953,P037,rhythm_normal,NORMAL,,,,1201,5476757,110320,115382,111262.46,116628.35,-942.46,-1246.35,-1239.52,1138.4,False,False,nan,True,0.9709,77.8,97.6,True,0,NORMAL,1,0.98,0,771.6,35.0,36.2,0.06,19,93,125,30,60,1.0002499687578101,0.17320508075688776
2026-08-31T22:18:05.710,125924953,P037,rhythm_normal,NORMAL,,,,1202,5476797,110358,115470,111244.38,116605.19,-886.38,-1135.19,-1213.44,1139.9,False,False,nan,True,0.9709,77.8,97.6,True,0,NORMAL,1,0.98,0,771.6,35.0,36.2,0.06,19,93,125,30,60,1.0002499687578101,0.17320508075688776
2026-08-31T22:18:05.719,125924968,P037,rhythm_normal,NORMAL,,,,1203,5476837,110420,115650,111227.89,116586.09,-807.89,-936.09,-1144.1,1139.99,False,False,nan,True,0.9709,77.8,97.6,True,0,NORMAL,1,0.98,0,771.6,35.0,36.2,0.06,19,93,125,30,60,1.0002499687578101,0.17320508075688776
2026-08-31T22:18:05.729,125924984,P037,rhythm_normal,NORMAL,,,,1204,5476877,110490,115817,111213.13,116570.7,-723.13,-753.7,-1046.5,1138.12,False,False,nan,True,0.9709,77.8,97.6,True,0,NORMAL,1,0.98,0,771.6,35.0,36.2,0.06,19,93,125,30,60,1.0002499687578101,0.17320508075688776
2026-08-31T22:18:05.772,125925015,P037,rhythm_normal,NORMAL,,,,1205,5476917,110531,115910,111199.49,116557.49,-668.49,-647.49,-946.75,1134.29,False,False,nan,True,0.9709,77.8,97.6,True,0,NORMAL,1,0.98,0,771.6,35.0,36.2,0.06,19,93,125,30,60,1.0002499687578101,0.17320508075688776
2026-08-31T22:18:05.898,125925156,P037,rhythm_normal,NORMAL,,,,1206,5476957,110550,115980,111186.5,116545.95,-636.5,-565.95,-851.55,1128.63,False,False,nan,True,0.9709,77.8,97.6,True,0,NORMAL,1,0.98,0,771.6,35.0,36.2,0.06,19,93,125,30,60,0.9989604596779594,0.17320508075688776
2026-08-31T22:18:05.910,125925156,P037,rhythm_normal,NORMAL,,,,1207,5476997,110574,116046,111174.25,116535.95,-600.25,-489.95,-761.15,1121.28,False,False,nan,True,0.9709,77.8,97.6,True,0,NORMAL,1,0.98,0,771.6,35.0,36.2,0.06,19,93,125,30,60,0.9989604596779594,0.17320508075688776
2026-08-31T22:18:05.919,125925171,P037,rhythm_normal,NORMAL,,,,1208,5477037,110602,116116,111162.8,116527.55,-560.8,-411.55,-673.75,1112.33,False,False,nan,True,0.9709,77.8,97.6,True,0,NORMAL,1,0.98,0,771.6,35.0,36.2,0.06,19,93,125,30,60,0.9989604596779594,0.17320508075688776
2026-08-31T22:18:05.929,125925187,P037,rhythm_normal,NORMAL,,,,1209,5477077,110635,116188,111152.25,116520.76,-517.25,-332.76,-588.5,1101.86,False,False,nan,True,0.9709,77.8,97.6,True,0,NORMAL,1,0.98,0,771.6,35.0,36.2,0.06,19,93,125,30,60,0.9989604596779594,0.17320508075688776
2026-08-31T22:18:05.973,125925218,P037,rhythm_normal,NORMAL,,,,1210,5477117,110665,116269,111142.51,116515.73,-477.51,-246.73,-503.06,1089.88,False,False,nan,True,0.9709,77.8,97.6,True,0,NORMAL,1,0.98,0,771.6,35.0,36.2,0.06,19,93,125,30,60,0.9989604596779594,0.17320508075688776
2026-08-31T22:18:06.097,125925343,P037,rhythm_normal,NORMAL,,,,1211,5477157,110551,116042,111130.68,116506.25,-579.68,-464.25,-493.35,1077.95,False,False,nan,True,0.9709,77.8,97.6,True,0,NORMAL,1,0.98,0,771.6,35.0,36.2,0.06,19,93,125,30,60,0.999850488823204,0.17320508075688776
2026-08-31T22:18:06.109,125925359,P037,rhythm_normal,NORMAL,,,,1212,5477197,110231,115376,111112.69,116483.65,-881.69,-1107.65,-646.93,1069.33,False,False,nan,True,0.9709,77.8,97.6,True,0,NORMAL,1,0.98,0,771.6,35.0,36.2,0.06,19,93,125,30,60,0.999850488823204,0.17320508075688776
2026-08-31T22:18:06.123,125925375,P037,rhythm_normal,NORMAL,,,,1213,5477237,110074,115046,111091.91,116454.9,-1017.91,-1408.9,-837.42,1064.69,False,False,nan,True,0.9709,77.8,97.6,True,0,NORMAL,1,0.98,0,771.6,35.0,36.2,0.06,19,93,125,30,60,0.999850488823204,0.17320508075688776
2026-08-31T22:18:06.136,125925390,P037,rhythm_normal,NORMAL,,,,1214,5477277,110094,115087,111071.95,116427.54,-977.95,-1340.54,-963.2,1062.66,False,False,nan,True,0.9709,77.8,97.6,True,0,NORMAL,1,0.98,0,771.6,35.0,36.2,0.06,19,93,125,30,60,0.999850488823204,0.17320508075688776
2026-08-31T22:18:06.173,125925421,P037,rhythm_normal,NORMAL,,,,1215,5477317,110153,115221,111053.57,116403.41,-900.57,-1182.41,-1018.0,1061.77,False,False,nan,True,0.9709,77.8,97.6,True,0,NORMAL,1,0.98,0,771.6,35.0,36.2,0.06,19,93,125,30,60,0.999850488823204,0.17320508075688776
2026-08-31T22:18:06.299,125925546,P037,rhythm_normal,NORMAL,,,,1216,5477357,110196,115333,111036.42,116382.0,-840.42,-1049.0,-1025.75,1061.05,False,False,nan,True,0.9709,77.8,97.6,True,0,NORMAL,1,0.98,0,771.6,35.0,36.2,0.06,19,93,125,30,60,0.999850488823204,0.17320508075688776
2026-08-31T22:18:06.308,125925562,P037,rhythm_normal,NORMAL,,,,1217,5477397,110217,115381,111020.03,116361.98,-803.03,-980.98,-1014.56,1060.12,False,False,nan,True,0.9709,77.8,97.6,True,0,NORMAL,1,0.98,0,771.6,35.0,36.2,0.06,19,93,125,30,60,0.999850488823204,0.17320508075688776
2026-08-31T22:18:06.321,125925578,P037,rhythm_normal,NORMAL,,,,1218,5477437,110138,115230,111002.39,116339.34,-864.39,-1109.34,-1038.25,1059.68,False,False,nan,True,0.9709,77.8,97.6,True,0,NORMAL,1,0.98,0,771.6,35.0,36.2,0.06,19,93,125,30,60,0.999850488823204,0.17320508075688776
2026-08-31T22:18:06.336,125925593,P037,rhythm_normal,NORMAL,,,,1219,5477477,110071,115119,110983.77,116314.93,-912.77,-1195.93,-1077.67,1060.04,False,False,nan,True,0.9709,77.8,97.6,True,0,NORMAL,1,0.98,0,771.6,35.0,36.2,0.06,19,93,125,30,60,0.999850488823204,0.17320508075688776
2026-08-31T22:18:06.374,125925625,P037,rhythm_normal,NORMAL,,,,1220,5477517,110091,115155,110965.91,116291.73,-874.91,-1136.73,-1092.44,1060.69,False,False,nan,True,0.9709,77.8,97.6,True,0,NORMAL,1,0.98,0,771.6,35.0,36.2,0.06,19,93,125,30,60,0.999850488823204,0.17320508075688776
2026-08-31T22:18:06.497,125925750,P037,rhythm_normal,NORMAL,,,,1221,5477557,110151,115301,110949.62,116271.92,-798.62,-970.92,-1062.06,1060.72,False,False,nan,True,0.9709,77.8,97.6,True,0,NORMAL,1,0.98,0,771.6,35.0,36.2,0.06,19,93,125,30,60,0.999850488823204,0.17320508075688776
2026-08-31T22:18:06.509,125925765,P037,rhythm_normal,NORMAL,,,,1222,5477597,110194,115419,110934.51,116254.87,-740.51,-835.87,-1005.51,1059.61,False,False,nan,True,0.9709,77.8,97.6,True,0,NORMAL,1,0.98,0,771.6,35.0,36.2,0.06,19,93,125,30,60,0.999850488823204,0.17320508075688776
2026-08-31T22:18:06.520,125925765,P037,rhythm_normal,NORMAL,,,,1223,5477637,110235,115491,110920.52,116239.59,-685.52,-748.59,-941.28,1057.25,False,False,nan,True,0.9709,77.8,97.6,True,0,NORMAL,1,0.98,0,771.6,35.0,36.2,0.06,19,93,125,30,60,0.999850488823204,0.17320508075688776
2026-08-31T22:18:06.534,125925781,P037,rhythm_normal,NORMAL,,,,1224,5477677,110261,115568,110907.33,116226.16,-646.33,-658.16,-870.5,1053.51,False,False,nan,True,0.9709,77.8,97.6,True,0,NORMAL,1,0.98,0,771.6,35.0,36.2,0.06,19,93,125,30,60,0.999850488823204,0.17320508075688776
2026-08-31T22:18:06.572,125925828,P037,rhythm_normal,NORMAL,,,,1225,5477717,110273,115613,110894.64,116213.9,-621.64,-600.9,-803.1,1048.5,False,False,nan,True,0.9709,77.8,97.6,True,0,NORMAL,1,0.98,0,771.6,35.0,36.2,0.06,19,93,125,30,60,0.999850488823204,0.17320508075688776
2026-08-31T22:18:06.710,125925968,P037,rhythm_normal,NORMAL,,,,1226,5477757,110282,115654,110882.39,116202.7,-600.39,-548.7,-739.5,1042.32,False,False,nan,True,0.9709,77.8,97.6,True,0,NORMAL,1,0.98,0,781.4,29.5,34.5,0.08,14,56,126,30,60,0.999850488823204,0.17320508075688776
2026-08-31T22:18:06.722,125925968,P037,rhythm_normal,NORMAL,,,,1227,5477797,110322,115728,110871.18,116193.21,-549.18,-465.21,-670.93,1034.89,False,False,nan,True,0.9709,77.8,97.6,True,0,NORMAL,1,0.98,0,781.4,29.5,34.5,0.08,14,56,126,30,60,0.999850488823204,0.17320508075688776
2026-08-31T22:18:06.726,125925984,P037,rhythm_normal,NORMAL,,,,1228,5477837,110336,115788,110860.48,116185.11,-524.48,-397.11,-602.47,1026.25,False,False,nan,True,0.9709,77.8,97.6,True,0,NORMAL,1,0.98,0,781.4,29.5,34.5,0.08,14,56,126,30,60,0.999850488823204,0.17320508075688776
2026-08-31T22:18:06.740,125925984,P037,rhythm_normal,NORMAL,,,,1229,5477877,110276,115645,110848.79,116174.3,-572.79,-529.3,-584.18,1017.4,False,False,nan,True,0.9709,77.8,97.6,True,0,NORMAL,1,0.98,0,781.4,29.5,34.5,0.08,14,56,126,30,60,0.999850488823204,0.17320508075688776
2026-08-31T22:18:06.773,125926031,P037,rhythm_normal,NORMAL,,,,1230,5477917,109967,115003,110831.16,116150.88,-864.16,-1147.88,-725.11,1011.56,False,False,nan,True,0.9709,77.8,97.6,True,0,NORMAL,1,0.98,0,781.4,29.5,34.5,0.08,14,56,126,30,60,0.999850488823204,0.17320508075688776
2026-08-31T22:18:06.897,125926140,P037,rhythm_normal,NORMAL,,,,1231,5477957,109751,114550,110809.55,116118.86,-1058.55,-1568.86,-936.04,1010.05,False,False,nan,True,0.9709,77.8,97.6,True,0,NORMAL,1,0.98,0,781.4,29.5,34.5,0.08,14,56,126,30,60,0.999850488823204,0.17320508075688776
2026-08-31T22:18:06.908,125926156,P037,rhythm_normal,NORMAL,,,,1232,5477997,109727,114502,110787.91,116086.52,-1060.91,-1584.52,-1098.16,1011.81,False,False,nan,True,0.9709,77.8,97.6,True,0,NORMAL,1,0.98,0,781.4,29.5,34.5,0.08,14,56,126,30,60,0.999850488823204,0.17320508075688776
2026-08-31T22:18:06.920,125926171,P037,rhythm_normal,NORMAL,,,,1233,5478037,109788,114642,110767.91,116057.63,-979.91,-1415.63,-1177.53,1015.12,False,False,nan,True,0.9709,77.8,97.6,True,0,NORMAL,1,0.98,0,781.4,29.5,34.5,0.08,14,56,126,30,60,0.999850488823204,0.17320508075688776
2026-08-31T22:18:06.930,125926187,P037,rhythm_normal,NORMAL,,,,1234,5478077,109809,114722,110748.73,116030.92,-939.73,-1308.92,-1210.38,1019.03,False,False,nan,True,0.9709,77.8,97.6,True,0,NORMAL,1,0.98,0,781.4,29.5,34.5,0.08,14,56,126,30,60,0.999850488823204,0.17320508075688776
2026-08-31T22:18:06.974,125926218,P037,rhythm_normal,NORMAL,,,,1235,5478117,109859,114821,110730.93,116006.73,-871.93,-1185.73,-1204.22,1022.73,False,False,nan,True,0.9709,77.8,97.6,True,0,NORMAL,1,0.98,0,781.4,29.5,34.5,0.08,14,56,126,30,60,0.999850488823204,0.17320508075688776
2026-08-31T22:18:07.098,125926343,P037,rhythm_normal,NORMAL,,,,1236,5478157,109795,114736,110712.21,115981.31,-917.21,-1245.31,-1214.49,1026.57,False,False,nan,True,0.9709,77.8,97.6,True,0,NORMAL,1,0.98,0,781.4,29.5,34.5,0.08,14,56,126,30,60,0.999850488823204,0.17320508075688776
2026-08-31T22:18:07.109,125926359,P037,rhythm_normal,NORMAL,,,,1237,5478197,109748,114614,110692.93,115953.97,-944.93,-1339.97,-1245.86,1030.95,False,False,nan,True,0.9709,77.8,97.6,True,0,NORMAL,1,0.98,0,781.4,29.5,34.5,0.08,14,56,126,30,60,0.999850488823204,0.17320508075688776
2026-08-31T22:18:07.121,125926375,P037,rhythm_normal,NORMAL,,,,1238,5478237,109744,114642,110673.95,115927.73,-929.95,-1285.73,-1255.83,1035.45,False,False,nan,True,0.9709,77.8,97.6,True,0,NORMAL,1,0.98,0,781.4,29.5,34.5,0.08,14,56,126,30,60,0.999850488823204,0.17320508075688776
2026-08-31T22:18:07.132,125926390,P037,rhythm_normal,NORMAL,,,,1239,5478277,109810,114771,110656.67,115904.59,-846.67,-1133.59,-1225.27,1039.25,False,False,nan,True,0.9709,77.8,97.6,True,0,NORMAL,1,0.98,0,781.4,29.5,34.5,0.08,14,56,126,30,60,0.999850488823204,0.17320508075688776
2026-08-31T22:18:07.173,125926421,P037,rhythm_normal,NORMAL,,,,1240,5478317,109876,114910,110641.05,115884.7,-765.05,-974.7,-1162.63,1041.72,False,False,nan,True,0.9709,77.8,97.6,True,0,NORMAL,1,0.98,0,781.4,29.5,34.5,0.08,14,56,126,30,60,0.999850488823204,0.17320508075688776
2026-08-31T22:18:07.298,125926546,P037,rhythm_normal,NORMAL,,,,1241,5478357,109919,115036,110626.62,115867.73,-707.62,-831.73,-1079.9,1042.48,False,False,nan,True,0.9709,77.8,97.6,True,0,NORMAL,1,0.98,0,781.4,29.5,34.5,0.08,14,56,126,30,60,0.999850488823204,0.17320508075688776
2026-08-31T22:18:07.309,125926562,P037,rhythm_normal,NORMAL,,,,1242,5478397,109976,115142,110613.6,115853.21,-637.6,-711.21,-987.73,1041.38,False,False,nan,True,0.9709,77.8,97.6,True,0,NORMAL,1,0.98,0,781.4,29.5,34.5,0.08,14,56,126,30,60,0.999850488823204,0.17320508075688776
2026-08-31T22:18:07.322,125926578,P037,rhythm_normal,NORMAL,,,,1243,5478437,110000,115198,110601.33,115840.11,-601.33,-642.11,-901.32,1038.58,False,False,nan,True,0.9709,77.8,91.29,True,0,NORMAL,1,0.98,0,781.4,29.5,34.5,0.08,14,56,126,30,60,0.999850488823204,0.17320508075688776
2026-08-31T22:18:07.333,125926578,P037,rhythm_normal,NORMAL,,,,1244,5478477,110031,115265,110589.92,115828.61,-558.92,-563.61,-816.9,1034.15,False,False,nan,True,0.9709,77.8,91.29,True,0,NORMAL,1,0.98,0,781.4,29.5,34.5,0.08,14,56,126,30,60,0.999850488823204,0.17320508075688776
2026-08-31T22:18:07.373,125926625,P037,rhythm_normal,NORMAL,,,,1245,5478517,110063,115321,110579.38,115818.46,-516.38,-497.46,-737.04,1028.21,False,False,nan,True,0.9709,77.8,91.29,True,0,NORMAL,1,0.98,0,781.4,29.5,34.5,0.08,14,56,126,30,60,0.999850488823204,0.17320508075688776
2026-08-31T22:18:07.497,125926750,P037,rhythm_normal,NORMAL,,,,1246,5478557,110100,115402,110569.8,115810.13,-469.8,-408.13,-654.81,1020.74,False,False,nan,True,0.9709,77.8,91.29,True,0,NORMAL,1,0.98,0,781.4,29.5,34.5,0.08,14,56,126,30,60,0.9989604596779594,0.17320508075688776
2026-08-31T22:18:07.508,125926765,P037,rhythm_normal,NORMAL,,,,1247,5478597,110149,115514,110561.38,115804.21,-412.38,-290.21,-563.66,1011.6,False,False,nan,True,0.9709,77.8,91.29,True,0,NORMAL,1,0.98,0,781.4,29.5,34.5,0.08,14,56,126,30,60,0.9989604596779594,0.17320508075688776
2026-08-31T22:18:07.521,125926765,P037,rhythm_normal,NORMAL,,,,1248,5478637,110168,115547,110553.52,115799.07,-385.52,-252.07,-485.76,1001.08,False,False,nan,True,0.9709,77.8,91.29,True,0,NORMAL,1,0.98,0,781.4,29.5,34.5,0.08,14,56,126,30,60,0.9989604596779594,0.17320508075688776
2026-08-31T22:18:07.532,125926781,P037,rhythm_normal,NORMAL,,,,1249,5478677,109892,114973,110540.29,115782.55,-648.29,-809.55,-566.71,992.39,False,False,nan,True,0.9709,77.8,91.29,True,0,NORMAL,1,0.98,0,781.4,29.5,34.5,0.08,14,56,126,30,60,0.9989604596779594,0.17320508075688776
2026-08-31T22:18:07.573,125926828,P037,rhythm_normal,NORMAL,,,,1250,5478717,109622,114372,110521.92,115754.34,-899.92,-1382.34,-770.62,987.96,False,False,nan,True,0.9709,77.8,91.29,True,0,NORMAL,1,0.98,0,781.4,29.5,34.5,0.08,14,56,126,30,60,0.9989604596779594,0.17320508075688776
2026-08-31T22:18:07.698,125926953,P037,rhythm_normal,NORMAL,,,,1251,5478757,109547,114242,110502.42,115724.09,-955.42,-1482.09,-948.48,987.17,False,False,nan,True,0.9709,77.8,91.29,True,0,NORMAL,1,0.98,0,781.4,29.5,34.5,0.08,14,56,126,30,60,0.999850488823204,0.17320508075688776
2026-08-31T22:18:07.708,125926953,P037,rhythm_normal,NORMAL,,,,1252,5478797,109624,114372,110484.85,115697.05,-860.85,-1325.05,-1042.62,988.28,False,False,nan,True,0.9709,77.8,91.29,True,0,NORMAL,1,0.98,0,781.4,29.5,34.5,0.08,14,56,126,30,60,0.999850488823204,0.17320508075688776
2026-08-31T22:18:07.720,125926968,P037,rhythm_normal,NORMAL,,,,1253,5478837,109665,114477,110468.45,115672.65,-803.45,-1195.65,-1080.88,990.13,False,False,nan,True,0.9709,77.8,91.29,True,0,NORMAL,1,0.98,0,781.4,29.5,34.5,0.08,14,56,126,30,60,0.999850488823204,0.17320508075688776
2026-08-31T22:18:07.730,125926984,P037,rhythm_normal,NORMAL,,,,1254,5478877,109716,114602,110453.41,115651.23,-737.41,-1049.23,-1072.97,991.79,False,False,nan,True,0.9709,77.8,91.29,True,0,NORMAL,1,0.98,0,781.4,29.5,34.5,0.08,14,56,126,30,60,0.999850488823204,0.17320508075688776
2026-08-31T22:18:07.771,125927015,P037,rhythm_normal,NORMAL,,,,1255,5478917,109725,114597,110438.84,115630.15,-713.84,-1033.15,-1063.01,993.21,False,False,nan,True,0.9709,77.8,91.29,True,0,NORMAL,1,0.98,0,781.4,29.5,34.5,0.08,14,56,126,30,60,0.999850488823204,0.17320508075688776
2026-08-31T22:18:07.896,125927140,P037,rhythm_normal,NORMAL,,,,1256,5478957,109672,114484,110423.5,115607.23,-751.5,-1123.23,-1078.07,994.91,False,False,nan,True,0.9709,77.8,91.29,True,0,NORMAL,1,0.98,0,781.4,29.5,34.5,0.08,14,56,126,30,60,0.999850488823204,0.17320508075688776
2026-08-31T22:18:07.909,125927156,P037,rhythm_normal,NORMAL,,,,1257,5478997,109662,114479,110408.27,115584.66,-746.27,-1105.66,-1084.97,996.71,False,False,nan,True,0.9709,77.8,91.29,True,0,NORMAL,1,0.98,0,781.4,29.5,34.5,0.08,14,56,126,30,60,0.999850488823204,0.17320508075688776
2026-08-31T22:18:07.921,125927171,P037,rhythm_normal,NORMAL,,,,1258,5479037,109724,114593,110394.59,115564.83,-670.59,-971.83,-1056.68,997.91,False,False,nan,True,0.9709,77.8,91.29,True,0,NORMAL,1,0.98,0,781.4,29.5,34.5,0.08,14,56,126,30,60,0.999850488823204,0.17320508075688776
2026-08-31T22:18:07.928,125927171,P037,rhythm_normal,NORMAL,,,,1259,5479077,109817,114780,110383.03,115549.13,-566.03,-769.13,-984.79,997.65,False,False,nan,True,0.9709,77.8,91.29,True,0,NORMAL,1,0.98,0,781.4,29.5,34.5,0.08,14,56,126,30,60,0.999850488823204,0.17320508075688776
2026-08-31T22:18:07.972,125927218,P037,rhythm_normal,NORMAL,,,,1260,5479117,109881,114918,110372.99,115536.51,-491.99,-618.51,-893.22,995.56,False,False,nan,True,0.9709,77.8,91.29,True,0,NORMAL,1,0.98,0,781.4,29.5,34.5,0.08,14,56,126,30,60,0.999850488823204,0.17320508075688776
2026-08-31T22:18:08.097,125927343,P037,rhythm_normal,NORMAL,,,,1261,5479157,109946,115050,110364.45,115526.78,-418.45,-476.78,-789.11,991.43,False,False,nan,True,0.9709,77.8,91.29,True,0,NORMAL,1,0.98,0,781.4,29.5,34.5,0.08,14,56,126,30,60,0.999850488823204,0.24494897427831783
2026-08-31T22:18:08.108,125927359,P037,rhythm_normal,NORMAL,,,,1262,5479197,109991,115140,110356.98,115519.05,-365.98,-379.05,-686.6,985.33,False,False,nan,True,0.9709,77.8,91.29,True,0,NORMAL,1,0.98,0,781.4,29.5,34.5,0.08,14,56,126,30,60,0.999850488823204,0.24494897427831783
2026-08-31T22:18:08.122,125927375,P037,rhythm_normal,NORMAL,,,,1263,5479237,110020,115221,110350.24,115513.09,-330.24,-292.09,-587.97,977.39,False,False,nan,True,0.9709,77.8,91.29,True,0,NORMAL,1,0.98,0,781.4,29.5,34.5,0.08,14,56,126,30,60,0.999850488823204,0.24494897427831783
2026-08-31T22:18:08.132,125927375,P037,rhythm_normal,NORMAL,,,,1264,5479277,110060,115291,110344.44,115508.64,-284.44,-217.64,-495.39,967.75,False,False,nan,True,0.9709,77.8,91.29,True,0,NORMAL,1,0.98,0,781.4,29.5,34.5,0.08,14,56,126,30,60,0.999850488823204,0.24494897427831783
2026-08-31T22:18:08.172,125927421,P037,rhythm_normal,NORMAL,,,,1265,5479317,110105,115383,110339.65,115506.12,-234.65,-123.12,-402.32,956.44,False,False,nan,True,0.9709,77.8,91.29,True,0,NORMAL,1,0.98,0,781.4,29.5,34.5,0.08,14,56,126,30,60,0.999850488823204,0.24494897427831783
2026-08-31T22:18:08.298,125927546,P037,rhythm_normal,NORMAL,,,,1266,5479357,110163,115502,110336.12,115506.04,-173.12,-4.04,-302.75,943.36,False,False,nan,True,0.9709,77.8,91.29,True,0,NORMAL,1,0.98,0,781.4,29.5,34.5,0.08,14,56,126,30,60,0.9989604596779594,0.17320508075688776
2026-08-31T22:18:08.308,125927562,P037,rhythm_normal,NORMAL,,,,1267,5479397,110220,115635,110333.8,115508.62,-113.8,126.38,-195.47,928.41,False,False,nan,True,0.9709,77.8,91.29,True,0,NORMAL,1,0.98,0,781.4,29.5,34.5,0.08,14,56,126,30,60,0.9989604596779594,0.17320508075688776
2026-08-31T22:18:08.321,125927578,P037,rhythm_normal,NORMAL,,,,1268,5479437,110203,115556,110331.18,115509.56,-128.18,46.44,-134.99,912.54,False,False,nan,True,0.9709,77.8,91.29,True,0,NORMAL,1,0.98,0,781.4,29.5,34.5,0.08,14,56,126,30,60,0.9989604596779594,0.17320508075688776
2026-08-31T22:18:08.329,125927578,P037,rhythm_normal,NORMAL,,,,1269,5479477,109851,114833,110321.58,115496.03,-470.58,-663.03,-267.0,899.63,False,False,nan,True,0.9709,77.8,91.29,True,0,NORMAL,1,0.98,0,781.4,29.5,34.5,0.08,14,56,126,30,60,0.9989604596779594,0.17320508075688776
2026-08-31T22:18:08.373,125927625,P037,rhythm_normal,NORMAL,,,,1270,5479517,109638,114372,110307.91,115473.55,-669.91,-1101.55,-475.64,891.15,False,False,nan,True,0.9709,77.8,91.29,True,0,NORMAL,1,0.98,0,781.4,29.5,34.5,0.08,14,56,126,30,60,0.9989604596779594,0.17320508075688776
2026-08-31T22:18:08.497,125927750,P037,rhythm_normal,NORMAL,,,,1271,5479557,109632,114361,110294.39,115451.3,-662.39,-1090.3,-629.3,885.91,False,False,nan,True,0.9709,77.8,91.29,True,0,NORMAL,1,0.98,0,781.4,29.5,34.5,0.08,14,56,126,30,60,0.999850488823204,0.17320508075688776
2026-08-31T22:18:08.508,125927765,P037,rhythm_normal,NORMAL,,,,1272,5479597,109732,114555,110283.14,115433.37,-551.14,-878.37,-691.57,882.02,False,False,nan,True,0.9709,77.8,91.29,True,0,NORMAL,1,0.98,0,781.4,29.5,34.5,0.08,14,56,126,30,60,0.999850488823204,0.17320508075688776
2026-08-31T22:18:08.520,125927765,P037,rhythm_normal,NORMAL,,,,1273,5479637,109803,114692,110273.54,115418.54,-470.54,-726.54,-700.31,878.39,False,False,nan,True,0.9709,77.8,91.29,True,0,NORMAL,1,0.98,0,781.4,29.5,34.5,0.08,14,56,126,30,60,0.999850488823204,0.17320508075688776
2026-08-31T22:18:08.529,125927781,P037,rhythm_normal,NORMAL,,,,1274,5479677,109843,114782,110264.93,115405.8,-421.93,-623.8,-681.18,874.44,False,False,nan,True,0.9709,77.8,91.29,True,0,NORMAL,1,0.98,0,781.4,29.5,34.5,0.08,14,56,126,30,60,0.999850488823204,0.17320508075688776
2026-08-31T22:18:08.574,125927828,P037,rhythm_normal,NORMAL,,,,1275,5479717,109805,114703,110255.73,115391.75,-450.73,-688.75,-683.08,870.62,False,False,nan,True,0.9709,77.8,91.29,True,0,NORMAL,1,0.98,0,781.4,29.5,34.5,0.08,14,56,126,30,60,0.999850488823204,0.17320508075688776
2026-08-31T22:18:08.698,125927953,P037,rhythm_normal,NORMAL,,,,1276,5479757,109759,114602,110245.8,115375.95,-486.8,-773.95,-705.8,867.32,False,False,nan,True,0.9709,77.8,91.29,True,0,NORMAL,1,0.98,0,781.4,29.5,34.5,0.08,14,56,126,30,60,0.999850488823204,0.17320508075688776
2026-08-31T22:18:08.712,125927968,P037,rhythm_normal,NORMAL,,,,1277,5479797,109771,114615,110236.3,115360.73,-465.3,-745.73,-715.78,864.29,False,False,nan,True,0.9709,77.8,91.29,True,0,NORMAL,1,0.98,0,781.4,29.5,34.5,0.08,14,56,126,30,60,0.999850488823204,0.17320508075688776
2026-08-31T22:18:08.721,125927968,P037,rhythm_normal,NORMAL,,,,1278,5479837,109861,114775,110228.8,115349.02,-367.8,-574.02,-680.34,860.61,False,False,nan,True,0.9709,77.8,91.29,True,0,NORMAL,1,0.98,0,781.4,29.5,34.5,0.08,14,56,126,30,60,0.999850488823204,0.17320508075688776
2026-08-31T22:18:08.729,125927984,P037,rhythm_normal,NORMAL,,,,1279,5479877,109944,114949,110223.1,115341.02,-279.1,-392.02,-608.26,855.56,False,False,nan,True,0.9709,77.8,91.29,True,0,NORMAL,1,0.98,0,781.4,29.5,34.5,0.08,14,56,126,30,60,0.999850488823204,0.17320508075688776
2026-08-31T22:18:08.772,125928015,P037,rhythm_normal,NORMAL,,,,1280,5479917,110011,115068,110218.86,115335.56,-207.86,-267.56,-523.09,848.91,False,False,nan,True,0.9709,77.8,91.29,True,0,NORMAL,1,0.98,0,781.4,29.5,34.5,0.08,14,56,126,30,60,0.999850488823204,0.17320508075688776
2026-08-31T22:18:08.897,125928140,P037,rhythm_normal,NORMAL,,,,1281,5479957,110053,115173,110215.54,115332.31,-162.54,-159.31,-432.14,840.58,False,False,nan,True,0.9709,77.8,91.29,True,0,COLLECTING,0,,0,,,,,11,56,126,30,60,0.999850488823204,0.17320508075688776
2026-08-31T22:18:08.908,125928156,P037,rhythm_normal,NORMAL,,,,1282,5479997,110100,115262,110213.23,115330.91,-113.23,-68.91,-341.33,830.59,False,False,nan,True,0.9709,77.8,91.29,True,0,COLLECTING,0,,0,,,,,11,56,126,30,60,0.999850488823204,0.17320508075688776
2026-08-31T22:18:08.919,125928171,P037,rhythm_normal,NORMAL,,,,1283,5480047,110127,115299,110211.5,115330.27,-84.5,-31.27,-263.82,819.26,False,False,nan,True,0.9709,77.8,91.29,True,0,COLLECTING,0,,0,,,,,11,56,126,30,60,0.999850488823204,0.17320508075688776
2026-08-31T22:18:08.942,125928187,P037,rhythm_normal,NORMAL,,,,1284,5480087,110158,115331,110210.43,115330.28,-52.43,0.72,-197.68,806.83,False,False,nan,True,0.9709,77.8,91.29,True,0,COLLECTING,0,,0,,,,,11,56,126,30,60,0.999850488823204,0.17320508075688776
2026-08-31T22:18:08.982,125928234,P037,rhythm_normal,NORMAL,,,,1285,5480127,110205,115389,110210.32,115331.45,-5.32,57.55,-133.88,793.37,False,False,nan,True,0.9709,77.8,91.29,True,0,COLLECTING,0,,0,,,,,11,56,126,30,60,0.999850488823204,0.17320508075688776
2026-08-31T22:18:09.099,125928343,P037,rhythm_normal,NORMAL,,,,1286,5480167,110253,115514,110211.17,115335.1,41.83,178.9,-55.68,778.61,False,False,nan,True,0.9709,77.8,91.29,True,0,COLLECTING,0,,0,,,,,11,56,126,30,60,0.999850488823204,0.17320508075688776
2026-08-31T22:18:09.108,125928359,P037,rhythm_normal,NORMAL,,,,1287,5480207,110298,115575,110212.91,115339.9,85.09,235.1,17.01,763.38,False,False,nan,True,0.9709,77.8,91.29,True,0,COLLECTING,0,,0,,,,,11,56,126,30,60,0.999850488823204,0.17320508075688776
2026-08-31T22:18:09.117,125928375,P037,rhythm_normal,NORMAL,,,,1288,5480247,110229,115419,110213.23,115341.48,15.77,77.52,32.14,748.76,False,False,nan,True,0.9709,77.8,91.29,True,0,COLLECTING,0,,0,,,,,11,56,126,30,60,0.999850488823204,0.17320508075688776
2026-08-31T22:18:09.141,125928390,P037,rhythm_normal,NORMAL,,,,1289,5480287,109874,114727,110206.45,115329.19,-332.45,-602.19,-126.44,736.31,False,False,nan,True,0.9709,77.8,91.29,True,0,COLLECTING,0,,0,,,,,11,56,126,30,60,0.999850488823204,0.17320508075688776
2026-08-31T22:18:09.183,125928437,P037,rhythm_normal,NORMAL,,,,1290,5480327,109698,114302,110196.27,115308.64,-498.27,-1006.64,-346.49,728.51,False,False,nan,True,0.9709,77.8,91.29,True,0,COLLECTING,0,,0,,,,,11,56,126,30,60,0.999850488823204,0.17320508075688776
2026-08-31T22:18:09.308,125928562,P037,rhythm_normal,NORMAL,,,,1291,5480367,109713,114288,110186.61,115288.23,-473.61,-1000.23,-509.92,724.14,False,False,nan,True,0.9709,77.8,91.29,True,0,COLLECTING,0,,0,,,,,11,56,126,30,60,0.999850488823204,0.17320508075688776
2026-08-31T22:18:09.320,125928578,P037,rhythm_normal,NORMAL,,,,1292,5480407,109796,114502,110178.8,115272.5,-382.8,-770.5,-575.07,721.16,False,False,nan,True,0.9709,77.8,91.29,True,0,COLLECTING,0,,0,,,,,11,56,126,30,60,0.999850488823204,0.17320508075688776
2026-08-31T22:18:09.329,125928578,P037,rhythm_normal,NORMAL,,,,1293,5480447,109861,114617,110172.44,115259.39,-311.44,-642.39,-591.9,718.58,False,False,nan,True,0.9709,77.8,91.29,True,0,COLLECTING,0,,0,,,,,11,56,126,30,60,0.999850488823204,0.17320508075688776
2026-08-31T22:18:09.339,125928593,P037,rhythm_normal,NORMAL,,,,1294,5480487,109904,114662,110167.07,115247.45,-263.07,-585.45,-590.29,716.01,False,False,nan,True,0.9709,77.8,91.29,True,0,COLLECTING,0,,0,,,,,11,56,126,30,60,0.999850488823204,0.17320508075688776
2026-08-31T22:18:09.382,125928640,P037,rhythm_normal,NORMAL,,,,1295,5480527,109850,114560,110160.73,115233.7,-310.73,-673.7,-611.14,713.91,False,False,nan,True,0.9709,77.8,91.29,True,0,COLLECTING,0,,0,,,,,11,56,126,30,60,0.999850488823204,0.17320508075688776
2026-08-31T22:18:09.508,125928765,P037,rhythm_normal,NORMAL,,,,1296,5480567,109821,114478,110153.93,115218.58,-332.93,-740.58,-643.5,712.5,False,False,nan,True,0.9709,77.8,91.29,True,0,COLLECTING,0,,0,,,,,11,56,126,30,60,0.999850488823204,0.17320508075688776
2026-08-31T22:18:09.522,125928765,P037,rhythm_normal,NORMAL,,,,1297,5480607,109803,114447,110146.91,115203.15,-343.91,-756.15,-671.66,711.69,False,False,nan,True,0.9709,77.8,91.29,True,0,COLLECTING,0,,0,,,,,11,56,126,30,60,0.999850488823204,0.17320508075688776
2026-08-31T22:18:09.532,125928781,P037,rhythm_normal,NORMAL,,,,1298,5480647,109876,114582,110141.49,115190.73,-265.49,-608.73,-655.93,710.57,False,False,nan,True,0.9709,77.8,91.29,True,0,COLLECTING,0,,0,,,,,11,56,126,30,60,0.999850488823204,0.17320508075688776
2026-08-31T22:18:09.543,125928796,P037,rhythm_normal,NORMAL,,,,1299,5480687,109959,114777,110137.84,115182.45,-178.84,-405.45,-593.31,708.23,False,False,nan,True,0.9709,77.8,91.29,True,0,COLLECTING,0,,0,,,,,11,56,126,30,60,0.999850488823204,0.17320508075688776
2026-08-31T22:18:09.583,125928828,P037,rhythm_normal,NORMAL,,,,1300,5480727,110029,114899,110135.66,115176.78,-106.66,-277.78,-514.43,704.35,False,False,nan,True,0.9709,77.8,91.29,True,0,COLLECTING,0,,0,,,,,11,56,126,30,60,0.999850488823204,0.17320508075688776
2026-08-31T22:18:09.712,125928968,P037,rhythm_normal,NORMAL,,,,1301,5480767,109973,114943,110132.41,115172.11,-159.41,-229.11,-443.1,699.13,False,False,nan,True,0.9709,77.8,91.29,True,0,COLLECTING,0,,0,,,,,10,56,126,30,60,0.999850488823204,0.17320508075688776
2026-08-31T22:18:09.722,125928968,P037,rhythm_normal,NORMAL,,,,1302,5480807,110112,115070,110132.01,115170.07,-20.01,-100.07,-357.34,692.29,False,False,nan,True,0.9709,77.8,91.29,True,0,COLLECTING,0,,0,,,,,10,56,126,30,60,0.999850488823204,0.17320508075688776
2026-08-31T22:18:09.732,125928984,P037,rhythm_normal,NORMAL,,,,1303,5480847,110138,115154,110132.12,115169.75,5.88,-15.75,-271.94,683.88,False,False,nan,True,0.9709,77.8,91.29,True,0,COLLECTING,0,,0,,,,,10,56,126,30,60,0.999850488823204,0.17320508075688776
2026-08-31T22:18:09.742,125929000,P037,rhythm_normal,NORMAL,,,,1304,5480887,110157,115205,110132.62,115170.45,24.38,34.55,-195.32,674.11,False,False,nan,True,0.9709,77.8,91.29,True,0,COLLECTING,0,,0,,,,,10,56,126,30,60,0.999850488823204,0.17320508075688776
2026-08-31T22:18:09.782,125929031,P037,rhythm_normal,NORMAL,,,,1305,5480927,110234,115296,110134.66,115172.96,99.34,123.04,-115.73,662.94,False,False,nan,True,0.9709,77.8,91.29,True,0,COLLECTING,0,,0,,,,,10,56,126,30,60,0.999850488823204,0.17320508075688776
2026-08-31T22:18:09.907,125929156,P037,rhythm_normal,NORMAL,,,,1306,5480967,110229,115460,110136.55,115178.7,92.45,281.3,-16.47,650.02,False,False,nan,True,0.9709,77.8,91.29,True,0,COLLECTING,0,,0,,,,,10,56,126,30,60,0.999850488823204,0.17320508075688776
2026-08-31T22:18:09.919,125929171,P037,rhythm_normal,NORMAL,,,,1307,5481007,110288,115521,110139.58,115185.55,148.42,335.45,71.51,638.45,False,False,nan,True,0.9709,77.8,91.29,True,0,COLLECTING,0,,0,,,,,10,56,126,30,60,0.999850488823204,0.17320508075688776
2026-08-31T22:18:09.928,125929171,P037,rhythm_normal,NORMAL,,,,1308,5481047,110233,115443,110141.45,115190.7,91.55,252.3,116.71,628.01,False,False,nan,True,0.9709,77.8,91.29,True,0,COLLECTING,0,,0,,,,,10,56,126,30,60,0.999850488823204,0.17320508075688776
2026-08-31T22:18:09.937,125929187,P037,rhythm_normal,NORMAL,,,,1309,5481087,109938,114725,110137.38,115181.38,-199.38,-456.38,-26.57,615.98,False,False,nan,True,0.9709,77.8,91.29,True,0,COLLECTING,0,,0,,,,,10,56,126,30,60,0.999850488823204,0.17320508075688776
2026-08-31T22:18:09.983,125929234,P037,rhythm_normal,NORMAL,,,,1310,5481127,109727,114254,110129.16,115162.84,-402.16,-908.84,-247.13,608.6,False,False,nan,True,0.9709,77.8,91.29,True,0,COLLECTING,0,,0,,,,,10,56,126,30,60,0.999850488823204,0.17320508075688776
2026-08-31T22:18:10.107,125929359,P037,rhythm_normal,NORMAL,,,,1311,5481167,109646,114163,110119.5,115142.84,-473.5,-979.84,-430.31,605.04,False,False,nan,True,0.9709,77.8,91.29,True,0,COLLECTING,0,,0,,,,,10,56,126,30,60,0.9989604596779594,0.17320508075688776
2026-08-31T22:18:10.118,125929375,P037,rhythm_normal,NORMAL,,,,1312,5481207,109749,114355,110112.09,115127.08,-363.09,-772.08,-515.75,603.25,False,False,nan,True,0.9709,77.8,91.29,True,0,COLLECTING,0,,0,,,,,10,56,126,30,60,0.9989604596779594,0.17320508075688776
2026-08-31T22:18:10.130,125929375,P037,rhythm_normal,NORMAL,,,,1313,5481247,109818,114442,110106.21,115113.38,-288.21,-671.38,-554.66,602.28,False,False,nan,True,0.9709,77.8,91.29,True,0,COLLECTING,0,,0,,,,,10,56,126,30,60,0.9989604596779594,0.17320508075688776
2026-08-31T22:18:10.139,125929390,P037,rhythm_normal,NORMAL,,,,1314,5481287,109901,114548,110102.11,115102.07,-201.11,-554.07,-554.51,601.33,False,False,nan,True,0.9709,77.8,91.29,True,0,COLLECTING,0,,0,,,,,10,56,126,30,60,0.9989604596779594,0.17320508075688776
2026-08-31T22:18:10.181,125929437,P037,rhythm_normal,NORMAL,,,,1315,5481327,109795,114416,110095.97,115088.35,-300.97,-672.35,-583.97,600.98,False,False,nan,True,0.9709,77.8,91.29,True,0,COLLECTING,0,,0,,,,,10,56,126,30,60,0.9989604596779594,0.17320508075688776
2026-08-31T22:18:10.308,125929562,P037,rhythm_normal,NORMAL,,,,1316,5481367,109766,114318,110089.37,115072.95,-323.37,-754.95,-626.71,601.49,False,False,nan,True,0.9709,77.8,91.29,True,0,COLLECTING,0,,0,,,,,10,56,126,30,60,0.999850488823204,0.17320508075688776
2026-08-31T22:18:10.319,125929578,P037,rhythm_normal,NORMAL,,,,1317,5481407,109776,114340,110083.1,115058.29,-307.1,-718.29,-649.61,602.46,False,False,nan,True,0.9709,77.8,91.29,True,0,COLLECTING,0,,0,,,,,10,56,126,30,60,0.999850488823204,0.17320508075688776
2026-08-31T22:18:10.329,125929578,P037,rhythm_normal,NORMAL,,,,1318,5481447,109846,114480,110078.36,115046.73,-232.36,-566.73,-628.89,602.98,False,False,nan,True,0.9709,77.8,91.29,True,0,COLLECTING,0,,0,,,,,10,56,126,30,60,0.999850488823204,0.17320508075688776
2026-08-31T22:18:10.340,125929593,P037,rhythm_normal,NORMAL,,,,1319,5481487,109930,114651,110075.39,115038.81,-145.39,-387.81,-568.62,602.3,False,False,nan,True,0.9709,77.8,91.29,True,0,COLLECTING,0,,0,,,,,10,56,126,30,60,0.999850488823204,0.17320508075688776
2026-08-31T22:18:10.382,125929625,P037,rhythm_normal,NORMAL,,,,1320,5481527,109980,114720,110073.48,115032.44,-93.48,-312.44,-504.57,600.34,False,False,nan,True,0.9709,77.8,91.29,True,0,COLLECTING,0,,0,,,,,10,56,126,30,60,0.999850488823204,0.17320508075688776
2026-08-31T22:18:10.507,125929765,P037,rhythm_normal,NORMAL,,,,1321,5481567,110047,114858,110072.95,115028.95,-25.95,-170.95,-421.17,596.76,False,False,nan,True,0.9709,77.8,91.29,True,0,COLLECTING,0,,0,,,,,9,56,126,30,60,0.999850488823204,0.24494897427831783
2026-08-31T22:18:10.519,125929765,P037,rhythm_normal,NORMAL,,,,1322,5481607,110048,114932,110072.45,115027.01,-24.45,-95.01,-339.63,591.62,False,False,nan,True,0.9709,77.8,91.29,True,0,COLLECTING,0,,0,,,,,9,56,126,30,60,0.999850488823204,0.24494897427831783
2026-08-31T22:18:10.529,125929781,P037,rhythm_normal,NORMAL,,,,1323,5481647,110111,114991,110073.23,115026.29,37.77,-35.29,-263.54,585.05,False,False,nan,True,0.9709,77.8,91.29,True,0,COLLECTING,0,,0,,,,,9,56,126,30,60,0.999850488823204,0.24494897427831783
2026-08-31T22:18:10.537,125929781,P037,rhythm_normal,NORMAL,,,,1324,5481687,110138,115023,110074.52,115026.23,63.48,-3.23,-198.46,577.32,False,False,nan,True,0.9709,77.8,91.29,True,0,COLLECTING,0,,0,,,,,9,56,126,30,60,0.999850488823204,0.24494897427831783
2026-08-31T22:18:10.581,125929828,P037,rhythm_normal,NORMAL,,,,1325,5481727,110169,115131,110076.41,115028.32,92.59,102.68,-123.18,568.24,False,False,nan,True,0.9709,77.8,91.29,True,0,COLLECTING,0,,0,,,,,9,56,126,30,60,0.999850488823204,0.24494897427831783
2026-08-31T22:18:10.707,125929953,P037,rhythm_normal,NORMAL,,,,1326,5481767,110211,115236,110079.11,115032.48,131.89,203.52,-41.5,557.71,False,False,nan,True,0.9709,77.8,91.29,True,0,COLLECTING,0,,0,,,,,9,56,126,30,60,0.999850488823204,0.17320508075688776
2026-08-31T22:18:10.719,125929968,P037,rhythm_normal,NORMAL,,,,1327,5481807,110272,115341,110082.97,115038.65,189.03,302.35,44.46,547.44,False,False,nan,True,0.9709,77.8,91.29,True,0,COLLECTING,0,,0,,,,,9,56,126,30,60,0.999850488823204,0.17320508075688776
2026-08-31T22:18:10.728,125929984,P037,rhythm_normal,NORMAL,,,,1328,5481847,110305,115339,110087.41,115044.66,217.59,294.34,106.93,538.63,False,False,nan,True,0.9709,77.8,91.29,True,0,COLLECTING,0,,0,,,,,9,56,126,30,60,0.999850488823204,0.17320508075688776
2026-08-31T22:18:10.738,125929984,P037,rhythm_normal,NORMAL,,,,1329,5481887,109962,114621,110084.9,115036.18,-122.9,-415.18,-23.6,528.33,False,False,nan,True,0.9709,77.8,91.29,True,0,COLLECTING,0,,0,,,,,9,56,126,30,60,0.999850488823204,0.17320508075688776
2026-08-31T22:18:10.781,125930031,P037,rhythm_normal,NORMAL,,,,1330,5481927,109712,114086,110077.44,115017.18,-365.44,-931.18,-250.49,522.77,False,False,nan,True,0.9709,77.8,91.29,True,0,COLLECTING,0,,0,,,,,9,56,126,30,60,0.999850488823204,0.17320508075688776
2026-08-31T22:18:10.908,125930156,P037,rhythm_normal,NORMAL,,,,1331,5481967,109623,113988,110068.35,114996.59,-445.35,-1008.59,-440.02,521.12,False,False,nan,True,0.9709,77.8,91.29,True,0,COLLECTING,0,,0,,,,,9,56,126,30,60,0.9989604596779594,0.17320508075688776
2026-08-31T22:18:10.919,125930171,P037,rhythm_normal,NORMAL,,,,1332,5482007,109750,114163,110061.98,114979.92,-311.98,-816.92,-534.24,521.38,False,False,nan,True,0.9709,77.8,91.29,True,0,COLLECTING,0,,0,,,,,9,56,126,30,60,0.9989604596779594,0.17320508075688776
2026-08-31T22:18:10.930,125930187,P037,rhythm_normal,NORMAL,,,,1333,5482047,109801,114289,110056.77,114966.1,-255.77,-677.1,-569.96,522.35,False,False,nan,True,0.9709,77.8,91.29,True,0,COLLECTING,0,,0,,,,,9,56,126,30,60,0.9989604596779594,0.17320508075688776
2026-08-31T22:18:10.940,125930187,P037,rhythm_normal,NORMAL,,,,1334,5482087,109846,114410,110052.55,114954.98,-206.55,-544.98,-563.71,523.18,False,False,nan,True,0.9709,77.8,91.29,True,0,COLLECTING,0,,0,,,,,9,56,126,30,60,0.9989604596779594,0.17320508075688776
2026-08-31T22:18:10.982,125930234,P037,rhythm_normal,NORMAL,,,,1335,5482127,109829,114365,110048.08,114943.18,-219.08,-578.18,-567.33,524.06,False,False,nan,True,0.9709,77.8,91.29,True,0,COLLECTING,0,,0,,,,,9,56,126,30,60,0.9989604596779594,0.17320508075688776
2026-08-31T22:18:11.107,125930359,P037,rhythm_normal,NORMAL,,,,1336,5482167,109806,114253,110043.23,114929.38,-237.23,-676.38,-594.59,525.47,False,False,nan,True,0.9709,77.8,91.29,True,0,COLLECTING,0,,0,,,,,9,56,126,30,60,0.9989604596779594,0.17320508075688776
2026-08-31T22:18:11.118,125930375,P037,rhythm_normal,NORMAL,,,,1337,5482207,109802,114251,110038.41,114915.8,-236.41,-664.8,-612.14,527.21,False,False,nan,True,0.9709,77.8,91.29,True,0,COLLECTING,0,,0,,,,,9,56,126,30,60,0.9989604596779594,0.17320508075688776
2026-08-31T22:18:11.129,125930375,P037,rhythm_normal,NORMAL,,,,1338,5482247,109854,114372,110034.72,114904.93,-180.72,-532.93,-592.34,528.51,False,False,nan,True,0.9709,77.8,91.29,True,0,COLLECTING,0,,0,,,,,9,56,126,30,60,0.9989604596779594,0.17320508075688776
2026-08-31T22:18:11.137,125930390,P037,rhythm_normal,NORMAL,,,,1339,5482287,109955,114554,110033.12,114897.91,-78.12,-343.91,-530.23,528.54,False,False,nan,True,0.9709,77.8,91.29,True,0,COLLECTING,0,,0,,,,,9,56,126,30,60,0.9989604596779594,0.17320508075688776
2026-08-31T22:18:11.181,125930437,P037,rhythm_normal,NORMAL,,,,1340,5482327,110032,114696,110033.1,114893.88,-1.1,-197.88,-447.14,526.92,False,False,nan,True,0.9709,77.8,91.29,True,0,COLLECTING,0,,0,,,,,9,56,126,30,60,0.9989604596779594,0.17320508075688776
2026-08-31T22:18:11.307,125930562,P037,rhythm_normal,NORMAL,,,,1341,5482367,110070,114788,110033.84,114891.76,36.16,-103.76,-361.3,523.6,False,False,nan,True,0.9709,77.8,91.29,True,0,COLLECTING,0,,0,,,,,8,56,126,30,60,0.999850488823204,0.17320508075688776
2026-08-31T22:18:11.319,125930562,P037,rhythm_normal,NORMAL,,,,1342,5482407,110127,114863,110035.7,114891.18,91.3,-28.18,-278.02,518.69,False,False,nan,True,0.9709,77.8,91.29,True,0,COLLECTING,0,,0,,,,,8,56,126,30,60,0.999850488823204,0.17320508075688776
2026-08-31T22:18:11.329,125930578,P037,rhythm_normal,NORMAL,,,,1343,5482447,110158,114959,110038.14,114892.54,119.86,66.46,-191.9,512.16,False,False,nan,True,0.9709,77.8,97.99,True,0,COLLECTING,0,,0,,,,,8,56,126,30,60,0.999850488823204,0.17320508075688776
2026-08-31T22:18:11.341,125930593,P037,rhythm_normal,NORMAL,,,,1344,5482487,110187,115055,110041.12,114895.79,145.88,159.21,-104.12,503.99,False,False,nan,True,0.9709,77.8,97.99,True,0,COLLECTING,0,,0,,,,,8,56,126,30,60,0.999850488823204,0.17320508075688776
2026-08-31T22:18:11.381,125930625,P037,rhythm_normal,NORMAL,,,,1345,5482527,110258,115206,110045.45,114901.99,212.55,304.01,-2.09,493.96,False,False,nan,True,0.9709,77.8,97.99,True,0,COLLECTING,0,,0,,,,,8,56,126,30,60,0.999850488823204,0.17320508075688776
2026-08-31T22:18:11.508,125930765,P037,rhythm_normal,NORMAL,,,,1346,5482567,110338,115365,110051.3,114911.25,286.7,453.75,111.87,486.31,False,False,nan,True,0.9709,77.8,97.99,True,0,COLLECTING,0,,0,,,,,8,56,126,30,60,0.999850488823204,0.17320508075688776
2026-08-31T22:18:11.519,125930765,P037,rhythm_normal,NORMAL,,,,1347,5482607,110380,115467,110057.88,114922.37,322.12,544.63,220.06,480.99,False,False,nan,True,0.9709,77.8,97.99,True,0,COLLECTING,0,,0,,,,,8,56,126,30,60,0.999850488823204,0.17320508075688776
2026-08-31T22:18:11.529,125930781,P037,rhythm_normal,NORMAL,,,,1348,5482647,110227,115142,110061.26,114926.76,165.74,215.24,218.86,475.75,True,False,nan,True,0.9709,77.8,97.99,True,0,COLLECTING,0,,0,,,,,8,56,126,30,60,0.999850488823204,0.17320508075688776
2026-08-31T22:18:11.539,125930796,P037,rhythm_normal,NORMAL,,,,1349,5482687,109886,114428,110057.75,114916.78,-171.75,-488.78,41.95,467.07,False,False,nan,True,0.9709,77.8,97.99,True,0,COLLECTING,0,,0,,,,,8,56,126,30,60,0.999850488823204,0.17320508075688776
2026-08-31T22:18:11.581,125930828,P037,rhythm_normal,NORMAL,,,,1350,5482727,109785,114208,110052.3,114902.61,-267.3,-694.61,-142.19,460.57,False,False,nan,True,0.9709,77.8,97.99,True,0,COLLECTING,0,,0,,,,,8,56,126,30,60,0.999850488823204,0.17320508075688776
2026-08-31T22:18:11.707,125930953,P037,rhythm_normal,NORMAL,,,,1351,5482767,109859,114372,110048.43,114892.0,-189.43,-520.0,-236.64,456.09,False,False,nan,True,0.9709,77.8,97.99,True,0,COLLECTING,0,,0,,,,,8,56,126,30,60,0.999850488823204,0.17320508075688776
2026-08-31T22:18:11.720,125930968,P037,rhythm_normal,NORMAL,,,,1352,5482807,109981,114613,110047.08,114886.42,-66.08,-273.42,-245.84,451.89,False,False,nan,True,0.9709,77.8,97.99,True,0,COLLECTING,0,,0,,,,,8,56,126,30,60,0.999850488823204,0.17320508075688776
2026-08-31T22:18:11.729,125930984,P037,rhythm_normal,NORMAL,,,,1353,5482847,110067,114809,110047.48,114884.88,19.52,-75.88,-203.35,446.92,False,False,nan,True,0.9709,77.8,97.99,True,0,COLLECTING,0,,0,,,,,8,56,126,30,60,0.999850488823204,0.17320508075688776
2026-08-31T22:18:11.738,125930984,P037,rhythm_normal,NORMAL,,,,1354,5482887,110114,114903,110048.8,114885.23,65.2,17.77,-148.07,440.94,False,False,nan,True,0.9709,77.8,97.99,True,0,COLLECTING,0,,0,,,,,8,56,126,30,60,0.999850488823204,0.17320508075688776
2026-08-31T22:18:11.781,125931031,P037,rhythm_normal,NORMAL,,,,1355,5482927,110039,114729,110048.61,114882.11,-9.61,-153.11,-149.33,435.11,False,False,nan,True,0.9709,77.8,97.99,True,0,COLLECTING,0,,0,,,,,8,56,126,30,60,0.999850488823204,0.17320508075688776
2026-08-31T22:18:11.907,125931156,P037,rhythm_normal,NORMAL,,,,1356,5482967,110003,114634,110047.7,114877.15,-44.7,-243.15,-172.78,429.86,False,False,nan,True,0.9709,77.8,97.99,True,0,COLLECTING,0,,0,,,,,8,56,126,30,60,0.999850488823204,0.17320508075688776
2026-08-31T22:18:11.922,125931171,P037,rhythm_normal,NORMAL,,,,1357,5483007,110038,114713,110047.5,114873.87,-9.5,-160.87,-169.8,424.66,False,False,nan,True,0.9709,77.8,97.99,True,0,COLLECTING,0,,0,,,,,8,56,126,30,60,0.999850488823204,0.17320508075688776
2026-08-31T22:18:11.931,125931187,P037,rhythm_normal,NORMAL,,,,1358,5483047,110133,114904,110049.21,114874.47,83.79,29.53,-119.97,418.57,False,False,nan,True,0.9709,77.8,97.99,True,0,COLLECTING,0,,0,,,,,8,56,126,30,60,0.999850488823204,0.17320508075688776
2026-08-31T22:18:11.938,125931187,P037,rhythm_normal,NORMAL,,,,1359,5483087,110228,115088,110052.79,114878.74,175.21,209.26,-37.66,410.95,False,False,nan,True,0.9709,77.8,97.99,True,0,COLLECTING,0,,0,,,,,8,56,126,30,60,0.999850488823204,0.17320508075688776
2026-08-31T22:18:11.981,125931234,P037,rhythm_normal,NORMAL,,,,1360,5483127,110272,115178,110057.17,114884.73,214.83,293.27,45.07,403.63,False,False,nan,True,0.9709,77.8,97.99,True,0,COLLECTING,0,,0,,,,,8,56,126,30,60,0.999850488823204,0.17320508075688776
2026-08-31T22:18:12.108,125931359,P037,rhythm_normal,NORMAL,,,,1361,5483167,110323,115275,110062.49,114892.53,260.51,382.47,129.42,398.15,False,False,nan,True,0.9709,77.8,97.99,True,0,COLLECTING,0,,0,,,,,7,56,126,30,60,1.0002499687578101,0.17320508075688776
2026-08-31T22:18:12.121,125931375,P037,rhythm_normal,NORMAL,,,,1362,5483207,110364,115362,110068.52,114901.92,295.48,460.08,212.08,394.43,False,False,nan,True,0.9709,77.8,97.99,True,0,COLLECTING,0,,0,,,,,7,56,126,30,60,1.0002499687578101,0.17320508075688776
2026-08-31T22:18:12.130,125931375,P037,rhythm_normal,NORMAL,,,,1363,5483247,110401,115438,110075.17,114912.64,325.83,525.36,290.4,392.35,False,False,nan,True,0.9709,77.8,97.99,True,0,COLLECTING,0,,0,,,,,7,56,126,30,60,1.0002499687578101,0.17320508075688776
2026-08-31T22:18:12.138,125931390,P037,rhythm_normal,NORMAL,,,,1364,5483287,110443,115508,110082.53,114924.55,360.47,583.45,363.67,391.77,False,False,nan,True,0.9709,77.8,97.99,True,0,COLLECTING,0,,0,,,,,7,56,126,30,60,1.0002499687578101,0.17320508075688776
2026-08-31T22:18:12.182,125931437,P037,rhythm_normal,NORMAL,,,,1365,5483327,110505,115647,110090.98,114938.99,414.02,708.01,449.75,392.93,False,False,nan,True,0.9709,77.8,97.99,True,0,COLLECTING,0,,0,,,,,7,56,126,30,60,1.0002499687578101,0.17320508075688776
2026-08-31T22:18:12.307,125931562,P037,rhythm_normal,NORMAL,,,,1366,5483367,110469,115561,110098.55,114951.43,370.45,609.57,489.71,394.87,False,False,nan,True,0.9709,77.8,97.99,True,0,COLLECTING,0,,0,,,,,7,56,126,30,60,0.999850488823204,0.17320508075688776
2026-08-31T22:18:12.318,125931562,P037,rhythm_normal,NORMAL,,,,1367,5483407,110104,114798,110098.66,114948.36,5.34,-150.36,329.69,393.56,True,True,760.0,True,0.9732,78.3,97.99,True,0,COLLECTING,0,,0,,,,,7,56,126,30,60,0.999850488823204,0.17320508075688776
2026-08-31T22:18:12.329,125931578,P037,rhythm_normal,NORMAL,,,,1368,5483447,109901,114350,110094.7,114936.39,-193.7,-586.39,100.67,387.71,False,False,nan,True,0.9732,78.3,97.99,True,0,COLLECTING,0,,0,,,,,7,56,126,30,60,0.999850488823204,0.17320508075688776
2026-08-31T22:18:12.340,125931593,P037,rhythm_normal,NORMAL,,,,1369,5483487,109895,114329,110090.71,114924.24,-195.71,-595.24,-73.31,381.42,False,False,nan,True,0.9732,78.3,97.99,True,0,COLLECTING,0,,0,,,,,7,56,126,30,60,0.999850488823204,0.17320508075688776
2026-08-31T22:18:12.382,125931625,P037,rhythm_normal,NORMAL,,,,1370,5483527,109969,114478,110088.27,114915.32,-119.27,-437.32,-164.31,377.08,False,False,nan,True,0.9732,78.3,97.99,True,0,COLLECTING,0,,0,,,,,7,56,126,30,60,0.999850488823204,0.17320508075688776
2026-08-31T22:18:12.508,125931765,P037,rhythm_normal,NORMAL,,,,1371,5483567,110047,114651,110087.45,114910.03,-40.45,-259.03,-187.99,373.29,False,False,nan,True,0.9732,78.3,97.99,True,0,COLLECTING,0,,0,,,,,8,56,126,30,60,0.999850488823204,0.17320508075688776
2026-08-31T22:18:12.519,125931765,P037,rhythm_normal,NORMAL,,,,1372,5483607,110097,114751,110087.63,114906.85,9.37,-155.85,-179.96,369.43,False,False,nan,True,0.9732,78.3,97.99,True,0,COLLECTING,0,,0,,,,,8,56,126,30,60,0.999850488823204,0.17320508075688776
2026-08-31T22:18:12.530,125931781,P037,rhythm_normal,NORMAL,,,,1373,5483647,110031,114603,110086.5,114900.77,-55.5,-297.77,-209.41,366.23,False,False,nan,True,0.9732,78.3,97.99,True,0,COLLECTING,0,,0,,,,,8,56,126,30,60,0.999850488823204,0.17320508075688776
2026-08-31T22:18:12.540,125931796,P037,rhythm_normal,NORMAL,,,,1374,5483687,109968,114471,110084.13,114892.18,-116.13,-421.18,-262.35,364.15,False,False,nan,True,0.9732,78.3,97.99,True,0,COLLECTING,0,,0,,,,,8,56,126,30,60,0.999850488823204,0.17320508075688776
2026-08-31T22:18:12.581,125931828,P037,rhythm_normal,NORMAL,,,,1375,5483727,109999,114506,110082.43,114884.45,-83.43,-378.45,-291.38,362.69,False,False,nan,True,0.9732,78.3,97.99,True,0,COLLECTING,0,,0,,,,,8,56,126,30,60,0.999850488823204,0.17320508075688776
2026-08-31T22:18:12.710,125931968,P037,rhythm_normal,NORMAL,,,,1376,5483767,110063,114651,110082.04,114879.78,-19.04,-228.78,-275.73,360.96,False,False,nan,True,0.9732,78.3,97.99,True,0,COLLECTING,0,,0,,,,,8,56,126,30,60,0.999850488823204,0.17320508075688776
2026-08-31T22:18:12.717,125931968,P037,rhythm_normal,NORMAL,,,,1377,5483807,110141,114802,110083.22,114878.23,57.78,-76.23,-225.85,358.25,False,False,nan,True,0.9732,78.3,97.99,True,0,COLLECTING,0,,0,,,,,8,56,126,30,60,0.999850488823204,0.17320508075688776
2026-08-31T22:18:12.730,125931984,P037,rhythm_normal,NORMAL,,,,1378,5483847,110211,114947,110085.77,114879.6,125.23,67.4,-152.54,354.14,False,False,nan,True,0.9732,78.3,97.99,True,0,COLLECTING,0,,0,,,,,8,56,126,30,60,0.999850488823204,0.17320508075688776
2026-08-31T22:18:12.738,125931984,P037,rhythm_normal,NORMAL,,,,1379,5483887,110255,115030,110089.16,114882.61,165.84,147.39,-77.56,348.61,False,False,nan,True,0.9732,78.3,97.99,True,0,COLLECTING,0,,0,,,,,8,56,126,30,60,0.999850488823204,0.17320508075688776
2026-08-31T22:18:12.781,125932031,P037,rhythm_normal,NORMAL,,,,1380,5483927,110275,115083,110092.88,114886.62,182.12,196.38,-9.07,341.82,False,False,nan,True,0.9732,78.3,97.99,True,0,COLLECTING,0,,0,,,,,8,56,126,30,60,0.999850488823204,0.17320508075688776
2026-08-31T22:18:12.907,125932156,P037,rhythm_normal,NORMAL,,,,1381,5483967,110320,115158,110097.41,114892.05,222.59,265.95,59.68,336.17,False,False,nan,True,0.9732,78.3,97.99,True,0,COLLECTING,0,,0,,,,,7,56,126,30,60,0.999850488823204,0.17320508075688776
2026-08-31T22:18:12.919,125932171,P037,rhythm_normal,NORMAL,,,,1382,5484007,110365,115275,110102.77,114899.7,262.23,375.3,138.59,332.22,False,False,nan,True,0.9732,78.3,97.99,True,0,COLLECTING,0,,0,,,,,7,56,126,30,60,0.999850488823204,0.17320508075688776
2026-08-31T22:18:12.927,125932171,P037,rhythm_normal,NORMAL,,,,1383,5484047,110413,115356,110108.97,114908.83,304.03,447.17,215.73,329.89,False,False,nan,True,0.9732,78.3,97.99,True,0,COLLECTING,0,,0,,,,,7,56,126,30,60,0.999850488823204,0.17320508075688776
2026-08-31T22:18:12.937,125932187,P037,rhythm_normal,NORMAL,,,,1384,5484087,110398,115351,110114.75,114917.67,283.25,433.33,270.13,328.7,False,False,nan,True,0.9732,78.3,97.99,True,0,COLLECTING,0,,0,,,,,7,56,126,30,60,0.999850488823204,0.17320508075688776
2026-08-31T22:18:12.981,125932234,P037,rhythm_normal,NORMAL,,,,1385,5484127,110116,114741,110114.77,114914.14,1.23,-173.14,159.31,325.31,True,True,720.0,True,0.9679,78.82,97.99,True,0,COLLECTING,0,,0,,,,,7,56,126,30,60,0.999850488823204,0.17320508075688776
2026-08-31T22:18:13.108,125932359,P037,rhythm_normal,NORMAL,,,,1386,5484167,109853,114167,110109.54,114899.2,-256.54,-732.2,-63.56,320.07,False,False,nan,True,0.9679,78.82,97.99,True,0,COLLECTING,0,,0,,,,,8,56,126,30,60,0.9989604596779594,0.17320508075688776
2026-08-31T22:18:13.119,125932375,P037,rhythm_normal,NORMAL,,,,1387,5484207,109791,114058,110103.17,114882.38,-312.17,-824.38,-253.77,318.75,False,False,nan,True,0.9679,78.82,97.99,True,0,COLLECTING,0,,0,,,,,8,56,126,30,60,0.9989604596779594,0.17320508075688776
2026-08-31T22:18:13.131,125932375,P037,rhythm_normal,NORMAL,,,,1388,5484247,109874,114225,110098.59,114869.23,-224.59,-644.23,-351.38,319.4,False,False,nan,True,0.9679,78.82,97.99,True,0,COLLECTING,0,,0,,,,,8,56,126,30,60,0.9989604596779594,0.17320508075688776
2026-08-31T22:18:13.141,125932390,P037,rhythm_normal,NORMAL,,,,1389,5484287,109907,114319,110094.76,114858.22,-187.76,-539.22,-398.34,320.98,False,False,nan,True,0.9679,78.82,97.99,True,0,COLLECTING,0,,0,,,,,8,56,126,30,60,0.9989604596779594,0.17320508075688776
2026-08-31T22:18:13.182,125932437,P037,rhythm_normal,NORMAL,,,,1390,5484327,109965,114447,110092.16,114849.99,-127.16,-402.99,-399.5,322.55,False,False,nan,True,0.9679,78.82,97.99,True,0,COLLECTING,0,,0,,,,,8,56,126,30,60,0.9989604596779594,0.17320508075688776
2026-08-31T22:18:13.307,125932562,P037,rhythm_normal,NORMAL,,,,1391,5484367,109960,114425,110089.52,114841.49,-129.52,-416.49,-403.75,324.17,False,False,nan,True,0.9679,78.82,97.99,True,0,COLLECTING,0,,0,,,,,8,56,126,30,60,0.9996309318943668,0.17320508075688776
2026-08-31T22:18:13.320,125932578,P037,rhythm_normal,NORMAL,,,,1392,5484407,109902,114291,110085.77,114830.48,-183.77,-539.48,-437.68,326.44,False,False,nan,True,0.9679,78.82,97.99,True,0,COLLECTING,0,,0,,,,,8,56,126,30,60,0.9996309318943668,0.17320508075688776
2026-08-31T22:18:13.329,125932578,P037,rhythm_normal,NORMAL,,,,1393,5484447,109895,114285,110081.96,114819.58,-186.96,-534.58,-461.91,329.15,False,False,nan,True,0.9679,78.82,97.99,True,0,COLLECTING,0,,0,,,,,8,56,126,30,60,0.9996309318943668,0.17320508075688776
2026-08-31T22:18:13.339,125932593,P037,rhythm_normal,NORMAL,,,,1394,5484487,109967,114421,110079.66,114811.61,-112.66,-390.61,-444.08,331.45,False,False,nan,True,0.9679,78.82,97.99,True,0,COLLECTING,0,,0,,,,,8,56,126,30,60,0.9996309318943668,0.17320508075688776
2026-08-31T22:18:13.382,125932625,P037,rhythm_normal,NORMAL,,,,1395,5484527,110044,114575,110078.95,114806.88,-34.95,-231.88,-391.03,332.64,False,False,nan,True,0.9679,78.82,97.99,True,0,COLLECTING,0,,0,,,,,8,56,126,30,60,0.9996309318943668,0.17320508075688776
2026-08-31T22:18:13.508,125932765,P037,rhythm_normal,NORMAL,,,,1396,5484567,110115,114728,110079.67,114805.3,35.33,-77.3,-312.6,332.24,False,False,nan,True,0.9679,78.82,97.99,True,0,COLLECTING,0,,0,,,,,8,56,126,30,60,0.999850488823204,0.17320508075688776
2026-08-31T22:18:13.519,125932765,P037,rhythm_normal,NORMAL,,,,1397,5484607,110165,114833,110081.38,114805.85,83.62,27.15,-227.66,330.15,False,False,nan,True,0.9679,78.82,97.99,True,0,COLLECTING,0,,0,,,,,8,56,126,30,60,0.999850488823204,0.17320508075688776
2026-08-31T22:18:13.528,125932781,P037,rhythm_normal,NORMAL,,,,1398,5484647,110194,114906,110083.62,114807.85,110.38,98.15,-146.21,326.47,False,False,nan,True,0.9679,78.82,97.99,True,0,COLLECTING,0,,0,,,,,8,56,126,30,60,0.999850488823204,0.17320508075688776
2026-08-31T22:18:13.539,125932796,P037,rhythm_normal,NORMAL,,,,1399,5484687,110233,114974,110086.61,114811.17,146.39,162.83,-68.95,321.32,False,False,nan,True,0.9679,78.82,97.99,True,0,COLLECTING,0,,0,,,,,8,56,126,30,60,0.999850488823204,0.17320508075688776
2026-08-31T22:18:13.581,125932828,P037,rhythm_normal,NORMAL,,,,1400,5484727,110269,115055,110090.26,114816.05,178.74,238.95,8.03,315.06,False,False,nan,True,0.9679,78.82,97.99,True,0,COLLECTING,0,,0,,,,,8,56,126,30,60,0.999850488823204,0.17320508075688776
2026-08-31T22:18:13.710,125932968,P037,rhythm_normal,NORMAL,,,,1401,5484767,110322,115168,110094.89,114823.09,227.11,344.91,92.25,310.6,False,False,nan,True,0.9679,78.82,97.99,True,0,COLLECTING,0,,0,,,,,7,56,126,30,60,0.999850488823204,0.17320508075688776
2026-08-31T22:18:13.719,125932968,P037,rhythm_normal,NORMAL,,,,1402,5484807,110368,115267,110100.35,114831.96,267.65,435.04,177.95,307.95,False,False,nan,True,0.9679,78.82,97.99,True,0,COLLECTING,0,,0,,,,,7,56,126,30,60,0.999850488823204,0.17320508075688776
2026-08-31T22:18:13.728,125932984,P037,rhythm_normal,NORMAL,,,,1403,5484847,110361,115266,110105.56,114840.64,255.44,425.36,239.8,306.58,False,False,nan,True,0.9679,78.82,97.99,True,0,COLLECTING,0,,0,,,,,7,56,126,30,60,0.999850488823204,0.17320508075688776
2026-08-31T22:18:13.738,125932984,P037,rhythm_normal,NORMAL,,,,1404,5484887,110069,114639,110104.83,114836.61,-35.83,-197.61,130.45,303.06,True,True,760.0,True,0.9732,78.3,97.99,True,0,COLLECTING,0,,0,,,,,7,56,126,30,60,0.999850488823204,0.17320508075688776
2026-08-31T22:18:13.781,125933031,P037,rhythm_normal,NORMAL,,,,1405,5484927,109806,114077,110098.85,114821.41,-292.85,-744.41,-88.27,298.77,False,False,nan,True,0.9732,78.3,97.99,True,0,COLLECTING,0,,0,,,,,7,56,126,30,60,0.999850488823204,0.17320508075688776
2026-08-31T22:18:13.907,125933156,P037,rhythm_normal,NORMAL,,,,1406,5484967,109751,113966,110091.9,114804.3,-340.9,-838.3,-275.78,298.31,False,False,nan,True,0.9732,78.3,97.99,True,0,COLLECTING,0,,0,,,,,8,56,126,30,60,0.999850488823204,0.17320508075688776
2026-08-31T22:18:13.919,125933171,P037,rhythm_normal,NORMAL,,,,1407,5485007,109823,114113,110086.52,114790.48,-263.52,-677.48,-376.2,299.86,False,False,nan,True,0.9732,78.3,97.99,True,0,COLLECTING,0,,0,,,,,8,56,126,30,60,0.999850488823204,0.17320508075688776
2026-08-31T22:18:13.930,125933187,P037,rhythm_normal,NORMAL,,,,1408,5485047,109875,114229,110082.3,114779.25,-207.3,-550.25,-419.71,302.26,False,False,nan,True,0.9732,78.3,97.99,True,0,COLLECTING,0,,0,,,,,8,56,126,30,60,0.999850488823204,0.17320508075688776
2026-08-31T22:18:13.939,125933187,P037,rhythm_normal,NORMAL,,,,1409,5485087,109928,114358,110079.21,114770.83,-151.21,-412.83,-417.99,304.58,False,False,nan,True,0.9732,78.3,97.99,True,0,COLLECTING,0,,0,,,,,8,56,126,30,60,0.999850488823204,0.17320508075688776
2026-08-31T22:18:13.982,125933234,P037,rhythm_normal,NORMAL,,,,1410,5485127,109929,114317,110076.2,114761.75,-147.2,-444.75,-424.68,306.98,False,False,nan,True,0.9732,78.3,97.99,True,0,COLLECTING,0,,0,,,,,8,56,126,30,60,0.999850488823204,0.17320508075688776
2026-08-31T22:18:14.108,125933359,P037,rhythm_normal,NORMAL,,,,1411,5485167,109876,114210,110072.2,114750.72,-196.2,-540.72,-453.69,309.91,False,False,nan,True,0.9732,78.3,97.99,True,0,COLLECTING,0,,0,,,,,8,56,126,30,60,0.999850488823204,0.17320508075688776
2026-08-31T22:18:14.119,125933375,P037,rhythm_normal,NORMAL,,,,1412,5485207,109885,114239,110068.45,114740.48,-183.45,-501.48,-465.64,313.03,False,False,nan,True,0.9732,78.3,97.99,True,0,COLLECTING,0,,0,,,,,8,56,126,30,60,0.999850488823204,0.17320508075688776
2026-08-31T22:18:14.130,125933375,P037,rhythm_normal,NORMAL,,,,1413,5485247,109972,114406,110066.52,114733.8,-94.52,-327.8,-431.18,315.39,False,False,nan,True,0.9732,78.3,97.99,True,0,COLLECTING,0,,0,,,,,8,56,126,30,60,0.999850488823204,0.17320508075688776
2026-08-31T22:18:14.140,125933390,P037,rhythm_normal,NORMAL,,,,1414,5485287,110054,114594,110066.27,114731.0,-12.27,-137.0,-357.63,316.23,False,False,nan,True,0.9732,78.3,97.99,True,0,COLLECTING,0,,0,,,,,8,56,126,30,60,0.999850488823204,0.17320508075688776
2026-08-31T22:18:14.182,125933437,P037,rhythm_normal,NORMAL,,,,1415,5485327,110117,114722,110067.29,114730.82,49.71,-8.82,-270.43,315.32,False,False,nan,True,0.9732,78.3,97.99,True,0,COLLECTING,0,,0,,,,,8,56,126,30,60,0.999850488823204,0.17320508075688776
2026-08-31T22:18:14.308,125933562,P037,rhythm_normal,NORMAL,,,,1416,5485367,110171,114829,110069.36,114732.78,101.64,96.22,-178.77,312.59,False,False,nan,True,0.9732,78.3,97.99,True,0,COLLECTING,0,,0,,,,,8,56,126,30,60,0.9989604596779594,0.17320508075688776
2026-08-31T22:18:14.319,125933562,P037,rhythm_normal,NORMAL,,,,1417,5485407,110218,114942,110072.34,114736.97,145.66,205.03,-82.82,307.99,False,False,nan,True,0.9732,78.3,97.99,True,0,COLLECTING,0,,0,,,,,8,56,126,30,60,0.9989604596779594,0.17320508075688776
2026-08-31T22:18:14.326,125933578,P037,rhythm_normal,NORMAL,,,,1418,5485447,110259,115019,110076.07,114742.61,182.93,276.39,6.98,301.97,False,False,nan,True,0.9732,78.3,97.99,True,0,COLLECTING,0,,0,,,,,8,56,126,30,60,0.9989604596779594,0.17320508075688776
2026-08-31T22:18:14.338,125933593,P037,rhythm_normal,NORMAL,,,,1419,5485487,110289,115067,110080.33,114749.09,208.67,317.91,84.71,297.63,False,False,nan,True,0.9732,78.3,97.99,True,0,COLLECTING,0,,0,,,,,8,56,126,30,60,0.9989604596779594,0.17320508075688776
2026-08-31T22:18:14.381,125933625,P037,rhythm_normal,NORMAL,,,,1420,5485527,110332,115153,110085.36,114757.17,246.64,395.83,162.49,294.92,False,False,nan,True,0.9732,78.3,97.99,True,0,COLLECTING,0,,0,,,,,8,56,126,30,60,0.9989604596779594,0.17320508075688776
2026-08-31T22:18:14.508,125933765,P037,rhythm_normal,NORMAL,,,,1421,5485567,110394,115291,110091.53,114767.85,302.47,523.15,252.66,294.08,False,False,nan,True,0.9732,78.3,97.99,True,0,COLLECTING,0,,0,,,,,7,56,126,30,60,0.9989604596779594,0.17320508075688776
2026-08-31T22:18:14.520,125933765,P037,rhythm_normal,NORMAL,,,,1422,5485607,110433,115371,110098.36,114779.91,334.64,591.09,337.26,294.94,False,False,nan,True,0.9732,78.3,97.99,True,0,COLLECTING,0,,0,,,,,7,56,126,30,60,0.9989604596779594,0.17320508075688776
2026-08-31T22:18:14.530,125933781,P037,rhythm_normal,NORMAL,,,,1423,5485647,110278,115046,110101.95,114785.23,176.05,260.77,318.14,295.41,True,True,760.0,True,0.9732,78.3,97.99,True,0,COLLECTING,0,,0,,,,,7,56,126,30,60,0.9989604596779594,0.17320508075688776
2026-08-31T22:18:14.538,125933796,P037,rhythm_normal,NORMAL,,,,1424,5485687,109952,114336,110098.95,114776.25,-146.95,-440.25,128.54,292.07,False,False,nan,True,0.9732,78.3,97.99,True,0,COLLECTING,0,,0,,,,,7,56,126,30,60,0.9989604596779594,0.17320508075688776
2026-08-31T22:18:14.581,125933828,P037,rhythm_normal,NORMAL,,,,1425,5485727,109808,114031,110093.13,114761.34,-285.13,-730.34,-86.18,287.95,False,False,nan,True,0.9732,78.3,97.99,True,0,COLLECTING,0,,0,,,,,7,56,126,30,60,0.9989604596779594,0.17320508075688776
2026-08-31T22:18:14.707,125933953,P037,rhythm_normal,NORMAL,,,,1426,5485767,109860,114104,110088.47,114748.2,-228.47,-644.2,-225.68,286.71,False,False,nan,True,0.9732,78.3,97.99,True,0,COLLECTING,0,,0,,,,,8,56,126,30,60,0.999850488823204,0.17320508075688776
2026-08-31T22:18:14.719,125933968,P037,rhythm_normal,NORMAL,,,,1427,5485807,109926,114240,110085.22,114738.03,-159.22,-498.03,-293.77,286.85,False,False,nan,True,0.9732,78.3,97.99,True,0,COLLECTING,0,,0,,,,,8,56,126,30,60,0.999850488823204,0.17320508075688776
2026-08-31T22:18:14.729,125933984,P037,rhythm_normal,NORMAL,,,,1428,5485847,109987,114359,110083.26,114730.45,-96.26,-371.45,-313.19,287.37,False,False,nan,True,0.9732,78.3,97.99,True,0,COLLECTING,0,,0,,,,,8,56,126,30,60,0.999850488823204,0.17320508075688776
2026-08-31T22:18:14.740,125933984,P037,rhythm_normal,NORMAL,,,,1429,5485887,110020,114430,110081.99,114724.45,-61.99,-294.45,-308.5,287.8,False,False,nan,True,0.9732,78.3,97.99,True,0,COLLECTING,0,,0,,,,,8,56,126,30,60,0.999850488823204,0.17320508075688776
2026-08-31T22:18:14.782,125934031,P037,rhythm_normal,NORMAL,,,,1430,5485927,109985,114351,110080.05,114716.98,-95.05,-365.98,-322.87,288.5,False,False,nan,True,0.9732,78.3,97.99,True,0,COLLECTING,0,,0,,,,,8,56,126,30,60,0.999850488823204,0.17320508075688776
2026-08-31T22:18:14.907,125934156,P037,rhythm_normal,NORMAL,,,,1431,5485967,109977,114322,110077.99,114709.08,-100.99,-387.08,-338.92,289.51,False,False,nan,True,0.9732,78.3,97.99,True,0,COLLECTING,0,,0,,,,,8,56,126,30,60,0.999850488823204,0.17320508075688776
2026-08-31T22:18:14.918,125934171,P037,rhythm_normal,NORMAL,,,,1432,5486007,110049,114520,110077.41,114705.3,-28.41,-185.3,-300.52,289.73,False,False,nan,True,0.9732,78.3,97.99,True,0,COLLECTING,0,,0,,,,,8,56,126,30,60,0.999850488823204,0.17320508075688776
2026-08-31T22:18:14.931,125934187,P037,rhythm_normal,NORMAL,,,,1433,5486047,110167,114814,110079.2,114707.47,87.8,106.53,-198.76,287.91,False,False,nan,True,0.9732,78.3,97.99,True,0,COLLECTING,0,,0,,,,,8,56,126,30,60,0.999850488823204,0.17320508075688776
2026-08-31T22:18:14.938,125934187,P037,rhythm_normal,NORMAL,,,,1434,5486087,110229,114982,110082.2,114712.96,146.8,269.04,-81.81,283.79,False,False,nan,True,0.9732,78.3,97.99,True,0,COLLECTING,0,,0,,,,,8,56,126,30,60,0.999850488823204,0.17320508075688776
2026-08-31T22:18:14.982,125934234,P037,rhythm_normal,NORMAL,,,,1435,5486127,110280,115078,110086.15,114720.26,193.85,357.74,28.08,278.67,False,False,nan,True,0.9732,78.3,97.99,True,0,COLLECTING,0,,0,,,,,8,56,126,30,60,0.999850488823204,0.17320508075688776
2026-08-31T22:18:15.109,125934359,P037,rhythm_normal,NORMAL,,,,1436,5486167,110343,115188,110091.29,114729.61,251.71,458.39,135.66,275.81,False,False,nan,True,0.9732,78.3,97.99,True,0,COLLECTING,0,,0,,,,,7,56,126,30,60,0.9989604596779594,0.24494897427831783
2026-08-31T22:18:15.120,125934375,P037,rhythm_normal,NORMAL,,,,1437,5486207,110397,115291,110097.41,114740.84,299.59,550.16,239.28,275.08,False,False,nan,True,0.9732,78.3,97.99,True,0,COLLECTING,0,,0,,,,,7,56,126,30,60,0.9989604596779594,0.24494897427831783
2026-08-31T22:18:15.129,125934375,P037,rhythm_normal,NORMAL,,,,1438,5486247,110442,115421,110104.3,114754.44,337.7,666.56,346.1,276.5,False,False,nan,True,0.9732,78.3,97.99,True,0,COLLECTING,0,,0,,,,,7,56,126,30,60,0.9989604596779594,0.24494897427831783
2026-08-31T22:18:15.138,125934390,P037,rhythm_normal,NORMAL,,,,1439,5486287,110544,115624,110113.09,114771.83,430.91,852.17,472.62,280.42,False,False,nan,True,0.9732,78.3,97.99,True,0,COLLECTING,0,,0,,,,,7,56,126,30,60,0.9989604596779594,0.24494897427831783
2026-08-31T22:18:15.181,125934437,P037,rhythm_normal,NORMAL,,,,1440,5486327,110662,115886,110124.07,114794.11,537.93,1091.89,627.44,287.36,False,False,nan,True,0.9732,78.3,97.99,True,0,COLLECTING,0,,0,,,,,7,56,126,30,60,0.9989604596779594,0.24494897427831783
2026-08-31T22:18:15.308,125934562,P037,rhythm_normal,NORMAL,,,,1441,5486367,110782,116136,110137.23,114820.95,644.77,1315.05,799.34,297.6,False,False,nan,True,0.9732,78.3,97.99,True,0,COLLECTING,0,,0,,,,,7,56,126,30,60,0.999850488823204,0.17320508075688776
2026-08-31T22:18:15.318,125934562,P037,rhythm_normal,NORMAL,,,,1442,5486407,110851,116244,110151.5,114849.41,699.5,1394.59,948.16,310.61,False,False,nan,True,0.9732,78.3,97.99,True,0,COLLECTING,0,,0,,,,,7,56,126,30,60,0.999850488823204,0.17320508075688776
2026-08-31T22:18:15.329,125934578,P037,rhythm_normal,NORMAL,,,,1443,5486457,110576,115679,110159.99,114866.0,416.01,813.0,914.37,322.69,True,True,800.0,True,0.9709,77.8,97.41,True,0,COLLECTING,0,,0,,,,,7,56,126,30,60,0.999850488823204,0.17320508075688776
2026-08-31T22:18:15.339,125934593,P037,rhythm_normal,NORMAL,,,,1444,5486487,110173,114823,110160.25,114865.14,12.75,-42.14,675.24,329.74,False,False,nan,True,0.9709,77.8,97.41,True,0,COLLECTING,0,,0,,,,,7,56,126,30,60,0.999850488823204,0.17320508075688776
2026-08-31T22:18:15.391,125934640,P037,rhythm_normal,NORMAL,,,,1445,5486537,110089,114600,110158.83,114859.84,-69.83,-259.84,441.47,331.97,False,False,nan,True,0.9709,77.8,97.41,True,0,COLLECTING,0,,0,,,,,7,56,126,30,60,0.999850488823204,0.17320508075688776
2026-08-31T22:18:15.509,125934765,P037,rhythm_normal,NORMAL,,,,1446,5486567,110205,114825,110159.75,114859.14,45.25,-34.14,322.57,331.79,False,False,nan,True,0.9709,77.8,97.41,True,0,COLLECTING,0,,0,,,,,8,56,126,30,60,0.999850488823204,0.17320508075688776
2026-08-31T22:18:15.520,125934765,P037,rhythm_normal,NORMAL,,,,1447,5486617,110311,115050,110162.77,114862.96,148.23,187.04,288.69,330.92,False,False,nan,True,0.9709,77.8,97.41,True,0,COLLECTING,0,,0,,,,,8,56,126,30,60,0.999850488823204,0.17320508075688776
2026-08-31T22:18:15.529,125934781,P037,rhythm_normal,NORMAL,,,,1448,5486657,110418,115211,110167.88,114869.92,250.12,341.08,301.78,330.34,False,False,nan,True,0.9709,77.8,97.41,True,0,COLLECTING,0,,0,,,,,8,56,126,30,60,0.999850488823204,0.17320508075688776
2026-08-31T22:18:15.553,125934796,P037,rhythm_normal,NORMAL,,,,1449,5486697,110450,115319,110173.52,114878.91,276.48,440.09,336.36,330.46,False,False,nan,True,0.9709,77.8,97.41,True,0,COLLECTING,0,,0,,,,,8,56,126,30,60,0.999850488823204,0.17320508075688776
2026-08-31T22:18:15.591,125934843,P037,rhythm_normal,NORMAL,,,,1450,5486737,110375,115132,110177.55,114883.97,197.45,248.03,314.28,330.14,True,False,nan,True,0.9709,77.8,97.41,True,0,COLLECTING,0,,0,,,,,8,56,126,30,60,0.999850488823204,0.17320508075688776
2026-08-31T22:18:15.715,125934968,P037,rhythm_normal,NORMAL,,,,1451,5486777,110335,115082,110180.7,114887.93,154.3,194.07,284.23,329.22,False,False,nan,True,0.9709,77.8,97.41,True,0,COLLECTING,0,,0,,,,,8,56,126,30,60,1.0002499687578101,0.17320508075688776
2026-08-31T22:18:15.725,125934968,P037,rhythm_normal,NORMAL,,,,1452,5486817,110391,115139,110184.9,114892.95,206.1,246.05,274.68,328.13,False,False,nan,True,0.9709,77.8,97.41,True,0,COLLECTING,0,,0,,,,,8,56,126,30,60,1.0002499687578101,0.17320508075688776
2026-08-31T22:18:15.732,125934984,P037,rhythm_normal,NORMAL,,,,1453,5486857,110493,115403,110191.06,114903.16,301.94,499.84,330.97,328.19,False,False,nan,True,0.9709,77.8,97.41,True,0,COLLECTING,0,,0,,,,,8,56,126,30,60,1.0002499687578101,0.17320508075688776
2026-08-31T22:18:15.752,125935000,P037,rhythm_normal,NORMAL,,,,1454,5486897,110603,115590,110199.3,114916.89,403.7,673.11,416.51,329.95,False,False,nan,True,0.9709,77.8,97.41,True,0,COLLECTING,0,,0,,,,,8,56,126,30,60,1.0002499687578101,0.17320508075688776
2026-08-31T22:18:15.792,125935046,P037,rhythm_normal,NORMAL,,,,1455,5486937,110669,115754,110208.7,114933.63,460.3,820.37,517.47,333.7,False,False,nan,True,0.9709,77.8,97.41,True,0,COLLECTING,0,,0,,,,,8,56,126,30,60,1.0002499687578101,0.17320508075688776
2026-08-31T22:18:15.909,125935156,P037,rhythm_normal,NORMAL,,,,1456,5486977,110698,115761,110218.48,114950.18,479.52,810.82,590.81,338.85,False,False,nan,True,0.9709,77.8,97.41,True,0,COLLECTING,0,,0,,,,,7,56,126,30,60,0.999850488823204,0.17320508075688776
2026-08-31T22:18:15.921,125935171,P037,rhythm_normal,NORMAL,,,,1457,5487017,110733,115886,110228.77,114968.9,504.23,917.1,672.38,345.52,False,False,nan,True,0.9709,77.8,97.41,True,0,COLLECTING,0,,0,,,,,7,56,126,30,60,0.999850488823204,0.17320508075688776
2026-08-31T22:18:15.931,125935187,P037,rhythm_normal,NORMAL,,,,1458,5487057,110775,115935,110239.7,114988.22,535.3,946.78,740.98,353.43,False,False,nan,True,0.9709,77.8,97.41,True,0,COLLECTING,0,,0,,,,,7,56,126,30,60,0.999850488823204,0.17320508075688776
2026-08-31T22:18:15.953,125935203,P037,rhythm_normal,NORMAL,,,,1459,5487097,110837,116120,110251.64,115010.85,585.36,1109.15,833.02,363.02,False,False,nan,True,0.9709,77.8,97.41,True,0,COLLECTING,0,,0,,,,,7,56,126,30,60,0.999850488823204,0.17320508075688776
2026-08-31T22:18:15.992,125935250,P037,rhythm_normal,NORMAL,,,,1460,5487137,110951,116280,110265.62,115036.23,685.38,1243.77,935.71,374.47,False,False,nan,True,0.9709,77.8,97.41,True,0,COLLECTING,0,,0,,,,,7,56,126,30,60,0.999850488823204,0.17320508075688776
2026-08-31T22:18:16.108,125935359,P037,rhythm_normal,NORMAL,,,,1461,5487177,110882,116136,110277.95,115058.23,604.05,1077.77,971.23,386.41,False,False,nan,True,0.9709,77.8,97.41,True,0,COLLECTING,0,,0,,,,,7,56,126,30,60,0.9989604596779594,0.17320508075688776
2026-08-31T22:18:16.120,125935375,P037,rhythm_normal,NORMAL,,,,1462,5487217,110504,115375,110282.48,115064.56,221.52,310.44,806.03,394.8,True,True,770.0,True,0.9734,78.18,97.41,True,0,COLLECTING,0,,0,,,,,7,56,126,30,60,0.9989604596779594,0.17320508075688776
2026-08-31T22:18:16.129,125935375,P037,rhythm_normal,NORMAL,,,,1463,5487257,110263,114937,110282.09,115062.01,-19.09,-125.01,573.27,398.37,False,False,nan,True,0.9734,78.18,97.41,True,0,COLLECTING,0,,0,,,,,7,56,126,30,60,0.9989604596779594,0.17320508075688776
2026-08-31T22:18:16.151,125935406,P037,rhythm_normal,NORMAL,,,,1464,5487297,110364,115003,110283.73,115060.83,80.27,-57.83,415.49,398.71,False,False,nan,True,0.9734,78.18,97.41,True,0,COLLECTING,0,,0,,,,,7,56,126,30,60,0.9989604596779594,0.17320508075688776
2026-08-31T22:18:16.193,125935437,P037,rhythm_normal,NORMAL,,,,1465,5487337,110398,115275,110286.02,115065.11,111.98,209.89,364.09,398.02,False,False,nan,True,0.9734,78.18,97.41,True,0,COLLECTING,0,,0,,,,,7,56,126,30,60,0.9989604596779594,0.17320508075688776
2026-08-31T22:18:16.308,125935562,P037,rhythm_normal,NORMAL,,,,1466,5487377,110610,115665,110292.49,115077.11,317.51,587.89,420.04,398.46,False,False,nan,True,0.9734,78.18,97.41,True,0,COLLECTING,0,,0,,,,,8,56,126,30,60,0.999850488823204,0.17320508075688776
2026-08-31T22:18:16.322,125935578,P037,rhythm_normal,NORMAL,,,,1467,5487417,110704,115895,110300.72,115093.47,403.28,801.53,515.42,400.8,False,False,nan,True,0.9734,78.18,97.41,True,0,COLLECTING,0,,0,,,,,8,56,126,30,60,0.999850488823204,0.17320508075688776
2026-08-31T22:18:16.333,125935578,P037,rhythm_normal,NORMAL,,,,1468,5487457,110684,115809,110308.38,115107.78,375.62,701.22,561.87,404.02,False,False,nan,True,0.9734,78.18,97.41,True,0,COLLECTING,0,,0,,,,,8,56,126,30,60,0.999850488823204,0.17320508075688776
2026-08-31T22:18:16.351,125935609,P037,rhythm_normal,NORMAL,,,,1469,5487497,110572,115692,110313.66,115119.47,258.34,572.53,564.53,407.23,False,False,nan,True,0.9734,78.18,97.41,True,0,COLLECTING,0,,0,,,,,8,56,126,30,60,0.999850488823204,0.17320508075688776
2026-08-31T22:18:16.394,125935640,P037,rhythm_normal,NORMAL,,,,1470,5487537,110688,115839,110321.14,115133.86,366.86,705.14,599.68,411.08,False,False,nan,True,0.9734,78.18,97.41,True,0,COLLECTING,0,,0,,,,,8,56,126,30,60,0.999850488823204,0.17320508075688776
