pc_time,pc_monotonic_ms,trial_id,label,expected_state,reference_hr_bpm,reference_spo2_pct,action_marker,seq,t_ms,red,ir,red_dc,ir_dc,red_ac,ir_ac,filtered_ir,envelope,peak_candidate,beat_accepted,ibi_ms,finger,sqi,hr_bpm,spo2_pct,valid,fifo_overflow,rhythm_state,rhythm_valid,rhythm_confidence,model_calibrated,rhythm_ibi_mean_ms,rhythm_sdnn_ms,rhythm_rmssd_ms,rhythm_pnn50,rhythm_beat_count,rhythm_inference_us,rhythm_inference_count,rhythm_model_bytes,rhythm_classifier_state_bytes,imu_accel_g,imu_gyro_dps
2026-08-31T21:58:23.491,124742734,P015,finger_still,VALID,,,,1,4294627,114302,115066,113476.81,114181.33,825.19,884.67,1047.94,3898.46,False,False,nan,True,0.7741,125.0,93.2,True,0,MOTION_ARTIFACT,0,,0,,,,,12,60,95,30,60,0.9994923711564786,0.5099019513592785
2026-08-31T21:58:23.531,124742781,P015,finger_still,VALID,,,,2,4294667,114266,114999,113492.59,114197.68,773.41,801.32,986.29,3840.21,False,False,nan,True,0.7741,125.0,93.2,True,0,MOTION_ARTIFACT,0,,0,,,,,12,60,95,30,60,0.9994923711564786,0.5099019513592785
2026-08-31T21:58:23.648,124742906,P015,finger_still,VALID,,,,3,4294707,114375,115229,113510.24,114218.3,864.76,1010.7,992.39,3783.26,False,False,nan,True,0.7741,125.0,93.2,True,0,MOTION_ARTIFACT,0,,0,,,,,12,60,95,30,60,0.9994923711564786,0.24494897427831783
2026-08-31T21:58:23.663,124742906,P015,finger_still,VALID,,,,4,4294747,114459,115415,113529.22,114242.24,929.78,1172.76,1037.48,3728.34,False,False,nan,True,0.7741,125.0,93.2,True,0,MOTION_ARTIFACT,0,,0,,,,,12,60,95,30,60,0.9994923711564786,0.24494897427831783
2026-08-31T21:58:23.669,124742921,P015,finger_still,VALID,,,,5,4294787,114480,115489,113548.23,114267.18,931.77,1221.82,1083.57,3675.45,False,False,nan,True,0.7741,125.0,93.2,True,0,MOTION_ARTIFACT,0,,0,,,,,12,60,95,30,60,0.9994923711564786,0.24494897427831783
2026-08-31T21:58:23.691,124742937,P015,finger_still,VALID,,,,6,4294827,114503,115554,113567.33,114292.91,935.67,1261.09,1127.95,3624.5,False,False,nan,True,0.7741,125.0,93.2,True,0,MOTION_ARTIFACT,0,,0,,,,,12,60,95,30,60,0.9994923711564786,0.24494897427831783
2026-08-31T21:58:23.732,124742984,P015,finger_still,VALID,,,,7,4294867,114510,115559,113586.18,114318.23,923.82,1240.77,1156.15,3575.13,False,False,nan,True,0.7741,125.0,93.2,True,0,MOTION_ARTIFACT,0,,0,,,,,12,60,95,30,60,0.9994923711564786,0.24494897427831783
2026-08-31T21:58:23.850,124743093,P015,finger_still,VALID,,,,8,4294907,114479,115509,113604.04,114342.05,874.96,1166.95,1158.85,3526.8,False,False,nan,True,0.7741,125.0,93.2,True,0,MOTION_ARTIFACT,0,,0,,,,,12,60,95,30,60,0.9994923711564786,0.24494897427831783
2026-08-31T21:58:23.859,124743109,P015,finger_still,VALID,,,,9,4294947,114426,115417,113620.48,114363.55,805.52,1053.45,1132.5,3478.92,False,False,nan,True,0.7741,125.0,93.2,True,0,MOTION_ARTIFACT,0,,0,,,,,12,60,95,30,60,0.9994923711564786,0.24494897427831783
2026-08-31T21:58:23.868,124743125,P015,finger_still,VALID,,,,10,4294987,114352,115259,113635.11,114381.45,716.89,877.55,1068.76,3430.71,False,False,nan,True,0.7741,125.0,93.2,True,0,MOTION_ARTIFACT,0,,0,,,,,12,60,95,30,60,0.9994923711564786,0.24494897427831783
2026-08-31T21:58:23.892,124743140,P015,finger_still,VALID,,,,11,4295027,114339,115234,113649.19,114398.51,689.81,835.49,1010.45,3382.31,False,False,nan,True,0.7741,125.0,93.2,True,0,MOTION_ARTIFACT,0,,0,,,,,12,60,95,30,60,0.9994923711564786,0.24494897427831783
2026-08-31T21:58:23.932,124743187,P015,finger_still,VALID,,,,12,4295067,114226,115004,113660.73,114410.62,565.27,593.38,906.18,3332.79,False,False,nan,True,0.7741,125.0,93.2,True,0,MOTION_ARTIFACT,0,,0,,,,,12,60,95,30,60,0.9994923711564786,0.24494897427831783
2026-08-31T21:58:24.048,124743296,P015,finger_still,VALID,,,,13,4295107,114124,114770,113669.99,114417.8,454.01,352.2,767.68,3281.48,False,False,nan,True,0.7741,125.0,93.2,True,0,MOTION_ARTIFACT,0,,0,,,,,11,60,95,30,60,0.9994923711564786,0.24494897427831783
2026-08-31T21:58:24.061,124743312,P015,finger_still,VALID,,,,14,4295147,114112,114761,113678.84,114424.67,433.16,336.33,659.84,3229.05,False,False,nan,True,0.7741,125.0,93.2,True,0,MOTION_ARTIFACT,0,,0,,,,,11,60,95,30,60,0.9994923711564786,0.24494897427831783
2026-08-31T21:58:24.069,124743328,P015,finger_still,VALID,,,ACTION_START,15,4295187,114104,114740,113687.34,114430.98,416.66,309.02,572.14,3175.91,False,False,nan,True,0.7741,125.0,93.2,True,0,MOTION_ARTIFACT,0,,0,,,,,11,60,95,30,60,0.9994923711564786,0.24494897427831783
2026-08-31T21:58:24.092,124743343,P015,finger_still,VALID,,,,16,4295227,114031,114595,113694.21,114434.26,336.79,160.74,469.29,3121.78,False,False,nan,True,0.7741,125.0,93.2,True,0,MOTION_ARTIFACT,0,,0,,,,,11,60,95,30,60,0.9994923711564786,0.24494897427831783
2026-08-31T21:58:24.132,124743390,P015,finger_still,VALID,,,,17,4295267,113887,114331,113698.07,114432.2,188.93,-101.2,326.67,3065.88,False,False,nan,True,0.7741,125.0,93.2,True,0,MOTION_ARTIFACT,0,,0,,,,,11,60,95,30,60,0.9994923711564786,0.24494897427831783
2026-08-31T21:58:24.250,124743500,P015,finger_still,VALID,,,,18,4295307,113835,114234,113700.81,114428.23,134.19,-194.23,196.44,3008.49,False,False,nan,True,0.7741,125.0,93.2,True,0,MOTION_ARTIFACT,0,,0,,,,,11,60,95,30,60,0.9997169599441634,0.9539392014169457
2026-08-31T21:58:24.259,124743515,P015,finger_still,VALID,,,,19,4295347,113792,114159,113702.63,114422.85,89.37,-263.85,81.37,2949.95,False,False,nan,True,0.7741,125.0,93.2,True,0,MOTION_ARTIFACT,0,,0,,,,,11,60,95,30,60,0.9997169599441634,0.9539392014169457
2026-08-31T21:58:24.269,124743515,P015,finger_still,VALID,,,,20,4295387,113771,114126,113704.0,114416.91,67.0,-290.91,-11.7,2891.18,False,False,nan,True,0.7741,125.0,93.2,True,0,MOTION_ARTIFACT,0,,0,,,,,11,60,95,30,60,0.9997169599441634,0.9539392014169457
2026-08-31T21:58:24.292,124743546,P015,finger_still,VALID,,,,21,4295427,113810,114237,113706.12,114413.31,103.88,-176.31,-52.85,2834.42,False,False,nan,True,0.7741,125.0,93.2,True,0,MOTION_ARTIFACT,0,,0,,,,,11,60,95,30,60,0.9997169599441634,0.9539392014169457
2026-08-31T21:58:24.332,124743578,P015,finger_still,VALID,,,,22,4295467,113912,114468,113710.23,114414.41,201.77,53.59,-26.24,2778.25,False,False,nan,True,0.7741,125.0,93.2,True,0,MOTION_ARTIFACT,0,,0,,,,,11,60,95,30,60,0.9997169599441634,0.9539392014169457
2026-08-31T21:58:24.453,124743703,P015,finger_still,VALID,,,,23,4295507,114094,114886,113717.91,114423.84,376.09,462.16,95.86,2724.6,False,False,nan,True,0.7741,125.0,93.2,True,0,MOTION_ARTIFACT,0,,0,,,,,11,60,95,30,60,0.9997169599441634,0.24494897427831783
2026-08-31T21:58:24.460,124743718,P015,finger_still,VALID,,,,24,4295547,114255,115215,113728.65,114439.66,526.35,775.34,265.73,2675.43,False,False,nan,True,0.7741,125.0,93.2,True,0,MOTION_ARTIFACT,0,,0,,,,,11,60,95,30,60,0.9997169599441634,0.24494897427831783
2026-08-31T21:58:24.469,124743718,P015,finger_still,VALID,,,,25,4295587,114286,115305,113739.8,114456.96,546.2,848.04,411.31,2630.14,False,False,nan,True,0.7741,125.0,93.2,True,0,MOTION_ARTIFACT,0,,0,,,,,11,60,95,30,60,0.9997169599441634,0.24494897427831783
2026-08-31T21:58:24.491,124743750,P015,finger_still,VALID,,,,26,4295627,114264,115263,113750.28,114473.08,513.72,789.92,505.96,2587.66,False,False,nan,True,0.7741,125.0,93.2,True,0,MOTION_ARTIFACT,0,,0,,,,,11,60,95,30,60,0.9997169599441634,0.24494897427831783
2026-08-31T21:58:24.531,124743781,P015,finger_still,VALID,,,,27,4295667,114188,115138,113759.04,114486.38,428.96,651.62,542.38,2546.76,False,False,nan,True,0.7741,125.0,93.2,True,0,MOTION_ARTIFACT,0,,0,,,,,11,60,95,30,60,0.9997169599441634,0.24494897427831783
2026-08-31T21:58:24.653,124743906,P015,finger_still,VALID,,,,28,4295707,113899,114586,113761.84,114488.37,137.16,97.63,431.19,2504.44,False,False,nan,True,0.7741,125.0,93.2,True,0,MOTION_ARTIFACT,0,,0,,,,,11,60,95,30,60,0.9997169599441634,0.24494897427831783
2026-08-31T21:58:24.659,124743906,P015,finger_still,VALID,,,,29,4295747,113743,114335,113761.46,114485.3,-18.46,-150.3,285.82,2460.07,False,False,nan,True,0.7741,125.0,93.2,True,0,MOTION_ARTIFACT,0,,0,,,,,11,60,95,30,60,0.9997169599441634,0.24494897427831783
2026-08-31T21:58:24.682,124743937,P015,finger_still,VALID,,,,30,4295787,113667,114173,113759.57,114479.05,-92.57,-306.05,137.85,2413.63,False,False,nan,True,0.7741,125.0,93.2,True,0,MOTION_ARTIFACT,0,,0,,,,,11,60,95,30,60,0.9997169599441634,0.24494897427831783
2026-08-31T21:58:24.692,124743937,P015,finger_still,VALID,,,,31,4295827,113623,114031,113756.84,114470.09,-133.84,-439.09,-6.39,2365.48,False,False,nan,True,0.7741,125.0,93.2,True,0,MOTION_ARTIFACT,0,,0,,,,,11,60,95,30,60,0.9997169599441634,0.24494897427831783
2026-08-31T21:58:24.731,124743984,P015,finger_still,VALID,,,,32,4295867,113700,114159,113755.7,114463.88,-55.7,-304.88,-81.01,2319.79,False,False,nan,True,0.7741,125.0,93.2,True,0,MOTION_ARTIFACT,0,,0,,,,,11,60,95,30,60,0.9997169599441634,0.24494897427831783
2026-08-31T21:58:24.849,124744093,P015,finger_still,VALID,,,,33,4295907,113786,114327,113756.31,114461.14,29.69,-134.14,-94.29,2275.28,False,False,nan,True,0.7741,125.0,93.2,True,0,MOTION_ARTIFACT,0,,0,,,,,10,60,95,30,60,0.9997169599441634,0.24494897427831783
2026-08-31T21:58:24.859,124744109,P015,finger_still,VALID,,,,34,4295947,113814,114404,113757.47,114460.0,56.53,-56.0,-84.72,2231.47,False,False,nan,True,0.7741,125.0,93.2,True,0,MOTION_ARTIFACT,0,,0,,,,,10,60,95,30,60,0.9997169599441634,0.24494897427831783
2026-08-31T21:58:24.868,124744125,P015,finger_still,VALID,,,,35,4295987,113797,114365,113758.26,114458.1,38.74,-93.1,-86.81,2188.58,False,False,nan,True,0.7741,125.0,93.2,True,0,MOTION_ARTIFACT,0,,0,,,,,10,60,95,30,60,0.9997169599441634,0.24494897427831783
2026-08-31T21:58:24.891,124744140,P015,finger_still,VALID,,,,36,4296027,113791,114370,113758.91,114456.34,32.09,-86.34,-86.69,2146.54,False,False,nan,True,0.7741,125.0,93.2,True,0,MOTION_ARTIFACT,0,,0,,,,,10,60,95,30,60,0.9997169599441634,0.24494897427831783
2026-08-31T21:58:24.931,124744187,P015,finger_still,VALID,,,,37,4296067,113828,114472,113760.3,114456.65,67.7,15.35,-61.18,2104.83,False,False,nan,True,0.7741,125.0,93.2,True,0,MOTION_ARTIFACT,0,,0,,,,,10,60,95,30,60,0.9997169599441634,0.24494897427831783
2026-08-31T21:58:25.048,124744296,P015,finger_still,VALID,,,,38,4296107,113888,114607,113762.85,114459.66,125.15,147.34,-9.05,2062.92,False,False,nan,True,0.7741,125.0,93.2,True,0,MOTION_ARTIFACT,0,,0,,,,,10,60,95,30,60,0.99994249834678,0.24494897427831783
2026-08-31T21:58:25.059,124744312,P015,finger_still,VALID,,,,39,4296147,113935,114722,113766.3,114464.91,168.7,257.09,57.48,2022.81,False,False,nan,True,0.7741,125.0,93.2,True,0,MOTION_ARTIFACT,0,,0,,,,,10,60,95,30,60,0.99994249834678,0.24494897427831783
2026-08-31T21:58:25.068,124744312,P015,finger_still,VALID,,,,40,4296187,113983,114801,113770.63,114471.62,212.37,329.38,125.46,1984.86,False,False,nan,True,0.7741,125.0,93.2,True,0,MOTION_ARTIFACT,0,,0,,,,,10,60,95,30,60,0.99994249834678,0.24494897427831783
2026-08-31T21:58:25.091,124744343,P015,finger_still,VALID,,,,41,4296227,113970,114782,113774.62,114477.84,195.38,304.16,170.13,1948.57,False,False,nan,True,0.7741,125.0,93.2,True,0,MOTION_ARTIFACT,0,,0,,,,,10,60,95,30,60,0.99994249834678,0.24494897427831783
2026-08-31T21:58:25.132,124744375,P015,finger_still,VALID,,,,42,4296267,113894,114635,113777.01,114480.98,116.99,154.02,166.11,1912.92,False,False,nan,True,0.7741,125.0,93.2,True,0,MOTION_ARTIFACT,0,,0,,,,,10,60,95,30,60,0.99994249834678,0.24494897427831783
2026-08-31T21:58:25.248,124744500,P015,finger_still,VALID,,,,43,4296307,113754,114397,113776.55,114479.3,-22.55,-82.3,104.01,1876.74,False,False,nan,True,0.7741,125.0,93.2,True,0,MOTION_ARTIFACT,0,,0,,,,,10,60,95,30,60,0.99994249834678,0.24494897427831783
2026-08-31T21:58:25.259,124744515,P015,finger_still,VALID,,,,44,4296347,113618,114126,113773.38,114472.23,-155.38,-346.23,-8.55,1839.38,False,False,nan,True,0.7741,125.0,96.85,True,0,MOTION_ARTIFACT,0,,0,,,,,10,60,95,30,60,0.99994249834678,0.24494897427831783
2026-08-31T21:58:25.267,124744515,P015,finger_still,VALID,,,,45,4296387,113563,114040,113769.16,114463.59,-206.16,-423.59,-112.31,1804.84,False,False,nan,True,0.7741,125.0,96.85,True,0,MOTION_ARTIFACT,0,,0,,,,,10,60,95,30,60,0.99994249834678,0.24494897427831783
2026-08-31T21:58:25.291,124744546,P015,finger_still,VALID,,,,46,4296427,113584,114129,113765.46,114456.89,-181.46,-327.89,-166.21,1772.06,False,False,nan,True,0.7741,125.0,96.85,True,0,MOTION_ARTIFACT,0,,0,,,,,10,60,95,30,60,0.99994249834678,0.24494897427831783
2026-08-31T21:58:25.330,124744578,P015,finger_still,VALID,,,,47,4296467,113673,114338,113763.61,114454.52,-90.61,-116.52,-153.78,1739.7,False,False,nan,True,0.7741,125.0,96.85,True,0,MOTION_ARTIFACT,0,,0,,,,,10,60,95,30,60,0.99994249834678,0.24494897427831783
2026-08-31T21:58:25.447,124744703,P015,finger_still,VALID,,,,48,4296507,113729,114425,113762.91,114453.92,-33.91,-28.92,-122.57,1707.35,False,False,nan,True,0.7741,125.0,96.85,True,0,MOTION_ARTIFACT,0,,0,,,,,10,60,95,30,60,0.99994249834678,0.24494897427831783
2026-08-31T21:58:25.459,124744703,P015,finger_still,VALID,,,,49,4296547,113687,114316,113761.4,114451.16,-74.4,-135.16,-125.72,1675.72,False,False,nan,True,0.7741,125.0,96.85,True,0,MOTION_ARTIFACT,0,,0,,,,,10,60,95,30,60,0.99994249834678,0.24494897427831783
2026-08-31T21:58:25.468,124744718,P015,finger_still,VALID,,,,50,4296587,113716,114341,113760.49,114448.96,-44.49,-107.96,-121.28,1644.63,False,False,nan,True,0.7741,125.0,96.85,True,0,MOTION_ARTIFACT,0,,0,,,,,10,60,95,30,60,0.99994249834678,0.24494897427831783
2026-08-31T21:58:25.491,124744734,P015,finger_still,VALID,,,,51,4296627,113742,114373,113760.12,114447.45,-18.12,-74.45,-109.57,1613.93,False,False,nan,True,0.7741,125.0,96.85,True,0,MOTION_ARTIFACT,0,,0,,,,,10,60,95,30,60,0.99994249834678,0.24494897427831783
2026-08-31T21:58:25.531,124744781,P015,finger_still,VALID,,,,52,4296667,113693,114284,113758.78,114444.18,-65.78,-160.18,-122.22,1584.1,False,False,nan,True,0.7741,125.0,96.85,True,0,MOTION_ARTIFACT,0,,0,,,,,10,60,95,30,60,0.99994249834678,0.24494897427831783
2026-08-31T21:58:25.648,124744906,P015,finger_still,VALID,,,,53,4296707,113649,114216,113756.59,114439.62,-107.59,-223.62,-147.57,1555.37,False,False,nan,True,0.7741,125.0,96.85,True,0,MOTION_ARTIFACT,0,,0,,,,,9,60,95,30,60,0.99994249834678,0.24494897427831783
2026-08-31T21:58:25.658,124744906,P015,finger_still,VALID,,,,54,4296747,113644,114228,113754.34,114435.38,-110.34,-207.38,-162.52,1527.51,False,False,nan,True,0.7741,125.0,96.85,True,0,MOTION_ARTIFACT,0,,0,,,,,9,60,95,30,60,0.99994249834678,0.24494897427831783
2026-08-31T21:58:25.669,124744921,P015,finger_still,VALID,,,,55,4296787,113633,114211,113751.91,114430.9,-118.91,-219.9,-176.87,1500.5,False,False,nan,True,0.7741,125.0,96.85,True,0,MOTION_ARTIFACT,0,,0,,,,,9,60,95,30,60,0.99994249834678,0.24494897427831783
2026-08-31T21:58:25.694,124744937,P015,finger_still,VALID,,,,56,4296827,113606,114182,113748.98,114425.92,-142.98,-243.92,-193.63,1474.36,False,False,nan,True,0.7741,125.0,96.85,True,0,MOTION_ARTIFACT,0,,0,,,,,9,60,95,30,60,0.99994249834678,0.24494897427831783
2026-08-31T21:58:25.731,124744984,P015,finger_still,VALID,,,,57,4296867,113590,114159,113745.8,114420.59,-155.8,-261.59,-210.62,1449.09,False,False,nan,True,0.7741,125.0,96.85,True,0,MOTION_ARTIFACT,0,,0,,,,,9,60,95,30,60,0.99994249834678,0.24494897427831783
2026-08-31T21:58:25.848,124745093,P015,finger_still,VALID,,,,58,4296907,113618,114236,113743.25,114416.89,-125.25,-180.89,-203.19,1424.17,False,False,nan,True,0.7741,125.0,96.85,True,0,MOTION_ARTIFACT,0,,0,,,,,9,60,95,30,60,0.99994249834678,0.24494897427831783
2026-08-31T21:58:25.859,124745109,P015,finger_still,VALID,,,,59,4296947,113674,114361,113741.87,114415.77,-67.87,-54.77,-166.08,1399.01,False,False,nan,True,0.7741,125.0,96.85,True,0,MOTION_ARTIFACT,0,,0,,,,,9,60,95,30,60,0.99994249834678,0.24494897427831783
2026-08-31T21:58:25.868,124745125,P015,finger_still,VALID,,,,60,4296987,113718,114492,113741.39,114417.3,-23.39,74.7,-105.89,1373.14,False,False,nan,True,0.7741,125.0,96.85,True,0,MOTION_ARTIFACT,0,,0,,,,,9,60,95,30,60,0.99994249834678,0.24494897427831783
2026-08-31T21:58:25.891,124745140,P015,finger_still,VALID,,,,61,4297027,113755,114573,113741.66,114420.41,13.34,152.59,-41.27,1346.51,False,False,nan,True,0.7741,125.0,96.85,True,0,MOTION_ARTIFACT,0,,0,,,,,9,60,95,30,60,0.99994249834678,0.24494897427831783
2026-08-31T21:58:25.932,124745187,P015,finger_still,VALID,,,,62,4297067,113790,114641,113742.63,114424.83,47.37,216.17,23.09,1320.04,False,False,nan,True,0.7741,125.0,96.85,True,0,MOTION_ARTIFACT,0,,0,,,,,9,60,95,30,60,0.99994249834678,0.24494897427831783
2026-08-31T21:58:26.047,124745296,P015,finger_still,VALID,,,,63,4297107,113805,114718,113743.88,114430.7,61.12,287.3,89.14,1295.42,False,False,nan,True,0.7741,125.0,96.85,True,0,MOTION_ARTIFACT,0,,0,,,,,9,60,95,30,60,0.9992942509591457,0.24494897427831783
2026-08-31T21:58:26.059,124745312,P015,finger_still,VALID,,,,64,4297147,113838,114751,113745.77,114437.1,92.23,313.9,145.33,1272.42,False,False,nan,True,0.7741,125.0,96.85,True,0,MOTION_ARTIFACT,0,,0,,,,,9,60,95,30,60,0.9992942509591457,0.24494897427831783
2026-08-31T21:58:26.067,124745312,P015,finger_still,VALID,,,,65,4297187,113800,114687,113746.85,114442.1,53.15,244.9,170.22,1250.37,False,False,nan,True,0.7741,125.0,96.85,True,0,MOTION_ARTIFACT,0,,0,,,,,9,60,95,30,60,0.9992942509591457,0.24494897427831783
2026-08-31T21:58:26.091,124745343,P015,finger_still,VALID,,,,66,4297227,113654,114381,113744.99,114440.88,-90.99,-59.88,112.7,1227.62,False,False,nan,True,0.7741,125.0,96.85,True,0,MOTION_ARTIFACT,0,,0,,,,,9,60,95,30,60,0.9992942509591457,0.24494897427831783
2026-08-31T21:58:26.131,124745375,P015,finger_still,VALID,,,,67,4297267,113518,114101,113740.45,114434.09,-222.45,-333.09,1.25,1203.09,False,False,nan,True,0.7741,125.0,96.85,True,0,MOTION_ARTIFACT,0,,0,,,,,9,60,95,30,60,0.9992942509591457,0.24494897427831783
2026-08-31T21:58:26.247,124745500,P015,finger_still,VALID,,,,68,4297307,113473,114016,113735.1,114425.73,-262.1,-409.73,-101.49,1181.06,False,False,nan,True,0.7741,125.0,96.85,True,0,MOTION_ARTIFACT,0,,0,,,,,9,60,95,30,60,0.9990675652827491,0.24494897427831783
2026-08-31T21:58:26.259,124745515,P015,finger_still,VALID,,,,69,4297347,113496,114065,113730.32,114418.52,-234.32,-353.52,-164.5,1160.73,False,False,nan,True,0.7741,125.0,96.85,True,0,MOTION_ARTIFACT,0,,0,,,,,9,60,95,30,60,0.9990675652827491,0.24494897427831783
2026-08-31T21:58:26.268,124745515,P015,finger_still,VALID,,,,70,4297387,113537,114191,113726.45,114413.97,-189.45,-222.97,-179.12,1141.1,False,False,nan,True,0.7741,125.0,96.85,True,0,MOTION_ARTIFACT,0,,0,,,,,9,60,95,30,60,0.9990675652827491,0.24494897427831783
2026-08-31T21:58:26.292,124745546,P015,finger_still,VALID,,,,71,4297427,113585,114291,113723.62,114411.51,-138.62,-120.51,-164.46,1121.57,False,False,nan,True,0.7741,125.0,96.85,True,0,MOTION_ARTIFACT,0,,0,,,,,9,60,95,30,60,0.9990675652827491,0.24494897427831783
2026-08-31T21:58:26.331,124745578,P015,finger_still,VALID,,,,72,4297467,113635,114385,113721.85,114410.98,-86.85,-25.98,-129.84,1101.73,False,False,nan,True,0.7741,125.0,96.85,True,0,MOTION_ARTIFACT,0,,0,,,,,9,60,95,30,60,0.9990675652827491,0.24494897427831783
2026-08-31T21:58:26.448,124745703,P015,finger_still,VALID,,,,73,4297507,113604,114333,113719.49,114409.41,-115.49,-76.41,-116.49,1082.03,False,False,nan,True,0.7741,125.0,96.85,True,0,MOTION_ARTIFACT,0,,0,,,,,9,60,95,30,60,0.9997229616248694,0.24494897427831783
2026-08-31T21:58:26.459,124745703,P015,finger_still,VALID,,,,74,4297547,113519,114186,113715.48,114404.95,-196.48,-218.95,-142.1,1063.23,False,False,nan,True,0.7741,125.0,96.85,True,0,MOTION_ARTIFACT,0,,0,,,,,9,60,95,30,60,0.9997229616248694,0.24494897427831783
2026-08-31T21:58:26.470,124745718,P015,finger_still,VALID,,,,75,4297587,113468,114083,113710.53,114398.51,-242.53,-315.51,-185.45,1045.67,False,False,nan,True,0.7741,125.0,96.85,True,0,MOTION_ARTIFACT,0,,0,,,,,9,60,95,30,60,0.9997229616248694,0.24494897427831783
2026-08-31T21:58:26.492,124745750,P015,finger_still,VALID,,,,76,4297627,113445,114057,113705.22,114391.68,-260.22,-334.68,-222.76,1029.21,False,False,nan,True,0.7741,125.0,96.85,True,0,MOTION_ARTIFACT,0,,0,,,,,9,60,95,30,60,0.9997229616248694,0.24494897427831783
2026-08-31T21:58:26.531,124745781,P015,finger_still,VALID,,,,77,4297667,113425,114041,113699.62,114384.66,-274.62,-343.66,-252.99,1013.69,False,False,nan,True,0.7741,125.0,96.85,True,0,MOTION_ARTIFACT,0,,0,,,,,9,60,95,30,60,0.9997229616248694,0.24494897427831783
2026-08-31T21:58:26.647,124745890,P015,finger_still,VALID,,,,78,4297707,113432,114083,113694.27,114378.63,-262.27,-295.63,-263.65,998.69,False,False,nan,True,0.7741,125.0,96.85,True,0,MOTION_ARTIFACT,0,,0,,,,,8,60,95,30,60,1.000168985721913,0.24494897427831783
2026-08-31T21:58:26.659,124745906,P015,finger_still,VALID,,,,79,4297747,113467,114159,113689.72,114374.24,-222.72,-215.24,-251.55,983.75,False,False,nan,True,0.7741,125.0,96.85,True,0,MOTION_ARTIFACT,0,,0,,,,,8,60,95,30,60,1.000168985721913,0.24494897427831783
2026-08-31T21:58:26.668,124745921,P015,finger_still,VALID,,,,80,4297787,113511,114281,113686.14,114372.38,-175.14,-91.38,-211.5,968.3,False,False,nan,True,0.7741,125.0,96.85,True,0,MOTION_ARTIFACT,0,,0,,,,,8,60,95,30,60,1.000168985721913,0.24494897427831783
2026-08-31T21:58:26.691,124745937,P015,finger_still,VALID,,,,81,4297827,113589,114469,113684.2,114374.3,-95.2,94.7,-134.95,951.63,False,False,nan,True,0.7741,125.0,96.85,True,0,MOTION_ARTIFACT,0,,0,,,,,8,60,95,30,60,1.000168985721913,0.24494897427831783
2026-08-31T21:58:26.733,124745984,P015,finger_still,VALID,,,,82,4297867,113635,114583,113683.21,114378.48,-48.21,204.52,-50.08,933.6,False,False,nan,True,0.7741,125.0,96.85,True,0,MOTION_ARTIFACT,0,,0,,,,,8,60,95,30,60,1.000168985721913,0.24494897427831783
2026-08-31T21:58:26.849,124746093,P015,finger_still,VALID,,,,83,4297907,113604,114521,113681.62,114381.33,-77.62,139.67,-2.65,914.98,False,False,nan,True,0.7741,125.0,96.85,True,0,MOTION_ARTIFACT,0,,0,,,,,8,60,95,30,60,1.000168985721913,0.24494897427831783
2026-08-31T21:58:26.859,124746109,P015,finger_still,VALID,,,,84,4297947,113477,114228,113677.53,114378.26,-200.53,-150.26,-39.55,897.47,False,False,nan,True,0.7741,125.0,96.85,True,0,MOTION_ARTIFACT,0,,0,,,,,8,60,95,30,60,1.000168985721913,0.24494897427831783
2026-08-31T21:58:26.868,124746125,P015,finger_still,VALID,,,,85,4297987,113391,114053,113671.8,114371.75,-280.8,-318.75,-109.35,881.71,False,False,nan,True,0.7741,125.0,96.85,True,0,MOTION_ARTIFACT,0,,0,,,,,8,60,95,30,60,1.000168985721913,0.24494897427831783
2026-08-31T21:58:26.892,124746140,P015,finger_still,VALID,,,,86,4298027,113377,114022,113665.9,114364.76,-288.9,-342.76,-167.7,867.43,False,False,nan,True,0.7741,125.0,96.85,True,0,MOTION_ARTIFACT,0,,0,,,,,8,60,95,30,60,1.000168985721913,0.24494897427831783
2026-08-31T21:58:26.931,124746187,P015,finger_still,VALID,,,,87,4298067,113341,113961,113659.4,114356.68,-318.4,-395.68,-224.7,854.58,False,False,nan,True,0.7741,125.0,96.85,True,0,MOTION_ARTIFACT,0,,0,,,,,8,60,95,30,60,1.000168985721913,0.24494897427831783
2026-08-31T21:58:27.047,124746296,P015,finger_still,VALID,,,,88,4298107,113299,113879,113652.19,114347.12,-353.19,-468.12,-285.55,843.2,False,False,nan,True,0.7741,125.0,96.85,True,0,MOTION_ARTIFACT,0,,0,,,,,8,60,95,30,60,0.9992942509591457,0.24494897427831783
2026-08-31T21:58:27.060,124746312,P015,finger_still,VALID,,,,89,4298147,113302,113914,113645.19,114338.46,-343.19,-424.46,-320.28,832.74,False,False,nan,True,0.7741,125.0,96.85,True,0,MOTION_ARTIFACT,0,,0,,,,,8,60,95,30,60,0.9992942509591457,0.24494897427831783
2026-08-31T21:58:27.067,124746312,P015,finger_still,VALID,,,,90,4298187,113395,114142,113640.19,114334.53,-245.19,-192.53,-288.34,821.85,False,False,nan,True,0.7741,125.0,96.85,True,0,MOTION_ARTIFACT,0,,0,,,,,8,60,95,30,60,0.9992942509591457,0.24494897427831783
2026-08-31T21:58:27.092,124746343,P015,finger_still,VALID,,,,91,4298227,113526,114394,113637.91,114335.72,-111.91,58.28,-201.69,809.45,False,False,nan,True,0.7741,125.0,96.85,True,0,MOTION_ARTIFACT,0,,0,,,,,8,60,95,30,60,0.9992942509591457,0.24494897427831783
2026-08-31T21:58:27.131,124746375,P015,finger_still,VALID,,,,92,4298267,113683,114723,113638.8,114343.46,44.2,379.54,-56.38,794.39,False,False,nan,True,0.7741,125.0,96.85,True,0,MOTION_ARTIFACT,0,,0,,,,,8,60,95,30,60,0.9992942509591457,0.24494897427831783
2026-08-31T21:58:27.249,124746500,P015,finger_still,VALID,,,,93,4298307,113818,114980,113642.39,114356.2,175.61,623.8,113.67,780.77,False,False,nan,True,0.7741,125.0,96.85,True,0,MOTION_ARTIFACT,0,,0,,,,,8,60,95,30,60,1.000168985721913,0.24494897427831783
2026-08-31T21:58:27.259,124746515,P015,finger_still,VALID,,,,94,4298347,113930,115222,113648.14,114373.51,281.86,848.49,297.37,771.1,False,False,nan,True,0.7741,125.0,96.85,True,0,MOTION_ARTIFACT,0,,0,,,,,8,60,95,30,60,1.000168985721913,0.24494897427831783
2026-08-31T21:58:27.267,124746515,P015,finger_still,VALID,,,,95,4298387,114007,115364,113655.32,114393.32,351.68,970.68,465.7,765.0,False,False,nan,True,0.7741,125.0,96.85,True,0,MOTION_ARTIFACT,0,,0,,,,,8,60,95,30,60,1.000168985721913,0.24494897427831783
2026-08-31T21:58:27.301,124746546,P015,finger_still,VALID,,,,96,4298437,114093,115552,113664.07,114416.49,428.93,1135.51,633.15,762.36,False,False,nan,True,0.7741,125.0,96.85,True,0,MOTION_ARTIFACT,0,,0,,,,,8,60,95,30,60,1.000168985721913,0.24494897427831783
2026-08-31T21:58:27.331,124746578,P015,finger_still,VALID,,,,97,4298467,114207,115779,113674.93,114443.74,532.07,1335.26,808.68,763.28,False,False,nan,True,0.7741,125.0,96.85,True,0,MOTION_ARTIFACT,0,,0,,,,,8,60,95,30,60,1.000168985721913,0.24494897427831783
2026-08-31T21:58:27.448,124746703,P015,finger_still,VALID,,,,98,4298517,114321,116004,113687.85,114474.95,633.15,1529.05,988.77,767.79,False,False,nan,True,0.7741,125.0,96.85,True,0,MOTION_ARTIFACT,0,,0,,,,,8,60,95,30,60,0.9992942509591457,0.24494897427831783
2026-08-31T21:58:27.461,124746718,P015,finger_still,VALID,,,,99,4298557,114317,115966,113700.44,114504.77,616.56,1461.23,1106.89,774.58,False,False,nan,True,0.7741,125.0,96.85,True,0,MOTION_ARTIFACT,0,,0,,,,,8,60,95,30,60,0.9992942509591457,0.24494897427831783
2026-08-31T21:58:27.468,124746718,P015,finger_still,VALID,,,,100,4298587,114130,115584,113709.03,114526.35,420.97,1057.65,1094.58,780.98,True,False,nan,True,0.7741,125.0,96.85,True,0,MOTION_ARTIFACT,0,,0,,,,,8,60,95,30,60,0.9992942509591457,0.24494897427831783
2026-08-31T21:58:27.501,124746750,P015,finger_still,VALID,,,,101,4298637,113724,114707,113709.33,114529.96,14.67,177.04,865.19,782.66,False,False,nan,True,0.7741,125.0,96.85,True,0,MOTION_ARTIFACT,0,,0,,,,,8,60,95,30,60,0.9992942509591457,0.24494897427831783
2026-08-31T21:58:27.646,124746890,P015,finger_still,VALID,,,,102,4298677,113461,114214,113704.36,114523.64,-243.36,-309.64,571.48,778.44,False,False,nan,True,0.7741,125.0,96.85,True,0,MOTION_ARTIFACT,0,,0,,,,,8,60,95,30,60,1.000168985721913,0.24494897427831783
2026-08-31T21:58:27.658,124746906,P015,finger_still,VALID,,,,103,4298717,113430,114144,113698.88,114516.05,-268.88,-372.05,335.6,769.58,False,False,nan,True,0.7741,125.0,96.85,True,0,MOTION_ARTIFACT,0,,0,,,,,8,60,95,30,60,1.000168985721913,0.24494897427831783
2026-08-31T21:58:27.671,124746921,P015,finger_still,VALID,,,,104,4298757,113428,114168,113693.46,114509.09,-265.46,-341.09,166.43,757.52,False,False,nan,True,0.7741,125.0,96.85,True,0,MOTION_ARTIFACT,0,,0,,,,,8,60,95,30,60,1.000168985721913,0.24494897427831783
2026-08-31T21:58:27.685,124746937,P015,finger_still,VALID,,,,105,4298797,113373,114013,113687.05,114499.16,-314.05,-486.16,3.28,742.43,False,False,nan,True,0.7741,125.0,96.85,True,0,MOTION_ARTIFACT,0,,0,,,,,8,60,95,30,60,1.000168985721913,0.24494897427831783
2026-08-31T21:58:27.701,124746953,P015,finger_still,VALID,,,,106,4298837,113277,113836,113678.85,114485.9,-401.85,-649.9,-160.01,730.78,False,False,nan,True,0.7741,125.0,96.85,True,0,MOTION_ARTIFACT,0,,0,,,,,8,60,95,30,60,1.000168985721913,0.24494897427831783
2026-08-31T21:58:27.847,124747093,P015,finger_still,VALID,,,,107,4298877,113246,113800,113670.2,114472.18,-424.2,-672.18,-288.06,721.93,False,False,nan,True,0.7741,125.0,96.85,True,0,MOTION_ARTIFACT,0,,0,,,,,8,60,95,30,60,0.9992942509591457,0.24494897427831783
2026-08-31T21:58:27.859,124747109,P015,finger_still,VALID,,,,108,4298917,113260,113869,113661.99,114460.12,-401.99,-591.12,-363.82,714.77,False,False,nan,True,0.7741,125.0,96.85,True,0,MOTION_ARTIFACT,0,,0,,,,,8,60,95,30,60,0.9992942509591457,0.24494897427831783
2026-08-31T21:58:27.869,124747125,P015,finger_still,VALID,,,,109,4298957,113373,114109,113656.21,114453.09,-283.21,-344.09,-358.89,707.65,False,False,nan,True,0.7741,125.0,96.85,True,0,MOTION_ARTIFACT,0,,0,,,,,8,60,95,30,60,0.9992942509591457,0.24494897427831783
2026-08-31T21:58:27.879,124747125,P015,finger_still,VALID,,,,110,4298997,113488,114332,113652.84,114450.67,-164.84,-118.67,-298.83,699.47,False,False,nan,True,0.7741,125.0,96.85,True,0,MOTION_ARTIFACT,0,,0,,,,,8,60,95,30,60,0.9992942509591457,0.24494897427831783
2026-08-31T21:58:27.901,124747156,P015,finger_still,VALID,,,,111,4299037,113526,114482,113650.3,114451.3,-124.3,30.7,-216.45,689.81,False,False,nan,True,0.7741,125.0,96.85,True,0,MOTION_ARTIFACT,0,,0,,,,,8,60,95,30,60,0.9992942509591457,0.24494897427831783
2026-08-31T21:58:28.050,124747296,P015,finger_still,VALID,,,,112,4299077,113476,114362,113646.82,114449.51,-170.82,-87.51,-184.21,679.7,False,False,nan,True,0.7741,125.0,96.85,True,0,MOTION_ARTIFACT,0,,0,,,,,8,60,95,30,60,0.9997229616248694,0.24494897427831783
2026-08-31T21:58:28.058,124747312,P015,finger_still,VALID,,,,113,4299117,113414,114252,113642.16,114445.55,-228.16,-193.55,-186.55,669.84,False,False,nan,True,0.7741,125.0,96.85,True,0,MOTION_ARTIFACT,0,,0,,,,,8,60,95,30,60,0.9997229616248694,0.24494897427831783
2026-08-31T21:58:28.071,124747328,P015,finger_still,VALID,,,,114,4299157,113457,114385,113638.46,114444.34,-181.46,-59.34,-154.75,659.54,False,False,nan,True,0.7741,125.0,96.85,True,0,MOTION_ARTIFACT,0,,0,,,,,8,60,95,30,60,0.9997229616248694,0.24494897427831783
2026-08-31T21:58:28.078,124747328,P015,finger_still,VALID,,,,115,4299197,113604,114648,113637.77,114448.41,-33.77,199.59,-66.16,647.67,False,False,nan,True,0.7741,125.0,96.85,True,0,MOTION_ARTIFACT,0,,0,,,,,8,60,95,30,60,0.9997229616248694,0.24494897427831783
2026-08-31T21:58:28.101,124747359,P015,finger_still,VALID,,,,116,4299237,113912,115345,113643.26,114466.34,268.74,878.66,170.04,638.12,False,False,nan,True,0.7741,125.0,96.85,True,0,MOTION_ARTIFACT,0,,0,,,,,8,60,95,30,60,0.9997229616248694,0.24494897427831783
2026-08-31T21:58:28.246,124747500,P015,finger_still,VALID,,,,117,4299277,113959,115364,113649.57,114484.3,309.43,879.7,347.46,632.3,False,False,nan,True,0.7741,125.0,96.85,True,0,MOTION_ARTIFACT,0,,0,,,,,8,60,95,30,60,0.9992942509591457,0.24494897427831783
2026-08-31T21:58:28.258,124747515,P015,finger_still,VALID,,,,118,4299317,113862,115239,113653.82,114499.39,208.18,739.61,445.49,628.57,False,False,nan,True,0.7741,125.0,96.85,True,0,MOTION_ARTIFACT,0,,0,,,,,8,60,95,30,60,0.9992942509591457,0.24494897427831783
2026-08-31T21:58:28.269,124747515,P015,finger_still,VALID,,,,119,4299357,113842,115200,113657.59,114513.41,184.41,686.59,505.77,626.11,False,False,nan,True,0.7741,125.0,96.85,True,0,MOTION_ARTIFACT,0,,0,,,,,8,60,95,30,60,0.9992942509591457,0.24494897427831783
2026-08-31T21:58:28.279,124747531,P015,finger_still,VALID,,,,120,4299397,113760,114957,113659.63,114522.28,100.37,434.72,488.01,623.35,True,True,800.0,True,0.7243,118.81,96.85,True,0,MOTION_ARTIFACT,0,,0,,,,,8,60,95,30,60,0.9992942509591457,0.24494897427831783
2026-08-31T21:58:28.302,124747546,P015,finger_still,VALID,,,,121,4299437,113527,114611,113656.98,114524.05,-129.98,86.95,387.74,618.64,False,False,nan,True,0.7243,118.81,96.85,True,0,MOTION_ARTIFACT,0,,0,,,,,8,60,95,30,60,0.9992942509591457,0.24494897427831783
2026-08-31T21:58:28.447,124747703,P015,finger_still,VALID,,,,122,4299477,113478,114490,113653.4,114523.38,-175.4,-33.38,282.46,611.91,False,False,nan,True,0.7243,118.81,96.85,True,0,MOTION_ARTIFACT,0,,0,,,,,9,60,95,30,60,0.9997229616248694,0.24494897427831783
2026-08-31T21:58:28.458,124747703,P015,finger_still,VALID,,,,123,4299517,113461,114552,113649.55,114523.95,-188.55,28.05,218.86,604.05,False,False,nan,True,0.7243,118.81,96.85,True,0,MOTION_ARTIFACT,0,,0,,,,,9,60,95,30,60,0.9997229616248694,0.24494897427831783
2026-08-31T21:58:28.469,124747718,P015,finger_still,VALID,,,,124,4299557,113473,114552,113646.02,114524.51,-173.02,27.49,171.02,595.39,False,False,nan,True,0.7243,118.81,96.85,True,0,MOTION_ARTIFACT,0,,0,,,,,9,60,95,30,60,0.9997229616248694,0.24494897427831783
2026-08-31T21:58:28.478,124747734,P015,finger_still,VALID,,,,125,4299597,113401,114424,113641.12,114522.5,-240.12,-98.5,103.64,585.56,False,False,nan,True,0.7243,118.81,96.85,True,0,MOTION_ARTIFACT,0,,0,,,,,9,60,95,30,60,0.9997229616248694,0.24494897427831783
2026-08-31T21:58:28.503,124747750,P015,finger_still,VALID,,,,126,4299637,113372,114340,113635.73,114518.85,-263.73,-178.85,33.02,574.51,False,False,nan,True,0.7243,118.81,96.85,True,0,MOTION_ARTIFACT,0,,0,,,,,9,60,95,30,60,0.9997229616248694,0.24494897427831783
2026-08-31T21:58:28.648,124747906,P015,finger_still,VALID,,,,127,4299677,113240,114137,113627.82,114511.21,-387.82,-374.21,-68.79,564.39,False,False,nan,True,0.7243,118.81,96.85,True,0,MOTION_ARTIFACT,0,,0,,,,,9,60,95,30,60,0.9992942509591457,0.24494897427831783
2026-08-31T21:58:28.659,124747906,P015,finger_still,VALID,,,,128,4299717,113334,114331,113621.95,114507.61,-287.95,-176.61,-95.75,555.02,False,False,nan,True,0.7243,118.81,96.85,True,0,MOTION_ARTIFACT,0,,0,,,,,9,60,95,30,60,0.9992942509591457,0.24494897427831783
2026-08-31T21:58:28.670,124747921,P015,finger_still,VALID,,,,129,4299757,113385,114361,113617.2,114504.68,-232.2,-143.68,-107.73,546.07,False,False,nan,True,0.7243,118.81,96.85,True,0,MOTION_ARTIFACT,0,,0,,,,,9,60,95,30,60,0.9992942509591457,0.24494897427831783
2026-08-31T21:58:28.680,124747937,P015,finger_still,VALID,,,,130,4299797,113374,114369,113612.34,114501.97,-238.34,-132.97,-114.04,537.43,False,False,nan,True,0.7243,118.81,96.85,True,0,MOTION_ARTIFACT,0,,0,,,,,9,60,95,30,60,0.9992942509591457,0.24494897427831783
2026-08-31T21:58:28.701,124747953,P015,finger_still,VALID,,,,131,4299837,113383,114387,113607.75,114499.67,-224.75,-112.67,-113.7,528.96,False,False,nan,True,0.7243,118.81,96.85,True,0,MOTION_ARTIFACT,0,,0,,,,,9,60,95,30,60,0.9992942509591457,0.24494897427831783
2026-08-31T21:58:28.849,124748093,P015,finger_still,VALID,,,,132,4299877,113386,114475,113603.31,114499.18,-217.31,-24.18,-91.32,520.2,False,False,nan,True,0.7243,118.81,96.85,True,0,MOTION_ARTIFACT,0,,0,,,,,9,60,95,30,60,0.9992942509591457,0.24494897427831783
2026-08-31T21:58:28.858,124748109,P015,finger_still,VALID,,,,133,4299917,113467,114598,113600.59,114501.16,-133.59,96.84,-44.28,510.69,False,False,nan,True,0.7243,118.81,96.85,True,0,MOTION_ARTIFACT,0,,0,,,,,9,60,95,30,60,0.9992942509591457,0.24494897427831783
2026-08-31T21:58:28.869,124748125,P015,finger_still,VALID,,,,134,4299957,113529,114741,113599.16,114505.95,-70.16,235.05,25.55,500.98,False,False,nan,True,0.7243,118.81,96.85,True,0,MOTION_ARTIFACT,0,,0,,,,,9,60,95,30,60,0.9992942509591457,0.24494897427831783
2026-08-31T21:58:28.879,124748125,P015,finger_still,VALID,,,,135,4299997,113583,114823,113598.84,114512.3,-15.84,310.7,96.84,492.9,False,False,nan,True,0.7243,118.81,96.85,True,0,MOTION_ARTIFACT,0,,0,,,,,9,60,95,30,60,0.9992942509591457,0.24494897427831783
2026-08-31T21:58:28.901,124748156,P015,finger_still,VALID,,,,136,4300037,113566,114777,113598.18,114517.59,-32.18,259.41,137.48,485.79,False,False,nan,True,0.7243,118.81,96.85,True,0,MOTION_ARTIFACT,0,,0,,,,,9,60,95,30,60,0.9992942509591457,0.24494897427831783
2026-08-31T21:58:29.048,124748296,P015,finger_still,VALID,,,,137,4300077,113672,114924,113599.66,114525.72,72.34,398.28,202.68,480.13,False,False,nan,True,0.7243,118.81,96.85,True,0,MOTION_ARTIFACT,0,,0,,,,,9,60,95,30,60,0.9995218857033596,0.24494897427831783
2026-08-31T21:58:29.058,124748312,P015,finger_still,VALID,,,,138,4300117,113773,115048,113603.12,114536.16,169.88,511.84,279.97,476.13,False,False,nan,True,0.7243,118.81,96.85,True,0,MOTION_ARTIFACT,0,,0,,,,,9,60,95,30,60,0.9995218857033596,0.24494897427831783
2026-08-31T21:58:29.069,124748312,P015,finger_still,VALID,,,,139,4300157,113802,115195,113607.1,114549.34,194.9,645.66,371.39,474.03,False,False,nan,True,0.7243,118.81,96.85,True,0,MOTION_ARTIFACT,0,,0,,,,,9,60,95,30,60,0.9995218857033596,0.24494897427831783
2026-08-31T21:58:29.078,124748328,P015,finger_still,VALID,,,,140,4300197,113876,115307,113612.48,114564.5,263.52,742.5,464.17,473.83,False,False,nan,True,0.7243,118.81,96.85,True,0,MOTION_ARTIFACT,0,,0,,,,,9,60,95,30,60,0.9995218857033596,0.24494897427831783
2026-08-31T21:58:29.106,124748359,P015,finger_still,VALID,,,,141,4300237,113940,115460,113619.02,114582.41,320.98,877.59,567.53,475.71,False,False,nan,True,0.7243,118.81,96.85,True,0,MOTION_ARTIFACT,0,,0,,,,,9,60,95,30,60,0.9995218857033596,0.24494897427831783
2026-08-31T21:58:29.247,124748500,P015,finger_still,VALID,,,,142,4300277,113989,115549,113626.42,114601.73,362.58,947.27,662.46,479.44,False,False,nan,True,0.7243,118.81,96.85,True,0,MOTION_ARTIFACT,0,,0,,,,,9,60,95,30,60,0.9999504987748143,0.24494897427831783
2026-08-31T21:58:29.258,124748515,P015,finger_still,VALID,,,,143,4300317,114033,115604,113634.55,114621.78,398.45,982.22,742.4,484.7,False,False,nan,True,0.7243,118.81,96.85,True,0,MOTION_ARTIFACT,0,,0,,,,,9,60,95,30,60,0.9999504987748143,0.24494897427831783
2026-08-31T21:58:29.270,124748515,P015,finger_still,VALID,,,,144,4300357,114095,115688,113643.77,114643.11,451.23,1044.89,818.02,491.37,False,False,nan,True,0.7243,118.81,97.63,True,0,MOTION_ARTIFACT,0,,0,,,,,9,60,95,30,60,0.9999504987748143,0.24494897427831783
2026-08-31T21:58:29.279,124748531,P015,finger_still,VALID,,,,145,4300397,114147,115824,113653.83,114666.73,493.17,1157.27,902.84,499.6,False,False,nan,True,0.7243,118.81,97.63,True,0,MOTION_ARTIFACT,0,,0,,,,,9,60,95,30,60,0.9999504987748143,0.24494897427831783
2026-08-31T21:58:29.301,124748546,P015,finger_still,VALID,,,,146,4300437,114274,115977,113666.23,114692.93,607.77,1284.07,998.14,509.57,False,False,nan,True,0.7243,118.81,97.63,True,0,MOTION_ARTIFACT,0,,0,,,,,9,60,95,30,60,0.9999504987748143,0.24494897427831783
2026-08-31T21:58:29.447,124748703,P015,finger_still,VALID,,,,147,4300477,114326,116155,113679.43,114722.17,646.57,1432.83,1106.82,521.51,False,False,nan,True,0.7243,118.81,97.63,True,0,MOTION_ARTIFACT,0,,0,,,,,9,60,95,30,60,0.9995218857033596,0.24494897427831783
2026-08-31T21:58:29.458,124748703,P015,finger_still,VALID,,,,148,4300517,114407,116230,113693.98,114752.33,713.02,1477.67,1199.53,535.07,False,False,nan,True,0.7243,118.81,97.63,True,0,MOTION_ARTIFACT,0,,0,,,,,9,60,95,30,60,0.9995218857033596,0.24494897427831783
2026-08-31T21:58:29.470,124748718,P015,finger_still,VALID,,,,149,4300557,114374,116205,113707.59,114781.38,666.41,1423.62,1255.55,549.48,False,False,nan,True,0.7243,118.81,97.63,True,0,MOTION_ARTIFACT,0,,0,,,,,9,60,95,30,60,0.9995218857033596,0.24494897427831783
2026-08-31T21:58:29.479,124748734,P015,finger_still,VALID,,,,150,4300597,114364,116115,113720.71,114808.05,643.29,1306.95,1268.4,563.86,False,False,nan,True,0.7243,118.81,97.63,True,0,MOTION_ARTIFACT,0,,0,,,,,9,60,95,30,60,0.9995218857033596,0.24494897427831783
2026-08-31T21:58:29.501,124748750,P015,finger_still,VALID,,,,151,4300637,114306,116110,113732.41,114834.09,573.59,1275.91,1270.28,577.99,False,False,nan,True,0.7243,118.81,97.63,True,0,MOTION_ARTIFACT,0,,0,,,,,9,60,95,30,60,0.9995218857033596,0.24494897427831783
2026-08-31T21:58:29.650,124748906,P015,finger_still,VALID,,,,152,4300677,114223,115848,113742.23,114854.38,480.77,993.62,1201.11,590.45,True,True,1280.0,True,0.7,100.84,97.63,True,0,MOTION_ARTIFACT,0,,0,,,,,9,60,95,30,60,0.9999504987748143,0.24494897427831783
2026-08-31T21:58:29.657,124748906,P015,finger_still,VALID,,,,153,4300717,113885,115236,113745.08,114862.01,139.92,373.99,994.33,598.53,False,False,nan,True,0.7,100.84,97.63,True,0,MOTION_ARTIFACT,0,,0,,,,,9,60,95,30,60,0.9999504987748143,0.24494897427831783
2026-08-31T21:58:29.670,124748921,P015,finger_still,VALID,,,,154,4300757,113757,114882,113745.32,114862.41,11.68,19.59,750.65,601.57,False,False,nan,True,0.7,100.84,97.63,True,0,MOTION_ARTIFACT,0,,0,,,,,9,60,95,30,60,0.9999504987748143,0.24494897427831783
2026-08-31T21:58:29.680,124748937,P015,finger_still,VALID,,,,155,4300797,113731,114879,113745.03,114862.73,-14.03,16.27,567.05,600.88,False,False,nan,True,0.7,100.84,97.63,True,0,MOTION_ARTIFACT,0,,0,,,,,9,60,95,30,60,0.9999504987748143,0.24494897427831783
2026-08-31T21:58:29.701,124748953,P015,finger_still,VALID,,,,156,4300837,113858,115127,113747.29,114868.02,110.71,258.98,490.03,598.67,False,False,nan,True,0.7,100.84,97.63,True,0,MOTION_ARTIFACT,0,,0,,,,,9,60,95,30,60,0.9999504987748143,0.24494897427831783
2026-08-31T21:58:29.846,124749093,P015,finger_still,VALID,,,,157,4300877,114105,115578,113754.45,114882.23,350.55,695.77,541.47,597.52,False,False,nan,True,0.7,100.84,97.63,True,0,MOTION_ARTIFACT,0,,0,,,,,10,60,95,30,60,0.9995218857033596,0.24494897427831783
2026-08-31T21:58:29.858,124749109,P015,finger_still,VALID,,,,158,4300917,114322,116088,113765.8,114906.34,556.2,1181.66,701.52,599.6,False,False,nan,True,0.7,100.84,97.63,True,0,MOTION_ARTIFACT,0,,0,,,,,10,60,95,30,60,0.9995218857033596,0.24494897427831783
2026-08-31T21:58:29.869,124749125,P015,finger_still,VALID,,,,159,4300957,114350,116128,113777.48,114930.77,572.52,1197.23,825.44,604.12,False,False,nan,True,0.7,100.84,97.63,True,0,MOTION_ARTIFACT,0,,0,,,,,10,60,95,30,60,0.9995218857033596,0.24494897427831783
2026-08-31T21:58:29.878,124749125,P015,finger_still,VALID,,,,160,4300997,114099,115552,113783.91,114943.2,315.09,608.8,771.28,607.46,True,False,nan,True,0.7,100.84,97.63,True,0,MOTION_ARTIFACT,0,,0,,,,,10,60,95,30,60,0.9995218857033596,0.24494897427831783
2026-08-31T21:58:29.902,124749156,P015,finger_still,VALID,,,,161,4301037,113718,114728,113782.59,114938.89,-64.59,-210.89,525.74,605.83,False,False,nan,True,0.7,100.84,97.63,True,0,MOTION_ARTIFACT,0,,0,,,,,10,60,95,30,60,0.9995218857033596,0.24494897427831783
2026-08-31T21:58:30.046,124749296,P015,finger_still,VALID,,,,162,4301077,113480,114245,113776.54,114925.02,-296.54,-680.02,224.3,598.2,False,False,nan,True,0.7,100.84,97.63,True,0,MOTION_ARTIFACT,0,,0,,,,,10,60,95,30,60,0.9995218857033596,0.24494897427831783
2026-08-31T21:58:30.057,124749312,P015,finger_still,VALID,,,,163,4301117,113514,114258,113771.29,114911.67,-257.29,-653.67,4.81,586.33,False,False,nan,True,0.7,100.84,97.63,True,0,MOTION_ARTIFACT,0,,0,,,,,10,60,95,30,60,0.9995218857033596,0.24494897427831783
2026-08-31T21:58:30.071,124749328,P015,finger_still,VALID,,,,164,4301157,113553,114381,113766.92,114901.05,-213.92,-520.05,-126.41,577.13,False,False,nan,True,0.7,100.84,97.63,True,0,MOTION_ARTIFACT,0,,0,,,,,10,60,95,30,60,0.9995218857033596,0.24494897427831783
2026-08-31T21:58:30.080,124749328,P015,finger_still,VALID,,,,165,4301197,113656,114574,113764.7,114894.52,-108.7,-320.52,-174.93,569.09,False,False,nan,True,0.7,100.84,97.63,True,0,MOTION_ARTIFACT,0,,0,,,,,10,60,95,30,60,0.9995218857033596,0.24494897427831783
2026-08-31T21:58:30.101,124749359,P015,finger_still,VALID,,,,166,4301237,113848,115011,113766.37,114896.84,81.63,114.16,-102.66,559.76,False,False,nan,True,0.7,100.84,97.63,True,0,MOTION_ARTIFACT,0,,0,,,,,10,60,95,30,60,0.9995218857033596,0.24494897427831783
2026-08-31T21:58:30.249,124749500,P015,finger_still,VALID,,,,167,4301277,114204,115784,113775.12,114914.59,428.88,869.41,140.36,551.37,False,False,nan,True,0.7,100.84,97.63,True,0,MOTION_ARTIFACT,0,,0,,,,,9,60,95,30,60,0.9995218857033596,0.24494897427831783
2026-08-31T21:58:30.258,124749515,P015,finger_still,VALID,,,,168,4301317,114494,116426,113789.49,114944.81,704.51,1481.19,475.56,549.85,False,False,nan,True,0.7,100.84,97.63,True,0,MOTION_ARTIFACT,0,,0,,,,,9,60,95,30,60,0.9995218857033596,0.24494897427831783
2026-08-31T21:58:30.270,124749515,P015,finger_still,VALID,,,,169,4301357,114631,116805,113806.32,114982.02,824.68,1822.98,812.42,555.11,False,False,nan,True,0.7,100.84,97.63,True,0,MOTION_ARTIFACT,0,,0,,,,,9,60,95,30,60,0.9995218857033596,0.24494897427831783
2026-08-31T21:58:30.281,124749531,P015,finger_still,VALID,,,,170,4301397,114796,117090,113826.12,115024.17,969.88,2065.83,1125.77,566.52,False,False,nan,True,0.7,100.84,97.63,True,0,MOTION_ARTIFACT,0,,0,,,,,9,60,95,30,60,0.9995218857033596,0.24494897427831783
2026-08-31T21:58:30.302,124749546,P015,finger_still,VALID,,,,171,4301437,114958,117363,113848.76,115070.95,1109.24,2292.05,1417.34,583.54,False,False,nan,True,0.7,100.84,97.63,True,0,MOTION_ARTIFACT,0,,0,,,,,9,60,95,30,60,0.9995218857033596,0.24494897427831783
2026-08-31T21:58:30.446,124749703,P015,finger_still,VALID,,,,172,4301477,115071,117522,113873.2,115119.97,1197.8,2402.03,1663.51,605.13,False,False,nan,True,0.7,100.84,97.63,True,0,MOTION_ARTIFACT,0,,0,,,,,9,60,95,30,60,0.9995218857033596,0.5099019513592785
2026-08-31T21:58:30.459,124749703,P015,finger_still,VALID,,,,173,4301517,115070,117470,113897.14,115166.97,1172.86,2303.03,1823.39,629.5,False,False,nan,True,0.7,100.84,97.63,True,0,MOTION_ARTIFACT,0,,0,,,,,9,60,95,30,60,0.9995218857033596,0.5099019513592785
2026-08-31T21:58:30.469,124749718,P015,finger_still,VALID,,,,174,4301557,114946,117178,113918.12,115207.19,1027.88,1970.81,1860.25,654.11,False,False,nan,True,0.7,100.84,97.63,True,0,MOTION_ARTIFACT,0,,0,,,,,9,60,95,30,60,0.9995218857033596,0.5099019513592785
2026-08-31T21:58:30.480,124749734,P015,finger_still,VALID,,,,175,4301597,114812,116886,113935.99,115240.77,876.01,1645.23,1806.49,677.16,True,True,920.0,True,0.7,96.77,97.63,True,0,MOTION_ARTIFACT,0,,0,,,,,9,60,95,30,60,0.9995218857033596,0.5099019513592785
2026-08-31T21:58:30.501,124749750,P015,finger_still,VALID,,,,176,4301637,114776,116834,113952.79,115272.63,823.21,1561.37,1745.21,698.52,False,False,nan,True,0.7,96.77,97.63,True,0,MOTION_ARTIFACT,0,,0,,,,,9,60,95,30,60,0.9995218857033596,0.5099019513592785
2026-08-31T21:58:30.650,124749906,P015,finger_still,VALID,,,,177,4301677,114879,117044,113971.31,115308.06,907.69,1735.94,1742.89,719.41,False,False,nan,True,0.7,96.77,97.63,True,0,MOTION_ARTIFACT,0,,0,,,,,10,60,95,30,60,0.9973449754222458,0.24494897427831783
2026-08-31T21:58:30.661,124749906,P015,finger_still,VALID,,,,178,4301717,115120,117547,113994.29,115352.84,1125.71,2194.16,1855.71,742.14,False,False,nan,True,0.7,96.77,97.63,True,0,MOTION_ARTIFACT,0,,0,,,,,10,60,95,30,60,0.9973449754222458,0.24494897427831783
2026-08-31T21:58:30.681,124749937,P015,finger_still,VALID,,,,179,4301757,115350,117997,114021.41,115405.73,1328.59,2591.27,2039.6,768.09,False,False,nan,True,0.7,96.77,97.63,True,0,MOTION_ARTIFACT,0,,0,,,,,10,60,95,30,60,0.9973449754222458,0.24494897427831783
2026-08-31T21:58:30.683,124749937,P015,finger_still,VALID,,,,180,4301797,115465,118225,114050.28,115462.11,1414.72,2762.89,2220.42,797.13,False,False,nan,True,0.7,96.77,97.63,True,0,MOTION_ARTIFACT,0,,0,,,,,10,60,95,30,60,0.9973449754222458,0.24494897427831783
2026-08-31T21:58:30.701,124749953,P015,finger_still,VALID,,,,181,4301837,115562,118383,114080.52,115520.52,1481.48,2862.48,2380.94,828.81,False,False,nan,True,0.7,96.77,97.63,True,0,MOTION_ARTIFACT,0,,0,,,,,10,60,95,30,60,0.9973449754222458,0.24494897427831783
2026-08-31T21:58:30.847,124750093,P015,finger_still,VALID,,,,182,4301877,115606,118443,114111.02,115578.98,1494.98,2864.02,2501.71,862.27,False,False,nan,True,0.7,96.77,97.63,True,0,MOTION_ARTIFACT,0,,0,,,,,9,60,95,30,60,0.9997504688671068,0.24494897427831783
2026-08-31T21:58:30.858,124750109,P015,finger_still,VALID,,,,183,4301917,115590,118369,114140.6,115634.77,1449.4,2734.23,2559.84,896.22,False,False,nan,True,0.7,96.77,97.63,True,0,MOTION_ARTIFACT,0,,0,,,,,9,60,95,30,60,0.9997504688671068,0.24494897427831783
2026-08-31T21:58:30.870,124750125,P015,finger_still,VALID,,,,184,4301957,115369,117819,114165.17,115678.46,1203.83,2140.54,2455.01,927.39,True,True,360.0,True,0.7,96.77,97.63,True,0,MOTION_ARTIFACT,0,,0,,,,,9,60,95,30,60,0.9997504688671068,0.24494897427831783
2026-08-31T21:58:30.879,124750125,P015,finger_still,VALID,,,,185,4301997,114868,116659,114179.23,115698.07,688.77,960.93,2081.49,950.48,False,False,nan,True,0.7,96.77,97.63,True,0,MOTION_ARTIFACT,0,,0,,,,,9,60,95,30,60,0.9997504688671068,0.24494897427831783
2026-08-31T21:58:30.901,124750156,P015,finger_still,VALID,,,,186,4302037,114364,115581,114182.92,115695.73,181.08,-114.73,1532.44,962.12,False,False,nan,True,0.7,96.77,97.63,True,0,MOTION_ARTIFACT,0,,0,,,,,9,60,95,30,60,0.9997504688671068,0.24494897427831783
2026-08-31T21:58:31.046,124750296,P015,finger_still,VALID,,,,187,4302077,114223,115264,114183.73,115687.09,39.27,-423.09,1043.55,963.74,False,False,nan,True,0.7,96.77,97.63,True,0,MOTION_ARTIFACT,0,,0,,,,,10,60,95,30,60,0.9997504688671068,0.24494897427831783
2026-08-31T21:58:31.058,124750312,P015,finger_still,VALID,,,,188,4302117,114360,115526,114187.25,115683.88,172.75,-157.88,743.2,959.33,False,False,nan,True,0.7,96.77,97.63,True,0,MOTION_ARTIFACT,0,,0,,,,,10,60,95,30,60,0.9997504688671068,0.24494897427831783
2026-08-31T21:58:31.071,124750328,P015,finger_still,VALID,,,,189,4302157,114575,115989,114195.01,115689.98,379.99,299.02,632.15,952.79,False,False,nan,True,0.7,96.77,97.63,True,0,MOTION_ARTIFACT,0,,0,,,,,10,60,95,30,60,0.9997504688671068,0.24494897427831783
2026-08-31T21:58:31.079,124750328,P015,finger_still,VALID,,,,190,4302197,114829,116495,114207.69,115706.08,621.31,788.92,671.35,947.16,False,False,nan,True,0.7,96.77,97.63,True,0,MOTION_ARTIFACT,0,,0,,,,,10,60,95,30,60,0.9997504688671068,0.24494897427831783
2026-08-31T21:58:31.104,124750359,P015,finger_still,VALID,,,,191,4302237,114991,116856,114223.35,115729.08,767.65,1126.92,785.24,943.92,False,False,nan,True,0.7,96.77,97.63,True,0,MOTION_ARTIFACT,0,,0,,,,,10,60,95,30,60,0.9997504688671068,0.24494897427831783
2026-08-31T21:58:31.247,124750500,P015,finger_still,VALID,,,,192,4302277,115102,117021,114240.92,115754.91,861.08,1266.09,905.45,943.15,False,False,nan,True,0.7,96.77,97.63,True,0,MOTION_ARTIFACT,0,,0,,,,,10,60,95,30,60,1.000624804809475,0.24494897427831783
2026-08-31T21:58:31.258,124750515,P015,finger_still,VALID,,,,193,4302317,115161,117120,114259.32,115782.22,901.68,1337.78,1013.53,944.56,False,False,nan,True,0.7,96.77,97.63,True,0,MOTION_ARTIFACT,0,,0,,,,,10,60,95,30,60,1.000624804809475,0.24494897427831783
2026-08-31T21:58:31.270,124750515,P015,finger_still,VALID,,,,194,4302357,115235,117266,114278.84,115811.89,956.16,1454.11,1123.68,948.14,False,False,nan,True,0.7,96.77,97.63,True,0,MOTION_ARTIFACT,0,,0,,,,,10,60,95,30,60,1.000624804809475,0.24494897427831783
2026-08-31T21:58:31.280,124750531,P015,finger_still,VALID,,,,195,4302397,115409,117583,114301.44,115847.31,1107.56,1735.69,1276.68,954.71,False,False,nan,True,0.7,96.77,97.63,True,0,MOTION_ARTIFACT,0,,0,,,,,10,60,95,30,60,1.000624804809475,0.24494897427831783
2026-08-31T21:58:31.302,124750546,P015,finger_still,VALID,,,,196,4302437,115703,118209,114329.47,115894.55,1373.53,2314.45,1536.12,966.34,False,False,nan,True,0.7,96.77,97.63,True,0,MOTION_ARTIFACT,0,,0,,,,,10,60,95,30,60,1.000624804809475,0.24494897427831783
2026-08-31T21:58:31.446,124750703,P015,finger_still,VALID,,,,197,4302477,116030,118883,114363.48,115954.31,1666.52,2928.69,1884.26,984.7,False,False,nan,True,0.7,96.77,97.63,True,0,MOTION_ARTIFACT,0,,0,,,,,10,60,95,30,60,0.9997504688671068,0.24494897427831783
2026-08-31T21:58:31.461,124750718,P015,finger_still,VALID,,,,198,4302517,116251,119348,114401.23,116022.19,1849.77,3325.81,2244.65,1009.9,False,False,nan,True,0.7,96.77,97.63,True,0,MOTION_ARTIFACT,0,,0,,,,,10,60,95,30,60,0.9997504688671068,0.24494897427831783
2026-08-31T21:58:31.470,124750718,P015,finger_still,VALID,,,,199,4302557,116357,119544,114440.34,116092.62,1916.66,3451.38,2546.33,1040.63,False,False,nan,True,0.7,96.77,97.63,True,0,MOTION_ARTIFACT,0,,0,,,,,10,60,95,30,60,0.9997504688671068,0.24494897427831783
2026-08-31T21:58:31.480,124750734,P015,finger_still,VALID,,,,200,4302597,116397,119561,114479.48,116161.99,1917.52,3399.01,2759.5,1075.01,False,False,nan,True,0.7,96.77,97.63,True,0,MOTION_ARTIFACT,0,,0,,,,,10,60,95,30,60,0.9997504688671068,0.24494897427831783
2026-08-31T21:58:31.502,124750750,P015,finger_still,VALID,,,,201,4302637,116213,119105,114514.15,116220.85,1698.85,2884.15,2790.66,1109.32,False,False,nan,True,0.7,96.77,97.63,True,0,MOTION_ARTIFACT,0,,0,,,,,10,60,95,30,60,0.9997504688671068,0.24494897427831783
2026-08-31T21:58:31.650,124750906,P015,finger_still,VALID,,,,202,4302677,115862,118233,114541.1,116261.09,1320.9,1971.91,2585.97,1138.85,True,True,720.0,True,0.7,92.31,97.63,True,0,MOTION_ARTIFACT,0,,0,,,,,10,60,95,30,60,0.9997504688671068,0.24494897427831783
2026-08-31T21:58:31.660,124750906,P015,finger_still,VALID,,,,203,4302717,115563,117526,114561.54,116286.39,1001.46,1239.61,2249.38,1161.06,False,False,nan,True,0.7,92.31,97.63,True,0,MOTION_ARTIFACT,0,,0,,,,,10,60,95,30,60,0.9997504688671068,0.24494897427831783
2026-08-31T21:58:31.671,124750921,P015,finger_still,VALID,,,,204,4302757,115467,117293,114579.65,116306.52,887.35,986.48,1933.66,1176.51,False,False,nan,True,0.7,92.31,97.63,True,0,MOTION_ARTIFACT,0,,0,,,,,10,60,95,30,60,0.9997504688671068,0.24494897427831783
2026-08-31T21:58:31.678,124750921,P015,finger_still,VALID,,,,205,4302797,115424,117161,114596.54,116323.61,827.46,837.39,1659.59,1186.18,False,False,nan,True,0.7,92.31,97.63,True,0,MOTION_ARTIFACT,0,,0,,,,,10,60,95,30,60,0.9997504688671068,0.24494897427831783
2026-08-31T21:58:31.701,124750953,P015,finger_still,VALID,,,,206,4302837,115389,117070,114612.39,116338.54,776.61,731.46,1427.56,1191.0,False,False,nan,True,0.7,92.31,97.63,True,0,MOTION_ARTIFACT,0,,0,,,,,10,60,95,30,60,0.9997504688671068,0.24494897427831783
2026-08-31T21:58:31.847,124751093,P015,finger_still,VALID,,,,207,4302877,115365,117014,114627.45,116352.05,737.55,661.95,1236.16,1191.91,False,False,nan,True,0.7,92.31,97.63,True,0,MOTION_ARTIFACT,0,,0,,,,,11,60,95,30,60,0.9997504688671068,0.31622776601683794
2026-08-31T21:58:31.859,124751109,P015,finger_still,VALID,,,,208,4302917,115314,116868,114641.18,116362.37,672.82,505.63,1053.53,1189.14,False,False,nan,True,0.7,92.31,97.63,True,0,MOTION_ARTIFACT,0,,0,,,,,11,60,95,30,60,0.9997504688671068,0.31622776601683794
2026-08-31T21:58:31.872,124751125,P015,finger_still,VALID,,,,209,4302957,115218,116659,114652.72,116368.3,565.28,290.7,862.82,1182.61,False,False,nan,True,0.7,92.31,97.63,True,0,MOTION_ARTIFACT,0,,0,,,,,11,60,95,30,60,0.9997504688671068,0.31622776601683794
2026-08-31T21:58:31.878,124751125,P015,finger_still,VALID,,,,210,4302997,115145,116514,114662.56,116371.21,482.44,142.79,682.81,1172.62,False,False,nan,True,0.7,92.31,97.63,True,0,MOTION_ARTIFACT,0,,0,,,,,11,60,95,30,60,0.9997504688671068,0.31622776601683794
2026-08-31T21:58:31.902,124751156,P015,finger_still,VALID,,,,211,4303037,115163,116528,114672.57,116374.34,490.43,153.66,550.52,1160.17,False,False,nan,True,0.7,92.31,97.63,True,0,MOTION_ARTIFACT,0,,0,,,,,11,60,95,30,60,0.9997504688671068,0.31622776601683794
2026-08-31T21:58:32.047,124751296,P015,finger_still,VALID,,,,212,4303077,115161,116520,114682.34,116377.26,478.66,142.74,448.58,1145.94,False,False,nan,True,0.7,92.31,97.63,True,0,MOTION_ARTIFACT,0,,0,,,,,11,60,95,30,60,0.9997504688671068,0.24494897427831783
2026-08-31T21:58:32.058,124751312,P015,finger_still,VALID,,,,213,4303117,115122,116442,114691.13,116378.55,430.87,63.45,352.29,1130.07,False,False,nan,True,0.7,92.31,97.63,True,0,MOTION_ARTIFACT,0,,0,,,,,11,60,95,30,60,0.9997504688671068,0.24494897427831783
2026-08-31T21:58:32.071,124751328,P015,finger_still,VALID,,,,214,4303157,115088,116360,114699.07,116378.19,388.93,-18.19,259.67,1112.66,False,False,nan,True,0.7,92.31,97.63,True,0,MOTION_ARTIFACT,0,,0,,,,,11,60,95,30,60,0.9997504688671068,0.24494897427831783
2026-08-31T21:58:32.078,124751328,P015,finger_still,VALID,,,,215,4303197,115116,116429,114707.41,116379.2,408.59,49.8,207.2,1094.55,False,False,nan,True,0.7,92.31,97.63,True,0,MOTION_ARTIFACT,0,,0,,,,,11,60,95,30,60,0.9997504688671068,0.24494897427831783
2026-08-31T21:58:32.101,124751359,P015,finger_still,VALID,,,,216,4303237,115122,116440,114715.7,116380.42,406.3,59.58,170.3,1076.07,False,False,nan,True,0.7,92.31,97.63,True,0,MOTION_ARTIFACT,0,,0,,,,,11,60,95,30,60,0.9997504688671068,0.24494897427831783
2026-08-31T21:58:32.248,124751500,P015,finger_still,VALID,,,,217,4303277,115136,116450,114724.1,116381.81,411.9,68.19,144.77,1057.44,False,False,nan,True,0.7,92.31,97.63,True,0,MOTION_ARTIFACT,0,,0,,,,,11,60,95,30,60,0.9997504688671068,0.24494897427831783
2026-08-31T21:58:32.258,124751515,P015,finger_still,VALID,,,,218,4303317,115017,116176,114729.96,116377.7,287.04,-201.7,58.15,1037.46,False,False,nan,True,0.7,92.31,97.63,True,0,MOTION_ARTIFACT,0,,0,,,,,11,60,95,30,60,0.9997504688671068,0.24494897427831783
2026-08-31T21:58:32.270,124751515,P015,finger_still,VALID,,,,219,4303357,114826,115735,114731.88,116364.84,94.12,-629.84,-113.85,1018.98,False,False,nan,True,0.7,92.31,97.63,True,0,MOTION_ARTIFACT,0,,0,,,,,11,60,95,30,60,0.9997504688671068,0.24494897427831783
2026-08-31T21:58:32.279,124751531,P015,finger_still,VALID,,,,220,4303397,114760,115594,114732.45,116349.43,27.55,-755.43,-274.24,1004.09,False,False,nan,True,0.7,92.31,97.63,True,0,MOTION_ARTIFACT,0,,0,,,,,11,60,95,30,60,0.9997504688671068,0.24494897427831783
2026-08-31T21:58:32.301,124751546,P015,finger_still,VALID,,,,221,4303437,114811,115697,114734.02,116336.38,76.98,-639.38,-365.53,991.32,False,False,nan,True,0.7,92.31,97.63,True,0,MOTION_ARTIFACT,0,,0,,,,,11,60,95,30,60,0.9997504688671068,0.24494897427831783
2026-08-31T21:58:32.449,124751703,P015,finger_still,VALID,,,,222,4303477,114837,115753,114736.08,116324.72,100.92,-571.72,-417.07,979.83,False,False,nan,True,0.7,92.31,97.63,True,0,MOTION_ARTIFACT,0,,0,,,,,11,60,95,30,60,0.9993052586672402,0.24494897427831783
2026-08-31T21:58:32.458,124751703,P015,finger_still,VALID,,,,223,4303517,114869,115832,114738.73,116314.87,130.27,-482.87,-433.52,968.91,False,False,nan,True,0.7,92.31,97.63,True,0,MOTION_ARTIFACT,0,,0,,,,,11,60,95,30,60,0.9993052586672402,0.24494897427831783
2026-08-31T21:58:32.469,124751718,P015,finger_still,VALID,,,,224,4303557,114907,115908,114742.1,116306.73,164.9,-398.73,-424.82,958.02,False,False,nan,True,0.7,92.31,97.63,True,0,MOTION_ARTIFACT,0,,0,,,,,11,60,95,30,60,0.9993052586672402,0.24494897427831783
2026-08-31T21:58:32.481,124751734,P015,finger_still,VALID,,,,225,4303597,114869,115841,114744.64,116297.41,124.36,-456.41,-432.72,947.52,False,False,nan,True,0.7,92.31,97.63,True,0,MOTION_ARTIFACT,0,,0,,,,,11,60,95,30,60,0.9993052586672402,0.24494897427831783
2026-08-31T21:58:32.503,124751750,P015,finger_still,VALID,,,,226,4303637,114755,115576,114744.85,116282.98,10.15,-706.98,-501.29,938.59,False,False,nan,True,0.7,92.31,97.63,True,0,MOTION_ARTIFACT,0,,0,,,,,11,60,95,30,60,0.9993052586672402,0.24494897427831783
2026-08-31T21:58:32.648,124751906,P015,finger_still,VALID,,,,227,4303677,114709,115467,114744.13,116266.66,-35.13,-799.66,-575.88,931.34,False,False,nan,True,0.7,92.31,97.63,True,0,MOTION_ARTIFACT,0,,0,,,,,11,60,95,30,60,0.9997504688671068,0.7071067811865475
2026-08-31T21:58:32.658,124751906,P015,finger_still,VALID,,,,228,4303717,114699,115468,114743.23,116250.69,-44.23,-782.69,-627.58,925.26,False,False,nan,True,0.7,92.31,97.63,True,0,MOTION_ARTIFACT,0,,0,,,,,11,60,95,30,60,0.9997504688671068,0.7071067811865475
2026-08-31T21:58:32.669,124751921,P015,finger_still,VALID,,,,229,4303757,114730,115538,114742.96,116236.44,-12.96,-698.44,-645.3,919.67,False,False,nan,True,0.7,92.31,97.63,True,0,MOTION_ARTIFACT,0,,0,,,,,11,60,95,30,60,0.9997504688671068,0.7071067811865475
2026-08-31T21:58:32.678,124751921,P015,finger_still,VALID,,,,230,4303797,114766,115634,114743.42,116224.39,22.58,-590.39,-631.57,913.9,False,False,nan,True,0.7,92.31,97.63,True,0,MOTION_ARTIFACT,0,,0,,,,,11,60,95,30,60,0.9997504688671068,0.7071067811865475
2026-08-31T21:58:32.703,124751953,P015,finger_still,VALID,,,,231,4303837,114819,115745,114744.93,116214.8,74.07,-469.8,-591.13,907.45,False,False,nan,True,0.7,92.31,97.63,True,0,MOTION_ARTIFACT,0,,0,,,,,11,60,95,30,60,0.9997504688671068,0.7071067811865475
2026-08-31T21:58:32.847,124752093,P015,finger_still,VALID,,,,232,4303877,114855,115830,114747.13,116207.11,107.87,-377.11,-537.62,900.05,False,False,nan,True,0.7,92.31,97.63,True,0,MOTION_ARTIFACT,0,,0,,,,,11,60,95,30,60,0.9993052586672402,0.24494897427831783
2026-08-31T21:58:32.862,124752109,P015,finger_still,VALID,,,,233,4303917,114870,115850,114749.59,116199.97,120.41,-349.97,-490.71,891.86,False,False,nan,True,0.7,92.31,97.63,True,0,MOTION_ARTIFACT,0,,0,,,,,11,60,95,30,60,0.9993052586672402,0.24494897427831783
2026-08-31T21:58:32.870,124752125,P015,finger_still,VALID,,,,234,4303957,114872,115871,114752.04,116193.39,119.96,-322.39,-448.63,883.0,False,False,nan,True,0.7,92.31,97.63,True,0,MOTION_ARTIFACT,0,,0,,,,,11,60,95,30,60,0.9993052586672402,0.24494897427831783
2026-08-31T21:58:32.882,124752125,P015,finger_still,VALID,,,,235,4303997,114827,115769,114753.54,116184.91,73.46,-415.91,-440.45,874.15,False,False,nan,True,0.7,92.31,97.63,True,0,MOTION_ARTIFACT,0,,0,,,,,11,60,95,30,60,0.9993052586672402,0.24494897427831783
2026-08-31T21:58:32.901,124752156,P015,finger_still,VALID,,,,236,4304037,114611,115284,114750.69,116166.89,-139.69,-882.89,-551.06,867.69,False,False,nan,True,0.7,92.31,97.63,True,0,MOTION_ARTIFACT,0,,0,,,,,11,60,95,30,60,0.9993052586672402,0.24494897427831783
2026-08-31T21:58:33.047,124752296,P015,finger_still,VALID,,,,237,4304077,114402,114821,114743.71,116139.98,-341.71,-1318.98,-743.04,865.19,False,False,nan,True,0.7,92.31,97.63,True,0,MOTION_ARTIFACT,0,,0,,,,,11,60,95,30,60,1.0001789839823672,0.24494897427831783
2026-08-31T21:58:33.058,124752312,P015,finger_still,VALID,,,,238,4304117,114361,114735,114736.05,116111.88,-375.05,-1376.88,-901.5,865.92,False,False,nan,True,0.7,92.31,97.63,True,0,MOTION_ARTIFACT,0,,0,,,,,11,60,95,30,60,1.0001789839823672,0.24494897427831783
2026-08-31T21:58:33.069,124752312,P015,finger_still,VALID,,,,239,4304157,114404,114808,114729.41,116085.8,-325.41,-1277.8,-995.57,868.51,False,False,nan,True,0.7,92.31,97.63,True,0,MOTION_ARTIFACT,0,,0,,,,,11,60,95,30,60,1.0001789839823672,0.24494897427831783
2026-08-31T21:58:33.082,124752328,P015,finger_still,VALID,,,,240,4304197,114441,114908,114723.65,116062.24,-282.65,-1154.24,-1035.24,871.85,False,False,nan,True,0.7,92.31,97.63,True,0,MOTION_ARTIFACT,0,,0,,,,,11,60,95,30,60,1.0001789839823672,0.24494897427831783
2026-08-31T21:58:33.104,124752359,P015,finger_still,VALID,,,,241,4304237,114432,114902,114717.81,116039.04,-285.81,-1137.04,-1060.69,875.62,False,False,nan,True,0.7,92.31,97.63,True,0,MOTION_ARTIFACT,0,,0,,,,,11,60,95,30,60,1.0001789839823672,0.24494897427831783
2026-08-31T21:58:33.248,124752500,P015,finger_still,VALID,,,,242,4304277,114443,114919,114712.31,116016.64,-269.31,-1097.64,-1069.93,879.51,False,False,nan,True,0.7,92.31,97.63,True,0,MOTION_ARTIFACT,0,,0,,,,,11,60,95,30,60,1.0004084165979412,0.24494897427831783
2026-08-31T21:58:33.258,124752515,P015,finger_still,VALID,,,,243,4304317,114429,114932,114706.65,115994.95,-277.65,-1062.95,-1068.18,883.28,False,False,nan,True,0.7,92.31,97.63,True,0,MOTION_ARTIFACT,0,,0,,,,,11,60,95,30,60,1.0004084165979412,0.24494897427831783
2026-08-31T21:58:33.271,124752515,P015,finger_still,VALID,,,,244,4304357,114440,114945,114701.31,115973.95,-261.31,-1028.95,-1058.37,886.79,False,False,nan,True,0.7,92.31,96.13,True,0,MOTION_ARTIFACT,0,,0,,,,,11,60,95,30,60,1.0004084165979412,0.24494897427831783
2026-08-31T21:58:33.284,124752531,P015,finger_still,VALID,,,,245,4304397,114469,115022,114696.66,115954.91,-227.66,-932.91,-1027.01,889.59,False,False,nan,True,0.7,92.31,96.13,True,0,MOTION_ARTIFACT,0,,0,,,,,11,60,95,30,60,1.0004084165979412,0.24494897427831783
2026-08-31T21:58:33.301,124752546,P015,finger_still,VALID,,,,246,4304437,114508,115113,114692.89,115938.07,-184.89,-825.07,-976.52,891.33,False,False,nan,True,0.7,92.31,96.13,True,0,MOTION_ARTIFACT,0,,0,,,,,11,60,95,30,60,1.0004084165979412,0.24494897427831783
2026-08-31T21:58:33.448,124752703,P015,finger_still,VALID,,,,247,4304477,114566,115232,114690.35,115923.95,-124.35,-691.95,-905.38,891.61,False,False,nan,True,0.7,92.31,96.13,True,0,MOTION_ARTIFACT,0,,0,,,,,11,60,95,30,60,1.0001789839823672,0.24494897427831783
2026-08-31T21:58:33.458,124752703,P015,finger_still,VALID,,,,248,4304517,114594,115307,114688.42,115911.61,-94.42,-604.61,-830.19,890.38,False,False,nan,True,0.7,92.31,96.13,True,0,MOTION_ARTIFACT,0,,0,,,,,11,60,95,30,60,1.0001789839823672,0.24494897427831783
2026-08-31T21:58:33.471,124752718,P015,finger_still,VALID,,,,249,4304557,114577,115298,114686.2,115899.34,-109.2,-601.34,-772.97,888.03,False,False,nan,True,0.7,92.31,96.13,True,0,MOTION_ARTIFACT,0,,0,,,,,11,60,95,30,60,1.0001789839823672,0.24494897427831783
2026-08-31T21:58:33.481,124752734,P015,finger_still,VALID,,,,250,4304597,114592,115308,114684.31,115887.51,-92.31,-579.51,-724.61,884.76,False,False,nan,True,0.7,92.31,96.13,True,0,MOTION_ARTIFACT,0,,0,,,,,11,60,95,30,60,1.0001789839823672,0.24494897427831783
2026-08-31T21:58:33.503,124752750,P015,finger_still,VALID,,,,251,4304637,114588,115325,114682.38,115876.26,-94.38,-551.26,-681.27,880.7,False,False,nan,True,0.7,92.31,96.13,True,0,MOTION_ARTIFACT,0,,0,,,,,11,60,95,30,60,1.0001789839823672,0.24494897427831783
2026-08-31T21:58:33.646,124752890,P015,finger_still,VALID,,,,252,4304677,114572,115320,114680.17,115865.13,-108.17,-545.13,-647.24,876.03,False,False,nan,True,0.7,92.31,96.13,True,0,MOTION_ARTIFACT,0,,0,,,,,10,60,95,30,60,0.9995348918371983,0.24494897427831783
2026-08-31T21:58:33.658,124752906,P015,finger_still,VALID,,,,253,4304717,114548,115275,114677.53,115853.33,-129.53,-578.33,-630.01,871.11,False,False,nan,True,0.7,92.31,96.13,True,0,MOTION_ARTIFACT,0,,0,,,,,10,60,95,30,60,0.9995348918371983,0.24494897427831783
2026-08-31T21:58:33.679,124752937,P015,finger_still,VALID,,,,254,4304757,114367,114866,114671.32,115833.58,-304.32,-967.58,-714.4,867.97,False,False,nan,True,0.7,92.31,96.13,True,0,MOTION_ARTIFACT,0,,0,,,,,10,60,95,30,60,0.9995348918371983,0.24494897427831783
2026-08-31T21:58:33.687,124752937,P015,finger_still,VALID,,,,255,4304797,114138,114379,114660.66,115804.48,-522.66,-1425.48,-892.17,868.46,False,False,nan,True,0.7,92.31,96.13,True,0,MOTION_ARTIFACT,0,,0,,,,,10,60,95,30,60,0.9995348918371983,0.24494897427831783
2026-08-31T21:58:33.701,124752953,P015,finger_still,VALID,,,,256,4304837,114093,114273,114649.3,115773.85,-556.3,-1500.85,-1044.34,871.97,False,False,nan,True,0.7,92.31,96.13,True,0,MOTION_ARTIFACT,0,,0,,,,,10,60,95,30,60,0.9995348918371983,0.24494897427831783
2026-08-31T21:58:33.847,124753093,P015,finger_still,VALID,,,,257,4304877,114170,114452,114639.72,115747.41,-469.72,-1295.41,-1107.11,876.68,False,False,nan,True,0.7,92.31,96.13,True,0,MOTION_ARTIFACT,0,,0,,,,,10,60,95,30,60,0.9995348918371983,0.24494897427831783
2026-08-31T21:58:33.857,124753109,P015,finger_still,VALID,,,,258,4304917,114288,114725,114632.69,115726.97,-344.69,-1001.97,-1080.82,880.76,False,False,nan,True,0.7,92.31,96.13,True,0,MOTION_ARTIFACT,0,,0,,,,,10,60,95,30,60,0.9995348918371983,0.24494897427831783
2026-08-31T21:58:33.870,124753125,P015,finger_still,VALID,,,,259,4304957,114443,115061,114628.89,115713.65,-185.89,-652.65,-973.78,882.62,False,False,nan,True,0.7,92.31,96.13,True,0,MOTION_ARTIFACT,0,,0,,,,,10,60,95,30,60,0.9995348918371983,0.24494897427831783
2026-08-31T21:58:33.879,124753125,P015,finger_still,VALID,,,,260,4304997,114550,115264,114627.31,115704.66,-77.31,-440.66,-840.5,881.78,False,False,nan,True,0.7,92.31,96.13,True,0,MOTION_ARTIFACT,0,,0,,,,,10,60,95,30,60,0.9995348918371983,0.24494897427831783
2026-08-31T21:58:33.901,124753156,P015,finger_still,VALID,,,,261,4305037,114605,115384,114626.87,115698.24,-21.87,-314.24,-708.94,878.32,False,False,nan,True,0.7,92.31,96.13,True,0,MOTION_ARTIFACT,0,,0,,,,,10,60,95,30,60,0.9995348918371983,0.24494897427831783
2026-08-31T21:58:34.047,124753296,P015,finger_still,VALID,,,,262,4305077,114643,115460,114627.19,115693.48,15.81,-233.48,-590.07,872.55,False,False,nan,True,0.7,92.31,96.13,True,0,MOTION_ARTIFACT,0,,0,,,,,9,60,95,30,60,1.0004084165979412,0.24494897427831783
2026-08-31T21:58:34.062,124753312,P015,finger_still,VALID,,,,263,4305117,114703,115581,114628.7,115691.23,74.3,-110.23,-470.11,864.51,False,False,nan,True,0.7,92.31,96.13,True,0,MOTION_ARTIFACT,0,,0,,,,,9,60,95,30,60,1.0004084165979412,0.24494897427831783
2026-08-31T21:58:34.073,124753328,P015,finger_still,VALID,,,,264,4305157,114788,115727,114631.89,115691.95,156.11,35.05,-343.82,854.09,False,False,nan,True,0.7,92.31,96.13,True,0,MOTION_ARTIFACT,0,,0,,,,,9,60,95,30,60,1.0004084165979412,0.24494897427831783
2026-08-31T21:58:34.083,124753328,P015,finger_still,VALID,,,,265,4305197,114707,115576,114633.39,115689.62,73.61,-113.62,-286.27,842.74,False,False,nan,True,0.7,92.31,96.13,True,0,MOTION_ARTIFACT,0,,0,,,,,9,60,95,30,60,1.0004084165979412,0.24494897427831783
2026-08-31T21:58:34.103,124753359,P015,finger_still,VALID,,,,266,4305237,114539,115192,114631.5,115679.67,-92.5,-487.67,-336.62,832.61,False,False,nan,True,0.7,92.31,96.13,True,0,MOTION_ARTIFACT,0,,0,,,,,9,60,95,30,60,1.0004084165979412,0.24494897427831783
2026-08-31T21:58:34.250,124753500,P015,finger_still,VALID,,,,267,4305277,114316,114736,114625.19,115660.8,-309.19,-924.8,-483.66,825.63,False,False,nan,True,0.7,92.31,96.13,True,0,MOTION_ARTIFACT,0,,0,,,,,9,60,95,30,60,0.9995348918371983,0.17320508075688776
2026-08-31T21:58:34.258,124753515,P015,finger_still,VALID,,,,268,4305317,114117,114344,114615.02,115634.46,-498.02,-1290.46,-685.36,822.83,False,False,nan,True,0.7,92.31,96.13,True,0,MOTION_ARTIFACT,0,,0,,,,,9,60,95,30,60,0.9995348918371983,0.17320508075688776
2026-08-31T21:58:34.270,124753515,P015,finger_still,VALID,,,,269,4305357,114046,114247,114603.64,115606.71,-557.64,-1359.71,-853.95,823.45,False,False,nan,True,0.7,92.31,96.13,True,0,MOTION_ARTIFACT,0,,0,,,,,9,60,95,30,60,0.9995348918371983,0.17320508075688776
2026-08-31T21:58:34.278,124753531,P015,finger_still,VALID,,,,270,4305397,114106,114423,114593.69,115583.04,-487.69,-1160.04,-930.47,825.59,False,False,nan,True,0.7,92.31,96.13,True,0,MOTION_ARTIFACT,0,,0,,,,,9,60,95,30,60,0.9995348918371983,0.17320508075688776
2026-08-31T21:58:34.301,124753546,P015,finger_still,VALID,,,,271,4305437,114239,114701,114586.59,115565.4,-347.59,-864.4,-913.95,827.36,False,False,nan,True,0.7,92.31,96.13,True,0,MOTION_ARTIFACT,0,,0,,,,,9,60,95,30,60,0.9995348918371983,0.17320508075688776
2026-08-31T21:58:34.448,124753703,P015,finger_still,VALID,,,,272,4305477,114200,114595,114578.86,115545.99,-378.86,-950.99,-923.21,829.28,False,False,nan,True,0.7,92.31,96.13,True,0,MOTION_ARTIFACT,0,,0,,,,,9,60,95,30,60,0.9986616043485401,0.24494897427831783
2026-08-31T21:58:34.458,124753703,P015,finger_still,VALID,,,,273,4305517,113980,114131,114566.88,115517.7,-586.88,-1386.7,-1039.08,833.47,False,False,nan,True,0.7,92.31,96.13,True,0,MOTION_ARTIFACT,0,,0,,,,,9,60,95,30,60,0.9986616043485401,0.24494897427831783
2026-08-31T21:58:34.471,124753718,P015,finger_still,VALID,,,,274,4305557,113874,113904,114553.02,115485.42,-679.02,-1581.42,-1174.67,840.3,False,False,nan,True,0.7,92.31,96.13,True,0,MOTION_ARTIFACT,0,,0,,,,,9,60,95,30,60,0.9986616043485401,0.24494897427831783
2026-08-31T21:58:34.480,124753734,P015,finger_still,VALID,,,,275,4305597,113860,113867,114539.16,115453.05,-679.16,-1586.05,-1277.52,849.04,False,False,nan,True,0.7,92.31,96.13,True,0,MOTION_ARTIFACT,0,,0,,,,,9,60,95,30,60,0.9986616043485401,0.24494897427831783
2026-08-31T21:58:34.502,124753750,P015,finger_still,VALID,,,,276,4305637,113836,113832,114525.1,115420.63,-689.1,-1588.63,-1355.29,859.17,False,False,nan,True,0.7,92.31,96.13,True,0,MOTION_ARTIFACT,0,,0,,,,,9,60,95,30,60,0.9986616043485401,0.24494897427831783
2026-08-31T21:58:34.649,124753906,P015,finger_still,VALID,,,,277,4305677,113760,113704,114509.8,115386.3,-749.8,-1682.3,-1437.05,870.72,False,False,nan,True,0.7,92.31,96.13,True,0,MOTION_ARTIFACT,0,,0,,,,,9,60,95,30,60,0.9995348918371983,0.24494897427831783
2026-08-31T21:58:34.658,124753906,P015,finger_still,VALID,,,,278,4305727,113688,113554,114493.36,115349.65,-805.36,-1795.65,-1526.7,883.84,False,False,nan,True,0.7,92.31,96.13,True,0,MOTION_ARTIFACT,0,,0,,,,,9,60,95,30,60,0.9995348918371983,0.24494897427831783
2026-08-31T21:58:34.672,124753921,P015,finger_still,VALID,,,,279,4305757,113664,113532,114476.77,115313.3,-812.77,-1781.3,-1590.35,897.97,False,False,nan,True,0.7,92.31,96.13,True,0,MOTION_ARTIFACT,0,,0,,,,,9,60,95,30,60,0.9995348918371983,0.24494897427831783
2026-08-31T21:58:34.679,124753937,P015,finger_still,VALID,,,,280,4305797,113706,113642,114461.36,115279.87,-755.36,-1637.87,-1602.23,912.06,False,False,nan,True,0.7,92.31,96.13,True,0,MOTION_ARTIFACT,0,,0,,,,,9,60,95,30,60,0.9995348918371983,0.24494897427831783
2026-08-31T21:58:34.702,124753953,P015,finger_still,VALID,,,,281,4305837,113793,113841,114447.99,115251.09,-654.99,-1410.09,-1554.19,924.9,False,False,nan,True,0.7,92.31,96.13,True,0,MOTION_ARTIFACT,0,,0,,,,,9,60,95,30,60,0.9995348918371983,0.24494897427831783
2026-08-31T21:58:34.847,124754093,P015,finger_still,VALID,,,,282,4305877,113821,113908,114435.45,115224.23,-614.45,-1316.23,-1494.7,936.3,False,False,nan,True,0.7,92.31,96.13,True,0,MOTION_ARTIFACT,0,,0,,,,,9,60,95,30,60,0.9997654724984255,0.24494897427831783
2026-08-31T21:58:34.858,124754109,P015,finger_still,VALID,,,,283,4305927,113807,113894,114422.88,115197.63,-615.88,-1303.63,-1446.94,946.51,False,False,nan,True,0.7,92.31,96.13,True,0,MOTION_ARTIFACT,0,,0,,,,,9,60,95,30,60,0.9997654724984255,0.24494897427831783
2026-08-31T21:58:34.871,124754125,P015,finger_still,VALID,,,,284,4305957,113844,113997,114411.3,115173.62,-567.3,-1176.62,-1379.36,955.17,False,False,nan,True,0.7,92.31,96.13,True,0,MOTION_ARTIFACT,0,,0,,,,,9,60,95,30,60,0.9997654724984255,0.24494897427831783
2026-08-31T21:58:34.879,124754125,P015,finger_still,VALID,,,,285,4306007,113893,114107,114400.94,115152.28,-507.94,-1045.28,-1295.84,961.98,False,False,nan,True,0.7,92.31,96.13,True,0,MOTION_ARTIFACT,0,,0,,,,,9,60,95,30,60,0.9997654724984255,0.24494897427831783
2026-08-31T21:58:34.902,124754156,P015,finger_still,VALID,,,,286,4306037,113921,114182,114391.34,115132.88,-470.34,-950.88,-1209.6,966.93,False,False,nan,True,0.7,92.31,96.13,True,0,MOTION_ARTIFACT,0,,0,,,,,9,60,95,30,60,0.9997654724984255,0.24494897427831783
2026-08-31T21:58:35.046,124754296,P015,finger_still,VALID,,,,287,4306087,113857,114080,114380.65,115111.82,-523.65,-1031.82,-1165.15,970.9,False,False,nan,True,0.7,92.31,96.13,True,0,MOTION_ARTIFACT,0,,0,,,,,9,60,95,30,60,0.9995348918371983,0.4123105625617661
2026-08-31T21:58:35.059,124754312,P015,finger_still,VALID,,,,288,4306127,113820,114036,114369.44,115090.3,-549.44,-1054.3,-1137.44,974.23,False,False,nan,True,0.7,92.31,96.13,True,0,MOTION_ARTIFACT,0,,0,,,,,9,60,95,30,60,0.9995348918371983,0.4123105625617661
2026-08-31T21:58:35.070,124754328,P015,finger_still,VALID,,,,289,4306167,113764,113851,114357.33,115065.52,-593.33,-1214.52,-1156.71,977.88,False,False,nan,True,0.7,92.31,96.13,True,0,MOTION_ARTIFACT,0,,0,,,,,9,60,95,30,60,0.9995348918371983,0.4123105625617661
2026-08-31T21:58:35.080,124754328,P015,finger_still,VALID,,,,290,4306207,113684,113718,114343.86,115038.56,-659.86,-1320.56,-1197.67,982.27,False,False,nan,True,0.7,92.31,96.13,True,0,MOTION_ARTIFACT,0,,0,,,,,9,60,95,30,60,0.9995348918371983,0.4123105625617661
2026-08-31T21:58:35.114,124754359,P015,finger_still,VALID,,,,291,4306247,113666,113647,114330.3,115010.73,-664.3,-1363.73,-1239.19,987.41,False,False,nan,True,0.7,92.31,96.13,True,0,MOTION_ARTIFACT,0,,0,,,,,9,60,95,30,60,0.9995348918371983,0.4123105625617661
2026-08-31T21:58:35.246,124754500,P015,finger_still,VALID,,,,292,4306287,113669,113671,114317.08,114983.94,-648.08,-1312.94,-1257.63,992.82,False,False,nan,True,0.7,92.31,96.13,True,0,MOTION_ARTIFACT,0,,0,,,,,9,60,95,30,60,0.9997654724984255,0.24494897427831783
2026-08-31T21:58:35.257,124754515,P015,finger_still,VALID,,,,293,4306327,113656,113641,114303.86,114957.08,-647.86,-1316.08,-1272.24,998.4,False,False,nan,True,0.7,92.31,96.13,True,0,MOTION_ARTIFACT,0,,0,,,,,9,60,95,30,60,0.9997654724984255,0.24494897427831783
2026-08-31T21:58:35.271,124754515,P015,finger_still,VALID,,,,294,4306367,113679,113731,114291.36,114932.55,-612.36,-1201.55,-1254.57,1003.53,False,False,nan,True,0.7,92.31,96.13,True,0,MOTION_ARTIFACT,0,,0,,,,,9,60,95,30,60,0.9997654724984255,0.24494897427831783
2026-08-31T21:58:35.282,124754531,P015,finger_still,VALID,,,,295,4306407,113718,113769,114279.89,114909.28,-561.89,-1140.28,-1226.0,1007.98,False,False,nan,True,0.7,92.31,96.13,True,0,MOTION_ARTIFACT,0,,0,,,,,9,60,95,30,60,0.9997654724984255,0.24494897427831783
2026-08-31T21:58:35.313,124754562,P015,finger_still,VALID,,,,296,4306447,113680,113671,114267.89,114884.52,-587.89,-1213.52,-1222.88,1012.27,False,False,nan,True,0.7,92.31,96.13,True,0,MOTION_ARTIFACT,0,,0,,,,,9,60,95,30,60,0.9997654724984255,0.24494897427831783
2026-08-31T21:58:35.447,124754703,P015,finger_still,VALID,,,,297,4306487,113603,113585,114254.59,114858.52,-651.59,-1273.52,-1235.54,1016.74,False,False,nan,True,0.7,92.31,96.13,True,0,COLLECTING,0,,0,,,,,9,60,95,30,60,0.9997654724984255,0.24494897427831783
2026-08-31T21:58:35.458,124754703,P015,finger_still,VALID,,,,298,4306527,113561,113538,114240.72,114832.11,-679.72,-1294.11,-1250.18,1021.41,False,False,nan,True,0.7,92.31,96.13,True,0,COLLECTING,0,,0,,,,,9,60,95,30,60,0.9997654724984255,0.24494897427831783
2026-08-31T21:58:35.471,124754718,P015,finger_still,VALID,,,,299,4306567,113640,113661,114228.7,114808.69,-588.7,-1147.69,-1224.56,1025.47,False,False,nan,True,0.7,92.31,96.13,True,0,COLLECTING,0,,0,,,,,9,60,95,30,60,0.9997654724984255,0.24494897427831783
2026-08-31T21:58:35.480,124754734,P015,finger_still,VALID,,,,300,4306607,113737,113977,114218.87,114792.05,-481.87,-815.05,-1122.18,1027.41,False,False,nan,True,0.7,92.31,96.13,True,0,COLLECTING,0,,0,,,,,9,60,95,30,60,0.9997654724984255,0.24494897427831783
2026-08-31T21:58:35.512,124754765,P015,finger_still,VALID,,,,301,4306647,113881,114229,114212.11,114780.8,-331.11,-551.8,-979.59,1026.45,False,False,nan,True,0.7,92.31,96.13,True,0,COLLECTING,0,,0,,,,,9,60,95,30,60,0.9997654724984255,0.24494897427831783
2026-08-31T21:58:35.648,124754906,P015,finger_still,VALID,,,,302,4306687,113883,114270,114205.52,114770.58,-322.52,-500.58,-859.83,1023.12,False,False,nan,True,0.7,92.31,96.13,True,0,COLLECTING,0,,0,,,,,9,60,95,30,60,0.9997654724984255,0.24494897427831783
2026-08-31T21:58:35.658,124754906,P015,finger_still,VALID,,,,303,4306727,113816,114155,114197.73,114758.27,-381.73,-603.27,-795.69,1018.57,False,False,nan,True,0.7,92.31,96.13,True,0,COLLECTING,0,,0,,,,,9,60,95,30,60,0.9997654724984255,0.24494897427831783
2026-08-31T21:58:35.670,124754921,P015,finger_still,VALID,,,,304,4306767,113838,114231,114190.54,114747.72,-352.54,-516.72,-725.95,1012.72,False,False,nan,True,0.7,92.31,96.13,True,0,COLLECTING,0,,0,,,,,9,60,95,30,60,0.9997654724984255,0.24494897427831783
2026-08-31T21:58:35.679,124754937,P015,finger_still,VALID,,,,305,4306807,113756,114093,114181.85,114734.62,-425.85,-641.62,-704.87,1006.56,False,False,nan,True,0.7,92.31,96.13,True,0,COLLECTING,0,,0,,,,,9,60,95,30,60,0.9997654724984255,0.24494897427831783
2026-08-31T21:58:35.712,124754968,P015,finger_still,VALID,,,,306,4306847,113643,113762,114171.08,114715.17,-528.08,-953.17,-766.94,1001.77,False,False,nan,True,0.7,92.31,96.13,True,0,COLLECTING,0,,0,,,,,9,60,95,30,60,0.9997654724984255,0.24494897427831783
2026-08-31T21:58:35.846,124755093,P015,finger_still,VALID,,,,307,4306887,113573,113630,114159.12,114693.47,-586.12,-1063.47,-841.07,998.55,False,False,nan,True,0.7,92.31,96.13,True,0,COLLECTING,0,,0,,,,,9,60,95,30,60,0.9988923865962739,0.24494897427831783
2026-08-31T21:58:35.858,124755109,P015,finger_still,VALID,,,,308,4306927,113550,113619,114146.94,114671.98,-596.94,-1052.98,-894.05,996.46,False,False,nan,True,0.7,92.31,96.13,True,0,COLLECTING,0,,0,,,,,9,60,95,30,60,0.9988923865962739,0.24494897427831783
2026-08-31T21:58:35.871,124755125,P015,finger_still,VALID,,,,309,4306967,113636,113766,114136.72,114653.86,-500.72,-887.86,-892.5,994.38,False,False,nan,True,0.7,92.31,96.13,True,0,COLLECTING,0,,0,,,,,9,60,95,30,60,0.9988923865962739,0.24494897427831783
2026-08-31T21:58:35.880,124755125,P015,finger_still,VALID,,,,310,4307007,113749,114055,114128.96,114641.88,-379.96,-586.88,-816.1,990.82,False,False,nan,True,0.7,92.31,96.13,True,0,COLLECTING,0,,0,,,,,9,60,95,30,60,0.9988923865962739,0.24494897427831783
2026-08-31T21:58:35.912,124755156,P015,finger_still,VALID,,,,311,4307047,113803,114207,114122.45,114633.19,-319.45,-426.19,-718.62,985.37,False,False,nan,True,0.7,92.31,96.13,True,0,COLLECTING,0,,0,,,,,9,60,95,30,60,0.9988923865962739,0.24494897427831783
2026-08-31T21:58:36.048,124755296,P015,finger_still,VALID,,,,312,4307087,113808,114133,114116.16,114623.19,-308.16,-490.19,-661.51,978.9,False,False,nan,True,0.7,92.31,96.13,True,0,COLLECTING,0,,0,,,,,9,60,95,30,60,0.9997654724984255,0.24494897427831783
2026-08-31T21:58:36.057,124755312,P015,finger_still,VALID,,,,313,4307127,113772,113946,114109.27,114609.64,-337.27,-663.64,-662.04,972.56,False,False,nan,True,0.7,92.31,96.13,True,0,COLLECTING,0,,0,,,,,9,60,95,30,60,0.9997654724984255,0.24494897427831783
2026-08-31T21:58:36.070,124755328,P015,finger_still,VALID,,,,314,4307167,113790,114042,114102.89,114598.29,-312.89,-556.29,-635.61,965.82,False,False,nan,True,0.7,92.31,96.13,True,0,COLLECTING,0,,0,,,,,9,60,95,30,60,0.9997654724984255,0.24494897427831783
2026-08-31T21:58:36.078,124755328,P015,finger_still,VALID,,,,315,4307207,113866,114185,114098.16,114590.02,-232.16,-405.02,-577.96,958.06,False,False,nan,True,0.7,92.31,96.13,True,0,COLLECTING,0,,0,,,,,9,60,95,30,60,0.9997654724984255,0.24494897427831783
2026-08-31T21:58:36.112,124755359,P015,finger_still,VALID,,,,316,4307247,113916,114332,114094.52,114584.86,-178.52,-252.86,-496.68,948.84,False,False,nan,True,0.7,92.31,96.13,True,0,COLLECTING,0,,0,,,,,9,60,95,30,60,0.9997654724984255,0.24494897427831783
2026-08-31T21:58:36.247,124755500,P015,finger_still,VALID,,,,317,4307287,113930,114329,114091.23,114579.74,-161.23,-250.74,-435.2,938.56,False,False,nan,True,0.7,92.31,96.13,True,0,COLLECTING,0,,0,,,,,9,60,95,30,60,0.9988923865962739,0.24494897427831783
2026-08-31T21:58:36.258,124755515,P015,finger_still,VALID,,,,318,4307327,113926,114247,114087.92,114573.09,-161.92,-326.09,-407.92,927.95,False,False,nan,True,0.7,92.31,96.13,True,0,COLLECTING,0,,0,,,,,9,60,95,30,60,0.9988923865962739,0.24494897427831783
2026-08-31T21:58:36.269,124755515,P015,finger_still,VALID,,,,319,4307367,113872,114211,114083.6,114565.84,-211.6,-354.84,-394.65,917.28,False,False,nan,True,0.7,92.31,96.13,True,0,COLLECTING,0,,0,,,,,9,60,95,30,60,0.9988923865962739,0.24494897427831783
2026-08-31T21:58:36.279,124755531,P015,finger_still,VALID,,,,320,4307407,113994,114398,114081.81,114562.48,-87.81,-164.48,-337.11,905.68,False,False,nan,True,0.7,92.31,96.13,True,0,COLLECTING,0,,0,,,,,9,60,95,30,60,0.9988923865962739,0.24494897427831783
2026-08-31T21:58:36.311,124755562,P015,finger_still,VALID,,,,321,4307447,113978,114373,114079.73,114558.7,-101.73,-185.7,-299.26,893.55,False,False,nan,True,0.7,92.31,96.13,True,0,COLLECTING,0,,0,,,,,9,60,95,30,60,0.9988923865962739,0.24494897427831783
2026-08-31T21:58:36.446,124755703,P015,finger_still,VALID,,,,322,4307487,113813,113978,114074.4,114547.08,-261.4,-569.08,-366.71,883.02,False,False,nan,True,0.7,92.31,96.13,True,0,COLLECTING,0,,0,,,,,9,60,95,30,60,0.9997654724984255,0.24494897427831783
2026-08-31T21:58:36.458,124755703,P015,finger_still,VALID,,,,323,4307527,113691,113787,114066.73,114531.88,-375.73,-744.88,-461.25,874.58,False,False,nan,True,0.7,92.31,96.13,True,0,COLLECTING,0,,0,,,,,9,60,95,30,60,0.9997654724984255,0.24494897427831783
2026-08-31T21:58:36.469,124755718,P015,finger_still,VALID,,,,324,4307567,113792,113866,114061.24,114518.55,-269.24,-652.55,-509.08,867.27,False,False,nan,True,0.7,92.31,96.13,True,0,COLLECTING,0,,0,,,,,9,60,95,30,60,0.9997654724984255,0.24494897427831783
2026-08-31T21:58:36.478,124755734,P015,finger_still,VALID,,,,325,4307607,113850,114014,114057.02,114508.46,-207.02,-494.46,-505.42,860.03,False,False,nan,True,0.7,92.31,96.13,True,0,COLLECTING,0,,0,,,,,9,60,95,30,60,0.9997654724984255,0.24494897427831783
2026-08-31T21:58:36.512,124755765,P015,finger_still,VALID,,,,326,4307647,113843,114053,114052.73,114499.35,-209.73,-446.35,-490.66,852.65,False,False,nan,True,0.7,92.31,96.13,True,0,COLLECTING,0,,0,,,,,9,60,95,30,60,0.9997654724984255,0.24494897427831783
2026-08-31T21:58:36.646,124755890,P015,finger_still,VALID,,,,327,4307687,113850,114012,114048.68,114489.6,-198.68,-477.6,-487.39,845.34,False,False,nan,True,0.7,92.31,96.13,True,0,COLLECTING,0,,0,,,,,8,60,95,30,60,0.9997654724984255,0.24494897427831783
2026-08-31T21:58:36.658,124755906,P015,finger_still,VALID,,,,328,4307727,113803,113917,114043.77,114478.15,-240.77,-561.15,-505.83,838.55,False,False,nan,True,0.7,92.31,96.13,True,0,COLLECTING,0,,0,,,,,8,60,95,30,60,0.9997654724984255,0.24494897427831783
2026-08-31T21:58:36.671,124755921,P015,finger_still,VALID,,,,329,4307767,113800,113883,114038.89,114466.24,-238.89,-583.24,-525.18,832.28,False,False,nan,True,0.7,92.31,96.13,True,0,COLLECTING,0,,0,,,,,8,60,95,30,60,0.9997654724984255,0.24494897427831783
2026-08-31T21:58:36.685,124755937,P015,finger_still,VALID,,,,330,4307807,113836,113949,114034.84,114455.9,-198.84,-506.9,-520.61,826.05,False,False,nan,True,0.7,92.31,96.13,True,0,COLLECTING,0,,0,,,,,8,60,95,30,60,0.9997654724984255,0.24494897427831783
2026-08-31T21:58:36.712,124755968,P015,finger_still,VALID,,,,331,4307847,113861,114092,114031.36,114448.62,-170.36,-356.62,-479.61,819.12,False,False,nan,True,0.7,92.31,96.13,True,0,COLLECTING,0,,0,,,,,8,60,95,30,60,0.9997654724984255,0.24494897427831783
2026-08-31T21:58:36.847,124756093,P015,finger_still,VALID,,,,332,4307887,113970,114249,114030.13,114444.62,-60.13,-195.62,-408.62,810.91,False,False,nan,True,0.7,92.31,96.13,True,0,COLLECTING,0,,0,,,,,7,60,95,30,60,0.9988923865962739,0.24494897427831783
2026-08-31T21:58:36.858,124756109,P015,finger_still,VALID,,,,333,4307927,114031,114329,114030.15,114442.31,0.85,-113.31,-334.79,801.39,False,False,nan,True,0.7,92.31,96.13,True,0,COLLECTING,0,,0,,,,,7,60,95,30,60,0.9988923865962739,0.24494897427831783
2026-08-31T21:58:36.866,124756109,P015,finger_still,VALID,,,,334,4307967,114050,114399,114030.55,114441.45,19.45,-42.45,-261.7,790.6,False,False,nan,True,0.7,92.31,96.13,True,0,COLLECTING,0,,0,,,,,7,60,95,30,60,0.9988923865962739,0.24494897427831783
2026-08-31T21:58:36.878,124756125,P015,finger_still,VALID,,,,335,4308007,114012,114399,114030.18,114440.59,-18.18,-41.59,-206.68,778.92,False,False,nan,True,0.7,92.31,96.13,True,0,COLLECTING,0,,0,,,,,7,60,95,30,60,0.9988923865962739,0.24494897427831783
2026-08-31T21:58:36.913,124756156,P015,finger_still,VALID,,,,336,4308047,114020,114371,114029.98,114439.2,-9.98,-68.2,-172.06,766.78,False,False,nan,True,0.7,92.31,96.13,True,0,COLLECTING,0,,0,,,,,7,60,95,30,60,0.9988923865962739,0.24494897427831783
2026-08-31T21:58:37.047,124756296,P015,finger_still,VALID,,,,337,4308087,113998,114378,114029.34,114437.98,-31.34,-59.98,-144.04,754.32,False,False,nan,True,0.7,92.31,96.13,True,0,COLLECTING,0,,0,,,,,7,60,95,30,60,0.9997654724984255,0.24494897427831783
2026-08-31T21:58:37.059,124756312,P015,finger_still,VALID,,,,338,4308127,113916,114183,114027.07,114432.88,-111.07,-249.88,-170.5,742.65,False,False,nan,True,0.7,92.31,96.13,True,0,COLLECTING,0,,0,,,,,7,60,95,30,60,0.9997654724984255,0.24494897427831783
2026-08-31T21:58:37.070,124756328,P015,finger_still,VALID,,,,339,4308167,113712,113793,114020.77,114420.08,-308.77,-627.08,-284.64,733.49,False,False,nan,True,0.7,92.31,96.13,True,0,COLLECTING,0,,0,,,,,7,60,95,30,60,0.9997654724984255,0.24494897427831783
2026-08-31T21:58:37.078,124756328,P015,finger_still,VALID,,,,340,4308207,113680,113636,114013.95,114404.4,-333.95,-768.4,-405.58,726.93,False,False,nan,True,0.7,92.31,96.13,True,0,COLLECTING,0,,0,,,,,7,60,95,30,60,0.9997654724984255,0.24494897427831783
2026-08-31T21:58:37.111,124756359,P015,finger_still,VALID,,,,341,4308247,113697,113684,114007.62,114389.99,-310.62,-705.99,-480.68,722.01,False,False,nan,True,0.7,92.31,96.13,True,0,COLLECTING,0,,0,,,,,7,60,95,30,60,0.9997654724984255,0.24494897427831783
2026-08-31T21:58:37.253,124756500,P015,finger_still,VALID,,,,342,4308287,113713,113751,114001.73,114377.21,-288.73,-626.21,-517.07,717.91,False,False,nan,True,0.7,92.31,96.13,True,0,COLLECTING,0,,0,,,,,6,60,95,30,60,0.9997654724984255,0.24494897427831783
2026-08-31T21:58:37.263,124756515,P015,finger_still,VALID,,,,343,4308327,113751,113748,113996.71,114364.62,-245.71,-616.62,-541.96,714.39,False,False,nan,True,0.7,92.31,96.13,True,0,COLLECTING,0,,0,,,,,6,60,95,30,60,0.9997654724984255,0.24494897427831783
2026-08-31T21:58:37.272,124756531,P015,finger_still,VALID,,,,344,4308367,113724,113761,113991.26,114352.55,-267.26,-591.55,-554.36,711.19,False,False,nan,True,0.7,92.31,95.86,True,0,COLLECTING,0,,0,,,,,6,60,95,30,60,0.9997654724984255,0.24494897427831783
2026-08-31T21:58:37.282,124756531,P015,finger_still,VALID,,,,345,4308407,113732,113757,113986.07,114340.64,-254.07,-583.64,-561.68,708.2,False,False,nan,True,0.7,92.31,95.86,True,0,COLLECTING,0,,0,,,,,6,60,95,30,60,0.9997654724984255,0.24494897427831783
2026-08-31T21:58:37.313,124756562,P015,finger_still,VALID,,,,346,4308447,113728,113743,113980.91,114328.69,-252.91,-585.69,-567.68,705.39,False,False,nan,True,0.7,92.31,95.86,True,0,COLLECTING,0,,0,,,,,6,60,95,30,60,0.9997654724984255,0.24494897427831783
2026-08-31T21:58:37.447,124756703,P015,finger_still,VALID,,,,347,4308487,113770,113802,113976.69,114318.16,-206.69,-516.16,-554.8,702.37,False,False,nan,True,0.7,92.31,95.86,True,0,COLLECTING,0,,0,,,,,6,60,95,30,60,0.999336780069662,0.24494897427831783
2026-08-31T21:58:37.458,124756703,P015,finger_still,VALID,,,,348,4308527,113804,113897,113973.23,114309.73,-169.23,-412.73,-519.28,698.71,False,False,nan,True,0.7,92.31,95.86,True,0,COLLECTING,0,,0,,,,,6,60,95,30,60,0.999336780069662,0.24494897427831783
2026-08-31T21:58:37.473,124756718,P015,finger_still,VALID,,,,349,4308567,113868,114048,113971.13,114304.5,-103.13,-256.5,-453.59,693.81,False,False,nan,True,0.7,92.31,95.86,True,0,COLLECTING,0,,0,,,,,6,60,95,30,60,0.999336780069662,0.24494897427831783
2026-08-31T21:58:37.482,124756734,P015,finger_still,VALID,,,,350,4308607,113900,114154,113969.71,114301.49,-69.71,-147.49,-377.06,687.47,False,False,nan,True,0.7,92.31,95.86,True,0,COLLECTING,0,,0,,,,,6,60,95,30,60,0.999336780069662,0.24494897427831783
2026-08-31T21:58:37.511,124756765,P015,finger_still,VALID,,,,351,4308647,113916,114189,113968.64,114299.24,-52.64,-110.24,-310.36,679.93,False,False,nan,True,0.7,92.31,95.86,True,0,COLLECTING,0,,0,,,,,6,60,95,30,60,0.999336780069662,0.24494897427831783
2026-08-31T21:58:37.646,124756890,P015,finger_still,VALID,,,,352,4308687,113936,114196,113967.98,114297.18,-31.98,-101.18,-258.06,671.5,False,False,nan,True,0.7,92.31,95.86,True,0,COLLECTING,0,,0,,,,,5,60,95,30,60,0.9997654724984255,0.24494897427831783
2026-08-31T21:58:37.659,124756906,P015,finger_still,VALID,,,,353,4308727,113926,114208,113967.15,114295.4,-41.15,-87.4,-215.4,662.37,False,False,nan,True,0.7,92.31,95.86,True,0,COLLECTING,0,,0,,,,,5,60,95,30,60,0.9997654724984255,0.24494897427831783
2026-08-31T21:58:37.670,124756921,P015,finger_still,VALID,,,,354,4308767,113914,114205,113966.09,114293.59,-52.09,-88.59,-183.7,652.8,False,False,nan,True,0.7,92.31,95.86,True,0,COLLECTING,0,,0,,,,,5,60,95,30,60,0.9997654724984255,0.24494897427831783
2026-08-31T21:58:37.677,124756921,P015,finger_still,VALID,,,,355,4308807,113963,114303,113966.02,114293.78,-3.02,9.22,-135.47,642.45,False,False,nan,True,0.7,92.31,95.86,True,0,COLLECTING,0,,0,,,,,5,60,95,30,60,0.9997654724984255,0.24494897427831783
2026-08-31T21:58:37.713,124756968,P015,finger_still,VALID,,,,356,4308847,113902,114150,113964.74,114290.91,-62.74,-140.91,-136.83,632.34,False,False,nan,True,0.7,92.31,95.86,True,0,COLLECTING,0,,0,,,,,5,60,95,30,60,0.9997654724984255,0.24494897427831783
2026-08-31T21:58:37.848,124757093,P015,finger_still,VALID,,,,357,4308887,113770,113841,113960.84,114281.91,-190.84,-440.91,-212.85,623.95,False,False,nan,True,0.7,92.31,95.86,True,0,COLLECTING,0,,0,,,,,5,60,95,30,60,0.9988923865962739,0.24494897427831783
2026-08-31T21:58:37.858,124757109,P015,finger_still,VALID,,,,358,4308927,113734,113724,113956.3,114270.75,-222.3,-546.75,-296.32,617.4,False,False,nan,True,0.7,92.31,95.86,True,0,COLLECTING,0,,0,,,,,5,60,95,30,60,0.9988923865962739,0.24494897427831783
2026-08-31T21:58:37.870,124757125,P015,finger_still,VALID,,,,359,4308967,113775,113806,113952.68,114261.45,-177.68,-455.45,-336.11,611.77,False,False,nan,True,0.7,92.31,95.86,True,0,COLLECTING,0,,0,,,,,5,60,95,30,60,0.9988923865962739,0.24494897427831783
2026-08-31T21:58:37.878,124757125,P015,finger_still,VALID,,,,360,4309007,113817,113883,113949.97,114253.88,-132.97,-370.88,-344.8,606.43,False,False,nan,True,0.7,92.31,95.86,True,0,COLLECTING,0,,0,,,,,5,60,95,30,60,0.9988923865962739,0.24494897427831783
2026-08-31T21:58:37.911,124757156,P015,finger_still,VALID,,,,361,4309047,113829,113934,113947.55,114247.48,-118.55,-313.48,-336.97,601.04,False,False,nan,True,0.7,92.31,95.86,True,0,COLLECTING,0,,0,,,,,5,60,95,30,60,0.9988923865962739,0.24494897427831783
2026-08-31T21:58:38.047,124757296,P015,finger_still,VALID,,,,362,4309087,113870,114008,113945.99,114242.7,-75.99,-234.7,-311.4,595.25,False,False,nan,True,0.7,92.31,95.86,True,0,COLLECTING,0,,0,,,,,5,60,95,30,60,0.9999969999955,0.24494897427831783
2026-08-31T21:58:38.058,124757312,P015,finger_still,VALID,,,,363,4309127,113887,114026,113944.81,114238.36,-57.81,-212.36,-286.64,589.08,False,False,nan,True,0.7,92.31,95.86,True,0,COLLECTING,0,,0,,,,,5,60,95,30,60,0.9999969999955,0.24494897427831783
2026-08-31T21:58:38.070,124757328,P015,finger_still,VALID,,,,364,4309167,113869,113997,113943.3,114233.53,-74.3,-236.53,-274.11,582.78,False,False,nan,True,0.7,92.31,95.86,True,0,COLLECTING,0,,0,,,,,5,60,95,30,60,0.9999969999955,0.24494897427831783
2026-08-31T21:58:38.078,124757328,P015,finger_still,VALID,,,,365,4309207,113893,114035,113942.29,114229.56,-49.29,-194.56,-254.23,576.21,False,False,nan,True,0.7,92.31,95.86,True,0,COLLECTING,0,,0,,,,,5,60,95,30,60,0.9999969999955,0.24494897427831783
2026-08-31T21:58:38.111,124757359,P015,finger_still,VALID,,,,366,4309247,113929,114109,113942.02,114227.15,-13.02,-118.15,-220.21,569.09,False,False,nan,True,0.7,92.31,95.86,True,0,COLLECTING,0,,0,,,,,5,60,95,30,60,0.9999969999955,0.24494897427831783
2026-08-31T21:58:38.249,124757500,P015,finger_still,VALID,,,,367,4309287,113985,114220,113942.88,114227.01,42.12,-7.01,-166.91,561.04,False,False,nan,True,0.7,92.31,95.86,True,0,COLLECTING,0,,0,,,,,5,60,95,30,60,0.9997654724984255,0.24494897427831783
2026-08-31T21:58:38.260,124757515,P015,finger_still,VALID,,,,368,4309327,114026,114307,113944.55,114228.61,81.45,78.39,-105.58,551.94,False,False,nan,True,0.7,92.31,95.86,True,0,COLLECTING,0,,0,,,,,5,60,95,30,60,0.9997654724984255,0.24494897427831783
2026-08-31T21:58:38.268,124757515,P015,finger_still,VALID,,,,369,4309367,114031,114307,113946.27,114230.18,84.73,76.82,-59.98,542.1,False,False,nan,True,0.7,92.31,95.86,True,0,COLLECTING,0,,0,,,,,5,60,95,30,60,0.9997654724984255,0.24494897427831783
2026-08-31T21:58:38.277,124757531,P015,finger_still,VALID,,,,370,4309407,114003,114245,113947.41,114230.48,55.59,14.52,-41.36,532.08,False,False,nan,True,0.7,92.31,95.86,True,0,COLLECTING,0,,0,,,,,5,60,95,30,60,0.9997654724984255,0.24494897427831783
2026-08-31T21:58:38.312,124757562,P015,finger_still,VALID,,,,371,4309447,113953,114141,113947.52,114228.69,5.48,-87.69,-52.94,522.5,False,False,nan,True,0.7,92.31,95.86,True,0,COLLECTING,0,,0,,,,,5,60,95,30,60,0.9997654724984255,0.24494897427831783
2026-08-31T21:58:38.448,124757703,P015,finger_still,VALID,,,,372,4309487,113892,114031,113946.41,114224.73,-54.41,-193.73,-88.14,513.81,False,False,nan,True,0.7,92.31,95.86,True,0,COLLECTING,0,,0,,,,,5,60,95,30,60,0.9997654724984255,0.24494897427831783
2026-08-31T21:58:38.458,124757703,P015,finger_still,VALID,,,,373,4309527,113848,113955,113944.44,114219.34,-96.44,-264.34,-132.19,506.18,False,False,nan,True,0.7,92.31,95.86,True,0,COLLECTING,0,,0,,,,,5,60,95,30,60,0.9997654724984255,0.24494897427831783
2026-08-31T21:58:38.470,124757718,P015,finger_still,VALID,,,,374,4309567,113817,113918,113941.89,114213.31,-124.89,-295.31,-172.97,499.51,False,False,nan,True,0.7,92.31,95.86,True,0,COLLECTING,0,,0,,,,,5,60,95,30,60,0.9997654724984255,0.24494897427831783
2026-08-31T21:58:38.479,124757734,P015,finger_still,VALID,,,,375,4309607,113727,113700,113937.59,114203.05,-210.59,-503.05,-255.49,494.63,False,False,nan,True,0.7,92.31,95.86,True,0,COLLECTING,0,,0,,,,,5,60,95,30,60,0.9997654724984255,0.24494897427831783
2026-08-31T21:58:38.514,124757765,P015,finger_still,VALID,,,,376,4309647,113597,113372,113930.78,114186.43,-333.78,-814.43,-395.22,492.65,False,False,nan,True,0.7,92.31,95.86,True,0,COLLECTING,0,,0,,,,,5,60,95,30,60,0.9997654724984255,0.24494897427831783
2026-08-31T21:58:38.647,124757890,P015,finger_still,VALID,,,,377,4309687,113560,113265,113923.37,114168.0,-363.37,-903.0,-522.17,493.24,False,False,nan,True,0.7,92.31,95.86,True,0,COLLECTING,0,,0,,,,,5,60,95,30,60,0.9997654724984255,0.24494897427831783
2026-08-31T21:58:38.659,124757906,P015,finger_still,VALID,,,,378,4309727,113611,113372,113917.12,114152.08,-306.12,-780.08,-586.65,495.1,False,False,nan,True,0.7,92.31,95.86,True,0,COLLECTING,0,,0,,,,,5,60,95,30,60,0.9997654724984255,0.24494897427831783
2026-08-31T21:58:38.670,124757921,P015,finger_still,VALID,,,,379,4309767,113657,113440,113911.91,114137.84,-254.91,-697.84,-614.44,497.49,False,False,nan,True,0.7,92.31,95.86,True,0,COLLECTING,0,,0,,,,,5,60,95,30,60,0.9997654724984255,0.24494897427831783
2026-08-31T21:58:38.679,124757921,P015,finger_still,VALID,,,,380,4309807,113665,113460,113906.98,114124.28,-241.98,-664.28,-626.9,500.08,False,False,nan,True,0.7,92.31,95.86,True,0,COLLECTING,0,,0,,,,,5,60,95,30,60,0.9997654724984255,0.24494897427831783
2026-08-31T21:58:38.712,124757968,P015,finger_still,VALID,,,,381,4309847,113690,113518,113902.64,114112.16,-212.64,-594.16,-618.72,502.45,False,False,nan,True,0.7,92.31,95.86,True,0,COLLECTING,0,,0,,,,,5,60,95,30,60,0.9997654724984255,0.24494897427831783
2026-08-31T21:58:38.847,124758093,P015,finger_still,VALID,,,,382,4309887,113706,113520,113898.71,114100.31,-192.71,-580.31,-609.12,504.59,False,False,nan,True,0.7,92.31,95.86,True,0,COLLECTING,0,,0,,,,,5,60,95,30,60,0.9997654724984255,0.24494897427831783
2026-08-31T21:58:38.858,124758109,P015,finger_still,VALID,,,,383,4309927,113703,113510,113894.8,114088.51,-191.8,-578.51,-601.46,506.52,False,False,nan,True,0.7,92.31,95.86,True,0,COLLECTING,0,,0,,,,,5,60,95,30,60,0.9997654724984255,0.24494897427831783
2026-08-31T21:58:38.871,124758125,P015,finger_still,VALID,,,,384,4309967,113720,113531,113891.3,114077.36,-171.3,-546.36,-587.69,508.15,False,False,nan,True,0.7,92.31,95.86,True,0,COLLECTING,0,,0,,,,,5,60,95,30,60,0.9997654724984255,0.24494897427831783
2026-08-31T21:58:38.879,124758125,P015,finger_still,VALID,,,,385,4310007,113766,113615,113888.8,114068.11,-122.8,-453.11,-554.04,509.06,False,False,nan,True,0.7,92.31,95.86,True,0,COLLECTING,0,,0,,,,,5,60,95,30,60,0.9997654724984255,0.24494897427831783
2026-08-31T21:58:38.912,124758156,P015,finger_still,VALID,,,,386,4310047,113821,113725,113887.44,114061.25,-66.44,-336.25,-499.59,508.87,False,False,nan,True,0.7,92.31,95.86,True,0,COLLECTING,0,,0,,,,,5,60,95,30,60,0.9997654724984255,0.24494897427831783
2026-08-31T21:58:39.048,124758296,P015,finger_still,VALID,,,,387,4310087,113876,113845,113887.21,114056.92,-11.21,-211.92,-427.68,507.25,False,False,nan,True,0.7,92.31,95.86,True,0,COLLECTING,0,,0,,,,,5,60,95,30,60,0.9997654724984255,0.24494897427831783
2026-08-31T21:58:39.058,124758312,P015,finger_still,VALID,,,,388,4310127,113941,114001,113888.29,114055.8,52.71,-54.8,-334.46,503.8,False,False,nan,True,0.7,92.31,95.86,True,0,COLLECTING,0,,0,,,,,5,60,95,30,60,0.9997654724984255,0.24494897427831783
2026-08-31T21:58:39.067,124758312,P015,finger_still,VALID,,,,389,4310167,114004,114107,113890.6,114056.83,113.4,50.17,-238.3,498.49,False,False,nan,True,0.7,92.31,95.86,True,0,COLLECTING,0,,0,,,,,5,60,95,30,60,0.9997654724984255,0.24494897427831783
2026-08-31T21:58:39.078,124758328,P015,finger_still,VALID,,,,390,4310207,114029,114149,113893.37,114058.67,135.63,90.33,-156.14,491.64,False,False,nan,True,0.7,92.31,95.86,True,0,COLLECTING,0,,0,,,,,5,60,95,30,60,0.9997654724984255,0.24494897427831783
2026-08-31T21:58:39.112,124758359,P015,finger_still,VALID,,,,391,4310247,114004,114097,113895.58,114059.44,108.42,37.56,-107.72,483.96,False,False,nan,True,0.7,92.31,95.86,True,0,COLLECTING,0,,0,,,,,5,60,95,30,60,0.9997654724984255,0.24494897427831783
2026-08-31T21:58:39.247,124758500,P015,finger_still,VALID,,,,392,4310287,114024,114130,113898.15,114060.85,125.85,69.15,-63.5,475.55,False,False,nan,True,0.7,92.31,95.86,True,0,COLLECTING,0,,0,,,,,5,60,95,30,60,0.999336780069662,0.24494897427831783
2026-08-31T21:58:39.258,124758515,P015,finger_still,VALID,,,,393,4310327,114086,114261,113901.91,114064.85,184.09,196.15,1.41,466.07,False,False,nan,True,0.7,92.31,95.86,True,0,COLLECTING,0,,0,,,,,5,60,95,30,60,0.999336780069662,0.24494897427831783
2026-08-31T21:58:39.267,124758515,P015,finger_still,VALID,,,,394,4310367,114143,114391,113906.73,114071.38,236.27,319.62,80.96,458.37,False,False,nan,True,0.7,92.31,95.86,True,0,COLLECTING,0,,0,,,,,5,60,95,30,60,0.999336780069662,0.24494897427831783
2026-08-31T21:58:39.277,124758531,P015,finger_still,VALID,,,,395,4310407,114061,114180,113909.81,114073.55,151.19,106.45,87.34,450.95,False,False,nan,True,0.7,92.31,95.86,True,0,COLLECTING,0,,0,,,,,5,60,95,30,60,0.999336780069662,0.24494897427831783
2026-08-31T21:58:39.313,124758562,P015,finger_still,VALID,,,,396,4310447,113939,113887,113910.4,114069.81,28.6,-182.81,19.8,442.32,False,False,nan,True,0.7,92.31,95.86,True,0,COLLECTING,0,,0,,,,,5,60,95,30,60,0.999336780069662,0.24494897427831783
2026-08-31T21:58:39.449,124758703,P015,finger_still,VALID,,,,397,4310487,113939,113833,113910.97,114065.08,28.03,-232.08,-43.17,434.34,False,False,nan,True,0.7,92.31,95.86,True,0,COLLECTING,0,,0,,,,,5,60,95,30,60,0.9988923865962739,0.24494897427831783
2026-08-31T21:58:39.459,124758703,P015,finger_still,VALID,,,,398,4310527,113949,113833,113911.73,114060.44,37.27,-227.44,-89.24,427.44,False,False,nan,True,0.7,92.31,95.86,True,0,COLLECTING,0,,0,,,,,5,60,95,30,60,0.9988923865962739,0.24494897427831783
2026-08-31T21:58:39.466,124758718,P015,finger_still,VALID,,,,399,4310567,113931,113794,113912.11,114055.11,18.89,-261.11,-132.2,421.53,False,False,nan,True,0.7,92.31,95.86,True,0,COLLECTING,0,,0,,,,,5,60,95,30,60,0.9988923865962739,0.24494897427831783
2026-08-31T21:58:39.477,124758734,P015,finger_still,VALID,,,,400,4310607,113882,113719,113911.51,114048.39,-29.51,-329.39,-181.5,416.73,False,False,nan,True,0.7,92.31,95.86,True,0,COLLECTING,0,,0,,,,,5,60,95,30,60,0.9988923865962739,0.24494897427831783
2026-08-31T21:58:39.512,124758765,P015,finger_still,VALID,,,,401,4310647,113872,113670,113910.72,114040.82,-38.72,-370.82,-228.83,412.97,False,False,nan,True,0.7,92.31,95.86,True,0,COLLECTING,0,,0,,,,,5,60,95,30,60,0.9988923865962739,0.24494897427831783
2026-08-31T21:58:39.648,124758906,P015,finger_still,VALID,,,,402,4310687,113828,113586,113909.06,114031.73,-81.06,-445.73,-283.05,410.38,False,False,nan,True,0.7,92.31,95.86,True,0,COLLECTING,0,,0,,,,,5,60,95,30,60,0.9997654724984255,0.24494897427831783
2026-08-31T21:58:39.659,124758906,P015,finger_still,VALID,,,,403,4310727,113830,113576,113907.48,114022.61,-77.48,-446.61,-323.94,408.65,False,False,nan,True,0.7,92.31,95.86,True,0,COLLECTING,0,,0,,,,,5,60,95,30,60,0.9997654724984255,0.24494897427831783
2026-08-31T21:58:39.678,124758921,P015,finger_still,VALID,,,,404,4310767,113878,113697,113906.9,114016.09,-28.9,-319.09,-322.73,406.93,False,False,nan,True,0.7,92.31,95.86,True,0,COLLECTING,0,,0,,,,,5,60,95,30,60,0.9997654724984255,0.24494897427831783
2026-08-31T21:58:39.681,124758937,P015,finger_still,VALID,,,,405,4310807,113960,113864,113907.96,114013.05,52.04,-149.05,-279.31,404.38,False,False,nan,True,0.7,92.31,95.86,True,0,COLLECTING,0,,0,,,,,5,60,95,30,60,0.9997654724984255,0.24494897427831783
2026-08-31T21:58:39.711,124758968,P015,finger_still,VALID,,,,406,4310847,113988,113921,113909.56,114011.21,78.44,-90.21,-232.04,400.93,False,False,nan,True,0.7,92.31,95.86,True,0,COLLECTING,0,,0,,,,,5,60,95,30,60,0.9997654724984255,0.24494897427831783
2026-08-31T21:58:39.846,124759093,P015,finger_still,VALID,,,,407,4310887,113969,113868,113910.75,114008.34,58.25,-140.34,-209.11,397.09,False,False,nan,True,0.7,92.31,95.86,True,0,COLLECTING,0,,0,,,,,5,60,95,30,60,0.9988923865962739,0.24494897427831783
2026-08-31T21:58:39.859,124759109,P015,finger_still,VALID,,,,408,4310927,113931,113803,113911.16,114004.23,19.84,-201.23,-207.14,393.29,False,False,nan,True,0.7,92.31,95.86,True,0,COLLECTING,0,,0,,,,,5,60,95,30,60,0.9988923865962739,0.24494897427831783
2026-08-31T21:58:39.867,124759125,P015,finger_still,VALID,,,,409,4310967,113937,113835,113911.67,114000.85,25.33,-165.85,-196.82,389.36,False,False,nan,True,0.7,92.31,95.86,True,0,COLLECTING,0,,0,,,,,5,60,95,30,60,0.9988923865962739,0.24494897427831783
2026-08-31T21:58:39.878,124759125,P015,finger_still,VALID,,,,410,4311007,114020,114022,113913.84,114001.27,106.16,20.73,-142.43,384.43,False,False,nan,True,0.7,92.31,95.86,True,0,COLLECTING,0,,0,,,,,5,60,95,30,60,0.9988923865962739,0.24494897427831783
2026-08-31T21:58:39.912,124759156,P015,finger_still,VALID,,,,411,4311047,114211,114398,113919.78,114009.21,291.22,388.79,-9.63,376.93,False,False,nan,True,0.7,92.31,95.86,True,0,COLLECTING,0,,0,,,,,5,60,95,30,60,0.9988923865962739,0.24494897427831783
2026-08-31T21:58:40.048,124759296,P015,finger_still,VALID,,,,412,4311087,114399,114756,113929.37,114024.15,469.63,731.85,175.74,372.91,False,False,nan,True,0.7,92.31,95.86,True,0,COLLECTING,0,,0,,,,,5,60,95,30,60,0.9991241164139718,0.24494897427831783
2026-08-31T21:58:40.059,124759312,P015,finger_still,VALID,,,,413,4311127,114441,114841,113939.6,114040.48,501.4,800.52,331.94,372.09,False,False,nan,True,0.7,92.31,95.86,True,0,COLLECTING,0,,0,,,,,5,60,95,30,60,0.9991241164139718,0.24494897427831783
2026-08-31T21:58:40.068,124759312,P015,finger_still,VALID,,,,414,4311167,114205,114389,113944.91,114047.45,260.09,341.55,334.34,371.33,False,False,nan,True,0.7,92.31,95.86,True,0,COLLECTING,0,,0,,,,,5,60,95,30,60,0.9991241164139718,0.24494897427831783
2026-08-31T21:58:40.078,124759328,P015,finger_still,VALID,,,,415,4311207,113948,113817,113944.97,114042.84,3.03,-225.84,194.29,367.79,True,False,nan,True,0.7,92.31,95.86,True,0,COLLECTING,0,,0,,,,,5,60,95,30,60,0.9991241164139718,0.24494897427831783
2026-08-31T21:58:40.112,124759359,P015,finger_still,VALID,,,,416,4311247,113624,113145,113938.55,114024.89,-314.55,-879.89,-74.25,361.92,False,False,nan,True,0.7,92.31,95.86,True,0,COLLECTING,0,,0,,,,,5,60,95,30,60,0.9991241164139718,0.24494897427831783
2026-08-31T21:58:40.249,124759500,P015,finger_still,VALID,,,,417,4311287,113477,112838,113929.31,114001.16,-452.31,-1163.16,-346.48,361.61,False,False,nan,True,0.7,92.31,95.86,True,0,COLLECTING,0,,0,,,,,5,60,95,30,60,0.999336780069662,0.24494897427831783
2026-08-31T21:58:40.258,124759515,P015,finger_still,VALID,,,,418,4311327,113473,112816,113920.19,113977.45,-447.19,-1161.45,-550.22,365.38,False,False,nan,True,0.7,92.31,95.86,True,0,COLLECTING,0,,0,,,,,5,60,95,30,60,0.999336780069662,0.24494897427831783
2026-08-31T21:58:40.270,124759515,P015,finger_still,VALID,,,,419,4311367,113521,112946,113912.2,113956.82,-391.2,-1010.82,-665.37,371.38,False,False,nan,True,0.7,92.31,95.86,True,0,COLLECTING,0,,0,,,,,5,60,95,30,60,0.999336780069662,0.24494897427831783
2026-08-31T21:58:40.279,124759531,P015,finger_still,VALID,,,,420,4311407,113559,113057,113905.14,113938.82,-346.14,-881.82,-719.48,378.35,False,False,nan,True,0.7,92.31,95.86,True,0,COLLECTING,0,,0,,,,,5,60,95,30,60,0.999336780069662,0.24494897427831783
2026-08-31T21:58:40.312,124759562,P015,finger_still,VALID,,,,421,4311447,113667,113309,113900.38,113926.23,-233.38,-617.23,-693.92,384.66,False,False,nan,True,0.7,92.31,95.86,True,0,COLLECTING,0,,0,,,,,5,60,95,30,60,0.999336780069662,0.24494897427831783
2026-08-31T21:58:40.451,124759703,P015,finger_still,VALID,,,,422,4311487,113880,113786,113899.97,113923.42,-19.97,-137.42,-554.8,388.06,False,False,nan,True,0.7,92.31,95.86,True,0,COLLECTING,0,,0,,,,,5,60,95,30,60,1.0002104778495375,0.24494897427831783
2026-08-31T21:58:40.462,124759718,P015,finger_still,VALID,,,,423,4311527,114377,114825,113909.51,113941.45,467.49,883.55,-195.21,384.2,False,False,nan,True,0.7,92.31,95.86,True,0,COLLECTING,0,,0,,,,,5,60,95,30,60,1.0002104778495375,0.24494897427831783
2026-08-31T21:58:40.471,124759718,P015,finger_still,VALID,,,,424,4311567,114988,116108,113931.08,113984.78,1056.92,2123.22,384.4,384.21,False,False,nan,True,0.7,92.31,95.86,True,0,COLLECTING,0,,0,,,,,5,60,95,30,60,1.0002104778495375,0.24494897427831783
2026-08-31T21:58:40.479,124759734,P015,finger_still,VALID,,,,425,4311607,115421,116969,113960.88,114044.47,1460.12,2924.53,1019.43,396.91,False,False,nan,True,0.7,92.31,95.86,True,0,COLLECTING,0,,0,,,,,5,60,95,30,60,1.0002104778495375,0.24494897427831783
2026-08-31T21:58:40.513,124759765,P015,finger_still,VALID,,,,426,4311647,115395,116848,113989.55,114100.54,1405.45,2747.46,1451.44,418.0,False,False,nan,True,0.7,92.31,95.86,True,0,COLLECTING,0,,0,,,,,5,60,95,30,60,1.0002104778495375,0.24494897427831783
2026-08-31T21:58:40.647,124759890,P015,finger_still,VALID,,,,427,4311687,115419,116874,114018.14,114156.01,1400.86,2717.99,1768.08,445.0,False,False,nan,True,0.7,92.31,95.86,True,0,COLLECTING,0,,0,,,,,5,60,95,30,60,0.9988923865962739,0.24494897427831783
2026-08-31T21:58:40.660,124759906,P015,finger_still,VALID,,,,428,4311727,115333,116641,114044.44,114205.71,1288.56,2435.29,1934.88,474.8,False,False,nan,True,0.7,92.31,95.86,True,0,COLLECTING,0,,0,,,,,5,60,95,30,60,0.9988923865962739,0.24494897427831783
2026-08-31T21:58:40.671,124759921,P015,finger_still,VALID,,,,429,4311767,115211,116320,114067.77,114248.0,1143.23,2072.0,1969.16,504.69,False,False,nan,True,0.7,92.31,95.86,True,0,COLLECTING,0,,0,,,,,5,60,95,30,60,0.9988923865962739,0.24494897427831783
2026-08-31T21:58:40.680,124759937,P015,finger_still,VALID,,,,430,4311807,115085,116029,114088.11,114283.62,996.89,1745.38,1913.22,532.86,True,True,600.0,True,0.7,88.24,95.86,True,0,COLLECTING,0,,0,,,,,5,60,95,30,60,0.9988923865962739,0.24494897427831783
2026-08-31T21:58:40.713,124759968,P015,finger_still,VALID,,,,431,4311847,114960,115783,114105.55,114313.6,854.45,1469.4,1802.26,558.25,False,False,nan,True,0.7,88.24,95.86,True,0,COLLECTING,0,,0,,,,,5,60,95,30,60,0.9988923865962739,0.24494897427831783
2026-08-31T21:58:40.849,124760093,P015,finger_still,VALID,,,,432,4311887,114868,115591,114120.8,114339.15,747.2,1251.85,1664.66,580.37,False,False,nan,True,0.7,88.24,95.86,True,0,COLLECTING,0,,0,,,,,6,60,95,30,60,0.9995684068636823,0.24494897427831783
2026-08-31T21:58:40.858,124760109,P015,finger_still,VALID,,,,433,4311927,114781,115438,114134.0,114361.12,647.0,1076.88,1517.71,599.12,False,False,nan,True,0.7,88.24,95.86,True,0,COLLECTING,0,,0,,,,,6,60,95,30,60,0.9995684068636823,0.24494897427831783
2026-08-31T21:58:40.870,124760125,P015,finger_still,VALID,,,,434,4311967,114799,115518,114147.3,114384.27,651.7,1133.73,1421.72,615.57,False,False,nan,True,0.7,88.24,95.86,True,0,COLLECTING,0,,0,,,,,6,60,95,30,60,0.9995684068636823,0.24494897427831783
2026-08-31T21:58:40.880,124760125,P015,finger_still,VALID,,,,435,4312007,114796,115489,114160.27,114406.36,635.73,1082.64,1336.95,630.0,False,False,nan,True,0.7,88.24,95.86,True,0,COLLECTING,0,,0,,,,,6,60,95,30,60,0.9995684068636823,0.24494897427831783
2026-08-31T21:58:40.913,124760156,P015,finger_still,VALID,,,,436,4312047,114761,115375,114172.29,114425.73,588.71,949.27,1240.03,642.2,False,False,nan,True,0.7,88.24,95.86,True,0,COLLECTING,0,,0,,,,,6,60,95,30,60,0.9995684068636823,0.24494897427831783
2026-08-31T21:58:41.049,124760296,P015,finger_still,VALID,,,,437,4312087,114750,115326,114183.84,114443.74,566.16,882.26,1150.59,652.37,False,False,nan,True,0.7,88.24,95.86,True,0,COLLECTING,0,,0,,,,,6,60,95,30,60,0.9988923865962739,0.24494897427831783
2026-08-31T21:58:41.058,124760312,P015,finger_still,VALID,,,,438,4312127,114845,115496,114197.07,114464.79,647.93,1031.21,1120.74,661.74,False,False,nan,True,0.7,88.24,95.86,True,0,COLLECTING,0,,0,,,,,6,60,95,30,60,0.9988923865962739,0.24494897427831783
2026-08-31T21:58:41.070,124760328,P015,finger_still,VALID,,,,439,4312167,114950,115682,114212.12,114489.13,737.88,1192.87,1138.77,671.28,False,False,nan,True,0.7,88.24,95.86,True,0,COLLECTING,0,,0,,,,,6,60,95,30,60,0.9988923865962739,0.24494897427831783
2026-08-31T21:58:41.080,124760328,P015,finger_still,VALID,,,,440,4312207,114940,115668,114226.68,114512.71,713.32,1155.29,1142.9,680.71,False,False,nan,True,0.7,88.24,95.86,True,0,COLLECTING,0,,0,,,,,6,60,95,30,60,0.9988923865962739,0.24494897427831783
2026-08-31T21:58:41.114,124760359,P015,finger_still,VALID,,,,441,4312247,114925,115623,114240.65,114534.91,684.35,1088.09,1129.2,689.68,True,True,440.0,True,0.7,87.59,95.86,True,0,COLLECTING,0,,0,,,,,6,60,95,30,60,0.9988923865962739,0.24494897427831783
2026-08-31T21:58:41.249,124760500,P015,finger_still,VALID,,,,442,4312287,114869,115518,114253.22,114554.58,615.78,963.42,1087.75,697.64,False,False,nan,True,0.7,87.59,95.86,True,0,COLLECTING,0,,0,,,,,7,60,95,30,60,0.9997654724984255,0.24494897427831783
2026-08-31T21:58:41.258,124760515,P015,finger_still,VALID,,,,443,4312327,114784,115304,114263.84,114569.57,520.16,734.43,999.42,703.68,False,False,nan,True,0.7,87.59,95.86,True,0,COLLECTING,0,,0,,,,,7,60,95,30,60,0.9997654724984255,0.24494897427831783
2026-08-31T21:58:41.270,124760515,P015,finger_still,VALID,,,,444,4312367,114663,115052,114271.82,114579.22,391.18,472.78,867.76,706.96,False,False,nan,True,0.7,87.59,98.24,True,0,COLLECTING,0,,0,,,,,7,60,95,30,60,0.9997654724984255,0.24494897427831783
2026-08-31T21:58:41.280,124760531,P015,finger_still,VALID,,,,445,4312407,114547,114791,114277.32,114583.45,269.68,207.55,702.71,706.87,False,False,nan,True,0.7,87.59,98.24,True,0,COLLECTING,0,,0,,,,,7,60,95,30,60,0.9997654724984255,0.24494897427831783
2026-08-31T21:58:41.312,124760562,P015,finger_still,VALID,,,,446,4312447,114501,114706,114281.8,114585.91,219.2,120.09,557.05,703.88,False,False,nan,True,0.7,87.59,98.24,True,0,COLLECTING,0,,0,,,,,7,60,95,30,60,0.9997654724984255,0.24494897427831783
2026-08-31T21:58:41.448,124760703,P015,finger_still,VALID,,,,447,4312487,114463,114654,114285.42,114587.27,177.58,66.73,434.47,698.49,False,False,nan,True,0.7,87.59,98.24,True,0,COLLECTING,0,,0,,,,,7,60,95,30,60,0.999336780069662,0.24494897427831783
2026-08-31T21:58:41.457,124760703,P015,finger_still,VALID,,,,448,4312527,114489,114719,114289.49,114589.9,199.51,129.1,358.13,691.68,False,False,nan,True,0.7,87.59,98.24,True,0,COLLECTING,0,,0,,,,,7,60,95,30,60,0.999336780069662,0.24494897427831783
2026-08-31T21:58:41.467,124760718,P015,finger_still,VALID,,,,449,4312567,114514,114808,114293.98,114594.26,220.02,213.74,322.03,684.29,False,False,nan,True,0.7,87.59,98.24,True,0,COLLECTING,0,,0,,,,,7,60,95,30,60,0.999336780069662,0.24494897427831783
2026-08-31T21:58:41.480,124760734,P015,finger_still,VALID,,,,450,4312607,114525,114840,114298.6,114599.17,226.4,240.83,301.73,676.64,False,False,nan,True,0.7,87.59,98.24,True,0,COLLECTING,0,,0,,,,,7,60,95,30,60,0.999336780069662,0.24494897427831783
2026-08-31T21:58:41.512,124760765,P015,finger_still,VALID,,,,451,4312647,114506,114815,114302.75,114603.49,203.25,211.51,279.18,668.69,False,False,nan,True,0.7,87.59,98.24,True,0,COLLECTING,0,,0,,,,,7,60,95,30,60,0.999336780069662,0.24494897427831783
2026-08-31T21:58:41.647,124760906,P015,finger_still,VALID,,,,452,4312687,114578,114971,114308.26,114610.84,269.74,360.16,299.42,661.3,False,False,nan,True,0.7,87.59,98.24,True,0,COLLECTING,0,,0,,,,,7,60,95,30,60,0.9997654724984255,0.24494897427831783
2026-08-31T21:58:41.659,124760906,P015,finger_still,VALID,,,,453,4312727,114712,115284,114316.34,114624.3,395.66,659.7,389.49,655.87,False,False,nan,True,0.7,87.59,98.24,True,0,COLLECTING,0,,0,,,,,7,60,95,30,60,0.9997654724984255,0.24494897427831783
2026-08-31T21:58:41.670,124760921,P015,finger_still,VALID,,,,454,4312767,114840,115544,114326.81,114642.7,513.19,901.3,517.44,653.1,False,False,nan,True,0.7,87.59,98.24,True,0,COLLECTING,0,,0,,,,,7,60,95,30,60,0.9997654724984255,0.24494897427831783
2026-08-31T21:58:41.679,124760937,P015,finger_still,VALID,,,,455,4312807,114797,115401,114336.22,114657.86,460.78,743.14,573.87,651.51,False,False,nan,True,0.7,87.59,98.24,True,0,COLLECTING,0,,0,,,,,7,60,95,30,60,0.9997654724984255,0.24494897427831783
2026-08-31T21:58:41.712,124760968,P015,finger_still,VALID,,,,456,4312847,114804,115422,114345.58,114673.14,458.42,748.86,617.62,650.84,False,False,nan,True,0.7,87.59,98.24,True,0,COLLECTING,0,,0,,,,,7,60,95,30,60,0.9997654724984255,0.24494897427831783
2026-08-31T21:58:41.848,124761093,P015,finger_still,VALID,,,,457,4312887,114806,115400,114354.79,114687.68,451.21,712.32,641.29,650.65,False,False,nan,True,0.7,87.59,98.24,True,0,COLLECTING,0,,0,,,,,7,60,95,30,60,0.999336780069662,0.24494897427831783
2026-08-31T21:58:41.858,124761109,P015,finger_still,VALID,,,,458,4312927,114748,115296,114362.66,114699.84,385.34,596.16,630.01,650.23,True,True,680.0,True,0.7,82.76,98.24,True,0,COLLECTING,0,,0,,,,,7,60,95,30,60,0.999336780069662,0.24494897427831783
2026-08-31T21:58:41.870,124761125,P015,finger_still,VALID,,,,459,4312967,114731,115291,114370.02,114711.66,360.98,579.34,617.34,649.57,False,False,nan,True,0.7,82.76,98.24,True,0,COLLECTING,0,,0,,,,,7,60,95,30,60,0.999336780069662,0.24494897427831783
2026-08-31T21:58:41.879,124761125,P015,finger_still,VALID,,,,460,4313007,114697,115259,114376.56,114722.61,320.44,536.39,597.1,648.53,False,False,nan,True,0.7,82.76,98.24,True,0,COLLECTING,0,,0,,,,,7,60,95,30,60,0.999336780069662,0.24494897427831783
2026-08-31T21:58:41.912,124761156,P015,finger_still,VALID,,,,461,4313047,114698,115234,114382.99,114732.84,315.01,501.16,573.12,647.02,False,False,nan,True,0.7,82.76,98.24,True,0,COLLECTING,0,,0,,,,,7,60,95,30,60,0.999336780069662,0.24494897427831783
2026-08-31T21:58:42.047,124761296,P015,finger_still,VALID,,,,462,4313097,114705,115233,114389.43,114742.84,315.57,490.16,552.38,645.12,False,False,nan,True,0.7,82.76,98.24,True,0,COLLECTING,0,,0,,,,,8,60,95,30,60,0.9997654724984255,0.24494897427831783
2026-08-31T21:58:42.059,124761312,P015,finger_still,VALID,,,,463,4313127,114748,115345,114396.6,114754.88,351.4,590.12,561.81,643.46,False,False,nan,True,0.7,82.76,98.24,True,0,COLLECTING,0,,0,,,,,8,60,95,30,60,0.9997654724984255,0.24494897427831783
2026-08-31T21:58:42.067,124761312,P015,finger_still,VALID,,,,464,4313177,114710,115252,114402.87,114764.83,307.13,487.17,543.15,641.45,True,False,nan,True,0.7,82.76,98.24,True,0,COLLECTING,0,,0,,,,,8,60,95,30,60,0.9997654724984255,0.24494897427831783
2026-08-31T21:58:42.078,124761328,P015,finger_still,VALID,,,,465,4313207,114669,115160,114408.19,114772.73,260.81,387.27,504.18,638.71,False,False,nan,True,0.7,82.76,98.24,True,0,COLLECTING,0,,0,,,,,8,60,95,30,60,0.9997654724984255,0.24494897427831783
2026-08-31T21:58:42.122,124761375,P015,finger_still,VALID,,,,466,4313257,114650,115142,114413.02,114780.12,236.98,361.88,468.61,635.3,False,False,nan,True,0.7,82.76,98.24,True,0,COLLECTING,0,,0,,,,,8,60,95,30,60,0.9997654724984255,0.24494897427831783
2026-08-31T21:58:42.249,124761500,P015,finger_still,VALID,,,,467,4313297,114638,115077,114417.52,114786.05,220.48,290.95,424.19,631.08,False,False,nan,True,0.7,82.76,98.24,True,0,COLLECTING,0,,0,,,,,8,60,95,30,60,0.9997654724984255,0.24494897427831783
2026-08-31T21:58:42.259,124761515,P015,finger_still,VALID,,,,468,4313337,114551,114945,114420.2,114789.23,130.8,155.77,357.08,625.6,False,False,nan,True,0.7,82.76,98.24,True,0,COLLECTING,0,,0,,,,,8,60,95,30,60,0.9997654724984255,0.24494897427831783
2026-08-31T21:58:42.269,124761515,P015,finger_still,VALID,,,,469,4313377,114470,114810,114421.19,114789.65,48.81,20.35,272.9,618.55,False,False,nan,True,0.7,82.76,98.24,True,0,COLLECTING,0,,0,,,,,8,60,95,30,60,0.9997654724984255,0.24494897427831783
2026-08-31T21:58:42.280,124761531,P015,finger_still,VALID,,,,470,4313417,114371,114619,114420.19,114786.23,-49.19,-167.23,162.87,609.43,False,False,nan,True,0.7,82.76,98.24,True,0,COLLECTING,0,,0,,,,,8,60,95,30,60,0.9997654724984255,0.24494897427831783
2026-08-31T21:58:42.322,124761578,P015,finger_still,VALID,,,,471,4313457,114156,114129,114414.91,114773.09,-258.91,-644.09,-38.87,598.02,False,False,nan,True,0.7,82.76,98.24,True,0,COLLECTING,0,,0,,,,,8,60,95,30,60,0.9997654724984255,0.24494897427831783
2026-08-31T21:58:42.453,124761703,P015,finger_still,VALID,,,,472,4313497,114060,113958,114407.8,114756.78,-347.8,-798.78,-228.85,590.64,False,False,nan,True,0.7,82.76,98.24,True,0,COLLECTING,0,,0,,,,,8,60,95,30,60,0.999336780069662,0.24494897427831783
2026-08-31T21:58:42.462,124761718,P015,finger_still,VALID,,,,473,4313537,114242,114311,114404.49,114747.87,-162.49,-436.87,-280.85,584.44,False,False,nan,True,0.7,82.76,98.24,True,0,COLLECTING,0,,0,,,,,8,60,95,30,60,0.999336780069662,0.24494897427831783
2026-08-31T21:58:42.473,124761718,P015,finger_still,VALID,,,,474,4313577,114267,114360,114401.74,114740.11,-134.74,-380.11,-305.67,578.87,False,False,nan,True,0.7,82.76,98.24,True,0,COLLECTING,0,,0,,,,,8,60,95,30,60,0.999336780069662,0.24494897427831783
2026-08-31T21:58:42.481,124761734,P015,finger_still,VALID,,,,475,4313617,114266,114356,114399.03,114732.43,-133.03,-376.43,-323.36,573.76,False,False,nan,True,0.7,82.76,98.24,True,0,COLLECTING,0,,0,,,,,8,60,95,30,60,0.999336780069662,0.24494897427831783
2026-08-31T21:58:42.522,124761765,P015,finger_still,VALID,,,,476,4313657,114293,114473,114396.91,114727.24,-103.91,-254.24,-306.08,568.4,False,False,nan,True,0.7,82.76,98.24,True,0,COLLECTING,0,,0,,,,,8,60,95,30,60,0.999336780069662,0.24494897427831783
2026-08-31T21:58:42.648,124761906,P015,finger_still,VALID,,,,477,4313697,114406,114716,114397.09,114727.02,8.91,-11.02,-232.31,561.68,False,False,nan,True,0.7,82.76,98.24,True,0,COLLECTING,0,,0,,,,,8,60,95,30,60,0.9997654724984255,0.24494897427831783
2026-08-31T21:58:42.658,124761906,P015,finger_still,VALID,,,,478,4313737,114372,114632,114396.59,114725.12,-24.59,-93.12,-197.51,554.4,False,False,nan,True,0.7,82.76,98.24,True,0,COLLECTING,0,,0,,,,,8,60,95,30,60,0.9997654724984255,0.24494897427831783
2026-08-31T21:58:42.678,124761921,P015,finger_still,VALID,,,,479,4313777,114352,114625,114395.7,114723.12,-43.7,-98.12,-172.66,546.76,False,False,nan,True,0.7,82.76,98.24,True,0,COLLECTING,0,,0,,,,,8,60,95,30,60,0.9997654724984255,0.24494897427831783
2026-08-31T21:58:42.682,124761937,P015,finger_still,VALID,,,,480,4313817,114380,114682,114395.39,114722.3,-15.39,-40.3,-139.57,538.62,False,False,nan,True,0.7,82.76,98.24,True,0,COLLECTING,0,,0,,,,,8,60,95,30,60,0.9997654724984255,0.24494897427831783
2026-08-31T21:58:42.721,124761968,P015,finger_still,VALID,,,,481,4313857,114402,114726,114395.52,114722.37,6.48,3.63,-103.77,529.92,False,False,nan,True,0.7,82.76,98.24,True,0,COLLECTING,0,,0,,,,,8,60,95,30,60,0.9997654724984255,0.24494897427831783
2026-08-31T21:58:42.847,124762093,P015,finger_still,VALID,,,,482,4313897,114406,114821,114395.73,114724.34,10.27,96.66,-53.66,520.4,False,False,nan,True,0.7,82.76,98.24,True,0,COLLECTING,0,,0,,,,,8,60,95,30,60,0.999336780069662,0.24494897427831783
2026-08-31T21:58:42.858,124762109,P015,finger_still,VALID,,,,483,4313937,114438,114818,114396.58,114726.21,41.42,91.79,-17.3,510.34,False,False,nan,True,0.7,82.76,98.24,True,0,COLLECTING,0,,0,,,,,8,60,95,30,60,0.999336780069662,0.24494897427831783
2026-08-31T21:58:42.866,124762109,P015,finger_still,VALID,,,,484,4313977,114466,114984,114397.97,114731.37,68.03,252.63,50.18,501.13,False,False,nan,True,0.7,82.76,98.24,True,0,COLLECTING,0,,0,,,,,8,60,95,30,60,0.999336780069662,0.24494897427831783
2026-08-31T21:58:42.881,124762125,P015,finger_still,VALID,,,,485,4314017,114542,115114,114400.85,114739.02,141.15,374.98,131.38,493.74,False,False,nan,True,0.7,82.76,98.24,True,0,COLLECTING,0,,0,,,,,8,60,95,30,60,0.999336780069662,0.24494897427831783
2026-08-31T21:58:42.921,124762171,P015,finger_still,VALID,,,,486,4314057,114566,115165,114404.16,114747.54,161.84,417.46,202.9,487.92,False,False,nan,True,0.7,82.76,98.24,True,0,COLLECTING,0,,0,,,,,8,60,95,30,60,0.999336780069662,0.24494897427831783
2026-08-31T21:58:43.047,124762296,P015,finger_still,VALID,,,,487,4314097,114350,114806,114403.07,114748.71,-53.07,57.29,166.5,481.49,True,True,1170.0,True,0.7,77.8,98.24,True,0,COLLECTING,0,,0,,,,,8,60,95,30,60,0.999336780069662,0.24494897427831783
2026-08-31T21:58:43.058,124762312,P015,finger_still,VALID,,,,488,4314137,114163,114408,114398.27,114741.9,-235.27,-333.9,41.4,472.69,False,False,nan,True,0.7,77.8,98.24,True,0,COLLECTING,0,,0,,,,,8,60,95,30,60,0.999336780069662,0.24494897427831783
2026-08-31T21:58:43.072,124762328,P015,finger_still,VALID,,,,489,4314177,114111,114313,114392.52,114733.32,-281.52,-420.32,-74.03,464.72,False,False,nan,True,0.7,77.8,98.24,True,0,COLLECTING,0,,0,,,,,8,60,95,30,60,0.999336780069662,0.24494897427831783
2026-08-31T21:58:43.079,124762328,P015,finger_still,VALID,,,,490,4314217,114102,114296,114386.71,114724.57,-284.71,-428.57,-162.67,458.68,False,False,nan,True,0.7,77.8,98.24,True,0,COLLECTING,0,,0,,,,,8,60,95,30,60,0.999336780069662,0.24494897427831783
2026-08-31T21:58:43.122,124762375,P015,finger_still,VALID,,,,491,4314257,114127,114391,114381.52,114717.9,-254.52,-326.9,-203.72,453.58,False,False,nan,True,0.7,77.8,98.24,True,0,COLLECTING,0,,0,,,,,8,60,95,30,60,0.999336780069662,0.24494897427831783
2026-08-31T21:58:43.246,124762500,P015,finger_still,VALID,,,,492,4314297,114229,114542,114378.47,114714.38,-149.47,-172.38,-195.89,448.42,False,False,nan,True,0.7,77.8,98.24,True,0,COLLECTING,0,,0,,,,,9,60,95,30,60,0.9997654724984255,0.24494897427831783
2026-08-31T21:58:43.259,124762515,P015,finger_still,VALID,,,,493,4314337,114285,114709,114376.6,114714.27,-91.6,-5.27,-148.23,442.42,False,False,nan,True,0.7,77.8,98.24,True,0,COLLECTING,0,,0,,,,,9,60,95,30,60,0.9997654724984255,0.24494897427831783
2026-08-31T21:58:43.271,124762515,P015,finger_still,VALID,,,,494,4314377,114277,114675,114374.61,114713.48,-97.61,-38.48,-120.8,435.99,False,False,nan,True,0.7,77.8,98.24,True,0,COLLECTING,0,,0,,,,,9,60,95,30,60,0.9997654724984255,0.24494897427831783
2026-08-31T21:58:43.280,124762531,P015,finger_still,VALID,,,,495,4314417,114279,114695,114372.7,114713.12,-93.7,-18.12,-95.13,429.17,False,False,nan,True,0.7,77.8,98.24,True,0,COLLECTING,0,,0,,,,,9,60,95,30,60,0.9997654724984255,0.24494897427831783
2026-08-31T21:58:43.322,124762578,P015,finger_still,VALID,,,,496,4314457,114319,114789,114371.62,114714.63,-52.62,74.37,-52.75,421.64,False,False,nan,True,0.7,77.8,98.24,True,0,COLLECTING,0,,0,,,,,9,60,95,30,60,0.9997654724984255,0.24494897427831783
2026-08-31T21:58:43.448,124762703,P015,finger_still,VALID,,,,497,4314497,114393,114924,114372.05,114718.82,20.95,205.18,11.73,413.44,False,False,nan,True,0.7,77.8,98.24,True,0,COLLECTING,0,,0,,,,,8,60,95,30,60,0.999336780069662,0.24494897427831783
2026-08-31T21:58:43.457,124762703,P015,finger_still,VALID,,,,498,4314537,114449,115056,114373.59,114725.56,75.41,330.44,91.41,407.0,False,False,nan,True,0.7,77.8,98.24,True,0,COLLECTING,0,,0,,,,,8,60,95,30,60,0.999336780069662,0.24494897427831783
2026-08-31T21:58:43.468,124762718,P015,finger_still,VALID,,,,499,4314577,114539,115185,114376.9,114734.75,162.1,450.25,181.12,402.49,False,False,nan,True,0.7,77.8,98.24,True,0,COLLECTING,0,,0,,,,,8,60,95,30,60,0.999336780069662,0.24494897427831783
2026-08-31T21:58:43.481,124762734,P015,finger_still,VALID,,,,500,4314617,114574,115347,114380.84,114746.99,193.16,600.01,285.84,400.15,False,False,nan,True,0.7,77.8,98.24,True,0,COLLECTING,0,,0,,,,,8,60,95,30,60,0.999336780069662,0.24494897427831783
2026-08-31T21:58:43.523,124762781,P015,finger_still,VALID,,,,501,4314657,114595,115425,114385.12,114760.55,209.88,664.45,380.49,399.76,False,False,nan,True,0.7,77.8,98.24,True,0,COLLECTING,0,,0,,,,,8,60,95,30,60,0.999336780069662,0.24494897427831783
2026-08-31T21:58:43.648,124762906,P015,finger_still,VALID,,,,502,4314697,114630,115411,114390.02,114773.56,239.98,637.44,444.73,400.66,False,False,nan,True,0.7,77.8,98.24,True,0,COLLECTING,0,,0,,,,,8,60,95,30,60,0.999336780069662,0.24494897427831783
2026-08-31T21:58:43.658,124762906,P015,finger_still,VALID,,,,503,4314737,114439,114983,114391.0,114777.75,48.0,205.25,384.86,400.34,True,True,640.0,True,0.7006,86.8,98.24,True,0,COLLECTING,0,,0,,,,,8,60,95,30,60,0.999336780069662,0.24494897427831783
2026-08-31T21:58:43.669,124762921,P015,finger_still,VALID,,,,504,4314777,114289,114675,114388.96,114775.7,-99.96,-100.7,263.47,397.61,False,False,nan,True,0.7006,86.8,98.24,True,0,COLLECTING,0,,0,,,,,8,60,95,30,60,0.999336780069662,0.24494897427831783
2026-08-31T21:58:43.678,124762921,P015,finger_still,VALID,,,,505,4314817,114219,114659,114385.56,114773.36,-166.56,-114.36,169.01,393.03,False,False,nan,True,0.7006,86.8,98.24,True,0,COLLECTING,0,,0,,,,,8,60,95,30,60,0.999336780069662,0.24494897427831783
2026-08-31T21:58:43.722,124762968,P015,finger_still,VALID,,,,506,4314857,114250,114669,114382.85,114771.27,-132.85,-102.27,101.19,387.2,False,False,nan,True,0.7006,86.8,98.24,True,0,COLLECTING,0,,0,,,,,8,60,95,30,60,0.999336780069662,0.24494897427831783
2026-08-31T21:58:43.848,124763093,P015,finger_still,VALID,,,,507,4314897,114261,114717,114380.41,114770.19,-119.41,-53.19,62.6,380.7,False,False,nan,True,0.7006,86.8,98.24,True,0,COLLECTING,0,,0,,,,,9,60,95,30,60,0.999336780069662,0.24494897427831783
2026-08-31T21:58:43.858,124763109,P015,finger_still,VALID,,,,508,4314937,114213,114612,114377.06,114767.02,-164.06,-155.02,8.19,373.25,False,False,nan,True,0.7006,86.8,98.24,True,0,COLLECTING,0,,0,,,,,9,60,95,30,60,0.999336780069662,0.24494897427831783
2026-08-31T21:58:43.866,124763125,P015,finger_still,VALID,,,,509,4314977,114241,114701,114374.34,114765.7,-133.34,-64.7,-10.03,365.99,False,False,nan,True,0.7006,86.8,98.24,True,0,COLLECTING,0,,0,,,,,9,60,95,30,60,0.999336780069662,0.24494897427831783
2026-08-31T21:58:43.878,124763125,P015,finger_still,VALID,,,,510,4315017,114319,114885,114373.23,114768.09,-54.23,116.91,21.7,359.1,False,False,nan,True,0.7006,86.8,98.24,True,0,COLLECTING,0,,0,,,,,9,60,95,30,60,0.999336780069662,0.24494897427831783
2026-08-31T21:58:43.921,124763171,P015,finger_still,VALID,,,,511,4315057,114272,114775,114371.21,114768.23,-99.21,6.77,17.97,352.28,False,False,nan,True,0.7006,86.8,98.24,True,0,COLLECTING,0,,0,,,,,9,60,95,30,60,0.999336780069662,0.24494897427831783
2026-08-31T21:58:44.048,124763296,P015,finger_still,VALID,,,,512,4315097,114333,114889,114370.45,114770.64,-37.45,118.36,43.07,346.1,False,False,nan,True,0.7006,86.8,98.24,True,0,COLLECTING,0,,0,,,,,9,60,95,30,60,0.999336780069662,0.24494897427831783
2026-08-31T21:58:44.058,124763312,P015,finger_still,VALID,,,,513,4315137,114432,115100,114371.68,114777.23,60.32,322.77,112.99,341.44,False,False,nan,True,0.7006,86.8,98.24,True,0,COLLECTING,0,,0,,,,,9,60,95,30,60,0.999336780069662,0.24494897427831783
2026-08-31T21:58:44.067,124763312,P015,finger_still,VALID,,,,514,4315177,114431,115196,114372.87,114785.6,58.13,410.4,187.35,338.35,False,False,nan,True,0.7006,86.8,98.24,True,0,COLLECTING,0,,0,,,,,9,60,95,30,60,0.999336780069662,0.24494897427831783
2026-08-31T21:58:44.082,124763328,P015,finger_still,VALID,,,,515,4315217,114504,115299,114375.49,114795.87,128.51,503.13,266.29,336.91,False,False,nan,True,0.7006,86.8,98.24,True,0,COLLECTING,0,,0,,,,,9,60,95,30,60,0.999336780069662,0.24494897427831783
2026-08-31T21:58:44.122,124763375,P015,finger_still,VALID,,,,516,4315257,114521,115383,114378.4,114807.61,142.6,575.39,343.57,337.05,False,False,nan,True,0.7006,86.8,98.24,True,0,COLLECTING,0,,0,,,,,9,60,95,30,60,0.999336780069662,0.24494897427831783
2026-08-31T21:58:44.246,124763500,P015,finger_still,VALID,,,,517,4315297,114545,115494,114381.73,114821.34,163.27,672.66,425.84,338.82,False,False,nan,True,0.7006,86.8,98.24,True,0,COLLECTING,0,,0,,,,,9,60,95,30,60,0.999336780069662,0.24494897427831783
2026-08-31T21:58:44.261,124763515,P015,finger_still,VALID,,,,518,4315337,114596,115600,114386.02,114836.91,209.98,763.09,510.15,342.25,False,False,nan,True,0.7006,86.8,98.24,True,0,COLLECTING,0,,0,,,,,9,60,95,30,60,0.999336780069662,0.24494897427831783
2026-08-31T21:58:44.272,124763515,P015,finger_still,VALID,,,,519,4315377,114536,115498,114389.02,114850.12,146.98,647.88,544.58,346.29,False,False,nan,True,0.7006,86.8,98.24,True,0,COLLECTING,0,,0,,,,,9,60,95,30,60,0.999336780069662,0.24494897427831783
2026-08-31T21:58:44.281,124763531,P015,finger_still,VALID,,,,520,4315417,114462,115258,114390.48,114858.28,71.52,399.72,508.37,349.54,True,True,680.0,True,0.7077,90.74,98.24,True,0,COLLECTING,0,,0,,,,,9,60,95,30,60,0.999336780069662,0.24494897427831783
2026-08-31T21:58:44.321,124763578,P015,finger_still,VALID,,,,521,4315457,114422,115212,114391.11,114865.36,30.89,346.64,467.94,351.9,False,False,nan,True,0.7077,90.74,98.24,True,0,COLLECTING,0,,0,,,,,9,60,95,30,60,0.999336780069662,0.24494897427831783
2026-08-31T21:58:44.449,124763703,P015,finger_still,VALID,,,,522,4315497,114505,115350,114393.39,114875.05,111.61,474.95,469.69,354.26,False,False,nan,True,0.7077,90.74,98.24,True,0,COLLECTING,0,,0,,,,,10,60,95,30,60,0.999336780069662,0.24494897427831783
2026-08-31T21:58:44.458,124763703,P015,finger_still,VALID,,,,523,4315537,114534,115476,114396.2,114887.07,137.8,588.93,499.5,357.16,False,False,nan,True,0.7077,90.74,98.24,True,0,COLLECTING,0,,0,,,,,10,60,95,30,60,0.999336780069662,0.24494897427831783
2026-08-31T21:58:44.471,124763718,P015,finger_still,VALID,,,,524,4315577,114627,115594,114400.82,114901.21,226.18,692.79,547.82,360.98,False,False,nan,True,0.7077,90.74,98.24,True,0,COLLECTING,0,,0,,,,,10,60,95,30,60,0.999336780069662,0.24494897427831783
2026-08-31T21:58:44.479,124763734,P015,finger_still,VALID,,,,525,4315617,114689,115687,114406.59,114916.93,282.41,770.07,603.38,365.83,False,False,nan,True,0.7077,90.74,98.24,True,0,COLLECTING,0,,0,,,,,10,60,95,30,60,0.999336780069662,0.24494897427831783
2026-08-31T21:58:44.522,124763765,P015,finger_still,VALID,,,,526,4315657,114720,115775,114412.85,114934.09,307.15,840.91,662.76,371.76,False,False,nan,True,0.7077,90.74,98.24,True,0,COLLECTING,0,,0,,,,,10,60,95,30,60,0.999336780069662,0.24494897427831783
2026-08-31T21:58:44.647,124763890,P015,finger_still,VALID,,,,527,4315697,114748,115844,114419.55,114952.29,328.45,891.71,720.0,378.73,False,False,nan,True,0.7077,90.74,98.24,True,0,COLLECTING,0,,0,,,,,9,60,95,30,60,0.9997654724984255,0.24494897427831783
2026-08-31T21:58:44.658,124763906,P015,finger_still,VALID,,,,528,4315737,114778,115931,114426.73,114971.86,351.27,959.14,779.79,386.75,False,False,nan,True,0.7077,90.74,98.24,True,0,COLLECTING,0,,0,,,,,9,60,95,30,60,0.9997654724984255,0.24494897427831783
2026-08-31T21:58:44.669,124763921,P015,finger_still,VALID,,,,529,4315777,114831,116054,114434.81,114993.5,396.19,1060.5,849.96,396.01,False,False,nan,True,0.7077,90.74,98.24,True,0,COLLECTING,0,,0,,,,,9,60,95,30,60,0.9997654724984255,0.24494897427831783
2026-08-31T21:58:44.679,124763937,P015,finger_still,VALID,,,,530,4315817,114883,116207,114443.77,115017.77,439.23,1189.23,934.78,406.79,False,False,nan,True,0.7077,90.74,98.24,True,0,COLLECTING,0,,0,,,,,9,60,95,30,60,0.9997654724984255,0.24494897427831783
2026-08-31T21:58:44.721,124763968,P015,finger_still,VALID,,,,531,4315857,114982,116367,114454.54,115044.76,527.46,1322.24,1031.65,419.29,False,False,nan,True,0.7077,90.74,98.24,True,0,COLLECTING,0,,0,,,,,9,60,95,30,60,0.9997654724984255,0.24494897427831783
2026-08-31T21:58:44.849,124764093,P015,finger_still,VALID,,,,532,4315897,115005,116469,114465.55,115073.24,539.45,1395.76,1122.67,433.36,False,False,nan,True,0.7077,90.74,98.24,True,0,COLLECTING,0,,0,,,,,9,60,95,30,60,0.999336780069662,0.24494897427831783
2026-08-31T21:58:44.859,124764109,P015,finger_still,VALID,,,,533,4315937,115066,116576,114477.55,115103.3,588.45,1472.7,1210.18,448.89,False,False,nan,True,0.7077,90.74,98.24,True,0,COLLECTING,0,,0,,,,,9,60,95,30,60,0.999336780069662,0.24494897427831783
2026-08-31T21:58:44.871,124764125,P015,finger_still,VALID,,,,534,4315977,115089,116662,114489.78,115134.47,599.22,1527.53,1289.52,465.7,False,False,nan,True,0.7077,90.74,98.24,True,0,COLLECTING,0,,0,,,,,9,60,95,30,60,0.999336780069662,0.24494897427831783
2026-08-31T21:58:44.879,124764125,P015,finger_still,VALID,,,,535,4316017,115115,116769,114502.29,115167.16,612.71,1601.84,1367.6,483.74,False,False,nan,True,0.7077,90.74,98.24,True,0,COLLECTING,0,,0,,,,,9,60,95,30,60,0.999336780069662,0.24494897427831783
2026-08-31T21:58:44.922,124764171,P015,finger_still,VALID,,,,536,4316057,115208,116906,114516.41,115201.93,691.59,1704.07,1451.72,503.1,False,False,nan,True,0.7077,90.74,98.24,True,0,COLLECTING,0,,0,,,,,9,60,95,30,60,0.999336780069662,0.24494897427831783
2026-08-31T21:58:45.052,124764296,P015,finger_still,VALID,,,,537,4316097,115261,117107,114531.3,115240.03,729.7,1866.97,1555.53,524.15,False,False,nan,True,0.7077,90.74,98.24,True,0,COLLECTING,0,,0,,,,,9,60,95,30,60,0.999336780069662,0.24494897427831783
2026-08-31T21:58:45.064,124764312,P015,finger_still,VALID,,,,538,4316137,115260,117091,114545.87,115277.05,714.13,1813.95,1620.14,546.07,False,False,nan,True,0.7077,90.74,98.24,True,0,COLLECTING,0,,0,,,,,9,60,95,30,60,0.999336780069662,0.24494897427831783
2026-08-31T21:58:45.073,124764328,P015,finger_still,VALID,,,,539,4316177,115199,116965,114558.93,115310.8,640.07,1654.2,1628.65,567.72,False,False,nan,True,0.7077,90.74,98.24,True,0,COLLECTING,0,,0,,,,,9,60,95,30,60,0.999336780069662,0.24494897427831783
2026-08-31T21:58:45.081,124764328,P015,finger_still,VALID,,,,540,4316217,115199,116935,114571.73,115343.29,627.27,1591.71,1619.42,588.76,True,True,800.0,True,0.764,83.77,98.24,True,0,COLLECTING,0,,0,,,,,9,60,95,30,60,0.999336780069662,0.24494897427831783
2026-08-31T21:58:45.121,124764375,P015,finger_still,VALID,,,,541,4316257,115238,117025,114585.06,115376.92,652.94,1648.08,1626.58,609.51,False,False,nan,True,0.764,83.77,98.24,True,0,COLLECTING,0,,0,,,,,9,60,95,30,60,0.999336780069662,0.24494897427831783
2026-08-31T21:58:45.247,124764500,P015,finger_still,VALID,,,,542,4316297,115272,117105,114598.8,115411.48,673.2,1693.52,1643.31,630.19,False,False,nan,True,0.764,83.77,98.24,True,0,COLLECTING,0,,0,,,,,10,60,95,30,60,0.999336780069662,0.24494897427831783
2026-08-31T21:58:45.257,124764515,P015,finger_still,VALID,,,,543,4316337,115284,117147,114612.51,115446.2,671.49,1700.8,1657.69,650.74,False,False,nan,True,0.764,83.77,98.24,True,0,COLLECTING,0,,0,,,,,10,60,95,30,60,0.999336780069662,0.24494897427831783
2026-08-31T21:58:45.270,124764515,P015,finger_still,VALID,,,,544,4316377,115316,117237,114626.58,115482.01,689.42,1754.99,1682.01,671.36,False,False,nan,True,0.764,83.77,nan,False,0,COLLECTING,0,,0,,,,,10,60,95,30,60,0.999336780069662,0.24494897427831783
2026-08-31T21:58:45.280,124764531,P015,finger_still,VALID,,,,545,4316417,115368,117335,114641.41,115519.07,726.59,1815.93,1715.49,692.25,False,False,nan,True,0.764,83.77,nan,False,0,COLLECTING,0,,0,,,,,10,60,95,30,60,0.999336780069662,0.24494897427831783
2026-08-31T21:58:45.322,124764578,P015,finger_still,VALID,,,,546,4316457,115407,117445,114656.72,115557.59,750.28,1887.41,1758.47,713.57,False,False,nan,True,0.764,83.77,nan,False,0,COLLECTING,0,,0,,,,,10,60,95,30,60,0.999336780069662,0.24494897427831783
2026-08-31T21:58:45.446,124764703,P015,finger_still,VALID,,,,547,4316497,115458,117564,114672.74,115597.71,785.26,1966.29,1810.43,735.51,False,False,nan,True,0.764,83.77,nan,False,0,COLLECTING,0,,0,,,,,10,60,95,30,60,0.999336780069662,0.24494897427831783
2026-08-31T21:58:45.458,124764703,P015,finger_still,VALID,,,,548,4316537,115546,117773,114690.21,115641.22,855.79,2131.78,1890.77,758.61,False,False,nan,True,0.764,83.77,nan,False,0,COLLECTING,0,,0,,,,,10,60,95,30,60,0.999336780069662,0.24494897427831783
2026-08-31T21:58:45.467,124764718,P015,finger_still,VALID,,,,549,4316577,115649,118006,114709.38,115688.52,939.62,2317.48,1997.45,783.39,False,False,nan,True,0.764,83.77,nan,False,0,COLLECTING,0,,0,,,,,10,60,95,30,60,0.999336780069662,0.24494897427831783
2026-08-31T21:58:45.478,124764734,P015,finger_still,VALID,,,,550,4316617,115724,118173,114729.67,115738.2,994.33,2434.8,2106.78,809.86,False,False,nan,True,0.764,83.77,nan,False,0,COLLECTING,0,,0,,,,,10,60,95,30,60,0.999336780069662,0.24494897427831783
2026-08-31T21:58:45.521,124764765,P015,finger_still,VALID,,,,551,4316657,115780,118304,114750.68,115789.52,1029.32,2514.48,2208.71,837.83,False,False,nan,True,0.764,83.77,nan,False,0,COLLECTING,0,,0,,,,,10,60,95,30,60,0.999336780069662,0.24494897427831783
2026-08-31T21:58:45.647,124764890,P015,finger_still,VALID,,,,552,4316697,115814,118397,114771.95,115841.66,1042.05,2555.34,2295.37,866.99,False,False,nan,True,0.764,83.77,nan,False,0,COLLECTING,0,,0,,,,,9,60,95,30,60,0.999336780069662,0.24494897427831783
2026-08-31T21:58:45.658,124764906,P015,finger_still,VALID,,,,553,4316737,115833,118454,114793.16,115893.91,1039.84,2560.09,2361.55,896.88,False,False,nan,True,0.764,83.77,nan,False,0,COLLECTING,0,,0,,,,,9,60,95,30,60,0.999336780069662,0.24494897427831783
2026-08-31T21:58:45.678,124764921,P015,finger_still,VALID,,,,554,4316777,115861,118533,114814.52,115946.7,1046.48,2586.3,2417.74,927.29,False,False,nan,True,0.764,83.77,nan,False,0,COLLECTING,0,,0,,,,,9,60,95,30,60,0.999336780069662,0.24494897427831783
2026-08-31T21:58:45.680,124764937,P015,finger_still,VALID,,,,555,4316817,115907,118617,114836.38,116000.1,1070.62,2616.9,2467.53,958.1,False,False,nan,True,0.764,83.77,nan,False,0,COLLECTING,0,,0,,,,,9,60,95,30,60,0.999336780069662,0.24494897427831783
2026-08-31T21:58:45.721,124764968,P015,finger_still,VALID,,,,556,4316857,115991,118803,114859.47,116056.16,1131.53,2746.84,2537.36,989.68,False,False,nan,True,0.764,83.77,nan,False,0,COLLECTING,0,,0,,,,,9,60,95,30,60,0.999336780069662,0.24494897427831783
2026-08-31T21:58:45.847,124765093,P015,finger_still,VALID,,,,557,4316897,116076,119020,114883.8,116115.43,1192.2,2904.57,2629.16,1022.47,False,False,nan,True,0.764,83.77,nan,False,0,COLLECTING,0,,0,,,,,9,60,95,30,60,0.999336780069662,0.24494897427831783
2026-08-31T21:58:45.858,124765109,P015,finger_still,VALID,,,,558,4316937,115874,118624,114903.6,116165.6,970.4,2458.4,2586.47,1053.75,True,True,720.0,True,0.764,83.77,nan,False,0,COLLECTING,0,,0,,,,,9,60,95,30,60,0.999336780069662,0.24494897427831783
2026-08-31T21:58:45.871,124765125,P015,finger_still,VALID,,,,559,4316977,115760,118415,114920.73,116210.59,839.27,2204.41,2490.96,1082.5,False,False,nan,True,0.764,83.77,nan,False,0,COLLECTING,0,,0,,,,,9,60,95,30,60,0.999336780069662,0.24494897427831783
2026-08-31T21:58:45.880,124765125,P015,finger_still,VALID,,,,560,4317017,115729,118354,114936.89,116253.45,792.11,2100.55,2393.35,1108.71,False,False,nan,True,0.764,83.77,nan,False,0,COLLECTING,0,,0,,,,,9,60,95,30,60,0.999336780069662,0.24494897427831783
2026-08-31T21:58:45.922,124765171,P015,finger_still,VALID,,,,561,4317057,115710,118337,114952.35,116295.12,757.65,2041.88,2305.48,1132.65,False,False,nan,True,0.764,83.77,nan,False,0,COLLECTING,0,,0,,,,,9,60,95,30,60,0.999336780069662,0.24494897427831783
2026-08-31T21:58:46.048,124765296,P015,finger_still,VALID,,,,562,4317097,115661,118273,114966.52,116334.68,694.48,1938.32,2213.69,1154.27,False,False,nan,True,0.764,83.77,nan,False,0,COLLECTING,0,,0,,,,,9,60,95,30,60,1.0004419023611517,0.24494897427831783
2026-08-31T21:58:46.059,124765312,P015,finger_still,VALID,,,,563,4317137,115618,118211,114979.55,116372.2,638.45,1838.8,2119.97,1173.58,False,False,nan,True,0.764,83.77,nan,False,0,COLLECTING,0,,0,,,,,9,60,95,30,60,1.0004419023611517,0.24494897427831783
2026-08-31T21:58:46.071,124765328,P015,finger_still,VALID,,,,564,4317177,115602,118203,114992.0,116408.82,610.0,1794.18,2038.52,1190.88,False,False,nan,True,0.764,83.77,nan,False,0,COLLECTING,0,,0,,,,,9,60,95,30,60,1.0004419023611517,0.24494897427831783
2026-08-31T21:58:46.080,124765328,P015,finger_still,VALID,,,,565,4317217,115587,118217,115003.9,116444.98,583.1,1772.02,1971.9,1206.5,False,False,nan,True,0.764,83.77,nan,False,0,COLLECTING,0,,0,,,,,9,60,95,30,60,1.0004419023611517,0.24494897427831783
2026-08-31T21:58:46.121,124765375,P015,finger_still,VALID,,,,566,4317257,115618,118275,115016.18,116481.59,601.82,1793.41,1927.27,1220.92,False,False,nan,True,0.764,83.77,nan,False,0,COLLECTING,0,,0,,,,,9,60,95,30,60,1.0004419023611517,0.24494897427831783
2026-08-31T21:58:46.246,124765500,P015,finger_still,VALID,,,,567,4317297,115651,118374,115028.88,116519.44,622.12,1854.56,1909.1,1234.68,False,False,nan,True,0.764,83.77,nan,False,0,COLLECTING,0,,0,,,,,9,60,95,30,60,0.999336780069662,0.24494897427831783
2026-08-31T21:58:46.259,124765515,P015,finger_still,VALID,,,,568,4317337,115717,118531,115042.64,116559.67,674.36,1971.33,1924.65,1248.48,False,False,nan,True,0.764,83.77,nan,False,0,COLLECTING,0,,0,,,,,9,60,95,30,60,0.999336780069662,0.24494897427831783
2026-08-31T21:58:46.271,124765515,P015,finger_still,VALID,,,,569,4317377,115769,118669,115057.16,116601.86,711.84,2067.14,1960.28,1262.72,False,False,nan,True,0.764,83.77,nan,False,0,COLLECTING,0,,0,,,,,9,60,95,30,60,0.999336780069662,0.24494897427831783
2026-08-31T21:58:46.278,124765531,P015,finger_still,VALID,,,,570,4317417,115799,118754,115072.0,116644.9,727.0,2109.1,1997.48,1277.41,False,False,nan,True,0.764,83.77,nan,False,0,COLLECTING,0,,0,,,,,9,60,95,30,60,0.999336780069662,0.24494897427831783
2026-08-31T21:58:46.320,124765578,P015,finger_still,VALID,,,,571,4317457,115808,118791,115086.72,116687.82,721.28,2103.18,2023.91,1292.34,False,False,nan,True,0.764,83.77,nan,False,0,COLLECTING,0,,0,,,,,9,60,95,30,60,0.999336780069662,0.24494897427831783
2026-08-31T21:58:46.447,124765703,P015,finger_still,VALID,,,,572,4317497,115788,118778,115100.74,116729.62,687.26,2048.38,2030.02,1307.1,False,False,nan,True,0.764,83.77,nan,False,0,COLLECTING,0,,0,,,,,9,60,95,30,60,0.9997654724984255,0.24494897427831783
2026-08-31T21:58:46.458,124765703,P015,finger_still,VALID,,,,573,4317537,115742,118712,115113.57,116769.27,628.43,1942.73,2008.2,1321.12,True,True,600.0,True,0.764,83.77,nan,False,0,COLLECTING,0,,0,,,,,9,60,95,30,60,0.9997654724984255,0.24494897427831783
2026-08-31T21:58:46.470,124765718,P015,finger_still,VALID,,,,574,4317577,115637,118528,115124.04,116804.45,512.96,1723.55,1937.04,1333.44,False,False,nan,True,0.764,83.77,nan,False,0,COLLECTING,0,,0,,,,,9,60,95,30,60,0.9997654724984255,0.24494897427831783
2026-08-31T21:58:46.479,124765734,P015,finger_still,VALID,,,,575,4317617,115422,118160,115130.0,116831.55,292.0,1328.45,1784.89,1342.47,False,False,nan,True,0.764,83.77,nan,False,0,COLLECTING,0,,0,,,,,9,60,95,30,60,0.9997654724984255,0.24494897427831783
2026-08-31T21:58:46.522,124765765,P015,finger_still,VALID,,,,576,4317657,115347,118021,115134.34,116855.34,212.66,1165.66,1630.08,1348.22,False,False,nan,True,0.764,83.77,nan,False,0,COLLECTING,0,,0,,,,,9,60,95,30,60,0.9997654724984255,0.24494897427831783
2026-08-31T21:58:46.648,124765906,P015,finger_still,VALID,,,,577,4317697,115264,117901,115136.94,116876.26,127.06,1024.74,1478.75,1350.83,False,False,nan,True,0.764,83.77,nan,False,0,COLLECTING,0,,0,,,,,9,60,95,30,60,0.9999969999955,0.24494897427831783
2026-08-31T21:58:46.658,124765906,P015,finger_still,VALID,,,,578,4317737,115232,117876,115138.84,116896.25,93.16,979.75,1354.0,1350.89,False,False,nan,True,0.764,83.77,nan,False,0,COLLECTING,0,,0,,,,,9,60,95,30,60,0.9999969999955,0.24494897427831783
2026-08-31T21:58:46.666,124765921,P015,finger_still,VALID,,,,579,4317777,115218,117899,115140.42,116916.3,77.58,982.7,1261.17,1349.1,False,False,nan,True,0.764,83.77,nan,False,0,COLLECTING,0,,0,,,,,9,60,95,30,60,0.9999969999955,0.24494897427831783
2026-08-31T21:58:46.677,124765921,P015,finger_still,VALID,,,,580,4317817,115228,117932,115142.17,116936.62,85.83,995.38,1194.72,1346.01,False,False,nan,True,0.764,83.77,nan,False,0,COLLECTING,0,,0,,,,,9,60,95,30,60,0.9999969999955,0.24494897427831783
2026-08-31T21:58:46.721,124765968,P015,finger_still,VALID,,,,581,4317857,115382,118233,115146.97,116962.55,235.03,1270.45,1213.66,1343.36,False,False,nan,True,0.764,83.77,nan,False,0,COLLECTING,0,,0,,,,,9,60,95,30,60,0.9999969999955,0.24494897427831783
2026-08-31T21:58:46.848,124766093,P015,finger_still,VALID,,,,582,4317897,115385,118233,115151.73,116987.95,233.27,1245.05,1221.5,1340.93,False,False,nan,True,0.764,83.77,nan,False,0,COLLECTING,0,,0,,,,,9,60,95,30,60,0.999336780069662,0.24494897427831783
2026-08-31T21:58:46.863,124766109,P015,finger_still,VALID,,,,583,4317937,115145,117810,115151.59,117004.39,-6.59,805.61,1117.53,1336.46,True,True,400.0,True,0.7535,84.36,nan,False,0,COLLECTING,0,,0,,,,,9,60,95,30,60,0.999336780069662,0.24494897427831783
2026-08-31T21:58:46.878,124766125,P015,finger_still,VALID,,,,584,4317977,115011,117591,115148.78,117016.12,-137.78,574.88,981.87,1329.37,False,False,nan,True,0.7535,84.36,nan,False,0,COLLECTING,0,,0,,,,,9,60,95,30,60,0.999336780069662,0.24494897427831783
2026-08-31T21:58:46.882,124766140,P015,finger_still,VALID,,,,585,4318017,115012,117623,115146.05,117028.27,-134.05,594.73,885.08,1320.48,False,False,nan,True,0.7535,84.36,nan,False,0,COLLECTING,0,,0,,,,,9,60,95,30,60,0.999336780069662,0.24494897427831783
2026-08-31T21:58:46.922,124766171,P015,finger_still,VALID,,,,586,4318057,115181,117994,115146.74,117047.58,34.26,946.42,900.42,1312.08,False,False,nan,True,0.7535,84.36,nan,False,0,COLLECTING,0,,0,,,,,9,60,95,30,60,0.999336780069662,0.24494897427831783
2026-08-31T21:58:47.048,124766296,P015,finger_still,VALID,,,,587,4318097,115352,118328,115150.84,117073.19,201.16,1254.81,989.02,1305.62,False,False,nan,True,0.7535,84.36,nan,False,0,COLLECTING,0,,0,,,,,10,60,95,30,60,0.999336780069662,0.24494897427831783
2026-08-31T21:58:47.059,124766312,P015,finger_still,VALID,,,,588,4318137,115556,118753,115158.95,117106.78,397.05,1646.22,1153.32,1302.57,False,False,nan,True,0.7535,84.36,nan,False,0,COLLECTING,0,,0,,,,,10,60,95,30,60,0.999336780069662,0.24494897427831783
2026-08-31T21:58:47.069,124766312,P015,finger_still,VALID,,,,589,4318177,115919,119520,115174.15,117155.05,744.85,2364.95,1456.23,1305.65,False,False,nan,True,0.7535,84.36,nan,False,0,COLLECTING,0,,0,,,,,10,60,95,30,60,0.999336780069662,0.24494897427831783
2026-08-31T21:58:47.077,124766328,P015,finger_still,VALID,,,,590,4318217,116389,120461,115198.45,117221.16,1190.55,3239.84,1902.13,1317.57,False,False,nan,True,0.7535,84.36,nan,False,0,COLLECTING,0,,0,,,,,10,60,95,30,60,0.999336780069662,0.24494897427831783
2026-08-31T21:58:47.122,124766375,P015,finger_still,VALID,,,,591,4318257,116981,121668,115234.09,117310.1,1746.91,4357.9,2516.07,1341.54,False,False,nan,True,0.7535,84.36,nan,False,0,COLLECTING,0,,0,,,,,10,60,95,30,60,0.999336780069662,0.24494897427831783
2026-08-31T21:58:47.247,124766500,P015,finger_still,VALID,,,,592,4318297,117431,122596,115278.03,117415.82,2152.97,5180.18,3182.1,1378.36,False,False,nan,True,0.7535,84.36,nan,False,0,COLLECTING,0,,0,,,,,10,60,95,30,60,0.999336780069662,0.24494897427831783
2026-08-31T21:58:47.260,124766515,P015,finger_still,VALID,,,,593,4318337,117761,123284,115327.69,117533.19,2433.31,5750.81,3824.28,1427.27,False,False,nan,True,0.7535,84.36,nan,False,0,COLLECTING,0,,0,,,,,10,60,95,30,60,0.999336780069662,0.24494897427831783
2026-08-31T21:58:47.271,124766515,P015,finger_still,VALID,,,,594,4318377,118086,123954,115382.85,117661.6,2703.15,6292.4,4441.31,1487.55,False,False,nan,True,0.7535,84.36,nan,False,0,COLLECTING,0,,0,,,,,10,60,95,30,60,0.999336780069662,0.24494897427831783
2026-08-31T21:58:47.281,124766531,P015,finger_still,VALID,,,,595,4318417,118398,124599,115443.16,117800.35,2954.84,6798.65,5030.64,1558.42,False,False,nan,True,0.7535,84.36,nan,False,0,COLLECTING,0,,0,,,,,10,60,95,30,60,0.999336780069662,0.24494897427831783
2026-08-31T21:58:47.322,124766578,P015,finger_still,VALID,,,,596,4318457,118677,125163,115507.84,117947.6,3169.16,7215.4,5576.83,1638.78,False,False,nan,True,0.7535,84.36,nan,False,0,COLLECTING,0,,0,,,,,10,60,95,30,60,0.999336780069662,0.24494897427831783
2026-08-31T21:58:47.449,124766703,P015,finger_still,VALID,,,,597,4318497,118922,125649,115576.12,118101.63,3345.88,7547.37,6069.47,1727.4,False,False,nan,True,0.7535,84.36,nan,False,0,COLLECTING,0,,0,,,,,10,60,95,30,60,0.999336780069662,0.24494897427831783
2026-08-31T21:58:47.458,124766703,P015,finger_still,VALID,,,,598,4318537,119098,125969,115646.55,118258.98,3451.45,7710.02,6479.6,1822.44,False,False,nan,True,0.7535,84.36,nan,False,0,COLLECTING,0,,0,,,,,10,60,95,30,60,0.999336780069662,0.24494897427831783
2026-08-31T21:58:47.471,124766718,P015,finger_still,VALID,,,,599,4318577,119087,125906,115715.37,118411.91,3371.63,7494.09,6733.23,1920.66,False,False,nan,True,0.7535,84.36,nan,False,0,COLLECTING,0,,0,,,,,10,60,95,30,60,0.999336780069662,0.24494897427831783
2026-08-31T21:58:47.480,124766734,P015,finger_still,VALID,,,,600,4318617,118755,125201,115776.16,118547.7,2978.84,6653.3,6713.25,2016.51,True,True,680.0,True,0.7535,84.36,nan,False,0,COLLECTING,0,,0,,,,,10,60,95,30,60,0.999336780069662,0.24494897427831783
2026-08-31T21:58:47.522,124766765,P015,finger_still,VALID,,,,601,4318657,118437,124550,115829.38,118667.74,2607.62,5882.26,6505.5,2106.29,False,False,nan,True,0.7535,84.36,nan,False,0,COLLECTING,0,,0,,,,,10,60,95,30,60,0.999336780069662,0.24494897427831783
2026-08-31T21:58:47.646,124766890,P015,finger_still,VALID,,,,602,4318697,118319,124310,115879.16,118780.59,2439.84,5529.41,6261.48,2189.39,False,False,nan,True,0.7535,84.36,nan,False,0,COLLECTING,0,,0,,,,,11,60,95,30,60,0.999336780069662,0.24494897427831783
2026-08-31T21:58:47.659,124766906,P015,finger_still,VALID,,,,603,4318737,118264,124192,115926.86,118888.81,2337.14,5303.19,6021.9,2266.04,False,False,nan,True,0.7535,84.36,nan,False,0,COLLECTING,0,,0,,,,,11,60,95,30,60,0.999336780069662,0.24494897427831783
2026-08-31T21:58:47.672,124766921,P015,finger_still,VALID,,,,604,4318777,118237,124120,115973.06,118993.44,2263.94,5126.56,5798.07,2336.68,False,False,nan,True,0.7535,84.36,nan,False,0,COLLECTING,0,,0,,,,,11,60,95,30,60,0.999336780069662,0.24494897427831783
2026-08-31T21:58:47.681,124766937,P015,finger_still,VALID,,,,605,4318817,118261,124148,116018.82,119096.53,2242.18,5051.47,5611.42,2402.18,False,False,nan,True,0.7535,84.36,nan,False,0,COLLECTING,0,,0,,,,,11,60,95,30,60,0.999336780069662,0.24494897427831783
2026-08-31T21:58:47.722,124766968,P015,finger_still,VALID,,,,606,4318857,118314,124244,116064.73,119199.48,2249.27,5044.52,5469.69,2463.53,False,False,nan,True,0.7535,84.36,nan,False,0,COLLECTING,0,,0,,,,,11,60,95,30,60,0.999336780069662,0.24494897427831783
2026-08-31T21:58:47.850,124767093,P015,finger_still,VALID,,,,607,4318897,118397,124381,116111.38,119303.12,2285.62,5077.88,5371.74,2521.69,False,False,nan,True,0.7535,84.36,nan,False,0,COLLECTING,0,,0,,,,,11,60,95,30,60,0.999336780069662,0.24494897427831783
2026-08-31T21:58:47.859,124767109,P015,finger_still,VALID,,,,608,4318937,118418,124423,116157.51,119405.52,2260.49,5017.48,5283.18,2576.92,False,False,nan,True,0.7535,84.36,nan,False,0,COLLECTING,0,,0,,,,,11,60,95,30,60,0.999336780069662,0.24494897427831783
2026-08-31T21:58:47.870,124767125,P015,finger_still,VALID,,,,609,4318977,118392,124357,116202.2,119504.55,2189.8,4852.45,5175.5,2628.89,False,False,nan,True,0.7535,84.36,nan,False,0,COLLECTING,0,,0,,,,,11,60,95,30,60,0.999336780069662,0.24494897427831783
2026-08-31T21:58:47.879,124767125,P015,finger_still,VALID,,,,610,4319017,118328,124233,116244.71,119599.12,2083.29,4633.88,5040.09,2677.12,False,False,nan,True,0.7535,84.36,nan,False,0,COLLECTING,0,,0,,,,,11,60,95,30,60,0.999336780069662,0.24494897427831783
2026-08-31T21:58:47.921,124767171,P015,finger_still,VALID,,,,611,4319057,118249,124059,116284.8,119688.31,1964.2,4370.69,4872.74,2721.03,False,False,nan,True,0.7535,84.36,nan,False,0,COLLECTING,0,,0,,,,,11,60,95,30,60,0.999336780069662,0.24494897427831783
2026-08-31T21:58:48.051,124767296,P015,finger_still,VALID,,,,612,4319097,118214,123976,116323.38,119774.06,1890.62,4201.94,4705.04,2760.71,False,False,nan,True,0.7535,84.36,nan,False,0,COLLECTING,0,,0,,,,,11,60,95,30,60,0.999336780069662,0.24494897427831783
2026-08-31T21:58:48.063,124767312,P015,finger_still,VALID,,,,613,4319137,118170,123904,116360.31,119856.66,1809.69,4047.34,4540.61,2796.31,False,False,nan,True,0.7535,84.36,nan,False,0,COLLECTING,0,,0,,,,,11,60,95,30,60,0.999336780069662,0.24494897427831783
2026-08-31T21:58:48.073,124767328,P015,finger_still,VALID,,,,614,4319177,118133,123828,116395.77,119936.09,1737.23,3891.91,4378.44,2827.95,False,False,nan,True,0.7535,84.36,nan,False,0,COLLECTING,0,,0,,,,,11,60,95,30,60,0.999336780069662,0.24494897427831783
2026-08-31T21:58:48.082,124767328,P015,finger_still,VALID,,,,615,4319217,118119,123816,116430.23,120013.7,1688.77,3802.3,4234.4,2856.08,False,False,nan,True,0.7535,84.36,nan,False,0,COLLECTING,0,,0,,,,,11,60,95,30,60,0.999336780069662,0.24494897427831783
2026-08-31T21:58:48.121,124767375,P015,finger_still,VALID,,,,616,4319257,118160,123919,116464.82,120091.8,1695.18,3827.2,4132.6,2881.61,False,False,nan,True,0.7535,84.36,nan,False,0,COLLECTING,0,,0,,,,,11,60,95,30,60,0.999336780069662,0.24494897427831783
2026-08-31T21:58:48.246,124767500,P015,finger_still,VALID,,,,617,4319297,118283,124184,116501.19,120173.65,1781.81,4010.35,4102.04,2906.02,False,False,nan,True,0.7535,84.36,nan,False,0,COLLECTING,0,,0,,,,,11,60,95,30,60,0.999336780069662,0.24494897427831783
2026-08-31T21:58:48.259,124767515,P015,finger_still,VALID,,,,618,4319337,118463,124554,116540.42,120261.26,1922.58,4292.74,4149.72,2930.89,False,False,nan,True,0.7535,84.36,nan,False,0,COLLECTING,0,,0,,,,,11,60,95,30,60,0.999336780069662,0.24494897427831783
2026-08-31T21:58:48.270,124767515,P015,finger_still,VALID,,,,619,4319377,118639,124898,116582.39,120353.99,2056.61,4544.01,4248.29,2957.24,False,False,nan,True,0.7535,84.36,nan,False,0,COLLECTING,0,,0,,,,,11,60,95,30,60,0.999336780069662,0.24494897427831783
2026-08-31T21:58:48.279,124767531,P015,finger_still,VALID,,,,620,4319417,118779,125171,116626.32,120450.34,2152.68,4720.66,4366.38,2985.42,False,False,nan,True,0.7535,84.36,nan,False,0,COLLECTING,0,,0,,,,,11,60,95,30,60,0.999336780069662,0.24494897427831783
2026-08-31T21:58:48.321,124767578,P015,finger_still,VALID,,,,621,4319457,118885,125393,116671.49,120549.19,2213.51,4843.81,4485.74,3015.43,False,False,nan,True,0.7535,84.36,nan,False,0,COLLECTING,0,,0,,,,,11,60,95,30,60,0.999336780069662,0.24494897427831783
2026-08-31T21:58:48.450,124767703,P015,finger_still,VALID,,,,622,4319497,118993,125598,116717.92,120650.16,2275.08,4947.84,4601.26,3047.15,False,False,nan,True,0.7535,84.36,nan,False,0,COLLECTING,0,,0,,,,,11,60,95,30,60,0.999336780069662,0.24494897427831783
2026-08-31T21:58:48.466,124767718,P015,finger_still,VALID,,,,623,4319537,119075,125771,116765.06,120752.58,2309.94,5018.42,4705.55,3080.32,False,False,nan,True,0.7535,84.36,nan,False,0,COLLECTING,0,,0,,,,,11,60,95,30,60,0.999336780069662,0.24494897427831783
2026-08-31T21:58:48.476,124767734,P015,finger_still,VALID,,,,624,4319577,119053,125704,116810.82,120851.61,2242.18,4852.39,4742.26,3113.55,False,False,nan,True,0.7535,84.36,nan,False,0,COLLECTING,0,,0,,,,,11,60,95,30,60,0.999336780069662,0.24494897427831783
2026-08-31T21:58:48.480,124767734,P015,finger_still,VALID,,,,625,4319617,118930,125462,116853.2,120943.82,2076.8,4518.18,4686.24,3145.01,True,True,1000.0,True,0.8016,86.96,nan,False,0,COLLECTING,0,,0,,,,,11,60,95,30,60,0.999336780069662,0.24494897427831783
2026-08-31T21:58:48.521,124767765,P015,finger_still,VALID,,,,626,4319657,118880,125341,116893.74,121031.77,1986.26,4309.23,4591.99,3173.95,False,False,nan,True,0.8016,86.96,nan,False,0,COLLECTING,0,,0,,,,,11,60,95,30,60,0.999336780069662,0.24494897427831783
2026-08-31T21:58:48.647,124767890,P015,finger_still,VALID,,,,627,4319697,118914,125394,116934.15,121119.01,1979.85,4274.99,4512.74,3200.72,False,False,nan,True,0.8016,86.96,nan,False,0,COLLECTING,0,,0,,,,,12,60,95,30,60,0.999336780069662,0.24494897427831783
2026-08-31T21:58:48.659,124767906,P015,finger_still,VALID,,,,628,4319737,118954,125479,116974.55,121206.21,1979.45,4272.79,4452.75,3225.76,False,False,nan,True,0.8016,86.96,nan,False,0,COLLECTING,0,,0,,,,,12,60,95,30,60,0.999336780069662,0.24494897427831783
2026-08-31T21:58:48.680,124767937,P015,finger_still,VALID,,,,629,4319777,118910,125366,117013.26,121289.41,1896.74,4076.59,4358.71,3248.42,False,False,nan,True,0.8016,86.96,nan,False,0,COLLECTING,0,,0,,,,,12,60,95,30,60,0.999336780069662,0.24494897427831783
2026-08-31T21:58:48.682,124767937,P015,finger_still,VALID,,,,630,4319817,118745,125045,117047.89,121364.52,1697.11,3680.48,4189.16,3267.24,False,False,nan,True,0.8016,86.96,nan,False,0,COLLECTING,0,,0,,,,,12,60,95,30,60,0.999336780069662,0.24494897427831783
2026-08-31T21:58:48.723,124767968,P015,finger_still,VALID,,,,631,4319857,118572,124734,117078.38,121431.91,1493.62,3302.09,3967.39,3281.24,False,False,nan,True,0.8016,86.96,nan,False,0,COLLECTING,0,,0,,,,,12,60,95,30,60,0.999336780069662,0.24494897427831783
2026-08-31T21:58:48.850,124768093,P015,finger_still,VALID,,,,632,4319897,118453,124510,117105.87,121493.47,1347.13,3016.53,3729.68,3290.21,False,False,nan,True,0.8016,86.96,nan,False,0,COLLECTING,0,,0,,,,,12,60,95,30,60,0.999336780069662,0.24494897427831783
2026-08-31T21:58:48.861,124768109,P015,finger_still,VALID,,,,633,4319937,118412,124444,117131.99,121552.48,1280.01,2891.52,3520.14,3294.81,False,False,nan,True,0.8016,86.96,nan,False,0,COLLECTING,0,,0,,,,,12,60,95,30,60,0.999336780069662,0.24494897427831783
2026-08-31T21:58:48.870,124768125,P015,finger_still,VALID,,,,634,4319977,118385,124389,117157.05,121609.2,1227.95,2779.8,3335.05,3295.61,False,False,nan,True,0.8016,86.96,nan,False,0,COLLECTING,0,,0,,,,,12,60,95,30,60,0.999336780069662,0.24494897427831783
2026-08-31T21:58:48.880,124768125,P015,finger_still,VALID,,,,635,4320017,118349,124343,117180.89,121663.88,1168.11,2679.12,3171.07,3293.12,False,False,nan,True,0.8016,86.96,nan,False,0,COLLECTING,0,,0,,,,,12,60,95,30,60,0.999336780069662,0.24494897427831783
2026-08-31T21:58:48.921,124768171,P015,finger_still,VALID,,,,636,4320057,118380,124424,117204.88,121719.09,1175.12,2704.91,3054.53,3288.35,False,False,nan,True,0.8016,86.96,nan,False,0,COLLECTING,0,,0,,,,,12,60,95,30,60,0.999336780069662,0.24494897427831783
2026-08-31T21:58:49.047,124768296,P015,finger_still,VALID,,,,637,4320097,118410,124467,117228.98,121774.05,1181.02,2692.95,2964.14,3281.87,False,False,nan,True,0.8016,86.96,nan,False,0,COLLECTING,0,,0,,,,,12,60,95,30,60,0.999336780069662,0.24494897427831783
2026-08-31T21:58:49.058,124768312,P015,finger_still,VALID,,,,638,4320137,118397,124444,117252.34,121827.45,1144.66,2616.55,2877.24,3273.77,False,False,nan,True,0.8016,86.96,nan,False,0,COLLECTING,0,,0,,,,,12,60,95,30,60,0.999336780069662,0.24494897427831783
2026-08-31T21:58:49.071,124768328,P015,finger_still,VALID,,,,639,4320177,118453,124569,117276.35,121882.27,1176.65,2686.73,2829.61,3264.89,False,False,nan,True,0.8016,86.96,nan,False,0,COLLECTING,0,,0,,,,,12,60,95,30,60,0.999336780069662,0.24494897427831783
2026-08-31T21:58:49.079,124768328,P015,finger_still,VALID,,,,640,4320217,118545,124765,117301.73,121939.93,1243.27,2825.07,2828.48,3256.16,False,False,nan,True,0.8016,86.96,nan,False,0,COLLECTING,0,,0,,,,,12,60,95,30,60,0.999336780069662,0.24494897427831783
2026-08-31T21:58:49.131,124768375,P015,finger_still,VALID,,,,641,4320267,118780,125219,117331.29,122005.51,1448.71,3213.49,2924.73,3249.53,False,False,nan,True,0.8016,86.96,nan,False,0,COLLECTING,0,,0,,,,,12,60,95,30,60,0.999336780069662,0.24494897427831783
2026-08-31T21:58:49.251,124768500,P015,finger_still,VALID,,,,642,4320297,119035,125726,117365.36,122079.91,1669.64,3646.09,3105.07,3246.64,False,False,nan,True,0.8016,86.96,nan,False,0,COLLECTING,0,,0,,,,,12,60,95,30,60,0.999336780069662,0.24494897427831783
2026-08-31T21:58:49.262,124768515,P015,finger_still,VALID,,,,643,4320347,119154,125933,117401.13,122156.98,1752.87,3776.02,3272.81,3247.17,False,False,nan,True,0.8016,86.96,nan,False,0,COLLECTING,0,,0,,,,,12,60,95,30,60,0.999336780069662,0.24494897427831783
2026-08-31T21:58:49.272,124768515,P015,finger_still,VALID,,,,644,4320377,119181,125970,117436.73,122233.23,1744.27,3736.77,3388.8,3250.0,False,False,nan,True,0.8016,86.96,97.57,True,0,COLLECTING,0,,0,,,,,12,60,95,30,60,0.999336780069662,0.24494897427831783
2026-08-31T21:58:49.279,124768531,P015,finger_still,VALID,,,,645,4320417,119191,125969,117471.81,122307.95,1719.19,3661.05,3456.86,3254.14,False,False,nan,True,0.8016,86.96,97.57,True,0,COLLECTING,0,,0,,,,,12,60,95,30,60,0.999336780069662,0.24494897427831783
2026-08-31T21:58:49.334,124768578,P015,finger_still,VALID,,,,646,4320467,119241,126011,117507.2,122382.02,1733.8,3628.98,3499.89,3259.05,False,False,nan,True,0.8016,86.96,97.57,True,0,COLLECTING,0,,0,,,,,12,60,95,30,60,0.999336780069662,0.24494897427831783
2026-08-31T21:58:49.447,124768703,P015,finger_still,VALID,,,,647,4320507,119311,126175,117543.27,122457.88,1767.73,3717.12,3554.2,3264.96,False,False,nan,True,0.8016,86.96,97.57,True,0,IRREGULAR,1,0.83,0,700.8,204.9,279.9,0.91,12,54,96,30,60,0.999336780069662,0.24494897427831783
2026-08-31T21:58:49.460,124768718,P015,finger_still,VALID,,,,648,4320547,119510,126507,117582.61,122538.86,1927.39,3968.14,3657.69,3272.81,False,False,nan,True,0.8016,86.96,97.57,True,0,IRREGULAR,1,0.83,0,700.8,204.9,279.9,0.91,12,54,96,30,60,0.999336780069662,0.24494897427831783
2026-08-31T21:58:49.472,124768718,P015,finger_still,VALID,,,,649,4320587,119739,126896,117625.73,122626.0,2113.27,4270.0,3810.76,3283.57,False,False,nan,True,0.8016,86.96,97.57,True,0,IRREGULAR,1,0.83,0,700.8,204.9,279.9,0.91,12,54,96,30,60,0.999336780069662,0.24494897427831783
2026-08-31T21:58:49.493,124768750,P015,finger_still,VALID,,,,650,4320627,119852,127158,117670.26,122716.64,2181.74,4441.36,3968.41,3297.27,False,False,nan,True,0.8016,86.96,97.57,True,0,IRREGULAR,1,0.83,0,700.8,204.9,279.9,0.91,12,54,96,30,60,0.999336780069662,0.24494897427831783
2026-08-31T21:58:49.532,124768781,P015,finger_still,VALID,,,,651,4320667,119769,127023,117712.23,122802.77,2056.77,4220.23,4031.37,3311.95,False,False,nan,True,0.8016,86.96,97.57,True,0,IRREGULAR,1,0.83,0,700.8,204.9,279.9,0.91,12,54,96,30,60,0.999336780069662,0.24494897427831783
2026-08-31T21:58:49.649,124768906,P015,finger_still,VALID,,,,652,4320707,119712,126864,117752.23,122883.99,1959.77,3980.01,4018.53,3326.08,True,True,1090.0,True,0.7645,80.4,97.57,True,0,IRREGULAR,1,0.83,0,700.8,204.9,279.9,0.91,12,54,96,30,60,0.9997654724984255,0.24494897427831783
2026-08-31T21:58:49.660,124768906,P015,finger_still,VALID,,,,653,4320747,119634,126769,117789.86,122961.7,1844.14,3807.3,3965.72,3338.87,False,False,nan,True,0.7645,80.4,97.57,True,0,IRREGULAR,1,0.83,0,700.8,204.9,279.9,0.91,12,54,96,30,60,0.9997654724984255,0.24494897427831783
2026-08-31T21:58:49.670,124768921,P015,finger_still,VALID,,,,654,4320787,119652,126813,117827.1,123038.72,1824.9,3774.28,3917.86,3350.45,False,False,nan,True,0.7645,80.4,97.57,True,0,IRREGULAR,1,0.83,0,700.8,204.9,279.9,0.91,12,54,96,30,60,0.9997654724984255,0.24494897427831783
2026-08-31T21:58:49.691,124768937,P015,finger_still,VALID,,,,655,4320827,119754,127011,117865.64,123118.16,1888.36,3892.84,3911.61,3361.68,False,False,nan,True,0.7645,80.4,97.57,True,0,IRREGULAR,1,0.83,0,700.8,204.9,279.9,0.91,12,54,96,30,60,0.9997654724984255,0.24494897427831783
2026-08-31T21:58:49.732,124768984,P015,finger_still,VALID,,,,656,4320867,119894,127366,117906.21,123203.12,1987.79,4162.88,3974.42,3373.93,False,False,nan,True,0.7645,80.4,97.57,True,0,IRREGULAR,1,0.83,0,700.8,204.9,279.9,0.91,12,54,96,30,60,0.9997654724984255,0.24494897427831783
2026-08-31T21:58:49.848,124769093,P015,finger_still,VALID,,,,657,4320907,119924,127378,117946.57,123286.62,1977.43,4091.38,4003.66,3386.52,False,False,nan,True,0.7645,80.4,97.57,True,0,IRREGULAR,1,0.83,0,700.8,204.9,279.9,0.91,12,54,96,30,60,0.999336780069662,0.24494897427831783
2026-08-31T21:58:49.860,124769109,P015,finger_still,VALID,,,,658,4320947,119741,127053,117982.46,123361.95,1758.54,3691.05,3925.51,3397.3,True,False,nan,True,0.7645,80.4,97.57,True,0,IRREGULAR,1,0.83,0,700.8,204.9,279.9,0.91,12,54,96,30,60,0.999336780069662,0.24494897427831783
2026-08-31T21:58:49.870,124769125,P015,finger_still,VALID,,,,659,4320987,119422,126446,118011.25,123423.62,1410.75,3022.38,3699.73,3403.35,False,False,nan,True,0.7645,80.4,97.57,True,0,IRREGULAR,1,0.83,0,700.8,204.9,279.9,0.91,12,54,96,30,60,0.999336780069662,0.24494897427831783
2026-08-31T21:58:49.891,124769140,P015,finger_still,VALID,,,,660,4321027,119149,125925,118034.01,123473.66,1114.99,2451.34,3387.63,3403.04,False,False,nan,True,0.7645,80.4,97.57,True,0,IRREGULAR,1,0.83,0,700.8,204.9,279.9,0.91,12,54,96,30,60,0.999336780069662,0.24494897427831783
2026-08-31T21:58:49.932,124769187,P015,finger_still,VALID,,,,661,4321067,118933,125505,118051.98,123514.28,881.02,1990.72,3038.4,3395.75,False,False,nan,True,0.7645,80.4,97.57,True,0,IRREGULAR,1,0.83,0,700.8,204.9,279.9,0.91,12,54,96,30,60,0.999336780069662,0.24494897427831783
2026-08-31T21:58:50.051,124769296,P015,finger_still,VALID,,,,662,4321107,118753,125204,118066.01,123548.08,686.99,1655.92,2692.78,3381.69,False,False,nan,True,0.7645,80.4,97.57,True,0,IRREGULAR,1,0.83,0,700.8,204.9,279.9,0.91,12,54,96,30,60,0.999336780069662,0.24494897427831783
2026-08-31T21:58:50.062,124769312,P015,finger_still,VALID,,,,663,4321147,118581,124958,118076.3,123576.27,504.7,1381.73,2365.02,3361.35,False,False,nan,True,0.7645,80.4,97.57,True,0,IRREGULAR,1,0.83,0,700.8,204.9,279.9,0.91,12,54,96,30,60,0.999336780069662,0.24494897427831783
2026-08-31T21:58:50.070,124769328,P015,finger_still,VALID,,,,664,4321187,118397,124680,118082.72,123598.35,314.28,1081.65,2044.18,3335.01,False,False,nan,True,0.7645,80.4,97.57,True,0,IRREGULAR,1,0.83,0,700.8,204.9,279.9,0.91,12,54,96,30,60,0.999336780069662,0.24494897427831783
2026-08-31T21:58:50.091,124769343,P015,finger_still,VALID,,,,665,4321227,118233,124339,118085.73,123613.16,147.27,725.84,1714.59,3302.6,False,False,nan,True,0.7645,80.4,97.57,True,0,IRREGULAR,1,0.83,0,700.8,204.9,279.9,0.91,12,54,96,30,60,0.999336780069662,0.24494897427831783
2026-08-31T21:58:50.131,124769375,P015,finger_still,VALID,,,,666,4321267,117999,124034,118083.99,123621.58,-84.99,412.42,1389.05,3264.33,False,False,nan,True,0.7645,80.4,97.57,True,0,IRREGULAR,1,0.83,0,700.8,204.9,279.9,0.91,12,54,96,30,60,0.999336780069662,0.24494897427831783
2026-08-31T21:58:50.248,124769500,P015,finger_still,VALID,,,,667,4321307,117895,123779,118080.21,123624.73,-185.21,154.27,1080.36,3220.65,False,False,nan,True,0.7645,80.4,97.57,True,0,IRREGULAR,1,0.83,0,700.8,204.9,279.9,0.91,12,54,96,30,60,0.999336780069662,0.24494897427831783
2026-08-31T21:58:50.260,124769515,P015,finger_still,VALID,,,,668,4321347,117576,123298,118070.12,123618.2,-494.12,-320.2,730.22,3170.84,False,False,nan,True,0.7645,80.4,97.57,True,0,IRREGULAR,1,0.83,0,700.8,204.9,279.9,0.91,12,54,96,30,60,0.999336780069662,0.24494897427831783
2026-08-31T21:58:50.269,124769515,P015,finger_still,VALID,,,,669,4321387,117290,122814,118054.52,123602.11,-764.52,-788.11,350.64,3114.44,False,False,nan,True,0.7645,80.4,97.57,True,0,IRREGULAR,1,0.83,0,700.8,204.9,279.9,0.91,12,54,96,30,60,0.999336780069662,0.24494897427831783
2026-08-31T21:58:50.292,124769546,P015,finger_still,VALID,,,,670,4321427,117184,122622,118037.11,123582.51,-853.11,-960.51,22.85,3052.61,False,False,nan,True,0.7645,80.4,97.57,True,0,IRREGULAR,1,0.83,0,700.8,204.9,279.9,0.91,12,54,96,30,60,0.999336780069662,0.24494897427831783
2026-08-31T21:58:50.331,124769578,P015,finger_still,VALID,,,,671,4321467,117127,122507,118018.91,123561.0,-891.91,-1054.0,-246.36,2996.48,False,False,nan,True,0.7645,80.4,97.57,True,0,IRREGULAR,1,0.83,0,700.8,204.9,279.9,0.91,12,54,96,30,60,0.999336780069662,0.24494897427831783
2026-08-31T21:58:50.447,124769703,P015,finger_still,VALID,,,,672,4321507,116986,122313,117998.25,123536.04,-1012.25,-1223.04,-490.53,2946.36,False,False,nan,True,0.7645,80.4,97.57,True,0,IRREGULAR,1,0.83,0,700.8,204.9,279.9,0.91,12,54,96,30,60,0.999336780069662,0.24494897427831783
2026-08-31T21:58:50.459,124769703,P015,finger_still,VALID,,,,673,4321547,116923,122225,117976.74,123509.82,-1053.74,-1284.82,-689.1,2901.22,False,False,nan,True,0.7645,80.4,97.57,True,0,IRREGULAR,1,0.83,0,700.8,204.9,279.9,0.91,12,54,96,30,60,0.999336780069662,0.24494897427831783
2026-08-31T21:58:50.470,124769718,P015,finger_still,VALID,,,,674,4321587,116823,122100,117953.66,123481.62,-1130.66,-1381.62,-862.23,2860.44,False,False,nan,True,0.7645,80.4,97.57,True,0,IRREGULAR,1,0.83,0,700.8,204.9,279.9,0.91,12,54,96,30,60,0.999336780069662,0.24494897427831783
2026-08-31T21:58:50.492,124769750,P015,finger_still,VALID,,,,675,4321627,116780,122091,117930.19,123453.81,-1150.19,-1362.81,-987.38,2822.98,False,False,nan,True,0.7645,80.4,97.57,True,0,IRREGULAR,1,0.83,0,700.8,204.9,279.9,0.91,12,54,96,30,60,0.999336780069662,0.24494897427831783
2026-08-31T21:58:50.531,124769781,P015,finger_still,VALID,,,,676,4321667,117000,122451,117911.59,123433.76,-911.59,-982.76,-986.22,2786.24,False,False,nan,True,0.7645,80.4,97.57,True,0,IRREGULAR,1,0.83,0,700.8,204.9,279.9,0.91,12,54,96,30,60,0.999336780069662,0.24494897427831783
2026-08-31T21:58:50.649,124769906,P015,finger_still,VALID,,,,677,4321707,117509,123336,117903.53,123431.8,-394.53,-95.8,-763.62,2745.79,False,False,nan,True,0.7645,80.4,97.57,True,0,IRREGULAR,1,0.83,0,700.8,204.9,279.9,0.91,12,54,96,30,60,1.0002104778495375,0.24494897427831783
2026-08-31T21:58:50.659,124769906,P015,finger_still,VALID,,,,678,4321747,117792,123938,117901.3,123441.93,-109.3,496.07,-448.7,2699.85,False,False,nan,True,0.7645,80.4,97.57,True,0,IRREGULAR,1,0.83,0,700.8,204.9,279.9,0.91,12,54,96,30,60,1.0002104778495375,0.24494897427831783
2026-08-31T21:58:50.669,124769921,P015,finger_still,VALID,,,,679,4321787,117991,124333,117903.09,123459.75,87.91,873.25,-118.21,2648.21,False,False,nan,True,0.7645,80.4,97.57,True,0,IRREGULAR,1,0.83,0,700.8,204.9,279.9,0.91,12,54,96,30,60,1.0002104778495375,0.24494897427831783
2026-08-31T21:58:50.691,124769937,P015,finger_still,VALID,,,,680,4321827,118169,124647,117908.41,123483.49,260.59,1163.51,202.22,2599.29,False,False,nan,True,0.7645,80.4,97.57,True,0,IRREGULAR,1,0.83,0,700.8,204.9,279.9,0.91,12,54,96,30,60,1.0002104778495375,0.24494897427831783
2026-08-31T21:58:50.731,124769984,P015,finger_still,VALID,,,,681,4321867,118115,124528,117912.55,123504.38,202.45,1023.62,407.57,2555.46,False,False,nan,True,0.7645,80.4,97.57,True,0,IRREGULAR,1,0.83,0,700.8,204.9,279.9,0.91,12,54,96,30,60,1.0002104778495375,0.24494897427831783
2026-08-31T21:58:50.847,124770093,P015,finger_still,VALID,,,,682,4321907,117883,124094,117911.95,123516.17,-28.95,577.83,450.13,2513.35,False,False,nan,True,0.7645,80.4,97.57,True,0,IRREGULAR,1,0.83,0,700.8,204.9,279.9,0.91,12,54,96,30,60,0.999336780069662,0.24494897427831783
2026-08-31T21:58:50.859,124770109,P015,finger_still,VALID,,,,683,4321947,117489,123392,117903.49,123513.69,-414.49,-121.69,307.18,2469.23,False,False,nan,True,0.7645,80.4,97.57,True,0,IRREGULAR,1,0.83,0,700.8,204.9,279.9,0.91,12,54,96,30,60,0.999336780069662,0.24494897427831783
2026-08-31T21:58:50.868,124770125,P015,finger_still,VALID,,,,684,4321987,117121,122791,117887.84,123499.23,-766.84,-708.23,53.33,2420.91,False,False,nan,True,0.7645,80.4,97.57,True,0,IRREGULAR,1,0.83,0,700.8,204.9,279.9,0.91,12,54,96,30,60,0.999336780069662,0.24494897427831783
2026-08-31T21:58:50.891,124770140,P015,finger_still,VALID,,,,685,4322027,116916,122448,117868.41,123478.21,-952.41,-1030.21,-217.56,2376.84,False,False,nan,True,0.7645,80.4,97.57,True,0,IRREGULAR,1,0.83,0,700.8,204.9,279.9,0.91,12,54,96,30,60,0.999336780069662,0.24494897427831783
2026-08-31T21:58:50.931,124770187,P015,finger_still,VALID,,,,686,4322067,116804,122220,117847.12,123453.05,-1043.12,-1233.05,-471.43,2338.74,False,False,nan,True,0.7645,80.4,97.57,True,0,IRREGULAR,1,0.83,0,700.8,204.9,279.9,0.91,12,54,96,30,60,0.999336780069662,0.24494897427831783
2026-08-31T21:58:51.048,124770296,P015,finger_still,VALID,,,,687,4322107,116774,122233,117825.66,123428.65,-1051.66,-1195.65,-652.49,2305.01,False,False,nan,True,0.7645,80.4,97.57,True,0,IRREGULAR,1,0.83,0,700.8,204.9,279.9,0.91,12,54,96,30,60,0.999336780069662,0.24494897427831783
2026-08-31T21:58:51.058,124770312,P015,finger_still,VALID,,,,688,4322147,117100,122841,117811.14,123416.9,-711.14,-575.9,-633.34,2271.58,False,False,nan,True,0.7645,80.4,97.57,True,0,IRREGULAR,1,0.83,0,700.8,204.9,279.9,0.91,12,54,96,30,60,0.999336780069662,0.24494897427831783
2026-08-31T21:58:51.070,124770328,P015,finger_still,VALID,,,,689,4322187,117762,124105,117810.16,123430.66,-48.16,674.34,-306.42,2232.27,False,False,nan,True,0.7645,80.4,97.57,True,0,IRREGULAR,1,0.83,0,700.8,204.9,279.9,0.91,12,54,96,30,60,0.999336780069662,0.24494897427831783
2026-08-31T21:58:51.091,124770343,P015,finger_still,VALID,,,,690,4322227,118209,124972,117818.13,123461.49,390.87,1510.51,147.81,2190.59,False,False,nan,True,0.7645,80.4,97.57,True,0,IRREGULAR,1,0.83,0,700.8,204.9,279.9,0.91,12,54,96,30,60,0.999336780069662,0.24494897427831783
2026-08-31T21:58:51.131,124770375,P015,finger_still,VALID,,,,691,4322267,118273,125016,117827.23,123492.59,445.77,1523.41,491.71,2156.61,False,False,nan,True,0.7645,80.4,97.57,True,0,IRREGULAR,1,0.83,0,700.8,204.9,279.9,0.91,12,54,96,30,60,0.999336780069662,0.24494897427831783
2026-08-31T21:58:51.248,124770500,P015,finger_still,VALID,,,,692,4322307,118053,124690,117831.74,123516.53,221.26,1173.47,662.15,2126.72,False,False,nan,True,0.7645,80.4,97.57,True,0,IRREGULAR,1,0.83,0,700.8,204.9,279.9,0.91,12,54,96,30,60,0.999336780069662,0.24494897427831783
2026-08-31T21:58:51.261,124770515,P015,finger_still,VALID,,,,693,4322347,117968,124488,117834.47,123535.96,133.53,952.04,734.62,2098.88,False,False,nan,True,0.7645,80.4,97.57,True,0,IRREGULAR,1,0.83,0,700.8,204.9,279.9,0.91,12,54,96,30,60,0.999336780069662,0.24494897427831783
2026-08-31T21:58:51.272,124770515,P015,finger_still,VALID,,,,694,4322387,118131,124753,117840.4,123560.3,290.6,1192.7,849.14,2073.88,False,False,nan,True,0.7645,80.4,97.57,True,0,IRREGULAR,1,0.83,0,700.8,204.9,279.9,0.91,12,54,96,30,60,0.999336780069662,0.24494897427831783
2026-08-31T21:58:51.291,124770546,P015,finger_still,VALID,,,,695,4322427,118375,125265,117851.09,123594.4,523.91,1670.6,1054.51,2053.49,False,False,nan,True,0.7645,80.4,97.57,True,0,IRREGULAR,1,0.83,0,700.8,204.9,279.9,0.91,12,54,96,30,60,0.999336780069662,0.24494897427831783
2026-08-31T21:58:51.331,124770578,P015,finger_still,VALID,,,,696,4322467,118539,125668,117864.85,123635.87,674.15,2032.13,1298.91,2038.4,False,False,nan,True,0.7645,80.4,97.57,True,0,IRREGULAR,1,0.83,0,700.8,204.9,279.9,0.91,12,54,96,30,60,0.999336780069662,0.24494897427831783
2026-08-31T21:58:51.448,124770703,P015,finger_still,VALID,,,,697,4322507,118721,125919,117881.98,123681.53,839.02,2237.47,1533.55,2028.31,False,False,nan,True,0.7645,80.4,97.57,True,0,IRREGULAR,1,0.83,0,700.8,204.9,279.9,0.91,12,54,96,30,60,0.999336780069662,0.24494897427831783
2026-08-31T21:58:51.458,124770703,P015,finger_still,VALID,,,,698,4322547,118718,126004,117898.7,123727.98,819.3,2276.02,1719.17,2022.12,False,False,nan,True,0.7645,80.4,97.57,True,0,IRREGULAR,1,0.83,0,700.8,204.9,279.9,0.91,12,54,96,30,60,0.999336780069662,0.24494897427831783
2026-08-31T21:58:51.468,124770718,P015,finger_still,VALID,,,,699,4322587,118454,125565,117909.8,123764.73,544.2,1800.27,1739.44,2016.47,False,False,nan,True,0.7645,80.4,97.57,True,0,IRREGULAR,1,0.83,0,700.8,204.9,279.9,0.91,12,54,96,30,60,0.999336780069662,0.24494897427831783
2026-08-31T21:58:51.491,124770750,P015,finger_still,VALID,,,,700,4322627,118255,125153,117916.71,123792.49,338.29,1360.51,1644.71,2009.03,True,False,nan,True,0.7645,80.4,97.57,True,0,IRREGULAR,1,0.83,0,700.8,204.9,279.9,0.91,12,54,96,30,60,0.999336780069662,0.24494897427831783
2026-08-31T21:58:51.532,124770781,P015,finger_still,VALID,,,,701,4322667,117978,124722,117917.94,123811.09,60.06,910.91,1461.26,1998.08,False,False,nan,True,0.7645,80.4,97.57,True,0,IRREGULAR,1,0.83,0,700.8,204.9,279.9,0.91,12,54,96,30,60,0.999336780069662,0.24494897427831783
2026-08-31T21:58:51.648,124770906,P015,finger_still,VALID,,,,702,4322707,117709,124248,117913.76,123819.82,-204.76,428.18,1202.99,1982.18,False,False,nan,True,0.7645,80.4,97.57,True,0,IRREGULAR,1,0.83,0,700.8,204.9,279.9,0.91,12,54,96,30,60,0.999336780069662,0.24494897427831783
2026-08-31T21:58:51.659,124770906,P015,finger_still,VALID,,,,703,4322747,117469,123856,117904.86,123820.55,-435.86,35.45,911.11,1960.76,False,False,nan,True,0.7645,80.4,97.57,True,0,IRREGULAR,1,0.83,0,700.8,204.9,279.9,0.91,12,54,96,30,60,0.999336780069662,0.24494897427831783
2026-08-31T21:58:51.678,124770921,P015,finger_still,VALID,,,,704,4322787,117306,123545,117892.88,123815.04,-586.88,-270.04,615.82,1933.86,False,False,nan,True,0.7645,80.4,97.57,True,0,IRREGULAR,1,0.83,0,700.8,204.9,279.9,0.91,12,54,96,30,60,0.999336780069662,0.24494897427831783
2026-08-31T21:58:51.693,124770937,P015,finger_still,VALID,,,,705,4322827,117187,123350,117878.77,123805.74,-691.77,-455.74,347.93,1902.14,False,False,nan,True,0.7645,80.4,97.57,True,0,IRREGULAR,1,0.83,0,700.8,204.9,279.9,0.91,12,54,96,30,60,0.999336780069662,0.24494897427831783
2026-08-31T21:58:51.731,124770984,P015,finger_still,VALID,,,,706,4322867,117035,123113,117861.89,123791.89,-826.89,-678.89,91.22,1865.92,False,False,nan,True,0.7645,80.4,97.57,True,0,IRREGULAR,1,0.83,0,700.8,204.9,279.9,0.91,12,54,96,30,60,0.999336780069662,0.24494897427831783
2026-08-31T21:58:51.848,124771093,P015,finger_still,VALID,,,,707,4322907,116827,122707,117841.2,123770.2,-1014.2,-1063.2,-197.38,1832.55,False,False,nan,True,0.7645,80.4,97.57,True,0,IRREGULAR,1,0.83,0,700.8,204.9,279.9,0.91,12,54,96,30,60,0.999336780069662,0.24494897427831783
2026-08-31T21:58:51.861,124771109,P015,finger_still,VALID,,,,708,4322947,116574,122260,117815.85,123739.99,-1241.85,-1479.99,-518.03,1806.26,False,False,nan,True,0.7645,80.4,97.57,True,0,IRREGULAR,1,0.83,0,700.8,204.9,279.9,0.91,12,54,96,30,60,0.999336780069662,0.24494897427831783
2026-08-31T21:58:51.872,124771125,P015,finger_still,VALID,,,,709,4322987,116366,121859,117786.85,123702.38,-1420.85,-1843.38,-849.37,1787.12,False,False,nan,True,0.7645,80.4,97.57,True,0,IRREGULAR,1,0.83,0,700.8,204.9,279.9,0.91,12,54,96,30,60,0.999336780069662,0.24494897427831783
2026-08-31T21:58:51.893,124771140,P015,finger_still,VALID,,,,710,4323027,116158,121551,117754.27,123659.34,-1596.27,-2108.34,-1164.11,1774.66,False,False,nan,True,0.7645,80.4,97.57,True,0,IRREGULAR,1,0.83,0,700.8,204.9,279.9,0.91,12,54,96,30,60,0.999336780069662,0.24494897427831783
2026-08-31T21:58:51.931,124771187,P015,finger_still,VALID,,,,711,4323067,116041,121341,117720.01,123612.98,-1679.01,-2271.98,-1441.08,1767.99,False,False,nan,True,0.7645,80.4,97.57,True,0,IRREGULAR,1,0.83,0,700.8,204.9,279.9,0.91,12,54,96,30,60,0.999336780069662,0.24494897427831783
2026-08-31T21:58:52.048,124771296,P015,finger_still,VALID,,,,712,4323107,115951,121184,117684.62,123564.4,-1733.62,-2380.4,-1675.91,1766.15,False,False,nan,True,0.7645,80.4,97.57,True,0,IRREGULAR,1,0.83,0,700.8,204.9,279.9,0.91,12,54,96,30,60,0.999336780069662,0.24494897427831783
2026-08-31T21:58:52.059,124771312,P015,finger_still,VALID,,,,713,4323147,115803,120952,117646.99,123512.15,-1843.99,-2560.15,-1896.97,1768.76,False,False,nan,True,0.7645,80.4,97.57,True,0,IRREGULAR,1,0.83,0,700.8,204.9,279.9,0.91,12,54,96,30,60,0.999336780069662,0.24494897427831783
2026-08-31T21:58:52.069,124771312,P015,finger_still,VALID,,,,714,4323187,115619,120706,117606.43,123456.02,-1987.43,-2750.02,-2110.23,1775.59,False,False,nan,True,0.7645,80.4,97.57,True,0,IRREGULAR,1,0.83,0,700.8,204.9,279.9,0.91,12,54,96,30,60,0.999336780069662,0.24494897427831783
2026-08-31T21:58:52.092,124771343,P015,finger_still,VALID,,,,715,4323227,115525,120536,117564.8,123397.62,-2039.8,-2861.62,-2298.08,1786.04,False,False,nan,True,0.7645,80.4,97.57,True,0,IRREGULAR,1,0.83,0,700.8,204.9,279.9,0.91,12,54,96,30,60,0.999336780069662,0.24494897427831783
2026-08-31T21:58:52.135,124771390,P015,finger_still,VALID,,,,716,4323267,115421,120406,117521.93,123337.79,-2100.93,-2931.79,-2456.51,1799.45,False,False,nan,True,0.7645,80.4,97.57,True,0,IRREGULAR,1,0.83,0,700.8,204.9,279.9,0.91,12,54,96,30,60,0.999336780069662,0.24494897427831783
2026-08-31T21:58:52.248,124771500,P015,finger_still,VALID,,,,717,4323307,115351,120320,117478.51,123277.43,-2127.51,-2957.43,-2581.74,1815.1,False,False,nan,True,0.7645,80.4,97.57,True,0,IRREGULAR,1,0.83,0,700.8,204.9,279.9,0.91,12,54,96,30,60,0.999336780069662,0.24494897427831783
2026-08-31T21:58:52.259,124771515,P015,finger_still,VALID,,,,718,4323347,115293,120228,117434.8,123216.44,-2141.8,-2988.44,-2683.41,1832.47,False,False,nan,True,0.7645,80.4,97.57,True,0,IRREGULAR,1,0.83,0,700.8,204.9,279.9,0.91,12,54,96,30,60,0.999336780069662,0.24494897427831783
2026-08-31T21:58:52.270,124771515,P015,finger_still,VALID,,,,719,4323387,115167,120036,117389.44,123152.83,-2222.44,-3116.83,-2791.77,1851.65,False,False,nan,True,0.7645,80.4,97.57,True,0,IRREGULAR,1,0.83,0,700.8,204.9,279.9,0.91,12,54,96,30,60,0.999336780069662,0.24494897427831783
2026-08-31T21:58:52.293,124771546,P015,finger_still,VALID,,,,720,4323427,115082,119945,117343.29,123088.67,-2261.29,-3143.67,-2879.74,1872.21,False,False,nan,True,0.7645,80.4,97.57,True,0,IRREGULAR,1,0.83,0,700.8,204.9,279.9,0.91,12,54,96,30,60,0.999336780069662,0.24494897427831783
2026-08-31T21:58:52.330,124771578,P015,finger_still,VALID,,,,721,4323467,115281,120310,117302.05,123033.1,-2021.05,-2723.1,-2840.58,1891.58,False,False,nan,True,0.7645,80.4,97.57,True,0,IRREGULAR,1,0.83,0,700.8,204.9,279.9,0.91,12,54,96,30,60,0.999336780069662,0.24494897427831783
2026-08-31T21:58:52.448,124771703,P015,finger_still,VALID,,,,722,4323507,115401,120520,117264.02,122982.84,-1863.02,-2462.84,-2746.15,1908.67,False,False,nan,True,0.7645,80.4,97.57,True,0,IRREGULAR,1,0.83,0,700.8,204.9,279.9,0.91,12,54,96,30,60,0.999336780069662,0.24494897427831783
2026-08-31T21:58:52.460,124771703,P015,finger_still,VALID,,,,723,4323547,115395,120512,117226.64,122933.42,-1831.64,-2421.42,-2664.96,1923.8,False,False,nan,True,0.7645,80.4,97.57,True,0,IRREGULAR,1,0.83,0,700.8,204.9,279.9,0.91,12,54,96,30,60,0.999336780069662,0.24494897427831783
2026-08-31T21:58:52.470,124771718,P015,finger_still,VALID,,,,724,4323587,115273,120290,117187.57,122880.55,-1914.57,-2590.55,-2646.36,1938.25,False,False,nan,True,0.7645,80.4,97.57,True,0,IRREGULAR,1,0.83,0,700.8,204.9,279.9,0.91,12,54,96,30,60,0.999336780069662,0.24494897427831783
2026-08-31T21:58:52.492,124771750,P015,finger_still,VALID,,,,725,4323627,115104,119977,117145.9,122822.48,-2041.9,-2845.48,-2696.14,1953.41,False,False,nan,True,0.7645,80.4,97.57,True,0,IRREGULAR,1,0.83,0,700.8,204.9,279.9,0.91,12,54,96,30,60,0.999336780069662,0.24494897427831783
2026-08-31T21:58:52.533,124771781,P015,finger_still,VALID,,,,726,4323667,115014,119842,117103.26,122762.88,-2089.26,-2920.88,-2752.33,1969.39,False,False,nan,True,0.7645,80.4,97.57,True,0,IRREGULAR,1,0.83,0,700.8,204.9,279.9,0.91,12,54,96,30,60,0.999336780069662,0.24494897427831783
2026-08-31T21:58:52.648,124771906,P015,finger_still,VALID,,,,727,4323707,114983,119798,117060.85,122703.58,-2077.85,-2905.58,-2790.64,1985.81,False,False,nan,True,0.7645,80.4,97.57,True,0,IRREGULAR,1,0.83,0,700.8,204.9,279.9,0.91,12,54,96,30,60,0.9995684068636823,0.24494897427831783
2026-08-31T21:58:52.660,124771906,P015,finger_still,VALID,,,,728,4323747,114929,119714,117018.21,122643.79,-2089.21,-2929.79,-2825.43,2002.6,False,False,nan,True,0.7645,80.4,97.57,True,0,IRREGULAR,1,0.83,0,700.8,204.9,279.9,0.91,12,54,96,30,60,0.9995684068636823,0.24494897427831783
2026-08-31T21:58:52.673,124771921,P015,finger_still,VALID,,,,729,4323787,114818,119538,116974.2,122581.67,-2156.2,-3043.67,-2879.99,2020.15,False,False,nan,True,0.7645,80.4,97.57,True,0,IRREGULAR,1,0.83,0,700.8,204.9,279.9,0.91,12,54,96,30,60,0.9995684068636823,0.24494897427831783
2026-08-31T21:58:52.692,124771937,P015,finger_still,VALID,,,,730,4323827,114736,119400,116929.44,122518.04,-2193.44,-3118.04,-2939.5,2038.54,False,False,nan,True,0.7645,80.4,97.57,True,0,IRREGULAR,1,0.83,0,700.8,204.9,279.9,0.91,12,54,96,30,60,0.9995684068636823,0.24494897427831783
2026-08-31T21:58:52.732,124771984,P015,finger_still,VALID,,,,731,4323867,114703,119380,116884.91,122455.28,-2181.91,-3075.28,-2973.45,2057.24,False,False,nan,True,0.7645,80.4,97.57,True,0,IRREGULAR,1,0.83,0,700.8,204.9,279.9,0.91,12,54,96,30,60,0.9995684068636823,0.24494897427831783
2026-08-31T21:58:52.848,124772093,P015,finger_still,VALID,,,,732,4323907,114747,119467,116842.15,122395.52,-2095.15,-2928.52,-2962.21,2075.33,False,False,nan,True,0.7645,80.4,97.57,True,0,IRREGULAR,1,0.83,0,700.8,204.9,279.9,0.91,12,54,96,30,60,0.999336780069662,0.24494897427831783
2026-08-31T21:58:52.859,124772109,P015,finger_still,VALID,,,,733,4323947,114766,119475,116800.62,122337.1,-2034.62,-2862.1,-2937.19,2092.57,False,False,nan,True,0.7645,80.4,97.57,True,0,IRREGULAR,1,0.83,0,700.8,204.9,279.9,0.91,12,54,96,30,60,0.999336780069662,0.24494897427831783
2026-08-31T21:58:52.870,124772125,P015,finger_still,VALID,,,,734,4323987,114728,119432,116759.17,122279.0,-2031.17,-2847.0,-2914.64,2109.01,False,False,nan,True,0.7645,80.4,97.57,True,0,IRREGULAR,1,0.83,0,700.8,204.9,279.9,0.91,12,54,96,30,60,0.999336780069662,0.24494897427831783
2026-08-31T21:58:52.892,124772140,P015,finger_still,VALID,,,,735,4324027,114721,119450,116718.41,122222.42,-1997.41,-2772.42,-2879.08,2124.41,False,False,nan,True,0.7645,80.4,97.57,True,0,IRREGULAR,1,0.83,0,700.8,204.9,279.9,0.91,12,54,96,30,60,0.999336780069662,0.24494897427831783
2026-08-31T21:58:52.931,124772187,P015,finger_still,VALID,,,,736,4324067,114734,119477,116678.72,122167.52,-1944.72,-2690.52,-2831.94,2138.57,False,False,nan,True,0.7645,80.4,97.57,True,0,IRREGULAR,1,0.83,0,700.8,204.9,279.9,0.91,12,54,96,30,60,0.999336780069662,0.24494897427831783
2026-08-31T21:58:53.048,124772296,P015,finger_still,VALID,,,,737,4324107,114765,119549,116640.45,122115.15,-1875.45,-2566.15,-2765.49,2151.1,False,False,nan,True,0.7645,80.4,97.57,True,0,IRREGULAR,1,0.83,0,700.8,204.9,279.9,0.91,12,54,96,30,60,0.999336780069662,0.24494897427831783
2026-08-31T21:58:53.060,124772312,P015,finger_still,VALID,,,,738,4324147,114794,119591,116603.52,122064.66,-1809.52,-2473.66,-2692.54,2161.93,False,False,nan,True,0.7645,80.4,97.57,True,0,IRREGULAR,1,0.83,0,700.8,204.9,279.9,0.91,12,54,96,30,60,0.999336780069662,0.24494897427831783
2026-08-31T21:58:53.071,124772328,P015,finger_still,VALID,,,,739,4324187,114761,119558,116566.66,122014.53,-1805.66,-2456.53,-2633.54,2171.36,False,False,nan,True,0.7645,80.4,97.57,True,0,IRREGULAR,1,0.83,0,700.8,204.9,279.9,0.91,12,54,96,30,60,0.999336780069662,0.24494897427831783
2026-08-31T21:58:53.091,124772343,P015,finger_still,VALID,,,,740,4324227,114739,119522,116530.11,121964.68,-1791.11,-2442.68,-2585.82,2179.65,False,False,nan,True,0.7645,80.4,97.57,True,0,IRREGULAR,1,0.83,0,700.8,204.9,279.9,0.91,12,54,96,30,60,0.999336780069662,0.24494897427831783
2026-08-31T21:58:53.132,124772390,P015,finger_still,VALID,,,,741,4324267,114658,119388,116492.66,121913.15,-1834.66,-2525.15,-2570.65,2187.47,False,False,nan,True,0.7645,80.4,97.57,True,0,IRREGULAR,1,0.83,0,700.8,204.9,279.9,0.91,12,54,96,30,60,0.999336780069662,0.24494897427831783
2026-08-31T21:58:53.248,124772500,P015,finger_still,VALID,,,,742,4324307,114562,119199,116454.05,121858.87,-1892.05,-2659.87,-2592.96,2195.58,False,False,nan,True,0.7645,80.4,97.57,True,0,IRREGULAR,1,0.83,0,700.8,204.9,279.9,0.91,12,54,96,30,60,0.999336780069662,0.24494897427831783
2026-08-31T21:58:53.259,124772515,P015,finger_still,VALID,,,,743,4324347,114465,119006,116414.27,121801.81,-1949.27,-2795.81,-2643.67,2204.55,False,False,nan,True,0.7645,80.4,97.57,True,0,IRREGULAR,1,0.83,0,700.8,204.9,279.9,0.91,12,54,96,30,60,0.999336780069662,0.24494897427831783
2026-08-31T21:58:53.270,124772515,P015,finger_still,VALID,,,,744,4324387,114377,118831,116373.53,121742.4,-1996.53,-2911.4,-2710.6,2214.67,False,False,nan,True,0.7645,80.4,93.03,True,0,IRREGULAR,1,0.83,0,700.8,204.9,279.9,0.91,12,54,96,30,60,0.999336780069662,0.24494897427831783
2026-08-31T21:58:53.292,124772546,P015,finger_still,VALID,,,,745,4324427,114266,118653,116331.38,121680.61,-2065.38,-3027.61,-2789.85,2226.17,False,False,nan,True,0.7645,80.4,93.03,True,0,IRREGULAR,1,0.83,0,700.8,204.9,279.9,0.91,12,54,96,30,60,0.999336780069662,0.24494897427831783
2026-08-31T21:58:53.332,124772578,P015,finger_still,VALID,,,,746,4324467,114382,118883,116292.4,121624.66,-1910.4,-2741.66,-2777.8,2237.2,False,False,nan,True,0.7645,80.4,93.03,True,0,IRREGULAR,1,0.83,0,700.8,204.9,279.9,0.91,12,54,96,30,60,0.999336780069662,0.24494897427831783
2026-08-31T21:58:53.448,124772703,P015,finger_still,VALID,,,,747,4324507,114588,119207,116258.31,121576.3,-1670.31,-2369.3,-2675.68,2245.97,False,False,nan,True,0.7645,80.4,93.03,True,0,IRREGULAR,1,0.83,0,700.8,204.9,279.9,0.91,12,54,96,30,60,0.999336780069662,0.24494897427831783
2026-08-31T21:58:53.460,124772718,P015,finger_still,VALID,,,,748,4324547,114644,119283,116226.02,121530.44,-1582.02,-2247.44,-2568.62,2252.43,False,False,nan,True,0.7645,80.4,93.03,True,0,IRREGULAR,1,0.83,0,700.8,204.9,279.9,0.91,12,54,96,30,60,0.999336780069662,0.24494897427831783
2026-08-31T21:58:53.469,124772718,P015,finger_still,VALID,,,,749,4324587,114673,119339,116194.96,121486.61,-1521.96,-2147.61,-2463.37,2256.64,False,False,nan,True,0.7645,80.4,93.03,True,0,IRREGULAR,1,0.83,0,700.8,204.9,279.9,0.91,12,54,96,30,60,0.999336780069662,0.24494897427831783
2026-08-31T21:58:53.491,124772750,P015,finger_still,VALID,,,,750,4324627,114718,119388,116165.42,121444.64,-1447.42,-2056.64,-2361.69,2258.74,False,False,nan,True,0.7645,80.4,93.03,True,0,IRREGULAR,1,0.83,0,700.8,204.9,279.9,0.91,12,54,96,30,60,0.999336780069662,0.24494897427831783
2026-08-31T21:58:53.533,124772781,P015,finger_still,VALID,,,,751,4324667,114770,119459,116137.52,121404.93,-1367.52,-1945.93,-2257.75,2258.72,False,False,nan,True,0.7645,80.4,93.03,True,0,IRREGULAR,1,0.83,0,700.8,204.9,279.9,0.91,12,54,96,30,60,0.999336780069662,0.24494897427831783
2026-08-31T21:58:53.647,124772890,P015,finger_still,VALID,,,,752,4324707,114809,119539,116110.95,121367.61,-1301.95,-1828.61,-2150.46,2256.56,False,False,nan,True,0.7645,80.4,93.03,True,0,IRREGULAR,1,0.83,0,700.8,204.9,279.9,0.91,12,54,96,30,60,0.999336780069662,0.24494897427831783
2026-08-31T21:58:53.659,124772906,P015,finger_still,VALID,,,,753,4324747,114824,119554,116085.2,121331.34,-1261.2,-1777.34,-2057.18,2252.57,False,False,nan,True,0.7645,80.4,93.03,True,0,IRREGULAR,1,0.83,0,700.8,204.9,279.9,0.91,12,54,96,30,60,0.999336780069662,0.24494897427831783
2026-08-31T21:58:53.671,124772921,P015,finger_still,VALID,,,,754,4324787,114787,119510,116059.24,121294.91,-1272.24,-1784.91,-1989.11,2247.3,False,False,nan,True,0.7645,80.4,93.03,True,0,IRREGULAR,1,0.83,0,700.8,204.9,279.9,0.91,12,54,96,30,60,0.999336780069662,0.24494897427831783
2026-08-31T21:58:53.692,124772937,P015,finger_still,VALID,,,,755,4324827,114743,119417,116032.91,121257.35,-1289.91,-1840.35,-1951.92,2241.39,False,False,nan,True,0.7645,80.4,93.03,True,0,IRREGULAR,1,0.83,0,700.8,204.9,279.9,0.91,12,54,96,30,60,0.999336780069662,0.24494897427831783
2026-08-31T21:58:53.732,124772984,P015,finger_still,VALID,,,,756,4324867,114708,119371,116006.41,121219.62,-1298.41,-1848.62,-1926.1,2235.09,False,False,nan,True,0.7645,80.4,93.03,True,0,IRREGULAR,1,0.83,0,700.8,204.9,279.9,0.91,12,54,96,30,60,0.999336780069662,0.24494897427831783
2026-08-31T21:58:53.848,124773093,P015,finger_still,VALID,,,,757,4324907,114719,119405,115980.66,121183.34,-1261.66,-1778.34,-1889.16,2228.17,False,False,nan,True,0.7645,80.4,93.03,True,0,IRREGULAR,1,0.83,0,700.8,204.9,279.9,0.91,12,54,96,30,60,0.999336780069662,0.24494897427831783
2026-08-31T21:58:53.859,124773109,P015,finger_still,VALID,,,,758,4324947,114745,119458,115955.95,121148.83,-1210.95,-1690.83,-1839.57,2220.4,False,False,nan,True,0.7645,80.4,93.03,True,0,IRREGULAR,1,0.83,0,700.8,204.9,279.9,0.91,12,54,96,30,60,0.999336780069662,0.24494897427831783
2026-08-31T21:58:53.871,124773125,P015,finger_still,VALID,,,,759,4324987,114725,119394,115931.34,121113.73,-1206.34,-1719.73,-1809.61,2212.18,False,False,nan,True,0.7645,80.4,93.03,True,0,IRREGULAR,1,0.83,0,700.8,204.9,279.9,0.91,12,54,96,30,60,0.999336780069662,0.24494897427831783
2026-08-31T21:58:53.893,124773140,P015,finger_still,VALID,,,,760,4325027,114671,119276,115906.13,121076.98,-1235.13,-1800.98,-1807.46,2204.09,False,False,nan,True,0.7645,80.4,93.03,True,0,IRREGULAR,1,0.83,0,700.8,204.9,279.9,0.91,12,54,96,30,60,0.999336780069662,0.24494897427831783
2026-08-31T21:58:53.931,124773187,P015,finger_still,VALID,,,,761,4325067,114628,119127,115880.57,121037.98,-1252.57,-1910.98,-1833.34,2196.67,False,False,nan,True,0.7645,80.4,93.03,True,0,IRREGULAR,1,0.83,0,700.8,204.9,279.9,0.91,12,54,96,30,60,0.999336780069662,0.24494897427831783
2026-08-31T21:58:54.048,124773296,P015,finger_still,VALID,,,,762,4325107,114587,119062,115854.7,120998.46,-1267.7,-1936.46,-1859.12,2189.92,False,False,nan,True,0.7645,80.4,93.03,True,0,IRREGULAR,1,0.83,0,700.8,204.9,279.9,0.91,12,54,96,30,60,0.999336780069662,0.24494897427831783
2026-08-31T21:58:54.060,124773312,P015,finger_still,VALID,,,,763,4325147,114567,118995,115828.95,120958.39,-1261.95,-1963.39,-1885.19,2183.83,False,False,nan,True,0.7645,80.4,93.03,True,0,IRREGULAR,1,0.83,0,700.8,204.9,279.9,0.91,12,54,96,30,60,0.999336780069662,0.24494897427831783
2026-08-31T21:58:54.073,124773328,P015,finger_still,VALID,,,,764,4325187,114512,118879,115802.61,120916.8,-1290.61,-2037.8,-1923.34,2178.62,False,False,nan,True,0.7645,80.4,93.03,True,0,IRREGULAR,1,0.83,0,700.8,204.9,279.9,0.91,12,54,96,30,60,0.999336780069662,0.24494897427831783
2026-08-31T21:58:54.093,124773343,P015,finger_still,VALID,,,,765,4325227,114471,118816,115775.98,120874.79,-1304.98,-2058.79,-1957.2,2174.19,False,False,nan,True,0.7645,80.4,93.03,True,0,IRREGULAR,1,0.83,0,700.8,204.9,279.9,0.91,12,54,96,30,60,0.999336780069662,0.24494897427831783
2026-08-31T21:58:54.130,124773375,P015,finger_still,VALID,,,,766,4325267,114473,118806,115749.91,120833.41,-1276.91,-2027.41,-1974.76,2170.2,False,False,nan,True,0.7645,80.4,93.03,True,0,IRREGULAR,1,0.83,0,700.8,204.9,279.9,0.91,12,54,96,30,60,0.999336780069662,0.24494897427831783
2026-08-31T21:58:54.248,124773500,P015,finger_still,VALID,,,,767,4325307,114483,118816,115724.58,120793.06,-1241.58,-1977.06,-1975.33,2166.3,False,False,nan,True,0.7645,80.4,93.03,True,0,IRREGULAR,1,0.83,0,700.8,204.9,279.9,0.91,12,54,96,30,60,0.999336780069662,0.24494897427831783
2026-08-31T21:58:54.260,124773515,P015,finger_still,VALID,,,,768,4325347,114478,118793,115699.65,120753.06,-1221.65,-1960.06,-1971.51,2162.41,False,False,nan,True,0.7645,80.4,93.03,True,0,IRREGULAR,1,0.83,0,700.8,204.9,279.9,0.91,12,54,96,30,60,0.999336780069662,0.24494897427831783
2026-08-31T21:58:54.270,124773515,P015,finger_still,VALID,,,,769,4325387,114492,118796,115675.49,120713.92,-1183.49,-1917.92,-1958.12,2158.32,False,False,nan,True,0.7645,80.4,93.03,True,0,IRREGULAR,1,0.83,0,700.8,204.9,279.9,0.91,12,54,96,30,60,0.999336780069662,0.24494897427831783
2026-08-31T21:58:54.292,124773546,P015,finger_still,VALID,,,,770,4325427,114532,118862,115652.62,120676.88,-1120.62,-1814.88,-1922.31,2153.6,False,False,nan,True,0.7645,80.4,93.03,True,0,IRREGULAR,1,0.83,0,700.8,204.9,279.9,0.91,12,54,96,30,60,0.999336780069662,0.24494897427831783
2026-08-31T21:58:54.331,124773578,P015,finger_still,VALID,,,,771,4325467,114584,118924,115631.25,120641.83,-1047.25,-1717.83,-1871.19,2147.95,False,False,nan,True,0.7645,80.4,93.03,True,0,IRREGULAR,1,0.83,0,700.8,204.9,279.9,0.91,12,54,96,30,60,0.999336780069662,0.24494897427831783
2026-08-31T21:58:54.447,124773703,P015,finger_still,VALID,,,,772,4325507,114579,118924,115610.2,120607.47,-1031.2,-1683.47,-1824.26,2141.48,False,False,nan,True,0.7645,80.4,93.03,True,0,IRREGULAR,1,0.84,0,730.8,222.5,269.2,0.92,13,84,97,30,60,0.999336780069662,0.24494897427831783
2026-08-31T21:58:54.458,124773703,P015,finger_still,VALID,,,,773,4325547,114551,118889,115589.02,120573.1,-1038.02,-1684.1,-1789.22,2134.43,False,False,nan,True,0.7645,80.4,93.03,True,0,IRREGULAR,1,0.84,0,730.8,222.5,269.2,0.92,13,84,97,30,60,0.999336780069662,0.24494897427831783
2026-08-31T21:58:54.470,124773718,P015,finger_still,VALID,,,,774,4325587,114523,118836,115567.7,120538.36,-1044.7,-1702.36,-1767.5,2127.1,False,False,nan,True,0.7645,80.4,93.03,True,0,IRREGULAR,1,0.84,0,730.8,222.5,269.2,0.92,13,84,97,30,60,0.999336780069662,0.24494897427831783
2026-08-31T21:58:54.492,124773750,P015,finger_still,VALID,,,,775,4325627,114469,118758,115545.72,120502.75,-1076.72,-1744.75,-1761.82,2119.79,False,False,nan,True,0.7645,80.4,93.03,True,0,IRREGULAR,1,0.84,0,730.8,222.5,269.2,0.92,13,84,97,30,60,0.999336780069662,0.24494897427831783
2026-08-31T21:58:54.533,124773781,P015,finger_still,VALID,,,,776,4325667,114473,118761,115524.27,120467.91,-1051.27,-1706.91,-1748.09,2112.36,False,False,nan,True,0.7645,80.4,93.03,True,0,IRREGULAR,1,0.84,0,730.8,222.5,269.2,0.92,13,84,97,30,60,0.999336780069662,0.24494897427831783
2026-08-31T21:58:54.648,124773906,P015,finger_still,VALID,,,,777,4325707,114514,118823,115504.06,120435.02,-990.06,-1612.02,-1714.07,2104.39,False,False,nan,True,0.7645,80.4,93.03,True,0,IRREGULAR,1,0.84,0,730.8,222.5,269.2,0.92,13,84,97,30,60,0.999336780069662,0.24494897427831783
2026-08-31T21:58:54.659,124773906,P015,finger_still,VALID,,,,778,4325747,114527,118841,115484.52,120403.13,-957.52,-1562.13,-1676.09,2095.82,False,False,nan,True,0.7645,80.4,93.03,True,0,IRREGULAR,1,0.84,0,730.8,222.5,269.2,0.92,13,84,97,30,60,0.999336780069662,0.24494897427831783
2026-08-31T21:58:54.677,124773921,P015,finger_still,VALID,,,,779,4325787,114460,118672,115464.03,120368.51,-1004.03,-1696.51,-1681.19,2087.53,False,False,nan,True,0.7645,80.4,93.03,True,0,IRREGULAR,1,0.84,0,730.8,222.5,269.2,0.92,13,84,97,30,60,0.999336780069662,0.24494897427831783
2026-08-31T21:58:54.694,124773937,P015,finger_still,VALID,,,,780,4325827,114380,118466,115442.35,120330.46,-1062.35,-1864.46,-1727.01,2080.32,False,False,nan,True,0.7645,80.4,93.03,True,0,IRREGULAR,1,0.84,0,730.8,222.5,269.2,0.92,13,84,97,30,60,0.999336780069662,0.24494897427831783
2026-08-31T21:58:54.731,124773984,P015,finger_still,VALID,,,,781,4325867,114350,118364,115420.51,120291.13,-1070.51,-1927.13,-1777.04,2074.26,False,False,nan,True,0.7645,80.4,93.03,True,0,IRREGULAR,1,0.84,0,730.8,222.5,269.2,0.92,13,84,97,30,60,0.999336780069662,0.24494897427831783
2026-08-31T21:58:54.848,124774093,P015,finger_still,VALID,,,,782,4325907,114335,118316,115398.8,120251.63,-1063.8,-1935.63,-1816.69,2069.1,False,False,nan,True,0.7645,80.4,93.03,True,0,IRREGULAR,1,0.84,0,730.8,222.5,269.2,0.92,13,84,97,30,60,1.0002104778495375,0.24494897427831783
2026-08-31T21:58:54.860,124774109,P015,finger_still,VALID,,,,783,4325947,114297,118236,115376.76,120211.32,-1079.76,-1975.32,-1856.35,2064.85,False,False,nan,True,0.7645,80.4,93.03,True,0,IRREGULAR,1,0.84,0,730.8,222.5,269.2,0.92,13,84,97,30,60,1.0002104778495375,0.24494897427831783
2026-08-31T21:58:54.870,124774125,P015,finger_still,VALID,,,,784,4325987,114280,118192,115354.82,120170.94,-1074.82,-1978.94,-1886.99,2061.29,False,False,nan,True,0.7645,80.4,93.03,True,0,IRREGULAR,1,0.84,0,730.8,222.5,269.2,0.92,13,84,97,30,60,1.0002104778495375,0.24494897427831783
2026-08-31T21:58:54.891,124774140,P015,finger_still,VALID,,,,785,4326027,114281,118186,115333.34,120131.24,-1052.34,-1945.24,-1901.56,2058.1,False,False,nan,True,0.7645,80.4,93.03,True,0,IRREGULAR,1,0.84,0,730.8,222.5,269.2,0.92,13,84,97,30,60,1.0002104778495375,0.24494897427831783
2026-08-31T21:58:54.932,124774187,P015,finger_still,VALID,,,,786,4326067,114303,118185,115312.73,120092.32,-1009.73,-1907.32,-1903.0,2054.99,False,False,nan,True,0.7645,80.4,93.03,True,0,IRREGULAR,1,0.84,0,730.8,222.5,269.2,0.92,13,84,97,30,60,1.0002104778495375,0.24494897427831783
2026-08-31T21:58:55.048,124774296,P015,finger_still,VALID,,,,787,4326107,114304,118167,115292.56,120053.81,-988.56,-1886.81,-1898.95,2051.87,False,False,nan,True,0.7645,80.4,93.03,True,0,IRREGULAR,1,0.84,0,730.8,222.5,269.2,0.92,13,84,97,30,60,1.0002104778495375,0.24494897427831783
2026-08-31T21:58:55.059,124774312,P015,finger_still,VALID,,,,788,4326147,114332,118192,115273.35,120016.58,-941.35,-1824.58,-1880.36,2048.44,False,False,nan,True,0.7645,80.4,93.03,True,0,IRREGULAR,1,0.84,0,730.8,222.5,269.2,0.92,13,84,97,30,60,1.0002104778495375,0.24494897427831783
2026-08-31T21:58:55.071,124774328,P015,finger_still,VALID,,,,789,4326187,114396,118307,115255.8,119982.38,-859.8,-1675.38,-1829.11,2044.06,False,False,nan,True,0.7645,80.4,93.03,True,0,IRREGULAR,1,0.84,0,730.8,222.5,269.2,0.92,13,84,97,30,60,1.0002104778495375,0.24494897427831783
2026-08-31T21:58:55.092,124774343,P015,finger_still,VALID,,,,790,4326227,114469,118421,115240.07,119951.16,-771.07,-1530.16,-1754.37,2038.26,False,False,nan,True,0.7645,80.4,93.03,True,0,IRREGULAR,1,0.84,0,730.8,222.5,269.2,0.92,13,84,97,30,60,1.0002104778495375,0.24494897427831783
2026-08-31T21:58:55.131,124774375,P015,finger_still,VALID,,,,791,4326267,114546,118534,115226.19,119922.81,-680.19,-1388.81,-1662.98,2030.76,False,False,nan,True,0.7645,80.4,93.03,True,0,IRREGULAR,1,0.84,0,730.8,222.5,269.2,0.92,13,84,97,30,60,1.0002104778495375,0.24494897427831783
2026-08-31T21:58:55.247,124774500,P015,finger_still,VALID,,,,792,4326307,114570,118588,115213.06,119896.12,-643.06,-1308.12,-1574.27,2021.63,False,False,nan,True,0.7645,80.4,93.03,True,0,IRREGULAR,1,0.84,0,730.8,222.5,269.2,0.92,13,84,97,30,60,0.999336780069662,0.24494897427831783
2026-08-31T21:58:55.260,124774515,P015,finger_still,VALID,,,,793,4326347,114576,118582,115200.32,119869.84,-624.32,-1287.84,-1502.66,2011.25,False,False,nan,True,0.7645,80.4,93.03,True,0,IRREGULAR,1,0.84,0,730.8,222.5,269.2,0.92,13,84,97,30,60,0.999336780069662,0.24494897427831783
2026-08-31T21:58:55.268,124774515,P015,finger_still,VALID,,,,794,4326387,114562,118551,115187.55,119843.46,-625.55,-1292.46,-1450.11,2000.03,False,False,nan,True,0.7645,80.4,93.03,True,0,IRREGULAR,1,0.84,0,730.8,222.5,269.2,0.92,13,84,97,30,60,0.999336780069662,0.24494897427831783
2026-08-31T21:58:55.292,124774546,P015,finger_still,VALID,,,,795,4326427,114535,118514,115174.5,119816.88,-639.5,-1302.88,-1413.3,1988.29,False,False,nan,True,0.7645,80.4,93.03,True,0,IRREGULAR,1,0.84,0,730.8,222.5,269.2,0.92,13,84,97,30,60,0.999336780069662,0.24494897427831783
2026-08-31T21:58:55.331,124774578,P015,finger_still,VALID,,,,796,4326467,114548,118527,115161.97,119791.08,-613.97,-1264.08,-1376.0,1976.05,False,False,nan,True,0.7645,80.4,93.03,True,0,IRREGULAR,1,0.84,0,730.8,222.5,269.2,0.92,13,84,97,30,60,0.999336780069662,0.24494897427831783
2026-08-31T21:58:55.448,124774703,P015,finger_still,VALID,,,,797,4326507,114548,118540,115149.69,119766.05,-601.69,-1226.05,-1338.51,1963.29,False,False,nan,True,0.7645,80.4,93.03,True,0,IRREGULAR,1,0.84,0,730.8,222.5,269.2,0.92,13,84,97,30,60,0.999336780069662,0.24494897427831783
2026-08-31T21:58:55.459,124774703,P015,finger_still,VALID,,,,798,4326547,114560,118557,115137.89,119741.88,-577.89,-1184.88,-1300.1,1950.03,False,False,nan,True,0.7645,80.4,93.03,True,0,IRREGULAR,1,0.84,0,730.8,222.5,269.2,0.92,13,84,97,30,60,0.999336780069662,0.24494897427831783
2026-08-31T21:58:55.470,124774718,P015,finger_still,VALID,,,,799,4326587,114516,118436,115125.45,119715.76,-609.45,-1279.76,-1295.02,1936.93,False,False,nan,True,0.7645,80.4,93.03,True,0,IRREGULAR,1,0.84,0,730.8,222.5,269.2,0.92,13,84,97,30,60,0.999336780069662,0.24494897427831783
2026-08-31T21:58:55.491,124774734,P015,finger_still,VALID,,,,800,4326627,114440,118245,115111.74,119686.34,-671.74,-1441.34,-1331.6,1924.82,False,False,nan,True,0.7645,80.4,93.03,True,0,IRREGULAR,1,0.84,0,730.8,222.5,269.2,0.92,13,84,97,30,60,0.999336780069662,0.24494897427831783
2026-08-31T21:58:55.530,124774781,P015,finger_still,VALID,,,,801,4326667,114405,118127,115097.61,119655.16,-692.61,-1528.16,-1380.74,1913.94,False,False,nan,True,0.7645,80.4,93.03,True,0,IRREGULAR,1,0.84,0,730.8,222.5,269.2,0.92,13,84,97,30,60,0.999336780069662,0.24494897427831783
2026-08-31T21:58:55.648,124774906,P015,finger_still,VALID,,,,802,4326707,114389,118067,115083.44,119623.39,-694.44,-1556.39,-1424.65,1904.16,False,False,nan,True,0.7645,80.4,93.03,True,0,IRREGULAR,1,0.84,0,730.8,222.5,269.2,0.92,13,84,97,30,60,0.999336780069662,0.24494897427831783
2026-08-31T21:58:55.661,124774906,P015,finger_still,VALID,,,,803,4326747,114366,118012,115069.09,119591.16,-703.09,-1579.16,-1463.28,1895.34,False,False,nan,True,0.7645,80.4,93.03,True,0,IRREGULAR,1,0.84,0,730.8,222.5,269.2,0.92,13,84,97,30,60,0.999336780069662,0.24494897427831783
2026-08-31T21:58:55.669,124774921,P015,finger_still,VALID,,,,804,4326787,114339,117951,115054.48,119558.36,-715.48,-1607.36,-1499.3,1887.42,False,False,nan,True,0.7645,80.4,93.03,True,0,IRREGULAR,1,0.84,0,730.8,222.5,269.2,0.92,13,84,97,30,60,0.999336780069662,0.24494897427831783
2026-08-31T21:58:55.692,124774937,P015,finger_still,VALID,,,,805,4326827,114348,117962,115040.35,119526.43,-692.35,-1564.43,-1515.58,1879.98,False,False,nan,True,0.7645,80.4,93.03,True,0,IRREGULAR,1,0.84,0,730.8,222.5,269.2,0.92,13,84,97,30,60,0.999336780069662,0.24494897427831783
2026-08-31T21:58:55.730,124774984,P015,finger_still,VALID,,,,806,4326867,114345,117917,115026.45,119494.24,-681.45,-1577.24,-1531.0,1873.0,False,False,nan,True,0.7645,80.4,93.03,True,0,IRREGULAR,1,0.84,0,730.8,222.5,269.2,0.92,13,84,97,30,60,0.999336780069662,0.24494897427831783
2026-08-31T21:58:55.848,124775093,P015,finger_still,VALID,,,,807,4326907,114344,117919,115012.8,119462.73,-668.8,-1543.73,-1534.18,1866.22,False,False,nan,True,0.7645,80.4,93.03,True,0,IRREGULAR,1,0.84,0,730.8,222.5,269.2,0.92,13,84,97,30,60,1.0002104778495375,0.24494897427831783
2026-08-31T21:58:55.860,124775109,P015,finger_still,VALID,,,,808,4326947,114375,117938,115000.04,119432.24,-625.04,-1494.24,-1524.2,1859.38,False,False,nan,True,0.7645,80.4,93.03,True,0,IRREGULAR,1,0.84,0,730.8,222.5,269.2,0.92,13,84,97,30,60,1.0002104778495375,0.24494897427831783
2026-08-31T21:58:55.870,124775125,P015,finger_still,VALID,,,,809,4326987,114397,117966,114987.98,119402.91,-590.98,-1436.91,-1502.38,1852.24,False,False,nan,True,0.7645,80.4,93.03,True,0,IRREGULAR,1,0.84,0,730.8,222.5,269.2,0.92,13,84,97,30,60,1.0002104778495375,0.24494897427831783
2026-08-31T21:58:55.892,124775140,P015,finger_still,VALID,,,,810,4327027,114420,118002,114976.62,119374.9,-556.62,-1372.9,-1470.01,1844.6,False,False,nan,True,0.7645,80.4,93.03,True,0,IRREGULAR,1,0.84,0,730.8,222.5,269.2,0.92,13,84,97,30,60,1.0002104778495375,0.24494897427831783
2026-08-31T21:58:55.931,124775187,P015,finger_still,VALID,,,,811,4327067,114451,118045,114966.1,119348.3,-515.1,-1303.3,-1428.33,1836.27,False,False,nan,True,0.7645,80.4,93.03,True,0,IRREGULAR,1,0.84,0,730.8,222.5,269.2,0.92,13,84,97,30,60,1.0002104778495375,0.24494897427831783
2026-08-31T21:58:56.048,124775296,P015,finger_still,VALID,,,,812,4327107,114444,118050,114955.66,119322.33,-511.66,-1272.33,-1389.33,1827.33,False,False,nan,True,0.7645,80.4,93.03,True,0,IRREGULAR,1,0.84,0,730.8,222.5,269.2,0.92,13,84,97,30,60,0.999336780069662,0.17320508075688776
2026-08-31T21:58:56.059,124775312,P015,finger_still,VALID,,,,813,4327147,114440,118033,114945.34,119296.54,-505.34,-1263.54,-1357.88,1817.95,False,False,nan,True,0.7645,80.4,93.03,True,0,IRREGULAR,1,0.84,0,730.8,222.5,269.2,0.92,13,84,97,30,60,0.999336780069662,0.17320508075688776
2026-08-31T21:58:56.070,124775328,P015,finger_still,VALID,,,,814,4327187,114432,118020,114935.08,119271.01,-503.08,-1251.01,-1331.16,1808.21,False,False,nan,True,0.7645,80.4,93.03,True,0,IRREGULAR,1,0.84,0,730.8,222.5,269.2,0.92,13,84,97,30,60,0.999336780069662,0.17320508075688776
2026-08-31T21:58:56.092,124775343,P015,finger_still,VALID,,,,815,4327227,114428,118022,114924.94,119246.03,-496.94,-1224.03,-1304.38,1798.13,False,False,nan,True,0.7645,80.4,93.03,True,0,IRREGULAR,1,0.84,0,730.8,222.5,269.2,0.92,13,84,97,30,60,0.999336780069662,0.17320508075688776
2026-08-31T21:58:56.131,124775375,P015,finger_still,VALID,,,,816,4327267,114445,118047,114915.34,119222.05,-470.34,-1175.05,-1272.05,1787.61,False,False,nan,True,0.7645,80.4,93.03,True,0,IRREGULAR,1,0.84,0,730.8,222.5,269.2,0.92,13,84,97,30,60,0.999336780069662,0.17320508075688776
2026-08-31T21:58:56.247,124775500,P015,finger_still,VALID,,,,817,4327307,114455,118063,114906.13,119198.87,-451.13,-1135.87,-1238.0,1776.62,False,False,nan,True,0.7645,80.4,93.03,True,0,COLLECTING,0,,0,,,,,11,84,97,30,60,0.999336780069662,0.24494897427831783
2026-08-31T21:58:56.259,124775515,P015,finger_still,VALID,,,,818,4327347,114476,118097,114897.53,119176.83,-421.53,-1079.83,-1198.46,1765.06,False,False,nan,True,0.7645,80.4,93.03,True,0,COLLECTING,0,,0,,,,,11,84,97,30,60,0.999336780069662,0.24494897427831783
2026-08-31T21:58:56.269,124775515,P015,finger_still,VALID,,,,819,4327387,114478,118124,114889.14,119155.77,-411.14,-1031.77,-1156.79,1752.89,False,False,nan,True,0.7645,80.4,93.03,True,0,COLLECTING,0,,0,,,,,11,84,97,30,60,0.999336780069662,0.24494897427831783
2026-08-31T21:58:56.292,124775546,P015,finger_still,VALID,,,,820,4327427,114431,118021,114879.98,119133.08,-448.98,-1112.08,-1145.61,1740.75,False,False,nan,True,0.7645,80.4,93.03,True,0,COLLECTING,0,,0,,,,,11,84,97,30,60,0.999336780069662,0.24494897427831783
2026-08-31T21:58:56.333,124775578,P015,finger_still,VALID,,,,821,4327467,114355,117804,114869.48,119106.5,-514.48,-1302.5,-1184.83,1729.63,False,False,nan,True,0.7645,80.4,93.03,True,0,COLLECTING,0,,0,,,,,11,84,97,30,60,0.999336780069662,0.24494897427831783
2026-08-31T21:58:56.448,124775703,P015,finger_still,VALID,,,,822,4327507,114312,117661,114858.33,119077.59,-546.33,-1416.59,-1242.77,1719.89,False,False,nan,True,0.7645,80.4,93.03,True,0,COLLECTING,0,,0,,,,,11,84,97,30,60,0.999336780069662,0.24494897427831783
2026-08-31T21:58:56.459,124775703,P015,finger_still,VALID,,,,823,4327547,114299,117617,114847.14,119048.38,-548.14,-1431.38,-1289.93,1711.29,False,False,nan,True,0.7645,80.4,93.03,True,0,COLLECTING,0,,0,,,,,11,84,97,30,60,0.999336780069662,0.24494897427831783
2026-08-31T21:58:56.472,124775718,P015,finger_still,VALID,,,,824,4327587,114299,117586,114836.18,119019.13,-537.18,-1433.13,-1325.73,1703.58,False,False,nan,True,0.7645,80.4,93.03,True,0,COLLECTING,0,,0,,,,,11,84,97,30,60,0.999336780069662,0.24494897427831783
2026-08-31T21:58:56.491,124775734,P015,finger_still,VALID,,,,825,4327627,114285,117531,114825.16,118989.37,-540.16,-1458.37,-1358.89,1696.69,False,False,nan,True,0.7645,80.4,93.03,True,0,COLLECTING,0,,0,,,,,11,84,97,30,60,0.999336780069662,0.24494897427831783
2026-08-31T21:58:56.532,124775781,P015,finger_still,VALID,,,,826,4327667,114282,117514,114814.3,118959.86,-532.3,-1445.86,-1380.63,1690.36,False,False,nan,True,0.7645,80.4,93.03,True,0,COLLECTING,0,,0,,,,,11,84,97,30,60,0.999336780069662,0.24494897427831783
2026-08-31T21:58:56.648,124775906,P015,finger_still,VALID,,,,827,4327707,114290,117510,114803.81,118930.86,-513.81,-1420.86,-1390.69,1684.37,False,False,nan,True,0.7645,80.4,93.03,True,0,COLLECTING,0,,0,,,,,11,84,97,30,60,0.999336780069662,0.24494897427831783
2026-08-31T21:58:56.660,124775906,P015,finger_still,VALID,,,,828,4327747,114288,117481,114793.5,118901.86,-505.5,-1420.86,-1398.23,1678.65,False,False,nan,True,0.7645,80.4,93.03,True,0,COLLECTING,0,,0,,,,,11,84,97,30,60,0.999336780069662,0.24494897427831783
2026-08-31T21:58:56.669,124775921,P015,finger_still,VALID,,,,829,4327787,114291,117475,114783.45,118873.32,-492.45,-1398.32,-1398.25,1673.04,False,False,nan,True,0.7645,80.4,93.03,True,0,COLLECTING,0,,0,,,,,11,84,97,30,60,0.999336780069662,0.24494897427831783
2026-08-31T21:58:56.691,124775937,P015,finger_still,VALID,,,,830,4327827,114317,117510,114774.12,118846.05,-457.12,-1336.05,-1382.7,1667.23,False,False,nan,True,0.7645,80.4,93.03,True,0,COLLECTING,0,,0,,,,,11,84,97,30,60,0.999336780069662,0.24494897427831783
2026-08-31T21:58:56.731,124775984,P015,finger_still,VALID,,,,831,4327867,114369,117577,114766.02,118820.67,-397.02,-1243.67,-1347.95,1660.85,False,False,nan,True,0.7645,80.4,93.03,True,0,COLLECTING,0,,0,,,,,11,84,97,30,60,0.999336780069662,0.24494897427831783
2026-08-31T21:58:56.848,124776093,P015,finger_still,VALID,,,,832,4327907,114400,117647,114758.7,118797.2,-358.7,-1150.2,-1298.51,1653.6,False,False,nan,True,0.7645,80.4,93.03,True,0,COLLECTING,0,,0,,,,,11,84,97,30,60,0.999336780069662,0.24494897427831783
2026-08-31T21:58:56.859,124776109,P015,finger_still,VALID,,,,833,4327947,114427,117678,114752.07,118774.81,-325.07,-1096.81,-1248.08,1645.49,False,False,nan,True,0.7645,80.4,93.03,True,0,COLLECTING,0,,0,,,,,11,84,97,30,60,0.999336780069662,0.24494897427831783
2026-08-31T21:58:56.870,124776125,P015,finger_still,VALID,,,,834,4327987,114451,117725,114746.05,118753.81,-295.05,-1028.81,-1193.27,1636.45,False,False,nan,True,0.7645,80.4,93.03,True,0,COLLECTING,0,,0,,,,,11,84,97,30,60,0.999336780069662,0.24494897427831783
2026-08-31T21:58:56.902,124776156,P015,finger_still,VALID,,,,835,4328037,114472,117730,114740.56,118733.34,-268.56,-1003.34,-1145.78,1626.63,False,False,nan,True,0.7645,80.4,93.03,True,0,COLLECTING,0,,0,,,,,11,84,97,30,60,0.999336780069662,0.24494897427831783
2026-08-31T21:58:56.932,124776187,P015,finger_still,VALID,,,,836,4328067,114500,117789,114735.75,118714.45,-235.75,-925.45,-1090.7,1615.91,False,False,nan,True,0.7645,80.4,93.03,True,0,COLLECTING,0,,0,,,,,11,84,97,30,60,0.999336780069662,0.24494897427831783
2026-08-31T21:58:57.049,124776296,P015,finger_still,VALID,,,,837,4328117,114543,117803,114731.9,118696.23,-188.9,-893.23,-1041.33,1604.42,False,False,nan,True,0.7645,80.4,93.03,True,0,COLLECTING,0,,0,,,,,10,84,97,30,60,1.0002104778495375,0.24494897427831783
2026-08-31T21:58:57.059,124776312,P015,finger_still,VALID,,,,838,4328157,114536,117864,114727.98,118679.59,-191.98,-815.59,-984.9,1592.03,False,False,nan,True,0.7645,80.4,93.03,True,0,COLLECTING,0,,0,,,,,10,84,97,30,60,1.0002104778495375,0.24494897427831783
2026-08-31T21:58:57.068,124776312,P015,finger_still,VALID,,,,839,4328197,114546,117821,114724.34,118662.41,-178.34,-841.41,-949.03,1579.17,False,False,nan,True,0.7645,80.4,93.03,True,0,COLLECTING,0,,0,,,,,10,84,97,30,60,1.0002104778495375,0.24494897427831783
2026-08-31T21:58:57.103,124776359,P015,finger_still,VALID,,,,840,4328237,114554,117897,114720.94,118647.11,-166.94,-750.11,-899.3,1565.57,False,False,nan,True,0.7645,80.4,93.03,True,0,COLLECTING,0,,0,,,,,10,84,97,30,60,1.0002104778495375,0.24494897427831783
2026-08-31T21:58:57.246,124776500,P015,finger_still,VALID,,,,841,4328277,114572,117858,114717.96,118631.33,-145.96,-773.33,-867.8,1551.62,False,False,nan,True,0.7645,80.4,93.03,True,0,COLLECTING,0,,0,,,,,10,84,97,30,60,0.999336780069662,0.24494897427831783
2026-08-31T21:58:57.258,124776515,P015,finger_still,VALID,,,,842,4328317,114525,117779,114714.1,118614.28,-189.1,-835.28,-859.67,1537.78,False,False,nan,True,0.7645,80.4,93.03,True,0,COLLECTING,0,,0,,,,,10,84,97,30,60,0.999336780069662,0.24494897427831783
2026-08-31T21:58:57.269,124776515,P015,finger_still,VALID,,,,843,4328357,114439,117585,114708.6,118593.7,-269.6,-1008.7,-896.93,1524.96,False,False,nan,True,0.7645,80.4,93.03,True,0,COLLECTING,0,,0,,,,,10,84,97,30,60,0.999336780069662,0.24494897427831783
2026-08-31T21:58:57.279,124776531,P015,finger_still,VALID,,,,844,4328397,114449,117539,114703.41,118572.6,-254.41,-1033.6,-931.1,1513.09,False,False,nan,True,0.7645,80.4,nan,False,0,COLLECTING,0,,0,,,,,10,84,97,30,60,0.999336780069662,0.24494897427831783
2026-08-31T21:58:57.301,124776546,P015,finger_still,VALID,,,,845,4328437,114477,117528,114698.88,118551.71,-221.88,-1023.71,-954.25,1501.91,False,False,nan,True,0.7645,80.4,nan,False,0,COLLECTING,0,,0,,,,,10,84,97,30,60,0.999336780069662,0.24494897427831783
2026-08-31T21:58:57.447,124776703,P015,finger_still,VALID,,,,846,4328477,114481,117507,114694.52,118530.82,-213.52,-1023.82,-971.64,1491.3,False,False,nan,True,0.7645,80.4,nan,False,0,COLLECTING,0,,0,,,,,10,84,97,30,60,0.999336780069662,0.17320508075688776
2026-08-31T21:58:57.458,124776703,P015,finger_still,VALID,,,,847,4328517,114503,117493,114690.69,118510.06,-187.69,-1017.06,-983.0,1481.14,False,False,nan,True,0.7645,80.4,nan,False,0,COLLECTING,0,,0,,,,,10,84,97,30,60,0.999336780069662,0.17320508075688776
2026-08-31T21:58:57.470,124776718,P015,finger_still,VALID,,,,848,4328557,114524,117548,114687.35,118490.82,-163.35,-942.82,-972.95,1470.97,False,False,nan,True,0.7645,80.4,nan,False,0,COLLECTING,0,,0,,,,,10,84,97,30,60,0.999336780069662,0.17320508075688776
2026-08-31T21:58:57.478,124776734,P015,finger_still,VALID,,,,849,4328597,114515,117502,114683.91,118471.05,-168.91,-969.05,-971.98,1460.99,False,False,nan,True,0.7645,80.4,nan,False,0,COLLECTING,0,,0,,,,,10,84,97,30,60,0.999336780069662,0.17320508075688776
2026-08-31T21:58:57.500,124776750,P015,finger_still,VALID,,,,850,4328637,114532,117534,114680.87,118452.3,-148.87,-918.3,-958.56,1450.95,False,False,nan,True,0.7645,80.4,nan,False,0,COLLECTING,0,,0,,,,,10,84,97,30,60,0.999336780069662,0.17320508075688776
2026-08-31T21:58:57.650,124776906,P015,finger_still,VALID,,,,851,4328677,114559,117524,114678.43,118433.74,-119.43,-909.74,-946.35,1440.85,False,False,nan,True,0.7645,80.4,nan,False,0,COLLECTING,0,,0,,,,,10,84,97,30,60,1.0002104778495375,0.24494897427831783
2026-08-31T21:58:57.661,124776906,P015,finger_still,VALID,,,,852,4328717,114613,117640,114677.12,118417.87,-64.12,-777.87,-904.23,1430.12,False,False,nan,True,0.7645,80.4,nan,False,0,COLLECTING,0,,0,,,,,10,84,97,30,60,1.0002104778495375,0.24494897427831783
2026-08-31T21:58:57.678,124776921,P015,finger_still,VALID,,,,853,4328757,114642,117759,114676.42,118404.69,-34.42,-645.69,-839.6,1418.31,False,False,nan,True,0.7645,80.4,nan,False,0,COLLECTING,0,,0,,,,,10,84,97,30,60,1.0002104778495375,0.24494897427831783
2026-08-31T21:58:57.680,124776937,P015,finger_still,VALID,,,,854,4328797,114722,117822,114677.34,118393.03,44.66,-571.03,-772.46,1405.39,False,False,nan,True,0.7645,80.4,nan,False,0,COLLECTING,0,,0,,,,,10,84,97,30,60,1.0002104778495375,0.24494897427831783
2026-08-31T21:58:57.701,124776953,P015,finger_still,VALID,,,,855,4328837,114780,117938,114679.39,118383.93,100.61,-445.93,-690.82,1391.1,False,False,nan,True,0.7645,80.4,nan,False,0,COLLECTING,0,,0,,,,,10,84,97,30,60,1.0002104778495375,0.24494897427831783
2026-08-31T21:58:57.849,124777093,P015,finger_still,VALID,,,,856,4328877,114769,117881,114681.18,118373.88,87.82,-492.88,-641.34,1376.11,False,False,nan,True,0.7645,80.4,nan,False,0,COLLECTING,0,,0,,,,,10,84,97,30,60,0.999336780069662,0.24494897427831783
2026-08-31T21:58:57.858,124777109,P015,finger_still,VALID,,,,857,4328917,114746,117861,114682.48,118363.62,63.52,-502.62,-606.66,1360.72,False,False,nan,True,0.7645,80.4,nan,False,0,COLLECTING,0,,0,,,,,10,84,97,30,60,0.999336780069662,0.24494897427831783
2026-08-31T21:58:57.867,124777125,P015,finger_still,VALID,,,,858,4328957,114666,117778,114682.15,118351.91,-16.15,-573.91,-598.47,1345.47,False,False,nan,True,0.7645,80.4,nan,False,0,COLLECTING,0,,0,,,,,10,84,97,30,60,0.999336780069662,0.24494897427831783
2026-08-31T21:58:57.879,124777125,P015,finger_still,VALID,,,,859,4328997,114667,117698,114681.84,118338.83,-14.84,-640.83,-609.06,1330.74,False,False,nan,True,0.7645,80.4,nan,False,0,COLLECTING,0,,0,,,,,10,84,97,30,60,0.999336780069662,0.24494897427831783
2026-08-31T21:58:57.901,124777156,P015,finger_still,VALID,,,,860,4329037,114594,117651,114680.09,118325.07,-86.09,-674.07,-625.31,1316.64,False,False,nan,True,0.7645,80.4,nan,False,0,COLLECTING,0,,0,,,,,10,84,97,30,60,0.999336780069662,0.24494897427831783
2026-08-31T21:58:58.049,124777296,P015,finger_still,VALID,,,,861,4329077,114595,117653,114678.38,118311.63,-83.38,-658.63,-633.64,1302.98,False,False,nan,True,0.7645,80.4,nan,False,0,COLLECTING,0,,0,,,,,9,84,97,30,60,0.999336780069662,0.24494897427831783
2026-08-31T21:58:58.059,124777312,P015,finger_still,VALID,,,,862,4329117,114625,117753,114677.31,118300.46,-52.31,-547.46,-612.1,1289.16,False,False,nan,True,0.7645,80.4,nan,False,0,COLLECTING,0,,0,,,,,9,84,97,30,60,0.999336780069662,0.24494897427831783
2026-08-31T21:58:58.067,124777312,P015,finger_still,VALID,,,,863,4329157,114685,117740,114677.47,118289.25,7.53,-549.25,-596.39,1275.3,False,False,nan,True,0.7645,80.4,nan,False,0,COLLECTING,0,,0,,,,,9,84,97,30,60,0.999336780069662,0.24494897427831783
2026-08-31T21:58:58.077,124777328,P015,finger_still,VALID,,,,864,4329197,114627,117604,114676.46,118275.55,-49.46,-671.55,-615.18,1262.1,False,False,nan,True,0.7645,80.4,nan,False,0,COLLECTING,0,,0,,,,,9,84,97,30,60,0.999336780069662,0.24494897427831783
2026-08-31T21:58:58.101,124777359,P015,finger_still,VALID,,,,865,4329237,114568,117392,114674.29,118257.88,-106.29,-865.88,-677.85,1250.42,False,False,nan,True,0.7645,80.4,nan,False,0,COLLECTING,0,,0,,,,,9,84,97,30,60,0.999336780069662,0.24494897427831783
2026-08-31T21:58:58.247,124777500,P015,finger_still,VALID,,,,866,4329277,114565,117374,114672.1,118240.2,-107.1,-866.2,-724.94,1239.91,False,False,nan,True,0.7645,80.4,nan,False,0,COLLECTING,0,,0,,,,,9,84,97,30,60,0.999336780069662,0.24494897427831783
2026-08-31T21:58:58.258,124777515,P015,finger_still,VALID,,,,867,4329317,114535,117326,114669.36,118221.91,-134.36,-895.91,-767.68,1230.46,False,False,nan,True,0.7645,80.4,nan,False,0,COLLECTING,0,,0,,,,,9,84,97,30,60,0.999336780069662,0.24494897427831783
2026-08-31T21:58:58.270,124777515,P015,finger_still,VALID,,,,868,4329357,114547,117287,114666.91,118203.22,-119.91,-916.22,-804.82,1221.95,False,False,nan,True,0.7645,80.4,nan,False,0,COLLECTING,0,,0,,,,,9,84,97,30,60,0.999336780069662,0.24494897427831783
2026-08-31T21:58:58.278,124777531,P015,finger_still,VALID,,,,869,4329397,114515,117219,114663.88,118183.53,-148.88,-964.53,-844.74,1214.4,False,False,nan,True,0.7645,80.4,nan,False,0,COLLECTING,0,,0,,,,,9,84,97,30,60,0.999336780069662,0.24494897427831783
2026-08-31T21:58:58.301,124777546,P015,finger_still,VALID,,,,870,4329437,114564,117227,114661.88,118164.4,-97.88,-937.4,-867.91,1207.47,False,False,nan,True,0.7645,80.4,nan,False,0,COLLECTING,0,,0,,,,,9,84,97,30,60,0.999336780069662,0.24494897427831783
2026-08-31T21:58:58.446,124777703,P015,finger_still,VALID,,,,871,4329477,114529,117244,114659.22,118145.99,-130.22,-901.99,-876.43,1200.85,False,False,nan,True,0.7645,80.4,nan,False,0,COLLECTING,0,,0,,,,,9,84,97,30,60,0.999336780069662,0.24494897427831783
2026-08-31T21:58:58.458,124777703,P015,finger_still,VALID,,,,872,4329517,114576,117247,114657.55,118128.02,-81.55,-881.02,-877.58,1194.39,False,False,nan,True,0.7645,80.4,nan,False,0,COLLECTING,0,,0,,,,,9,84,97,30,60,0.999336780069662,0.24494897427831783
2026-08-31T21:58:58.469,124777718,P015,finger_still,VALID,,,,873,4329557,114625,117347,114656.91,118112.4,-31.91,-765.4,-849.53,1187.49,False,False,nan,True,0.7645,80.4,nan,False,0,COLLECTING,0,,0,,,,,9,84,97,30,60,0.999336780069662,0.24494897427831783
2026-08-31T21:58:58.479,124777734,P015,finger_still,VALID,,,,874,4329597,114681,117389,114657.39,118097.93,23.61,-708.93,-814.38,1180.03,False,False,nan,True,0.7645,80.4,nan,False,0,COLLECTING,0,,0,,,,,9,84,97,30,60,0.999336780069662,0.24494897427831783
2026-08-31T21:58:58.501,124777750,P015,finger_still,VALID,,,,875,4329637,114686,117450,114657.96,118084.97,28.04,-634.97,-769.53,1171.82,False,False,nan,True,0.7645,80.4,nan,False,0,COLLECTING,0,,0,,,,,9,84,97,30,60,0.999336780069662,0.24494897427831783
2026-08-31T21:58:58.647,124777890,P015,finger_still,VALID,,,,876,4329677,114723,117472,114659.26,118072.71,63.74,-600.71,-727.32,1162.93,False,False,nan,True,0.7645,80.4,nan,False,0,COLLECTING,0,,0,,,,,9,84,97,30,60,1.0002104778495375,0.24494897427831783
2026-08-31T21:58:58.658,124777906,P015,finger_still,VALID,,,,877,4329717,114710,117430,114660.27,118059.86,49.73,-629.86,-702.96,1153.73,False,False,nan,True,0.7645,80.4,nan,False,0,COLLECTING,0,,0,,,,,9,84,97,30,60,1.0002104778495375,0.24494897427831783
2026-08-31T21:58:58.667,124777921,P015,finger_still,VALID,,,,878,4329757,114758,117530,114662.23,118049.27,95.77,-519.27,-657.03,1143.8,False,False,nan,True,0.7645,80.4,nan,False,0,COLLECTING,0,,0,,,,,9,84,97,30,60,1.0002104778495375,0.24494897427831783
2026-08-31T21:58:58.677,124777921,P015,finger_still,VALID,,,,879,4329797,114838,117751,114665.74,118043.3,172.26,-292.3,-565.85,1132.24,False,False,nan,True,0.7645,80.4,nan,False,0,COLLECTING,0,,0,,,,,9,84,97,30,60,1.0002104778495375,0.24494897427831783
2026-08-31T21:58:58.701,124777953,P015,finger_still,VALID,,,,880,4329837,114994,118025,114672.3,118042.93,321.7,-17.93,-428.87,1118.17,False,False,nan,True,0.7645,80.4,nan,False,0,COLLECTING,0,,0,,,,,9,84,97,30,60,1.0002104778495375,0.24494897427831783
2026-08-31T21:58:58.847,124778093,P015,finger_still,VALID,,,,881,4329877,115051,118087,114679.88,118043.81,371.12,43.19,-310.86,1102.02,False,False,nan,True,0.7645,80.4,nan,False,0,COLLECTING,0,,0,,,,,8,84,97,30,60,1.0002104778495375,0.24494897427831783
2026-08-31T21:58:58.859,124778109,P015,finger_still,VALID,,,,882,4329917,115109,118205,114688.46,118047.04,420.54,157.96,-193.65,1083.86,False,False,nan,True,0.7645,80.4,nan,False,0,COLLECTING,0,,0,,,,,8,84,97,30,60,1.0002104778495375,0.24494897427831783
2026-08-31T21:58:58.867,124778125,P015,finger_still,VALID,,,,883,4329957,115314,118542,114700.97,118056.94,613.03,485.06,-23.97,1062.66,False,False,nan,True,0.7645,80.4,nan,False,0,COLLECTING,0,,0,,,,,8,84,97,30,60,1.0002104778495375,0.24494897427831783
2026-08-31T21:58:58.877,124778125,P015,finger_still,VALID,,,,884,4329997,115646,119259,114719.87,118080.98,926.13,1178.02,276.53,1046.94,False,False,nan,True,0.7645,80.4,nan,False,0,COLLECTING,0,,0,,,,,8,84,97,30,60,1.0002104778495375,0.24494897427831783
2026-08-31T21:58:58.901,124778156,P015,finger_still,VALID,,,,885,4330037,116194,120205,114749.35,118123.45,1444.65,2081.55,727.78,1040.55,False,False,nan,True,0.7645,80.4,nan,False,0,COLLECTING,0,,0,,,,,8,84,97,30,60,1.0002104778495375,0.24494897427831783
2026-08-31T21:58:59.047,124778296,P015,finger_still,VALID,,,,886,4330077,116311,120407,114780.59,118169.12,1530.41,2237.88,1105.3,1041.85,False,False,nan,True,0.7645,80.4,nan,False,0,COLLECTING,0,,0,,,,,8,84,97,30,60,1.0002104778495375,0.24494897427831783
2026-08-31T21:58:59.058,124778312,P015,finger_still,VALID,,,,887,4330117,116109,119985,114807.16,118205.45,1301.84,1779.55,1273.87,1046.49,False,False,nan,True,0.7645,80.4,nan,False,0,COLLECTING,0,,0,,,,,8,84,97,30,60,1.0002104778495375,0.24494897427831783
2026-08-31T21:58:59.070,124778328,P015,finger_still,VALID,,,,888,4330157,115811,119322,114827.23,118227.77,983.77,1094.23,1228.96,1050.14,True,False,nan,True,0.7645,80.4,nan,False,0,COLLECTING,0,,0,,,,,8,84,97,30,60,1.0002104778495375,0.24494897427831783
2026-08-31T21:58:59.077,124778328,P015,finger_still,VALID,,,,889,4330197,115468,118685,114840.05,118236.91,627.95,448.09,1033.74,1049.81,False,False,nan,True,0.7645,80.4,nan,False,0,COLLECTING,0,,0,,,,,8,84,97,30,60,1.0002104778495375,0.24494897427831783
2026-08-31T21:58:59.102,124778359,P015,finger_still,VALID,,,,890,4330237,115326,118391,114849.77,118239.99,476.23,151.01,813.06,1045.07,False,False,nan,True,0.7645,80.4,nan,False,0,COLLECTING,0,,0,,,,,8,84,97,30,60,1.0002104778495375,0.24494897427831783
2026-08-31T21:58:59.250,124778500,P015,finger_still,VALID,,,,891,4330277,115231,118156,114857.39,118238.31,373.61,-82.31,589.21,1035.96,False,False,nan,True,0.7645,80.4,nan,False,0,COLLECTING,0,,0,,,,,8,84,97,30,60,0.999336780069662,0.24494897427831783
2026-08-31T21:58:59.260,124778515,P015,finger_still,VALID,,,,892,4330317,115135,118017,114862.95,118233.88,272.05,-216.88,387.69,1022.99,False,False,nan,True,0.7645,80.4,nan,False,0,COLLECTING,0,,0,,,,,8,84,97,30,60,0.999336780069662,0.24494897427831783
2026-08-31T21:58:59.268,124778515,P015,finger_still,VALID,,,,893,4330357,115059,117801,114866.87,118225.23,192.13,-424.23,184.71,1006.23,False,False,nan,True,0.7645,80.4,nan,False,0,COLLECTING,0,,0,,,,,8,84,97,30,60,0.999336780069662,0.24494897427831783
2026-08-31T21:58:59.277,124778531,P015,finger_still,VALID,,,,894,4330397,115034,117771,114870.21,118216.14,163.79,-445.14,27.25,986.65,False,False,nan,True,0.7645,80.4,nan,False,0,COLLECTING,0,,0,,,,,8,84,97,30,60,0.999336780069662,0.24494897427831783
2026-08-31T21:58:59.301,124778546,P015,finger_still,VALID,,,,895,4330437,115128,117878,114875.37,118209.38,252.63,-331.38,-62.41,968.16,False,False,nan,True,0.7645,80.4,nan,False,0,COLLECTING,0,,0,,,,,8,84,97,30,60,0.999336780069662,0.24494897427831783
2026-08-31T21:58:59.448,124778703,P015,finger_still,VALID,,,,896,4330477,115146,117896,114880.78,118203.11,265.22,-307.11,-123.58,951.27,False,False,nan,True,0.7645,80.4,nan,False,0,COLLECTING,0,,0,,,,,7,84,97,30,60,0.9997654724984255,0.24494897427831783
2026-08-31T21:58:59.458,124778703,P015,finger_still,VALID,,,,897,4330517,115049,117626,114884.15,118191.57,164.85,-565.57,-234.08,936.93,False,False,nan,True,0.7645,80.4,nan,False,0,COLLECTING,0,,0,,,,,7,84,97,30,60,0.9997654724984255,0.24494897427831783
2026-08-31T21:58:59.465,124778718,P015,finger_still,VALID,,,,898,4330557,114952,117468,114885.51,118177.1,66.49,-709.1,-352.84,925.24,False,False,nan,True,0.7645,80.4,nan,False,0,COLLECTING,0,,0,,,,,7,84,97,30,60,0.9997654724984255,0.24494897427831783
2026-08-31T21:58:59.478,124778734,P015,finger_still,VALID,,,,899,4330597,115057,117562,114888.94,118164.8,168.06,-602.8,-415.33,915.05,False,False,nan,True,0.7645,80.4,nan,False,0,COLLECTING,0,,0,,,,,7,84,97,30,60,0.9997654724984255,0.24494897427831783
2026-08-31T21:58:59.503,124778750,P015,finger_still,VALID,,,,900,4330637,115062,117590,114892.4,118153.3,169.6,-563.3,-452.32,905.79,False,False,nan,True,0.7645,80.4,nan,False,0,COLLECTING,0,,0,,,,,7,84,97,30,60,0.9997654724984255,0.24494897427831783
2026-08-31T21:58:59.647,124778890,P015,finger_still,VALID,,,,901,4330677,115046,117581,114895.47,118141.86,150.53,-560.86,-479.46,897.26,False,False,nan,True,0.7645,80.4,nan,False,0,COLLECTING,0,,0,,,,,7,84,97,30,60,0.999336780069662,0.24494897427831783
2026-08-31T21:58:59.658,124778906,P015,finger_still,VALID,,,,902,4330717,115109,117666,114899.74,118132.34,209.26,-466.34,-476.18,888.84,False,False,nan,True,0.7645,80.4,nan,False,0,COLLECTING,0,,0,,,,,7,84,97,30,60,0.999336780069662,0.24494897427831783
2026-08-31T21:58:59.666,124778921,P015,finger_still,VALID,,,,903,4330757,115257,117977,114906.89,118129.23,350.11,-152.23,-395.19,878.97,False,False,nan,True,0.7645,80.4,nan,False,0,COLLECTING,0,,0,,,,,7,84,97,30,60,0.999336780069662,0.24494897427831783
2026-08-31T21:58:59.677,124778921,P015,finger_still,VALID,,,,904,4330797,115416,118216,114917.07,118130.97,498.93,85.03,-275.14,866.89,False,False,nan,True,0.7645,80.4,nan,False,0,COLLECTING,0,,0,,,,,7,84,97,30,60,0.999336780069662,0.24494897427831783
2026-08-31T21:58:59.700,124778953,P015,finger_still,VALID,,,,905,4330837,115453,118251,114927.79,118133.37,525.21,117.63,-176.94,853.09,False,False,nan,True,0.7645,80.4,nan,False,0,COLLECTING,0,,0,,,,,7,84,97,30,60,0.999336780069662,0.24494897427831783
2026-08-31T21:58:59.846,124779093,P015,finger_still,VALID,,,,906,4330877,115416,118179,114937.55,118134.28,478.45,44.72,-121.53,838.46,False,False,nan,True,0.7645,80.4,nan,False,0,COLLECTING,0,,0,,,,,7,84,97,30,60,1.0034909067849096,0.6324555320336759
2026-08-31T21:58:59.858,124779109,P015,finger_still,VALID,,,,907,4330917,115489,118260,114948.59,118136.8,540.41,123.2,-60.35,822.9,False,False,nan,True,0.7645,80.4,nan,False,0,COLLECTING,0,,0,,,,,7,84,97,30,60,1.0034909067849096,0.6324555320336759
2026-08-31T21:58:59.866,124779109,P015,finger_still,VALID,,,,908,4330957,115436,118085,114958.34,118135.76,477.66,-50.76,-57.95,807.6,False,False,nan,True,0.7645,80.4,nan,False,0,COLLECTING,0,,0,,,,,7,84,97,30,60,1.0034909067849096,0.6324555320336759
2026-08-31T21:58:59.876,124779125,P015,finger_still,VALID,,,,909,4330997,115426,117998,114967.69,118133.0,458.31,-135.0,-77.21,792.99,False,False,nan,True,0.7645,80.4,nan,False,0,COLLECTING,0,,0,,,,,7,84,97,30,60,1.0034909067849096,0.6324555320336759
2026-08-31T21:58:59.901,124779156,P015,finger_still,VALID,,,,910,4331037,115416,117896,114976.66,118128.26,439.34,-232.26,-115.97,779.45,False,False,nan,True,0.7645,80.4,nan,False,0,COLLECTING,0,,0,,,,,7,84,97,30,60,1.0034909067849096,0.6324555320336759
2026-08-31T21:59:00.047,124779296,P015,finger_still,VALID,,,,911,4331077,115329,117680,114983.7,118119.29,345.3,-439.29,-196.8,767.8,False,False,nan,True,0.7645,80.4,nan,False,0,COLLECTING,0,,0,,,,,7,84,97,30,60,0.999336780069662,0.24494897427831783
2026-08-31T21:59:00.058,124779312,P015,finger_still,VALID,,,,912,4331117,115224,117453,114988.51,118105.96,235.49,-652.96,-310.84,758.66,False,False,nan,True,0.7645,80.4,nan,False,0,COLLECTING,0,,0,,,,,7,84,97,30,60,0.999336780069662,0.24494897427831783
2026-08-31T21:59:00.066,124779312,P015,finger_still,VALID,,,,913,4331157,115136,117270,114991.46,118089.24,144.54,-819.24,-437.94,752.25,False,False,nan,True,0.7645,80.4,nan,False,0,COLLECTING,0,,0,,,,,7,84,97,30,60,0.999336780069662,0.24494897427831783
2026-08-31T21:59:00.077,124779328,P015,finger_still,VALID,,,,914,4331197,115118,117206,114993.99,118071.58,124.01,-865.58,-544.85,748.1,False,False,nan,True,0.7645,80.4,nan,False,0,COLLECTING,0,,0,,,,,7,84,97,30,60,0.999336780069662,0.24494897427831783
2026-08-31T21:59:00.101,124779359,P015,finger_still,VALID,,,,915,4331237,115127,117197,114996.65,118054.09,130.35,-857.09,-622.91,745.6,False,False,nan,True,0.7645,80.4,nan,False,0,COLLECTING,0,,0,,,,,7,84,97,30,60,0.999336780069662,0.24494897427831783
2026-08-31T21:59:00.247,124779500,P015,finger_still,VALID,,,,916,4331277,115179,117279,115000.3,118038.59,178.7,-759.59,-657.08,743.82,False,False,nan,True,0.7645,80.4,nan,False,0,COLLECTING,0,,0,,,,,6,84,97,30,60,1.0004419023611517,0.2
2026-08-31T21:59:00.259,124779515,P015,finger_still,VALID,,,,917,4331317,115270,117405,115005.69,118025.91,264.31,-620.91,-648.04,741.91,False,False,nan,True,0.7645,80.4,nan,False,0,COLLECTING,0,,0,,,,,6,84,97,30,60,1.0004419023611517,0.2
2026-08-31T21:59:00.267,124779515,P015,finger_still,VALID,,,,918,4331357,115323,117507,115012.03,118015.54,310.97,-508.54,-613.16,739.33,False,False,nan,True,0.7645,80.4,nan,False,0,COLLECTING,0,,0,,,,,6,84,97,30,60,1.0004419023611517,0.2
2026-08-31T21:59:00.280,124779531,P015,finger_still,VALID,,,,919,4331397,115308,117457,115017.95,118004.37,290.05,-547.37,-596.71,736.48,False,False,nan,True,0.7645,80.4,nan,False,0,COLLECTING,0,,0,,,,,6,84,97,30,60,1.0004419023611517,0.2
2026-08-31T21:59:00.301,124779546,P015,finger_still,VALID,,,,920,4331437,115238,117313,115022.35,117990.54,215.65,-677.54,-616.92,734.09,False,False,nan,True,0.7645,80.4,nan,False,0,COLLECTING,0,,0,,,,,6,84,97,30,60,1.0004419023611517,0.2
2026-08-31T21:59:00.446,124779703,P015,finger_still,VALID,,,,921,4331477,115164,117183,115025.19,117974.39,138.81,-791.39,-660.54,732.62,False,False,nan,True,0.7645,80.4,nan,False,0,COLLECTING,0,,0,,,,,6,84,97,30,60,1.0004419023611517,0.24494897427831783
2026-08-31T21:59:00.459,124779703,P015,finger_still,VALID,,,,922,4331517,115111,117063,115026.91,117956.16,84.09,-893.16,-718.69,732.34,False,False,nan,True,0.7645,80.4,nan,False,0,COLLECTING,0,,0,,,,,6,84,97,30,60,1.0004419023611517,0.24494897427831783
2026-08-31T21:59:00.466,124779718,P015,finger_still,VALID,,,,923,4331557,115185,117211,115030.07,117941.26,154.93,-730.26,-721.59,732.13,False,False,nan,True,0.7645,80.4,nan,False,0,COLLECTING,0,,0,,,,,6,84,97,30,60,1.0004419023611517,0.24494897427831783
2026-08-31T21:59:00.477,124779734,P015,finger_still,VALID,,,,924,4331597,115224,117278,115033.95,117927.99,190.05,-649.99,-703.69,731.56,False,False,nan,True,0.7645,80.4,nan,False,0,COLLECTING,0,,0,,,,,6,84,97,30,60,1.0004419023611517,0.24494897427831783
2026-08-31T21:59:00.501,124779750,P015,finger_still,VALID,,,,925,4331637,115320,117479,115039.66,117919.02,280.34,-440.02,-637.77,729.68,False,False,nan,True,0.7645,80.4,nan,False,0,COLLECTING,0,,0,,,,,6,84,97,30,60,1.0004419023611517,0.24494897427831783
2026-08-31T21:59:00.646,124779890,P015,finger_still,VALID,,,,926,4331677,115466,117745,115048.19,117915.54,417.81,-170.54,-520.96,725.51,False,False,nan,True,0.7645,80.4,nan,False,0,COLLECTING,0,,0,,,,,6,84,97,30,60,0.999336780069662,0.24494897427831783
2026-08-31T21:59:00.657,124779906,P015,finger_still,VALID,,,,927,4331717,115575,117948,115058.73,117916.19,516.27,31.81,-382.77,718.65,False,False,nan,True,0.7645,80.4,nan,False,0,COLLECTING,0,,0,,,,,6,84,97,30,60,0.999336780069662,0.24494897427831783
2026-08-31T21:59:00.677,124779921,P015,finger_still,VALID,,,,928,4331757,115588,117899,115069.31,117915.84,518.69,-16.84,-291.29,710.1,False,False,nan,True,0.7645,80.4,nan,False,0,COLLECTING,0,,0,,,,,6,84,97,30,60,0.999336780069662,0.24494897427831783
2026-08-31T21:59:00.679,124779937,P015,finger_still,VALID,,,,929,4331797,115612,117863,115080.16,117914.79,531.84,-51.79,-231.41,700.53,False,False,nan,True,0.7645,80.4,nan,False,0,COLLECTING,0,,0,,,,,6,84,97,30,60,0.999336780069662,0.24494897427831783
2026-08-31T21:59:00.701,124779953,P015,finger_still,VALID,,,,930,4331837,115664,117926,115091.84,117915.02,572.16,10.98,-170.81,689.94,False,False,nan,True,0.7645,80.4,nan,False,0,COLLECTING,0,,0,,,,,6,84,97,30,60,0.999336780069662,0.24494897427831783
2026-08-31T21:59:00.847,124780093,P015,finger_still,VALID,,,,931,4331877,115748,118081,115104.97,117918.34,643.03,162.66,-87.44,677.89,False,False,nan,True,0.7645,80.4,nan,False,0,COLLECTING,0,,0,,,,,6,84,97,30,60,0.9995684068636823,0.24494897427831783
2026-08-31T21:59:00.858,124780109,P015,finger_still,VALID,,,,932,4331917,115865,118265,115120.17,117925.27,744.83,339.73,19.35,664.72,False,False,nan,True,0.7645,80.4,nan,False,0,COLLECTING,0,,0,,,,,6,84,97,30,60,0.9995684068636823,0.24494897427831783
2026-08-31T21:59:00.866,124780109,P015,finger_still,VALID,,,,933,4331957,115939,118390,115136.55,117934.56,802.45,455.44,128.37,653.99,False,False,nan,True,0.7645,80.4,nan,False,0,COLLECTING,0,,0,,,,,6,84,97,30,60,0.9995684068636823,0.24494897427831783
2026-08-31T21:59:00.876,124780125,P015,finger_still,VALID,,,,934,4331997,116006,118471,115153.94,117945.29,852.06,525.71,227.71,645.46,False,False,nan,True,0.7645,80.4,nan,False,0,COLLECTING,0,,0,,,,,6,84,97,30,60,0.9995684068636823,0.24494897427831783
2026-08-31T21:59:00.900,124780156,P015,finger_still,VALID,,,,935,4332037,115847,118138,115167.8,117949.14,679.2,188.86,218.0,636.91,True,False,nan,True,0.7645,80.4,nan,False,0,COLLECTING,0,,0,,,,,6,84,97,30,60,0.9995684068636823,0.24494897427831783
2026-08-31T21:59:01.047,124780296,P015,finger_still,VALID,,,,936,4332077,115800,118011,115180.44,117950.38,619.56,60.62,178.65,627.75,False,False,nan,True,0.7645,80.4,nan,False,0,COLLECTING,0,,0,,,,,5,84,97,30,60,0.9995684068636823,0.24494897427831783
2026-08-31T21:59:01.057,124780312,P015,finger_still,VALID,,,,937,4332117,115839,118066,115193.61,117952.69,645.39,113.31,162.32,618.44,False,False,nan,True,0.7645,80.4,nan,False,0,COLLECTING,0,,0,,,,,5,84,97,30,60,0.9995684068636823,0.24494897427831783
2026-08-31T21:59:01.066,124780312,P015,finger_still,VALID,,,,938,4332157,115933,118231,115208.4,117958.25,724.6,272.75,189.93,609.87,False,False,nan,True,0.7645,80.4,nan,False,0,COLLECTING,0,,0,,,,,5,84,97,30,60,0.9995684068636823,0.24494897427831783
2026-08-31T21:59:01.075,124780328,P015,finger_still,VALID,,,,939,4332197,116046,118452,115225.15,117968.12,820.85,483.88,263.41,602.94,False,False,nan,True,0.7645,80.4,nan,False,0,COLLECTING,0,,0,,,,,5,84,97,30,60,0.9995684068636823,0.24494897427831783
2026-08-31T21:59:01.104,124780359,P015,finger_still,VALID,,,,940,4332237,116183,118735,115244.3,117983.46,938.7,751.54,385.44,598.59,False,False,nan,True,0.7645,80.4,nan,False,0,COLLECTING,0,,0,,,,,5,84,97,30,60,0.9995684068636823,0.24494897427831783
2026-08-31T21:59:01.246,124780500,P015,finger_still,VALID,,,,941,4332277,116387,119103,115267.16,118005.85,1119.84,1097.15,563.37,597.89,False,False,nan,True,0.7645,80.4,nan,False,0,COLLECTING,0,,0,,,,,5,84,97,30,60,0.9995684068636823,0.24494897427831783
2026-08-31T21:59:01.258,124780515,P015,finger_still,VALID,,,,942,4332317,116462,119214,115291.05,118030.02,1170.95,1183.98,718.52,600.3,False,False,nan,True,0.7645,80.4,nan,False,0,COLLECTING,0,,0,,,,,5,84,97,30,60,0.9995684068636823,0.24494897427831783
2026-08-31T21:59:01.267,124780515,P015,finger_still,VALID,,,,943,4332357,116596,119455,115317.16,118058.52,1278.84,1396.48,888.01,606.05,False,False,nan,True,0.7645,80.4,nan,False,0,COLLECTING,0,,0,,,,,5,84,97,30,60,0.9995684068636823,0.24494897427831783
2026-08-31T21:59:01.281,124780531,P015,finger_still,VALID,,,,944,4332397,116693,119609,115344.67,118089.52,1348.33,1519.48,1045.88,614.85,False,False,nan,True,0.7645,80.4,92.82,True,0,COLLECTING,0,,0,,,,,5,84,97,30,60,0.9995684068636823,0.24494897427831783
2026-08-31T21:59:01.301,124780546,P015,finger_still,VALID,,,,945,4332437,116701,119566,115371.8,118119.05,1329.2,1446.95,1146.15,625.48,False,False,nan,True,0.7645,80.4,92.82,True,0,COLLECTING,0,,0,,,,,5,84,97,30,60,0.9995684068636823,0.24494897427831783
2026-08-31T21:59:01.447,124780703,P015,finger_still,VALID,,,,946,4332477,116525,119203,115394.86,118140.73,1130.14,1062.27,1125.18,635.47,True,True,440.0,True,0.7263,83.77,92.82,True,0,COLLECTING,0,,0,,,,,5,84,97,30,60,0.9995684068636823,0.24494897427831783
2026-08-31T21:59:01.458,124780703,P015,finger_still,VALID,,,,947,4332517,116385,118849,115414.66,118154.9,970.34,694.1,1017.41,643.11,False,False,nan,True,0.7263,83.77,92.82,True,0,COLLECTING,0,,0,,,,,5,84,97,30,60,0.9995684068636823,0.24494897427831783
2026-08-31T21:59:01.470,124780718,P015,finger_still,VALID,,,,948,4332557,116273,118564,115431.83,118163.08,841.17,400.92,863.29,647.51,False,False,nan,True,0.7263,83.77,92.82,True,0,COLLECTING,0,,0,,,,,5,84,97,30,60,0.9995684068636823,0.24494897427831783
2026-08-31T21:59:01.478,124780734,P015,finger_still,VALID,,,,949,4332597,116276,118486,115448.71,118169.54,827.29,316.46,726.58,649.09,False,False,nan,True,0.7263,83.77,92.82,True,0,COLLECTING,0,,0,,,,,5,84,97,30,60,0.9995684068636823,0.24494897427831783
2026-08-31T21:59:01.501,124780750,P015,finger_still,VALID,,,,950,4332637,116338,118575,115466.5,118177.65,871.5,397.35,644.27,649.0,False,False,nan,True,0.7263,83.77,92.82,True,0,COLLECTING,0,,0,,,,,5,84,97,30,60,0.9995684068636823,0.24494897427831783
2026-08-31T21:59:01.652,124780906,P015,finger_still,VALID,,,,951,4332677,116357,118593,115484.31,118185.95,872.69,407.05,584.97,647.72,False,False,nan,True,0.7263,83.77,92.82,True,0,COLLECTING,0,,0,,,,,5,84,97,30,60,1.0002104778495375,0.24494897427831783
2026-08-31T21:59:01.663,124780921,P015,finger_still,VALID,,,,952,4332717,116308,118467,115500.79,118191.57,807.21,275.43,507.58,644.91,False,False,nan,True,0.7263,83.77,92.82,True,0,COLLECTING,0,,0,,,,,5,84,97,30,60,1.0002104778495375,0.24494897427831783
2026-08-31T21:59:01.669,124780921,P015,finger_still,VALID,,,,953,4332757,116222,118266,115515.21,118193.06,706.79,72.94,398.92,639.99,False,False,nan,True,0.7263,83.77,92.82,True,0,COLLECTING,0,,0,,,,,5,84,97,30,60,1.0002104778495375,0.24494897427831783
2026-08-31T21:59:01.678,124780921,P015,finger_still,VALID,,,,954,4332797,116119,118067,115527.29,118190.54,591.71,-123.54,268.31,632.56,False,False,nan,True,0.7263,83.77,92.82,True,0,COLLECTING,0,,0,,,,,5,84,97,30,60,1.0002104778495375,0.24494897427831783
2026-08-31T21:59:01.701,124780953,P015,finger_still,VALID,,,,955,4332837,116076,117955,115538.27,118185.83,537.73,-230.83,143.52,622.78,False,False,nan,True,0.7263,83.77,92.82,True,0,COLLECTING,0,,0,,,,,5,84,97,30,60,1.0002104778495375,0.24494897427831783
2026-08-31T21:59:01.847,124781093,P015,finger_still,VALID,,,,956,4332877,116079,117938,115549.08,118180.88,529.92,-242.88,46.92,611.26,False,False,nan,True,0.7263,83.77,92.82,True,0,COLLECTING,0,,0,,,,,5,84,97,30,60,0.9995684068636823,0.24494897427831783
2026-08-31T21:59:01.858,124781109,P015,finger_still,VALID,,,,957,4332917,116091,117970,115559.91,118176.66,531.09,-206.66,-16.47,599.37,False,False,nan,True,0.7263,83.77,92.82,True,0,COLLECTING,0,,0,,,,,5,84,97,30,60,0.9995684068636823,0.24494897427831783
2026-08-31T21:59:01.867,124781125,P015,finger_still,VALID,,,,958,4332957,116136,118039,115571.44,118173.91,564.56,-134.91,-46.08,588.3,False,False,nan,True,0.7263,83.77,92.82,True,0,COLLECTING,0,,0,,,,,5,84,97,30,60,0.9995684068636823,0.24494897427831783
2026-08-31T21:59:01.879,124781125,P015,finger_still,VALID,,,,959,4332997,116169,118113,115583.39,118172.69,585.61,-59.69,-49.48,577.52,False,False,nan,True,0.7263,83.77,92.82,True,0,COLLECTING,0,,0,,,,,5,84,97,30,60,0.9995684068636823,0.24494897427831783
2026-08-31T21:59:01.902,124781156,P015,finger_still,VALID,,,,960,4333037,116202,118187,115595.77,118172.98,606.23,14.02,-33.61,566.65,False,False,nan,True,0.7263,83.77,92.82,True,0,COLLECTING,0,,0,,,,,5,84,97,30,60,0.9995684068636823,0.24494897427831783
2026-08-31T21:59:02.047,124781296,P015,finger_still,VALID,,,,961,4333077,116244,118252,115608.73,118174.55,635.27,77.45,-5.84,555.43,False,False,nan,True,0.7263,83.77,92.82,True,0,COLLECTING,0,,0,,,,,4,84,97,30,60,1.0002104778495375,0.24494897427831783
2026-08-31T21:59:02.058,124781312,P015,finger_still,VALID,,,,962,4333117,116275,118323,115622.05,118177.52,652.95,145.48,31.99,544.96,False,False,nan,True,0.7263,83.77,92.82,True,0,COLLECTING,0,,0,,,,,4,84,97,30,60,1.0002104778495375,0.24494897427831783
2026-08-31T21:59:02.066,124781312,P015,finger_still,VALID,,,,963,4333157,116327,118422,115636.16,118182.41,690.84,239.59,83.89,535.74,False,False,nan,True,0.7263,83.77,92.82,True,0,COLLECTING,0,,0,,,,,4,84,97,30,60,1.0002104778495375,0.24494897427831783
2026-08-31T21:59:02.077,124781328,P015,finger_still,VALID,,,,964,4333197,116397,118544,115651.38,118189.65,745.62,354.35,151.5,528.05,False,False,nan,True,0.7263,83.77,92.82,True,0,COLLECTING,0,,0,,,,,4,84,97,30,60,1.0002104778495375,0.24494897427831783
2026-08-31T21:59:02.103,124781359,P015,finger_still,VALID,,,,965,4333237,116417,118574,115666.69,118197.34,750.31,376.66,207.79,521.65,False,False,nan,True,0.7263,83.77,92.82,True,0,COLLECTING,0,,0,,,,,4,84,97,30,60,1.0002104778495375,0.24494897427831783
2026-08-31T21:59:02.247,124781500,P015,finger_still,VALID,,,,966,4333277,116275,118223,115678.85,118197.85,596.15,25.15,162.13,514.46,True,True,800.0,True,0.7263,83.77,92.82,True,0,COLLECTING,0,,0,,,,,4,84,97,30,60,0.9995684068636823,0.24494897427831783
2026-08-31T21:59:02.258,124781515,P015,finger_still,VALID,,,,967,4333317,116164,117923,115688.55,118192.35,475.45,-269.35,54.26,505.26,False,False,nan,True,0.7263,83.77,92.82,True,0,COLLECTING,0,,0,,,,,4,84,97,30,60,0.9995684068636823,0.24494897427831783
2026-08-31T21:59:02.266,124781515,P015,finger_still,VALID,,,,968,4333357,116142,117853,115697.62,118185.56,444.38,-332.56,-42.44,496.0,False,False,nan,True,0.7263,83.77,92.82,True,0,COLLECTING,0,,0,,,,,4,84,97,30,60,0.9995684068636823,0.24494897427831783
2026-08-31T21:59:02.278,124781531,P015,finger_still,VALID,,,,969,4333397,116161,117892,115706.89,118179.69,454.11,-287.69,-103.76,488.15,False,False,nan,True,0.7263,83.77,92.82,True,0,COLLECTING,0,,0,,,,,4,84,97,30,60,0.9995684068636823,0.24494897427831783
2026-08-31T21:59:02.301,124781546,P015,finger_still,VALID,,,,970,4333437,116205,117950,115716.85,118175.09,488.15,-225.09,-134.09,481.07,False,False,nan,True,0.7263,83.77,92.82,True,0,COLLECTING,0,,0,,,,,4,84,97,30,60,0.9995684068636823,0.24494897427831783
2026-08-31T21:59:02.446,124781703,P015,finger_still,VALID,,,,971,4333477,116227,118016,115727.05,118171.91,499.95,-155.91,-139.55,474.24,False,False,nan,True,0.7263,83.77,92.82,True,0,COLLECTING,0,,0,,,,,5,84,97,30,60,0.9995684068636823,0.24494897427831783
2026-08-31T21:59:02.459,124781703,P015,finger_still,VALID,,,,972,4333517,116261,118080,115737.73,118170.08,523.27,-90.08,-127.18,467.3,False,False,nan,True,0.7263,83.77,92.82,True,0,COLLECTING,0,,0,,,,,5,84,97,30,60,0.9995684068636823,0.24494897427831783
2026-08-31T21:59:02.471,124781718,P015,finger_still,VALID,,,,973,4333557,116276,118104,115748.5,118168.76,527.5,-64.76,-111.57,460.19,False,False,nan,True,0.7263,83.77,92.82,True,0,COLLECTING,0,,0,,,,,5,84,97,30,60,0.9995684068636823,0.24494897427831783
2026-08-31T21:59:02.479,124781734,P015,finger_still,VALID,,,,974,4333597,116260,118054,115758.73,118166.46,501.27,-112.46,-111.8,453.22,False,False,nan,True,0.7263,83.77,92.82,True,0,COLLECTING,0,,0,,,,,5,84,97,30,60,0.9995684068636823,0.24494897427831783
2026-08-31T21:59:02.503,124781750,P015,finger_still,VALID,,,,975,4333637,116257,118035,115768.7,118163.83,488.3,-128.83,-116.05,446.48,False,False,nan,True,0.7263,83.77,92.82,True,0,COLLECTING,0,,0,,,,,5,84,97,30,60,0.9995684068636823,0.24494897427831783
2026-08-31T21:59:02.647,124781890,P015,finger_still,VALID,,,,976,4333677,116263,118060,115778.58,118161.75,484.42,-101.75,-112.48,439.8,False,False,nan,True,0.7263,83.77,92.82,True,0,COLLECTING,0,,0,,,,,4,84,97,30,60,0.9995684068636823,0.24494897427831783
2026-08-31T21:59:02.659,124781906,P015,finger_still,VALID,,,,977,4333717,116275,118082,115788.51,118160.16,486.49,-78.16,-103.9,433.08,False,False,nan,True,0.7263,83.77,92.82,True,0,COLLECTING,0,,0,,,,,4,84,97,30,60,0.9995684068636823,0.24494897427831783
2026-08-31T21:59:02.669,124781921,P015,finger_still,VALID,,,,978,4333757,116271,118081,115798.16,118158.57,472.84,-77.57,-97.32,426.36,False,False,nan,True,0.7263,83.77,92.82,True,0,COLLECTING,0,,0,,,,,4,84,97,30,60,0.9995684068636823,0.24494897427831783
2026-08-31T21:59:02.678,124781921,P015,finger_still,VALID,,,,979,4333797,116266,118082,115807.52,118157.04,458.48,-75.04,-91.75,419.67,False,False,nan,True,0.7263,83.77,92.82,True,0,COLLECTING,0,,0,,,,,4,84,97,30,60,0.9995684068636823,0.24494897427831783
2026-08-31T21:59:02.701,124781953,P015,finger_still,VALID,,,,980,4333837,116268,118092,115816.73,118155.74,451.27,-63.74,-84.75,412.97,False,False,nan,True,0.7263,83.77,92.82,True,0,COLLECTING,0,,0,,,,,4,84,97,30,60,0.9995684068636823,0.24494897427831783
2026-08-31T21:59:02.848,124782093,P015,finger_still,VALID,,,,981,4333877,116275,118116,115825.89,118154.95,449.11,-38.95,-73.3,406.18,False,False,nan,True,0.7263,83.77,92.82,True,0,COLLECTING,0,,0,,,,,4,84,97,30,60,0.9995684068636823,0.24494897427831783
2026-08-31T21:59:02.858,124782109,P015,finger_still,VALID,,,,982,4333917,116287,118152,115835.11,118154.88,451.89,-2.88,-55.69,399.17,False,False,nan,True,0.7263,83.77,92.82,True,0,COLLECTING,0,,0,,,,,4,84,97,30,60,0.9995684068636823,0.24494897427831783
2026-08-31T21:59:02.867,124782125,P015,finger_still,VALID,,,,983,4333957,116282,118163,115844.05,118155.05,437.95,7.95,-39.78,391.98,False,False,nan,True,0.7263,83.77,92.82,True,0,COLLECTING,0,,0,,,,,4,84,97,30,60,0.9995684068636823,0.24494897427831783
2026-08-31T21:59:02.877,124782125,P015,finger_still,VALID,,,,984,4333997,116307,118222,115853.3,118156.38,453.7,65.62,-13.43,384.41,False,False,nan,True,0.7263,83.77,92.82,True,0,COLLECTING,0,,0,,,,,4,84,97,30,60,0.9995684068636823,0.24494897427831783
2026-08-31T21:59:02.901,124782156,P015,finger_still,VALID,,,,985,4334037,116320,118240,115862.64,118158.05,457.36,81.95,10.41,376.93,False,False,nan,True,0.7263,83.77,92.82,True,0,COLLECTING,0,,0,,,,,4,84,97,30,60,0.9995684068636823,0.24494897427831783
2026-08-31T21:59:03.047,124782296,P015,finger_still,VALID,,,,986,4334077,116235,118034,115870.09,118155.57,364.91,-121.57,-22.58,369.84,False,False,nan,True,0.7263,83.77,92.82,True,0,COLLECTING,0,,0,,,,,4,84,97,30,60,0.9995684068636823,0.24494897427831783
2026-08-31T21:59:03.058,124782312,P015,finger_still,VALID,,,,987,4334117,116137,117783,115875.42,118148.12,261.58,-365.12,-108.22,364.61,False,False,nan,True,0.7263,83.77,92.82,True,0,COLLECTING,0,,0,,,,,4,84,97,30,60,0.9995684068636823,0.24494897427831783
2026-08-31T21:59:03.069,124782328,P015,finger_still,VALID,,,,988,4334157,116130,117754,115880.52,118140.23,249.48,-386.23,-177.72,360.87,False,False,nan,True,0.7263,83.77,92.82,True,0,COLLECTING,0,,0,,,,,4,84,97,30,60,0.9995684068636823,0.24494897427831783
2026-08-31T21:59:03.078,124782328,P015,finger_still,VALID,,,,989,4334197,116162,117815,115886.15,118133.73,275.85,-318.73,-212.97,357.91,False,False,nan,True,0.7263,83.77,92.82,True,0,COLLECTING,0,,0,,,,,4,84,97,30,60,0.9995684068636823,0.24494897427831783
2026-08-31T21:59:03.103,124782359,P015,finger_still,VALID,,,,990,4334237,116172,117832,115891.87,118127.7,280.13,-295.7,-233.65,355.43,False,False,nan,True,0.7263,83.77,92.82,True,0,COLLECTING,0,,0,,,,,4,84,97,30,60,0.9995684068636823,0.24494897427831783
2026-08-31T21:59:03.247,124782500,P015,finger_still,VALID,,,,991,4334277,116167,117831,115897.37,118121.76,269.63,-290.76,-247.93,353.28,False,False,nan,True,0.7263,83.77,92.82,True,0,COLLECTING,0,,0,,,,,4,84,97,30,60,0.9995684068636823,0.24494897427831783
2026-08-31T21:59:03.257,124782515,P015,finger_still,VALID,,,,992,4334317,116176,117814,115902.94,118115.6,273.06,-301.6,-261.35,351.44,False,False,nan,True,0.7263,83.77,92.82,True,0,COLLECTING,0,,0,,,,,4,84,97,30,60,0.9995684068636823,0.24494897427831783
2026-08-31T21:59:03.270,124782515,P015,finger_still,VALID,,,,993,4334357,116156,117793,115908.0,118109.15,248.0,-316.15,-275.05,349.91,False,False,nan,True,0.7263,83.77,92.82,True,0,COLLECTING,0,,0,,,,,4,84,97,30,60,0.9995684068636823,0.24494897427831783
2026-08-31T21:59:03.278,124782531,P015,finger_still,VALID,,,,994,4334397,116148,117788,115912.8,118102.73,235.2,-314.73,-284.97,348.61,False,False,nan,True,0.7263,83.77,92.82,True,0,COLLECTING,0,,0,,,,,4,84,97,30,60,0.9995684068636823,0.24494897427831783
2026-08-31T21:59:03.301,124782546,P015,finger_still,VALID,,,,995,4334437,116173,117840,115918.0,118097.47,255.0,-257.47,-278.09,347.2,False,False,nan,True,0.7263,83.77,92.82,True,0,COLLECTING,0,,0,,,,,4,84,97,30,60,0.9995684068636823,0.24494897427831783
2026-08-31T21:59:03.447,124782703,P015,finger_still,VALID,,,,996,4334477,116219,117947,115924.02,118094.46,294.98,-147.46,-245.43,345.17,False,False,nan,True,0.7263,83.77,92.82,True,0,COLLECTING,0,,0,,,,,4,84,97,30,60,0.9995684068636823,0.24494897427831783
2026-08-31T21:59:03.458,124782703,P015,finger_still,VALID,,,,997,4334517,116270,118057,115930.95,118093.71,339.05,-36.71,-193.25,342.13,False,False,nan,True,0.7263,83.77,92.82,True,0,COLLECTING,0,,0,,,,,4,84,97,30,60,0.9995684068636823,0.24494897427831783
2026-08-31T21:59:03.466,124782718,P015,finger_still,VALID,,,,998,4334557,116303,118108,115938.38,118094.0,364.62,14.0,-141.44,338.12,False,False,nan,True,0.7263,83.77,92.82,True,0,COLLECTING,0,,0,,,,,4,84,97,30,60,0.9995684068636823,0.24494897427831783
2026-08-31T21:59:03.477,124782734,P015,finger_still,VALID,,,,999,4334597,116298,118118,115945.58,118094.48,352.42,23.52,-100.2,333.36,False,False,nan,True,0.7263,83.77,92.82,True,0,COLLECTING,0,,0,,,,,4,84,97,30,60,0.9995684068636823,0.24494897427831783
2026-08-31T21:59:03.501,124782750,P015,finger_still,VALID,,,,1000,4334637,116286,118118,115952.38,118094.95,333.62,23.05,-69.39,328.08,False,False,nan,True,0.7263,83.77,92.82,True,0,COLLECTING,0,,0,,,,,4,84,97,30,60,0.9995684068636823,0.24494897427831783
2026-08-31T21:59:03.647,124782906,P015,finger_still,VALID,,,,1001,4334677,116285,118105,115959.03,118095.15,325.97,9.85,-49.58,322.51,False,False,nan,True,0.7263,83.77,92.82,True,0,COLLECTING,0,,0,,,,,3,84,97,30,60,1.0004419023611517,0.24494897427831783
2026-08-31T21:59:03.658,124782906,P015,finger_still,VALID,,,,1002,4334717,116274,118085,115965.33,118094.95,308.67,-9.95,-39.67,316.85,False,False,nan,True,0.7263,83.77,92.82,True,0,COLLECTING,0,,0,,,,,3,84,97,30,60,1.0004419023611517,0.24494897427831783
2026-08-31T21:59:03.678,124782921,P015,finger_still,VALID,,,,1003,4334757,116285,118120,115971.72,118095.45,313.28,24.55,-23.61,310.99,False,False,nan,True,0.7263,83.77,92.82,True,0,COLLECTING,0,,0,,,,,3,84,97,30,60,1.0004419023611517,0.24494897427831783
2026-08-31T21:59:03.683,124782937,P015,finger_still,VALID,,,,1004,4334797,116304,118170,115978.37,118096.94,325.63,73.06,0.56,304.78,False,False,nan,True,0.7263,83.77,92.82,True,0,COLLECTING,0,,0,,,,,3,84,97,30,60,1.0004419023611517,0.24494897427831783
2026-08-31T21:59:03.701,124782953,P015,finger_still,VALID,,,,1005,4334837,116340,118229,115985.6,118099.58,354.4,129.42,32.77,299.34,False,False,nan,True,0.7263,83.77,92.82,True,0,COLLECTING,0,,0,,,,,3,84,97,30,60,1.0004419023611517,0.24494897427831783
2026-08-31T21:59:03.847,124783093,P015,finger_still,VALID,,,,1006,4334877,116333,118248,115992.55,118102.55,340.45,145.45,60.94,294.57,False,False,nan,True,0.7263,83.77,92.82,True,0,COLLECTING,0,,0,,,,,3,84,97,30,60,0.9995684068636823,0.24494897427831783
2026-08-31T21:59:03.858,124783109,P015,finger_still,VALID,,,,1007,4334917,116221,117985,115997.12,118100.2,223.88,-115.2,16.91,289.02,False,False,nan,True,0.7263,83.77,92.82,True,0,COLLECTING,0,,0,,,,,3,84,97,30,60,0.9995684068636823,0.24494897427831783
2026-08-31T21:59:03.866,124783109,P015,finger_still,VALID,,,,1008,4334957,116119,117727,115999.55,118092.73,119.45,-365.73,-78.75,284.81,False,False,nan,True,0.7263,83.77,92.82,True,0,COLLECTING,0,,0,,,,,3,84,97,30,60,0.9995684068636823,0.24494897427831783
2026-08-31T21:59:03.878,124783125,P015,finger_still,VALID,,,,1009,4334997,116094,117664,116001.45,118084.16,92.55,-420.16,-164.1,282.4,False,False,nan,True,0.7263,83.77,92.82,True,0,COLLECTING,0,,0,,,,,3,84,97,30,60,0.9995684068636823,0.24494897427831783
2026-08-31T21:59:03.902,124783156,P015,finger_still,VALID,,,,1010,4335037,116091,117645,116003.23,118075.38,87.77,-430.38,-230.67,281.36,False,False,nan,True,0.7263,83.77,92.82,True,0,COLLECTING,0,,0,,,,,3,84,97,30,60,0.9995684068636823,0.24494897427831783
2026-08-31T21:59:04.048,124783296,P015,finger_still,VALID,,,,1011,4335077,116066,117612,116004.49,118066.11,61.51,-454.11,-286.53,281.47,False,False,nan,True,0.7263,83.77,92.82,True,0,COLLECTING,0,,0,,,,,3,84,97,30,60,0.9995684068636823,0.24494897427831783
2026-08-31T21:59:04.058,124783312,P015,finger_still,VALID,,,,1012,4335117,116031,117523,116005.02,118055.25,25.98,-532.25,-347.96,282.8,False,False,nan,True,0.7263,83.77,92.82,True,0,COLLECTING,0,,0,,,,,3,84,97,30,60,0.9995684068636823,0.24494897427831783
2026-08-31T21:59:04.071,124783328,P015,finger_still,VALID,,,,1013,4335157,115996,117479,116004.84,118043.73,-8.84,-564.73,-402.15,285.18,False,False,nan,True,0.7263,83.77,92.82,True,0,COLLECTING,0,,0,,,,,3,84,97,30,60,0.9995684068636823,0.24494897427831783
2026-08-31T21:59:04.079,124783328,P015,finger_still,VALID,,,,1014,4335197,115998,117479,116004.7,118032.43,-6.7,-553.43,-439.97,288.28,False,False,nan,True,0.7263,83.77,92.82,True,0,COLLECTING,0,,0,,,,,3,84,97,30,60,0.9995684068636823,0.24494897427831783
2026-08-31T21:59:04.102,124783359,P015,finger_still,VALID,,,,1015,4335237,116057,117558,116005.75,118022.94,51.25,-464.94,-446.21,291.44,False,False,nan,True,0.7263,83.77,92.82,True,0,COLLECTING,0,,0,,,,,3,84,97,30,60,0.9995684068636823,0.24494897427831783
2026-08-31T21:59:04.247,124783500,P015,finger_still,VALID,,,,1016,4335277,116098,117650,116007.59,118015.48,90.41,-365.48,-426.03,294.13,False,False,nan,True,0.7263,83.77,92.82,True,0,COLLECTING,0,,0,,,,,3,84,97,30,60,0.9995684068636823,0.24494897427831783
2026-08-31T21:59:04.262,124783515,P015,finger_still,VALID,,,,1017,4335327,116141,117711,116010.27,118009.39,130.73,-298.39,-394.12,296.13,False,False,nan,True,0.7263,83.77,92.82,True,0,COLLECTING,0,,0,,,,,3,84,97,30,60,0.9995684068636823,0.24494897427831783
2026-08-31T21:59:04.271,124783515,P015,finger_still,VALID,,,,1018,4335367,116172,117834,116013.5,118005.88,158.5,-171.88,-338.56,296.98,False,False,nan,True,0.7263,83.77,92.82,True,0,COLLECTING,0,,0,,,,,3,84,97,30,60,0.9995684068636823,0.24494897427831783
2026-08-31T21:59:04.278,124783531,P015,finger_still,VALID,,,,1019,4335407,116207,117843,116017.37,118002.62,189.63,-159.62,-293.83,296.91,False,False,nan,True,0.7263,83.77,92.82,True,0,COLLECTING,0,,0,,,,,3,84,97,30,60,0.9995684068636823,0.24494897427831783
2026-08-31T21:59:04.311,124783562,P015,finger_still,VALID,,,,1020,4335447,116186,117813,116020.74,117998.84,165.26,-185.84,-266.83,296.31,False,False,nan,True,0.7263,83.77,92.82,True,0,COLLECTING,0,,0,,,,,3,84,97,30,60,0.9995684068636823,0.24494897427831783
2026-08-31T21:59:04.447,124783703,P015,finger_still,VALID,,,,1021,4335487,116176,117808,116023.84,117995.02,152.16,-187.02,-246.88,295.32,False,False,nan,True,0.7263,83.77,92.82,True,0,COLLECTING,0,,0,,,,,3,84,97,30,60,0.9995684068636823,0.24494897427831783
2026-08-31T21:59:04.458,124783703,P015,finger_still,VALID,,,,1022,4335527,116169,117819,116026.75,117991.49,142.25,-172.49,-228.28,293.98,False,False,nan,True,0.7263,83.77,92.82,True,0,COLLECTING,0,,0,,,,,3,84,97,30,60,0.9995684068636823,0.24494897427831783
2026-08-31T21:59:04.470,124783718,P015,finger_still,VALID,,,,1023,4335567,116151,117748,116029.23,117986.62,121.77,-238.62,-230.87,292.72,False,False,nan,True,0.7263,83.77,92.82,True,0,COLLECTING,0,,0,,,,,3,84,97,30,60,0.9995684068636823,0.24494897427831783
2026-08-31T21:59:04.478,124783734,P015,finger_still,VALID,,,,1024,4335607,116138,117808,116031.41,117983.05,106.59,-175.05,-216.91,291.2,False,False,nan,True,0.7263,83.77,92.82,True,0,COLLECTING,0,,0,,,,,3,84,97,30,60,0.9995684068636823,0.24494897427831783
2026-08-31T21:59:04.512,124783765,P015,finger_still,VALID,,,,1025,4335647,116180,117858,116034.38,117980.55,145.62,-122.55,-193.32,289.25,False,False,nan,True,0.7263,83.77,92.82,True,0,COLLECTING,0,,0,,,,,3,84,97,30,60,0.9995684068636823,0.24494897427831783
2026-08-31T21:59:04.648,124783906,P015,finger_still,VALID,,,,1026,4335687,116199,117894,116037.66,117978.82,161.34,-84.82,-166.2,286.79,False,False,nan,True,0.7263,83.77,92.82,True,0,COLLECTING,0,,0,,,,,3,84,97,30,60,0.9995684068636823,0.24494897427831783
2026-08-31T21:59:04.659,124783906,P015,finger_still,VALID,,,,1027,4335727,116234,117980,116041.59,117978.84,192.41,1.16,-124.36,283.54,False,False,nan,True,0.7263,83.77,92.82,True,0,COLLECTING,0,,0,,,,,3,84,97,30,60,0.9995684068636823,0.24494897427831783
2026-08-31T21:59:04.667,124783921,P015,finger_still,VALID,,,,1028,4335767,116237,118026,116045.5,117979.79,191.5,46.21,-81.72,279.5,False,False,nan,True,0.7263,83.77,92.82,True,0,COLLECTING,0,,0,,,,,3,84,97,30,60,0.9995684068636823,0.24494897427831783
2026-08-31T21:59:04.678,124783921,P015,finger_still,VALID,,,,1029,4335807,116168,117855,116047.95,117977.3,120.05,-122.3,-91.86,275.75,False,False,nan,True,0.7263,83.77,92.82,True,0,COLLECTING,0,,0,,,,,3,84,97,30,60,0.9995684068636823,0.24494897427831783
2026-08-31T21:59:04.713,124783968,P015,finger_still,VALID,,,,1030,4335847,116080,117634,116048.59,117970.43,31.41,-336.43,-153.0,273.29,False,False,nan,True,0.7263,83.77,92.82,True,0,COLLECTING,0,,0,,,,,3,84,97,30,60,0.9995684068636823,0.24494897427831783
2026-08-31T21:59:04.847,124784093,P015,finger_still,VALID,,,,1031,4335887,116062,117554,116048.86,117962.1,13.14,-408.1,-216.78,272.16,False,False,nan,True,0.7263,83.77,92.82,True,0,COLLECTING,0,,0,,,,,2,84,97,30,60,0.9995684068636823,0.24494897427831783
2026-08-31T21:59:04.859,124784109,P015,finger_still,VALID,,,,1032,4335927,116130,117612,116050.48,117955.1,79.52,-343.1,-248.36,271.69,False,False,nan,True,0.7263,83.77,92.82,True,0,COLLECTING,0,,0,,,,,2,84,97,30,60,0.9995684068636823,0.24494897427831783
2026-08-31T21:59:04.870,124784125,P015,finger_still,VALID,,,,1033,4335967,116183,117790,116053.13,117951.8,129.87,-161.8,-226.72,270.79,False,False,nan,True,0.7263,83.77,92.82,True,0,COLLECTING,0,,0,,,,,2,84,97,30,60,0.9995684068636823,0.24494897427831783
2026-08-31T21:59:04.880,124784125,P015,finger_still,VALID,,,,1034,4336007,116155,117670,116055.17,117946.16,99.83,-276.16,-239.08,270.15,False,False,nan,True,0.7263,83.77,92.82,True,0,COLLECTING,0,,0,,,,,2,84,97,30,60,0.9995684068636823,0.24494897427831783
2026-08-31T21:59:04.911,124784156,P015,finger_still,VALID,,,,1035,4336047,116116,117608,116056.39,117939.4,59.61,-331.4,-262.16,269.99,False,False,nan,True,0.7263,83.77,92.82,True,0,COLLECTING,0,,0,,,,,2,84,97,30,60,0.9995684068636823,0.24494897427831783
2026-08-31T21:59:05.049,124784296,P015,finger_still,VALID,,,,1036,4336087,116051,117504,116056.28,117930.69,-5.28,-426.69,-303.29,270.66,False,False,nan,True,0.7263,83.77,92.82,True,0,COLLECTING,0,,0,,,,,2,84,97,30,60,0.9995684068636823,0.24494897427831783
2026-08-31T21:59:05.059,124784312,P015,finger_still,VALID,,,,1037,4336127,116006,117515,116055.27,117922.38,-49.27,-407.38,-329.31,271.83,False,False,nan,True,0.7263,83.77,92.82,True,0,COLLECTING,0,,0,,,,,2,84,97,30,60,0.9995684068636823,0.24494897427831783
2026-08-31T21:59:05.070,124784328,P015,finger_still,VALID,,,,1038,4336167,116090,117627,116055.97,117916.47,34.03,-289.47,-319.35,272.78,False,False,nan,True,0.7263,83.77,92.82,True,0,COLLECTING,0,,0,,,,,2,84,97,30,60,0.9995684068636823,0.24494897427831783
2026-08-31T21:59:05.079,124784328,P015,finger_still,VALID,,,,1039,4336207,116133,117765,116057.51,117913.44,75.49,-148.44,-276.62,272.86,False,False,nan,True,0.7263,83.77,92.82,True,0,COLLECTING,0,,0,,,,,2,84,97,30,60,0.9995684068636823,0.24494897427831783
2026-08-31T21:59:05.113,124784359,P015,finger_still,VALID,,,,1040,4336247,116198,117923,116060.32,117913.62,137.68,9.38,-205.12,271.51,False,False,nan,True,0.7263,83.77,92.82,True,0,COLLECTING,0,,0,,,,,2,84,97,30,60,0.9995684068636823,0.24494897427831783
2026-08-31T21:59:05.249,124784500,P015,finger_still,VALID,,,,1041,4336287,116234,117970,116063.8,117914.75,170.2,55.25,-140.03,268.88,False,False,nan,True,0.7263,83.77,92.82,True,0,COLLECTING,0,,0,,,,,2,84,97,30,60,0.9995684068636823,0.24494897427831783
2026-08-31T21:59:05.260,124784515,P015,finger_still,VALID,,,,1042,4336327,116210,117979,116066.72,117916.03,143.28,62.97,-89.28,265.28,False,False,nan,True,0.7263,83.77,92.82,True,0,COLLECTING,0,,0,,,,,2,84,97,30,60,0.9995684068636823,0.24494897427831783
2026-08-31T21:59:05.270,124784515,P015,finger_still,VALID,,,,1043,4336367,116162,117912,116068.62,117915.95,93.38,-3.95,-67.95,261.34,False,False,nan,True,0.7263,83.77,92.82,True,0,COLLECTING,0,,0,,,,,2,84,97,30,60,0.9995684068636823,0.24494897427831783
2026-08-31T21:59:05.277,124784531,P015,finger_still,VALID,,,,1044,4336407,116232,117948,116071.89,117916.59,160.11,31.41,-43.11,256.97,False,False,nan,True,0.7263,83.77,nan,False,0,COLLECTING,0,,0,,,,,2,84,97,30,60,0.9995684068636823,0.24494897427831783
2026-08-31T21:59:05.311,124784562,P015,finger_still,VALID,,,,1045,4336447,116208,117949,116074.61,117917.24,133.39,31.76,-24.39,252.32,False,False,nan,True,0.7263,83.77,nan,False,0,COLLECTING,0,,0,,,,,2,84,97,30,60,0.9995684068636823,0.24494897427831783
2026-08-31T21:59:05.448,124784703,P015,finger_still,VALID,,,,1046,4336487,116194,117957,116077.0,117918.04,117.0,38.96,-8.55,247.45,False,False,nan,True,0.7263,83.77,nan,False,0,COLLECTING,0,,0,,,,,2,84,97,30,60,0.9995684068636823,0.24494897427831783
2026-08-31T21:59:05.458,124784703,P015,finger_still,VALID,,,,1047,4336527,116230,117960,116080.06,117918.88,149.94,41.12,3.87,242.57,False,False,nan,True,0.7263,83.77,nan,False,0,COLLECTING,0,,0,,,,,2,84,97,30,60,0.9995684068636823,0.24494897427831783
2026-08-31T21:59:05.467,124784718,P015,finger_still,VALID,,,,1048,4336567,116281,118050,116084.08,117921.5,196.92,128.5,35.02,238.42,False,False,nan,True,0.7263,83.77,nan,False,0,COLLECTING,0,,0,,,,,2,84,97,30,60,0.9995684068636823,0.24494897427831783
2026-08-31T21:59:05.475,124784718,P015,finger_still,VALID,,,,1049,4336607,116306,118117,116088.52,117925.41,217.48,191.59,74.17,235.14,False,False,nan,True,0.7263,83.77,nan,False,0,COLLECTING,0,,0,,,,,2,84,97,30,60,0.9995684068636823,0.24494897427831783
2026-08-31T21:59:05.511,124784765,P015,finger_still,VALID,,,,1050,4336647,116340,118199,116093.55,117930.88,246.45,268.12,122.66,232.89,False,False,nan,True,0.7263,83.77,nan,False,0,COLLECTING,0,,0,,,,,2,84,97,30,60,0.9995684068636823,0.24494897427831783
2026-08-31T21:59:05.646,124784890,P015,finger_still,VALID,,,,1051,4336687,116380,118249,116099.27,117937.23,280.73,311.77,169.93,231.63,False,False,nan,True,0.7263,83.77,nan,False,0,COLLECTING,0,,0,,,,,2,84,97,30,60,1.0004419023611517,0.24494897427831783
2026-08-31T21:59:05.658,124784906,P015,finger_still,VALID,,,,1052,4336727,116251,117932,116102.3,117937.13,148.7,-5.13,126.17,229.52,True,False,nan,True,0.7263,83.77,nan,False,0,COLLECTING,0,,0,,,,,2,84,97,30,60,1.0004419023611517,0.24494897427831783
2026-08-31T21:59:05.666,124784921,P015,finger_still,VALID,,,,1053,4336767,116062,117531,116101.5,117929.01,-39.5,-398.01,-4.88,225.03,False,False,nan,True,0.7263,83.77,nan,False,0,COLLECTING,0,,0,,,,,2,84,97,30,60,1.0004419023611517,0.24494897427831783
2026-08-31T21:59:05.677,124784921,P015,finger_still,VALID,,,,1054,4336807,115958,117363,116098.63,117917.69,-140.63,-554.69,-142.33,223.37,False,False,nan,True,0.7263,83.77,nan,False,0,COLLECTING,0,,0,,,,,2,84,97,30,60,1.0004419023611517,0.24494897427831783
2026-08-31T21:59:05.711,124784968,P015,finger_still,VALID,,,,1055,4336847,115963,117362,116095.92,117906.57,-132.92,-544.57,-242.89,223.76,False,False,nan,True,0.7263,83.77,nan,False,0,COLLECTING,0,,0,,,,,2,84,97,30,60,1.0004419023611517,0.24494897427831783
2026-08-31T21:59:05.848,124785093,P015,finger_still,VALID,,,,1056,4336887,116047,117464,116094.95,117897.72,-47.95,-433.72,-290.6,225.1,False,False,nan,True,0.7263,83.77,nan,False,0,COLLECTING,0,,0,,,,,2,84,97,30,60,0.999336780069662,0.24494897427831783
2026-08-31T21:59:05.859,124785109,P015,finger_still,VALID,,,,1057,4336927,116136,117611,116095.77,117891.98,40.23,-280.98,-288.19,226.36,False,False,nan,True,0.7263,83.77,nan,False,0,COLLECTING,0,,0,,,,,2,84,97,30,60,0.999336780069662,0.24494897427831783
2026-08-31T21:59:05.866,124785125,P015,finger_still,VALID,,,,1058,4336967,116160,117760,116097.05,117889.34,62.95,-129.34,-248.48,226.8,False,False,nan,True,0.7263,83.77,nan,False,0,COLLECTING,0,,0,,,,,2,84,97,30,60,0.999336780069662,0.24494897427831783
2026-08-31T21:59:05.877,124785125,P015,finger_still,VALID,,,,1059,4337007,116227,117763,116099.65,117886.82,127.35,-123.82,-217.32,226.61,False,False,nan,True,0.7263,83.77,nan,False,0,COLLECTING,0,,0,,,,,2,84,97,30,60,0.999336780069662,0.24494897427831783
2026-08-31T21:59:05.911,124785156,P015,finger_still,VALID,,,,1060,4337047,116051,117364,116098.67,117876.37,-47.67,-512.37,-291.08,227.9,False,False,nan,True,0.7263,83.77,nan,False,0,COLLECTING,0,,0,,,,,2,84,97,30,60,0.999336780069662,0.24494897427831783
2026-08-31T21:59:06.049,124785296,P015,finger_still,VALID,,,,1061,4337087,115864,116978,116093.98,117858.4,-229.98,-880.4,-438.41,232.11,False,False,nan,True,0.7263,83.77,nan,False,0,COLLECTING,0,,0,,,,,2,84,97,30,60,0.9995684068636823,0.24494897427831783
2026-08-31T21:59:06.058,124785312,P015,finger_still,VALID,,,,1062,4337127,115894,117087,116089.98,117842.97,-195.98,-755.97,-517.8,237.83,False,False,nan,True,0.7263,83.77,nan,False,0,COLLECTING,0,,0,,,,,2,84,97,30,60,0.9995684068636823,0.24494897427831783
2026-08-31T21:59:06.070,124785328,P015,finger_still,VALID,,,,1063,4337167,115960,117327,116087.38,117832.65,-127.38,-505.65,-514.76,243.37,False,False,nan,True,0.7263,83.77,nan,False,0,COLLECTING,0,,0,,,,,2,84,97,30,60,0.9995684068636823,0.24494897427831783
2026-08-31T21:59:06.080,124785328,P015,finger_still,VALID,,,,1064,4337207,115994,117313,116085.51,117822.26,-91.51,-509.26,-513.39,248.77,False,False,nan,True,0.7263,83.77,nan,False,0,COLLECTING,0,,0,,,,,2,84,97,30,60,0.9995684068636823,0.24494897427831783
2026-08-31T21:59:06.111,124785359,P015,finger_still,VALID,,,,1065,4337247,115860,117006,116081.0,117805.93,-221.0,-799.93,-585.02,255.49,False,False,nan,True,0.7263,83.77,nan,False,0,COLLECTING,0,,0,,,,,2,84,97,30,60,0.9995684068636823,0.24494897427831783
2026-08-31T21:59:06.246,124785500,P015,finger_still,VALID,,,,1066,4337287,115595,116508,116071.28,117779.97,-476.28,-1271.97,-756.76,265.52,False,False,nan,True,0.7263,83.77,nan,False,0,COLLECTING,0,,0,,,,,2,84,97,30,60,0.999336780069662,0.24494897427831783
2026-08-31T21:59:06.259,124785515,P015,finger_still,VALID,,,,1067,4337327,115521,116408,116060.27,117752.53,-539.27,-1344.53,-903.7,278.28,False,False,nan,True,0.7263,83.77,nan,False,0,COLLECTING,0,,0,,,,,2,84,97,30,60,0.999336780069662,0.24494897427831783
2026-08-31T21:59:06.269,124785515,P015,finger_still,VALID,,,,1068,4337367,115510,116302,116049.27,117723.52,-539.27,-1421.52,-1033.16,293.38,False,False,nan,True,0.7263,83.77,nan,False,0,COLLECTING,0,,0,,,,,2,84,97,30,60,0.999336780069662,0.24494897427831783
2026-08-31T21:59:06.278,124785531,P015,finger_still,VALID,,,,1069,4337407,115375,116129,116035.78,117691.63,-660.78,-1562.63,-1165.53,310.82,False,False,nan,True,0.7263,83.77,nan,False,0,COLLECTING,0,,0,,,,,2,84,97,30,60,0.999336780069662,0.24494897427831783
2026-08-31T21:59:06.311,124785562,P015,finger_still,VALID,,,,1070,4337447,115338,116075,116021.83,117659.3,-683.83,-1584.3,-1270.22,330.01,False,False,nan,True,0.7263,83.77,nan,False,0,COLLECTING,0,,0,,,,,2,84,97,30,60,0.999336780069662,0.24494897427831783
2026-08-31T21:59:06.446,124785703,P015,finger_still,VALID,,,,1071,4337487,115336,116068,116008.11,117627.47,-672.11,-1559.47,-1342.53,350.26,False,False,nan,True,0.7263,83.77,nan,False,0,COLLECTING,0,,0,,,,,2,84,97,30,60,0.999336780069662,0.24494897427831783
2026-08-31T21:59:06.458,124785703,P015,finger_still,VALID,,,,1072,4337527,115324,116093,115994.43,117596.78,-670.43,-1503.78,-1382.84,370.91,False,False,nan,True,0.7263,83.77,nan,False,0,COLLECTING,0,,0,,,,,2,84,97,30,60,0.999336780069662,0.24494897427831783
2026-08-31T21:59:06.469,124785718,P015,finger_still,VALID,,,,1073,4337567,115289,116032,115980.32,117565.48,-691.32,-1533.48,-1420.5,391.9,False,False,nan,True,0.7263,83.77,nan,False,0,COLLECTING,0,,0,,,,,2,84,97,30,60,0.999336780069662,0.24494897427831783
2026-08-31T21:59:06.480,124785734,P015,finger_still,VALID,,,,1074,4337607,115160,115718,115963.91,117528.53,-803.91,-1810.53,-1518.01,414.43,False,False,nan,True,0.7263,83.77,nan,False,0,COLLECTING,0,,0,,,,,2,84,97,30,60,0.999336780069662,0.24494897427831783
2026-08-31T21:59:06.512,124785765,P015,finger_still,VALID,,,,1075,4337647,115080,115538,115946.23,117488.72,-866.23,-1950.72,-1626.19,438.66,False,False,nan,True,0.7263,83.77,nan,False,0,COLLECTING,0,,0,,,,,2,84,97,30,60,0.999336780069662,0.24494897427831783
2026-08-31T21:59:06.645,124785890,P015,finger_still,VALID,,,,1076,4337687,115132,115681,115929.95,117452.56,-797.95,-1771.56,-1662.53,463.14,False,False,nan,True,0.7263,83.77,nan,False,0,COLLECTING,0,,0,,,,,2,84,97,30,60,0.9995684068636823,0.17320508075688776
2026-08-31T21:59:06.658,124785906,P015,finger_still,VALID,,,,1077,4337727,115314,115992,115917.63,117423.35,-603.63,-1431.35,-1604.74,485.97,False,False,nan,True,0.7263,83.77,nan,False,0,COLLECTING,0,,0,,,,,2,84,97,30,60,0.9995684068636823,0.17320508075688776
2026-08-31T21:59:06.669,124785921,P015,finger_still,VALID,,,,1078,4337767,115256,115938,115904.4,117393.65,-648.4,-1455.65,-1567.46,507.6,False,False,nan,True,0.7263,83.77,nan,False,0,COLLECTING,0,,0,,,,,2,84,97,30,60,0.9995684068636823,0.17320508075688776
2026-08-31T21:59:06.683,124785937,P015,finger_still,VALID,,,,1079,4337807,115246,115849,115891.23,117362.76,-645.23,-1513.76,-1554.04,528.53,False,False,nan,True,0.7263,83.77,nan,False,0,COLLECTING,0,,0,,,,,2,84,97,30,60,0.9995684068636823,0.17320508075688776
2026-08-31T21:59:06.712,124785968,P015,finger_still,VALID,,,,1080,4337847,115159,115709,115876.59,117329.68,-717.59,-1620.68,-1570.7,549.37,False,False,nan,True,0.7263,83.77,nan,False,0,COLLECTING,0,,0,,,,,2,84,97,30,60,0.9995684068636823,0.17320508075688776
2026-08-31T21:59:06.850,124786109,P015,finger_still,VALID,,,,1081,4337887,115086,115571,115860.77,117294.51,-774.77,-1723.51,-1608.9,570.56,False,False,nan,True,0.7263,83.77,nan,False,0,COLLECTING,0,,0,,,,,2,84,97,30,60,0.999336780069662,0.24494897427831783
2026-08-31T21:59:06.860,124786109,P015,finger_still,VALID,,,,1082,4337927,115082,115508,115845.2,117258.78,-763.2,-1750.78,-1644.37,592.04,False,False,nan,True,0.7263,83.77,nan,False,0,COLLECTING,0,,0,,,,,2,84,97,30,60,0.999336780069662,0.24494897427831783
2026-08-31T21:59:06.871,124786125,P015,finger_still,VALID,,,,1083,4337967,115028,115436,115828.85,117222.33,-800.85,-1786.33,-1679.86,613.8,False,False,nan,True,0.7263,83.77,nan,False,0,COLLECTING,0,,0,,,,,2,84,97,30,60,0.999336780069662,0.24494897427831783
2026-08-31T21:59:06.879,124786125,P015,finger_still,VALID,,,,1084,4338007,115016,115380,115812.59,117185.48,-796.59,-1805.48,-1711.27,635.74,False,False,nan,True,0.7263,83.77,nan,False,0,COLLECTING,0,,0,,,,,2,84,97,30,60,0.999336780069662,0.24494897427831783
2026-08-31T21:59:06.912,124786156,P015,finger_still,VALID,,,,1085,4338047,115013,115370,115796.6,117149.17,-783.6,-1779.17,-1728.24,657.59,False,False,nan,True,0.7263,83.77,nan,False,0,COLLECTING,0,,0,,,,,2,84,97,30,60,0.999336780069662,0.24494897427831783
2026-08-31T21:59:07.047,124786296,P015,finger_still,VALID,,,,1086,4338087,115011,115411,115780.89,117114.41,-769.89,-1703.41,-1722.03,678.88,False,False,nan,True,0.7263,83.77,nan,False,0,COLLECTING,0,,0,,,,,2,84,97,30,60,0.9995684068636823,0.24494897427831783
2026-08-31T21:59:07.057,124786312,P015,finger_still,VALID,,,,1087,4338127,115002,115465,115765.31,117081.42,-763.31,-1616.42,-1695.63,699.22,False,False,nan,True,0.7263,83.77,nan,False,0,COLLECTING,0,,0,,,,,2,84,97,30,60,0.9995684068636823,0.24494897427831783
2026-08-31T21:59:07.073,124786328,P015,finger_still,VALID,,,,1088,4338167,115020,115479,115750.41,117049.38,-730.41,-1570.38,-1664.32,718.52,False,False,nan,True,0.7263,83.77,nan,False,0,COLLECTING,0,,0,,,,,2,84,97,30,60,0.9995684068636823,0.24494897427831783
2026-08-31T21:59:07.082,124786328,P015,finger_still,VALID,,,,1089,4338207,115018,115523,115735.76,117018.84,-717.76,-1495.84,-1622.2,736.59,False,False,nan,True,0.7263,83.77,nan,False,0,COLLECTING,0,,0,,,,,2,84,97,30,60,0.9995684068636823,0.24494897427831783
2026-08-31T21:59:07.111,124786359,P015,finger_still,VALID,,,,1090,4338247,115029,115551,115721.62,116989.48,-692.62,-1438.48,-1576.27,753.39,False,False,nan,True,0.7263,83.77,nan,False,0,COLLECTING,0,,0,,,,,2,84,97,30,60,0.9995684068636823,0.24494897427831783
2026-08-31T21:59:07.247,124786500,P015,finger_still,VALID,,,,1091,4338287,115019,115544,115707.57,116960.58,-688.57,-1416.58,-1536.35,769.05,False,False,nan,True,0.7263,83.77,nan,False,0,COLLECTING,0,,0,,,,,2,84,97,30,60,1.0004419023611517,0.24494897427831783
2026-08-31T21:59:07.258,124786515,P015,finger_still,VALID,,,,1092,4338327,115007,115536,115693.56,116932.09,-686.56,-1396.09,-1501.28,783.69,False,False,nan,True,0.7263,83.77,nan,False,0,COLLECTING,0,,0,,,,,2,84,97,30,60,1.0004419023611517,0.24494897427831783
2026-08-31T21:59:07.271,124786515,P015,finger_still,VALID,,,,1093,4338367,115005,115520,115679.79,116903.84,-674.79,-1383.84,-1471.92,797.46,False,False,nan,True,0.7263,83.77,nan,False,0,COLLECTING,0,,0,,,,,2,84,97,30,60,1.0004419023611517,0.24494897427831783
2026-08-31T21:59:07.280,124786531,P015,finger_still,VALID,,,,1094,4338407,114935,115391,115664.89,116873.59,-729.89,-1482.59,-1474.59,811.0,False,False,nan,True,0.7263,83.77,nan,False,0,COLLECTING,0,,0,,,,,2,84,97,30,60,1.0004419023611517,0.24494897427831783
2026-08-31T21:59:07.314,124786562,P015,finger_still,VALID,,,,1095,4338447,114772,115041,115647.03,116836.94,-875.03,-1795.94,-1554.93,825.88,False,False,nan,True,0.7263,83.77,nan,False,0,COLLECTING,0,,0,,,,,2,84,97,30,60,1.0004419023611517,0.24494897427831783
2026-08-31T21:59:07.447,124786703,P015,finger_still,VALID,,,,1096,4338487,114674,114827,115627.57,116796.74,-953.57,-1969.74,-1658.63,842.53,False,False,nan,True,0.7263,83.77,nan,False,0,COLLECTING,0,,0,,,,,2,84,97,30,60,1.0002104778495375,0.24494897427831783
2026-08-31T21:59:07.458,124786703,P015,finger_still,VALID,,,,1097,4338527,114703,114899,115609.08,116758.79,-906.08,-1859.79,-1708.92,859.86,False,False,nan,True,0.7263,83.77,nan,False,0,COLLECTING,0,,0,,,,,2,84,97,30,60,1.0002104778495375,0.24494897427831783
2026-08-31T21:59:07.471,124786718,P015,finger_still,VALID,,,,1098,4338567,114758,114990,115592.05,116723.41,-834.05,-1733.41,-1715.04,876.96,False,False,nan,True,0.7263,83.77,nan,False,0,COLLECTING,0,,0,,,,,2,84,97,30,60,1.0002104778495375,0.24494897427831783
2026-08-31T21:59:07.479,124786734,P015,finger_still,VALID,,,,1099,4338607,114790,115042,115576.02,116689.79,-786.02,-1647.79,-1698.23,893.39,False,False,nan,True,0.7263,83.77,nan,False,0,COLLECTING,0,,0,,,,,2,84,97,30,60,1.0002104778495375,0.24494897427831783
2026-08-31T21:59:07.512,124786765,P015,finger_still,VALID,,,,1100,4338647,114813,115111,115560.76,116658.21,-747.76,-1547.21,-1660.47,908.73,False,False,nan,True,0.7263,83.77,nan,False,0,COLLECTING,0,,0,,,,,2,84,97,30,60,1.0002104778495375,0.24494897427831783
2026-08-31T21:59:07.647,124786890,P015,finger_still,VALID,,,,1101,4338687,114822,115123,115545.98,116627.51,-723.98,-1504.51,-1621.48,922.99,False,False,nan,True,0.7263,83.77,nan,False,0,COLLECTING,0,,0,,,,,2,84,97,30,60,0.9995684068636823,0.24494897427831783
2026-08-31T21:59:07.658,124786906,P015,finger_still,VALID,,,,1102,4338727,114784,115036,115530.74,116595.68,-746.74,-1559.68,-1606.03,936.65,False,False,nan,True,0.7263,83.77,nan,False,0,COLLECTING,0,,0,,,,,2,84,97,30,60,0.9995684068636823,0.24494897427831783
2026-08-31T21:59:07.669,124786921,P015,finger_still,VALID,,,,1103,4338767,114715,114922,115514.43,116562.2,-799.43,-1640.2,-1614.57,950.21,False,False,nan,True,0.7263,83.77,nan,False,0,COLLECTING,0,,0,,,,,2,84,97,30,60,0.9995684068636823,0.24494897427831783
2026-08-31T21:59:07.678,124786921,P015,finger_still,VALID,,,,1104,4338807,114625,114759,115496.64,116526.14,-871.64,-1767.14,-1652.72,964.26,False,False,nan,True,0.7263,83.77,nan,False,0,COLLECTING,0,,0,,,,,2,84,97,30,60,0.9995684068636823,0.24494897427831783
2026-08-31T21:59:07.712,124786968,P015,finger_still,VALID,,,,1105,4338847,114548,114660,115477.66,116488.82,-929.66,-1828.82,-1696.74,978.91,False,False,nan,True,0.7263,83.77,nan,False,0,COLLECTING,0,,0,,,,,2,84,97,30,60,0.9995684068636823,0.24494897427831783
2026-08-31T21:59:07.846,124787093,P015,finger_still,VALID,,,,1106,4338887,114637,114820,115460.85,116455.45,-823.85,-1635.45,-1681.42,992.96,False,False,nan,True,0.7263,83.77,nan,False,0,COLLECTING,0,,0,,,,,2,84,97,30,60,0.9995684068636823,0.24494897427831783
2026-08-31T21:59:07.858,124787109,P015,finger_still,VALID,,,,1107,4338927,114616,114771,115443.95,116421.76,-827.95,-1650.76,-1673.75,1006.57,False,False,nan,True,0.7263,83.77,nan,False,0,COLLECTING,0,,0,,,,,2,84,97,30,60,0.9995684068636823,0.24494897427831783
2026-08-31T21:59:07.870,124787125,P015,finger_still,VALID,,,,1108,4338967,114660,114848,115428.27,116390.28,-768.27,-1542.28,-1640.89,1019.26,False,False,nan,True,0.7263,83.77,nan,False,0,COLLECTING,0,,0,,,,,2,84,97,30,60,0.9995684068636823,0.24494897427831783
2026-08-31T21:59:07.877,124787125,P015,finger_still,VALID,,,,1109,4339007,114680,114878,115413.3,116360.04,-733.3,-1482.04,-1601.17,1030.9,False,False,nan,True,0.7263,83.77,nan,False,0,COLLECTING,0,,0,,,,,2,84,97,30,60,0.9995684068636823,0.24494897427831783
2026-08-31T21:59:07.912,124787156,P015,finger_still,VALID,,,,1110,4339047,114691,114906,115398.86,116330.96,-707.86,-1424.96,-1557.12,1041.42,False,False,nan,True,0.7263,83.77,nan,False,0,COLLECTING,0,,0,,,,,2,84,97,30,60,0.9995684068636823,0.24494897427831783
2026-08-31T21:59:08.046,124787296,P015,finger_still,VALID,,,,1111,4339087,114689,114896,115384.66,116302.27,-695.66,-1406.27,-1519.41,1050.98,False,False,nan,True,0.7263,83.77,nan,False,0,COLLECTING,0,,0,,,,,2,84,97,30,60,0.9995684068636823,0.24494897427831783
2026-08-31T21:59:08.058,124787312,P015,finger_still,VALID,,,,1112,4339127,114673,114858,115370.43,116273.38,-697.43,-1415.38,-1493.4,1059.83,False,False,nan,True,0.7263,83.77,nan,False,0,COLLECTING,0,,0,,,,,2,84,97,30,60,0.9995684068636823,0.24494897427831783
2026-08-31T21:59:08.071,124787328,P015,finger_still,VALID,,,,1113,4339167,114663,114827,115356.28,116244.45,-693.28,-1417.45,-1474.41,1068.12,False,False,nan,True,0.7263,83.77,nan,False,0,COLLECTING,0,,0,,,,,2,84,97,30,60,0.9995684068636823,0.24494897427831783
2026-08-31T21:59:08.079,124787328,P015,finger_still,VALID,,,,1114,4339207,114720,114923,115343.55,116218.02,-623.55,-1295.02,-1429.57,1075.35,False,False,nan,True,0.7263,83.77,nan,False,0,COLLECTING,0,,0,,,,,2,84,97,30,60,0.9995684068636823,0.24494897427831783
2026-08-31T21:59:08.113,124787359,P015,finger_still,VALID,,,,1115,4339247,114705,114884,115330.78,116191.34,-625.78,-1307.34,-1399.01,1081.82,False,False,nan,True,0.7263,83.77,nan,False,0,COLLECTING,0,,0,,,,,2,84,97,30,60,0.9995684068636823,0.24494897427831783
2026-08-31T21:59:08.247,124787500,P015,finger_still,VALID,,,,1116,4339287,114656,114764,115317.29,116162.8,-661.29,-1398.8,-1398.96,1088.17,False,False,nan,True,0.7263,83.77,nan,False,0,COLLECTING,0,,0,,,,,2,84,97,30,60,0.9995684068636823,0.24494897427831783
2026-08-31T21:59:08.258,124787515,P015,finger_still,VALID,,,,1117,4339327,114538,114519,115301.7,116129.92,-763.7,-1610.92,-1451.95,1095.44,False,False,nan,True,0.7263,83.77,nan,False,0,COLLECTING,0,,0,,,,,2,84,97,30,60,0.9995684068636823,0.24494897427831783
2026-08-31T21:59:08.270,124787515,P015,finger_still,VALID,,,,1118,4339367,114511,114429,115285.89,116095.91,-774.89,-1666.91,-1505.69,1103.65,False,False,nan,True,0.7263,83.77,nan,False,0,COLLECTING,0,,0,,,,,2,84,97,30,60,0.9995684068636823,0.24494897427831783
2026-08-31T21:59:08.278,124787531,P015,finger_still,VALID,,,,1119,4339407,114584,114551,115271.85,116065.01,-687.85,-1514.01,-1507.77,1111.73,False,False,nan,True,0.7263,83.77,nan,False,0,COLLECTING,0,,0,,,,,2,84,97,30,60,0.9995684068636823,0.24494897427831783
2026-08-31T21:59:08.313,124787562,P015,finger_still,VALID,,,,1120,4339447,114637,114646,115259.16,116036.62,-622.16,-1390.62,-1478.48,1119.06,False,False,nan,True,0.7263,83.77,nan,False,0,COLLECTING,0,,0,,,,,2,84,97,30,60,0.9995684068636823,0.24494897427831783
2026-08-31T21:59:08.446,124787703,P015,finger_still,VALID,,,,1121,4339487,114643,114640,115246.84,116008.7,-603.84,-1368.7,-1451.04,1125.7,False,False,nan,True,0.7263,83.77,nan,False,0,COLLECTING,0,,0,,,,,2,84,97,30,60,0.9995684068636823,0.24494897427831783
2026-08-31T21:59:08.457,124787703,P015,finger_still,VALID,,,,1122,4339527,114581,114540,115233.52,115979.32,-652.52,-1439.32,-1448.11,1132.15,False,False,nan,True,0.7263,83.77,nan,False,0,COLLECTING,0,,0,,,,,2,84,97,30,60,0.9995684068636823,0.24494897427831783
2026-08-31T21:59:08.470,124787718,P015,finger_still,VALID,,,,1123,4339567,114533,114465,115219.51,115949.03,-686.51,-1484.03,-1457.09,1138.65,False,False,nan,True,0.7263,83.77,nan,False,0,COLLECTING,0,,0,,,,,2,84,97,30,60,0.9995684068636823,0.24494897427831783
2026-08-31T21:59:08.479,124787734,P015,finger_still,VALID,,,,1124,4339607,114468,114345,115204.48,115916.95,-736.48,-1571.95,-1485.8,1145.59,False,False,nan,True,0.7263,83.77,nan,False,0,COLLECTING,0,,0,,,,,2,84,97,30,60,0.9995684068636823,0.24494897427831783
2026-08-31T21:59:08.513,124787765,P015,finger_still,VALID,,,,1125,4339647,114457,114308,115189.52,115884.77,-732.52,-1576.77,-1508.55,1152.85,False,False,nan,True,0.7263,83.77,nan,False,0,COLLECTING,0,,0,,,,,2,84,97,30,60,0.9995684068636823,0.24494897427831783
2026-08-31T21:59:08.647,124787890,P015,finger_still,VALID,,,,1126,4339687,114515,114394,115176.03,115854.96,-661.03,-1460.96,-1496.65,1159.73,False,False,nan,True,0.7263,83.77,nan,False,0,COLLECTING,0,,0,,,,,2,84,97,30,60,0.9995684068636823,0.17320508075688776
2026-08-31T21:59:08.657,124787906,P015,finger_still,VALID,,,,1127,4339727,114590,114550,115164.31,115828.86,-574.31,-1278.86,-1442.2,1165.38,False,False,nan,True,0.7263,83.77,nan,False,0,COLLECTING,0,,0,,,,,2,84,97,30,60,0.9995684068636823,0.17320508075688776
2026-08-31T21:59:08.670,124787921,P015,finger_still,VALID,,,,1128,4339767,114650,114650,115154.02,115805.28,-504.02,-1155.28,-1370.47,1169.48,False,False,nan,True,0.7263,83.77,nan,False,0,COLLECTING,0,,0,,,,,2,84,97,30,60,0.9995684068636823,0.17320508075688776
2026-08-31T21:59:08.679,124787921,P015,finger_still,VALID,,,,1129,4339807,114668,114686,115144.3,115782.9,-476.3,-1096.9,-1302.08,1172.13,False,False,nan,True,0.7263,83.77,nan,False,0,COLLECTING,0,,0,,,,,2,84,97,30,60,0.9995684068636823,0.17320508075688776
2026-08-31T21:59:08.712,124787968,P015,finger_still,VALID,,,,1130,4339847,114655,114698,115134.52,115761.2,-479.52,-1063.2,-1242.36,1173.54,False,False,nan,True,0.7263,83.77,nan,False,0,COLLECTING,0,,0,,,,,2,84,97,30,60,0.9995684068636823,0.17320508075688776
2026-08-31T21:59:08.846,124788093,P015,finger_still,VALID,,,,1131,4339887,114684,114735,115125.51,115740.68,-441.51,-1005.68,-1183.19,1173.73,False,False,nan,True,0.7263,83.77,nan,False,0,COLLECTING,0,,0,,,,,2,84,97,30,60,0.9995684068636823,0.24494897427831783
2026-08-31T21:59:08.858,124788109,P015,finger_still,VALID,,,,1132,4339927,114724,114844,115117.48,115722.75,-393.48,-878.75,-1107.08,1172.4,False,False,nan,True,0.7263,83.77,nan,False,0,COLLECTING,0,,0,,,,,2,84,97,30,60,0.9995684068636823,0.24494897427831783
2026-08-31T21:59:08.871,124788125,P015,finger_still,VALID,,,,1133,4339967,114763,114924,115110.39,115706.77,-347.39,-782.77,-1026.0,1169.47,False,False,nan,True,0.7263,83.77,nan,False,0,COLLECTING,0,,0,,,,,2,84,97,30,60,0.9995684068636823,0.24494897427831783
2026-08-31T21:59:08.879,124788125,P015,finger_still,VALID,,,,1134,4340007,114818,115000,115104.54,115692.64,-286.54,-692.64,-942.66,1164.93,False,False,nan,True,0.7263,83.77,nan,False,0,COLLECTING,0,,0,,,,,2,84,97,30,60,0.9995684068636823,0.24494897427831783
2026-08-31T21:59:08.913,124788171,P015,finger_still,VALID,,,,1135,4340047,114841,115046,115099.27,115679.71,-258.27,-633.71,-865.42,1158.94,False,False,nan,True,0.7263,83.77,nan,False,0,COLLECTING,0,,0,,,,,2,84,97,30,60,0.9995684068636823,0.24494897427831783
2026-08-31T21:59:09.046,124788296,P015,finger_still,VALID,,,,1136,4340087,114866,115090,115094.6,115667.91,-228.6,-577.91,-793.55,1151.63,False,False,nan,True,0.7263,83.77,nan,False,0,COLLECTING,0,,0,,,,,2,84,97,30,60,0.9995684068636823,0.24494897427831783
2026-08-31T21:59:09.057,124788312,P015,finger_still,VALID,,,,1137,4340127,114801,114924,115088.73,115653.04,-287.73,-729.04,-777.42,1144.15,False,False,nan,True,0.7263,83.77,nan,False,0,COLLECTING,0,,0,,,,,2,84,97,30,60,0.9995684068636823,0.24494897427831783
2026-08-31T21:59:09.070,124788328,P015,finger_still,VALID,,,,1138,4340167,114666,114622,115080.27,115632.42,-414.27,-1010.42,-835.67,1137.98,False,False,nan,True,0.7263,83.77,nan,False,0,COLLECTING,0,,0,,,,,2,84,97,30,60,0.9995684068636823,0.24494897427831783
2026-08-31T21:59:09.079,124788328,P015,finger_still,VALID,,,,1139,4340207,114622,114509,115071.11,115609.95,-449.11,-1100.95,-901.99,1133.26,False,False,nan,True,0.7263,83.77,nan,False,0,COLLECTING,0,,0,,,,,2,84,97,30,60,0.9995684068636823,0.24494897427831783
2026-08-31T21:59:09.113,124788359,P015,finger_still,VALID,,,,1140,4340247,114645,114553,115062.59,115588.81,-417.59,-1035.81,-935.45,1129.3,False,False,nan,True,0.7263,83.77,nan,False,0,COLLECTING,0,,0,,,,,2,84,97,30,60,0.9995684068636823,0.24494897427831783
2026-08-31T21:59:09.249,124788500,P015,finger_still,VALID,,,,1141,4340287,114661,114616,115054.55,115569.36,-393.55,-953.36,-939.92,1125.52,False,False,nan,True,0.7263,83.77,nan,False,0,COLLECTING,0,,0,,,,,2,84,97,30,60,0.9995684068636823,0.24494897427831783
2026-08-31T21:59:09.257,124788515,P015,finger_still,VALID,,,,1142,4340327,114661,114629,115046.69,115550.55,-385.69,-921.55,-935.33,1121.71,False,False,nan,True,0.7263,83.77,nan,False,0,COLLECTING,0,,0,,,,,2,84,97,30,60,0.9995684068636823,0.24494897427831783
2026-08-31T21:59:09.271,124788515,P015,finger_still,VALID,,,,1143,4340367,114669,114640,115039.13,115532.34,-370.13,-892.34,-924.59,1117.77,False,False,nan,True,0.7263,83.77,nan,False,0,COLLECTING,0,,0,,,,,2,84,97,30,60,0.9995684068636823,0.24494897427831783
2026-08-31T21:59:09.279,124788531,P015,finger_still,VALID,,,,1144,4340407,114639,114610,115031.13,115513.9,-392.13,-903.9,-919.41,1113.8,False,False,nan,True,0.7263,83.77,97.75,True,0,COLLECTING,0,,0,,,,,2,84,97,30,60,0.9995684068636823,0.24494897427831783
2026-08-31T21:59:09.311,124788562,P015,finger_still,VALID,,,,1145,4340447,114598,114514,115022.47,115493.9,-424.47,-979.9,-934.53,1110.22,False,False,nan,True,0.7263,83.77,97.75,True,0,COLLECTING,0,,0,,,,,2,84,97,30,60,0.9995684068636823,0.24494897427831783
2026-08-31T21:59:09.447,124788703,P015,finger_still,VALID,,,,1146,4340487,114537,114405,115012.76,115472.12,-475.76,-1067.12,-967.68,1107.37,False,False,nan,True,0.7263,83.77,97.75,True,0,COLLECTING,0,,0,,,,,2,84,97,30,60,1.0004419023611517,0.24494897427831783
2026-08-31T21:59:09.460,124788718,P015,finger_still,VALID,,,,1147,4340527,114503,114355,115002.56,115449.77,-499.56,-1094.77,-999.45,1105.21,False,False,nan,True,0.7263,83.77,97.75,True,0,COLLECTING,0,,0,,,,,2,84,97,30,60,1.0004419023611517,0.24494897427831783
2026-08-31T21:59:09.473,124788718,P015,finger_still,VALID,,,,1148,4340567,114479,114317,114992.09,115427.12,-513.09,-1110.12,-1027.12,1103.65,False,False,nan,True,0.7263,83.77,97.75,True,0,COLLECTING,0,,0,,,,,2,84,97,30,60,1.0004419023611517,0.24494897427831783
2026-08-31T21:59:09.481,124788734,P015,finger_still,VALID,,,,1149,4340607,114436,114264,114980.97,115403.85,-544.97,-1139.85,-1055.3,1102.68,False,False,nan,True,0.7263,83.77,97.75,True,0,COLLECTING,0,,0,,,,,2,84,97,30,60,1.0004419023611517,0.24494897427831783
2026-08-31T21:59:09.512,124788765,P015,finger_still,VALID,,,,1150,4340647,114430,114268,114969.95,115381.13,-539.95,-1113.13,-1069.76,1102.02,False,False,nan,True,0.7263,83.77,97.75,True,0,COLLECTING,0,,0,,,,,2,84,97,30,60,1.0004419023611517,0.24494897427831783
2026-08-31T21:59:09.646,124788890,P015,finger_still,VALID,,,,1151,4340687,114489,114401,114960.34,115361.53,-471.34,-960.53,-1042.45,1100.83,False,False,nan,True,0.7263,83.77,97.75,True,0,COLLECTING,0,,0,,,,,2,84,97,30,60,0.9995684068636823,0.24494897427831783
2026-08-31T21:59:09.658,124788906,P015,finger_still,VALID,,,,1152,4340727,114458,114374,114950.29,115341.78,-492.29,-967.78,-1023.78,1099.29,False,False,nan,True,0.7263,83.77,97.75,True,0,COLLECTING,0,,0,,,,,2,84,97,30,60,0.9995684068636823,0.24494897427831783
2026-08-31T21:59:09.671,124788921,P015,finger_still,VALID,,,,1153,4340767,114443,114333,114940.14,115321.61,-497.14,-988.61,-1014.99,1097.6,False,False,nan,True,0.7263,83.77,97.75,True,0,COLLECTING,0,,0,,,,,2,84,97,30,60,0.9995684068636823,0.24494897427831783
2026-08-31T21:59:09.685,124788937,P015,finger_still,VALID,,,,1154,4340807,114426,114335,114929.86,115301.88,-503.86,-966.88,-1002.96,1095.71,False,False,nan,True,0.7263,83.77,97.75,True,0,COLLECTING,0,,0,,,,,2,84,97,30,60,0.9995684068636823,0.24494897427831783
2026-08-31T21:59:09.712,124788968,P015,finger_still,VALID,,,,1155,4340847,114415,114331,114919.56,115282.46,-504.56,-951.46,-990.09,1093.6,False,False,nan,True,0.7263,83.77,97.75,True,0,COLLECTING,0,,0,,,,,2,84,97,30,60,0.9995684068636823,0.24494897427831783
2026-08-31T21:59:09.848,124789093,P015,finger_still,VALID,,,,1156,4340887,114380,114280,114908.77,115262.41,-528.77,-982.41,-988.17,1091.49,False,False,nan,True,0.7263,83.77,97.75,True,0,COLLECTING,0,,0,,,,,2,84,97,30,60,0.9995684068636823,0.24494897427831783
2026-08-31T21:59:09.861,124789109,P015,finger_still,VALID,,,,1157,4340927,114298,114080,114896.55,115238.77,-598.55,-1158.77,-1030.82,1090.28,False,False,nan,True,0.7263,83.77,97.75,True,0,COLLECTING,0,,0,,,,,2,84,97,30,60,0.9995684068636823,0.24494897427831783
2026-08-31T21:59:09.871,124789125,P015,finger_still,VALID,,,,1158,4340967,114252,113968,114883.66,115213.35,-631.66,-1245.35,-1084.45,1090.16,False,False,nan,True,0.7263,83.77,97.75,True,0,COLLECTING,0,,0,,,,,2,84,97,30,60,0.9995684068636823,0.24494897427831783
2026-08-31T21:59:09.880,124789125,P015,finger_still,VALID,,,,1159,4341007,114297,114068,114871.93,115190.45,-574.93,-1122.45,-1093.95,1090.24,False,False,nan,True,0.7263,83.77,97.75,True,0,COLLECTING,0,,0,,,,,2,84,97,30,60,0.9995684068636823,0.24494897427831783
2026-08-31T21:59:09.911,124789156,P015,finger_still,VALID,,,,1160,4341047,114347,114202,114861.43,115170.68,-514.43,-968.68,-1062.63,1089.68,False,False,nan,True,0.7263,83.77,97.75,True,0,COLLECTING,0,,0,,,,,2,84,97,30,60,0.9995684068636823,0.24494897427831783
2026-08-31T21:59:10.047,124789296,P015,finger_still,VALID,,,,1161,4341087,114379,114267,114851.78,115152.61,-472.78,-885.61,-1018.38,1088.26,False,False,nan,True,0.7263,83.77,97.75,True,0,COLLECTING,0,,0,,,,,2,84,97,30,60,0.9995684068636823,0.24494897427831783
2026-08-31T21:59:10.060,124789312,P015,finger_still,VALID,,,,1162,4341127,114375,114276,114842.24,115135.08,-467.24,-859.08,-978.55,1086.06,False,False,nan,True,0.7263,83.77,97.75,True,0,COLLECTING,0,,0,,,,,2,84,97,30,60,0.9995684068636823,0.24494897427831783
2026-08-31T21:59:10.070,124789328,P015,finger_still,VALID,,,,1163,4341167,114365,114273,114832.7,115117.84,-467.7,-844.84,-945.12,1083.24,False,False,nan,True,0.7263,83.77,97.75,True,0,COLLECTING,0,,0,,,,,2,84,97,30,60,0.9995684068636823,0.24494897427831783
2026-08-31T21:59:10.078,124789328,P015,finger_still,VALID,,,,1164,4341207,114312,114154,114822.28,115098.56,-510.28,-944.56,-944.98,1080.48,False,False,nan,True,0.7263,83.77,97.75,True,0,COLLECTING,0,,0,,,,,2,84,97,30,60,0.9995684068636823,0.24494897427831783
2026-08-31T21:59:10.112,124789359,P015,finger_still,VALID,,,,1165,4341247,114226,113998,114810.36,115076.55,-584.36,-1078.55,-978.38,1078.44,False,False,nan,True,0.7263,83.77,97.75,True,0,COLLECTING,0,,0,,,,,2,84,97,30,60,0.9995684068636823,0.24494897427831783
2026-08-31T21:59:10.247,124789500,P015,finger_still,VALID,,,,1166,4341287,114199,113962,114798.13,115054.27,-599.13,-1092.27,-1006.85,1077.01,False,False,nan,True,0.7263,83.77,97.75,True,0,COLLECTING,0,,0,,,,,2,84,97,30,60,0.9995684068636823,0.24494897427831783
2026-08-31T21:59:10.258,124789515,P015,finger_still,VALID,,,,1167,4341327,114221,114019,114786.59,115033.56,-565.59,-1014.56,-1008.78,1075.64,False,False,nan,True,0.7263,83.77,97.75,True,0,COLLECTING,0,,0,,,,,2,84,97,30,60,0.9995684068636823,0.24494897427831783
2026-08-31T21:59:10.270,124789515,P015,finger_still,VALID,,,,1168,4341367,114245,114069,114775.77,115014.27,-530.77,-945.27,-992.9,1073.99,False,False,nan,True,0.7263,83.77,97.75,True,0,COLLECTING,0,,0,,,,,2,84,97,30,60,0.9995684068636823,0.24494897427831783
2026-08-31T21:59:10.279,124789531,P015,finger_still,VALID,,,,1169,4341407,114226,114066,114764.77,114995.3,-538.77,-929.3,-977.0,1072.05,False,False,nan,True,0.7263,83.77,97.75,True,0,COLLECTING,0,,0,,,,,2,84,97,30,60,0.9995684068636823,0.24494897427831783
2026-08-31T21:59:10.313,124789562,P015,finger_still,VALID,,,,1170,4341447,114211,114045,114753.7,114976.3,-542.7,-931.3,-965.58,1069.92,False,False,nan,True,0.7263,83.77,97.75,True,0,COLLECTING,0,,0,,,,,2,84,97,30,60,0.9995684068636823,0.24494897427831783
2026-08-31T21:59:10.448,124789703,P015,finger_still,VALID,,,,1171,4341487,114182,114019,114742.26,114957.15,-560.26,-938.15,-958.72,1067.69,False,False,nan,True,0.7263,83.77,97.75,True,0,COLLECTING,0,,0,,,,,2,84,97,30,60,0.9995684068636823,0.24494897427831783
2026-08-31T21:59:10.458,124789703,P015,finger_still,VALID,,,,1172,4341527,114160,113999,114730.61,114937.98,-570.61,-938.98,-953.79,1065.41,False,False,nan,True,0.7263,83.77,97.75,True,0,COLLECTING,0,,0,,,,,2,84,97,30,60,0.9995684068636823,0.24494897427831783
2026-08-31T21:59:10.469,124789718,P015,finger_still,VALID,,,,1173,4341567,114124,113953,114718.48,114918.28,-594.48,-965.28,-956.66,1063.24,False,False,nan,True,0.7263,83.77,97.75,True,0,COLLECTING,0,,0,,,,,2,84,97,30,60,0.9995684068636823,0.24494897427831783
2026-08-31T21:59:10.478,124789734,P015,finger_still,VALID,,,,1174,4341607,114118,113950,114706.47,114898.91,-588.47,-948.91,-954.72,1061.07,False,False,nan,True,0.7263,83.77,97.75,True,0,COLLECTING,0,,0,,,,,2,84,97,30,60,0.9995684068636823,0.24494897427831783
2026-08-31T21:59:10.515,124789765,P015,finger_still,VALID,,,,1175,4341647,114126,113980,114694.86,114880.54,-568.86,-900.54,-941.18,1058.67,False,False,nan,True,0.7263,83.77,97.75,True,0,COLLECTING,0,,0,,,,,2,84,97,30,60,0.9995684068636823,0.24494897427831783
2026-08-31T21:59:10.648,124789906,P015,finger_still,VALID,,,,1176,4341687,114055,113802,114682.06,114858.97,-627.06,-1056.97,-970.12,1056.9,False,False,nan,True,0.7263,83.77,97.75,True,0,COLLECTING,0,,0,,,,,2,84,97,30,60,1.0004419023611517,0.24494897427831783
2026-08-31T21:59:10.658,124789906,P015,finger_still,VALID,,,,1177,4341727,113960,113622,114667.62,114834.23,-707.62,-1212.23,-1030.65,1056.38,False,False,nan,True,0.7263,83.77,97.75,True,0,COLLECTING,0,,0,,,,,2,84,97,30,60,1.0004419023611517,0.24494897427831783
2026-08-31T21:59:10.670,124789921,P015,finger_still,VALID,,,,1178,4341767,113960,113611,114653.47,114809.77,-693.47,-1198.77,-1072.68,1056.7,False,False,nan,True,0.7263,83.77,97.75,True,0,COLLECTING,0,,0,,,,,2,84,97,30,60,1.0004419023611517,0.24494897427831783
2026-08-31T21:59:10.679,124789937,P015,finger_still,VALID,,,,1179,4341807,113981,113661,114640.02,114786.79,-659.02,-1125.79,-1085.96,1057.29,False,False,nan,True,0.7263,83.77,97.75,True,0,COLLECTING,0,,0,,,,,2,84,97,30,60,1.0004419023611517,0.24494897427831783
2026-08-31T21:59:10.712,124789968,P015,finger_still,VALID,,,,1180,4341847,113997,113721,114627.16,114765.48,-630.16,-1044.48,-1075.59,1057.65,False,False,nan,True,0.7263,83.77,97.75,True,0,COLLECTING,0,,0,,,,,2,84,97,30,60,1.0004419023611517,0.24494897427831783
2026-08-31T21:59:10.847,124790093,P015,finger_still,VALID,,,,1181,4341887,114042,113817,114615.45,114746.51,-573.45,-929.51,-1039.07,1057.28,False,False,nan,True,0.7263,83.77,97.75,True,0,COLLECTING,0,,0,,,,,2,84,97,30,60,1.0004419023611517,0.24494897427831783
2026-08-31T21:59:10.858,124790109,P015,finger_still,VALID,,,,1182,4341927,114081,113905,114604.77,114729.68,-523.77,-824.68,-985.47,1055.84,False,False,nan,True,0.7263,83.77,97.75,True,0,COLLECTING,0,,0,,,,,2,84,97,30,60,1.0004419023611517,0.24494897427831783
2026-08-31T21:59:10.870,124790125,P015,finger_still,VALID,,,,1183,4341967,114067,113873,114594.01,114712.55,-527.01,-839.55,-948.99,1053.71,False,False,nan,True,0.7263,83.77,97.75,True,0,COLLECTING,0,,0,,,,,2,84,97,30,60,1.0004419023611517,0.24494897427831783
2026-08-31T21:59:10.880,124790125,P015,finger_still,VALID,,,,1184,4342007,114022,113785,114582.57,114693.99,-560.57,-908.99,-938.99,1051.41,False,False,nan,True,0.7263,83.77,97.75,True,0,COLLECTING,0,,0,,,,,2,84,97,30,60,1.0004419023611517,0.24494897427831783
2026-08-31T21:59:10.913,124790171,P015,finger_still,VALID,,,,1185,4342047,113995,113748,114570.82,114675.07,-575.82,-927.07,-936.01,1049.11,False,False,nan,True,0.7263,83.77,97.75,True,0,COLLECTING,0,,0,,,,,2,84,97,30,60,1.0004419023611517,0.24494897427831783
2026-08-31T21:59:11.046,124790296,P015,finger_still,VALID,,,,1186,4342087,113999,113769,114559.38,114656.95,-560.38,-887.95,-923.99,1046.6,False,False,nan,True,0.7263,83.77,97.75,True,0,COLLECTING,0,,0,,,,,2,84,97,30,60,0.9995684068636823,0.24494897427831783
2026-08-31T21:59:11.058,124790312,P015,finger_still,VALID,,,,1187,4342127,114018,113829,114548.55,114640.38,-530.55,-811.38,-895.84,1043.59,False,False,nan,True,0.7263,83.77,97.75,True,0,COLLECTING,0,,0,,,,,2,84,97,30,60,0.9995684068636823,0.24494897427831783
2026-08-31T21:59:11.073,124790328,P015,finger_still,VALID,,,,1188,4342167,114030,113863,114538.19,114624.84,-508.19,-761.84,-862.34,1039.96,False,False,nan,True,0.7263,83.77,97.75,True,0,COLLECTING,0,,0,,,,,2,84,97,30,60,0.9995684068636823,0.24494897427831783
2026-08-31T21:59:11.082,124790328,P015,finger_still,VALID,,,,1189,4342207,114027,113875,114527.96,114609.84,-500.96,-734.84,-830.46,1035.77,False,False,nan,True,0.7263,83.77,97.75,True,0,COLLECTING,0,,0,,,,,2,84,97,30,60,0.9995684068636823,0.24494897427831783
2026-08-31T21:59:11.112,124790359,P015,finger_still,VALID,,,,1190,4342247,114006,113856,114517.52,114594.76,-511.52,-738.76,-807.54,1031.21,False,False,nan,True,0.7263,83.77,97.75,True,0,COLLECTING,0,,0,,,,,2,84,97,30,60,0.9995684068636823,0.24494897427831783
2026-08-31T21:59:11.249,124790500,P015,finger_still,VALID,,,,1191,4342287,113978,113801,114506.73,114578.88,-528.73,-777.88,-800.12,1026.59,False,False,nan,True,0.7263,83.77,97.75,True,0,COLLECTING,0,,0,,,,,2,84,97,30,60,0.9991406307422394,0.24494897427831783
2026-08-31T21:59:11.258,124790515,P015,finger_still,VALID,,,,1192,4342327,113938,113745,114495.36,114562.2,-557.36,-817.2,-804.39,1022.14,False,False,nan,True,0.7263,83.77,97.75,True,0,COLLECTING,0,,0,,,,,2,84,97,30,60,0.9991406307422394,0.24494897427831783
2026-08-31T21:59:11.270,124790515,P015,finger_still,VALID,,,,1193,4342367,113918,113708,114483.81,114545.12,-565.81,-837.12,-812.57,1017.95,False,False,nan,True,0.7263,83.77,97.75,True,0,COLLECTING,0,,0,,,,,2,84,97,30,60,0.9991406307422394,0.24494897427831783
2026-08-31T21:59:11.279,124790531,P015,finger_still,VALID,,,,1194,4342407,113931,113739,114472.76,114528.99,-541.76,-789.99,-806.93,1013.73,False,False,nan,True,0.7263,83.77,97.75,True,0,COLLECTING,0,,0,,,,,2,84,97,30,60,0.9991406307422394,0.24494897427831783
2026-08-31T21:59:11.312,124790562,P015,finger_still,VALID,,,,1195,4342447,113901,113660,114461.32,114511.61,-560.32,-851.61,-818.1,1009.82,False,False,nan,True,0.7263,83.77,97.75,True,0,COLLECTING,0,,0,,,,,2,84,97,30,60,0.9991406307422394,0.24494897427831783
2026-08-31T21:59:11.447,124790703,P015,finger_still,VALID,,,,1196,4342487,113786,113426,114447.81,114489.9,-661.81,-1063.9,-879.55,1007.21,False,False,nan,True,0.7263,83.77,97.75,True,0,COLLECTING,0,,0,,,,,2,84,97,30,60,0.9995684068636823,0.24494897427831783
2026-08-31T21:59:11.458,124790703,P015,finger_still,VALID,,,,1197,4342527,113739,113316,114433.63,114466.42,-694.63,-1150.42,-947.27,1006.01,False,False,nan,True,0.7263,83.77,97.75,True,0,COLLECTING,0,,0,,,,,2,84,97,30,60,0.9995684068636823,0.24494897427831783
2026-08-31T21:59:11.471,124790718,P015,finger_still,VALID,,,,1198,4342567,113721,113292,114419.38,114442.93,-698.38,-1150.93,-998.18,1005.86,False,False,nan,True,0.7263,83.77,97.75,True,0,COLLECTING,0,,0,,,,,2,84,97,30,60,0.9995684068636823,0.24494897427831783
2026-08-31T21:59:11.480,124790734,P015,finger_still,VALID,,,,1199,4342607,113703,113257,114405.05,114419.21,-702.05,-1162.21,-1039.19,1006.52,False,False,nan,True,0.7263,83.77,97.75,True,0,COLLECTING,0,,0,,,,,2,84,97,30,60,0.9995684068636823,0.24494897427831783
2026-08-31T21:59:11.512,124790765,P015,finger_still,VALID,,,,1200,4342647,113683,113231,114390.62,114395.45,-707.62,-1164.45,-1070.5,1007.8,False,False,nan,True,0.7263,83.77,97.75,True,0,COLLECTING,0,,0,,,,,2,84,97,30,60,0.9995684068636823,0.24494897427831783
2026-08-31T21:59:11.651,124790906,P015,finger_still,VALID,,,,1201,4342687,113694,113242,114376.69,114372.38,-682.69,-1130.38,-1085.47,1009.36,False,False,nan,True,0.7263,83.77,97.75,True,0,COLLECTING,0,,0,,,,,2,84,97,30,60,0.9995684068636823,0.24494897427831783
2026-08-31T21:59:11.660,124790906,P015,finger_still,VALID,,,,1202,4342727,113685,113246,114362.85,114349.84,-677.85,-1103.84,-1090.06,1010.97,False,False,nan,True,0.7263,83.77,97.75,True,0,COLLECTING,0,,0,,,,,2,84,97,30,60,0.9995684068636823,0.24494897427831783
2026-08-31T21:59:11.669,124790921,P015,finger_still,VALID,,,,1203,4342767,113657,113196,114348.73,114326.77,-691.73,-1130.77,-1100.24,1012.76,False,False,nan,True,0.7263,83.77,97.75,True,0,COLLECTING,0,,0,,,,,2,84,97,30,60,0.9995684068636823,0.24494897427831783
2026-08-31T21:59:11.680,124790937,P015,finger_still,VALID,,,,1204,4342807,113650,113190,114334.76,114304.03,-684.76,-1114.03,-1103.69,1014.57,False,False,nan,True,0.7263,83.77,97.75,True,0,COLLECTING,0,,0,,,,,2,84,97,30,60,0.9995684068636823,0.24494897427831783
2026-08-31T21:59:11.712,124790968,P015,finger_still,VALID,,,,1205,4342847,113669,113233,114321.45,114282.61,-652.45,-1049.61,-1090.17,1016.09,False,False,nan,True,0.7263,83.77,97.75,True,0,COLLECTING,0,,0,,,,,2,84,97,30,60,0.9995684068636823,0.24494897427831783
2026-08-31T21:59:11.846,124791093,P015,finger_still,VALID,,,,1206,4342887,113691,113284,114308.84,114262.64,-617.84,-978.64,-1062.29,1017.01,False,False,nan,True,0.7263,83.77,97.75,True,0,COLLECTING,0,,0,,,,,2,84,97,30,60,0.9995684068636823,0.24494897427831783
2026-08-31T21:59:11.858,124791109,P015,finger_still,VALID,,,,1207,4342927,113705,113323,114296.76,114243.85,-591.76,-920.85,-1026.93,1017.21,False,False,nan,True,0.7263,83.77,97.75,True,0,COLLECTING,0,,0,,,,,2,84,97,30,60,0.9995684068636823,0.24494897427831783
2026-08-31T21:59:11.869,124791125,P015,finger_still,VALID,,,,1208,4342967,113703,113312,114284.88,114225.21,-581.88,-913.21,-998.5,1016.83,False,False,nan,True,0.7263,83.77,97.75,True,0,COLLECTING,0,,0,,,,,2,84,97,30,60,0.9995684068636823,0.24494897427831783
2026-08-31T21:59:11.878,124791125,P015,finger_still,VALID,,,,1209,4343007,113672,113277,114272.62,114206.25,-600.62,-929.25,-981.19,1016.12,False,False,nan,True,0.7263,83.77,97.75,True,0,COLLECTING,0,,0,,,,,2,84,97,30,60,0.9995684068636823,0.24494897427831783
2026-08-31T21:59:11.912,124791156,P015,finger_still,VALID,,,,1210,4343047,113637,113224,114259.91,114186.6,-622.91,-962.6,-976.54,1015.33,False,False,nan,True,0.7263,83.77,97.75,True,0,COLLECTING,0,,0,,,,,2,84,97,30,60,0.9995684068636823,0.24494897427831783
2026-08-31T21:59:12.048,124791296,P015,finger_still,VALID,,,,1211,4343097,113610,113110,114246.91,114165.07,-636.91,-1055.07,-996.17,1014.95,False,False,nan,True,0.7263,83.77,97.75,True,0,COLLECTING,0,,0,,,,,2,84,97,30,60,1.0004419023611517,0.24494897427831783
2026-08-31T21:59:12.057,124791312,P015,finger_still,VALID,,,,1212,4343137,113604,113121,114234.05,114144.19,-630.05,-1023.19,-1002.93,1014.71,False,False,nan,True,0.7263,83.77,97.75,True,0,COLLECTING,0,,0,,,,,2,84,97,30,60,1.0004419023611517,0.24494897427831783
2026-08-31T21:59:12.070,124791328,P015,finger_still,VALID,,,,1213,4343177,113608,113138,114221.53,114124.06,-613.53,-986.06,-998.71,1014.39,False,False,nan,True,0.7263,83.77,97.75,True,0,COLLECTING,0,,0,,,,,2,84,97,30,60,1.0004419023611517,0.24494897427831783
2026-08-31T21:59:12.078,124791328,P015,finger_still,VALID,,,,1214,4343217,113613,113178,114209.36,114105.14,-596.36,-927.14,-980.82,1013.72,False,False,nan,True,0.7263,83.77,97.75,True,0,COLLECTING,0,,0,,,,,2,84,97,30,60,1.0004419023611517,0.24494897427831783
2026-08-31T21:59:12.122,124791375,P015,finger_still,VALID,,,,1215,4343257,113544,112978,114196.05,114082.6,-652.05,-1104.6,-1011.76,1013.68,False,False,nan,True,0.7263,83.77,97.75,True,0,COLLECTING,0,,0,,,,,2,84,97,30,60,1.0004419023611517,0.24494897427831783
2026-08-31T21:59:12.251,124791500,P015,finger_still,VALID,,,,1216,4343297,113436,112797,114180.85,114056.89,-744.85,-1259.89,-1073.8,1014.88,False,False,nan,True,0.7263,83.77,97.75,True,0,COLLECTING,0,,0,,,,,2,84,97,30,60,0.9995684068636823,0.24494897427831783
2026-08-31T21:59:12.261,124791515,P015,finger_still,VALID,,,,1217,4343337,113405,112683,114165.34,114029.41,-760.34,-1346.41,-1141.95,1017.42,False,False,nan,True,0.7263,83.77,97.75,True,0,COLLECTING,0,,0,,,,,2,84,97,30,60,0.9995684068636823,0.24494897427831783
2026-08-31T21:59:12.269,124791515,P015,finger_still,VALID,,,,1218,4343377,113417,112729,114150.37,114003.41,-733.37,-1274.41,-1175.06,1020.57,False,False,nan,True,0.7263,83.77,97.75,True,0,COLLECTING,0,,0,,,,,2,84,97,30,60,0.9995684068636823,0.24494897427831783
2026-08-31T21:59:12.279,124791531,P015,finger_still,VALID,,,,1219,4343417,113425,112725,114135.86,113977.84,-710.86,-1252.84,-1194.51,1024.05,False,False,nan,True,0.7263,83.77,97.75,True,0,COLLECTING,0,,0,,,,,2,84,97,30,60,0.9995684068636823,0.24494897427831783
2026-08-31T21:59:12.321,124791578,P015,finger_still,VALID,,,,1220,4343457,113419,112735,114121.52,113952.98,-702.52,-1217.98,-1200.37,1027.58,False,False,nan,True,0.7263,83.77,97.75,True,0,COLLECTING,0,,0,,,,,2,84,97,30,60,0.9995684068636823,0.24494897427831783
2026-08-31T21:59:12.446,124791703,P015,finger_still,VALID,,,,1221,4343497,113424,112693,114107.57,113927.77,-683.57,-1234.77,-1208.97,1031.21,False,False,nan,True,0.7263,83.77,97.75,True,0,COLLECTING,0,,0,,,,,2,84,97,30,60,1.0004419023611517,0.24494897427831783
2026-08-31T21:59:12.458,124791703,P015,finger_still,VALID,,,,1222,4343537,113405,112678,114093.52,113902.78,-688.52,-1224.78,-1212.93,1034.84,False,False,nan,True,0.7263,83.77,97.75,True,0,COLLECTING,0,,0,,,,,2,84,97,30,60,1.0004419023611517,0.24494897427831783
2026-08-31T21:59:12.470,124791718,P015,finger_still,VALID,,,,1223,4343577,113371,112658,114079.06,113877.88,-708.06,-1219.88,-1214.67,1038.44,False,False,nan,True,0.7263,83.77,97.75,True,0,COLLECTING,0,,0,,,,,2,84,97,30,60,1.0004419023611517,0.24494897427831783
2026-08-31T21:59:12.479,124791734,P015,finger_still,VALID,,,,1224,4343617,113371,112655,114064.9,113853.42,-693.9,-1198.42,-1210.6,1041.88,False,False,nan,True,0.7263,83.77,97.75,True,0,COLLECTING,0,,0,,,,,2,84,97,30,60,1.0004419023611517,0.24494897427831783
2026-08-31T21:59:12.521,124791765,P015,finger_still,VALID,,,,1225,4343657,113390,112640,114051.4,113829.16,-661.4,-1189.16,-1205.24,1045.15,False,False,nan,True,0.7263,83.77,97.75,True,0,COLLECTING,0,,0,,,,,2,84,97,30,60,1.0004419023611517,0.24494897427831783
2026-08-31T21:59:12.647,124791906,P015,finger_still,VALID,,,,1226,4343697,113398,112724,114038.33,113807.05,-640.33,-1083.05,-1174.7,1047.74,False,False,nan,True,0.7263,83.77,97.75,True,0,COLLECTING,0,,0,,,,,2,84,97,30,60,0.9995684068636823,0.24494897427831783
2026-08-31T21:59:12.658,124791906,P015,finger_still,VALID,,,,1227,4343737,113405,112675,114025.66,113784.41,-620.66,-1109.41,-1158.38,1049.95,False,False,nan,True,0.7263,83.77,97.75,True,0,COLLECTING,0,,0,,,,,2,84,97,30,60,0.9995684068636823,0.24494897427831783
2026-08-31T21:59:12.671,124791921,P015,finger_still,VALID,,,,1228,4343777,113383,112769,114012.81,113764.11,-629.81,-995.11,-1117.56,1051.3,False,False,nan,True,0.7263,83.77,97.75,True,0,COLLECTING,0,,0,,,,,2,84,97,30,60,0.9995684068636823,0.24494897427831783
2026-08-31T21:59:12.686,124791937,P015,finger_still,VALID,,,,1229,4343817,113401,112755,114000.58,113743.93,-599.58,-988.93,-1085.4,1051.99,False,False,nan,True,0.7263,83.77,97.75,True,0,COLLECTING,0,,0,,,,,2,84,97,30,60,0.9995684068636823,0.24494897427831783
2026-08-31T21:59:12.721,124791968,P015,finger_still,VALID,,,,1230,4343857,113396,112723,113988.48,113723.51,-592.48,-1000.51,-1064.18,1052.23,False,False,nan,True,0.7263,83.77,97.75,True,0,COLLECTING,0,,0,,,,,2,84,97,30,60,0.9995684068636823,0.24494897427831783
2026-08-31T21:59:12.846,124792093,P015,finger_still,VALID,,,,1231,4343897,113357,112698,113975.85,113703.0,-618.85,-1005.0,-1049.38,1052.17,False,False,nan,True,0.7263,83.77,97.75,True,0,COLLECTING,0,,0,,,,,2,84,97,30,60,0.9995684068636823,0.24494897427831783
2026-08-31T21:59:12.857,124792109,P015,finger_still,VALID,,,,1232,4343937,113344,112621,113963.21,113681.36,-619.21,-1060.36,-1052.13,1052.17,False,False,nan,True,0.7263,83.77,97.75,True,0,COLLECTING,0,,0,,,,,2,84,97,30,60,0.9995684068636823,0.24494897427831783
2026-08-31T21:59:12.869,124792125,P015,finger_still,VALID,,,,1233,4343977,113314,112640,113950.23,113660.53,-636.23,-1020.53,-1044.23,1052.01,False,False,nan,True,0.7263,83.77,97.75,True,0,COLLECTING,0,,0,,,,,2,84,97,30,60,0.9995684068636823,0.24494897427831783
2026-08-31T21:59:12.879,124792125,P015,finger_still,VALID,,,,1234,4344017,113295,112617,113937.12,113639.66,-642.12,-1022.66,-1038.84,1051.75,False,False,nan,True,0.7263,83.77,97.75,True,0,COLLECTING,0,,0,,,,,2,84,97,30,60,0.9995684068636823,0.24494897427831783
2026-08-31T21:59:12.921,124792171,P015,finger_still,VALID,,,,1235,4344057,113283,112586,113924.04,113618.59,-641.04,-1032.59,-1037.28,1051.46,False,False,nan,True,0.7263,83.77,97.75,True,0,COLLECTING,0,,0,,,,,2,84,97,30,60,0.9995684068636823,0.24494897427831783
2026-08-31T21:59:13.047,124792296,P015,finger_still,VALID,,,,1236,4344097,113288,112615,113911.32,113598.52,-623.32,-983.52,-1023.84,1050.91,False,False,nan,True,0.7263,83.77,97.75,True,0,COLLECTING,0,,0,,,,,2,84,97,30,60,1.0000144998948766,0.24494897427831783
2026-08-31T21:59:13.058,124792312,P015,finger_still,VALID,,,,1237,4344137,113246,112496,113898.02,113576.48,-652.02,-1080.48,-1038.0,1050.65,False,False,nan,True,0.7263,83.77,97.75,True,0,COLLECTING,0,,0,,,,,2,84,97,30,60,1.0000144998948766,0.24494897427831783
2026-08-31T21:59:13.069,124792328,P015,finger_still,VALID,,,,1238,4344177,113298,112571,113886.02,113556.37,-588.02,-985.37,-1024.84,1050.13,False,False,nan,True,0.7263,83.77,97.75,True,0,COLLECTING,0,,0,,,,,2,84,97,30,60,1.0000144998948766,0.24494897427831783
2026-08-31T21:59:13.079,124792328,P015,finger_still,VALID,,,,1239,4344217,113321,112589,113874.72,113537.02,-553.72,-948.02,-1005.64,1049.24,False,False,nan,True,0.7263,83.77,97.75,True,0,COLLECTING,0,,0,,,,,2,84,97,30,60,1.0000144998948766,0.24494897427831783
2026-08-31T21:59:13.121,124792375,P015,finger_still,VALID,,,,1240,4344257,113331,112598,113863.84,113518.24,-532.84,-920.24,-984.29,1047.94,False,False,nan,True,0.7263,83.77,97.75,True,0,COLLECTING,0,,0,,,,,2,84,97,30,60,1.0000144998948766,0.24494897427831783
2026-08-31T21:59:13.246,124792500,P015,finger_still,VALID,,,,1241,4344297,113329,112561,113853.15,113499.09,-524.15,-938.09,-972.74,1046.44,False,False,nan,True,0.7263,83.77,97.75,True,0,COLLECTING,0,,0,,,,,2,84,97,30,60,1.0004419023611517,0.24494897427831783
2026-08-31T21:59:13.258,124792515,P015,finger_still,VALID,,,,1242,4344337,113366,112604,113843.41,113481.2,-477.41,-877.2,-948.85,1044.49,False,False,nan,True,0.7263,83.77,97.75,True,0,COLLECTING,0,,0,,,,,2,84,97,30,60,1.0004419023611517,0.24494897427831783
2026-08-31T21:59:13.270,124792515,P015,finger_still,VALID,,,,1243,4344377,113311,112539,113832.76,113462.35,-521.76,-923.35,-942.48,1042.45,False,False,nan,True,0.7263,83.77,97.75,True,0,COLLECTING,0,,0,,,,,2,84,97,30,60,1.0004419023611517,0.24494897427831783
2026-08-31T21:59:13.278,124792531,P015,finger_still,VALID,,,,1244,4344417,113274,112526,113821.59,113443.62,-547.59,-917.62,-936.26,1040.32,False,False,nan,True,0.7263,83.77,93.58,True,0,COLLECTING,0,,0,,,,,2,84,97,30,60,1.0004419023611517,0.24494897427831783
2026-08-31T21:59:13.321,124792578,P015,finger_still,VALID,,,,1245,4344457,113311,112533,113811.38,113425.41,-500.38,-892.41,-925.3,1038.02,False,False,nan,True,0.7263,83.77,93.58,True,0,COLLECTING,0,,0,,,,,2,84,97,30,60,1.0004419023611517,0.24494897427831783
2026-08-31T21:59:13.453,124792703,P015,finger_still,VALID,,,,1246,4344497,113365,112591,113802.45,113408.73,-437.45,-817.73,-898.41,1035.23,False,False,nan,True,0.7263,83.77,93.58,True,0,COLLECTING,0,,0,,,,,2,84,97,30,60,1.0004419023611517,0.24494897427831783
2026-08-31T21:59:13.462,124792718,P015,finger_still,VALID,,,,1247,4344537,113306,112607,113792.52,113392.7,-486.52,-785.7,-870.23,1031.93,False,False,nan,True,0.7263,83.77,93.58,True,0,COLLECTING,0,,0,,,,,2,84,97,30,60,1.0004419023611517,0.24494897427831783
2026-08-31T21:59:13.471,124792718,P015,finger_still,VALID,,,,1248,4344577,113355,112623,113783.77,113377.3,-428.77,-754.3,-841.25,1028.12,False,False,nan,True,0.7263,83.77,93.58,True,0,COLLECTING,0,,0,,,,,2,84,97,30,60,1.0004419023611517,0.24494897427831783
2026-08-31T21:59:13.479,124792734,P015,finger_still,VALID,,,,1249,4344617,113360,112679,113775.29,113363.34,-415.29,-684.34,-802.02,1023.6,False,False,nan,True,0.7263,83.77,93.58,True,0,COLLECTING,0,,0,,,,,2,84,97,30,60,1.0004419023611517,0.24494897427831783
2026-08-31T21:59:13.521,124792765,P015,finger_still,VALID,,,,1250,4344657,113371,112634,113767.2,113348.75,-396.2,-714.75,-780.2,1018.73,False,False,nan,True,0.7263,83.77,93.58,True,0,COLLECTING,0,,0,,,,,2,84,97,30,60,1.0004419023611517,0.24494897427831783
2026-08-31T21:59:13.647,124792890,P015,finger_still,VALID,,,,1251,4344697,113393,112704,113759.72,113335.85,-366.72,-631.85,-743.11,1013.22,False,False,nan,True,0.7263,83.77,93.58,True,0,COLLECTING,0,,0,,,,,2,84,97,30,60,1.0004419023611517,0.24494897427831783
2026-08-31T21:59:13.658,124792906,P015,finger_still,VALID,,,,1252,4344737,113393,112726,113752.38,113323.66,-359.38,-597.66,-706.75,1007.09,False,False,nan,True,0.7263,83.77,93.58,True,0,COLLECTING,0,,0,,,,,2,84,97,30,60,1.0004419023611517,0.24494897427831783
2026-08-31T21:59:13.669,124792921,P015,finger_still,VALID,,,,1253,4344777,113425,112736,113745.84,113311.91,-320.84,-575.91,-674.04,1000.43,False,False,nan,True,0.7263,83.77,93.58,True,0,COLLECTING,0,,0,,,,,2,84,97,30,60,1.0004419023611517,0.24494897427831783
2026-08-31T21:59:13.678,124792921,P015,finger_still,VALID,,,,1254,4344817,113394,112796,113738.8,113301.59,-344.8,-505.59,-631.93,993.06,False,False,nan,True,0.7263,83.77,93.58,True,0,COLLECTING,0,,0,,,,,2,84,97,30,60,1.0004419023611517,0.24494897427831783
2026-08-31T21:59:13.720,124792968,P015,finger_still,VALID,,,,1255,4344857,113431,112783,113732.64,113291.21,-301.64,-508.21,-601.0,985.21,False,False,nan,True,0.7263,83.77,93.58,True,0,COLLECTING,0,,0,,,,,2,84,97,30,60,1.0004419023611517,0.24494897427831783
2026-08-31T21:59:13.846,124793093,P015,finger_still,VALID,,,,1256,4344897,113409,112798,113726.16,113281.34,-317.16,-483.34,-571.58,976.94,False,False,nan,True,0.7263,83.77,93.58,True,0,COLLECTING,0,,0,,,,,2,84,97,30,60,0.999336780069662,0.30000000000000004
2026-08-31T21:59:13.858,124793109,P015,finger_still,VALID,,,,1257,4344937,113315,112585,113717.94,113267.41,-402.94,-682.41,-599.29,969.39,False,False,nan,True,0.7263,83.77,93.58,True,0,COLLECTING,0,,0,,,,,2,84,97,30,60,0.999336780069662,0.30000000000000004
2026-08-31T21:59:13.871,124793125,P015,finger_still,VALID,,,,1258,4344977,113236,112391,113708.3,113249.88,-472.3,-858.88,-664.19,963.28,False,False,nan,True,0.7263,83.77,93.58,True,0,COLLECTING,0,,0,,,,,2,84,97,30,60,0.999336780069662,0.30000000000000004
2026-08-31T21:59:13.879,124793125,P015,finger_still,VALID,,,,1259,4345017,113220,112350,113698.53,113231.88,-478.53,-881.88,-718.61,958.39,False,False,nan,True,0.7263,83.77,93.58,True,0,COLLECTING,0,,0,,,,,2,84,97,30,60,0.999336780069662,0.30000000000000004
2026-08-31T21:59:13.922,124793171,P015,finger_still,VALID,,,,1260,4345057,113229,112394,113689.14,113215.12,-460.14,-821.12,-744.24,954.11,False,False,nan,True,0.7263,83.77,93.58,True,0,COLLECTING,0,,0,,,,,2,84,97,30,60,0.999336780069662,0.30000000000000004
2026-08-31T21:59:14.048,124793296,P015,finger_still,VALID,,,,1261,4345097,113246,112366,113680.28,113198.14,-434.28,-832.14,-766.22,950.35,False,False,nan,True,0.7263,83.77,93.58,True,0,COLLECTING,0,,0,,,,,2,84,97,30,60,0.9995684068636823,0.24494897427831783
2026-08-31T21:59:14.059,124793312,P015,finger_still,VALID,,,,1262,4345137,113258,112364,113671.84,113181.46,-413.84,-817.46,-779.03,946.92,False,False,nan,True,0.7263,83.77,93.58,True,0,COLLECTING,0,,0,,,,,2,84,97,30,60,0.9995684068636823,0.24494897427831783
2026-08-31T21:59:14.070,124793328,P015,finger_still,VALID,,,,1263,4345177,113215,112382,113662.7,113165.47,-447.7,-783.47,-780.14,943.59,False,False,nan,True,0.7263,83.77,93.58,True,0,COLLECTING,0,,0,,,,,2,84,97,30,60,0.9995684068636823,0.24494897427831783
2026-08-31T21:59:14.078,124793328,P015,finger_still,VALID,,,,1264,4345217,113197,112336,113653.39,113148.88,-456.39,-812.88,-788.32,940.48,False,False,nan,True,0.7263,83.77,93.58,True,0,COLLECTING,0,,0,,,,,2,84,97,30,60,0.9995684068636823,0.24494897427831783
2026-08-31T21:59:14.121,124793375,P015,finger_still,VALID,,,,1265,4345257,113176,112306,113643.84,113132.02,-467.84,-826.02,-797.75,937.63,False,False,nan,True,0.7263,83.77,93.58,True,0,COLLECTING,0,,0,,,,,2,84,97,30,60,0.9995684068636823,0.24494897427831783
2026-08-31T21:59:14.247,124793500,P015,finger_still,VALID,,,,1266,4345297,113153,112302,113634.02,113115.42,-481.02,-813.42,-801.67,934.91,False,False,nan,True,0.7263,83.77,93.58,True,0,COLLECTING,0,,0,,,,,2,84,97,30,60,1.0004419023611517,0.24494897427831783
2026-08-31T21:59:14.257,124793515,P015,finger_still,VALID,,,,1267,4345337,113156,112335,113624.46,113099.81,-468.46,-764.81,-792.45,932.06,False,False,nan,True,0.7263,83.77,93.58,True,0,COLLECTING,0,,0,,,,,2,84,97,30,60,1.0004419023611517,0.24494897427831783
2026-08-31T21:59:14.270,124793515,P015,finger_still,VALID,,,,1268,4345377,113161,112363,113615.2,113085.08,-454.2,-722.08,-774.86,928.92,False,False,nan,True,0.7263,83.77,93.58,True,0,COLLECTING,0,,0,,,,,2,84,97,30,60,1.0004419023611517,0.24494897427831783
2026-08-31T21:59:14.280,124793531,P015,finger_still,VALID,,,,1269,4345417,113226,112405,113607.41,113071.48,-381.41,-666.48,-747.76,925.29,False,False,nan,True,0.7263,83.77,93.58,True,0,COLLECTING,0,,0,,,,,2,84,97,30,60,1.0004419023611517,0.24494897427831783
2026-08-31T21:59:14.322,124793578,P015,finger_still,VALID,,,,1270,4345457,113201,112443,113599.29,113058.91,-398.29,-615.91,-714.8,921.08,False,False,nan,True,0.7263,83.77,93.58,True,0,COLLECTING,0,,0,,,,,2,84,97,30,60,1.0004419023611517,0.24494897427831783
2026-08-31T21:59:14.448,124793703,P015,finger_still,VALID,,,,1271,4345497,113240,112453,113592.1,113046.79,-352.1,-593.79,-684.55,916.35,False,False,nan,True,0.7263,83.77,93.58,True,0,COLLECTING,0,,0,,,,,2,84,97,30,60,1.0004419023611517,0.24494897427831783
2026-08-31T21:59:14.458,124793703,P015,finger_still,VALID,,,,1272,4345537,113221,112460,113584.68,113035.05,-363.68,-575.05,-657.17,911.17,False,False,nan,True,0.7263,83.77,93.58,True,0,COLLECTING,0,,0,,,,,2,84,97,30,60,1.0004419023611517,0.24494897427831783
2026-08-31T21:59:14.470,124793718,P015,finger_still,VALID,,,,1273,4345577,113237,112465,113577.73,113023.66,-340.73,-558.66,-632.54,905.6,False,False,nan,True,0.7263,83.77,93.58,True,0,COLLECTING,0,,0,,,,,2,84,97,30,60,1.0004419023611517,0.24494897427831783
2026-08-31T21:59:14.479,124793734,P015,finger_still,VALID,,,,1274,4345617,113233,112472,113570.84,113012.62,-337.84,-540.62,-609.56,899.68,False,False,nan,True,0.7263,83.77,93.58,True,0,COLLECTING,0,,0,,,,,2,84,97,30,60,1.0004419023611517,0.24494897427831783
2026-08-31T21:59:14.522,124793765,P015,finger_still,VALID,,,,1275,4345657,113238,112497,113564.18,113002.31,-326.18,-505.31,-583.5,893.35,False,False,nan,True,0.7263,83.77,93.58,True,0,COLLECTING,0,,0,,,,,2,84,97,30,60,1.0004419023611517,0.24494897427831783
2026-08-31T21:59:14.650,124793906,P015,finger_still,VALID,,,,1276,4345697,113246,112519,113557.81,112992.65,-311.81,-473.65,-556.04,886.61,False,False,nan,True,0.7263,83.77,93.58,True,0,COLLECTING,0,,0,,,,,2,84,97,30,60,0.9995684068636823,0.24494897427831783
2026-08-31T21:59:14.660,124793906,P015,finger_still,VALID,,,,1277,4345737,113267,112543,113552.0,112983.66,-285.0,-440.66,-527.19,879.42,False,False,nan,True,0.7263,83.77,93.58,True,0,COLLECTING,0,,0,,,,,2,84,97,30,60,0.9995684068636823,0.24494897427831783
2026-08-31T21:59:14.671,124793921,P015,finger_still,VALID,,,,1278,4345777,113249,112547,113545.94,112974.92,-296.94,-427.92,-502.38,871.88,False,False,nan,True,0.7263,83.77,93.58,True,0,COLLECTING,0,,0,,,,,2,84,97,30,60,0.9995684068636823,0.24494897427831783
2026-08-31T21:59:14.680,124793937,P015,finger_still,VALID,,,,1279,4345817,113164,112376,113538.3,112962.95,-374.3,-586.95,-523.52,864.91,False,False,nan,True,0.7263,83.77,93.58,True,0,COLLECTING,0,,0,,,,,2,84,97,30,60,0.9995684068636823,0.24494897427831783
2026-08-31T21:59:14.723,124793968,P015,finger_still,VALID,,,,1280,4345857,113061,112123,113528.75,112946.15,-467.75,-823.15,-598.43,859.58,False,False,nan,True,0.7263,83.77,93.58,True,0,COLLECTING,0,,0,,,,,2,84,97,30,60,0.9995684068636823,0.24494897427831783
2026-08-31T21:59:14.847,124794093,P015,finger_still,VALID,,,,1281,4345897,113017,112027,113518.52,112927.77,-501.52,-900.77,-674.01,855.87,False,False,nan,True,0.7263,83.77,93.58,True,0,COLLECTING,0,,0,,,,,2,84,97,30,60,0.9991406307422394,0.24494897427831783
2026-08-31T21:59:14.858,124794109,P015,finger_still,VALID,,,,1282,4345937,113041,112029,113508.97,112909.79,-467.97,-880.79,-725.71,853.27,False,False,nan,True,0.7263,83.77,93.58,True,0,COLLECTING,0,,0,,,,,2,84,97,30,60,0.9991406307422394,0.24494897427831783
2026-08-31T21:59:14.870,124794125,P015,finger_still,VALID,,,,1283,4345977,113025,112027,113499.29,112892.13,-474.29,-865.13,-760.56,851.41,False,False,nan,True,0.7263,83.77,93.58,True,0,COLLECTING,0,,0,,,,,2,84,97,30,60,0.9991406307422394,0.24494897427831783
2026-08-31T21:59:14.878,124794125,P015,finger_still,VALID,,,,1284,4346017,113013,112033,113489.56,112874.95,-476.56,-841.95,-780.91,850.0,False,False,nan,True,0.7263,83.77,93.58,True,0,COLLECTING,0,,0,,,,,2,84,97,30,60,0.9991406307422394,0.24494897427831783
2026-08-31T21:59:14.923,124794171,P015,finger_still,VALID,,,,1285,4346057,113040,112059,113480.57,112858.63,-440.57,-799.63,-785.59,848.71,False,False,nan,True,0.7263,83.77,93.58,True,0,COLLECTING,0,,0,,,,,2,84,97,30,60,0.9991406307422394,0.24494897427831783
2026-08-31T21:59:15.047,124794296,P015,finger_still,VALID,,,,1286,4346097,112995,112031,113470.86,112842.08,-475.86,-811.08,-791.96,847.58,False,False,nan,True,0.7263,83.77,93.58,True,0,COLLECTING,0,,0,,,,,2,84,97,30,60,0.9991406307422394,0.24494897427831783
2026-08-31T21:59:15.058,124794312,P015,finger_still,VALID,,,,1287,4346137,112970,111979,113460.84,112824.82,-490.84,-845.82,-805.43,846.73,False,False,nan,True,0.7263,83.77,93.58,True,0,COLLECTING,0,,0,,,,,2,84,97,30,60,0.9991406307422394,0.24494897427831783
2026-08-31T21:59:15.070,124794328,P015,finger_still,VALID,,,,1288,4346177,112968,111963,113450.98,112807.59,-482.98,-844.59,-815.22,846.1,False,False,nan,True,0.7263,83.77,93.58,True,0,COLLECTING,0,,0,,,,,2,84,97,30,60,0.9991406307422394,0.24494897427831783
2026-08-31T21:59:15.079,124794328,P015,finger_still,VALID,,,,1289,4346217,112990,111986,113441.77,112791.16,-451.77,-805.16,-812.7,845.44,False,False,nan,True,0.7263,83.77,93.58,True,0,COLLECTING,0,,0,,,,,2,84,97,30,60,0.9991406307422394,0.24494897427831783
2026-08-31T21:59:15.121,124794375,P015,finger_still,VALID,,,,1290,4346257,112986,112011,113432.65,112775.55,-446.65,-764.55,-800.66,844.54,False,False,nan,True,0.7263,83.77,93.58,True,0,COLLECTING,0,,0,,,,,2,84,97,30,60,0.9991406307422394,0.24494897427831783
2026-08-31T21:59:15.247,124794500,P015,finger_still,VALID,,,,1291,4346297,113008,112047,113424.16,112760.98,-416.16,-713.98,-778.99,843.23,False,False,nan,True,0.7263,83.77,93.58,True,0,COLLECTING,0,,0,,,,,2,84,97,30,60,1.0002104778495375,0.24494897427831783
2026-08-31T21:59:15.258,124794515,P015,finger_still,VALID,,,,1292,4346337,113018,112064,113416.03,112747.05,-398.03,-683.05,-755.01,841.47,False,False,nan,True,0.7263,83.77,93.58,True,0,COLLECTING,0,,0,,,,,2,84,97,30,60,1.0002104778495375,0.24494897427831783
2026-08-31T21:59:15.270,124794515,P015,finger_still,VALID,,,,1293,4346377,113012,112081,113407.95,112733.73,-395.95,-652.73,-729.44,839.23,False,False,nan,True,0.7263,83.77,93.58,True,0,COLLECTING,0,,0,,,,,2,84,97,30,60,1.0002104778495375,0.24494897427831783
2026-08-31T21:59:15.280,124794531,P015,finger_still,VALID,,,,1294,4346417,113020,112091,113400.2,112720.88,-380.2,-629.88,-704.55,836.53,False,False,nan,True,0.7263,83.77,93.58,True,0,COLLECTING,0,,0,,,,,2,84,97,30,60,1.0002104778495375,0.24494897427831783
2026-08-31T21:59:15.321,124794578,P015,finger_still,VALID,,,,1295,4346457,113012,112104,113392.43,112708.54,-380.43,-604.54,-679.54,833.39,False,False,nan,True,0.7263,83.77,93.58,True,0,COLLECTING,0,,0,,,,,2,84,97,30,60,1.0002104778495375,0.24494897427831783
2026-08-31T21:59:15.447,124794703,P015,finger_still,VALID,,,,1296,4346497,113007,112093,113384.72,112696.23,-377.72,-603.23,-660.47,829.93,False,False,nan,True,0.7263,83.77,93.58,True,0,COLLECTING,0,,0,,,,,2,84,97,30,60,0.999336780069662,0.24494897427831783
2026-08-31T21:59:15.457,124794703,P015,finger_still,VALID,,,,1297,4346537,113014,112092,113377.3,112684.14,-363.3,-592.14,-643.38,826.2,False,False,nan,True,0.7263,83.77,93.58,True,0,COLLECTING,0,,0,,,,,2,84,97,30,60,0.999336780069662,0.24494897427831783
2026-08-31T21:59:15.469,124794718,P015,finger_still,VALID,,,,1298,4346577,113000,112087,113369.76,112672.2,-369.76,-585.2,-628.84,822.25,False,False,nan,True,0.7263,83.77,93.58,True,0,COLLECTING,0,,0,,,,,2,84,97,30,60,0.999336780069662,0.24494897427831783
2026-08-31T21:59:15.478,124794734,P015,finger_still,VALID,,,,1299,4346617,113003,112083,113362.42,112660.41,-359.42,-577.41,-615.98,818.13,False,False,nan,True,0.7263,83.77,93.58,True,0,COLLECTING,0,,0,,,,,2,84,97,30,60,0.999336780069662,0.24494897427831783
2026-08-31T21:59:15.521,124794765,P015,finger_still,VALID,,,,1300,4346657,113009,112110,113355.35,112649.41,-346.35,-539.41,-596.84,813.7,False,False,nan,True,0.7263,83.77,93.58,True,0,COLLECTING,0,,0,,,,,2,84,97,30,60,0.999336780069662,0.24494897427831783
2026-08-31T21:59:15.647,124794906,P015,finger_still,VALID,,,,1301,4346697,112995,112078,113348.15,112637.98,-353.15,-559.98,-587.62,809.18,False,False,nan,True,0.7263,83.77,93.58,True,0,COLLECTING,0,,0,,,,,2,84,97,30,60,1.0002104778495375,0.24494897427831783
2026-08-31T21:59:15.658,124794906,P015,finger_still,VALID,,,,1302,4346737,112911,111887,113339.41,112622.96,-428.41,-735.96,-624.71,805.49,False,False,nan,True,0.7263,83.77,93.58,True,0,COLLECTING,0,,0,,,,,2,84,97,30,60,1.0002104778495375,0.24494897427831783
2026-08-31T21:59:15.680,124794937,P015,finger_still,VALID,,,,1303,4346777,112874,111790,113330.1,112606.3,-456.1,-816.3,-672.61,802.83,False,False,nan,True,0.7263,83.77,93.58,True,0,COLLECTING,0,,0,,,,,2,84,97,30,60,1.0002104778495375,0.24494897427831783
2026-08-31T21:59:15.683,124794937,P015,finger_still,VALID,,,,1304,4346817,112906,111824,113321.62,112590.66,-415.62,-766.66,-696.12,800.7,False,False,nan,True,0.7263,83.77,93.58,True,0,COLLECTING,0,,0,,,,,2,84,97,30,60,1.0002104778495375,0.24494897427831783
2026-08-31T21:59:15.723,124794968,P015,finger_still,VALID,,,,1305,4346857,112916,111848,113313.51,112575.8,-397.51,-727.8,-704.04,798.77,False,False,nan,True,0.7263,83.77,93.58,True,0,COLLECTING,0,,0,,,,,2,84,97,30,60,1.0002104778495375,0.24494897427831783
2026-08-31T21:59:15.847,124795093,P015,finger_still,VALID,,,,1306,4346897,112899,111810,113305.22,112560.49,-406.22,-750.49,-715.65,797.1,False,False,nan,True,0.7263,83.77,93.58,True,0,COLLECTING,0,,0,,,,,2,84,97,30,60,1.0004419023611517,0.24494897427831783
2026-08-31T21:59:15.858,124795109,P015,finger_still,VALID,,,,1307,4346937,112893,111789,113296.98,112545.06,-403.98,-756.06,-725.76,795.68,False,False,nan,True,0.7263,83.77,93.58,True,0,COLLECTING,0,,0,,,,,2,84,97,30,60,1.0004419023611517,0.24494897427831783
2026-08-31T21:59:15.871,124795125,P015,finger_still,VALID,,,,1308,4346977,112904,111823,113289.12,112530.62,-385.12,-707.62,-721.22,794.19,False,False,nan,True,0.7263,83.77,93.58,True,0,COLLECTING,0,,0,,,,,2,84,97,30,60,1.0004419023611517,0.24494897427831783
2026-08-31T21:59:15.877,124795125,P015,finger_still,VALID,,,,1309,4347017,112931,111873,113281.95,112517.47,-350.95,-644.47,-702.03,792.35,False,False,nan,True,0.7263,83.77,93.58,True,0,COLLECTING,0,,0,,,,,2,84,97,30,60,1.0004419023611517,0.24494897427831783
2026-08-31T21:59:15.922,124795171,P015,finger_still,VALID,,,,1310,4347057,112933,111882,113274.98,112504.76,-341.98,-622.76,-682.22,790.14,False,False,nan,True,0.7263,83.77,93.58,True,0,COLLECTING,0,,0,,,,,2,84,97,30,60,1.0004419023611517,0.24494897427831783
2026-08-31T21:59:16.047,124795296,P015,finger_still,VALID,,,,1311,4347097,112949,111888,113268.46,112492.42,-319.46,-604.42,-662.77,787.6,False,False,nan,True,0.7263,83.77,93.58,True,0,COLLECTING,0,,0,,,,,2,84,97,30,60,1.0000144998948766,0.24494897427831783
2026-08-31T21:59:16.058,124795312,P015,finger_still,VALID,,,,1312,4347137,112952,111899,113262.13,112480.55,-310.13,-581.55,-642.46,784.69,False,False,nan,True,0.7263,83.77,93.58,True,0,COLLECTING,0,,0,,,,,2,84,97,30,60,1.0000144998948766,0.24494897427831783
2026-08-31T21:59:16.072,124795328,P015,finger_still,VALID,,,,1313,4347177,112933,111877,113255.55,112468.48,-322.55,-591.48,-629.72,781.59,False,False,nan,True,0.7263,83.77,93.58,True,0,COLLECTING,0,,0,,,,,2,84,97,30,60,1.0000144998948766,0.24494897427831783
2026-08-31T21:59:16.081,124795328,P015,finger_still,VALID,,,,1314,4347217,112903,111823,113248.49,112455.58,-345.49,-632.58,-630.43,778.57,False,False,nan,True,0.7263,83.77,93.58,True,0,COLLECTING,0,,0,,,,,2,84,97,30,60,1.0000144998948766,0.24494897427831783
2026-08-31T21:59:16.121,124795375,P015,finger_still,VALID,,,,1315,4347257,112877,111767,113241.06,112441.8,-364.06,-674.8,-641.53,775.83,False,False,nan,True,0.7263,83.77,93.58,True,0,COLLECTING,0,,0,,,,,2,84,97,30,60,1.0000144998948766,0.24494897427831783
2026-08-31T21:59:16.247,124795500,P015,finger_still,VALID,,,,1316,4347297,112961,111941,113235.46,112431.79,-274.46,-490.79,-603.84,772.39,False,False,nan,True,0.7263,83.77,93.58,True,0,COLLECTING,0,,0,,,,,2,84,97,30,60,0.9995684068636823,0.24494897427831783
2026-08-31T21:59:16.259,124795515,P015,finger_still,VALID,,,,1317,4347337,113060,112124,113231.95,112425.63,-171.95,-301.63,-528.29,767.51,False,False,nan,True,0.7263,83.77,93.58,True,0,COLLECTING,0,,0,,,,,2,84,97,30,60,0.9995684068636823,0.24494897427831783
2026-08-31T21:59:16.269,124795515,P015,finger_still,VALID,,,,1318,4347377,113103,112218,113229.38,112421.48,-126.38,-203.48,-447.09,761.1,False,False,nan,True,0.7263,83.77,93.58,True,0,COLLECTING,0,,0,,,,,2,84,97,30,60,0.9995684068636823,0.24494897427831783
2026-08-31T21:59:16.279,124795531,P015,finger_still,VALID,,,,1319,4347417,113191,112393,113228.61,112420.91,-37.61,-27.91,-342.29,752.72,False,False,nan,True,0.7263,83.77,93.58,True,0,COLLECTING,0,,0,,,,,2,84,97,30,60,0.9995684068636823,0.24494897427831783
2026-08-31T21:59:16.322,124795578,P015,finger_still,VALID,,,,1320,4347457,113311,112626,113230.26,112425.01,80.74,200.99,-206.47,741.8,False,False,nan,True,0.7263,83.77,93.58,True,0,COLLECTING,0,,0,,,,,2,84,97,30,60,0.9995684068636823,0.24494897427831783
2026-08-31T21:59:16.447,124795703,P015,finger_still,VALID,,,,1321,4347497,113287,112609,113231.39,112428.69,55.61,180.31,-109.77,729.16,False,False,nan,True,0.7263,83.77,93.58,True,0,COLLECTING,0,,0,,,,,1,84,97,30,60,0.9995684068636823,0.24494897427831783
2026-08-31T21:59:16.458,124795703,P015,finger_still,VALID,,,,1322,4347537,113262,112595,113232.0,112432.02,30.0,162.98,-41.58,715.41,False,False,nan,True,0.7263,83.77,93.58,True,0,COLLECTING,0,,0,,,,,1,84,97,30,60,0.9995684068636823,0.24494897427831783
2026-08-31T21:59:16.466,124795718,P015,finger_still,VALID,,,,1323,4347577,113240,112539,113232.16,112434.16,7.84,104.84,-4.98,701.2,False,False,nan,True,0.7263,83.77,93.58,True,0,COLLECTING,0,,0,,,,,1,84,97,30,60,0.9995684068636823,0.24494897427831783
2026-08-31T21:59:16.478,124795734,P015,finger_still,VALID,,,,1324,4347617,113075,112142,113229.02,112428.31,-154.02,-286.31,-75.31,688.68,False,False,nan,True,0.7263,83.77,93.58,True,0,COLLECTING,0,,0,,,,,1,84,97,30,60,0.9995684068636823,0.24494897427831783
2026-08-31T21:59:16.522,124795765,P015,finger_still,VALID,,,,1325,4347657,112883,111750,113222.09,112414.75,-339.09,-664.75,-222.67,679.36,False,False,nan,True,0.7263,83.77,93.58,True,0,COLLECTING,0,,0,,,,,1,84,97,30,60,0.9995684068636823,0.24494897427831783
2026-08-31T21:59:16.646,124795890,P015,finger_still,VALID,,,,1326,4347697,112912,111777,113215.89,112401.99,-303.89,-624.99,-323.25,672.24,False,False,nan,True,0.7263,83.77,93.58,True,0,COLLECTING,0,,0,,,,,1,84,97,30,60,0.9989089047555838,0.24494897427831783
2026-08-31T21:59:16.658,124795906,P015,finger_still,VALID,,,,1327,4347737,112965,111876,113210.88,112391.47,-245.88,-515.47,-371.31,666.22,False,False,nan,True,0.7263,83.77,93.58,True,0,COLLECTING,0,,0,,,,,1,84,97,30,60,0.9989089047555838,0.24494897427831783
2026-08-31T21:59:16.669,124795921,P015,finger_still,VALID,,,,1328,4347777,113085,112131,113208.36,112386.26,-123.36,-255.26,-342.29,659.74,False,False,nan,True,0.7263,83.77,93.58,True,0,COLLECTING,0,,0,,,,,1,84,97,30,60,0.9989089047555838,0.24494897427831783
2026-08-31T21:59:16.678,124795921,P015,finger_still,VALID,,,,1329,4347817,113200,112358,113208.2,112385.7,-8.2,-27.7,-263.64,651.82,False,False,nan,True,0.7263,83.77,93.58,True,0,COLLECTING,0,,0,,,,,1,84,97,30,60,0.9989089047555838,0.24494897427831783
2026-08-31T21:59:16.721,124795968,P015,finger_still,VALID,,,,1330,4347857,113255,112446,113209.13,112386.9,45.87,59.1,-182.96,642.44,False,False,nan,True,0.7263,83.77,93.58,True,0,COLLECTING,0,,0,,,,,1,84,97,30,60,0.9989089047555838,0.24494897427831783
2026-08-31T21:59:16.846,124796093,P015,finger_still,VALID,,,,1331,4347897,113249,112436,113209.93,112387.88,39.07,48.12,-125.19,632.1,False,False,nan,True,0.7263,83.77,93.58,True,0,COLLECTING,0,,0,,,,,1,84,97,30,60,0.999336780069662,0.17320508075688776
2026-08-31T21:59:16.858,124796109,P015,finger_still,VALID,,,,1332,4347937,113196,112328,113209.65,112386.69,-13.65,-58.69,-108.56,621.63,False,False,nan,True,0.7263,83.77,93.58,True,0,COLLECTING,0,,0,,,,,1,84,97,30,60,0.999336780069662,0.17320508075688776
2026-08-31T21:59:16.870,124796125,P015,finger_still,VALID,,,,1333,4347977,113171,112253,113208.88,112384.02,-37.88,-131.02,-114.18,611.48,False,False,nan,True,0.7263,83.77,93.58,True,0,COLLECTING,0,,0,,,,,1,84,97,30,60,0.999336780069662,0.17320508075688776
2026-08-31T21:59:16.878,124796125,P015,finger_still,VALID,,,,1334,4348017,113163,112239,113207.96,112381.12,-44.96,-142.12,-121.16,601.67,False,False,nan,True,0.7263,83.77,93.58,True,0,COLLECTING,0,,0,,,,,1,84,97,30,60,0.999336780069662,0.17320508075688776
2026-08-31T21:59:16.920,124796171,P015,finger_still,VALID,,,,1335,4348057,113109,112153,113205.98,112376.55,-96.98,-223.55,-146.76,592.57,False,False,nan,True,0.7263,83.77,93.58,True,0,COLLECTING,0,,0,,,,,1,84,97,30,60,0.999336780069662,0.17320508075688776
2026-08-31T21:59:17.046,124796296,P015,finger_still,VALID,,,,1336,4348097,113160,112248,113205.06,112373.98,-45.06,-125.98,-141.57,583.55,False,False,nan,True,0.7263,83.77,93.58,True,0,COLLECTING,0,,0,,,,,1,84,97,30,60,0.9997829764503894,0.17320508075688776
2026-08-31T21:59:17.057,124796312,P015,finger_still,VALID,,,,1337,4348137,113220,112353,113205.36,112373.56,14.64,-20.56,-111.32,574.11,False,False,nan,True,0.7263,83.77,93.58,True,0,COLLECTING,0,,0,,,,,1,84,97,30,60,0.9997829764503894,0.17320508075688776
2026-08-31T21:59:17.065,124796312,P015,finger_still,VALID,,,,1338,4348177,113235,112396,113205.95,112374.01,29.05,21.99,-77.99,564.18,False,False,nan,True,0.7263,83.77,93.58,True,0,COLLECTING,0,,0,,,,,1,84,97,30,60,0.9997829764503894,0.17320508075688776
2026-08-31T21:59:17.078,124796328,P015,finger_still,VALID,,,,1339,4348217,113280,112465,113207.44,112375.83,72.56,89.17,-36.2,553.62,False,False,nan,True,0.7263,83.77,93.58,True,0,COLLECTING,0,,0,,,,,1,84,97,30,60,0.9997829764503894,0.17320508075688776
2026-08-31T21:59:17.121,124796375,P015,finger_still,VALID,,,,1340,4348257,113352,112604,113210.33,112380.39,141.67,223.61,28.75,543.13,False,False,nan,True,0.7263,83.77,93.58,True,0,COLLECTING,0,,0,,,,,1,84,97,30,60,0.9997829764503894,0.17320508075688776
2026-08-31T21:59:17.246,124796500,P015,finger_still,VALID,,,,1341,4348297,113398,112702,113214.08,112386.82,183.92,315.18,100.36,534.27,False,False,nan,True,0.7263,83.77,93.58,True,0,COLLECTING,0,,0,,,,,0,84,97,30,60,1.0002104778495375,0.24494897427831783
2026-08-31T21:59:17.258,124796515,P015,finger_still,VALID,,,,1342,4348337,113489,112851,113219.58,112396.1,269.42,454.9,188.99,527.37,False,False,nan,True,0.7263,83.77,93.58,True,0,COLLECTING,0,,0,,,,,0,84,97,30,60,1.0002104778495375,0.24494897427831783
2026-08-31T21:59:17.265,124796515,P015,finger_still,VALID,,,,1343,4348377,113432,112757,113223.83,112403.32,208.17,353.68,230.17,521.42,False,False,nan,True,0.7263,83.77,93.58,True,0,COLLECTING,0,,0,,,,,0,84,97,30,60,1.0002104778495375,0.24494897427831783
2026-08-31T21:59:17.277,124796531,P015,finger_still,VALID,,,,1344,4348417,113279,112434,113224.93,112403.94,54.07,30.06,180.14,514.6,True,False,nan,True,0.572,83.77,96.14,True,0,COLLECTING,0,,0,,,,,0,84,97,30,60,1.0002104778495375,0.24494897427831783
2026-08-31T21:59:17.321,124796578,P015,finger_still,VALID,,,,1345,4348457,113200,112225,113224.43,112400.36,-24.43,-175.36,91.27,506.13,False,False,nan,True,0.572,83.77,96.14,True,0,COLLECTING,0,,0,,,,,0,84,97,30,60,1.0002104778495375,0.24494897427831783
2026-08-31T21:59:17.447,124796703,P015,finger_still,VALID,,,,1346,4348497,113216,112227,113224.26,112396.89,-8.26,-169.89,25.98,496.53,False,False,nan,True,0.572,83.77,96.14,True,0,COLLECTING,0,,0,,,,,0,84,97,30,60,0.999336780069662,0.17320508075688776
2026-08-31T21:59:17.459,124796703,P015,finger_still,VALID,,,,1347,4348537,113221,112234,113224.2,112393.63,-3.2,-159.63,-20.43,487.01,False,False,nan,True,0.572,83.77,96.14,True,0,COLLECTING,0,,0,,,,,0,84,97,30,60,0.999336780069662,0.17320508075688776
2026-08-31T21:59:17.467,124796718,P015,finger_still,VALID,,,,1348,4348577,113243,112298,113224.57,112391.72,18.43,-93.72,-38.75,478.04,False,False,nan,True,0.572,83.77,96.14,True,0,COLLECTING,0,,0,,,,,0,84,97,30,60,0.999336780069662,0.17320508075688776
2026-08-31T21:59:17.477,124796734,P015,finger_still,VALID,,,,1349,4348617,113281,112371,113225.7,112391.3,55.3,-20.3,-34.14,469.16,False,False,nan,True,0.572,83.77,96.14,True,0,COLLECTING,0,,0,,,,,0,84,97,30,60,0.999336780069662,0.17320508075688776
2026-08-31T21:59:17.521,124796765,P015,finger_still,VALID,,,,1350,4348657,113350,112501,113228.18,112393.5,121.82,107.5,1.27,459.8,False,False,nan,True,0.572,83.77,96.14,True,0,COLLECTING,0,,0,,,,,0,84,97,30,60,0.999336780069662,0.17320508075688776
2026-08-31T21:59:17.647,124796890,P015,finger_still,VALID,,,,1351,4348697,113435,112695,113232.31,112399.53,202.69,295.47,74.82,452.1,False,False,nan,True,0.572,83.77,96.14,True,0,COLLECTING,0,,0,,,,,0,84,97,30,60,1.0002104778495375,0.24494897427831783
2026-08-31T21:59:17.658,124796906,P015,finger_still,VALID,,,,1352,4348737,113531,112890,113238.29,112409.34,292.71,480.66,176.28,446.59,False,False,nan,True,0.572,83.77,96.14,True,0,COLLECTING,0,,0,,,,,0,84,97,30,60,1.0002104778495375,0.24494897427831783
2026-08-31T21:59:17.665,124796921,P015,finger_still,VALID,,,,1353,4348777,113567,112980,113244.86,112420.76,322.14,559.24,272.02,443.1,False,False,nan,True,0.572,83.77,96.14,True,0,COLLECTING,0,,0,,,,,0,84,97,30,60,1.0002104778495375,0.24494897427831783
2026-08-31T21:59:17.677,124796921,P015,finger_still,VALID,,,,1354,4348817,113599,113047,113251.95,112433.28,347.05,613.72,357.44,441.38,False,False,nan,True,0.572,83.77,96.14,True,0,COLLECTING,0,,0,,,,,0,84,97,30,60,1.0002104778495375,0.24494897427831783
2026-08-31T21:59:17.721,124796968,P015,finger_still,VALID,,,,1355,4348857,113616,113096,113259.23,112446.54,356.77,649.46,430.45,441.16,False,False,nan,True,0.572,83.77,96.14,True,0,COLLECTING,0,,0,,,,,0,84,97,30,60,1.0002104778495375,0.24494897427831783
2026-08-31T21:59:17.846,124797093,P015,finger_still,VALID,,,,1356,4348897,113619,113122,113266.42,112460.05,352.58,661.95,488.32,442.11,False,False,nan,True,0.572,83.77,96.14,True,0,COLLECTING,0,,0,,,,,0,84,97,30,60,0.9995684068636823,0.24494897427831783
2026-08-31T21:59:17.858,124797109,P015,finger_still,VALID,,,,1357,4348937,113623,113156,113273.55,112473.97,349.45,682.03,536.75,444.0,False,False,nan,True,0.572,83.77,96.14,True,0,COLLECTING,0,,0,,,,,0,84,97,30,60,0.9995684068636823,0.24494897427831783
2026-08-31T21:59:17.866,124797109,P015,finger_still,VALID,,,,1358,4348977,113595,113106,113279.98,112486.61,315.02,619.39,557.41,446.27,False,False,nan,True,0.572,83.77,96.14,True,0,COLLECTING,0,,0,,,,,0,84,97,30,60,0.9995684068636823,0.24494897427831783
2026-08-31T21:59:17.878,124797125,P015,finger_still,VALID,,,,1359,4349017,113483,112867,113284.05,112494.22,198.95,372.78,511.25,447.57,True,True,600.0,True,0.5622,85.56,96.14,True,0,COLLECTING,0,,0,,,,,0,84,97,30,60,0.9995684068636823,0.24494897427831783
2026-08-31T21:59:17.921,124797171,P015,finger_still,VALID,,,,1360,4349057,113357,112611,113285.51,112496.55,71.49,114.45,412.05,446.86,False,False,nan,True,0.5622,85.56,96.14,True,0,COLLECTING,0,,0,,,,,0,84,97,30,60,0.9995684068636823,0.24494897427831783
2026-08-31T21:59:18.047,124797296,P015,finger_still,VALID,,,,1361,4349097,113300,112508,113285.8,112496.78,14.2,11.22,311.84,444.16,False,False,nan,True,0.5622,85.56,96.14,True,0,COLLECTING,0,,0,,,,,1,84,97,30,60,0.9995684068636823,0.24494897427831783
2026-08-31T21:59:18.057,124797312,P015,finger_still,VALID,,,,1362,4349137,113382,112651,113287.72,112499.87,94.28,151.13,271.67,440.71,False,False,nan,True,0.5622,85.56,96.14,True,0,COLLECTING,0,,0,,,,,1,84,97,30,60,0.9995684068636823,0.24494897427831783
2026-08-31T21:59:18.065,124797312,P015,finger_still,VALID,,,,1363,4349177,113375,112619,113289.46,112502.25,85.54,116.75,232.94,436.55,False,False,nan,True,0.5622,85.56,96.14,True,0,COLLECTING,0,,0,,,,,1,84,97,30,60,0.9995684068636823,0.24494897427831783
2026-08-31T21:59:18.078,124797328,P015,finger_still,VALID,,,,1364,4349217,113303,112421,113289.73,112500.62,13.27,-79.62,154.8,430.92,False,False,nan,True,0.5622,85.56,96.14,True,0,COLLECTING,0,,0,,,,,1,84,97,30,60,0.9995684068636823,0.24494897427831783
2026-08-31T21:59:18.120,124797375,P015,finger_still,VALID,,,,1365,4349257,113278,112321,113289.5,112497.03,-11.5,-176.03,72.09,423.74,False,False,nan,True,0.5622,85.56,96.14,True,0,COLLECTING,0,,0,,,,,1,84,97,30,60,0.9995684068636823,0.24494897427831783
2026-08-31T21:59:18.246,124797500,P015,finger_still,VALID,,,,1366,4349297,113361,112451,113290.93,112496.11,70.07,-45.11,42.79,416.12,False,False,nan,True,0.5622,85.56,96.14,True,0,COLLECTING,0,,0,,,,,1,84,97,30,60,0.999336780069662,0.24494897427831783
2026-08-31T21:59:18.258,124797515,P015,finger_still,VALID,,,,1367,4349337,113480,112690,113294.71,112499.98,185.29,190.02,79.6,409.39,False,False,nan,True,0.5622,85.56,96.14,True,0,COLLECTING,0,,0,,,,,1,84,97,30,60,0.999336780069662,0.24494897427831783
2026-08-31T21:59:18.265,124797515,P015,finger_still,VALID,,,,1368,4349377,113640,112992,113301.62,112509.83,338.38,482.17,180.24,404.81,False,False,nan,True,0.5622,85.56,96.14,True,0,COLLECTING,0,,0,,,,,1,84,97,30,60,0.999336780069662,0.24494897427831783
2026-08-31T21:59:18.277,124797531,P015,finger_still,VALID,,,,1369,4349417,113782,113275,113311.23,112525.13,470.77,749.87,322.65,403.17,False,False,nan,True,0.5622,85.56,96.14,True,0,COLLECTING,0,,0,,,,,1,84,97,30,60,0.999336780069662,0.24494897427831783
2026-08-31T21:59:18.321,124797578,P015,finger_still,VALID,,,,1370,4349457,113866,113397,113322.32,112542.57,543.68,854.43,455.59,404.21,False,False,nan,True,0.5622,85.56,96.14,True,0,COLLECTING,0,,0,,,,,1,84,97,30,60,0.999336780069662,0.24494897427831783
2026-08-31T21:59:18.448,124797703,P015,finger_still,VALID,,,,1371,4349497,113762,113125,113331.12,112554.22,430.88,570.78,484.39,405.82,False,False,nan,True,0.5622,85.56,96.14,True,0,COLLECTING,0,,0,,,,,1,84,97,30,60,0.9995684068636823,0.24494897427831783
2026-08-31T21:59:18.457,124797703,P015,finger_still,VALID,,,,1372,4349537,113685,112956,113338.2,112562.26,346.8,393.74,461.73,406.94,True,True,520.0,True,0.5509,86.8,96.14,True,0,COLLECTING,0,,0,,,,,1,84,97,30,60,0.9995684068636823,0.24494897427831783
2026-08-31T21:59:18.469,124797718,P015,finger_still,VALID,,,,1373,4349577,113801,113181,113347.45,112574.63,453.55,606.37,497.89,408.75,False,False,nan,True,0.5509,86.8,96.14,True,0,COLLECTING,0,,0,,,,,1,84,97,30,60,0.9995684068636823,0.24494897427831783
2026-08-31T21:59:18.478,124797734,P015,finger_still,VALID,,,,1374,4349617,113931,113445,113359.12,112592.04,571.88,852.96,586.66,412.31,False,False,nan,True,0.5509,86.8,96.14,True,0,COLLECTING,0,,0,,,,,1,84,97,30,60,0.9995684068636823,0.24494897427831783
2026-08-31T21:59:18.520,124797765,P015,finger_still,VALID,,,,1375,4349657,113969,113537,113371.32,112610.94,597.68,926.06,671.51,417.5,False,False,nan,True,0.5509,86.8,96.14,True,0,COLLECTING,0,,0,,,,,1,84,97,30,60,0.9995684068636823,0.24494897427831783
2026-08-31T21:59:18.646,124797890,P015,finger_still,VALID,,,,1376,4349697,113998,113587,113383.85,112630.46,614.15,956.54,742.77,424.0,False,False,nan,True,0.5509,86.8,96.14,True,0,COLLECTING,0,,0,,,,,2,84,97,30,60,0.9995684068636823,0.24494897427831783
2026-08-31T21:59:18.658,124797906,P015,finger_still,VALID,,,,1377,4349737,114076,113745,113397.7,112652.75,678.3,1092.25,830.14,432.12,False,False,nan,True,0.5509,86.8,96.14,True,0,COLLECTING,0,,0,,,,,2,84,97,30,60,0.9995684068636823,0.24494897427831783
2026-08-31T21:59:18.669,124797921,P015,finger_still,VALID,,,,1378,4349777,114143,113860,113412.6,112676.9,730.4,1183.1,918.38,441.85,False,False,nan,True,0.5509,86.8,96.14,True,0,COLLECTING,0,,0,,,,,2,84,97,30,60,0.9995684068636823,0.24494897427831783
2026-08-31T21:59:18.682,124797937,P015,finger_still,VALID,,,,1379,4349817,114150,113848,113427.35,112700.32,722.65,1147.68,975.7,452.53,False,False,nan,True,0.5509,86.8,96.14,True,0,COLLECTING,0,,0,,,,,2,84,97,30,60,0.9995684068636823,0.24494897427831783
2026-08-31T21:59:18.722,124797968,P015,finger_still,VALID,,,,1380,4349857,114218,113955,113443.16,112725.41,774.84,1229.59,1039.17,464.26,False,False,nan,True,0.5509,86.8,96.14,True,0,COLLECTING,0,,0,,,,,2,84,97,30,60,0.9995684068636823,0.24494897427831783
2026-08-31T21:59:18.846,124798093,P015,finger_still,VALID,,,,1381,4349897,114207,113784,113458.44,112746.59,748.56,1037.41,1038.73,475.75,True,True,360.0,True,0.5457,87.43,96.14,True,0,COLLECTING,0,,0,,,,,2,84,97,30,60,1.0000144998948766,0.24494897427831783
2026-08-31T21:59:18.857,124798109,P015,finger_still,VALID,,,,1382,4349937,114215,113702,113473.57,112765.7,741.43,936.3,1013.13,486.5,False,False,nan,True,0.5457,87.43,96.14,True,0,COLLECTING,0,,0,,,,,2,84,97,30,60,1.0000144998948766,0.24494897427831783
2026-08-31T21:59:18.868,124798125,P015,finger_still,VALID,,,,1383,4349977,114125,113446,113486.6,112779.3,638.4,666.7,926.52,495.3,False,False,nan,True,0.5457,87.43,96.14,True,0,COLLECTING,0,,0,,,,,2,84,97,30,60,1.0000144998948766,0.24494897427831783
2026-08-31T21:59:18.877,124798125,P015,finger_still,VALID,,,,1384,4350017,113996,113194,113496.79,112787.6,499.21,406.4,796.49,501.32,False,False,nan,True,0.5457,87.43,96.14,True,0,COLLECTING,0,,0,,,,,2,84,97,30,60,1.0000144998948766,0.24494897427831783
2026-08-31T21:59:18.921,124798171,P015,finger_still,VALID,,,,1385,4350057,113964,113186,113506.13,112795.57,457.87,390.43,694.97,505.19,False,False,nan,True,0.5457,87.43,96.14,True,0,COLLECTING,0,,0,,,,,2,84,97,30,60,1.0000144998948766,0.24494897427831783
2026-08-31T21:59:19.046,124798296,P015,finger_still,VALID,,,,1386,4350097,113994,113331,113515.89,112806.28,478.11,524.72,652.41,508.14,False,False,nan,True,0.5457,87.43,96.14,True,0,COLLECTING,0,,0,,,,,3,84,97,30,60,0.9995684068636823,0.24494897427831783
2026-08-31T21:59:19.057,124798312,P015,finger_still,VALID,,,,1387,4350137,113995,113360,113525.48,112817.36,469.52,542.64,624.97,510.48,False,False,nan,True,0.5457,87.43,96.14,True,0,COLLECTING,0,,0,,,,,3,84,97,30,60,0.9995684068636823,0.24494897427831783
2026-08-31T21:59:19.065,124798312,P015,finger_still,VALID,,,,1388,4350177,113966,113339,113534.29,112827.79,431.71,511.21,596.53,512.2,False,False,nan,True,0.5457,87.43,96.14,True,0,COLLECTING,0,,0,,,,,3,84,97,30,60,0.9995684068636823,0.24494897427831783
2026-08-31T21:59:19.077,124798328,P015,finger_still,VALID,,,,1389,4350217,113987,113433,113543.34,112839.89,443.66,593.11,595.67,513.87,False,False,nan,True,0.5457,87.43,96.14,True,0,COLLECTING,0,,0,,,,,3,84,97,30,60,0.9995684068636823,0.24494897427831783
2026-08-31T21:59:19.121,124798375,P015,finger_still,VALID,,,,1390,4350257,113964,113470,113551.76,112852.49,412.24,617.51,601.13,515.61,False,False,nan,True,0.5457,87.43,96.14,True,0,COLLECTING,0,,0,,,,,3,84,97,30,60,0.9995684068636823,0.24494897427831783
2026-08-31T21:59:19.247,124798500,P015,finger_still,VALID,,,,1391,4350297,113944,113431,113559.6,112864.06,384.4,566.94,592.58,517.15,True,True,400.0,True,0.5457,92.13,96.14,True,0,COLLECTING,0,,0,,,,,3,84,97,30,60,0.9995684068636823,0.24494897427831783
2026-08-31T21:59:19.258,124798515,P015,finger_still,VALID,,,,1392,4350337,113923,113410,113566.87,112874.98,356.13,535.02,578.19,518.37,False,False,nan,True,0.5457,92.13,96.14,True,0,COLLECTING,0,,0,,,,,3,84,97,30,60,0.9995684068636823,0.24494897427831783
2026-08-31T21:59:19.269,124798515,P015,finger_still,VALID,,,,1393,4350377,113950,113473,113574.53,112886.95,375.47,586.05,580.16,519.61,False,False,nan,True,0.5457,92.13,96.14,True,0,COLLECTING,0,,0,,,,,3,84,97,30,60,0.9995684068636823,0.24494897427831783
2026-08-31T21:59:19.277,124798531,P015,finger_still,VALID,,,,1394,4350417,113985,113589,113582.74,112900.98,402.26,688.02,607.12,521.36,False,False,nan,True,0.5457,92.13,96.14,True,0,COLLECTING,0,,0,,,,,3,84,97,30,60,0.9995684068636823,0.24494897427831783
2026-08-31T21:59:19.321,124798578,P015,finger_still,VALID,,,,1395,4350457,114048,113723,113592.05,112917.42,455.95,805.58,656.74,524.06,False,False,nan,True,0.5457,92.13,96.14,True,0,COLLECTING,0,,0,,,,,3,84,97,30,60,0.9995684068636823,0.24494897427831783
2026-08-31T21:59:19.446,124798703,P015,finger_still,VALID,,,,1396,4350497,114103,113861,113602.27,112936.3,500.73,924.7,723.73,528.06,False,False,nan,True,0.5457,92.13,96.14,True,0,COLLECTING,0,,0,,,,,4,84,97,30,60,0.999336780069662,0.17320508075688776
2026-08-31T21:59:19.458,124798703,P015,finger_still,VALID,,,,1397,4350547,114167,114011,113613.56,112957.79,553.44,1053.21,806.1,533.62,False,False,nan,True,0.5457,92.13,96.14,True,0,COLLECTING,0,,0,,,,,4,84,97,30,60,0.999336780069662,0.17320508075688776
2026-08-31T21:59:19.469,124798718,P015,finger_still,VALID,,,,1398,4350577,114225,114142,113625.79,112981.48,599.21,1160.52,894.7,540.84,False,False,nan,True,0.5457,92.13,96.14,True,0,COLLECTING,0,,0,,,,,4,84,97,30,60,0.999336780069662,0.17320508075688776
2026-08-31T21:59:19.478,124798734,P015,finger_still,VALID,,,,1399,4350617,114296,114293,113639.2,113007.7,656.8,1285.3,992.35,549.87,False,False,nan,True,0.5457,92.13,96.14,True,0,COLLECTING,0,,0,,,,,4,84,97,30,60,0.999336780069662,0.17320508075688776
2026-08-31T21:59:19.530,124798781,P015,finger_still,VALID,,,,1400,4350667,114360,114399,113653.61,113035.53,706.39,1363.47,1085.13,560.58,False,False,nan,True,0.5457,92.13,96.14,True,0,COLLECTING,0,,0,,,,,4,84,97,30,60,0.999336780069662,0.17320508075688776
2026-08-31T21:59:19.647,124798890,P015,finger_still,VALID,,,,1401,4350697,114427,114531,113669.08,113065.44,757.92,1465.56,1180.24,572.97,False,False,nan,True,0.5457,92.13,96.14,True,0,COLLECTING,0,,0,,,,,4,84,97,30,60,1.0004419023611517,0.24494897427831783
2026-08-31T21:59:19.659,124798906,P015,finger_still,VALID,,,,1402,4350747,114413,114451,113683.95,113093.15,729.05,1357.85,1224.64,586.0,False,False,nan,True,0.5457,92.13,96.14,True,0,COLLECTING,0,,0,,,,,4,84,97,30,60,1.0004419023611517,0.24494897427831783
2026-08-31T21:59:19.670,124798921,P015,finger_still,VALID,,,,1403,4350787,114334,114218,113696.95,113115.65,637.05,1102.35,1194.07,598.16,True,True,490.0,True,0.5457,102.13,96.14,True,0,COLLECTING,0,,0,,,,,4,84,97,30,60,1.0004419023611517,0.24494897427831783
2026-08-31T21:59:19.679,124798937,P015,finger_still,VALID,,,,1404,4350817,114325,114232,113709.52,113137.98,615.48,1094.02,1169.06,609.58,False,False,nan,True,0.5457,102.13,96.14,True,0,COLLECTING,0,,0,,,,,4,84,97,30,60,1.0004419023611517,0.24494897427831783
2026-08-31T21:59:19.730,124798984,P015,finger_still,VALID,,,,1405,4350867,114384,114270,113723.01,113160.62,660.99,1109.38,1154.14,620.47,False,False,nan,True,0.5457,102.13,96.14,True,0,COLLECTING,0,,0,,,,,4,84,97,30,60,1.0004419023611517,0.24494897427831783
2026-08-31T21:59:19.848,124799093,P015,finger_still,VALID,,,,1406,4350897,114437,114406,113737.29,113185.52,699.71,1220.48,1170.72,631.48,False,False,nan,True,0.5457,102.13,96.14,True,0,COLLECTING,0,,0,,,,,5,84,97,30,60,0.9991406307422394,0.24494897427831783
2026-08-31T21:59:19.860,124799109,P015,finger_still,VALID,,,,1407,4350947,114504,114495,113752.62,113211.71,751.38,1283.29,1198.86,642.83,False,False,nan,True,0.5457,102.13,96.14,True,0,COLLECTING,0,,0,,,,,5,84,97,30,60,0.9991406307422394,0.24494897427831783
2026-08-31T21:59:19.869,124799125,P015,finger_still,VALID,,,,1408,4350987,114547,114580,113768.52,113239.08,778.48,1340.92,1234.38,654.66,False,False,nan,True,0.5457,102.13,96.14,True,0,COLLECTING,0,,0,,,,,5,84,97,30,60,0.9991406307422394,0.24494897427831783
2026-08-31T21:59:19.891,124799140,P015,finger_still,VALID,,,,1409,4351027,114554,114618,113784.23,113266.66,769.77,1351.34,1263.62,666.84,False,False,nan,True,0.5457,102.13,96.14,True,0,COLLECTING,0,,0,,,,,5,84,97,30,60,0.9991406307422394,0.24494897427831783
2026-08-31T21:59:19.933,124799187,P015,finger_still,VALID,,,,1410,4351067,114520,114526,113798.95,113291.84,721.05,1234.16,1256.25,678.62,True,False,nan,True,0.5457,102.13,96.14,True,0,COLLECTING,0,,0,,,,,5,84,97,30,60,0.9991406307422394,0.24494897427831783
2026-08-31T21:59:20.048,124799296,P015,finger_still,VALID,,,,1411,4351107,114508,114477,113813.12,113315.55,694.88,1161.45,1232.55,689.7,False,False,nan,True,0.5457,102.13,96.14,True,0,COLLECTING,0,,0,,,,,5,84,97,30,60,0.9995684068636823,0.17320508075688776
2026-08-31T21:59:20.060,124799312,P015,finger_still,VALID,,,,1412,4351147,114546,114554,113827.78,113340.31,718.22,1213.69,1227.84,700.47,False,False,nan,True,0.5457,102.13,96.14,True,0,COLLECTING,0,,0,,,,,5,84,97,30,60,0.9995684068636823,0.17320508075688776
2026-08-31T21:59:20.068,124799312,P015,finger_still,VALID,,,,1413,4351187,114565,114606,113842.52,113365.62,722.48,1240.38,1230.97,711.08,False,False,nan,True,0.5457,102.13,96.14,True,0,COLLECTING,0,,0,,,,,5,84,97,30,60,0.9995684068636823,0.17320508075688776
2026-08-31T21:59:20.091,124799343,P015,finger_still,VALID,,,,1414,4351227,114561,114635,113856.89,113391.02,704.11,1243.98,1234.22,721.54,False,False,nan,True,0.5457,102.13,96.14,True,0,COLLECTING,0,,0,,,,,5,84,97,30,60,0.9995684068636823,0.17320508075688776
2026-08-31T21:59:20.130,124799375,P015,finger_still,VALID,,,,1415,4351267,114468,114417,113869.11,113411.54,598.89,1005.46,1177.03,730.65,True,True,480.0,True,0.6294,117.36,96.14,True,0,COLLECTING,0,,0,,,,,5,84,97,30,60,0.9995684068636823,0.17320508075688776
2026-08-31T21:59:20.247,124799500,P015,finger_still,VALID,,,,1416,4351307,114382,114238,113879.37,113428.07,502.63,809.93,1085.26,737.74,False,False,nan,True,0.6294,117.36,96.14,True,0,COLLECTING,0,,0,,,,,6,84,97,30,60,1.0002104778495375,0.24494897427831783
2026-08-31T21:59:20.262,124799515,P015,finger_still,VALID,,,,1417,4351347,114363,114238,113889.04,113444.27,473.96,793.73,1012.38,743.23,False,False,nan,True,0.6294,117.36,96.14,True,0,COLLECTING,0,,0,,,,,6,84,97,30,60,1.0002104778495375,0.24494897427831783
2026-08-31T21:59:20.269,124799515,P015,finger_still,VALID,,,,1418,4351387,114298,114186,113897.22,113459.1,400.78,726.9,941.01,747.19,False,False,nan,True,0.6294,117.36,96.14,True,0,COLLECTING,0,,0,,,,,6,84,97,30,60,1.0002104778495375,0.24494897427831783
2026-08-31T21:59:20.291,124799546,P015,finger_still,VALID,,,,1419,4351427,114380,114338,113906.88,113476.68,473.12,861.32,921.09,750.67,False,False,nan,True,0.6294,117.36,96.14,True,0,COLLECTING,0,,0,,,,,6,84,97,30,60,1.0002104778495375,0.24494897427831783
2026-08-31T21:59:20.331,124799578,P015,finger_still,VALID,,,,1420,4351467,114364,114357,113916.02,113494.29,447.98,862.71,906.49,753.78,False,False,nan,True,0.6294,117.36,96.14,True,0,COLLECTING,0,,0,,,,,6,84,97,30,60,1.0002104778495375,0.24494897427831783
2026-08-31T21:59:20.447,124799703,P015,finger_still,VALID,,,,1421,4351507,114271,114110,113923.12,113506.6,347.88,603.4,830.72,755.32,False,False,nan,True,0.6294,117.36,96.14,True,0,COLLECTING,0,,0,,,,,6,84,97,30,60,0.9991406307422394,0.24494897427831783
2026-08-31T21:59:20.460,124799703,P015,finger_still,VALID,,,,1422,4351547,114200,114016,113928.66,113516.79,271.34,499.21,747.84,755.17,False,False,nan,True,0.6294,117.36,96.14,True,0,COLLECTING,0,,0,,,,,6,84,97,30,60,0.9991406307422394,0.24494897427831783
2026-08-31T21:59:20.467,124799718,P015,finger_still,VALID,,,,1423,4351587,114172,114001,113933.52,113526.48,238.48,474.52,679.51,753.66,False,False,nan,True,0.6294,117.36,96.14,True,0,COLLECTING,0,,0,,,,,6,84,97,30,60,0.9991406307422394,0.24494897427831783
2026-08-31T21:59:20.492,124799750,P015,finger_still,VALID,,,,1424,4351627,114274,114174,113940.34,113539.43,333.66,634.57,668.28,751.95,False,False,nan,True,0.6294,117.36,96.14,True,0,COLLECTING,0,,0,,,,,6,84,97,30,60,0.9991406307422394,0.24494897427831783
2026-08-31T21:59:20.531,124799781,P015,finger_still,VALID,,,,1425,4351667,114220,114195,113945.93,113552.54,274.07,642.46,661.82,750.15,False,False,nan,True,0.6294,117.36,96.14,True,0,COLLECTING,0,,0,,,,,6,84,97,30,60,0.9991406307422394,0.24494897427831783
2026-08-31T21:59:20.648,124799906,P015,finger_still,VALID,,,,1426,4351707,114290,114291,113952.81,113567.3,337.19,723.7,677.29,748.69,False,False,nan,True,0.6294,117.36,96.14,True,0,COLLECTING,0,,0,,,,,6,84,97,30,60,0.9991406307422394,0.24494897427831783
2026-08-31T21:59:20.659,124799906,P015,finger_still,VALID,,,,1427,4351747,114306,114338,113959.88,113582.72,346.12,755.28,696.79,747.65,False,False,nan,True,0.6294,117.36,96.14,True,0,COLLECTING,0,,0,,,,,6,84,97,30,60,0.9991406307422394,0.24494897427831783
2026-08-31T21:59:20.667,124799921,P015,finger_still,VALID,,,,1428,4351787,114264,114292,113965.96,113596.91,298.04,695.09,696.36,746.63,True,True,520.0,True,0.6382,115.11,96.14,True,0,COLLECTING,0,,0,,,,,6,84,97,30,60,0.9991406307422394,0.24494897427831783
2026-08-31T21:59:20.691,124799937,P015,finger_still,VALID,,,,1429,4351827,114278,114243,113972.2,113609.83,305.8,633.17,680.57,745.31,False,False,nan,True,0.6382,115.11,96.14,True,0,COLLECTING,0,,0,,,,,6,84,97,30,60,0.9991406307422394,0.24494897427831783
2026-08-31T21:59:20.731,124799984,P015,finger_still,VALID,,,,1430,4351867,114221,114225,113977.18,113622.13,243.82,602.87,661.14,743.62,False,False,nan,True,0.6382,115.11,96.14,True,0,COLLECTING,0,,0,,,,,6,84,97,30,60,0.9991406307422394,0.24494897427831783
2026-08-31T21:59:20.850,124800093,P015,finger_still,VALID,,,,1431,4351907,114240,114291,113982.44,113635.51,257.56,655.49,659.73,741.95,False,False,nan,True,0.6382,115.11,96.14,True,0,COLLECTING,0,,0,,,,,7,84,97,30,60,0.9991406307422394,0.17320508075688776
2026-08-31T21:59:20.860,124800109,P015,finger_still,VALID,,,,1432,4351947,114293,114389,113988.65,113650.58,304.35,738.42,679.4,740.7,False,False,nan,True,0.6382,115.11,96.14,True,0,COLLECTING,0,,0,,,,,7,84,97,30,60,0.9991406307422394,0.17320508075688776
2026-08-31T21:59:20.868,124800125,P015,finger_still,VALID,,,,1433,4351987,114311,114459,113995.09,113666.75,315.91,792.25,707.61,740.03,False,False,nan,True,0.6382,115.11,96.14,True,0,COLLECTING,0,,0,,,,,7,84,97,30,60,0.9991406307422394,0.17320508075688776
2026-08-31T21:59:20.891,124800140,P015,finger_still,VALID,,,,1434,4352027,114275,114383,114000.7,113681.08,274.3,701.92,706.19,739.36,True,False,nan,True,0.6382,115.11,96.14,True,0,COLLECTING,0,,0,,,,,7,84,97,30,60,0.9991406307422394,0.17320508075688776
2026-08-31T21:59:20.932,124800187,P015,finger_still,VALID,,,,1435,4352067,114335,114458,114007.38,113696.62,327.62,761.38,719.99,738.97,False,False,nan,True,0.6382,115.11,96.14,True,0,COLLECTING,0,,0,,,,,7,84,97,30,60,0.9991406307422394,0.17320508075688776
2026-08-31T21:59:21.049,124800296,P015,finger_still,VALID,,,,1436,4352107,114315,114458,114013.53,113711.84,301.47,746.16,726.53,738.72,False,False,nan,True,0.6382,115.11,96.14,True,0,COLLECTING,0,,0,,,,,7,84,97,30,60,1.0004419023611517,0.24494897427831783
2026-08-31T21:59:21.059,124800312,P015,finger_still,VALID,,,,1437,4352147,114342,114507,114020.1,113727.75,321.9,779.25,739.71,738.74,False,False,nan,True,0.6382,115.11,96.14,True,0,COLLECTING,0,,0,,,,,7,84,97,30,60,1.0004419023611517,0.24494897427831783
2026-08-31T21:59:21.068,124800312,P015,finger_still,VALID,,,,1438,4352187,114370,114520,114027.1,113743.59,342.9,776.41,748.88,738.94,False,False,nan,True,0.6382,115.11,96.14,True,0,COLLECTING,0,,0,,,,,7,84,97,30,60,1.0004419023611517,0.24494897427831783
2026-08-31T21:59:21.091,124800343,P015,finger_still,VALID,,,,1439,4352227,114269,114346,114031.94,113755.64,237.06,590.36,709.25,738.35,True,True,440.0,True,0.7184,125.98,96.14,True,0,COLLECTING,0,,0,,,,,7,84,97,30,60,1.0004419023611517,0.24494897427831783
2026-08-31T21:59:21.132,124800375,P015,finger_still,VALID,,,,1440,4352267,114228,114151,114035.86,113763.55,192.14,387.45,628.8,736.16,False,False,nan,True,0.7184,125.98,96.14,True,0,COLLECTING,0,,0,,,,,7,84,97,30,60,1.0004419023611517,0.24494897427831783
2026-08-31T21:59:21.247,124800500,P015,finger_still,VALID,,,,1441,4352307,114155,114160,114038.24,113771.48,116.76,388.52,568.73,732.81,False,False,nan,True,0.7184,125.98,96.14,True,0,COLLECTING,0,,0,,,,,8,84,97,30,60,1.0004419023611517,0.24494897427831783
2026-08-31T21:59:21.259,124800515,P015,finger_still,VALID,,,,1442,4352347,114206,114205,114041.59,113780.15,164.41,424.85,532.76,728.81,False,False,nan,True,0.7184,125.98,96.14,True,0,COLLECTING,0,,0,,,,,8,84,97,30,60,1.0004419023611517,0.24494897427831783
2026-08-31T21:59:21.268,124800515,P015,finger_still,VALID,,,,1443,4352387,114271,114301,114046.18,113790.56,224.82,510.44,527.18,724.78,False,False,nan,True,0.7184,125.98,96.14,True,0,COLLECTING,0,,0,,,,,8,84,97,30,60,1.0004419023611517,0.24494897427831783
2026-08-31T21:59:21.291,124800546,P015,finger_still,VALID,,,,1444,4352427,114267,114303,114050.59,113800.81,216.41,502.19,520.93,720.7,False,False,nan,True,0.8728,125.98,95.87,True,0,COLLECTING,0,,0,,,,,8,84,97,30,60,1.0004419023611517,0.24494897427831783
2026-08-31T21:59:21.330,124800578,P015,finger_still,VALID,,,,1445,4352467,114287,114382,114055.32,113812.44,231.68,569.56,533.09,716.95,False,False,nan,True,0.8728,125.98,95.87,True,0,COLLECTING,0,,0,,,,,8,84,97,30,60,1.0004419023611517,0.24494897427831783
2026-08-31T21:59:21.449,124800703,P015,finger_still,VALID,,,,1446,4352507,114286,114404,114059.94,113824.27,226.06,579.73,544.75,713.5,False,False,nan,True,0.8728,125.98,95.87,True,0,COLLECTING,0,,0,,,,,8,84,97,30,60,0.9991406307422394,0.24494897427831783
2026-08-31T21:59:21.459,124800703,P015,finger_still,VALID,,,,1447,4352547,114273,114360,114064.2,113834.98,208.8,525.02,539.82,710.03,True,False,nan,True,0.8728,125.98,95.87,True,0,COLLECTING,0,,0,,,,,8,84,97,30,60,0.9991406307422394,0.24494897427831783
2026-08-31T21:59:21.469,124800718,P015,finger_still,VALID,,,,1448,4352587,114273,114371,114068.38,113845.7,204.62,525.3,536.19,706.55,False,False,nan,True,0.8728,125.98,95.87,True,0,COLLECTING,0,,0,,,,,8,84,97,30,60,0.9991406307422394,0.24494897427831783
2026-08-31T21:59:21.491,124800750,P015,finger_still,VALID,,,,1449,4352627,114243,114367,114071.87,113856.12,171.13,510.88,529.86,703.02,False,False,nan,True,0.8728,125.98,95.87,True,0,COLLECTING,0,,0,,,,,8,84,97,30,60,0.9991406307422394,0.24494897427831783
2026-08-31T21:59:21.531,124800781,P015,finger_still,VALID,,,,1450,4352667,114379,114531,114078.01,113869.62,300.99,661.38,562.74,700.21,False,False,nan,True,0.8728,125.98,95.87,True,0,COLLECTING,0,,0,,,,,8,84,97,30,60,0.9991406307422394,0.24494897427831783
2026-08-31T21:59:21.648,124800906,P015,finger_still,VALID,,,,1451,4352707,114371,114629,114083.87,113884.81,287.13,744.19,608.1,698.37,False,False,nan,True,0.8728,125.98,95.87,True,0,COLLECTING,0,,0,,,,,8,84,97,30,60,1.0004419023611517,0.24494897427831783
2026-08-31T21:59:21.659,124800906,P015,finger_still,VALID,,,,1452,4352747,114432,114699,114090.83,113901.09,341.17,797.91,655.55,697.52,False,False,nan,True,0.8728,125.98,95.87,True,0,COLLECTING,0,,0,,,,,8,84,97,30,60,1.0004419023611517,0.24494897427831783
2026-08-31T21:59:21.677,124800921,P015,finger_still,VALID,,,,1453,4352787,114417,114694,114097.35,113916.95,319.65,777.05,685.93,697.28,False,False,nan,True,0.8728,125.98,95.87,True,0,COLLECTING,0,,0,,,,,8,84,97,30,60,1.0004419023611517,0.24494897427831783
2026-08-31T21:59:21.691,124800937,P015,finger_still,VALID,,,,1454,4352827,114387,114743,114103.14,113933.48,283.86,809.52,716.83,697.67,False,False,nan,True,0.8728,125.98,95.87,True,0,COLLECTING,0,,0,,,,,8,84,97,30,60,1.0004419023611517,0.24494897427831783
2026-08-31T21:59:21.732,124800984,P015,finger_still,VALID,,,,1455,4352867,114445,114765,114109.98,113950.11,335.02,814.89,741.34,698.55,False,False,nan,True,0.8728,125.98,95.87,True,0,COLLECTING,0,,0,,,,,8,84,97,30,60,1.0004419023611517,0.24494897427831783
2026-08-31T21:59:21.848,124801093,P015,finger_still,VALID,,,,1456,4352907,114414,114754,114116.05,113966.19,297.95,787.81,752.96,699.64,False,False,nan,True,0.8728,125.98,95.87,True,0,COLLECTING,0,,0,,,,,8,84,97,30,60,0.9991406307422394,0.24494897427831783
2026-08-31T21:59:21.859,124801109,P015,finger_still,VALID,,,,1457,4352947,114520,114925,114124.13,113985.37,395.87,939.63,799.63,701.64,False,False,nan,True,0.8728,125.98,95.87,True,0,COLLECTING,0,,0,,,,,8,84,97,30,60,0.9991406307422394,0.24494897427831783
2026-08-31T21:59:21.868,124801125,P015,finger_still,VALID,,,,1458,4352987,114443,114785,114130.51,114001.36,312.49,783.64,795.63,703.52,True,True,760.0,True,0.805,120.91,95.87,True,0,COLLECTING,0,,0,,,,,8,84,97,30,60,0.9991406307422394,0.24494897427831783
2026-08-31T21:59:21.891,124801140,P015,finger_still,VALID,,,,1459,4353027,114336,114552,114134.62,114012.38,201.38,539.62,731.63,704.08,False,False,nan,True,0.805,120.91,95.87,True,0,COLLECTING,0,,0,,,,,8,84,97,30,60,0.9991406307422394,0.24494897427831783
2026-08-31T21:59:21.933,124801187,P015,finger_still,VALID,,,,1460,4353067,114226,114419,114136.45,114020.51,89.55,398.49,648.35,702.96,False,False,nan,True,0.805,120.91,95.87,True,0,COLLECTING,0,,0,,,,,8,84,97,30,60,0.9991406307422394,0.24494897427831783
2026-08-31T21:59:22.048,124801296,P015,finger_still,VALID,,,,1461,4353107,114269,114503,114139.09,114030.16,129.91,472.84,604.47,700.99,False,False,nan,True,0.805,120.91,95.87,True,0,COLLECTING,0,,0,,,,,9,84,97,30,60,1.0002104778495375,0.24494897427831783
2026-08-31T21:59:22.060,124801312,P015,finger_still,VALID,,,,1462,4353147,114281,114543,114141.93,114040.41,139.07,502.59,579.0,698.55,False,False,nan,True,0.805,120.91,95.87,True,0,COLLECTING,0,,0,,,,,9,84,97,30,60,1.0002104778495375,0.24494897427831783
2026-08-31T21:59:22.067,124801312,P015,finger_still,VALID,,,,1463,4353187,114305,114519,114145.19,114049.98,159.81,469.02,551.5,695.61,False,False,nan,True,0.805,120.91,95.87,True,0,COLLECTING,0,,0,,,,,9,84,97,30,60,1.0002104778495375,0.24494897427831783
2026-08-31T21:59:22.092,124801343,P015,finger_still,VALID,,,,1464,4353227,114323,114604,114148.74,114061.06,174.26,542.94,549.36,692.69,False,False,nan,True,0.805,120.91,95.87,True,0,COLLECTING,0,,0,,,,,9,84,97,30,60,1.0002104778495375,0.24494897427831783
2026-08-31T21:59:22.132,124801375,P015,finger_still,VALID,,,,1465,4353267,114381,114677,114153.39,114073.38,227.61,603.62,562.93,690.09,False,False,nan,True,0.805,120.91,95.87,True,0,COLLECTING,0,,0,,,,,9,84,97,30,60,1.0002104778495375,0.24494897427831783
2026-08-31T21:59:22.248,124801500,P015,finger_still,VALID,,,,1466,4353307,114372,114679,114157.77,114085.49,214.23,593.51,570.57,687.7,False,False,nan,True,0.805,120.91,95.87,True,0,COLLECTING,0,,0,,,,,9,84,97,30,60,0.9995684068636823,0.24494897427831783
2026-08-31T21:59:22.260,124801515,P015,finger_still,VALID,,,,1467,4353347,114360,114650,114161.81,114096.78,198.19,553.22,566.23,685.27,True,True,360.0,True,0.7825,125.98,95.87,True,0,COLLECTING,0,,0,,,,,9,84,97,30,60,0.9995684068636823,0.24494897427831783
2026-08-31T21:59:22.268,124801515,P015,finger_still,VALID,,,,1468,4353387,114356,114667,114165.7,114108.19,190.3,558.81,564.38,682.85,False,False,nan,True,0.7825,125.98,95.87,True,0,COLLECTING,0,,0,,,,,9,84,97,30,60,0.9995684068636823,0.24494897427831783
2026-08-31T21:59:22.292,124801546,P015,finger_still,VALID,,,,1469,4353427,114378,114717,114169.94,114120.37,208.06,596.63,572.44,680.65,False,False,nan,True,0.7825,125.98,95.87,True,0,COLLECTING,0,,0,,,,,9,84,97,30,60,0.9995684068636823,0.24494897427831783
2026-08-31T21:59:22.331,124801578,P015,finger_still,VALID,,,,1470,4353467,114401,114776,114174.56,114133.48,226.44,642.52,589.96,678.83,False,False,nan,True,0.7825,125.98,95.87,True,0,COLLECTING,0,,0,,,,,9,84,97,30,60,0.9995684068636823,0.24494897427831783
2026-08-31T21:59:22.448,124801703,P015,finger_still,VALID,,,,1471,4353507,114430,114851,114179.67,114147.83,250.33,703.17,618.26,677.62,False,False,nan,True,0.7825,125.98,95.87,True,0,COLLECTING,0,,0,,,,,10,84,97,30,60,0.9995684068636823,0.24494897427831783
2026-08-31T21:59:22.460,124801703,P015,finger_still,VALID,,,,1472,4353547,114426,114852,114184.6,114161.91,241.4,690.09,636.22,676.79,False,False,nan,True,0.7825,125.98,95.87,True,0,COLLECTING,0,,0,,,,,10,84,97,30,60,0.9995684068636823,0.24494897427831783
2026-08-31T21:59:22.468,124801718,P015,finger_still,VALID,,,,1473,4353587,114397,114852,114188.85,114175.72,208.15,676.28,646.24,676.18,False,False,nan,True,0.7825,125.98,95.87,True,0,COLLECTING,0,,0,,,,,10,84,97,30,60,0.9995684068636823,0.24494897427831783
2026-08-31T21:59:22.491,124801734,P015,finger_still,VALID,,,,1474,4353627,114414,114873,114193.35,114189.66,220.65,683.34,655.51,675.77,False,False,nan,True,0.7825,125.98,95.87,True,0,COLLECTING,0,,0,,,,,10,84,97,30,60,0.9995684068636823,0.24494897427831783
2026-08-31T21:59:22.531,124801781,P015,finger_still,VALID,,,,1475,4353667,114406,114917,114197.6,114204.21,208.4,712.79,669.83,675.65,False,False,nan,True,0.7825,125.98,95.87,True,0,COLLECTING,0,,0,,,,,10,84,97,30,60,0.9995684068636823,0.24494897427831783
2026-08-31T21:59:22.647,124801890,P015,finger_still,VALID,,,,1476,4353707,114421,114960,114202.07,114219.33,218.93,740.67,687.54,675.89,False,False,nan,True,0.7825,125.98,95.87,True,0,COLLECTING,0,,0,,,,,10,84,97,30,60,1.0000144998948766,0.24494897427831783
2026-08-31T21:59:22.659,124801906,P015,finger_still,VALID,,,,1477,4353747,114427,115001,114206.57,114234.96,220.43,766.04,707.17,676.51,False,False,nan,True,0.7825,125.98,95.87,True,0,COLLECTING,0,,0,,,,,10,84,97,30,60,1.0000144998948766,0.24494897427831783
2026-08-31T21:59:22.668,124801921,P015,finger_still,VALID,,,,1478,4353787,114430,115013,114211.04,114250.52,218.96,762.48,720.99,677.4,False,False,nan,True,0.7825,125.98,95.87,True,0,COLLECTING,0,,0,,,,,10,84,97,30,60,1.0000144998948766,0.24494897427831783
2026-08-31T21:59:22.691,124801937,P015,finger_still,VALID,,,,1479,4353827,114371,114831,114214.23,114262.13,156.77,568.87,682.96,677.51,True,True,480.0,True,0.8035,122.14,95.87,True,0,COLLECTING,0,,0,,,,,10,84,97,30,60,1.0000144998948766,0.24494897427831783
2026-08-31T21:59:22.732,124801984,P015,finger_still,VALID,,,,1480,4353867,114245,114587,114214.85,114268.63,30.15,318.37,591.81,675.8,False,False,nan,True,0.8035,122.14,95.87,True,0,COLLECTING,0,,0,,,,,10,84,97,30,60,1.0000144998948766,0.24494897427831783
2026-08-31T21:59:22.849,124802093,P015,finger_still,VALID,,,,1481,4353907,114249,114613,114215.53,114275.52,33.47,337.48,528.23,672.85,False,False,nan,True,0.8035,122.14,95.87,True,0,COLLECTING,0,,0,,,,,11,84,97,30,60,0.9995684068636823,0.24494897427831783
2026-08-31T21:59:22.860,124802109,P015,finger_still,VALID,,,,1482,4353947,114276,114679,114216.74,114283.59,59.26,395.41,495.02,669.29,False,False,nan,True,0.8035,122.14,95.87,True,0,COLLECTING,0,,0,,,,,11,84,97,30,60,0.9995684068636823,0.24494897427831783
2026-08-31T21:59:22.867,124802125,P015,finger_still,VALID,,,,1483,4353987,114266,114680,114217.73,114291.52,48.27,388.48,468.39,665.27,False,False,nan,True,0.8035,122.14,95.87,True,0,COLLECTING,0,,0,,,,,11,84,97,30,60,0.9995684068636823,0.24494897427831783
2026-08-31T21:59:22.891,124802140,P015,finger_still,VALID,,,,1484,4354027,114270,114688,114218.77,114299.45,51.23,388.55,448.43,660.94,False,False,nan,True,0.8035,122.14,95.87,True,0,COLLECTING,0,,0,,,,,11,84,97,30,60,0.9995684068636823,0.24494897427831783
2026-08-31T21:59:22.931,124802187,P015,finger_still,VALID,,,,1485,4354067,114282,114726,114220.04,114307.98,61.96,418.02,440.82,656.53,False,False,nan,True,0.8035,122.14,95.87,True,0,COLLECTING,0,,0,,,,,11,84,97,30,60,0.9995684068636823,0.24494897427831783
2026-08-31T21:59:23.048,124802296,P015,finger_still,VALID,,,,1486,4354107,114292,114769,114221.48,114317.2,70.52,451.8,443.57,652.28,False,False,nan,True,0.8035,122.14,95.87,True,0,COLLECTING,0,,0,,,,,11,84,97,30,60,1.0004419023611517,0.24494897427831783
2026-08-31T21:59:23.059,124802312,P015,finger_still,VALID,,,,1487,4354147,114302,114784,114223.09,114326.54,78.91,457.46,447.04,648.17,False,False,nan,True,0.8035,122.14,95.87,True,0,COLLECTING,0,,0,,,,,11,84,97,30,60,1.0004419023611517,0.24494897427831783
2026-08-31T21:59:23.068,124802312,P015,finger_still,VALID,,,,1488,4354187,114268,114739,114223.98,114334.79,44.02,404.21,436.33,643.93,True,True,360.0,True,0.7931,123.39,95.87,True,0,COLLECTING,0,,0,,,,,11,84,97,30,60,1.0004419023611517,0.24494897427831783
2026-08-31T21:59:23.091,124802343,P015,finger_still,VALID,,,,1489,4354227,114256,114729,114224.62,114342.67,31.38,386.33,423.83,639.53,False,False,nan,True,0.7931,123.39,95.87,True,0,COLLECTING,0,,0,,,,,11,84,97,30,60,1.0004419023611517,0.24494897427831783
2026-08-31T21:59:23.131,124802375,P015,finger_still,VALID,,,,1490,4354267,114257,114758,114225.27,114350.98,31.73,407.02,419.63,635.13,False,False,nan,True,0.7931,123.39,95.87,True,0,COLLECTING,0,,0,,,,,11,84,97,30,60,1.0004419023611517,0.24494897427831783
2026-08-31T21:59:23.248,124802500,P015,finger_still,VALID,,,,1491,4354307,114274,114812,114226.25,114360.2,47.75,451.8,427.67,630.98,False,False,nan,True,0.7931,123.39,95.87,True,0,IRREGULAR,1,0.67,0,480.8,110.8,176.1,0.73,12,56,98,30,60,1.0002104778495375,0.24494897427831783
2026-08-31T21:59:23.260,124802515,P015,finger_still,VALID,,,,1492,4354347,114283,114847,114227.38,114369.93,55.62,477.07,440.02,627.17,False,False,nan,True,0.7931,123.39,95.87,True,0,IRREGULAR,1,0.67,0,480.8,110.8,176.1,0.73,12,56,98,30,60,1.0002104778495375,0.24494897427831783
2026-08-31T21:59:23.267,124802515,P015,finger_still,VALID,,,,1493,4354387,114289,114883,114228.62,114380.19,60.38,502.81,455.72,623.74,False,False,nan,True,0.7931,123.39,95.87,True,0,IRREGULAR,1,0.67,0,480.8,110.8,176.1,0.73,12,56,98,30,60,1.0002104778495375,0.24494897427831783
2026-08-31T21:59:23.292,124802546,P015,finger_still,VALID,,,,1494,4354427,114298,114903,114230.01,114390.64,67.99,512.36,469.88,620.66,False,False,nan,True,0.7931,123.39,95.87,True,0,IRREGULAR,1,0.67,0,480.8,110.8,176.1,0.73,12,56,98,30,60,1.0002104778495375,0.24494897427831783
2026-08-31T21:59:23.331,124802578,P015,finger_still,VALID,,,,1495,4354467,114303,114949,114231.47,114401.8,71.53,547.2,489.21,618.03,False,False,nan,True,0.7931,123.39,95.87,True,0,IRREGULAR,1,0.67,0,480.8,110.8,176.1,0.73,12,56,98,30,60,1.0002104778495375,0.24494897427831783
2026-08-31T21:59:23.449,124802703,P015,finger_still,VALID,,,,1496,4354507,114306,114955,114232.96,114412.87,73.04,542.13,502.44,615.72,False,False,nan,True,0.7931,123.39,95.87,True,0,IRREGULAR,1,0.67,0,480.8,110.8,176.1,0.73,12,56,98,30,60,0.9995684068636823,0.24494897427831783
2026-08-31T21:59:23.458,124802703,P015,finger_still,VALID,,,,1497,4354547,114292,114954,114234.14,114423.69,57.86,530.31,509.41,613.59,False,False,nan,True,0.7931,123.39,95.87,True,0,IRREGULAR,1,0.67,0,480.8,110.8,176.1,0.73,12,56,98,30,60,0.9995684068636823,0.24494897427831783
2026-08-31T21:59:23.467,124802718,P015,finger_still,VALID,,,,1498,4354587,114331,115034,114236.08,114435.89,94.92,598.11,531.58,611.95,False,False,nan,True,0.7931,123.39,95.87,True,0,IRREGULAR,1,0.67,0,480.8,110.8,176.1,0.73,12,56,98,30,60,0.9995684068636823,0.24494897427831783
2026-08-31T21:59:23.491,124802734,P015,finger_still,VALID,,,,1499,4354627,114348,115087,114238.32,114448.91,109.68,638.09,558.21,610.88,False,False,nan,True,0.7931,123.39,95.87,True,0,IRREGULAR,1,0.67,0,480.8,110.8,176.1,0.73,12,56,98,30,60,0.9995684068636823,0.24494897427831783
2026-08-31T21:59:23.531,124802781,P015,finger_still,VALID,,,,1500,4354667,114372,115153,114240.99,114462.99,131.01,690.01,591.16,610.48,False,False,nan,True,0.7931,123.39,95.87,True,0,IRREGULAR,1,0.67,0,480.8,110.8,176.1,0.73,12,56,98,30,60,0.9995684068636823,0.24494897427831783
2026-08-31T21:59:23.648,124802906,P015,finger_still,VALID,,,,1501,4354707,114323,115080,114242.63,114475.34,80.37,604.66,594.54,610.16,False,False,nan,True,0.7931,123.39,95.87,True,0,IRREGULAR,1,0.67,0,480.8,110.8,176.1,0.73,12,56,98,30,60,1.0004419023611517,0.17320508075688776
2026-08-31T21:59:23.659,124802906,P015,finger_still,VALID,,,,1502,4354747,114225,114830,114242.28,114482.43,-17.28,347.57,532.79,608.62,True,True,560.0,True,0.7924,121.21,95.87,True,0,IRREGULAR,1,0.67,0,480.8,110.8,176.1,0.73,12,56,98,30,60,1.0004419023611517,0.17320508075688776
2026-08-31T21:59:23.668,124802921,P015,finger_still,VALID,,,,1503,4354787,114185,114727,114241.13,114487.32,-56.13,239.68,459.52,605.63,False,False,nan,True,0.7924,121.21,95.87,True,0,IRREGULAR,1,0.67,0,480.8,110.8,176.1,0.73,12,56,98,30,60,1.0004419023611517,0.17320508075688776
2026-08-31T21:59:23.691,124802937,P015,finger_still,VALID,,,,1504,4354827,114194,114756,114240.19,114492.7,-46.19,263.3,410.46,601.73,False,False,nan,True,0.7924,121.21,95.87,True,0,IRREGULAR,1,0.67,0,480.8,110.8,176.1,0.73,12,56,98,30,60,1.0004419023611517,0.17320508075688776
2026-08-31T21:59:23.732,124802984,P015,finger_still,VALID,,,,1505,4354867,114199,114766,114239.37,114498.16,-40.37,267.84,374.81,597.19,False,False,nan,True,0.7924,121.21,95.87,True,0,IRREGULAR,1,0.67,0,480.8,110.8,176.1,0.73,12,56,98,30,60,1.0004419023611517,0.17320508075688776
2026-08-31T21:59:23.848,124803093,P015,finger_still,VALID,,,,1506,4354907,114178,114727,114238.14,114502.74,-60.14,224.26,337.17,591.99,False,False,nan,True,0.7924,121.21,95.87,True,0,IRREGULAR,1,0.67,0,480.8,110.8,176.1,0.73,12,56,98,30,60,1.0000144998948766,0.24494897427831783
2026-08-31T21:59:23.860,124803109,P015,finger_still,VALID,,,,1507,4354947,114173,114735,114236.84,114507.39,-63.84,227.61,309.78,586.35,False,False,nan,True,0.7924,121.21,95.87,True,0,IRREGULAR,1,0.67,0,480.8,110.8,176.1,0.73,12,56,98,30,60,1.0000144998948766,0.24494897427831783
2026-08-31T21:59:23.867,124803125,P015,finger_still,VALID,,,,1508,4354987,114179,114756,114235.68,114512.36,-56.68,243.64,293.24,580.49,False,False,nan,True,0.7924,121.21,95.87,True,0,IRREGULAR,1,0.67,0,480.8,110.8,176.1,0.73,12,56,98,30,60,1.0000144998948766,0.24494897427831783
2026-08-31T21:59:23.891,124803140,P015,finger_still,VALID,,,,1509,4355027,114183,114777,114234.62,114517.65,-51.62,259.35,284.77,574.57,False,False,nan,True,0.7924,121.21,95.87,True,0,IRREGULAR,1,0.67,0,480.8,110.8,176.1,0.73,12,56,98,30,60,1.0000144998948766,0.24494897427831783
2026-08-31T21:59:23.931,124803187,P015,finger_still,VALID,,,,1510,4355067,114190,114791,114233.73,114523.12,-43.73,267.88,280.55,568.69,False,False,nan,True,0.7924,121.21,95.87,True,0,IRREGULAR,1,0.67,0,480.8,110.8,176.1,0.73,12,56,98,30,60,1.0000144998948766,0.24494897427831783
2026-08-31T21:59:24.048,124803296,P015,finger_still,VALID,,,,1511,4355107,114191,114810,114232.88,114528.85,-41.88,281.15,280.7,562.93,False,False,nan,True,0.7924,121.21,95.87,True,0,IRREGULAR,1,0.67,0,480.8,110.8,176.1,0.73,12,56,98,30,60,0.9995684068636823,0.24494897427831783
2026-08-31T21:59:24.060,124803312,P015,finger_still,VALID,,,,1512,4355147,114200,114839,114232.23,114535.05,-32.23,303.95,286.51,557.4,False,False,nan,True,0.7924,121.21,95.87,True,0,IRREGULAR,1,0.67,0,480.8,110.8,176.1,0.73,12,56,98,30,60,0.9995684068636823,0.24494897427831783
2026-08-31T21:59:24.068,124803312,P015,finger_still,VALID,,,,1513,4355187,114205,114863,114231.68,114541.62,-26.68,321.38,295.23,552.16,False,False,nan,True,0.7924,121.21,95.87,True,0,IRREGULAR,1,0.67,0,480.8,110.8,176.1,0.73,12,56,98,30,60,0.9995684068636823,0.24494897427831783
2026-08-31T21:59:24.091,124803343,P015,finger_still,VALID,,,,1514,4355227,114208,114896,114231.2,114548.7,-23.2,347.3,308.25,547.28,False,False,nan,True,0.7924,121.21,95.87,True,0,IRREGULAR,1,0.67,0,480.8,110.8,176.1,0.73,12,56,98,30,60,0.9995684068636823,0.24494897427831783
2026-08-31T21:59:24.131,124803375,P015,finger_still,VALID,,,,1515,4355267,114227,114947,114231.12,114556.67,-4.12,390.33,328.77,542.91,False,False,nan,True,0.7924,121.21,95.87,True,0,IRREGULAR,1,0.67,0,480.8,110.8,176.1,0.73,12,56,98,30,60,0.9995684068636823,0.24494897427831783
2026-08-31T21:59:24.248,124803500,P015,finger_still,VALID,,,,1516,4355307,114221,114974,114230.91,114565.02,-9.91,408.98,348.82,539.03,False,False,nan,True,0.7924,121.21,95.87,True,0,IRREGULAR,1,0.67,0,480.8,110.8,176.1,0.73,12,56,98,30,60,1.0002104778495375,0.24494897427831783
2026-08-31T21:59:24.260,124803515,P015,finger_still,VALID,,,,1517,4355347,114235,114998,114230.99,114573.67,4.01,424.33,367.7,535.6,False,False,nan,True,0.7924,121.21,95.87,True,0,IRREGULAR,1,0.67,0,480.8,110.8,176.1,0.73,12,56,98,30,60,1.0002104778495375,0.24494897427831783
2026-08-31T21:59:24.270,124803515,P015,finger_still,VALID,,,,1518,4355387,114239,115018,114231.15,114582.55,7.85,435.45,384.63,532.58,False,False,nan,True,0.7924,121.21,95.87,True,0,IRREGULAR,1,0.67,0,480.8,110.8,176.1,0.73,12,56,98,30,60,1.0002104778495375,0.24494897427831783
2026-08-31T21:59:24.291,124803546,P015,finger_still,VALID,,,,1519,4355427,114226,115032,114231.05,114591.55,-5.05,440.45,398.59,529.9,False,False,nan,True,0.7924,121.21,95.87,True,0,IRREGULAR,1,0.67,0,480.8,110.8,176.1,0.73,12,56,98,30,60,1.0002104778495375,0.24494897427831783
2026-08-31T21:59:24.331,124803578,P015,finger_still,VALID,,,,1520,4355467,114231,115054,114231.05,114600.8,-0.05,453.2,412.24,527.55,False,False,nan,True,0.7924,121.21,95.87,True,0,IRREGULAR,1,0.67,0,480.8,110.8,176.1,0.73,12,56,98,30,60,1.0002104778495375,0.24494897427831783
2026-08-31T21:59:24.449,124803703,P015,finger_still,VALID,,,,1521,4355507,114234,115071,114231.11,114610.2,2.89,460.8,424.38,525.49,False,False,nan,True,0.7924,121.21,95.87,True,0,IRREGULAR,1,0.67,0,480.8,110.8,176.1,0.73,12,56,98,30,60,1.0000144998948766,0.24494897427831783
2026-08-31T21:59:24.459,124803703,P015,finger_still,VALID,,,,1522,4355547,114236,115095,114231.21,114619.9,4.79,475.1,437.06,523.72,False,False,nan,True,0.7924,121.21,95.87,True,0,IRREGULAR,1,0.67,0,480.8,110.8,176.1,0.73,12,56,98,30,60,1.0000144998948766,0.24494897427831783
2026-08-31T21:59:24.469,124803718,P015,finger_still,VALID,,,,1523,4355587,114210,115030,114230.79,114628.1,-20.79,401.9,428.27,521.81,True,True,840.0,True,0.7382,111.11,95.87,True,0,IRREGULAR,1,0.67,0,480.8,110.8,176.1,0.73,12,56,98,30,60,1.0000144998948766,0.24494897427831783
2026-08-31T21:59:24.491,124803734,P015,finger_still,VALID,,,,1524,4355627,114111,114833,114228.39,114632.2,-117.39,200.8,371.4,518.8,False,False,nan,True,0.7382,111.11,95.87,True,0,IRREGULAR,1,0.67,0,480.8,110.8,176.1,0.73,12,56,98,30,60,1.0000144998948766,0.24494897427831783
2026-08-31T21:59:24.531,124803781,P015,finger_still,VALID,,,,1525,4355667,114047,114694,114224.77,114633.44,-177.77,60.56,293.69,514.3,False,False,nan,True,0.7382,111.11,95.87,True,0,IRREGULAR,1,0.67,0,480.8,110.8,176.1,0.73,12,56,98,30,60,1.0000144998948766,0.24494897427831783
2026-08-31T21:59:24.647,124803890,P015,finger_still,VALID,,,,1526,4355707,114069,114731,114221.65,114635.39,-152.65,95.61,244.17,508.9,False,False,nan,True,0.7382,111.11,95.87,True,0,IRREGULAR,1,0.67,0,480.8,110.8,176.1,0.73,12,56,98,30,60,1.0002104778495375,0.30000000000000004
2026-08-31T21:59:24.659,124803906,P015,finger_still,VALID,,,,1527,4355747,114077,114767,114218.76,114638.02,-141.76,128.98,215.37,503.03,False,False,nan,True,0.7382,111.11,95.87,True,0,IRREGULAR,1,0.67,0,480.8,110.8,176.1,0.73,12,56,98,30,60,1.0002104778495375,0.30000000000000004
2026-08-31T21:59:24.678,124803921,P015,finger_still,VALID,,,,1528,4355787,114070,114768,114215.78,114640.62,-145.78,127.38,193.37,496.83,False,False,nan,True,0.7382,111.11,95.87,True,0,IRREGULAR,1,0.67,0,480.8,110.8,176.1,0.73,12,56,98,30,60,1.0002104778495375,0.30000000000000004
2026-08-31T21:59:24.691,124803937,P015,finger_still,VALID,,,,1529,4355827,114072,114786,114212.91,114643.53,-140.91,142.47,180.65,490.51,False,False,nan,True,0.7382,111.11,95.87,True,0,IRREGULAR,1,0.67,0,480.8,110.8,176.1,0.73,12,56,98,30,60,1.0002104778495375,0.30000000000000004
2026-08-31T21:59:24.732,124803984,P015,finger_still,VALID,,,,1530,4355867,114092,114813,114210.48,114646.92,-118.48,166.08,177.0,484.24,False,False,nan,True,0.7382,111.11,95.87,True,0,IRREGULAR,1,0.67,0,480.8,110.8,176.1,0.73,12,56,98,30,60,1.0002104778495375,0.30000000000000004
2026-08-31T21:59:24.848,124804093,P015,finger_still,VALID,,,,1531,4355907,114066,114781,114207.59,114649.6,-141.59,131.4,165.6,477.87,False,False,nan,True,0.7382,111.11,95.87,True,0,IRREGULAR,1,0.67,0,480.8,110.8,176.1,0.73,12,56,98,30,60,1.0004419023611517,0.24494897427831783
2026-08-31T21:59:24.859,124804109,P015,finger_still,VALID,,,,1532,4355947,114039,114725,114204.22,114651.11,-165.22,73.89,142.68,471.16,False,False,nan,True,0.7382,111.11,95.87,True,0,IRREGULAR,1,0.67,0,480.8,110.8,176.1,0.73,12,56,98,30,60,1.0004419023611517,0.24494897427831783
2026-08-31T21:59:24.869,124804125,P015,finger_still,VALID,,,,1533,4355987,114059,114763,114201.31,114653.34,-142.31,109.66,134.42,464.43,False,False,nan,True,0.7382,111.11,95.87,True,0,IRREGULAR,1,0.67,0,480.8,110.8,176.1,0.73,12,56,98,30,60,1.0004419023611517,0.24494897427831783
2026-08-31T21:59:24.891,124804140,P015,finger_still,VALID,,,,1534,4356027,114062,114804,114198.52,114656.36,-136.52,147.64,137.73,457.89,False,False,nan,True,0.7382,111.11,95.87,True,0,IRREGULAR,1,0.67,0,480.8,110.8,176.1,0.73,12,56,98,30,60,1.0004419023611517,0.24494897427831783
2026-08-31T21:59:24.932,124804187,P015,finger_still,VALID,,,,1535,4356067,114081,114833,114196.17,114659.89,-115.17,173.11,146.57,451.67,False,False,nan,True,0.7382,111.11,95.87,True,0,IRREGULAR,1,0.67,0,480.8,110.8,176.1,0.73,12,56,98,30,60,1.0004419023611517,0.24494897427831783
2026-08-31T21:59:25.048,124804296,P015,finger_still,VALID,,,,1536,4356107,114104,114902,114194.33,114664.73,-90.33,237.27,169.24,446.02,False,False,nan,True,0.7382,111.11,95.87,True,0,IRREGULAR,1,0.67,0,480.8,110.8,176.1,0.73,12,56,98,30,60,1.0000144998948766,0.24494897427831783
2026-08-31T21:59:25.062,124804312,P015,finger_still,VALID,,,,1537,4356147,114099,114926,114192.42,114669.96,-93.42,256.04,190.94,440.92,False,False,nan,True,0.7382,111.11,95.87,True,0,IRREGULAR,1,0.67,0,480.8,110.8,176.1,0.73,12,56,98,30,60,1.0000144998948766,0.24494897427831783
2026-08-31T21:59:25.069,124804328,P015,finger_still,VALID,,,,1538,4356187,114121,114947,114190.99,114675.5,-69.99,271.5,211.08,436.32,False,False,nan,True,0.7382,111.11,95.87,True,0,IRREGULAR,1,0.67,0,480.8,110.8,176.1,0.73,12,56,98,30,60,1.0000144998948766,0.24494897427831783
2026-08-31T21:59:25.092,124804343,P015,finger_still,VALID,,,,1539,4356227,114106,114954,114189.29,114681.07,-83.29,272.93,226.54,432.12,False,False,nan,True,0.7382,111.11,95.87,True,0,IRREGULAR,1,0.67,0,480.8,110.8,176.1,0.73,12,56,98,30,60,1.0000144998948766,0.24494897427831783
2026-08-31T21:59:25.131,124804375,P015,finger_still,VALID,,,,1540,4356267,114118,114968,114187.87,114686.81,-69.87,281.19,240.21,428.29,False,False,nan,True,0.7382,111.11,95.87,True,0,IRREGULAR,1,0.67,0,480.8,110.8,176.1,0.73,12,56,98,30,60,1.0000144998948766,0.24494897427831783
2026-08-31T21:59:25.248,124804500,P015,finger_still,VALID,,,,1541,4356307,114123,114996,114186.57,114693.0,-63.57,303.0,255.9,424.84,False,False,nan,True,0.7382,111.11,95.87,True,0,IRREGULAR,1,0.67,0,480.8,110.8,176.1,0.73,12,56,98,30,60,1.0004419023611517,0.24494897427831783
2026-08-31T21:59:25.259,124804515,P015,finger_still,VALID,,,,1542,4356347,114135,115025,114185.54,114699.64,-50.54,325.36,273.27,421.81,False,False,nan,True,0.7382,111.11,95.87,True,0,IRREGULAR,1,0.67,0,480.8,110.8,176.1,0.73,12,56,98,30,60,1.0004419023611517,0.24494897427831783
2026-08-31T21:59:25.268,124804515,P015,finger_still,VALID,,,,1543,4356387,114166,115100,114185.15,114707.65,-19.15,392.35,303.04,419.43,False,False,nan,True,0.7382,111.11,95.87,True,0,IRREGULAR,1,0.67,0,480.8,110.8,176.1,0.73,12,56,98,30,60,1.0004419023611517,0.24494897427831783
2026-08-31T21:59:25.292,124804546,P015,finger_still,VALID,,,,1544,4356427,114129,115023,114184.02,114713.95,-55.02,309.05,304.54,417.13,False,False,nan,True,0.4169,111.11,95.79,False,0,IRREGULAR,1,0.67,0,480.8,110.8,176.1,0.73,12,56,98,30,60,1.0004419023611517,0.24494897427831783
2026-08-31T21:59:25.331,124804578,P015,finger_still,VALID,,,,1545,4356467,114017,114765,114180.68,114714.98,-163.68,50.02,240.91,413.61,True,True,880.0,True,0.3872,102.56,95.79,False,0,IRREGULAR,1,0.67,0,480.8,110.8,176.1,0.73,12,56,98,30,60,1.0004419023611517,0.24494897427831783
2026-08-31T21:59:25.450,124804703,P015,finger_still,VALID,,,,1546,4356507,113986,114686,114176.79,114714.4,-190.79,-28.4,173.58,408.81,False,False,nan,True,0.3872,102.56,95.79,False,0,COLLECTING,0,,0,,,,,15,56,98,30,60,0.9991406307422394,0.24494897427831783
2026-08-31T21:59:25.459,124804703,P015,finger_still,VALID,,,,1547,4356547,114008,114736,114173.41,114714.83,-165.41,21.17,135.48,403.34,False,False,nan,True,0.3872,102.56,95.79,False,0,COLLECTING,0,,0,,,,,15,56,98,30,60,0.9991406307422394,0.24494897427831783
2026-08-31T21:59:25.469,124804718,P015,finger_still,VALID,,,,1548,4356587,114033,114776,114170.61,114716.05,-137.61,59.95,116.6,397.61,False,False,nan,True,0.3872,102.56,95.79,False,0,COLLECTING,0,,0,,,,,15,56,98,30,60,0.9991406307422394,0.24494897427831783
2026-08-31T21:59:25.490,124804734,P015,finger_still,VALID,,,,1549,4356627,114043,114810,114168.05,114717.93,-125.05,92.07,110.47,391.86,False,False,nan,True,0.3872,102.56,95.79,False,0,COLLECTING,0,,0,,,,,15,56,98,30,60,0.9991406307422394,0.24494897427831783
2026-08-31T21:59:25.531,124804781,P015,finger_still,VALID,,,,1550,4356667,114064,114843,114165.98,114720.43,-101.98,122.57,113.49,386.3,False,False,nan,True,0.3872,102.56,95.79,False,0,COLLECTING,0,,0,,,,,15,56,98,30,60,0.9991406307422394,0.24494897427831783
2026-08-31T21:59:25.647,124804906,P015,finger_still,VALID,,,,1551,4356707,114072,114876,114164.09,114723.54,-92.09,152.46,123.23,381.04,False,False,nan,True,0.3872,102.56,95.79,False,0,COLLECTING,0,,0,,,,,15,56,98,30,60,0.999336780069662,0.24494897427831783
2026-08-31T21:59:25.659,124804906,P015,finger_still,VALID,,,,1552,4356747,114052,114834,114161.85,114725.75,-109.85,108.25,119.49,375.81,False,False,nan,True,0.3872,102.56,95.79,False,0,COLLECTING,0,,0,,,,,15,56,98,30,60,0.999336780069662,0.24494897427831783
2026-08-31T21:59:25.668,124804921,P015,finger_still,VALID,,,,1553,4356787,114034,114810,114159.3,114727.44,-125.3,82.56,110.26,370.49,False,False,nan,True,0.3872,102.56,95.79,False,0,COLLECTING,0,,0,,,,,15,56,98,30,60,0.999336780069662,0.24494897427831783
2026-08-31T21:59:25.691,124804937,P015,finger_still,VALID,,,,1554,4356827,114054,114836,114157.19,114729.61,-103.19,106.39,109.29,365.27,False,False,nan,True,0.3872,102.56,95.79,False,0,COLLECTING,0,,0,,,,,15,56,98,30,60,0.999336780069662,0.24494897427831783
2026-08-31T21:59:25.731,124804984,P015,finger_still,VALID,,,,1555,4356867,114085,114893,114155.74,114732.88,-70.74,160.12,122.0,360.4,False,False,nan,True,0.3872,102.56,95.79,False,0,COLLECTING,0,,0,,,,,15,56,98,30,60,0.999336780069662,0.24494897427831783
2026-08-31T21:59:25.847,124805093,P015,finger_still,VALID,,,,1556,4356907,114097,114948,114154.57,114737.18,-57.57,210.82,144.2,356.08,False,False,nan,True,0.3872,102.56,95.79,False,0,COLLECTING,0,,0,,,,,15,56,98,30,60,0.9995684068636823,0.17320508075688776
2026-08-31T21:59:25.859,124805109,P015,finger_still,VALID,,,,1557,4356947,114107,114974,114153.62,114741.91,-46.62,232.09,166.17,352.28,False,False,nan,True,0.3872,102.56,95.79,False,0,COLLECTING,0,,0,,,,,15,56,98,30,60,0.9995684068636823,0.17320508075688776
2026-08-31T21:59:25.867,124805125,P015,finger_still,VALID,,,,1558,4356987,114125,115030,114153.05,114747.67,-28.05,282.33,195.21,349.14,False,False,nan,True,0.3872,102.56,95.79,False,0,COLLECTING,0,,0,,,,,15,56,98,30,60,0.9995684068636823,0.17320508075688776
2026-08-31T21:59:25.890,124805140,P015,finger_still,VALID,,,,1559,4357027,114131,115044,114152.61,114753.6,-21.61,290.4,219.01,346.54,False,False,nan,True,0.3872,102.56,95.79,False,0,COLLECTING,0,,0,,,,,15,56,98,30,60,0.9995684068636823,0.17320508075688776
2026-08-31T21:59:25.931,124805187,P015,finger_still,VALID,,,,1560,4357067,114140,115048,114152.36,114759.49,-12.36,288.51,236.38,344.34,False,False,nan,True,0.3872,102.56,95.79,False,0,COLLECTING,0,,0,,,,,15,56,98,30,60,0.9995684068636823,0.17320508075688776
2026-08-31T21:59:26.048,124805296,P015,finger_still,VALID,,,,1561,4357107,114132,115047,114151.95,114765.24,-19.95,281.76,247.73,342.4,False,False,nan,True,0.3872,102.56,95.79,False,0,COLLECTING,0,,0,,,,,15,56,98,30,60,0.9997829764503894,0.24494897427831783
2026-08-31T21:59:26.059,124805312,P015,finger_still,VALID,,,,1562,4357147,114139,115073,114151.7,114771.4,-12.7,301.6,261.2,340.78,False,False,nan,True,0.3872,102.56,95.79,False,0,COLLECTING,0,,0,,,,,15,56,98,30,60,0.9997829764503894,0.24494897427831783
2026-08-31T21:59:26.067,124805312,P015,finger_still,VALID,,,,1563,4357187,114167,115110,114152.0,114778.17,15.0,331.83,278.85,339.54,False,False,nan,True,0.3872,102.56,95.79,False,0,COLLECTING,0,,0,,,,,15,56,98,30,60,0.9997829764503894,0.24494897427831783
2026-08-31T21:59:26.090,124805343,P015,finger_still,VALID,,,,1564,4357227,114159,115114,114152.14,114784.89,6.86,329.11,291.42,338.58,False,False,nan,True,0.3872,102.56,95.79,False,0,COLLECTING,0,,0,,,,,15,56,98,30,60,0.9997829764503894,0.24494897427831783
2026-08-31T21:59:26.131,124805375,P015,finger_still,VALID,,,,1565,4357267,114075,114913,114150.6,114787.45,-75.6,125.55,249.95,336.81,True,True,800.0,True,0.4042,95.24,95.79,False,0,COLLECTING,0,,0,,,,,15,56,98,30,60,0.9997829764503894,0.24494897427831783
2026-08-31T21:59:26.248,124805500,P015,finger_still,VALID,,,,1566,4357307,113972,114684,114147.03,114785.38,-175.03,-101.38,162.12,333.31,False,False,nan,True,0.4042,95.24,95.79,False,0,COLLECTING,0,,0,,,,,16,56,98,30,60,1.0002104778495375,0.24494897427831783
2026-08-31T21:59:26.260,124805515,P015,finger_still,VALID,,,,1567,4357347,113957,114647,114143.23,114782.62,-186.23,-135.62,87.68,328.4,False,False,nan,True,0.4042,95.24,95.79,False,0,COLLECTING,0,,0,,,,,16,56,98,30,60,1.0002104778495375,0.24494897427831783
2026-08-31T21:59:26.267,124805515,P015,finger_still,VALID,,,,1568,4357387,113988,114697,114140.13,114780.91,-152.13,-83.91,44.79,322.73,False,False,nan,True,0.4042,95.24,95.79,False,0,COLLECTING,0,,0,,,,,16,56,98,30,60,1.0002104778495375,0.24494897427831783
2026-08-31T21:59:26.291,124805546,P015,finger_still,VALID,,,,1569,4357427,113992,114711,114137.17,114779.51,-145.17,-68.51,16.46,316.6,False,False,nan,True,0.4042,95.24,95.79,False,0,COLLECTING,0,,0,,,,,16,56,98,30,60,1.0002104778495375,0.24494897427831783
2026-08-31T21:59:26.331,124805578,P015,finger_still,VALID,,,,1570,4357467,113995,114712,114134.33,114778.16,-139.33,-66.16,-4.19,310.35,False,False,nan,True,0.4042,95.24,95.79,False,0,COLLECTING,0,,0,,,,,16,56,98,30,60,1.0002104778495375,0.24494897427831783
2026-08-31T21:59:26.447,124805703,P015,finger_still,VALID,,,,1571,4357507,114015,114747,114131.95,114777.53,-116.95,-30.53,-10.78,304.36,False,False,nan,True,0.4042,95.24,95.79,False,0,COLLECTING,0,,0,,,,,16,56,98,30,60,0.9989089047555838,0.24494897427831783
2026-08-31T21:59:26.458,124805703,P015,finger_still,VALID,,,,1572,4357547,114022,114749,114129.75,114776.96,-107.75,-27.96,-15.07,298.58,False,False,nan,True,0.4042,95.24,95.79,False,0,COLLECTING,0,,0,,,,,16,56,98,30,60,0.9989089047555838,0.24494897427831783
2026-08-31T21:59:26.468,124805718,P015,finger_still,VALID,,,,1573,4357587,114003,114720,114127.22,114775.82,-124.22,-55.82,-25.26,293.11,False,False,nan,True,0.4042,95.24,95.79,False,0,COLLECTING,0,,0,,,,,16,56,98,30,60,0.9989089047555838,0.24494897427831783
2026-08-31T21:59:26.492,124805750,P015,finger_still,VALID,,,,1574,4357627,114001,114705,114124.7,114774.41,-123.7,-69.41,-36.3,287.97,False,False,nan,True,0.4042,95.24,95.79,False,0,COLLECTING,0,,0,,,,,16,56,98,30,60,0.9989089047555838,0.24494897427831783
2026-08-31T21:59:26.530,124805781,P015,finger_still,VALID,,,,1575,4357667,114008,114742,114122.36,114773.76,-114.36,-31.76,-35.16,282.92,False,False,nan,True,0.4042,95.24,95.79,False,0,COLLECTING,0,,0,,,,,16,56,98,30,60,0.9989089047555838,0.24494897427831783
2026-08-31T21:59:26.648,124805906,P015,finger_still,VALID,,,,1576,4357707,114034,114792,114120.59,114774.12,-86.59,17.88,-21.9,277.7,False,False,nan,True,0.4042,95.24,95.79,False,0,COLLECTING,0,,0,,,,,16,56,98,30,60,1.0004419023611517,0.17320508075688776
2026-08-31T21:59:26.656,124805906,P015,finger_still,VALID,,,,1577,4357747,114053,114844,114119.24,114775.52,-66.24,68.48,0.69,272.16,False,False,nan,True,0.4042,95.24,95.79,False,0,COLLECTING,0,,0,,,,,16,56,98,30,60,1.0004419023611517,0.17320508075688776
2026-08-31T21:59:26.667,124805921,P015,finger_still,VALID,,,,1578,4357787,114063,114869,114118.12,114777.39,-55.12,91.61,23.42,267.18,False,False,nan,True,0.4042,95.24,95.79,False,0,COLLECTING,0,,0,,,,,16,56,98,30,60,1.0004419023611517,0.17320508075688776
2026-08-31T21:59:26.690,124805937,P015,finger_still,VALID,,,,1579,4357827,114066,114887,114117.08,114779.59,-51.08,107.41,44.42,262.73,False,False,nan,True,0.4042,95.24,95.79,False,0,COLLECTING,0,,0,,,,,16,56,98,30,60,1.0004419023611517,0.17320508075688776
2026-08-31T21:59:26.731,124805984,P015,finger_still,VALID,,,,1580,4357867,114069,114883,114116.12,114781.66,-47.12,101.34,58.65,258.65,False,False,nan,True,0.4042,95.24,95.79,False,0,COLLECTING,0,,0,,,,,16,56,98,30,60,1.0004419023611517,0.17320508075688776
2026-08-31T21:59:26.849,124806093,P015,finger_still,VALID,,,,1581,4357907,114072,114898,114115.23,114783.98,-43.23,114.02,72.49,254.92,False,False,nan,True,0.4042,95.24,95.79,False,0,COLLECTING,0,,0,,,,,16,56,98,30,60,0.9991406307422394,0.24494897427831783
2026-08-31T21:59:26.857,124806109,P015,finger_still,VALID,,,,1582,4357947,114071,114899,114114.35,114786.28,-43.35,112.72,82.55,251.47,False,False,nan,True,0.4042,95.24,95.79,False,0,COLLECTING,0,,0,,,,,16,56,98,30,60,0.9991406307422394,0.24494897427831783
2026-08-31T21:59:26.869,124806125,P015,finger_still,VALID,,,,1583,4357987,114083,114936,114113.73,114789.27,-30.73,146.73,98.59,248.42,False,False,nan,True,0.4042,95.24,95.79,False,0,COLLECTING,0,,0,,,,,16,56,98,30,60,0.9991406307422394,0.24494897427831783
2026-08-31T21:59:26.891,124806140,P015,finger_still,VALID,,,,1584,4358027,114098,114982,114113.41,114793.12,-15.41,188.88,121.16,245.87,False,False,nan,True,0.4042,95.24,95.79,False,0,COLLECTING,0,,0,,,,,16,56,98,30,60,0.9991406307422394,0.24494897427831783
2026-08-31T21:59:26.931,124806187,P015,finger_still,VALID,,,,1585,4358067,114119,115015,114113.52,114797.56,5.48,217.44,145.23,243.86,False,False,nan,True,0.4042,95.24,95.79,False,0,COLLECTING,0,,0,,,,,16,56,98,30,60,0.9991406307422394,0.24494897427831783
2026-08-31T21:59:27.048,124806296,P015,finger_still,VALID,,,,1586,4358107,114110,115008,114113.45,114801.77,-3.45,206.23,160.48,242.19,False,False,nan,True,0.4042,95.24,95.79,False,0,COLLECTING,0,,0,,,,,16,56,98,30,60,1.0004419023611517,0.17320508075688776
2026-08-31T21:59:27.058,124806312,P015,finger_still,VALID,,,,1587,4358147,113995,114738,114111.09,114800.5,-116.09,-62.5,104.74,239.44,True,True,880.0,True,0.3931,93.02,95.79,False,0,COLLECTING,0,,0,,,,,16,56,98,30,60,1.0004419023611517,0.17320508075688776
2026-08-31T21:59:27.068,124806312,P015,finger_still,VALID,,,,1588,4358187,113915,114540,114107.16,114795.29,-192.16,-255.29,14.73,234.95,False,False,nan,True,0.3931,93.02,95.79,False,0,COLLECTING,0,,0,,,,,16,56,98,30,60,1.0004419023611517,0.17320508075688776
2026-08-31T21:59:27.091,124806343,P015,finger_still,VALID,,,,1589,4358227,113906,114505,114103.14,114789.48,-197.14,-284.48,-60.07,231.45,False,False,nan,True,0.3931,93.02,95.79,False,0,COLLECTING,0,,0,,,,,16,56,98,30,60,1.0004419023611517,0.17320508075688776
2026-08-31T21:59:27.130,124806375,P015,finger_still,VALID,,,,1590,4358267,113936,114554,114099.8,114784.77,-163.8,-230.77,-102.75,228.88,False,False,nan,True,0.3931,93.02,95.79,False,0,COLLECTING,0,,0,,,,,16,56,98,30,60,1.0004419023611517,0.17320508075688776
2026-08-31T21:59:27.248,124806500,P015,finger_still,VALID,,,,1591,4358307,113942,114568,114096.64,114780.44,-154.64,-212.44,-130.17,226.9,False,False,nan,True,0.3931,93.02,95.79,False,0,COLLECTING,0,,0,,,,,17,56,98,30,60,0.9995684068636823,0.24494897427831783
2026-08-31T21:59:27.262,124806515,P015,finger_still,VALID,,,,1592,4358357,113940,114570,114093.51,114776.23,-153.51,-206.23,-149.18,225.35,False,False,nan,True,0.3931,93.02,95.79,False,0,COLLECTING,0,,0,,,,,17,56,98,30,60,0.9995684068636823,0.24494897427831783
2026-08-31T21:59:27.271,124806515,P015,finger_still,VALID,,,,1593,4358387,113975,114624,114091.14,114773.18,-116.14,-149.18,-149.18,223.83,False,False,nan,True,0.3931,93.02,95.79,False,0,COLLECTING,0,,0,,,,,17,56,98,30,60,0.9995684068636823,0.24494897427831783
2026-08-31T21:59:27.303,124806546,P015,finger_still,VALID,,,,1594,4358437,113971,114600,114088.73,114769.72,-117.73,-169.72,-154.32,222.44,False,False,nan,True,0.3931,93.02,95.79,False,0,COLLECTING,0,,0,,,,,17,56,98,30,60,0.9995684068636823,0.24494897427831783
2026-08-31T21:59:27.331,124806578,P015,finger_still,VALID,,,,1595,4358467,113955,114550,114086.06,114765.33,-131.06,-215.33,-169.57,221.38,False,False,nan,True,0.3931,93.02,95.79,False,0,COLLECTING,0,,0,,,,,17,56,98,30,60,0.9995684068636823,0.24494897427831783
2026-08-31T21:59:27.448,124806703,P015,finger_still,VALID,,,,1596,4358517,113944,114545,114083.22,114760.92,-139.22,-215.92,-181.16,220.57,False,False,nan,True,0.3931,93.02,95.79,False,0,COLLECTING,0,,0,,,,,17,56,98,30,60,0.9995684068636823,0.24494897427831783
2026-08-31T21:59:27.461,124806718,P015,finger_still,VALID,,,,1597,4358557,113968,114541,114080.91,114756.52,-112.91,-215.52,-189.75,219.96,False,False,nan,True,0.3931,93.02,95.79,False,0,COLLECTING,0,,0,,,,,17,56,98,30,60,0.9995684068636823,0.24494897427831783
2026-08-31T21:59:27.469,124806718,P015,finger_still,VALID,,,,1598,4358597,113986,114633,114079.02,114754.05,-93.02,-121.05,-172.58,219.01,False,False,nan,True,0.3931,93.02,95.79,False,0,COLLECTING,0,,0,,,,,17,56,98,30,60,0.9995684068636823,0.24494897427831783
2026-08-31T21:59:27.501,124806750,P015,finger_still,VALID,,,,1599,4358637,114002,114634,114077.48,114751.66,-75.48,-117.66,-158.85,217.81,False,False,nan,True,0.3931,93.02,95.79,False,0,COLLECTING,0,,0,,,,,17,56,98,30,60,0.9995684068636823,0.24494897427831783
2026-08-31T21:59:27.647,124806890,P015,finger_still,VALID,,,,1600,4358677,114029,114723,114076.51,114751.09,-47.51,-28.09,-126.16,215.97,False,False,nan,True,0.3931,93.02,95.79,False,0,COLLECTING,0,,0,,,,,17,56,98,30,60,0.9997829764503894,0.24494897427831783
2026-08-31T21:59:27.657,124806906,P015,finger_still,VALID,,,,1601,4358717,114033,114697,114075.64,114750.01,-42.64,-53.01,-107.87,213.81,False,False,nan,True,0.3931,93.02,95.79,False,0,COLLECTING,0,,0,,,,,17,56,98,30,60,0.9997829764503894,0.24494897427831783
2026-08-31T21:59:27.679,124806937,P015,finger_still,VALID,,,,1602,4358757,114046,114788,114075.05,114750.77,-29.05,37.23,-71.59,210.97,False,False,nan,True,0.3931,93.02,95.79,False,0,COLLECTING,0,,0,,,,,17,56,98,30,60,0.9997829764503894,0.24494897427831783
2026-08-31T21:59:27.682,124806937,P015,finger_still,VALID,,,,1603,4358797,114060,114751,114074.74,114750.77,-14.74,0.23,-53.64,207.82,False,False,nan,True,0.3931,93.02,95.79,False,0,COLLECTING,0,,0,,,,,17,56,98,30,60,0.9997829764503894,0.24494897427831783
2026-08-31T21:59:27.701,124806953,P015,finger_still,VALID,,,,1604,4358837,114081,114775,114074.87,114751.26,6.13,23.74,-34.29,204.35,False,False,nan,True,0.3931,93.02,95.79,False,0,COLLECTING,0,,0,,,,,17,56,98,30,60,0.9997829764503894,0.24494897427831783
2026-08-31T21:59:27.848,124807093,P015,finger_still,VALID,,,,1605,4358877,114090,114807,114075.17,114752.38,14.83,54.62,-12.06,200.5,False,False,nan,True,0.3931,93.02,95.79,False,0,COLLECTING,0,,0,,,,,17,56,98,30,60,0.9991406307422394,0.24494897427831783
2026-08-31T21:59:27.858,124807109,P015,finger_still,VALID,,,,1606,4358917,114085,114835,114075.37,114754.03,9.63,80.97,11.19,196.72,False,False,nan,True,0.3931,93.02,95.79,False,0,COLLECTING,0,,0,,,,,17,56,98,30,60,0.9991406307422394,0.24494897427831783
2026-08-31T21:59:27.865,124807109,P015,finger_still,VALID,,,,1607,4358957,114092,114861,114075.7,114756.17,16.3,104.83,34.6,193.48,False,False,nan,True,0.3931,93.02,95.79,False,0,COLLECTING,0,,0,,,,,17,56,98,30,60,0.9991406307422394,0.24494897427831783
2026-08-31T21:59:27.876,124807125,P015,finger_still,VALID,,,,1608,4358997,114095,114838,114076.09,114757.8,18.91,80.2,46.0,190.53,False,False,nan,True,0.3931,93.02,95.79,False,0,COLLECTING,0,,0,,,,,17,56,98,30,60,0.9991406307422394,0.24494897427831783
2026-08-31T21:59:27.901,124807156,P015,finger_still,VALID,,,,1609,4359037,114036,114720,114075.28,114757.05,-39.28,-37.05,25.24,187.22,False,False,nan,True,0.3931,93.02,95.79,False,0,COLLECTING,0,,0,,,,,17,56,98,30,60,0.9991406307422394,0.24494897427831783
2026-08-31T21:59:28.050,124807296,P015,finger_still,VALID,,,,1610,4359077,113909,114437,114071.95,114750.65,-162.95,-313.65,-59.48,184.67,False,False,nan,True,0.3931,93.02,95.79,False,0,COLLECTING,0,,0,,,,,17,56,98,30,60,0.9991406307422394,0.24494897427831783
2026-08-31T21:59:28.062,124807312,P015,finger_still,VALID,,,,1611,4359117,113849,114233,114067.49,114740.3,-218.49,-507.3,-171.44,184.4,False,False,nan,True,0.3931,93.02,95.79,False,0,COLLECTING,0,,0,,,,,17,56,98,30,60,0.9991406307422394,0.24494897427831783
2026-08-31T21:59:28.070,124807328,P015,finger_still,VALID,,,,1612,4359157,113859,114286,114063.32,114731.21,-204.32,-445.21,-239.88,185.51,False,False,nan,True,0.3931,93.02,95.79,False,0,COLLECTING,0,,0,,,,,17,56,98,30,60,0.9991406307422394,0.24494897427831783
2026-08-31T21:59:28.079,124807328,P015,finger_still,VALID,,,,1613,4359197,113880,114230,114059.66,114721.19,-179.66,-491.19,-302.71,187.85,False,False,nan,True,0.3931,93.02,95.79,False,0,COLLECTING,0,,0,,,,,17,56,98,30,60,0.9991406307422394,0.24494897427831783
2026-08-31T21:59:28.103,124807359,P015,finger_still,VALID,,,,1614,4359237,113873,114297,114055.92,114712.7,-182.92,-415.7,-330.96,190.72,False,False,nan,True,0.3931,93.02,95.79,False,0,COLLECTING,0,,0,,,,,17,56,98,30,60,0.9991406307422394,0.24494897427831783
2026-08-31T21:59:28.246,124807500,P015,finger_still,VALID,,,,1615,4359277,113874,114310,114052.28,114704.65,-178.28,-394.65,-346.88,193.84,False,False,nan,True,0.3931,93.02,95.79,False,0,COLLECTING,0,,0,,,,,17,56,98,30,60,0.9991406307422394,0.24494897427831783
2026-08-31T21:59:28.258,124807515,P015,finger_still,VALID,,,,1616,4359317,113884,114350,114048.91,114697.55,-164.91,-347.55,-347.05,196.9,False,False,nan,True,0.3931,93.02,95.79,False,0,COLLECTING,0,,0,,,,,17,56,98,30,60,0.9991406307422394,0.24494897427831783
2026-08-31T21:59:28.271,124807515,P015,finger_still,VALID,,,,1617,4359357,113834,114306,114044.62,114689.73,-210.62,-383.73,-356.22,200.09,False,False,nan,True,0.3931,93.02,95.79,False,0,COLLECTING,0,,0,,,,,17,56,98,30,60,0.9991406307422394,0.24494897427831783
2026-08-31T21:59:28.279,124807531,P015,finger_still,VALID,,,,1618,4359397,113876,114294,114041.24,114681.81,-165.24,-387.81,-364.12,203.37,False,False,nan,True,0.3931,93.02,95.79,False,0,COLLECTING,0,,0,,,,,17,56,98,30,60,0.9991406307422394,0.24494897427831783
2026-08-31T21:59:28.304,124807546,P015,finger_still,VALID,,,,1619,4359437,113845,114282,114037.32,114673.81,-192.32,-391.81,-371.04,206.72,False,False,nan,True,0.3931,93.02,95.79,False,0,COLLECTING,0,,0,,,,,17,56,98,30,60,0.9991406307422394,0.24494897427831783
2026-08-31T21:59:28.447,124807703,P015,finger_still,VALID,,,,1620,4359477,113880,114354,114034.17,114667.41,-154.17,-313.41,-356.63,209.72,False,False,nan,True,0.3931,93.02,95.79,False,0,COLLECTING,0,,0,,,,,17,56,98,30,60,1.0000144998948766,0.17320508075688776
2026-08-31T21:59:28.458,124807703,P015,finger_still,VALID,,,,1621,4359517,113905,114388,114031.59,114661.83,-126.59,-273.83,-335.93,212.25,False,False,nan,True,0.3931,93.02,95.79,False,0,COLLECTING,0,,0,,,,,17,56,98,30,60,1.0000144998948766,0.17320508075688776
2026-08-31T21:59:28.470,124807718,P015,finger_still,VALID,,,,1622,4359557,113981,114476,114030.58,114658.11,-49.58,-182.11,-297.48,213.95,False,False,nan,True,0.3931,93.02,95.79,False,0,COLLECTING,0,,0,,,,,17,56,98,30,60,1.0000144998948766,0.17320508075688776
2026-08-31T21:59:28.479,124807734,P015,finger_still,VALID,,,,1623,4359597,113920,114476,114028.37,114654.47,-108.37,-178.47,-267.72,215.03,False,False,nan,True,0.3931,93.02,95.79,False,0,COLLECTING,0,,0,,,,,17,56,98,30,60,1.0000144998948766,0.17320508075688776
2026-08-31T21:59:28.502,124807750,P015,finger_still,VALID,,,,1624,4359637,113994,114513,114027.68,114651.64,-33.68,-138.64,-235.45,215.43,False,False,nan,True,0.3931,93.02,95.79,False,0,COLLECTING,0,,0,,,,,17,56,98,30,60,1.0000144998948766,0.17320508075688776
2026-08-31T21:59:28.646,124807890,P015,finger_still,VALID,,,,1625,4359677,113955,114492,114026.23,114648.45,-71.23,-156.45,-215.7,215.44,False,False,nan,True,0.3931,93.02,95.79,False,0,COLLECTING,0,,0,,,,,17,56,98,30,60,1.0004419023611517,0.30000000000000004
2026-08-31T21:59:28.658,124807906,P015,finger_still,VALID,,,,1626,4359717,114021,114544,114026.12,114646.36,-5.12,-102.36,-187.37,214.88,False,False,nan,True,0.3931,93.02,95.79,False,0,COLLECTING,0,,0,,,,,17,56,98,30,60,1.0004419023611517,0.30000000000000004
2026-08-31T21:59:28.670,124807921,P015,finger_still,VALID,,,,1627,4359757,114002,114511,114025.64,114643.65,-23.64,-132.65,-173.69,214.05,False,False,nan,True,0.3931,93.02,95.79,False,0,COLLECTING,0,,0,,,,,17,56,98,30,60,1.0004419023611517,0.30000000000000004
2026-08-31T21:59:28.679,124807937,P015,finger_still,VALID,,,,1628,4359797,114025,114577,114025.62,114642.31,-0.62,-65.31,-146.59,212.71,False,False,nan,True,0.3931,93.02,95.79,False,0,COLLECTING,0,,0,,,,,17,56,98,30,60,1.0004419023611517,0.30000000000000004
2026-08-31T21:59:28.702,124807953,P015,finger_still,VALID,,,,1629,4359837,114052,114633,114026.16,114642.12,25.84,-9.12,-112.23,210.7,False,False,nan,True,0.3931,93.02,95.79,False,0,COLLECTING,0,,0,,,,,17,56,98,30,60,1.0004419023611517,0.30000000000000004
2026-08-31T21:59:28.847,124808093,P015,finger_still,VALID,,,,1630,4359877,114038,114610,114026.39,114641.48,11.61,-31.48,-92.04,208.32,False,False,nan,True,0.3931,93.02,95.79,False,0,COLLECTING,0,,0,,,,,17,56,98,30,60,1.0004419023611517,0.30000000000000004
2026-08-31T21:59:28.857,124808109,P015,finger_still,VALID,,,,1631,4359917,114047,114604,114026.8,114640.73,20.2,-36.73,-78.21,205.72,False,False,nan,True,0.3931,93.02,95.79,False,0,COLLECTING,0,,0,,,,,17,56,98,30,60,1.0004419023611517,0.30000000000000004
2026-08-31T21:59:28.871,124808125,P015,finger_still,VALID,,,,1632,4359957,113891,114296,114024.09,114633.84,-133.09,-337.84,-143.12,204.47,False,False,nan,True,0.3931,93.02,95.79,False,0,COLLECTING,0,,0,,,,,17,56,98,30,60,1.0004419023611517,0.30000000000000004
2026-08-31T21:59:28.880,124808125,P015,finger_still,VALID,,,,1633,4359997,113841,114087,114020.42,114622.9,-179.42,-535.9,-241.31,205.21,False,False,nan,True,0.3931,93.02,95.79,False,0,COLLECTING,0,,0,,,,,17,56,98,30,60,1.0004419023611517,0.30000000000000004
2026-08-31T21:59:28.902,124808156,P015,finger_still,VALID,,,,1634,4360037,113782,113967,114015.66,114609.78,-233.66,-642.78,-341.68,207.94,False,False,nan,True,0.3931,93.02,95.79,False,0,COLLECTING,0,,0,,,,,17,56,98,30,60,1.0004419023611517,0.30000000000000004
2026-08-31T21:59:29.047,124808296,P015,finger_still,VALID,,,,1635,4360077,113820,114014,114011.74,114597.87,-191.74,-583.87,-402.23,211.82,False,False,nan,True,0.3931,93.02,95.79,False,0,COLLECTING,0,,0,,,,,17,56,98,30,60,1.0004419023611517,0.24494897427831783
2026-08-31T21:59:29.058,124808312,P015,finger_still,VALID,,,,1636,4360117,113859,114032,114008.69,114586.55,-149.69,-554.55,-440.31,216.39,False,False,nan,True,0.3931,93.02,95.79,False,0,COLLECTING,0,,0,,,,,17,56,98,30,60,1.0004419023611517,0.24494897427831783
2026-08-31T21:59:29.071,124808328,P015,finger_still,VALID,,,,1637,4360157,113847,114081,114005.45,114576.44,-158.45,-495.44,-454.09,221.14,False,False,nan,True,0.3931,93.02,95.79,False,0,COLLECTING,0,,0,,,,,17,56,98,30,60,1.0004419023611517,0.24494897427831783
2026-08-31T21:59:29.079,124808328,P015,finger_still,VALID,,,,1638,4360197,113880,114101,114002.95,114566.93,-122.95,-465.93,-457.05,225.86,False,False,nan,True,0.3931,93.02,95.79,False,0,COLLECTING,0,,0,,,,,17,56,98,30,60,1.0004419023611517,0.24494897427831783
2026-08-31T21:59:29.104,124808359,P015,finger_still,VALID,,,,1639,4360237,113870,114106,114000.29,114557.71,-130.29,-451.71,-455.72,230.46,False,False,nan,True,0.3931,93.02,95.79,False,0,COLLECTING,0,,0,,,,,17,56,98,30,60,1.0004419023611517,0.24494897427831783
2026-08-31T21:59:29.248,124808500,P015,finger_still,VALID,,,,1640,4360277,113876,114055,113997.8,114547.66,-121.8,-492.66,-464.95,235.15,False,False,nan,True,0.3931,93.02,95.79,False,0,COLLECTING,0,,0,,,,,17,56,98,30,60,0.9995684068636823,0.24494897427831783
2026-08-31T21:59:29.258,124808515,P015,finger_still,VALID,,,,1641,4360317,113855,114077,113994.95,114538.24,-139.95,-461.24,-464.02,239.73,False,False,nan,True,0.3931,93.02,95.79,False,0,COLLECTING,0,,0,,,,,17,56,98,30,60,0.9995684068636823,0.24494897427831783
2026-08-31T21:59:29.270,124808515,P015,finger_still,VALID,,,,1642,4360357,113899,114119,113993.02,114529.86,-94.02,-410.86,-450.73,243.95,False,False,nan,True,0.3931,93.02,95.79,False,0,COLLECTING,0,,0,,,,,17,56,98,30,60,0.9995684068636823,0.24494897427831783
2026-08-31T21:59:29.277,124808531,P015,finger_still,VALID,,,,1643,4360397,113902,114196,113991.2,114523.18,-89.2,-327.18,-419.84,247.47,False,False,nan,True,0.3931,93.02,95.79,False,0,COLLECTING,0,,0,,,,,17,56,98,30,60,0.9995684068636823,0.24494897427831783
2026-08-31T21:59:29.301,124808546,P015,finger_still,VALID,,,,1644,4360437,113967,114228,113990.72,114517.27,-23.72,-289.27,-387.2,250.26,False,False,nan,True,0.5756,93.02,nan,False,0,COLLECTING,0,,0,,,,,17,56,98,30,60,0.9995684068636823,0.24494897427831783
2026-08-31T21:59:29.448,124808703,P015,finger_still,VALID,,,,1645,4360477,113963,114261,113990.16,114512.15,-27.16,-251.15,-353.19,252.32,False,False,nan,True,0.5756,93.02,nan,False,0,COLLECTING,0,,0,,,,,17,56,98,30,60,1.0000144998948766,0.24494897427831783
2026-08-31T21:59:29.459,124808703,P015,finger_still,VALID,,,,1646,4360517,114007,114304,113990.5,114507.98,16.5,-203.98,-315.89,253.59,False,False,nan,True,0.5756,93.02,nan,False,0,COLLECTING,0,,0,,,,,17,56,98,30,60,1.0000144998948766,0.24494897427831783
2026-08-31T21:59:29.470,124808718,P015,finger_still,VALID,,,,1647,4360557,113982,114298,113990.33,114503.78,-8.33,-205.78,-288.36,254.29,False,False,nan,True,0.5756,93.02,nan,False,0,COLLECTING,0,,0,,,,,17,56,98,30,60,1.0000144998948766,0.24494897427831783
2026-08-31T21:59:29.480,124808734,P015,finger_still,VALID,,,,1648,4360597,114022,114324,113990.96,114500.19,31.04,-176.19,-260.32,254.41,False,False,nan,True,0.5756,93.02,nan,False,0,COLLECTING,0,,0,,,,,17,56,98,30,60,1.0000144998948766,0.24494897427831783
2026-08-31T21:59:29.501,124808750,P015,finger_still,VALID,,,,1649,4360637,113966,114334,113990.46,114496.87,-24.46,-162.87,-235.95,254.04,False,False,nan,True,0.5756,93.02,nan,False,0,COLLECTING,0,,0,,,,,17,56,98,30,60,1.0000144998948766,0.24494897427831783
2026-08-31T21:59:29.646,124808890,P015,finger_still,VALID,,,,1650,4360677,114019,114335,113991.03,114493.63,27.97,-158.63,-216.62,253.29,False,False,nan,True,0.5756,93.02,nan,False,0,COLLECTING,0,,0,,,,,17,56,98,30,60,1.0004419023611517,0.24494897427831783
2026-08-31T21:59:29.658,124808906,P015,finger_still,VALID,,,,1651,4360717,113999,114373,113991.19,114491.22,7.81,-118.22,-192.02,252.06,False,False,nan,True,0.5756,93.02,nan,False,0,COLLECTING,0,,0,,,,,17,56,98,30,60,1.0004419023611517,0.24494897427831783
2026-08-31T21:59:29.669,124808921,P015,finger_still,VALID,,,,1652,4360757,113996,114392,113991.28,114489.23,4.72,-97.23,-168.33,250.39,False,False,nan,True,0.5756,93.02,nan,False,0,COLLECTING,0,,0,,,,,17,56,98,30,60,1.0004419023611517,0.24494897427831783
2026-08-31T21:59:29.677,124808921,P015,finger_still,VALID,,,,1653,4360797,114007,114414,113991.59,114487.73,15.41,-73.73,-144.68,248.27,False,False,nan,True,0.5756,93.02,nan,False,0,COLLECTING,0,,0,,,,,17,56,98,30,60,1.0004419023611517,0.24494897427831783
2026-08-31T21:59:29.702,124808953,P015,finger_still,VALID,,,,1654,4360837,113962,114309,113991.0,114484.15,-29.0,-175.15,-152.29,246.35,False,False,nan,True,0.5756,93.02,nan,False,0,COLLECTING,0,,0,,,,,17,56,98,30,60,1.0004419023611517,0.24494897427831783
2026-08-31T21:59:29.847,124809093,P015,finger_still,VALID,,,,1655,4360877,113862,113984,113988.42,114474.15,-126.42,-490.15,-236.76,246.16,False,False,nan,True,0.5756,93.02,nan,False,0,COLLECTING,0,,0,,,,,17,56,98,30,60,1.0002104778495375,0.24494897427831783
2026-08-31T21:59:29.857,124809109,P015,finger_still,VALID,,,,1656,4360917,113736,113804,113983.38,114460.74,-247.38,-656.74,-341.75,248.07,False,False,nan,True,0.5756,93.02,nan,False,0,COLLECTING,0,,0,,,,,17,56,98,30,60,1.0002104778495375,0.24494897427831783
2026-08-31T21:59:29.872,124809125,P015,finger_still,VALID,,,,1657,4360957,113735,113788,113978.41,114447.29,-243.41,-659.29,-421.14,251.54,False,False,nan,True,0.5756,93.02,nan,False,0,COLLECTING,0,,0,,,,,17,56,98,30,60,1.0002104778495375,0.24494897427831783
2026-08-31T21:59:29.879,124809125,P015,finger_still,VALID,,,,1658,4360997,113751,113814,113973.86,114434.62,-222.86,-620.62,-471.01,255.93,False,False,nan,True,0.5756,93.02,nan,False,0,COLLECTING,0,,0,,,,,17,56,98,30,60,1.0002104778495375,0.24494897427831783
2026-08-31T21:59:29.901,124809156,P015,finger_still,VALID,,,,1659,4361037,113769,113825,113969.77,114422.43,-200.77,-597.43,-502.61,260.86,False,False,nan,True,0.5756,93.02,nan,False,0,COLLECTING,0,,0,,,,,17,56,98,30,60,1.0002104778495375,0.24494897427831783
2026-08-31T21:59:30.046,124809296,P015,finger_still,VALID,,,,1660,4361077,113805,113841,113966.47,114410.8,-161.47,-569.8,-519.41,266.03,False,False,nan,True,0.5756,93.02,nan,False,0,COLLECTING,0,,0,,,,,17,56,98,30,60,1.0004419023611517,0.24494897427831783
2026-08-31T21:59:30.058,124809312,P015,finger_still,VALID,,,,1661,4361117,113813,113877,113963.4,114400.12,-150.4,-523.12,-520.34,271.12,False,False,nan,True,0.5756,93.02,nan,False,0,COLLECTING,0,,0,,,,,17,56,98,30,60,1.0004419023611517,0.24494897427831783
2026-08-31T21:59:30.073,124809328,P015,finger_still,VALID,,,,1662,4361157,113803,113846,113960.19,114389.04,-157.19,-543.04,-526.01,276.21,False,False,nan,True,0.5756,93.02,nan,False,0,COLLECTING,0,,0,,,,,17,56,98,30,60,1.0004419023611517,0.24494897427831783
2026-08-31T21:59:30.080,124809328,P015,finger_still,VALID,,,,1663,4361197,113800,113796,113956.98,114377.18,-156.98,-581.18,-539.81,281.49,False,False,nan,True,0.5756,93.02,nan,False,0,COLLECTING,0,,0,,,,,17,56,98,30,60,1.0004419023611517,0.24494897427831783
2026-08-31T21:59:30.101,124809359,P015,finger_still,VALID,,,,1664,4361237,113792,113812,113953.69,114365.88,-161.69,-553.88,-543.32,286.72,False,False,nan,True,0.5756,93.02,nan,False,0,COLLECTING,0,,0,,,,,17,56,98,30,60,1.0004419023611517,0.24494897427831783
2026-08-31T21:59:30.246,124809500,P015,finger_still,VALID,,,,1665,4361277,113795,113861,113950.52,114355.78,-155.52,-494.78,-531.19,291.61,False,False,nan,True,0.5756,93.02,nan,False,0,COLLECTING,0,,0,,,,,17,56,98,30,60,0.9991406307422394,0.24494897427831783
2026-08-31T21:59:30.259,124809515,P015,finger_still,VALID,,,,1666,4361317,113838,113923,113948.27,114347.12,-110.27,-424.12,-504.42,295.87,False,False,nan,True,0.5756,93.02,nan,False,0,COLLECTING,0,,0,,,,,17,56,98,30,60,0.9991406307422394,0.24494897427831783
2026-08-31T21:59:30.270,124809515,P015,finger_still,VALID,,,,1667,4361357,113846,113982,113946.22,114339.82,-100.22,-357.82,-467.77,299.31,False,False,nan,True,0.5756,93.02,nan,False,0,COLLECTING,0,,0,,,,,17,56,98,30,60,0.9991406307422394,0.24494897427831783
2026-08-31T21:59:30.278,124809531,P015,finger_still,VALID,,,,1668,4361397,113882,114036,113944.94,114333.74,-62.94,-297.74,-425.26,301.83,False,False,nan,True,0.5756,93.02,nan,False,0,COLLECTING,0,,0,,,,,17,56,98,30,60,0.9991406307422394,0.24494897427831783
2026-08-31T21:59:30.301,124809546,P015,finger_still,VALID,,,,1669,4361437,113901,114108,113944.06,114329.23,-43.06,-221.23,-374.25,303.27,False,False,nan,True,0.5756,93.02,nan,False,0,COLLECTING,0,,0,,,,,17,56,98,30,60,0.9991406307422394,0.24494897427831783
2026-08-31T21:59:30.447,124809703,P015,finger_still,VALID,,,,1670,4361477,113916,114167,113943.5,114325.98,-27.5,-158.98,-320.44,303.62,False,False,nan,True,0.5756,93.02,nan,False,0,COLLECTING,0,,0,,,,,17,56,98,30,60,1.0004419023611517,0.17320508075688776
2026-08-31T21:59:30.457,124809703,P015,finger_still,VALID,,,,1671,4361517,113946,114231,113943.55,114324.09,2.45,-93.09,-263.6,302.82,False,False,nan,True,0.5756,93.02,nan,False,0,COLLECTING,0,,0,,,,,17,56,98,30,60,1.0004419023611517,0.17320508075688776
2026-08-31T21:59:30.465,124809718,P015,finger_still,VALID,,,,1672,4361557,113953,114242,113943.73,114322.45,9.27,-80.45,-217.81,301.12,False,False,nan,True,0.5756,93.02,nan,False,0,COLLECTING,0,,0,,,,,17,56,98,30,60,1.0004419023611517,0.17320508075688776
2026-08-31T21:59:30.478,124809734,P015,finger_still,VALID,,,,1673,4361597,113937,114202,113943.6,114320.04,-6.6,-118.04,-192.87,298.95,False,False,nan,True,0.5756,93.02,nan,False,0,COLLECTING,0,,0,,,,,17,56,98,30,60,1.0004419023611517,0.17320508075688776
2026-08-31T21:59:30.501,124809750,P015,finger_still,VALID,,,,1674,4361637,113906,114151,113942.85,114316.66,-36.85,-165.66,-186.07,296.69,False,False,nan,True,0.5756,93.02,nan,False,0,COLLECTING,0,,0,,,,,17,56,98,30,60,1.0004419023611517,0.17320508075688776
2026-08-31T21:59:30.647,124809890,P015,finger_still,VALID,,,,1675,4361677,113891,114132,113941.81,114312.96,-50.81,-180.96,-184.79,294.46,False,False,nan,True,0.5756,93.02,nan,False,0,COLLECTING,0,,0,,,,,17,56,98,30,60,1.0004419023611517,0.17320508075688776
2026-08-31T21:59:30.660,124809906,P015,finger_still,VALID,,,,1676,4361717,113909,114181,113941.16,114310.32,-32.16,-129.32,-170.92,291.99,False,False,nan,True,0.5756,93.02,nan,False,0,COLLECTING,0,,0,,,,,17,56,98,30,60,1.0004419023611517,0.17320508075688776
2026-08-31T21:59:30.685,124809937,P015,finger_still,VALID,,,,1677,4361757,113863,114083,113939.59,114305.77,-76.59,-222.77,-183.88,289.82,False,False,nan,True,0.5756,93.02,nan,False,0,COLLECTING,0,,0,,,,,17,56,98,30,60,1.0004419023611517,0.17320508075688776
2026-08-31T21:59:30.688,124809937,P015,finger_still,VALID,,,,1678,4361797,113783,113910,113936.46,114297.86,-153.46,-387.86,-234.88,288.72,False,False,nan,True,0.5756,93.02,nan,False,0,COLLECTING,0,,0,,,,,17,56,98,30,60,1.0004419023611517,0.17320508075688776
2026-08-31T21:59:30.701,124809953,P015,finger_still,VALID,,,,1679,4361837,113784,113932,113933.41,114290.54,-149.41,-358.54,-265.79,288.27,False,False,nan,True,0.5756,93.02,nan,False,0,COLLECTING,0,,0,,,,,17,56,98,30,60,1.0004419023611517,0.17320508075688776
2026-08-31T21:59:30.847,124810093,P015,finger_still,VALID,,,,1680,4361877,113861,114111,113931.97,114286.95,-70.97,-175.95,-243.33,287.37,False,False,nan,True,0.5756,93.02,nan,False,0,COLLECTING,0,,0,,,,,17,56,98,30,60,1.0002104778495375,0.24494897427831783
2026-08-31T21:59:30.858,124810109,P015,finger_still,VALID,,,,1681,4361917,113974,114337,113932.81,114287.95,41.19,49.05,-170.23,285.02,False,False,nan,True,0.5756,93.02,nan,False,0,COLLECTING,0,,0,,,,,17,56,98,30,60,1.0002104778495375,0.24494897427831783
2026-08-31T21:59:30.866,124810109,P015,finger_still,VALID,,,,1682,4361957,114014,114403,113934.44,114290.25,79.56,112.75,-99.49,281.31,False,False,nan,True,0.5756,93.02,nan,False,0,COLLECTING,0,,0,,,,,17,56,98,30,60,1.0002104778495375,0.24494897427831783
2026-08-31T21:59:30.877,124810125,P015,finger_still,VALID,,,,1683,4361997,114040,114443,113936.55,114293.3,103.45,149.7,-37.19,276.43,False,False,nan,True,0.5756,93.02,nan,False,0,COLLECTING,0,,0,,,,,17,56,98,30,60,1.0002104778495375,0.24494897427831783
2026-08-31T21:59:30.901,124810156,P015,finger_still,VALID,,,,1684,4362037,114045,114439,113938.72,114296.22,106.28,142.78,7.8,271.06,False,False,nan,True,0.5756,93.02,nan,False,0,COLLECTING,0,,0,,,,,17,56,98,30,60,1.0002104778495375,0.24494897427831783
2026-08-31T21:59:31.047,124810296,P015,finger_still,VALID,,,,1685,4362077,113975,114296,113939.45,114296.21,35.55,-0.21,5.8,265.75,False,False,nan,True,0.5756,93.02,nan,False,0,COLLECTING,0,,0,,,,,17,56,98,30,60,0.999336780069662,0.17320508075688776
2026-08-31T21:59:31.059,124810312,P015,finger_still,VALID,,,,1686,4362117,113889,114138,113938.44,114293.05,-49.44,-155.05,-34.41,261.13,False,False,nan,True,0.5756,93.02,nan,False,0,COLLECTING,0,,0,,,,,17,56,98,30,60,0.999336780069662,0.17320508075688776
2026-08-31T21:59:31.072,124810328,P015,finger_still,VALID,,,,1687,4362157,113958,114287,113938.83,114292.93,19.17,-5.93,-27.29,256.45,False,False,nan,True,0.5756,93.02,nan,False,0,COLLECTING,0,,0,,,,,17,56,98,30,60,0.999336780069662,0.17320508075688776
2026-08-31T21:59:31.079,124810328,P015,finger_still,VALID,,,,1688,4362197,114056,114495,113941.17,114296.97,114.83,198.03,29.04,251.9,False,False,nan,True,0.5756,93.02,nan,False,0,COLLECTING,0,,0,,,,,17,56,98,30,60,0.999336780069662,0.17320508075688776
2026-08-31T21:59:31.104,124810359,P015,finger_still,VALID,,,,1689,4362237,114063,114535,113943.61,114301.73,119.39,233.27,80.1,248.47,False,False,nan,True,0.5756,93.02,nan,False,0,COLLECTING,0,,0,,,,,17,56,98,30,60,0.999336780069662,0.17320508075688776
2026-08-31T21:59:31.248,124810500,P015,finger_still,VALID,,,,1690,4362277,114060,114542,113945.94,114306.53,114.06,235.47,118.94,245.88,False,False,nan,True,0.5756,93.02,nan,False,0,COLLECTING,0,,0,,,,,17,56,98,30,60,0.9989089047555838,0.17320508075688776
2026-08-31T21:59:31.259,124810515,P015,finger_still,VALID,,,,1691,4362317,113995,114405,113946.92,114308.5,48.08,96.5,113.33,243.22,True,False,nan,True,0.5756,93.02,nan,False,0,COLLECTING,0,,0,,,,,17,56,98,30,60,0.9989089047555838,0.17320508075688776
2026-08-31T21:59:31.271,124810515,P015,finger_still,VALID,,,,1692,4362357,113999,114423,113947.96,114310.79,51.04,112.21,113.05,240.62,False,False,nan,True,0.5756,93.02,nan,False,0,COLLECTING,0,,0,,,,,17,56,98,30,60,0.9989089047555838,0.17320508075688776
2026-08-31T21:59:31.279,124810531,P015,finger_still,VALID,,,,1693,4362397,114010,114480,113949.2,114314.17,60.8,165.83,126.24,238.33,False,False,nan,True,0.5756,93.02,nan,False,0,COLLECTING,0,,0,,,,,17,56,98,30,60,0.9989089047555838,0.17320508075688776
2026-08-31T21:59:31.301,124810546,P015,finger_still,VALID,,,,1694,4362437,114015,114517,113950.52,114318.23,64.48,198.77,144.38,236.45,False,False,nan,True,0.5756,93.02,nan,False,0,COLLECTING,0,,0,,,,,17,56,98,30,60,0.9989089047555838,0.17320508075688776
2026-08-31T21:59:31.449,124810703,P015,finger_still,VALID,,,,1695,4362477,113979,114439,113951.09,114320.64,27.91,118.36,137.87,234.48,True,False,nan,True,0.5756,93.02,nan,False,0,COLLECTING,0,,0,,,,,17,56,98,30,60,0.9989089047555838,0.24494897427831783
2026-08-31T21:59:31.461,124810718,P015,finger_still,VALID,,,,1696,4362517,113899,114280,113950.05,114319.83,-51.05,-39.83,93.45,231.66,False,False,nan,True,0.5756,93.02,nan,False,0,COLLECTING,0,,0,,,,,17,56,98,30,60,0.9989089047555838,0.24494897427831783
2026-08-31T21:59:31.473,124810718,P015,finger_still,VALID,,,,1697,4362557,113915,114332,113949.34,114320.07,-34.34,11.93,73.07,228.49,False,False,nan,True,0.5756,93.02,nan,False,0,COLLECTING,0,,0,,,,,17,56,98,30,60,0.9989089047555838,0.24494897427831783
2026-08-31T21:59:31.480,124810734,P015,finger_still,VALID,,,,1698,4362597,113962,114435,113949.59,114322.37,12.41,112.63,82.96,225.58,False,False,nan,True,0.5756,93.02,nan,False,0,COLLECTING,0,,0,,,,,17,56,98,30,60,0.9989089047555838,0.24494897427831783
2026-08-31T21:59:31.501,124810750,P015,finger_still,VALID,,,,1699,4362637,114027,114555,113951.14,114327.02,75.86,227.98,119.21,223.45,False,False,nan,True,0.5756,93.02,nan,False,0,COLLECTING,0,,0,,,,,17,56,98,30,60,0.9989089047555838,0.24494897427831783
2026-08-31T21:59:31.647,124810890,P015,finger_still,VALID,,,,1700,4362677,113887,114252,113949.86,114325.52,-62.86,-73.52,71.03,220.4,True,True,360.0,True,0.5756,93.02,nan,False,0,COLLECTING,0,,0,,,,,17,56,98,30,60,0.9997829764503894,0.24494897427831783
2026-08-31T21:59:31.658,124810906,P015,finger_still,VALID,,,,1701,4362717,113791,114045,113946.68,114319.91,-155.68,-274.91,-15.46,216.3,False,False,nan,True,0.5756,93.02,nan,False,0,COLLECTING,0,,0,,,,,17,56,98,30,60,0.9997829764503894,0.24494897427831783
2026-08-31T21:59:31.670,124810921,P015,finger_still,VALID,,,,1702,4362757,113771,114004,113943.16,114313.59,-172.16,-309.59,-88.99,213.76,False,False,nan,True,0.5756,93.02,nan,False,0,COLLECTING,0,,0,,,,,17,56,98,30,60,0.9997829764503894,0.24494897427831783
2026-08-31T21:59:31.679,124810937,P015,finger_still,VALID,,,,1703,4362797,113730,113930,113938.9,114305.92,-208.9,-375.92,-160.72,212.7,False,False,nan,True,0.5756,93.02,nan,False,0,COLLECTING,0,,0,,,,,17,56,98,30,60,0.9997829764503894,0.24494897427831783
2026-08-31T21:59:31.701,124810953,P015,finger_still,VALID,,,,1704,4362837,113651,113786,113933.14,114295.52,-282.14,-509.52,-247.92,213.4,False,False,nan,True,0.5756,93.02,nan,False,0,COLLECTING,0,,0,,,,,17,56,98,30,60,0.9997829764503894,0.24494897427831783
2026-08-31T21:59:31.847,124811093,P015,finger_still,VALID,,,,1705,4362877,113605,113676,113926.58,114283.13,-321.58,-607.13,-337.73,215.89,False,False,nan,True,0.5756,93.02,nan,False,0,COLLECTING,0,,0,,,,,18,56,98,30,60,1.0002104778495375,0.17320508075688776
2026-08-31T21:59:31.859,124811109,P015,finger_still,VALID,,,,1706,4362917,113541,113586,113918.87,114269.19,-377.87,-683.19,-424.09,220.05,False,False,nan,True,0.5756,93.02,nan,False,0,COLLECTING,0,,0,,,,,18,56,98,30,60,1.0002104778495375,0.17320508075688776
2026-08-31T21:59:31.871,124811125,P015,finger_still,VALID,,,,1707,4362957,113521,113544,113910.91,114254.69,-389.91,-710.69,-495.74,225.57,False,False,nan,True,0.5756,93.02,nan,False,0,COLLECTING,0,,0,,,,,18,56,98,30,60,1.0002104778495375,0.17320508075688776
2026-08-31T21:59:31.880,124811125,P015,finger_still,VALID,,,,1708,4362997,113535,113569,113903.39,114240.98,-368.39,-671.98,-539.8,231.85,False,False,nan,True,0.5756,93.02,nan,False,0,COLLECTING,0,,0,,,,,18,56,98,30,60,1.0002104778495375,0.17320508075688776
2026-08-31T21:59:31.902,124811156,P015,finger_still,VALID,,,,1709,4363037,113587,113705,113897.06,114230.26,-310.06,-525.26,-536.16,237.94,False,False,nan,True,0.5756,93.02,nan,False,0,COLLECTING,0,,0,,,,,18,56,98,30,60,1.0002104778495375,0.17320508075688776
2026-08-31T21:59:32.048,124811296,P015,finger_still,VALID,,,,1710,4363077,113600,113739,113891.12,114220.43,-291.12,-481.43,-522.48,243.63,False,False,nan,True,0.5756,93.02,nan,False,0,COLLECTING,0,,0,,,,,18,56,98,30,60,0.9997829764503894,0.24494897427831783
2026-08-31T21:59:32.058,124811312,P015,finger_still,VALID,,,,1711,4363117,113605,113755,113885.41,114211.12,-280.41,-456.12,-505.89,248.87,False,False,nan,True,0.5756,93.02,nan,False,0,COLLECTING,0,,0,,,,,18,56,98,30,60,0.9997829764503894,0.24494897427831783
2026-08-31T21:59:32.070,124811328,P015,finger_still,VALID,,,,1712,4363157,113619,113817,113880.08,114203.24,-261.08,-386.24,-475.98,253.42,False,False,nan,True,0.5756,93.02,nan,False,0,COLLECTING,0,,0,,,,,18,56,98,30,60,0.9997829764503894,0.24494897427831783
2026-08-31T21:59:32.080,124811328,P015,finger_still,VALID,,,,1713,4363197,113622,113817,113874.91,114195.52,-252.91,-378.52,-451.61,257.38,False,False,nan,True,0.5756,93.02,nan,False,0,COLLECTING,0,,0,,,,,18,56,98,30,60,0.9997829764503894,0.24494897427831783
2026-08-31T21:59:32.103,124811359,P015,finger_still,VALID,,,,1714,4363237,113651,113880,113870.44,114189.2,-219.44,-309.2,-416.01,260.55,False,False,nan,True,0.5756,93.02,nan,False,0,COLLECTING,0,,0,,,,,18,56,98,30,60,0.9997829764503894,0.24494897427831783
2026-08-31T21:59:32.246,124811500,P015,finger_still,VALID,,,,1715,4363277,113679,113958,113866.61,114184.58,-187.61,-226.58,-368.65,262.71,False,False,nan,True,0.5756,93.02,nan,False,0,COLLECTING,0,,0,,,,,18,56,98,30,60,0.9997829764503894,0.24494897427831783
2026-08-31T21:59:32.258,124811515,P015,finger_still,VALID,,,,1716,4363317,113702,113989,113863.32,114180.66,-161.32,-191.66,-324.41,263.95,False,False,nan,True,0.5756,93.02,nan,False,0,COLLECTING,0,,0,,,,,18,56,98,30,60,0.9997829764503894,0.24494897427831783
2026-08-31T21:59:32.270,124811515,P015,finger_still,VALID,,,,1717,4363357,113724,114057,113860.53,114178.19,-136.53,-121.19,-273.6,264.14,False,False,nan,True,0.5756,93.02,nan,False,0,COLLECTING,0,,0,,,,,18,56,98,30,60,0.9997829764503894,0.24494897427831783
2026-08-31T21:59:32.280,124811531,P015,finger_still,VALID,,,,1718,4363397,113733,114098,113857.98,114176.59,-124.98,-78.59,-224.85,263.36,False,False,nan,True,0.5756,93.02,nan,False,0,COLLECTING,0,,0,,,,,18,56,98,30,60,0.9997829764503894,0.24494897427831783
2026-08-31T21:59:32.301,124811546,P015,finger_still,VALID,,,,1719,4363437,113716,114045,113855.15,114173.95,-139.15,-128.95,-200.87,262.11,False,False,nan,True,0.5756,93.02,nan,False,0,COLLECTING,0,,0,,,,,18,56,98,30,60,0.9997829764503894,0.24494897427831783
2026-08-31T21:59:32.447,124811703,P015,finger_still,VALID,,,,1720,4363477,113583,113749,113849.7,114165.45,-266.7,-416.45,-254.77,261.96,False,False,nan,True,0.5756,93.02,nan,False,0,COLLECTING,0,,0,,,,,18,56,98,30,60,1.0002104778495375,0.24494897427831783
2026-08-31T21:59:32.458,124811703,P015,finger_still,VALID,,,,1721,4363517,113505,113554,113842.81,114153.23,-337.81,-599.23,-340.88,263.54,False,False,nan,True,0.5756,93.02,nan,False,0,COLLECTING,0,,0,,,,,18,56,98,30,60,1.0002104778495375,0.24494897427831783
2026-08-31T21:59:32.470,124811718,P015,finger_still,VALID,,,,1722,4363557,113539,113631,113836.73,114142.78,-297.73,-511.78,-383.61,265.94,False,False,nan,True,0.5756,93.02,nan,False,0,COLLECTING,0,,0,,,,,18,56,98,30,60,1.0002104778495375,0.24494897427831783
2026-08-31T21:59:32.479,124811734,P015,finger_still,VALID,,,,1723,4363597,113616,113775,113832.32,114135.42,-216.32,-360.42,-377.81,268.18,False,False,nan,True,0.5756,93.02,nan,False,0,COLLECTING,0,,0,,,,,18,56,98,30,60,1.0002104778495375,0.24494897427831783
2026-08-31T21:59:32.503,124811750,P015,finger_still,VALID,,,,1724,4363637,113666,113880,113828.99,114130.31,-162.99,-250.31,-345.94,269.73,False,False,nan,True,0.5756,93.02,nan,False,0,COLLECTING,0,,0,,,,,18,56,98,30,60,1.0002104778495375,0.24494897427831783
2026-08-31T21:59:32.647,124811890,P015,finger_still,VALID,,,,1725,4363677,113723,113999,113826.88,114127.69,-103.88,-128.69,-291.62,270.17,False,False,nan,True,0.5756,93.02,nan,False,0,COLLECTING,0,,0,,,,,18,56,98,30,60,1.0002104778495375,0.24494897427831783
2026-08-31T21:59:32.659,124811906,P015,finger_still,VALID,,,,1726,4363717,113760,114051,113825.54,114126.16,-65.54,-75.16,-237.51,269.52,False,False,nan,True,0.5756,93.02,nan,False,0,COLLECTING,0,,0,,,,,18,56,98,30,60,1.0002104778495375,0.24494897427831783
2026-08-31T21:59:32.670,124811921,P015,finger_still,VALID,,,,1727,4363757,113735,113978,113823.73,114123.2,-88.73,-145.2,-214.43,268.41,False,False,nan,True,0.5756,93.02,nan,False,0,COLLECTING,0,,0,,,,,18,56,98,30,60,1.0002104778495375,0.24494897427831783
2026-08-31T21:59:32.677,124811921,P015,finger_still,VALID,,,,1728,4363797,113698,113883,113821.21,114118.39,-123.21,-235.39,-219.67,267.44,False,False,nan,True,0.5756,93.02,nan,False,0,COLLECTING,0,,0,,,,,18,56,98,30,60,1.0002104778495375,0.24494897427831783
2026-08-31T21:59:32.702,124811953,P015,finger_still,VALID,,,,1729,4363837,113695,113852,113818.69,114113.06,-123.69,-261.06,-230.02,266.69,False,False,nan,True,0.5756,93.02,nan,False,0,COLLECTING,0,,0,,,,,18,56,98,30,60,1.0002104778495375,0.24494897427831783
2026-08-31T21:59:32.847,124812093,P015,finger_still,VALID,,,,1730,4363877,113716,113877,113816.63,114108.34,-100.63,-231.34,-230.35,265.96,False,False,nan,True,0.5756,93.02,nan,False,0,COLLECTING,0,,0,,,,,18,56,98,30,60,0.999336780069662,0.24494897427831783
2026-08-31T21:59:32.858,124812109,P015,finger_still,VALID,,,,1731,4363917,113744,113936,113815.18,114104.9,-71.18,-168.9,-214.99,264.94,False,False,nan,True,0.5756,93.02,nan,False,0,COLLECTING,0,,0,,,,,18,56,98,30,60,0.999336780069662,0.24494897427831783
2026-08-31T21:59:32.870,124812125,P015,finger_still,VALID,,,,1732,4363957,113763,113982,113814.13,114102.44,-51.13,-120.44,-191.35,263.47,False,False,nan,True,0.5756,93.02,nan,False,0,COLLECTING,0,,0,,,,,18,56,98,30,60,0.999336780069662,0.24494897427831783
2026-08-31T21:59:32.877,124812125,P015,finger_still,VALID,,,,1733,4363997,113776,114020,113813.37,114100.79,-37.37,-80.79,-163.71,261.48,False,False,nan,True,0.5756,93.02,nan,False,0,COLLECTING,0,,0,,,,,18,56,98,30,60,0.999336780069662,0.24494897427831783
2026-08-31T21:59:32.901,124812156,P015,finger_still,VALID,,,,1734,4364037,113792,114036,113812.94,114099.49,-20.94,-63.49,-138.65,259.02,False,False,nan,True,0.5756,93.02,nan,False,0,COLLECTING,0,,0,,,,,18,56,98,30,60,0.999336780069662,0.24494897427831783
2026-08-31T21:59:33.046,124812296,P015,finger_still,VALID,,,,1735,4364077,113801,114028,113812.7,114098.06,-11.7,-70.06,-121.51,256.27,False,False,nan,True,0.5756,93.02,nan,False,0,COLLECTING,0,,0,,,,,17,56,98,30,60,1.0002104778495375,0.24494897427831783
2026-08-31T21:59:33.058,124812312,P015,finger_still,VALID,,,,1736,4364117,113789,114008,113812.22,114096.26,-23.22,-88.26,-113.19,253.41,False,False,nan,True,0.5756,93.02,nan,False,0,COLLECTING,0,,0,,,,,17,56,98,30,60,1.0002104778495375,0.24494897427831783
2026-08-31T21:59:33.066,124812312,P015,finger_still,VALID,,,,1737,4364157,113800,114008,113811.98,114094.49,-11.98,-86.49,-106.52,250.47,False,False,nan,True,0.5756,93.02,nan,False,0,COLLECTING,0,,0,,,,,17,56,98,30,60,1.0002104778495375,0.24494897427831783
2026-08-31T21:59:33.077,124812328,P015,finger_still,VALID,,,,1738,4364197,113716,113811,113810.05,114088.82,-94.05,-277.82,-149.34,248.45,False,False,nan,True,0.5756,93.02,nan,False,0,COLLECTING,0,,0,,,,,17,56,98,30,60,1.0002104778495375,0.24494897427831783
