pc_time,pc_monotonic_ms,trial_id,label,expected_state,reference_hr_bpm,reference_spo2_pct,action_marker,seq,t_ms,red,ir,red_dc,ir_dc,red_ac,ir_ac,filtered_ir,envelope,peak_candidate,beat_accepted,ibi_ms,finger,sqi,hr_bpm,spo2_pct,valid,fifo_overflow,rhythm_state,rhythm_valid,rhythm_confidence,model_calibrated,rhythm_ibi_mean_ms,rhythm_sdnn_ms,rhythm_rmssd_ms,rhythm_pnn50,rhythm_beat_count,rhythm_inference_us,rhythm_inference_count,rhythm_model_bytes,rhythm_classifier_state_bytes,imu_accel_g,imu_gyro_dps
2026-08-31T22:07:46.881,125306125,P024,heavy_pressure,QUALITY,,,,1,4858017,109224,116203,101691.87,105160.16,7532.13,11042.84,11790.82,14358.95,False,False,nan,True,0.7,75.95,89.39,True,0,COLLECTING,0,,0,,,,,3,53,101,30,60,1.0001624867990202,0.17320508075688776
2026-08-31T22:07:46.918,125306171,P024,heavy_pressure,QUALITY,,,,2,4858057,109165,116111,101841.33,105379.18,7323.67,10731.82,11526.07,14302.29,False,False,nan,True,0.7,75.95,89.39,True,0,COLLECTING,0,,0,,,,,3,53,101,30,60,1.0001624867990202,0.17320508075688776
2026-08-31T22:07:47.043,125306296,P024,heavy_pressure,QUALITY,,,,3,4858097,109072,115977,101985.95,105591.13,7086.05,10385.87,11241.02,14241.07,False,False,nan,True,0.7,75.95,89.39,True,0,COLLECTING,0,,0,,,,,3,53,101,30,60,0.9997609714326721,0.17320508075688776
2026-08-31T22:07:47.053,125306296,P024,heavy_pressure,QUALITY,,,,4,4858137,108978,115845,102125.79,105796.21,6852.21,10048.79,10942.96,14175.1,False,False,nan,True,0.7,75.95,89.39,True,0,COLLECTING,0,,0,,,,,3,53,101,30,60,0.9997609714326721,0.17320508075688776
2026-08-31T22:07:47.064,125306312,P024,heavy_pressure,QUALITY,,,,5,4858177,108850,115661,102260.27,105993.51,6589.73,9667.49,10624.1,14104.08,False,False,nan,True,0.7,75.95,89.39,True,0,COLLECTING,0,,0,,,,,3,53,101,30,60,0.9997609714326721,0.17320508075688776
2026-08-31T22:07:47.074,125306328,P024,heavy_pressure,QUALITY,,,,6,4858217,108687,115448,102388.8,106182.59,6298.2,9265.41,10284.42,14027.69,False,False,nan,True,0.7,75.95,89.39,True,0,COLLECTING,0,,0,,,,,3,53,101,30,60,0.9997609714326721,0.17320508075688776
2026-08-31T22:07:47.117,125306375,P024,heavy_pressure,QUALITY,,,,7,4858257,108567,115300,102512.37,106364.95,6054.63,8935.05,9947.08,13946.08,False,False,nan,True,0.7,75.95,89.39,True,0,COLLECTING,0,,0,,,,,3,53,101,30,60,0.9997609714326721,0.17320508075688776
2026-08-31T22:07:47.242,125306500,P024,heavy_pressure,QUALITY,,,ACTION_START,8,4858297,108508,115228,102632.28,106542.2,5875.72,8685.8,9631.76,13859.79,False,False,nan,True,0.7,75.95,89.39,True,0,COLLECTING,0,,0,,,,,3,53,101,30,60,1.0001624867990202,0.17320508075688776
2026-08-31T22:07:47.253,125306500,P024,heavy_pressure,QUALITY,,,,9,4858337,108475,115190,102749.13,106715.16,5725.87,8474.84,9342.53,13769.45,False,False,nan,True,0.7,75.95,89.39,True,0,COLLECTING,0,,0,,,,,3,53,101,30,60,1.0001624867990202,0.17320508075688776
2026-08-31T22:07:47.266,125306515,P024,heavy_pressure,QUALITY,,,,10,4858377,108482,115193,102863.79,106884.71,5618.21,8308.29,9083.97,13675.74,False,False,nan,True,0.7,75.95,89.39,True,0,COLLECTING,0,,0,,,,,3,53,101,30,60,1.0001624867990202,0.17320508075688776
2026-08-31T22:07:47.273,125306531,P024,heavy_pressure,QUALITY,,,,11,4858417,108515,115244,102976.81,107051.9,5538.19,8192.1,8861.0,13579.44,False,False,nan,True,0.7,75.95,89.39,True,0,COLLECTING,0,,0,,,,,3,53,101,30,60,1.0001624867990202,0.17320508075688776
2026-08-31T22:07:47.317,125306562,P024,heavy_pressure,QUALITY,,,,12,4858457,108537,115287,103088.02,107216.6,5448.98,8070.4,8663.35,13481.12,False,False,nan,True,0.7,75.95,89.39,True,0,COLLECTING,0,,0,,,,,3,53,101,30,60,1.0001624867990202,0.17320508075688776
2026-08-31T22:07:47.442,125306687,P024,heavy_pressure,QUALITY,,,,13,4858497,108551,115304,103197.27,107378.35,5353.73,7925.65,8478.93,13381.08,False,False,nan,True,0.7,75.95,89.39,True,0,COLLECTING,0,,0,,,,,3,53,101,30,60,0.9997609714326721,0.17320508075688776
2026-08-31T22:07:47.454,125306703,P024,heavy_pressure,QUALITY,,,,14,4858537,108566,115334,103304.65,107537.46,5261.35,7796.54,8308.33,13279.62,False,False,nan,True,0.7,75.95,89.39,True,0,COLLECTING,0,,0,,,,,3,53,101,30,60,0.9997609714326721,0.17320508075688776
2026-08-31T22:07:47.465,125306718,P024,heavy_pressure,QUALITY,,,,15,4858577,108567,115350,103409.9,107693.71,5157.1,7656.29,8145.32,13176.94,False,False,nan,True,0.7,75.95,89.39,True,0,COLLECTING,0,,0,,,,,3,53,101,30,60,0.9997609714326721,0.17320508075688776
2026-08-31T22:07:47.474,125306718,P024,heavy_pressure,QUALITY,,,,16,4858617,108577,115357,103513.24,107846.98,5063.76,7510.02,7986.5,13073.13,False,False,nan,True,0.7,75.95,89.39,True,0,COLLECTING,0,,0,,,,,3,53,101,30,60,0.9997609714326721,0.17320508075688776
2026-08-31T22:07:47.517,125306765,P024,heavy_pressure,QUALITY,,,,17,4858657,108580,115339,103614.58,107996.82,4965.42,7342.18,7825.42,12968.17,False,False,nan,True,0.7,75.95,89.39,True,0,COLLECTING,0,,0,,,,,3,53,101,30,60,0.9997609714326721,0.17320508075688776
2026-08-31T22:07:47.642,125306890,P024,heavy_pressure,QUALITY,,,,18,4858697,108608,115371,103714.45,108144.3,4893.55,7226.7,7675.74,12862.32,False,False,nan,True,0.7,75.95,89.39,True,0,COLLECTING,0,,0,,,,,3,53,101,30,60,1.0001624867990202,0.17320508075688776
2026-08-31T22:07:47.654,125306906,P024,heavy_pressure,QUALITY,,,,19,4858737,108665,115430,103813.45,108290.02,4851.55,7139.98,7541.8,12755.91,False,False,nan,True,0.7,75.95,89.39,True,0,COLLECTING,0,,0,,,,,3,53,101,30,60,1.0001624867990202,0.17320508075688776
2026-08-31T22:07:47.664,125306921,P024,heavy_pressure,QUALITY,,,,20,4858777,108746,115504,103912.1,108434.3,4833.9,7069.7,7423.77,12649.27,False,False,nan,True,0.7,75.95,89.39,True,0,COLLECTING,0,,0,,,,,3,53,101,30,60,1.0001624867990202,0.17320508075688776
2026-08-31T22:07:47.674,125306921,P024,heavy_pressure,QUALITY,,,,21,4858817,108835,115603,104010.56,108577.67,4824.44,7025.33,7324.16,12542.77,False,False,nan,True,0.7,75.95,89.39,True,0,COLLECTING,0,,0,,,,,3,53,101,30,60,1.0001624867990202,0.17320508075688776
2026-08-31T22:07:47.718,125306968,P024,heavy_pressure,QUALITY,,,,22,4858857,108899,115702,104108.33,108720.16,4790.67,6981.84,7238.58,12436.69,False,False,nan,True,0.7,75.95,89.39,True,0,COLLECTING,0,,0,,,,,3,53,101,30,60,1.0001624867990202,0.17320508075688776
2026-08-31T22:07:47.843,125307093,P024,heavy_pressure,QUALITY,,,,23,4858897,108975,115806,104205.66,108861.88,4769.34,6944.12,7164.97,12331.25,False,False,nan,True,0.7,75.95,89.39,True,0,COLLECTING,0,,0,,,,,3,53,101,30,60,0.9992737362704976,0.17320508075688776
2026-08-31T22:07:47.854,125307109,P024,heavy_pressure,QUALITY,,,,24,4858937,109030,115887,104302.15,109002.38,4727.85,6884.62,7094.88,12226.52,False,False,nan,True,0.7,75.95,89.39,True,0,COLLECTING,0,,0,,,,,3,53,101,30,60,0.9992737362704976,0.17320508075688776
2026-08-31T22:07:47.866,125307125,P024,heavy_pressure,QUALITY,,,,25,4858977,109078,115940,104397.66,109141.12,4680.34,6798.88,7020.88,12122.41,False,False,nan,True,0.7,75.95,89.39,True,0,COLLECTING,0,,0,,,,,3,53,101,30,60,0.9992737362704976,0.17320508075688776
2026-08-31T22:07:47.875,125307125,P024,heavy_pressure,QUALITY,,,,26,4859017,109121,115976,104492.13,109277.82,4628.87,6698.18,6940.21,12018.77,False,False,nan,True,0.7,75.95,89.39,True,0,COLLECTING,0,,0,,,,,3,53,101,30,60,0.9992737362704976,0.17320508075688776
2026-08-31T22:07:47.918,125307171,P024,heavy_pressure,QUALITY,,,,27,4859057,109173,116029,104585.75,109412.84,4587.25,6616.16,6859.19,11915.57,False,False,nan,True,0.7,75.95,89.39,True,0,COLLECTING,0,,0,,,,,3,53,101,30,60,0.9992737362704976,0.17320508075688776
2026-08-31T22:07:48.042,125307296,P024,heavy_pressure,QUALITY,,,,28,4859097,109208,116054,104678.2,109545.66,4529.8,6508.34,6771.48,11812.69,False,False,nan,True,0.7,75.95,89.39,True,0,COLLECTING,0,,0,,,,,3,53,101,30,60,0.9992737362704976,0.17320508075688776
2026-08-31T22:07:48.054,125307312,P024,heavy_pressure,QUALITY,,,,29,4859137,109189,116030,104768.41,109675.35,4420.59,6354.65,6667.27,11709.78,False,False,nan,True,0.7,75.95,89.39,True,0,COLLECTING,0,,0,,,,,3,53,101,30,60,0.9992737362704976,0.17320508075688776
2026-08-31T22:07:48.065,125307312,P024,heavy_pressure,QUALITY,,,,30,4859177,109160,116033,104856.24,109802.51,4303.76,6230.49,6558.08,11606.75,False,False,nan,True,0.7,75.95,89.39,True,0,COLLECTING,0,,0,,,,,3,53,101,30,60,0.9992737362704976,0.17320508075688776
2026-08-31T22:07:48.074,125307328,P024,heavy_pressure,QUALITY,,,,31,4859217,109147,116062,104942.05,109927.7,4204.95,6134.3,6452.13,11503.66,False,False,nan,True,0.7,75.95,89.39,True,0,COLLECTING,0,,0,,,,,3,53,101,30,60,0.9992737362704976,0.17320508075688776
2026-08-31T22:07:48.117,125307375,P024,heavy_pressure,QUALITY,,,,32,4859257,109093,116007,105025.07,110049.28,4067.93,5957.72,6328.53,11400.15,False,False,nan,True,0.7,75.95,89.39,True,0,COLLECTING,0,,0,,,,,3,53,101,30,60,0.9992737362704976,0.17320508075688776
2026-08-31T22:07:48.243,125307500,P024,heavy_pressure,QUALITY,,,,33,4859297,109083,116003,105106.23,110168.36,3976.77,5834.64,6205.06,11296.25,False,False,nan,True,0.7,75.95,89.39,True,0,COLLECTING,0,,0,,,,,3,53,101,30,60,1.0001624867990202,0.17320508075688776
2026-08-31T22:07:48.254,125307500,P024,heavy_pressure,QUALITY,,,,34,4859337,109113,116023,105186.36,110285.45,3926.64,5737.55,6088.18,11192.09,False,False,nan,True,0.7,75.95,89.39,True,0,COLLECTING,0,,0,,,,,3,53,101,30,60,1.0001624867990202,0.17320508075688776
2026-08-31T22:07:48.265,125307515,P024,heavy_pressure,QUALITY,,,,35,4859377,109096,116032,105264.55,110400.38,3831.45,5631.62,5974.04,11087.73,False,False,nan,True,0.7,75.95,89.39,True,0,COLLECTING,0,,0,,,,,3,53,101,30,60,1.0001624867990202,0.17320508075688776
2026-08-31T22:07:48.274,125307531,P024,heavy_pressure,QUALITY,,,,36,4859417,109084,116018,105340.95,110512.73,3743.05,5505.27,5856.85,10983.11,False,False,nan,True,0.7,75.95,89.39,True,0,COLLECTING,0,,0,,,,,3,53,101,30,60,1.0001624867990202,0.17320508075688776
2026-08-31T22:07:48.317,125307562,P024,heavy_pressure,QUALITY,,,,37,4859457,109076,116014,105415.65,110622.76,3660.35,5391.24,5740.44,10878.26,False,False,nan,True,0.7,75.95,89.39,True,0,COLLECTING,0,,0,,,,,3,53,101,30,60,1.0001624867990202,0.17320508075688776
2026-08-31T22:07:48.448,125307703,P024,heavy_pressure,QUALITY,,,,38,4859497,109088,116083,105489.09,110731.96,3598.91,5351.04,5643.09,10773.56,False,False,nan,True,0.7,75.95,89.39,True,0,COLLECTING,0,,0,,,,,3,53,101,30,60,1.0001624867990202,0.17320508075688776
2026-08-31T22:07:48.453,125307703,P024,heavy_pressure,QUALITY,,,,39,4859537,109057,116120,105560.45,110839.72,3496.55,5280.28,5552.39,10669.13,False,False,nan,True,0.7,75.95,89.39,True,0,COLLECTING,0,,0,,,,,3,53,101,30,60,1.0001624867990202,0.17320508075688776
2026-08-31T22:07:48.464,125307718,P024,heavy_pressure,QUALITY,,,,40,4859577,109031,116176,105629.87,110946.45,3401.13,5229.55,5471.68,10565.18,False,False,nan,True,0.7,75.95,89.39,True,0,COLLECTING,0,,0,,,,,3,53,101,30,60,1.0001624867990202,0.17320508075688776
2026-08-31T22:07:48.474,125307718,P024,heavy_pressure,QUALITY,,,,41,4859617,108985,116143,105696.97,111050.38,3288.03,5092.62,5376.92,10461.42,False,False,nan,True,0.7,75.95,89.39,True,0,COLLECTING,0,,0,,,,,3,53,101,30,60,1.0001624867990202,0.17320508075688776
2026-08-31T22:07:48.516,125307765,P024,heavy_pressure,QUALITY,,,,42,4859657,108973,116133,105762.49,111152.03,3210.51,4980.97,5277.93,10357.75,False,False,nan,True,0.7,75.95,89.39,True,0,COLLECTING,0,,0,,,,,3,53,101,30,60,1.0001624867990202,0.17320508075688776
2026-08-31T22:07:48.642,125307890,P024,heavy_pressure,QUALITY,,,,43,4859697,109012,116171,105827.48,111252.41,3184.52,4918.59,5188.09,10254.35,False,False,nan,True,0.7,75.95,89.39,True,0,COLLECTING,0,,0,,,,,3,53,101,30,60,1.0001624867990202,0.17320508075688776
2026-08-31T22:07:48.653,125307906,P024,heavy_pressure,QUALITY,,,,44,4859737,109008,116168,105891.09,111350.73,3116.91,4817.27,5095.39,10151.17,False,False,nan,True,0.7,75.95,89.39,True,0,COLLECTING,0,,0,,,,,3,53,101,30,60,1.0001624867990202,0.17320508075688776
2026-08-31T22:07:48.665,125307921,P024,heavy_pressure,QUALITY,,,,45,4859777,109068,116214,105954.63,111447.99,3113.37,4766.01,5013.04,10048.41,False,False,nan,True,0.7,75.95,89.39,True,0,COLLECTING,0,,0,,,,,3,53,101,30,60,1.0001624867990202,0.17320508075688776
2026-08-31T22:07:48.672,125307921,P024,heavy_pressure,QUALITY,,,,46,4859817,109116,116268,106017.86,111544.39,3098.14,4723.61,4940.69,9946.26,False,False,nan,True,0.7,75.95,89.39,True,0,COLLECTING,0,,0,,,,,3,53,101,30,60,1.0001624867990202,0.17320508075688776
2026-08-31T22:07:48.717,125307968,P024,heavy_pressure,QUALITY,,,,47,4859857,109030,116070,106078.1,111634.91,2951.9,4435.09,4814.29,9843.62,False,False,nan,True,0.7,75.95,89.39,True,0,COLLECTING,0,,0,,,,,3,53,101,30,60,1.0001624867990202,0.17320508075688776
2026-08-31T22:07:48.842,125308093,P024,heavy_pressure,QUALITY,,,,48,4859897,108915,115799,106134.84,111718.19,2780.16,4080.81,4630.92,9739.36,False,False,nan,True,0.7,75.95,89.39,True,0,COLLECTING,0,,0,,,,,3,53,101,30,60,1.0001624867990202,0.17320508075688776
2026-08-31T22:07:48.853,125308109,P024,heavy_pressure,QUALITY,,,,49,4859937,108949,115878,106191.12,111801.38,2757.88,4076.62,4492.34,9634.42,False,False,nan,True,0.7,75.95,89.39,True,0,COLLECTING,0,,0,,,,,3,53,101,30,60,1.0001624867990202,0.17320508075688776
2026-08-31T22:07:48.866,125308109,P024,heavy_pressure,QUALITY,,,,50,4859977,109040,116070,106248.09,111886.76,2791.91,4183.24,4415.07,9530.04,False,False,nan,True,0.7,75.95,89.39,True,0,COLLECTING,0,,0,,,,,3,53,101,30,60,1.0001624867990202,0.17320508075688776
2026-08-31T22:07:48.873,125308125,P024,heavy_pressure,QUALITY,,,,51,4860017,109100,116191,106305.13,111972.84,2794.87,4218.16,4365.84,9426.75,False,False,nan,True,0.7,75.95,89.39,True,0,COLLECTING,0,,0,,,,,3,53,101,30,60,1.0001624867990202,0.17320508075688776
2026-08-31T22:07:48.917,125308171,P024,heavy_pressure,QUALITY,,,,52,4860057,109137,116273,106361.77,112058.84,2775.23,4214.16,4327.92,9324.78,False,False,nan,True,0.7,75.95,89.39,True,0,COLLECTING,0,,0,,,,,3,53,101,30,60,1.0001624867990202,0.17320508075688776
2026-08-31T22:07:49.041,125308296,P024,heavy_pressure,QUALITY,,,,53,4860097,109196,116358,106418.46,112144.83,2777.54,4213.17,4299.23,9224.27,False,False,nan,True,0.7,75.95,89.39,True,0,COLLECTING,0,,0,,,,,3,53,101,30,60,1.0001624867990202,0.17320508075688776
2026-08-31T22:07:49.054,125308312,P024,heavy_pressure,QUALITY,,,,54,4860137,109220,116382,106474.49,112229.57,2745.51,4152.43,4262.53,9125.03,False,False,nan,True,0.7,75.95,89.39,True,0,COLLECTING,0,,0,,,,,3,53,101,30,60,1.0001624867990202,0.17320508075688776
2026-08-31T22:07:49.066,125308312,P024,heavy_pressure,QUALITY,,,,55,4860177,109219,116385,106529.38,112312.68,2689.62,4072.32,4214.98,9026.83,False,False,nan,True,0.7,75.95,89.39,True,0,COLLECTING,0,,0,,,,,3,53,101,30,60,1.0001624867990202,0.17320508075688776
2026-08-31T22:07:49.074,125308328,P024,heavy_pressure,QUALITY,,,,56,4860217,109248,116437,106583.76,112395.16,2664.24,4041.84,4171.69,8929.73,False,False,nan,True,0.7,75.95,89.39,True,0,COLLECTING,0,,0,,,,,3,53,101,30,60,1.0001624867990202,0.17320508075688776
2026-08-31T22:07:49.118,125308375,P024,heavy_pressure,QUALITY,,,,57,4860257,109286,116510,106637.8,112477.46,2648.2,4032.54,4136.9,8833.87,False,False,nan,True,0.7,75.95,89.39,True,0,COLLECTING,0,,0,,,,,3,53,101,30,60,1.0001624867990202,0.17320508075688776
2026-08-31T22:07:49.242,125308500,P024,heavy_pressure,QUALITY,,,,58,4860297,109319,116568,106691.43,112559.27,2627.57,4008.73,4104.86,8739.29,False,False,nan,True,0.7,75.95,89.39,True,0,COLLECTING,0,,0,,,,,3,53,101,30,60,1.0001624867990202,0.17320508075688776
2026-08-31T22:07:49.254,125308500,P024,heavy_pressure,QUALITY,,,,59,4860337,109345,116632,106744.5,112640.73,2600.5,3991.27,4076.46,8646.03,False,False,nan,True,0.7,75.95,89.39,True,0,COLLECTING,0,,0,,,,,3,53,101,30,60,1.0001624867990202,0.17320508075688776
2026-08-31T22:07:49.266,125308515,P024,heavy_pressure,QUALITY,,,,60,4860377,109393,116719,106797.47,112722.29,2595.53,3996.71,4056.53,8554.24,False,False,nan,True,0.7,75.95,89.39,True,0,COLLECTING,0,,0,,,,,3,53,101,30,60,1.0001624867990202,0.17320508075688776
2026-08-31T22:07:49.274,125308531,P024,heavy_pressure,QUALITY,,,,61,4860417,109388,116718,106849.28,112802.2,2538.72,3915.8,4021.34,8463.59,False,False,nan,True,0.7,75.95,89.39,True,0,COLLECTING,0,,0,,,,,3,53,101,30,60,1.0001624867990202,0.17320508075688776
2026-08-31T22:07:49.317,125308562,P024,heavy_pressure,QUALITY,,,,62,4860457,109460,116828,106901.49,112882.72,2558.51,3945.28,4002.33,8374.36,False,False,nan,True,0.7,75.95,89.39,True,0,COLLECTING,0,,0,,,,,3,53,101,30,60,1.0001624867990202,0.17320508075688776
2026-08-31T22:07:49.442,125308687,P024,heavy_pressure,QUALITY,,,,63,4860497,109595,117034,106955.36,112965.74,2639.64,4068.26,4018.81,8287.25,False,False,nan,True,0.7,75.95,89.39,True,0,COLLECTING,0,,0,,,,,3,53,101,30,60,1.0001624867990202,0.17320508075688776
2026-08-31T22:07:49.453,125308703,P024,heavy_pressure,QUALITY,,,,64,4860537,109655,117163,107009.35,113049.69,2645.65,4113.31,4042.44,8202.35,False,False,nan,True,0.7,75.95,89.39,True,0,COLLECTING,0,,0,,,,,3,53,101,30,60,1.0001624867990202,0.17320508075688776
2026-08-31T22:07:49.465,125308718,P024,heavy_pressure,QUALITY,,,,65,4860577,109684,117235,107062.84,113133.39,2621.16,4101.61,4057.23,8119.45,False,False,nan,True,0.7,75.95,89.39,True,0,COLLECTING,0,,0,,,,,3,53,101,30,60,1.0001624867990202,0.17320508075688776
2026-08-31T22:07:49.473,125308718,P024,heavy_pressure,QUALITY,,,,66,4860617,109687,117187,107115.33,113214.46,2571.67,3972.54,4036.06,8037.78,True,False,nan,True,0.7,75.95,89.39,True,0,COLLECTING,0,,0,,,,,3,53,101,30,60,1.0001624867990202,0.17320508075688776
2026-08-31T22:07:49.517,125308765,P024,heavy_pressure,QUALITY,,,,67,4860657,109684,117135,107166.7,113292.88,2517.3,3842.12,3987.57,7956.78,False,False,nan,True,0.7,75.95,89.39,True,0,COLLECTING,0,,0,,,,,3,53,101,30,60,1.0001624867990202,0.17320508075688776
2026-08-31T22:07:49.642,125308890,P024,heavy_pressure,QUALITY,,,,68,4860697,109750,117240,107218.37,113371.82,2531.63,3868.18,3957.73,7876.8,False,False,nan,True,0.7,75.95,89.39,True,0,COLLECTING,0,,0,,,,,3,53,101,30,60,0.9992737362704976,0.24494897427831783
2026-08-31T22:07:49.654,125308906,P024,heavy_pressure,QUALITY,,,,69,4860737,109858,117432,107271.16,113453.02,2586.84,3978.98,3963.04,7798.52,False,False,nan,True,0.7,75.95,89.39,True,0,COLLECTING,0,,0,,,,,3,53,101,30,60,0.9992737362704976,0.24494897427831783
2026-08-31T22:07:49.664,125308921,P024,heavy_pressure,QUALITY,,,,70,4860777,109902,117493,107323.77,113533.82,2578.23,3959.18,3962.07,7721.79,True,False,nan,True,0.7,75.95,89.39,True,0,COLLECTING,0,,0,,,,,3,53,101,30,60,0.9992737362704976,0.24494897427831783
2026-08-31T22:07:49.673,125308921,P024,heavy_pressure,QUALITY,,,,71,4860817,109921,117549,107375.72,113614.12,2545.28,3934.88,3955.27,7646.46,False,False,nan,True,0.7,75.95,89.39,True,0,COLLECTING,0,,0,,,,,3,53,101,30,60,0.9992737362704976,0.24494897427831783
2026-08-31T22:07:49.717,125308968,P024,heavy_pressure,QUALITY,,,,72,4860857,109958,117613,107427.37,113694.1,2530.63,3918.9,3946.18,7572.46,False,False,nan,True,0.7,75.95,89.39,True,0,COLLECTING,0,,0,,,,,3,53,101,30,60,0.9992737362704976,0.24494897427831783
2026-08-31T22:07:49.842,125309093,P024,heavy_pressure,QUALITY,,,,73,4860897,109967,117642,107478.16,113773.06,2488.84,3868.94,3926.87,7499.54,False,False,nan,True,0.7,75.95,89.39,True,0,COLLECTING,0,,0,,,,,3,53,101,30,60,0.9992737362704976,0.17320508075688776
2026-08-31T22:07:49.853,125309109,P024,heavy_pressure,QUALITY,,,,74,4860937,109954,117635,107527.67,113850.3,2426.33,3784.7,3891.33,7427.38,False,False,nan,True,0.7,75.95,89.39,True,0,COLLECTING,0,,0,,,,,3,53,101,30,60,0.9992737362704976,0.17320508075688776
2026-08-31T22:07:49.863,125309109,P024,heavy_pressure,QUALITY,,,,75,4860977,109940,117637,107575.92,113926.04,2364.08,3710.96,3846.23,7355.76,False,False,nan,True,0.7,75.95,89.39,True,0,COLLECTING,0,,0,,,,,3,53,101,30,60,0.9992737362704976,0.17320508075688776
2026-08-31T22:07:49.873,125309125,P024,heavy_pressure,QUALITY,,,,76,4861017,109928,117638,107622.96,114000.28,2305.04,3637.72,3794.11,7284.52,False,False,nan,True,0.7,75.95,89.39,True,0,COLLECTING,0,,0,,,,,3,53,101,30,60,0.9992737362704976,0.17320508075688776
2026-08-31T22:07:49.917,125309171,P024,heavy_pressure,QUALITY,,,,77,4861057,109940,117662,107669.3,114073.52,2270.7,3588.48,3742.7,7213.69,False,False,nan,True,0.7,75.95,89.39,True,0,COLLECTING,0,,0,,,,,3,53,101,30,60,0.9992737362704976,0.17320508075688776
2026-08-31T22:07:50.042,125309296,P024,heavy_pressure,QUALITY,,,,78,4861107,109951,117719,107714.94,114146.42,2236.06,3572.58,3700.17,7143.42,False,False,nan,True,0.7,75.95,89.39,True,0,COLLECTING,0,,0,,,,,3,53,101,30,60,1.0001624867990202,0.17320508075688776
2026-08-31T22:07:50.053,125309296,P024,heavy_pressure,QUALITY,,,,79,4861147,109975,117787,107760.14,114219.23,2214.86,3567.77,3667.07,7073.89,False,False,nan,True,0.7,75.95,92.78,True,0,COLLECTING,0,,0,,,,,3,53,101,30,60,1.0001624867990202,0.17320508075688776
2026-08-31T22:07:50.062,125309312,P024,heavy_pressure,QUALITY,,,,80,4861177,109995,117805,107804.84,114290.95,2190.16,3514.05,3628.81,7004.99,False,False,nan,True,0.7,75.95,92.78,True,0,COLLECTING,0,,0,,,,,3,53,101,30,60,1.0001624867990202,0.17320508075688776
2026-08-31T22:07:50.087,125309343,P024,heavy_pressure,QUALITY,,,,81,4861227,109983,117779,107848.4,114360.71,2134.6,3418.29,3576.18,6936.41,False,False,nan,True,0.7,75.95,92.78,True,0,COLLECTING,0,,0,,,,,3,53,101,30,60,1.0001624867990202,0.17320508075688776
2026-08-31T22:07:50.127,125309375,P024,heavy_pressure,QUALITY,,,,82,4861267,109956,117787,107890.55,114429.23,2065.45,3357.77,3521.58,6868.12,False,False,nan,True,0.7,75.95,92.78,True,0,COLLECTING,0,,0,,,,,3,53,101,30,60,1.0001624867990202,0.17320508075688776
2026-08-31T22:07:50.245,125309500,P024,heavy_pressure,QUALITY,,,,83,4861307,109951,117795,107931.76,114496.55,2019.24,3298.45,3465.8,6800.07,False,False,nan,True,0.7,75.95,92.78,True,0,COLLECTING,0,,0,,,,,3,53,101,30,60,1.0001624867990202,0.17320508075688776
2026-08-31T22:07:50.255,125309500,P024,heavy_pressure,QUALITY,,,,84,4861347,109909,117679,107971.3,114560.2,1937.7,3118.8,3379.05,6731.65,False,False,nan,True,0.7,75.95,92.78,True,0,COLLECTING,0,,0,,,,,3,53,101,30,60,1.0001624867990202,0.17320508075688776
2026-08-31T22:07:50.263,125309515,P024,heavy_pressure,QUALITY,,,,85,4861387,109825,117584,108008.38,114620.67,1816.62,2963.33,3275.12,6662.52,False,False,nan,True,0.7,75.95,92.78,True,0,COLLECTING,0,,0,,,,,3,53,101,30,60,1.0001624867990202,0.17320508075688776
2026-08-31T22:07:50.287,125309531,P024,heavy_pressure,QUALITY,,,,86,4861427,109776,117453,108043.73,114677.32,1732.27,2775.68,3150.26,6592.27,False,False,nan,True,0.7,75.95,92.78,True,0,COLLECTING,0,,0,,,,,3,53,101,30,60,1.0001624867990202,0.17320508075688776
2026-08-31T22:07:50.327,125309578,P024,heavy_pressure,QUALITY,,,,87,4861467,109795,117459,108078.75,114732.95,1716.25,2726.05,3044.21,6521.31,False,False,nan,True,0.7,75.95,92.78,True,0,COLLECTING,0,,0,,,,,3,53,101,30,60,1.0001624867990202,0.17320508075688776
2026-08-31T22:07:50.443,125309687,P024,heavy_pressure,QUALITY,,,,88,4861507,109845,117578,108114.08,114789.85,1730.92,2788.15,2980.19,6450.49,False,False,nan,True,0.7,75.95,92.78,True,0,COLLECTING,0,,0,,,,,3,53,101,30,60,0.9997609714326721,0.17320508075688776
2026-08-31T22:07:50.456,125309703,P024,heavy_pressure,QUALITY,,,,89,4861547,109879,117719,108149.38,114848.44,1729.62,2870.56,2952.78,6380.54,False,False,nan,True,0.7,75.95,92.78,True,0,COLLECTING,0,,0,,,,,3,53,101,30,60,0.9997609714326721,0.17320508075688776
2026-08-31T22:07:50.463,125309718,P024,heavy_pressure,QUALITY,,,,90,4861587,109904,117699,108184.47,114905.45,1719.53,2793.55,2912.98,6311.18,False,False,nan,True,0.7,75.95,92.78,True,0,COLLECTING,0,,0,,,,,3,53,101,30,60,0.9997609714326721,0.17320508075688776
2026-08-31T22:07:50.487,125309734,P024,heavy_pressure,QUALITY,,,,91,4861627,109906,117783,108218.9,114963.0,1687.1,2820.0,2889.73,6242.76,False,False,nan,True,0.7,75.95,92.78,True,0,COLLECTING,0,,0,,,,,3,53,101,30,60,0.9997609714326721,0.17320508075688776
2026-08-31T22:07:50.526,125309781,P024,heavy_pressure,QUALITY,,,,92,4861667,109930,117826,108253.12,115020.26,1676.88,2805.74,2868.74,6175.27,False,False,nan,True,0.7,75.95,92.78,True,0,COLLECTING,0,,0,,,,,3,53,101,30,60,0.9997609714326721,0.17320508075688776
2026-08-31T22:07:50.644,125309890,P024,heavy_pressure,QUALITY,,,,93,4861707,109938,117799,108286.81,115075.84,1651.19,2723.16,2832.34,6108.42,False,False,nan,True,0.7,75.95,92.78,True,0,COLLECTING,0,,0,,,,,3,53,101,30,60,1.0001624867990202,0.17320508075688776
2026-08-31T22:07:50.653,125309906,P024,heavy_pressure,QUALITY,,,,94,4861747,109937,117779,108319.81,115129.9,1617.19,2649.1,2786.53,6041.98,False,False,nan,True,0.7,75.95,92.78,True,0,COLLECTING,0,,0,,,,,3,53,101,30,60,1.0001624867990202,0.17320508075688776
2026-08-31T22:07:50.664,125309921,P024,heavy_pressure,QUALITY,,,,95,4861787,109915,117813,108351.72,115183.56,1563.28,2629.44,2747.26,5976.08,False,False,nan,True,0.7,75.95,92.78,True,0,COLLECTING,0,,0,,,,,3,53,101,30,60,1.0001624867990202,0.17320508075688776
2026-08-31T22:07:50.686,125309937,P024,heavy_pressure,QUALITY,,,,96,4861827,109906,117796,108382.8,115235.81,1523.2,2560.19,2700.49,5910.57,False,False,nan,True,0.7,75.95,92.78,True,0,COLLECTING,0,,0,,,,,3,53,101,30,60,1.0001624867990202,0.17320508075688776
2026-08-31T22:07:50.726,125309984,P024,heavy_pressure,QUALITY,,,,97,4861867,109920,117846,108413.55,115288.02,1506.45,2557.98,2664.86,5845.66,False,False,nan,True,0.7,75.95,92.78,True,0,COLLECTING,0,,0,,,,,3,53,101,30,60,1.0001624867990202,0.17320508075688776
2026-08-31T22:07:50.843,125310093,P024,heavy_pressure,QUALITY,,,,98,4861907,109919,117793,108443.66,115338.12,1475.34,2454.88,2612.37,5780.99,False,False,nan,True,0.7,75.95,92.78,True,0,COLLECTING,0,,0,,,,,3,53,101,30,60,1.0001624867990202,0.17320508075688776
2026-08-31T22:07:50.857,125310109,P024,heavy_pressure,QUALITY,,,,99,4861947,109940,117826,108473.59,115387.88,1466.41,2438.12,2568.81,5716.75,False,False,nan,True,0.7,75.95,92.78,True,0,COLLECTING,0,,0,,,,,3,53,101,30,60,1.0001624867990202,0.17320508075688776
2026-08-31T22:07:50.864,125310109,P024,heavy_pressure,QUALITY,,,,100,4861987,109949,117839,108503.09,115436.9,1445.91,2402.1,2527.13,5652.96,False,False,nan,True,0.7,75.95,92.78,True,0,COLLECTING,0,,0,,,,,3,53,101,30,60,1.0001624867990202,0.17320508075688776
2026-08-31T22:07:50.887,125310140,P024,heavy_pressure,QUALITY,,,,101,4862027,109974,117932,108532.52,115486.8,1441.48,2445.2,2506.65,5590.03,False,False,nan,True,0.7,75.95,92.78,True,0,COLLECTING,0,,0,,,,,3,53,101,30,60,1.0001624867990202,0.17320508075688776
2026-08-31T22:07:50.926,125310171,P024,heavy_pressure,QUALITY,,,,102,4862067,109977,117936,108561.41,115535.78,1415.59,2400.22,2480.04,5527.83,False,False,nan,True,0.7,75.95,92.78,True,0,COLLECTING,0,,0,,,,,3,53,101,30,60,1.0001624867990202,0.17320508075688776
2026-08-31T22:07:51.043,125310296,P024,heavy_pressure,QUALITY,,,,103,4862107,109921,117831,108588.6,115581.69,1332.4,2249.31,2422.36,5465.72,False,False,nan,True,0.7,75.95,92.78,True,0,COLLECTING,0,,0,,,,,3,53,101,30,60,0.9992737362704976,0.17320508075688776
2026-08-31T22:07:51.054,125310296,P024,heavy_pressure,QUALITY,,,,104,4862147,109846,117763,108613.75,115625.31,1232.25,2137.69,2351.19,5403.43,False,False,nan,True,0.7,75.95,92.78,True,0,COLLECTING,0,,0,,,,,3,53,101,30,60,0.9992737362704976,0.17320508075688776
2026-08-31T22:07:51.063,125310312,P024,heavy_pressure,QUALITY,,,,105,4862187,109946,117831,108640.4,115669.43,1305.6,2161.57,2303.79,5341.44,False,False,nan,True,0.7,75.95,92.78,True,0,COLLECTING,0,,0,,,,,3,53,101,30,60,0.9992737362704976,0.17320508075688776
2026-08-31T22:07:51.086,125310343,P024,heavy_pressure,QUALITY,,,,106,4862227,109933,117936,108666.25,115714.76,1266.75,2221.24,2283.15,5280.27,False,False,nan,True,0.7,75.95,92.78,True,0,COLLECTING,0,,0,,,,,3,53,101,30,60,0.9992737362704976,0.17320508075688776
2026-08-31T22:07:51.126,125310375,P024,heavy_pressure,QUALITY,,,,107,4862267,109933,117926,108691.59,115758.98,1241.41,2167.02,2254.12,5219.75,False,False,nan,True,0.7,75.95,92.78,True,0,COLLECTING,0,,0,,,,,3,53,101,30,60,0.9992737362704976,0.17320508075688776
2026-08-31T22:07:51.243,125310500,P024,heavy_pressure,QUALITY,,,,108,4862307,109961,117921,108716.98,115802.23,1244.02,2118.77,2220.28,5159.76,False,False,nan,True,0.7,75.95,92.78,True,0,COLLECTING,0,,0,,,,,3,53,101,30,60,1.0001624867990202,0.17320508075688776
2026-08-31T22:07:51.255,125310500,P024,heavy_pressure,QUALITY,,,,109,4862347,109996,117991,108742.55,115846.0,1253.45,2145.0,2201.46,5100.59,False,False,nan,True,0.7,75.95,92.78,True,0,COLLECTING,0,,0,,,,,3,53,101,30,60,1.0001624867990202,0.17320508075688776
2026-08-31T22:07:51.263,125310515,P024,heavy_pressure,QUALITY,,,,110,4862387,109969,118015,108767.09,115889.38,1201.91,2125.62,2182.5,5042.23,False,False,nan,True,0.7,75.95,92.78,True,0,COLLECTING,0,,0,,,,,3,53,101,30,60,1.0001624867990202,0.17320508075688776
2026-08-31T22:07:51.287,125310531,P024,heavy_pressure,QUALITY,,,,111,4862427,110021,118050,108792.16,115932.59,1228.84,2117.41,2166.23,4984.71,False,False,nan,True,0.7,75.95,92.78,True,0,COLLECTING,0,,0,,,,,3,53,101,30,60,1.0001624867990202,0.17320508075688776
2026-08-31T22:07:51.327,125310578,P024,heavy_pressure,QUALITY,,,,112,4862467,110011,118062,108816.54,115975.18,1194.46,2086.82,2146.37,4927.95,False,False,nan,True,0.7,75.95,92.78,True,0,COLLECTING,0,,0,,,,,3,53,101,30,60,1.0001624867990202,0.17320508075688776
2026-08-31T22:07:51.444,125310687,P024,heavy_pressure,QUALITY,,,,113,4862507,110038,118086,108840.97,116017.4,1197.03,2068.6,2126.93,4871.92,False,False,nan,True,0.7,75.95,92.78,True,0,COLLECTING,0,,0,,,,,3,53,101,30,60,1.0001624867990202,0.17320508075688776
2026-08-31T22:07:51.455,125310703,P024,heavy_pressure,QUALITY,,,,114,4862547,109966,118086,108863.47,116058.77,1102.53,2027.23,2102.0,4816.53,False,False,nan,True,0.7,75.95,92.78,True,0,COLLECTING,0,,0,,,,,3,53,101,30,60,1.0001624867990202,0.17320508075688776
2026-08-31T22:07:51.463,125310718,P024,heavy_pressure,QUALITY,,,,115,4862587,109973,118044,108885.66,116098.48,1087.34,1945.52,2062.88,4761.45,False,False,nan,True,0.7,75.95,92.78,True,0,COLLECTING,0,,0,,,,,3,53,101,30,60,1.0001624867990202,0.17320508075688776
2026-08-31T22:07:51.487,125310734,P024,heavy_pressure,QUALITY,,,,116,4862627,109913,118023,108906.2,116136.97,1006.8,1886.03,2018.67,4706.6,False,False,nan,True,0.7,75.95,92.78,True,0,COLLECTING,0,,0,,,,,3,53,101,30,60,1.0001624867990202,0.17320508075688776
2026-08-31T22:07:51.528,125310781,P024,heavy_pressure,QUALITY,,,,117,4862667,109932,118017,108926.72,116174.57,1005.28,1842.43,1974.61,4651.96,False,False,nan,True,0.7,75.95,92.78,True,0,COLLECTING,0,,0,,,,,3,53,101,30,60,1.0001624867990202,0.17320508075688776
2026-08-31T22:07:51.643,125310890,P024,heavy_pressure,QUALITY,,,,118,4862707,109944,117997,108947.06,116211.02,996.94,1785.98,1927.45,4597.47,False,False,nan,True,0.7,75.95,92.78,True,0,COLLECTING,0,,0,,,,,3,53,101,30,60,0.9999429983754075,0.17320508075688776
2026-08-31T22:07:51.654,125310906,P024,heavy_pressure,QUALITY,,,,119,4862747,109981,118035,108967.74,116247.49,1013.26,1787.51,1892.47,4543.37,False,False,nan,True,0.7,75.95,92.78,True,0,COLLECTING,0,,0,,,,,3,53,101,30,60,0.9999429983754075,0.17320508075688776
2026-08-31T22:07:51.664,125310921,P024,heavy_pressure,QUALITY,,,,120,4862787,109935,118001,108987.09,116282.56,947.91,1718.44,1848.96,4489.48,False,False,nan,True,0.7,75.95,92.78,True,0,COLLECTING,0,,0,,,,,3,53,101,30,60,0.9999429983754075,0.17320508075688776
2026-08-31T22:07:51.693,125310937,P024,heavy_pressure,QUALITY,,,,121,4862827,109868,117915,109004.7,116315.21,863.3,1599.79,1786.67,4435.42,False,False,nan,True,0.7,75.95,92.78,True,0,COLLECTING,0,,0,,,,,3,53,101,30,60,0.9999429983754075,0.17320508075688776
2026-08-31T22:07:51.726,125310984,P024,heavy_pressure,QUALITY,,,,122,4862867,109807,117739,109020.75,116343.69,786.25,1395.31,1688.83,4380.49,False,False,nan,True,0.7,75.95,92.78,True,0,COLLECTING,0,,0,,,,,3,53,101,30,60,0.9999429983754075,0.17320508075688776
2026-08-31T22:07:51.843,125311093,P024,heavy_pressure,QUALITY,,,,123,4862907,109809,117711,109036.52,116371.03,772.48,1339.97,1601.61,4324.91,False,False,nan,True,0.7,75.95,92.78,True,0,COLLECTING,0,,0,,,,,3,53,101,30,60,0.9999429983754075,0.17320508075688776
2026-08-31T22:07:51.854,125311109,P024,heavy_pressure,QUALITY,,,,124,4862947,109828,117833,109052.34,116400.27,775.66,1432.73,1559.39,4269.6,False,False,nan,True,0.7,75.95,92.78,True,0,COLLECTING,0,,0,,,,,3,53,101,30,60,0.9999429983754075,0.17320508075688776
2026-08-31T22:07:51.863,125311109,P024,heavy_pressure,QUALITY,,,,125,4862987,109856,117895,109068.41,116430.16,787.59,1464.84,1535.75,4214.93,False,False,nan,True,0.7,75.95,92.78,True,0,COLLECTING,0,,0,,,,,3,53,101,30,60,0.9999429983754075,0.17320508075688776
2026-08-31T22:07:51.887,125311140,P024,heavy_pressure,QUALITY,,,,126,4863027,109849,117932,109084.02,116460.2,764.98,1471.8,1519.76,4161.02,False,False,nan,True,0.7,75.95,92.78,True,0,COLLECTING,0,,0,,,,,3,53,101,30,60,0.9999429983754075,0.17320508075688776
2026-08-31T22:07:51.927,125311171,P024,heavy_pressure,QUALITY,,,,127,4863067,109802,117869,109098.38,116488.38,703.62,1380.62,1484.98,4107.5,False,False,nan,True,0.7,75.95,92.78,True,0,COLLECTING,0,,0,,,,,3,53,101,30,60,0.9999429983754075,0.17320508075688776
2026-08-31T22:07:52.043,125311296,P024,heavy_pressure,QUALITY,,,,128,4863107,109767,117813,109111.76,116514.88,655.24,1298.12,1438.26,4054.12,False,False,nan,True,0.7,75.95,92.78,True,0,COLLECTING,0,,0,,,,,3,53,101,30,60,0.9997609714326721,0.17320508075688776
2026-08-31T22:07:52.055,125311312,P024,heavy_pressure,QUALITY,,,,129,4863147,109817,117848,109125.86,116541.54,691.14,1306.46,1405.31,4001.14,False,False,nan,True,0.7,75.95,92.78,True,0,COLLECTING,0,,0,,,,,3,53,101,30,60,0.9997609714326721,0.17320508075688776
2026-08-31T22:07:52.064,125311312,P024,heavy_pressure,QUALITY,,,,130,4863187,109837,117894,109140.09,116568.59,696.91,1325.41,1385.34,3948.82,False,False,nan,True,0.7,75.95,92.78,True,0,COLLECTING,0,,0,,,,,3,53,101,30,60,0.9997609714326721,0.17320508075688776
2026-08-31T22:07:52.087,125311343,P024,heavy_pressure,QUALITY,,,,131,4863227,109893,117926,109155.14,116595.73,737.86,1330.27,1371.57,3897.28,False,False,nan,True,0.7,75.95,92.78,True,0,COLLECTING,0,,0,,,,,3,53,101,30,60,0.9997609714326721,0.17320508075688776
2026-08-31T22:07:52.126,125311375,P024,heavy_pressure,QUALITY,,,,132,4863267,109903,117983,109170.1,116623.48,732.9,1359.52,1368.56,3846.71,False,False,nan,True,0.7,75.95,92.78,True,0,COLLECTING,0,,0,,,,,3,53,101,30,60,0.9997609714326721,0.17320508075688776
2026-08-31T22:07:52.244,125311500,P024,heavy_pressure,QUALITY,,,,133,4863307,109911,118017,109184.92,116651.34,726.08,1365.66,1367.83,3797.13,False,False,nan,True,0.7,75.95,92.78,True,0,COLLECTING,0,,0,,,,,3,53,101,30,60,0.9999429983754075,0.17320508075688776
2026-08-31T22:07:52.255,125311500,P024,heavy_pressure,QUALITY,,,,134,4863347,109899,118059,109199.2,116679.5,699.8,1379.5,1370.75,3748.6,False,False,nan,True,0.7,75.95,92.78,True,0,COLLECTING,0,,0,,,,,3,53,101,30,60,0.9999429983754075,0.17320508075688776
2026-08-31T22:07:52.263,125311515,P024,heavy_pressure,QUALITY,,,,135,4863387,109936,118073,109213.94,116707.37,722.06,1365.63,1369.47,3701.02,True,False,nan,True,0.7,75.95,92.78,True,0,COLLECTING,0,,0,,,,,3,53,101,30,60,0.9999429983754075,0.17320508075688776
2026-08-31T22:07:52.287,125311531,P024,heavy_pressure,QUALITY,,,,136,4863427,109888,118073,109227.42,116734.68,660.58,1338.32,1361.68,3654.23,False,False,nan,True,0.7,75.95,92.78,True,0,COLLECTING,0,,0,,,,,3,53,101,30,60,0.9999429983754075,0.17320508075688776
2026-08-31T22:07:52.328,125311578,P024,heavy_pressure,QUALITY,,,,137,4863467,109884,118073,109240.55,116761.45,643.45,1311.55,1349.15,3608.13,False,False,nan,True,0.7,75.95,92.78,True,0,COLLECTING,0,,0,,,,,3,53,101,30,60,0.9999429983754075,0.17320508075688776
2026-08-31T22:07:52.444,125311687,P024,heavy_pressure,QUALITY,,,,138,4863507,109878,118092,109253.3,116788.05,624.7,1303.95,1337.85,3562.72,False,False,nan,True,0.7,75.95,92.78,True,0,COLLECTING,0,,0,,,,,3,53,101,30,60,1.0001624867990202,0.17320508075688776
2026-08-31T22:07:52.454,125311703,P024,heavy_pressure,QUALITY,,,,139,4863547,109904,118066,109266.32,116813.62,637.68,1252.38,1316.48,3517.8,False,False,nan,True,0.7,75.95,92.78,True,0,COLLECTING,0,,0,,,,,3,53,101,30,60,1.0001624867990202,0.17320508075688776
2026-08-31T22:07:52.463,125311718,P024,heavy_pressure,QUALITY,,,,140,4863587,109809,117905,109277.17,116835.45,531.83,1069.55,1254.75,3472.54,False,False,nan,True,0.7,75.95,92.78,True,0,COLLECTING,0,,0,,,,,3,53,101,30,60,1.0001624867990202,0.17320508075688776
2026-08-31T22:07:52.487,125311734,P024,heavy_pressure,QUALITY,,,,141,4863627,109812,117853,109287.87,116855.8,524.13,997.2,1190.36,3426.89,False,False,nan,True,0.7,75.95,92.78,True,0,COLLECTING,0,,0,,,,,3,53,101,30,60,1.0001624867990202,0.17320508075688776
2026-08-31T22:07:52.527,125311781,P024,heavy_pressure,QUALITY,,,,142,4863667,109825,117901,109298.61,116876.7,526.39,1024.3,1148.85,3381.33,False,False,nan,True,0.7,75.95,92.78,True,0,COLLECTING,0,,0,,,,,3,53,101,30,60,1.0001624867990202,0.17320508075688776
2026-08-31T22:07:52.643,125311890,P024,heavy_pressure,QUALITY,,,,143,4863707,109829,117949,109309.22,116898.15,519.78,1050.85,1124.35,3336.19,False,False,nan,True,0.7,75.95,92.78,True,0,COLLECTING,0,,0,,,,,3,53,101,30,60,1.0001624867990202,0.17320508075688776
2026-08-31T22:07:52.653,125311906,P024,heavy_pressure,QUALITY,,,,144,4863747,109849,117969,109320.02,116919.56,528.98,1049.44,1105.62,3291.58,False,False,nan,True,0.7,75.95,92.78,True,0,COLLECTING,0,,0,,,,,3,53,101,30,60,1.0001624867990202,0.17320508075688776
2026-08-31T22:07:52.663,125311906,P024,heavy_pressure,QUALITY,,,,145,4863787,109825,117958,109330.12,116940.33,494.88,1017.67,1083.63,3247.42,False,False,nan,True,0.7,75.95,92.78,True,0,COLLECTING,0,,0,,,,,3,53,101,30,60,1.0001624867990202,0.17320508075688776
2026-08-31T22:07:52.687,125311937,P024,heavy_pressure,QUALITY,,,,146,4863827,109823,117967,109339.98,116960.86,483.02,1006.14,1064.26,3203.76,False,False,nan,True,0.7,75.95,92.78,True,0,COLLECTING,0,,0,,,,,3,53,101,30,60,1.0001624867990202,0.17320508075688776
2026-08-31T22:07:52.727,125311984,P024,heavy_pressure,QUALITY,,,,147,4863867,109837,118000,109349.91,116981.64,487.09,1018.36,1052.78,3160.74,False,False,nan,True,0.7,75.95,92.78,True,0,COLLECTING,0,,0,,,,,3,53,101,30,60,1.0001624867990202,0.17320508075688776
2026-08-31T22:07:52.844,125312093,P024,heavy_pressure,QUALITY,,,,148,4863907,109865,118050,109360.22,117003.01,504.78,1046.99,1051.34,3118.55,False,False,nan,True,0.7,75.95,92.78,True,0,COLLECTING,0,,0,,,,,3,53,101,30,60,0.9990540525917504,0.17320508075688776
2026-08-31T22:07:52.855,125312109,P024,heavy_pressure,QUALITY,,,,149,4863947,109892,118110,109370.85,117025.15,521.15,1084.85,1059.72,3077.38,False,False,nan,True,0.7,75.95,92.78,True,0,COLLECTING,0,,0,,,,,3,53,101,30,60,0.9990540525917504,0.17320508075688776
2026-08-31T22:07:52.863,125312109,P024,heavy_pressure,QUALITY,,,,150,4863987,109896,118127,109381.35,117047.19,514.65,1079.81,1064.74,3037.12,False,False,nan,True,0.7,75.95,92.78,True,0,COLLECTING,0,,0,,,,,3,53,101,30,60,0.9990540525917504,0.17320508075688776
2026-08-31T22:07:52.887,125312140,P024,heavy_pressure,QUALITY,,,,151,4864027,109904,118175,109391.8,117069.74,512.2,1105.26,1074.87,2997.88,False,False,nan,True,0.7,75.95,92.78,True,0,COLLECTING,0,,0,,,,,3,53,101,30,60,0.9990540525917504,0.17320508075688776
2026-08-31T22:07:52.927,125312171,P024,heavy_pressure,QUALITY,,,,152,4864067,109921,118218,109402.39,117092.71,518.61,1125.29,1087.47,2959.67,False,False,nan,True,0.7,75.95,92.78,True,0,COLLECTING,0,,0,,,,,3,53,101,30,60,0.9990540525917504,0.17320508075688776
2026-08-31T22:07:53.044,125312296,P024,heavy_pressure,QUALITY,,,,153,4864107,109906,118221,109412.46,117115.27,493.54,1105.73,1092.04,2922.32,False,False,nan,True,0.7,75.95,92.78,True,0,COLLECTING,0,,0,,,,,3,53,101,30,60,1.0001624867990202,0.17320508075688776
2026-08-31T22:07:53.055,125312312,P024,heavy_pressure,QUALITY,,,,154,4864147,109868,118189,109421.57,117136.75,446.43,1052.25,1082.09,2885.51,True,True,760.0,True,0.7239,76.68,92.78,True,0,COLLECTING,0,,0,,,,,3,53,101,30,60,1.0001624867990202,0.17320508075688776
2026-08-31T22:07:53.063,125312312,P024,heavy_pressure,QUALITY,,,,155,4864187,109864,118194,109430.42,117157.9,433.58,1036.1,1070.59,2849.21,False,False,nan,True,0.7239,76.68,92.78,True,0,COLLECTING,0,,0,,,,,3,53,101,30,60,1.0001624867990202,0.17320508075688776
2026-08-31T22:07:53.086,125312343,P024,heavy_pressure,QUALITY,,,,156,4864227,109878,118221,109439.38,117179.16,438.62,1041.84,1063.4,2813.5,False,False,nan,True,0.7239,76.68,92.78,True,0,COLLECTING,0,,0,,,,,3,53,101,30,60,1.0001624867990202,0.17320508075688776
2026-08-31T22:07:53.126,125312375,P024,heavy_pressure,QUALITY,,,,157,4864267,109886,118227,109448.3,117200.12,437.7,1026.88,1054.27,2778.31,False,False,nan,True,0.7239,76.68,92.78,True,0,COLLECTING,0,,0,,,,,3,53,101,30,60,1.0001624867990202,0.17320508075688776
2026-08-31T22:07:53.246,125312500,P024,heavy_pressure,QUALITY,,,,158,4864307,109817,118112,109455.68,117218.35,361.32,893.65,1014.12,2743.03,False,False,nan,True,0.7239,76.68,92.78,True,0,COLLECTING,0,,0,,,,,4,53,101,30,60,0.9997609714326721,0.17320508075688776
2026-08-31T22:07:53.254,125312500,P024,heavy_pressure,QUALITY,,,,159,4864347,109734,117938,109461.24,117232.74,272.76,705.26,936.9,2706.91,False,False,nan,True,0.7239,76.68,92.78,True,0,COLLECTING,0,,0,,,,,4,53,101,30,60,0.9997609714326721,0.17320508075688776
2026-08-31T22:07:53.263,125312515,P024,heavy_pressure,QUALITY,,,,160,4864387,109760,117997,109467.22,117248.02,292.78,748.98,889.92,2670.57,False,False,nan,True,0.7239,76.68,92.78,True,0,COLLECTING,0,,0,,,,,4,53,101,30,60,0.9997609714326721,0.17320508075688776
2026-08-31T22:07:53.287,125312531,P024,heavy_pressure,QUALITY,,,,161,4864427,109807,118110,109474.02,117265.27,332.98,844.73,878.62,2634.73,False,False,nan,True,0.7239,76.68,92.78,True,0,COLLECTING,0,,0,,,,,4,53,101,30,60,0.9997609714326721,0.17320508075688776
2026-08-31T22:07:53.327,125312578,P024,heavy_pressure,QUALITY,,,,162,4864467,109833,118187,109481.2,117283.7,351.8,903.3,884.79,2599.73,False,False,nan,True,0.7239,76.68,92.78,True,0,COLLECTING,0,,0,,,,,4,53,101,30,60,0.9997609714326721,0.17320508075688776
2026-08-31T22:07:53.444,125312687,P024,heavy_pressure,QUALITY,,,,163,4864507,109838,118197,109488.33,117301.97,349.67,895.03,887.35,2565.48,False,False,nan,True,0.7239,76.68,92.78,True,0,COLLECTING,0,,0,,,,,4,53,101,30,60,0.9992737362704976,0.17320508075688776
2026-08-31T22:07:53.454,125312703,P024,heavy_pressure,QUALITY,,,,164,4864547,109839,118207,109495.34,117320.07,343.66,886.93,887.25,2531.92,True,True,400.0,True,0.7,84.99,92.78,True,0,COLLECTING,0,,0,,,,,4,53,101,30,60,0.9992737362704976,0.17320508075688776
2026-08-31T22:07:53.465,125312718,P024,heavy_pressure,QUALITY,,,,165,4864587,109825,118205,109501.94,117337.77,323.06,867.23,882.24,2498.92,False,False,nan,True,0.7,84.99,92.78,True,0,COLLECTING,0,,0,,,,,4,53,101,30,60,0.9992737362704976,0.17320508075688776
2026-08-31T22:07:53.486,125312734,P024,heavy_pressure,QUALITY,,,,166,4864627,109861,118247,109509.12,117355.95,351.88,891.05,884.44,2466.63,False,False,nan,True,0.7,84.99,92.78,True,0,COLLECTING,0,,0,,,,,4,53,101,30,60,0.9992737362704976,0.17320508075688776
2026-08-31T22:07:53.528,125312781,P024,heavy_pressure,QUALITY,,,,167,4864667,109943,118358,109517.8,117375.99,425.2,982.01,908.84,2435.48,False,False,nan,True,0.7,84.99,92.78,True,0,COLLECTING,0,,0,,,,,4,53,101,30,60,0.9992737362704976,0.17320508075688776
2026-08-31T22:07:53.643,125312890,P024,heavy_pressure,QUALITY,,,,168,4864707,110012,118447,109527.68,117397.41,484.32,1049.59,944.02,2405.65,False,False,nan,True,0.7,84.99,92.78,True,0,COLLECTING,0,,0,,,,,5,53,101,30,60,0.9997609714326721,0.17320508075688776
2026-08-31T22:07:53.654,125312906,P024,heavy_pressure,QUALITY,,,,169,4864747,110044,118513,109538.01,117419.73,505.99,1093.27,981.34,2377.16,False,False,nan,True,0.7,84.99,92.78,True,0,COLLECTING,0,,0,,,,,5,53,101,30,60,0.9997609714326721,0.17320508075688776
2026-08-31T22:07:53.664,125312921,P024,heavy_pressure,QUALITY,,,,170,4864787,110054,118541,109548.33,117442.15,505.67,1098.85,1010.71,2349.83,False,False,nan,True,0.7,84.99,92.78,True,0,COLLECTING,0,,0,,,,,5,53,101,30,60,0.9997609714326721,0.17320508075688776
2026-08-31T22:07:53.687,125312937,P024,heavy_pressure,QUALITY,,,,171,4864827,110043,118568,109558.22,117464.66,484.78,1103.34,1033.87,2323.52,False,False,nan,True,0.7,84.99,92.78,True,0,COLLECTING,0,,0,,,,,5,53,101,30,60,0.9997609714326721,0.17320508075688776
2026-08-31T22:07:53.728,125312984,P024,heavy_pressure,QUALITY,,,,172,4864867,109977,118561,109566.59,117486.59,410.41,1074.41,1044.0,2297.92,False,False,nan,True,0.7,84.99,92.78,True,0,COLLECTING,0,,0,,,,,5,53,101,30,60,0.9997609714326721,0.17320508075688776
2026-08-31T22:07:53.844,125313093,P024,heavy_pressure,QUALITY,,,,173,4864907,109905,118588,109573.36,117508.62,331.64,1079.38,1052.85,2273.02,False,False,nan,True,0.7,84.99,92.78,True,0,COLLECTING,0,,0,,,,,5,53,101,30,60,0.9999429983754075,0.17320508075688776
2026-08-31T22:07:53.855,125313109,P024,heavy_pressure,QUALITY,,,,174,4864947,109857,118618,109579.03,117530.81,277.97,1087.19,1061.43,2248.79,False,False,nan,True,0.7,84.99,92.78,True,0,COLLECTING,0,,0,,,,,5,53,101,30,60,0.9999429983754075,0.17320508075688776
2026-08-31T22:07:53.864,125313109,P024,heavy_pressure,QUALITY,,,,175,4864987,109819,118635,109583.83,117552.9,235.17,1082.1,1066.6,2225.15,False,False,nan,True,0.7,84.99,92.78,True,0,COLLECTING,0,,0,,,,,5,53,101,30,60,0.9999429983754075,0.17320508075688776
2026-08-31T22:07:53.888,125313140,P024,heavy_pressure,QUALITY,,,,176,4865027,109790,118649,109587.95,117574.82,202.05,1074.18,1068.49,2202.01,False,False,nan,True,0.7,84.99,92.78,True,0,COLLECTING,0,,0,,,,,5,53,101,30,60,0.9999429983754075,0.17320508075688776
2026-08-31T22:07:53.927,125313171,P024,heavy_pressure,QUALITY,,,,177,4865067,109703,118519,109590.26,117593.7,112.74,925.3,1032.7,2178.63,True,True,520.0,True,0.7,88.89,92.78,True,0,COLLECTING,0,,0,,,,,5,53,101,30,60,0.9999429983754075,0.17320508075688776
2026-08-31T22:07:54.044,125313296,P024,heavy_pressure,QUALITY,,,,178,4865107,109655,118482,109591.55,117611.47,63.45,870.53,992.15,2154.9,False,False,nan,True,0.7,88.89,92.78,True,0,COLLECTING,0,,0,,,,,6,53,101,30,60,1.0001624867990202,0.17320508075688776
2026-08-31T22:07:54.051,125313296,P024,heavy_pressure,QUALITY,,,,179,4865147,109679,118538,109593.3,117630.0,85.7,908.0,971.12,2131.22,False,False,nan,True,0.5717,88.89,nan,False,0,COLLECTING,0,,0,,,,,6,53,101,30,60,1.0001624867990202,0.17320508075688776
2026-08-31T22:07:54.062,125313312,P024,heavy_pressure,QUALITY,,,,180,4865187,109708,118618,109595.6,117649.76,112.4,968.24,970.4,2108.01,False,False,nan,True,0.5717,88.89,nan,False,0,COLLECTING,0,,0,,,,,6,53,101,30,60,1.0001624867990202,0.17320508075688776
2026-08-31T22:07:54.086,125313343,P024,heavy_pressure,QUALITY,,,,181,4865227,109712,118639,109597.93,117669.54,114.07,969.46,970.16,2085.25,False,False,nan,True,0.5717,88.89,nan,False,0,COLLECTING,0,,0,,,,,6,53,101,30,60,1.0001624867990202,0.17320508075688776
2026-08-31T22:07:54.127,125313375,P024,heavy_pressure,QUALITY,,,,182,4865267,109695,118678,109599.87,117689.71,95.13,988.29,974.69,2063.04,False,False,nan,True,0.5717,88.89,nan,False,0,COLLECTING,0,,0,,,,,6,53,101,30,60,1.0001624867990202,0.17320508075688776
2026-08-31T22:07:54.244,125313500,P024,heavy_pressure,QUALITY,,,,183,4865307,109680,118697,109601.47,117709.86,78.53,987.14,977.81,2041.33,False,False,nan,True,0.5717,88.89,nan,False,0,COLLECTING,0,,0,,,,,6,53,101,30,60,0.9997609714326721,0.17320508075688776
2026-08-31T22:07:54.252,125313500,P024,heavy_pressure,QUALITY,,,,184,4865347,109675,118734,109602.94,117730.34,72.06,1003.66,984.27,2020.19,False,False,nan,True,0.5717,88.89,nan,False,0,COLLECTING,0,,0,,,,,6,53,101,30,60,0.9997609714326721,0.17320508075688776
2026-08-31T22:07:54.263,125313515,P024,heavy_pressure,QUALITY,,,,185,4865387,109679,118780,109604.46,117751.34,74.54,1028.66,995.37,1999.7,False,False,nan,True,0.5717,88.89,nan,False,0,COLLECTING,0,,0,,,,,6,53,101,30,60,0.9997609714326721,0.17320508075688776
2026-08-31T22:07:54.286,125313531,P024,heavy_pressure,QUALITY,,,,186,4865427,109680,118809,109605.97,117772.49,74.03,1036.51,1005.65,1979.82,False,False,nan,True,0.5717,88.89,nan,False,0,COLLECTING,0,,0,,,,,6,53,101,30,60,0.9997609714326721,0.17320508075688776
2026-08-31T22:07:54.326,125313578,P024,heavy_pressure,QUALITY,,,,187,4865467,109660,118811,109607.05,117793.27,52.95,1017.73,1008.67,1960.39,False,False,nan,True,0.5717,88.89,nan,False,0,COLLECTING,0,,0,,,,,6,53,101,30,60,0.9997609714326721,0.17320508075688776
2026-08-31T22:07:54.444,125313687,P024,heavy_pressure,QUALITY,,,,188,4865507,109648,118806,109607.87,117813.52,40.13,992.48,1004.62,1941.28,True,True,440.0,True,0.5717,93.54,nan,False,0,COLLECTING,0,,0,,,,,6,53,101,30,60,0.9992737362704976,0.17320508075688776
2026-08-31T22:07:54.451,125313703,P024,heavy_pressure,QUALITY,,,,189,4865547,109634,118801,109608.39,117833.27,25.61,967.73,995.4,1922.36,False,False,nan,True,0.5717,93.54,nan,False,0,COLLECTING,0,,0,,,,,6,53,101,30,60,0.9992737362704976,0.17320508075688776
2026-08-31T22:07:54.462,125313718,P024,heavy_pressure,QUALITY,,,,190,4865587,109634,118808,109608.91,117852.77,25.09,955.23,985.36,1903.62,False,False,nan,True,0.5717,93.54,nan,False,0,COLLECTING,0,,0,,,,,6,53,101,30,60,0.9992737362704976,0.17320508075688776
2026-08-31T22:07:54.486,125313734,P024,heavy_pressure,QUALITY,,,,191,4865627,109630,118813,109609.33,117871.97,20.67,941.03,974.28,1885.03,False,False,nan,True,0.5717,93.54,nan,False,0,COLLECTING,0,,0,,,,,6,53,101,30,60,0.9992737362704976,0.17320508075688776
2026-08-31T22:07:54.527,125313781,P024,heavy_pressure,QUALITY,,,,192,4865667,109625,118813,109609.64,117890.79,15.36,922.21,961.26,1866.56,False,False,nan,True,0.5717,93.54,nan,False,0,COLLECTING,0,,0,,,,,6,53,101,30,60,0.9992737362704976,0.17320508075688776
2026-08-31T22:07:54.643,125313890,P024,heavy_pressure,QUALITY,,,,193,4865707,109600,118793,109609.45,117908.84,-9.45,884.16,941.99,1848.07,False,False,nan,True,0.5717,93.54,nan,False,0,COLLECTING,0,,0,,,,,7,53,101,30,60,1.0001624867990202,0.17320508075688776
2026-08-31T22:07:54.652,125313906,P024,heavy_pressure,QUALITY,,,,194,4865747,109564,118734,109608.54,117925.34,-44.54,808.66,908.66,1829.28,False,False,nan,True,0.5717,93.54,nan,False,0,COLLECTING,0,,0,,,,,7,53,101,30,60,1.0001624867990202,0.17320508075688776
2026-08-31T22:07:54.662,125313906,P024,heavy_pressure,QUALITY,,,,195,4865787,109489,118595,109606.15,117938.73,-117.15,656.27,845.56,1809.6,False,False,nan,True,0.5717,93.54,nan,False,0,COLLECTING,0,,0,,,,,7,53,101,30,60,1.0001624867990202,0.17320508075688776
2026-08-31T22:07:54.699,125313953,P024,heavy_pressure,QUALITY,,,,196,4865827,109444,118538,109602.91,117950.71,-158.91,587.29,780.99,1789.03,False,False,nan,True,0.5717,93.54,nan,False,0,COLLECTING,0,,0,,,,,7,53,101,30,60,1.0001624867990202,0.17320508075688776
2026-08-31T22:07:54.727,125313984,P024,heavy_pressure,QUALITY,,,,197,4865867,109428,118556,109599.41,117962.82,-171.41,593.18,734.04,1767.93,False,False,nan,True,0.5717,93.54,nan,False,0,COLLECTING,0,,0,,,,,7,53,101,30,60,1.0001624867990202,0.17320508075688776
2026-08-31T22:07:54.843,125314093,P024,heavy_pressure,QUALITY,,,,198,4865907,109440,118585,109596.22,117975.27,-156.22,609.73,702.96,1746.63,False,False,nan,True,0.5717,93.54,nan,False,0,COLLECTING,0,,0,,,,,7,53,101,30,60,0.9992737362704976,0.17320508075688776
2026-08-31T22:07:54.853,125314109,P024,heavy_pressure,QUALITY,,,,199,4865947,109455,118612,109593.39,117988.0,-138.39,624.0,683.22,1725.36,False,False,nan,True,0.5717,93.54,nan,False,0,COLLECTING,0,,0,,,,,7,53,101,30,60,0.9992737362704976,0.17320508075688776
2026-08-31T22:07:54.863,125314109,P024,heavy_pressure,QUALITY,,,,200,4865987,109453,118631,109590.59,118000.86,-137.59,630.14,669.95,1704.26,False,False,nan,True,0.5717,93.54,nan,False,0,COLLECTING,0,,0,,,,,7,53,101,30,60,0.9992737362704976,0.17320508075688776
2026-08-31T22:07:54.887,125314140,P024,heavy_pressure,QUALITY,,,,201,4866027,109437,118612,109587.52,118013.09,-150.52,598.91,652.19,1683.21,False,False,nan,True,0.5717,93.54,nan,False,0,COLLECTING,0,,0,,,,,7,53,101,30,60,0.9992737362704976,0.17320508075688776
2026-08-31T22:07:54.927,125314171,P024,heavy_pressure,QUALITY,,,,202,4866067,109418,118605,109584.12,118024.92,-166.12,580.08,634.16,1662.23,False,False,nan,True,0.5717,93.54,nan,False,0,COLLECTING,0,,0,,,,,7,53,101,30,60,0.9992737362704976,0.17320508075688776
2026-08-31T22:07:55.045,125314296,P024,heavy_pressure,QUALITY,,,,203,4866107,109419,118617,109580.82,118036.77,-161.82,580.23,620.68,1641.4,False,False,nan,True,0.5717,93.54,nan,False,0,COLLECTING,0,,0,,,,,7,53,101,30,60,1.0001624867990202,0.17320508075688776
2026-08-31T22:07:55.052,125314296,P024,heavy_pressure,QUALITY,,,,204,4866147,109426,118648,109577.73,118048.99,-151.73,599.01,615.26,1620.88,False,False,nan,True,0.5717,93.54,nan,False,0,COLLECTING,0,,0,,,,,7,53,101,30,60,1.0001624867990202,0.17320508075688776
2026-08-31T22:07:55.063,125314312,P024,heavy_pressure,QUALITY,,,,205,4866187,109456,118707,109575.29,118062.15,-119.29,644.85,622.66,1600.91,False,False,nan,True,0.5717,93.54,nan,False,0,COLLECTING,0,,0,,,,,7,53,101,30,60,1.0001624867990202,0.17320508075688776
2026-08-31T22:07:55.087,125314343,P024,heavy_pressure,QUALITY,,,,206,4866227,109497,118770,109573.73,118076.3,-76.73,693.7,640.42,1581.7,False,False,nan,True,0.5717,93.54,nan,False,0,COLLECTING,0,,0,,,,,7,53,101,30,60,1.0001624867990202,0.17320508075688776
2026-08-31T22:07:55.127,125314375,P024,heavy_pressure,QUALITY,,,,207,4866267,109475,118761,109571.75,118090.0,-96.75,671.0,648.06,1563.03,False,False,nan,True,0.5717,93.54,nan,False,0,COLLECTING,0,,0,,,,,7,53,101,30,60,1.0001624867990202,0.17320508075688776
2026-08-31T22:07:55.244,125314500,P024,heavy_pressure,QUALITY,,,,208,4866307,109426,118710,109568.84,118102.4,-142.84,607.6,637.95,1544.53,True,True,800.0,True,0.5717,90.74,nan,False,0,COLLECTING,0,,0,,,,,7,53,101,30,60,0.9992737362704976,0.24494897427831783
2026-08-31T22:07:55.251,125314500,P024,heavy_pressure,QUALITY,,,,209,4866347,109408,118679,109565.62,118113.93,-157.62,565.07,619.73,1526.03,False,False,nan,True,0.5717,90.74,nan,False,0,COLLECTING,0,,0,,,,,7,53,101,30,60,0.9992737362704976,0.24494897427831783
2026-08-31T22:07:55.264,125314515,P024,heavy_pressure,QUALITY,,,,210,4866387,109405,118695,109562.41,118125.55,-157.41,569.45,607.16,1507.66,False,False,nan,True,0.5717,90.74,nan,False,0,COLLECTING,0,,0,,,,,7,53,101,30,60,0.9992737362704976,0.24494897427831783
2026-08-31T22:07:55.287,125314531,P024,heavy_pressure,QUALITY,,,,211,4866427,109417,118741,109559.5,118137.87,-142.5,603.13,606.15,1489.63,False,False,nan,True,0.5717,90.74,nan,False,0,COLLECTING,0,,0,,,,,7,53,101,30,60,0.9992737362704976,0.24494897427831783
2026-08-31T22:07:55.327,125314578,P024,heavy_pressure,QUALITY,,,,212,4866467,109383,118683,109555.97,118148.77,-172.97,534.23,588.17,1471.6,False,False,nan,True,0.5717,90.74,nan,False,0,COLLECTING,0,,0,,,,,7,53,101,30,60,0.9992737362704976,0.24494897427831783
2026-08-31T22:07:55.443,125314687,P024,heavy_pressure,QUALITY,,,,213,4866507,109250,118432,109549.85,118154.44,-299.85,277.56,510.52,1452.38,False,False,nan,True,0.5717,90.74,nan,False,0,COLLECTING,0,,0,,,,,8,53,101,30,60,1.0001624867990202,0.17320508075688776
2026-08-31T22:07:55.451,125314703,P024,heavy_pressure,QUALITY,,,,214,4866547,109195,118322,109542.76,118157.79,-347.76,164.21,423.94,1431.81,False,False,nan,True,0.5717,90.74,nan,False,0,COLLECTING,0,,0,,,,,8,53,101,30,60,1.0001624867990202,0.17320508075688776
2026-08-31T22:07:55.463,125314718,P024,heavy_pressure,QUALITY,,,,215,4866587,109223,118420,109536.36,118163.03,-313.36,256.97,382.2,1410.81,False,False,nan,True,0.5717,90.74,nan,False,0,COLLECTING,0,,0,,,,,8,53,101,30,60,1.0001624867990202,0.17320508075688776
2026-08-31T22:07:55.487,125314734,P024,heavy_pressure,QUALITY,,,,216,4866627,109249,118498,109530.61,118169.73,-281.61,328.27,368.72,1389.97,False,False,nan,True,0.5717,90.74,nan,False,0,COLLECTING,0,,0,,,,,8,53,101,30,60,1.0001624867990202,0.17320508075688776
2026-08-31T22:07:55.528,125314781,P024,heavy_pressure,QUALITY,,,,217,4866667,109242,118510,109524.84,118176.54,-282.84,333.46,359.9,1369.37,False,False,nan,True,0.5717,90.74,nan,False,0,COLLECTING,0,,0,,,,,8,53,101,30,60,1.0001624867990202,0.17320508075688776
2026-08-31T22:07:55.644,125314890,P024,heavy_pressure,QUALITY,,,,218,4866707,109225,118499,109518.84,118182.98,-293.84,316.02,348.93,1348.96,False,False,nan,True,0.5717,90.74,nan,False,0,COLLECTING,0,,0,,,,,8,53,101,30,60,0.9988718636541927,0.24494897427831783
2026-08-31T22:07:55.652,125314906,P024,heavy_pressure,QUALITY,,,,219,4866747,109206,118459,109512.58,118188.51,-306.58,270.49,329.32,1328.57,False,False,nan,True,0.5717,90.74,nan,False,0,COLLECTING,0,,0,,,,,8,53,101,30,60,0.9988718636541927,0.24494897427831783
2026-08-31T22:07:55.662,125314906,P024,heavy_pressure,QUALITY,,,,220,4866787,109178,118435,109505.88,118193.44,-327.88,241.56,307.38,1308.15,False,False,nan,True,0.5717,90.74,nan,False,0,COLLECTING,0,,0,,,,,8,53,101,30,60,0.9988718636541927,0.24494897427831783
2026-08-31T22:07:55.687,125314937,P024,heavy_pressure,QUALITY,,,,221,4866827,109184,118444,109499.45,118198.45,-315.45,245.55,291.92,1287.82,False,False,nan,True,0.5717,90.74,nan,False,0,COLLECTING,0,,0,,,,,8,53,101,30,60,0.9988718636541927,0.24494897427831783
2026-08-31T22:07:55.728,125314984,P024,heavy_pressure,QUALITY,,,,222,4866867,109198,118494,109493.41,118204.36,-295.41,289.64,291.35,1267.89,False,False,nan,True,0.5717,90.74,nan,False,0,COLLECTING,0,,0,,,,,8,53,101,30,60,0.9988718636541927,0.24494897427831783
2026-08-31T22:07:55.844,125315093,P024,heavy_pressure,QUALITY,,,,223,4866907,109220,118529,109487.95,118210.85,-267.95,318.15,298.05,1248.5,False,False,nan,True,0.5717,90.74,nan,False,0,COLLECTING,0,,0,,,,,8,53,101,30,60,0.9992737362704976,0.17320508075688776
2026-08-31T22:07:55.854,125315109,P024,heavy_pressure,QUALITY,,,,224,4866947,109235,118563,109482.88,118217.89,-247.88,345.11,309.82,1229.72,False,False,nan,True,0.5717,90.74,nan,False,0,COLLECTING,0,,0,,,,,8,53,101,30,60,0.9992737362704976,0.17320508075688776
2026-08-31T22:07:55.862,125315109,P024,heavy_pressure,QUALITY,,,,225,4866987,109238,118592,109477.98,118225.38,-239.98,366.62,324.02,1211.61,False,False,nan,True,0.5717,90.74,nan,False,0,COLLECTING,0,,0,,,,,8,53,101,30,60,0.9992737362704976,0.17320508075688776
2026-08-31T22:07:55.887,125315140,P024,heavy_pressure,QUALITY,,,,226,4867027,109239,118602,109473.2,118232.91,-234.2,369.09,335.29,1194.08,False,False,nan,True,0.5717,90.74,nan,False,0,COLLECTING,0,,0,,,,,8,53,101,30,60,0.9992737362704976,0.17320508075688776
2026-08-31T22:07:55.927,125315171,P024,heavy_pressure,QUALITY,,,,227,4867067,109242,118612,109468.58,118240.48,-226.58,371.52,344.34,1177.09,False,False,nan,True,0.5717,90.74,nan,False,0,COLLECTING,0,,0,,,,,8,53,101,30,60,0.9992737362704976,0.17320508075688776
2026-08-31T22:07:56.043,125315296,P024,heavy_pressure,QUALITY,,,,228,4867107,109231,118611,109463.83,118247.9,-232.83,363.1,349.03,1160.53,False,False,nan,True,0.5717,90.74,nan,False,0,COLLECTING,0,,0,,,,,8,53,101,30,60,1.0001624867990202,0.17320508075688776
2026-08-31T22:07:56.052,125315296,P024,heavy_pressure,QUALITY,,,,229,4867147,109241,118619,109459.38,118255.32,-218.38,363.68,352.7,1144.37,False,False,nan,True,0.5717,90.74,nan,False,0,COLLECTING,0,,0,,,,,8,53,101,30,60,1.0001624867990202,0.17320508075688776
2026-08-31T22:07:56.062,125315312,P024,heavy_pressure,QUALITY,,,,230,4867187,109227,118603,109454.73,118262.27,-227.73,340.73,349.7,1128.48,False,False,nan,True,0.5717,90.74,nan,False,0,COLLECTING,0,,0,,,,,8,53,101,30,60,1.0001624867990202,0.17320508075688776
2026-08-31T22:07:56.087,125315343,P024,heavy_pressure,QUALITY,,,,231,4867227,109107,118370,109447.77,118264.43,-340.77,105.57,288.67,1111.68,False,False,nan,True,0.5717,90.74,nan,False,0,COLLECTING,0,,0,,,,,8,53,101,30,60,1.0001624867990202,0.17320508075688776
2026-08-31T22:07:56.127,125315375,P024,heavy_pressure,QUALITY,,,,232,4867267,109020,118201,109439.22,118263.16,-419.22,-62.16,200.96,1093.46,False,False,nan,True,0.5717,90.74,nan,False,0,COLLECTING,0,,0,,,,,8,53,101,30,60,1.0001624867990202,0.17320508075688776
2026-08-31T22:07:56.244,125315500,P024,heavy_pressure,QUALITY,,,,233,4867307,109036,118253,109431.16,118262.96,-395.16,-9.96,148.23,1074.56,False,False,nan,True,0.5717,90.74,nan,False,0,COLLECTING,0,,0,,,,,8,53,101,30,60,1.0001624867990202,0.17320508075688776
2026-08-31T22:07:56.252,125315500,P024,heavy_pressure,QUALITY,,,,234,4867347,109094,118375,109424.41,118265.2,-330.41,109.8,138.62,1055.84,False,False,nan,True,0.5717,90.74,nan,False,0,COLLECTING,0,,0,,,,,8,53,101,30,60,1.0001624867990202,0.17320508075688776
2026-08-31T22:07:56.263,125315515,P024,heavy_pressure,QUALITY,,,,235,4867387,109115,118424,109418.23,118268.38,-303.23,155.62,142.87,1037.58,False,False,nan,True,0.5717,90.74,nan,False,0,COLLECTING,0,,0,,,,,8,53,101,30,60,1.0001624867990202,0.17320508075688776
2026-08-31T22:07:56.287,125315531,P024,heavy_pressure,QUALITY,,,,236,4867427,109118,118426,109412.22,118271.53,-294.22,154.47,145.77,1019.75,False,False,nan,True,0.5717,90.74,nan,False,0,COLLECTING,0,,0,,,,,8,53,101,30,60,1.0001624867990202,0.17320508075688776
2026-08-31T22:07:56.327,125315578,P024,heavy_pressure,QUALITY,,,,237,4867467,109090,118425,109405.77,118274.6,-315.77,150.4,146.93,1002.29,False,False,nan,True,0.5717,90.74,nan,False,0,COLLECTING,0,,0,,,,,8,53,101,30,60,1.0001624867990202,0.17320508075688776
2026-08-31T22:07:56.444,125315687,P024,heavy_pressure,QUALITY,,,,238,4867507,109061,118384,109398.88,118276.79,-337.88,107.21,137.0,984.98,False,False,nan,True,0.5717,90.74,nan,False,0,COLLECTING,0,,0,,,,,8,53,101,30,60,1.0001624867990202,0.24494897427831783
2026-08-31T22:07:56.451,125315703,P024,heavy_pressure,QUALITY,,,,239,4867547,109059,118365,109392.08,118278.55,-333.08,86.45,124.36,967.77,False,False,nan,True,0.5717,90.74,nan,False,0,COLLECTING,0,,0,,,,,8,53,101,30,60,1.0001624867990202,0.24494897427831783
2026-08-31T22:07:56.462,125315718,P024,heavy_pressure,QUALITY,,,,240,4867587,109070,118401,109385.63,118281.0,-315.63,120.0,123.27,950.88,False,False,nan,True,0.5717,90.74,nan,False,0,COLLECTING,0,,0,,,,,8,53,101,30,60,1.0001624867990202,0.24494897427831783
2026-08-31T22:07:56.486,125315734,P024,heavy_pressure,QUALITY,,,,241,4867627,109099,118449,109379.9,118284.36,-280.9,164.64,133.61,934.54,False,False,nan,True,0.5717,90.74,nan,False,0,COLLECTING,0,,0,,,,,8,53,101,30,60,1.0001624867990202,0.24494897427831783
2026-08-31T22:07:56.528,125315781,P024,heavy_pressure,QUALITY,,,,242,4867667,109117,118466,109374.64,118287.99,-257.64,178.01,144.71,918.74,False,False,nan,True,0.5717,90.74,nan,False,0,COLLECTING,0,,0,,,,,8,53,101,30,60,1.0001624867990202,0.24494897427831783
2026-08-31T22:07:56.644,125315890,P024,heavy_pressure,QUALITY,,,,243,4867707,109113,118464,109369.41,118291.52,-256.41,172.48,151.65,903.4,False,False,nan,True,0.5717,90.74,nan,False,0,COLLECTING,0,,0,,,,,8,53,101,30,60,0.9999429983754075,0.17320508075688776
2026-08-31T22:07:56.652,125315906,P024,heavy_pressure,QUALITY,,,,244,4867747,109117,118491,109364.36,118295.51,-247.36,195.49,162.61,888.58,False,False,nan,True,0.5717,90.74,nan,False,0,COLLECTING,0,,0,,,,,8,53,101,30,60,0.9999429983754075,0.17320508075688776
2026-08-31T22:07:56.662,125315906,P024,heavy_pressure,QUALITY,,,,245,4867787,109114,118499,109359.35,118299.58,-245.35,199.42,171.82,874.25,False,False,nan,True,0.5717,90.74,nan,False,0,COLLECTING,0,,0,,,,,8,53,101,30,60,0.9999429983754075,0.17320508075688776
2026-08-31T22:07:56.686,125315937,P024,heavy_pressure,QUALITY,,,,246,4867827,109100,118491,109354.16,118303.41,-254.16,187.59,175.76,860.28,False,False,nan,True,0.5717,90.74,nan,False,0,COLLECTING,0,,0,,,,,8,53,101,30,60,0.9999429983754075,0.17320508075688776
2026-08-31T22:07:56.727,125315984,P024,heavy_pressure,QUALITY,,,,247,4867867,109106,118515,109349.2,118307.64,-243.2,207.36,183.66,846.74,False,False,nan,True,0.5717,90.74,nan,False,0,COLLECTING,0,,0,,,,,8,53,101,30,60,0.9999429983754075,0.17320508075688776
2026-08-31T22:07:56.843,125316093,P024,heavy_pressure,QUALITY,,,,248,4867907,109104,118513,109344.3,118311.75,-240.3,201.25,188.06,833.57,False,False,nan,True,0.5717,90.74,nan,False,0,COLLECTING,0,,0,,,,,8,53,101,30,60,1.0001624867990202,0.17320508075688776
2026-08-31T22:07:56.852,125316109,P024,heavy_pressure,QUALITY,,,,249,4867947,109022,118372,109337.85,118312.95,-315.85,59.05,155.8,820.02,False,False,nan,True,0.5717,90.74,nan,False,0,COLLECTING,0,,0,,,,,8,53,101,30,60,1.0001624867990202,0.17320508075688776
2026-08-31T22:07:56.862,125316109,P024,heavy_pressure,QUALITY,,,,250,4867987,108905,118118,109329.2,118309.05,-424.2,-191.05,69.09,805.0,False,False,nan,True,0.5717,90.74,nan,False,0,COLLECTING,0,,0,,,,,8,53,101,30,60,1.0001624867990202,0.17320508075688776
2026-08-31T22:07:56.886,125316140,P024,heavy_pressure,QUALITY,,,,251,4868027,108902,118117,109320.65,118305.21,-418.65,-188.21,4.76,788.99,False,False,nan,True,0.5717,90.74,nan,False,0,COLLECTING,0,,0,,,,,8,53,101,30,60,1.0001624867990202,0.17320508075688776
2026-08-31T22:07:56.927,125316171,P024,heavy_pressure,QUALITY,,,,252,4868067,108942,118226,109313.08,118303.62,-371.08,-77.62,-15.83,773.53,False,False,nan,True,0.5717,90.74,nan,False,0,COLLECTING,0,,0,,,,,8,53,101,30,60,1.0001624867990202,0.17320508075688776
2026-08-31T22:07:57.043,125316296,P024,heavy_pressure,QUALITY,,,,253,4868107,108960,118297,109306.02,118303.49,-346.02,-6.49,-13.5,758.33,False,False,nan,True,0.5717,90.74,nan,False,0,COLLECTING,0,,0,,,,,8,53,101,30,60,1.0001624867990202,0.17320508075688776
2026-08-31T22:07:57.052,125316296,P024,heavy_pressure,QUALITY,,,,254,4868147,108979,118318,109299.48,118303.78,-320.48,14.22,-6.57,743.29,False,False,nan,True,0.5717,90.74,nan,False,0,COLLECTING,0,,0,,,,,8,53,101,30,60,1.0001624867990202,0.17320508075688776
2026-08-31T22:07:57.061,125316312,P024,heavy_pressure,QUALITY,,,,255,4868187,108960,118298,109292.69,118303.66,-332.69,-5.66,-6.34,728.55,False,False,nan,True,0.5717,90.74,nan,False,0,COLLECTING,0,,0,,,,,8,53,101,30,60,1.0001624867990202,0.17320508075688776
2026-08-31T22:07:57.087,125316343,P024,heavy_pressure,QUALITY,,,,256,4868227,108943,118276,109285.7,118303.11,-342.7,-27.11,-11.53,714.21,False,False,nan,True,0.5717,90.74,nan,False,0,COLLECTING,0,,0,,,,,8,53,101,30,60,1.0001624867990202,0.17320508075688776
2026-08-31T22:07:57.126,125316375,P024,heavy_pressure,QUALITY,,,,257,4868267,108938,118247,109278.74,118301.98,-340.74,-54.98,-22.4,700.38,False,False,nan,True,0.5717,90.74,nan,False,0,COLLECTING,0,,0,,,,,8,53,101,30,60,1.0001624867990202,0.17320508075688776
2026-08-31T22:07:57.244,125316500,P024,heavy_pressure,QUALITY,,,,258,4868307,108955,118295,109272.27,118301.84,-317.27,-6.84,-18.51,686.74,False,False,nan,True,0.5717,90.74,nan,False,0,COLLECTING,0,,0,,,,,8,53,101,30,60,0.9988718636541927,0.17320508075688776
2026-08-31T22:07:57.253,125316500,P024,heavy_pressure,QUALITY,,,,259,4868347,108988,118352,109266.58,118302.84,-278.58,49.16,-1.59,673.04,False,False,nan,True,0.5717,90.74,nan,False,0,COLLECTING,0,,0,,,,,8,53,101,30,60,0.9988718636541927,0.17320508075688776
2026-08-31T22:07:57.262,125316515,P024,heavy_pressure,QUALITY,,,,260,4868387,109019,118407,109261.62,118304.93,-242.62,102.07,24.32,660.06,False,False,nan,True,0.5717,90.74,nan,False,0,COLLECTING,0,,0,,,,,8,53,101,30,60,0.9988718636541927,0.17320508075688776
2026-08-31T22:07:57.286,125316531,P024,heavy_pressure,QUALITY,,,,261,4868427,109023,118432,109256.85,118307.47,-233.85,124.53,49.38,647.85,False,False,nan,True,0.5717,90.74,nan,False,0,COLLECTING,0,,0,,,,,8,53,101,30,60,0.9988718636541927,0.17320508075688776
2026-08-31T22:07:57.327,125316578,P024,heavy_pressure,QUALITY,,,,262,4868467,109047,118466,109252.66,118310.64,-205.66,155.36,75.87,636.41,False,False,nan,True,0.5717,90.74,nan,False,0,COLLECTING,0,,0,,,,,8,53,101,30,60,0.9988718636541927,0.17320508075688776
2026-08-31T22:07:57.443,125316687,P024,heavy_pressure,QUALITY,,,,263,4868507,109053,118507,109248.66,118314.57,-195.66,192.43,105.01,625.78,False,False,nan,True,0.5717,90.74,nan,False,0,COLLECTING,0,,0,,,,,8,53,101,30,60,0.9990540525917504,0.17320508075688776
2026-08-31T22:07:57.451,125316703,P024,heavy_pressure,QUALITY,,,,264,4868547,109047,118499,109244.63,118318.26,-197.63,180.74,123.94,615.74,False,False,nan,True,0.5717,90.74,nan,False,0,COLLECTING,0,,0,,,,,8,53,101,30,60,0.9990540525917504,0.17320508075688776
2026-08-31T22:07:57.462,125316718,P024,heavy_pressure,QUALITY,,,,265,4868597,109048,118536,109240.7,118322.61,-192.7,213.39,146.31,606.36,False,False,nan,True,0.5717,90.74,nan,False,0,COLLECTING,0,,0,,,,,8,53,101,30,60,0.9990540525917504,0.17320508075688776
2026-08-31T22:07:57.486,125316734,P024,heavy_pressure,QUALITY,,,,266,4868627,109023,118509,109236.35,118326.34,-213.35,182.66,155.4,597.34,False,False,nan,True,0.5717,90.74,nan,False,0,COLLECTING,0,,0,,,,,8,53,101,30,60,0.9990540525917504,0.17320508075688776
2026-08-31T22:07:57.641,125316890,P024,heavy_pressure,QUALITY,,,,267,4868677,108918,118293,109229.98,118325.67,-311.98,-32.67,108.38,587.56,False,False,nan,True,0.5717,90.74,nan,False,0,COLLECTING,0,,0,,,,,8,53,101,30,60,1.0001624867990202,0.17320508075688776
2026-08-31T22:07:57.653,125316906,P024,heavy_pressure,QUALITY,,,,268,4868717,108839,118015,109222.16,118319.46,-383.16,-304.46,5.17,575.91,False,False,nan,True,0.5717,90.74,nan,False,0,COLLECTING,0,,0,,,,,8,53,101,30,60,1.0001624867990202,0.17320508075688776
2026-08-31T22:07:57.662,125316906,P024,heavy_pressure,QUALITY,,,,269,4868757,108853,118172,109214.78,118316.52,-361.78,-144.52,-32.25,565.04,False,False,nan,True,0.5717,90.74,nan,False,0,COLLECTING,0,,0,,,,,8,53,101,30,60,1.0001624867990202,0.17320508075688776
2026-08-31T22:07:57.672,125316921,P024,heavy_pressure,QUALITY,,,,270,4868797,108892,118221,109208.33,118314.6,-316.33,-93.6,-47.59,554.69,False,False,nan,True,0.5717,90.74,nan,False,0,COLLECTING,0,,0,,,,,8,53,101,30,60,1.0001624867990202,0.17320508075688776
2026-08-31T22:07:57.687,125316937,P024,heavy_pressure,QUALITY,,,,271,4868827,108921,118343,109202.58,118315.17,-281.58,27.83,-28.74,544.17,False,False,nan,True,0.5717,90.74,nan,False,0,COLLECTING,0,,0,,,,,8,53,101,30,60,1.0001624867990202,0.17320508075688776
2026-08-31T22:07:57.844,125317093,P024,heavy_pressure,QUALITY,,,,272,4868877,108935,118364,109197.23,118316.15,-262.23,47.85,-9.59,533.48,False,False,nan,True,0.5717,90.74,nan,False,0,COLLECTING,0,,0,,,,,8,53,101,30,60,0.9999429983754075,0.17320508075688776
2026-08-31T22:07:57.854,125317109,P024,heavy_pressure,QUALITY,,,,273,4868917,108941,118260,109192.1,118315.02,-251.1,-55.02,-20.95,523.23,False,False,nan,True,0.5717,90.74,nan,False,0,COLLECTING,0,,0,,,,,8,53,101,30,60,0.9999429983754075,0.17320508075688776
2026-08-31T22:07:57.862,125317109,P024,heavy_pressure,QUALITY,,,,274,4868957,108918,118326,109186.62,118315.24,-268.62,10.76,-13.02,513.02,False,False,nan,True,0.5717,90.74,nan,False,0,COLLECTING,0,,0,,,,,8,53,101,30,60,0.9999429983754075,0.17320508075688776
2026-08-31T22:07:57.872,125317125,P024,heavy_pressure,QUALITY,,,,275,4868997,108890,118176,109180.69,118312.46,-290.69,-136.46,-43.88,503.64,False,False,nan,True,0.5717,90.74,nan,False,0,COLLECTING,0,,0,,,,,8,53,101,30,60,0.9999429983754075,0.17320508075688776
2026-08-31T22:07:57.896,125317140,P024,heavy_pressure,QUALITY,,,,276,4869037,108899,118251,109175.05,118311.23,-276.05,-60.23,-47.97,494.53,False,False,nan,True,0.5717,90.74,nan,False,0,COLLECTING,0,,0,,,,,8,53,101,30,60,0.9999429983754075,0.17320508075688776
2026-08-31T22:07:58.043,125317296,P024,heavy_pressure,QUALITY,,,,277,4869077,108921,118291,109169.98,118310.83,-248.98,-19.83,-40.93,485.45,False,False,nan,True,0.5717,90.74,nan,False,0,COLLECTING,0,,0,,,,,8,53,101,30,60,1.0001624867990202,0.17320508075688776
2026-08-31T22:07:58.053,125317296,P024,heavy_pressure,QUALITY,,,,278,4869117,108921,118356,109165.0,118311.73,-244.0,44.27,-19.63,476.14,False,False,nan,True,0.5717,90.74,nan,False,0,COLLECTING,0,,0,,,,,8,53,101,30,60,1.0001624867990202,0.17320508075688776
2026-08-31T22:07:58.061,125317312,P024,heavy_pressure,QUALITY,,,,279,4869157,108925,118451,109160.2,118314.52,-235.2,136.48,19.39,467.0,False,False,nan,True,0.3321,90.74,80.36,False,0,COLLECTING,0,,0,,,,,8,53,101,30,60,1.0001624867990202,0.17320508075688776
2026-08-31T22:07:58.072,125317328,P024,heavy_pressure,QUALITY,,,,280,4869197,108937,118381,109155.74,118315.85,-218.74,65.15,30.83,458.28,False,False,nan,True,0.3321,90.74,80.36,False,0,COLLECTING,0,,0,,,,,8,53,101,30,60,1.0001624867990202,0.17320508075688776
2026-08-31T22:07:58.097,125317343,P024,heavy_pressure,QUALITY,,,,281,4869237,108968,118444,109151.98,118318.41,-183.98,125.59,54.52,450.2,False,False,nan,True,0.3321,90.74,80.36,False,0,COLLECTING,0,,0,,,,,8,53,101,30,60,1.0001624867990202,0.17320508075688776
2026-08-31T22:07:58.242,125317500,P024,heavy_pressure,QUALITY,,,,282,4869277,108970,118454,109148.34,118321.12,-178.34,132.88,74.11,442.68,False,False,nan,True,0.3321,90.74,80.36,False,0,COLLECTING,0,,0,,,,,7,53,101,30,60,1.0001624867990202,0.17320508075688776
2026-08-31T22:07:58.253,125317500,P024,heavy_pressure,QUALITY,,,,283,4869317,108967,118455,109144.72,118323.8,-177.72,131.2,88.38,435.6,False,False,nan,True,0.3321,90.74,80.36,False,0,COLLECTING,0,,0,,,,,7,53,101,30,60,1.0001624867990202,0.17320508075688776
2026-08-31T22:07:58.261,125317515,P024,heavy_pressure,QUALITY,,,,284,4869357,108827,118124,109138.37,118319.81,-311.37,-195.81,17.33,427.23,False,False,nan,True,0.3321,90.74,80.36,False,0,COLLECTING,0,,0,,,,,7,53,101,30,60,1.0001624867990202,0.17320508075688776
2026-08-31T22:07:58.273,125317531,P024,heavy_pressure,QUALITY,,,,285,4869397,108806,118046,109131.72,118314.34,-325.72,-268.34,-54.08,419.77,False,False,nan,True,0.3321,90.74,80.36,False,0,COLLECTING,0,,0,,,,,7,53,101,30,60,1.0001624867990202,0.17320508075688776
2026-08-31T22:07:58.296,125317546,P024,heavy_pressure,QUALITY,,,,286,4869437,108848,118145,109126.05,118310.95,-278.05,-165.95,-82.05,413.01,False,False,nan,True,0.3321,90.74,80.36,False,0,COLLECTING,0,,0,,,,,7,53,101,30,60,1.0001624867990202,0.17320508075688776
2026-08-31T22:07:58.441,125317687,P024,heavy_pressure,QUALITY,,,,287,4869477,108925,118304,109122.02,118310.81,-197.02,-6.81,-63.24,406.02,False,False,nan,True,0.3321,90.74,80.36,False,0,COLLECTING,0,,0,,,,,7,53,101,30,60,0.9992737362704976,0.17320508075688776
2026-08-31T22:07:58.453,125317703,P024,heavy_pressure,QUALITY,,,,288,4869517,108923,118364,109118.05,118311.88,-195.05,52.12,-34.4,398.59,False,False,nan,True,0.3321,90.74,80.36,False,0,COLLECTING,0,,0,,,,,7,53,101,30,60,0.9992737362704976,0.17320508075688776
2026-08-31T22:07:58.461,125317718,P024,heavy_pressure,QUALITY,,,,289,4869557,109024,118482,109116.16,118315.28,-92.16,166.72,15.88,390.93,False,False,nan,True,0.3321,90.74,80.36,False,0,COLLECTING,0,,0,,,,,7,53,101,30,60,0.9992737362704976,0.17320508075688776
2026-08-31T22:07:58.473,125317718,P024,heavy_pressure,QUALITY,,,,290,4869597,108943,118487,109112.7,118318.72,-169.7,168.28,53.98,384.19,False,False,nan,True,0.3321,90.74,80.36,False,0,COLLECTING,0,,0,,,,,7,53,101,30,60,0.9992737362704976,0.17320508075688776
2026-08-31T22:07:58.496,125317750,P024,heavy_pressure,QUALITY,,,,291,4869637,109021,118526,109110.87,118322.87,-89.87,203.13,91.27,378.33,False,False,nan,True,0.3321,90.74,80.36,False,0,COLLECTING,0,,0,,,,,7,53,101,30,60,0.9992737362704976,0.17320508075688776
2026-08-31T22:07:58.642,125317890,P024,heavy_pressure,QUALITY,,,,292,4869677,108999,118540,109108.63,118327.21,-109.63,212.79,121.65,373.2,False,False,nan,True,0.3321,90.74,80.36,False,0,COLLECTING,0,,0,,,,,7,53,101,30,60,1.0001624867990202,0.17320508075688776
2026-08-31T22:07:58.653,125317906,P024,heavy_pressure,QUALITY,,,,293,4869717,109025,118621,109106.96,118333.09,-81.96,287.91,163.21,369.0,False,False,nan,True,0.3321,90.74,80.36,False,0,COLLECTING,0,,0,,,,,7,53,101,30,60,1.0001624867990202,0.17320508075688776
2026-08-31T22:07:58.661,125317906,P024,heavy_pressure,QUALITY,,,,294,4869757,109028,118626,109105.38,118338.95,-77.38,287.05,194.17,365.5,False,False,nan,True,0.3321,90.74,80.36,False,0,COLLECTING,0,,0,,,,,7,53,101,30,60,1.0001624867990202,0.17320508075688776
2026-08-31T22:07:58.672,125317921,P024,heavy_pressure,QUALITY,,,,295,4869797,109075,118701,109104.77,118346.19,-29.77,354.81,234.33,362.88,False,False,nan,True,0.3321,90.74,80.36,False,0,COLLECTING,0,,0,,,,,7,53,101,30,60,1.0001624867990202,0.17320508075688776
2026-08-31T22:07:58.696,125317953,P024,heavy_pressure,QUALITY,,,,296,4869837,109056,118681,109103.8,118352.88,-47.8,328.12,257.78,360.78,False,False,nan,True,0.3321,90.74,80.36,False,0,COLLECTING,0,,0,,,,,7,53,101,30,60,1.0001624867990202,0.17320508075688776
2026-08-31T22:07:58.842,125318093,P024,heavy_pressure,QUALITY,,,,297,4869877,109052,118741,109102.76,118360.65,-50.76,380.35,288.42,359.33,False,False,nan,True,0.3321,90.74,80.36,False,0,COLLECTING,0,,0,,,,,7,53,101,30,60,1.0001624867990202,0.17320508075688776
2026-08-31T22:07:58.853,125318109,P024,heavy_pressure,QUALITY,,,,298,4869917,109102,118786,109102.74,118369.16,-0.74,416.84,320.53,358.56,False,False,nan,True,0.3321,90.74,80.36,False,0,COLLECTING,0,,0,,,,,7,53,101,30,60,1.0001624867990202,0.17320508075688776
2026-08-31T22:07:58.861,125318109,P024,heavy_pressure,QUALITY,,,,299,4869957,109048,118742,109101.65,118376.61,-53.65,365.39,331.74,358.02,False,False,nan,True,0.3321,90.74,80.36,False,0,COLLECTING,0,,0,,,,,7,53,101,30,60,1.0001624867990202,0.17320508075688776
2026-08-31T22:07:58.874,125318125,P024,heavy_pressure,QUALITY,,,,300,4869997,109052,118727,109100.66,118383.62,-48.66,343.38,334.65,357.55,False,False,nan,True,0.3321,90.74,80.36,False,0,COLLECTING,0,,0,,,,,7,53,101,30,60,1.0001624867990202,0.17320508075688776
2026-08-31T22:07:58.897,125318140,P024,heavy_pressure,QUALITY,,,,301,4870037,108893,118417,109096.5,118384.28,-203.5,32.72,259.17,355.58,True,False,nan,True,0.3321,90.74,80.36,False,0,COLLECTING,0,,0,,,,,7,53,101,30,60,1.0001624867990202,0.17320508075688776
2026-08-31T22:07:59.042,125318296,P024,heavy_pressure,QUALITY,,,,302,4870077,108857,118310,109091.71,118382.8,-234.71,-72.8,176.18,352.0,False,False,nan,True,0.3321,90.74,80.36,False,0,COLLECTING,0,,0,,,,,7,53,101,30,60,1.0001624867990202,0.17320508075688776
2026-08-31T22:07:59.053,125318296,P024,heavy_pressure,QUALITY,,,,303,4870117,108851,118356,109086.9,118382.26,-235.9,-26.26,125.57,347.47,False,False,nan,True,0.3321,90.74,80.36,False,0,COLLECTING,0,,0,,,,,7,53,101,30,60,1.0001624867990202,0.17320508075688776
2026-08-31T22:07:59.061,125318312,P024,heavy_pressure,QUALITY,,,,304,4870157,108869,118426,109082.54,118383.13,-213.54,42.87,104.89,342.62,False,False,nan,True,0.3321,90.74,80.36,False,0,COLLECTING,0,,0,,,,,7,53,101,30,60,1.0001624867990202,0.17320508075688776
2026-08-31T22:07:59.072,125318328,P024,heavy_pressure,QUALITY,,,,305,4870197,108928,118470,109079.45,118384.87,-151.45,85.13,99.95,337.76,False,False,nan,True,0.3321,90.74,80.36,False,0,COLLECTING,0,,0,,,,,7,53,101,30,60,1.0001624867990202,0.17320508075688776
2026-08-31T22:07:59.097,125318343,P024,heavy_pressure,QUALITY,,,,306,4870237,108911,118515,109076.08,118387.47,-165.08,127.53,106.85,333.14,False,False,nan,True,0.3321,90.74,80.36,False,0,COLLECTING,0,,0,,,,,7,53,101,30,60,1.0001624867990202,0.17320508075688776
2026-08-31T22:07:59.242,125318500,P024,heavy_pressure,QUALITY,,,,307,4870277,108906,118473,109072.68,118389.18,-166.68,83.82,101.09,328.5,False,False,nan,True,0.3321,90.74,80.36,False,0,COLLECTING,0,,0,,,,,7,53,101,30,60,0.9992737362704976,0.17320508075688776
2026-08-31T22:07:59.253,125318500,P024,heavy_pressure,QUALITY,,,,308,4870317,108883,118458,109068.88,118390.55,-185.88,67.45,92.68,323.79,False,False,nan,True,0.3321,90.74,80.36,False,0,COLLECTING,0,,0,,,,,7,53,101,30,60,0.9992737362704976,0.17320508075688776
2026-08-31T22:07:59.261,125318515,P024,heavy_pressure,QUALITY,,,,309,4870357,108893,118466,109065.37,118392.06,-172.37,73.94,87.99,319.07,False,False,nan,True,0.3321,90.74,80.36,False,0,COLLECTING,0,,0,,,,,7,53,101,30,60,0.9992737362704976,0.17320508075688776
2026-08-31T22:07:59.272,125318515,P024,heavy_pressure,QUALITY,,,,310,4870397,108886,118503,109061.78,118394.28,-175.78,108.72,93.18,314.55,False,False,nan,True,0.3321,90.74,80.36,False,0,COLLECTING,0,,0,,,,,7,53,101,30,60,0.9992737362704976,0.17320508075688776
2026-08-31T22:07:59.297,125318546,P024,heavy_pressure,QUALITY,,,,311,4870437,108901,118551,109058.56,118397.41,-157.56,153.59,108.28,310.43,False,False,nan,True,0.3321,90.74,80.36,False,0,COLLECTING,0,,0,,,,,7,53,101,30,60,0.9992737362704976,0.17320508075688776
2026-08-31T22:07:59.442,125318687,P024,heavy_pressure,QUALITY,,,,312,4870477,108901,118581,109055.41,118401.09,-154.41,179.91,126.19,306.74,False,False,nan,True,0.3321,90.74,80.36,False,0,COLLECTING,0,,0,,,,,6,53,101,30,60,1.0001624867990202,0.17320508075688776
2026-08-31T22:07:59.454,125318703,P024,heavy_pressure,QUALITY,,,,313,4870517,108931,118602,109052.93,118405.1,-121.93,196.9,143.86,303.49,False,False,nan,True,0.3321,90.74,80.36,False,0,COLLECTING,0,,0,,,,,6,53,101,30,60,1.0001624867990202,0.17320508075688776
2026-08-31T22:07:59.464,125318718,P024,heavy_pressure,QUALITY,,,,314,4870557,108889,118633,109049.65,118409.66,-160.65,223.34,163.73,300.69,False,False,nan,True,0.3321,90.74,80.36,False,0,COLLECTING,0,,0,,,,,6,53,101,30,60,1.0001624867990202,0.17320508075688776
2026-08-31T22:07:59.473,125318718,P024,heavy_pressure,QUALITY,,,,315,4870597,108963,118627,109047.91,118414.0,-84.91,213.0,176.05,298.2,False,False,nan,True,0.3321,90.74,80.36,False,0,COLLECTING,0,,0,,,,,6,53,101,30,60,1.0001624867990202,0.17320508075688776
2026-08-31T22:07:59.497,125318750,P024,heavy_pressure,QUALITY,,,,316,4870637,108859,118514,109044.13,118416.0,-185.13,98.0,156.54,295.36,True,True,600.0,True,0.3321,90.91,80.36,False,0,COLLECTING,0,,0,,,,,6,53,101,30,60,1.0001624867990202,0.17320508075688776
2026-08-31T22:07:59.642,125318890,P024,heavy_pressure,QUALITY,,,,317,4870677,108757,118213,109038.39,118411.94,-281.39,-198.94,67.67,290.81,False,False,nan,True,0.3321,90.91,80.36,False,0,COLLECTING,0,,0,,,,,7,53,101,30,60,1.0001624867990202,0.17320508075688776
2026-08-31T22:07:59.653,125318906,P024,heavy_pressure,QUALITY,,,,318,4870717,108668,118129,109030.98,118406.28,-362.98,-277.28,-18.57,285.37,False,False,nan,True,0.3321,90.91,80.36,False,0,COLLECTING,0,,0,,,,,7,53,101,30,60,1.0001624867990202,0.17320508075688776
2026-08-31T22:07:59.664,125318921,P024,heavy_pressure,QUALITY,,,,319,4870757,108738,118220,109025.12,118402.55,-287.12,-182.55,-59.56,280.85,False,False,nan,True,0.3321,90.91,80.36,False,0,COLLECTING,0,,0,,,,,7,53,101,30,60,1.0001624867990202,0.17320508075688776
2026-08-31T22:07:59.675,125318921,P024,heavy_pressure,QUALITY,,,,320,4870797,108737,118295,109019.36,118400.41,-282.36,-105.41,-71.03,276.65,False,False,nan,True,0.3321,90.91,80.36,False,0,COLLECTING,0,,0,,,,,7,53,101,30,60,1.0001624867990202,0.17320508075688776
2026-08-31T22:07:59.696,125318953,P024,heavy_pressure,QUALITY,,,,321,4870837,108755,118343,109014.07,118399.26,-259.07,-56.26,-67.33,272.47,False,False,nan,True,0.3321,90.91,80.36,False,0,COLLECTING,0,,0,,,,,7,53,101,30,60,1.0001624867990202,0.17320508075688776
2026-08-31T22:07:59.842,125319093,P024,heavy_pressure,QUALITY,,,,322,4870877,108790,118374,109009.59,118398.75,-219.59,-24.75,-56.69,268.15,False,False,nan,True,0.3321,90.91,80.36,False,0,COLLECTING,0,,0,,,,,7,53,101,30,60,1.0001624867990202,0.17320508075688776
2026-08-31T22:07:59.853,125319109,P024,heavy_pressure,QUALITY,,,,323,4870917,108747,118315,109004.34,118397.08,-257.34,-82.08,-63.04,264.05,False,False,nan,True,0.3321,90.91,80.36,False,0,COLLECTING,0,,0,,,,,7,53,101,30,60,1.0001624867990202,0.17320508075688776
2026-08-31T22:07:59.865,125319109,P024,heavy_pressure,QUALITY,,,,324,4870957,108720,118288,108998.65,118394.9,-278.65,-106.9,-74.0,260.25,False,False,nan,True,0.3321,90.91,80.36,False,0,COLLECTING,0,,0,,,,,7,53,101,30,60,1.0001624867990202,0.17320508075688776
2026-08-31T22:07:59.873,125319125,P024,heavy_pressure,QUALITY,,,,325,4870997,108713,118306,108992.94,118393.12,-279.94,-87.12,-77.28,256.59,False,False,nan,True,0.3321,90.91,80.36,False,0,COLLECTING,0,,0,,,,,7,53,101,30,60,1.0001624867990202,0.17320508075688776
2026-08-31T22:07:59.896,125319140,P024,heavy_pressure,QUALITY,,,,326,4871037,108760,118369,108988.28,118392.63,-228.28,-23.63,-63.87,252.73,False,False,nan,True,0.3321,90.91,80.36,False,0,COLLECTING,0,,0,,,,,7,53,101,30,60,1.0001624867990202,0.17320508075688776
2026-08-31T22:08:00.044,125319296,P024,heavy_pressure,QUALITY,,,,327,4871077,108737,118402,108983.26,118392.82,-246.26,9.18,-45.61,248.59,False,False,nan,True,0.3321,90.91,80.36,False,0,COLLECTING,0,,0,,,,,7,53,101,30,60,0.9997609714326721,0.17320508075688776
2026-08-31T22:08:00.053,125319296,P024,heavy_pressure,QUALITY,,,,328,4871117,108760,118416,108978.79,118393.28,-218.79,22.72,-28.53,244.19,False,False,nan,True,0.3321,90.91,80.36,False,0,COLLECTING,0,,0,,,,,7,53,101,30,60,0.9997609714326721,0.17320508075688776
2026-08-31T22:08:00.062,125319312,P024,heavy_pressure,QUALITY,,,,329,4871157,108775,118429,108974.71,118393.99,-199.71,35.01,-12.64,239.56,False,False,nan,True,0.3321,90.91,80.36,False,0,COLLECTING,0,,0,,,,,7,53,101,30,60,0.9997609714326721,0.17320508075688776
2026-08-31T22:08:00.072,125319328,P024,heavy_pressure,QUALITY,,,,330,4871197,108797,118437,108971.16,118394.85,-174.16,42.15,1.06,234.79,False,False,nan,True,0.3321,90.91,80.36,False,0,COLLECTING,0,,0,,,,,7,53,101,30,60,0.9997609714326721,0.17320508075688776
2026-08-31T22:08:00.096,125319343,P024,heavy_pressure,QUALITY,,,,331,4871237,108777,118411,108967.27,118395.17,-190.27,15.83,4.75,230.19,False,False,nan,True,0.3321,90.91,80.36,False,0,COLLECTING,0,,0,,,,,7,53,101,30,60,0.9997609714326721,0.17320508075688776
2026-08-31T22:08:00.243,125319500,P024,heavy_pressure,QUALITY,,,,332,4871277,108678,118211,108961.48,118391.49,-283.48,-180.49,-41.56,226.42,False,False,nan,True,0.3321,90.91,80.36,False,0,COLLECTING,0,,0,,,,,7,53,101,30,60,1.0001624867990202,0.17320508075688776
2026-08-31T22:08:00.254,125319500,P024,heavy_pressure,QUALITY,,,,333,4871317,108622,118085,108954.7,118385.36,-332.7,-300.36,-106.26,224.01,False,False,nan,True,0.3321,90.91,80.36,False,0,COLLECTING,0,,0,,,,,7,53,101,30,60,1.0001624867990202,0.17320508075688776
2026-08-31T22:08:00.266,125319515,P024,heavy_pressure,QUALITY,,,,334,4871357,108686,118200,108949.32,118381.65,-263.32,-181.65,-125.11,222.03,False,False,nan,True,0.3321,90.91,80.36,False,0,COLLECTING,0,,0,,,,,7,53,101,30,60,1.0001624867990202,0.17320508075688776
2026-08-31T22:08:00.273,125319531,P024,heavy_pressure,QUALITY,,,,335,4871397,108792,118350,108946.17,118381.02,-154.17,-31.02,-101.58,219.63,False,False,nan,True,0.3321,90.91,80.36,False,0,COLLECTING,0,,0,,,,,7,53,101,30,60,1.0001624867990202,0.17320508075688776
2026-08-31T22:08:00.297,125319546,P024,heavy_pressure,QUALITY,,,,336,4871437,108919,118429,108945.62,118381.98,-26.62,47.02,-64.43,216.52,False,False,nan,True,0.3321,90.91,80.36,False,0,COLLECTING,0,,0,,,,,7,53,101,30,60,1.0001624867990202,0.17320508075688776
2026-08-31T22:08:00.442,125319687,P024,heavy_pressure,QUALITY,,,,337,4871477,109014,118528,108946.99,118384.9,67.01,143.1,-12.55,212.44,False,False,nan,True,0.3321,90.91,80.36,False,0,COLLECTING,0,,0,,,,,7,53,101,30,60,1.0001624867990202,0.17320508075688776
2026-08-31T22:08:00.454,125319703,P024,heavy_pressure,QUALITY,,,,338,4871517,109020,118538,108948.45,118387.96,71.55,150.04,28.1,208.76,False,False,nan,True,0.3321,90.91,80.36,False,0,COLLECTING,0,,0,,,,,7,53,101,30,60,1.0001624867990202,0.17320508075688776
2026-08-31T22:08:00.462,125319718,P024,heavy_pressure,QUALITY,,,,339,4871557,109001,118502,108949.51,118390.24,51.49,111.76,49.01,205.56,False,False,nan,True,0.3321,90.91,80.36,False,0,COLLECTING,0,,0,,,,,7,53,101,30,60,1.0001624867990202,0.17320508075688776
2026-08-31T22:08:00.471,125319718,P024,heavy_pressure,QUALITY,,,,340,4871597,109023,118544,108950.98,118393.32,72.02,150.68,74.43,202.94,False,False,nan,True,0.3321,90.91,80.36,False,0,COLLECTING,0,,0,,,,,7,53,101,30,60,1.0001624867990202,0.17320508075688776
2026-08-31T22:08:00.496,125319750,P024,heavy_pressure,QUALITY,,,,341,4871637,109074,118608,108953.44,118397.62,120.56,210.38,108.42,201.05,False,False,nan,True,0.3321,90.91,80.36,False,0,COLLECTING,0,,0,,,,,7,53,101,30,60,1.0001624867990202,0.17320508075688776
2026-08-31T22:08:00.642,125319890,P024,heavy_pressure,QUALITY,,,,342,4871677,109137,118664,108957.11,118402.95,179.89,261.05,146.58,199.96,False,False,nan,True,0.3321,90.91,80.36,False,0,COLLECTING,0,,0,,,,,7,53,101,30,60,1.0001624867990202,0.17320508075688776
2026-08-31T22:08:00.655,125319906,P024,heavy_pressure,QUALITY,,,,343,4871717,109205,118760,108962.07,118410.09,242.93,349.91,197.41,199.91,False,False,nan,True,0.3321,90.91,80.36,False,0,COLLECTING,0,,0,,,,,7,53,101,30,60,1.0001624867990202,0.17320508075688776
2026-08-31T22:08:00.662,125319906,P024,heavy_pressure,QUALITY,,,,344,4871757,109250,118791,108967.83,118417.7,282.17,373.3,241.38,200.74,False,False,nan,True,0.3321,90.91,80.36,False,0,COLLECTING,0,,0,,,,,7,53,101,30,60,1.0001624867990202,0.17320508075688776
2026-08-31T22:08:00.672,125319921,P024,heavy_pressure,QUALITY,,,,345,4871797,109320,118811,108974.88,118425.57,345.12,385.43,277.39,202.27,False,False,nan,True,0.3321,90.91,80.36,False,0,COLLECTING,0,,0,,,,,7,53,101,30,60,1.0001624867990202,0.17320508075688776
2026-08-31T22:08:00.706,125319953,P024,heavy_pressure,QUALITY,,,,346,4871837,109422,118848,108983.82,118434.02,438.18,413.98,311.54,204.46,False,False,nan,True,0.3321,90.91,80.36,False,0,COLLECTING,0,,0,,,,,7,53,101,30,60,1.0001624867990202,0.17320508075688776
2026-08-31T22:08:00.842,125320093,P024,heavy_pressure,QUALITY,,,,347,4871877,109501,118879,108994.16,118442.91,506.84,436.09,342.68,207.22,False,False,nan,True,0.3321,90.91,80.36,False,0,COLLECTING,0,,0,,,,,7,53,101,30,60,0.9997609714326721,0.17320508075688776
2026-08-31T22:08:00.853,125320109,P024,heavy_pressure,QUALITY,,,,348,4871917,109536,118852,109005.0,118451.09,531.0,400.91,357.23,210.22,False,False,nan,True,0.3321,90.91,80.36,False,0,COLLECTING,0,,0,,,,,7,53,101,30,60,0.9997609714326721,0.17320508075688776
2026-08-31T22:08:00.861,125320109,P024,heavy_pressure,QUALITY,,,,349,4871957,109560,118844,109016.1,118458.95,543.9,385.05,364.19,213.3,False,False,nan,True,0.3321,90.91,80.36,False,0,COLLECTING,0,,0,,,,,7,53,101,30,60,0.9997609714326721,0.17320508075688776
2026-08-31T22:08:00.873,125320125,P024,heavy_pressure,QUALITY,,,,350,4871997,109601,118838,109027.8,118466.53,573.2,371.47,366.01,216.35,False,False,nan,True,0.3321,90.91,80.36,False,0,COLLECTING,0,,0,,,,,7,53,101,30,60,0.9997609714326721,0.17320508075688776
2026-08-31T22:08:00.896,125320140,P024,heavy_pressure,QUALITY,,,,351,4872037,109638,118862,109040.0,118474.44,598.0,387.56,371.4,219.45,False,False,nan,True,0.3321,90.91,80.36,False,0,COLLECTING,0,,0,,,,,7,53,101,30,60,0.9997609714326721,0.17320508075688776
2026-08-31T22:08:01.043,125320296,P024,heavy_pressure,QUALITY,,,,352,4872077,109653,118845,109052.26,118481.85,600.74,363.15,369.33,222.45,True,True,1440.0,True,0.3321,86.96,80.36,False,0,COLLECTING,0,,0,,,,,7,53,101,30,60,1.0001624867990202,0.17320508075688776
2026-08-31T22:08:01.054,125320312,P024,heavy_pressure,QUALITY,,,,353,4872117,109675,118830,109064.71,118488.81,610.29,341.19,362.3,225.25,False,False,nan,True,0.3321,86.96,80.36,False,0,COLLECTING,0,,0,,,,,7,53,101,30,60,1.0001624867990202,0.17320508075688776
2026-08-31T22:08:01.065,125320312,P024,heavy_pressure,QUALITY,,,,354,4872157,109705,118865,109077.52,118496.34,627.48,368.66,363.89,228.02,False,False,nan,True,0.3321,86.96,80.36,False,0,COLLECTING,0,,0,,,,,7,53,101,30,60,1.0001624867990202,0.17320508075688776
2026-08-31T22:08:01.075,125320328,P024,heavy_pressure,QUALITY,,,,355,4872197,109662,118798,109089.2,118502.37,572.8,295.63,346.83,230.4,True,False,nan,True,0.3321,86.96,80.36,False,0,COLLECTING,0,,0,,,,,7,53,101,30,60,1.0001624867990202,0.17320508075688776
2026-08-31T22:08:01.099,125320343,P024,heavy_pressure,QUALITY,,,,356,4872237,109585,118709,109099.12,118506.5,485.88,202.5,310.74,232.0,False,False,nan,True,0.3321,86.96,80.36,False,0,COLLECTING,0,,0,,,,,7,53,101,30,60,1.0001624867990202,0.17320508075688776
2026-08-31T22:08:01.242,125320500,P024,heavy_pressure,QUALITY,,,,357,4872277,109546,118660,109108.05,118509.57,437.95,150.43,270.67,232.78,False,False,nan,True,0.3321,86.96,80.36,False,0,COLLECTING,0,,0,,,,,8,53,101,30,60,0.9988718636541927,0.17320508075688776
2026-08-31T22:08:01.253,125320500,P024,heavy_pressure,QUALITY,,,,358,4872317,109517,118623,109116.23,118511.84,400.77,111.16,230.79,232.74,False,False,nan,True,0.3321,86.96,80.36,False,0,COLLECTING,0,,0,,,,,8,53,101,30,60,0.9988718636541927,0.17320508075688776
2026-08-31T22:08:01.262,125320515,P024,heavy_pressure,QUALITY,,,,359,4872357,109539,118626,109124.69,118514.12,414.31,111.88,201.06,232.1,False,False,nan,True,0.3321,86.96,80.36,False,0,COLLECTING,0,,0,,,,,8,53,101,30,60,0.9988718636541927,0.17320508075688776
2026-08-31T22:08:01.272,125320531,P024,heavy_pressure,QUALITY,,,,360,4872397,109574,118658,109133.67,118516.99,440.33,141.01,186.05,231.18,False,False,nan,True,0.3321,86.96,80.36,False,0,COLLECTING,0,,0,,,,,8,53,101,30,60,0.9988718636541927,0.17320508075688776
2026-08-31T22:08:01.297,125320546,P024,heavy_pressure,QUALITY,,,,361,4872437,109598,118661,109142.96,118519.88,455.04,141.12,174.82,230.06,False,False,nan,True,0.3321,86.96,80.36,False,0,COLLECTING,0,,0,,,,,8,53,101,30,60,0.9988718636541927,0.17320508075688776
2026-08-31T22:08:01.443,125320687,P024,heavy_pressure,QUALITY,,,,362,4872477,109621,118691,109152.52,118523.3,468.48,167.7,173.04,228.92,False,False,nan,True,0.3321,86.96,80.36,False,0,COLLECTING,0,,0,,,,,7,53,101,30,60,0.9997609714326721,0.17320508075688776
2026-08-31T22:08:01.454,125320703,P024,heavy_pressure,QUALITY,,,,363,4872517,109627,118682,109162.02,118526.47,464.98,155.53,168.66,227.71,False,False,nan,True,0.3321,86.96,80.36,False,0,COLLECTING,0,,0,,,,,7,53,101,30,60,0.9997609714326721,0.17320508075688776
2026-08-31T22:08:01.462,125320718,P024,heavy_pressure,QUALITY,,,,364,4872557,109574,118620,109170.26,118528.34,403.74,91.66,149.41,226.15,False,False,nan,True,0.3321,86.96,80.36,False,0,COLLECTING,0,,0,,,,,7,53,101,30,60,0.9997609714326721,0.17320508075688776
2026-08-31T22:08:01.471,125320718,P024,heavy_pressure,QUALITY,,,,365,4872597,109551,118564,109177.88,118529.05,373.12,34.95,120.8,224.04,False,False,nan,True,0.3321,86.96,80.36,False,0,COLLECTING,0,,0,,,,,7,53,101,30,60,0.9997609714326721,0.17320508075688776
2026-08-31T22:08:01.496,125320750,P024,heavy_pressure,QUALITY,,,,366,4872637,109568,118604,109185.68,118530.55,382.32,73.45,108.96,221.74,False,False,nan,True,0.3321,86.96,80.36,False,0,COLLECTING,0,,0,,,,,7,53,101,30,60,0.9997609714326721,0.17320508075688776
2026-08-31T22:08:01.645,125320890,P024,heavy_pressure,QUALITY,,,,367,4872677,109579,118640,109193.55,118532.73,385.45,107.27,108.54,219.47,False,False,nan,True,0.3321,86.96,80.36,False,0,COLLECTING,0,,0,,,,,7,53,101,30,60,0.9990540525917504,0.17320508075688776
2026-08-31T22:08:01.654,125320906,P024,heavy_pressure,QUALITY,,,,368,4872717,109593,118650,109201.54,118535.08,391.46,114.92,110.13,217.29,False,False,nan,True,0.3321,86.96,80.36,False,0,COLLECTING,0,,0,,,,,7,53,101,30,60,0.9990540525917504,0.17320508075688776
2026-08-31T22:08:01.662,125320906,P024,heavy_pressure,QUALITY,,,,369,4872757,109576,118654,109209.03,118537.45,366.97,116.55,111.74,215.17,False,False,nan,True,0.3321,86.96,80.36,False,0,COLLECTING,0,,0,,,,,7,53,101,30,60,0.9990540525917504,0.17320508075688776
2026-08-31T22:08:01.672,125320921,P024,heavy_pressure,QUALITY,,,,370,4872797,109550,118629,109215.85,118539.28,334.15,89.72,106.23,213.0,True,True,720.0,True,0.3321,84.51,80.36,False,0,COLLECTING,0,,0,,,,,7,53,101,30,60,0.9990540525917504,0.17320508075688776
2026-08-31T22:08:01.696,125320953,P024,heavy_pressure,QUALITY,,,,371,4872837,109530,118595,109222.13,118540.4,307.87,54.6,93.32,210.6,False,False,nan,True,0.3321,84.51,80.36,False,0,COLLECTING,0,,0,,,,,7,53,101,30,60,0.9990540525917504,0.17320508075688776
2026-08-31T22:08:01.845,125321093,P024,heavy_pressure,QUALITY,,,,372,4872877,109526,118622,109228.21,118542.03,297.79,79.97,89.99,208.19,False,False,nan,True,0.3321,84.51,80.36,False,0,COLLECTING,0,,0,,,,,8,53,101,30,60,0.9992737362704976,0.17320508075688776
2026-08-31T22:08:01.854,125321109,P024,heavy_pressure,QUALITY,,,,373,4872917,109552,118655,109234.69,118544.29,317.31,110.71,95.17,205.93,False,False,nan,True,0.3321,84.51,80.36,False,0,COLLECTING,0,,0,,,,,8,53,101,30,60,0.9992737362704976,0.17320508075688776
2026-08-31T22:08:01.863,125321109,P024,heavy_pressure,QUALITY,,,,374,4872957,109551,118676,109241.02,118546.92,309.98,129.08,103.64,203.88,False,False,nan,True,0.3321,84.51,80.36,False,0,COLLECTING,0,,0,,,,,8,53,101,30,60,0.9992737362704976,0.17320508075688776
2026-08-31T22:08:01.872,125321125,P024,heavy_pressure,QUALITY,,,,375,4872997,109560,118704,109247.4,118550.06,312.6,153.94,116.22,202.13,False,False,nan,True,0.3321,84.51,80.36,False,0,COLLECTING,0,,0,,,,,8,53,101,30,60,0.9992737362704976,0.17320508075688776
2026-08-31T22:08:01.896,125321140,P024,heavy_pressure,QUALITY,,,,376,4873037,109572,118741,109253.89,118553.88,318.11,187.12,133.94,200.77,False,False,nan,True,0.3321,84.51,80.36,False,0,COLLECTING,0,,0,,,,,8,53,101,30,60,0.9992737362704976,0.17320508075688776
2026-08-31T22:08:02.043,125321296,P024,heavy_pressure,QUALITY,,,,377,4873077,109565,118733,109260.11,118557.47,304.89,175.53,144.34,199.64,False,False,nan,True,0.3321,84.51,80.36,False,0,COLLECTING,0,,0,,,,,8,53,101,30,60,1.0001624867990202,0.17320508075688776
2026-08-31T22:08:02.053,125321296,P024,heavy_pressure,QUALITY,,,,378,4873117,109606,118811,109267.02,118562.54,338.98,248.46,170.37,199.05,False,False,nan,True,0.3321,84.51,80.36,False,0,COLLECTING,0,,0,,,,,8,53,101,30,60,1.0001624867990202,0.17320508075688776
2026-08-31T22:08:02.062,125321312,P024,heavy_pressure,QUALITY,,,,379,4873157,109601,118824,109273.7,118567.77,327.3,256.23,191.84,198.91,False,False,nan,True,0.3518,84.51,74.73,False,0,COLLECTING,0,,0,,,,,8,53,101,30,60,1.0001624867990202,0.17320508075688776
2026-08-31T22:08:02.073,125321328,P024,heavy_pressure,QUALITY,,,,380,4873197,109536,118715,109278.95,118570.71,257.05,144.29,179.95,198.53,True,True,400.0,True,0.3518,90.23,74.73,False,0,COLLECTING,0,,0,,,,,8,53,101,30,60,1.0001624867990202,0.17320508075688776
2026-08-31T22:08:02.096,125321343,P024,heavy_pressure,QUALITY,,,,381,4873237,109428,118575,109281.93,118570.8,146.07,4.2,136.01,197.28,False,False,nan,True,0.3518,90.23,74.73,False,0,COLLECTING,0,,0,,,,,8,53,101,30,60,1.0001624867990202,0.17320508075688776
2026-08-31T22:08:02.242,125321500,P024,heavy_pressure,QUALITY,,,,382,4873277,109403,118550,109284.35,118570.38,118.65,-20.38,96.91,195.27,False,False,nan,True,0.3518,90.23,74.73,False,0,COLLECTING,0,,0,,,,,9,53,101,30,60,1.0001624867990202,0.17320508075688776
2026-08-31T22:08:02.254,125321500,P024,heavy_pressure,QUALITY,,,,383,4873317,109418,118635,109287.02,118571.67,130.98,63.33,88.52,193.14,False,False,nan,True,0.3518,90.23,74.73,False,0,COLLECTING,0,,0,,,,,9,53,101,30,60,1.0001624867990202,0.17320508075688776
2026-08-31T22:08:02.261,125321515,P024,heavy_pressure,QUALITY,,,,384,4873357,109432,118693,109289.92,118574.1,142.08,118.9,96.11,191.2,False,False,nan,True,0.3518,90.23,74.73,False,0,COLLECTING,0,,0,,,,,9,53,101,30,60,1.0001624867990202,0.17320508075688776
2026-08-31T22:08:02.272,125321515,P024,heavy_pressure,QUALITY,,,,385,4873397,109451,118754,109293.14,118577.7,157.86,176.3,116.16,189.7,False,False,nan,True,0.3518,90.23,74.73,False,0,COLLECTING,0,,0,,,,,9,53,101,30,60,1.0001624867990202,0.17320508075688776
2026-08-31T22:08:02.297,125321546,P024,heavy_pressure,QUALITY,,,,386,4873437,109441,118775,109296.1,118581.65,144.9,193.35,135.46,188.61,False,False,nan,True,0.3518,90.23,74.73,False,0,COLLECTING,0,,0,,,,,9,53,101,30,60,1.0001624867990202,0.17320508075688776
2026-08-31T22:08:02.442,125321687,P024,heavy_pressure,QUALITY,,,,387,4873477,109431,118773,109298.8,118585.48,132.2,187.52,148.47,187.81,False,False,nan,True,0.3518,90.23,74.73,False,0,COLLECTING,0,,0,,,,,9,53,101,30,60,1.0001624867990202,0.17320508075688776
2026-08-31T22:08:02.453,125321703,P024,heavy_pressure,QUALITY,,,,388,4873517,109413,118771,109301.08,118589.19,111.92,181.81,156.81,187.19,False,False,nan,True,0.3518,90.23,74.73,False,0,COLLECTING,0,,0,,,,,9,53,101,30,60,1.0001624867990202,0.17320508075688776
2026-08-31T22:08:02.461,125321718,P024,heavy_pressure,QUALITY,,,,389,4873557,109436,118817,109303.77,118593.74,132.23,223.26,173.42,186.91,False,False,nan,True,0.3518,90.23,74.73,False,0,COLLECTING,0,,0,,,,,9,53,101,30,60,1.0001624867990202,0.17320508075688776
2026-08-31T22:08:02.472,125321718,P024,heavy_pressure,QUALITY,,,,390,4873597,109460,118884,109306.9,118599.55,153.1,284.45,201.18,187.2,False,False,nan,True,0.3518,90.23,74.73,False,0,COLLECTING,0,,0,,,,,9,53,101,30,60,1.0001624867990202,0.17320508075688776
2026-08-31T22:08:02.496,125321750,P024,heavy_pressure,QUALITY,,,,391,4873637,109473,118939,109310.22,118606.34,162.78,332.66,234.05,188.14,False,False,nan,True,0.3518,90.23,74.73,False,0,COLLECTING,0,,0,,,,,9,53,101,30,60,1.0001624867990202,0.17320508075688776
2026-08-31T22:08:02.642,125321890,P024,heavy_pressure,QUALITY,,,,392,4873677,109476,118956,109313.53,118613.33,162.47,342.67,261.21,189.6,False,False,nan,True,0.3518,90.23,74.73,False,0,COLLECTING,0,,0,,,,,9,53,101,30,60,1.0001624867990202,0.17320508075688776
2026-08-31T22:08:02.653,125321906,P024,heavy_pressure,QUALITY,,,,393,4873717,109489,118991,109317.04,118620.88,171.96,370.12,288.43,191.57,False,False,nan,True,0.3518,90.23,74.73,False,0,COLLECTING,0,,0,,,,,9,53,101,30,60,1.0001624867990202,0.17320508075688776
2026-08-31T22:08:02.661,125321906,P024,heavy_pressure,QUALITY,,,,394,4873757,109485,118992,109320.4,118628.3,164.6,363.7,307.25,193.89,False,False,nan,True,0.3518,90.23,74.73,False,0,COLLECTING,0,,0,,,,,9,53,101,30,60,1.0001624867990202,0.17320508075688776
2026-08-31T22:08:02.672,125321921,P024,heavy_pressure,QUALITY,,,,395,4873797,109487,119013,109323.73,118636.0,163.27,377.0,324.69,196.5,False,False,nan,True,0.3518,90.23,74.73,False,0,COLLECTING,0,,0,,,,,9,53,101,30,60,1.0001624867990202,0.17320508075688776
2026-08-31T22:08:02.697,125321953,P024,heavy_pressure,QUALITY,,,,396,4873837,109431,118937,109325.88,118642.02,105.12,294.98,317.26,198.92,True,True,640.0,True,0.3518,86.33,74.73,False,0,COLLECTING,0,,0,,,,,9,53,101,30,60,1.0001624867990202,0.17320508075688776
2026-08-31T22:08:02.842,125322093,P024,heavy_pressure,QUALITY,,,,397,4873877,109333,118760,109326.02,118644.38,6.98,115.62,266.85,200.28,False,False,nan,True,0.3518,86.33,74.73,False,0,COLLECTING,0,,0,,,,,10,53,101,30,60,1.0001624867990202,0.17320508075688776
2026-08-31T22:08:02.853,125322109,P024,heavy_pressure,QUALITY,,,,398,4873917,109307,118734,109325.63,118646.17,-18.63,87.83,222.09,200.71,False,False,nan,True,0.3518,86.33,74.73,False,0,COLLECTING,0,,0,,,,,10,53,101,30,60,1.0001624867990202,0.17320508075688776
2026-08-31T22:08:02.861,125322109,P024,heavy_pressure,QUALITY,,,,399,4873957,109328,118786,109325.68,118648.97,2.32,137.03,200.83,200.72,False,False,nan,True,0.3518,86.33,74.73,False,0,COLLECTING,0,,0,,,,,10,53,101,30,60,1.0001624867990202,0.17320508075688776
2026-08-31T22:08:02.872,125322125,P024,heavy_pressure,QUALITY,,,,400,4873997,109342,118821,109326.01,118652.41,15.99,168.59,192.77,200.56,False,False,nan,True,0.3518,86.33,74.73,False,0,COLLECTING,0,,0,,,,,10,53,101,30,60,1.0001624867990202,0.17320508075688776
2026-08-31T22:08:02.896,125322140,P024,heavy_pressure,QUALITY,,,,401,4874037,109355,118848,109326.59,118656.32,28.41,191.68,192.5,200.4,False,False,nan,True,0.3518,86.33,74.73,False,0,COLLECTING,0,,0,,,,,10,53,101,30,60,1.0001624867990202,0.17320508075688776
2026-08-31T22:08:03.041,125322296,P024,heavy_pressure,QUALITY,,,,402,4874077,109358,118850,109327.21,118660.2,30.79,189.8,191.82,200.22,False,False,nan,True,0.3518,86.33,74.73,False,0,COLLECTING,0,,0,,,,,10,53,101,30,60,1.0001624867990202,0.17320508075688776
2026-08-31T22:08:03.053,125322296,P024,heavy_pressure,QUALITY,,,,403,4874117,109337,118826,109327.41,118663.51,9.59,162.49,184.49,199.91,False,False,nan,True,0.3518,86.33,74.73,False,0,COLLECTING,0,,0,,,,,10,53,101,30,60,1.0001624867990202,0.17320508075688776
2026-08-31T22:08:03.062,125322312,P024,heavy_pressure,QUALITY,,,,404,4874157,109323,118813,109327.32,118666.5,-4.32,146.5,174.99,199.41,False,False,nan,True,0.3518,86.33,74.73,False,0,COLLECTING,0,,0,,,,,10,53,101,30,60,1.0001624867990202,0.17320508075688776
2026-08-31T22:08:03.072,125322328,P024,heavy_pressure,QUALITY,,,,405,4874197,109322,118830,109327.21,118669.77,-5.21,160.23,171.3,198.85,False,False,nan,True,0.3518,86.33,74.73,False,0,COLLECTING,0,,0,,,,,10,53,101,30,60,1.0001624867990202,0.17320508075688776
2026-08-31T22:08:03.100,125322343,P024,heavy_pressure,QUALITY,,,,406,4874237,109314,118834,109326.95,118673.05,-12.95,160.95,168.71,198.25,False,False,nan,True,0.3518,86.33,74.73,False,0,COLLECTING,0,,0,,,,,10,53,101,30,60,1.0001624867990202,0.17320508075688776
2026-08-31T22:08:03.242,125322500,P024,heavy_pressure,QUALITY,,,,407,4874277,109315,118882,109326.7,118677.23,-11.7,204.77,177.73,197.84,False,False,nan,True,0.3518,86.33,74.73,False,0,COLLECTING,0,,0,,,,,10,53,101,30,60,1.0001624867990202,0.17320508075688776
2026-08-31T22:08:03.253,125322500,P024,heavy_pressure,QUALITY,,,,408,4874317,109321,118948,109326.59,118682.65,-5.59,265.35,199.63,197.87,False,False,nan,True,0.3518,86.33,74.73,False,0,COLLECTING,0,,0,,,,,10,53,101,30,60,1.0001624867990202,0.17320508075688776
2026-08-31T22:08:03.262,125322515,P024,heavy_pressure,QUALITY,,,,409,4874357,109331,119023,109326.67,118689.45,4.33,333.55,233.11,198.58,False,False,nan,True,0.3518,86.33,74.73,False,0,COLLECTING,0,,0,,,,,10,53,101,30,60,1.0001624867990202,0.17320508075688776
2026-08-31T22:08:03.272,125322515,P024,heavy_pressure,QUALITY,,,,410,4874397,109334,119073,109326.82,118697.12,7.18,375.88,268.8,199.98,False,False,nan,True,0.3518,86.33,74.73,False,0,COLLECTING,0,,0,,,,,10,53,101,30,60,1.0001624867990202,0.17320508075688776
2026-08-31T22:08:03.295,125322546,P024,heavy_pressure,QUALITY,,,,411,4874437,109330,119092,109326.88,118705.02,3.12,386.98,298.35,201.95,False,False,nan,True,0.3518,86.33,74.73,False,0,COLLECTING,0,,0,,,,,10,53,101,30,60,1.0001624867990202,0.17320508075688776
2026-08-31T22:08:03.443,125322687,P024,heavy_pressure,QUALITY,,,,412,4874477,109270,118996,109325.74,118710.84,-55.74,285.16,295.05,203.81,True,True,640.0,True,0.3518,84.51,74.73,False,0,COLLECTING,0,,0,,,,,10,53,101,30,60,1.0001624867990202,0.17320508075688776
2026-08-31T22:08:03.453,125322703,P024,heavy_pressure,QUALITY,,,,413,4874517,109169,118785,109322.61,118712.33,-153.61,72.67,239.45,204.52,False,False,nan,True,0.3518,84.51,74.73,False,0,COLLECTING,0,,0,,,,,10,53,101,30,60,1.0001624867990202,0.17320508075688776
2026-08-31T22:08:03.465,125322718,P024,heavy_pressure,QUALITY,,,,414,4874557,109158,118791,109319.32,118713.9,-161.32,77.1,198.87,204.41,False,False,nan,True,0.3518,84.51,74.73,False,0,COLLECTING,0,,0,,,,,10,53,101,30,60,1.0001624867990202,0.17320508075688776
2026-08-31T22:08:03.473,125322718,P024,heavy_pressure,QUALITY,,,,415,4874597,109197,118906,109316.88,118717.74,-119.88,188.26,196.21,204.25,False,False,nan,True,0.3518,84.51,74.73,False,0,COLLECTING,0,,0,,,,,10,53,101,30,60,1.0001624867990202,0.17320508075688776
2026-08-31T22:08:03.496,125322750,P024,heavy_pressure,QUALITY,,,,416,4874637,109241,119011,109315.36,118723.61,-74.36,287.39,219.01,204.54,False,False,nan,True,0.3518,84.51,74.73,False,0,COLLECTING,0,,0,,,,,10,53,101,30,60,1.0001624867990202,0.17320508075688776
2026-08-31T22:08:03.643,125322890,P024,heavy_pressure,QUALITY,,,,417,4874677,109258,119067,109314.21,118730.48,-56.21,336.52,248.39,205.42,False,False,nan,True,0.3518,84.51,74.73,False,0,COLLECTING,0,,0,,,,,11,53,101,30,60,0.9997609714326721,0.17320508075688776
2026-08-31T22:08:03.654,125322906,P024,heavy_pressure,QUALITY,,,,418,4874717,109255,119073,109313.02,118737.33,-58.02,335.67,270.21,206.71,False,False,nan,True,0.3518,84.51,74.73,False,0,COLLECTING,0,,0,,,,,11,53,101,30,60,0.9997609714326721,0.17320508075688776
2026-08-31T22:08:03.663,125322906,P024,heavy_pressure,QUALITY,,,,419,4874757,109232,119034,109311.41,118743.26,-79.41,290.74,275.34,208.09,False,False,nan,True,0.3518,84.51,74.73,False,0,COLLECTING,0,,0,,,,,11,53,101,30,60,0.9997609714326721,0.17320508075688776
2026-08-31T22:08:03.672,125322921,P024,heavy_pressure,QUALITY,,,,420,4874797,109234,119039,109309.86,118749.17,-75.86,289.83,278.96,209.5,False,False,nan,True,0.3518,84.51,74.73,False,0,COLLECTING,0,,0,,,,,11,53,101,30,60,0.9997609714326721,0.17320508075688776
2026-08-31T22:08:03.698,125322953,P024,heavy_pressure,QUALITY,,,,421,4874837,109246,119085,109308.59,118755.89,-62.59,329.11,291.5,211.14,False,False,nan,True,0.3518,84.51,74.73,False,0,COLLECTING,0,,0,,,,,11,53,101,30,60,0.9997609714326721,0.17320508075688776
2026-08-31T22:08:03.843,125323093,P024,heavy_pressure,QUALITY,,,,422,4874877,109254,119132,109307.49,118763.41,-53.49,368.59,310.77,213.14,False,False,nan,True,0.3518,84.51,74.73,False,0,COLLECTING,0,,0,,,,,11,53,101,30,60,1.0001624867990202,0.17320508075688776
2026-08-31T22:08:03.854,125323109,P024,heavy_pressure,QUALITY,,,,423,4874917,109271,119173,109306.77,118771.61,-35.77,401.39,333.43,215.54,False,False,nan,True,0.3518,84.51,74.73,False,0,COLLECTING,0,,0,,,,,11,53,101,30,60,1.0001624867990202,0.17320508075688776
2026-08-31T22:08:03.862,125323109,P024,heavy_pressure,QUALITY,,,,424,4874957,109287,119212,109306.37,118780.41,-19.37,431.59,357.97,218.39,False,False,nan,True,0.3518,84.51,74.73,False,0,COLLECTING,0,,0,,,,,11,53,101,30,60,1.0001624867990202,0.17320508075688776
2026-08-31T22:08:03.872,125323125,P024,heavy_pressure,QUALITY,,,,425,4874997,109289,119234,109306.02,118789.48,-17.02,444.52,379.6,221.61,False,False,nan,True,0.3518,84.51,74.73,False,0,COLLECTING,0,,0,,,,,11,53,101,30,60,1.0001624867990202,0.17320508075688776
2026-08-31T22:08:03.896,125323140,P024,heavy_pressure,QUALITY,,,,426,4875037,109296,119249,109305.82,118798.67,-9.82,450.33,397.28,225.13,False,False,nan,True,0.3518,84.51,74.73,False,0,COLLECTING,0,,0,,,,,11,53,101,30,60,1.0001624867990202,0.17320508075688776
2026-08-31T22:08:04.042,125323296,P024,heavy_pressure,QUALITY,,,,427,4875077,109306,119278,109305.82,118808.26,0.18,469.74,415.4,228.93,False,False,nan,True,0.3518,84.51,74.73,False,0,COLLECTING,0,,0,,,,,11,53,101,30,60,1.0001624867990202,0.17320508075688776
2026-08-31T22:08:04.053,125323296,P024,heavy_pressure,QUALITY,,,,428,4875117,109306,119280,109305.82,118817.7,0.18,462.3,427.13,232.9,False,False,nan,True,0.3518,84.51,74.73,False,0,COLLECTING,0,,0,,,,,11,53,101,30,60,1.0001624867990202,0.17320508075688776
2026-08-31T22:08:04.062,125323312,P024,heavy_pressure,QUALITY,,,,429,4875157,109256,119176,109304.82,118824.86,-48.82,351.14,408.13,236.4,True,True,680.0,True,0.3518,81.08,74.73,False,0,COLLECTING,0,,0,,,,,11,53,101,30,60,1.0001624867990202,0.17320508075688776
2026-08-31T22:08:04.072,125323328,P024,heavy_pressure,QUALITY,,,,430,4875197,109127,118916,109301.27,118826.68,-174.27,89.32,328.43,238.24,False,False,nan,True,0.3518,81.08,74.73,False,0,COLLECTING,0,,0,,,,,11,53,101,30,60,1.0001624867990202,0.17320508075688776
2026-08-31T22:08:04.096,125323343,P024,heavy_pressure,QUALITY,,,,431,4875237,109125,118918,109297.74,118828.51,-172.74,89.49,268.69,238.85,False,False,nan,True,0.3518,81.08,74.73,False,0,COLLECTING,0,,0,,,,,11,53,101,30,60,1.0001624867990202,0.17320508075688776
2026-08-31T22:08:04.241,125323500,P024,heavy_pressure,QUALITY,,,,432,4875277,109193,119052,109295.65,118832.98,-102.65,219.02,256.28,239.2,False,False,nan,True,0.3518,81.08,74.73,False,0,COLLECTING,0,,0,,,,,12,53,101,30,60,0.9992737362704976,0.17320508075688776
2026-08-31T22:08:04.254,125323500,P024,heavy_pressure,QUALITY,,,,433,4875317,109231,119162,109294.36,118839.55,-63.36,322.45,272.82,239.87,False,False,nan,True,0.3518,81.08,74.73,False,0,COLLECTING,0,,0,,,,,12,53,101,30,60,0.9992737362704976,0.17320508075688776
2026-08-31T22:08:04.262,125323515,P024,heavy_pressure,QUALITY,,,,434,4875357,109261,119229,109293.7,118847.34,-32.7,381.66,300.03,241.08,False,False,nan,True,0.3518,81.08,74.73,False,0,COLLECTING,0,,0,,,,,12,53,101,30,60,0.9992737362704976,0.17320508075688776
2026-08-31T22:08:04.273,125323531,P024,heavy_pressure,QUALITY,,,,435,4875397,109265,119230,109293.12,118855.0,-28.12,375.0,318.77,242.63,False,False,nan,True,0.3518,81.08,74.73,False,0,COLLECTING,0,,0,,,,,12,53,101,30,60,0.9992737362704976,0.17320508075688776
2026-08-31T22:08:04.296,125323546,P024,heavy_pressure,QUALITY,,,,436,4875437,109239,119194,109292.04,118861.78,-53.04,332.22,322.13,244.22,False,False,nan,True,0.3518,81.08,74.73,False,0,COLLECTING,0,,0,,,,,12,53,101,30,60,0.9992737362704976,0.17320508075688776
2026-08-31T22:08:04.442,125323687,P024,heavy_pressure,QUALITY,,,,437,4875477,109232,119177,109290.84,118868.09,-58.84,308.91,318.83,245.71,True,False,nan,True,0.3518,81.08,74.73,False,0,COLLECTING,0,,0,,,,,12,53,101,30,60,0.9997609714326721,0.17320508075688776
2026-08-31T22:08:04.453,125323703,P024,heavy_pressure,QUALITY,,,,438,4875517,109254,119222,109290.1,118875.16,-36.1,346.84,325.83,247.31,False,False,nan,True,0.3518,81.08,74.73,False,0,COLLECTING,0,,0,,,,,12,53,101,30,60,0.9997609714326721,0.17320508075688776
2026-08-31T22:08:04.462,125323718,P024,heavy_pressure,QUALITY,,,,439,4875557,109278,119273,109289.86,118883.12,-11.86,389.88,341.84,249.2,False,False,nan,True,0.3518,81.08,74.73,False,0,COLLECTING,0,,0,,,,,12,53,101,30,60,0.9997609714326721,0.17320508075688776
2026-08-31T22:08:04.472,125323718,P024,heavy_pressure,QUALITY,,,,440,4875597,109310,119332,109290.27,118892.09,19.73,439.91,366.36,251.55,False,False,nan,True,0.3518,81.08,74.73,False,0,COLLECTING,0,,0,,,,,12,53,101,30,60,0.9997609714326721,0.17320508075688776
2026-08-31T22:08:04.495,125323750,P024,heavy_pressure,QUALITY,,,,441,4875637,109333,119375,109291.12,118901.75,41.88,473.25,393.08,254.38,False,False,nan,True,0.3518,81.08,74.73,False,0,COLLECTING,0,,0,,,,,12,53,101,30,60,0.9997609714326721,0.17320508075688776
2026-08-31T22:08:04.643,125323890,P024,heavy_pressure,QUALITY,,,,442,4875677,109337,119414,109292.03,118911.99,44.97,502.01,420.31,257.7,False,False,nan,True,0.3518,81.08,74.73,False,0,COLLECTING,0,,0,,,,,12,53,101,30,60,0.9999429983754075,0.17320508075688776
2026-08-31T22:08:04.653,125323906,P024,heavy_pressure,QUALITY,,,,443,4875717,109356,119441,109293.31,118922.57,62.69,518.43,444.84,261.44,False,False,nan,True,0.3518,81.08,74.73,False,0,COLLECTING,0,,0,,,,,12,53,101,30,60,0.9999429983754075,0.17320508075688776
2026-08-31T22:08:04.662,125323906,P024,heavy_pressure,QUALITY,,,,444,4875757,109373,119503,109294.91,118934.18,78.09,568.82,475.84,265.73,False,False,nan,True,0.3518,81.08,74.73,False,0,COLLECTING,0,,0,,,,,12,53,101,30,60,0.9999429983754075,0.17320508075688776
2026-08-31T22:08:04.672,125323921,P024,heavy_pressure,QUALITY,,,,445,4875797,109410,119529,109297.21,118946.08,112.79,582.92,502.61,270.47,False,False,nan,True,0.3518,81.08,74.73,False,0,COLLECTING,0,,0,,,,,12,53,101,30,60,0.9999429983754075,0.17320508075688776
2026-08-31T22:08:04.696,125323953,P024,heavy_pressure,QUALITY,,,,446,4875837,109431,119535,109299.88,118957.86,131.12,577.14,521.24,275.48,False,False,nan,True,0.3518,81.08,74.73,False,0,COLLECTING,0,,0,,,,,12,53,101,30,60,0.9999429983754075,0.17320508075688776
2026-08-31T22:08:04.842,125324093,P024,heavy_pressure,QUALITY,,,,447,4875877,109446,119536,109302.8,118969.42,143.2,566.58,532.58,280.62,False,False,nan,True,0.3518,81.08,74.73,False,0,COLLECTING,0,,0,,,,,12,53,101,30,60,1.0001624867990202,0.17320508075688776
2026-08-31T22:08:04.853,125324109,P024,heavy_pressure,QUALITY,,,,448,4875917,109408,119431,109304.91,118978.66,103.09,452.34,512.52,285.26,True,True,760.0,True,0.3518,81.63,74.73,False,0,COLLECTING,0,,0,,,,,12,53,101,30,60,1.0001624867990202,0.17320508075688776
2026-08-31T22:08:04.864,125324109,P024,heavy_pressure,QUALITY,,,,449,4875957,109489,119617,109308.59,118991.42,180.41,625.58,540.78,290.37,False,False,nan,True,0.3518,81.63,74.73,False,0,COLLECTING,0,,0,,,,,12,53,101,30,60,1.0001624867990202,0.17320508075688776
2026-08-31T22:08:04.872,125324125,P024,heavy_pressure,QUALITY,,,,450,4875997,109625,119895,109314.91,119009.49,310.09,885.51,626.96,297.1,False,False,nan,True,0.3518,81.63,74.73,False,0,COLLECTING,0,,0,,,,,12,53,101,30,60,1.0001624867990202,0.17320508075688776
2026-08-31T22:08:04.907,125324156,P024,heavy_pressure,QUALITY,,,,451,4876047,109733,120117,109323.27,119031.64,409.73,1085.36,741.56,305.99,False,False,nan,True,0.3518,81.63,74.73,False,0,COLLECTING,0,,0,,,,,12,53,101,30,60,1.0001624867990202,0.17320508075688776
2026-08-31T22:08:05.047,125324296,P024,heavy_pressure,QUALITY,,,,452,4876087,109736,120182,109331.53,119054.65,404.47,1127.35,838.01,316.63,False,False,nan,True,0.3518,81.63,74.73,False,0,COLLECTING,0,,0,,,,,13,53,101,30,60,1.0001624867990202,0.17320508075688776
2026-08-31T22:08:05.056,125324312,P024,heavy_pressure,QUALITY,,,,453,4876127,109726,120187,109339.42,119077.3,386.58,1109.7,905.93,328.42,False,False,nan,True,0.3518,81.63,74.73,False,0,COLLECTING,0,,0,,,,,13,53,101,30,60,1.0001624867990202,0.17320508075688776
2026-08-31T22:08:05.066,125324312,P024,heavy_pressure,QUALITY,,,,454,4876167,109711,120154,109346.85,119098.83,364.15,1055.17,943.24,340.72,False,False,nan,True,0.3518,81.63,74.73,False,0,COLLECTING,0,,0,,,,,13,53,101,30,60,1.0001624867990202,0.17320508075688776
2026-08-31T22:08:05.073,125324328,P024,heavy_pressure,QUALITY,,,,455,4876207,109684,120093,109353.59,119118.71,330.41,974.29,951.0,352.92,False,False,nan,True,0.3518,81.63,74.73,False,0,COLLECTING,0,,0,,,,,13,53,101,30,60,1.0001624867990202,0.17320508075688776
2026-08-31T22:08:05.107,125324359,P024,heavy_pressure,QUALITY,,,,456,4876247,109672,120094,109359.96,119138.22,312.04,955.78,952.2,364.91,False,False,nan,True,0.3518,81.63,74.73,False,0,COLLECTING,0,,0,,,,,13,53,101,30,60,1.0001624867990202,0.17320508075688776
2026-08-31T22:08:05.242,125324500,P024,heavy_pressure,QUALITY,,,,457,4876287,109665,120146,109366.06,119158.38,298.94,987.62,961.06,376.83,False,False,nan,True,0.3518,81.63,74.73,False,0,COLLECTING,0,,0,,,,,13,53,101,30,60,1.0001624867990202,0.17320508075688776
2026-08-31T22:08:05.255,125324500,P024,heavy_pressure,QUALITY,,,,458,4876327,109651,120095,109371.76,119177.11,279.24,917.89,950.26,388.3,True,True,410.0,True,0.3518,84.36,74.73,False,0,COLLECTING,0,,0,,,,,13,53,101,30,60,1.0001624867990202,0.17320508075688776
2026-08-31T22:08:05.265,125324515,P024,heavy_pressure,QUALITY,,,,459,4876367,109635,120101,109377.02,119195.59,257.98,905.41,939.05,399.31,False,False,nan,True,0.3518,84.36,74.73,False,0,COLLECTING,0,,0,,,,,13,53,101,30,60,1.0001624867990202,0.17320508075688776
2026-08-31T22:08:05.272,125324515,P024,heavy_pressure,QUALITY,,,,460,4876407,109635,120097,109382.18,119213.62,252.82,883.38,925.13,409.83,False,False,nan,True,0.3518,84.36,74.73,False,0,COLLECTING,0,,0,,,,,13,53,101,30,60,1.0001624867990202,0.17320508075688776
2026-08-31T22:08:05.307,125324562,P024,heavy_pressure,QUALITY,,,,461,4876447,109626,120121,109387.05,119231.77,238.95,889.23,916.16,419.96,False,False,nan,True,0.3518,84.36,74.73,False,0,COLLECTING,0,,0,,,,,13,53,101,30,60,1.0001624867990202,0.17320508075688776
2026-08-31T22:08:05.443,125324687,P024,heavy_pressure,QUALITY,,,,462,4876487,109652,120080,109392.35,119248.73,259.65,831.27,894.94,429.46,False,False,nan,True,0.3518,84.36,74.73,False,0,COLLECTING,0,,0,,,,,14,53,101,30,60,1.0001624867990202,0.17320508075688776
2026-08-31T22:08:05.453,125324703,P024,heavy_pressure,QUALITY,,,,463,4876527,109631,120101,109397.12,119265.77,233.88,835.23,880.01,438.47,False,False,nan,True,0.3518,84.36,74.73,False,0,COLLECTING,0,,0,,,,,14,53,101,30,60,1.0001624867990202,0.17320508075688776
2026-08-31T22:08:05.465,125324718,P024,heavy_pressure,QUALITY,,,,464,4876567,109629,120112,109401.77,119282.7,227.23,829.3,867.33,447.04,False,False,nan,True,0.3518,84.36,74.73,False,0,COLLECTING,0,,0,,,,,14,53,101,30,60,1.0001624867990202,0.17320508075688776
2026-08-31T22:08:05.473,125324718,P024,heavy_pressure,QUALITY,,,,465,4876607,109604,120037,109405.81,119297.78,198.19,739.22,835.3,454.81,False,False,nan,True,0.3518,84.36,74.73,False,0,COLLECTING,0,,0,,,,,14,53,101,30,60,1.0001624867990202,0.17320508075688776
2026-08-31T22:08:05.507,125324750,P024,heavy_pressure,QUALITY,,,,466,4876647,109525,119906,109408.2,119309.95,116.8,596.05,775.49,461.22,False,False,nan,True,0.3518,84.36,74.73,False,0,COLLECTING,0,,0,,,,,14,53,101,30,60,1.0001624867990202,0.17320508075688776
2026-08-31T22:08:05.642,125324890,P024,heavy_pressure,QUALITY,,,,467,4876687,109455,119711,109409.13,119317.97,45.87,393.03,679.88,465.6,False,False,nan,True,0.3518,84.36,74.73,False,0,COLLECTING,0,,0,,,,,14,53,101,30,60,1.0001624867990202,0.17320508075688776
2026-08-31T22:08:05.653,125324906,P024,heavy_pressure,QUALITY,,,,468,4876727,109416,119620,109409.27,119324.01,6.73,295.99,583.91,467.96,False,False,nan,True,0.3518,84.36,74.73,False,0,COLLECTING,0,,0,,,,,14,53,101,30,60,1.0001624867990202,0.17320508075688776
2026-08-31T22:08:05.662,125324906,P024,heavy_pressure,QUALITY,,,,469,4876767,109365,119616,109408.39,119329.84,-43.39,286.16,509.47,468.79,False,False,nan,True,0.3518,84.36,74.73,False,0,COLLECTING,0,,0,,,,,14,53,101,30,60,1.0001624867990202,0.17320508075688776
2026-08-31T22:08:05.672,125324921,P024,heavy_pressure,QUALITY,,,,470,4876807,109398,119566,109408.18,119334.57,-10.18,231.43,439.96,468.22,False,False,nan,True,0.3518,84.36,74.73,False,0,COLLECTING,0,,0,,,,,14,53,101,30,60,1.0001624867990202,0.17320508075688776
2026-08-31T22:08:05.706,125324953,P024,heavy_pressure,QUALITY,,,,471,4876847,109406,119519,109408.13,119338.26,-2.13,180.74,375.15,466.35,False,False,nan,True,0.3518,84.36,74.73,False,0,COLLECTING,0,,0,,,,,14,53,101,30,60,1.0001624867990202,0.17320508075688776
2026-08-31T22:08:05.842,125325093,P024,heavy_pressure,QUALITY,,,,472,4876887,109379,119491,109407.55,119341.31,-28.55,149.69,318.79,463.4,False,False,nan,True,0.3518,84.36,74.73,False,0,COLLECTING,0,,0,,,,,14,53,101,30,60,0.9999429983754075,0.17320508075688776
2026-08-31T22:08:05.854,125325109,P024,heavy_pressure,QUALITY,,,,473,4876927,109374,119479,109406.88,119344.06,-32.88,134.94,272.83,459.59,False,False,nan,True,0.3518,84.36,74.73,False,0,COLLECTING,0,,0,,,,,14,53,101,30,60,0.9999429983754075,0.17320508075688776
2026-08-31T22:08:05.863,125325109,P024,heavy_pressure,QUALITY,,,,474,4876967,109281,119384,109404.36,119344.86,-123.36,39.14,214.4,454.69,False,False,nan,True,0.3518,84.36,74.73,False,0,COLLECTING,0,,0,,,,,14,53,101,30,60,0.9999429983754075,0.17320508075688776
2026-08-31T22:08:05.872,125325125,P024,heavy_pressure,QUALITY,,,,475,4877007,109269,119351,109401.65,119344.98,-132.65,6.02,162.31,448.84,False,False,nan,True,0.3518,84.36,74.73,False,0,COLLECTING,0,,0,,,,,14,53,101,30,60,0.9999429983754075,0.17320508075688776
2026-08-31T22:08:05.907,125325156,P024,heavy_pressure,QUALITY,,,,476,4877047,109319,119341,109399.99,119344.91,-80.99,-3.91,120.75,442.28,False,False,nan,True,0.3518,84.36,74.73,False,0,COLLECTING,0,,0,,,,,14,53,101,30,60,0.9999429983754075,0.17320508075688776
2026-08-31T22:08:06.042,125325296,P024,heavy_pressure,QUALITY,,,,477,4877087,109225,119333,109396.49,119344.67,-171.49,-11.67,87.65,435.19,False,False,nan,True,0.3518,84.36,74.73,False,0,COLLECTING,0,,0,,,,,14,53,101,30,60,0.9997609714326721,0.17320508075688776
2026-08-31T22:08:06.053,125325296,P024,heavy_pressure,QUALITY,,,,478,4877127,109265,119264,109393.86,119343.05,-128.86,-79.05,45.97,427.4,False,False,nan,True,0.3518,84.36,74.73,False,0,COLLECTING,0,,0,,,,,14,53,101,30,60,0.9997609714326721,0.17320508075688776
2026-08-31T22:08:06.060,125325312,P024,heavy_pressure,QUALITY,,,,479,4877167,109236,119237,109390.7,119340.94,-154.7,-103.94,8.49,419.02,False,False,nan,True,0.7,84.36,99.82,True,0,COLLECTING,0,,0,,,,,14,53,101,30,60,0.9997609714326721,0.17320508075688776
2026-08-31T22:08:06.072,125325328,P024,heavy_pressure,QUALITY,,,,480,4877207,109222,119203,109387.33,119338.18,-165.33,-135.18,-27.42,411.19,False,False,nan,True,0.7,84.36,99.82,True,0,COLLECTING,0,,0,,,,,14,53,101,30,60,0.9997609714326721,0.17320508075688776
2026-08-31T22:08:06.106,125325359,P024,heavy_pressure,QUALITY,,,,481,4877247,109264,119228,109384.86,119335.98,-120.86,-107.98,-47.56,403.92,False,False,nan,True,0.7,84.36,99.82,True,0,COLLECTING,0,,0,,,,,14,53,101,30,60,0.9997609714326721,0.17320508075688776
2026-08-31T22:08:06.243,125325500,P024,heavy_pressure,QUALITY,,,,482,4877287,109215,119196,109381.46,119333.18,-166.46,-137.18,-69.97,397.24,False,False,nan,True,0.7,84.36,99.82,True,0,IRREGULAR,1,0.84,0,657.9,256.6,375.7,0.85,14,60,102,30,60,1.0001624867990202,0.17320508075688776
2026-08-31T22:08:06.253,125325500,P024,heavy_pressure,QUALITY,,,,483,4877327,109202,119199,109377.88,119330.5,-175.88,-131.5,-85.35,391.0,False,False,nan,True,0.7,84.36,99.82,True,0,IRREGULAR,1,0.84,0,657.9,256.6,375.7,0.85,14,60,102,30,60,1.0001624867990202,0.17320508075688776
2026-08-31T22:08:06.265,125325515,P024,heavy_pressure,QUALITY,,,,484,4877367,109203,119148,109374.38,119326.85,-171.38,-178.85,-108.73,385.36,False,False,nan,True,0.7,84.36,99.82,True,0,IRREGULAR,1,0.84,0,657.9,256.6,375.7,0.85,14,60,102,30,60,1.0001624867990202,0.17320508075688776
2026-08-31T22:08:06.274,125325531,P024,heavy_pressure,QUALITY,,,,485,4877407,109091,119022,109368.71,119320.76,-277.71,-298.76,-156.23,380.77,False,False,nan,True,0.7,84.36,99.82,True,0,IRREGULAR,1,0.84,0,657.9,256.6,375.7,0.85,14,60,102,30,60,1.0001624867990202,0.17320508075688776
2026-08-31T22:08:06.307,125325562,P024,heavy_pressure,QUALITY,,,,486,4877447,108954,118836,109360.41,119311.06,-406.41,-475.06,-235.94,377.88,False,False,nan,True,0.7,84.36,99.82,True,0,IRREGULAR,1,0.84,0,657.9,256.6,375.7,0.85,14,60,102,30,60,1.0001624867990202,0.17320508075688776
2026-08-31T22:08:06.442,125325687,P024,heavy_pressure,QUALITY,,,,487,4877487,108980,118858,109352.8,119302.0,-372.8,-444.0,-287.96,376.08,False,False,nan,True,0.7,84.36,99.82,True,0,IRREGULAR,1,0.84,0,657.9,256.6,375.7,0.85,14,60,102,30,60,0.9992737362704976,0.17320508075688776
2026-08-31T22:08:06.453,125325703,P024,heavy_pressure,QUALITY,,,,488,4877527,109056,118894,109346.87,119293.84,-290.87,-399.84,-315.93,374.88,False,False,nan,True,0.7,84.36,99.82,True,0,IRREGULAR,1,0.84,0,657.9,256.6,375.7,0.85,14,60,102,30,60,0.9992737362704976,0.17320508075688776
2026-08-31T22:08:06.465,125325718,P024,heavy_pressure,QUALITY,,,,489,4877567,109007,118969,109340.07,119287.34,-333.07,-318.34,-316.53,373.71,False,False,nan,True,0.7,84.36,99.82,True,0,IRREGULAR,1,0.84,0,657.9,256.6,375.7,0.85,14,60,102,30,60,0.9992737362704976,0.17320508075688776
2026-08-31T22:08:06.473,125325718,P024,heavy_pressure,QUALITY,,,,490,4877607,109052,119007,109334.31,119281.73,-282.31,-274.73,-306.08,372.36,False,False,nan,True,0.7,84.36,99.82,True,0,IRREGULAR,1,0.84,0,657.9,256.6,375.7,0.85,14,60,102,30,60,0.9992737362704976,0.17320508075688776
2026-08-31T22:08:06.507,125325765,P024,heavy_pressure,QUALITY,,,,491,4877647,109016,118983,109327.95,119275.76,-311.95,-292.76,-302.75,370.96,False,False,nan,True,0.7,84.36,99.82,True,0,IRREGULAR,1,0.84,0,657.9,256.6,375.7,0.85,14,60,102,30,60,0.9992737362704976,0.17320508075688776
2026-08-31T22:08:06.642,125325890,P024,heavy_pressure,QUALITY,,,,492,4877687,109027,118997,109321.93,119270.18,-294.93,-273.18,-295.36,369.45,False,False,nan,True,0.7,84.36,99.82,True,0,IRREGULAR,1,0.84,0,657.9,256.6,375.7,0.85,14,60,102,30,60,0.9997609714326721,0.17320508075688776
2026-08-31T22:08:06.653,125325906,P024,heavy_pressure,QUALITY,,,,493,4877727,108998,119023,109315.45,119265.23,-317.45,-242.23,-282.08,367.7,False,False,nan,True,0.7,84.36,99.82,True,0,IRREGULAR,1,0.84,0,657.9,256.6,375.7,0.85,14,60,102,30,60,0.9997609714326721,0.17320508075688776
2026-08-31T22:08:06.667,125325921,P024,heavy_pressure,QUALITY,,,,494,4877767,109052,119059,109310.19,119261.11,-258.19,-202.11,-262.09,365.59,False,False,nan,True,0.7,84.36,99.82,True,0,IRREGULAR,1,0.84,0,657.9,256.6,375.7,0.85,14,60,102,30,60,0.9997609714326721,0.17320508075688776
2026-08-31T22:08:06.675,125325921,P024,heavy_pressure,QUALITY,,,,495,4877807,109040,119111,109304.78,119258.11,-264.78,-147.11,-233.34,362.95,False,False,nan,True,0.7,84.36,99.82,True,0,IRREGULAR,1,0.84,0,657.9,256.6,375.7,0.85,14,60,102,30,60,0.9997609714326721,0.17320508075688776
2026-08-31T22:08:06.707,125325953,P024,heavy_pressure,QUALITY,,,,496,4877847,109093,119148,109300.55,119255.91,-207.55,-107.91,-201.98,359.73,False,False,nan,True,0.7,84.36,99.82,True,0,IRREGULAR,1,0.84,0,657.9,256.6,375.7,0.85,14,60,102,30,60,0.9997609714326721,0.17320508075688776
2026-08-31T22:08:06.842,125326093,P024,heavy_pressure,QUALITY,,,,497,4877887,109100,119169,109296.54,119254.17,-196.54,-85.17,-172.78,355.99,False,False,nan,True,0.7,84.36,99.82,True,0,IRREGULAR,1,0.84,0,657.9,256.6,375.7,0.85,14,60,102,30,60,0.9997609714326721,0.17320508075688776
2026-08-31T22:08:06.853,125326109,P024,heavy_pressure,QUALITY,,,,498,4877927,109069,119186,109291.99,119252.8,-222.99,-66.8,-146.29,351.8,False,False,nan,True,0.7,84.36,99.82,True,0,IRREGULAR,1,0.84,0,657.9,256.6,375.7,0.85,14,60,102,30,60,0.9997609714326721,0.17320508075688776
2026-08-31T22:08:06.865,125326109,P024,heavy_pressure,QUALITY,,,,499,4877967,109103,119148,109288.21,119250.71,-185.21,-102.71,-135.39,347.47,False,False,nan,True,0.7,84.36,99.82,True,0,IRREGULAR,1,0.84,0,657.9,256.6,375.7,0.85,14,60,102,30,60,0.9997609714326721,0.17320508075688776
2026-08-31T22:08:06.873,125326125,P024,heavy_pressure,QUALITY,,,,500,4878007,109018,119041,109282.8,119246.52,-264.8,-205.52,-152.92,343.58,False,False,nan,True,0.7,84.36,99.82,True,0,IRREGULAR,1,0.84,0,657.9,256.6,375.7,0.85,14,60,102,30,60,0.9997609714326721,0.17320508075688776
2026-08-31T22:08:06.907,125326156,P024,heavy_pressure,QUALITY,,,,501,4878047,108982,118941,109276.79,119240.41,-294.79,-299.41,-189.54,340.5,False,False,nan,True,0.7,84.36,99.82,True,0,IRREGULAR,1,0.84,0,657.9,256.6,375.7,0.85,14,60,102,30,60,0.9997609714326721,0.17320508075688776
2026-08-31T22:08:07.042,125326296,P024,heavy_pressure,QUALITY,,,,502,4878087,108890,118820,109269.05,119232.0,-379.05,-412.0,-245.16,338.59,False,False,nan,True,0.7,84.36,99.82,True,0,IRREGULAR,1,0.84,0,657.9,256.6,375.7,0.85,14,60,102,30,60,0.9992737362704976,0.17320508075688776
2026-08-31T22:08:07.054,125326312,P024,heavy_pressure,QUALITY,,,,503,4878127,108802,118575,109259.71,119218.86,-457.71,-643.86,-344.83,338.71,False,False,nan,True,0.7,84.36,99.82,True,0,IRREGULAR,1,0.84,0,657.9,256.6,375.7,0.85,14,60,102,30,60,0.9992737362704976,0.17320508075688776
2026-08-31T22:08:07.065,125326312,P024,heavy_pressure,QUALITY,,,,504,4878167,108814,118568,109250.8,119205.84,-436.8,-637.84,-418.09,340.3,False,False,nan,True,0.7,84.36,99.82,True,0,IRREGULAR,1,0.84,0,657.9,256.6,375.7,0.85,14,60,102,30,60,0.9992737362704976,0.17320508075688776
2026-08-31T22:08:07.073,125326328,P024,heavy_pressure,QUALITY,,,,505,4878207,108859,118635,109242.96,119194.43,-383.96,-559.43,-453.42,342.56,False,False,nan,True,0.7,84.36,99.82,True,0,IRREGULAR,1,0.84,0,657.9,256.6,375.7,0.85,14,60,102,30,60,0.9992737362704976,0.17320508075688776
2026-08-31T22:08:07.108,125326359,P024,heavy_pressure,QUALITY,,,,506,4878247,108890,118718,109235.9,119184.9,-345.9,-466.9,-456.79,344.85,False,False,nan,True,0.7,84.36,99.82,True,0,IRREGULAR,1,0.84,0,657.9,256.6,375.7,0.85,14,60,102,30,60,0.9992737362704976,0.17320508075688776
2026-08-31T22:08:07.242,125326500,P024,heavy_pressure,QUALITY,,,,507,4878287,108940,118777,109229.98,119176.74,-289.98,-399.74,-442.53,346.8,False,False,nan,True,0.7,84.36,99.82,True,0,IRREGULAR,1,0.84,0,657.9,256.6,375.7,0.85,14,60,102,30,60,1.0001624867990202,0.17320508075688776
2026-08-31T22:08:07.253,125326500,P024,heavy_pressure,QUALITY,,,,508,4878327,108964,118806,109224.66,119169.33,-260.66,-363.33,-422.73,348.32,False,False,nan,True,0.7,84.36,99.82,True,0,IRREGULAR,1,0.84,0,657.9,256.6,375.7,0.85,14,60,102,30,60,1.0001624867990202,0.17320508075688776
2026-08-31T22:08:07.265,125326515,P024,heavy_pressure,QUALITY,,,,509,4878367,108956,118769,109219.29,119161.32,-263.29,-392.32,-415.13,349.66,False,False,nan,True,0.7,84.36,99.82,True,0,IRREGULAR,1,0.84,0,657.9,256.6,375.7,0.85,14,60,102,30,60,1.0001624867990202,0.17320508075688776
2026-08-31T22:08:07.274,125326531,P024,heavy_pressure,QUALITY,,,,510,4878407,108927,118739,109213.45,119152.88,-286.45,-413.88,-414.81,350.96,False,False,nan,True,0.7,84.36,99.82,True,0,IRREGULAR,1,0.84,0,657.9,256.6,375.7,0.85,14,60,102,30,60,1.0001624867990202,0.17320508075688776
2026-08-31T22:08:07.307,125326562,P024,heavy_pressure,QUALITY,,,,511,4878447,108942,118766,109208.02,119145.14,-266.02,-379.14,-405.9,352.06,False,False,nan,True,0.7,84.36,99.82,True,0,IRREGULAR,1,0.84,0,657.9,256.6,375.7,0.85,14,60,102,30,60,1.0001624867990202,0.17320508075688776
2026-08-31T22:08:07.442,125326687,P024,heavy_pressure,QUALITY,,,,512,4878487,108950,118789,109202.85,119138.02,-252.85,-349.02,-391.68,352.85,False,False,nan,True,0.7,84.36,99.82,True,0,IRREGULAR,1,0.84,0,657.9,256.6,375.7,0.85,14,60,102,30,60,0.9992737362704976,0.17320508075688776
2026-08-31T22:08:07.453,125326703,P024,heavy_pressure,QUALITY,,,,513,4878527,108982,118838,109198.44,119132.02,-216.44,-294.02,-367.26,353.14,False,False,nan,True,0.7,84.36,99.82,True,0,IRREGULAR,1,0.84,0,657.9,256.6,375.7,0.85,14,60,102,30,60,0.9992737362704976,0.17320508075688776
2026-08-31T22:08:07.465,125326718,P024,heavy_pressure,QUALITY,,,,514,4878567,108966,118839,109193.79,119126.16,-227.79,-287.16,-347.23,353.02,False,False,nan,True,0.7,84.36,99.82,True,0,IRREGULAR,1,0.84,0,657.9,256.6,375.7,0.85,14,60,102,30,60,0.9992737362704976,0.17320508075688776
2026-08-31T22:08:07.474,125326718,P024,heavy_pressure,QUALITY,,,,515,4878607,108957,118836,109189.05,119120.35,-232.05,-284.35,-331.51,352.59,False,False,nan,True,0.7,84.36,99.82,True,0,IRREGULAR,1,0.84,0,657.9,256.6,375.7,0.85,14,60,102,30,60,0.9992737362704976,0.17320508075688776
2026-08-31T22:08:07.507,125326765,P024,heavy_pressure,QUALITY,,,,516,4878647,108983,118852,109184.94,119114.98,-201.94,-262.98,-314.38,351.83,False,False,nan,True,0.7,84.36,99.82,True,0,IRREGULAR,1,0.84,0,657.9,256.6,375.7,0.85,14,60,102,30,60,0.9992737362704976,0.17320508075688776
2026-08-31T22:08:07.643,125326890,P024,heavy_pressure,QUALITY,,,,517,4878687,108958,118846,109180.4,119109.6,-222.4,-263.6,-301.69,350.82,False,False,nan,True,0.7,84.36,99.82,True,0,IRREGULAR,1,0.84,0,657.9,256.6,375.7,0.85,14,60,102,30,60,0.9990540525917504,0.17320508075688776
2026-08-31T22:08:07.653,125326906,P024,heavy_pressure,QUALITY,,,,518,4878727,108917,118778,109175.13,119102.97,-258.13,-324.97,-307.51,349.96,False,False,nan,True,0.7,84.36,99.82,True,0,IRREGULAR,1,0.84,0,657.9,256.6,375.7,0.85,14,60,102,30,60,0.9990540525917504,0.17320508075688776
2026-08-31T22:08:07.665,125326921,P024,heavy_pressure,QUALITY,,,,519,4878767,108832,118582,109168.27,119092.55,-336.27,-510.55,-358.27,350.12,False,False,nan,True,0.7,84.36,99.82,True,0,IRREGULAR,1,0.84,0,657.9,256.6,375.7,0.85,14,60,102,30,60,0.9990540525917504,0.17320508075688776
2026-08-31T22:08:07.673,125326921,P024,heavy_pressure,QUALITY,,,,520,4878807,108805,118540,109161.01,119081.49,-356.01,-541.49,-404.07,351.2,False,False,nan,True,0.7,84.36,99.82,True,0,IRREGULAR,1,0.84,0,657.9,256.6,375.7,0.85,14,60,102,30,60,0.9990540525917504,0.17320508075688776
2026-08-31T22:08:07.707,125326953,P024,heavy_pressure,QUALITY,,,,521,4878847,108829,118599,109154.37,119071.84,-325.37,-472.84,-421.27,352.6,False,False,nan,True,0.7,84.36,99.82,True,0,IRREGULAR,1,0.84,0,657.9,256.6,375.7,0.85,14,60,102,30,60,0.9990540525917504,0.17320508075688776
2026-08-31T22:08:07.842,125327093,P024,heavy_pressure,QUALITY,,,,522,4878887,108860,118680,109148.48,119064.01,-288.48,-384.01,-411.95,353.79,False,False,nan,True,0.7,84.36,99.82,True,0,IRREGULAR,1,0.84,0,657.9,256.6,375.7,0.85,14,60,102,30,60,1.0001624867990202,0.17320508075688776
2026-08-31T22:08:07.853,125327109,P024,heavy_pressure,QUALITY,,,,523,4878927,108870,118726,109142.91,119057.25,-272.91,-331.25,-391.78,354.55,False,False,nan,True,0.7,84.36,99.82,True,0,IRREGULAR,1,0.84,0,657.9,256.6,375.7,0.85,14,60,102,30,60,1.0001624867990202,0.17320508075688776
2026-08-31T22:08:07.865,125327109,P024,heavy_pressure,QUALITY,,,,524,4878967,108878,118744,109137.61,119050.98,-259.61,-306.98,-370.58,354.87,False,False,nan,True,0.7,84.36,99.82,True,0,IRREGULAR,1,0.84,0,657.9,256.6,375.7,0.85,14,60,102,30,60,1.0001624867990202,0.17320508075688776
2026-08-31T22:08:07.874,125327125,P024,heavy_pressure,QUALITY,,,,525,4879007,108864,118706,109132.14,119044.09,-268.14,-338.09,-362.46,355.02,False,False,nan,True,0.7,84.36,99.82,True,0,IRREGULAR,1,0.84,0,657.9,256.6,375.7,0.85,14,60,102,30,60,1.0001624867990202,0.17320508075688776
2026-08-31T22:08:07.907,125327156,P024,heavy_pressure,QUALITY,,,,526,4879047,108848,118677,109126.46,119036.74,-278.46,-359.74,-361.78,355.16,False,False,nan,True,0.7,84.36,99.82,True,0,IRREGULAR,1,0.84,0,657.9,256.6,375.7,0.85,14,60,102,30,60,1.0001624867990202,0.17320508075688776
2026-08-31T22:08:08.041,125327296,P024,heavy_pressure,QUALITY,,,,527,4879087,108857,118711,109121.07,119030.23,-264.07,-319.23,-351.14,355.08,False,False,nan,True,0.7,84.36,99.82,True,0,IRREGULAR,1,0.84,0,657.9,256.6,375.7,0.85,14,60,102,30,60,1.0001624867990202,0.17320508075688776
2026-08-31T22:08:08.053,125327296,P024,heavy_pressure,QUALITY,,,,528,4879127,108874,118757,109116.13,119024.77,-242.13,-267.77,-330.3,354.58,False,False,nan,True,0.7,84.36,99.82,True,0,IRREGULAR,1,0.84,0,657.9,256.6,375.7,0.85,14,60,102,30,60,1.0001624867990202,0.17320508075688776
2026-08-31T22:08:08.065,125327312,P024,heavy_pressure,QUALITY,,,,529,4879167,108899,118801,109111.79,119020.29,-212.79,-219.29,-302.54,353.54,False,False,nan,True,0.7,84.36,99.82,True,0,IRREGULAR,1,0.84,0,657.9,256.6,375.7,0.85,14,60,102,30,60,1.0001624867990202,0.17320508075688776
2026-08-31T22:08:08.074,125327328,P024,heavy_pressure,QUALITY,,,,530,4879207,108895,118810,109107.45,119016.09,-212.45,-206.09,-278.43,352.04,False,False,nan,True,0.7,84.36,99.82,True,0,IRREGULAR,1,0.84,0,657.9,256.6,375.7,0.85,14,60,102,30,60,1.0001624867990202,0.17320508075688776
2026-08-31T22:08:08.106,125327359,P024,heavy_pressure,QUALITY,,,,531,4879247,108886,118815,109103.02,119012.06,-217.02,-197.06,-258.09,350.16,False,False,nan,True,0.7,84.36,99.82,True,0,IRREGULAR,1,0.84,0,657.9,256.6,375.7,0.85,14,60,102,30,60,1.0001624867990202,0.17320508075688776
2026-08-31T22:08:08.242,125327500,P024,heavy_pressure,QUALITY,,,,532,4879287,108885,118817,109098.66,119008.16,-213.66,-191.16,-241.36,347.98,False,False,nan,True,0.7,84.36,99.82,True,0,IRREGULAR,1,0.84,0,657.9,256.6,375.7,0.85,14,60,102,30,60,0.9992737362704976,0.17320508075688776
2026-08-31T22:08:08.253,125327500,P024,heavy_pressure,QUALITY,,,,533,4879327,108882,118825,109094.33,119004.5,-212.33,-179.5,-225.89,345.54,False,False,nan,True,0.7,84.36,99.82,True,0,IRREGULAR,1,0.84,0,657.9,256.6,375.7,0.85,14,60,102,30,60,0.9992737362704976,0.17320508075688776
2026-08-31T22:08:08.265,125327515,P024,heavy_pressure,QUALITY,,,,534,4879367,108863,118795,109089.7,119000.31,-226.7,-205.31,-220.75,343.05,False,False,nan,True,0.7,84.36,99.82,True,0,IRREGULAR,1,0.84,0,657.9,256.6,375.7,0.85,14,60,102,30,60,0.9992737362704976,0.17320508075688776
2026-08-31T22:08:08.274,125327531,P024,heavy_pressure,QUALITY,,,,535,4879407,108778,118600,109083.47,118992.3,-305.47,-392.3,-263.64,341.46,False,False,nan,True,0.7,84.36,99.82,True,0,IRREGULAR,1,0.84,0,657.9,256.6,375.7,0.85,14,60,102,30,60,0.9992737362704976,0.17320508075688776
2026-08-31T22:08:08.307,125327562,P024,heavy_pressure,QUALITY,,,,536,4879447,108726,118495,109076.32,118982.36,-350.32,-487.36,-319.57,341.02,False,False,nan,True,0.7,84.36,99.82,True,0,IRREGULAR,1,0.84,0,657.9,256.6,375.7,0.85,14,60,102,30,60,0.9992737362704976,0.17320508075688776
2026-08-31T22:08:08.442,125327687,P024,heavy_pressure,QUALITY,,,,537,4879487,108725,118527,109069.3,118973.25,-344.3,-446.25,-351.24,341.22,False,False,nan,True,0.7,84.36,99.82,True,0,IRREGULAR,1,0.84,0,657.9,256.6,375.7,0.85,14,60,102,30,60,0.9997609714326721,0.17320508075688776
2026-08-31T22:08:08.454,125327703,P024,heavy_pressure,QUALITY,,,,538,4879527,108758,118603,109063.07,118965.84,-305.07,-362.84,-354.14,341.48,False,False,nan,True,0.7,84.36,99.82,True,0,IRREGULAR,1,0.84,0,657.9,256.6,375.7,0.85,14,60,102,30,60,0.9997609714326721,0.17320508075688776
2026-08-31T22:08:08.465,125327718,P024,heavy_pressure,QUALITY,,,,539,4879567,108783,118672,109057.47,118959.97,-274.47,-287.97,-337.6,341.4,False,False,nan,True,0.7,84.36,99.82,True,0,IRREGULAR,1,0.84,0,657.9,256.6,375.7,0.85,14,60,102,30,60,0.9997609714326721,0.17320508075688776
2026-08-31T22:08:08.474,125327718,P024,heavy_pressure,QUALITY,,,,540,4879607,108766,118638,109051.64,118953.53,-285.64,-315.53,-332.08,341.22,False,False,nan,True,0.7,84.36,99.82,True,0,IRREGULAR,1,0.84,0,657.9,256.6,375.7,0.85,14,60,102,30,60,0.9997609714326721,0.17320508075688776
2026-08-31T22:08:08.507,125327765,P024,heavy_pressure,QUALITY,,,,541,4879647,108664,118480,109043.89,118944.06,-379.89,-464.06,-365.08,341.7,False,False,nan,True,0.7,84.36,99.82,True,0,IRREGULAR,1,0.84,0,657.9,256.6,375.7,0.85,14,60,102,30,60,0.9997609714326721,0.17320508075688776
2026-08-31T22:08:08.642,125327890,P024,heavy_pressure,QUALITY,,,,542,4879687,108650,118444,109036.02,118934.06,-386.02,-490.06,-396.32,342.79,False,False,nan,True,0.7,84.36,99.82,True,0,IRREGULAR,1,0.84,0,657.9,256.6,375.7,0.85,14,60,102,30,60,0.9997609714326721,0.17320508075688776
2026-08-31T22:08:08.654,125327906,P024,heavy_pressure,QUALITY,,,,543,4879727,108663,118398,109028.55,118923.34,-365.55,-525.34,-428.58,344.5,False,False,nan,True,0.7,84.36,99.82,True,0,IRREGULAR,1,0.84,0,657.9,256.6,375.7,0.85,14,60,102,30,60,0.9997609714326721,0.17320508075688776
2026-08-31T22:08:08.665,125327921,P024,heavy_pressure,QUALITY,,,,544,4879767,108696,118411,109021.91,118913.09,-325.91,-502.09,-446.96,346.55,False,False,nan,True,0.7,84.36,99.82,True,0,IRREGULAR,1,0.84,0,657.9,256.6,375.7,0.85,14,60,102,30,60,0.9997609714326721,0.17320508075688776
2026-08-31T22:08:08.673,125327921,P024,heavy_pressure,QUALITY,,,,545,4879807,108734,118415,109016.15,118903.13,-282.15,-488.13,-457.25,348.77,False,False,nan,True,0.7,84.36,99.82,True,0,IRREGULAR,1,0.84,0,657.9,256.6,375.7,0.85,14,60,102,30,60,0.9997609714326721,0.17320508075688776
2026-08-31T22:08:08.707,125327953,P024,heavy_pressure,QUALITY,,,,546,4879847,108793,118439,109011.69,118893.85,-218.69,-454.85,-456.65,350.92,False,False,nan,True,0.7,84.36,99.82,True,0,IRREGULAR,1,0.84,0,657.9,256.6,375.7,0.85,14,60,102,30,60,0.9997609714326721,0.17320508075688776
2026-08-31T22:08:08.843,125328093,P024,heavy_pressure,QUALITY,,,,547,4879887,108843,118460,109008.31,118885.17,-165.31,-425.17,-448.78,352.88,False,False,nan,True,0.7,84.36,99.82,True,0,IRREGULAR,1,0.84,0,657.9,256.6,375.7,0.85,14,60,102,30,60,0.9992737362704976,0.17320508075688776
2026-08-31T22:08:08.853,125328109,P024,heavy_pressure,QUALITY,,,,548,4879927,108910,118492,109006.34,118877.3,-96.34,-385.3,-432.91,354.48,False,False,nan,True,0.7,84.36,99.82,True,0,IRREGULAR,1,0.84,0,657.9,256.6,375.7,0.85,14,60,102,30,60,0.9992737362704976,0.17320508075688776
2026-08-31T22:08:08.865,125328109,P024,heavy_pressure,QUALITY,,,,549,4879967,108998,118539,109006.18,118870.54,-8.18,-331.54,-407.57,355.54,False,False,nan,True,0.7,84.36,99.82,True,0,IRREGULAR,1,0.84,0,657.9,256.6,375.7,0.85,14,60,102,30,60,0.9992737362704976,0.17320508075688776
2026-08-31T22:08:08.873,125328125,P024,heavy_pressure,QUALITY,,,,550,4880007,109108,118633,109008.22,118865.79,99.78,-232.79,-363.87,355.71,False,False,nan,True,0.7,84.36,99.82,True,0,IRREGULAR,1,0.84,0,657.9,256.6,375.7,0.85,14,60,102,30,60,0.9992737362704976,0.17320508075688776
2026-08-31T22:08:08.907,125328156,P024,heavy_pressure,QUALITY,,,,551,4880047,109218,118704,109012.41,118862.55,205.59,-158.55,-312.54,354.85,False,False,nan,True,0.7,84.36,99.82,True,0,IRREGULAR,1,0.84,0,657.9,256.6,375.7,0.85,14,60,102,30,60,0.9992737362704976,0.17320508075688776
2026-08-31T22:08:09.042,125328296,P024,heavy_pressure,QUALITY,,,,552,4880087,109259,118672,109017.34,118858.74,241.66,-186.74,-281.09,353.37,False,False,nan,True,0.7,84.36,99.82,True,0,COLLECTING,0,,0,,,,,11,60,102,30,60,0.9997609714326721,0.17320508075688776
2026-08-31T22:08:09.053,125328296,P024,heavy_pressure,QUALITY,,,,553,4880127,109303,118598,109023.05,118853.53,279.95,-255.53,-274.7,351.8,False,False,nan,True,0.7,84.36,99.82,True,0,COLLECTING,0,,0,,,,,11,60,102,30,60,0.9997609714326721,0.17320508075688776
2026-08-31T22:08:09.065,125328312,P024,heavy_pressure,QUALITY,,,,554,4880167,109418,118702,109030.95,118850.5,387.05,-148.5,-243.15,349.63,False,False,nan,True,0.7,84.36,99.82,True,0,COLLECTING,0,,0,,,,,11,60,102,30,60,0.9997609714326721,0.17320508075688776
2026-08-31T22:08:09.075,125328328,P024,heavy_pressure,QUALITY,,,,555,4880207,109549,118852,109041.31,118850.53,507.69,1.47,-182.0,346.27,False,False,nan,True,0.7,84.36,99.82,True,0,COLLECTING,0,,0,,,,,11,60,102,30,60,0.9997609714326721,0.17320508075688776
2026-08-31T22:08:09.107,125328359,P024,heavy_pressure,QUALITY,,,,556,4880247,109669,118984,109053.87,118853.2,615.13,130.8,-103.8,341.42,False,False,nan,True,0.7,84.36,99.82,True,0,COLLECTING,0,,0,,,,,11,60,102,30,60,0.9997609714326721,0.17320508075688776
2026-08-31T22:08:09.243,125328500,P024,heavy_pressure,QUALITY,,,,557,4880287,109754,119079,109067.87,118857.72,686.13,221.28,-22.53,335.05,False,False,nan,True,0.7,84.36,99.82,True,0,COLLECTING,0,,0,,,,,11,60,102,30,60,0.9997609714326721,0.17320508075688776
2026-08-31T22:08:09.253,125328500,P024,heavy_pressure,QUALITY,,,,558,4880327,109821,119121,109082.93,118862.98,738.07,258.02,47.61,329.3,False,False,nan,True,0.7,84.36,99.82,True,0,COLLECTING,0,,0,,,,,11,60,102,30,60,0.9997609714326721,0.17320508075688776
2026-08-31T22:08:09.261,125328515,P024,heavy_pressure,QUALITY,,,,559,4880367,109907,119193,109099.41,118869.59,807.59,323.41,116.56,325.04,False,False,nan,True,0.7,84.36,99.82,True,0,COLLECTING,0,,0,,,,,11,60,102,30,60,0.9997609714326721,0.17320508075688776
2026-08-31T22:08:09.272,125328515,P024,heavy_pressure,QUALITY,,,,560,4880407,110013,119290,109117.69,118877.99,895.31,412.01,190.42,322.35,False,False,nan,True,0.7,84.36,99.82,True,0,COLLECTING,0,,0,,,,,11,60,102,30,60,0.9997609714326721,0.17320508075688776
2026-08-31T22:08:09.307,125328562,P024,heavy_pressure,QUALITY,,,,561,4880447,110133,119393,109137.99,118888.29,995.01,504.71,268.99,321.28,False,False,nan,True,0.7,84.36,99.82,True,0,COLLECTING,0,,0,,,,,11,60,102,30,60,0.9997609714326721,0.17320508075688776
2026-08-31T22:08:09.441,125328687,P024,heavy_pressure,QUALITY,,,,562,4880487,110219,119494,109159.61,118900.41,1059.39,593.59,350.14,321.86,False,False,nan,True,0.7,84.36,99.82,True,0,COLLECTING,0,,0,,,,,11,60,102,30,60,0.9997609714326721,0.17320508075688776
2026-08-31T22:08:09.453,125328703,P024,heavy_pressure,QUALITY,,,,563,4880527,110294,119574,109182.3,118913.88,1111.7,660.12,427.64,323.98,False,False,nan,True,0.7,84.36,99.82,True,0,COLLECTING,0,,0,,,,,11,60,102,30,60,0.9997609714326721,0.17320508075688776
2026-08-31T22:08:09.465,125328718,P024,heavy_pressure,QUALITY,,,,564,4880567,110370,119659,109206.05,118928.78,1163.95,730.22,503.28,327.56,False,False,nan,True,0.7,84.36,99.82,True,0,COLLECTING,0,,0,,,,,11,60,102,30,60,0.9997609714326721,0.17320508075688776
2026-08-31T22:08:09.473,125328718,P024,heavy_pressure,QUALITY,,,,565,4880607,110417,119705,109230.27,118944.3,1186.73,760.7,567.64,332.36,False,False,nan,True,0.7,84.36,99.82,True,0,COLLECTING,0,,0,,,,,11,60,102,30,60,0.9997609714326721,0.17320508075688776
2026-08-31T22:08:09.508,125328765,P024,heavy_pressure,QUALITY,,,,566,4880647,110468,119768,109255.03,118960.78,1212.97,807.22,627.53,338.27,False,False,nan,True,0.7,84.36,99.82,True,0,COLLECTING,0,,0,,,,,11,60,102,30,60,0.9997609714326721,0.17320508075688776
2026-08-31T22:08:09.643,125328890,P024,heavy_pressure,QUALITY,,,,567,4880687,110547,119863,109280.87,118978.83,1266.13,884.17,691.69,345.34,False,False,nan,True,0.7,84.36,99.82,True,0,COLLECTING,0,,0,,,,,10,60,102,30,60,1.0001624867990202,0.17320508075688776
2026-08-31T22:08:09.653,125328906,P024,heavy_pressure,QUALITY,,,,568,4880727,110715,120078,109309.55,119000.81,1405.45,1077.19,788.07,354.19,False,False,nan,True,0.7,84.36,99.82,True,0,COLLECTING,0,,0,,,,,10,60,102,30,60,1.0001624867990202,0.17320508075688776
2026-08-31T22:08:09.664,125328921,P024,heavy_pressure,QUALITY,,,,569,4880767,110931,120361,109341.98,119028.02,1589.02,1332.98,924.3,365.59,False,False,nan,True,0.7,84.36,99.82,True,0,COLLECTING,0,,0,,,,,10,60,102,30,60,1.0001624867990202,0.17320508075688776
2026-08-31T22:08:09.673,125328921,P024,heavy_pressure,QUALITY,,,,570,4880807,111037,120478,109375.88,119057.02,1661.12,1420.98,1048.47,379.25,False,False,nan,True,0.7,84.36,99.82,True,0,COLLECTING,0,,0,,,,,10,60,102,30,60,1.0001624867990202,0.17320508075688776
2026-08-31T22:08:09.706,125328953,P024,heavy_pressure,QUALITY,,,,571,4880847,111006,120379,109408.48,119083.45,1597.52,1295.55,1110.24,393.87,False,False,nan,True,0.7,84.36,99.82,True,0,COLLECTING,0,,0,,,,,10,60,102,30,60,1.0001624867990202,0.17320508075688776
2026-08-31T22:08:09.843,125329093,P024,heavy_pressure,QUALITY,,,,572,4880887,111049,120409,109441.29,119109.96,1607.71,1299.04,1157.44,409.14,False,False,nan,True,0.7,84.36,99.82,True,0,COLLECTING,0,,0,,,,,10,60,102,30,60,1.0001624867990202,0.17320508075688776
2026-08-31T22:08:09.853,125329109,P024,heavy_pressure,QUALITY,,,,573,4880927,111101,120491,109474.48,119137.58,1626.52,1353.42,1206.43,425.09,False,False,nan,True,0.7,84.36,99.82,True,0,COLLECTING,0,,0,,,,,10,60,102,30,60,1.0001624867990202,0.17320508075688776
2026-08-31T22:08:09.865,125329109,P024,heavy_pressure,QUALITY,,,,574,4880967,111150,120551,109507.99,119165.84,1642.01,1385.16,1251.11,441.61,False,False,nan,True,0.7,84.36,99.82,True,0,COLLECTING,0,,0,,,,,10,60,102,30,60,1.0001624867990202,0.17320508075688776
2026-08-31T22:08:09.873,125329125,P024,heavy_pressure,QUALITY,,,,575,4881007,111189,120586,109541.61,119194.25,1647.39,1391.75,1286.27,458.5,False,False,nan,True,0.7,84.36,99.82,True,0,COLLECTING,0,,0,,,,,10,60,102,30,60,1.0001624867990202,0.17320508075688776
2026-08-31T22:08:09.907,125329156,P024,heavy_pressure,QUALITY,,,,576,4881047,111226,120590,109575.3,119222.16,1650.7,1367.84,1306.66,475.46,False,False,nan,True,0.7,84.36,99.82,True,0,COLLECTING,0,,0,,,,,10,60,102,30,60,1.0001624867990202,0.17320508075688776
2026-08-31T22:08:10.042,125329296,P024,heavy_pressure,QUALITY,,,,577,4881087,111303,120622,109609.85,119250.16,1693.15,1371.84,1322.96,492.41,False,False,nan,True,0.7,84.36,99.82,True,0,COLLECTING,0,,0,,,,,10,60,102,30,60,0.9992737362704976,0.17320508075688776
2026-08-31T22:08:10.053,125329296,P024,heavy_pressure,QUALITY,,,,578,4881127,111440,120733,109646.45,119279.82,1793.55,1453.18,1355.51,509.68,False,False,nan,True,0.7,84.36,99.82,True,0,COLLECTING,0,,0,,,,,10,60,102,30,60,0.9992737362704976,0.17320508075688776
2026-08-31T22:08:10.064,125329312,P024,heavy_pressure,QUALITY,,,,579,4881167,111560,120759,109684.73,119309.41,1875.27,1449.59,1379.03,527.06,False,False,nan,True,0.7,84.36,76.48,True,0,COLLECTING,0,,0,,,,,10,60,102,30,60,0.9992737362704976,0.17320508075688776
2026-08-31T22:08:10.074,125329328,P024,heavy_pressure,QUALITY,,,,580,4881207,111543,120702,109721.89,119337.26,1821.11,1364.74,1375.46,544.03,True,False,nan,True,0.7,84.36,76.48,True,0,COLLECTING,0,,0,,,,,10,60,102,30,60,0.9992737362704976,0.17320508075688776
2026-08-31T22:08:10.106,125329359,P024,heavy_pressure,QUALITY,,,,581,4881247,111542,120690,109758.29,119364.31,1783.71,1325.69,1363.02,560.41,False,False,nan,True,0.7,84.36,76.48,True,0,COLLECTING,0,,0,,,,,10,60,102,30,60,0.9992737362704976,0.17320508075688776
2026-08-31T22:08:10.243,125329500,P024,heavy_pressure,QUALITY,,,,582,4881287,111561,120695,109794.34,119390.93,1766.66,1304.07,1348.28,576.17,False,False,nan,True,0.7,84.36,76.48,True,0,COLLECTING,0,,0,,,,,10,60,102,30,60,0.9997609714326721,0.17320508075688776
2026-08-31T22:08:10.253,125329500,P024,heavy_pressure,QUALITY,,,,583,4881327,111549,120690,109829.44,119416.91,1719.56,1273.09,1329.48,591.23,False,False,nan,True,0.7,84.36,76.48,True,0,COLLECTING,0,,0,,,,,10,60,102,30,60,0.9997609714326721,0.17320508075688776
2026-08-31T22:08:10.265,125329515,P024,heavy_pressure,QUALITY,,,,584,4881367,111508,120621,109863.01,119440.99,1644.99,1180.01,1292.11,605.25,False,False,nan,True,0.7,84.36,76.48,True,0,COLLECTING,0,,0,,,,,10,60,102,30,60,0.9997609714326721,0.17320508075688776
2026-08-31T22:08:10.273,125329531,P024,heavy_pressure,QUALITY,,,,585,4881407,111395,120504,109893.65,119462.25,1501.35,1041.75,1229.52,617.74,False,False,nan,True,0.7,84.36,76.48,True,0,COLLECTING,0,,0,,,,,10,60,102,30,60,0.9997609714326721,0.17320508075688776
2026-08-31T22:08:10.307,125329562,P024,heavy_pressure,QUALITY,,,,586,4881447,111251,120323,109920.8,119479.47,1330.2,843.53,1133.02,628.04,False,False,nan,True,0.7,84.36,76.48,True,0,COLLECTING,0,,0,,,,,10,60,102,30,60,0.9997609714326721,0.17320508075688776
2026-08-31T22:08:10.442,125329687,P024,heavy_pressure,QUALITY,,,,587,4881487,111152,120244,109945.42,119494.76,1206.58,749.24,1037.08,636.22,False,False,nan,True,0.7,84.36,76.48,True,0,COLLECTING,0,,0,,,,,9,60,102,30,60,0.9997609714326721,0.17320508075688776
2026-08-31T22:08:10.454,125329703,P024,heavy_pressure,QUALITY,,,,588,4881527,111120,120225,109968.91,119509.36,1151.09,715.64,956.72,642.63,False,False,nan,True,0.7,84.36,76.48,True,0,COLLECTING,0,,0,,,,,9,60,102,30,60,0.9997609714326721,0.17320508075688776
2026-08-31T22:08:10.464,125329718,P024,heavy_pressure,QUALITY,,,,589,4881567,111104,120221,109991.62,119523.59,1112.38,697.41,891.89,647.62,False,False,nan,True,0.7,84.36,76.48,True,0,COLLECTING,0,,0,,,,,9,60,102,30,60,0.9997609714326721,0.17320508075688776
2026-08-31T22:08:10.473,125329718,P024,heavy_pressure,QUALITY,,,,590,4881607,111014,120093,110012.06,119534.98,1001.94,558.02,808.42,650.83,False,False,nan,True,0.7,84.36,76.48,True,0,COLLECTING,0,,0,,,,,9,60,102,30,60,0.9997609714326721,0.17320508075688776
2026-08-31T22:08:10.506,125329750,P024,heavy_pressure,QUALITY,,,,591,4881647,110905,119892,110029.92,119542.12,875.08,349.88,693.79,651.69,False,False,nan,True,0.7,84.36,76.48,True,0,COLLECTING,0,,0,,,,,9,60,102,30,60,0.9997609714326721,0.17320508075688776
2026-08-31T22:08:10.642,125329890,P024,heavy_pressure,QUALITY,,,,592,4881687,110891,119878,110047.14,119548.84,843.86,329.16,602.63,650.71,False,False,nan,True,0.7,84.36,76.48,True,0,COLLECTING,0,,0,,,,,9,60,102,30,60,0.9997609714326721,0.17320508075688776
2026-08-31T22:08:10.653,125329906,P024,heavy_pressure,QUALITY,,,,593,4881727,110901,119953,110064.22,119556.93,836.78,396.07,550.99,648.72,False,False,nan,True,0.7,84.36,76.48,True,0,COLLECTING,0,,0,,,,,9,60,102,30,60,0.9997609714326721,0.17320508075688776
2026-08-31T22:08:10.661,125329906,P024,heavy_pressure,QUALITY,,,,594,4881767,110937,120026,110081.67,119566.31,855.33,459.69,528.16,646.31,False,False,nan,True,0.7,84.36,76.48,True,0,COLLECTING,0,,0,,,,,9,60,102,30,60,0.9997609714326721,0.17320508075688776
2026-08-31T22:08:10.672,125329921,P024,heavy_pressure,QUALITY,,,,595,4881807,110967,120080,110099.38,119576.59,867.62,503.41,521.98,643.82,False,False,nan,True,0.7,84.36,76.48,True,0,COLLECTING,0,,0,,,,,9,60,102,30,60,0.9997609714326721,0.17320508075688776
2026-08-31T22:08:10.707,125329953,P024,heavy_pressure,QUALITY,,,,596,4881847,110963,120088,110116.65,119586.81,846.35,501.19,516.78,641.28,False,False,nan,True,0.7,84.36,76.48,True,0,COLLECTING,0,,0,,,,,9,60,102,30,60,0.9997609714326721,0.17320508075688776
2026-08-31T22:08:10.842,125330093,P024,heavy_pressure,QUALITY,,,,597,4881887,110949,120056,110133.3,119596.2,815.7,459.8,502.54,638.5,False,False,nan,True,0.7,84.36,76.48,True,0,COLLECTING,0,,0,,,,,9,60,102,30,60,1.0001624867990202,0.17320508075688776
2026-08-31T22:08:10.854,125330109,P024,heavy_pressure,QUALITY,,,,598,4881927,110924,120032,110149.11,119604.91,774.89,427.09,483.67,635.41,False,False,nan,True,0.7,84.36,76.48,True,0,COLLECTING,0,,0,,,,,9,60,102,30,60,1.0001624867990202,0.17320508075688776
2026-08-31T22:08:10.862,125330109,P024,heavy_pressure,QUALITY,,,,599,4881967,110921,120057,110164.55,119613.95,756.45,443.05,473.52,632.17,False,False,nan,True,0.7,84.36,76.48,True,0,COLLECTING,0,,0,,,,,9,60,102,30,60,1.0001624867990202,0.17320508075688776
2026-08-31T22:08:10.872,125330125,P024,heavy_pressure,QUALITY,,,,600,4882007,110922,120088,110179.7,119623.44,742.3,464.56,471.28,628.95,False,False,nan,True,0.7,84.36,76.48,True,0,COLLECTING,0,,0,,,,,9,60,102,30,60,1.0001624867990202,0.17320508075688776
2026-08-31T22:08:10.907,125330156,P024,heavy_pressure,QUALITY,,,,601,4882047,110933,120118,110194.76,119633.33,738.24,484.67,474.63,625.87,False,False,nan,True,0.7,84.36,76.48,True,0,COLLECTING,0,,0,,,,,9,60,102,30,60,1.0001624867990202,0.17320508075688776
2026-08-31T22:08:11.043,125330296,P024,heavy_pressure,QUALITY,,,,602,4882087,110925,120124,110209.36,119643.14,715.64,480.86,476.18,622.87,False,False,nan,True,0.7,84.36,76.48,True,0,COLLECTING,0,,0,,,,,9,60,102,30,60,0.9992737362704976,0.17320508075688776
2026-08-31T22:08:11.054,125330312,P024,heavy_pressure,QUALITY,,,,603,4882127,110927,120132,110223.71,119652.91,703.29,479.09,476.91,619.95,False,False,nan,True,0.7,84.36,76.48,True,0,COLLECTING,0,,0,,,,,9,60,102,30,60,0.9992737362704976,0.17320508075688776
2026-08-31T22:08:11.061,125330312,P024,heavy_pressure,QUALITY,,,,604,4882167,110906,120117,110237.36,119662.2,668.64,454.8,471.38,616.98,True,True,960.0,True,0.7748,92.13,76.48,True,0,COLLECTING,0,,0,,,,,9,60,102,30,60,0.9992737362704976,0.17320508075688776
2026-08-31T22:08:11.073,125330328,P024,heavy_pressure,QUALITY,,,,605,4882207,110895,120126,110250.52,119671.47,644.48,454.53,467.17,613.99,False,False,nan,True,0.7748,92.13,76.48,True,0,COLLECTING,0,,0,,,,,9,60,102,30,60,0.9992737362704976,0.17320508075688776
2026-08-31T22:08:11.106,125330359,P024,heavy_pressure,QUALITY,,,,606,4882247,110895,120113,110263.41,119680.3,631.59,432.7,458.55,610.88,False,False,nan,True,0.7748,92.13,76.48,True,0,COLLECTING,0,,0,,,,,9,60,102,30,60,0.9992737362704976,0.17320508075688776
2026-08-31T22:08:11.243,125330500,P024,heavy_pressure,QUALITY,,,,607,4882287,110857,120108,110275.28,119688.85,581.72,419.15,448.7,607.63,False,False,nan,True,0.7748,92.13,76.48,True,0,COLLECTING,0,,0,,,,,10,60,102,30,60,0.9997609714326721,0.17320508075688776
2026-08-31T22:08:11.253,125330500,P024,heavy_pressure,QUALITY,,,,608,4882327,110859,120115,110286.95,119697.38,572.05,417.62,440.93,604.3,False,False,nan,True,0.7748,92.13,76.48,True,0,COLLECTING,0,,0,,,,,10,60,102,30,60,0.9997609714326721,0.17320508075688776
2026-08-31T22:08:11.261,125330515,P024,heavy_pressure,QUALITY,,,,609,4882367,110848,120125,110298.17,119705.93,549.83,419.07,435.47,600.92,False,False,nan,True,0.7748,92.13,76.48,True,0,COLLECTING,0,,0,,,,,10,60,102,30,60,0.9997609714326721,0.17320508075688776
2026-08-31T22:08:11.273,125330531,P024,heavy_pressure,QUALITY,,,,610,4882407,110817,120073,110308.55,119713.27,508.45,359.73,416.53,597.23,False,False,nan,True,0.7748,92.13,76.48,True,0,COLLECTING,0,,0,,,,,10,60,102,30,60,0.9997609714326721,0.17320508075688776
2026-08-31T22:08:11.307,125330562,P024,heavy_pressure,QUALITY,,,,611,4882447,110709,119880,110316.55,119716.61,392.45,163.39,353.25,592.35,False,False,nan,True,0.7748,92.13,76.48,True,0,COLLECTING,0,,0,,,,,10,60,102,30,60,0.9997609714326721,0.17320508075688776
2026-08-31T22:08:11.443,125330687,P024,heavy_pressure,QUALITY,,,,612,4882487,110653,119820,110323.28,119718.68,329.72,101.32,290.27,586.31,False,False,nan,True,0.7748,92.13,76.48,True,0,COLLECTING,0,,0,,,,,10,60,102,30,60,1.0001624867990202,0.17320508075688776
2026-08-31T22:08:11.453,125330703,P024,heavy_pressure,QUALITY,,,,613,4882527,110667,119877,110330.16,119721.84,336.84,155.16,256.49,579.72,False,False,nan,True,0.7748,92.13,76.48,True,0,COLLECTING,0,,0,,,,,10,60,102,30,60,1.0001624867990202,0.17320508075688776
2026-08-31T22:08:11.462,125330718,P024,heavy_pressure,QUALITY,,,,614,4882567,110677,119919,110337.09,119725.79,339.91,193.21,240.67,572.94,False,False,nan,True,0.7748,92.13,76.48,True,0,COLLECTING,0,,0,,,,,10,60,102,30,60,1.0001624867990202,0.17320508075688776
2026-08-31T22:08:11.473,125330718,P024,heavy_pressure,QUALITY,,,,615,4882607,110696,119961,110344.27,119730.49,351.73,230.51,238.13,566.24,False,False,nan,True,0.7748,92.13,76.48,True,0,COLLECTING,0,,0,,,,,10,60,102,30,60,1.0001624867990202,0.17320508075688776
2026-08-31T22:08:11.506,125330750,P024,heavy_pressure,QUALITY,,,,616,4882647,110688,119984,110351.15,119735.56,336.85,248.44,240.71,559.73,False,False,nan,True,0.7748,92.13,76.48,True,0,COLLECTING,0,,0,,,,,10,60,102,30,60,1.0001624867990202,0.17320508075688776
2026-08-31T22:08:11.643,125330890,P024,heavy_pressure,QUALITY,,,,617,4882687,110657,119948,110357.27,119739.81,299.73,208.19,232.58,553.19,True,True,520.0,True,0.7621,95.81,76.48,True,0,COLLECTING,0,,0,,,,,10,60,102,30,60,1.0001624867990202,0.17320508075688776
2026-08-31T22:08:11.653,125330906,P024,heavy_pressure,QUALITY,,,,618,4882727,110650,119951,110363.12,119744.04,286.88,206.96,226.17,546.65,False,False,nan,True,0.7621,95.81,76.48,True,0,COLLECTING,0,,0,,,,,10,60,102,30,60,1.0001624867990202,0.17320508075688776
2026-08-31T22:08:11.665,125330921,P024,heavy_pressure,QUALITY,,,,619,4882767,110653,119984,110368.91,119748.84,284.09,235.16,228.42,540.28,False,False,nan,True,0.7621,95.81,76.48,True,0,COLLECTING,0,,0,,,,,10,60,102,30,60,1.0001624867990202,0.17320508075688776
2026-08-31T22:08:11.675,125330921,P024,heavy_pressure,QUALITY,,,,620,4882807,110653,119971,110374.59,119753.28,278.41,217.72,225.74,533.99,True,False,nan,True,0.7621,95.81,76.48,True,0,COLLECTING,0,,0,,,,,10,60,102,30,60,1.0001624867990202,0.17320508075688776
2026-08-31T22:08:11.707,125330953,P024,heavy_pressure,QUALITY,,,,621,4882847,110647,120006,110380.04,119758.34,266.96,247.66,231.22,527.93,False,False,nan,True,0.7621,95.81,76.48,True,0,COLLECTING,0,,0,,,,,10,60,102,30,60,1.0001624867990202,0.17320508075688776
2026-08-31T22:08:11.842,125331093,P024,heavy_pressure,QUALITY,,,,622,4882887,110629,119978,110385.02,119762.73,243.98,215.27,227.24,521.92,True,False,nan,True,0.7621,95.81,76.48,True,0,COLLECTING,0,,0,,,,,11,60,102,30,60,1.0001624867990202,0.17320508075688776
2026-08-31T22:08:11.854,125331109,P024,heavy_pressure,QUALITY,,,,623,4882927,110629,120000,110389.9,119767.47,239.1,232.53,228.56,516.05,False,False,nan,True,0.7621,95.81,76.48,True,0,COLLECTING,0,,0,,,,,11,60,102,30,60,1.0001624867990202,0.17320508075688776
2026-08-31T22:08:11.862,125331109,P024,heavy_pressure,QUALITY,,,,624,4882967,110615,120025,110394.4,119772.62,220.6,252.38,234.52,510.42,False,False,nan,True,0.7621,95.81,76.48,True,0,COLLECTING,0,,0,,,,,11,60,102,30,60,1.0001624867990202,0.17320508075688776
2026-08-31T22:08:11.872,125331125,P024,heavy_pressure,QUALITY,,,,625,4883007,110600,119991,110398.51,119776.98,201.49,214.02,229.39,504.8,True,False,nan,True,0.7621,95.81,76.48,True,0,COLLECTING,0,,0,,,,,11,60,102,30,60,1.0001624867990202,0.17320508075688776
2026-08-31T22:08:11.918,125331171,P024,heavy_pressure,QUALITY,,,,626,4883057,110594,120000,110402.41,119781.45,191.59,218.55,226.68,499.24,False,False,nan,True,0.7621,95.81,76.48,True,0,COLLECTING,0,,0,,,,,11,60,102,30,60,1.0001624867990202,0.17320508075688776
2026-08-31T22:08:12.042,125331296,P024,heavy_pressure,QUALITY,,,,627,4883097,110600,120041,110406.37,119786.63,193.63,254.37,233.6,493.93,False,False,nan,True,0.7621,95.81,76.48,True,0,COLLECTING,0,,0,,,,,11,60,102,30,60,1.0001624867990202,0.17320508075688776
2026-08-31T22:08:12.054,125331312,P024,heavy_pressure,QUALITY,,,,628,4883137,110608,119987,110410.4,119790.64,197.6,196.36,224.29,488.53,True,True,450.0,True,0.7746,94.86,76.48,True,0,COLLECTING,0,,0,,,,,11,60,102,30,60,1.0001624867990202,0.17320508075688776
2026-08-31T22:08:12.063,125331312,P024,heavy_pressure,QUALITY,,,,629,4883177,110609,119972,110414.37,119794.27,194.63,177.73,212.65,483.02,False,False,nan,True,0.7746,94.86,76.48,True,0,COLLECTING,0,,0,,,,,11,60,102,30,60,1.0001624867990202,0.17320508075688776
2026-08-31T22:08:12.072,125331328,P024,heavy_pressure,QUALITY,,,,630,4883217,110527,119778,110416.62,119793.94,110.38,-15.94,155.51,476.47,False,False,nan,True,0.7746,94.86,76.48,True,0,COLLECTING,0,,0,,,,,11,60,102,30,60,1.0001624867990202,0.17320508075688776
2026-08-31T22:08:12.117,125331375,P024,heavy_pressure,QUALITY,,,,631,4883257,110441,119725,110417.1,119792.56,23.9,-67.56,99.74,468.93,False,False,nan,True,0.7746,94.86,76.48,True,0,COLLECTING,0,,0,,,,,11,60,102,30,60,1.0001624867990202,0.17320508075688776
2026-08-31T22:08:12.245,125331500,P024,heavy_pressure,QUALITY,,,,632,4883297,110449,119661,110417.74,119789.93,31.26,-128.93,42.57,460.4,False,False,nan,True,0.7746,94.86,76.48,True,0,IRREGULAR,1,0.83,0,685.0,274.3,428.1,0.82,12,52,103,30,60,1.0001624867990202,0.17320508075688776
2026-08-31T22:08:12.253,125331500,P024,heavy_pressure,QUALITY,,,,633,4883337,110498,119773,110419.34,119789.59,78.66,-16.59,27.78,451.75,False,False,nan,True,0.7746,94.86,76.48,True,0,IRREGULAR,1,0.83,0,685.0,274.3,428.1,0.82,12,52,103,30,60,1.0001624867990202,0.17320508075688776
2026-08-31T22:08:12.262,125331515,P024,heavy_pressure,QUALITY,,,,634,4883377,110542,119860,110421.8,119791.0,120.2,69.0,38.09,443.48,False,False,nan,True,0.7746,94.86,76.48,True,0,IRREGULAR,1,0.83,0,685.0,274.3,428.1,0.82,12,52,103,30,60,1.0001624867990202,0.17320508075688776
2026-08-31T22:08:12.276,125331531,P024,heavy_pressure,QUALITY,,,,635,4883417,110559,119963,110424.54,119794.44,134.46,168.56,70.7,436.02,False,False,nan,True,0.7746,94.86,76.48,True,0,IRREGULAR,1,0.83,0,685.0,274.3,428.1,0.82,12,52,103,30,60,1.0001624867990202,0.17320508075688776
2026-08-31T22:08:12.316,125331562,P024,heavy_pressure,QUALITY,,,,636,4883457,110570,119853,110427.45,119795.61,142.55,57.39,67.38,428.65,False,False,nan,True,0.7746,94.86,76.48,True,0,IRREGULAR,1,0.83,0,685.0,274.3,428.1,0.82,12,52,103,30,60,1.0001624867990202,0.17320508075688776
2026-08-31T22:08:12.443,125331687,P024,heavy_pressure,QUALITY,,,,637,4883497,110575,119903,110430.4,119797.76,144.6,105.24,76.84,421.61,False,False,nan,True,0.7746,94.86,76.48,True,0,IRREGULAR,1,0.83,0,685.0,274.3,428.1,0.82,12,52,103,30,60,0.9997609714326721,0.17320508075688776
2026-08-31T22:08:12.455,125331703,P024,heavy_pressure,QUALITY,,,,638,4883537,110613,119944,110434.05,119800.68,178.95,143.32,93.46,415.05,False,False,nan,True,0.7746,94.86,76.48,True,0,IRREGULAR,1,0.83,0,685.0,274.3,428.1,0.82,12,52,103,30,60,0.9997609714326721,0.17320508075688776
2026-08-31T22:08:12.464,125331718,P024,heavy_pressure,QUALITY,,,,639,4883577,110650,120003,110438.37,119804.73,211.63,198.27,119.66,409.14,False,False,nan,True,0.7746,94.86,76.48,True,0,IRREGULAR,1,0.83,0,685.0,274.3,428.1,0.82,12,52,103,30,60,0.9997609714326721,0.17320508075688776
2026-08-31T22:08:12.472,125331718,P024,heavy_pressure,QUALITY,,,,640,4883617,110643,119976,110442.46,119808.15,200.54,167.85,131.71,403.59,False,False,nan,True,0.7746,94.86,76.48,True,0,IRREGULAR,1,0.83,0,685.0,274.3,428.1,0.82,12,52,103,30,60,0.9997609714326721,0.17320508075688776
2026-08-31T22:08:12.516,125331765,P024,heavy_pressure,QUALITY,,,,641,4883657,110716,120066,110447.93,119813.3,268.07,252.7,161.96,398.76,False,False,nan,True,0.7746,94.86,76.48,True,0,IRREGULAR,1,0.83,0,685.0,274.3,428.1,0.82,12,52,103,30,60,0.9997609714326721,0.17320508075688776
2026-08-31T22:08:12.643,125331890,P024,heavy_pressure,QUALITY,,,,642,4883697,110720,120092,110453.37,119818.88,266.63,273.12,189.75,394.58,False,False,nan,True,0.7746,94.86,76.48,True,0,IRREGULAR,1,0.83,0,685.0,274.3,428.1,0.82,12,52,103,30,60,1.0001624867990202,0.17320508075688776
2026-08-31T22:08:12.654,125331906,P024,heavy_pressure,QUALITY,,,,643,4883737,110685,120094,110458.0,119824.38,227.0,269.62,209.72,390.88,False,False,nan,True,0.7746,94.86,76.48,True,0,IRREGULAR,1,0.83,0,685.0,274.3,428.1,0.82,12,52,103,30,60,1.0001624867990202,0.17320508075688776
2026-08-31T22:08:12.663,125331921,P024,heavy_pressure,QUALITY,,,,644,4883777,110701,120084,110462.86,119829.57,238.14,254.43,220.9,387.48,False,False,nan,True,0.7746,94.86,76.48,True,0,IRREGULAR,1,0.83,0,685.0,274.3,428.1,0.82,12,52,103,30,60,1.0001624867990202,0.17320508075688776
2026-08-31T22:08:12.672,125331921,P024,heavy_pressure,QUALITY,,,,645,4883817,110744,120060,110468.48,119834.18,275.52,225.82,222.13,384.18,False,False,nan,True,0.7746,94.86,76.48,True,0,IRREGULAR,1,0.83,0,685.0,274.3,428.1,0.82,12,52,103,30,60,1.0001624867990202,0.17320508075688776
2026-08-31T22:08:12.716,125331968,P024,heavy_pressure,QUALITY,,,,646,4883857,110757,120138,110474.26,119840.26,282.74,297.74,241.03,381.31,False,False,nan,True,0.7746,94.86,76.48,True,0,IRREGULAR,1,0.83,0,685.0,274.3,428.1,0.82,12,52,103,30,60,1.0001624867990202,0.17320508075688776
2026-08-31T22:08:12.842,125332093,P024,heavy_pressure,QUALITY,,,,647,4883897,110768,120157,110480.13,119846.59,287.87,310.41,258.37,378.86,False,False,nan,True,0.7746,94.86,76.48,True,0,IRREGULAR,1,0.83,0,685.0,274.3,428.1,0.82,12,52,103,30,60,0.999541394840654,0.17320508075688776
2026-08-31T22:08:12.854,125332109,P024,heavy_pressure,QUALITY,,,,648,4883937,110746,120122,110485.45,119852.1,260.55,269.9,261.26,376.5,False,False,nan,True,0.7746,94.86,76.48,True,0,IRREGULAR,1,0.83,0,685.0,274.3,428.1,0.82,12,52,103,30,60,0.999541394840654,0.17320508075688776
2026-08-31T22:08:12.868,125332125,P024,heavy_pressure,QUALITY,,,,649,4883977,110646,119968,110488.66,119854.42,157.34,113.58,224.34,373.46,True,True,840.0,True,0.7653,91.25,76.48,True,0,IRREGULAR,1,0.83,0,685.0,274.3,428.1,0.82,12,52,103,30,60,0.999541394840654,0.17320508075688776
2026-08-31T22:08:12.878,125332125,P024,heavy_pressure,QUALITY,,,,650,4884017,110736,119958,110493.61,119856.49,242.39,101.51,193.63,369.86,False,False,nan,True,0.7653,91.25,76.48,True,0,IRREGULAR,1,0.83,0,685.0,274.3,428.1,0.82,12,52,103,30,60,0.999541394840654,0.17320508075688776
2026-08-31T22:08:12.916,125332171,P024,heavy_pressure,QUALITY,,,,651,4884057,110657,120000,110496.88,119859.36,160.12,140.64,180.38,366.07,False,False,nan,True,0.7653,91.25,76.48,True,0,IRREGULAR,1,0.83,0,685.0,274.3,428.1,0.82,12,52,103,30,60,0.999541394840654,0.17320508075688776
2026-08-31T22:08:13.042,125332296,P024,heavy_pressure,QUALITY,,,,652,4884097,110758,120114,110502.09,119864.45,255.91,249.55,197.67,362.71,False,False,nan,True,0.7653,91.25,76.48,True,0,IRREGULAR,1,0.83,0,685.0,274.3,428.1,0.82,12,52,103,30,60,0.9988718636541927,0.17320508075688776
2026-08-31T22:08:13.053,125332296,P024,heavy_pressure,QUALITY,,,,653,4884137,110809,120206,110508.23,119871.28,300.77,334.72,231.93,360.09,False,False,nan,True,0.7653,91.25,76.48,True,0,IRREGULAR,1,0.83,0,685.0,274.3,428.1,0.82,12,52,103,30,60,0.9988718636541927,0.17320508075688776
2026-08-31T22:08:13.061,125332312,P024,heavy_pressure,QUALITY,,,,654,4884177,110827,120222,110514.61,119878.3,312.39,343.7,259.88,358.09,False,False,nan,True,0.7653,91.25,76.48,True,0,IRREGULAR,1,0.83,0,685.0,274.3,428.1,0.82,12,52,103,30,60,0.9988718636541927,0.17320508075688776
2026-08-31T22:08:13.073,125332328,P024,heavy_pressure,QUALITY,,,,655,4884217,110903,120265,110522.38,119886.03,380.62,378.97,289.65,356.72,False,False,nan,True,0.7653,91.25,76.48,True,0,IRREGULAR,1,0.83,0,685.0,274.3,428.1,0.82,12,52,103,30,60,0.9988718636541927,0.17320508075688776
2026-08-31T22:08:13.116,125332359,P024,heavy_pressure,QUALITY,,,,656,4884257,110852,120245,110528.97,119893.21,323.03,351.79,305.18,355.69,False,False,nan,True,0.7653,91.25,76.48,True,0,IRREGULAR,1,0.83,0,685.0,274.3,428.1,0.82,12,52,103,30,60,0.9988718636541927,0.17320508075688776
2026-08-31T22:08:13.242,125332500,P024,heavy_pressure,QUALITY,,,,657,4884297,110946,120330,110537.31,119901.95,408.69,428.05,335.9,355.29,False,False,nan,True,0.7653,91.25,76.48,True,0,IRREGULAR,1,0.83,0,685.0,274.3,428.1,0.82,12,52,103,30,60,1.0001624867990202,0.17320508075688776
2026-08-31T22:08:13.254,125332500,P024,heavy_pressure,QUALITY,,,,658,4884337,111072,120422,110548.01,119912.34,523.99,509.66,379.34,355.77,False,False,nan,True,0.7653,91.25,76.48,True,0,IRREGULAR,1,0.83,0,685.0,274.3,428.1,0.82,12,52,103,30,60,1.0001624867990202,0.17320508075688776
2026-08-31T22:08:13.263,125332515,P024,heavy_pressure,QUALITY,,,,659,4884377,111199,120571,110561.03,119925.52,637.97,645.48,445.88,357.57,False,False,nan,True,0.7653,91.25,76.48,True,0,IRREGULAR,1,0.83,0,685.0,274.3,428.1,0.82,12,52,103,30,60,1.0001624867990202,0.17320508075688776
2026-08-31T22:08:13.273,125332531,P024,heavy_pressure,QUALITY,,,,660,4884417,111237,120640,110574.55,119939.8,662.45,700.2,509.46,360.61,False,False,nan,True,0.7653,91.25,76.48,True,0,IRREGULAR,1,0.83,0,685.0,274.3,428.1,0.82,12,52,103,30,60,1.0001624867990202,0.17320508075688776
2026-08-31T22:08:13.317,125332562,P024,heavy_pressure,QUALITY,,,,661,4884457,111426,120725,110591.58,119955.51,834.42,769.49,574.47,364.89,False,False,nan,True,0.7653,91.25,76.48,True,0,IRREGULAR,1,0.83,0,685.0,274.3,428.1,0.82,12,52,103,30,60,1.0001624867990202,0.17320508075688776
2026-08-31T22:08:13.443,125332687,P024,heavy_pressure,QUALITY,,,,662,4884497,111515,120804,110610.05,119972.48,904.95,831.52,638.73,370.37,False,False,nan,True,0.7653,91.25,76.48,True,0,IRREGULAR,1,0.83,0,685.0,274.3,428.1,0.82,12,52,103,30,60,0.9997609714326721,0.17320508075688776
2026-08-31T22:08:13.453,125332703,P024,heavy_pressure,QUALITY,,,,663,4884537,111582,120777,110629.48,119988.57,952.52,788.43,676.15,376.48,False,False,nan,True,0.7653,91.25,76.48,True,0,IRREGULAR,1,0.83,0,685.0,274.3,428.1,0.82,12,52,103,30,60,0.9997609714326721,0.17320508075688776
2026-08-31T22:08:13.462,125332718,P024,heavy_pressure,QUALITY,,,,664,4884577,111601,120826,110648.91,120005.32,952.09,820.68,712.29,383.2,False,False,nan,True,0.7653,91.25,76.48,True,0,IRREGULAR,1,0.83,0,685.0,274.3,428.1,0.82,12,52,103,30,60,0.9997609714326721,0.17320508075688776
2026-08-31T22:08:13.473,125332718,P024,heavy_pressure,QUALITY,,,,665,4884617,111650,120798,110668.94,120021.17,981.06,776.83,728.42,390.1,False,False,nan,True,0.7653,91.25,76.48,True,0,IRREGULAR,1,0.83,0,685.0,274.3,428.1,0.82,12,52,103,30,60,0.9997609714326721,0.17320508075688776
2026-08-31T22:08:13.516,125332765,P024,heavy_pressure,QUALITY,,,,666,4884657,111651,120800,110688.58,120036.75,962.42,763.25,737.13,397.04,False,False,nan,True,0.7653,91.25,76.48,True,0,IRREGULAR,1,0.83,0,685.0,274.3,428.1,0.82,12,52,103,30,60,0.9997609714326721,0.17320508075688776
2026-08-31T22:08:13.642,125332890,P024,heavy_pressure,QUALITY,,,,667,4884697,111653,120817,110707.87,120052.35,945.13,764.65,744.01,403.98,False,False,nan,True,0.7653,91.25,76.48,True,0,IRREGULAR,1,0.83,0,685.0,274.3,428.1,0.82,12,52,103,30,60,0.9997609714326721,0.17320508075688776
2026-08-31T22:08:13.654,125332906,P024,heavy_pressure,QUALITY,,,,668,4884737,111578,120679,110725.27,120064.88,852.73,614.12,711.54,410.13,True,True,760.0,True,0.7668,89.22,76.48,True,0,IRREGULAR,1,0.83,0,685.0,274.3,428.1,0.82,12,52,103,30,60,0.9997609714326721,0.17320508075688776
2026-08-31T22:08:13.667,125332921,P024,heavy_pressure,QUALITY,,,,669,4884777,111453,120523,110739.83,120074.05,713.17,448.95,645.89,414.85,False,False,nan,True,0.7668,89.22,76.48,True,0,IRREGULAR,1,0.83,0,685.0,274.3,428.1,0.82,12,52,103,30,60,0.9997609714326721,0.17320508075688776
2026-08-31T22:08:13.675,125332921,P024,heavy_pressure,QUALITY,,,,670,4884817,111394,120486,110752.91,120082.29,641.09,403.71,585.35,418.26,False,False,nan,True,0.7668,89.22,76.48,True,0,IRREGULAR,1,0.83,0,685.0,274.3,428.1,0.82,12,52,103,30,60,0.9997609714326721,0.17320508075688776
2026-08-31T22:08:13.716,125332968,P024,heavy_pressure,QUALITY,,,,671,4884857,111382,120468,110765.49,120090.0,616.51,378.0,533.51,420.56,False,False,nan,True,0.7668,89.22,76.48,True,0,IRREGULAR,1,0.83,0,685.0,274.3,428.1,0.82,12,52,103,30,60,0.9997609714326721,0.17320508075688776
2026-08-31T22:08:13.842,125333093,P024,heavy_pressure,QUALITY,,,,672,4884897,111285,120436,110775.88,120096.92,509.12,339.08,484.9,421.85,False,False,nan,True,0.7668,89.22,76.48,True,0,IRREGULAR,1,0.83,0,685.0,274.3,428.1,0.82,12,52,103,30,60,0.9992737362704976,0.17320508075688776
2026-08-31T22:08:13.854,125333109,P024,heavy_pressure,QUALITY,,,,673,4884937,111305,120406,110786.47,120103.1,518.53,302.9,439.4,422.2,False,False,nan,True,0.7668,89.22,76.48,True,0,IRREGULAR,1,0.83,0,685.0,274.3,428.1,0.82,12,52,103,30,60,0.9992737362704976,0.17320508075688776
2026-08-31T22:08:13.861,125333109,P024,heavy_pressure,QUALITY,,,,674,4884977,111265,120392,110796.04,120108.88,468.96,283.12,400.33,421.76,False,False,nan,True,0.7668,89.22,76.48,True,0,IRREGULAR,1,0.83,0,685.0,274.3,428.1,0.82,12,52,103,30,60,0.9992737362704976,0.17320508075688776
2026-08-31T22:08:13.872,125333125,P024,heavy_pressure,QUALITY,,,,675,4885017,111259,120381,110805.3,120114.33,453.7,266.67,366.92,420.67,False,False,nan,True,0.7668,89.22,76.48,True,0,IRREGULAR,1,0.83,0,685.0,274.3,428.1,0.82,12,52,103,30,60,0.9992737362704976,0.17320508075688776
2026-08-31T22:08:13.917,125333171,P024,heavy_pressure,QUALITY,,,,676,4885057,111260,120384,110814.39,120119.72,445.61,264.28,341.26,419.08,False,False,nan,True,0.7668,89.22,76.48,True,0,IRREGULAR,1,0.83,0,685.0,274.3,428.1,0.82,12,52,103,30,60,0.9992737362704976,0.17320508075688776
2026-08-31T22:08:14.042,125333296,P024,heavy_pressure,QUALITY,,,,677,4885097,111256,120431,110823.23,120125.95,432.77,305.05,332.21,417.34,False,False,nan,True,0.7668,89.22,76.48,True,0,IRREGULAR,1,0.83,0,685.0,274.3,428.1,0.82,12,52,103,30,60,1.0001624867990202,0.17320508075688776
2026-08-31T22:08:14.053,125333296,P024,heavy_pressure,QUALITY,,,,678,4885137,111301,120487,110832.78,120133.16,468.22,353.84,337.61,415.75,False,False,nan,True,0.7668,89.22,76.48,True,0,IRREGULAR,1,0.83,0,685.0,274.3,428.1,0.82,12,52,103,30,60,1.0001624867990202,0.17320508075688776
2026-08-31T22:08:14.061,125333312,P024,heavy_pressure,QUALITY,,,,679,4885177,111368,120505,110843.48,120140.6,524.52,364.4,344.31,414.32,False,False,nan,True,0.6056,89.22,81.81,True,0,IRREGULAR,1,0.83,0,685.0,274.3,428.1,0.82,12,52,103,30,60,1.0001624867990202,0.17320508075688776
2026-08-31T22:08:14.072,125333328,P024,heavy_pressure,QUALITY,,,,680,4885217,111369,120531,110853.99,120148.41,515.01,382.59,353.88,413.11,False,False,nan,True,0.6056,89.22,81.81,True,0,IRREGULAR,1,0.83,0,685.0,274.3,428.1,0.82,12,52,103,30,60,1.0001624867990202,0.17320508075688776
2026-08-31T22:08:14.117,125333375,P024,heavy_pressure,QUALITY,,,,681,4885257,111406,120536,110865.03,120156.16,540.97,379.84,360.37,412.05,False,False,nan,True,0.6056,89.22,81.81,True,0,IRREGULAR,1,0.83,0,685.0,274.3,428.1,0.82,12,52,103,30,60,1.0001624867990202,0.17320508075688776
2026-08-31T22:08:14.242,125333500,P024,heavy_pressure,QUALITY,,,,682,4885297,111413,120540,110875.99,120163.84,537.01,376.16,364.32,411.1,False,False,nan,True,0.6056,89.22,81.81,True,0,INCONCLUSIVE,0,,0,,,,,14,52,103,30,60,1.0001624867990202,0.17320508075688776
2026-08-31T22:08:14.253,125333500,P024,heavy_pressure,QUALITY,,,,683,4885337,111390,120552,110886.27,120171.6,503.73,380.4,368.34,410.24,False,False,nan,True,0.6056,89.22,81.81,True,0,INCONCLUSIVE,0,,0,,,,,14,52,103,30,60,1.0001624867990202,0.17320508075688776
2026-08-31T22:08:14.264,125333515,P024,heavy_pressure,QUALITY,,,,684,4885377,111402,120523,110896.59,120178.63,505.41,344.37,362.35,409.29,True,True,640.0,True,0.6035,89.89,81.81,True,0,INCONCLUSIVE,0,,0,,,,,14,52,103,30,60,1.0001624867990202,0.17320508075688776
2026-08-31T22:08:14.273,125333531,P024,heavy_pressure,QUALITY,,,,685,4885417,111401,120521,110906.67,120185.48,494.33,335.52,355.64,408.21,False,False,nan,True,0.6035,89.89,81.81,True,0,INCONCLUSIVE,0,,0,,,,,14,52,103,30,60,1.0001624867990202,0.17320508075688776
2026-08-31T22:08:14.317,125333562,P024,heavy_pressure,QUALITY,,,,686,4885457,111430,120553,110917.14,120192.83,512.86,360.17,356.77,407.18,False,False,nan,True,0.6035,89.89,81.81,True,0,INCONCLUSIVE,0,,0,,,,,14,52,103,30,60,1.0001624867990202,0.17320508075688776
2026-08-31T22:08:14.445,125333703,P024,heavy_pressure,QUALITY,,,,687,4885497,111350,120458,110925.8,120198.13,424.2,259.87,332.55,405.69,True,False,nan,True,0.6035,89.89,81.81,True,0,INCONCLUSIVE,0,,0,,,,,15,52,103,30,60,1.0001624867990202,0.17320508075688776
2026-08-31T22:08:14.455,125333703,P024,heavy_pressure,QUALITY,,,,688,4885537,111217,120249,110931.62,120199.15,285.38,49.85,261.87,402.82,False,False,nan,True,0.6035,89.89,81.81,True,0,INCONCLUSIVE,0,,0,,,,,15,52,103,30,60,1.0001624867990202,0.17320508075688776
2026-08-31T22:08:14.464,125333718,P024,heavy_pressure,QUALITY,,,,689,4885577,111162,120196,110936.23,120199.09,225.77,-3.09,195.63,398.67,False,False,nan,True,0.6035,89.89,81.81,True,0,INCONCLUSIVE,0,,0,,,,,15,52,103,30,60,1.0001624867990202,0.17320508075688776
2026-08-31T22:08:14.472,125333718,P024,heavy_pressure,QUALITY,,,,690,4885617,111205,120247,110941.6,120200.05,263.4,46.95,158.46,393.87,False,False,nan,True,0.6035,89.89,81.81,True,0,INCONCLUSIVE,0,,0,,,,,15,52,103,30,60,1.0001624867990202,0.17320508075688776
2026-08-31T22:08:14.517,125333765,P024,heavy_pressure,QUALITY,,,,691,4885657,111178,120271,110946.33,120201.47,231.67,69.53,136.23,388.72,False,False,nan,True,0.6035,89.89,81.81,True,0,INCONCLUSIVE,0,,0,,,,,15,52,103,30,60,1.0001624867990202,0.17320508075688776
2026-08-31T22:08:14.643,125333890,P024,heavy_pressure,QUALITY,,,,692,4885697,111170,120296,110950.8,120203.36,219.2,92.64,125.33,383.45,False,False,nan,True,0.6035,89.89,81.81,True,0,INCONCLUSIVE,0,,0,,,,,14,52,103,30,60,0.9997609714326721,0.17320508075688776
2026-08-31T22:08:14.653,125333906,P024,heavy_pressure,QUALITY,,,,693,4885737,111178,120286,110955.35,120205.02,222.65,80.98,114.25,378.06,False,False,nan,True,0.6035,89.89,81.81,True,0,INCONCLUSIVE,0,,0,,,,,14,52,103,30,60,0.9997609714326721,0.17320508075688776
2026-08-31T22:08:14.662,125333906,P024,heavy_pressure,QUALITY,,,,694,4885777,111116,120229,110958.56,120205.49,157.44,23.51,91.56,372.33,False,False,nan,True,0.6035,89.89,81.81,True,0,INCONCLUSIVE,0,,0,,,,,14,52,103,30,60,0.9997609714326721,0.17320508075688776
2026-08-31T22:08:14.672,125333921,P024,heavy_pressure,QUALITY,,,,695,4885817,111114,120236,110961.67,120206.1,152.33,29.9,76.15,366.41,False,False,nan,True,0.6035,89.89,81.81,True,0,INCONCLUSIVE,0,,0,,,,,14,52,103,30,60,0.9997609714326721,0.17320508075688776
2026-08-31T22:08:14.717,125333968,P024,heavy_pressure,QUALITY,,,,696,4885857,111123,120252,110964.9,120207.02,158.1,44.98,68.36,360.45,False,False,nan,True,0.6035,89.89,81.81,True,0,INCONCLUSIVE,0,,0,,,,,14,52,103,30,60,0.9997609714326721,0.17320508075688776
2026-08-31T22:08:14.842,125334093,P024,heavy_pressure,QUALITY,,,,697,4885897,111101,120242,110967.62,120207.72,133.38,34.28,59.84,354.44,False,False,nan,True,0.6035,89.89,81.81,True,0,INCONCLUSIVE,0,,0,,,,,14,52,103,30,60,0.9997609714326721,0.17320508075688776
2026-08-31T22:08:14.854,125334109,P024,heavy_pressure,QUALITY,,,,698,4885937,111110,120268,110970.46,120208.92,139.54,59.08,59.65,348.54,False,False,nan,True,0.6035,89.89,81.81,True,0,INCONCLUSIVE,0,,0,,,,,14,52,103,30,60,0.9997609714326721,0.17320508075688776
2026-08-31T22:08:14.861,125334109,P024,heavy_pressure,QUALITY,,,,699,4885977,111114,120282,110973.33,120210.38,140.67,71.62,62.64,342.82,False,False,nan,True,0.6035,89.89,81.81,True,0,INCONCLUSIVE,0,,0,,,,,14,52,103,30,60,0.9997609714326721,0.17320508075688776
2026-08-31T22:08:14.877,125334125,P024,heavy_pressure,QUALITY,,,,700,4886017,111095,120261,110975.76,120211.4,119.24,49.6,59.38,337.15,False,False,nan,True,0.6035,89.89,81.81,True,0,INCONCLUSIVE,0,,0,,,,,14,52,103,30,60,0.9997609714326721,0.17320508075688776
2026-08-31T22:08:14.917,125334171,P024,heavy_pressure,QUALITY,,,,701,4886057,111079,120254,110977.82,120212.25,101.18,41.75,54.97,331.51,False,False,nan,True,0.6035,89.89,81.81,True,0,INCONCLUSIVE,0,,0,,,,,14,52,103,30,60,0.9997609714326721,0.17320508075688776
2026-08-31T22:08:15.042,125334296,P024,heavy_pressure,QUALITY,,,,702,4886097,111076,120255,110979.78,120213.1,96.22,41.9,51.7,325.91,False,False,nan,True,0.6035,89.89,81.81,True,0,INCONCLUSIVE,0,,0,,,,,14,52,103,30,60,1.0001624867990202,0.17320508075688776
2026-08-31T22:08:15.054,125334296,P024,heavy_pressure,QUALITY,,,,703,4886137,111058,120244,110981.34,120213.72,76.66,30.28,46.35,320.32,False,False,nan,True,0.6035,89.89,81.81,True,0,INCONCLUSIVE,0,,0,,,,,14,52,103,30,60,1.0001624867990202,0.17320508075688776
2026-08-31T22:08:15.061,125334312,P024,heavy_pressure,QUALITY,,,,704,4886177,111047,120248,110982.66,120214.41,64.34,33.59,43.16,314.78,False,False,nan,True,0.6035,89.89,81.81,True,0,INCONCLUSIVE,0,,0,,,,,14,52,103,30,60,1.0001624867990202,0.17320508075688776
2026-08-31T22:08:15.077,125334328,P024,heavy_pressure,QUALITY,,,,705,4886217,111059,120268,110984.18,120215.48,74.82,52.52,45.5,309.39,False,False,nan,True,0.6035,89.89,81.81,True,0,INCONCLUSIVE,0,,0,,,,,14,52,103,30,60,1.0001624867990202,0.17320508075688776
2026-08-31T22:08:15.116,125334375,P024,heavy_pressure,QUALITY,,,,706,4886257,111039,120250,110985.27,120216.16,53.73,33.84,42.58,304.06,False,False,nan,True,0.6035,89.89,81.81,True,0,INCONCLUSIVE,0,,0,,,,,14,52,103,30,60,1.0001624867990202,0.17320508075688776
2026-08-31T22:08:15.242,125334500,P024,heavy_pressure,QUALITY,,,,707,4886297,110916,120073,110983.89,120213.3,-67.89,-140.3,-3.14,298.04,False,False,nan,True,0.6035,89.89,81.81,True,0,INCONCLUSIVE,0,,0,,,,,14,52,103,30,60,1.0001624867990202,0.17320508075688776
2026-08-31T22:08:15.253,125334500,P024,heavy_pressure,QUALITY,,,,708,4886337,110870,119971,110981.61,120208.46,-111.61,-237.46,-61.72,293.31,False,False,nan,True,0.6035,89.89,81.81,True,0,INCONCLUSIVE,0,,0,,,,,14,52,103,30,60,1.0001624867990202,0.17320508075688776
2026-08-31T22:08:15.264,125334515,P024,heavy_pressure,QUALITY,,,,709,4886377,110893,120045,110979.84,120205.2,-86.84,-160.2,-86.34,289.17,False,False,nan,True,0.6035,89.89,81.81,True,0,INCONCLUSIVE,0,,0,,,,,14,52,103,30,60,1.0001624867990202,0.17320508075688776
2026-08-31T22:08:15.273,125334531,P024,heavy_pressure,QUALITY,,,,710,4886417,110908,120094,110978.4,120202.97,-70.4,-108.97,-92.0,285.23,False,False,nan,True,0.6035,89.89,81.81,True,0,INCONCLUSIVE,0,,0,,,,,14,52,103,30,60,1.0001624867990202,0.17320508075688776
2026-08-31T22:08:15.316,125334562,P024,heavy_pressure,QUALITY,,,,711,4886457,110909,120122,110977.01,120201.35,-68.01,-79.35,-88.83,281.3,False,False,nan,True,0.6035,89.89,81.81,True,0,INCONCLUSIVE,0,,0,,,,,14,52,103,30,60,1.0001624867990202,0.17320508075688776
2026-08-31T22:08:15.443,125334687,P024,heavy_pressure,QUALITY,,,,712,4886497,110931,120155,110976.09,120200.42,-45.09,-45.42,-77.98,277.24,False,False,nan,True,0.6035,89.89,81.81,True,0,INCONCLUSIVE,0,,0,,,,,14,52,103,30,60,0.9997609714326721,0.17320508075688776
2026-08-31T22:08:15.454,125334703,P024,heavy_pressure,QUALITY,,,,713,4886537,110911,120148,110974.78,120199.38,-63.78,-51.38,-71.33,273.12,False,False,nan,True,0.6035,89.89,81.81,True,0,INCONCLUSIVE,0,,0,,,,,14,52,103,30,60,0.9997609714326721,0.17320508075688776
2026-08-31T22:08:15.465,125334718,P024,heavy_pressure,QUALITY,,,,714,4886577,110863,120097,110972.55,120197.33,-109.55,-100.33,-78.58,269.23,False,False,nan,True,0.6035,89.89,81.81,True,0,INCONCLUSIVE,0,,0,,,,,14,52,103,30,60,0.9997609714326721,0.17320508075688776
2026-08-31T22:08:15.473,125334718,P024,heavy_pressure,QUALITY,,,,715,4886617,110872,120096,110970.54,120195.3,-98.54,-99.3,-83.76,265.52,False,False,nan,True,0.6035,89.89,81.81,True,0,INCONCLUSIVE,0,,0,,,,,14,52,103,30,60,0.9997609714326721,0.17320508075688776
2026-08-31T22:08:15.516,125334765,P024,heavy_pressure,QUALITY,,,,716,4886657,110895,120140,110969.03,120194.2,-74.03,-54.2,-76.37,261.73,False,False,nan,True,0.6035,89.89,81.81,True,0,INCONCLUSIVE,0,,0,,,,,14,52,103,30,60,0.9997609714326721,0.17320508075688776
2026-08-31T22:08:15.642,125334890,P024,heavy_pressure,QUALITY,,,,717,4886697,110878,120165,110967.21,120193.61,-89.21,-28.61,-64.43,257.79,False,False,nan,True,0.6035,89.89,81.81,True,0,INCONCLUSIVE,0,,0,,,,,14,52,103,30,60,1.0001624867990202,0.17320508075688776
2026-08-31T22:08:15.653,125334906,P024,heavy_pressure,QUALITY,,,,718,4886737,110873,120187,110965.33,120193.48,-92.33,-6.48,-49.94,253.63,False,False,nan,True,0.6035,89.89,81.81,True,0,INCONCLUSIVE,0,,0,,,,,14,52,103,30,60,1.0001624867990202,0.17320508075688776
2026-08-31T22:08:15.662,125334906,P024,heavy_pressure,QUALITY,,,,719,4886777,110850,120185,110963.02,120193.3,-113.02,-8.3,-39.53,249.35,False,False,nan,True,0.6035,89.89,81.81,True,0,INCONCLUSIVE,0,,0,,,,,14,52,103,30,60,1.0001624867990202,0.17320508075688776
2026-08-31T22:08:15.672,125334921,P024,heavy_pressure,QUALITY,,,,720,4886817,110855,120198,110960.86,120193.4,-105.86,4.6,-28.5,244.93,False,False,nan,True,0.6035,89.89,81.81,True,0,INCONCLUSIVE,0,,0,,,,,14,52,103,30,60,1.0001624867990202,0.17320508075688776
2026-08-31T22:08:15.717,125334968,P024,heavy_pressure,QUALITY,,,,721,4886857,110849,120209,110958.62,120193.71,-109.62,15.29,-17.55,240.38,False,False,nan,True,0.6035,89.89,81.81,True,0,INCONCLUSIVE,0,,0,,,,,14,52,103,30,60,1.0001624867990202,0.17320508075688776
2026-08-31T22:08:15.843,125335093,P024,heavy_pressure,QUALITY,,,,722,4886897,110859,120228,110956.63,120194.4,-97.63,33.6,-4.76,235.67,False,False,nan,True,0.6035,89.89,81.81,True,0,INCONCLUSIVE,0,,0,,,,,14,52,103,30,60,1.0001624867990202,0.17320508075688776
2026-08-31T22:08:15.855,125335109,P024,heavy_pressure,QUALITY,,,,723,4886937,110842,120217,110954.34,120194.85,-112.34,22.15,1.96,231.0,False,False,nan,True,0.6035,89.89,81.81,True,0,INCONCLUSIVE,0,,0,,,,,14,52,103,30,60,1.0001624867990202,0.17320508075688776
2026-08-31T22:08:15.863,125335109,P024,heavy_pressure,QUALITY,,,,724,4886977,110839,120222,110952.04,120195.39,-113.04,26.61,8.13,226.54,False,False,nan,True,0.6035,89.89,81.81,True,0,INCONCLUSIVE,0,,0,,,,,14,52,103,30,60,1.0001624867990202,0.17320508075688776
2026-08-31T22:08:15.872,125335125,P024,heavy_pressure,QUALITY,,,,725,4887017,110826,120213,110949.52,120195.74,-123.52,17.26,10.41,222.22,False,False,nan,True,0.6035,89.89,81.81,True,0,INCONCLUSIVE,0,,0,,,,,14,52,103,30,60,1.0001624867990202,0.17320508075688776
2026-08-31T22:08:15.918,125335171,P024,heavy_pressure,QUALITY,,,,726,4887057,110751,120073,110945.55,120193.29,-194.55,-120.29,-22.27,218.22,False,False,nan,True,0.6035,89.89,81.81,True,0,INCONCLUSIVE,0,,0,,,,,14,52,103,30,60,1.0001624867990202,0.17320508075688776
2026-08-31T22:08:16.042,125335296,P024,heavy_pressure,QUALITY,,,,727,4887097,110667,119938,110939.98,120188.18,-272.98,-250.18,-79.24,215.44,False,False,nan,True,0.6035,89.89,81.81,True,0,INCONCLUSIVE,0,,0,,,,,13,52,103,30,60,0.9997609714326721,0.17320508075688776
2026-08-31T22:08:16.053,125335296,P024,heavy_pressure,QUALITY,,,,728,4887137,110652,119941,110934.22,120183.23,-282.22,-242.23,-119.99,213.53,False,False,nan,True,0.6035,89.89,81.81,True,0,INCONCLUSIVE,0,,0,,,,,13,52,103,30,60,0.9997609714326721,0.17320508075688776
2026-08-31T22:08:16.065,125335312,P024,heavy_pressure,QUALITY,,,,729,4887177,110656,119982,110928.66,120179.21,-272.66,-197.21,-139.3,212.05,False,False,nan,True,0.6035,89.89,81.81,True,0,INCONCLUSIVE,0,,0,,,,,13,52,103,30,60,0.9997609714326721,0.17320508075688776
2026-08-31T22:08:16.073,125335328,P024,heavy_pressure,QUALITY,,,,730,4887217,110637,120000,110922.82,120175.62,-285.82,-175.62,-148.38,210.77,False,False,nan,True,0.6035,89.89,81.81,True,0,INCONCLUSIVE,0,,0,,,,,13,52,103,30,60,0.9997609714326721,0.17320508075688776
2026-08-31T22:08:16.116,125335375,P024,heavy_pressure,QUALITY,,,,731,4887257,110620,120004,110916.77,120172.2,-296.77,-168.2,-153.33,209.62,False,False,nan,True,0.6035,89.89,81.81,True,0,INCONCLUSIVE,0,,0,,,,,13,52,103,30,60,0.9997609714326721,0.17320508075688776
2026-08-31T22:08:16.242,125335500,P024,heavy_pressure,QUALITY,,,,732,4887297,110611,119974,110910.65,120168.23,-299.65,-194.23,-163.56,208.7,False,False,nan,True,0.6035,89.89,81.81,True,0,INCONCLUSIVE,0,,0,,,,,13,52,103,30,60,1.0001624867990202,0.17320508075688776
2026-08-31T22:08:16.254,125335500,P024,heavy_pressure,QUALITY,,,,733,4887337,110598,119958,110904.4,120164.03,-306.4,-206.03,-174.18,208.01,False,False,nan,True,0.6035,89.89,81.81,True,0,INCONCLUSIVE,0,,0,,,,,13,52,103,30,60,1.0001624867990202,0.17320508075688776
2026-08-31T22:08:16.266,125335515,P024,heavy_pressure,QUALITY,,,,734,4887377,110590,119965,110898.11,120160.05,-308.11,-195.05,-179.39,207.44,False,False,nan,True,0.6035,89.89,81.81,True,0,INCONCLUSIVE,0,,0,,,,,13,52,103,30,60,1.0001624867990202,0.17320508075688776
2026-08-31T22:08:16.275,125335531,P024,heavy_pressure,QUALITY,,,,735,4887417,110607,119996,110892.29,120156.77,-285.29,-160.77,-174.74,206.79,False,False,nan,True,0.6035,89.89,81.81,True,0,INCONCLUSIVE,0,,0,,,,,13,52,103,30,60,1.0001624867990202,0.17320508075688776
2026-08-31T22:08:16.316,125335562,P024,heavy_pressure,QUALITY,,,,736,4887457,110631,120043,110887.06,120154.49,-256.06,-111.49,-158.93,205.83,False,False,nan,True,0.6035,89.89,81.81,True,0,INCONCLUSIVE,0,,0,,,,,13,52,103,30,60,1.0001624867990202,0.17320508075688776
2026-08-31T22:08:16.445,125335703,P024,heavy_pressure,QUALITY,,,,737,4887497,110621,120031,110881.74,120152.02,-260.74,-121.02,-149.45,204.7,False,False,nan,True,0.6035,89.89,81.81,True,0,INCONCLUSIVE,0,,0,,,,,13,52,103,30,60,1.0001624867990202,0.17320508075688776
2026-08-31T22:08:16.454,125335703,P024,heavy_pressure,QUALITY,,,,738,4887537,110597,120029,110876.05,120149.56,-279.05,-120.56,-142.23,203.45,False,False,nan,True,0.6035,89.89,81.81,True,0,INCONCLUSIVE,0,,0,,,,,13,52,103,30,60,1.0001624867990202,0.17320508075688776
2026-08-31T22:08:16.465,125335718,P024,heavy_pressure,QUALITY,,,,739,4887577,110609,120053,110870.7,120147.63,-261.7,-94.63,-130.33,201.99,False,False,nan,True,0.6035,89.89,81.81,True,0,INCONCLUSIVE,0,,0,,,,,13,52,103,30,60,1.0001624867990202,0.17320508075688776
2026-08-31T22:08:16.474,125335718,P024,heavy_pressure,QUALITY,,,,740,4887617,110607,120043,110865.43,120145.54,-258.43,-102.54,-123.38,200.42,False,False,nan,True,0.6035,89.89,81.81,True,0,INCONCLUSIVE,0,,0,,,,,13,52,103,30,60,1.0001624867990202,0.17320508075688776
2026-08-31T22:08:16.516,125335765,P024,heavy_pressure,QUALITY,,,,741,4887657,110608,120055,110860.28,120143.73,-252.28,-88.73,-114.72,198.7,False,False,nan,True,0.6035,89.89,81.81,True,0,INCONCLUSIVE,0,,0,,,,,13,52,103,30,60,1.0001624867990202,0.17320508075688776
2026-08-31T22:08:16.643,125335890,P024,heavy_pressure,QUALITY,,,,742,4887697,110625,120083,110855.58,120142.52,-230.58,-59.52,-100.92,196.75,False,False,nan,True,0.6035,89.89,81.81,True,0,INCONCLUSIVE,0,,0,,,,,13,52,103,30,60,0.9992737362704976,0.17320508075688776
2026-08-31T22:08:16.653,125335906,P024,heavy_pressure,QUALITY,,,,743,4887737,110630,120081,110851.07,120141.29,-221.07,-60.29,-90.76,194.63,False,False,nan,True,0.6035,89.89,81.81,True,0,INCONCLUSIVE,0,,0,,,,,13,52,103,30,60,0.9992737362704976,0.17320508075688776
2026-08-31T22:08:16.665,125335921,P024,heavy_pressure,QUALITY,,,,744,4887777,110573,120014,110845.51,120138.74,-272.51,-124.74,-99.26,192.72,False,False,nan,True,0.6035,89.89,81.81,True,0,INCONCLUSIVE,0,,0,,,,,13,52,103,30,60,0.9992737362704976,0.17320508075688776
2026-08-31T22:08:16.674,125335921,P024,heavy_pressure,QUALITY,,,,745,4887817,110476,119830,110838.12,120132.57,-362.12,-302.57,-150.08,191.87,False,False,nan,True,0.6035,89.89,81.81,True,0,INCONCLUSIVE,0,,0,,,,,13,52,103,30,60,0.9992737362704976,0.17320508075688776
2026-08-31T22:08:16.717,125335968,P024,heavy_pressure,QUALITY,,,,746,4887857,110429,119778,110829.94,120125.48,-400.94,-347.48,-199.43,192.02,False,False,nan,True,0.6035,89.89,81.81,True,0,INCONCLUSIVE,0,,0,,,,,13,52,103,30,60,0.9992737362704976,0.17320508075688776
2026-08-31T22:08:16.842,125336093,P024,heavy_pressure,QUALITY,,,,747,4887897,110449,119832,110822.32,120119.61,-373.32,-287.61,-221.48,192.61,False,False,nan,True,0.6035,89.89,81.81,True,0,INCONCLUSIVE,0,,0,,,,,12,52,103,30,60,0.9997609714326721,0.17320508075688776
2026-08-31T22:08:16.854,125336109,P024,heavy_pressure,QUALITY,,,,748,4887937,110459,119867,110815.05,120114.55,-356.05,-247.55,-228.0,193.32,False,False,nan,True,0.6035,89.89,81.81,True,0,INCONCLUSIVE,0,,0,,,,,12,52,103,30,60,0.9997609714326721,0.17320508075688776
2026-08-31T22:08:16.865,125336109,P024,heavy_pressure,QUALITY,,,,749,4887977,110453,119876,110807.81,120109.78,-354.81,-233.78,-229.44,194.04,False,False,nan,True,0.6035,89.89,81.81,True,0,INCONCLUSIVE,0,,0,,,,,12,52,103,30,60,0.9997609714326721,0.17320508075688776
2026-08-31T22:08:16.873,125336125,P024,heavy_pressure,QUALITY,,,,750,4888017,110443,119890,110800.52,120105.38,-357.52,-215.38,-225.93,194.68,False,False,nan,True,0.6035,89.89,81.81,True,0,INCONCLUSIVE,0,,0,,,,,12,52,103,30,60,0.9997609714326721,0.17320508075688776
2026-08-31T22:08:16.916,125336171,P024,heavy_pressure,QUALITY,,,,751,4888057,110419,119863,110792.88,120100.54,-373.88,-237.54,-228.83,195.36,False,False,nan,True,0.6035,89.89,81.81,True,0,INCONCLUSIVE,0,,0,,,,,12,52,103,30,60,0.9997609714326721,0.17320508075688776
2026-08-31T22:08:17.042,125336296,P024,heavy_pressure,QUALITY,,,,752,4888097,110416,119850,110785.34,120095.53,-369.34,-245.53,-233.01,196.11,False,False,nan,True,0.6035,89.89,81.81,True,0,INCONCLUSIVE,0,,0,,,,,12,52,103,30,60,1.0001624867990202,0.17320508075688776
2026-08-31T22:08:17.053,125336296,P024,heavy_pressure,QUALITY,,,,753,4888137,110430,119874,110778.23,120091.1,-348.23,-217.1,-229.03,196.77,False,False,nan,True,0.6035,89.89,81.81,True,0,INCONCLUSIVE,0,,0,,,,,12,52,103,30,60,1.0001624867990202,0.17320508075688776
2026-08-31T22:08:17.065,125336312,P024,heavy_pressure,QUALITY,,,,754,4888177,110448,119912,110771.63,120087.52,-323.63,-175.52,-215.65,197.15,False,False,nan,True,0.6035,89.89,81.81,True,0,INCONCLUSIVE,0,,0,,,,,12,52,103,30,60,1.0001624867990202,0.17320508075688776
2026-08-31T22:08:17.073,125336328,P024,heavy_pressure,QUALITY,,,,755,4888217,110458,119946,110765.36,120084.7,-307.36,-138.7,-196.41,197.13,False,False,nan,True,0.6035,89.89,81.81,True,0,INCONCLUSIVE,0,,0,,,,,12,52,103,30,60,1.0001624867990202,0.17320508075688776
2026-08-31T22:08:17.117,125336375,P024,heavy_pressure,QUALITY,,,,756,4888257,110423,119922,110758.52,120081.45,-335.52,-159.45,-187.17,196.93,False,False,nan,True,0.6035,89.89,81.81,True,0,INCONCLUSIVE,0,,0,,,,,12,52,103,30,60,1.0001624867990202,0.17320508075688776
2026-08-31T22:08:17.242,125336500,P024,heavy_pressure,QUALITY,,,,757,4888297,110402,119886,110751.38,120077.54,-349.38,-191.54,-188.26,196.76,False,False,nan,True,0.6035,89.89,81.81,True,0,COLLECTING,0,,0,,,,,11,52,103,30,60,1.0001624867990202,0.17320508075688776
2026-08-31T22:08:17.254,125336500,P024,heavy_pressure,QUALITY,,,,758,4888337,110395,119926,110744.26,120074.51,-349.26,-148.51,-178.32,196.39,False,False,nan,True,0.6035,89.89,81.81,True,0,COLLECTING,0,,0,,,,,11,52,103,30,60,1.0001624867990202,0.17320508075688776
2026-08-31T22:08:17.265,125336515,P024,heavy_pressure,QUALITY,,,,759,4888377,110404,119955,110737.45,120072.12,-333.45,-117.12,-163.02,195.72,False,False,nan,True,0.6035,89.89,81.81,True,0,COLLECTING,0,,0,,,,,11,52,103,30,60,1.0001624867990202,0.17320508075688776
2026-08-31T22:08:17.273,125336531,P024,heavy_pressure,QUALITY,,,,760,4888417,110408,119969,110730.87,120070.05,-322.87,-101.05,-147.53,194.76,False,False,nan,True,0.6035,89.89,81.81,True,0,COLLECTING,0,,0,,,,,11,52,103,30,60,1.0001624867990202,0.17320508075688776
2026-08-31T22:08:17.317,125336562,P024,heavy_pressure,QUALITY,,,,761,4888457,110416,119994,110724.57,120068.53,-308.57,-74.53,-129.28,193.45,False,False,nan,True,0.6035,89.89,81.81,True,0,COLLECTING,0,,0,,,,,11,52,103,30,60,1.0001624867990202,0.17320508075688776
2026-08-31T22:08:17.443,125336687,P024,heavy_pressure,QUALITY,,,,762,4888497,110405,119991,110718.18,120066.98,-313.18,-75.98,-115.96,191.9,False,False,nan,True,0.6035,89.89,81.81,True,0,COLLECTING,0,,0,,,,,11,52,103,30,60,0.9988718636541927,0.17320508075688776
2026-08-31T22:08:17.454,125336703,P024,heavy_pressure,QUALITY,,,,763,4888537,110363,119937,110711.08,120064.38,-348.08,-127.38,-118.81,190.44,False,False,nan,True,0.6035,89.89,81.81,True,0,COLLECTING,0,,0,,,,,11,52,103,30,60,0.9988718636541927,0.17320508075688776
2026-08-31T22:08:17.468,125336718,P024,heavy_pressure,QUALITY,,,,764,4888577,110246,119783,110701.77,120058.76,-455.77,-275.76,-158.05,189.79,False,False,nan,True,0.6035,89.89,81.81,True,0,COLLECTING,0,,0,,,,,11,52,103,30,60,0.9988718636541927,0.17320508075688776
2026-08-31T22:08:17.476,125336734,P024,heavy_pressure,QUALITY,,,,765,4888617,110211,119743,110691.96,120052.45,-480.96,-309.45,-195.9,189.91,False,False,nan,True,0.6035,89.89,81.81,True,0,COLLECTING,0,,0,,,,,11,52,103,30,60,0.9988718636541927,0.17320508075688776
2026-08-31T22:08:17.517,125336765,P024,heavy_pressure,QUALITY,,,,766,4888657,110215,119766,110682.42,120046.72,-467.42,-280.72,-217.1,190.46,False,False,nan,True,0.6035,89.89,81.81,True,0,COLLECTING,0,,0,,,,,11,52,103,30,60,0.9988718636541927,0.17320508075688776
2026-08-31T22:08:17.642,125336890,P024,heavy_pressure,QUALITY,,,,767,4888697,110225,119773,110673.27,120041.24,-448.27,-268.24,-229.89,191.25,False,False,nan,True,0.6035,89.89,81.81,True,0,COLLECTING,0,,0,,,,,11,52,103,30,60,0.9997609714326721,0.17320508075688776
2026-08-31T22:08:17.653,125336906,P024,heavy_pressure,QUALITY,,,,768,4888737,110201,119729,110663.83,120035.0,-462.83,-306.0,-248.92,192.4,False,False,nan,True,0.6035,89.89,81.81,True,0,COLLECTING,0,,0,,,,,11,52,103,30,60,0.9997609714326721,0.17320508075688776
2026-08-31T22:08:17.664,125336921,P024,heavy_pressure,QUALITY,,,,769,4888777,110172,119678,110653.99,120027.86,-481.99,-349.86,-274.15,194.03,False,False,nan,True,0.6035,89.89,81.81,True,0,COLLECTING,0,,0,,,,,11,52,103,30,60,0.9997609714326721,0.17320508075688776
2026-08-31T22:08:17.674,125336921,P024,heavy_pressure,QUALITY,,,,770,4888817,110144,119620,110643.79,120019.7,-499.79,-399.7,-305.54,196.26,False,False,nan,True,0.6035,89.89,81.81,True,0,COLLECTING,0,,0,,,,,11,52,103,30,60,0.9997609714326721,0.17320508075688776
2026-08-31T22:08:17.717,125336968,P024,heavy_pressure,QUALITY,,,,771,4888857,110129,119597,110633.49,120011.25,-504.49,-414.25,-332.72,198.99,False,False,nan,True,0.6035,89.89,81.81,True,0,COLLECTING,0,,0,,,,,11,52,103,30,60,0.9997609714326721,0.17320508075688776
2026-08-31T22:08:17.843,125337093,P024,heavy_pressure,QUALITY,,,,772,4888897,110143,119598,110623.68,120002.98,-480.68,-404.98,-350.78,202.03,False,False,nan,True,0.6035,89.89,81.81,True,0,COLLECTING,0,,0,,,,,10,52,103,30,60,1.0001624867990202,0.17320508075688776
2026-08-31T22:08:17.857,125337109,P024,heavy_pressure,QUALITY,,,,773,4888937,110143,119599,110614.06,119994.91,-471.06,-395.91,-362.06,205.23,False,False,nan,True,0.6035,89.89,81.81,True,0,COLLECTING,0,,0,,,,,10,52,103,30,60,1.0001624867990202,0.17320508075688776
2026-08-31T22:08:17.866,125337125,P024,heavy_pressure,QUALITY,,,,774,4888977,110158,119617,110604.94,119987.35,-446.94,-370.35,-364.14,208.41,False,False,nan,True,0.6035,89.89,81.81,True,0,COLLECTING,0,,0,,,,,10,52,103,30,60,1.0001624867990202,0.17320508075688776
2026-08-31T22:08:17.874,125337125,P024,heavy_pressure,QUALITY,,,,775,4889017,110169,119636,110596.22,119980.33,-427.22,-344.33,-359.18,211.42,False,False,nan,True,0.6035,89.89,81.81,True,0,COLLECTING,0,,0,,,,,10,52,103,30,60,1.0001624867990202,0.17320508075688776
2026-08-31T22:08:17.917,125337171,P024,heavy_pressure,QUALITY,,,,776,4889057,110153,119619,110587.35,119973.1,-434.35,-354.1,-357.91,214.35,False,False,nan,True,0.6035,89.89,81.81,True,0,COLLECTING,0,,0,,,,,10,52,103,30,60,1.0001624867990202,0.17320508075688776
2026-08-31T22:08:18.042,125337296,P024,heavy_pressure,QUALITY,,,,777,4889097,110150,119626,110578.6,119966.16,-428.6,-340.16,-353.47,217.14,False,False,nan,True,0.6035,89.89,81.81,True,0,COLLECTING,0,,0,,,,,10,52,103,30,60,0.9997609714326721,0.17320508075688776
2026-08-31T22:08:18.053,125337296,P024,heavy_pressure,QUALITY,,,,778,4889137,110145,119611,110569.93,119959.05,-424.93,-348.05,-352.12,219.84,False,False,nan,True,0.6035,89.89,81.81,True,0,COLLECTING,0,,0,,,,,10,52,103,30,60,0.9997609714326721,0.17320508075688776
2026-08-31T22:08:18.065,125337312,P024,heavy_pressure,QUALITY,,,,779,4889177,110146,119623,110561.45,119952.34,-415.45,-329.34,-346.42,222.37,False,False,nan,True,0.4826,89.89,73.09,True,0,COLLECTING,0,,0,,,,,10,52,103,30,60,0.9997609714326721,0.17320508075688776
2026-08-31T22:08:18.073,125337328,P024,heavy_pressure,QUALITY,,,,780,4889217,110165,119628,110553.52,119945.85,-388.52,-317.85,-339.28,224.71,False,False,nan,True,0.4826,89.89,73.09,True,0,COLLECTING,0,,0,,,,,10,52,103,30,60,0.9997609714326721,0.17320508075688776
2026-08-31T22:08:18.117,125337375,P024,heavy_pressure,QUALITY,,,,781,4889257,110179,119651,110546.03,119939.95,-367.03,-288.95,-326.7,226.75,False,False,nan,True,0.4826,89.89,73.09,True,0,COLLECTING,0,,0,,,,,10,52,103,30,60,0.9997609714326721,0.17320508075688776
2026-08-31T22:08:18.242,125337500,P024,heavy_pressure,QUALITY,,,,782,4889297,110175,119644,110538.61,119934.03,-363.61,-290.03,-317.53,228.56,False,False,nan,True,0.4826,89.89,73.09,True,0,COLLECTING,0,,0,,,,,10,52,103,30,60,0.9992737362704976,0.17320508075688776
2026-08-31T22:08:18.253,125337500,P024,heavy_pressure,QUALITY,,,,783,4889337,110120,119550,110530.23,119926.35,-410.23,-376.35,-332.24,230.63,False,False,nan,True,0.4826,89.89,73.09,True,0,COLLECTING,0,,0,,,,,10,52,103,30,60,0.9992737362704976,0.17320508075688776
2026-08-31T22:08:18.264,125337515,P024,heavy_pressure,QUALITY,,,,784,4889377,110066,119455,110520.95,119916.92,-454.95,-461.92,-364.66,233.32,False,False,nan,True,0.4826,89.89,73.09,True,0,COLLECTING,0,,0,,,,,10,52,103,30,60,0.9992737362704976,0.17320508075688776
2026-08-31T22:08:18.274,125337531,P024,heavy_pressure,QUALITY,,,,785,4889417,110082,119467,110512.17,119907.92,-430.17,-440.92,-383.72,236.32,False,False,nan,True,0.4826,89.89,73.09,True,0,COLLECTING,0,,0,,,,,10,52,103,30,60,0.9992737362704976,0.17320508075688776
2026-08-31T22:08:18.316,125337562,P024,heavy_pressure,QUALITY,,,,786,4889457,110105,119515,110504.03,119900.06,-399.03,-385.06,-384.06,239.28,False,False,nan,True,0.4826,89.89,73.09,True,0,COLLECTING,0,,0,,,,,10,52,103,30,60,0.9992737362704976,0.17320508075688776
2026-08-31T22:08:18.441,125337687,P024,heavy_pressure,QUALITY,,,,787,4889497,110115,119548,110496.25,119893.02,-381.25,-345.02,-374.3,241.98,False,False,nan,True,0.4826,89.89,73.09,True,0,COLLECTING,0,,0,,,,,9,52,103,30,60,1.0001624867990202,0.17320508075688776
2026-08-31T22:08:18.454,125337703,P024,heavy_pressure,QUALITY,,,,788,4889537,110119,119582,110488.7,119886.8,-369.7,-304.8,-356.93,244.28,False,False,nan,True,0.4826,89.89,73.09,True,0,COLLECTING,0,,0,,,,,9,52,103,30,60,1.0001624867990202,0.17320508075688776
2026-08-31T22:08:18.463,125337718,P024,heavy_pressure,QUALITY,,,,789,4889577,110104,119585,110481.01,119880.77,-377.01,-295.77,-341.64,246.22,False,False,nan,True,0.4826,89.89,73.09,True,0,COLLECTING,0,,0,,,,,9,52,103,30,60,1.0001624867990202,0.17320508075688776
2026-08-31T22:08:18.474,125337718,P024,heavy_pressure,QUALITY,,,,790,4889617,110082,119545,110473.03,119874.05,-391.03,-329.05,-338.49,248.07,False,False,nan,True,0.4826,89.89,73.09,True,0,COLLECTING,0,,0,,,,,9,52,103,30,60,1.0001624867990202,0.17320508075688776
2026-08-31T22:08:18.516,125337765,P024,heavy_pressure,QUALITY,,,,791,4889657,110092,119551,110465.41,119867.59,-373.41,-316.59,-333.01,249.77,False,False,nan,True,0.4826,89.89,73.09,True,0,COLLECTING,0,,0,,,,,9,52,103,30,60,1.0001624867990202,0.17320508075688776
2026-08-31T22:08:18.645,125337890,P024,heavy_pressure,QUALITY,,,,792,4889697,110112,119576,110458.34,119861.76,-346.34,-285.76,-321.2,251.2,False,False,nan,True,0.4826,89.89,73.09,True,0,COLLECTING,0,,0,,,,,9,52,103,30,60,0.9992737362704976,0.17320508075688776
2026-08-31T22:08:18.652,125337906,P024,heavy_pressure,QUALITY,,,,793,4889737,110111,119604,110451.4,119856.6,-340.4,-252.6,-304.05,252.25,False,False,nan,True,0.4826,89.89,73.09,True,0,COLLECTING,0,,0,,,,,9,52,103,30,60,0.9992737362704976,0.17320508075688776
2026-08-31T22:08:18.664,125337921,P024,heavy_pressure,QUALITY,,,,794,4889777,110118,119621,110444.73,119851.89,-326.73,-230.89,-285.76,252.92,False,False,nan,True,0.4826,89.89,73.09,True,0,COLLECTING,0,,0,,,,,9,52,103,30,60,0.9992737362704976,0.17320508075688776
2026-08-31T22:08:18.673,125337921,P024,heavy_pressure,QUALITY,,,,795,4889817,110114,119623,110438.12,119847.31,-324.12,-224.31,-270.4,253.27,False,False,nan,True,0.4826,89.89,73.09,True,0,COLLECTING,0,,0,,,,,9,52,103,30,60,0.9992737362704976,0.17320508075688776
2026-08-31T22:08:18.718,125337968,P024,heavy_pressure,QUALITY,,,,796,4889857,110092,119611,110431.2,119842.59,-339.2,-231.59,-260.7,253.42,False,False,nan,True,0.4826,89.89,73.09,True,0,COLLECTING,0,,0,,,,,9,52,103,30,60,0.9992737362704976,0.17320508075688776
2026-08-31T22:08:18.842,125338093,P024,heavy_pressure,QUALITY,,,,797,4889897,110091,119616,110424.39,119838.05,-333.39,-222.05,-251.03,253.37,False,False,nan,True,0.4826,89.89,73.09,True,0,COLLECTING,0,,0,,,,,9,52,103,30,60,1.0001624867990202,0.17320508075688776
2026-08-31T22:08:18.853,125338109,P024,heavy_pressure,QUALITY,,,,798,4889937,110094,119629,110417.78,119833.88,-323.78,-204.88,-239.49,253.1,False,False,nan,True,0.4826,89.89,73.09,True,0,COLLECTING,0,,0,,,,,9,52,103,30,60,1.0001624867990202,0.17320508075688776
2026-08-31T22:08:18.864,125338109,P024,heavy_pressure,QUALITY,,,,799,4889977,110087,119618,110411.16,119829.55,-324.16,-211.55,-232.51,252.69,False,False,nan,True,0.4826,89.89,73.09,True,0,COLLECTING,0,,0,,,,,9,52,103,30,60,1.0001624867990202,0.17320508075688776
2026-08-31T22:08:18.873,125338125,P024,heavy_pressure,QUALITY,,,,800,4890017,110098,119635,110404.9,119825.66,-306.9,-190.66,-222.05,252.07,False,False,nan,True,0.4826,89.89,73.09,True,0,COLLECTING,0,,0,,,,,9,52,103,30,60,1.0001624867990202,0.17320508075688776
2026-08-31T22:08:18.916,125338171,P024,heavy_pressure,QUALITY,,,,801,4890057,110083,119662,110398.46,119822.39,-315.46,-160.39,-206.63,251.16,False,False,nan,True,0.4826,89.89,73.09,True,0,COLLECTING,0,,0,,,,,9,52,103,30,60,1.0001624867990202,0.17320508075688776
2026-08-31T22:08:19.042,125338296,P024,heavy_pressure,QUALITY,,,,802,4890107,110074,119626,110391.97,119818.46,-317.97,-192.46,-203.09,250.2,False,False,nan,True,0.4826,89.89,73.09,True,0,COLLECTING,0,,0,,,,,9,52,103,30,60,1.0001624867990202,0.17320508075688776
2026-08-31T22:08:19.053,125338296,P024,heavy_pressure,QUALITY,,,,803,4890147,110001,119406,110384.15,119810.21,-383.15,-404.21,-253.37,250.27,False,False,nan,True,0.4826,89.89,73.09,True,0,COLLECTING,0,,0,,,,,9,52,103,30,60,1.0001624867990202,0.17320508075688776
2026-08-31T22:08:19.062,125338312,P024,heavy_pressure,QUALITY,,,,804,4890187,109960,119390,110375.66,119801.8,-415.66,-411.8,-292.98,251.12,False,False,nan,True,0.4826,89.89,73.09,True,0,COLLECTING,0,,0,,,,,9,52,103,30,60,1.0001624867990202,0.17320508075688776
2026-08-31T22:08:19.086,125338343,P024,heavy_pressure,QUALITY,,,,805,4890227,109954,119325,110367.23,119792.27,-413.23,-467.27,-336.55,252.83,False,False,nan,True,0.4826,89.89,73.09,True,0,COLLECTING,0,,0,,,,,9,52,103,30,60,1.0001624867990202,0.17320508075688776
2026-08-31T22:08:19.126,125338375,P024,heavy_pressure,QUALITY,,,,806,4890267,109976,119398,110359.41,119784.38,-383.41,-386.38,-349.01,254.75,False,False,nan,True,0.4826,89.89,73.09,True,0,COLLECTING,0,,0,,,,,9,52,103,30,60,1.0001624867990202,0.17320508075688776
2026-08-31T22:08:19.244,125338500,P024,heavy_pressure,QUALITY,,,,807,4890307,109981,119412,110351.84,119776.94,-370.84,-364.94,-352.99,256.72,False,False,nan,True,0.4826,89.89,73.09,True,0,COLLECTING,0,,0,,,,,8,52,103,30,60,1.0001624867990202,0.17320508075688776
2026-08-31T22:08:19.255,125338500,P024,heavy_pressure,QUALITY,,,,808,4890347,109985,119500,110344.5,119771.4,-359.5,-271.4,-332.59,258.23,False,False,nan,True,0.4826,89.89,73.09,True,0,COLLECTING,0,,0,,,,,8,52,103,30,60,1.0001624867990202,0.17320508075688776
2026-08-31T22:08:19.263,125338515,P024,heavy_pressure,QUALITY,,,,809,4890387,109954,119390,110336.69,119763.77,-382.69,-373.77,-342.89,259.93,False,False,nan,True,0.4826,89.89,73.09,True,0,COLLECTING,0,,0,,,,,8,52,103,30,60,1.0001624867990202,0.17320508075688776
2026-08-31T22:08:19.286,125338531,P024,heavy_pressure,QUALITY,,,,810,4890427,109921,119400,110328.38,119756.5,-407.38,-356.5,-346.29,261.65,False,False,nan,True,0.4826,89.89,73.09,True,0,COLLECTING,0,,0,,,,,8,52,103,30,60,1.0001624867990202,0.17320508075688776
2026-08-31T22:08:19.326,125338578,P024,heavy_pressure,QUALITY,,,,811,4890467,109925,119407,110320.3,119749.51,-395.3,-342.51,-345.35,263.33,False,False,nan,True,0.4826,89.89,73.09,True,0,COLLECTING,0,,0,,,,,8,52,103,30,60,1.0001624867990202,0.17320508075688776
2026-08-31T22:08:19.443,125338687,P024,heavy_pressure,QUALITY,,,,812,4890507,109916,119434,110312.22,119743.2,-396.22,-309.2,-336.31,264.79,False,False,nan,True,0.4826,89.89,73.09,True,0,COLLECTING,0,,0,,,,,8,52,103,30,60,1.0001624867990202,0.17320508075688776
2026-08-31T22:08:19.455,125338703,P024,heavy_pressure,QUALITY,,,,813,4890547,109909,119367,110304.16,119735.67,-395.16,-368.67,-344.4,266.38,False,False,nan,True,0.4826,89.89,73.09,True,0,COLLECTING,0,,0,,,,,8,52,103,30,60,1.0001624867990202,0.17320508075688776
2026-08-31T22:08:19.463,125338718,P024,heavy_pressure,QUALITY,,,,814,4890587,109896,119437,110295.99,119729.7,-399.99,-292.7,-331.47,267.68,False,False,nan,True,0.4826,89.89,73.09,True,0,COLLECTING,0,,0,,,,,8,52,103,30,60,1.0001624867990202,0.17320508075688776
2026-08-31T22:08:19.487,125338734,P024,heavy_pressure,QUALITY,,,,815,4890627,109912,119417,110288.31,119723.45,-376.31,-306.45,-325.22,268.83,False,False,nan,True,0.4826,89.89,73.09,True,0,COLLECTING,0,,0,,,,,8,52,103,30,60,1.0001624867990202,0.17320508075688776
2026-08-31T22:08:19.527,125338781,P024,heavy_pressure,QUALITY,,,,816,4890667,109936,119461,110281.27,119718.2,-345.27,-257.2,-308.21,269.62,False,False,nan,True,0.4826,89.89,73.09,True,0,COLLECTING,0,,0,,,,,8,52,103,30,60,1.0001624867990202,0.17320508075688776
2026-08-31T22:08:19.643,125338890,P024,heavy_pressure,QUALITY,,,,817,4890707,109949,119484,110274.62,119713.51,-325.62,-229.51,-288.54,270.0,False,False,nan,True,0.4826,89.89,73.09,True,0,COLLECTING,0,,0,,,,,8,52,103,30,60,0.9992737362704976,0.17320508075688776
2026-08-31T22:08:19.655,125338906,P024,heavy_pressure,QUALITY,,,,818,4890747,110007,119582,110269.27,119710.88,-262.27,-128.88,-248.62,269.57,False,False,nan,True,0.4826,89.89,73.09,True,0,COLLECTING,0,,0,,,,,8,52,103,30,60,0.9992737362704976,0.17320508075688776
2026-08-31T22:08:19.663,125338906,P024,heavy_pressure,QUALITY,,,,819,4890787,109974,119532,110263.36,119707.3,-289.36,-175.3,-230.29,268.79,False,False,nan,True,0.4826,89.89,73.09,True,0,COLLECTING,0,,0,,,,,8,52,103,30,60,0.9992737362704976,0.17320508075688776
2026-08-31T22:08:19.687,125338937,P024,heavy_pressure,QUALITY,,,,820,4890827,109974,119529,110257.57,119703.73,-283.57,-174.73,-216.4,267.74,False,False,nan,True,0.4826,89.89,73.09,True,0,COLLECTING,0,,0,,,,,8,52,103,30,60,0.9992737362704976,0.17320508075688776
2026-08-31T22:08:19.727,125338984,P024,heavy_pressure,QUALITY,,,,821,4890867,109979,119568,110252.0,119701.02,-273.0,-133.02,-195.56,266.29,False,False,nan,True,0.4826,89.89,73.09,True,0,COLLECTING,0,,0,,,,,8,52,103,30,60,0.9992737362704976,0.17320508075688776
2026-08-31T22:08:19.842,125339093,P024,heavy_pressure,QUALITY,,,,822,4890907,109913,119420,110245.22,119695.41,-332.22,-275.41,-215.52,265.28,False,False,nan,True,0.4826,89.89,73.09,True,0,COLLECTING,0,,0,,,,,8,52,103,30,60,0.9992737362704976,0.17320508075688776
2026-08-31T22:08:19.854,125339109,P024,heavy_pressure,QUALITY,,,,823,4890947,109830,119298,110236.91,119687.46,-406.91,-389.46,-259.0,265.15,False,False,nan,True,0.4826,89.89,73.09,True,0,COLLECTING,0,,0,,,,,8,52,103,30,60,0.9992737362704976,0.17320508075688776
2026-08-31T22:08:19.863,125339109,P024,heavy_pressure,QUALITY,,,,824,4890987,109850,119337,110229.18,119680.45,-379.18,-343.45,-280.12,265.45,False,False,nan,True,0.4826,89.89,73.09,True,0,COLLECTING,0,,0,,,,,8,52,103,30,60,0.9992737362704976,0.17320508075688776
2026-08-31T22:08:19.886,125339140,P024,heavy_pressure,QUALITY,,,,825,4891027,109850,119377,110221.59,119674.38,-371.59,-297.38,-284.43,265.83,False,False,nan,True,0.4826,89.89,73.09,True,0,COLLECTING,0,,0,,,,,8,52,103,30,60,0.9992737362704976,0.17320508075688776
2026-08-31T22:08:19.927,125339171,P024,heavy_pressure,QUALITY,,,,826,4891067,109835,119457,110213.86,119670.04,-378.86,-213.04,-266.58,265.85,False,False,nan,True,0.4826,89.89,73.09,True,0,COLLECTING,0,,0,,,,,8,52,103,30,60,0.9992737362704976,0.17320508075688776
2026-08-31T22:08:20.043,125339296,P024,heavy_pressure,QUALITY,,,,827,4891107,109837,119484,110206.32,119666.32,-369.32,-182.32,-245.52,265.44,False,False,nan,True,0.4826,89.89,73.09,True,0,COLLECTING,0,,0,,,,,7,52,103,30,60,0.9992737362704976,0.17320508075688776
2026-08-31T22:08:20.054,125339312,P024,heavy_pressure,QUALITY,,,,828,4891147,109865,119506,110199.49,119663.12,-334.49,-157.12,-223.42,264.6,False,False,nan,True,0.4826,89.89,73.09,True,0,COLLECTING,0,,0,,,,,7,52,103,30,60,0.9992737362704976,0.17320508075688776
2026-08-31T22:08:20.063,125339312,P024,heavy_pressure,QUALITY,,,,829,4891187,109777,119471,110191.04,119659.27,-414.04,-188.27,-214.63,263.6,False,False,nan,True,0.4826,89.89,73.09,True,0,COLLECTING,0,,0,,,,,7,52,103,30,60,0.9992737362704976,0.17320508075688776
2026-08-31T22:08:20.086,125339343,P024,heavy_pressure,QUALITY,,,,830,4891227,109832,119463,110183.86,119655.35,-351.86,-192.35,-209.06,262.51,False,False,nan,True,0.4826,89.89,73.09,True,0,COLLECTING,0,,0,,,,,7,52,103,30,60,0.9992737362704976,0.17320508075688776
2026-08-31T22:08:20.127,125339375,P024,heavy_pressure,QUALITY,,,,831,4891267,109829,119454,110176.77,119651.33,-347.77,-197.33,-206.13,261.38,False,False,nan,True,0.4826,89.89,73.09,True,0,COLLECTING,0,,0,,,,,7,52,103,30,60,0.9992737362704976,0.17320508075688776
2026-08-31T22:08:20.244,125339500,P024,heavy_pressure,QUALITY,,,,832,4891307,109849,119532,110170.21,119648.95,-321.21,-116.95,-183.83,259.83,False,False,nan,True,0.4826,89.89,73.09,True,0,COLLECTING,0,,0,,,,,7,52,103,30,60,1.0001624867990202,0.17320508075688776
2026-08-31T22:08:20.254,125339500,P024,heavy_pressure,QUALITY,,,,833,4891347,109797,119510,110162.75,119646.16,-365.75,-136.16,-171.92,258.07,False,False,nan,True,0.4826,89.89,73.09,True,0,COLLECTING,0,,0,,,,,7,52,103,30,60,1.0001624867990202,0.17320508075688776
2026-08-31T22:08:20.263,125339515,P024,heavy_pressure,QUALITY,,,,834,4891387,109850,119549,110156.49,119644.22,-306.49,-95.22,-152.74,255.97,False,False,nan,True,0.4826,89.89,73.09,True,0,COLLECTING,0,,0,,,,,7,52,103,30,60,1.0001624867990202,0.17320508075688776
2026-08-31T22:08:20.286,125339531,P024,heavy_pressure,QUALITY,,,,835,4891427,109852,119535,110150.41,119642.03,-298.41,-107.03,-141.31,253.67,False,False,nan,True,0.4826,89.89,73.09,True,0,COLLECTING,0,,0,,,,,7,52,103,30,60,1.0001624867990202,0.17320508075688776
2026-08-31T22:08:20.326,125339578,P024,heavy_pressure,QUALITY,,,,836,4891467,109881,119565,110145.02,119640.49,-264.02,-75.49,-124.86,251.1,False,False,nan,True,0.4826,89.89,73.09,True,0,COLLECTING,0,,0,,,,,7,52,103,30,60,1.0001624867990202,0.17320508075688776
2026-08-31T22:08:20.443,125339687,P024,heavy_pressure,QUALITY,,,,837,4891507,109866,119598,110139.44,119639.64,-273.44,-41.64,-104.05,248.16,False,False,nan,True,0.4826,89.89,73.09,True,0,COLLECTING,0,,0,,,,,6,52,103,30,60,0.9992737362704976,0.17320508075688776
2026-08-31T22:08:20.455,125339703,P024,heavy_pressure,QUALITY,,,,838,4891547,109931,119660,110135.27,119640.05,-204.27,19.95,-73.05,244.65,False,False,nan,True,0.4826,89.89,73.09,True,0,COLLECTING,0,,0,,,,,6,52,103,30,60,0.9992737362704976,0.17320508075688776
2026-08-31T22:08:20.465,125339718,P024,heavy_pressure,QUALITY,,,,839,4891587,109889,119622,110130.34,119639.69,-241.34,-17.69,-59.21,240.95,False,False,nan,True,0.4826,89.89,73.09,True,0,COLLECTING,0,,0,,,,,6,52,103,30,60,0.9992737362704976,0.17320508075688776
2026-08-31T22:08:20.486,125339734,P024,heavy_pressure,QUALITY,,,,840,4891627,109893,119607,110125.59,119639.03,-232.59,-32.03,-52.42,237.17,False,False,nan,True,0.4826,89.89,73.09,True,0,COLLECTING,0,,0,,,,,6,52,103,30,60,0.9992737362704976,0.17320508075688776
2026-08-31T22:08:20.527,125339781,P024,heavy_pressure,QUALITY,,,,841,4891667,109835,119468,110119.78,119635.61,-284.78,-167.61,-81.21,234.06,False,False,nan,True,0.4826,89.89,73.09,True,0,COLLECTING,0,,0,,,,,6,52,103,30,60,0.9992737362704976,0.17320508075688776
2026-08-31T22:08:20.643,125339890,P024,heavy_pressure,QUALITY,,,,842,4891707,109780,119419,110112.98,119631.27,-332.98,-212.27,-113.98,231.65,False,False,nan,True,0.4826,89.89,73.09,True,0,COLLECTING,0,,0,,,,,6,52,103,30,60,0.9988718636541927,0.17320508075688776
2026-08-31T22:08:20.654,125339906,P024,heavy_pressure,QUALITY,,,,843,4891747,109793,119496,110106.59,119628.57,-313.59,-132.57,-118.63,229.39,False,False,nan,True,0.4826,89.89,73.09,True,0,COLLECTING,0,,0,,,,,6,52,103,30,60,0.9988718636541927,0.17320508075688776
2026-08-31T22:08:20.664,125339921,P024,heavy_pressure,QUALITY,,,,844,4891787,109859,119543,110101.63,119626.86,-242.63,-83.86,-109.94,227.0,False,False,nan,True,0.4826,89.89,73.09,True,0,COLLECTING,0,,0,,,,,6,52,103,30,60,0.9988718636541927,0.17320508075688776
2026-08-31T22:08:20.687,125339937,P024,heavy_pressure,QUALITY,,,,845,4891827,109866,119592,110096.92,119626.16,-230.92,-34.16,-90.99,224.28,False,False,nan,True,0.4826,89.89,73.09,True,0,COLLECTING,0,,0,,,,,6,52,103,30,60,0.9988718636541927,0.17320508075688776
2026-08-31T22:08:20.728,125339984,P024,heavy_pressure,QUALITY,,,,846,4891867,109871,119615,110092.41,119625.94,-221.41,-10.94,-70.98,221.22,False,False,nan,True,0.4826,89.89,73.09,True,0,COLLECTING,0,,0,,,,,6,52,103,30,60,0.9988718636541927,0.17320508075688776
2026-08-31T22:08:20.843,125340093,P024,heavy_pressure,QUALITY,,,,847,4891907,109847,119552,110087.5,119624.46,-240.5,-72.46,-71.35,218.22,False,False,nan,True,0.4826,89.89,73.09,True,0,COLLECTING,0,,0,,,,,6,52,103,30,60,0.9997609714326721,0.17320508075688776
2026-08-31T22:08:20.852,125340109,P024,heavy_pressure,QUALITY,,,,848,4891947,109805,119538,110081.85,119622.73,-276.85,-84.73,-74.7,215.35,False,False,nan,True,0.4826,89.89,73.09,True,0,COLLECTING,0,,0,,,,,6,52,103,30,60,0.9997609714326721,0.17320508075688776
2026-08-31T22:08:20.863,125340109,P024,heavy_pressure,QUALITY,,,,849,4891987,109810,119550,110076.41,119621.28,-266.41,-71.28,-73.84,212.52,False,False,nan,True,0.4826,89.89,73.09,True,0,COLLECTING,0,,0,,,,,6,52,103,30,60,0.9997609714326721,0.17320508075688776
2026-08-31T22:08:20.886,125340140,P024,heavy_pressure,QUALITY,,,,850,4892027,109860,119575,110072.09,119620.36,-212.09,-45.36,-66.72,209.6,False,False,nan,True,0.4826,89.89,73.09,True,0,COLLECTING,0,,0,,,,,6,52,103,30,60,0.9997609714326721,0.17320508075688776
2026-08-31T22:08:20.926,125340171,P024,heavy_pressure,QUALITY,,,,851,4892067,109858,119592,110067.8,119619.79,-209.8,-27.79,-56.99,206.55,False,False,nan,True,0.4826,89.89,73.09,True,0,COLLECTING,0,,0,,,,,6,52,103,30,60,0.9997609714326721,0.17320508075688776
2026-08-31T22:08:21.044,125340296,P024,heavy_pressure,QUALITY,,,,852,4892107,109870,119616,110063.85,119619.71,-193.85,-3.71,-43.67,203.29,False,False,nan,True,0.4826,89.89,73.09,True,0,COLLECTING,0,,0,,,,,6,52,103,30,60,1.0001624867990202,0.17320508075688776
2026-08-31T22:08:21.051,125340296,P024,heavy_pressure,QUALITY,,,,853,4892147,109846,119616,110059.49,119619.64,-213.49,-3.64,-33.66,199.9,False,False,nan,True,0.4826,89.89,73.09,True,0,COLLECTING,0,,0,,,,,6,52,103,30,60,1.0001624867990202,0.17320508075688776
2026-08-31T22:08:21.063,125340312,P024,heavy_pressure,QUALITY,,,,854,4892187,109823,119612,110054.77,119619.48,-231.77,-7.48,-27.12,196.45,False,False,nan,True,0.4826,89.89,73.09,True,0,COLLECTING,0,,0,,,,,6,52,103,30,60,1.0001624867990202,0.17320508075688776
2026-08-31T22:08:21.087,125340343,P024,heavy_pressure,QUALITY,,,,855,4892227,109850,119614,110050.67,119619.38,-200.67,-5.38,-21.68,192.95,False,False,nan,True,0.4826,89.89,73.09,True,0,COLLECTING,0,,0,,,,,6,52,103,30,60,1.0001624867990202,0.17320508075688776
2026-08-31T22:08:21.127,125340375,P024,heavy_pressure,QUALITY,,,,856,4892267,109853,119625,110046.72,119619.48,-193.72,5.52,-14.88,189.39,False,False,nan,True,0.4826,89.89,73.09,True,0,COLLECTING,0,,0,,,,,6,52,103,30,60,1.0001624867990202,0.17320508075688776
2026-08-31T22:08:21.243,125340500,P024,heavy_pressure,QUALITY,,,,857,4892307,109819,119637,110042.16,119619.84,-223.16,17.16,-6.87,185.74,False,False,nan,True,0.4826,89.89,73.09,True,0,COLLECTING,0,,0,,,,,6,52,103,30,60,1.0001624867990202,0.17320508075688776
2026-08-31T22:08:21.252,125340500,P024,heavy_pressure,QUALITY,,,,858,4892347,109800,119557,110037.32,119618.58,-237.32,-61.58,-20.55,182.43,False,False,nan,True,0.4826,89.89,73.09,True,0,COLLECTING,0,,0,,,,,6,52,103,30,60,1.0001624867990202,0.17320508075688776
2026-08-31T22:08:21.262,125340515,P024,heavy_pressure,QUALITY,,,,859,4892387,109688,119384,110030.34,119613.88,-342.34,-229.88,-72.88,180.24,False,False,nan,True,0.4826,89.89,73.09,True,0,COLLECTING,0,,0,,,,,6,52,103,30,60,1.0001624867990202,0.17320508075688776
2026-08-31T22:08:21.286,125340531,P024,heavy_pressure,QUALITY,,,,860,4892427,109685,119366,110023.43,119608.92,-338.43,-242.92,-115.39,178.95,False,False,nan,True,0.4826,89.89,73.09,True,0,COLLECTING,0,,0,,,,,6,52,103,30,60,1.0001624867990202,0.17320508075688776
2026-08-31T22:08:21.326,125340578,P024,heavy_pressure,QUALITY,,,,861,4892467,109712,119409,110017.2,119604.92,-305.2,-195.92,-135.52,178.08,False,False,nan,True,0.4826,89.89,73.09,True,0,COLLECTING,0,,0,,,,,6,52,103,30,60,1.0001624867990202,0.17320508075688776
2026-08-31T22:08:21.443,125340687,P024,heavy_pressure,QUALITY,,,,862,4892507,109725,119462,110011.36,119602.06,-286.36,-140.06,-136.66,177.25,False,False,nan,True,0.4826,89.89,73.09,True,0,COLLECTING,0,,0,,,,,6,52,103,30,60,0.9992737362704976,0.17320508075688776
2026-08-31T22:08:21.454,125340703,P024,heavy_pressure,QUALITY,,,,863,4892547,109760,119500,110006.34,119600.02,-246.34,-100.02,-127.5,176.25,False,False,nan,True,0.4826,89.89,73.09,True,0,COLLECTING,0,,0,,,,,6,52,103,30,60,0.9992737362704976,0.17320508075688776
2026-08-31T22:08:21.463,125340718,P024,heavy_pressure,QUALITY,,,,864,4892587,109749,119502,110001.19,119598.06,-252.19,-96.06,-119.64,175.12,False,False,nan,True,0.4826,89.89,73.09,True,0,COLLECTING,0,,0,,,,,6,52,103,30,60,0.9992737362704976,0.17320508075688776
2026-08-31T22:08:21.488,125340734,P024,heavy_pressure,QUALITY,,,,865,4892627,109735,119479,109995.87,119595.68,-260.87,-116.68,-118.9,174.0,False,False,nan,True,0.4826,89.89,73.09,True,0,COLLECTING,0,,0,,,,,6,52,103,30,60,0.9992737362704976,0.17320508075688776
2026-08-31T22:08:21.526,125340781,P024,heavy_pressure,QUALITY,,,,866,4892667,109728,119464,109990.51,119593.05,-262.51,-129.05,-121.44,172.95,False,False,nan,True,0.4826,89.89,73.09,True,0,COLLECTING,0,,0,,,,,6,52,103,30,60,0.9992737362704976,0.17320508075688776
2026-08-31T22:08:21.643,125340890,P024,heavy_pressure,QUALITY,,,,867,4892707,109741,119470,109985.52,119590.59,-244.52,-120.59,-121.22,171.91,False,False,nan,True,0.4826,89.89,73.09,True,0,COLLECTING,0,,0,,,,,6,52,103,30,60,0.9997609714326721,0.17320508075688776
2026-08-31T22:08:21.653,125340906,P024,heavy_pressure,QUALITY,,,,868,4892747,109730,119508,109980.41,119588.94,-250.41,-80.94,-111.15,170.7,False,False,nan,True,0.4826,89.89,73.09,True,0,COLLECTING,0,,0,,,,,6,52,103,30,60,0.9997609714326721,0.17320508075688776
2026-08-31T22:08:21.663,125340906,P024,heavy_pressure,QUALITY,,,,869,4892787,109764,119531,109976.08,119587.78,-212.08,-56.78,-97.56,169.23,False,False,nan,True,0.4826,89.89,73.09,True,0,COLLECTING,0,,0,,,,,6,52,103,30,60,0.9997609714326721,0.17320508075688776
2026-08-31T22:08:21.699,125340953,P024,heavy_pressure,QUALITY,,,,870,4892827,109779,119555,109972.13,119587.12,-193.13,-32.12,-81.2,167.47,False,False,nan,True,0.4826,89.89,73.09,True,0,COLLECTING,0,,0,,,,,6,52,103,30,60,0.9997609714326721,0.17320508075688776
2026-08-31T22:08:21.727,125340984,P024,heavy_pressure,QUALITY,,,,871,4892867,109802,119585,109968.73,119587.09,-166.73,-2.09,-61.42,165.35,False,False,nan,True,0.4826,89.89,73.09,True,0,COLLECTING,0,,0,,,,,6,52,103,30,60,0.9997609714326721,0.17320508075688776
2026-08-31T22:08:21.844,125341093,P024,heavy_pressure,QUALITY,,,,872,4892907,109816,119593,109965.67,119587.2,-149.67,5.8,-44.62,162.94,False,False,nan,True,0.4826,89.89,73.09,True,0,COLLECTING,0,,0,,,,,6,52,103,30,60,1.0001624867990202,0.17320508075688776
2026-08-31T22:08:21.851,125341109,P024,heavy_pressure,QUALITY,,,,873,4892947,109816,119604,109962.68,119587.54,-146.68,16.46,-29.35,160.27,False,False,nan,True,0.4826,89.89,73.09,True,0,COLLECTING,0,,0,,,,,6,52,103,30,60,1.0001624867990202,0.17320508075688776
2026-08-31T22:08:21.861,125341109,P024,heavy_pressure,QUALITY,,,,874,4892987,109829,119625,109960.01,119588.29,-131.01,36.71,-12.83,157.32,False,False,nan,True,0.4826,89.89,73.09,True,0,COLLECTING,0,,0,,,,,6,52,103,30,60,1.0001624867990202,0.17320508075688776
2026-08-31T22:08:21.886,125341140,P024,heavy_pressure,QUALITY,,,,875,4893027,109868,119686,109958.16,119590.24,-90.16,95.76,14.31,154.46,False,False,nan,True,0.4826,89.89,73.09,True,0,COLLECTING,0,,0,,,,,6,52,103,30,60,1.0001624867990202,0.17320508075688776
2026-08-31T22:08:21.927,125341171,P024,heavy_pressure,QUALITY,,,,876,4893067,109916,119719,109957.32,119592.82,-41.32,126.18,42.28,152.21,False,False,nan,True,0.4826,89.89,73.09,True,0,COLLECTING,0,,0,,,,,6,52,103,30,60,1.0001624867990202,0.17320508075688776
2026-08-31T22:08:22.043,125341296,P024,heavy_pressure,QUALITY,,,,877,4893107,109861,119584,109955.39,119592.64,-94.39,-8.64,29.55,149.76,False,False,nan,True,0.4826,89.89,73.09,True,0,COLLECTING,0,,0,,,,,6,52,103,30,60,0.9999429983754075,0.17320508075688776
2026-08-31T22:08:22.051,125341296,P024,heavy_pressure,QUALITY,,,,878,4893147,109829,119525,109952.86,119591.29,-123.86,-66.29,5.59,146.88,False,False,nan,True,0.4826,89.89,73.09,True,0,COLLECTING,0,,0,,,,,6,52,103,30,60,0.9999429983754075,0.17320508075688776
2026-08-31T22:08:22.061,125341312,P024,heavy_pressure,QUALITY,,,,879,4893187,109857,119584,109950.95,119591.14,-93.95,-7.14,2.41,143.99,False,False,nan,True,0.1712,89.89,78.09,False,0,COLLECTING,0,,0,,,,,6,52,103,30,60,0.9999429983754075,0.17320508075688776
2026-08-31T22:08:22.085,125341343,P024,heavy_pressure,QUALITY,,,,880,4893227,109884,119625,109949.61,119591.82,-65.61,33.18,10.1,141.31,False,False,nan,True,0.1712,89.89,78.09,False,0,COLLECTING,0,,0,,,,,6,52,103,30,60,0.9999429983754075,0.17320508075688776
2026-08-31T22:08:22.127,125341375,P024,heavy_pressure,QUALITY,,,,881,4893267,109931,119688,109949.23,119593.74,-18.23,94.26,31.14,139.11,False,False,nan,True,0.1712,89.89,78.09,False,0,COLLECTING,0,,0,,,,,6,52,103,30,60,0.9999429983754075,0.17320508075688776
2026-08-31T22:08:22.243,125341500,P024,heavy_pressure,QUALITY,,,,882,4893307,109958,119704,109949.41,119595.95,8.59,108.05,50.37,137.33,False,False,nan,True,0.1712,89.89,78.09,False,0,COLLECTING,0,,0,,,,,6,52,103,30,60,0.9992737362704976,0.17320508075688776
2026-08-31T22:08:22.252,125341500,P024,heavy_pressure,QUALITY,,,,883,4893347,109914,119655,109948.7,119597.12,-34.7,57.88,52.25,135.63,False,False,nan,True,0.1712,89.89,78.09,False,0,COLLECTING,0,,0,,,,,6,52,103,30,60,0.9992737362704976,0.17320508075688776
2026-08-31T22:08:22.261,125341515,P024,heavy_pressure,QUALITY,,,,884,4893387,109919,119637,109948.1,119597.92,-29.1,39.08,48.95,133.9,False,False,nan,True,0.1712,89.89,78.09,False,0,COLLECTING,0,,0,,,,,6,52,103,30,60,0.9992737362704976,0.17320508075688776
2026-08-31T22:08:22.285,125341531,P024,heavy_pressure,QUALITY,,,,885,4893427,109924,119658,109947.62,119599.12,-23.62,58.88,51.43,132.25,False,False,nan,True,0.1712,89.89,78.09,False,0,COLLECTING,0,,0,,,,,6,52,103,30,60,0.9992737362704976,0.17320508075688776
2026-08-31T22:08:22.327,125341578,P024,heavy_pressure,QUALITY,,,,886,4893467,109941,119702,109947.48,119601.18,-6.48,100.82,63.78,130.88,False,False,nan,True,0.1712,89.89,78.09,False,0,COLLECTING,0,,0,,,,,6,52,103,30,60,0.9992737362704976,0.17320508075688776
2026-08-31T22:08:22.443,125341687,P024,heavy_pressure,QUALITY,,,,887,4893507,109952,119719,109947.58,119603.54,4.42,115.46,76.7,129.79,False,False,nan,True,0.1712,89.89,78.09,False,0,COLLECTING,0,,0,,,,,6,52,103,30,60,1.0001624867990202,0.17320508075688776
2026-08-31T22:08:22.452,125341703,P024,heavy_pressure,QUALITY,,,,888,4893547,109953,119737,109947.69,119606.21,5.31,130.79,90.22,129.0,False,False,nan,True,0.1712,89.89,78.09,False,0,COLLECTING,0,,0,,,,,6,52,103,30,60,1.0001624867990202,0.17320508075688776
2026-08-31T22:08:22.461,125341718,P024,heavy_pressure,QUALITY,,,,889,4893587,109962,119754,109947.98,119609.16,14.02,144.84,103.88,128.5,False,False,nan,True,0.1712,89.89,78.09,False,0,COLLECTING,0,,0,,,,,6,52,103,30,60,1.0001624867990202,0.17320508075688776
2026-08-31T22:08:22.486,125341734,P024,heavy_pressure,QUALITY,,,,890,4893627,109926,119733,109947.54,119611.64,-21.54,121.36,108.25,128.1,False,False,nan,True,0.1712,89.89,78.09,False,0,COLLECTING,0,,0,,,,,6,52,103,30,60,1.0001624867990202,0.17320508075688776
2026-08-31T22:08:22.526,125341781,P024,heavy_pressure,QUALITY,,,,891,4893667,109911,119724,109946.8,119613.89,-35.8,110.11,108.71,127.71,False,False,nan,True,0.1712,89.89,78.09,False,0,COLLECTING,0,,0,,,,,6,52,103,30,60,1.0001624867990202,0.17320508075688776
2026-08-31T22:08:22.644,125341890,P024,heavy_pressure,QUALITY,,,,892,4893707,109909,119761,109946.05,119616.84,-37.05,144.16,117.58,127.51,False,False,nan,True,0.1712,89.89,78.09,False,0,COLLECTING,0,,0,,,,,6,52,103,30,60,1.0001624867990202,0.17320508075688776
2026-08-31T22:08:22.652,125341906,P024,heavy_pressure,QUALITY,,,,893,4893747,109892,119748,109944.97,119619.46,-52.97,128.54,120.32,127.36,False,False,nan,True,0.1712,89.89,78.09,False,0,COLLECTING,0,,0,,,,,6,52,103,30,60,1.0001624867990202,0.17320508075688776
2026-08-31T22:08:22.662,125341906,P024,heavy_pressure,QUALITY,,,,894,4893787,109915,119796,109944.37,119622.99,-29.37,173.01,133.49,127.48,False,False,nan,True,0.1712,89.89,78.09,False,0,COLLECTING,0,,0,,,,,6,52,103,30,60,1.0001624867990202,0.17320508075688776
2026-08-31T22:08:22.686,125341937,P024,heavy_pressure,QUALITY,,,,895,4893827,109912,119768,109943.72,119625.89,-31.72,142.11,135.64,127.65,False,False,nan,True,0.1712,89.89,78.09,False,0,COLLECTING,0,,0,,,,,6,52,103,30,60,1.0001624867990202,0.17320508075688776
2026-08-31T22:08:22.727,125341984,P024,heavy_pressure,QUALITY,,,,896,4893867,109889,119667,109942.62,119626.71,-53.62,40.29,111.81,127.33,True,False,nan,True,0.1712,89.89,78.09,False,0,COLLECTING,0,,0,,,,,6,52,103,30,60,1.0001624867990202,0.17320508075688776
2026-08-31T22:08:22.844,125342093,P024,heavy_pressure,QUALITY,,,,897,4893907,109906,119704,109941.89,119628.26,-35.89,75.74,102.79,126.84,False,False,nan,True,0.1712,89.89,78.09,False,0,COLLECTING,0,,0,,,,,6,52,103,30,60,0.9992737362704976,0.17320508075688776
2026-08-31T22:08:22.851,125342109,P024,heavy_pressure,QUALITY,,,,898,4893947,109925,119760,109941.55,119630.89,-16.55,129.11,109.37,126.49,False,False,nan,True,0.1712,89.89,78.09,False,0,COLLECTING,0,,0,,,,,6,52,103,30,60,0.9992737362704976,0.17320508075688776
2026-08-31T22:08:22.862,125342109,P024,heavy_pressure,QUALITY,,,,899,4893987,109892,119734,109940.56,119632.95,-48.56,101.05,107.29,126.11,True,False,nan,True,0.1712,89.89,78.09,False,0,COLLECTING,0,,0,,,,,6,52,103,30,60,0.9992737362704976,0.17320508075688776
2026-08-31T22:08:22.887,125342140,P024,heavy_pressure,QUALITY,,,,900,4894027,109892,119743,109939.59,119635.16,-47.59,107.84,107.43,125.73,False,False,nan,True,0.1712,89.89,78.09,False,0,COLLECTING,0,,0,,,,,6,52,103,30,60,0.9992737362704976,0.17320508075688776
2026-08-31T22:08:22.927,125342171,P024,heavy_pressure,QUALITY,,,,901,4894067,109906,119752,109938.92,119637.49,-32.92,114.51,109.2,125.4,False,False,nan,True,0.1712,89.89,78.09,False,0,COLLECTING,0,,0,,,,,6,52,103,30,60,0.9992737362704976,0.17320508075688776
2026-08-31T22:08:23.044,125342296,P024,heavy_pressure,QUALITY,,,,902,4894107,109887,119739,109937.88,119639.52,-50.88,99.48,106.77,125.03,True,False,nan,True,0.1712,89.89,78.09,False,0,COLLECTING,0,,0,,,,,6,52,103,30,60,0.9997609714326721,0.17320508075688776
2026-08-31T22:08:23.051,125342296,P024,heavy_pressure,QUALITY,,,,903,4894147,109928,119795,109937.69,119642.63,-9.69,152.37,118.17,124.89,False,False,nan,True,0.1712,89.89,78.09,False,0,COLLECTING,0,,0,,,,,6,52,103,30,60,0.9997609714326721,0.17320508075688776
2026-08-31T22:08:23.061,125342312,P024,heavy_pressure,QUALITY,,,,904,4894187,109961,119859,109938.16,119646.96,22.84,212.04,141.64,125.23,False,False,nan,True,0.1712,89.89,78.09,False,0,COLLECTING,0,,0,,,,,6,52,103,30,60,0.9997609714326721,0.17320508075688776
2026-08-31T22:08:23.086,125342343,P024,heavy_pressure,QUALITY,,,,905,4894227,109987,119927,109939.13,119652.56,47.87,274.44,174.84,126.22,False,False,nan,True,0.1712,89.89,78.09,False,0,COLLECTING,0,,0,,,,,6,52,103,30,60,0.9997609714326721,0.17320508075688776
2026-08-31T22:08:23.125,125342375,P024,heavy_pressure,QUALITY,,,,906,4894267,110022,119979,109940.79,119659.09,81.21,319.91,211.1,127.92,False,False,nan,True,0.1712,89.89,78.09,False,0,COLLECTING,0,,0,,,,,6,52,103,30,60,0.9997609714326721,0.17320508075688776
2026-08-31T22:08:23.243,125342500,P024,heavy_pressure,QUALITY,,,,907,4894307,110032,120000,109942.61,119665.91,89.39,334.09,241.85,130.2,False,False,nan,True,0.1712,89.89,78.09,False,0,COLLECTING,0,,0,,,,,6,52,103,30,60,0.9992737362704976,0.17320508075688776
2026-08-31T22:08:23.250,125342500,P024,heavy_pressure,QUALITY,,,,908,4894347,110009,119984,109943.94,119672.27,65.06,311.73,259.32,132.78,False,False,nan,True,0.1712,89.89,78.09,False,0,COLLECTING,0,,0,,,,,6,52,103,30,60,0.9992737362704976,0.17320508075688776
2026-08-31T22:08:23.261,125342515,P024,heavy_pressure,QUALITY,,,,909,4894387,110011,120004,109945.28,119678.91,65.72,325.09,275.76,135.64,False,False,nan,True,0.1712,89.89,78.09,False,0,COLLECTING,0,,0,,,,,6,52,103,30,60,0.9992737362704976,0.17320508075688776
2026-08-31T22:08:23.286,125342531,P024,heavy_pressure,QUALITY,,,,910,4894427,110011,119994,109946.59,119685.21,64.41,308.79,284.02,138.61,False,False,nan,True,0.1712,89.89,78.09,False,0,COLLECTING,0,,0,,,,,6,52,103,30,60,0.9992737362704976,0.17320508075688776
2026-08-31T22:08:23.326,125342578,P024,heavy_pressure,QUALITY,,,,911,4894467,110006,119997,109947.78,119691.45,58.22,305.55,289.4,141.62,False,False,nan,True,0.1712,89.89,78.09,False,0,COLLECTING,0,,0,,,,,6,52,103,30,60,0.9992737362704976,0.17320508075688776
2026-08-31T22:08:23.443,125342687,P024,heavy_pressure,QUALITY,,,,912,4894507,110027,120047,109949.37,119698.55,77.63,348.45,304.16,144.87,False,False,nan,True,0.1712,89.89,78.09,False,0,COLLECTING,0,,0,,,,,6,52,103,30,60,0.9997609714326721,0.17320508075688776
2026-08-31T22:08:23.451,125342703,P024,heavy_pressure,QUALITY,,,,913,4894547,110019,120031,109950.76,119705.2,68.24,325.8,309.57,148.17,False,False,nan,True,0.1712,89.89,78.09,False,0,COLLECTING,0,,0,,,,,6,52,103,30,60,0.9997609714326721,0.17320508075688776
2026-08-31T22:08:23.462,125342718,P024,heavy_pressure,QUALITY,,,,914,4894587,109956,119910,109950.86,119709.3,5.14,200.7,282.35,150.85,True,True,720.0,True,0.172,90.57,78.09,False,0,COLLECTING,0,,0,,,,,6,52,103,30,60,0.9997609714326721,0.17320508075688776
2026-08-31T22:08:23.487,125342734,P024,heavy_pressure,QUALITY,,,,915,4894627,109880,119759,109949.45,119710.29,-69.45,48.71,223.94,152.31,False,False,nan,True,0.172,90.57,78.09,False,0,COLLECTING,0,,0,,,,,6,52,103,30,60,0.9997609714326721,0.17320508075688776
2026-08-31T22:08:23.526,125342781,P024,heavy_pressure,QUALITY,,,,916,4894667,109851,119739,109947.48,119710.86,-96.48,28.14,174.99,152.77,False,False,nan,True,0.172,90.57,78.09,False,0,COLLECTING,0,,0,,,,,6,52,103,30,60,0.9997609714326721,0.17320508075688776
2026-08-31T22:08:23.643,125342890,P024,heavy_pressure,QUALITY,,,,917,4894707,109872,119807,109945.97,119712.78,-73.97,94.22,154.8,152.81,False,False,nan,True,0.172,90.57,78.09,False,0,COLLECTING,0,,0,,,,,7,52,103,30,60,0.9997609714326721,0.17320508075688776
2026-08-31T22:08:23.650,125342906,P024,heavy_pressure,QUALITY,,,,918,4894747,109898,119860,109945.01,119715.73,-47.01,144.27,152.17,152.79,False,False,nan,True,0.172,90.57,78.09,False,0,COLLECTING,0,,0,,,,,7,52,103,30,60,0.9997609714326721,0.17320508075688776
2026-08-31T22:08:23.662,125342906,P024,heavy_pressure,QUALITY,,,,919,4894787,109901,119888,109944.12,119719.17,-43.12,168.83,156.33,152.86,False,False,nan,True,0.172,90.57,78.09,False,0,COLLECTING,0,,0,,,,,7,52,103,30,60,0.9997609714326721,0.17320508075688776
2026-08-31T22:08:23.687,125342937,P024,heavy_pressure,QUALITY,,,,920,4894827,109891,119864,109943.06,119722.07,-52.06,141.93,152.73,152.86,True,False,nan,True,0.172,90.57,78.09,False,0,COLLECTING,0,,0,,,,,7,52,103,30,60,0.9997609714326721,0.17320508075688776
2026-08-31T22:08:23.727,125342984,P024,heavy_pressure,QUALITY,,,,921,4894867,109879,119844,109941.78,119724.51,-62.78,119.49,144.42,152.69,False,False,nan,True,0.172,90.57,78.09,False,0,COLLECTING,0,,0,,,,,7,52,103,30,60,0.9997609714326721,0.17320508075688776
2026-08-31T22:08:23.843,125343093,P024,heavy_pressure,QUALITY,,,,922,4894907,109878,119840,109940.51,119726.82,-62.51,113.18,136.61,152.37,False,False,nan,True,0.172,90.57,78.09,False,0,COLLECTING,0,,0,,,,,7,52,103,30,60,1.0001624867990202,0.17320508075688776
2026-08-31T22:08:23.851,125343109,P024,heavy_pressure,QUALITY,,,,923,4894947,109895,119869,109939.6,119729.66,-44.6,139.34,137.29,152.07,False,False,nan,True,0.172,90.57,78.09,False,0,COLLECTING,0,,0,,,,,7,52,103,30,60,1.0001624867990202,0.17320508075688776
2026-08-31T22:08:23.862,125343109,P024,heavy_pressure,QUALITY,,,,924,4894987,109912,119921,109939.05,119733.49,-27.05,187.51,149.85,152.02,False,False,nan,True,0.172,90.57,78.09,False,0,COLLECTING,0,,0,,,,,7,52,103,30,60,1.0001624867990202,0.17320508075688776
2026-08-31T22:08:23.886,125343140,P024,heavy_pressure,QUALITY,,,,925,4895027,109915,119940,109938.56,119737.62,-23.56,202.38,162.98,152.24,False,False,nan,True,0.172,90.57,78.09,False,0,COLLECTING,0,,0,,,,,7,52,103,30,60,1.0001624867990202,0.17320508075688776
2026-08-31T22:08:23.927,125343171,P024,heavy_pressure,QUALITY,,,,926,4895067,109928,119958,109938.35,119742.03,-10.35,215.97,176.23,152.72,False,False,nan,True,0.172,90.57,78.09,False,0,COLLECTING,0,,0,,,,,7,52,103,30,60,1.0001624867990202,0.17320508075688776
2026-08-31T22:08:24.044,125343296,P024,heavy_pressure,QUALITY,,,,927,4895107,109942,119981,109938.42,119746.81,3.58,234.19,190.72,153.48,False,False,nan,True,0.172,90.57,78.09,False,0,COLLECTING,0,,0,,,,,7,52,103,30,60,0.9988718636541927,0.17320508075688776
2026-08-31T22:08:24.052,125343296,P024,heavy_pressure,QUALITY,,,,928,4895147,109972,120017,109939.09,119752.22,32.91,264.78,209.23,154.6,False,False,nan,True,0.172,90.57,78.09,False,0,COLLECTING,0,,0,,,,,7,52,103,30,60,0.9988718636541927,0.17320508075688776
2026-08-31T22:08:24.061,125343312,P024,heavy_pressure,QUALITY,,,,929,4895187,110064,120127,109941.59,119759.71,122.41,367.29,248.75,156.48,False,False,nan,True,0.172,90.57,78.09,False,0,COLLECTING,0,,0,,,,,7,52,103,30,60,0.9988718636541927,0.17320508075688776
2026-08-31T22:08:24.086,125343343,P024,heavy_pressure,QUALITY,,,,930,4895227,110197,120273,109946.7,119769.98,250.3,503.02,312.32,159.6,False,False,nan,True,0.172,90.57,78.09,False,0,COLLECTING,0,,0,,,,,7,52,103,30,60,0.9988718636541927,0.17320508075688776
2026-08-31T22:08:24.127,125343375,P024,heavy_pressure,QUALITY,,,,931,4895267,110279,120355,109953.35,119781.68,325.65,573.32,377.57,163.96,False,False,nan,True,0.172,90.57,78.09,False,0,COLLECTING,0,,0,,,,,7,52,103,30,60,0.9988718636541927,0.17320508075688776
2026-08-31T22:08:24.244,125343500,P024,heavy_pressure,QUALITY,,,,932,4895307,110302,120335,109960.33,119792.74,341.67,542.26,418.74,169.05,False,False,nan,True,0.172,90.57,78.09,False,0,COLLECTING,0,,0,,,,,7,52,103,30,60,1.0001624867990202,0.17320508075688776
2026-08-31T22:08:24.255,125343500,P024,heavy_pressure,QUALITY,,,,933,4895347,110254,120199,109966.2,119800.87,287.8,398.13,413.59,173.94,True,True,760.0,True,0.2179,84.96,78.09,False,0,COLLECTING,0,,0,,,,,7,52,103,30,60,1.0001624867990202,0.17320508075688776
2026-08-31T22:08:24.263,125343515,P024,heavy_pressure,QUALITY,,,,934,4895387,110301,120240,109972.9,119809.65,328.1,430.35,417.78,178.82,False,False,nan,True,0.2179,84.96,78.09,False,0,COLLECTING,0,,0,,,,,7,52,103,30,60,1.0001624867990202,0.17320508075688776
2026-08-31T22:08:24.287,125343531,P024,heavy_pressure,QUALITY,,,,935,4895427,110409,120381,109981.62,119821.08,427.38,559.92,453.31,184.31,False,False,nan,True,0.2179,84.96,78.09,False,0,COLLECTING,0,,0,,,,,7,52,103,30,60,1.0001624867990202,0.17320508075688776
2026-08-31T22:08:24.326,125343578,P024,heavy_pressure,QUALITY,,,,936,4895467,110474,120494,109991.46,119834.54,482.54,659.46,504.85,190.72,False,False,nan,True,0.2179,84.96,78.09,False,0,COLLECTING,0,,0,,,,,7,52,103,30,60,1.0001624867990202,0.17320508075688776
2026-08-31T22:08:24.444,125343687,P024,heavy_pressure,QUALITY,,,,937,4895507,110521,120548,110002.05,119848.8,518.95,699.2,553.44,197.98,False,False,nan,True,0.2179,84.96,78.09,False,0,COLLECTING,0,,0,,,,,8,52,103,30,60,1.0001624867990202,0.17320508075688776
2026-08-31T22:08:24.454,125343703,P024,heavy_pressure,QUALITY,,,,938,4895547,110524,120560,110012.49,119863.03,511.51,696.97,589.32,205.8,False,False,nan,True,0.2179,84.96,78.09,False,0,COLLECTING,0,,0,,,,,8,52,103,30,60,1.0001624867990202,0.17320508075688776
2026-08-31T22:08:24.463,125343718,P024,heavy_pressure,QUALITY,,,,939,4895587,110502,120530,110022.28,119876.37,479.72,653.63,605.4,213.79,False,False,nan,True,0.2179,84.96,78.09,False,0,COLLECTING,0,,0,,,,,8,52,103,30,60,1.0001624867990202,0.17320508075688776
2026-08-31T22:08:24.486,125343734,P024,heavy_pressure,QUALITY,,,,940,4895627,110496,120506,110031.76,119888.96,464.24,617.04,608.31,221.68,False,False,nan,True,0.2179,84.96,78.09,False,0,COLLECTING,0,,0,,,,,8,52,103,30,60,1.0001624867990202,0.17320508075688776
2026-08-31T22:08:24.526,125343781,P024,heavy_pressure,QUALITY,,,,941,4895667,110479,120492,110040.7,119901.02,438.3,590.98,603.98,229.33,True,False,nan,True,0.2179,84.96,78.09,False,0,COLLECTING,0,,0,,,,,8,52,103,30,60,1.0001624867990202,0.17320508075688776
2026-08-31T22:08:24.643,125343890,P024,heavy_pressure,QUALITY,,,,942,4895707,110483,120505,110049.55,119913.1,433.45,591.9,600.96,236.76,False,False,nan,True,0.2179,84.96,78.09,False,0,COLLECTING,0,,0,,,,,8,52,103,30,60,0.9988718636541927,0.17320508075688776
2026-08-31T22:08:24.653,125343906,P024,heavy_pressure,QUALITY,,,,943,4895747,110481,120507,110058.18,119924.98,422.82,582.02,596.22,243.95,False,False,nan,True,0.2179,84.96,78.09,False,0,COLLECTING,0,,0,,,,,8,52,103,30,60,0.9988718636541927,0.17320508075688776
2026-08-31T22:08:24.661,125343906,P024,heavy_pressure,QUALITY,,,,944,4895787,110487,120519,110066.76,119936.86,420.24,582.14,592.7,250.93,False,False,nan,True,0.2179,84.96,78.09,False,0,COLLECTING,0,,0,,,,,8,52,103,30,60,0.9988718636541927,0.17320508075688776
2026-08-31T22:08:24.695,125343953,P024,heavy_pressure,QUALITY,,,,945,4895827,110525,120570,110075.92,119949.52,449.08,620.48,599.65,257.9,False,False,nan,True,0.2179,84.96,78.09,False,0,COLLECTING,0,,0,,,,,8,52,103,30,60,0.9988718636541927,0.17320508075688776
2026-08-31T22:08:24.726,125343984,P024,heavy_pressure,QUALITY,,,,946,4895867,110566,120598,110085.73,119962.49,480.27,635.51,608.61,264.92,False,False,nan,True,0.2179,84.96,78.09,False,0,COLLECTING,0,,0,,,,,8,52,103,30,60,0.9988718636541927,0.17320508075688776
2026-08-31T22:08:24.843,125344093,P024,heavy_pressure,QUALITY,,,,947,4895907,110525,120555,110094.52,119974.34,430.48,580.66,601.62,271.65,True,True,560.0,True,0.2399,91.43,78.09,False,0,COLLECTING,0,,0,,,,,8,52,103,30,60,0.9997609714326721,0.17320508075688776
2026-08-31T22:08:24.854,125344109,P024,heavy_pressure,QUALITY,,,,948,4895947,110493,120517,110102.48,119985.2,390.52,531.8,584.17,277.9,False,False,nan,True,0.2399,91.43,78.09,False,0,COLLECTING,0,,0,,,,,8,52,103,30,60,0.9997609714326721,0.17320508075688776
2026-08-31T22:08:24.862,125344109,P024,heavy_pressure,QUALITY,,,,949,4895987,110460,120490,110109.63,119995.29,350.37,494.71,561.8,283.58,False,False,nan,True,0.2399,91.43,78.09,False,0,COLLECTING,0,,0,,,,,8,52,103,30,60,0.9997609714326721,0.17320508075688776
2026-08-31T22:08:24.887,125344140,P024,heavy_pressure,QUALITY,,,,950,4896027,110449,120492,110116.42,120005.23,332.58,486.77,543.05,288.77,False,False,nan,True,0.2399,91.43,78.09,False,0,COLLECTING,0,,0,,,,,8,52,103,30,60,0.9997609714326721,0.17320508075688776
2026-08-31T22:08:24.927,125344171,P024,heavy_pressure,QUALITY,,,,951,4896067,110466,120515,110123.41,120015.42,342.59,499.58,532.18,293.64,False,False,nan,True,0.2399,91.43,78.09,False,0,COLLECTING,0,,0,,,,,8,52,103,30,60,0.9997609714326721,0.17320508075688776
2026-08-31T22:08:25.043,125344296,P024,heavy_pressure,QUALITY,,,,952,4896107,110424,120426,110129.42,120023.63,294.58,402.37,499.73,297.76,False,False,nan,True,0.2399,91.43,78.09,False,0,COLLECTING,0,,0,,,,,9,52,103,30,60,0.9997609714326721,0.17320508075688776
2026-08-31T22:08:25.053,125344296,P024,heavy_pressure,QUALITY,,,,953,4896147,110378,120337,110134.39,120029.9,243.61,307.1,451.57,300.83,False,False,nan,True,0.2399,91.43,78.09,False,0,COLLECTING,0,,0,,,,,9,52,103,30,60,0.9997609714326721,0.17320508075688776
2026-08-31T22:08:25.062,125344312,P024,heavy_pressure,QUALITY,,,,954,4896187,110405,120405,110139.8,120037.4,265.2,367.6,430.58,303.43,False,False,nan,True,0.2399,91.43,78.09,False,0,COLLECTING,0,,0,,,,,9,52,103,30,60,0.9997609714326721,0.17320508075688776
2026-08-31T22:08:25.088,125344343,P024,heavy_pressure,QUALITY,,,,955,4896227,110443,120460,110145.87,120045.85,297.13,414.15,426.47,305.89,False,False,nan,True,0.2399,91.43,78.09,False,0,COLLECTING,0,,0,,,,,9,52,103,30,60,0.9997609714326721,0.17320508075688776
2026-08-31T22:08:25.127,125344375,P024,heavy_pressure,QUALITY,,,,956,4896267,110470,120502,110152.35,120054.98,317.65,447.02,431.61,308.4,False,False,nan,True,0.2399,91.43,78.09,False,0,COLLECTING,0,,0,,,,,9,52,103,30,60,0.9997609714326721,0.17320508075688776
2026-08-31T22:08:25.244,125344500,P024,heavy_pressure,QUALITY,,,,957,4896307,110481,120516,110158.92,120064.2,322.08,451.8,436.66,310.97,False,False,nan,True,0.2399,91.43,78.09,False,0,COLLECTING,0,,0,,,,,9,52,103,30,60,0.9997609714326721,0.17320508075688776
2026-08-31T22:08:25.252,125344500,P024,heavy_pressure,QUALITY,,,,958,4896347,110474,120529,110165.23,120073.49,308.77,455.51,441.37,313.58,False,False,nan,True,0.2399,91.43,78.09,False,0,COLLECTING,0,,0,,,,,9,52,103,30,60,0.9997609714326721,0.17320508075688776
2026-08-31T22:08:25.262,125344515,P024,heavy_pressure,QUALITY,,,,959,4896387,110494,120552,110171.8,120083.06,322.2,468.94,448.26,316.27,False,False,nan,True,0.2399,91.43,78.09,False,0,COLLECTING,0,,0,,,,,9,52,103,30,60,0.9997609714326721,0.17320508075688776
2026-08-31T22:08:25.287,125344531,P024,heavy_pressure,QUALITY,,,,960,4896427,110490,120556,110178.17,120092.52,311.83,463.48,452.07,318.99,False,False,nan,True,0.2399,91.43,78.09,False,0,COLLECTING,0,,0,,,,,9,52,103,30,60,0.9997609714326721,0.17320508075688776
2026-08-31T22:08:25.328,125344578,P024,heavy_pressure,QUALITY,,,,961,4896467,110502,120581,110184.65,120102.29,317.35,478.71,458.73,321.78,False,False,nan,True,0.2399,91.43,78.09,False,0,COLLECTING,0,,0,,,,,9,52,103,30,60,0.9997609714326721,0.17320508075688776
2026-08-31T22:08:25.444,125344687,P024,heavy_pressure,QUALITY,,,,962,4896507,110512,120623,110191.2,120112.7,320.8,510.3,471.62,324.78,False,False,nan,True,0.2399,91.43,78.09,False,0,COLLECTING,0,,0,,,,,9,52,103,30,60,1.0001624867990202,0.17320508075688776
2026-08-31T22:08:25.453,125344703,P024,heavy_pressure,QUALITY,,,,963,4896547,110512,120620,110197.61,120122.85,314.39,497.15,478.0,327.84,False,False,nan,True,0.2399,91.43,78.09,False,0,COLLECTING,0,,0,,,,,9,52,103,30,60,1.0001624867990202,0.17320508075688776
2026-08-31T22:08:25.462,125344718,P024,heavy_pressure,QUALITY,,,,964,4896587,110500,120610,110203.66,120132.59,296.34,477.41,477.85,330.84,True,True,680.0,True,0.2586,88.72,78.09,False,0,COLLECTING,0,,0,,,,,9,52,103,30,60,1.0001624867990202,0.17320508075688776
2026-08-31T22:08:25.487,125344734,P024,heavy_pressure,QUALITY,,,,965,4896627,110496,120626,110209.5,120142.46,286.5,483.54,479.27,333.81,False,False,nan,True,0.2586,88.72,78.09,False,0,COLLECTING,0,,0,,,,,9,52,103,30,60,1.0001624867990202,0.17320508075688776
2026-08-31T22:08:25.527,125344781,P024,heavy_pressure,QUALITY,,,,966,4896667,110474,120578,110214.79,120151.17,259.21,426.83,466.16,336.46,True,False,nan,True,0.2586,88.72,78.09,False,0,COLLECTING,0,,0,,,,,9,52,103,30,60,1.0001624867990202,0.17320508075688776
2026-08-31T22:08:25.644,125344890,P024,heavy_pressure,QUALITY,,,,967,4896707,110438,120528,110219.25,120158.71,218.75,369.29,441.94,338.57,False,False,nan,True,0.2586,88.72,78.09,False,0,COLLECTING,0,,0,,,,,10,52,103,30,60,1.0001624867990202,0.17320508075688776
2026-08-31T22:08:25.654,125344906,P024,heavy_pressure,QUALITY,,,,968,4896747,110373,120451,110222.33,120164.55,150.67,286.45,403.07,339.86,False,False,nan,True,0.2586,88.72,78.09,False,0,COLLECTING,0,,0,,,,,10,52,103,30,60,1.0001624867990202,0.17320508075688776
2026-08-31T22:08:25.662,125344906,P024,heavy_pressure,QUALITY,,,,969,4896787,110309,120384,110224.06,120168.95,84.94,215.05,356.07,340.18,False,False,nan,True,0.2586,88.72,78.09,False,0,COLLECTING,0,,0,,,,,10,52,103,30,60,1.0001624867990202,0.17320508075688776
2026-08-31T22:08:25.686,125344937,P024,heavy_pressure,QUALITY,,,,970,4896827,110308,120356,110225.74,120172.69,82.26,183.31,312.88,339.64,False,False,nan,True,0.2586,88.72,78.09,False,0,COLLECTING,0,,0,,,,,10,52,103,30,60,1.0001624867990202,0.17320508075688776
2026-08-31T22:08:25.727,125344984,P024,heavy_pressure,QUALITY,,,,971,4896867,110223,120214,110225.69,120173.52,-2.69,40.48,244.78,337.74,False,False,nan,True,0.2586,88.72,78.09,False,0,COLLECTING,0,,0,,,,,10,52,103,30,60,1.0001624867990202,0.17320508075688776
2026-08-31T22:08:25.843,125345093,P024,heavy_pressure,QUALITY,,,,972,4896907,110116,120046,110223.49,120170.97,-107.49,-124.97,152.34,334.03,False,False,nan,True,0.2586,88.72,78.09,False,0,COLLECTING,0,,0,,,,,10,52,103,30,60,0.9992737362704976,0.17320508075688776
2026-08-31T22:08:25.851,125345109,P024,heavy_pressure,QUALITY,,,,973,4896947,110087,120022,110220.77,120167.99,-133.77,-145.99,77.76,328.91,False,False,nan,True,0.2586,88.72,78.09,False,0,COLLECTING,0,,0,,,,,10,52,103,30,60,0.9992737362704976,0.17320508075688776
2026-08-31T22:08:25.863,125345109,P024,heavy_pressure,QUALITY,,,,974,4896987,110081,120016,110217.97,120164.95,-136.97,-148.95,21.08,322.75,False,False,nan,True,0.2586,88.72,78.09,False,0,COLLECTING,0,,0,,,,,10,52,103,30,60,0.9992737362704976,0.17320508075688776
2026-08-31T22:08:25.887,125345140,P024,heavy_pressure,QUALITY,,,,975,4897027,110069,120039,110214.99,120162.44,-145.99,-123.44,-15.05,316.6,False,False,nan,True,0.2586,88.72,78.09,False,0,COLLECTING,0,,0,,,,,10,52,103,30,60,0.9992737362704976,0.17320508075688776
2026-08-31T22:08:25.928,125345171,P024,heavy_pressure,QUALITY,,,,976,4897067,110053,120048,110211.75,120160.15,-158.75,-112.15,-39.32,311.05,False,False,nan,True,0.2586,88.72,78.09,False,0,COLLECTING,0,,0,,,,,10,52,103,30,60,0.9992737362704976,0.17320508075688776
2026-08-31T22:08:26.044,125345296,P024,heavy_pressure,QUALITY,,,,977,4897107,110040,120020,110208.31,120157.34,-168.31,-137.34,-63.83,306.11,False,False,nan,True,0.2586,88.72,78.09,False,0,COLLECTING,0,,0,,,,,10,52,103,30,60,0.9997609714326721,0.17320508075688776
2026-08-31T22:08:26.054,125345312,P024,heavy_pressure,QUALITY,,,,978,4897147,110017,119998,110204.48,120154.16,-187.48,-156.16,-86.91,301.72,False,False,nan,True,0.2586,88.72,78.09,False,0,COLLECTING,0,,0,,,,,10,52,103,30,60,0.9997609714326721,0.17320508075688776
2026-08-31T22:08:26.063,125345312,P024,heavy_pressure,QUALITY,,,,979,4897187,110029,120028,110200.98,120151.63,-171.98,-123.63,-96.09,297.61,False,False,nan,True,0.6193,88.72,91.3,True,0,COLLECTING,0,,0,,,,,10,52,103,30,60,0.9997609714326721,0.17320508075688776
2026-08-31T22:08:26.086,125345343,P024,heavy_pressure,QUALITY,,,,980,4897227,110047,120069,110197.9,120149.98,-150.9,-80.98,-92.31,293.5,False,False,nan,True,0.6193,88.72,91.3,True,0,COLLECTING,0,,0,,,,,10,52,103,30,60,0.9997609714326721,0.17320508075688776
2026-08-31T22:08:26.127,125345375,P024,heavy_pressure,QUALITY,,,,981,4897267,110049,120087,110194.92,120148.72,-145.92,-61.72,-84.66,289.33,False,False,nan,True,0.6193,88.72,91.3,True,0,COLLECTING,0,,0,,,,,10,52,103,30,60,0.9997609714326721,0.17320508075688776
2026-08-31T22:08:26.244,125345500,P024,heavy_pressure,QUALITY,,,,982,4897317,110065,120151,110192.32,120148.77,-127.32,2.23,-62.94,284.8,False,False,nan,True,0.6193,88.72,91.3,True,0,COLLECTING,0,,0,,,,,9,52,103,30,60,0.9997609714326721,0.17320508075688776
2026-08-31T22:08:26.253,125345500,P024,heavy_pressure,QUALITY,,,,983,4897347,110070,120138,110189.88,120148.55,-119.88,-10.55,-49.84,280.1,False,False,nan,True,0.6193,88.72,91.3,True,0,COLLECTING,0,,0,,,,,9,52,103,30,60,0.9997609714326721,0.17320508075688776
2026-08-31T22:08:26.262,125345515,P024,heavy_pressure,QUALITY,,,,984,4897397,110087,120140,110187.82,120148.38,-100.82,-8.38,-39.47,275.29,False,False,nan,True,0.6193,88.72,91.3,True,0,COLLECTING,0,,0,,,,,9,52,103,30,60,0.9997609714326721,0.17320508075688776
2026-08-31T22:08:26.286,125345531,P024,heavy_pressure,QUALITY,,,,985,4897427,110085,120150,110185.77,120148.41,-100.77,1.59,-29.21,270.37,False,False,nan,True,0.6193,88.72,91.3,True,0,COLLECTING,0,,0,,,,,9,52,103,30,60,0.9997609714326721,0.17320508075688776
2026-08-31T22:08:26.442,125345687,P024,heavy_pressure,QUALITY,,,,986,4897477,110071,120173,110183.47,120148.9,-112.47,24.1,-15.88,265.28,False,False,nan,True,0.6193,88.72,91.3,True,0,COLLECTING,0,,0,,,,,9,52,103,30,60,1.0001624867990202,0.17320508075688776
2026-08-31T22:08:26.454,125345703,P024,heavy_pressure,QUALITY,,,,987,4897517,110040,120037,110180.6,120146.66,-140.6,-109.66,-39.33,260.76,False,False,nan,True,0.6193,88.72,91.3,True,0,COLLECTING,0,,0,,,,,9,52,103,30,60,1.0001624867990202,0.17320508075688776
2026-08-31T22:08:26.466,125345718,P024,heavy_pressure,QUALITY,,,,988,4897557,109999,120042,110176.97,120144.57,-177.97,-102.57,-55.14,256.64,False,False,nan,True,0.6193,88.72,91.3,True,0,COLLECTING,0,,0,,,,,9,52,103,30,60,1.0001624867990202,0.17320508075688776
2026-08-31T22:08:26.474,125345718,P024,heavy_pressure,QUALITY,,,,989,4897597,109966,119986,110172.75,120141.4,-206.75,-155.4,-80.2,253.12,False,False,nan,True,0.6193,88.72,91.3,True,0,COLLECTING,0,,0,,,,,9,52,103,30,60,1.0001624867990202,0.17320508075688776
2026-08-31T22:08:26.497,125345750,P024,heavy_pressure,QUALITY,,,,990,4897637,109901,119846,110167.31,120135.49,-266.31,-289.49,-132.52,250.7,False,False,nan,True,0.6193,88.72,91.3,True,0,COLLECTING,0,,0,,,,,9,52,103,30,60,1.0001624867990202,0.17320508075688776
2026-08-31T22:08:26.645,125345890,P024,heavy_pressure,QUALITY,,,,991,4897677,109802,119657,110160.01,120125.92,-358.01,-468.92,-216.62,250.02,False,False,nan,True,0.6193,88.72,91.3,True,0,COLLECTING,0,,0,,,,,8,52,103,30,60,1.0001624867990202,0.17320508075688776
2026-08-31T22:08:26.653,125345906,P024,heavy_pressure,QUALITY,,,,992,4897717,109774,119755,110152.29,120118.5,-378.29,-363.5,-253.34,250.09,False,False,nan,True,0.6193,88.72,91.3,True,0,COLLECTING,0,,0,,,,,8,52,103,30,60,1.0001624867990202,0.17320508075688776
2026-08-31T22:08:26.668,125345921,P024,heavy_pressure,QUALITY,,,,993,4897757,109817,119782,110145.59,120111.77,-328.59,-329.77,-272.45,250.54,False,False,nan,True,0.6193,88.72,91.3,True,0,COLLECTING,0,,0,,,,,8,52,103,30,60,1.0001624867990202,0.17320508075688776
2026-08-31T22:08:26.677,125345921,P024,heavy_pressure,QUALITY,,,,994,4897797,109840,119870,110139.48,120106.94,-299.48,-236.94,-263.57,250.8,False,False,nan,True,0.6193,88.72,91.3,True,0,COLLECTING,0,,0,,,,,8,52,103,30,60,1.0001624867990202,0.17320508075688776
2026-08-31T22:08:26.697,125345953,P024,heavy_pressure,QUALITY,,,,995,4897837,109850,119839,110133.69,120101.58,-283.69,-262.58,-263.32,251.05,False,False,nan,True,0.6193,88.72,91.3,True,0,COLLECTING,0,,0,,,,,8,52,103,30,60,1.0001624867990202,0.17320508075688776
2026-08-31T22:08:26.842,125346093,P024,heavy_pressure,QUALITY,,,,996,4897877,109843,119818,110127.88,120095.91,-284.88,-277.91,-266.97,251.37,False,False,nan,True,0.6193,88.72,91.3,True,0,COLLECTING,0,,0,,,,,8,52,103,30,60,1.0001624867990202,0.17320508075688776
2026-08-31T22:08:26.854,125346109,P024,heavy_pressure,QUALITY,,,,997,4897917,109840,119867,110122.12,120091.33,-282.12,-224.33,-256.31,251.46,False,False,nan,True,0.6193,88.72,91.3,True,0,COLLECTING,0,,0,,,,,8,52,103,30,60,1.0001624867990202,0.17320508075688776
2026-08-31T22:08:26.864,125346109,P024,heavy_pressure,QUALITY,,,,998,4897957,109841,119863,110116.49,120086.76,-275.49,-223.76,-248.17,251.4,False,False,nan,True,0.6193,88.72,91.3,True,0,COLLECTING,0,,0,,,,,8,52,103,30,60,1.0001624867990202,0.17320508075688776
2026-08-31T22:08:26.874,125346125,P024,heavy_pressure,QUALITY,,,,999,4897997,109863,119925,110111.42,120083.52,-248.42,-158.52,-225.76,250.89,False,False,nan,True,0.6193,88.72,91.3,True,0,COLLECTING,0,,0,,,,,8,52,103,30,60,1.0001624867990202,0.17320508075688776
2026-08-31T22:08:26.896,125346140,P024,heavy_pressure,QUALITY,,,,1000,4898037,109874,119942,110106.67,120080.7,-232.67,-138.7,-203.99,249.95,False,False,nan,True,0.6193,88.72,91.3,True,0,COLLECTING,0,,0,,,,,8,52,103,30,60,1.0001624867990202,0.17320508075688776
2026-08-31T22:08:27.042,125346296,P024,heavy_pressure,QUALITY,,,,1001,4898077,109867,119960,110101.88,120078.28,-234.88,-118.28,-182.57,248.6,False,False,nan,True,0.6193,88.72,91.3,True,0,COLLECTING,0,,0,,,,,8,52,103,30,60,1.0001624867990202,0.17320508075688776
2026-08-31T22:08:27.054,125346312,P024,heavy_pressure,QUALITY,,,,1002,4898117,109925,119993,110098.34,120076.58,-173.34,-83.58,-157.82,246.78,False,False,nan,True,0.6193,88.72,91.3,True,0,COLLECTING,0,,0,,,,,8,52,103,30,60,1.0001624867990202,0.17320508075688776
2026-08-31T22:08:27.065,125346312,P024,heavy_pressure,QUALITY,,,,1003,4898157,109901,119979,110094.39,120074.62,-193.39,-95.62,-142.27,244.69,False,False,nan,True,0.6193,88.72,91.3,True,0,COLLECTING,0,,0,,,,,8,52,103,30,60,1.0001624867990202,0.17320508075688776
2026-08-31T22:08:27.074,125346328,P024,heavy_pressure,QUALITY,,,,1004,4898197,109880,119962,110090.1,120072.38,-210.1,-110.38,-134.3,242.49,False,False,nan,True,0.6193,88.72,91.3,True,0,COLLECTING,0,,0,,,,,8,52,103,30,60,1.0001624867990202,0.17320508075688776
2026-08-31T22:08:27.100,125346343,P024,heavy_pressure,QUALITY,,,,1005,4898237,109882,119999,110085.94,120070.91,-203.94,-71.91,-118.7,240.01,False,False,nan,True,0.6193,88.72,91.3,True,0,COLLECTING,0,,0,,,,,8,52,103,30,60,1.0001624867990202,0.17320508075688776
2026-08-31T22:08:27.243,125346500,P024,heavy_pressure,QUALITY,,,,1006,4898277,109912,120028,110082.46,120070.05,-170.46,-42.05,-99.54,237.2,False,False,nan,True,0.6193,88.72,91.3,True,0,COLLECTING,0,,0,,,,,7,52,103,30,60,1.0001624867990202,0.17320508075688776
2026-08-31T22:08:27.253,125346500,P024,heavy_pressure,QUALITY,,,,1007,4898317,109852,119987,110077.85,120068.38,-225.85,-81.38,-95.0,234.36,False,False,nan,True,0.6193,88.72,91.3,True,0,COLLECTING,0,,0,,,,,7,52,103,30,60,1.0001624867990202,0.17320508075688776
2026-08-31T22:08:27.264,125346515,P024,heavy_pressure,QUALITY,,,,1008,4898357,109864,119959,110073.58,120066.2,-209.58,-107.2,-98.05,231.63,False,False,nan,True,0.6193,88.72,91.3,True,0,COLLECTING,0,,0,,,,,7,52,103,30,60,1.0001624867990202,0.17320508075688776
2026-08-31T22:08:27.273,125346531,P024,heavy_pressure,QUALITY,,,,1009,4898397,109770,119845,110067.51,120061.77,-297.51,-216.77,-127.73,229.55,False,False,nan,True,0.6193,88.72,91.3,True,0,COLLECTING,0,,0,,,,,7,52,103,30,60,1.0001624867990202,0.17320508075688776
2026-08-31T22:08:27.296,125346546,P024,heavy_pressure,QUALITY,,,,1010,4898437,109777,119877,110061.7,120058.08,-284.7,-181.08,-141.07,227.78,False,False,nan,True,0.6193,88.72,91.3,True,0,COLLECTING,0,,0,,,,,7,52,103,30,60,1.0001624867990202,0.17320508075688776
2026-08-31T22:08:27.442,125346687,P024,heavy_pressure,QUALITY,,,,1011,4898477,109831,119910,110057.08,120055.12,-226.08,-145.12,-142.08,226.07,False,False,nan,True,0.6193,88.72,91.3,True,0,COLLECTING,0,,0,,,,,7,52,103,30,60,0.9997609714326721,0.17320508075688776
2026-08-31T22:08:27.454,125346703,P024,heavy_pressure,QUALITY,,,,1012,4898517,109919,120035,110054.32,120054.72,-135.32,-19.72,-111.49,223.78,False,False,nan,True,0.6193,88.72,91.3,True,0,COLLECTING,0,,0,,,,,7,52,103,30,60,0.9997609714326721,0.17320508075688776
2026-08-31T22:08:27.465,125346718,P024,heavy_pressure,QUALITY,,,,1013,4898557,109894,120099,110051.12,120055.6,-157.12,43.4,-72.77,220.76,False,False,nan,True,0.6193,88.72,91.3,True,0,COLLECTING,0,,0,,,,,7,52,103,30,60,0.9997609714326721,0.17320508075688776
2026-08-31T22:08:27.473,125346718,P024,heavy_pressure,QUALITY,,,,1014,4898597,109933,120075,110048.76,120055.99,-115.76,19.01,-49.82,217.34,False,False,nan,True,0.6193,88.72,91.3,True,0,COLLECTING,0,,0,,,,,7,52,103,30,60,0.9997609714326721,0.17320508075688776
2026-08-31T22:08:27.497,125346750,P024,heavy_pressure,QUALITY,,,,1015,4898637,109897,120030,110045.73,120055.47,-148.73,-25.47,-43.73,213.87,False,False,nan,True,0.6193,88.72,91.3,True,0,COLLECTING,0,,0,,,,,7,52,103,30,60,0.9997609714326721,0.17320508075688776
2026-08-31T22:08:27.642,125346890,P024,heavy_pressure,QUALITY,,,,1016,4898677,109932,120045,110043.45,120055.26,-111.45,-10.26,-35.37,210.3,False,False,nan,True,0.6193,88.72,91.3,True,0,COLLECTING,0,,0,,,,,7,52,103,30,60,0.9997609714326721,0.17320508075688776
2026-08-31T22:08:27.652,125346906,P024,heavy_pressure,QUALITY,,,,1017,4898717,109840,120045,110039.38,120055.05,-199.38,-10.05,-29.04,206.67,False,False,nan,True,0.6193,88.72,91.3,True,0,COLLECTING,0,,0,,,,,7,52,103,30,60,0.9997609714326721,0.17320508075688776
2026-08-31T22:08:27.665,125346921,P024,heavy_pressure,QUALITY,,,,1018,4898757,109912,120096,110036.84,120055.88,-124.84,40.12,-11.75,202.77,False,False,nan,True,0.6193,88.72,91.3,True,0,COLLECTING,0,,0,,,,,7,52,103,30,60,0.9997609714326721,0.17320508075688776
2026-08-31T22:08:27.673,125346921,P024,heavy_pressure,QUALITY,,,,1019,4898797,109929,120104,110034.68,120056.84,-105.68,47.16,2.98,198.78,False,False,nan,True,0.6193,88.72,91.3,True,0,COLLECTING,0,,0,,,,,7,52,103,30,60,0.9997609714326721,0.17320508075688776
2026-08-31T22:08:27.701,125346953,P024,heavy_pressure,QUALITY,,,,1020,4898837,109930,120149,110032.59,120058.68,-102.59,90.32,24.82,195.3,False,False,nan,True,0.6193,88.72,91.3,True,0,COLLECTING,0,,0,,,,,7,52,103,30,60,0.9997609714326721,0.17320508075688776
2026-08-31T22:08:27.842,125347093,P024,heavy_pressure,QUALITY,,,,1021,4898877,109947,120162,110030.88,120060.74,-83.88,101.26,43.93,192.27,False,False,nan,True,0.6193,88.72,91.3,True,0,COLLECTING,0,,0,,,,,7,52,103,30,60,0.9997609714326721,0.17320508075688776
2026-08-31T22:08:27.853,125347109,P024,heavy_pressure,QUALITY,,,,1022,4898917,109924,120182,110028.73,120063.16,-104.73,118.84,62.65,189.68,False,False,nan,True,0.6193,88.72,91.3,True,0,COLLECTING,0,,0,,,,,7,52,103,30,60,0.9997609714326721,0.17320508075688776
2026-08-31T22:08:27.865,125347109,P024,heavy_pressure,QUALITY,,,,1023,4898957,109935,120181,110026.86,120065.52,-91.86,115.48,75.86,187.4,False,False,nan,True,0.6193,88.72,91.3,True,0,COLLECTING,0,,0,,,,,7,52,103,30,60,0.9997609714326721,0.17320508075688776
2026-08-31T22:08:27.874,125347125,P024,heavy_pressure,QUALITY,,,,1024,4898997,109985,120211,110026.02,120068.43,-41.02,142.57,92.54,185.5,False,False,nan,True,0.6193,88.72,91.3,True,0,COLLECTING,0,,0,,,,,7,52,103,30,60,0.9997609714326721,0.17320508075688776
2026-08-31T22:08:27.896,125347140,P024,heavy_pressure,QUALITY,,,,1025,4899037,109951,120141,110024.52,120069.88,-73.52,71.12,87.18,183.54,True,False,nan,True,0.6193,88.72,91.3,True,0,COLLECTING,0,,0,,,,,7,52,103,30,60,0.9997609714326721,0.17320508075688776
2026-08-31T22:08:28.043,125347296,P024,heavy_pressure,QUALITY,,,,1026,4899077,109805,119960,110020.13,120067.69,-215.13,-107.69,38.46,180.64,False,False,nan,True,0.6193,88.72,91.3,True,0,COLLECTING,0,,0,,,,,6,52,103,30,60,0.9997609714326721,0.17320508075688776
2026-08-31T22:08:28.053,125347296,P024,heavy_pressure,QUALITY,,,,1027,4899117,109835,119991,110016.43,120066.16,-181.43,-75.16,10.06,177.22,False,False,nan,True,0.6193,88.72,91.3,True,0,COLLECTING,0,,0,,,,,6,52,103,30,60,0.9997609714326721,0.17320508075688776
2026-08-31T22:08:28.061,125347312,P024,heavy_pressure,QUALITY,,,,1028,4899157,109877,120057,110013.64,120065.98,-136.64,-8.98,5.3,173.79,False,False,nan,True,0.6193,88.72,91.3,True,0,COLLECTING,0,,0,,,,,6,52,103,30,60,0.9997609714326721,0.17320508075688776
2026-08-31T22:08:28.073,125347328,P024,heavy_pressure,QUALITY,,,,1029,4899197,109914,120100,110011.65,120066.66,-97.65,33.34,12.31,170.56,False,False,nan,True,0.6193,88.72,91.3,True,0,COLLECTING,0,,0,,,,,6,52,103,30,60,0.9997609714326721,0.17320508075688776
2026-08-31T22:08:28.096,125347343,P024,heavy_pressure,QUALITY,,,,1030,4899237,109925,120132,110009.91,120067.96,-84.91,64.04,25.24,167.65,False,False,nan,True,0.6193,88.72,91.3,True,0,COLLECTING,0,,0,,,,,6,52,103,30,60,0.9997609714326721,0.17320508075688776
2026-08-31T22:08:28.243,125347500,P024,heavy_pressure,QUALITY,,,,1031,4899277,109902,120141,110007.76,120069.42,-105.76,71.58,36.83,165.03,False,False,nan,True,0.6193,88.72,91.3,True,0,COLLECTING,0,,0,,,,,6,52,103,30,60,1.0001624867990202,0.17320508075688776
2026-08-31T22:08:28.253,125347500,P024,heavy_pressure,QUALITY,,,,1032,4899317,109959,120132,110006.78,120070.67,-47.78,61.33,42.95,162.59,False,False,nan,True,0.6193,88.72,91.3,True,0,COLLECTING,0,,0,,,,,6,52,103,30,60,1.0001624867990202,0.17320508075688776
2026-08-31T22:08:28.261,125347515,P024,heavy_pressure,QUALITY,,,,1033,4899357,109931,120131,110005.27,120071.88,-74.27,59.12,47.0,160.28,False,False,nan,True,0.6193,88.72,91.3,True,0,COLLECTING,0,,0,,,,,6,52,103,30,60,1.0001624867990202,0.17320508075688776
2026-08-31T22:08:28.272,125347515,P024,heavy_pressure,QUALITY,,,,1034,4899397,109947,120156,110004.1,120073.55,-57.1,82.45,55.86,158.19,False,False,nan,True,0.6193,88.72,91.3,True,0,COLLECTING,0,,0,,,,,6,52,103,30,60,1.0001624867990202,0.17320508075688776
2026-08-31T22:08:28.296,125347546,P024,heavy_pressure,QUALITY,,,,1035,4899437,109977,120196,110003.56,120076.0,-26.56,120.0,71.89,156.47,False,False,nan,True,0.6193,88.72,91.3,True,0,COLLECTING,0,,0,,,,,6,52,103,30,60,1.0001624867990202,0.17320508075688776
2026-08-31T22:08:28.443,125347687,P024,heavy_pressure,QUALITY,,,,1036,4899477,110016,120243,110003.81,120079.34,12.19,163.66,94.83,155.23,False,False,nan,True,0.6193,88.72,91.3,True,0,COLLECTING,0,,0,,,,,6,52,103,30,60,0.9992737362704976,0.17320508075688776
2026-08-31T22:08:28.453,125347703,P024,heavy_pressure,QUALITY,,,,1037,4899517,109983,120244,110003.4,120082.64,-20.4,161.36,111.47,154.36,False,False,nan,True,0.6193,88.72,91.3,True,0,COLLECTING,0,,0,,,,,6,52,103,30,60,0.9992737362704976,0.17320508075688776
2026-08-31T22:08:28.462,125347718,P024,heavy_pressure,QUALITY,,,,1038,4899557,109947,120243,110002.27,120085.85,-55.27,157.15,122.89,153.73,False,False,nan,True,0.6193,88.72,91.3,True,0,COLLECTING,0,,0,,,,,6,52,103,30,60,0.9992737362704976,0.17320508075688776
2026-08-31T22:08:28.472,125347718,P024,heavy_pressure,QUALITY,,,,1039,4899597,109949,120219,110001.21,120088.52,-52.21,130.48,124.79,153.15,False,False,nan,True,0.6193,88.72,91.3,True,0,COLLECTING,0,,0,,,,,6,52,103,30,60,0.9992737362704976,0.17320508075688776
2026-08-31T22:08:28.496,125347750,P024,heavy_pressure,QUALITY,,,,1040,4899637,109956,120233,110000.3,120091.41,-44.3,141.59,128.99,152.67,False,False,nan,True,0.6193,88.72,91.3,True,0,COLLECTING,0,,0,,,,,6,52,103,30,60,0.9992737362704976,0.17320508075688776
2026-08-31T22:08:28.642,125347890,P024,heavy_pressure,QUALITY,,,,1041,4899677,109945,120229,109999.2,120094.16,-54.2,134.84,130.45,152.22,False,False,nan,True,0.6193,88.72,91.3,True,0,COLLECTING,0,,0,,,,,6,52,103,30,60,0.9997609714326721,0.17320508075688776
2026-08-31T22:08:28.653,125347906,P024,heavy_pressure,QUALITY,,,,1042,4899717,109963,120228,109998.47,120096.84,-35.47,131.16,130.63,151.79,False,False,nan,True,0.6193,88.72,91.3,True,0,COLLECTING,0,,0,,,,,6,52,103,30,60,0.9997609714326721,0.17320508075688776
2026-08-31T22:08:28.664,125347921,P024,heavy_pressure,QUALITY,,,,1043,4899757,109883,120118,109996.16,120097.26,-113.16,20.74,103.16,150.82,True,True,720.0,True,0.6712,84.51,91.3,True,0,COLLECTING,0,,0,,,,,6,52,103,30,60,0.9997609714326721,0.17320508075688776
2026-08-31T22:08:28.672,125347921,P024,heavy_pressure,QUALITY,,,,1044,4899797,109835,119977,109992.93,120094.85,-157.93,-117.85,47.91,148.76,False,False,nan,True,0.6712,84.51,91.3,True,0,COLLECTING,0,,0,,,,,6,52,103,30,60,0.9997609714326721,0.17320508075688776
2026-08-31T22:08:28.696,125347953,P024,heavy_pressure,QUALITY,,,,1045,4899837,109834,120010,109989.75,120093.16,-155.75,-83.16,15.14,146.09,False,False,nan,True,0.6712,84.51,91.3,True,0,COLLECTING,0,,0,,,,,6,52,103,30,60,0.9997609714326721,0.17320508075688776
2026-08-31T22:08:28.844,125348093,P024,heavy_pressure,QUALITY,,,,1046,4899877,109848,120062,109986.91,120092.53,-138.91,-30.53,3.72,143.24,False,False,nan,True,0.6712,84.51,91.3,True,0,COLLECTING,0,,0,,,,,6,52,103,30,60,0.9997609714326721,0.17320508075688776
2026-08-31T22:08:28.853,125348109,P024,heavy_pressure,QUALITY,,,,1047,4899917,109902,120113,109985.22,120092.94,-83.22,20.06,7.81,140.53,False,False,nan,True,0.6712,84.51,91.3,True,0,COLLECTING,0,,0,,,,,6,52,103,30,60,0.9997609714326721,0.17320508075688776
2026-08-31T22:08:28.861,125348109,P024,heavy_pressure,QUALITY,,,,1048,4899957,109877,120095,109983.05,120092.98,-106.05,2.02,6.36,137.85,False,False,nan,True,0.6712,84.51,91.3,True,0,COLLECTING,0,,0,,,,,6,52,103,30,60,0.9997609714326721,0.17320508075688776
2026-08-31T22:08:28.871,125348125,P024,heavy_pressure,QUALITY,,,,1049,4899997,109849,120064,109980.38,120092.4,-131.38,-28.4,-2.33,135.14,False,False,nan,True,0.6712,84.51,91.3,True,0,COLLECTING,0,,0,,,,,6,52,103,30,60,0.9997609714326721,0.17320508075688776
2026-08-31T22:08:28.896,125348140,P024,heavy_pressure,QUALITY,,,,1050,4900037,109795,120010,109976.66,120090.75,-181.66,-80.75,-21.93,132.87,False,False,nan,True,0.6712,84.51,91.3,True,0,COLLECTING,0,,0,,,,,6,52,103,30,60,0.9997609714326721,0.17320508075688776
