pc_time,pc_monotonic_ms,trial_id,label,expected_state,reference_hr_bpm,reference_spo2_pct,action_marker,seq,t_ms,red,ir,red_dc,ir_dc,red_ac,ir_ac,filtered_ir,envelope,peak_candidate,beat_accepted,ibi_ms,finger,sqi,hr_bpm,spo2_pct,valid,fifo_overflow,rhythm_state,rhythm_valid,rhythm_confidence,model_calibrated,rhythm_ibi_mean_ms,rhythm_sdnn_ms,rhythm_rmssd_ms,rhythm_pnn50,rhythm_beat_count,rhythm_inference_us,rhythm_inference_count,rhythm_model_bytes,rhythm_classifier_state_bytes,imu_accel_g,imu_gyro_dps
2026-08-31T21:03:03.082,121422328,P009,ambient_light,QUALITY,,,,1,974187,112784,117880,112733.51,117911.2,50.49,-31.2,-219.63,1192.63,False,False,nan,True,0.738,68.97,99.37,True,0,COLLECTING,0,,0,,,,,5,55,17,30,60,0.9999809998194966,0.17320508075688776
2026-08-31T21:03:03.215,121422468,P009,ambient_light,QUALITY,,,,2,974227,112827,117972,112735.38,117912.42,91.62,59.58,-149.83,1171.77,False,False,nan,True,0.738,68.97,99.37,True,0,COLLECTING,0,,0,,,,,5,55,17,30,60,0.9999809998194966,0.17320508075688776
2026-08-31T21:03:03.228,121422484,P009,ambient_light,QUALITY,,,,3,974267,112855,118056,112737.77,117915.3,117.23,140.7,-77.2,1149.88,False,False,nan,True,0.738,68.97,99.37,True,0,COLLECTING,0,,0,,,,,5,55,17,30,60,0.9999809998194966,0.17320508075688776
2026-08-31T21:03:03.236,121422484,P009,ambient_light,QUALITY,,,,4,974307,112882,118114,112740.65,117919.27,141.35,194.73,-9.21,1127.07,False,False,nan,True,0.738,68.97,99.37,True,0,COLLECTING,0,,0,,,,,5,55,17,30,60,0.9999809998194966,0.17320508075688776
2026-08-31T21:03:03.245,121422500,P009,ambient_light,QUALITY,,,,5,974347,112923,118219,112744.3,117925.27,178.7,293.73,66.52,1105.86,False,False,nan,True,0.738,68.97,99.37,True,0,COLLECTING,0,,0,,,,,5,55,17,30,60,0.9999809998194966,0.17320508075688776
2026-08-31T21:03:03.280,121422531,P009,ambient_light,QUALITY,,,,6,974387,112915,118203,112747.71,117930.82,167.29,272.18,117.94,1086.1,False,False,nan,True,0.738,68.97,99.37,True,0,COLLECTING,0,,0,,,,,5,55,17,30,60,0.9999809998194966,0.17320508075688776
2026-08-31T21:03:03.417,121422671,P009,ambient_light,QUALITY,,,,7,974427,112780,117883,112748.36,117929.87,31.64,-46.87,76.74,1065.91,False,False,nan,True,0.738,68.97,99.37,True,0,COLLECTING,0,,0,,,,,5,55,17,30,60,0.9999809998194966,0.17320508075688776
2026-08-31T21:03:03.428,121422671,P009,ambient_light,QUALITY,,,,8,974467,112681,117654,112747.02,117924.35,-66.02,-270.35,-10.04,1044.79,False,False,nan,True,0.738,68.97,99.37,True,0,COLLECTING,0,,0,,,,,5,55,17,30,60,0.9999809998194966,0.17320508075688776
2026-08-31T21:03:03.437,121422687,P009,ambient_light,QUALITY,,,,9,974507,112708,117724,112746.23,117920.34,-38.23,-196.34,-56.61,1025.03,False,False,nan,True,0.738,68.97,99.37,True,0,COLLECTING,0,,0,,,,,5,55,17,30,60,0.9999809998194966,0.17320508075688776
2026-08-31T21:03:03.445,121422703,P009,ambient_light,QUALITY,,,,10,974547,112774,117874,112746.79,117919.41,27.21,-45.41,-53.81,1005.61,False,False,nan,True,0.738,68.97,99.37,True,0,COLLECTING,0,,0,,,,,5,55,17,30,60,0.9999809998194966,0.17320508075688776
2026-08-31T21:03:03.480,121422734,P009,ambient_light,QUALITY,,,,11,974587,112819,117963,112748.23,117920.29,70.77,42.71,-29.68,986.09,False,False,nan,True,0.738,68.97,97.53,True,0,COLLECTING,0,,0,,,,,5,55,17,30,60,0.9999809998194966,0.17320508075688776
2026-08-31T21:03:03.617,121422875,P009,ambient_light,QUALITY,,,,12,974627,112849,118045,112750.25,117922.78,98.75,122.22,8.29,966.53,False,False,nan,True,0.738,68.97,97.53,True,0,COLLECTING,0,,0,,,,,4,55,17,30,60,0.9999809998194966,0.17320508075688776
2026-08-31T21:03:03.624,121422875,P009,ambient_light,QUALITY,,,,13,974667,112842,118038,112752.09,117925.09,89.91,112.91,34.45,947.89,False,False,nan,True,0.738,68.97,97.53,True,0,COLLECTING,0,,0,,,,,4,55,17,30,60,0.9999809998194966,0.17320508075688776
2026-08-31T21:03:03.635,121422890,P009,ambient_light,QUALITY,,,,14,974707,112832,117983,112753.69,117926.24,78.31,56.76,40.03,929.73,False,False,nan,True,0.738,68.97,97.53,True,0,COLLECTING,0,,0,,,,,4,55,17,30,60,0.9999809998194966,0.17320508075688776
2026-08-31T21:03:03.645,121422890,P009,ambient_light,QUALITY,,,,15,974747,112811,117934,112754.84,117926.4,56.16,7.6,31.92,911.78,False,False,nan,True,0.738,68.97,97.53,True,0,COLLECTING,0,,0,,,,,4,55,17,30,60,0.9999809998194966,0.17320508075688776
2026-08-31T21:03:03.682,121422937,P009,ambient_light,QUALITY,,,,16,974787,112819,117961,112756.12,117927.09,62.88,33.91,32.42,894.19,False,False,nan,True,0.738,68.97,97.53,True,0,COLLECTING,0,,0,,,,,4,55,17,30,60,0.9999809998194966,0.17320508075688776
2026-08-31T21:03:03.820,121423078,P009,ambient_light,QUALITY,,,,17,974827,112848,118015,112757.95,117928.85,90.05,86.15,45.85,877.22,False,False,nan,True,0.738,68.97,97.53,True,0,COLLECTING,0,,0,,,,,4,55,17,30,60,0.9999809998194966,0.17320508075688776
2026-08-31T21:03:03.832,121423078,P009,ambient_light,QUALITY,,,,18,974867,112890,118133,112760.59,117932.94,129.41,200.06,84.4,861.37,False,False,nan,True,0.738,68.97,97.53,True,0,COLLECTING,0,,0,,,,,4,55,17,30,60,0.9999809998194966,0.17320508075688776
2026-08-31T21:03:03.842,121423093,P009,ambient_light,QUALITY,,,,19,974907,112940,118270,112764.18,117939.68,175.82,330.32,145.88,847.06,False,False,nan,True,0.738,68.97,97.53,True,0,COLLECTING,0,,0,,,,,4,55,17,30,60,0.9999809998194966,0.17320508075688776
2026-08-31T21:03:03.850,121423093,P009,ambient_light,QUALITY,,,,20,974947,112977,118375,112768.44,117948.38,208.56,426.62,216.07,834.44,False,False,nan,True,0.738,68.97,97.53,True,0,COLLECTING,0,,0,,,,,4,55,17,30,60,0.9999809998194966,0.17320508075688776
2026-08-31T21:03:03.881,121423125,P009,ambient_light,QUALITY,,,,21,974987,113007,118456,112773.21,117958.53,233.79,497.47,286.42,823.48,False,False,nan,True,0.738,68.97,97.53,True,0,COLLECTING,0,,0,,,,,4,55,17,30,60,0.9999809998194966,0.17320508075688776
2026-08-31T21:03:04.016,121423265,P009,ambient_light,QUALITY,,,,22,975027,113066,118565,112779.07,117970.66,286.93,594.34,363.4,814.27,False,False,nan,True,0.738,68.97,97.53,True,0,COLLECTING,0,,0,,,,,4,55,17,30,60,0.9999809998194966,0.17320508075688776
2026-08-31T21:03:04.029,121423281,P009,ambient_light,QUALITY,,,,23,975067,113084,118648,112785.17,117984.21,298.83,663.79,438.49,806.76,False,False,nan,True,0.738,68.97,97.53,True,0,COLLECTING,0,,0,,,,,4,55,17,30,60,0.9999809998194966,0.17320508075688776
2026-08-31T21:03:04.038,121423281,P009,ambient_light,QUALITY,,,,24,975107,113110,118723,112791.67,117998.98,318.33,724.02,509.87,800.82,False,False,nan,True,0.738,68.97,97.53,True,0,COLLECTING,0,,0,,,,,4,55,17,30,60,0.9999809998194966,0.17320508075688776
2026-08-31T21:03:04.046,121423296,P009,ambient_light,QUALITY,,,,25,975147,113136,118764,112798.55,118014.28,337.45,749.72,569.84,796.2,False,False,nan,True,0.738,68.97,97.53,True,0,COLLECTING,0,,0,,,,,4,55,17,30,60,0.9999809998194966,0.17320508075688776
2026-08-31T21:03:04.080,121423328,P009,ambient_light,QUALITY,,,,26,975187,113020,118456,112802.98,118023.12,217.02,432.88,535.6,790.99,True,False,nan,True,0.738,68.97,97.53,True,0,COLLECTING,0,,0,,,,,4,55,17,30,60,0.9999809998194966,0.17320508075688776
2026-08-31T21:03:04.217,121423468,P009,ambient_light,QUALITY,,,,27,975227,112810,117988,112803.12,118022.41,6.88,-34.41,393.09,783.03,False,False,nan,True,0.738,68.97,97.53,True,0,COLLECTING,0,,0,,,,,4,55,17,30,60,0.9999809998194966,0.17320508075688776
2026-08-31T21:03:04.231,121423484,P009,ambient_light,QUALITY,,,,28,975267,112731,117778,112801.68,118017.52,-70.68,-239.52,234.94,772.07,False,False,nan,True,0.738,68.97,97.53,True,0,COLLECTING,0,,0,,,,,4,55,17,30,60,0.9999809998194966,0.17320508075688776
2026-08-31T21:03:04.238,121423484,P009,ambient_light,QUALITY,,,,29,975307,112745,117802,112800.55,118013.21,-55.55,-211.21,123.4,759.1,False,False,nan,True,0.738,68.97,97.53,True,0,COLLECTING,0,,0,,,,,4,55,17,30,60,0.9999809998194966,0.17320508075688776
2026-08-31T21:03:04.246,121423500,P009,ambient_light,QUALITY,,,,30,975347,112787,117859,112800.27,118010.12,-13.27,-151.12,54.77,745.01,False,False,nan,True,0.738,68.97,97.53,True,0,COLLECTING,0,,0,,,,,4,55,17,30,60,0.9999809998194966,0.17320508075688776
2026-08-31T21:03:04.280,121423531,P009,ambient_light,QUALITY,,,,31,975387,112797,117878,112800.21,118007.48,-3.21,-129.48,8.71,730.28,False,False,nan,True,0.738,68.97,97.53,True,0,COLLECTING,0,,0,,,,,4,55,17,30,60,0.9999809998194966,0.17320508075688776
2026-08-31T21:03:04.417,121423671,P009,ambient_light,QUALITY,,,,32,975427,112792,117868,112800.05,118004.7,-8.05,-136.7,-27.64,716.23,False,False,nan,True,0.738,68.97,97.53,True,0,COLLECTING,0,,0,,,,,3,55,17,30,60,0.9999809998194966,0.17320508075688776
2026-08-31T21:03:04.430,121423687,P009,ambient_light,QUALITY,,,,33,975467,112752,117784,112799.09,118000.28,-47.09,-216.28,-74.8,703.4,False,False,nan,True,0.738,68.97,97.53,True,0,COLLECTING,0,,0,,,,,3,55,17,30,60,0.9999809998194966,0.17320508075688776
2026-08-31T21:03:04.435,121423687,P009,ambient_light,QUALITY,,,,34,975507,112693,117665,112796.96,117993.58,-103.96,-328.58,-138.25,692.1,False,False,nan,True,0.738,68.97,97.53,True,0,COLLECTING,0,,0,,,,,3,55,17,30,60,0.9999809998194966,0.17320508075688776
2026-08-31T21:03:04.446,121423703,P009,ambient_light,QUALITY,,,,35,975547,112701,117665,112795.04,117987.01,-94.04,-322.01,-184.19,681.94,False,False,nan,True,0.738,68.97,97.53,True,0,COLLECTING,0,,0,,,,,3,55,17,30,60,0.9999809998194966,0.17320508075688776
2026-08-31T21:03:04.480,121423734,P009,ambient_light,QUALITY,,,,36,975587,112709,117683,112793.32,117980.93,-84.32,-297.93,-212.62,672.55,False,False,nan,True,0.738,68.97,97.53,True,0,COLLECTING,0,,0,,,,,3,55,17,30,60,0.9999809998194966,0.17320508075688776
2026-08-31T21:03:04.617,121423875,P009,ambient_light,QUALITY,,,,37,975627,112721,117704,112791.88,117975.39,-70.88,-271.39,-227.31,663.65,False,False,nan,True,0.738,68.97,97.53,True,0,COLLECTING,0,,0,,,,,3,55,17,30,60,0.9999809998194966,0.17320508075688776
2026-08-31T21:03:04.627,121423875,P009,ambient_light,QUALITY,,,,38,975667,112732,117751,112790.68,117970.91,-58.68,-219.91,-225.46,654.89,False,False,nan,True,0.738,68.97,97.53,True,0,COLLECTING,0,,0,,,,,3,55,17,30,60,0.9999809998194966,0.17320508075688776
2026-08-31T21:03:04.635,121423890,P009,ambient_light,QUALITY,,,,39,975707,112739,117759,112789.65,117966.67,-50.65,-207.67,-221.01,646.21,False,False,nan,True,0.738,68.97,97.53,True,0,COLLECTING,0,,0,,,,,3,55,17,30,60,0.9999809998194966,0.17320508075688776
2026-08-31T21:03:04.645,121423890,P009,ambient_light,QUALITY,,,,40,975747,112745,117779,112788.76,117962.92,-43.76,-183.92,-211.74,637.52,False,False,nan,True,0.738,68.97,97.53,True,0,COLLECTING,0,,0,,,,,3,55,17,30,60,0.9999809998194966,0.17320508075688776
2026-08-31T21:03:04.680,121423937,P009,ambient_light,QUALITY,,,,41,975787,112760,117799,112788.18,117959.64,-28.18,-160.64,-198.97,628.75,False,False,nan,True,0.738,68.97,97.53,True,0,COLLECTING,0,,0,,,,,3,55,17,30,60,0.9999809998194966,0.17320508075688776
2026-08-31T21:03:04.815,121424062,P009,ambient_light,QUALITY,,,,42,975827,112790,117843,112788.22,117957.3,1.78,-114.3,-177.8,619.73,False,False,nan,True,0.738,68.97,97.53,True,0,COLLECTING,0,,0,,,,,3,55,17,30,60,0.9999809998194966,0.17320508075688776
2026-08-31T21:03:04.829,121424078,P009,ambient_light,QUALITY,,,,43,975867,112813,117893,112788.71,117956.02,24.29,-63.02,-149.1,610.32,False,False,nan,True,0.738,68.97,97.53,True,0,COLLECTING,0,,0,,,,,3,55,17,30,60,0.9999809998194966,0.17320508075688776
2026-08-31T21:03:04.837,121424093,P009,ambient_light,QUALITY,,,,44,975907,112811,117897,112789.16,117954.84,21.84,-57.84,-126.29,600.64,False,False,nan,True,0.738,68.97,97.53,True,0,COLLECTING,0,,0,,,,,3,55,17,30,60,0.9999809998194966,0.17320508075688776
2026-08-31T21:03:04.844,121424093,P009,ambient_light,QUALITY,,,,45,975947,112760,117775,112788.57,117951.24,-28.57,-176.24,-138.78,591.4,False,False,nan,True,0.738,68.97,97.53,True,0,COLLECTING,0,,0,,,,,3,55,17,30,60,0.9999809998194966,0.17320508075688776
2026-08-31T21:03:04.879,121424125,P009,ambient_light,QUALITY,,,,46,975987,112627,117453,112785.34,117941.28,-158.34,-488.28,-226.15,584.09,False,False,nan,True,0.738,68.97,97.53,True,0,COLLECTING,0,,0,,,,,3,55,17,30,60,0.9999809998194966,0.17320508075688776
2026-08-31T21:03:05.016,121424265,P009,ambient_light,QUALITY,,,,47,976027,112591,117376,112781.45,117929.98,-190.45,-553.98,-308.11,578.57,False,False,nan,True,0.738,68.97,97.53,True,0,COLLECTING,0,,0,,,,,3,55,17,30,60,0.9999809998194966,0.17320508075688776
2026-08-31T21:03:05.026,121424281,P009,ambient_light,QUALITY,,,,48,976067,112640,117480,112778.62,117920.98,-138.62,-440.98,-341.33,573.83,False,False,nan,True,0.738,68.97,97.53,True,0,COLLECTING,0,,0,,,,,3,55,17,30,60,0.9999809998194966,0.17320508075688776
2026-08-31T21:03:05.035,121424281,P009,ambient_light,QUALITY,,,,49,976107,112717,117627,112777.39,117915.09,-60.39,-288.09,-328.02,568.91,False,False,nan,True,0.738,68.97,97.53,True,0,COLLECTING,0,,0,,,,,3,55,17,30,60,0.9999809998194966,0.17320508075688776
2026-08-31T21:03:05.046,121424296,P009,ambient_light,QUALITY,,,,50,976147,112771,117738,112777.27,117911.55,-6.27,-173.55,-289.4,563.32,False,False,nan,True,0.738,68.97,97.53,True,0,COLLECTING,0,,0,,,,,3,55,17,30,60,0.9999809998194966,0.17320508075688776
2026-08-31T21:03:05.089,121424343,P009,ambient_light,QUALITY,,,,51,976187,112807,117820,112777.86,117909.73,29.14,-89.73,-239.48,556.85,False,False,nan,True,0.738,68.97,97.53,True,0,COLLECTING,0,,0,,,,,3,55,17,30,60,0.9999809998194966,0.17320508075688776
2026-08-31T21:03:05.215,121424468,P009,ambient_light,QUALITY,,,,52,976227,112820,117863,112778.7,117908.79,41.3,-45.79,-191.06,549.53,False,False,nan,True,0.738,68.97,97.53,True,0,COLLECTING,0,,0,,,,,2,55,17,30,60,0.9999809998194966,0.17320508075688776
2026-08-31T21:03:05.227,121424484,P009,ambient_light,QUALITY,,,,53,976267,112838,117898,112779.89,117908.57,58.11,-10.57,-145.94,541.46,False,False,nan,True,0.738,68.97,97.53,True,0,COLLECTING,0,,0,,,,,2,55,17,30,60,0.9999809998194966,0.17320508075688776
2026-08-31T21:03:05.236,121424484,P009,ambient_light,QUALITY,,,,54,976307,112843,117916,112781.16,117908.72,61.84,7.28,-107.63,532.78,False,False,nan,True,0.738,68.97,97.53,True,0,COLLECTING,0,,0,,,,,2,55,17,30,60,0.9999809998194966,0.17320508075688776
2026-08-31T21:03:05.249,121424500,P009,ambient_light,QUALITY,,,,55,976347,112866,117954,112782.85,117909.62,83.15,44.38,-69.63,523.52,False,False,nan,True,0.738,68.97,97.53,True,0,COLLECTING,0,,0,,,,,2,55,17,30,60,0.9999809998194966,0.17320508075688776
2026-08-31T21:03:05.279,121424531,P009,ambient_light,QUALITY,,,,56,976387,112904,118035,112785.27,117912.13,118.73,122.87,-21.51,513.48,False,False,nan,True,0.738,68.97,97.53,True,0,COLLECTING,0,,0,,,,,2,55,17,30,60,0.9999809998194966,0.17320508075688776
2026-08-31T21:03:05.416,121424671,P009,ambient_light,QUALITY,,,,57,976427,112941,118126,112788.39,117916.41,152.61,209.59,36.27,503.93,False,False,nan,True,0.738,68.97,97.53,True,0,COLLECTING,0,,0,,,,,2,55,17,30,60,0.9999809998194966,0.17320508075688776
2026-08-31T21:03:05.427,121424671,P009,ambient_light,QUALITY,,,,58,976467,112996,118250,112792.54,117923.08,203.46,326.92,108.93,496.03,False,False,nan,True,0.738,68.97,97.53,True,0,COLLECTING,0,,0,,,,,2,55,17,30,60,0.9999809998194966,0.17320508075688776
2026-08-31T21:03:05.435,121424687,P009,ambient_light,QUALITY,,,,59,976507,113023,118312,112797.15,117930.86,225.85,381.14,176.98,489.65,False,False,nan,True,0.738,68.97,97.53,True,0,COLLECTING,0,,0,,,,,2,55,17,30,60,0.9999809998194966,0.17320508075688776
2026-08-31T21:03:05.444,121424703,P009,ambient_light,QUALITY,,,,60,976547,113033,118325,112801.87,117938.74,231.13,386.26,229.3,484.45,False,False,nan,True,0.738,68.97,97.53,True,0,COLLECTING,0,,0,,,,,2,55,17,30,60,0.9999809998194966,0.17320508075688776
2026-08-31T21:03:05.480,121424734,P009,ambient_light,QUALITY,,,,61,976587,113058,118381,112806.99,117947.59,251.01,433.41,280.33,480.36,False,False,nan,True,0.738,68.97,97.53,True,0,COLLECTING,0,,0,,,,,2,55,17,30,60,0.9999809998194966,0.17320508075688776
2026-08-31T21:03:05.616,121424859,P009,ambient_light,QUALITY,,,,62,976627,113080,118423,112812.45,117957.09,267.55,465.91,326.72,477.29,False,False,nan,True,0.738,68.97,97.53,True,0,COLLECTING,0,,0,,,,,2,55,17,30,60,0.9995343916044109,0.17320508075688776
2026-08-31T21:03:05.627,121424875,P009,ambient_light,QUALITY,,,,63,976667,113137,118573,112818.95,117969.41,318.05,603.59,395.94,475.66,False,False,nan,True,0.738,68.97,97.53,True,0,COLLECTING,0,,0,,,,,2,55,17,30,60,0.9995343916044109,0.17320508075688776
2026-08-31T21:03:05.636,121424890,P009,ambient_light,QUALITY,,,,64,976707,113195,118671,112826.47,117983.45,368.53,687.55,468.84,475.53,False,False,nan,True,0.738,68.97,97.53,True,0,COLLECTING,0,,0,,,,,2,55,17,30,60,0.9995343916044109,0.17320508075688776
2026-08-31T21:03:05.645,121424890,P009,ambient_light,QUALITY,,,,65,976747,113090,118428,112831.74,117992.34,258.26,435.66,460.55,475.23,True,False,nan,True,0.738,68.97,97.53,True,0,COLLECTING,0,,0,,,,,2,55,17,30,60,0.9995343916044109,0.17320508075688776
2026-08-31T21:03:05.679,121424937,P009,ambient_light,QUALITY,,,,66,976787,112969,118132,112834.48,117995.13,134.52,136.87,379.63,473.32,False,False,nan,True,0.738,68.97,97.53,True,0,COLLECTING,0,,0,,,,,2,55,17,30,60,0.9995343916044109,0.17320508075688776
2026-08-31T21:03:05.816,121425062,P009,ambient_light,QUALITY,,,,67,976827,112976,118134,112837.31,117997.91,138.69,136.09,318.74,470.23,False,False,nan,True,0.738,68.97,97.53,True,0,COLLECTING,0,,0,,,,,2,55,17,30,60,0.9999809998194966,0.17320508075688776
2026-08-31T21:03:05.827,121425078,P009,ambient_light,QUALITY,,,,68,976867,113035,118250,112841.27,118002.95,193.73,247.05,300.82,466.84,False,False,nan,True,0.738,68.97,97.53,True,0,COLLECTING,0,,0,,,,,2,55,17,30,60,0.9999809998194966,0.17320508075688776
2026-08-31T21:03:05.836,121425093,P009,ambient_light,QUALITY,,,,69,976907,113104,118400,112846.52,118010.88,257.48,389.12,322.9,463.96,False,False,nan,True,0.738,68.97,97.53,True,0,COLLECTING,0,,0,,,,,2,55,17,30,60,0.9999809998194966,0.17320508075688776
2026-08-31T21:03:05.844,121425093,P009,ambient_light,QUALITY,,,,70,976947,113184,118584,112853.27,118022.34,330.73,561.66,382.59,462.33,False,False,nan,True,0.738,68.97,97.53,True,0,COLLECTING,0,,0,,,,,2,55,17,30,60,0.9999809998194966,0.17320508075688776
2026-08-31T21:03:05.880,121425125,P009,ambient_light,QUALITY,,,,71,976987,113245,118723,112861.11,118036.36,383.89,686.64,458.6,462.26,False,False,nan,True,0.738,68.97,97.53,True,0,COLLECTING,0,,0,,,,,2,55,17,30,60,0.9999809998194966,0.17320508075688776
2026-08-31T21:03:06.016,121425265,P009,ambient_light,QUALITY,,,,72,977027,113258,118753,112869.05,118050.7,388.95,702.3,519.53,463.4,False,False,nan,True,0.738,68.97,97.53,True,0,COLLECTING,0,,0,,,,,2,55,17,30,60,0.999089085117038,0.17320508075688776
2026-08-31T21:03:06.026,121425281,P009,ambient_light,QUALITY,,,,73,977067,113285,118826,112877.37,118066.2,407.63,759.8,579.59,465.73,False,False,nan,True,0.738,68.97,97.53,True,0,COLLECTING,0,,0,,,,,2,55,17,30,60,0.999089085117038,0.17320508075688776
2026-08-31T21:03:06.034,121425281,P009,ambient_light,QUALITY,,,,74,977107,113352,118949,112886.86,118083.86,465.14,865.14,650.98,469.43,False,False,nan,True,0.738,68.97,97.53,True,0,COLLECTING,0,,0,,,,,2,55,17,30,60,0.999089085117038,0.17320508075688776
2026-08-31T21:03:06.045,121425296,P009,ambient_light,QUALITY,,,,75,977147,113385,119025,112896.82,118102.68,488.18,922.32,718.82,474.42,False,False,nan,True,0.738,68.97,97.53,True,0,COLLECTING,0,,0,,,,,2,55,17,30,60,0.999089085117038,0.17320508075688776
2026-08-31T21:03:06.080,121425328,P009,ambient_light,QUALITY,,,,76,977187,113402,119078,112906.92,118122.19,495.08,955.81,778.06,480.49,False,False,nan,True,0.738,68.97,97.53,True,0,COLLECTING,0,,0,,,,,2,55,17,30,60,0.999089085117038,0.17320508075688776
2026-08-31T21:03:06.216,121425468,P009,ambient_light,QUALITY,,,,77,977227,113430,119139,112917.38,118142.52,512.62,996.48,832.67,487.53,False,False,nan,True,0.738,68.97,97.53,True,0,COLLECTING,0,,0,,,,,2,55,17,30,60,0.9999809998194966,0.17320508075688776
2026-08-31T21:03:06.226,121425484,P009,ambient_light,QUALITY,,,,78,977267,113443,119193,112927.9,118163.53,515.1,1029.47,881.87,495.42,False,False,nan,True,0.738,68.97,97.53,True,0,COLLECTING,0,,0,,,,,2,55,17,30,60,0.9999809998194966,0.17320508075688776
2026-08-31T21:03:06.235,121425484,P009,ambient_light,QUALITY,,,,79,977317,113462,119223,112938.58,118184.72,523.42,1038.28,920.97,503.93,False,False,nan,True,0.738,68.97,97.53,True,0,COLLECTING,0,,0,,,,,2,55,17,30,60,0.9999809998194966,0.17320508075688776
2026-08-31T21:03:06.244,121425500,P009,ambient_light,QUALITY,,,,80,977347,113474,119261,112949.29,118206.24,524.71,1054.76,954.42,512.94,False,False,nan,True,0.738,68.97,97.53,True,0,COLLECTING,0,,0,,,,,2,55,17,30,60,0.9999809998194966,0.17320508075688776
2026-08-31T21:03:06.289,121425546,P009,ambient_light,QUALITY,,,,81,977397,113490,119276,112960.1,118227.64,529.9,1048.36,977.9,522.24,False,False,nan,True,0.738,68.97,97.53,True,0,COLLECTING,0,,0,,,,,2,55,17,30,60,0.9999809998194966,0.17320508075688776
2026-08-31T21:03:06.415,121425671,P009,ambient_light,QUALITY,,,,82,977437,113513,119271,112971.16,118248.51,541.84,1022.49,989.05,531.58,False,False,nan,True,0.738,68.97,97.53,True,0,COLLECTING,0,,0,,,,,2,55,17,30,60,0.9999809998194966,0.17320508075688776
2026-08-31T21:03:06.426,121425671,P009,ambient_light,QUALITY,,,,83,977477,113543,119381,112982.59,118271.16,560.41,1109.84,1019.25,541.33,False,False,nan,True,0.738,68.97,97.53,True,0,COLLECTING,0,,0,,,,,2,55,17,30,60,0.9999809998194966,0.17320508075688776
2026-08-31T21:03:06.435,121425687,P009,ambient_light,QUALITY,,,,84,977517,113486,119166,112992.66,118289.05,493.34,876.95,983.67,550.18,True,True,770.0,True,0.7312,70.48,97.53,True,0,COLLECTING,0,,0,,,,,2,55,17,30,60,0.9999809998194966,0.17320508075688776
2026-08-31T21:03:06.451,121425703,P009,ambient_light,QUALITY,,,,85,977557,113259,118660,112997.99,118296.48,261.01,363.52,828.64,555.75,False,False,nan,True,0.7312,70.48,97.53,True,0,COLLECTING,0,,0,,,,,2,55,17,30,60,0.9999809998194966,0.17320508075688776
2026-08-31T21:03:06.489,121425734,P009,ambient_light,QUALITY,,,,86,977597,113085,118246,112999.73,118295.47,85.27,-49.47,609.11,556.81,False,False,nan,True,0.7312,70.48,97.53,True,0,COLLECTING,0,,0,,,,,2,55,17,30,60,0.9999809998194966,0.17320508075688776
2026-08-31T21:03:06.616,121425875,P009,ambient_light,QUALITY,,,,87,977637,113084,118305,113001.42,118295.66,82.58,9.34,459.17,554.86,False,False,nan,True,0.7312,70.48,97.53,True,0,COLLECTING,0,,0,,,,,3,55,17,30,60,0.9999809998194966,0.17320508075688776
2026-08-31T21:03:06.623,121425875,P009,ambient_light,QUALITY,,,,88,977677,113139,118376,113004.17,118297.27,134.83,78.73,364.06,551.05,False,False,nan,True,0.7312,70.48,97.53,True,0,COLLECTING,0,,0,,,,,3,55,17,30,60,0.9999809998194966,0.17320508075688776
2026-08-31T21:03:06.635,121425890,P009,ambient_light,QUALITY,,,,89,977717,113199,118520,113008.07,118301.72,190.93,218.28,327.62,546.58,False,False,nan,True,0.7312,70.48,97.53,True,0,COLLECTING,0,,0,,,,,3,55,17,30,60,0.9999809998194966,0.17320508075688776
2026-08-31T21:03:06.649,121425906,P009,ambient_light,QUALITY,,,,90,977757,113265,118684,113013.21,118309.37,251.79,374.63,339.37,542.43,False,False,nan,True,0.7312,70.48,97.53,True,0,COLLECTING,0,,0,,,,,3,55,17,30,60,0.9999809998194966,0.17320508075688776
2026-08-31T21:03:06.689,121425937,P009,ambient_light,QUALITY,,,,91,977797,113312,118846,113019.19,118320.1,292.81,525.9,386.0,539.3,False,False,nan,True,0.7312,70.48,97.53,True,0,COLLECTING,0,,0,,,,,3,55,17,30,60,0.9999809998194966,0.17320508075688776
2026-08-31T21:03:06.816,121426062,P009,ambient_light,QUALITY,,,,92,977837,113321,118830,113025.23,118330.3,295.77,499.7,414.43,536.81,False,False,nan,True,0.7312,70.48,97.53,True,0,COLLECTING,0,,0,,,,,3,55,17,30,60,0.9999809998194966,0.17320508075688776
2026-08-31T21:03:06.828,121426078,P009,ambient_light,QUALITY,,,,93,977877,113291,118733,113030.54,118338.35,260.46,394.65,409.48,534.26,True,True,360.0,True,0.783,84.36,97.53,True,0,COLLECTING,0,,0,,,,,3,55,17,30,60,0.9999809998194966,0.17320508075688776
2026-08-31T21:03:06.835,121426093,P009,ambient_light,QUALITY,,,,94,977917,113315,118800,113036.23,118347.59,278.77,452.41,420.22,531.98,False,False,nan,True,0.783,84.36,97.53,True,0,COLLECTING,0,,0,,,,,3,55,17,30,60,0.9999809998194966,0.17320508075688776
2026-08-31T21:03:06.849,121426093,P009,ambient_light,QUALITY,,,,95,977957,113377,118956,113043.04,118359.76,333.96,596.24,464.22,530.62,False,False,nan,True,0.783,84.36,97.53,True,0,COLLECTING,0,,0,,,,,3,55,17,30,60,0.9999809998194966,0.17320508075688776
2026-08-31T21:03:06.889,121426140,P009,ambient_light,QUALITY,,,,96,977997,113419,119065,113050.55,118373.86,368.45,691.14,520.95,530.43,False,False,nan,True,0.783,84.36,97.53,True,0,COLLECTING,0,,0,,,,,3,55,17,30,60,0.9999809998194966,0.17320508075688776
2026-08-31T21:03:07.016,121426265,P009,ambient_light,QUALITY,,,,97,978037,113447,119065,113058.48,118387.68,388.52,677.32,560.04,531.02,False,False,nan,True,0.783,84.36,97.53,True,0,COLLECTING,0,,0,,,,,4,55,17,30,60,0.9999809998194966,0.17320508075688776
2026-08-31T21:03:07.026,121426281,P009,ambient_light,QUALITY,,,,98,978077,113484,119212,113066.99,118404.16,417.01,807.84,621.99,532.84,False,False,nan,True,0.783,84.36,97.53,True,0,COLLECTING,0,,0,,,,,4,55,17,30,60,0.9999809998194966,0.17320508075688776
2026-08-31T21:03:07.035,121426281,P009,ambient_light,QUALITY,,,,99,978117,113553,119407,113076.71,118424.22,476.29,982.78,712.19,536.43,False,False,nan,True,0.783,84.36,97.53,True,0,COLLECTING,0,,0,,,,,4,55,17,30,60,0.9999809998194966,0.17320508075688776
2026-08-31T21:03:07.050,121426296,P009,ambient_light,QUALITY,,,,100,978157,113605,119524,113087.27,118446.21,517.73,1077.79,803.59,541.77,False,False,nan,True,0.783,84.36,97.53,True,0,COLLECTING,0,,0,,,,,4,55,17,30,60,0.9999809998194966,0.17320508075688776
2026-08-31T21:03:07.089,121426343,P009,ambient_light,QUALITY,,,,101,978197,113639,119609,113098.3,118469.47,540.7,1139.53,887.57,548.69,False,False,nan,True,0.783,84.36,97.53,True,0,COLLECTING,0,,0,,,,,4,55,17,30,60,0.9999809998194966,0.17320508075688776
2026-08-31T21:03:07.216,121426468,P009,ambient_light,QUALITY,,,,102,978237,113610,119597,113108.54,118492.02,501.46,1104.98,941.93,556.55,False,False,nan,True,0.783,84.36,97.53,True,0,COLLECTING,0,,0,,,,,4,55,17,30,60,0.9999809998194966,0.17320508075688776
2026-08-31T21:03:07.228,121426484,P009,ambient_light,QUALITY,,,,103,978277,113489,119259,113116.15,118507.35,372.85,751.65,894.36,563.31,True,True,400.0,True,0.7546,86.18,97.53,True,0,COLLECTING,0,,0,,,,,4,55,17,30,60,0.9999809998194966,0.17320508075688776
2026-08-31T21:03:07.235,121426484,P009,ambient_light,QUALITY,,,,104,978317,113337,119009,113120.56,118517.38,216.44,491.62,793.67,567.92,False,False,nan,True,0.7546,86.18,97.53,True,0,COLLECTING,0,,0,,,,,4,55,17,30,60,0.9999809998194966,0.17320508075688776
2026-08-31T21:03:07.245,121426500,P009,ambient_light,QUALITY,,,,105,978357,113326,118947,113124.67,118525.98,201.33,421.02,700.51,570.57,False,False,nan,True,0.7546,86.18,97.53,True,0,COLLECTING,0,,0,,,,,4,55,17,30,60,0.9999809998194966,0.17320508075688776
2026-08-31T21:03:07.290,121426546,P009,ambient_light,QUALITY,,,,106,978397,113369,119009,113129.55,118535.64,239.45,473.36,643.72,572.03,False,False,nan,True,0.7546,86.18,97.53,True,0,COLLECTING,0,,0,,,,,4,55,17,30,60,0.9999809998194966,0.17320508075688776
2026-08-31T21:03:07.416,121426671,P009,ambient_light,QUALITY,,,,107,978437,113450,119170,113135.96,118548.33,314.04,621.67,638.21,573.35,False,False,nan,True,0.7546,86.18,97.53,True,0,COLLECTING,0,,0,,,,,5,55,17,30,60,0.9999809998194966,0.7874007874011811
2026-08-31T21:03:07.426,121426671,P009,ambient_light,QUALITY,,,,108,978477,113436,119290,113141.96,118563.16,294.04,726.84,660.37,575.1,False,False,nan,True,0.7546,86.18,97.53,True,0,COLLECTING,0,,0,,,,,5,55,17,30,60,0.9999809998194966,0.7874007874011811
2026-08-31T21:03:07.436,121426687,P009,ambient_light,QUALITY,,,,109,978517,113480,119232,113148.72,118576.54,331.28,655.46,659.14,576.78,True,False,nan,True,0.7546,86.18,97.53,True,0,COLLECTING,0,,0,,,,,5,55,17,30,60,0.9999809998194966,0.7874007874011811
2026-08-31T21:03:07.449,121426703,P009,ambient_light,QUALITY,,,,110,978557,113444,119169,113154.62,118588.39,289.38,580.61,639.51,578.03,False,False,nan,True,0.7546,86.18,97.53,True,0,COLLECTING,0,,0,,,,,5,55,17,30,60,0.9999809998194966,0.7874007874011811
2026-08-31T21:03:07.490,121426734,P009,ambient_light,QUALITY,,,,111,978597,113395,119077,113159.43,118598.16,235.57,478.84,599.34,578.46,False,False,nan,True,0.7546,86.18,97.7,True,0,COLLECTING,0,,0,,,,,5,55,17,30,60,0.9999809998194966,0.7874007874011811
2026-08-31T21:03:07.615,121426859,P009,ambient_light,QUALITY,,,,112,978637,113321,119029,113162.66,118606.78,158.34,422.22,555.06,577.99,False,False,nan,True,0.7546,86.18,97.7,True,0,COLLECTING,0,,0,,,,,5,55,17,30,60,0.9999809998194966,0.17320508075688776
2026-08-31T21:03:07.626,121426875,P009,ambient_light,QUALITY,,,,113,978677,113395,119106,113167.31,118616.77,227.69,489.23,538.6,577.2,False,False,nan,True,0.7546,86.18,97.7,True,0,COLLECTING,0,,0,,,,,5,55,17,30,60,0.9999809998194966,0.17320508075688776
2026-08-31T21:03:07.636,121426890,P009,ambient_light,QUALITY,,,,114,978717,113415,119120,113172.27,118626.83,242.73,493.17,527.25,576.2,False,False,nan,True,0.7546,86.18,97.7,True,0,COLLECTING,0,,0,,,,,5,55,17,30,60,0.9999809998194966,0.17320508075688776
2026-08-31T21:03:07.650,121426906,P009,ambient_light,QUALITY,,,,115,978757,113378,119136,113176.38,118637.01,201.62,498.99,520.18,575.08,False,False,nan,True,0.7546,86.18,97.7,True,0,COLLECTING,0,,0,,,,,5,55,17,30,60,0.9999809998194966,0.17320508075688776
2026-08-31T21:03:07.690,121426937,P009,ambient_light,QUALITY,,,,116,978797,113361,119078,113180.08,118645.83,180.92,432.17,498.18,573.54,False,False,nan,True,0.7546,86.18,97.7,True,0,COLLECTING,0,,0,,,,,5,55,17,30,60,0.9999809998194966,0.17320508075688776
2026-08-31T21:03:07.816,121427062,P009,ambient_light,QUALITY,,,,117,978837,113364,119124,113183.76,118655.39,180.24,468.61,490.79,571.89,False,False,nan,True,0.7546,86.18,97.7,True,0,COLLECTING,0,,0,,,,,5,55,17,30,60,0.9999809998194966,0.17320508075688776
2026-08-31T21:03:07.828,121427078,P009,ambient_light,QUALITY,,,,118,978877,113343,119108,113186.95,118664.45,156.05,443.55,478.98,570.03,False,False,nan,True,0.7546,86.18,97.7,True,0,COLLECTING,0,,0,,,,,5,55,17,30,60,0.9999809998194966,0.17320508075688776
2026-08-31T21:03:07.836,121427093,P009,ambient_light,QUALITY,,,,119,978917,113407,119251,113191.34,118676.18,215.66,574.82,502.94,568.69,False,False,nan,True,0.7546,86.18,97.7,True,0,COLLECTING,0,,0,,,,,5,55,17,30,60,0.9999809998194966,0.17320508075688776
2026-08-31T21:03:07.849,121427093,P009,ambient_light,QUALITY,,,,120,978957,113393,119405,113195.38,118690.76,197.62,714.24,555.76,568.43,False,False,nan,True,0.7546,86.18,97.7,True,0,COLLECTING,0,,0,,,,,5,55,17,30,60,0.9999809998194966,0.17320508075688776
2026-08-31T21:03:07.890,121427140,P009,ambient_light,QUALITY,,,,121,978997,113459,119477,113200.65,118706.48,258.35,770.52,609.45,569.25,False,False,nan,True,0.7546,86.18,97.7,True,0,COLLECTING,0,,0,,,,,5,55,17,30,60,0.9999809998194966,0.17320508075688776
2026-08-31T21:03:08.016,121427265,P009,ambient_light,QUALITY,,,,122,979037,113653,119846,113209.7,118729.27,443.3,1116.73,736.27,572.59,False,False,nan,True,0.7546,86.18,97.7,True,0,COLLECTING,0,,0,,,,,5,55,17,30,60,0.9999809998194966,0.17320508075688776
2026-08-31T21:03:08.026,121427281,P009,ambient_light,QUALITY,,,,123,979077,113912,120258,113223.74,118759.85,688.26,1498.15,926.74,579.67,False,False,nan,True,0.7546,86.18,97.7,True,0,COLLECTING,0,,0,,,,,5,55,17,30,60,0.9999809998194966,0.17320508075688776
2026-08-31T21:03:08.035,121427281,P009,ambient_light,QUALITY,,,,124,979117,114050,120591,113240.27,118796.48,809.73,1794.52,1143.69,590.95,False,False,nan,True,0.7546,86.18,97.7,True,0,COLLECTING,0,,0,,,,,5,55,17,30,60,0.9999809998194966,0.17320508075688776
2026-08-31T21:03:08.045,121427296,P009,ambient_light,QUALITY,,,,125,979157,114060,120706,113256.66,118834.66,803.34,1871.34,1325.6,605.65,False,False,nan,True,0.7546,86.18,97.7,True,0,COLLECTING,0,,0,,,,,5,55,17,30,60,0.9999809998194966,0.17320508075688776
2026-08-31T21:03:08.090,121427343,P009,ambient_light,QUALITY,,,,126,979197,114129,120791,113274.11,118873.79,854.89,1917.21,1473.5,623.0,False,False,nan,True,0.7546,86.18,97.7,True,0,COLLECTING,0,,0,,,,,5,55,17,30,60,0.9999809998194966,0.17320508075688776
2026-08-31T21:03:08.217,121427468,P009,ambient_light,QUALITY,,,,127,979237,114218,120937,113292.98,118915.05,925.02,2021.95,1610.61,642.76,False,False,nan,True,0.7546,86.18,97.7,True,0,COLLECTING,0,,0,,,,,5,55,17,30,60,0.9999809998194966,0.17320508075688776
2026-08-31T21:03:08.227,121427484,P009,ambient_light,QUALITY,,,,128,979277,114284,121050,113312.8,118957.75,971.2,2092.25,1731.02,664.52,False,False,nan,True,0.7546,86.18,97.7,True,0,COLLECTING,0,,0,,,,,5,55,17,30,60,0.9999809998194966,0.17320508075688776
2026-08-31T21:03:08.236,121427484,P009,ambient_light,QUALITY,,,,129,979317,114205,120963,113330.65,118997.85,874.35,1965.15,1789.55,687.02,False,False,nan,True,0.7546,86.18,97.7,True,0,COLLECTING,0,,0,,,,,5,55,17,30,60,0.9999809998194966,0.17320508075688776
2026-08-31T21:03:08.246,121427500,P009,ambient_light,QUALITY,,,,130,979357,114313,121173,113350.3,119041.35,962.7,2131.65,1875.08,710.78,False,False,nan,True,0.7546,86.18,97.7,True,0,COLLECTING,0,,0,,,,,5,55,17,30,60,0.9999809998194966,0.17320508075688776
2026-08-31T21:03:08.290,121427546,P009,ambient_light,QUALITY,,,,131,979397,114506,121592,113373.41,119092.37,1132.59,2499.63,2031.22,737.19,False,False,nan,True,0.7546,86.18,97.7,True,0,COLLECTING,0,,0,,,,,5,55,17,30,60,0.9999809998194966,0.17320508075688776
2026-08-31T21:03:08.417,121427671,P009,ambient_light,QUALITY,,,,132,979437,114793,122274,113401.8,119156.0,1391.2,3118.0,2302.91,768.51,False,False,nan,True,0.7546,86.18,97.7,True,0,COLLECTING,0,,0,,,,,5,55,17,30,60,0.9999144963445625,0.5385164807134505
2026-08-31T21:03:08.426,121427671,P009,ambient_light,QUALITY,,,,133,979477,115021,122863,113434.19,119230.14,1586.81,3632.86,2635.4,805.84,False,False,nan,True,0.7546,86.18,97.7,True,0,COLLECTING,0,,0,,,,,5,55,17,30,60,0.9999144963445625,0.5385164807134505
2026-08-31T21:03:08.435,121427687,P009,ambient_light,QUALITY,,,,134,979517,115235,123206,113470.2,119309.66,1764.8,3896.34,2950.64,848.74,False,False,nan,True,0.7546,86.18,97.7,True,0,COLLECTING,0,,0,,,,,5,55,17,30,60,0.9999144963445625,0.5385164807134505
2026-08-31T21:03:08.446,121427703,P009,ambient_light,QUALITY,,,,135,979557,115304,123394,113506.88,119391.34,1797.12,4002.66,3213.64,896.04,False,False,nan,True,0.7546,86.18,97.7,True,0,COLLECTING,0,,0,,,,,5,55,17,30,60,0.9999144963445625,0.5385164807134505
2026-08-31T21:03:08.490,121427734,P009,ambient_light,QUALITY,,,,136,979597,115314,123507,113543.02,119473.66,1770.98,4033.34,3418.57,946.49,False,False,nan,True,0.7546,86.18,97.7,True,0,COLLECTING,0,,0,,,,,5,55,17,30,60,0.9999144963445625,0.5385164807134505
2026-08-31T21:03:08.616,121427875,P009,ambient_light,QUALITY,,,,137,979637,115402,123582,113580.2,119555.82,1821.8,4026.18,3570.47,998.97,False,False,nan,True,0.7546,86.18,97.7,True,0,COLLECTING,0,,0,,,,,5,55,17,30,60,0.9999144963445625,0.7348469228349533
2026-08-31T21:03:08.627,121427875,P009,ambient_light,QUALITY,,,,138,979677,115392,123688,113616.44,119638.46,1775.56,4049.54,3690.24,1052.79,False,False,nan,True,0.7546,86.18,97.7,True,0,COLLECTING,0,,0,,,,,5,55,17,30,60,0.9999144963445625,0.7348469228349533
2026-08-31T21:03:08.637,121427890,P009,ambient_light,QUALITY,,,,139,979717,115492,123755,113653.95,119720.79,1838.05,4034.21,3776.23,1107.26,False,False,nan,True,0.7546,86.18,97.7,True,0,COLLECTING,0,,0,,,,,5,55,17,30,60,0.9999144963445625,0.7348469228349533
2026-08-31T21:03:08.647,121427890,P009,ambient_light,QUALITY,,,,140,979757,115364,123459,113688.15,119795.55,1675.85,3663.45,3748.03,1160.08,True,True,1480.0,True,0.7,74.88,97.7,True,0,COLLECTING,0,,0,,,,,5,55,17,30,60,0.9999144963445625,0.7348469228349533
2026-08-31T21:03:08.690,121427937,P009,ambient_light,QUALITY,,,,141,979797,115141,122961,113717.2,119858.87,1423.8,3102.13,3586.56,1208.61,False,False,nan,True,0.7,74.88,97.7,True,0,COLLECTING,0,,0,,,,,5,55,17,30,60,0.9999144963445625,0.7348469228349533
2026-08-31T21:03:08.815,121428062,P009,ambient_light,QUALITY,,,,142,979837,115100,122800,113744.86,119917.69,1355.14,2882.31,3410.5,1252.65,False,False,nan,True,0.7,74.88,97.7,True,0,COLLECTING,0,,0,,,,,6,55,17,30,60,0.9999144963445625,0.17320508075688776
2026-08-31T21:03:08.827,121428078,P009,ambient_light,QUALITY,,,,143,979877,115084,122795,113771.64,119975.23,1312.36,2819.77,3262.81,1292.85,False,False,nan,True,0.7,74.88,97.7,True,0,COLLECTING,0,,0,,,,,6,55,17,30,60,0.9999144963445625,0.17320508075688776
2026-08-31T21:03:08.838,121428093,P009,ambient_light,QUALITY,,,,144,979917,115109,122798,113798.39,120031.69,1310.61,2766.31,3138.69,1329.77,False,False,nan,True,0.7,74.88,97.7,True,0,COLLECTING,0,,0,,,,,6,55,17,30,60,0.9999144963445625,0.17320508075688776
2026-08-31T21:03:08.846,121428093,P009,ambient_light,QUALITY,,,,145,979957,115152,122924,113825.46,120089.53,1326.54,2834.47,3062.63,1364.42,False,False,nan,True,0.7,74.88,97.7,True,0,COLLECTING,0,,0,,,,,6,55,17,30,60,0.9999144963445625,0.17320508075688776
2026-08-31T21:03:08.890,121428140,P009,ambient_light,QUALITY,,,,146,979997,115147,122892,113851.89,120145.58,1295.11,2746.42,2983.58,1396.81,False,False,nan,True,0.7,74.88,97.7,True,0,COLLECTING,0,,0,,,,,6,55,17,30,60,0.9999144963445625,0.17320508075688776
2026-08-31T21:03:09.016,121428265,P009,ambient_light,QUALITY,,,,147,980037,115121,122812,113877.27,120198.91,1243.73,2613.09,2890.96,1426.69,False,False,nan,True,0.7,74.88,97.7,True,0,COLLECTING,0,,0,,,,,6,55,17,30,60,0.9999809998194966,0.17320508075688776
2026-08-31T21:03:09.027,121428281,P009,ambient_light,QUALITY,,,,148,980077,115053,122638,113900.79,120247.69,1152.21,2390.31,2765.8,1453.47,False,False,nan,True,0.7,74.88,97.7,True,0,COLLECTING,0,,0,,,,,6,55,17,30,60,0.9999809998194966,0.17320508075688776
2026-08-31T21:03:09.038,121428296,P009,ambient_light,QUALITY,,,,149,980117,114938,122390,113921.53,120290.53,1016.47,2099.47,2599.22,1476.39,False,False,nan,True,0.7,74.88,97.7,True,0,COLLECTING,0,,0,,,,,6,55,17,30,60,0.9999809998194966,0.17320508075688776
2026-08-31T21:03:09.046,121428296,P009,ambient_light,QUALITY,,,,150,980157,114805,122088,113939.2,120326.48,865.8,1761.52,2389.79,1494.65,False,False,nan,True,0.7,74.88,97.7,True,0,COLLECTING,0,,0,,,,,6,55,17,30,60,0.9999809998194966,0.17320508075688776
2026-08-31T21:03:09.090,121428343,P009,ambient_light,QUALITY,,,,151,980197,114656,121785,113953.54,120355.66,702.46,1429.34,2149.68,1507.75,False,False,nan,True,0.7,74.88,97.7,True,0,COLLECTING,0,,0,,,,,6,55,17,30,60,0.9999809998194966,0.17320508075688776
2026-08-31T21:03:09.216,121428468,P009,ambient_light,QUALITY,,,,152,980237,114570,121585,113965.87,120380.24,604.13,1204.76,1913.45,1515.87,False,False,nan,True,0.7,74.88,97.7,True,0,COLLECTING,0,,0,,,,,6,55,17,30,60,0.9999809998194966,0.17320508075688776
2026-08-31T21:03:09.228,121428484,P009,ambient_light,QUALITY,,,,153,980277,114532,121524,113977.19,120403.12,554.81,1120.88,1715.31,1519.86,False,False,nan,True,0.7,74.88,97.7,True,0,COLLECTING,0,,0,,,,,6,55,17,30,60,0.9999809998194966,0.17320508075688776
2026-08-31T21:03:09.239,121428484,P009,ambient_light,QUALITY,,,,154,980317,114589,121653,113989.42,120428.12,599.58,1224.88,1592.7,1521.31,False,False,nan,True,0.7,74.88,97.7,True,0,COLLECTING,0,,0,,,,,6,55,17,30,60,0.9999809998194966,0.17320508075688776
2026-08-31T21:03:09.246,121428500,P009,ambient_light,QUALITY,,,,155,980357,114664,121834,114002.91,120456.23,661.09,1377.77,1538.97,1521.67,False,False,nan,True,0.7,74.88,97.7,True,0,COLLECTING,0,,0,,,,,6,55,17,30,60,0.9999809998194966,0.17320508075688776
2026-08-31T21:03:09.290,121428546,P009,ambient_light,QUALITY,,,,156,980397,114712,121963,114017.09,120486.37,694.91,1476.63,1523.38,1521.7,False,False,nan,True,0.7,74.88,97.7,True,0,COLLECTING,0,,0,,,,,6,55,17,30,60,0.9999809998194966,0.17320508075688776
2026-08-31T21:03:09.416,121428671,P009,ambient_light,QUALITY,,,,157,980437,114737,122013,114031.49,120516.9,705.51,1496.1,1516.56,1521.6,False,False,nan,True,0.7,74.88,97.7,True,0,COLLECTING,0,,0,,,,,6,55,17,30,60,0.9999809998194966,0.17320508075688776
2026-08-31T21:03:09.426,121428671,P009,ambient_light,QUALITY,,,,158,980477,114702,121902,114044.9,120544.6,657.1,1357.4,1476.77,1520.7,False,False,nan,True,0.7,74.88,97.7,True,0,COLLECTING,0,,0,,,,,6,55,17,30,60,0.9999809998194966,0.17320508075688776
2026-08-31T21:03:09.438,121428687,P009,ambient_light,QUALITY,,,,159,980517,114577,121613,114055.54,120565.97,521.46,1047.03,1369.34,1517.67,False,False,nan,True,0.7,74.88,97.7,True,0,COLLECTING,0,,0,,,,,6,55,17,30,60,0.9999809998194966,0.17320508075688776
2026-08-31T21:03:09.446,121428703,P009,ambient_light,QUALITY,,,,160,980557,114339,121055,114061.21,120575.75,277.79,479.25,1146.81,1510.26,False,False,nan,True,0.7,74.88,97.7,True,0,COLLECTING,0,,0,,,,,6,55,17,30,60,0.9999809998194966,0.17320508075688776
2026-08-31T21:03:09.489,121428734,P009,ambient_light,QUALITY,,,,161,980597,114167,120684,114063.33,120577.91,103.67,106.09,886.63,1497.79,False,False,nan,True,0.7,74.88,97.7,True,0,COLLECTING,0,,0,,,,,6,55,17,30,60,0.9999809998194966,0.17320508075688776
2026-08-31T21:03:09.616,121428859,P009,ambient_light,QUALITY,,,,162,980637,114197,120785,114066.0,120582.05,131.0,202.95,715.71,1482.14,False,False,nan,True,0.7,74.88,97.7,True,0,COLLECTING,0,,0,,,,,6,55,17,30,60,0.9999809998194966,0.17320508075688776
2026-08-31T21:03:09.630,121428875,P009,ambient_light,QUALITY,,,,163,980677,114353,121151,114071.74,120593.43,281.26,557.57,676.18,1466.02,False,False,nan,True,0.7,74.88,97.7,True,0,COLLECTING,0,,0,,,,,6,55,17,30,60,0.9999809998194966,0.17320508075688776
2026-08-31T21:03:09.638,121428890,P009,ambient_light,QUALITY,,,,164,980717,114518,121522,114080.66,120612.0,437.34,910.0,734.63,1451.4,False,False,nan,True,0.7,74.88,97.7,True,0,COLLECTING,0,,0,,,,,6,55,17,30,60,0.9999809998194966,0.17320508075688776
2026-08-31T21:03:09.645,121428890,P009,ambient_light,QUALITY,,,,165,980757,114594,121740,114090.93,120634.56,503.07,1105.44,827.33,1438.92,False,False,nan,True,0.7,74.88,97.7,True,0,COLLECTING,0,,0,,,,,6,55,17,30,60,0.9999809998194966,0.17320508075688776
2026-08-31T21:03:09.690,121428937,P009,ambient_light,QUALITY,,,,166,980797,114609,121772,114101.29,120657.31,507.71,1114.69,899.17,1428.12,False,False,nan,True,0.7,74.88,97.7,True,0,COLLECTING,0,,0,,,,,6,55,17,30,60,0.9999809998194966,0.17320508075688776
2026-08-31T21:03:09.816,121429062,P009,ambient_light,QUALITY,,,,167,980837,114597,121744,114111.2,120679.05,485.8,1064.95,940.62,1418.37,False,False,nan,True,0.7,74.88,97.7,True,0,COLLECTING,0,,0,,,,,6,55,17,30,60,0.9999809998194966,0.17320508075688776
2026-08-31T21:03:09.827,121429078,P009,ambient_light,QUALITY,,,,168,980877,114531,121623,114119.6,120697.93,411.4,925.07,936.73,1408.74,True,True,1120.0,True,0.7,72.62,97.7,True,0,COLLECTING,0,,0,,,,,6,55,17,30,60,0.9999809998194966,0.17320508075688776
2026-08-31T21:03:09.835,121429093,P009,ambient_light,QUALITY,,,,169,980917,114496,121562,114127.13,120715.21,368.87,846.79,914.24,1398.85,False,False,nan,True,0.7,72.62,97.7,True,0,COLLECTING,0,,0,,,,,6,55,17,30,60,0.9999809998194966,0.17320508075688776
2026-08-31T21:03:09.846,121429093,P009,ambient_light,QUALITY,,,,170,980957,114496,121566,114134.51,120732.23,361.49,833.77,894.13,1388.75,False,False,nan,True,0.7,72.62,97.7,True,0,COLLECTING,0,,0,,,,,6,55,17,30,60,0.9999809998194966,0.17320508075688776
2026-08-31T21:03:09.889,121429140,P009,ambient_light,QUALITY,,,,171,980997,114536,121675,114142.54,120751.08,393.46,923.92,901.58,1379.01,False,False,nan,True,0.7,72.62,97.7,True,0,COLLECTING,0,,0,,,,,6,55,17,30,60,0.9999809998194966,0.17320508075688776
2026-08-31T21:03:10.016,121429265,P009,ambient_light,QUALITY,,,,172,981037,114641,121948,114152.51,120775.02,488.49,1172.98,969.43,1370.82,False,False,nan,True,0.7,72.62,97.7,True,0,COLLECTING,0,,0,,,,,7,55,17,30,60,0.9999809998194966,0.17320508075688776
2026-08-31T21:03:10.028,121429281,P009,ambient_light,QUALITY,,,,173,981077,114711,122100,114163.68,120801.52,547.32,1298.48,1051.69,1364.44,False,False,nan,True,0.7,72.62,97.7,True,0,COLLECTING,0,,0,,,,,7,55,17,30,60,0.9999809998194966,0.17320508075688776
2026-08-31T21:03:10.035,121429281,P009,ambient_light,QUALITY,,,,174,981117,114776,122238,114175.93,120830.24,600.07,1407.76,1140.71,1359.96,False,False,nan,True,0.7,72.62,97.7,True,0,COLLECTING,0,,0,,,,,7,55,17,30,60,0.9999809998194966,0.17320508075688776
2026-08-31T21:03:10.046,121429296,P009,ambient_light,QUALITY,,,,175,981157,114815,122330,114188.71,120860.23,626.29,1469.77,1222.97,1357.22,False,False,nan,True,0.7,72.62,97.7,True,0,COLLECTING,0,,0,,,,,7,55,17,30,60,0.9999809998194966,0.17320508075688776
2026-08-31T21:03:10.090,121429343,P009,ambient_light,QUALITY,,,,176,981197,114799,122275,114200.91,120888.53,598.09,1386.47,1263.85,1355.35,False,False,nan,True,0.7,72.62,97.7,True,0,COLLECTING,0,,0,,,,,7,55,17,30,60,0.9999809998194966,0.17320508075688776
2026-08-31T21:03:10.215,121429468,P009,ambient_light,QUALITY,,,,177,981237,114645,121904,114209.8,120908.84,435.2,995.16,1196.67,1352.18,True,True,360.0,True,0.7,78.3,97.7,True,0,COLLECTING,0,,0,,,,,7,55,17,30,60,0.9999809998194966,0.17320508075688776
2026-08-31T21:03:10.226,121429484,P009,ambient_light,QUALITY,,,,178,981277,114390,121298,114213.4,120916.62,176.6,381.38,992.85,1344.99,False,False,nan,True,0.7,78.3,97.7,True,0,COLLECTING,0,,0,,,,,7,55,17,30,60,0.9999809998194966,0.17320508075688776
2026-08-31T21:03:10.234,121429484,P009,ambient_light,QUALITY,,,,179,981317,114191,120879,114212.95,120915.88,-21.95,-36.88,735.42,1332.8,False,False,nan,True,0.7,78.3,97.7,True,0,COLLECTING,0,,0,,,,,7,55,17,30,60,0.9999809998194966,0.17320508075688776
2026-08-31T21:03:10.247,121429500,P009,ambient_light,QUALITY,,,,180,981357,114146,120796,114211.62,120913.48,-65.62,-117.48,522.19,1316.59,False,False,nan,True,0.7,78.3,97.7,True,0,COLLECTING,0,,0,,,,,7,55,17,30,60,0.9999809998194966,0.17320508075688776
2026-08-31T21:03:10.290,121429546,P009,ambient_light,QUALITY,,,,181,981397,114199,120935,114211.37,120913.91,-12.37,21.09,396.92,1298.2,False,False,nan,True,0.7,78.3,97.7,True,0,COLLECTING,0,,0,,,,,7,55,17,30,60,0.9999809998194966,0.17320508075688776
2026-08-31T21:03:10.416,121429671,P009,ambient_light,QUALITY,,,,182,981437,114223,120997,114211.6,120915.57,11.4,81.43,318.05,1278.59,False,False,nan,True,0.7,78.3,97.7,True,0,COLLECTING,0,,0,,,,,8,55,17,30,60,0.9999809998194966,0.17320508075688776
2026-08-31T21:03:10.429,121429687,P009,ambient_light,QUALITY,,,,183,981477,114178,120871,114210.93,120914.68,-32.93,-43.68,227.62,1257.57,False,False,nan,True,0.7,78.3,97.7,True,0,COLLECTING,0,,0,,,,,8,55,17,30,60,0.9999809998194966,0.17320508075688776
2026-08-31T21:03:10.435,121429687,P009,ambient_light,QUALITY,,,,184,981517,114095,120656,114208.61,120909.51,-113.61,-253.51,107.33,1234.57,False,False,nan,True,0.7,78.3,97.7,True,0,COLLECTING,0,,0,,,,,8,55,17,30,60,0.9999809998194966,0.17320508075688776
2026-08-31T21:03:10.450,121429703,P009,ambient_light,QUALITY,,,,185,981557,113996,120437,114204.36,120900.05,-208.36,-463.05,-35.26,1210.58,False,False,nan,True,0.7,78.3,97.7,True,0,COLLECTING,0,,0,,,,,8,55,17,30,60,0.9999809998194966,0.17320508075688776
2026-08-31T21:03:10.490,121429734,P009,ambient_light,QUALITY,,,,186,981597,113933,120309,114198.93,120888.23,-265.93,-579.23,-171.26,1189.8,False,False,nan,True,0.7,78.3,97.7,True,0,COLLECTING,0,,0,,,,,8,55,17,30,60,0.9999809998194966,0.17320508075688776
2026-08-31T21:03:10.615,121429859,P009,ambient_light,QUALITY,,,,187,981637,113945,120352,114193.85,120877.51,-248.85,-525.51,-259.82,1171.2,False,False,nan,True,0.7,78.3,97.7,True,0,COLLECTING,0,,0,,,,,8,55,17,30,60,0.9999809998194966,0.17320508075688776
2026-08-31T21:03:10.628,121429875,P009,ambient_light,QUALITY,,,,188,981677,114001,120485,114189.99,120869.66,-188.99,-384.66,-291.03,1153.59,False,False,nan,True,0.7,78.3,97.7,True,0,COLLECTING,0,,0,,,,,8,55,17,30,60,0.9999809998194966,0.17320508075688776
2026-08-31T21:03:10.637,121429890,P009,ambient_light,QUALITY,,,,189,981717,114092,120723,114188.03,120866.73,-96.03,-143.73,-254.2,1135.61,False,False,nan,True,0.7,78.3,97.7,True,0,COLLECTING,0,,0,,,,,8,55,17,30,60,0.9999809998194966,0.17320508075688776
2026-08-31T21:03:10.646,121429890,P009,ambient_light,QUALITY,,,,190,981757,114232,121032,114188.91,120870.03,43.09,161.97,-150.16,1115.9,False,False,nan,True,0.7,78.3,97.7,True,0,COLLECTING,0,,0,,,,,8,55,17,30,60,0.9999809998194966,0.17320508075688776
2026-08-31T21:03:10.690,121429937,P009,ambient_light,QUALITY,,,,191,981797,114379,121337,114192.72,120879.37,186.28,457.63,1.79,1093.61,False,False,nan,True,0.7,78.3,97.7,True,0,COLLECTING,0,,0,,,,,8,55,17,30,60,0.9999809998194966,0.17320508075688776
2026-08-31T21:03:10.816,121430062,P009,ambient_light,QUALITY,,,,192,981837,114431,121468,114197.48,120891.14,233.52,576.86,145.56,1074.65,False,False,nan,True,0.7,78.3,97.7,True,0,COLLECTING,0,,0,,,,,8,55,17,30,60,0.999089085117038,0.17320508075688776
2026-08-31T21:03:10.828,121430078,P009,ambient_light,QUALITY,,,,193,981877,114497,121659,114203.48,120906.5,293.52,752.5,297.29,1059.11,False,False,nan,True,0.7,78.3,97.7,True,0,COLLECTING,0,,0,,,,,8,55,17,30,60,0.999089085117038,0.17320508075688776
2026-08-31T21:03:10.837,121430093,P009,ambient_light,QUALITY,,,,194,981917,114642,121997,114212.25,120928.31,429.75,1068.69,490.14,1047.73,False,False,nan,True,0.7,78.3,97.7,True,0,COLLECTING,0,,0,,,,,8,55,17,30,60,0.999089085117038,0.17320508075688776
2026-08-31T21:03:10.845,121430093,P009,ambient_light,QUALITY,,,,195,981957,114770,122260,114223.41,120954.95,546.59,1305.05,693.87,1040.65,False,False,nan,True,0.7,78.3,97.7,True,0,COLLECTING,0,,0,,,,,8,55,17,30,60,0.999089085117038,0.17320508075688776
2026-08-31T21:03:10.889,121430140,P009,ambient_light,QUALITY,,,,196,981997,114786,122259,114234.66,120981.02,551.34,1277.98,839.9,1036.63,False,False,nan,True,0.7,78.3,97.7,True,0,COLLECTING,0,,0,,,,,8,55,17,30,60,0.999089085117038,0.17320508075688776
2026-08-31T21:03:11.016,121430265,P009,ambient_light,QUALITY,,,,197,982037,114817,122309,114246.3,121007.59,570.7,1301.41,955.28,1035.01,False,False,nan,True,0.7,78.3,97.7,True,0,COLLECTING,0,,0,,,,,8,55,17,30,60,0.9999809998194966,0.17320508075688776
2026-08-31T21:03:11.028,121430281,P009,ambient_light,QUALITY,,,,198,982077,114998,122725,114261.34,121041.94,736.66,1683.06,1137.22,1037.05,False,False,nan,True,0.7,78.3,97.7,True,0,COLLECTING,0,,0,,,,,8,55,17,30,60,0.9999809998194966,0.17320508075688776
2026-08-31T21:03:11.037,121430281,P009,ambient_light,QUALITY,,,,199,982117,115369,123512,114283.49,121091.34,1085.51,2420.66,1458.08,1045.47,False,False,nan,True,0.7,78.3,97.7,True,0,COLLECTING,0,,0,,,,,8,55,17,30,60,0.9999809998194966,0.17320508075688776
2026-08-31T21:03:11.046,121430296,P009,ambient_light,QUALITY,,,,200,982157,115877,124686,114315.36,121163.23,1561.64,3522.77,1974.26,1064.05,False,False,nan,True,0.7,78.3,97.7,True,0,COLLECTING,0,,0,,,,,8,55,17,30,60,0.9999809998194966,0.17320508075688776
2026-08-31T21:03:11.089,121430343,P009,ambient_light,QUALITY,,,,201,982197,116359,125731,114356.23,121254.58,2002.77,4476.42,2599.8,1094.76,False,False,nan,True,0.7,78.3,97.7,True,0,COLLECTING,0,,0,,,,,8,55,17,30,60,0.9999809998194966,0.17320508075688776
2026-08-31T21:03:11.218,121430468,P009,ambient_light,QUALITY,,,,202,982237,116610,126220,114401.31,121353.88,2208.69,4866.12,3166.38,1136.2,False,False,nan,True,0.7,78.3,97.7,True,0,COLLECTING,0,,0,,,,,8,55,17,30,60,0.9999144963445625,0.17320508075688776
2026-08-31T21:03:11.228,121430484,P009,ambient_light,QUALITY,,,,203,982277,116675,126321,114446.79,121453.23,2228.21,4867.77,3591.73,1185.31,False,False,nan,True,0.7,78.3,97.7,True,0,COLLECTING,0,,0,,,,,8,55,17,30,60,0.9999144963445625,0.17320508075688776
2026-08-31T21:03:11.238,121430484,P009,ambient_light,QUALITY,,,,204,982317,116731,126409,114492.48,121552.34,2238.52,4856.66,3907.96,1239.76,False,False,nan,True,0.7,78.3,97.7,True,0,COLLECTING,0,,0,,,,,8,55,17,30,60,0.9999144963445625,0.17320508075688776
2026-08-31T21:03:11.246,121430500,P009,ambient_light,QUALITY,,,,205,982357,116791,126521,114538.45,121651.72,2252.55,4869.28,4148.29,1297.93,False,False,nan,True,0.7,78.3,97.7,True,0,COLLECTING,0,,0,,,,,8,55,17,30,60,0.9999144963445625,0.17320508075688776
2026-08-31T21:03:11.290,121430546,P009,ambient_light,QUALITY,,,,206,982397,116934,126779,114586.36,121754.27,2347.64,5024.73,4367.4,1359.32,False,False,nan,True,0.7,78.3,97.7,True,0,COLLECTING,0,,0,,,,,8,55,17,30,60,0.9999144963445625,0.17320508075688776
2026-08-31T21:03:11.416,121430671,P009,ambient_light,QUALITY,,,,207,982437,117063,127044,114635.89,121860.06,2427.11,5183.94,4571.53,1423.56,False,False,nan,True,0.7,78.3,97.7,True,0,COLLECTING,0,,0,,,,,8,55,17,30,60,0.9999809998194966,0.17320508075688776
2026-08-31T21:03:11.427,121430671,P009,ambient_light,QUALITY,,,,208,982477,117140,127226,114685.98,121967.38,2454.02,5258.62,4743.31,1489.96,False,False,nan,True,0.7,78.3,97.7,True,0,COLLECTING,0,,0,,,,,8,55,17,30,60,0.9999809998194966,0.17320508075688776
2026-08-31T21:03:11.438,121430687,P009,ambient_light,QUALITY,,,,209,982517,117223,127385,114736.72,122075.73,2486.28,5309.27,4884.8,1557.85,False,False,nan,True,0.7,78.3,97.7,True,0,COLLECTING,0,,0,,,,,8,55,17,30,60,0.9999809998194966,0.17320508075688776
2026-08-31T21:03:11.446,121430703,P009,ambient_light,QUALITY,,,,210,982557,117246,127443,114786.91,122183.08,2459.09,5259.92,4978.58,1626.27,False,False,nan,True,0.7,78.3,97.7,True,0,COLLECTING,0,,0,,,,,8,55,17,30,60,0.9999809998194966,0.17320508075688776
2026-08-31T21:03:11.492,121430750,P009,ambient_light,QUALITY,,,,211,982597,117271,127466,114836.59,122288.73,2434.41,5177.27,5028.25,1694.31,False,False,nan,True,0.7,78.3,97.54,True,0,COLLECTING,0,,0,,,,,8,55,17,30,60,0.9999809998194966,0.17320508075688776
2026-08-31T21:03:11.618,121430875,P009,ambient_light,QUALITY,,,,212,982637,117271,127471,114885.27,122392.38,2385.73,5078.62,5040.84,1761.24,False,False,nan,True,0.7,78.3,97.54,True,0,COLLECTING,0,,0,,,,,7,55,17,30,60,0.9999809998194966,0.17320508075688776
2026-08-31T21:03:11.626,121430875,P009,ambient_light,QUALITY,,,,213,982677,117226,127349,114932.09,122491.52,2293.91,4857.48,4995.0,1825.91,True,True,1440.0,True,0.7,71.75,97.54,True,0,COLLECTING,0,,0,,,,,7,55,17,30,60,0.9999809998194966,0.17320508075688776
2026-08-31T21:03:11.637,121430890,P009,ambient_light,QUALITY,,,,214,982717,117106,127061,114975.56,122582.91,2130.44,4478.09,4865.77,1886.71,False,False,nan,True,0.7,71.75,97.54,True,0,COLLECTING,0,,0,,,,,7,55,17,30,60,0.9999809998194966,0.17320508075688776
2026-08-31T21:03:11.647,121430890,P009,ambient_light,QUALITY,,,,215,982757,116971,126752,115015.47,122666.29,1955.53,4085.71,4670.76,1942.39,False,False,nan,True,0.7,71.75,97.54,True,0,COLLECTING,0,,0,,,,,7,55,17,30,60,0.9999809998194966,0.17320508075688776
2026-08-31T21:03:11.690,121430937,P009,ambient_light,QUALITY,,,,216,982797,116869,126524,115052.54,122743.45,1816.46,3780.55,4448.21,1992.51,False,False,nan,True,0.7,71.75,97.54,True,0,COLLECTING,0,,0,,,,,7,55,17,30,60,0.9999809998194966,0.17320508075688776
2026-08-31T21:03:11.818,121431062,P009,ambient_light,QUALITY,,,,217,982837,116828,126447,115088.05,122817.52,1739.95,3629.48,4243.53,2037.53,False,False,nan,True,0.7,71.75,97.54,True,0,COLLECTING,0,,0,,,,,8,55,17,30,60,0.9999809998194966,0.17320508075688776
2026-08-31T21:03:11.827,121431078,P009,ambient_light,QUALITY,,,,218,982877,116815,126429,115122.59,122889.74,1692.41,3539.26,4067.46,2078.13,False,False,nan,True,0.7,71.75,97.54,True,0,COLLECTING,0,,0,,,,,8,55,17,30,60,0.9999809998194966,0.17320508075688776
2026-08-31T21:03:11.838,121431093,P009,ambient_light,QUALITY,,,,219,982917,116841,126515,115156.95,122962.25,1684.05,3552.75,3938.78,2115.34,False,False,nan,True,0.7,71.75,97.54,True,0,COLLECTING,0,,0,,,,,8,55,17,30,60,0.9999809998194966,0.17320508075688776
2026-08-31T21:03:11.845,121431093,P009,ambient_light,QUALITY,,,,220,982957,116866,126570,115191.13,123034.41,1674.87,3535.59,3837.99,2149.79,False,False,nan,True,0.7,71.75,97.54,True,0,COLLECTING,0,,0,,,,,8,55,17,30,60,0.9999809998194966,0.17320508075688776
2026-08-31T21:03:11.890,121431140,P009,ambient_light,QUALITY,,,,221,982997,116851,126570,115224.33,123105.12,1626.67,3464.88,3744.71,2181.69,False,False,nan,True,0.7,71.75,97.54,True,0,COLLECTING,0,,0,,,,,8,55,17,30,60,0.9999809998194966,0.17320508075688776
2026-08-31T21:03:12.016,121431265,P009,ambient_light,QUALITY,,,,222,983037,116851,126556,115256.86,123174.13,1594.14,3381.87,3654.0,2211.14,False,False,nan,True,0.7,71.75,97.54,True,0,COLLECTING,0,,0,,,,,8,55,17,30,60,0.9999809998194966,0.17320508075688776
2026-08-31T21:03:12.028,121431281,P009,ambient_light,QUALITY,,,,223,983077,116804,126483,115287.8,123240.31,1516.2,3242.69,3551.17,2237.94,False,False,nan,True,0.7,71.75,97.54,True,0,COLLECTING,0,,0,,,,,8,55,17,30,60,0.9999809998194966,0.17320508075688776
2026-08-31T21:03:12.038,121431296,P009,ambient_light,QUALITY,,,,224,983117,116822,126547,115318.49,123306.45,1503.51,3240.55,3473.52,2262.65,False,False,nan,True,0.7,71.75,97.54,True,0,COLLECTING,0,,0,,,,,8,55,17,30,60,0.9999809998194966,0.17320508075688776
2026-08-31T21:03:12.046,121431296,P009,ambient_light,QUALITY,,,,225,983157,116853,126669,115349.18,123373.7,1503.82,3295.3,3428.96,2285.98,False,False,nan,True,0.7,71.75,97.54,True,0,COLLECTING,0,,0,,,,,8,55,17,30,60,0.9999809998194966,0.17320508075688776
2026-08-31T21:03:12.090,121431343,P009,ambient_light,QUALITY,,,,226,983197,116863,126694,115379.45,123440.1,1483.55,3253.9,3385.2,2307.96,False,False,nan,True,0.7,71.75,97.54,True,0,COLLECTING,0,,0,,,,,8,55,17,30,60,0.9999809998194966,0.17320508075688776
2026-08-31T21:03:12.216,121431468,P009,ambient_light,QUALITY,,,,227,983237,116926,126892,115410.38,123509.14,1515.62,3382.86,3384.61,2329.49,False,False,nan,True,0.7,71.75,97.54,True,0,COLLECTING,0,,0,,,,,8,55,17,30,60,0.9999809998194966,0.17320508075688776
2026-08-31T21:03:12.226,121431484,P009,ambient_light,QUALITY,,,,228,983277,117042,127171,115443.02,123582.38,1598.98,3588.62,3435.62,2351.62,False,False,nan,True,0.7,71.75,97.54,True,0,COLLECTING,0,,0,,,,,8,55,17,30,60,0.9999809998194966,0.17320508075688776
2026-08-31T21:03:12.237,121431484,P009,ambient_light,QUALITY,,,,229,983317,117091,127315,115475.98,123657.03,1615.02,3657.97,3491.2,2374.41,False,False,nan,True,0.7,71.75,97.54,True,0,COLLECTING,0,,0,,,,,8,55,17,30,60,0.9999809998194966,0.17320508075688776
2026-08-31T21:03:12.246,121431500,P009,ambient_light,QUALITY,,,,230,983357,117089,127315,115508.23,123730.19,1580.77,3584.81,3514.61,2397.21,False,False,nan,True,0.7,71.75,97.54,True,0,COLLECTING,0,,0,,,,,8,55,17,30,60,0.9999809998194966,0.17320508075688776
2026-08-31T21:03:12.291,121431546,P009,ambient_light,QUALITY,,,,231,983397,116980,127096,115537.67,123797.5,1442.33,3298.5,3460.58,2418.48,True,True,720.0,True,0.7,72.18,97.54,True,0,COLLECTING,0,,0,,,,,8,55,17,30,60,0.9999809998194966,0.17320508075688776
2026-08-31T21:03:12.416,121431671,P009,ambient_light,QUALITY,,,,232,983437,116831,126733,115563.54,123856.21,1267.46,2876.79,3314.63,2436.4,False,False,nan,True,0.7,72.18,97.54,True,0,COLLECTING,0,,0,,,,,8,55,17,30,60,0.9999809998194966,0.17320508075688776
2026-08-31T21:03:12.427,121431671,P009,ambient_light,QUALITY,,,,233,983477,116672,126415,115585.71,123907.38,1086.29,2507.62,3112.88,2449.93,False,False,nan,True,0.7,72.18,97.54,True,0,COLLECTING,0,,0,,,,,8,55,17,30,60,0.9999809998194966,0.17320508075688776
2026-08-31T21:03:12.437,121431687,P009,ambient_light,QUALITY,,,,234,983517,116583,126237,115605.66,123953.98,977.34,2283.02,2905.41,2459.04,False,False,nan,True,0.7,72.18,97.54,True,0,COLLECTING,0,,0,,,,,8,55,17,30,60,0.9999809998194966,0.17320508075688776
2026-08-31T21:03:12.446,121431703,P009,ambient_light,QUALITY,,,,235,983557,116572,126249,115624.98,123999.88,947.02,2249.12,2741.34,2464.69,False,False,nan,True,0.7,72.18,97.54,True,0,COLLECTING,0,,0,,,,,8,55,17,30,60,0.9999809998194966,0.17320508075688776
2026-08-31T21:03:12.489,121431734,P009,ambient_light,QUALITY,,,,236,983597,116602,126334,115644.52,124046.55,957.48,2287.45,2627.87,2467.95,False,False,nan,True,0.7,72.18,97.54,True,0,COLLECTING,0,,0,,,,,8,55,17,30,60,0.9999809998194966,0.17320508075688776
2026-08-31T21:03:12.615,121431859,P009,ambient_light,QUALITY,,,,237,983637,116650,126454,115664.63,124094.7,985.37,2359.3,2560.73,2469.81,False,False,nan,True,0.7,72.18,97.54,True,0,COLLECTING,0,,0,,,,,8,55,17,30,60,0.9999809998194966,0.17320508075688776
2026-08-31T21:03:12.627,121431875,P009,ambient_light,QUALITY,,,,238,983677,116698,126555,115685.3,124143.91,1012.7,2411.09,2523.32,2470.88,False,False,nan,True,0.7,72.18,97.54,True,0,COLLECTING,0,,0,,,,,8,55,17,30,60,0.9999809998194966,0.17320508075688776
2026-08-31T21:03:12.638,121431890,P009,ambient_light,QUALITY,,,,239,983717,116732,126655,115706.23,124194.12,1025.77,2460.88,2507.71,2471.61,False,False,nan,True,0.7,72.18,97.54,True,0,COLLECTING,0,,0,,,,,8,55,17,30,60,0.9999809998194966,0.17320508075688776
2026-08-31T21:03:12.646,121431890,P009,ambient_light,QUALITY,,,,240,983757,116780,126777,115727.71,124245.78,1052.29,2531.22,2513.58,2472.45,False,False,nan,True,0.7,72.18,97.54,True,0,COLLECTING,0,,0,,,,,8,55,17,30,60,0.9999809998194966,0.17320508075688776
2026-08-31T21:03:12.690,121431937,P009,ambient_light,QUALITY,,,,241,983797,116884,126997,115750.84,124300.8,1133.16,2696.2,2559.24,2474.19,False,False,nan,True,0.7,72.18,97.54,True,0,COLLECTING,0,,0,,,,,8,55,17,30,60,0.9999809998194966,0.17320508075688776
2026-08-31T21:03:12.816,121432062,P009,ambient_light,QUALITY,,,,242,983837,116988,127252,115775.58,124359.83,1212.42,2892.17,2642.47,2477.55,False,False,nan,True,0.7,72.18,97.54,True,0,COLLECTING,0,,0,,,,,8,55,17,30,60,0.9999809998194966,0.17320508075688776
2026-08-31T21:03:12.827,121432078,P009,ambient_light,QUALITY,,,,243,983877,117121,127539,115802.48,124423.41,1318.52,3115.59,2760.75,2483.22,False,False,nan,True,0.7,72.18,97.54,True,0,COLLECTING,0,,0,,,,,8,55,17,30,60,0.9999809998194966,0.17320508075688776
2026-08-31T21:03:12.839,121432093,P009,ambient_light,QUALITY,,,,244,983917,117205,127730,115830.53,124489.55,1374.47,3240.45,2880.68,2491.17,False,False,nan,True,0.7,72.18,97.54,True,0,COLLECTING,0,,0,,,,,8,55,17,30,60,0.9999809998194966,0.17320508075688776
2026-08-31T21:03:12.847,121432093,P009,ambient_light,QUALITY,,,,245,983957,117247,127807,115858.86,124555.9,1388.14,3251.1,2973.28,2500.81,False,False,nan,True,0.7,72.18,97.54,True,0,COLLECTING,0,,0,,,,,8,55,17,30,60,0.9999809998194966,0.17320508075688776
2026-08-31T21:03:12.890,121432140,P009,ambient_light,QUALITY,,,,246,983997,117276,127887,115887.2,124622.52,1388.8,3264.48,3046.08,2511.72,False,False,nan,True,0.7,72.18,97.54,True,0,COLLECTING,0,,0,,,,,8,55,17,30,60,0.9999809998194966,0.17320508075688776
2026-08-31T21:03:13.016,121432265,P009,ambient_light,QUALITY,,,,247,984037,117290,127920,115915.26,124688.48,1374.74,3231.52,3092.44,2523.33,False,False,nan,True,0.7,72.18,97.54,True,0,COLLECTING,0,,0,,,,,8,55,17,30,60,1.0013201286301998,0.7348469228349533
2026-08-31T21:03:13.029,121432281,P009,ambient_light,QUALITY,,,,248,984077,117262,127841,115942.2,124751.52,1319.8,3089.48,3091.7,2534.7,True,True,680.0,True,0.7,73.17,97.54,True,0,COLLECTING,0,,0,,,,,8,55,17,30,60,1.0013201286301998,0.7348469228349533
2026-08-31T21:03:13.039,121432296,P009,ambient_light,QUALITY,,,,249,984117,117214,127713,115967.63,124810.75,1246.37,2902.25,3044.34,2544.89,False,False,nan,True,0.7,73.17,97.54,True,0,COLLECTING,0,,0,,,,,8,55,17,30,60,1.0013201286301998,0.7348469228349533
2026-08-31T21:03:13.048,121432296,P009,ambient_light,QUALITY,,,,250,984157,117193,127681,115992.14,124868.16,1200.86,2812.84,2986.46,2553.72,False,False,nan,True,0.7,73.17,97.54,True,0,COLLECTING,0,,0,,,,,8,55,17,30,60,1.0013201286301998,0.7348469228349533
2026-08-31T21:03:13.090,121432343,P009,ambient_light,QUALITY,,,,251,984197,117204,127720,116016.38,124925.2,1187.62,2794.8,2938.55,2561.42,False,False,nan,True,0.7,73.17,97.54,True,0,COLLECTING,0,,0,,,,,8,55,17,30,60,1.0013201286301998,0.7348469228349533
2026-08-31T21:03:13.216,121432468,P009,ambient_light,QUALITY,,,,252,984237,117176,127662,116039.57,124979.93,1136.43,2682.07,2874.43,2567.68,False,False,nan,True,0.7,73.17,97.54,True,0,COLLECTING,0,,0,,,,,9,55,17,30,60,0.9999144963445625,0.17320508075688776
2026-08-31T21:03:13.227,121432484,P009,ambient_light,QUALITY,,,,253,984277,117120,127572,116061.18,125031.77,1058.82,2540.23,2790.88,2572.14,False,False,nan,True,0.7,73.17,97.54,True,0,COLLECTING,0,,0,,,,,9,55,17,30,60,0.9999144963445625,0.17320508075688776
2026-08-31T21:03:13.236,121432484,P009,ambient_light,QUALITY,,,,254,984317,117037,127384,116080.7,125078.82,956.3,2305.18,2669.45,2574.09,False,False,nan,True,0.7,73.17,97.54,True,0,COLLECTING,0,,0,,,,,9,55,17,30,60,0.9999144963445625,0.17320508075688776
2026-08-31T21:03:13.261,121432515,P009,ambient_light,QUALITY,,,,255,984367,116932,127164,116097.72,125120.52,834.28,2043.48,2512.96,2572.87,False,False,nan,True,0.7,73.17,97.54,True,0,COLLECTING,0,,0,,,,,9,55,17,30,60,0.9999144963445625,0.17320508075688776
2026-08-31T21:03:13.301,121432546,P009,ambient_light,QUALITY,,,,256,984407,116848,126945,116112.73,125157.02,735.27,1787.98,2331.72,2568.04,False,False,nan,True,0.7,73.17,97.54,True,0,COLLECTING,0,,0,,,,,9,55,17,30,60,0.9999144963445625,0.17320508075688776
2026-08-31T21:03:13.417,121432671,P009,ambient_light,QUALITY,,,,257,984447,116829,126980,116127.05,125193.48,701.95,1786.52,2195.42,2560.59,False,False,nan,True,0.7,73.17,97.54,True,0,COLLECTING,0,,0,,,,,9,55,17,30,60,0.9998489885977783,0.17320508075688776
2026-08-31T21:03:13.430,121432687,P009,ambient_light,QUALITY,,,,258,984487,116906,127096,116142.63,125231.52,763.37,1864.48,2112.68,2551.63,False,False,nan,True,0.7,73.17,97.54,True,0,COLLECTING,0,,0,,,,,9,55,17,30,60,0.9998489885977783,0.17320508075688776
2026-08-31T21:03:13.437,121432687,P009,ambient_light,QUALITY,,,,259,984527,116988,127273,116159.54,125272.35,828.46,2000.65,2084.67,2542.29,False,False,nan,True,0.7,73.17,97.54,True,0,COLLECTING,0,,0,,,,,9,55,17,30,60,0.9998489885977783,0.17320508075688776
2026-08-31T21:03:13.461,121432718,P009,ambient_light,QUALITY,,,,260,984567,117040,127433,116177.15,125315.56,862.85,2117.44,2092.86,2533.3,False,False,nan,True,0.7,73.17,97.54,True,0,COLLECTING,0,,0,,,,,9,55,17,30,60,0.9998489885977783,0.17320508075688776
2026-08-31T21:03:13.502,121432750,P009,ambient_light,QUALITY,,,,261,984607,117086,127499,116195.33,125359.23,890.67,2139.77,2104.59,2524.73,False,False,nan,True,0.7,73.17,97.54,True,0,COLLECTING,0,,0,,,,,9,55,17,30,60,0.9998489885977783,0.17320508075688776
2026-08-31T21:03:13.617,121432875,P009,ambient_light,QUALITY,,,,262,984647,117080,127466,116213.02,125401.37,866.98,2064.63,2094.6,2516.13,True,True,570.0,True,0.7,70.9,97.54,True,0,COLLECTING,0,,0,,,,,9,55,17,30,60,0.9999144963445625,0.17320508075688776
2026-08-31T21:03:13.628,121432875,P009,ambient_light,QUALITY,,,,263,984687,117070,127488,116230.16,125443.1,839.84,2044.9,2082.18,2507.45,False,False,nan,True,0.7,70.9,97.54,True,0,COLLECTING,0,,0,,,,,9,55,17,30,60,0.9999144963445625,0.17320508075688776
2026-08-31T21:03:13.636,121432890,P009,ambient_light,QUALITY,,,,264,984727,117046,127474,116246.48,125483.72,799.52,1990.28,2059.2,2498.48,False,False,nan,True,0.7,70.9,97.54,True,0,COLLECTING,0,,0,,,,,9,55,17,30,60,0.9999144963445625,0.17320508075688776
2026-08-31T21:03:13.660,121432906,P009,ambient_light,QUALITY,,,,265,984767,117039,127425,116262.34,125522.55,776.66,1902.45,2020.01,2488.92,False,False,nan,True,0.7,70.9,97.54,True,0,COLLECTING,0,,0,,,,,9,55,17,30,60,0.9999144963445625,0.17320508075688776
2026-08-31T21:03:13.702,121432953,P009,ambient_light,QUALITY,,,,266,984807,117031,127378,116277.71,125559.66,753.29,1818.34,1969.6,2478.53,False,False,nan,True,0.7,70.9,97.54,True,0,COLLECTING,0,,0,,,,,9,55,17,30,60,0.9999144963445625,0.17320508075688776
2026-08-31T21:03:13.818,121433062,P009,ambient_light,QUALITY,,,,267,984847,117021,127359,116292.58,125595.64,728.42,1763.36,1918.04,2467.32,False,False,nan,True,0.7,70.9,97.54,True,0,COLLECTING,0,,0,,,,,10,55,17,30,60,0.9999144963445625,0.17320508075688776
2026-08-31T21:03:13.828,121433078,P009,ambient_light,QUALITY,,,,268,984887,117064,127478,116308.01,125633.29,755.99,1844.71,1899.71,2455.97,False,False,nan,True,0.7,70.9,97.54,True,0,COLLECTING,0,,0,,,,,10,55,17,30,60,0.9999144963445625,0.17320508075688776
2026-08-31T21:03:13.836,121433093,P009,ambient_light,QUALITY,,,,269,984927,117083,127556,116323.51,125671.74,759.49,1884.26,1895.84,2444.76,False,False,nan,True,0.7,70.9,97.54,True,0,COLLECTING,0,,0,,,,,10,55,17,30,60,0.9999144963445625,0.17320508075688776
2026-08-31T21:03:13.860,121433109,P009,ambient_light,QUALITY,,,,270,984967,117047,127502,116337.98,125708.34,709.02,1793.66,1870.3,2433.27,False,False,nan,True,0.7,70.9,97.54,True,0,COLLECTING,0,,0,,,,,10,55,17,30,60,0.9999144963445625,0.17320508075688776
2026-08-31T21:03:13.901,121433156,P009,ambient_light,QUALITY,,,,271,985007,117037,127424,116351.95,125742.66,685.05,1681.34,1823.06,2421.07,False,False,nan,True,0.7,70.9,97.54,True,0,COLLECTING,0,,0,,,,,10,55,17,30,60,0.9999144963445625,0.17320508075688776
2026-08-31T21:03:14.018,121433265,P009,ambient_light,QUALITY,,,,272,985047,116995,127391,116364.81,125775.62,630.19,1615.38,1771.14,2408.07,False,False,nan,True,0.7,70.9,97.54,True,0,COLLECTING,0,,0,,,,,10,55,17,30,60,0.9999144963445625,0.17320508075688776
2026-08-31T21:03:14.028,121433281,P009,ambient_light,QUALITY,,,,273,985087,116974,127350,116377.0,125807.11,597.0,1542.89,1714.08,2394.19,False,False,nan,True,0.7,70.9,97.54,True,0,COLLECTING,0,,0,,,,,10,55,17,30,60,0.9999144963445625,0.17320508075688776
2026-08-31T21:03:14.036,121433281,P009,ambient_light,QUALITY,,,,274,985127,116989,127383,116389.24,125838.62,599.76,1544.38,1671.65,2379.74,False,False,nan,True,0.7,70.9,97.54,True,0,COLLECTING,0,,0,,,,,10,55,17,30,60,0.9999144963445625,0.17320508075688776
2026-08-31T21:03:14.060,121433312,P009,ambient_light,QUALITY,,,,275,985167,116993,127418,116401.32,125870.21,591.68,1547.79,1640.69,2364.96,False,False,nan,True,0.7,70.9,97.54,True,0,COLLECTING,0,,0,,,,,10,55,17,30,60,0.9999144963445625,0.17320508075688776
2026-08-31T21:03:14.101,121433359,P009,ambient_light,QUALITY,,,,276,985207,116992,127509,116413.13,125902.98,578.87,1606.02,1632.02,2350.3,False,False,nan,True,0.7,70.9,97.54,True,0,COLLECTING,0,,0,,,,,10,55,17,30,60,0.9999144963445625,0.17320508075688776
2026-08-31T21:03:14.217,121433468,P009,ambient_light,QUALITY,,,,277,985247,117147,127745,116427.81,125939.83,719.19,1805.17,1675.31,2336.8,False,False,nan,True,0.7,70.9,97.54,True,0,COLLECTING,0,,0,,,,,10,55,17,30,60,0.9999144963445625,0.17320508075688776
2026-08-31T21:03:14.228,121433484,P009,ambient_light,QUALITY,,,,278,985287,117165,127896,116442.55,125978.95,722.45,1917.05,1735.74,2324.78,False,False,nan,True,0.7,70.9,97.54,True,0,COLLECTING,0,,0,,,,,10,55,17,30,60,0.9999144963445625,0.17320508075688776
2026-08-31T21:03:14.236,121433484,P009,ambient_light,QUALITY,,,,279,985327,117210,127993,116457.91,126019.23,752.09,1973.77,1795.25,2314.19,False,False,nan,True,0.7,70.9,97.54,True,0,COLLECTING,0,,0,,,,,10,55,17,30,60,0.9999144963445625,0.17320508075688776
2026-08-31T21:03:14.260,121433515,P009,ambient_light,QUALITY,,,,280,985367,117294,128117,116474.62,126061.19,819.38,2055.81,1860.39,2305.11,False,False,nan,True,0.7,70.9,97.54,True,0,COLLECTING,0,,0,,,,,10,55,17,30,60,0.9999144963445625,0.17320508075688776
2026-08-31T21:03:14.300,121433546,P009,ambient_light,QUALITY,,,,281,985407,117358,128281,116492.29,126105.59,865.71,2175.41,1939.15,2297.79,False,False,nan,True,0.7,70.9,97.54,True,0,COLLECTING,0,,0,,,,,10,55,17,30,60,0.9999144963445625,0.17320508075688776
2026-08-31T21:03:14.418,121433671,P009,ambient_light,QUALITY,,,,282,985447,117361,128352,116509.66,126150.52,851.34,2201.48,2004.73,2291.93,False,False,nan,True,0.7,70.9,97.54,True,0,COLLECTING,0,,0,,,,,10,55,17,30,60,0.9998489885977783,0.17320508075688776
2026-08-31T21:03:14.435,121433687,P009,ambient_light,QUALITY,,,ACTION_START,283,985487,117421,128465,116527.89,126196.8,893.11,2268.2,2070.6,2287.51,False,False,nan,True,0.7,70.9,97.54,True,0,COLLECTING,0,,0,,,,,10,55,17,30,60,0.9998489885977783,0.17320508075688776
2026-08-31T21:03:14.445,121433703,P009,ambient_light,QUALITY,,,,284,985527,117458,128475,116546.49,126242.37,911.51,2232.63,2111.11,2283.98,False,False,nan,True,0.7,70.9,97.54,True,0,COLLECTING,0,,0,,,,,10,55,17,30,60,0.9998489885977783,0.17320508075688776
2026-08-31T21:03:14.461,121433718,P009,ambient_light,QUALITY,,,,285,985567,117421,128420,116563.98,126285.92,857.02,2134.08,2116.85,2280.64,False,False,nan,True,0.7,70.9,97.54,True,0,COLLECTING,0,,0,,,,,10,55,17,30,60,0.9998489885977783,0.17320508075688776
2026-08-31T21:03:14.500,121433750,P009,ambient_light,QUALITY,,,,286,985607,117390,128345,116580.51,126327.1,809.49,2017.9,2092.11,2276.86,True,True,960.0,True,0.7,65.48,97.54,True,0,COLLECTING,0,,0,,,,,10,55,17,30,60,0.9998489885977783,0.17320508075688776
2026-08-31T21:03:14.618,121433875,P009,ambient_light,QUALITY,,,,287,985647,117440,128468,116597.7,126369.92,842.3,2098.08,2093.6,2273.2,False,False,nan,True,0.7,65.48,97.54,True,0,COLLECTING,0,,0,,,,,11,55,17,30,60,0.9999144963445625,0.17320508075688776
2026-08-31T21:03:14.628,121433875,P009,ambient_light,QUALITY,,,,288,985687,117486,128481,116615.46,126412.14,870.54,2068.86,2087.42,2269.48,True,False,nan,True,0.7,65.48,97.54,True,0,COLLECTING,0,,0,,,,,11,55,17,30,60,0.9999144963445625,0.17320508075688776
2026-08-31T21:03:14.636,121433890,P009,ambient_light,QUALITY,,,,289,985727,117468,128549,116632.51,126454.88,835.49,2094.12,2089.09,2265.88,False,False,nan,True,0.7,65.48,97.54,True,0,COLLECTING,0,,0,,,,,11,55,17,30,60,0.9999144963445625,0.17320508075688776
2026-08-31T21:03:14.660,121433906,P009,ambient_light,QUALITY,,,,290,985767,117470,128538,116649.26,126496.54,820.74,2041.46,2077.19,2262.1,True,False,nan,True,0.7,65.48,97.54,True,0,COLLECTING,0,,0,,,,,11,55,17,30,60,0.9999144963445625,0.17320508075688776
2026-08-31T21:03:14.700,121433953,P009,ambient_light,QUALITY,,,,291,985807,117508,128597,116666.43,126538.55,841.57,2058.45,2072.5,2258.31,False,False,nan,True,0.7,65.48,97.54,True,0,COLLECTING,0,,0,,,,,11,55,17,30,60,0.9999144963445625,0.17320508075688776
2026-08-31T21:03:14.818,121434062,P009,ambient_light,QUALITY,,,,292,985847,117511,128638,116683.32,126580.54,827.68,2057.46,2068.74,2254.52,False,False,nan,True,0.7,65.48,97.54,True,0,COLLECTING,0,,0,,,,,11,55,17,30,60,0.9999144963445625,0.17320508075688776
2026-08-31T21:03:14.828,121434078,P009,ambient_light,QUALITY,,,,293,985887,117537,128652,116700.39,126621.97,836.61,2030.03,2059.06,2250.61,False,False,nan,True,0.7,65.48,97.54,True,0,COLLECTING,0,,0,,,,,11,55,17,30,60,0.9999144963445625,0.17320508075688776
2026-08-31T21:03:14.839,121434093,P009,ambient_light,QUALITY,,,,294,985927,117511,128717,116716.6,126663.87,794.4,2053.13,2057.58,2246.75,False,False,nan,True,0.7,65.48,97.54,True,0,COLLECTING,0,,0,,,,,11,55,17,30,60,0.9999144963445625,0.17320508075688776
2026-08-31T21:03:14.860,121434109,P009,ambient_light,QUALITY,,,,295,985967,117506,128753,116732.39,126705.65,773.61,2047.35,2055.02,2242.91,False,False,nan,True,0.7,65.48,97.54,True,0,COLLECTING,0,,0,,,,,11,55,17,30,60,0.9999144963445625,0.17320508075688776
2026-08-31T21:03:14.901,121434156,P009,ambient_light,QUALITY,,,,296,986007,117652,128938,116750.78,126750.3,901.22,2187.7,2088.19,2239.82,False,False,nan,True,0.7,65.48,97.54,True,0,COLLECTING,0,,0,,,,,11,55,17,30,60,0.9999144963445625,0.17320508075688776
2026-08-31T21:03:15.017,121434265,P009,ambient_light,QUALITY,,,,297,986047,117731,129116,116770.38,126797.61,960.62,2318.39,2145.74,2237.94,False,False,nan,True,0.7,65.48,97.54,True,0,COLLECTING,0,,0,,,,,11,55,17,30,60,0.9999144963445625,0.17320508075688776
2026-08-31T21:03:15.029,121434281,P009,ambient_light,QUALITY,,,,298,986087,117831,129316,116791.59,126847.98,1039.41,2468.02,2226.31,2237.71,False,False,nan,True,0.7,65.48,97.54,True,0,COLLECTING,0,,0,,,,,11,55,17,30,60,0.9999144963445625,0.17320508075688776
2026-08-31T21:03:15.036,121434281,P009,ambient_light,QUALITY,,,,299,986127,117946,129541,116814.68,126901.84,1131.32,2639.16,2329.53,2239.54,False,False,nan,True,0.7,65.48,97.54,True,0,COLLECTING,0,,0,,,,,11,55,17,30,60,0.9999144963445625,0.17320508075688776
2026-08-31T21:03:15.060,121434312,P009,ambient_light,QUALITY,,,,300,986167,118020,129751,116838.79,126958.82,1181.21,2792.18,2445.19,2243.66,False,False,nan,True,0.7,65.48,97.54,True,0,COLLECTING,0,,0,,,,,11,55,17,30,60,0.9999144963445625,0.17320508075688776
2026-08-31T21:03:15.101,121434359,P009,ambient_light,QUALITY,,,,301,986207,118163,129867,116865.27,127016.98,1297.73,2850.02,2546.4,2249.71,False,False,nan,True,0.7,65.48,97.54,True,0,COLLECTING,0,,0,,,,,11,55,17,30,60,0.9999144963445625,0.17320508075688776
2026-08-31T21:03:15.216,121434468,P009,ambient_light,QUALITY,,,,302,986247,118179,129962,116891.55,127075.88,1287.45,2886.12,2631.33,2257.34,False,False,nan,True,0.7,65.48,97.54,True,0,COLLECTING,0,,0,,,,,11,55,17,30,60,0.9999144963445625,0.17320508075688776
2026-08-31T21:03:15.227,121434484,P009,ambient_light,QUALITY,,,,303,986287,118199,130047,116917.7,127135.3,1281.3,2911.7,2701.42,2266.22,False,False,nan,True,0.7,65.48,97.54,True,0,COLLECTING,0,,0,,,,,11,55,17,30,60,0.9999144963445625,0.17320508075688776
2026-08-31T21:03:15.238,121434484,P009,ambient_light,QUALITY,,,,304,986327,118217,130067,116943.68,127193.94,1273.32,2873.06,2744.33,2275.79,False,False,nan,True,0.7,65.48,97.54,True,0,COLLECTING,0,,0,,,,,11,55,17,30,60,0.9999144963445625,0.17320508075688776
2026-08-31T21:03:15.260,121434515,P009,ambient_light,QUALITY,,,,305,986367,118220,130020,116969.2,127250.46,1250.8,2769.54,2750.63,2285.28,False,False,nan,True,0.7,65.48,97.54,True,0,COLLECTING,0,,0,,,,,11,55,17,30,60,0.9999144963445625,0.17320508075688776
2026-08-31T21:03:15.300,121434546,P009,ambient_light,QUALITY,,,,306,986407,118140,129951,116992.62,127304.47,1147.38,2646.53,2724.61,2294.07,True,True,800.0,True,0.7,72.18,97.54,True,0,COLLECTING,0,,0,,,,,11,55,17,30,60,0.9999144963445625,0.17320508075688776
2026-08-31T21:03:15.417,121434671,P009,ambient_light,QUALITY,,,,307,986447,118148,129964,117015.73,127357.66,1132.27,2606.34,2695.04,2302.09,False,False,nan,True,0.7,72.18,97.54,True,0,IRREGULAR,1,0.84,0,805.0,367.6,596.9,0.82,12,52,18,30,60,0.9998489885977783,0.17320508075688776
2026-08-31T21:03:15.428,121434671,P009,ambient_light,QUALITY,,,,308,986487,118139,130011,117038.2,127410.73,1100.8,2600.27,2671.35,2309.47,False,False,nan,True,0.7,72.18,97.54,True,0,IRREGULAR,1,0.84,0,805.0,367.6,596.9,0.82,12,52,18,30,60,0.9998489885977783,0.17320508075688776
2026-08-31T21:03:15.436,121434687,P009,ambient_light,QUALITY,,,,309,986527,118172,130024,117060.88,127462.99,1111.12,2561.01,2643.76,2316.16,False,False,nan,True,0.7,72.18,97.54,True,0,IRREGULAR,1,0.84,0,805.0,367.6,596.9,0.82,12,52,18,30,60,0.9998489885977783,0.17320508075688776
2026-08-31T21:03:15.461,121434718,P009,ambient_light,QUALITY,,,,310,986567,118142,130046,117082.5,127514.65,1059.5,2531.35,2615.66,2322.15,False,False,nan,True,0.7,72.18,97.54,True,0,IRREGULAR,1,0.84,0,805.0,367.6,596.9,0.82,12,52,18,30,60,0.9998489885977783,0.17320508075688776
2026-08-31T21:03:15.500,121434750,P009,ambient_light,QUALITY,,,,311,986607,118171,130068,117104.27,127565.72,1066.73,2502.28,2587.32,2327.45,False,False,nan,True,0.7,72.18,98.28,True,0,IRREGULAR,1,0.84,0,805.0,367.6,596.9,0.82,12,52,18,30,60,0.9998489885977783,0.17320508075688776
2026-08-31T21:03:15.616,121434859,P009,ambient_light,QUALITY,,,,312,986647,118131,130019,117124.8,127614.78,1006.2,2404.22,2541.54,2331.74,False,False,nan,True,0.7,72.18,98.28,True,0,IRREGULAR,1,0.84,0,805.0,367.6,596.9,0.82,12,52,18,30,60,0.9999144963445625,0.17320508075688776
2026-08-31T21:03:15.628,121434875,P009,ambient_light,QUALITY,,,,313,986687,118110,129971,117144.51,127661.91,965.49,2309.09,2483.43,2334.77,False,False,nan,True,0.7,72.18,98.28,True,0,IRREGULAR,1,0.84,0,805.0,367.6,596.9,0.82,12,52,18,30,60,0.9999144963445625,0.17320508075688776
2026-08-31T21:03:15.636,121434890,P009,ambient_light,QUALITY,,,,314,986727,118088,129945,117163.38,127707.57,924.62,2237.43,2421.93,2336.51,False,False,nan,True,0.7,72.18,98.28,True,0,IRREGULAR,1,0.84,0,805.0,367.6,596.9,0.82,12,52,18,30,60,0.9999144963445625,0.17320508075688776
2026-08-31T21:03:15.660,121434906,P009,ambient_light,QUALITY,,,,315,986767,118061,129934,117181.33,127752.1,879.67,2181.9,2361.92,2337.02,False,False,nan,True,0.7,72.18,98.28,True,0,IRREGULAR,1,0.84,0,805.0,367.6,596.9,0.82,12,52,18,30,60,0.9999144963445625,0.17320508075688776
2026-08-31T21:03:15.700,121434953,P009,ambient_light,QUALITY,,,,316,986807,118047,129943,117198.64,127795.92,848.36,2147.08,2308.21,2336.44,False,False,nan,True,0.7,72.18,98.28,True,0,IRREGULAR,1,0.84,0,805.0,367.6,596.9,0.82,12,52,18,30,60,0.9999144963445625,0.17320508075688776
2026-08-31T21:03:15.817,121435062,P009,ambient_light,QUALITY,,,,317,986847,118030,129929,117215.27,127838.59,814.73,2090.41,2253.76,2334.79,False,False,nan,True,0.7,72.18,98.28,True,0,IRREGULAR,1,0.84,0,805.0,367.6,596.9,0.82,12,52,18,30,60,0.9999144963445625,0.17320508075688776
2026-08-31T21:03:15.828,121435078,P009,ambient_light,QUALITY,,,,318,986887,118012,129908,117231.2,127879.98,780.8,2028.02,2197.33,2332.04,False,False,nan,True,0.7,72.18,98.28,True,0,IRREGULAR,1,0.84,0,805.0,367.6,596.9,0.82,12,52,18,30,60,0.9999144963445625,0.17320508075688776
2026-08-31T21:03:15.836,121435093,P009,ambient_light,QUALITY,,,,319,986927,117983,129893,117246.24,127920.23,736.76,1972.77,2141.19,2328.22,False,False,nan,True,0.7,72.18,98.28,True,0,IRREGULAR,1,0.84,0,805.0,367.6,596.9,0.82,12,52,18,30,60,0.9999144963445625,0.17320508075688776
2026-08-31T21:03:15.861,121435109,P009,ambient_light,QUALITY,,,,320,986967,118005,129925,117261.41,127960.33,743.59,1964.67,2097.06,2323.6,False,False,nan,True,0.7,72.18,98.28,True,0,IRREGULAR,1,0.84,0,805.0,367.6,596.9,0.82,12,52,18,30,60,0.9999144963445625,0.17320508075688776
2026-08-31T21:03:15.900,121435156,P009,ambient_light,QUALITY,,,,321,987007,118034,129982,117276.87,128000.76,757.13,1981.24,2068.1,2318.49,False,False,nan,True,0.7,72.18,98.28,True,0,IRREGULAR,1,0.84,0,805.0,367.6,596.9,0.82,12,52,18,30,60,0.9999144963445625,0.17320508075688776
2026-08-31T21:03:16.018,121435265,P009,ambient_light,QUALITY,,,,322,987047,118092,130093,117293.17,128042.6,798.83,2050.4,2063.68,2313.4,False,False,nan,True,0.7,72.18,98.28,True,0,IRREGULAR,1,0.84,0,805.0,367.6,596.9,0.82,12,52,18,30,60,0.9999144963445625,0.17320508075688776
2026-08-31T21:03:16.028,121435281,P009,ambient_light,QUALITY,,,,323,987087,118139,130185,117310.09,128085.45,828.91,2099.55,2072.65,2308.58,False,False,nan,True,0.7,72.18,98.28,True,0,IRREGULAR,1,0.84,0,805.0,367.6,596.9,0.82,12,52,18,30,60,0.9999144963445625,0.17320508075688776
2026-08-31T21:03:16.036,121435281,P009,ambient_light,QUALITY,,,,324,987127,118158,130252,117327.05,128128.78,830.95,2123.22,2085.29,2304.11,False,False,nan,True,0.7,72.18,98.28,True,0,IRREGULAR,1,0.84,0,805.0,367.6,596.9,0.82,12,52,18,30,60,0.9999144963445625,0.17320508075688776
2026-08-31T21:03:16.060,121435312,P009,ambient_light,QUALITY,,,,325,987167,118171,130234,117343.93,128170.88,827.07,2063.12,2079.75,2299.63,True,True,760.0,True,0.7,76.31,98.28,True,0,IRREGULAR,1,0.84,0,805.0,367.6,596.9,0.82,12,52,18,30,60,0.9999144963445625,0.17320508075688776
2026-08-31T21:03:16.101,121435359,P009,ambient_light,QUALITY,,,,326,987207,118158,130227,117360.21,128212.01,797.79,2014.99,2063.56,2294.91,False,False,nan,True,0.7,76.31,98.28,True,0,IRREGULAR,1,0.84,0,805.0,367.6,596.9,0.82,12,52,18,30,60,0.9999144963445625,0.17320508075688776
2026-08-31T21:03:16.217,121435468,P009,ambient_light,QUALITY,,,,327,987247,118169,130247,117376.38,128252.71,792.62,1994.29,2046.24,2289.93,False,False,nan,True,0.7,76.31,98.28,True,0,IRREGULAR,1,0.84,0,805.0,367.6,596.9,0.82,12,52,18,30,60,0.9999144963445625,0.17320508075688776
2026-08-31T21:03:16.228,121435484,P009,ambient_light,QUALITY,,,,328,987287,118180,130295,117392.45,128293.55,787.55,2001.45,2035.04,2284.83,False,False,nan,True,0.7,76.31,98.28,True,0,IRREGULAR,1,0.84,0,805.0,367.6,596.9,0.82,12,52,18,30,60,0.9999144963445625,0.17320508075688776
2026-08-31T21:03:16.238,121435484,P009,ambient_light,QUALITY,,,,329,987327,118207,130348,117408.74,128334.64,798.26,2013.36,2029.62,2279.73,False,False,nan,True,0.7,76.31,98.28,True,0,IRREGULAR,1,0.84,0,805.0,367.6,596.9,0.82,12,52,18,30,60,0.9999144963445625,0.17320508075688776
2026-08-31T21:03:16.260,121435515,P009,ambient_light,QUALITY,,,,330,987367,118217,130384,117424.91,128375.62,792.09,2008.38,2024.31,2274.62,False,False,nan,True,0.7,76.31,98.28,True,0,IRREGULAR,1,0.84,0,805.0,367.6,596.9,0.82,12,52,18,30,60,0.9999144963445625,0.17320508075688776
2026-08-31T21:03:16.300,121435546,P009,ambient_light,QUALITY,,,,331,987407,118221,130374,117440.83,128415.59,780.17,1958.41,2007.83,2269.29,False,False,nan,True,0.7,76.31,98.28,True,0,IRREGULAR,1,0.84,0,805.0,367.6,596.9,0.82,12,52,18,30,60,0.9999144963445625,0.17320508075688776
2026-08-31T21:03:16.416,121435671,P009,ambient_light,QUALITY,,,,332,987447,118195,130284,117455.91,128452.96,739.09,1831.04,1963.63,2263.17,False,False,nan,True,0.7,76.31,98.28,True,0,IRREGULAR,1,0.84,0,805.0,367.6,596.9,0.82,12,52,18,30,60,0.9998489885977783,0.17320508075688776
2026-08-31T21:03:16.430,121435687,P009,ambient_light,QUALITY,,,,333,987487,118094,130006,117468.67,128484.02,625.33,1521.98,1853.22,2254.97,False,False,nan,True,0.7,76.31,98.28,True,0,IRREGULAR,1,0.84,0,805.0,367.6,596.9,0.82,12,52,18,30,60,0.9998489885977783,0.17320508075688776
2026-08-31T21:03:16.438,121435687,P009,ambient_light,QUALITY,,,,334,987527,117986,129741,117479.02,128509.16,506.98,1231.84,1697.87,2243.83,False,False,nan,True,0.7,76.31,98.28,True,0,IRREGULAR,1,0.84,0,805.0,367.6,596.9,0.82,12,52,18,30,60,0.9998489885977783,0.17320508075688776
2026-08-31T21:03:16.461,121435718,P009,ambient_light,QUALITY,,,,335,987567,117997,129733,117489.38,128533.64,507.62,1199.36,1573.25,2230.42,False,False,nan,True,0.7,76.31,98.28,True,0,IRREGULAR,1,0.84,0,805.0,367.6,596.9,0.82,12,52,18,30,60,0.9998489885977783,0.17320508075688776
2026-08-31T21:03:16.501,121435750,P009,ambient_light,QUALITY,,,,336,987607,118035,129822,117500.29,128559.41,534.71,1262.59,1495.58,2215.72,False,False,nan,True,0.7,76.31,98.28,True,0,IRREGULAR,1,0.84,0,805.0,367.6,596.9,0.82,12,52,18,30,60,0.9998489885977783,0.17320508075688776
2026-08-31T21:03:16.617,121435875,P009,ambient_light,QUALITY,,,,337,987647,118093,129921,117512.14,128586.64,580.86,1334.36,1455.28,2200.51,False,False,nan,True,0.7,76.31,98.28,True,0,IRREGULAR,1,0.84,0,805.0,367.6,596.9,0.82,12,52,18,30,60,0.9999144963445625,0.17320508075688776
2026-08-31T21:03:16.627,121435875,P009,ambient_light,QUALITY,,,,338,987687,118136,130018,117524.62,128615.27,611.38,1402.73,1442.14,2185.35,False,False,nan,True,0.7,76.31,98.28,True,0,IRREGULAR,1,0.84,0,805.0,367.6,596.9,0.82,12,52,18,30,60,0.9999144963445625,0.17320508075688776
2026-08-31T21:03:16.636,121435890,P009,ambient_light,QUALITY,,,,339,987727,118182,130130,117537.77,128645.56,644.23,1484.44,1452.72,2170.69,False,False,nan,True,0.7,76.31,98.28,True,0,IRREGULAR,1,0.84,0,805.0,367.6,596.9,0.82,12,52,18,30,60,0.9999144963445625,0.17320508075688776
2026-08-31T21:03:16.660,121435906,P009,ambient_light,QUALITY,,,,340,987767,118219,130225,117551.39,128677.15,667.61,1547.85,1476.5,2156.81,False,False,nan,True,0.7,76.31,98.28,True,0,IRREGULAR,1,0.84,0,805.0,367.6,596.9,0.82,12,52,18,30,60,0.9999144963445625,0.17320508075688776
2026-08-31T21:03:16.701,121435953,P009,ambient_light,QUALITY,,,,341,987807,118248,130306,117565.32,128709.73,682.68,1596.27,1506.44,2143.8,False,False,nan,True,0.7,76.31,98.28,True,0,IRREGULAR,1,0.84,0,805.0,367.6,596.9,0.82,12,52,18,30,60,0.9999144963445625,0.17320508075688776
2026-08-31T21:03:16.817,121436062,P009,ambient_light,QUALITY,,,,342,987847,118289,130381,117579.8,128743.15,709.2,1637.85,1539.3,2131.71,False,False,nan,True,0.7,76.31,98.28,True,0,IRREGULAR,1,0.84,0,805.0,367.6,596.9,0.82,12,52,18,30,60,0.9999144963445625,0.17320508075688776
2026-08-31T21:03:16.827,121436078,P009,ambient_light,QUALITY,,,,343,987887,118330,130419,117594.8,128776.66,735.2,1642.34,1565.06,2120.38,False,False,nan,True,0.7,76.31,98.28,True,0,IRREGULAR,1,0.84,0,805.0,367.6,596.9,0.82,12,52,18,30,60,0.9999144963445625,0.17320508075688776
2026-08-31T21:03:16.836,121436093,P009,ambient_light,QUALITY,,,,344,987927,118324,130341,117609.39,128807.95,714.61,1533.05,1557.05,2109.11,True,True,760.0,True,0.7433,71.75,98.28,True,0,IRREGULAR,1,0.84,0,805.0,367.6,596.9,0.82,12,52,18,30,60,0.9999144963445625,0.17320508075688776
2026-08-31T21:03:16.862,121436109,P009,ambient_light,QUALITY,,,,345,987967,118333,130318,117623.86,128838.16,709.14,1479.84,1537.75,2097.69,False,False,nan,True,0.7433,71.75,98.28,True,0,IRREGULAR,1,0.84,0,805.0,367.6,596.9,0.82,12,52,18,30,60,0.9999144963445625,0.17320508075688776
2026-08-31T21:03:16.899,121436156,P009,ambient_light,QUALITY,,,,346,988007,118364,130389,117638.66,128869.17,725.34,1519.83,1533.27,2086.4,False,False,nan,True,0.7433,71.75,98.28,True,0,IRREGULAR,1,0.84,0,805.0,367.6,596.9,0.82,12,52,18,30,60,0.9999144963445625,0.17320508075688776
2026-08-31T21:03:17.016,121436265,P009,ambient_light,QUALITY,,,,347,988047,118372,130447,117653.33,128900.73,718.67,1546.27,1536.52,2075.4,False,False,nan,True,0.7433,71.75,98.28,True,0,IRREGULAR,1,0.84,0,805.0,367.6,596.9,0.82,12,52,18,30,60,0.9999144963445625,0.17320508075688776
2026-08-31T21:03:17.028,121436281,P009,ambient_light,QUALITY,,,,348,988087,118382,130480,117667.9,128932.31,714.1,1547.69,1539.31,2064.68,False,False,nan,True,0.7433,71.75,98.28,True,0,IRREGULAR,1,0.84,0,805.0,367.6,596.9,0.82,12,52,18,30,60,0.9999144963445625,0.17320508075688776
2026-08-31T21:03:17.036,121436281,P009,ambient_light,QUALITY,,,,349,988127,118366,130480,117681.86,128963.27,684.14,1516.73,1533.67,2054.06,True,False,nan,True,0.7433,71.75,98.28,True,0,IRREGULAR,1,0.84,0,805.0,367.6,596.9,0.82,12,52,18,30,60,0.9999144963445625,0.17320508075688776
2026-08-31T21:03:17.060,121436312,P009,ambient_light,QUALITY,,,,350,988167,118350,130444,117695.22,128992.88,654.78,1451.12,1513.03,2043.24,False,False,nan,True,0.7433,71.75,98.28,True,0,IRREGULAR,1,0.84,0,805.0,367.6,596.9,0.82,12,52,18,30,60,0.9999144963445625,0.17320508075688776
2026-08-31T21:03:17.100,121436343,P009,ambient_light,QUALITY,,,,351,988207,118322,130384,117707.76,129020.7,614.24,1363.3,1475.6,2031.89,False,False,nan,True,0.7433,71.75,98.28,True,0,IRREGULAR,1,0.84,0,805.0,367.6,596.9,0.82,12,52,18,30,60,0.9999144963445625,0.17320508075688776
2026-08-31T21:03:17.216,121436468,P009,ambient_light,QUALITY,,,,352,988247,118290,130328,117719.41,129046.85,570.59,1281.15,1426.98,2019.79,False,False,nan,True,0.7433,71.75,98.28,True,0,IRREGULAR,1,0.84,0,805.0,367.6,596.9,0.82,12,52,18,30,60,0.9998489885977783,0.17320508075688776
2026-08-31T21:03:17.228,121436484,P009,ambient_light,QUALITY,,,,353,988287,118259,130234,117730.2,129070.59,528.8,1163.41,1361.09,2006.61,False,False,nan,True,0.7433,71.75,98.28,True,0,IRREGULAR,1,0.84,0,805.0,367.6,596.9,0.82,12,52,18,30,60,0.9998489885977783,0.17320508075688776
2026-08-31T21:03:17.236,121436484,P009,ambient_light,QUALITY,,,,354,988327,118257,130191,117740.73,129093.0,516.27,1098.0,1295.32,1992.39,False,False,nan,True,0.7433,71.75,98.28,True,0,IRREGULAR,1,0.84,0,805.0,367.6,596.9,0.82,12,52,18,30,60,0.9998489885977783,0.17320508075688776
2026-08-31T21:03:17.260,121436515,P009,ambient_light,QUALITY,,,,355,988367,118277,130248,117751.46,129116.1,525.54,1131.9,1254.46,1977.63,False,False,nan,True,0.7433,71.75,98.28,True,0,IRREGULAR,1,0.84,0,805.0,367.6,596.9,0.82,12,52,18,30,60,0.9998489885977783,0.17320508075688776
2026-08-31T21:03:17.299,121436546,P009,ambient_light,QUALITY,,,,356,988407,118314,130347,117762.71,129140.72,551.29,1206.28,1242.42,1962.92,False,False,nan,True,0.7433,71.75,98.28,True,0,IRREGULAR,1,0.84,0,805.0,367.6,596.9,0.82,12,52,18,30,60,0.9998489885977783,0.17320508075688776
2026-08-31T21:03:17.416,121436671,P009,ambient_light,QUALITY,,,,357,988447,118330,130429,117774.05,129166.48,555.95,1262.52,1247.44,1948.61,False,False,nan,True,0.7433,71.75,98.28,True,0,IRREGULAR,1,0.84,0,805.0,367.6,596.9,0.82,12,52,18,30,60,0.9998489885977783,0.17320508075688776
2026-08-31T21:03:17.429,121436687,P009,ambient_light,QUALITY,,,,358,988487,118349,130474,117785.55,129192.63,563.45,1281.37,1255.92,1934.76,False,False,nan,True,0.7433,71.75,98.28,True,0,IRREGULAR,1,0.84,0,805.0,367.6,596.9,0.82,12,52,18,30,60,0.9998489885977783,0.17320508075688776
2026-08-31T21:03:17.437,121436687,P009,ambient_light,QUALITY,,,,359,988527,118367,130524,117797.18,129219.26,569.82,1304.74,1268.13,1921.43,False,False,nan,True,0.7433,71.75,98.28,True,0,IRREGULAR,1,0.84,0,805.0,367.6,596.9,0.82,12,52,18,30,60,0.9998489885977783,0.17320508075688776
2026-08-31T21:03:17.460,121436703,P009,ambient_light,QUALITY,,,,360,988567,118371,130550,117808.66,129245.88,562.34,1304.12,1277.13,1908.54,False,False,nan,True,0.7433,71.75,98.28,True,0,IRREGULAR,1,0.84,0,805.0,367.6,596.9,0.82,12,52,18,30,60,0.9998489885977783,0.17320508075688776
2026-08-31T21:03:17.500,121436750,P009,ambient_light,QUALITY,,,,361,988607,118382,130574,117820.12,129272.44,561.88,1301.56,1283.24,1896.04,False,False,nan,True,0.7433,71.75,98.28,True,0,IRREGULAR,1,0.84,0,805.0,367.6,596.9,0.82,12,52,18,30,60,0.9998489885977783,0.17320508075688776
2026-08-31T21:03:17.617,121436875,P009,ambient_light,QUALITY,,,,362,988647,118391,130620,117831.54,129299.39,559.46,1320.61,1292.58,1883.97,False,False,nan,True,0.7433,71.75,98.28,True,0,IRREGULAR,1,0.84,0,805.0,367.6,596.9,0.82,12,52,18,30,60,0.9999144963445625,0.17320508075688776
2026-08-31T21:03:17.628,121436875,P009,ambient_light,QUALITY,,,,363,988687,118393,130643,117842.77,129326.27,550.23,1316.73,1298.62,1872.26,False,False,nan,True,0.7433,71.75,98.28,True,0,IRREGULAR,1,0.84,0,805.0,367.6,596.9,0.82,12,52,18,30,60,0.9999144963445625,0.17320508075688776
2026-08-31T21:03:17.636,121436890,P009,ambient_light,QUALITY,,,,364,988727,118360,130566,117853.11,129351.06,506.89,1214.94,1277.7,1860.37,True,True,800.0,True,0.8817,79.34,98.28,True,0,IRREGULAR,1,0.84,0,805.0,367.6,596.9,0.82,12,52,18,30,60,0.9999144963445625,0.17320508075688776
2026-08-31T21:03:17.660,121436906,P009,ambient_light,QUALITY,,,,365,988767,118281,130404,117861.66,129372.12,419.34,1031.88,1216.24,1847.49,False,False,nan,True,0.8817,79.34,98.28,True,0,IRREGULAR,1,0.84,0,805.0,367.6,596.9,0.82,12,52,18,30,60,0.9999144963445625,0.17320508075688776
2026-08-31T21:03:17.702,121436953,P009,ambient_light,QUALITY,,,,366,988807,118233,130277,117869.09,129390.22,363.91,886.78,1133.88,1833.21,False,False,nan,True,0.8817,79.34,98.28,True,0,IRREGULAR,1,0.84,0,805.0,367.6,596.9,0.82,12,52,18,30,60,0.9999144963445625,0.17320508075688776
2026-08-31T21:03:17.817,121437062,P009,ambient_light,QUALITY,,,,367,988847,118189,130190,117875.49,129406.21,313.51,783.79,1046.35,1817.48,False,False,nan,True,0.8817,79.34,98.28,True,0,IRREGULAR,1,0.84,0,805.0,367.6,596.9,0.82,12,52,18,30,60,0.9999144963445625,0.17320508075688776
2026-08-31T21:03:17.827,121437078,P009,ambient_light,QUALITY,,,,368,988887,118146,130100,117880.9,129420.09,265.1,679.91,954.74,1800.22,False,False,nan,True,0.8817,79.34,98.28,True,0,IRREGULAR,1,0.84,0,805.0,367.6,596.9,0.82,12,52,18,30,60,0.9999144963445625,0.17320508075688776
2026-08-31T21:03:17.835,121437093,P009,ambient_light,QUALITY,,,,369,988927,118109,130013,117885.46,129431.95,223.54,581.05,861.32,1781.44,False,False,nan,True,0.8817,79.34,98.28,True,0,IRREGULAR,1,0.84,0,805.0,367.6,596.9,0.82,12,52,18,30,60,0.9999144963445625,0.17320508075688776
2026-08-31T21:03:17.861,121437109,P009,ambient_light,QUALITY,,,,370,988967,118107,129995,117889.89,129443.2,217.11,551.8,783.94,1761.49,False,False,nan,True,0.8817,79.34,98.28,True,0,IRREGULAR,1,0.84,0,805.0,367.6,596.9,0.82,12,52,18,30,60,0.9999144963445625,0.17320508075688776
2026-08-31T21:03:17.900,121437156,P009,ambient_light,QUALITY,,,,371,989007,118107,129997,117894.23,129454.28,212.77,542.72,723.64,1740.74,False,False,nan,True,0.8817,79.34,98.28,True,0,IRREGULAR,1,0.84,0,805.0,367.6,596.9,0.82,12,52,18,30,60,0.9999144963445625,0.17320508075688776
2026-08-31T21:03:18.017,121437265,P009,ambient_light,QUALITY,,,,372,989047,118095,129993,117898.25,129465.05,196.75,527.95,674.71,1719.42,False,False,nan,True,0.8817,79.34,98.28,True,0,IRREGULAR,1,0.84,0,805.0,367.6,596.9,0.82,12,52,18,30,60,0.9998489885977783,0.17320508075688776
2026-08-31T21:03:18.027,121437281,P009,ambient_light,QUALITY,,,,373,989087,118102,129995,117902.33,129475.66,199.67,519.34,635.87,1697.75,False,False,nan,True,0.8817,79.34,98.28,True,0,IRREGULAR,1,0.84,0,805.0,367.6,596.9,0.82,12,52,18,30,60,0.9998489885977783,0.17320508075688776
2026-08-31T21:03:18.037,121437281,P009,ambient_light,QUALITY,,,,374,989127,118093,129995,117906.14,129486.05,186.86,508.95,604.14,1675.87,False,False,nan,True,0.8817,79.34,98.28,True,0,IRREGULAR,1,0.84,0,805.0,367.6,596.9,0.82,12,52,18,30,60,0.9998489885977783,0.17320508075688776
2026-08-31T21:03:18.059,121437312,P009,ambient_light,QUALITY,,,,375,989167,118095,130000,117909.91,129496.33,185.09,503.67,579.02,1653.94,False,False,nan,True,0.8817,79.34,98.28,True,0,IRREGULAR,1,0.84,0,805.0,367.6,596.9,0.82,12,52,18,30,60,0.9998489885977783,0.17320508075688776
2026-08-31T21:03:18.101,121437359,P009,ambient_light,QUALITY,,,,376,989207,118092,130006,117913.55,129506.52,178.45,499.48,559.14,1632.04,False,False,nan,True,0.8817,79.34,98.28,True,0,IRREGULAR,1,0.84,0,805.0,367.6,596.9,0.82,12,52,18,30,60,0.9998489885977783,0.17320508075688776
2026-08-31T21:03:18.217,121437468,P009,ambient_light,QUALITY,,,,377,989247,118116,130075,117917.6,129517.89,198.4,557.11,558.63,1610.57,False,False,nan,True,0.8817,79.34,98.28,True,0,IRREGULAR,1,0.84,0,805.0,367.6,596.9,0.82,12,52,18,30,60,0.9999144963445625,0.17320508075688776
2026-08-31T21:03:18.225,121437468,P009,ambient_light,QUALITY,,,,378,989287,118172,130204,117922.69,129531.61,249.31,672.39,587.07,1590.1,False,False,nan,True,0.8817,79.34,98.28,True,0,IRREGULAR,1,0.84,0,805.0,367.6,596.9,0.82,12,52,18,30,60,0.9999144963445625,0.17320508075688776
2026-08-31T21:03:18.235,121437484,P009,ambient_light,QUALITY,,,,379,989327,118226,130340,117928.75,129547.77,297.25,792.23,638.36,1571.07,False,False,nan,True,0.8817,79.34,98.28,True,0,IRREGULAR,1,0.84,0,805.0,367.6,596.9,0.82,12,52,18,30,60,0.9999144963445625,0.17320508075688776
2026-08-31T21:03:18.260,121437515,P009,ambient_light,QUALITY,,,,380,989367,118257,130433,117935.31,129565.48,321.69,867.52,695.65,1553.56,False,False,nan,True,0.8817,79.34,98.28,True,0,IRREGULAR,1,0.84,0,805.0,367.6,596.9,0.82,12,52,18,30,60,0.9999144963445625,0.17320508075688776
2026-08-31T21:03:18.301,121437546,P009,ambient_light,QUALITY,,,,381,989407,118283,130502,117942.27,129584.2,340.73,917.8,751.19,1537.51,False,False,nan,True,0.8817,79.34,98.28,True,0,IRREGULAR,1,0.84,0,805.0,367.6,596.9,0.82,12,52,18,30,60,0.9999144963445625,0.17320508075688776
2026-08-31T21:03:18.419,121437671,P009,ambient_light,QUALITY,,,,382,989447,118301,130585,117949.44,129604.22,351.56,980.78,808.59,1522.93,False,False,nan,True,0.8817,79.34,98.28,True,0,IRREGULAR,1,0.84,0,805.0,367.6,596.9,0.82,12,52,18,30,60,0.9999144963445625,0.17320508075688776
2026-08-31T21:03:18.429,121437687,P009,ambient_light,QUALITY,,,,383,989487,118286,130592,117956.17,129623.98,329.83,968.02,848.45,1509.44,False,False,nan,True,0.8817,79.34,98.28,True,0,IRREGULAR,1,0.84,0,805.0,367.6,596.9,0.82,12,52,18,30,60,0.9999144963445625,0.17320508075688776
2026-08-31T21:03:18.438,121437687,P009,ambient_light,QUALITY,,,,384,989527,118252,130484,117962.09,129641.18,289.91,842.82,847.04,1496.2,True,True,800.0,True,0.8834,78.3,98.28,True,0,IRREGULAR,1,0.84,0,805.0,367.6,596.9,0.82,12,52,18,30,60,0.9999144963445625,0.17320508075688776
2026-08-31T21:03:18.462,121437718,P009,ambient_light,QUALITY,,,,385,989567,118202,130396,117966.88,129656.27,235.12,739.73,820.21,1482.68,False,False,nan,True,0.8834,78.3,98.28,True,0,IRREGULAR,1,0.84,0,805.0,367.6,596.9,0.82,12,52,18,30,60,0.9999144963445625,0.17320508075688776
2026-08-31T21:03:18.501,121437750,P009,ambient_light,QUALITY,,,,386,989607,118198,130414,117971.51,129671.43,226.49,742.57,800.8,1469.04,False,False,nan,True,0.8834,78.3,98.28,True,0,IRREGULAR,1,0.84,0,805.0,367.6,596.9,0.82,12,52,18,30,60,0.9999144963445625,0.17320508075688776
2026-08-31T21:03:18.617,121437875,P009,ambient_light,QUALITY,,,,387,989647,118203,130476,117976.14,129687.52,226.86,788.48,797.72,1455.61,False,False,nan,True,0.8834,78.3,98.28,True,0,IRREGULAR,1,0.84,0,805.0,367.6,596.9,0.82,12,52,18,30,60,0.9999144963445625,0.17320508075688776
2026-08-31T21:03:18.626,121437875,P009,ambient_light,QUALITY,,,,388,989687,118199,130510,117980.6,129703.98,218.4,806.02,799.8,1442.5,False,False,nan,True,0.8834,78.3,98.28,True,0,IRREGULAR,1,0.84,0,805.0,367.6,596.9,0.82,12,52,18,30,60,0.9999144963445625,0.17320508075688776
2026-08-31T21:03:18.636,121437890,P009,ambient_light,QUALITY,,,,389,989727,118206,130547,117985.11,129720.84,220.89,826.16,806.39,1429.77,False,False,nan,True,0.8834,78.3,98.28,True,0,IRREGULAR,1,0.84,0,805.0,367.6,596.9,0.82,12,52,18,30,60,0.9999144963445625,0.17320508075688776
2026-08-31T21:03:18.660,121437906,P009,ambient_light,QUALITY,,,,390,989767,118209,130584,117989.59,129738.1,219.41,845.9,816.27,1417.5,False,False,nan,True,0.8834,78.3,98.28,True,0,IRREGULAR,1,0.84,0,805.0,367.6,596.9,0.82,12,52,18,30,60,0.9999144963445625,0.17320508075688776
2026-08-31T21:03:18.701,121437953,P009,ambient_light,QUALITY,,,,391,989807,118209,130573,117993.98,129754.8,215.02,818.2,816.75,1405.49,False,False,nan,True,0.8834,78.3,98.28,True,0,IRREGULAR,1,0.84,0,805.0,367.6,596.9,0.82,12,52,18,30,60,0.9999144963445625,0.17320508075688776
2026-08-31T21:03:18.817,121438062,P009,ambient_light,QUALITY,,,,392,989847,118198,130577,117998.05,129771.24,199.95,805.76,814.0,1393.66,True,False,nan,True,0.8834,78.3,98.28,True,0,IRREGULAR,1,0.84,0,805.0,367.6,596.9,0.82,12,52,18,30,60,0.9998489885977783,0.17320508075688776
2026-08-31T21:03:18.826,121438078,P009,ambient_light,QUALITY,,,,393,989887,118192,130576,118001.93,129787.34,190.07,788.66,807.67,1381.94,False,False,nan,True,0.8834,78.3,98.28,True,0,IRREGULAR,1,0.84,0,805.0,367.6,596.9,0.82,12,52,18,30,60,0.9998489885977783,0.17320508075688776
2026-08-31T21:03:18.835,121438093,P009,ambient_light,QUALITY,,,,394,989927,118189,130571,118005.67,129803.01,183.33,767.99,797.75,1370.25,False,False,nan,True,0.8834,78.3,98.28,True,0,IRREGULAR,1,0.84,0,805.0,367.6,596.9,0.82,12,52,18,30,60,0.9998489885977783,0.17320508075688776
2026-08-31T21:03:18.860,121438109,P009,ambient_light,QUALITY,,,,395,989967,118172,130565,118009.0,129818.25,163.0,746.75,785.0,1358.55,False,False,nan,True,0.8834,78.3,98.28,True,0,IRREGULAR,1,0.84,0,805.0,367.6,596.9,0.82,12,52,18,30,60,0.9998489885977783,0.17320508075688776
2026-08-31T21:03:18.900,121438156,P009,ambient_light,QUALITY,,,,396,990007,118158,130544,118011.98,129832.77,146.02,711.23,766.56,1346.71,False,False,nan,True,0.8834,78.3,98.28,True,0,IRREGULAR,1,0.84,0,805.0,367.6,596.9,0.82,12,52,18,30,60,0.9998489885977783,0.17320508075688776
2026-08-31T21:03:19.018,121438265,P009,ambient_light,QUALITY,,,,397,990047,118148,130520,118014.7,129846.51,133.3,673.49,743.29,1334.64,False,False,nan,True,0.8834,78.3,98.28,True,0,IRREGULAR,1,0.84,0,805.0,367.6,596.9,0.82,12,52,18,30,60,0.9999144963445625,0.17320508075688776
2026-08-31T21:03:19.027,121438281,P009,ambient_light,QUALITY,,,,398,990087,118124,130484,118016.88,129859.26,107.12,624.74,713.65,1322.22,False,False,nan,True,0.8834,78.3,98.28,True,0,IRREGULAR,1,0.84,0,805.0,367.6,596.9,0.82,12,52,18,30,60,0.9999144963445625,0.17320508075688776
2026-08-31T21:03:19.035,121438281,P009,ambient_light,QUALITY,,,,399,990127,118076,130388,118018.06,129869.84,57.94,518.16,664.78,1309.07,False,False,nan,True,0.8834,78.3,98.28,True,0,IRREGULAR,1,0.84,0,805.0,367.6,596.9,0.82,12,52,18,30,60,0.9999144963445625,0.17320508075688776
2026-08-31T21:03:19.061,121438312,P009,ambient_light,QUALITY,,,,400,990167,118020,130272,118018.1,129877.88,1.9,394.12,597.12,1294.83,False,False,nan,True,0.8834,78.3,98.28,True,0,IRREGULAR,1,0.84,0,805.0,367.6,596.9,0.82,12,52,18,30,60,0.9999144963445625,0.17320508075688776
2026-08-31T21:03:19.101,121438359,P009,ambient_light,QUALITY,,,,401,990207,117969,130144,118017.12,129883.2,-48.12,260.8,513.04,1279.2,False,False,nan,True,0.8834,78.3,98.28,True,0,IRREGULAR,1,0.84,0,805.0,367.6,596.9,0.82,12,52,18,30,60,0.9999144963445625,0.17320508075688776
2026-08-31T21:03:19.217,121438468,P009,ambient_light,QUALITY,,,,402,990247,117893,129972,118014.63,129884.98,-121.63,87.02,406.53,1261.74,False,False,nan,True,0.8834,78.3,98.28,True,0,IRREGULAR,1,0.84,0,805.0,367.6,596.9,0.82,12,52,18,30,60,0.9998489885977783,0.17320508075688776
2026-08-31T21:03:19.225,121438468,P009,ambient_light,QUALITY,,,,403,990287,117757,129639,118009.48,129880.05,-252.48,-241.05,244.64,1241.4,False,False,nan,True,0.8834,78.3,98.28,True,0,IRREGULAR,1,0.84,0,805.0,367.6,596.9,0.82,12,52,18,30,60,0.9998489885977783,0.17320508075688776
2026-08-31T21:03:19.235,121438484,P009,ambient_light,QUALITY,,,,404,990327,117556,129146,118000.41,129865.38,-444.41,-719.38,3.63,1216.65,False,False,nan,True,0.8834,78.3,98.28,True,0,IRREGULAR,1,0.84,0,805.0,367.6,596.9,0.82,12,52,18,30,60,0.9998489885977783,0.17320508075688776
2026-08-31T21:03:19.261,121438515,P009,ambient_light,QUALITY,,,,405,990367,117377,128682,117987.94,129841.71,-610.94,-1159.71,-287.2,1198.06,False,False,nan,True,0.8834,78.3,98.28,True,0,IRREGULAR,1,0.84,0,805.0,367.6,596.9,0.82,12,52,18,30,60,0.9998489885977783,0.17320508075688776
2026-08-31T21:03:19.300,121438546,P009,ambient_light,QUALITY,,,,406,990407,117285,128476,117973.88,129814.4,-688.88,-1338.4,-550.0,1185.1,False,False,nan,True,0.8834,78.3,98.28,True,0,IRREGULAR,1,0.84,0,805.0,367.6,596.9,0.82,12,52,18,30,60,0.9998489885977783,0.17320508075688776
2026-08-31T21:03:19.416,121438671,P009,ambient_light,QUALITY,,,,407,990447,117264,128407,117959.68,129786.25,-695.68,-1379.25,-757.31,1176.54,False,False,nan,True,0.8834,78.3,98.28,True,0,IRREGULAR,1,0.84,0,805.0,367.6,596.9,0.82,12,52,18,30,60,0.9994023213901397,0.17320508075688776
2026-08-31T21:03:19.428,121438671,P009,ambient_light,QUALITY,,,,408,990487,117259,128390,117945.66,129758.33,-686.66,-1368.33,-910.07,1171.21,False,False,nan,True,0.8834,78.3,98.28,True,0,IRREGULAR,1,0.84,0,805.0,367.6,596.9,0.82,12,52,18,30,60,0.9994023213901397,0.17320508075688776
2026-08-31T21:03:19.436,121438687,P009,ambient_light,QUALITY,,,,409,990527,117274,128414,117932.23,129731.45,-658.23,-1317.45,-1011.91,1168.03,False,False,nan,True,0.8834,78.3,98.28,True,0,IRREGULAR,1,0.84,0,805.0,367.6,596.9,0.82,12,52,18,30,60,0.9994023213901397,0.17320508075688776
2026-08-31T21:03:19.461,121438718,P009,ambient_light,QUALITY,,,,410,990567,117259,128405,117918.77,129704.91,-659.77,-1299.91,-1083.91,1166.34,False,False,nan,True,0.8834,78.3,98.28,True,0,IRREGULAR,1,0.84,0,805.0,367.6,596.9,0.82,12,52,18,30,60,0.9994023213901397,0.17320508075688776
2026-08-31T21:03:19.500,121438750,P009,ambient_light,QUALITY,,,,411,990607,117228,128331,117904.96,129677.44,-676.96,-1346.44,-1149.54,1166.01,False,False,nan,True,0.8834,78.3,96.14,True,0,IRREGULAR,1,0.84,0,805.0,367.6,596.9,0.82,12,52,18,30,60,0.9994023213901397,0.17320508075688776
2026-08-31T21:03:19.616,121438859,P009,ambient_light,QUALITY,,,,412,990647,117192,128250,117890.7,129648.89,-698.7,-1398.89,-1211.88,1166.92,False,False,nan,True,0.8834,78.3,96.14,True,0,IRREGULAR,1,0.84,0,805.0,367.6,596.9,0.82,12,52,18,30,60,0.9999144963445625,0.17320508075688776
2026-08-31T21:03:19.628,121438875,P009,ambient_light,QUALITY,,,,413,990687,117162,128170,117876.13,129619.31,-714.13,-1449.31,-1271.24,1169.01,False,False,nan,True,0.8834,78.3,96.14,True,0,IRREGULAR,1,0.84,0,805.0,367.6,596.9,0.82,12,52,18,30,60,0.9999144963445625,0.17320508075688776
2026-08-31T21:03:19.636,121438890,P009,ambient_light,QUALITY,,,,414,990727,117160,128170,117861.81,129590.33,-701.81,-1420.33,-1308.51,1171.8,False,False,nan,True,0.8834,78.3,96.14,True,0,IRREGULAR,1,0.84,0,805.0,367.6,596.9,0.82,12,52,18,30,60,0.9999144963445625,0.17320508075688776
2026-08-31T21:03:19.661,121438906,P009,ambient_light,QUALITY,,,,415,990767,117195,128236,117848.48,129563.24,-653.48,-1327.24,-1313.19,1174.63,False,False,nan,True,0.8834,78.3,96.14,True,0,IRREGULAR,1,0.84,0,805.0,367.6,596.9,0.82,12,52,18,30,60,0.9999144963445625,0.17320508075688776
2026-08-31T21:03:19.700,121438953,P009,ambient_light,QUALITY,,,,416,990807,117253,128369,117836.57,129539.36,-583.57,-1170.36,-1277.49,1176.69,False,False,nan,True,0.8834,78.3,96.14,True,0,IRREGULAR,1,0.84,0,805.0,367.6,596.9,0.82,12,52,18,30,60,0.9999144963445625,0.17320508075688776
2026-08-31T21:03:19.817,121439062,P009,ambient_light,QUALITY,,,,417,990847,117320,128510,117826.24,129518.77,-506.24,-1008.77,-1210.31,1177.36,False,False,nan,True,0.8834,78.3,96.14,True,0,IRREGULAR,1,0.84,0,805.0,367.6,596.9,0.82,12,52,18,30,60,0.9999144963445625,0.17320508075688776
2026-08-31T21:03:19.828,121439078,P009,ambient_light,QUALITY,,,,418,990887,117397,128680,117817.66,129502.0,-420.66,-822.0,-1113.23,1176.08,False,False,nan,True,0.8834,78.3,96.14,True,0,IRREGULAR,1,0.84,0,805.0,367.6,596.9,0.82,12,52,18,30,60,0.9999144963445625,0.17320508075688776
2026-08-31T21:03:19.837,121439093,P009,ambient_light,QUALITY,,,,419,990927,117465,128832,117810.6,129488.6,-345.6,-656.6,-999.07,1172.54,False,False,nan,True,0.8834,78.3,96.14,True,0,IRREGULAR,1,0.84,0,805.0,367.6,596.9,0.82,12,52,18,30,60,0.9999144963445625,0.17320508075688776
2026-08-31T21:03:19.861,121439109,P009,ambient_light,QUALITY,,,,420,990967,117519,128972,117804.77,129478.27,-285.77,-506.27,-875.87,1166.6,False,False,nan,True,0.8834,78.3,96.14,True,0,IRREGULAR,1,0.84,0,805.0,367.6,596.9,0.82,12,52,18,30,60,0.9999144963445625,0.17320508075688776
2026-08-31T21:03:19.900,121439156,P009,ambient_light,QUALITY,,,,421,991007,117553,129067,117799.73,129470.05,-246.73,-403.05,-757.67,1158.42,False,False,nan,True,0.8834,78.3,96.14,True,0,IRREGULAR,1,0.84,0,805.0,367.6,596.9,0.82,12,52,18,30,60,0.9999144963445625,0.17320508075688776
2026-08-31T21:03:20.016,121439265,P009,ambient_light,QUALITY,,,,422,991047,117530,129043,117794.34,129461.51,-264.34,-418.51,-672.88,1148.71,False,False,nan,True,0.8834,78.3,96.14,True,0,IRREGULAR,1,0.84,0,805.0,367.6,596.9,0.82,12,52,18,30,60,0.9999144963445625,0.17320508075688776
2026-08-31T21:03:20.029,121439281,P009,ambient_light,QUALITY,,,,423,991087,117438,128779,117787.21,129447.86,-349.21,-668.86,-671.87,1139.18,False,False,nan,True,0.8834,78.3,96.14,True,0,IRREGULAR,1,0.84,0,805.0,367.6,596.9,0.82,12,52,18,30,60,0.9999144963445625,0.17320508075688776
2026-08-31T21:03:20.037,121439281,P009,ambient_light,QUALITY,,,,424,991127,117276,128410,117776.98,129427.1,-500.98,-1017.1,-758.18,1131.56,False,False,nan,True,0.8834,78.3,96.14,True,0,IRREGULAR,1,0.84,0,805.0,367.6,596.9,0.82,12,52,18,30,60,0.9999144963445625,0.17320508075688776
2026-08-31T21:03:20.061,121439312,P009,ambient_light,QUALITY,,,,425,991167,117148,128145,117764.41,129401.46,-616.41,-1256.46,-882.75,1126.58,False,False,nan,True,0.8834,78.3,96.14,True,0,IRREGULAR,1,0.84,0,805.0,367.6,596.9,0.82,12,52,18,30,60,0.9999144963445625,0.17320508075688776
2026-08-31T21:03:20.100,121439343,P009,ambient_light,QUALITY,,,,426,991207,117103,128047,117751.18,129374.38,-648.18,-1327.38,-993.91,1123.93,False,False,nan,True,0.8834,78.3,96.14,True,0,IRREGULAR,1,0.84,0,805.0,367.6,596.9,0.82,12,52,18,30,60,0.9999144963445625,0.17320508075688776
2026-08-31T21:03:20.216,121439468,P009,ambient_light,QUALITY,,,,427,991257,117134,128116,117738.84,129349.21,-604.84,-1233.21,-1053.73,1122.52,False,False,nan,True,0.8834,78.3,96.14,True,0,IRREGULAR,1,0.84,0,805.0,367.6,596.9,0.82,12,52,18,30,60,0.9999144963445625,0.17320508075688776
2026-08-31T21:03:20.228,121439484,P009,ambient_light,QUALITY,,,,428,991287,117179,128189,117727.64,129326.01,-548.64,-1137.01,-1074.55,1121.56,False,False,nan,True,0.8834,78.3,96.14,True,0,IRREGULAR,1,0.84,0,805.0,367.6,596.9,0.82,12,52,18,30,60,0.9999144963445625,0.17320508075688776
2026-08-31T21:03:20.236,121439484,P009,ambient_light,QUALITY,,,,429,991327,117206,128271,117717.21,129304.91,-511.21,-1033.91,-1064.39,1120.42,False,False,nan,True,0.8834,78.3,96.14,True,0,IRREGULAR,1,0.84,0,805.0,367.6,596.9,0.82,12,52,18,30,60,0.9999144963445625,0.17320508075688776
2026-08-31T21:03:20.270,121439515,P009,ambient_light,QUALITY,,,,430,991377,117192,128199,117706.7,129282.79,-514.7,-1083.79,-1069.24,1119.4,False,False,nan,True,0.8834,78.3,96.14,True,0,IRREGULAR,1,0.84,0,805.0,367.6,596.9,0.82,12,52,18,30,60,0.9999144963445625,0.17320508075688776
2026-08-31T21:03:20.416,121439671,P009,ambient_light,QUALITY,,,,431,991417,117171,128145,117695.99,129260.03,-524.99,-1115.03,-1080.69,1118.62,False,False,nan,True,0.8834,78.3,96.14,True,0,IRREGULAR,1,0.75,0,798.7,318.7,511.4,0.6,16,57,19,30,60,0.9999144963445625,0.17320508075688776
2026-08-31T21:03:20.427,121439671,P009,ambient_light,QUALITY,,,,432,991457,117167,128131,117685.41,129237.45,-518.41,-1106.45,-1087.13,1117.99,False,False,nan,True,0.8834,78.3,96.14,True,0,IRREGULAR,1,0.75,0,798.7,318.7,511.4,0.6,16,57,19,30,60,0.9999144963445625,0.17320508075688776
2026-08-31T21:03:20.438,121439687,P009,ambient_light,QUALITY,,,,433,991497,117184,128217,117675.38,129217.05,-491.38,-1000.05,-1065.36,1116.94,False,False,nan,True,0.8834,78.3,96.14,True,0,IRREGULAR,1,0.75,0,798.7,318.7,511.4,0.6,16,57,19,30,60,0.9999144963445625,0.17320508075688776
2026-08-31T21:03:20.447,121439703,P009,ambient_light,QUALITY,,,,434,991537,117224,128302,117666.35,129198.74,-442.35,-896.74,-1023.2,1115.06,False,False,nan,True,0.8834,78.3,96.14,True,0,IRREGULAR,1,0.75,0,798.7,318.7,511.4,0.6,16,57,19,30,60,0.9999144963445625,0.17320508075688776
2026-08-31T21:03:20.470,121439718,P009,ambient_light,QUALITY,,,,435,991577,117244,128382,117657.91,129182.41,-413.91,-800.41,-967.5,1112.11,False,False,nan,True,0.8834,78.3,96.14,True,0,IRREGULAR,1,0.75,0,798.7,318.7,511.4,0.6,16,57,19,30,60,0.9999144963445625,0.17320508075688776
2026-08-31T21:03:20.616,121439859,P009,ambient_light,QUALITY,,,,436,991617,117253,128393,117649.8,129166.62,-396.8,-773.62,-919.03,1108.25,False,False,nan,True,0.8834,78.3,96.14,True,0,IRREGULAR,1,0.75,0,798.7,318.7,511.4,0.6,16,57,19,30,60,0.9994678584126655,0.17320508075688776
2026-08-31T21:03:20.626,121439875,P009,ambient_light,QUALITY,,,,437,991657,117275,128476,117642.31,129152.8,-367.31,-676.8,-858.48,1103.26,False,False,nan,True,0.8834,78.3,96.14,True,0,IRREGULAR,1,0.75,0,798.7,318.7,511.4,0.6,16,57,19,30,60,0.9994678584126655,0.17320508075688776
2026-08-31T21:03:20.640,121439890,P009,ambient_light,QUALITY,,,,438,991697,117305,128561,117635.56,129140.97,-330.56,-579.97,-788.85,1096.97,False,False,nan,True,0.8834,78.3,96.14,True,0,IRREGULAR,1,0.75,0,798.7,318.7,511.4,0.6,16,57,19,30,60,0.9994678584126655,0.17320508075688776
2026-08-31T21:03:20.650,121439906,P009,ambient_light,QUALITY,,,,439,991737,117344,128689,117629.73,129131.93,-285.73,-442.93,-702.37,1089.08,False,False,nan,True,0.8834,78.3,96.14,True,0,IRREGULAR,1,0.75,0,798.7,318.7,511.4,0.6,16,57,19,30,60,0.9994678584126655,0.17320508075688776
2026-08-31T21:03:20.672,121439921,P009,ambient_light,QUALITY,,,,440,991777,117378,128725,117624.7,129123.79,-246.7,-398.79,-626.47,1079.82,False,False,nan,True,0.8834,78.3,96.14,True,0,IRREGULAR,1,0.75,0,798.7,318.7,511.4,0.6,16,57,19,30,60,0.9994678584126655,0.17320508075688776
2026-08-31T21:03:20.816,121440062,P009,ambient_light,QUALITY,,,,441,991817,117384,128722,117619.89,129115.75,-235.89,-393.75,-568.29,1069.59,False,False,nan,True,0.8834,78.3,96.14,True,0,IRREGULAR,1,0.75,0,798.7,318.7,511.4,0.6,16,57,19,30,60,0.9998489885977783,0.17320508075688776
2026-08-31T21:03:20.829,121440078,P009,ambient_light,QUALITY,,,,442,991857,117291,128483,117613.31,129103.09,-322.31,-620.09,-581.24,1059.83,False,False,nan,True,0.8834,78.3,96.14,True,0,IRREGULAR,1,0.75,0,798.7,318.7,511.4,0.6,16,57,19,30,60,0.9998489885977783,0.17320508075688776
2026-08-31T21:03:20.838,121440093,P009,ambient_light,QUALITY,,,,443,991897,117154,128109,117604.12,129083.21,-450.12,-974.21,-679.49,1052.22,False,False,nan,True,0.8834,78.3,96.14,True,0,IRREGULAR,1,0.75,0,798.7,318.7,511.4,0.6,16,57,19,30,60,0.9998489885977783,0.17320508075688776
2026-08-31T21:03:20.847,121440093,P009,ambient_light,QUALITY,,,,444,991937,117048,127898,117593.0,129059.51,-545.0,-1161.51,-799.99,1047.18,False,False,nan,True,0.8834,78.3,96.14,True,0,IRREGULAR,1,0.75,0,798.7,318.7,511.4,0.6,16,57,19,30,60,0.9998489885977783,0.17320508075688776
2026-08-31T21:03:20.870,121440125,P009,ambient_light,QUALITY,,,,445,991977,117030,127808,117581.74,129034.48,-551.74,-1226.48,-906.61,1044.36,False,False,nan,True,0.8834,78.3,96.14,True,0,IRREGULAR,1,0.75,0,798.7,318.7,511.4,0.6,16,57,19,30,60,0.9998489885977783,0.17320508075688776
2026-08-31T21:03:21.016,121440265,P009,ambient_light,QUALITY,,,,446,992017,117067,127920,117571.45,129012.19,-504.45,-1092.19,-953.01,1042.54,False,False,nan,True,0.8834,78.3,96.14,True,0,IRREGULAR,1,0.75,0,798.7,318.7,511.4,0.6,16,57,19,30,60,0.9999144963445625,0.17320508075688776
2026-08-31T21:03:21.027,121440281,P009,ambient_light,QUALITY,,,,447,992057,117103,127985,117562.08,128991.64,-459.08,-1006.64,-966.41,1041.01,False,False,nan,True,0.8834,78.3,96.14,True,0,IRREGULAR,1,0.75,0,798.7,318.7,511.4,0.6,16,57,19,30,60,0.9999144963445625,0.17320508075688776
2026-08-31T21:03:21.037,121440281,P009,ambient_light,QUALITY,,,,448,992097,117123,128023,117553.3,128972.27,-430.3,-949.27,-962.13,1039.44,False,False,nan,True,0.8834,78.3,96.14,True,0,IRREGULAR,1,0.75,0,798.7,318.7,511.4,0.6,16,57,19,30,60,0.9999144963445625,0.17320508075688776
2026-08-31T21:03:21.048,121440296,P009,ambient_light,QUALITY,,,,449,992137,117107,127996,117544.37,128952.74,-437.37,-956.74,-960.78,1037.86,False,False,nan,True,0.8834,78.3,96.14,True,0,IRREGULAR,1,0.75,0,798.7,318.7,511.4,0.6,16,57,19,30,60,0.9999144963445625,0.17320508075688776
2026-08-31T21:03:21.070,121440328,P009,ambient_light,QUALITY,,,,450,992177,117046,127927,117534.4,128932.23,-488.4,-1005.23,-971.89,1036.54,False,False,nan,True,0.8834,78.3,96.14,True,0,IRREGULAR,1,0.75,0,798.7,318.7,511.4,0.6,16,57,19,30,60,0.9999144963445625,0.17320508075688776
2026-08-31T21:03:21.215,121440468,P009,ambient_light,QUALITY,,,,451,992217,117064,127969,117524.99,128912.96,-460.99,-943.96,-964.91,1035.11,False,False,nan,True,0.8834,78.3,96.14,True,0,IRREGULAR,1,0.75,0,798.7,318.7,511.4,0.6,16,57,19,30,60,0.9999144963445625,0.17320508075688776
2026-08-31T21:03:21.227,121440484,P009,ambient_light,QUALITY,,,,452,992257,117078,128026,117516.05,128895.22,-438.05,-869.22,-940.99,1033.23,False,False,nan,True,0.8834,78.3,96.14,True,0,IRREGULAR,1,0.75,0,798.7,318.7,511.4,0.6,16,57,19,30,60,0.9999144963445625,0.17320508075688776
2026-08-31T21:03:21.237,121440484,P009,ambient_light,QUALITY,,,,453,992297,117131,128128,117508.35,128879.88,-377.35,-751.88,-893.71,1030.44,False,False,nan,True,0.8834,78.3,96.14,True,0,IRREGULAR,1,0.75,0,798.7,318.7,511.4,0.6,16,57,19,30,60,0.9999144963445625,0.17320508075688776
2026-08-31T21:03:21.246,121440500,P009,ambient_light,QUALITY,,,,454,992337,117115,128176,117500.48,128865.8,-385.48,-689.8,-842.73,1026.68,False,False,nan,True,0.8834,78.3,96.14,True,0,IRREGULAR,1,0.75,0,798.7,318.7,511.4,0.6,16,57,19,30,60,0.9999144963445625,0.17320508075688776
2026-08-31T21:03:21.270,121440515,P009,ambient_light,QUALITY,,,,455,992377,117174,128202,117493.95,128852.52,-319.95,-650.52,-794.68,1022.04,False,False,nan,True,0.8834,78.3,96.14,True,0,IRREGULAR,1,0.75,0,798.7,318.7,511.4,0.6,16,57,19,30,60,0.9999144963445625,0.17320508075688776
2026-08-31T21:03:21.416,121440671,P009,ambient_light,QUALITY,,,,456,992417,117085,128062,117485.77,128836.71,-400.77,-774.71,-789.69,1017.4,False,False,nan,True,0.8834,78.3,96.14,True,0,IRREGULAR,1,0.75,0,798.7,318.7,511.4,0.6,16,57,19,30,60,0.9999144963445625,0.17320508075688776
2026-08-31T21:03:21.428,121440671,P009,ambient_light,QUALITY,,,,457,992457,117058,127972,117477.22,128819.41,-419.22,-847.41,-804.12,1013.13,False,False,nan,True,0.8834,78.3,96.14,True,0,IRREGULAR,1,0.75,0,798.7,318.7,511.4,0.6,16,57,19,30,60,0.9999144963445625,0.17320508075688776
2026-08-31T21:03:21.438,121440687,P009,ambient_light,QUALITY,,,,458,992497,117041,127955,117468.49,128802.12,-427.49,-847.12,-814.87,1009.17,False,False,nan,True,0.8834,78.3,96.14,True,0,IRREGULAR,1,0.75,0,798.7,318.7,511.4,0.6,16,57,19,30,60,0.9999144963445625,0.17320508075688776
2026-08-31T21:03:21.446,121440703,P009,ambient_light,QUALITY,,,,459,992537,117104,128084,117461.2,128787.77,-357.2,-703.77,-787.09,1004.73,False,False,nan,True,0.8834,78.3,96.14,True,0,IRREGULAR,1,0.75,0,798.7,318.7,511.4,0.6,16,57,19,30,60,0.9999144963445625,0.17320508075688776
2026-08-31T21:03:21.469,121440718,P009,ambient_light,QUALITY,,,,460,992577,117029,128017,117452.56,128772.35,-423.56,-755.35,-779.16,1000.21,False,False,nan,True,0.8834,78.3,96.14,True,0,IRREGULAR,1,0.75,0,798.7,318.7,511.4,0.6,16,57,19,30,60,0.9999144963445625,0.17320508075688776
2026-08-31T21:03:21.615,121440859,P009,ambient_light,QUALITY,,,,461,992617,116945,127705,117442.41,128751.01,-497.41,-1046.01,-845.87,997.13,False,False,nan,True,0.8834,78.3,96.14,True,0,IRREGULAR,1,0.75,0,798.7,318.7,511.4,0.6,16,57,19,30,60,0.9990225222686424,0.17320508075688776
2026-08-31T21:03:21.626,121440875,P009,ambient_light,QUALITY,,,,462,992657,116731,127132,117428.19,128718.62,-697.19,-1586.62,-1031.06,997.81,False,False,nan,True,0.8834,78.3,96.14,True,0,IRREGULAR,1,0.75,0,798.7,318.7,511.4,0.6,16,57,19,30,60,0.9990225222686424,0.17320508075688776
2026-08-31T21:03:21.637,121440890,P009,ambient_light,QUALITY,,,,463,992697,116578,126800,117411.19,128680.25,-833.19,-1880.25,-1243.36,1002.72,False,False,nan,True,0.8834,78.3,96.14,True,0,IRREGULAR,1,0.75,0,798.7,318.7,511.4,0.6,16,57,19,30,60,0.9990225222686424,0.17320508075688776
2026-08-31T21:03:21.646,121440890,P009,ambient_light,QUALITY,,,,464,992737,116580,126749,117394.56,128641.62,-814.56,-1892.62,-1405.67,1010.78,False,False,nan,True,0.8834,78.3,96.14,True,0,IRREGULAR,1,0.75,0,798.7,318.7,511.4,0.6,16,57,19,30,60,0.9990225222686424,0.17320508075688776
2026-08-31T21:03:21.670,121440921,P009,ambient_light,QUALITY,,,,465,992777,116651,126925,117379.69,128607.29,-728.69,-1682.29,-1474.83,1020.06,False,False,nan,True,0.8834,78.3,96.14,True,0,IRREGULAR,1,0.75,0,798.7,318.7,511.4,0.6,16,57,19,30,60,0.9990225222686424,0.17320508075688776
2026-08-31T21:03:21.815,121441062,P009,ambient_light,QUALITY,,,,466,992817,116719,127098,117366.48,128577.1,-647.48,-1479.1,-1475.9,1029.17,False,False,nan,True,0.8834,78.3,96.14,True,0,IRREGULAR,1,0.75,0,798.7,318.7,511.4,0.6,16,57,19,30,60,0.9999144963445625,0.17320508075688776
2026-08-31T21:03:21.827,121441078,P009,ambient_light,QUALITY,,,,467,992857,116769,127190,117354.52,128549.36,-585.52,-1359.36,-1446.76,1037.53,False,False,nan,True,0.8834,78.3,96.14,True,0,IRREGULAR,1,0.75,0,798.7,318.7,511.4,0.6,16,57,19,30,60,0.9999144963445625,0.17320508075688776
2026-08-31T21:03:21.837,121441093,P009,ambient_light,QUALITY,,,,468,992897,116749,127195,117342.41,128522.27,-593.41,-1327.27,-1416.89,1045.11,False,False,nan,True,0.8834,78.3,96.14,True,0,IRREGULAR,1,0.75,0,798.7,318.7,511.4,0.6,16,57,19,30,60,0.9999144963445625,0.17320508075688776
2026-08-31T21:03:21.847,121441093,P009,ambient_light,QUALITY,,,,469,992937,116745,127084,117330.47,128493.51,-585.47,-1409.51,-1415.04,1052.51,False,False,nan,True,0.8834,78.3,96.14,True,0,IRREGULAR,1,0.75,0,798.7,318.7,511.4,0.6,16,57,19,30,60,0.9999144963445625,0.17320508075688776
2026-08-31T21:03:21.870,121441125,P009,ambient_light,QUALITY,,,,470,992977,116690,126986,117317.66,128463.36,-627.66,-1477.36,-1430.62,1060.07,False,False,nan,True,0.8834,78.3,96.14,True,0,IRREGULAR,1,0.75,0,798.7,318.7,511.4,0.6,16,57,19,30,60,0.9999144963445625,0.17320508075688776
2026-08-31T21:03:22.016,121441265,P009,ambient_light,QUALITY,,,,471,993017,116678,126948,117304.86,128433.05,-626.86,-1485.05,-1444.23,1067.76,False,False,nan,True,0.8834,78.3,96.14,True,0,IRREGULAR,1,0.75,0,798.7,318.7,511.4,0.6,16,57,19,30,60,0.9999144963445625,0.17320508075688776
2026-08-31T21:03:22.028,121441281,P009,ambient_light,QUALITY,,,,472,993057,116677,126974,117292.3,128403.88,-615.3,-1429.88,-1440.64,1075.21,False,False,nan,True,0.8834,78.3,96.14,True,0,IRREGULAR,1,0.75,0,798.7,318.7,511.4,0.6,16,57,19,30,60,0.9999144963445625,0.17320508075688776
2026-08-31T21:03:22.037,121441281,P009,ambient_light,QUALITY,,,,473,993097,116751,127073,117281.48,128377.26,-530.48,-1304.26,-1406.55,1081.84,False,False,nan,True,0.8834,78.3,96.14,True,0,IRREGULAR,1,0.75,0,798.7,318.7,511.4,0.6,16,57,19,30,60,0.9999144963445625,0.17320508075688776
2026-08-31T21:03:22.047,121441296,P009,ambient_light,QUALITY,,,,474,993137,116835,127242,117272.55,128354.55,-437.55,-1112.55,-1333.05,1086.87,False,False,nan,True,0.8834,78.3,96.14,True,0,IRREGULAR,1,0.75,0,798.7,318.7,511.4,0.6,16,57,19,30,60,0.9999144963445625,0.17320508075688776
2026-08-31T21:03:22.070,121441328,P009,ambient_light,QUALITY,,,,475,993177,116920,127380,117265.49,128335.06,-345.49,-955.06,-1238.55,1089.9,False,False,nan,True,0.8834,78.3,96.14,True,0,IRREGULAR,1,0.75,0,798.7,318.7,511.4,0.6,16,57,19,30,60,0.9999144963445625,0.17320508075688776
2026-08-31T21:03:22.216,121441468,P009,ambient_light,QUALITY,,,,476,993217,116928,127506,117258.74,128318.48,-330.74,-812.48,-1132.03,1090.74,False,False,nan,True,0.8834,78.3,96.14,True,0,IRREGULAR,1,0.75,0,798.7,318.7,511.4,0.6,16,57,19,30,60,0.9999144963445625,0.17320508075688776
2026-08-31T21:03:22.228,121441484,P009,ambient_light,QUALITY,,,,477,993257,116974,127592,117253.05,128303.95,-279.05,-711.95,-1027.01,1089.47,False,False,nan,True,0.8834,78.3,96.14,True,0,IRREGULAR,1,0.75,0,798.7,318.7,511.4,0.6,16,57,19,30,60,0.9999144963445625,0.17320508075688776
2026-08-31T21:03:22.237,121441484,P009,ambient_light,QUALITY,,,,478,993297,116957,127543,117247.12,128288.73,-290.12,-745.73,-956.69,1086.81,False,False,nan,True,0.8834,78.3,96.14,True,0,IRREGULAR,1,0.75,0,798.7,318.7,511.4,0.6,16,57,19,30,60,0.9999144963445625,0.17320508075688776
2026-08-31T21:03:22.246,121441500,P009,ambient_light,QUALITY,,,,479,993337,116817,127166,117238.52,128266.28,-421.52,-1100.28,-992.59,1084.93,False,False,nan,True,0.8834,78.3,96.14,True,0,IRREGULAR,1,0.75,0,798.7,318.7,511.4,0.6,16,57,19,30,60,0.9999144963445625,0.17320508075688776
2026-08-31T21:03:22.270,121441515,P009,ambient_light,QUALITY,,,,480,993377,116591,126629,117225.57,128233.54,-634.57,-1604.54,-1145.58,1086.14,False,False,nan,True,0.8834,78.3,96.14,True,0,IRREGULAR,1,0.75,0,798.7,318.7,511.4,0.6,16,57,19,30,60,0.9999144963445625,0.17320508075688776
2026-08-31T21:03:22.417,121441671,P009,ambient_light,QUALITY,,,,481,993417,116473,126306,117210.52,128194.99,-737.52,-1888.99,-1331.43,1091.05,False,False,nan,True,0.8834,78.3,96.14,True,0,IRREGULAR,1,0.75,0,798.7,318.7,511.4,0.6,16,57,19,30,60,0.9999144963445625,0.17320508075688776
2026-08-31T21:03:22.427,121441671,P009,ambient_light,QUALITY,,,,482,993457,116450,126269,117195.3,128156.47,-745.3,-1887.47,-1470.44,1098.63,False,False,nan,True,0.8834,78.3,96.14,True,0,IRREGULAR,1,0.75,0,798.7,318.7,511.4,0.6,16,57,19,30,60,0.9999144963445625,0.17320508075688776
2026-08-31T21:03:22.438,121441687,P009,ambient_light,QUALITY,,,,483,993497,116531,126385,117182.02,128121.04,-651.02,-1736.04,-1536.84,1107.4,False,False,nan,True,0.8834,78.3,96.14,True,0,IRREGULAR,1,0.75,0,798.7,318.7,511.4,0.6,16,57,19,30,60,0.9999144963445625,0.17320508075688776
2026-08-31T21:03:22.447,121441703,P009,ambient_light,QUALITY,,,,484,993537,116545,126509,117169.27,128088.8,-624.27,-1579.8,-1547.58,1116.2,False,False,nan,True,0.8834,78.3,96.14,True,0,IRREGULAR,1,0.75,0,798.7,318.7,511.4,0.6,16,57,19,30,60,0.9999144963445625,0.17320508075688776
2026-08-31T21:03:22.471,121441718,P009,ambient_light,QUALITY,,,,485,993577,116633,126605,117158.55,128059.12,-525.55,-1454.12,-1524.21,1124.36,False,False,nan,True,0.8834,78.3,96.14,True,0,IRREGULAR,1,0.75,0,798.7,318.7,511.4,0.6,16,57,19,30,60,0.9999144963445625,0.17320508075688776
2026-08-31T21:03:22.616,121441859,P009,ambient_light,QUALITY,,,,486,993617,116650,126606,117148.38,128030.05,-498.38,-1424.05,-1499.17,1131.86,False,False,nan,True,0.8834,78.3,96.14,True,0,IRREGULAR,1,0.75,0,798.7,318.7,511.4,0.6,16,57,19,30,60,0.9999144963445625,0.17320508075688776
2026-08-31T21:03:22.628,121441875,P009,ambient_light,QUALITY,,,,487,993657,116627,126568,117137.95,128000.81,-510.95,-1432.81,-1482.58,1138.87,False,False,nan,True,0.8834,78.3,96.14,True,0,IRREGULAR,1,0.75,0,798.7,318.7,511.4,0.6,16,57,19,30,60,0.9999144963445625,0.17320508075688776
2026-08-31T21:03:22.637,121441890,P009,ambient_light,QUALITY,,,,488,993697,116617,126553,117127.52,127971.86,-510.52,-1418.86,-1466.65,1145.43,False,False,nan,True,0.8834,78.3,96.14,True,0,IRREGULAR,1,0.75,0,798.7,318.7,511.4,0.6,16,57,19,30,60,0.9999144963445625,0.17320508075688776
2026-08-31T21:03:22.647,121441906,P009,ambient_light,QUALITY,,,,489,993737,116653,126636,117118.03,127945.14,-465.03,-1309.14,-1427.27,1151.07,False,False,nan,True,0.8834,78.3,96.14,True,0,IRREGULAR,1,0.75,0,798.7,318.7,511.4,0.6,16,57,19,30,60,0.9999144963445625,0.17320508075688776
2026-08-31T21:03:22.670,121441921,P009,ambient_light,QUALITY,,,,490,993777,116724,126777,117110.15,127921.78,-386.15,-1144.78,-1356.65,1155.18,False,False,nan,True,0.8834,78.3,96.14,True,0,IRREGULAR,1,0.75,0,798.7,318.7,511.4,0.6,16,57,19,30,60,0.9999144963445625,0.17320508075688776
2026-08-31T21:03:22.816,121442062,P009,ambient_light,QUALITY,,,,491,993817,116804,126942,117104.02,127902.19,-300.02,-960.19,-1257.54,1157.22,False,False,nan,True,0.8834,78.3,96.14,True,0,IRREGULAR,1,0.75,0,798.7,318.7,511.4,0.6,16,57,19,30,60,0.9999144963445625,0.17320508075688776
2026-08-31T21:03:22.826,121442078,P009,ambient_light,QUALITY,,,,492,993857,116874,127075,117099.42,127885.64,-225.42,-810.64,-1145.81,1157.0,False,False,nan,True,0.8834,78.3,96.14,True,0,IRREGULAR,1,0.75,0,798.7,318.7,511.4,0.6,16,57,19,30,60,0.9999144963445625,0.17320508075688776
2026-08-31T21:03:22.839,121442093,P009,ambient_light,QUALITY,,,,493,993897,116901,127149,117095.45,127870.91,-194.45,-721.91,-1039.84,1154.65,False,False,nan,True,0.8834,78.3,96.14,True,0,IRREGULAR,1,0.75,0,798.7,318.7,511.4,0.6,16,57,19,30,60,0.9999144963445625,0.17320508075688776
2026-08-31T21:03:22.847,121442093,P009,ambient_light,QUALITY,,,,494,993937,116935,127190,117092.24,127857.29,-157.24,-667.29,-946.7,1150.49,False,False,nan,True,0.8834,78.3,96.14,True,0,IRREGULAR,1,0.75,0,798.7,318.7,511.4,0.6,16,57,19,30,60,0.9999144963445625,0.17320508075688776
2026-08-31T21:03:22.870,121442125,P009,ambient_light,QUALITY,,,,495,993977,116941,127201,117089.22,127844.16,-148.22,-643.16,-870.82,1144.9,False,False,nan,True,0.8834,78.3,96.14,True,0,IRREGULAR,1,0.75,0,798.7,318.7,511.4,0.6,16,57,19,30,60,0.9999144963445625,0.17320508075688776
2026-08-31T21:03:23.017,121442265,P009,ambient_light,QUALITY,,,,496,994017,116870,127009,117084.84,127827.46,-214.84,-818.46,-857.73,1139.16,False,False,nan,True,0.8834,78.3,96.14,True,0,IRREGULAR,1,0.75,0,798.7,318.7,511.4,0.6,16,57,19,30,60,0.9994678584126655,0.17320508075688776
2026-08-31T21:03:23.027,121442281,P009,ambient_light,QUALITY,,,,497,994057,116691,126503,117076.96,127800.97,-385.96,-1297.97,-967.79,1135.73,False,False,nan,True,0.8834,78.3,96.14,True,0,IRREGULAR,1,0.75,0,798.7,318.7,511.4,0.6,16,57,19,30,60,0.9994678584126655,0.17320508075688776
2026-08-31T21:03:23.039,121442296,P009,ambient_light,QUALITY,,,,498,994097,116500,126085,117065.42,127766.65,-565.42,-1681.65,-1146.25,1135.94,False,False,nan,True,0.8834,78.3,96.14,True,0,IRREGULAR,1,0.75,0,798.7,318.7,511.4,0.6,16,57,19,30,60,0.9994678584126655,0.17320508075688776
2026-08-31T21:03:23.047,121442296,P009,ambient_light,QUALITY,,,,499,994137,116441,125949,117052.93,127730.3,-611.93,-1781.3,-1305.01,1139.32,False,False,nan,True,0.8834,78.3,96.14,True,0,IRREGULAR,1,0.75,0,798.7,318.7,511.4,0.6,16,57,19,30,60,0.9994678584126655,0.17320508075688776
2026-08-31T21:03:23.071,121442328,P009,ambient_light,QUALITY,,,,500,994177,116475,126014,117041.38,127695.97,-566.38,-1681.97,-1399.25,1144.52,False,False,nan,True,0.8834,78.3,96.14,True,0,IRREGULAR,1,0.75,0,798.7,318.7,511.4,0.6,16,57,19,30,60,0.9994678584126655,0.17320508075688776
2026-08-31T21:03:23.216,121442468,P009,ambient_light,QUALITY,,,,501,994217,116526,126122,117031.07,127664.49,-505.07,-1542.49,-1435.06,1150.33,False,False,nan,True,0.8834,78.3,96.14,True,0,IRREGULAR,1,0.75,0,798.7,318.7,511.4,0.6,16,57,19,30,60,0.9998489885977783,0.17320508075688776
2026-08-31T21:03:23.228,121442484,P009,ambient_light,QUALITY,,,,502,994257,116576,126230,117021.97,127635.8,-445.97,-1405.8,-1427.75,1155.88,False,False,nan,True,0.8834,78.3,96.14,True,0,IRREGULAR,1,0.75,0,798.7,318.7,511.4,0.6,16,57,19,30,60,0.9998489885977783,0.17320508075688776
2026-08-31T21:03:23.238,121442484,P009,ambient_light,QUALITY,,,,503,994297,116599,126245,117013.51,127607.99,-414.51,-1362.99,-1411.56,1160.99,False,False,nan,True,0.8834,78.3,96.14,True,0,IRREGULAR,1,0.75,0,798.7,318.7,511.4,0.6,16,57,19,30,60,0.9998489885977783,0.17320508075688776
2026-08-31T21:03:23.247,121442500,P009,ambient_light,QUALITY,,,,504,994337,116580,126192,117004.84,127579.67,-424.84,-1387.67,-1405.59,1165.88,False,False,nan,True,0.8834,78.3,96.14,True,0,IRREGULAR,1,0.75,0,798.7,318.7,511.4,0.6,16,57,19,30,60,0.9998489885977783,0.17320508075688776
2026-08-31T21:03:23.270,121442515,P009,ambient_light,QUALITY,,,,505,994377,116556,126127,116995.86,127550.62,-439.86,-1423.62,-1410.09,1170.77,False,False,nan,True,0.8834,78.3,96.14,True,0,IRREGULAR,1,0.75,0,798.7,318.7,511.4,0.6,16,57,19,30,60,0.9998489885977783,0.17320508075688776
2026-08-31T21:03:23.417,121442671,P009,ambient_light,QUALITY,,,,506,994417,116560,126112,116987.14,127521.84,-427.14,-1409.84,-1410.03,1175.55,False,False,nan,True,0.8834,78.3,96.14,True,0,IRREGULAR,1,0.75,0,798.7,318.7,511.4,0.6,16,57,19,30,60,0.9999144963445625,0.17320508075688776
2026-08-31T21:03:23.427,121442671,P009,ambient_light,QUALITY,,,,507,994457,116593,126196,116979.26,127495.33,-386.26,-1299.33,-1382.36,1179.69,False,False,nan,True,0.8834,78.3,96.14,True,0,IRREGULAR,1,0.75,0,798.7,318.7,511.4,0.6,16,57,19,30,60,0.9999144963445625,0.17320508075688776
2026-08-31T21:03:23.439,121442687,P009,ambient_light,QUALITY,,,,508,994497,116663,126342,116972.93,127472.26,-309.93,-1130.26,-1319.33,1182.48,False,False,nan,True,0.8834,78.3,96.14,True,0,IRREGULAR,1,0.75,0,798.7,318.7,511.4,0.6,16,57,19,30,60,0.9999144963445625,0.17320508075688776
2026-08-31T21:03:23.447,121442703,P009,ambient_light,QUALITY,,,,509,994537,116736,126499,116968.19,127452.79,-232.19,-953.79,-1227.95,1183.39,False,False,nan,True,0.8834,78.3,96.14,True,0,IRREGULAR,1,0.75,0,798.7,318.7,511.4,0.6,16,57,19,30,60,0.9999144963445625,0.17320508075688776
2026-08-31T21:03:23.470,121442718,P009,ambient_light,QUALITY,,,,510,994577,116808,126649,116964.98,127436.71,-156.98,-787.71,-1117.89,1182.08,False,False,nan,True,0.8834,78.3,96.14,True,0,IRREGULAR,1,0.75,0,798.7,318.7,511.4,0.6,16,57,19,30,60,0.9999144963445625,0.17320508075688776
2026-08-31T21:03:23.615,121442875,P009,ambient_light,QUALITY,,,,511,994617,116876,126806,116963.2,127424.09,-87.2,-618.09,-992.94,1178.3,False,False,nan,True,0.8834,78.3,nan,False,0,IRREGULAR,1,0.75,0,798.7,318.7,511.4,0.6,16,57,19,30,60,0.9999144963445625,0.17320508075688776
2026-08-31T21:03:23.627,121442875,P009,ambient_light,QUALITY,,,,512,994657,116977,126991,116963.48,127415.43,13.52,-424.43,-850.81,1171.75,False,False,nan,True,0.8834,78.3,nan,False,0,IRREGULAR,1,0.75,0,798.7,318.7,511.4,0.6,16,57,19,30,60,0.9999144963445625,0.17320508075688776
2026-08-31T21:03:23.635,121442890,P009,ambient_light,QUALITY,,,,513,994697,117076,127184,116965.73,127410.8,110.27,-226.8,-694.81,1162.21,False,False,nan,True,0.8834,78.3,nan,False,0,IRREGULAR,1,0.75,0,798.7,318.7,511.4,0.6,16,57,19,30,60,0.9999144963445625,0.17320508075688776
2026-08-31T21:03:23.646,121442890,P009,ambient_light,QUALITY,,,,514,994737,117078,127105,116967.97,127404.69,110.03,-299.69,-596.03,1150.89,False,False,nan,True,0.8834,78.3,nan,False,0,IRREGULAR,1,0.75,0,798.7,318.7,511.4,0.6,16,57,19,30,60,0.9999144963445625,0.17320508075688776
2026-08-31T21:03:23.671,121442921,P009,ambient_light,QUALITY,,,,515,994777,116946,126741,116967.53,127391.41,-21.53,-650.41,-609.63,1140.06,False,False,nan,True,0.8834,78.3,nan,False,0,IRREGULAR,1,0.75,0,798.7,318.7,511.4,0.6,16,57,19,30,60,0.9999144963445625,0.17320508075688776
2026-08-31T21:03:23.816,121443062,P009,ambient_light,QUALITY,,,,516,994817,116838,126451,116964.94,127372.61,-126.94,-921.61,-687.62,1131.01,False,False,nan,True,0.8834,78.3,nan,False,0,COLLECTING,0,,0,,,,,12,57,19,30,60,0.9999144963445625,0.17320508075688776
2026-08-31T21:03:23.828,121443078,P009,ambient_light,QUALITY,,,,517,994857,116846,126460,116962.56,127354.36,-116.56,-894.36,-739.31,1123.18,False,False,nan,True,0.8834,78.3,nan,False,0,COLLECTING,0,,0,,,,,12,57,19,30,60,0.9999144963445625,0.17320508075688776
2026-08-31T21:03:23.837,121443093,P009,ambient_light,QUALITY,,,,518,994897,116908,126583,116961.47,127338.93,-53.47,-755.93,-743.46,1115.58,False,False,nan,True,0.8834,78.3,nan,False,0,COLLECTING,0,,0,,,,,12,57,19,30,60,0.9999144963445625,0.17320508075688776
2026-08-31T21:03:23.846,121443093,P009,ambient_light,QUALITY,,,,519,994937,116962,126709,116961.48,127326.33,0.52,-617.33,-711.93,1107.51,False,False,nan,True,0.8834,78.3,nan,False,0,COLLECTING,0,,0,,,,,12,57,19,30,60,0.9999144963445625,0.17320508075688776
2026-08-31T21:03:23.870,121443125,P009,ambient_light,QUALITY,,,,520,994977,117024,126808,116962.73,127315.96,61.27,-507.96,-660.94,1098.58,False,False,nan,True,0.8834,78.3,nan,False,0,COLLECTING,0,,0,,,,,12,57,19,30,60,0.9999144963445625,0.17320508075688776
2026-08-31T21:03:24.016,121443265,P009,ambient_light,QUALITY,,,,521,995017,117055,126868,116964.57,127307.0,90.43,-439.0,-605.45,1088.72,False,False,nan,True,0.8834,78.3,nan,False,0,COLLECTING,0,,0,,,,,12,57,19,30,60,0.9999144963445625,0.17320508075688776
2026-08-31T21:03:24.026,121443281,P009,ambient_light,QUALITY,,,,522,995057,117084,126913,116966.96,127299.12,117.04,-386.12,-550.62,1077.96,False,False,nan,True,0.8834,78.3,nan,False,0,COLLECTING,0,,0,,,,,12,57,19,30,60,0.9999144963445625,0.17320508075688776
2026-08-31T21:03:24.036,121443281,P009,ambient_light,QUALITY,,,,523,995097,117106,126977,116969.74,127292.67,136.26,-315.67,-491.88,1066.23,False,False,nan,True,0.8834,78.3,nan,False,0,COLLECTING,0,,0,,,,,12,57,19,30,60,0.9999144963445625,0.17320508075688776
2026-08-31T21:03:24.046,121443296,P009,ambient_light,QUALITY,,,,524,995137,117152,127060,116973.39,127288.02,178.61,-228.02,-425.92,1053.43,False,False,nan,True,0.8834,78.3,nan,False,0,COLLECTING,0,,0,,,,,12,57,19,30,60,0.9999144963445625,0.17320508075688776
2026-08-31T21:03:24.070,121443328,P009,ambient_light,QUALITY,,,,525,995177,117185,127149,116977.62,127285.23,207.38,-136.23,-353.5,1039.43,False,False,nan,True,0.8834,78.3,nan,False,0,COLLECTING,0,,0,,,,,12,57,19,30,60,0.9999144963445625,0.17320508075688776
2026-08-31T21:03:24.215,121443468,P009,ambient_light,QUALITY,,,,526,995217,117211,127229,116982.29,127284.11,228.71,-55.11,-278.9,1024.22,False,False,nan,True,0.8834,78.3,nan,False,0,COLLECTING,0,,0,,,,,12,57,19,30,60,0.9994678584126655,0.17320508075688776
2026-08-31T21:03:24.227,121443484,P009,ambient_light,QUALITY,,,,527,995257,117264,127348,116987.92,127285.39,276.08,62.61,-193.52,1007.6,False,False,nan,True,0.8834,78.3,nan,False,0,COLLECTING,0,,0,,,,,12,57,19,30,60,0.9994678584126655,0.17320508075688776
2026-08-31T21:03:24.236,121443484,P009,ambient_light,QUALITY,,,,528,995297,117323,127486,116994.62,127289.41,328.38,196.59,-95.99,989.37,False,False,nan,True,0.8834,78.3,nan,False,0,COLLECTING,0,,0,,,,,12,57,19,30,60,0.9994678584126655,0.17320508075688776
2026-08-31T21:03:24.244,121443500,P009,ambient_light,QUALITY,,,,529,995337,117405,127640,117002.84,127296.42,402.16,343.58,13.9,969.86,False,False,nan,True,0.8834,78.3,nan,False,0,COLLECTING,0,,0,,,,,12,57,19,30,60,0.9994678584126655,0.17320508075688776
2026-08-31T21:03:24.269,121443515,P009,ambient_light,QUALITY,,,,530,995377,117489,127808,117012.56,127306.66,476.44,501.34,135.76,953.18,False,False,nan,True,0.8834,78.3,nan,False,0,COLLECTING,0,,0,,,,,12,57,19,30,60,0.9994678584126655,0.17320508075688776
2026-08-31T21:03:24.418,121443671,P009,ambient_light,QUALITY,,,,531,995417,117575,127995,117023.81,127320.42,551.19,674.58,270.47,939.53,False,False,nan,True,0.8834,78.3,nan,False,0,COLLECTING,0,,0,,,,,12,57,19,30,60,0.9999144963445625,0.17320508075688776
2026-08-31T21:03:24.427,121443671,P009,ambient_light,QUALITY,,,,532,995457,117553,127941,117034.4,127332.84,518.6,608.16,354.89,927.83,False,False,nan,True,0.8834,78.3,nan,False,0,COLLECTING,0,,0,,,,,12,57,19,30,60,0.9999144963445625,0.17320508075688776
2026-08-31T21:03:24.436,121443687,P009,ambient_light,QUALITY,,,,533,995497,117434,127614,117042.39,127338.46,391.61,275.54,335.05,915.98,True,False,nan,True,0.8834,78.3,nan,False,0,COLLECTING,0,,0,,,,,12,57,19,30,60,0.9999144963445625,0.17320508075688776
2026-08-31T21:03:24.445,121443703,P009,ambient_light,QUALITY,,,,534,995537,117281,127218,117047.16,127336.05,233.84,-118.05,221.78,902.09,False,False,nan,True,0.8834,78.3,nan,False,0,COLLECTING,0,,0,,,,,12,57,19,30,60,0.9999144963445625,0.17320508075688776
2026-08-31T21:03:24.469,121443718,P009,ambient_light,QUALITY,,,,535,995577,117187,127001,117049.96,127329.35,137.04,-328.35,84.24,885.74,False,False,nan,True,0.8834,78.3,nan,False,0,COLLECTING,0,,0,,,,,12,57,19,30,60,0.9999144963445625,0.17320508075688776
2026-08-31T21:03:24.615,121443859,P009,ambient_light,QUALITY,,,,536,995617,117175,127001,117052.46,127322.78,122.54,-321.78,-17.26,868.37,False,False,nan,True,0.8834,78.3,nan,False,0,COLLECTING,0,,0,,,,,12,57,19,30,60,0.9999144963445625,0.17320508075688776
2026-08-31T21:03:24.626,121443875,P009,ambient_light,QUALITY,,,,537,995657,117216,127097,117055.73,127318.27,160.27,-221.27,-68.26,852.37,False,False,nan,True,0.8834,78.3,nan,False,0,COLLECTING,0,,0,,,,,12,57,19,30,60,0.9999144963445625,0.17320508075688776
2026-08-31T21:03:24.634,121443890,P009,ambient_light,QUALITY,,,,538,995697,117251,127187,117059.64,127315.64,191.36,-128.64,-83.36,836.99,False,False,nan,True,0.8834,78.3,nan,False,0,COLLECTING,0,,0,,,,,12,57,19,30,60,0.9999144963445625,0.17320508075688776
2026-08-31T21:03:24.645,121443890,P009,ambient_light,QUALITY,,,,539,995737,117257,127205,117063.59,127313.43,193.41,-108.43,-89.63,822.04,False,False,nan,True,0.8834,78.3,nan,False,0,COLLECTING,0,,0,,,,,12,57,19,30,60,0.9999144963445625,0.17320508075688776
2026-08-31T21:03:24.669,121443921,P009,ambient_light,QUALITY,,,,540,995777,117224,127101,117066.8,127309.18,157.2,-208.18,-119.26,807.98,False,False,nan,True,0.8834,78.3,nan,False,0,COLLECTING,0,,0,,,,,12,57,19,30,60,0.9999144963445625,0.17320508075688776
2026-08-31T21:03:24.815,121444062,P009,ambient_light,QUALITY,,,,541,995817,117209,127050,117069.64,127304.0,139.36,-254.0,-152.95,794.88,False,False,nan,True,0.8834,78.3,nan,False,0,COLLECTING,0,,0,,,,,12,57,19,30,60,0.9999144963445625,0.17320508075688776
2026-08-31T21:03:24.830,121444078,P009,ambient_light,QUALITY,,,,542,995857,117245,127109,117073.15,127300.1,171.85,-191.1,-162.49,782.23,False,False,nan,True,0.8834,78.3,nan,False,0,COLLECTING,0,,0,,,,,12,57,19,30,60,0.9999144963445625,0.17320508075688776
2026-08-31T21:03:24.839,121444093,P009,ambient_light,QUALITY,,,,543,995897,117270,127199,117077.09,127298.08,192.91,-99.08,-146.63,769.52,False,False,nan,True,0.8834,78.3,nan,False,0,COLLECTING,0,,0,,,,,12,57,19,30,60,0.9999144963445625,0.17320508075688776
2026-08-31T21:03:24.847,121444093,P009,ambient_light,QUALITY,,,,544,995937,117319,127301,117081.92,127298.13,237.08,2.87,-109.26,756.32,False,False,nan,True,0.8834,78.3,nan,False,0,COLLECTING,0,,0,,,,,12,57,19,30,60,0.9999144963445625,0.17320508075688776
2026-08-31T21:03:24.868,121444125,P009,ambient_light,QUALITY,,,,545,995977,117350,127397,117087.28,127300.11,262.72,96.89,-57.72,742.34,False,False,nan,True,0.8834,78.3,nan,False,0,COLLECTING,0,,0,,,,,12,57,19,30,60,0.9999144963445625,0.17320508075688776
2026-08-31T21:03:25.015,121444265,P009,ambient_light,QUALITY,,,,546,996017,117385,127473,117093.23,127303.57,291.77,169.43,-0.93,727.52,False,False,nan,True,0.8834,78.3,nan,False,0,COLLECTING,0,,0,,,,,11,57,19,30,60,0.9999144963445625,0.17320508075688776
2026-08-31T21:03:25.026,121444281,P009,ambient_light,QUALITY,,,,547,996057,117409,127569,117099.55,127308.88,309.45,260.12,64.33,714.25,False,False,nan,True,0.8834,78.3,nan,False,0,COLLECTING,0,,0,,,,,11,57,19,30,60,0.9999144963445625,0.17320508075688776
2026-08-31T21:03:25.034,121444281,P009,ambient_light,QUALITY,,,,548,996097,117452,127665,117106.59,127316.0,345.41,349.0,135.5,702.68,False,False,nan,True,0.8834,78.3,nan,False,0,COLLECTING,0,,0,,,,,11,57,19,30,60,0.9999144963445625,0.17320508075688776
2026-08-31T21:03:25.044,121444296,P009,ambient_light,QUALITY,,,,549,996137,117465,127715,117113.77,127323.98,351.23,391.02,199.38,692.61,False,False,nan,True,0.8834,78.3,nan,False,0,COLLECTING,0,,0,,,,,11,57,19,30,60,0.9999144963445625,0.17320508075688776
2026-08-31T21:03:25.070,121444328,P009,ambient_light,QUALITY,,,,550,996177,117459,127702,117120.67,127331.54,338.33,370.46,242.15,683.6,False,False,nan,True,0.8834,78.3,nan,False,0,COLLECTING,0,,0,,,,,11,57,19,30,60,0.9999144963445625,0.17320508075688776
2026-08-31T21:03:25.215,121444468,P009,ambient_light,QUALITY,,,,551,996217,117380,127502,117125.86,127334.95,254.14,167.05,223.38,674.4,True,True,720.0,True,0.8878,77.8,nan,False,0,COLLECTING,0,,0,,,,,10,57,19,30,60,0.9999144963445625,0.17320508075688776
2026-08-31T21:03:25.230,121444484,P009,ambient_light,QUALITY,,,,552,996257,117184,127004,117127.02,127328.33,56.98,-324.33,86.45,662.64,False,False,nan,True,0.8878,77.8,nan,False,0,COLLECTING,0,,0,,,,,10,57,19,30,60,0.9999144963445625,0.17320508075688776
2026-08-31T21:03:25.238,121444484,P009,ambient_light,QUALITY,,,,553,996297,116987,126552,117124.23,127312.8,-137.23,-760.8,-125.36,651.89,False,False,nan,True,0.8878,77.8,nan,False,0,COLLECTING,0,,0,,,,,10,57,19,30,60,0.9999144963445625,0.17320508075688776
2026-08-31T21:03:25.247,121444500,P009,ambient_light,QUALITY,,,,554,996337,116900,126339,117119.74,127293.33,-219.74,-954.33,-332.6,645.51,False,False,nan,True,0.8878,77.8,nan,False,0,COLLECTING,0,,0,,,,,10,57,19,30,60,0.9999144963445625,0.17320508075688776
2026-08-31T21:03:25.270,121444515,P009,ambient_light,QUALITY,,,,555,996377,116885,126325,117115.05,127273.96,-230.05,-948.96,-486.69,642.33,False,False,nan,True,0.8878,77.8,nan,False,0,COLLECTING,0,,0,,,,,10,57,19,30,60,0.9999144963445625,0.17320508075688776
2026-08-31T21:03:25.416,121444671,P009,ambient_light,QUALITY,,,,556,996417,116900,126377,117110.74,127256.02,-210.74,-879.02,-584.78,641.18,False,False,nan,True,0.8878,77.8,nan,False,0,COLLECTING,0,,0,,,,,11,57,19,30,60,0.9999144963445625,0.17320508075688776
2026-08-31T21:03:25.427,121444671,P009,ambient_light,QUALITY,,,,557,996457,116927,126461,117107.07,127240.12,-180.07,-779.12,-633.36,641.02,False,False,nan,True,0.8878,77.8,nan,False,0,COLLECTING,0,,0,,,,,11,57,19,30,60,0.9999144963445625,0.17320508075688776
2026-08-31T21:03:25.435,121444687,P009,ambient_light,QUALITY,,,,558,996497,116962,126516,117104.17,127225.64,-142.17,-709.64,-652.43,641.25,False,False,nan,True,0.8878,77.8,nan,False,0,COLLECTING,0,,0,,,,,11,57,19,30,60,0.9999144963445625,0.17320508075688776
2026-08-31T21:03:25.445,121444703,P009,ambient_light,QUALITY,,,,559,996537,116958,126481,117101.25,127210.75,-143.25,-729.75,-671.76,641.86,False,False,nan,True,0.8878,77.8,nan,False,0,COLLECTING,0,,0,,,,,11,57,19,30,60,0.9999144963445625,0.17320508075688776
2026-08-31T21:03:25.470,121444718,P009,ambient_light,QUALITY,,,,560,996577,116913,126412,117097.48,127194.77,-184.48,-782.77,-699.51,643.02,False,False,nan,True,0.8878,77.8,nan,False,0,COLLECTING,0,,0,,,,,11,57,19,30,60,0.9999144963445625,0.17320508075688776
2026-08-31T21:03:25.617,121444875,P009,ambient_light,QUALITY,,,,561,996617,116913,126420,117093.8,127179.28,-180.8,-759.28,-714.46,644.44,False,False,nan,True,0.8878,77.8,nan,False,0,COLLECTING,0,,0,,,,,11,57,19,30,60,0.9999144963445625,0.17320508075688776
2026-08-31T21:03:25.627,121444875,P009,ambient_light,QUALITY,,,,562,996657,116955,126519,117091.02,127166.08,-136.02,-647.08,-697.61,645.51,False,False,nan,True,0.8878,77.8,nan,False,0,COLLECTING,0,,0,,,,,11,57,19,30,60,0.9999144963445625,0.17320508075688776
2026-08-31T21:03:25.636,121444890,P009,ambient_light,QUALITY,,,,563,996697,117014,126655,117089.48,127155.86,-75.48,-500.86,-648.42,645.57,False,False,nan,True,0.8878,77.8,nan,False,0,COLLECTING,0,,0,,,,,11,57,19,30,60,0.9999144963445625,0.17320508075688776
2026-08-31T21:03:25.646,121444890,P009,ambient_light,QUALITY,,,,564,996737,117085,126820,117089.4,127149.14,-4.4,-329.14,-568.6,644.03,False,False,nan,True,0.8878,77.8,nan,False,0,COLLECTING,0,,0,,,,,11,57,19,30,60,0.9999144963445625,0.17320508075688776
2026-08-31T21:03:25.669,121444921,P009,ambient_light,QUALITY,,,,565,996777,117149,126955,117090.59,127145.26,58.41,-190.26,-474.02,640.63,False,False,nan,True,0.8878,77.8,nan,False,0,COLLECTING,0,,0,,,,,11,57,19,30,60,0.9999144963445625,0.17320508075688776
2026-08-31T21:03:25.817,121445062,P009,ambient_light,QUALITY,,,,566,996817,117202,127061,117092.82,127143.57,109.18,-82.57,-376.16,635.34,False,False,nan,True,0.8878,77.8,nan,False,0,COLLECTING,0,,0,,,,,11,57,19,30,60,0.9999144963445625,0.17320508075688776
2026-08-31T21:03:25.827,121445078,P009,ambient_light,QUALITY,,,,567,996857,117268,127204,117096.32,127144.78,171.68,59.22,-267.31,627.98,False,False,nan,True,0.8878,77.8,nan,False,0,COLLECTING,0,,0,,,,,11,57,19,30,60,0.9999144963445625,0.17320508075688776
2026-08-31T21:03:25.837,121445093,P009,ambient_light,QUALITY,,,,568,996897,117323,127325,117100.85,127148.38,222.15,176.62,-156.33,618.54,False,False,nan,True,0.8878,77.8,nan,False,0,COLLECTING,0,,0,,,,,11,57,19,30,60,0.9999144963445625,0.17320508075688776
2026-08-31T21:03:25.845,121445093,P009,ambient_light,QUALITY,,,,569,996937,117361,127402,117106.05,127153.45,254.95,248.55,-55.11,607.27,False,False,nan,True,0.8878,77.8,nan,False,0,COLLECTING,0,,0,,,,,11,57,19,30,60,0.9999144963445625,0.17320508075688776
2026-08-31T21:03:25.869,121445125,P009,ambient_light,QUALITY,,,,570,996977,117289,127210,117109.71,127154.59,179.29,55.41,-27.48,595.68,False,False,nan,True,0.8878,77.8,nan,False,0,COLLECTING,0,,0,,,,,11,57,19,30,60,0.9999144963445625,0.17320508075688776
2026-08-31T21:03:26.016,121445265,P009,ambient_light,QUALITY,,,,571,997017,117107,126746,117109.66,127146.41,-2.66,-400.41,-120.71,586.18,False,False,nan,True,0.8878,77.8,nan,False,0,COLLECTING,0,,0,,,,,11,57,19,30,60,0.9999144963445625,0.17320508075688776
2026-08-31T21:03:26.027,121445281,P009,ambient_light,QUALITY,,,,572,997057,116974,126419,117106.95,127131.87,-132.95,-712.87,-268.75,579.83,False,False,nan,True,0.8878,77.8,nan,False,0,COLLECTING,0,,0,,,,,11,57,19,30,60,0.9999144963445625,0.17320508075688776
2026-08-31T21:03:26.036,121445281,P009,ambient_light,QUALITY,,,,573,997097,116964,126408,117104.09,127117.39,-140.09,-709.39,-378.91,575.81,False,False,nan,True,0.8878,77.8,nan,False,0,COLLECTING,0,,0,,,,,11,57,19,30,60,0.9999144963445625,0.17320508075688776
2026-08-31T21:03:26.044,121445296,P009,ambient_light,QUALITY,,,,574,997137,117018,126521,117102.37,127105.46,-84.37,-584.46,-430.3,572.9,False,False,nan,True,0.8878,77.8,nan,False,0,COLLECTING,0,,0,,,,,11,57,19,30,60,0.9999144963445625,0.17320508075688776
2026-08-31T21:03:26.069,121445328,P009,ambient_light,QUALITY,,,,575,997177,117082,126661,117101.96,127096.57,-19.96,-435.57,-431.62,570.08,False,False,nan,True,0.8878,77.8,nan,False,0,COLLECTING,0,,0,,,,,11,57,19,30,60,0.9999144963445625,0.17320508075688776
2026-08-31T21:03:26.216,121445468,P009,ambient_light,QUALITY,,,,576,997217,117114,126734,117102.2,127089.32,11.8,-355.32,-412.54,566.93,False,False,nan,True,0.8878,77.8,nan,False,0,COLLECTING,0,,0,,,,,11,57,19,30,60,0.9994678584126655,0.17320508075688776
2026-08-31T21:03:26.227,121445484,P009,ambient_light,QUALITY,,,,577,997257,117118,126705,117102.52,127081.63,15.48,-376.63,-403.57,563.66,False,False,nan,True,0.8878,77.8,nan,False,0,COLLECTING,0,,0,,,,,11,57,19,30,60,0.9994678584126655,0.17320508075688776
2026-08-31T21:03:26.235,121445484,P009,ambient_light,QUALITY,,,,578,997297,117064,126601,117101.74,127072.02,-37.74,-471.02,-420.43,560.79,False,False,nan,True,0.8878,77.8,nan,False,0,COLLECTING,0,,0,,,,,11,57,19,30,60,0.9994678584126655,0.17320508075688776
2026-08-31T21:03:26.245,121445500,P009,ambient_light,QUALITY,,,,579,997337,117070,126579,117101.11,127062.16,-31.11,-483.16,-436.11,558.3,False,False,nan,True,0.8878,77.8,nan,False,0,COLLECTING,0,,0,,,,,11,57,19,30,60,0.9994678584126655,0.17320508075688776
2026-08-31T21:03:26.271,121445515,P009,ambient_light,QUALITY,,,,580,997377,117118,126713,117101.45,127055.18,16.55,-342.18,-412.63,555.39,False,False,nan,True,0.8878,77.8,nan,False,0,COLLECTING,0,,0,,,,,11,57,19,30,60,0.9994678584126655,0.17320508075688776
2026-08-31T21:03:26.416,121445671,P009,ambient_light,QUALITY,,,,581,997417,117197,126921,117103.36,127052.5,93.64,-131.5,-342.35,551.13,False,False,nan,True,0.8878,77.8,nan,False,0,COLLECTING,0,,0,,,,,11,57,19,30,60,0.9994678584126655,0.17320508075688776
2026-08-31T21:03:26.428,121445671,P009,ambient_light,QUALITY,,,,582,997457,117284,127095,117106.97,127053.35,177.03,41.65,-246.35,545.03,False,False,nan,True,0.8878,77.8,nan,False,0,COLLECTING,0,,0,,,,,11,57,19,30,60,0.9994678584126655,0.17320508075688776
2026-08-31T21:03:26.436,121445687,P009,ambient_light,QUALITY,,,,583,997497,117326,127212,117111.35,127056.52,214.65,155.48,-145.89,537.05,False,False,nan,True,0.8878,77.8,nan,False,0,COLLECTING,0,,0,,,,,11,57,19,30,60,0.9994678584126655,0.17320508075688776
2026-08-31T21:03:26.444,121445703,P009,ambient_light,QUALITY,,,,584,997537,117354,127251,117116.2,127060.41,237.8,190.59,-61.77,527.54,False,False,nan,True,0.8878,77.8,nan,False,0,COLLECTING,0,,0,,,,,11,57,19,30,60,0.9994678584126655,0.17320508075688776
2026-08-31T21:03:26.469,121445718,P009,ambient_light,QUALITY,,,,585,997577,117343,127264,117120.74,127064.48,222.26,199.52,3.55,517.06,False,False,nan,True,0.8878,77.8,nan,False,0,COLLECTING,0,,0,,,,,11,57,19,30,60,0.9994678584126655,0.17320508075688776
2026-08-31T21:03:26.615,121445859,P009,ambient_light,QUALITY,,,,586,997617,117312,127224,117124.57,127067.67,187.43,156.33,41.74,507.56,False,False,nan,True,0.8878,77.8,nan,False,0,COLLECTING,0,,0,,,,,11,57,19,30,60,0.9998489885977783,0.17320508075688776
2026-08-31T21:03:26.626,121445875,P009,ambient_light,QUALITY,,,,587,997657,117250,127095,117127.08,127068.22,122.92,26.78,38.0,498.17,False,False,nan,True,0.8878,77.8,nan,False,0,COLLECTING,0,,0,,,,,11,57,19,30,60,0.9998489885977783,0.17320508075688776
2026-08-31T21:03:26.635,121445890,P009,ambient_light,QUALITY,,,,588,997697,117107,126777,117126.68,127062.39,-19.68,-285.39,-42.85,489.06,False,False,nan,True,0.8878,77.8,nan,False,0,COLLECTING,0,,0,,,,,11,57,19,30,60,0.9998489885977783,0.17320508075688776
2026-08-31T21:03:26.645,121445890,P009,ambient_light,QUALITY,,,,589,997737,116805,126061,117120.25,127042.36,-315.25,-981.36,-277.47,484.83,False,False,nan,True,0.8878,77.8,nan,False,0,COLLECTING,0,,0,,,,,11,57,19,30,60,0.9998489885977783,0.17320508075688776
2026-08-31T21:03:26.670,121445921,P009,ambient_light,QUALITY,,,,590,997777,116491,125334,117107.66,127008.2,-616.66,-1674.2,-626.65,487.66,False,False,nan,True,0.8878,77.8,nan,False,0,COLLECTING,0,,0,,,,,11,57,19,30,60,0.9998489885977783,0.17320508075688776
2026-08-31T21:03:26.815,121446062,P009,ambient_light,QUALITY,,,,591,997817,116353,124981,117092.57,126967.65,-739.57,-1986.65,-966.65,497.24,False,False,nan,True,0.8878,77.8,nan,False,0,COLLECTING,0,,0,,,,,10,57,19,30,60,0.9999144963445625,0.17320508075688776
2026-08-31T21:03:26.827,121446078,P009,ambient_light,QUALITY,,,,592,997857,116349,125005,117077.7,126928.4,-728.7,-1923.4,-1205.84,511.42,False,False,nan,True,0.8878,77.8,nan,False,0,COLLECTING,0,,0,,,,,10,57,19,30,60,0.9999144963445625,0.17320508075688776
2026-08-31T21:03:26.838,121446093,P009,ambient_light,QUALITY,,,,593,997897,116432,125196,117064.78,126893.75,-632.78,-1697.75,-1328.82,527.76,False,False,nan,True,0.8878,77.8,nan,False,0,COLLECTING,0,,0,,,,,10,57,19,30,60,0.9999144963445625,0.17320508075688776
2026-08-31T21:03:26.846,121446093,P009,ambient_light,QUALITY,,,,594,997937,116550,125480,117054.48,126865.48,-504.48,-1385.48,-1342.98,544.07,False,False,nan,True,0.8878,77.8,nan,False,0,COLLECTING,0,,0,,,,,10,57,19,30,60,0.9999144963445625,0.17320508075688776
2026-08-31T21:03:26.870,121446125,P009,ambient_light,QUALITY,,,,595,997977,116582,125571,117045.03,126839.59,-463.03,-1268.59,-1324.38,559.67,False,False,nan,True,0.8878,77.8,nan,False,0,COLLECTING,0,,0,,,,,10,57,19,30,60,0.9999144963445625,0.17320508075688776
2026-08-31T21:03:27.015,121446265,P009,ambient_light,QUALITY,,,,596,998027,116575,125510,117035.63,126812.99,-460.63,-1302.99,-1319.04,574.86,False,False,nan,True,0.8878,77.8,nan,False,0,COLLECTING,0,,0,,,,,10,57,19,30,60,0.9999144963445625,0.17320508075688776
2026-08-31T21:03:27.026,121446281,P009,ambient_light,QUALITY,,,,597,998067,116596,125523,117026.84,126787.2,-430.84,-1264.2,-1305.33,589.47,False,False,nan,True,0.8878,77.8,nan,False,0,COLLECTING,0,,0,,,,,10,57,19,30,60,0.9999144963445625,0.17320508075688776
2026-08-31T21:03:27.037,121446281,P009,ambient_light,QUALITY,,,,598,998107,116653,125646,117019.37,126764.38,-366.37,-1118.38,-1258.59,602.85,False,False,nan,True,0.8878,77.8,nan,False,0,COLLECTING,0,,0,,,,,10,57,19,30,60,0.9999144963445625,0.17320508075688776
2026-08-31T21:03:27.047,121446296,P009,ambient_light,QUALITY,,,,599,998147,116685,125725,117012.68,126743.59,-327.68,-1018.59,-1198.59,614.77,False,False,nan,True,0.8878,77.8,nan,False,0,COLLECTING,0,,0,,,,,10,57,19,30,60,0.9999144963445625,0.17320508075688776
2026-08-31T21:03:27.082,121446328,P009,ambient_light,QUALITY,,,,600,998187,116657,125660,117005.56,126721.91,-348.56,-1061.91,-1164.42,625.76,False,False,nan,True,0.8878,77.8,nan,False,0,COLLECTING,0,,0,,,,,10,57,19,30,60,0.9999144963445625,0.17320508075688776
2026-08-31T21:03:27.216,121446468,P009,ambient_light,QUALITY,,,,601,998227,116558,125392,116996.61,126695.31,-438.61,-1303.31,-1199.14,637.23,False,False,nan,True,0.8878,77.8,nan,False,0,COLLECTING,0,,0,,,,,10,57,19,30,60,0.9999144963445625,0.17320508075688776
2026-08-31T21:03:27.226,121446484,P009,ambient_light,QUALITY,,,,602,998267,116365,124989,116983.98,126661.19,-618.98,-1672.19,-1317.4,650.83,False,False,nan,True,0.8878,77.8,nan,False,0,COLLECTING,0,,0,,,,,10,57,19,30,60,0.9999144963445625,0.17320508075688776
2026-08-31T21:03:27.237,121446484,P009,ambient_light,QUALITY,,,,603,998307,116181,124651,116967.91,126620.98,-786.91,-1969.98,-1480.55,667.43,False,False,nan,True,0.8878,77.8,nan,False,0,COLLECTING,0,,0,,,,,10,57,19,30,60,0.9999144963445625,0.17320508075688776
2026-08-31T21:03:27.245,121446500,P009,ambient_light,QUALITY,,,,604,998347,116142,124496,116951.4,126578.48,-809.4,-2082.48,-1631.03,686.7,False,False,nan,True,0.8878,77.8,nan,False,0,COLLECTING,0,,0,,,,,10,57,19,30,60,0.9999144963445625,0.17320508075688776
2026-08-31T21:03:27.280,121446531,P009,ambient_light,QUALITY,,,,605,998387,116146,124529,116935.29,126537.49,-789.29,-2008.49,-1725.4,707.47,False,False,nan,True,0.8878,77.8,nan,False,0,COLLECTING,0,,0,,,,,10,57,19,30,60,0.9999144963445625,0.17320508075688776
2026-08-31T21:03:27.414,121446671,P009,ambient_light,QUALITY,,,,606,998427,116224,124722,116921.06,126501.18,-697.06,-1779.18,-1738.84,728.1,False,False,nan,True,0.8878,77.8,nan,False,0,COLLECTING,0,,0,,,,,9,57,19,30,60,0.9999144963445625,0.17320508075688776
2026-08-31T21:03:27.426,121446671,P009,ambient_light,QUALITY,,,,607,998467,116192,124598,116906.48,126463.12,-714.48,-1865.12,-1770.41,748.95,False,False,nan,True,0.8878,77.8,nan,False,0,COLLECTING,0,,0,,,,,9,57,19,30,60,0.9999144963445625,0.17320508075688776
2026-08-31T21:03:27.437,121446687,P009,ambient_light,QUALITY,,,,608,998507,116000,124041,116888.35,126414.67,-888.35,-2373.67,-1921.23,772.39,False,False,nan,True,0.8878,77.8,nan,False,0,COLLECTING,0,,0,,,,,9,57,19,30,60,0.9999144963445625,0.17320508075688776
2026-08-31T21:03:27.446,121446703,P009,ambient_light,QUALITY,,,,609,998547,115927,123928,116869.12,126364.94,-942.12,-2436.94,-2050.15,797.95,False,False,nan,True,0.8878,77.8,nan,False,0,COLLECTING,0,,0,,,,,9,57,19,30,60,0.9999144963445625,0.17320508075688776
2026-08-31T21:03:27.480,121446734,P009,ambient_light,QUALITY,,,,610,998587,115956,123984,116850.86,126317.32,-894.86,-2333.32,-2120.95,824.41,False,False,nan,True,0.8878,77.8,nan,False,0,COLLECTING,0,,0,,,,,9,57,19,30,60,0.9999144963445625,0.17320508075688776
2026-08-31T21:03:27.615,121446859,P009,ambient_light,QUALITY,,,,611,998627,115875,123854,116831.34,126268.05,-956.34,-2414.05,-2194.22,851.8,False,False,nan,True,0.8878,77.8,98.91,True,0,COLLECTING,0,,0,,,,,9,57,19,30,60,0.9999144963445625,0.17320508075688776
2026-08-31T21:03:27.626,121446875,P009,ambient_light,QUALITY,,,,612,998667,115712,123569,116808.95,126214.07,-1096.95,-2645.07,-2306.94,880.91,False,False,nan,True,0.8878,77.8,98.91,True,0,COLLECTING,0,,0,,,,,9,57,19,30,60,0.9999144963445625,0.17320508075688776
2026-08-31T21:03:27.637,121446890,P009,ambient_light,QUALITY,,,,613,998707,115641,123313,116785.59,126156.05,-1144.59,-2843.05,-2440.96,912.11,False,False,nan,True,0.8878,77.8,98.91,True,0,COLLECTING,0,,0,,,,,9,57,19,30,60,0.9999144963445625,0.17320508075688776
2026-08-31T21:03:27.646,121446890,P009,ambient_light,QUALITY,,,,614,998747,115451,123018,116758.9,126093.29,-1307.9,-3075.29,-2599.54,945.86,False,False,nan,True,0.8878,77.8,98.91,True,0,COLLECTING,0,,0,,,,,9,57,19,30,60,0.9999144963445625,0.17320508075688776
2026-08-31T21:03:27.680,121446937,P009,ambient_light,QUALITY,,,,615,998787,115372,122891,116731.16,126029.24,-1359.16,-3138.24,-2734.22,981.62,False,False,nan,True,0.8878,77.8,98.91,True,0,COLLECTING,0,,0,,,,,9,57,19,30,60,0.9999144963445625,0.17320508075688776
2026-08-31T21:03:27.815,121447062,P009,ambient_light,QUALITY,,,,616,998827,115437,122938,116705.28,125967.41,-1268.28,-3029.41,-2808.02,1018.15,False,False,nan,True,0.8878,77.8,98.91,True,0,COLLECTING,0,,0,,,,,9,57,19,30,60,0.9999144963445625,0.17320508075688776
2026-08-31T21:03:27.826,121447078,P009,ambient_light,QUALITY,,,,617,998867,115517,123142,116681.52,125910.91,-1164.52,-2768.91,-2798.24,1053.75,False,False,nan,True,0.8878,77.8,98.91,True,0,COLLECTING,0,,0,,,,,9,57,19,30,60,0.9999144963445625,0.17320508075688776
2026-08-31T21:03:27.837,121447093,P009,ambient_light,QUALITY,,,,618,998907,115658,123436,116661.05,125861.41,-1003.05,-2425.41,-2705.03,1086.78,False,False,nan,True,0.8878,77.8,98.91,True,0,COLLECTING,0,,0,,,,,9,57,19,30,60,0.9999144963445625,0.17320508075688776
2026-08-31T21:03:27.847,121447093,P009,ambient_light,QUALITY,,,,619,998947,115782,123831,116643.47,125820.8,-861.47,-1989.8,-2526.22,1115.57,False,False,nan,True,0.8878,77.8,98.91,True,0,COLLECTING,0,,0,,,,,9,57,19,30,60,0.9999144963445625,0.17320508075688776
2026-08-31T21:03:27.880,121447125,P009,ambient_light,QUALITY,,,,620,998987,115956,124219,116629.72,125788.76,-673.72,-1569.76,-2287.11,1139.0,False,False,nan,True,0.8878,77.8,98.91,True,0,COLLECTING,0,,0,,,,,9,57,19,30,60,0.9999144963445625,0.17320508075688776
2026-08-31T21:03:28.016,121447265,P009,ambient_light,QUALITY,,,,621,999027,116171,124646,116620.55,125765.91,-449.55,-1119.91,-1995.31,1156.12,False,False,nan,True,0.8878,77.8,98.91,True,0,COLLECTING,0,,0,,,,,9,57,19,30,60,0.9999144963445625,0.17320508075688776
2026-08-31T21:03:28.026,121447281,P009,ambient_light,QUALITY,,,,622,999067,116362,124931,116615.38,125749.21,-253.38,-818.21,-1701.03,1167.02,False,False,nan,True,0.8878,77.8,98.91,True,0,COLLECTING,0,,0,,,,,9,57,19,30,60,0.9999144963445625,0.17320508075688776
2026-08-31T21:03:28.038,121447296,P009,ambient_light,QUALITY,,,,623,999107,116402,125054,116611.11,125735.3,-209.11,-681.3,-1446.1,1172.6,False,False,nan,True,0.8878,77.8,98.91,True,0,COLLECTING,0,,0,,,,,9,57,19,30,60,0.9999144963445625,0.17320508075688776
2026-08-31T21:03:28.047,121447296,P009,ambient_light,QUALITY,,,,624,999147,116435,125057,116607.59,125721.74,-172.59,-664.74,-1250.76,1174.17,False,False,nan,True,0.8878,77.8,98.91,True,0,COLLECTING,0,,0,,,,,9,57,19,30,60,0.9999144963445625,0.17320508075688776
2026-08-31T21:03:28.080,121447328,P009,ambient_light,QUALITY,,,,625,999187,116430,125005,116604.03,125707.41,-174.03,-702.41,-1113.67,1172.96,False,False,nan,True,0.8878,77.8,98.91,True,0,COLLECTING,0,,0,,,,,9,57,19,30,60,0.9999144963445625,0.17320508075688776
2026-08-31T21:03:28.215,121447468,P009,ambient_light,QUALITY,,,,626,999227,116230,124517,116596.55,125683.6,-366.55,-1166.6,-1126.9,1172.04,False,False,nan,True,0.8878,77.8,98.91,True,0,COLLECTING,0,,0,,,,,8,57,19,30,60,0.9999144963445625,0.17320508075688776
2026-08-31T21:03:28.226,121447484,P009,ambient_light,QUALITY,,,,627,999267,116113,124163,116586.88,125653.19,-473.88,-1490.19,-1217.73,1172.95,False,False,nan,True,0.8878,77.8,98.91,True,0,COLLECTING,0,,0,,,,,8,57,19,30,60,0.9999144963445625,0.17320508075688776
2026-08-31T21:03:28.237,121447484,P009,ambient_light,QUALITY,,,,628,999307,116150,124155,116578.14,125623.23,-428.14,-1468.23,-1280.35,1175.1,False,False,nan,True,0.8878,77.8,98.91,True,0,COLLECTING,0,,0,,,,,8,57,19,30,60,0.9999144963445625,0.17320508075688776
2026-08-31T21:03:28.246,121447500,P009,ambient_light,QUALITY,,,,629,999347,116210,124385,116570.78,125598.46,-360.78,-1213.46,-1263.63,1176.87,False,False,nan,True,0.8878,77.8,98.91,True,0,COLLECTING,0,,0,,,,,8,57,19,30,60,0.9999144963445625,0.17320508075688776
2026-08-31T21:03:28.279,121447531,P009,ambient_light,QUALITY,,,,630,999387,116338,124592,116566.12,125578.33,-228.12,-986.33,-1194.3,1177.22,False,False,nan,True,0.8878,77.8,98.91,True,0,COLLECTING,0,,0,,,,,8,57,19,30,60,0.9999144963445625,0.17320508075688776
2026-08-31T21:03:28.415,121447671,P009,ambient_light,QUALITY,,,,631,999427,116428,124794,116563.36,125562.64,-135.36,-768.64,-1087.89,1175.43,False,False,nan,True,0.8878,77.8,98.91,True,0,COLLECTING,0,,0,,,,,8,57,19,30,60,0.9998489885977783,0.17320508075688776
2026-08-31T21:03:28.427,121447671,P009,ambient_light,QUALITY,,,,632,999467,116486,124967,116561.81,125550.73,-75.81,-583.73,-961.85,1171.16,False,False,nan,True,0.8878,77.8,98.91,True,0,COLLECTING,0,,0,,,,,8,57,19,30,60,0.9998489885977783,0.17320508075688776
2026-08-31T21:03:28.437,121447687,P009,ambient_light,QUALITY,,,,633,999507,116505,125037,116560.68,125540.45,-55.68,-503.45,-847.25,1164.68,False,False,nan,True,0.8878,77.8,98.91,True,0,COLLECTING,0,,0,,,,,8,57,19,30,60,0.9998489885977783,0.17320508075688776
2026-08-31T21:03:28.448,121447703,P009,ambient_light,QUALITY,,,,634,999547,116550,125042,116560.47,125530.48,-10.47,-488.48,-757.56,1156.54,False,False,nan,True,0.8878,77.8,98.91,True,0,COLLECTING,0,,0,,,,,8,57,19,30,60,0.9998489885977783,0.17320508075688776
2026-08-31T21:03:28.479,121447734,P009,ambient_light,QUALITY,,,,635,999587,116622,125171,116561.7,125523.3,60.3,-352.3,-656.24,1146.53,False,False,nan,True,0.8878,77.8,98.91,True,0,COLLECTING,0,,0,,,,,8,57,19,30,60,0.9998489885977783,0.17320508075688776
2026-08-31T21:03:28.617,121447875,P009,ambient_light,QUALITY,,,,636,999627,116678,125271,116564.03,125518.25,113.97,-247.25,-553.99,1134.68,False,False,nan,True,0.8878,77.8,98.91,True,0,COLLECTING,0,,0,,,,,8,57,19,30,60,0.9994678584126655,0.17320508075688776
2026-08-31T21:03:28.626,121447875,P009,ambient_light,QUALITY,,,,637,999667,116702,125311,116566.79,125514.1,135.21,-203.1,-466.27,1121.31,False,False,nan,True,0.8878,77.8,98.91,True,0,COLLECTING,0,,0,,,,,8,57,19,30,60,0.9994678584126655,0.17320508075688776
2026-08-31T21:03:28.634,121447890,P009,ambient_light,QUALITY,,,,638,999707,116647,125146,116568.39,125506.74,78.61,-360.74,-439.89,1107.69,False,False,nan,True,0.8878,77.8,98.91,True,0,COLLECTING,0,,0,,,,,8,57,19,30,60,0.9994678584126655,0.17320508075688776
2026-08-31T21:03:28.645,121447890,P009,ambient_light,QUALITY,,,,639,999747,116381,124650,116564.64,125489.61,-183.64,-839.61,-539.82,1096.33,False,False,nan,True,0.8878,77.8,98.91,True,0,COLLECTING,0,,0,,,,,8,57,19,30,60,0.9994678584126655,0.17320508075688776
2026-08-31T21:03:28.681,121447937,P009,ambient_light,QUALITY,,,,640,999787,116169,124146,116556.73,125462.73,-387.73,-1316.73,-734.05,1089.08,False,False,nan,True,0.8878,77.8,98.91,True,0,COLLECTING,0,,0,,,,,8,57,19,30,60,0.9994678584126655,0.17320508075688776
2026-08-31T21:03:28.816,121448062,P009,ambient_light,QUALITY,,,,641,999827,116156,124128,116548.71,125436.04,-392.71,-1308.04,-877.55,1084.85,False,False,nan,True,0.8878,77.8,98.91,True,0,COLLECTING,0,,0,,,,,7,57,19,30,60,0.9999144963445625,0.17320508075688776
2026-08-31T21:03:28.826,121448078,P009,ambient_light,QUALITY,,,,642,999867,116262,124394,116542.98,125415.2,-280.98,-1021.2,-913.46,1081.42,False,False,nan,True,0.8878,77.8,98.91,True,0,COLLECTING,0,,0,,,,,7,57,19,30,60,0.9999144963445625,0.17320508075688776
2026-08-31T21:03:28.837,121448093,P009,ambient_light,QUALITY,,,,643,999907,116463,124768,116541.38,125402.25,-78.38,-634.25,-843.66,1076.67,False,False,nan,True,0.8878,77.8,98.91,True,0,COLLECTING,0,,0,,,,,7,57,19,30,60,0.9999144963445625,0.17320508075688776
2026-08-31T21:03:28.846,121448093,P009,ambient_light,QUALITY,,,,644,999947,116473,124886,116540.01,125391.92,-67.01,-505.92,-759.22,1070.32,False,False,nan,True,0.8878,77.8,98.91,True,0,COLLECTING,0,,0,,,,,7,57,19,30,60,0.9999144963445625,0.17320508075688776
2026-08-31T21:03:28.879,121448125,P009,ambient_light,QUALITY,,,,645,999987,116346,124522,116536.12,125374.52,-190.12,-852.52,-782.55,1064.56,False,False,nan,True,0.8878,77.8,98.91,True,0,COLLECTING,0,,0,,,,,7,57,19,30,60,0.9999144963445625,0.17320508075688776
2026-08-31T21:03:29.016,121448265,P009,ambient_light,QUALITY,,,,646,1000027,116166,124103,116528.72,125349.09,-362.72,-1246.09,-898.43,1061.24,False,False,nan,True,0.8878,77.8,98.91,True,0,COLLECTING,0,,0,,,,,7,57,19,30,60,0.9999144963445625,0.17320508075688776
2026-08-31T21:03:29.026,121448281,P009,ambient_light,QUALITY,,,,647,1000067,116127,123962,116520.69,125321.35,-393.69,-1359.35,-1013.66,1060.29,False,False,nan,True,0.8878,77.8,98.91,True,0,COLLECTING,0,,0,,,,,7,57,19,30,60,0.9999144963445625,0.17320508075688776
2026-08-31T21:03:29.038,121448296,P009,ambient_light,QUALITY,,,,648,1000107,116198,124123,116514.23,125297.38,-316.23,-1174.38,-1053.84,1060.16,False,False,nan,True,0.8878,77.8,98.91,True,0,COLLECTING,0,,0,,,,,7,57,19,30,60,0.9999144963445625,0.17320508075688776
2026-08-31T21:03:29.047,121448296,P009,ambient_light,QUALITY,,,,649,1000147,116330,124353,116510.55,125278.49,-180.55,-925.49,-1021.76,1059.39,False,False,nan,True,0.8878,77.8,98.91,True,0,COLLECTING,0,,0,,,,,7,57,19,30,60,0.9999144963445625,0.17320508075688776
2026-08-31T21:03:29.086,121448343,P009,ambient_light,QUALITY,,,,650,1000187,116401,124530,116508.36,125263.52,-107.36,-733.52,-949.7,1057.2,False,False,nan,True,0.8878,77.8,98.91,True,0,COLLECTING,0,,0,,,,,7,57,19,30,60,0.9999144963445625,0.17320508075688776
2026-08-31T21:03:29.215,121448468,P009,ambient_light,QUALITY,,,,651,1000227,116389,124526,116505.97,125248.77,-116.97,-722.77,-892.97,1053.91,False,False,nan,True,0.8878,77.8,98.91,True,0,COLLECTING,0,,0,,,,,7,57,19,30,60,0.9998489885977783,0.17320508075688776
2026-08-31T21:03:29.226,121448484,P009,ambient_light,QUALITY,,,,652,1000267,116317,124353,116502.19,125230.86,-185.19,-877.86,-889.19,1050.62,False,False,nan,True,0.8878,77.8,98.91,True,0,COLLECTING,0,,0,,,,,7,57,19,30,60,0.9998489885977783,0.17320508075688776
2026-08-31T21:03:29.238,121448484,P009,ambient_light,QUALITY,,,,653,1000307,116266,124174,116497.46,125209.72,-231.46,-1035.72,-925.82,1048.12,False,False,nan,True,0.8878,77.8,98.91,True,0,COLLECTING,0,,0,,,,,7,57,19,30,60,0.9998489885977783,0.17320508075688776
2026-08-31T21:03:29.246,121448500,P009,ambient_light,QUALITY,,,,654,1000347,116241,124144,116492.33,125188.41,-251.33,-1044.41,-955.47,1046.27,False,False,nan,True,0.8878,77.8,98.91,True,0,COLLECTING,0,,0,,,,,7,57,19,30,60,0.9998489885977783,0.17320508075688776
2026-08-31T21:03:29.279,121448531,P009,ambient_light,QUALITY,,,,655,1000387,116326,124320,116489.0,125171.04,-163.0,-851.04,-929.36,1043.93,False,False,nan,True,0.8878,77.8,98.91,True,0,COLLECTING,0,,0,,,,,7,57,19,30,60,0.9998489885977783,0.17320508075688776
2026-08-31T21:03:29.416,121448671,P009,ambient_light,QUALITY,,,,656,1000427,116465,124633,116488.52,125160.28,-23.52,-527.28,-828.84,1039.63,False,False,nan,True,0.8878,77.8,98.91,True,0,COLLECTING,0,,0,,,,,7,57,19,30,60,0.9999144963445625,0.17320508075688776
2026-08-31T21:03:29.426,121448671,P009,ambient_light,QUALITY,,,,657,1000467,116616,124999,116491.07,125157.05,124.93,-158.05,-661.14,1032.06,False,False,nan,True,0.8878,77.8,98.91,True,0,COLLECTING,0,,0,,,,,7,57,19,30,60,0.9999144963445625,0.17320508075688776
2026-08-31T21:03:29.437,121448687,P009,ambient_light,QUALITY,,,,658,1000507,116704,125209,116495.33,125158.09,208.67,50.91,-483.13,1021.08,False,False,nan,True,0.8878,77.8,98.91,True,0,COLLECTING,0,,0,,,,,7,57,19,30,60,0.9999144963445625,0.17320508075688776
2026-08-31T21:03:29.446,121448703,P009,ambient_light,QUALITY,,,,659,1000547,116747,125318,116500.36,125161.29,246.64,156.71,-323.17,1007.12,False,False,nan,True,0.8878,77.8,98.91,True,0,COLLECTING,0,,0,,,,,7,57,19,30,60,0.9999144963445625,0.17320508075688776
2026-08-31T21:03:29.479,121448734,P009,ambient_light,QUALITY,,,,660,1000587,116740,125259,116505.15,125163.24,234.85,95.76,-218.44,991.35,False,False,nan,True,0.8878,77.8,98.91,True,0,COLLECTING,0,,0,,,,,7,57,19,30,60,0.9999144963445625,0.17320508075688776
2026-08-31T21:03:29.615,121448859,P009,ambient_light,QUALITY,,,,661,1000627,116704,125205,116509.12,125164.08,194.88,40.92,-153.6,974.6,False,False,nan,True,0.8878,77.8,98.91,True,0,COLLECTING,0,,0,,,,,6,57,19,30,60,0.9999144963445625,0.17320508075688776
2026-08-31T21:03:29.626,121448875,P009,ambient_light,QUALITY,,,,662,1000667,116709,125193,116513.12,125164.66,195.88,28.34,-108.11,957.27,False,False,nan,True,0.8878,77.8,98.91,True,0,COLLECTING,0,,0,,,,,6,57,19,30,60,0.9999144963445625,0.17320508075688776
2026-08-31T21:03:29.635,121448890,P009,ambient_light,QUALITY,,,,663,1000707,116557,124770,116514.0,125156.77,43.0,-386.77,-177.78,941.68,False,False,nan,True,0.8878,77.8,98.91,True,0,COLLECTING,0,,0,,,,,6,57,19,30,60,0.9999144963445625,0.17320508075688776
2026-08-31T21:03:29.646,121448890,P009,ambient_light,QUALITY,,,,664,1000747,116396,124346,116511.64,125140.55,-115.64,-794.55,-331.97,929.48,False,False,nan,True,0.8878,77.8,98.91,True,0,COLLECTING,0,,0,,,,,6,57,19,30,60,0.9999144963445625,0.17320508075688776
2026-08-31T21:03:29.679,121448937,P009,ambient_light,QUALITY,,,,665,1000787,116360,124246,116508.61,125122.66,-148.61,-876.66,-468.14,920.26,False,False,nan,True,0.8878,77.8,98.91,True,0,COLLECTING,0,,0,,,,,6,57,19,30,60,0.9999144963445625,0.17320508075688776
2026-08-31T21:03:29.816,121449062,P009,ambient_light,QUALITY,,,,666,1000827,116404,124356,116506.52,125107.32,-102.52,-751.32,-538.94,912.63,False,False,nan,True,0.8878,77.8,98.91,True,0,COLLECTING,0,,0,,,,,6,57,19,30,60,0.9999144963445625,0.17320508075688776
2026-08-31T21:03:29.827,121449078,P009,ambient_light,QUALITY,,,,667,1000867,116478,124510,116505.95,125095.38,-27.95,-585.38,-550.55,905.39,False,False,nan,True,0.8878,77.8,98.91,True,0,COLLECTING,0,,0,,,,,6,57,19,30,60,0.9999144963445625,0.17320508075688776
2026-08-31T21:03:29.838,121449093,P009,ambient_light,QUALITY,,,,668,1000907,116514,124603,116506.11,125085.53,7.89,-482.53,-533.54,897.95,False,False,nan,True,0.8878,77.8,98.91,True,0,COLLECTING,0,,0,,,,,6,57,19,30,60,0.9999144963445625,0.17320508075688776
2026-08-31T21:03:29.846,121449093,P009,ambient_light,QUALITY,,,,669,1000947,116542,124671,116506.83,125077.24,35.17,-406.24,-501.72,890.03,False,False,nan,True,0.8878,77.8,98.91,True,0,COLLECTING,0,,0,,,,,6,57,19,30,60,0.9999144963445625,0.17320508075688776
2026-08-31T21:03:29.879,121449125,P009,ambient_light,QUALITY,,,,670,1000987,116529,124628,116507.27,125068.26,21.73,-440.26,-486.35,881.95,False,False,nan,True,0.8878,77.8,98.91,True,0,COLLECTING,0,,0,,,,,6,57,19,30,60,0.9999144963445625,0.17320508075688776
2026-08-31T21:03:30.016,121449265,P009,ambient_light,QUALITY,,,,671,1001027,116499,124543,116507.11,125057.75,-8.11,-514.75,-493.45,874.18,False,False,nan,True,0.8878,77.8,98.91,True,0,COLLECTING,0,,0,,,,,6,57,19,30,60,0.9999144963445625,0.17320508075688776
2026-08-31T21:03:30.027,121449281,P009,ambient_light,QUALITY,,,,672,1001067,116531,124605,116507.59,125048.7,23.41,-443.7,-481.01,866.32,False,False,nan,True,0.8878,77.8,98.91,True,0,COLLECTING,0,,0,,,,,6,57,19,30,60,0.9999144963445625,0.17320508075688776
2026-08-31T21:03:30.035,121449281,P009,ambient_light,QUALITY,,,,673,1001107,116578,124732,116508.99,125042.36,69.01,-310.36,-438.35,857.76,False,False,nan,True,0.8878,77.8,98.91,True,0,COLLECTING,0,,0,,,,,6,57,19,30,60,0.9999144963445625,0.17320508075688776
2026-08-31T21:03:30.046,121449296,P009,ambient_light,QUALITY,,,,674,1001147,116670,124926,116512.21,125040.03,157.79,-114.03,-357.27,847.75,False,False,nan,True,0.8878,77.8,98.91,True,0,COLLECTING,0,,0,,,,,6,57,19,30,60,0.9999144963445625,0.17320508075688776
2026-08-31T21:03:30.080,121449328,P009,ambient_light,QUALITY,,,,675,1001187,116723,125041,116516.43,125040.05,206.57,0.95,-267.71,836.15,False,False,nan,True,0.8878,77.8,98.91,True,0,COLLECTING,0,,0,,,,,6,57,19,30,60,0.9999144963445625,0.17320508075688776
2026-08-31T21:03:30.215,121449468,P009,ambient_light,QUALITY,,,,676,1001227,116774,125163,116521.58,125042.51,252.42,120.49,-170.66,822.84,False,False,nan,True,0.8878,77.8,98.91,True,0,COLLECTING,0,,0,,,,,6,57,19,30,60,0.9994678584126655,0.17320508075688776
2026-08-31T21:03:30.227,121449484,P009,ambient_light,QUALITY,,,,677,1001267,116854,125311,116528.23,125047.88,325.77,263.12,-62.22,807.63,False,False,nan,True,0.8878,77.8,98.91,True,0,COLLECTING,0,,0,,,,,6,57,19,30,60,0.9994678584126655,0.17320508075688776
2026-08-31T21:03:30.235,121449484,P009,ambient_light,QUALITY,,,,678,1001307,116914,125469,116535.95,125056.3,378.05,412.7,56.51,792.6,False,False,nan,True,0.8878,77.8,98.91,True,0,COLLECTING,0,,0,,,,,6,57,19,30,60,0.9994678584126655,0.17320508075688776
2026-08-31T21:03:30.245,121449500,P009,ambient_light,QUALITY,,,,679,1001347,116949,125543,116544.2,125066.03,404.8,476.97,161.63,779.98,False,False,nan,True,0.8878,77.8,98.91,True,0,COLLECTING,0,,0,,,,,6,57,19,30,60,0.9994678584126655,0.17320508075688776
2026-08-31T21:03:30.280,121449531,P009,ambient_light,QUALITY,,,,680,1001387,116806,125164,116549.44,125067.99,256.56,96.01,145.22,767.29,False,False,nan,True,0.8878,77.8,98.91,True,0,COLLECTING,0,,0,,,,,6,57,19,30,60,0.9994678584126655,0.17320508075688776
2026-08-31T21:03:30.416,121449671,P009,ambient_light,QUALITY,,,,681,1001427,116606,124662,116550.57,125059.88,55.43,-397.88,9.45,752.13,False,False,nan,True,0.8878,77.8,98.91,True,0,COLLECTING,0,,0,,,,,5,57,19,30,60,0.9999144963445625,0.17320508075688776
2026-08-31T21:03:30.428,121449671,P009,ambient_light,QUALITY,,,,682,1001467,116560,124527,116550.76,125049.22,9.24,-522.22,-123.47,739.56,False,False,nan,True,0.8878,77.8,98.91,True,0,COLLECTING,0,,0,,,,,5,57,19,30,60,0.9999144963445625,0.17320508075688776
2026-08-31T21:03:30.437,121449687,P009,ambient_light,QUALITY,,,,683,1001507,116651,124748,116552.77,125043.2,98.23,-295.2,-166.4,728.1,False,False,nan,True,0.8878,77.8,98.91,True,0,COLLECTING,0,,0,,,,,5,57,19,30,60,0.9999144963445625,0.17320508075688776
2026-08-31T21:03:30.446,121449703,P009,ambient_light,QUALITY,,,,684,1001547,116736,124950,116556.43,125041.33,179.57,-91.33,-147.63,716.49,False,False,nan,True,0.8878,77.8,98.91,True,0,COLLECTING,0,,0,,,,,5,57,19,30,60,0.9999144963445625,0.17320508075688776
2026-08-31T21:03:30.479,121449734,P009,ambient_light,QUALITY,,,,685,1001587,116794,125089,116561.18,125042.28,232.82,46.72,-99.04,704.14,False,False,nan,True,0.8878,77.8,98.91,True,0,COLLECTING,0,,0,,,,,5,57,19,30,60,0.9999144963445625,0.17320508075688776
2026-08-31T21:03:30.617,121449875,P009,ambient_light,QUALITY,,,,686,1001627,116807,125093,116566.09,125043.3,240.91,49.7,-61.86,691.29,False,False,nan,True,0.8878,77.8,98.91,True,0,COLLECTING,0,,0,,,,,5,57,19,30,60,0.9999144963445625,0.17320508075688776
2026-08-31T21:03:30.627,121449875,P009,ambient_light,QUALITY,,,,687,1001667,116732,124920,116569.41,125040.83,162.59,-120.83,-76.6,679.0,False,False,nan,True,0.8878,77.8,98.91,True,0,COLLECTING,0,,0,,,,,5,57,19,30,60,0.9999144963445625,0.17320508075688776
2026-08-31T21:03:30.635,121449890,P009,ambient_light,QUALITY,,,,688,1001707,116652,124734,116571.06,125034.7,80.94,-300.7,-132.62,668.07,False,False,nan,True,0.8878,77.8,98.91,True,0,COLLECTING,0,,0,,,,,5,57,19,30,60,0.9999144963445625,0.17320508075688776
2026-08-31T21:03:30.645,121449890,P009,ambient_light,QUALITY,,,,689,1001747,116699,124821,116573.62,125030.42,125.38,-209.42,-151.82,657.75,False,False,nan,True,0.8878,77.8,98.91,True,0,COLLECTING,0,,0,,,,,5,57,19,30,60,0.9999144963445625,0.17320508075688776
2026-08-31T21:03:30.679,121449937,P009,ambient_light,QUALITY,,,,690,1001787,116795,125039,116578.05,125030.59,216.95,8.41,-111.77,646.83,False,False,nan,True,0.8878,77.8,98.91,True,0,COLLECTING,0,,0,,,,,5,57,19,30,60,0.9999144963445625,0.17320508075688776
2026-08-31T21:03:30.816,121450062,P009,ambient_light,QUALITY,,,,691,1001827,116871,125230,116583.91,125034.58,287.09,195.42,-34.97,634.59,False,False,nan,True,0.8878,77.8,98.91,True,0,COLLECTING,0,,0,,,,,5,57,19,30,60,0.9999144963445625,0.17320508075688776
2026-08-31T21:03:30.827,121450078,P009,ambient_light,QUALITY,,,,692,1001867,116926,125384,116590.76,125041.57,335.24,342.43,59.38,623.09,False,False,nan,True,0.8878,77.8,98.91,True,0,COLLECTING,0,,0,,,,,5,57,19,30,60,0.9999144963445625,0.17320508075688776
2026-08-31T21:03:30.835,121450093,P009,ambient_light,QUALITY,,,,693,1001907,117008,125565,116599.1,125052.04,408.9,512.96,172.78,614.08,False,False,nan,True,0.8878,77.8,98.91,True,0,COLLECTING,0,,0,,,,,5,57,19,30,60,0.9999144963445625,0.17320508075688776
2026-08-31T21:03:30.844,121450093,P009,ambient_light,QUALITY,,,,694,1001947,117116,125826,116609.44,125067.52,506.56,758.48,319.2,608.18,False,False,nan,True,0.8878,77.8,98.91,True,0,COLLECTING,0,,0,,,,,5,57,19,30,60,0.9999144963445625,0.17320508075688776
2026-08-31T21:03:30.880,121450125,P009,ambient_light,QUALITY,,,,695,1001987,117224,126061,116621.73,125087.38,602.27,973.62,482.81,605.67,False,False,nan,True,0.8878,77.8,98.91,True,0,COLLECTING,0,,0,,,,,5,57,19,30,60,0.9999144963445625,0.17320508075688776
2026-08-31T21:03:31.017,121450265,P009,ambient_light,QUALITY,,,,696,1002027,117225,126081,116633.79,125107.26,591.21,973.74,605.54,605.67,False,False,nan,True,0.8878,77.8,98.91,True,0,COLLECTING,0,,0,,,,,5,57,19,30,60,0.9999144963445625,0.17320508075688776
2026-08-31T21:03:31.027,121450281,P009,ambient_light,QUALITY,,,,697,1002067,117010,125499,116641.31,125115.09,368.69,383.91,550.13,604.56,True,False,nan,True,0.8878,77.8,98.91,True,0,COLLECTING,0,,0,,,,,5,57,19,30,60,0.9999144963445625,0.17320508075688776
2026-08-31T21:03:31.036,121450281,P009,ambient_light,QUALITY,,,,698,1002107,116668,124674,116641.84,125106.27,26.16,-432.27,304.53,598.56,False,False,nan,True,0.8878,77.8,98.91,True,0,COLLECTING,0,,0,,,,,5,57,19,30,60,0.9999144963445625,0.17320508075688776
2026-08-31T21:03:31.045,121450296,P009,ambient_light,QUALITY,,,,699,1002147,116454,124195,116638.09,125088.05,-184.09,-893.05,5.14,586.69,False,False,nan,True,0.8878,77.8,98.91,True,0,COLLECTING,0,,0,,,,,5,57,19,30,60,0.9999144963445625,0.17320508075688776
2026-08-31T21:03:31.082,121450328,P009,ambient_light,QUALITY,,,,700,1002187,116444,124163,116634.2,125069.55,-190.2,-906.55,-222.78,579.41,False,False,nan,True,0.8878,77.8,98.91,True,0,COLLECTING,0,,0,,,,,5,57,19,30,60,0.9999144963445625,0.17320508075688776
2026-08-31T21:03:31.215,121450468,P009,ambient_light,QUALITY,,,,701,1002227,116587,124499,116633.26,125058.13,-46.26,-559.13,-306.87,573.96,False,False,nan,True,0.8878,77.8,98.91,True,0,COLLECTING,0,,0,,,,,4,57,19,30,60,0.9999144963445625,0.17320508075688776
2026-08-31T21:03:31.228,121450484,P009,ambient_light,QUALITY,,,,702,1002267,116755,124870,116635.7,125054.37,119.3,-184.37,-276.25,568.01,False,False,nan,True,0.8878,77.8,98.91,True,0,COLLECTING,0,,0,,,,,4,57,19,30,60,0.9999144963445625,0.17320508075688776
2026-08-31T21:03:31.238,121450484,P009,ambient_light,QUALITY,,,,703,1002307,116816,125036,116639.3,125054.0,176.7,-18.0,-211.68,560.88,False,False,nan,True,0.8878,77.8,98.91,True,0,COLLECTING,0,,0,,,,,4,57,19,30,60,0.9999144963445625,0.17320508075688776
2026-08-31T21:03:31.246,121450500,P009,ambient_light,QUALITY,,,,704,1002347,116845,125103,116643.42,125054.98,201.58,48.02,-146.76,552.6,False,False,nan,True,0.8878,77.8,98.91,True,0,COLLECTING,0,,0,,,,,4,57,19,30,60,0.9999144963445625,0.17320508075688776
2026-08-31T21:03:31.280,121450531,P009,ambient_light,QUALITY,,,,705,1002387,116839,125094,116647.34,125055.76,191.66,38.24,-100.51,543.56,False,False,nan,True,0.8878,77.8,98.91,True,0,COLLECTING,0,,0,,,,,4,57,19,30,60,0.9999144963445625,0.17320508075688776
2026-08-31T21:03:31.416,121450671,P009,ambient_light,QUALITY,,,,706,1002427,116896,125207,116652.31,125058.78,243.69,148.22,-38.33,533.45,False,False,nan,True,0.8878,77.8,98.91,True,0,COLLECTING,0,,0,,,,,4,57,19,30,60,0.9999144963445625,0.17320508075688776
2026-08-31T21:03:31.428,121450671,P009,ambient_light,QUALITY,,,,707,1002467,116961,125366,116658.48,125064.92,302.52,301.08,46.53,523.71,False,False,nan,True,0.8878,77.8,98.91,True,0,COLLECTING,0,,0,,,,,4,57,19,30,60,0.9999144963445625,0.17320508075688776
2026-08-31T21:03:31.437,121450687,P009,ambient_light,QUALITY,,,,708,1002507,116985,125428,116665.02,125072.18,319.98,355.82,123.85,515.72,False,False,nan,True,0.8878,77.8,98.91,True,0,COLLECTING,0,,0,,,,,4,57,19,30,60,0.9999144963445625,0.17320508075688776
2026-08-31T21:03:31.446,121450703,P009,ambient_light,QUALITY,,,,709,1002547,117033,125536,116672.38,125081.45,360.62,454.55,206.52,509.53,False,False,nan,True,0.8878,77.8,98.91,True,0,COLLECTING,0,,0,,,,,4,57,19,30,60,0.9999144963445625,0.17320508075688776
2026-08-31T21:03:31.480,121450734,P009,ambient_light,QUALITY,,,,710,1002587,117164,125869,116682.21,125097.2,481.79,771.8,347.84,506.3,False,False,nan,True,0.8878,77.8,98.91,True,0,COLLECTING,0,,0,,,,,4,57,19,30,60,0.9999144963445625,0.17320508075688776
2026-08-31T21:03:31.616,121450875,P009,ambient_light,QUALITY,,,,711,1002627,117301,126163,116694.59,125118.52,606.41,1044.48,522.0,506.61,False,False,nan,True,0.8878,77.8,94.2,True,0,COLLECTING,0,,0,,,,,4,57,19,30,60,0.9998489885977783,0.17320508075688776
2026-08-31T21:03:31.626,121450875,P009,ambient_light,QUALITY,,,,712,1002667,117365,126302,116707.99,125142.19,657.01,1159.81,681.45,510.11,False,False,nan,True,0.8878,77.8,94.2,True,0,COLLECTING,0,,0,,,,,4,57,19,30,60,0.9998489885977783,0.17320508075688776
2026-08-31T21:03:31.634,121450890,P009,ambient_light,QUALITY,,,,713,1002707,117268,126024,116719.2,125159.82,548.8,864.18,727.14,514.45,False,False,nan,True,0.8878,77.8,94.2,True,0,COLLECTING,0,,0,,,,,4,57,19,30,60,0.9998489885977783,0.17320508075688776
2026-08-31T21:03:31.645,121450890,P009,ambient_light,QUALITY,,,,714,1002747,117020,125415,116725.21,125164.92,294.79,250.08,607.87,516.32,True,True,680.0,True,0.9156,76.43,94.2,True,0,COLLECTING,0,,0,,,,,4,57,19,30,60,0.9998489885977783,0.17320508075688776
2026-08-31T21:03:31.680,121450937,P009,ambient_light,QUALITY,,,,715,1002787,116873,125037,116728.16,125162.37,144.84,-125.37,424.56,514.48,False,False,nan,True,0.9156,76.43,94.2,True,0,COLLECTING,0,,0,,,,,4,57,19,30,60,0.9998489885977783,0.17320508075688776
2026-08-31T21:03:31.817,121451062,P009,ambient_light,QUALITY,,,,716,1002827,116905,125104,116731.7,125161.2,173.3,-57.2,304.12,510.28,False,False,nan,True,0.9156,76.43,94.2,True,0,COLLECTING,0,,0,,,,,5,57,19,30,60,0.9999144963445625,0.17320508075688776
2026-08-31T21:03:31.827,121451078,P009,ambient_light,QUALITY,,,,717,1002867,117028,125397,116737.63,125165.92,290.37,231.08,285.86,505.79,False,False,nan,True,0.9156,76.43,94.2,True,0,COLLECTING,0,,0,,,,,5,57,19,30,60,0.9999144963445625,0.17320508075688776
2026-08-31T21:03:31.835,121451093,P009,ambient_light,QUALITY,,,,718,1002907,117149,125694,116745.86,125176.48,403.14,517.52,343.77,502.55,False,False,nan,True,0.9156,76.43,94.2,True,0,COLLECTING,0,,0,,,,,5,57,19,30,60,0.9999144963445625,0.17320508075688776
2026-08-31T21:03:31.845,121451093,P009,ambient_light,QUALITY,,,,719,1002947,117214,125826,116755.22,125189.48,458.78,636.52,416.96,500.84,False,False,nan,True,0.9156,76.43,94.2,True,0,COLLECTING,0,,0,,,,,5,57,19,30,60,0.9999144963445625,0.17320508075688776
2026-08-31T21:03:31.879,121451125,P009,ambient_light,QUALITY,,,,720,1002987,117157,125725,116763.26,125200.19,393.74,524.81,443.92,499.7,False,False,nan,True,0.9156,76.43,94.2,True,0,COLLECTING,0,,0,,,,,5,57,19,30,60,0.9999144963445625,0.17320508075688776
2026-08-31T21:03:32.016,121451265,P009,ambient_light,QUALITY,,,,721,1003027,117084,125497,116769.67,125206.12,314.33,290.88,405.66,497.82,True,False,nan,True,0.9156,76.43,94.2,True,0,COLLECTING,0,,0,,,,,4,57,19,30,60,0.9994023213901397,0.17320508075688776
2026-08-31T21:03:32.027,121451281,P009,ambient_light,QUALITY,,,,722,1003067,117054,125422,116775.36,125210.45,278.64,211.55,357.14,495.0,False,False,nan,True,0.9156,76.43,94.2,True,0,COLLECTING,0,,0,,,,,4,57,19,30,60,0.9994023213901397,0.17320508075688776
2026-08-31T21:03:32.035,121451281,P009,ambient_light,QUALITY,,,,723,1003107,117091,125505,116781.67,125216.34,309.33,288.66,340.02,491.9,False,False,nan,True,0.9156,76.43,94.2,True,0,COLLECTING,0,,0,,,,,4,57,19,30,60,0.9994023213901397,0.17320508075688776
2026-08-31T21:03:32.045,121451296,P009,ambient_light,QUALITY,,,,724,1003147,117176,125702,116789.55,125226.05,386.45,475.95,374.0,489.55,False,False,nan,True,0.9156,76.43,94.2,True,0,COLLECTING,0,,0,,,,,4,57,19,30,60,0.9994023213901397,0.17320508075688776
2026-08-31T21:03:32.079,121451328,P009,ambient_light,QUALITY,,,,725,1003187,117264,125926,116799.05,125240.05,464.95,685.95,451.99,488.79,False,False,nan,True,0.9156,76.43,94.2,True,0,COLLECTING,0,,0,,,,,4,57,19,30,60,0.9994023213901397,0.17320508075688776
2026-08-31T21:03:32.216,121451468,P009,ambient_light,QUALITY,,,,726,1003227,117332,126109,116809.7,125257.43,522.3,851.57,551.88,490.06,False,False,nan,True,0.9156,76.43,94.2,True,0,COLLECTING,0,,0,,,,,4,57,19,30,60,0.9999144963445625,0.17320508075688776
2026-08-31T21:03:32.227,121451484,P009,ambient_light,QUALITY,,,,727,1003267,117391,126229,116821.33,125276.86,569.67,952.14,651.95,493.29,False,False,nan,True,0.9156,76.43,94.2,True,0,COLLECTING,0,,0,,,,,4,57,19,30,60,0.9999144963445625,0.17320508075688776
2026-08-31T21:03:32.237,121451484,P009,ambient_light,QUALITY,,,,728,1003307,117428,126319,116833.46,125297.7,594.54,1021.3,744.29,498.31,False,False,nan,True,0.9156,76.43,94.2,True,0,COLLECTING,0,,0,,,,,4,57,19,30,60,0.9999144963445625,0.17320508075688776
2026-08-31T21:03:32.245,121451500,P009,ambient_light,QUALITY,,,,729,1003347,117453,126363,116845.85,125319.01,607.15,1043.99,819.21,504.73,False,False,nan,True,0.9156,76.43,94.2,True,0,COLLECTING,0,,0,,,,,4,57,19,30,60,0.9999144963445625,0.17320508075688776
2026-08-31T21:03:32.280,121451531,P009,ambient_light,QUALITY,,,,730,1003387,117409,126243,116857.12,125337.48,551.88,905.52,840.79,511.45,False,False,nan,True,0.9156,76.43,94.2,True,0,COLLECTING,0,,0,,,,,4,57,19,30,60,0.9999144963445625,0.17320508075688776
2026-08-31T21:03:32.417,121451671,P009,ambient_light,QUALITY,,,,731,1003427,117227,125760,116864.52,125345.94,362.48,414.06,734.11,515.91,True,True,680.0,True,0.9452,80.0,94.2,True,0,COLLECTING,0,,0,,,,,4,57,19,30,60,0.9999144963445625,0.17320508075688776
2026-08-31T21:03:32.428,121451671,P009,ambient_light,QUALITY,,,,732,1003467,117030,125297,116867.83,125344.96,162.17,-47.96,538.59,516.36,False,False,nan,True,0.9452,80.0,94.2,True,0,COLLECTING,0,,0,,,,,4,57,19,30,60,0.9999144963445625,0.17320508075688776
2026-08-31T21:03:32.442,121451687,P009,ambient_light,QUALITY,,,,733,1003507,116993,125220,116870.33,125342.46,122.67,-122.46,373.33,513.5,False,False,nan,True,0.9452,80.0,94.2,True,0,COLLECTING,0,,0,,,,,4,57,19,30,60,0.9999144963445625,0.17320508075688776
2026-08-31T21:03:32.454,121451703,P009,ambient_light,QUALITY,,,,734,1003547,117030,125312,116873.52,125341.85,156.48,-29.85,272.53,508.68,False,False,nan,True,0.9452,80.0,94.2,True,0,COLLECTING,0,,0,,,,,4,57,19,30,60,0.9999144963445625,0.17320508075688776
2026-08-31T21:03:32.479,121451734,P009,ambient_light,QUALITY,,,,735,1003587,117083,125451,116877.71,125344.03,205.29,106.97,231.14,503.13,False,False,nan,True,0.9452,80.0,94.2,True,0,COLLECTING,0,,0,,,,,4,57,19,30,60,0.9999144963445625,0.17320508075688776
2026-08-31T21:03:32.615,121451859,P009,ambient_light,QUALITY,,,,736,1003627,117172,125640,116883.59,125349.95,288.41,290.05,245.87,497.98,False,False,nan,True,0.9452,80.0,94.2,True,0,COLLECTING,0,,0,,,,,5,57,19,30,60,0.9994678584126655,0.17320508075688776
2026-08-31T21:03:32.627,121451875,P009,ambient_light,QUALITY,,,,737,1003667,117229,125772,116890.5,125358.39,338.5,413.61,287.8,493.78,False,False,nan,True,0.9452,80.0,94.2,True,0,COLLECTING,0,,0,,,,,5,57,19,30,60,0.9994678584126655,0.17320508075688776
2026-08-31T21:03:32.637,121451890,P009,ambient_light,QUALITY,,,,738,1003707,117209,125700,116896.87,125365.23,312.13,334.77,299.55,489.9,False,False,nan,True,0.9452,80.0,94.2,True,0,COLLECTING,0,,0,,,,,5,57,19,30,60,0.9994678584126655,0.17320508075688776
2026-08-31T21:03:32.646,121451890,P009,ambient_light,QUALITY,,,,739,1003747,117208,125705,116903.09,125372.02,304.91,332.98,307.9,486.26,False,False,nan,True,0.9452,80.0,94.2,True,0,COLLECTING,0,,0,,,,,5,57,19,30,60,0.9994678584126655,0.17320508075688776
2026-08-31T21:03:32.680,121451937,P009,ambient_light,QUALITY,,,,740,1003787,117232,125785,116909.66,125380.28,322.34,404.72,332.11,483.17,False,False,nan,True,0.9452,80.0,94.2,True,0,COLLECTING,0,,0,,,,,5,57,19,30,60,0.9994678584126655,0.17320508075688776
2026-08-31T21:03:32.815,121452062,P009,ambient_light,QUALITY,,,,741,1003827,117286,125936,116917.19,125391.4,368.81,544.6,385.23,481.21,False,False,nan,True,0.9452,80.0,94.2,True,0,COLLECTING,0,,0,,,,,4,57,19,30,60,0.9994678584126655,0.17320508075688776
2026-08-31T21:03:32.827,121452078,P009,ambient_light,QUALITY,,,,742,1003867,117348,126089,116925.8,125405.35,422.2,683.65,459.84,480.79,False,False,nan,True,0.9452,80.0,94.2,True,0,COLLECTING,0,,0,,,,,4,57,19,30,60,0.9994678584126655,0.17320508075688776
2026-08-31T21:03:32.835,121452078,P009,ambient_light,QUALITY,,,,743,1003907,117391,126197,116935.11,125421.19,455.89,775.81,538.83,481.95,False,False,nan,True,0.9452,80.0,94.2,True,0,COLLECTING,0,,0,,,,,4,57,19,30,60,0.9994678584126655,0.17320508075688776
2026-08-31T21:03:32.845,121452093,P009,ambient_light,QUALITY,,,,744,1003947,117425,126262,116944.91,125438.0,480.09,824.0,610.12,484.51,False,False,nan,True,0.9452,80.0,94.2,True,0,COLLECTING,0,,0,,,,,4,57,19,30,60,0.9994678584126655,0.17320508075688776
2026-08-31T21:03:32.879,121452125,P009,ambient_light,QUALITY,,,,745,1003987,117432,126272,116954.65,125454.68,477.35,817.32,661.92,488.06,False,False,nan,True,0.9452,80.0,94.2,True,0,COLLECTING,0,,0,,,,,4,57,19,30,60,0.9994678584126655,0.17320508075688776
2026-08-31T21:03:33.016,121452265,P009,ambient_light,QUALITY,,,,746,1004027,117460,126336,116964.76,125472.3,495.24,863.7,712.37,492.55,False,False,nan,True,0.9452,80.0,94.2,True,0,COLLECTING,0,,0,,,,,4,57,19,30,60,0.9998489885977783,0.17320508075688776
2026-08-31T21:03:33.028,121452281,P009,ambient_light,QUALITY,,,,747,1004067,117473,126389,116974.92,125490.64,498.08,898.36,758.86,497.87,False,False,nan,True,0.9452,80.0,94.2,True,0,COLLECTING,0,,0,,,,,4,57,19,30,60,0.9998489885977783,0.17320508075688776
2026-08-31T21:03:33.036,121452281,P009,ambient_light,QUALITY,,,,748,1004107,117429,126273,116984.0,125506.29,445.0,766.71,760.83,503.13,False,False,nan,True,0.9452,80.0,94.2,True,0,COLLECTING,0,,0,,,,,4,57,19,30,60,0.9998489885977783,0.17320508075688776
2026-08-31T21:03:33.045,121452296,P009,ambient_light,QUALITY,,,,749,1004147,117213,125747,116988.58,125511.1,224.42,235.9,629.59,505.66,True,True,720.0,True,0.9482,81.08,94.2,True,0,COLLECTING,0,,0,,,,,4,57,19,30,60,0.9998489885977783,0.17320508075688776
2026-08-31T21:03:33.082,121452328,P009,ambient_light,QUALITY,,,,750,1004187,116990,125182,116988.61,125504.52,1.39,-322.52,391.56,503.38,False,False,nan,True,0.9482,81.08,94.2,True,0,COLLECTING,0,,0,,,,,4,57,19,30,60,0.9998489885977783,0.17320508075688776
2026-08-31T21:03:33.216,121452468,P009,ambient_light,QUALITY,,,,751,1004227,116916,125026,116987.16,125494.95,-71.16,-468.95,176.44,496.84,False,False,nan,True,0.9482,81.08,94.2,True,0,COLLECTING,0,,0,,,,,5,57,19,30,60,0.9999144963445625,0.17320508075688776
2026-08-31T21:03:33.227,121452484,P009,ambient_light,QUALITY,,,,752,1004267,116963,125144,116986.67,125487.94,-23.67,-343.94,46.34,487.83,False,False,nan,True,0.9482,81.08,94.2,True,0,COLLECTING,0,,0,,,,,5,57,19,30,60,0.9999144963445625,0.17320508075688776
2026-08-31T21:03:33.241,121452500,P009,ambient_light,QUALITY,,,,753,1004307,117030,125307,116987.54,125484.32,42.46,-177.32,-9.57,478.26,False,False,nan,True,0.9482,81.08,94.2,True,0,COLLECTING,0,,0,,,,,5,57,19,30,60,0.9999144963445625,0.17320508075688776
2026-08-31T21:03:33.249,121452500,P009,ambient_light,QUALITY,,,,754,1004347,117078,125466,116989.35,125483.95,88.65,-17.95,-11.67,468.93,False,False,nan,True,0.9482,81.08,94.2,True,0,COLLECTING,0,,0,,,,,5,57,19,30,60,0.9999144963445625,0.17320508075688776
2026-08-31T21:03:33.280,121452531,P009,ambient_light,QUALITY,,,,755,1004387,117107,125521,116991.7,125484.7,115.3,36.3,0.32,459.56,False,False,nan,True,0.9482,81.08,94.2,True,0,COLLECTING,0,,0,,,,,5,57,19,30,60,0.9999144963445625,0.17320508075688776
2026-08-31T21:03:33.416,121452671,P009,ambient_light,QUALITY,,,,756,1004437,117106,125496,116993.99,125484.92,112.01,11.08,3.01,450.43,False,False,nan,True,0.9482,81.08,94.2,True,0,COLLECTING,0,,0,,,,,5,57,19,30,60,0.9999144963445625,0.17320508075688776
2026-08-31T21:03:33.426,121452671,P009,ambient_light,QUALITY,,,,757,1004467,117091,125490,116995.93,125485.02,95.07,4.98,3.5,441.49,False,False,nan,True,0.9482,81.08,94.2,True,0,COLLECTING,0,,0,,,,,5,57,19,30,60,0.9999144963445625,0.17320508075688776
2026-08-31T21:03:33.435,121452687,P009,ambient_light,QUALITY,,,,758,1004517,117112,125497,116998.25,125485.27,113.75,11.73,5.56,432.77,False,False,nan,True,0.9482,81.08,94.2,True,0,COLLECTING,0,,0,,,,,5,57,19,30,60,0.9999144963445625,0.17320508075688776
2026-08-31T21:03:33.450,121452703,P009,ambient_light,QUALITY,,,,759,1004557,117147,125602,117001.23,125487.6,145.77,114.4,32.77,424.77,False,False,nan,True,0.9482,81.08,94.2,True,0,COLLECTING,0,,0,,,,,5,57,19,30,60,0.9999144963445625,0.17320508075688776
2026-08-31T21:03:33.490,121452734,P009,ambient_light,QUALITY,,,,760,1004597,117226,125822,117005.72,125494.29,220.28,327.71,106.51,418.41,False,False,nan,True,0.9482,81.08,94.2,True,0,COLLECTING,0,,0,,,,,5,57,19,30,60,0.9999144963445625,0.17320508075688776
2026-08-31T21:03:33.616,121452859,P009,ambient_light,QUALITY,,,,761,1004637,117273,125844,117011.06,125501.28,261.94,342.72,165.56,413.35,False,False,nan,True,0.9482,81.08,94.2,True,0,COLLECTING,0,,0,,,,,4,57,19,30,60,0.9998489885977783,0.17320508075688776
2026-08-31T21:03:33.627,121452875,P009,ambient_light,QUALITY,,,,762,1004677,117293,125971,117016.7,125510.67,276.3,460.33,239.25,409.87,False,False,nan,True,0.9482,81.08,94.2,True,0,COLLECTING,0,,0,,,,,4,57,19,30,60,0.9998489885977783,0.17320508075688776
2026-08-31T21:03:33.636,121452890,P009,ambient_light,QUALITY,,,,763,1004717,117328,126031,117022.93,125521.08,305.07,509.92,306.92,407.81,False,False,nan,True,0.9482,81.08,94.2,True,0,COLLECTING,0,,0,,,,,4,57,19,30,60,0.9998489885977783,0.17320508075688776
2026-08-31T21:03:33.645,121452890,P009,ambient_light,QUALITY,,,,764,1004757,117369,126171,117029.85,125534.08,339.15,636.92,389.42,407.44,False,False,nan,True,0.9482,81.08,94.2,True,0,COLLECTING,0,,0,,,,,4,57,19,30,60,0.9998489885977783,0.17320508075688776
2026-08-31T21:03:33.691,121452937,P009,ambient_light,QUALITY,,,,765,1004797,117448,126298,117038.21,125549.36,409.79,748.64,479.22,408.88,False,False,nan,True,0.9482,81.08,94.2,True,0,COLLECTING,0,,0,,,,,4,57,19,30,60,0.9998489885977783,0.17320508075688776
2026-08-31T21:03:33.816,121453062,P009,ambient_light,QUALITY,,,,766,1004837,117512,126478,117047.69,125567.93,464.31,910.07,586.94,412.44,False,False,nan,True,0.9482,81.08,94.2,True,0,COLLECTING,0,,0,,,,,4,57,19,30,60,0.9998489885977783,0.17320508075688776
2026-08-31T21:03:33.828,121453078,P009,ambient_light,QUALITY,,,,767,1004877,117524,126521,117057.21,125586.99,466.79,934.01,673.7,417.66,False,False,nan,True,0.9482,81.08,94.2,True,0,COLLECTING,0,,0,,,,,4,57,19,30,60,0.9998489885977783,0.17320508075688776
2026-08-31T21:03:33.839,121453093,P009,ambient_light,QUALITY,,,,768,1004917,117358,126106,117063.23,125597.38,294.77,508.62,632.43,421.96,True,True,770.0,True,0.9475,80.94,94.2,True,0,COLLECTING,0,,0,,,,,4,57,19,30,60,0.9998489885977783,0.17320508075688776
2026-08-31T21:03:33.848,121453093,P009,ambient_light,QUALITY,,,,769,1004957,117088,125472,117063.72,125594.87,24.28,-122.87,443.61,422.39,False,False,nan,True,0.9475,80.94,94.2,True,0,COLLECTING,0,,0,,,,,4,57,19,30,60,0.9998489885977783,0.17320508075688776
2026-08-31T21:03:33.890,121453140,P009,ambient_light,QUALITY,,,,770,1004997,116965,125140,117061.74,125585.77,-96.74,-445.77,221.26,418.37,False,False,nan,True,0.9475,80.94,94.2,True,0,COLLECTING,0,,0,,,,,4,57,19,30,60,0.9998489885977783,0.17320508075688776
2026-08-31T21:03:34.017,121453265,P009,ambient_light,QUALITY,,,,771,1005037,116961,125183,117059.73,125577.72,-98.73,-394.72,67.27,411.35,False,False,nan,True,0.9475,80.94,94.2,True,0,COLLECTING,0,,0,,,,,5,57,19,30,60,0.9999144963445625,0.17320508075688776
2026-08-31T21:03:34.031,121453281,P009,ambient_light,QUALITY,,,,772,1005077,117034,125358,117059.21,125573.33,-25.21,-215.33,-3.38,403.19,False,False,nan,True,0.9475,80.94,94.2,True,0,COLLECTING,0,,0,,,,,5,57,19,30,60,0.9999144963445625,0.17320508075688776
2026-08-31T21:03:34.042,121453296,P009,ambient_light,QUALITY,,,,773,1005117,117102,125534,117060.07,125572.54,41.93,-38.54,-12.17,395.37,False,False,nan,True,0.9475,80.94,94.2,True,0,COLLECTING,0,,0,,,,,5,57,19,30,60,0.9999144963445625,0.17320508075688776
2026-08-31T21:03:34.051,121453296,P009,ambient_light,QUALITY,,,,774,1005157,117161,125605,117062.09,125573.19,98.91,31.81,-1.17,387.48,False,False,nan,True,0.9475,80.94,94.2,True,0,COLLECTING,0,,0,,,,,5,57,19,30,60,0.9999144963445625,0.17320508075688776
2026-08-31T21:03:34.090,121453343,P009,ambient_light,QUALITY,,,,775,1005197,117136,125592,117063.56,125573.56,72.44,18.44,3.73,379.81,False,False,nan,True,0.9475,80.94,94.2,True,0,COLLECTING,0,,0,,,,,5,57,19,30,60,0.9999144963445625,0.17320508075688776
2026-08-31T21:03:34.216,121453468,P009,ambient_light,QUALITY,,,,776,1005237,117119,125564,117064.67,125573.38,54.33,-9.38,0.45,372.22,False,False,nan,True,0.9475,80.94,94.2,True,0,COLLECTING,0,,0,,,,,5,57,19,30,60,0.9999144963445625,0.17320508075688776
2026-08-31T21:03:34.230,121453484,P009,ambient_light,QUALITY,,,,777,1005277,117143,125648,117066.24,125574.87,76.76,73.13,18.62,365.15,False,False,nan,True,0.9475,80.94,94.2,True,0,COLLECTING,0,,0,,,,,5,57,19,30,60,0.9999144963445625,0.17320508075688776
2026-08-31T21:03:34.242,121453500,P009,ambient_light,QUALITY,,,,778,1005317,117176,125760,117068.44,125578.57,107.56,181.43,59.32,359.03,False,False,nan,True,0.9475,80.94,94.2,True,0,COLLECTING,0,,0,,,,,5,57,19,30,60,0.9999144963445625,0.17320508075688776
2026-08-31T21:03:34.252,121453500,P009,ambient_light,QUALITY,,,,779,1005357,117192,125811,117070.91,125583.22,121.09,227.78,101.44,353.88,False,False,nan,True,0.9475,80.94,94.2,True,0,COLLECTING,0,,0,,,,,5,57,19,30,60,0.9999144963445625,0.17320508075688776
2026-08-31T21:03:34.293,121453546,P009,ambient_light,QUALITY,,,,780,1005397,117271,125916,117074.91,125589.88,196.09,326.12,157.61,349.96,False,False,nan,True,0.9475,80.94,94.2,True,0,COLLECTING,0,,0,,,,,5,57,19,30,60,0.9999144963445625,0.17320508075688776
2026-08-31T21:03:34.416,121453671,P009,ambient_light,QUALITY,,,,781,1005437,117203,126013,117077.47,125598.34,125.53,414.66,221.87,347.39,False,False,nan,True,0.9475,80.94,94.2,True,0,COLLECTING,0,,0,,,,,5,57,19,30,60,0.9994023213901397,0.17320508075688776
2026-08-31T21:03:34.426,121453671,P009,ambient_light,QUALITY,,,,782,1005477,117242,125979,117080.76,125605.95,161.24,373.05,259.67,345.64,False,False,nan,True,0.9475,80.94,94.2,True,0,COLLECTING,0,,0,,,,,5,57,19,30,60,0.9994023213901397,0.17320508075688776
2026-08-31T21:03:34.436,121453687,P009,ambient_light,QUALITY,,,,783,1005517,117287,126113,117084.88,125616.09,202.12,496.91,318.98,345.11,False,False,nan,True,0.9475,80.94,94.2,True,0,COLLECTING,0,,0,,,,,5,57,19,30,60,0.9994023213901397,0.17320508075688776
2026-08-31T21:03:34.446,121453703,P009,ambient_light,QUALITY,,,,784,1005557,117353,126212,117090.24,125628.01,262.76,583.99,385.23,345.91,False,False,nan,True,0.9475,80.94,94.2,True,0,COLLECTING,0,,0,,,,,5,57,19,30,60,0.9994023213901397,0.17320508075688776
2026-08-31T21:03:34.491,121453734,P009,ambient_light,QUALITY,,,,785,1005597,117357,126362,117095.58,125642.69,261.42,719.31,468.75,348.37,False,False,nan,True,0.9475,80.94,94.2,True,0,COLLECTING,0,,0,,,,,5,57,19,30,60,0.9994023213901397,0.17320508075688776
2026-08-31T21:03:34.616,121453875,P009,ambient_light,QUALITY,,,,786,1005637,117347,126175,117100.61,125653.34,246.39,521.66,481.98,351.04,False,False,nan,True,0.9475,80.94,94.2,True,0,COLLECTING,0,,0,,,,,5,57,19,30,60,0.9994678584126655,0.17320508075688776
2026-08-31T21:03:34.627,121453875,P009,ambient_light,QUALITY,,,,787,1005677,117135,125663,117101.3,125653.53,33.7,9.47,363.85,351.29,True,True,760.0,True,0.9475,80.94,94.2,True,0,COLLECTING,0,,0,,,,,5,57,19,30,60,0.9994678584126655,0.17320508075688776
2026-08-31T21:03:34.637,121453890,P009,ambient_light,QUALITY,,,,788,1005717,116894,125160,117097.15,125643.66,-203.15,-483.66,151.97,347.31,False,False,nan,True,0.9475,80.94,94.2,True,0,COLLECTING,0,,0,,,,,5,57,19,30,60,0.9994678584126655,0.17320508075688776
2026-08-31T21:03:34.646,121453890,P009,ambient_light,QUALITY,,,,789,1005757,116848,125065,117092.16,125632.09,-244.16,-567.09,-27.79,340.92,False,False,nan,True,0.9475,80.94,94.2,True,0,COLLECTING,0,,0,,,,,5,57,19,30,60,0.9994678584126655,0.17320508075688776
2026-08-31T21:03:34.692,121453937,P009,ambient_light,QUALITY,,,,790,1005797,116968,125298,117089.68,125625.41,-121.68,-327.41,-102.7,336.15,False,False,nan,True,0.9475,80.94,94.2,True,0,COLLECTING,0,,0,,,,,5,57,19,30,60,0.9994678584126655,0.17320508075688776
2026-08-31T21:03:34.817,121454062,P009,ambient_light,QUALITY,,,,791,1005837,117067,125524,117089.23,125623.38,-22.23,-99.38,-101.87,331.47,False,False,nan,True,0.9475,80.94,94.2,True,0,COLLECTING,0,,0,,,,,6,57,19,30,60,0.9999144963445625,0.17320508075688776
2026-08-31T21:03:34.829,121454078,P009,ambient_light,QUALITY,,,,792,1005877,117133,125650,117090.1,125623.91,42.9,26.09,-69.88,326.24,False,False,nan,True,0.9475,80.94,94.2,True,0,COLLECTING,0,,0,,,,,6,57,19,30,60,0.9999144963445625,0.17320508075688776
2026-08-31T21:03:34.840,121454093,P009,ambient_light,QUALITY,,,,793,1005917,117124,125711,117090.78,125625.66,33.22,85.34,-31.07,320.33,False,False,nan,True,0.9475,80.94,94.2,True,0,COLLECTING,0,,0,,,,,6,57,19,30,60,0.9999144963445625,0.17320508075688776
2026-08-31T21:03:34.850,121454093,P009,ambient_light,QUALITY,,,,794,1005957,117143,125733,117091.83,125627.8,51.17,105.2,2.99,313.99,False,False,nan,True,0.9475,80.94,94.2,True,0,COLLECTING,0,,0,,,,,6,57,19,30,60,0.9999144963445625,0.17320508075688776
2026-08-31T21:03:34.890,121454140,P009,ambient_light,QUALITY,,,,795,1005997,117188,125782,117093.75,125630.89,94.25,151.11,40.02,308.51,False,False,nan,True,0.9475,80.94,94.2,True,0,COLLECTING,0,,0,,,,,6,57,19,30,60,0.9999144963445625,0.17320508075688776
2026-08-31T21:03:35.015,121454265,P009,ambient_light,QUALITY,,,,796,1006037,117306,125984,117097.99,125637.95,208.01,346.05,116.53,304.67,False,False,nan,True,0.9475,80.94,94.2,True,0,COLLECTING,0,,0,,,,,6,57,19,30,60,0.9985754853790474,0.17320508075688776
2026-08-31T21:03:35.027,121454281,P009,ambient_light,QUALITY,,,,797,1006077,117369,126190,117103.41,125648.99,265.59,541.01,222.65,303.03,False,False,nan,True,0.9475,80.94,94.2,True,0,COLLECTING,0,,0,,,,,6,57,19,30,60,0.9985754853790474,0.17320508075688776
2026-08-31T21:03:35.037,121454281,P009,ambient_light,QUALITY,,,,798,1006117,117492,126445,117111.19,125664.91,380.81,780.09,362.01,304.21,False,False,nan,True,0.9475,80.94,94.2,True,0,COLLECTING,0,,0,,,,,6,57,19,30,60,0.9985754853790474,0.17320508075688776
2026-08-31T21:03:35.047,121454296,P009,ambient_light,QUALITY,,,,799,1006157,117587,126717,117120.7,125685.95,466.3,1031.05,529.27,308.71,False,False,nan,True,0.9475,80.94,94.2,True,0,COLLECTING,0,,0,,,,,6,57,19,30,60,0.9985754853790474,0.17320508075688776
2026-08-31T21:03:35.090,121454343,P009,ambient_light,QUALITY,,,,800,1006197,117673,126902,117131.75,125710.27,541.25,1191.73,694.88,316.43,False,False,nan,True,0.9475,80.94,94.2,True,0,COLLECTING,0,,0,,,,,6,57,19,30,60,0.9985754853790474,0.17320508075688776
2026-08-31T21:03:35.216,121454468,P009,ambient_light,QUALITY,,,,801,1006237,117735,126998,117143.81,125736.03,591.19,1261.97,836.65,326.84,False,False,nan,True,0.9475,80.94,94.2,True,0,COLLECTING,0,,0,,,,,6,57,19,30,60,0.9999144963445625,0.17320508075688776
2026-08-31T21:03:35.228,121454484,P009,ambient_light,QUALITY,,,,802,1006277,117711,127059,117155.16,125762.49,555.84,1296.51,951.62,339.33,False,False,nan,True,0.9475,80.94,94.2,True,0,COLLECTING,0,,0,,,,,6,57,19,30,60,0.9999144963445625,0.17320508075688776
2026-08-31T21:03:35.239,121454484,P009,ambient_light,QUALITY,,,,803,1006317,117770,127099,117167.45,125789.22,602.55,1309.78,1041.16,353.37,False,False,nan,True,0.9475,80.94,94.2,True,0,COLLECTING,0,,0,,,,,6,57,19,30,60,0.9999144963445625,0.17320508075688776
2026-08-31T21:03:35.248,121454500,P009,ambient_light,QUALITY,,,,804,1006357,117724,127025,117178.59,125813.94,545.41,1211.06,1083.63,367.97,False,False,nan,True,0.9475,80.94,94.2,True,0,COLLECTING,0,,0,,,,,6,57,19,30,60,0.9999144963445625,0.17320508075688776
2026-08-31T21:03:35.290,121454546,P009,ambient_light,QUALITY,,,,805,1006397,117576,126594,117186.53,125829.54,389.47,764.46,1003.84,380.69,True,True,720.0,True,0.9533,82.05,94.2,True,0,COLLECTING,0,,0,,,,,6,57,19,30,60,0.9999144963445625,0.17320508075688776
2026-08-31T21:03:35.415,121454671,P009,ambient_light,QUALITY,,,,806,1006437,117301,126027,117188.82,125833.48,112.18,193.52,801.26,389.1,False,False,nan,True,0.9533,82.05,94.2,True,0,COLLECTING,0,,0,,,,,7,57,19,30,60,0.9999144963445625,0.17320508075688776
2026-08-31T21:03:35.427,121454671,P009,ambient_light,QUALITY,,,,807,1006477,117244,125844,117189.92,125833.7,54.08,10.3,603.52,393.39,False,False,nan,True,0.9533,82.05,94.2,True,0,COLLECTING,0,,0,,,,,7,57,19,30,60,0.9999144963445625,0.17320508075688776
2026-08-31T21:03:35.437,121454687,P009,ambient_light,QUALITY,,,,808,1006517,117280,125974,117191.73,125836.5,88.27,137.5,487.02,395.26,False,False,nan,True,0.9533,82.05,94.2,True,0,COLLECTING,0,,0,,,,,7,57,19,30,60,0.9999144963445625,0.17320508075688776
2026-08-31T21:03:35.450,121454703,P009,ambient_light,QUALITY,,,,809,1006557,117343,126108,117194.75,125841.93,148.25,266.07,431.78,395.99,False,False,nan,True,0.9533,82.05,94.2,True,0,COLLECTING,0,,0,,,,,7,57,19,30,60,0.9999144963445625,0.17320508075688776
2026-08-31T21:03:35.491,121454734,P009,ambient_light,QUALITY,,,,810,1006597,117343,126213,117197.72,125849.35,145.28,363.65,414.75,396.37,False,False,nan,True,0.9533,82.05,94.2,True,0,COLLECTING,0,,0,,,,,7,57,19,30,60,0.9999144963445625,0.17320508075688776
2026-08-31T21:03:35.615,121454859,P009,ambient_light,QUALITY,,,,811,1006637,117386,126223,117201.48,125856.83,184.52,366.17,402.6,396.49,False,False,nan,True,0.9533,82.05,98.06,True,0,COLLECTING,0,,0,,,,,7,57,19,30,60,0.9999144963445625,0.17320508075688776
2026-08-31T21:03:35.626,121454875,P009,ambient_light,QUALITY,,,,812,1006677,117317,126117,117203.8,125862.03,113.2,254.97,365.69,395.88,False,False,nan,True,0.9533,82.05,98.06,True,0,COLLECTING,0,,0,,,,,7,57,19,30,60,0.9999144963445625,0.17320508075688776
2026-08-31T21:03:35.636,121454890,P009,ambient_light,QUALITY,,,,813,1006717,117244,125977,117204.6,125864.33,39.4,112.67,302.44,394.01,False,False,nan,True,0.9533,82.05,98.06,True,0,COLLECTING,0,,0,,,,,7,57,19,30,60,0.9999144963445625,0.17320508075688776
2026-08-31T21:03:35.650,121454906,P009,ambient_light,QUALITY,,,,814,1006757,117283,125990,117206.17,125866.84,76.83,123.16,257.62,391.28,False,False,nan,True,0.9533,82.05,98.06,True,0,COLLECTING,0,,0,,,,,7,57,19,30,60,0.9999144963445625,0.17320508075688776
2026-08-31T21:03:35.690,121454937,P009,ambient_light,QUALITY,,,,815,1006797,117289,126118,117207.83,125871.87,81.17,246.13,254.75,388.55,False,False,nan,True,0.9533,82.05,98.06,True,0,COLLECTING,0,,0,,,,,7,57,19,30,60,0.9999144963445625,0.17320508075688776
2026-08-31T21:03:35.816,121455062,P009,ambient_light,QUALITY,,,,816,1006837,117394,126271,117211.55,125879.85,182.45,391.15,288.85,386.56,False,False,nan,True,0.9533,82.05,98.06,True,0,COLLECTING,0,,0,,,,,7,57,19,30,60,0.9999144963445625,0.17320508075688776
2026-08-31T21:03:35.827,121455078,P009,ambient_light,QUALITY,,,,817,1006877,117420,126427,117215.73,125890.8,204.27,536.2,350.69,385.84,False,False,nan,True,0.9533,82.05,98.06,True,0,COLLECTING,0,,0,,,,,7,57,19,30,60,0.9999144963445625,0.17320508075688776
2026-08-31T21:03:35.835,121455093,P009,ambient_light,QUALITY,,,,818,1006917,117489,126533,117221.2,125903.64,267.8,629.36,420.35,386.53,False,False,nan,True,0.9533,82.05,98.06,True,0,COLLECTING,0,,0,,,,,7,57,19,30,60,0.9999144963445625,0.17320508075688776
2026-08-31T21:03:35.845,121455093,P009,ambient_light,QUALITY,,,,819,1006957,117520,126612,117227.17,125917.8,292.83,694.2,488.81,388.57,False,False,nan,True,0.9533,82.05,98.06,True,0,COLLECTING,0,,0,,,,,7,57,19,30,60,0.9999144963445625,0.17320508075688776
2026-08-31T21:03:35.892,121455140,P009,ambient_light,QUALITY,,,,820,1006997,117536,126691,117233.35,125933.27,302.65,757.73,556.04,391.92,False,False,nan,True,0.9533,82.05,98.06,True,0,COLLECTING,0,,0,,,,,7,57,19,30,60,0.9999144963445625,0.17320508075688776
2026-08-31T21:03:36.017,121455265,P009,ambient_light,QUALITY,,,,821,1007037,117573,126741,117240.14,125949.42,332.86,791.58,614.93,396.38,False,False,nan,True,0.9533,82.05,98.06,True,0,COLLECTING,0,,0,,,,,7,57,19,30,60,0.9999144963445625,0.17320508075688776
2026-08-31T21:03:36.029,121455281,P009,ambient_light,QUALITY,,,,822,1007077,117613,126797,117247.6,125966.38,365.4,830.62,668.85,401.83,False,False,nan,True,0.9533,82.05,98.06,True,0,COLLECTING,0,,0,,,,,7,57,19,30,60,0.9999144963445625,0.17320508075688776
2026-08-31T21:03:36.042,121455296,P009,ambient_light,QUALITY,,,,823,1007117,117585,126697,117254.35,125980.98,330.65,716.02,680.64,407.41,False,False,nan,True,0.9533,82.05,98.06,True,0,COLLECTING,0,,0,,,,,7,57,19,30,60,0.9999144963445625,0.17320508075688776
2026-08-31T21:03:36.052,121455296,P009,ambient_light,QUALITY,,,,824,1007157,117395,126264,117257.16,125986.65,137.84,277.35,579.82,410.86,True,True,760.0,True,0.9613,82.62,98.06,True,0,COLLECTING,0,,0,,,,,7,57,19,30,60,0.9999144963445625,0.17320508075688776
2026-08-31T21:03:36.090,121455343,P009,ambient_light,QUALITY,,,,825,1007197,117211,125801,117256.24,125982.94,-45.24,-181.94,389.38,410.43,False,False,nan,True,0.9613,82.62,98.06,True,0,COLLECTING,0,,0,,,,,7,57,19,30,60,0.9999144963445625,0.17320508075688776
2026-08-31T21:03:36.216,121455468,P009,ambient_light,QUALITY,,,,826,1007237,117148,125686,117254.08,125977.0,-106.08,-291.0,219.29,406.6,False,False,nan,True,0.9613,82.62,98.06,True,0,COLLECTING,0,,0,,,,,8,57,19,30,60,0.9999144963445625,0.17320508075688776
2026-08-31T21:03:36.227,121455484,P009,ambient_light,QUALITY,,,,827,1007277,117171,125772,117252.41,125972.9,-81.41,-200.9,114.24,400.76,False,False,nan,True,0.9613,82.62,98.06,True,0,COLLECTING,0,,0,,,,,8,57,19,30,60,0.9999144963445625,0.17320508075688776
2026-08-31T21:03:36.236,121455484,P009,ambient_light,QUALITY,,,,828,1007317,117226,125871,117251.88,125970.86,-25.88,-99.86,60.71,393.96,False,False,nan,True,0.9613,82.62,98.06,True,0,COLLECTING,0,,0,,,,,8,57,19,30,60,0.9999144963445625,0.17320508075688776
2026-08-31T21:03:36.245,121455500,P009,ambient_light,QUALITY,,,,829,1007357,117259,125968,117252.02,125970.8,6.98,-2.8,44.83,386.97,False,False,nan,True,0.9613,82.62,98.06,True,0,COLLECTING,0,,0,,,,,8,57,19,30,60,0.9999144963445625,0.17320508075688776
2026-08-31T21:03:36.289,121455546,P009,ambient_light,QUALITY,,,,830,1007397,117270,125977,117252.38,125970.93,17.62,6.07,35.14,379.94,False,False,nan,True,0.9613,82.62,98.06,True,0,COLLECTING,0,,0,,,,,8,57,19,30,60,0.9999144963445625,0.17320508075688776
2026-08-31T21:03:36.416,121455671,P009,ambient_light,QUALITY,,,,831,1007437,117235,125873,117252.04,125968.97,-17.04,-95.97,2.37,372.39,False,False,nan,True,0.9613,82.62,98.06,True,0,COLLECTING,0,,0,,,,,8,57,19,30,60,0.9999144963445625,0.17320508075688776
2026-08-31T21:03:36.426,121455671,P009,ambient_light,QUALITY,,,,832,1007477,117198,125813,117250.96,125965.85,-52.96,-152.85,-36.44,365.67,False,False,nan,True,0.9613,82.62,98.06,True,0,COLLECTING,0,,0,,,,,8,57,19,30,60,0.9999144963445625,0.17320508075688776
2026-08-31T21:03:36.435,121455687,P009,ambient_light,QUALITY,,,,833,1007517,117238,125877,117250.7,125964.08,-12.7,-87.08,-49.1,359.34,False,False,nan,True,0.9613,82.62,98.06,True,0,COLLECTING,0,,0,,,,,8,57,19,30,60,0.9999144963445625,0.17320508075688776
2026-08-31T21:03:36.450,121455703,P009,ambient_light,QUALITY,,,,834,1007557,117284,126013,117251.37,125965.05,32.63,47.95,-24.84,352.65,False,False,nan,True,0.9613,82.62,98.06,True,0,COLLECTING,0,,0,,,,,8,57,19,30,60,0.9999144963445625,0.17320508075688776
2026-08-31T21:03:36.490,121455734,P009,ambient_light,QUALITY,,,,835,1007597,117353,126178,117253.4,125969.31,99.6,208.69,33.54,346.26,False,False,nan,True,0.9613,82.62,98.06,True,0,COLLECTING,0,,0,,,,,8,57,19,30,60,0.9999144963445625,0.17320508075688776
2026-08-31T21:03:36.615,121455859,P009,ambient_light,QUALITY,,,,836,1007637,117414,126351,117256.61,125976.95,157.39,374.05,118.67,341.71,False,False,nan,True,0.9613,82.62,98.06,True,0,COLLECTING,0,,0,,,,,8,57,19,30,60,0.9999144963445625,0.17320508075688776
2026-08-31T21:03:36.629,121455875,P009,ambient_light,QUALITY,,,,837,1007677,117461,126449,117260.7,125986.38,200.3,462.62,204.66,338.97,False,False,nan,True,0.9613,82.62,98.06,True,0,COLLECTING,0,,0,,,,,8,57,19,30,60,0.9999144963445625,0.17320508075688776
2026-08-31T21:03:36.637,121455890,P009,ambient_light,QUALITY,,,,838,1007717,117490,126508,117265.28,125996.81,224.72,511.19,281.29,337.82,False,False,nan,True,0.9613,82.62,98.06,True,0,COLLECTING,0,,0,,,,,8,57,19,30,60,0.9999144963445625,0.17320508075688776
2026-08-31T21:03:36.646,121455890,P009,ambient_light,QUALITY,,,,839,1007757,117511,126540,117270.2,126007.68,240.8,532.32,344.05,337.94,False,False,nan,True,0.9613,82.62,98.06,True,0,COLLECTING,0,,0,,,,,8,57,19,30,60,0.9999144963445625,0.17320508075688776
2026-08-31T21:03:36.689,121455937,P009,ambient_light,QUALITY,,,,840,1007797,117520,126585,117275.19,126019.23,244.81,565.77,399.48,339.17,False,False,nan,True,0.9613,82.62,98.06,True,0,COLLECTING,0,,0,,,,,8,57,19,30,60,0.9999144963445625,0.17320508075688776
2026-08-31T21:03:36.815,121456062,P009,ambient_light,QUALITY,,,,841,1007837,117571,126699,117281.1,126032.82,289.9,666.18,466.15,341.71,False,False,nan,True,0.9613,82.62,98.06,True,0,COLLECTING,0,,0,,,,,8,57,19,30,60,0.9999144963445625,0.17320508075688776
2026-08-31T21:03:36.827,121456078,P009,ambient_light,QUALITY,,,,842,1007877,117583,126726,117287.14,126046.69,295.86,679.31,519.44,345.27,False,False,nan,True,0.9613,82.62,98.06,True,0,COLLECTING,0,,0,,,,,8,57,19,30,60,0.9999144963445625,0.17320508075688776
2026-08-31T21:03:36.835,121456078,P009,ambient_light,QUALITY,,,,843,1007917,117468,126431,117290.76,126054.38,177.24,376.62,483.74,348.04,True,True,760.0,True,0.9596,82.05,98.06,True,0,COLLECTING,0,,0,,,,,8,57,19,30,60,0.9999144963445625,0.17320508075688776
2026-08-31T21:03:36.846,121456093,P009,ambient_light,QUALITY,,,,844,1007957,117204,125788,117289.02,126049.05,-85.02,-261.05,297.54,347.03,False,False,nan,True,0.9596,82.05,98.06,True,0,COLLECTING,0,,0,,,,,8,57,19,30,60,0.9999144963445625,0.17320508075688776
2026-08-31T21:03:36.891,121456140,P009,ambient_light,QUALITY,,,,845,1007997,117012,125353,117283.48,126035.12,-271.48,-682.12,52.63,341.14,False,False,nan,True,0.9596,82.05,98.06,True,0,COLLECTING,0,,0,,,,,8,57,19,30,60,0.9999144963445625,0.17320508075688776
2026-08-31T21:03:37.015,121456265,P009,ambient_light,QUALITY,,,,846,1008037,117016,125352,117278.13,126021.46,-262.13,-669.46,-127.9,336.87,False,False,nan,True,0.9596,82.05,98.06,True,0,COLLECTING,0,,0,,,,,9,57,19,30,60,0.9999144963445625,0.17320508075688776
2026-08-31T21:03:37.026,121456281,P009,ambient_light,QUALITY,,,,847,1008077,117067,125483,117273.91,126010.7,-206.91,-527.7,-227.85,334.69,False,False,nan,True,0.9596,82.05,98.06,True,0,COLLECTING,0,,0,,,,,9,57,19,30,60,0.9999144963445625,0.17320508075688776
2026-08-31T21:03:37.037,121456281,P009,ambient_light,QUALITY,,,,848,1008117,117109,125589,117270.62,126002.26,-161.62,-413.26,-274.2,333.48,False,False,nan,True,0.9596,82.05,98.06,True,0,COLLECTING,0,,0,,,,,9,57,19,30,60,0.9999144963445625,0.17320508075688776
2026-08-31T21:03:37.046,121456296,P009,ambient_light,QUALITY,,,,849,1008157,117131,125637,117267.83,125994.95,-136.83,-357.95,-295.14,332.72,False,False,nan,True,0.9596,82.05,98.06,True,0,COLLECTING,0,,0,,,,,9,57,19,30,60,0.9999144963445625,0.17320508075688776
2026-08-31T21:03:37.090,121456343,P009,ambient_light,QUALITY,,,,850,1008197,117155,125667,117265.57,125988.39,-110.57,-321.39,-301.7,332.1,False,False,nan,True,0.9596,82.05,98.06,True,0,COLLECTING,0,,0,,,,,9,57,19,30,60,0.9999144963445625,0.17320508075688776
2026-08-31T21:03:37.215,121456468,P009,ambient_light,QUALITY,,,,851,1008237,117140,125651,117263.06,125981.64,-123.06,-330.64,-308.94,331.63,False,False,nan,True,0.9596,82.05,98.06,True,0,COLLECTING,0,,0,,,,,9,57,19,30,60,0.9999144963445625,0.17320508075688776
2026-08-31T21:03:37.227,121456484,P009,ambient_light,QUALITY,,,,852,1008277,117164,125720,117261.08,125976.41,-97.08,-256.41,-295.8,330.92,False,False,nan,True,0.9596,82.05,98.06,True,0,COLLECTING,0,,0,,,,,9,57,19,30,60,0.9999144963445625,0.17320508075688776
2026-08-31T21:03:37.237,121456484,P009,ambient_light,QUALITY,,,,853,1008317,117199,125795,117259.84,125972.78,-60.84,-177.78,-266.3,329.62,False,False,nan,True,0.9596,82.05,98.06,True,0,COLLECTING,0,,0,,,,,9,57,19,30,60,0.9999144963445625,0.17320508075688776
2026-08-31T21:03:37.246,121456500,P009,ambient_light,QUALITY,,,,854,1008357,117233,125886,117259.3,125971.05,-26.3,-85.05,-220.99,327.45,False,False,nan,True,0.9596,82.05,98.06,True,0,COLLECTING,0,,0,,,,,9,57,19,30,60,0.9999144963445625,0.17320508075688776
2026-08-31T21:03:37.289,121456546,P009,ambient_light,QUALITY,,,,855,1008397,117272,125961,117259.55,125970.84,12.45,-9.84,-168.2,324.27,False,False,nan,True,0.9596,82.05,98.06,True,0,COLLECTING,0,,0,,,,,9,57,19,30,60,0.9999144963445625,0.17320508075688776
2026-08-31T21:03:37.416,121456671,P009,ambient_light,QUALITY,,,,856,1008437,117298,126044,117260.32,125972.3,37.68,71.7,-108.23,319.95,False,False,nan,True,0.9596,82.05,98.06,True,0,COLLECTING,0,,0,,,,,9,57,19,30,60,0.9999144963445625,0.17320508075688776
2026-08-31T21:03:37.427,121456671,P009,ambient_light,QUALITY,,,,857,1008477,117337,126129,117261.85,125975.44,75.15,153.56,-42.78,314.4,False,False,nan,True,0.9596,82.05,98.06,True,0,COLLECTING,0,,0,,,,,9,57,19,30,60,0.9999144963445625,0.17320508075688776
2026-08-31T21:03:37.437,121456687,P009,ambient_light,QUALITY,,,,858,1008517,117403,126285,117264.67,125981.62,138.33,303.38,43.76,308.99,False,False,nan,True,0.9596,82.05,98.06,True,0,COLLECTING,0,,0,,,,,9,57,19,30,60,0.9999144963445625,0.17320508075688776
2026-08-31T21:03:37.449,121456703,P009,ambient_light,QUALITY,,,,859,1008557,117447,126412,117268.32,125990.23,178.68,421.77,138.26,305.57,False,False,nan,True,0.9596,82.05,98.06,True,0,COLLECTING,0,,0,,,,,9,57,19,30,60,0.9999144963445625,0.17320508075688776
2026-08-31T21:03:37.489,121456734,P009,ambient_light,QUALITY,,,,860,1008597,117490,126498,117272.75,126000.39,217.25,497.61,228.1,304.02,False,False,nan,True,0.9596,82.05,98.06,True,0,COLLECTING,0,,0,,,,,9,57,19,30,60,0.9999144963445625,0.17320508075688776
2026-08-31T21:03:37.616,121456859,P009,ambient_light,QUALITY,,,,861,1008637,117521,126596,117277.72,126012.3,243.28,583.7,317.0,304.28,False,False,nan,True,0.9596,82.05,98.06,True,0,COLLECTING,0,,0,,,,,9,57,19,30,60,0.9999144963445625,0.17320508075688776
2026-08-31T21:03:37.628,121456875,P009,ambient_light,QUALITY,,,,862,1008677,117552,126659,117283.2,126025.24,268.8,633.76,396.19,306.12,False,False,nan,True,0.9596,82.05,98.06,True,0,COLLECTING,0,,0,,,,,9,57,19,30,60,0.9999144963445625,0.17320508075688776
2026-08-31T21:03:37.636,121456890,P009,ambient_light,QUALITY,,,,863,1008717,117429,126332,117286.12,126031.38,142.88,300.62,372.3,307.45,True,True,800.0,True,0.9598,80.4,98.06,True,0,COLLECTING,0,,0,,,,,9,57,19,30,60,0.9999144963445625,0.17320508075688776
2026-08-31T21:03:37.645,121456890,P009,ambient_light,QUALITY,,,,864,1008757,117165,125695,117283.7,126024.65,-118.7,-329.65,196.81,305.23,False,False,nan,True,0.9598,80.4,98.06,True,0,COLLECTING,0,,0,,,,,9,57,19,30,60,0.9999144963445625,0.17320508075688776
2026-08-31T21:03:37.690,121456937,P009,ambient_light,QUALITY,,,,865,1008797,117011,125334,117278.24,126010.84,-267.24,-676.84,-21.6,299.56,False,False,nan,True,0.9598,80.4,98.06,True,0,COLLECTING,0,,0,,,,,9,57,19,30,60,0.9999144963445625,0.17320508075688776
2026-08-31T21:03:37.816,121457062,P009,ambient_light,QUALITY,,,,866,1008837,116991,125289,117272.5,125996.4,-281.5,-707.4,-193.05,297.43,False,False,nan,True,0.9598,80.4,98.06,True,0,COLLECTING,0,,0,,,,,10,57,19,30,60,0.9998489885977783,0.17320508075688776
2026-08-31T21:03:37.828,121457078,P009,ambient_light,QUALITY,,,,867,1008877,117003,125314,117267.11,125982.75,-264.11,-668.75,-311.98,297.72,False,False,nan,True,0.9598,80.4,98.06,True,0,COLLECTING,0,,0,,,,,10,57,19,30,60,0.9998489885977783,0.17320508075688776
2026-08-31T21:03:37.838,121457093,P009,ambient_light,QUALITY,,,,868,1008917,117034,125400,117262.45,125971.09,-228.45,-571.09,-376.75,299.3,False,False,nan,True,0.9598,80.4,98.06,True,0,COLLECTING,0,,0,,,,,10,57,19,30,60,0.9998489885977783,0.17320508075688776
2026-08-31T21:03:37.846,121457093,P009,ambient_light,QUALITY,,,,869,1008957,117074,125484,117258.68,125961.35,-184.68,-477.35,-401.9,301.35,False,False,nan,True,0.9598,80.4,98.06,True,0,COLLECTING,0,,0,,,,,10,57,19,30,60,0.9998489885977783,0.17320508075688776
2026-08-31T21:03:37.891,121457140,P009,ambient_light,QUALITY,,,,870,1008997,117091,125529,117255.33,125952.7,-164.33,-423.7,-407.35,303.47,False,False,nan,True,0.9598,80.4,98.06,True,0,COLLECTING,0,,0,,,,,10,57,19,30,60,0.9998489885977783,0.17320508075688776
2026-08-31T21:03:38.019,121457265,P009,ambient_light,QUALITY,,,,871,1009037,117092,125534,117252.06,125944.33,-160.06,-410.33,-408.1,305.57,False,False,nan,True,0.9598,80.4,98.06,True,0,COLLECTING,0,,0,,,,,10,57,19,30,60,0.9999144963445625,0.17320508075688776
2026-08-31T21:03:38.029,121457281,P009,ambient_light,QUALITY,,,,872,1009077,117098,125564,117248.98,125936.72,-150.98,-372.72,-399.25,307.44,False,False,nan,True,0.9598,80.4,98.06,True,0,COLLECTING,0,,0,,,,,10,57,19,30,60,0.9999144963445625,0.17320508075688776
2026-08-31T21:03:38.037,121457281,P009,ambient_light,QUALITY,,,,873,1009117,117125,125630,117246.51,125930.59,-121.51,-300.59,-374.59,308.78,False,False,nan,True,0.9598,80.4,98.06,True,0,COLLECTING,0,,0,,,,,10,57,19,30,60,0.9999144963445625,0.17320508075688776
2026-08-31T21:03:38.045,121457296,P009,ambient_light,QUALITY,,,,874,1009157,117169,125733,117244.96,125926.63,-75.96,-193.63,-329.35,309.19,False,False,nan,True,0.9598,80.4,98.06,True,0,COLLECTING,0,,0,,,,,10,57,19,30,60,0.9999144963445625,0.17320508075688776
2026-08-31T21:03:38.099,121457343,P009,ambient_light,QUALITY,,,,875,1009197,117222,125896,117244.5,125926.02,-22.5,-30.02,-254.52,308.1,False,False,nan,True,0.9598,80.4,98.06,True,0,COLLECTING,0,,0,,,,,10,57,19,30,60,0.9999144963445625,0.17320508075688776
2026-08-31T21:03:38.216,121457468,P009,ambient_light,QUALITY,,,,876,1009237,117301,126048,117245.63,125928.46,55.37,119.54,-161.0,305.16,False,False,nan,True,0.9598,80.4,98.06,True,0,COLLECTING,0,,0,,,,,10,57,19,30,60,0.9999144963445625,0.17320508075688776
2026-08-31T21:03:38.227,121457484,P009,ambient_light,QUALITY,,,,877,1009277,117345,126153,117247.62,125932.95,97.38,220.05,-65.74,300.37,False,False,nan,True,0.9598,80.4,98.06,True,0,COLLECTING,0,,0,,,,,10,57,19,30,60,0.9999144963445625,0.17320508075688776
2026-08-31T21:03:38.236,121457484,P009,ambient_light,QUALITY,,,,878,1009317,117378,126224,117250.23,125938.77,127.77,285.23,22.0,294.8,False,False,nan,True,0.9598,80.4,98.06,True,0,COLLECTING,0,,0,,,,,10,57,19,30,60,0.9999144963445625,0.17320508075688776
2026-08-31T21:03:38.245,121457500,P009,ambient_light,QUALITY,,,,879,1009357,117396,126274,117253.14,125945.48,142.86,328.52,98.63,290.88,False,False,nan,True,0.9598,80.4,98.06,True,0,COLLECTING,0,,0,,,,,10,57,19,30,60,0.9999144963445625,0.17320508075688776
2026-08-31T21:03:38.291,121457546,P009,ambient_light,QUALITY,,,,880,1009397,117419,126306,117256.46,125952.69,162.54,353.31,162.3,288.31,False,False,nan,True,0.9598,80.4,98.06,True,0,COLLECTING,0,,0,,,,,10,57,19,30,60,0.9999144963445625,0.17320508075688776
2026-08-31T21:03:38.415,121457671,P009,ambient_light,QUALITY,,,,881,1009437,117434,126363,117260.01,125960.89,173.99,402.11,222.25,286.99,False,False,nan,True,0.9598,80.4,98.06,True,0,COLLECTING,0,,0,,,,,10,57,19,30,60,0.9999144963445625,0.17320508075688776
2026-08-31T21:03:38.429,121457687,P009,ambient_light,QUALITY,,,,882,1009477,117482,126462,117264.45,125970.91,217.55,491.09,289.46,287.04,False,False,nan,True,0.9598,80.4,98.06,True,0,COLLECTING,0,,0,,,,,10,57,19,30,60,0.9999144963445625,0.17320508075688776
2026-08-31T21:03:38.439,121457687,P009,ambient_light,QUALITY,,,,883,1009517,117508,126504,117269.31,125981.58,238.69,522.42,347.7,288.25,False,False,nan,True,0.9598,80.4,98.06,True,0,COLLECTING,0,,0,,,,,10,57,19,30,60,0.9999144963445625,0.17320508075688776
2026-08-31T21:03:38.447,121457703,P009,ambient_light,QUALITY,,,,884,1009557,117375,126172,117271.43,125985.38,103.57,186.62,307.43,288.63,True,True,840.0,True,0.9585,78.3,98.06,True,0,COLLECTING,0,,0,,,,,10,57,19,30,60,0.9999144963445625,0.17320508075688776
2026-08-31T21:03:38.491,121457750,P009,ambient_light,QUALITY,,,,885,1009597,117154,125614,117269.08,125977.95,-115.08,-363.95,139.58,285.65,False,False,nan,True,0.9585,78.3,98.06,True,0,COLLECTING,0,,0,,,,,10,57,19,30,60,0.9999144963445625,0.17320508075688776
2026-08-31T21:03:38.617,121457875,P009,ambient_light,QUALITY,,,,886,1009637,117049,125367,117264.68,125965.73,-215.68,-598.73,-45.0,280.84,False,False,nan,True,0.9585,78.3,98.06,True,0,COLLECTING,0,,0,,,,,11,57,19,30,60,0.9999144963445625,0.17320508075688776
2026-08-31T21:03:38.627,121457875,P009,ambient_light,QUALITY,,,,887,1009677,117086,125454,117261.11,125955.5,-175.11,-501.5,-159.12,278.4,False,False,nan,True,0.9585,78.3,98.06,True,0,COLLECTING,0,,0,,,,,11,57,19,30,60,0.9999144963445625,0.17320508075688776
2026-08-31T21:03:38.637,121457890,P009,ambient_light,QUALITY,,,,888,1009717,117165,125640,117259.19,125949.19,-94.19,-309.19,-196.64,276.77,False,False,nan,True,0.9585,78.3,98.06,True,0,COLLECTING,0,,0,,,,,11,57,19,30,60,0.9999144963445625,0.17320508075688776
2026-08-31T21:03:38.646,121457890,P009,ambient_light,QUALITY,,,,889,1009757,117225,125781,117258.5,125945.82,-33.5,-164.82,-188.68,275.01,False,False,nan,True,0.9585,78.3,98.06,True,0,COLLECTING,0,,0,,,,,11,57,19,30,60,0.9999144963445625,0.17320508075688776
2026-08-31T21:03:38.689,121457937,P009,ambient_light,QUALITY,,,,890,1009797,117253,125861,117258.39,125944.12,-5.39,-83.12,-162.29,272.75,False,False,nan,True,0.9585,78.3,98.06,True,0,COLLECTING,0,,0,,,,,11,57,19,30,60,0.9999144963445625,0.17320508075688776
2026-08-31T21:03:38.814,121458062,P009,ambient_light,QUALITY,,,,891,1009837,117225,125786,117257.73,125940.96,-32.73,-154.96,-160.46,270.51,False,False,nan,True,0.9585,78.3,98.06,True,0,COLLECTING,0,,0,,,,,11,57,19,30,60,0.9999144963445625,0.17320508075688776
2026-08-31T21:03:38.827,121458078,P009,ambient_light,QUALITY,,,,892,1009877,117168,125652,117255.93,125935.18,-87.93,-283.18,-191.14,268.92,False,False,nan,True,0.9585,78.3,98.06,True,0,COLLECTING,0,,0,,,,,11,57,19,30,60,0.9999144963445625,0.17320508075688776
2026-08-31T21:03:38.839,121458093,P009,ambient_light,QUALITY,,,,893,1009917,117161,125608,117254.03,125928.63,-93.03,-320.63,-223.51,268.01,False,False,nan,True,0.9585,78.3,98.06,True,0,COLLECTING,0,,0,,,,,11,57,19,30,60,0.9999144963445625,0.17320508075688776
2026-08-31T21:03:38.849,121458093,P009,ambient_light,QUALITY,,,,894,1009957,117248,125818,117253.91,125926.42,-5.91,-108.42,-194.74,266.55,False,False,nan,True,0.9585,78.3,98.06,True,0,COLLECTING,0,,0,,,,,11,57,19,30,60,0.9999144963445625,0.17320508075688776
2026-08-31T21:03:38.889,121458140,P009,ambient_light,QUALITY,,,,895,1009997,117353,126078,117255.9,125929.45,97.1,148.55,-108.92,263.39,False,False,nan,True,0.9585,78.3,98.06,True,0,COLLECTING,0,,0,,,,,11,57,19,30,60,0.9999144963445625,0.17320508075688776
2026-08-31T21:03:39.018,121458265,P009,ambient_light,QUALITY,,,,896,1010037,117459,126325,117259.96,125937.37,199.04,387.63,15.22,258.43,False,False,nan,True,0.9585,78.3,98.06,True,0,COLLECTING,0,,0,,,,,11,57,19,30,60,0.9999144963445625,0.17320508075688776
2026-08-31T21:03:39.027,121458281,P009,ambient_light,QUALITY,,,,897,1010077,117552,126563,117265.8,125949.88,286.2,613.12,164.69,256.56,False,False,nan,True,0.9585,78.3,98.06,True,0,COLLECTING,0,,0,,,,,11,57,19,30,60,0.9999144963445625,0.17320508075688776
2026-08-31T21:03:39.036,121458281,P009,ambient_light,QUALITY,,,,898,1010117,117597,126671,117272.43,125964.3,324.57,706.7,300.19,257.43,False,False,nan,True,0.9585,78.3,98.06,True,0,COLLECTING,0,,0,,,,,11,57,19,30,60,0.9999144963445625,0.17320508075688776
2026-08-31T21:03:39.044,121458296,P009,ambient_light,QUALITY,,,,899,1010157,117609,126707,117279.16,125979.16,329.84,727.84,407.11,260.42,False,False,nan,True,0.9585,78.3,98.06,True,0,COLLECTING,0,,0,,,,,11,57,19,30,60,0.9999144963445625,0.17320508075688776
2026-08-31T21:03:39.090,121458343,P009,ambient_light,QUALITY,,,,900,1010197,117612,126702,117285.82,125993.61,326.18,708.39,482.43,264.86,False,False,nan,True,0.9585,78.3,98.06,True,0,COLLECTING,0,,0,,,,,11,57,19,30,60,0.9999144963445625,0.17320508075688776
2026-08-31T21:03:39.215,121458468,P009,ambient_light,QUALITY,,,,901,1010237,117641,126757,117292.92,126008.88,348.08,748.12,548.85,270.54,False,False,nan,True,0.9585,78.3,98.06,True,0,COLLECTING,0,,0,,,,,11,57,19,30,60,0.9999144963445625,0.17320508075688776
2026-08-31T21:03:39.228,121458484,P009,ambient_light,QUALITY,,,,902,1010277,117686,126880,117300.78,126026.3,385.22,853.7,625.06,277.63,False,False,nan,True,0.9585,78.3,98.06,True,0,COLLECTING,0,,0,,,,,11,57,19,30,60,0.9999144963445625,0.17320508075688776
2026-08-31T21:03:39.240,121458484,P009,ambient_light,QUALITY,,,,903,1010317,117711,126921,117308.98,126044.19,402.02,876.81,688.0,285.84,False,False,nan,True,0.9585,78.3,98.06,True,0,COLLECTING,0,,0,,,,,11,57,19,30,60,0.9999144963445625,0.17320508075688776
2026-08-31T21:03:39.250,121458500,P009,ambient_light,QUALITY,,,,904,1010357,117586,126598,117314.52,126055.27,271.48,542.73,651.68,293.16,True,True,800.0,True,0.9626,77.29,98.06,True,0,COLLECTING,0,,0,,,,,11,57,19,30,60,0.9999144963445625,0.17320508075688776
2026-08-31T21:03:39.290,121458546,P009,ambient_light,QUALITY,,,,905,1010397,117334,125957,117314.91,126053.3,19.09,-96.3,464.69,296.59,False,False,nan,True,0.9626,77.29,98.06,True,0,COLLECTING,0,,0,,,,,11,57,19,30,60,0.9999144963445625,0.17320508075688776
2026-08-31T21:03:39.416,121458671,P009,ambient_light,QUALITY,,,,906,1010437,117193,125629,117312.48,126044.81,-119.48,-415.81,244.56,295.55,False,False,nan,True,0.9626,77.29,98.06,True,0,NORMAL,1,0.98,0,750.8,46.8,35.4,0.0,12,55,20,30,60,0.9999144963445625,0.17320508075688776
2026-08-31T21:03:39.427,121458671,P009,ambient_light,QUALITY,,,,907,1010477,117193,125656,117310.09,126037.04,-117.09,-381.04,88.16,291.4,False,False,nan,True,0.9626,77.29,98.06,True,0,NORMAL,1,0.98,0,750.8,46.8,35.4,0.0,12,55,20,30,60,0.9999144963445625,0.17320508075688776
2026-08-31T21:03:39.437,121458687,P009,ambient_light,QUALITY,,,,908,1010517,117267,125803,117309.23,126032.36,-42.23,-229.36,8.78,285.75,False,False,nan,True,0.9626,77.29,98.06,True,0,NORMAL,1,0.98,0,750.8,46.8,35.4,0.0,12,55,20,30,60,0.9999144963445625,0.17320508075688776
2026-08-31T21:03:39.447,121458703,P009,ambient_light,QUALITY,,,,909,1010557,117322,125967,117309.48,126031.05,12.52,-64.05,-9.43,280.22,False,False,nan,True,0.9626,77.29,98.06,True,0,NORMAL,1,0.98,0,750.8,46.8,35.4,0.0,12,55,20,30,60,0.9999144963445625,0.17320508075688776
2026-08-31T21:03:39.489,121458734,P009,ambient_light,QUALITY,,,,910,1010597,117329,125980,117309.88,126030.03,19.12,-50.03,-19.58,275.01,False,False,nan,True,0.9626,77.29,98.06,True,0,NORMAL,1,0.98,0,750.8,46.8,35.4,0.0,12,55,20,30,60,0.9999144963445625,0.17320508075688776
2026-08-31T21:03:39.616,121458875,P009,ambient_light,QUALITY,,,,911,1010637,117285,125885,117309.38,126027.13,-24.38,-142.13,-50.22,270.51,False,False,nan,True,0.9626,77.29,98.15,True,0,NORMAL,1,0.98,0,750.8,46.8,35.4,0.0,12,55,20,30,60,0.9999144963445625,0.17320508075688776
2026-08-31T21:03:39.628,121458875,P009,ambient_light,QUALITY,,,,912,1010677,117251,125784,117308.21,126022.27,-57.21,-238.27,-97.23,267.05,False,False,nan,True,0.9626,77.29,98.15,True,0,NORMAL,1,0.98,0,750.8,46.8,35.4,0.0,12,55,20,30,60,0.9999144963445625,0.17320508075688776
2026-08-31T21:03:39.638,121458890,P009,ambient_light,QUALITY,,,,913,1010717,117254,125798,117307.12,126017.79,-53.12,-219.79,-127.87,264.26,False,False,nan,True,0.9626,77.29,98.15,True,0,NORMAL,1,0.98,0,750.8,46.8,35.4,0.0,12,55,20,30,60,0.9999144963445625,0.17320508075688776
2026-08-31T21:03:39.647,121458890,P009,ambient_light,QUALITY,,,,914,1010757,117294,125882,117306.86,126015.07,-12.86,-133.07,-129.17,261.56,False,False,nan,True,0.9626,77.29,98.15,True,0,NORMAL,1,0.98,0,750.8,46.8,35.4,0.0,12,55,20,30,60,0.9999144963445625,0.17320508075688776
2026-08-31T21:03:39.690,121458937,P009,ambient_light,QUALITY,,,,915,1010797,117372,126073,117308.16,126016.23,63.84,56.77,-82.68,257.98,False,False,nan,True,0.9626,77.29,98.15,True,0,NORMAL,1,0.98,0,750.8,46.8,35.4,0.0,12,55,20,30,60,0.9999144963445625,0.17320508075688776
2026-08-31T21:03:39.816,121459062,P009,ambient_light,QUALITY,,,,916,1010837,117427,126223,117310.54,126020.36,116.46,202.64,-11.35,253.05,False,False,nan,True,0.9626,77.29,98.15,True,0,NORMAL,1,0.98,0,750.8,46.8,35.4,0.0,12,55,20,30,60,0.9999144963445625,0.17320508075688776
2026-08-31T21:03:39.829,121459078,P009,ambient_light,QUALITY,,,,917,1010877,117476,126321,117313.85,126026.38,162.15,294.62,65.14,249.29,False,False,nan,True,0.9626,77.29,98.15,True,0,NORMAL,1,0.98,0,750.8,46.8,35.4,0.0,12,55,20,30,60,0.9999144963445625,0.17320508075688776
2026-08-31T21:03:39.842,121459093,P009,ambient_light,QUALITY,,,,918,1010917,117507,126374,117317.71,126033.33,189.29,340.67,134.02,246.99,False,False,nan,True,0.9626,77.29,98.15,True,0,NORMAL,1,0.98,0,750.8,46.8,35.4,0.0,12,55,20,30,60,0.9999144963445625,0.17320508075688776
2026-08-31T21:03:39.853,121459109,P009,ambient_light,QUALITY,,,,919,1010957,117539,126466,117322.13,126041.98,216.87,424.02,206.52,246.18,False,False,nan,True,0.9626,77.29,98.15,True,0,NORMAL,1,0.98,0,750.8,46.8,35.4,0.0,12,55,20,30,60,0.9999144963445625,0.17320508075688776
2026-08-31T21:03:39.890,121459140,P009,ambient_light,QUALITY,,,,920,1010997,117580,126575,117327.29,126052.65,252.71,522.35,285.48,246.96,False,False,nan,True,0.9626,77.29,98.15,True,0,NORMAL,1,0.98,0,750.8,46.8,35.4,0.0,12,55,20,30,60,0.9999144963445625,0.17320508075688776
2026-08-31T21:03:40.015,121459265,P009,ambient_light,QUALITY,,,,921,1011037,117623,126666,117333.2,126064.91,289.8,601.09,364.38,249.31,False,False,nan,True,0.9626,77.29,98.15,True,0,NORMAL,1,0.98,0,750.8,46.8,35.4,0.0,12,55,20,30,60,0.9994678584126655,0.17320508075688776
2026-08-31T21:03:40.029,121459281,P009,ambient_light,QUALITY,,,,922,1011077,117591,126566,117338.36,126074.94,252.64,491.06,396.05,252.25,False,False,nan,True,0.9626,77.29,98.15,True,0,NORMAL,1,0.98,0,750.8,46.8,35.4,0.0,12,55,20,30,60,0.9994678584126655,0.17320508075688776
2026-08-31T21:03:40.042,121459296,P009,ambient_light,QUALITY,,,,923,1011117,117363,126019,117338.85,126073.82,24.15,-54.82,283.33,252.87,True,True,760.0,True,0.9621,77.42,98.15,True,0,NORMAL,1,0.98,0,750.8,46.8,35.4,0.0,12,55,20,30,60,0.9994678584126655,0.17320508075688776
2026-08-31T21:03:40.053,121459296,P009,ambient_light,QUALITY,,,,924,1011157,117109,125391,117334.26,126060.16,-225.26,-669.16,45.21,248.72,False,False,nan,True,0.9621,77.42,98.15,True,0,NORMAL,1,0.98,0,750.8,46.8,35.4,0.0,12,55,20,30,60,0.9994678584126655,0.17320508075688776
2026-08-31T21:03:40.100,121459343,P009,ambient_light,QUALITY,,,,925,1011207,117023,125207,117328.03,126043.1,-305.03,-836.1,-175.12,247.24,False,False,nan,True,0.9621,77.42,98.15,True,0,NORMAL,1,0.98,0,750.8,46.8,35.4,0.0,12,55,20,30,60,0.9994678584126655,0.17320508075688776
2026-08-31T21:03:40.217,121459468,P009,ambient_light,QUALITY,,,,926,1011237,117041,125261,117322.29,126027.46,-281.29,-766.46,-322.95,248.76,False,False,nan,True,0.9621,77.42,98.15,True,0,NORMAL,1,0.98,0,750.8,46.8,35.4,0.0,12,55,20,30,60,0.9999144963445625,0.17320508075688776
2026-08-31T21:03:40.228,121459484,P009,ambient_light,QUALITY,,,,927,1011287,117083,125359,117317.5,126014.09,-234.5,-655.09,-405.99,251.9,False,False,nan,True,0.9621,77.42,98.15,True,0,NORMAL,1,0.98,0,750.8,46.8,35.4,0.0,12,55,20,30,60,0.9999144963445625,0.17320508075688776
2026-08-31T21:03:40.237,121459484,P009,ambient_light,QUALITY,,,,928,1011327,117152,125480,117314.19,126003.41,-162.19,-523.41,-435.35,255.57,False,False,nan,True,0.9621,77.42,98.15,True,0,NORMAL,1,0.98,0,750.8,46.8,35.4,0.0,12,55,20,30,60,0.9999144963445625,0.17320508075688776
2026-08-31T21:03:40.246,121459500,P009,ambient_light,QUALITY,,,,929,1011357,117200,125642,117311.91,125996.19,-111.91,-354.19,-415.06,258.76,False,False,nan,True,0.9621,77.42,98.15,True,0,NORMAL,1,0.98,0,750.8,46.8,35.4,0.0,12,55,20,30,60,0.9999144963445625,0.17320508075688776
2026-08-31T21:03:40.301,121459546,P009,ambient_light,QUALITY,,,,930,1011407,117164,125490,117308.95,125986.06,-144.95,-496.06,-435.31,262.29,False,False,nan,True,0.9621,77.42,98.15,True,0,NORMAL,1,0.98,0,750.8,46.8,35.4,0.0,12,55,20,30,60,0.9999144963445625,0.17320508075688776
2026-08-31T21:03:40.417,121459671,P009,ambient_light,QUALITY,,,,931,1011447,117117,125381,117305.11,125973.96,-188.11,-592.96,-474.72,266.54,False,False,nan,True,0.9621,77.42,98.15,True,0,NORMAL,1,0.98,0,750.8,46.8,35.4,0.0,12,55,20,30,60,0.9999144963445625,0.17320508075688776
2026-08-31T21:03:40.427,121459671,P009,ambient_light,QUALITY,,,,932,1011487,117131,125436,117301.62,125963.2,-170.62,-527.2,-487.84,270.97,False,False,nan,True,0.9621,77.42,98.15,True,0,NORMAL,1,0.98,0,750.8,46.8,35.4,0.0,12,55,20,30,60,0.9999144963445625,0.17320508075688776
2026-08-31T21:03:40.436,121459687,P009,ambient_light,QUALITY,,,,933,1011527,117194,125564,117299.47,125955.22,-105.47,-391.22,-463.69,274.82,False,False,nan,True,0.9621,77.42,98.15,True,0,NORMAL,1,0.98,0,750.8,46.8,35.4,0.0,12,55,20,30,60,0.9999144963445625,0.17320508075688776
2026-08-31T21:03:40.461,121459718,P009,ambient_light,QUALITY,,,,934,1011567,117302,125819,117299.52,125952.49,2.48,-133.49,-381.14,276.95,False,False,nan,True,0.9621,77.42,98.15,True,0,NORMAL,1,0.98,0,750.8,46.8,35.4,0.0,12,55,20,30,60,0.9999144963445625,0.17320508075688776
2026-08-31T21:03:40.500,121459750,P009,ambient_light,QUALITY,,,,935,1011607,117424,126106,117302.01,125955.56,121.99,150.44,-248.24,276.37,False,False,nan,True,0.9621,77.42,98.15,True,0,NORMAL,1,0.98,0,750.8,46.8,35.4,0.0,12,55,20,30,60,0.9999144963445625,0.17320508075688776
2026-08-31T21:03:40.617,121459875,P009,ambient_light,QUALITY,,,,936,1011647,117474,126250,117305.45,125961.45,168.55,288.55,-114.05,273.13,False,False,nan,True,0.9621,77.42,98.15,True,0,NORMAL,1,0.98,0,750.8,46.8,35.4,0.0,12,55,20,30,60,0.9994678584126655,0.17320508075688776
2026-08-31T21:03:40.626,121459875,P009,ambient_light,QUALITY,,,,937,1011687,117504,126328,117309.41,125968.78,194.59,359.22,4.27,267.75,False,False,nan,True,0.9621,77.42,98.15,True,0,NORMAL,1,0.98,0,750.8,46.8,35.4,0.0,12,55,20,30,60,0.9994678584126655,0.17320508075688776
2026-08-31T21:03:40.636,121459890,P009,ambient_light,QUALITY,,,,938,1011727,117539,126360,117314.01,125976.61,224.99,383.39,99.05,264.38,False,False,nan,True,0.9621,77.42,98.15,True,0,NORMAL,1,0.98,0,750.8,46.8,35.4,0.0,12,55,20,30,60,0.9994678584126655,0.17320508075688776
2026-08-31T21:03:40.660,121459906,P009,ambient_light,QUALITY,,,,939,1011767,117561,126474,117318.95,125986.55,242.05,487.45,196.15,263.01,False,False,nan,True,0.9621,77.42,98.15,True,0,NORMAL,1,0.98,0,750.8,46.8,35.4,0.0,12,55,20,30,60,0.9994678584126655,0.17320508075688776
2026-08-31T21:03:40.700,121459953,P009,ambient_light,QUALITY,,,,940,1011807,117572,126464,117324.01,125996.1,247.99,467.9,264.09,263.03,False,False,nan,True,0.9621,77.42,98.15,True,0,NORMAL,1,0.98,0,750.8,46.8,35.4,0.0,12,55,20,30,60,0.9994678584126655,0.17320508075688776
2026-08-31T21:03:40.817,121460062,P009,ambient_light,QUALITY,,,,941,1011847,117500,126272,117327.53,126001.62,172.47,270.38,265.66,263.09,False,False,nan,True,0.9621,77.42,98.15,True,0,NORMAL,1,0.98,0,750.8,46.8,35.4,0.0,12,55,20,30,60,0.9999144963445625,0.17320508075688776
2026-08-31T21:03:40.827,121460078,P009,ambient_light,QUALITY,,,,942,1011887,117268,125681,117326.34,125995.2,-58.34,-314.2,120.69,260.24,True,True,770.0,True,0.9626,77.29,98.15,True,0,NORMAL,1,0.98,0,750.8,46.8,35.4,0.0,12,55,20,30,60,0.9999144963445625,0.17320508075688776
2026-08-31T21:03:40.836,121460093,P009,ambient_light,QUALITY,,,,943,1011927,117084,125266,117321.5,125980.62,-237.5,-714.62,-88.13,256.8,False,False,nan,True,0.9626,77.29,98.15,True,0,NORMAL,1,0.98,0,750.8,46.8,35.4,0.0,12,55,20,30,60,0.9999144963445625,0.17320508075688776
2026-08-31T21:03:40.860,121460109,P009,ambient_light,QUALITY,,,,944,1011967,117086,125327,117316.79,125967.55,-230.79,-640.55,-226.24,256.18,False,False,nan,True,0.9626,77.29,98.15,True,0,NORMAL,1,0.98,0,750.8,46.8,35.4,0.0,12,55,20,30,60,0.9999144963445625,0.17320508075688776
2026-08-31T21:03:40.901,121460156,P009,ambient_light,QUALITY,,,,945,1012007,117135,125393,117313.16,125956.05,-178.16,-563.05,-310.44,257.27,False,False,nan,True,0.9626,77.29,98.15,True,0,NORMAL,1,0.98,0,750.8,46.8,35.4,0.0,12,55,20,30,60,0.9999144963445625,0.17320508075688776
2026-08-31T21:03:41.018,121460265,P009,ambient_light,QUALITY,,,,946,1012047,117166,125484,117310.21,125946.62,-144.21,-462.62,-348.49,259.09,False,False,nan,True,0.9626,77.29,98.15,True,0,NORMAL,1,0.98,0,750.8,46.8,35.4,0.0,12,55,20,30,60,0.9999144963445625,0.17320508075688776
2026-08-31T21:03:41.027,121460281,P009,ambient_light,QUALITY,,,,947,1012087,117184,125455,117307.69,125936.78,-123.69,-481.78,-381.81,261.55,False,False,nan,True,0.9626,77.29,98.15,True,0,NORMAL,1,0.98,0,750.8,46.8,35.4,0.0,12,55,20,30,60,0.9999144963445625,0.17320508075688776
2026-08-31T21:03:41.035,121460281,P009,ambient_light,QUALITY,,,,948,1012127,117168,125497,117304.89,125927.98,-136.89,-430.98,-394.1,264.2,False,False,nan,True,0.9626,77.29,98.15,True,0,NORMAL,1,0.98,0,750.8,46.8,35.4,0.0,12,55,20,30,60,0.9999144963445625,0.17320508075688776
2026-08-31T21:03:41.059,121460312,P009,ambient_light,QUALITY,,,,949,1012167,117204,125539,117302.88,125920.2,-98.88,-381.2,-390.88,266.73,False,False,nan,True,0.9626,77.29,98.15,True,0,NORMAL,1,0.98,0,750.8,46.8,35.4,0.0,12,55,20,30,60,0.9999144963445625,0.17320508075688776
2026-08-31T21:03:41.102,121460359,P009,ambient_light,QUALITY,,,,950,1012207,117146,125576,117299.73,125913.32,-153.73,-337.32,-377.49,268.95,False,False,nan,True,0.9626,77.29,98.15,True,0,NORMAL,1,0.98,0,750.8,46.8,35.4,0.0,12,55,20,30,60,0.9999144963445625,0.17320508075688776
2026-08-31T21:03:41.217,121460468,P009,ambient_light,QUALITY,,,,951,1012247,117211,125690,117297.96,125908.85,-86.96,-218.85,-337.83,270.33,False,False,nan,True,0.9626,77.29,98.15,True,0,NORMAL,1,0.98,0,750.8,46.8,35.4,0.0,12,55,20,30,60,0.9999144963445625,0.17320508075688776
2026-08-31T21:03:41.227,121460484,P009,ambient_light,QUALITY,,,,952,1012287,117259,125772,117297.18,125906.12,-38.18,-134.12,-286.9,270.66,False,False,nan,True,0.9626,77.29,98.15,True,0,NORMAL,1,0.98,0,750.8,46.8,35.4,0.0,12,55,20,30,60,0.9999144963445625,0.17320508075688776
2026-08-31T21:03:41.236,121460484,P009,ambient_light,QUALITY,,,,953,1012327,117327,125913,117297.77,125906.26,29.23,6.74,-213.49,269.51,False,False,nan,True,0.9626,77.29,98.15,True,0,NORMAL,1,0.98,0,750.8,46.8,35.4,0.0,12,55,20,30,60,0.9999144963445625,0.17320508075688776
2026-08-31T21:03:41.259,121460515,P009,ambient_light,QUALITY,,,,954,1012367,117338,126005,117298.58,125908.23,39.42,96.77,-135.93,266.84,False,False,nan,True,0.9626,77.29,98.15,True,0,NORMAL,1,0.98,0,750.8,46.8,35.4,0.0,12,55,20,30,60,0.9999144963445625,0.17320508075688776
2026-08-31T21:03:41.304,121460562,P009,ambient_light,QUALITY,,,,955,1012407,117452,126249,117301.65,125915.05,150.35,333.95,-18.46,261.87,False,False,nan,True,0.9626,77.29,98.15,True,0,NORMAL,1,0.98,0,750.8,46.8,35.4,0.0,12,55,20,30,60,0.9999144963445625,0.17320508075688776
2026-08-31T21:03:41.418,121460671,P009,ambient_light,QUALITY,,,,956,1012447,117517,126392,117305.95,125924.59,211.05,467.41,103.01,258.7,False,False,nan,True,0.9626,77.29,98.15,True,0,NORMAL,1,0.98,0,750.8,46.8,35.4,0.0,12,55,20,30,60,0.9999144963445625,0.17320508075688776
2026-08-31T21:03:41.429,121460687,P009,ambient_light,QUALITY,,,,957,1012487,117564,126514,117311.12,125936.38,252.88,577.62,221.66,257.96,False,False,nan,True,0.9626,77.29,98.15,True,0,NORMAL,1,0.98,0,750.8,46.8,35.4,0.0,12,55,20,30,60,0.9999144963445625,0.17320508075688776
2026-08-31T21:03:41.439,121460687,P009,ambient_light,QUALITY,,,,958,1012527,117547,126452,117315.84,125946.69,231.16,505.31,292.58,258.65,False,False,nan,True,0.9626,77.29,98.15,True,0,NORMAL,1,0.98,0,750.8,46.8,35.4,0.0,12,55,20,30,60,0.9999144963445625,0.17320508075688776
2026-08-31T21:03:41.460,121460703,P009,ambient_light,QUALITY,,,,959,1012567,117601,126502,117321.54,125957.8,279.46,544.2,355.48,260.59,False,False,nan,True,0.9626,77.29,98.15,True,0,NORMAL,1,0.98,0,750.8,46.8,35.4,0.0,12,55,20,30,60,0.9999144963445625,0.17320508075688776
2026-08-31T21:03:41.499,121460750,P009,ambient_light,QUALITY,,,,960,1012607,117580,126471,117326.71,125968.06,253.29,502.94,392.35,263.22,False,False,nan,True,0.9626,77.29,98.15,True,0,NORMAL,1,0.98,0,750.8,46.8,35.4,0.0,12,55,20,30,60,0.9999144963445625,0.17320508075688776
2026-08-31T21:03:41.616,121460859,P009,ambient_light,QUALITY,,,,961,1012647,117493,126252,117330.04,125973.74,162.96,278.26,363.82,265.23,True,True,760.0,True,0.9697,76.8,98.15,True,0,NORMAL,1,0.98,0,750.8,46.8,35.4,0.0,12,55,20,30,60,0.9994678584126655,0.17320508075688776
2026-08-31T21:03:41.626,121460875,P009,ambient_light,QUALITY,,,,962,1012687,117216,125627,117327.76,125966.8,-111.76,-339.8,187.92,263.69,False,False,nan,True,0.9697,76.8,98.15,True,0,NORMAL,1,0.98,0,750.8,46.8,35.4,0.0,12,55,20,30,60,0.9994678584126655,0.17320508075688776
2026-08-31T21:03:41.635,121460890,P009,ambient_light,QUALITY,,,,963,1012727,117077,125214,117322.74,125951.75,-245.74,-737.75,-43.5,259.28,False,False,nan,True,0.9697,76.8,98.15,True,0,NORMAL,1,0.98,0,750.8,46.8,35.4,0.0,12,55,20,30,60,0.9994678584126655,0.17320508075688776
2026-08-31T21:03:41.660,121460906,P009,ambient_light,QUALITY,,,,964,1012767,116967,125126,117315.62,125935.23,-348.62,-809.23,-234.93,258.8,False,False,nan,True,0.9697,76.8,98.15,True,0,NORMAL,1,0.98,0,750.8,46.8,35.4,0.0,12,55,20,30,60,0.9994678584126655,0.17320508075688776
2026-08-31T21:03:41.700,121460953,P009,ambient_light,QUALITY,,,,965,1012807,117081,125230,117310.93,125921.13,-229.93,-691.13,-348.98,260.6,False,False,nan,True,0.9697,76.8,98.15,True,0,NORMAL,1,0.98,0,750.8,46.8,35.4,0.0,12,55,20,30,60,0.9994678584126655,0.17320508075688776
2026-08-31T21:03:41.815,121461062,P009,ambient_light,QUALITY,,,,966,1012847,117097,125308,117306.65,125908.87,-209.65,-600.87,-411.95,263.63,False,False,nan,True,0.9697,76.8,98.15,True,0,NORMAL,1,0.98,0,750.8,46.8,35.4,0.0,12,55,20,30,60,0.9999144963445625,0.17320508075688776
2026-08-31T21:03:41.827,121461078,P009,ambient_light,QUALITY,,,,967,1012887,117139,125420,117303.3,125899.09,-164.3,-479.09,-428.74,266.93,False,False,nan,True,0.9697,76.8,98.15,True,0,NORMAL,1,0.98,0,750.8,46.8,35.4,0.0,12,55,20,30,60,0.9999144963445625,0.17320508075688776
2026-08-31T21:03:41.836,121461093,P009,ambient_light,QUALITY,,,,968,1012927,117200,125521,117301.23,125891.53,-101.23,-370.53,-414.19,269.87,False,False,nan,True,0.9697,76.8,98.15,True,0,NORMAL,1,0.98,0,750.8,46.8,35.4,0.0,12,55,20,30,60,0.9999144963445625,0.17320508075688776
2026-08-31T21:03:41.860,121461109,P009,ambient_light,QUALITY,,,,969,1012967,117163,125507,117298.47,125883.84,-135.47,-376.84,-404.85,272.57,False,False,nan,True,0.9697,76.8,98.15,True,0,NORMAL,1,0.98,0,750.8,46.8,35.4,0.0,12,55,20,30,60,0.9999144963445625,0.17320508075688776
2026-08-31T21:03:41.899,121461156,P009,ambient_light,QUALITY,,,,970,1013007,117192,125533,117296.34,125876.83,-104.34,-343.83,-389.6,274.91,False,False,nan,True,0.9697,76.8,98.15,True,0,NORMAL,1,0.98,0,750.8,46.8,35.4,0.0,12,55,20,30,60,0.9999144963445625,0.17320508075688776
2026-08-31T21:03:42.019,121461265,P009,ambient_light,QUALITY,,,,971,1013047,117238,125687,117295.17,125873.03,-57.17,-186.03,-338.7,276.19,False,False,nan,True,0.9697,76.8,98.15,True,0,NORMAL,1,0.98,0,750.8,46.8,35.4,0.0,12,55,20,30,60,0.9999144963445625,0.17320508075688776
2026-08-31T21:03:42.027,121461281,P009,ambient_light,QUALITY,,,,972,1013087,117322,125816,117295.71,125871.89,26.29,-55.89,-268.0,276.03,False,False,nan,True,0.9697,76.8,98.15,True,0,NORMAL,1,0.98,0,750.8,46.8,35.4,0.0,12,55,20,30,60,0.9999144963445625,0.17320508075688776
2026-08-31T21:03:42.038,121461296,P009,ambient_light,QUALITY,,,,973,1013127,117370,125958,117297.2,125873.61,72.8,84.39,-179.9,274.1,False,False,nan,True,0.9697,76.8,98.15,True,0,NORMAL,1,0.98,0,750.8,46.8,35.4,0.0,12,55,20,30,60,0.9999144963445625,0.17320508075688776
2026-08-31T21:03:42.060,121461312,P009,ambient_light,QUALITY,,,,974,1013167,117405,126086,117299.35,125877.86,105.65,208.14,-82.89,270.28,False,False,nan,True,0.9697,76.8,98.15,True,0,NORMAL,1,0.98,0,750.8,46.8,35.4,0.0,12,55,20,30,60,0.9999144963445625,0.17320508075688776
2026-08-31T21:03:42.100,121461343,P009,ambient_light,QUALITY,,,,975,1013207,117468,126189,117302.73,125884.09,165.27,304.91,14.06,265.15,False,False,nan,True,0.9697,76.8,98.15,True,0,NORMAL,1,0.98,0,750.8,46.8,35.4,0.0,12,55,20,30,60,0.9999144963445625,0.17320508075688776
2026-08-31T21:03:42.216,121461468,P009,ambient_light,QUALITY,,,,976,1013247,117496,126307,117306.59,125892.55,189.41,414.45,114.16,262.13,False,False,nan,True,0.9697,76.8,98.15,True,0,NORMAL,1,0.98,0,750.8,46.8,35.4,0.0,12,55,20,30,60,0.9994678584126655,0.17320508075688776
2026-08-31T21:03:42.226,121461484,P009,ambient_light,QUALITY,,,,977,1013287,117583,126446,117312.12,125903.62,270.88,542.38,221.21,261.32,False,False,nan,True,0.9697,76.8,98.15,True,0,NORMAL,1,0.98,0,750.8,46.8,35.4,0.0,12,55,20,30,60,0.9994678584126655,0.17320508075688776
2026-08-31T21:03:42.234,121461484,P009,ambient_light,QUALITY,,,,978,1013327,117586,126551,117317.6,125916.56,268.4,634.44,324.52,262.58,False,False,nan,True,0.9697,76.8,98.15,True,0,NORMAL,1,0.98,0,750.8,46.8,35.4,0.0,12,55,20,30,60,0.9994678584126655,0.17320508075688776
2026-08-31T21:03:42.261,121461515,P009,ambient_light,QUALITY,,,,979,1013367,117638,126610,117324.01,125930.43,313.99,679.57,413.28,265.59,False,False,nan,True,0.9697,76.8,98.15,True,0,NORMAL,1,0.98,0,750.8,46.8,35.4,0.0,12,55,20,30,60,0.9994678584126655,0.17320508075688776
2026-08-31T21:03:42.300,121461546,P009,ambient_light,QUALITY,,,,980,1013407,117628,126685,117330.09,125945.52,297.91,739.48,494.83,270.18,False,False,nan,True,0.9697,76.8,98.15,True,0,NORMAL,1,0.98,0,750.8,46.8,35.4,0.0,12,55,20,30,60,0.9994678584126655,0.17320508075688776
2026-08-31T21:03:42.419,121461671,P009,ambient_light,QUALITY,,,,981,1013447,117623,126608,117335.95,125958.77,287.05,649.23,533.43,275.44,False,False,nan,True,0.9697,76.8,98.15,True,0,NORMAL,1,0.98,0,750.8,46.8,35.4,0.0,12,55,20,30,60,0.9999144963445625,0.17320508075688776
2026-08-31T21:03:42.431,121461687,P009,ambient_light,QUALITY,,,,982,1013487,117411,126126,117337.45,125962.12,73.55,163.88,441.04,278.76,True,True,840.0,True,0.9651,75.83,98.15,True,0,NORMAL,1,0.98,0,750.8,46.8,35.4,0.0,12,55,20,30,60,0.9999144963445625,0.17320508075688776
2026-08-31T21:03:42.438,121461687,P009,ambient_light,QUALITY,,,,983,1013527,117207,125565,117334.84,125954.17,-127.84,-389.17,233.49,277.85,False,False,nan,True,0.9651,75.83,98.15,True,0,NORMAL,1,0.98,0,750.8,46.8,35.4,0.0,12,55,20,30,60,0.9999144963445625,0.17320508075688776
2026-08-31T21:03:42.460,121461718,P009,ambient_light,QUALITY,,,,984,1013567,117098,125412,117330.1,125943.33,-232.1,-531.33,42.29,273.14,False,False,nan,True,0.9651,75.83,98.15,True,0,NORMAL,1,0.98,0,750.8,46.8,35.4,0.0,12,55,20,30,60,0.9999144963445625,0.17320508075688776
2026-08-31T21:03:42.499,121461750,P009,ambient_light,QUALITY,,,,985,1013607,117153,125510,117326.56,125934.66,-173.56,-424.66,-74.45,269.17,False,False,nan,True,0.9651,75.83,98.15,True,0,NORMAL,1,0.98,0,750.8,46.8,35.4,0.0,12,55,20,30,60,0.9999144963445625,0.17320508075688776
2026-08-31T21:03:42.622,121461875,P009,ambient_light,QUALITY,,,,986,1013647,117210,125627,117324.23,125928.51,-114.23,-301.51,-131.22,266.41,False,False,nan,True,0.9651,75.83,98.15,True,0,NORMAL,1,0.98,0,750.8,46.8,35.4,0.0,12,55,20,30,60,0.9999144963445625,0.17320508075688776
2026-08-31T21:03:42.632,121461890,P009,ambient_light,QUALITY,,,,987,1013687,117239,125725,117322.53,125924.44,-83.53,-199.44,-148.27,264.04,False,False,nan,True,0.9651,75.83,98.15,True,0,NORMAL,1,0.98,0,750.8,46.8,35.4,0.0,12,55,20,30,60,0.9999144963445625,0.17320508075688776
2026-08-31T21:03:42.642,121461890,P009,ambient_light,QUALITY,,,,988,1013727,117248,125760,117321.04,125921.15,-73.04,-161.15,-151.49,261.79,False,False,nan,True,0.9651,75.83,98.15,True,0,NORMAL,1,0.98,0,750.8,46.8,35.4,0.0,12,55,20,30,60,0.9999144963445625,0.17320508075688776
2026-08-31T21:03:42.659,121461906,P009,ambient_light,QUALITY,,,,989,1013767,117228,125667,117319.18,125916.06,-91.18,-249.06,-175.88,260.07,False,False,nan,True,0.9651,75.83,98.15,True,0,NORMAL,1,0.98,0,750.8,46.8,35.4,0.0,12,55,20,30,60,0.9999144963445625,0.17320508075688776
2026-08-31T21:03:42.699,121461953,P009,ambient_light,QUALITY,,,,990,1013807,117178,125595,117316.36,125909.64,-138.36,-314.64,-210.57,259.08,False,False,nan,True,0.9651,75.83,98.15,True,0,NORMAL,1,0.98,0,750.8,46.8,35.4,0.0,12,55,20,30,60,0.9999144963445625,0.17320508075688776
2026-08-31T21:03:42.817,121462062,P009,ambient_light,QUALITY,,,,991,1013847,117193,125640,117313.89,125904.25,-120.89,-264.25,-223.99,258.38,False,False,nan,True,0.9651,75.83,98.15,True,0,NORMAL,1,0.98,0,750.8,46.8,35.4,0.0,12,55,20,30,60,1.000741225292533,0.17320508075688776
2026-08-31T21:03:42.828,121462078,P009,ambient_light,QUALITY,,,,992,1013887,117242,125798,117312.45,125902.12,-70.45,-104.12,-194.03,257.1,False,False,nan,True,0.9651,75.83,98.15,True,0,NORMAL,1,0.98,0,750.8,46.8,35.4,0.0,12,55,20,30,60,1.000741225292533,0.17320508075688776
2026-08-31T21:03:42.838,121462093,P009,ambient_light,QUALITY,,,,993,1013927,117318,125978,117312.56,125903.64,5.44,74.36,-126.93,254.49,False,False,nan,True,0.9651,75.83,98.15,True,0,NORMAL,1,0.98,0,750.8,46.8,35.4,0.0,12,55,20,30,60,1.000741225292533,0.17320508075688776
2026-08-31T21:03:42.861,121462109,P009,ambient_light,QUALITY,,,,994,1013967,117388,126115,117314.07,125907.87,73.93,207.13,-43.41,250.27,False,False,nan,True,0.9651,75.83,98.15,True,0,NORMAL,1,0.98,0,750.8,46.8,35.4,0.0,12,55,20,30,60,1.000741225292533,0.17320508075688776
2026-08-31T21:03:42.901,121462156,P009,ambient_light,QUALITY,,,,995,1014007,117399,126193,117315.77,125913.57,83.23,279.43,37.3,246.01,False,False,nan,True,0.9651,75.83,98.15,True,0,NORMAL,1,0.98,0,750.8,46.8,35.4,0.0,12,55,20,30,60,1.000741225292533,0.17320508075688776
2026-08-31T21:03:43.016,121462265,P009,ambient_light,QUALITY,,,,996,1014047,117388,126190,117317.21,125919.1,70.79,270.9,95.7,243.01,False,False,nan,True,0.9651,75.83,98.15,True,0,NORMAL,1,0.98,0,750.8,46.8,35.4,0.0,12,55,20,30,60,0.9999144963445625,0.17320508075688776
2026-08-31T21:03:43.026,121462281,P009,ambient_light,QUALITY,,,,997,1014087,117403,126240,117318.93,125925.52,84.07,314.48,150.39,241.15,False,False,nan,True,0.9651,75.83,98.15,True,0,NORMAL,1,0.98,0,750.8,46.8,35.4,0.0,12,55,20,30,60,0.9999144963445625,0.17320508075688776
2026-08-31T21:03:43.036,121462281,P009,ambient_light,QUALITY,,,,998,1014127,117427,126324,117321.09,125933.48,105.91,390.52,210.42,240.54,False,False,nan,True,0.9651,75.83,98.15,True,0,NORMAL,1,0.98,0,750.8,46.8,35.4,0.0,12,55,20,30,60,0.9999144963445625,0.17320508075688776
2026-08-31T21:03:43.059,121462312,P009,ambient_light,QUALITY,,,,999,1014167,117476,126419,117324.2,125943.2,151.8,475.8,276.77,241.26,False,False,nan,True,0.9651,75.83,98.15,True,0,NORMAL,1,0.98,0,750.8,46.8,35.4,0.0,12,55,20,30,60,0.9999144963445625,0.17320508075688776
2026-08-31T21:03:43.100,121462343,P009,ambient_light,QUALITY,,,,1000,1014207,117498,126523,117327.67,125954.79,170.33,568.21,349.63,243.43,False,False,nan,True,0.9651,75.83,98.15,True,0,NORMAL,1,0.98,0,750.8,46.8,35.4,0.0,12,55,20,30,60,0.9999144963445625,0.17320508075688776
2026-08-31T21:03:43.218,121462468,P009,ambient_light,QUALITY,,,,1001,1014247,117509,126532,117331.3,125966.34,177.7,565.66,403.64,246.63,False,False,nan,True,0.9651,75.83,98.15,True,0,NORMAL,1,0.98,0,750.8,46.8,35.4,0.0,12,55,20,30,60,0.9999144963445625,0.17320508075688776
2026-08-31T21:03:43.228,121462484,P009,ambient_light,QUALITY,,,,1002,1014287,117385,126205,117332.37,125971.11,52.63,233.89,361.2,248.93,True,True,800.0,True,0.9677,75.35,98.15,True,0,NORMAL,1,0.98,0,750.8,46.8,35.4,0.0,12,55,20,30,60,0.9999144963445625,0.17320508075688776
2026-08-31T21:03:43.238,121462484,P009,ambient_light,QUALITY,,,,1003,1014327,117123,125558,117328.18,125962.84,-205.18,-404.84,169.69,247.34,False,False,nan,True,0.9677,75.35,98.15,True,0,NORMAL,1,0.98,0,750.8,46.8,35.4,0.0,12,55,20,30,60,0.9999144963445625,0.17320508075688776
2026-08-31T21:03:43.260,121462515,P009,ambient_light,QUALITY,,,,1004,1014367,116947,125198,117320.55,125947.55,-373.55,-749.55,-60.12,243.6,False,False,nan,True,0.9677,75.35,98.15,True,0,NORMAL,1,0.98,0,750.8,46.8,35.4,0.0,12,55,20,30,60,0.9999144963445625,0.17320508075688776
2026-08-31T21:03:43.301,121462546,P009,ambient_light,QUALITY,,,,1005,1014407,116963,125261,117313.41,125933.81,-350.41,-672.81,-213.29,242.99,False,False,nan,True,0.9677,75.35,98.15,True,0,NORMAL,1,0.98,0,750.8,46.8,35.4,0.0,12,55,20,30,60,0.9999144963445625,0.17320508075688776
2026-08-31T21:03:43.418,121462671,P009,ambient_light,QUALITY,,,,1006,1014447,117030,125432,117307.73,125923.77,-277.73,-491.77,-282.91,243.79,False,False,nan,True,0.9677,75.35,98.15,True,0,NORMAL,1,0.98,0,750.8,46.8,35.4,0.0,12,55,20,30,60,0.9999144963445625,0.17320508075688776
2026-08-31T21:03:43.431,121462687,P009,ambient_light,QUALITY,,,,1007,1014487,117086,125587,117303.3,125917.04,-217.3,-330.04,-294.69,244.81,False,False,nan,True,0.9677,75.35,98.15,True,0,NORMAL,1,0.98,0,750.8,46.8,35.4,0.0,12,55,20,30,60,0.9999144963445625,0.17320508075688776
2026-08-31T21:03:43.445,121462703,P009,ambient_light,QUALITY,,,,1008,1014527,117125,125680,117299.73,125912.3,-174.73,-232.3,-279.09,245.49,False,False,nan,True,0.9677,75.35,98.15,True,0,NORMAL,1,0.98,0,750.8,46.8,35.4,0.0,12,55,20,30,60,0.9999144963445625,0.17320508075688776
2026-08-31T21:03:43.461,121462718,P009,ambient_light,QUALITY,,,,1009,1014567,117113,125648,117296.0,125907.01,-183.0,-259.01,-274.07,246.06,False,False,nan,True,0.9677,75.35,98.15,True,0,NORMAL,1,0.98,0,750.8,46.8,35.4,0.0,12,55,20,30,60,0.9999144963445625,0.17320508075688776
2026-08-31T21:03:43.500,121462750,P009,ambient_light,QUALITY,,,,1010,1014607,117067,125565,117291.42,125900.16,-224.42,-335.16,-289.35,246.93,False,False,nan,True,0.9677,75.35,98.15,True,0,NORMAL,1,0.98,0,750.8,46.8,35.4,0.0,12,55,20,30,60,0.9999144963445625,0.17320508075688776
2026-08-31T21:03:43.620,121462875,P009,ambient_light,QUALITY,,,,1011,1014647,117072,125564,117287.03,125893.44,-215.03,-329.44,-299.37,247.98,False,False,nan,True,0.9677,75.35,98.11,True,0,NORMAL,1,0.98,0,750.8,46.8,35.4,0.0,12,55,20,30,60,0.9999144963445625,0.17320508075688776
2026-08-31T21:03:43.632,121462890,P009,ambient_light,QUALITY,,,,1012,1014687,117126,125696,117283.81,125889.49,-157.81,-193.49,-272.9,248.48,False,False,nan,True,0.9677,75.35,98.11,True,0,NORMAL,1,0.98,0,750.8,46.8,35.4,0.0,12,55,20,30,60,0.9999144963445625,0.17320508075688776
2026-08-31T21:03:43.643,121462890,P009,ambient_light,QUALITY,,,,1013,1014727,117186,125878,117281.86,125889.27,-95.86,-11.27,-207.49,247.66,False,False,nan,True,0.9677,75.35,98.11,True,0,NORMAL,1,0.98,0,750.8,46.8,35.4,0.0,12,55,20,30,60,0.9999144963445625,0.17320508075688776
2026-08-31T21:03:43.659,121462906,P009,ambient_light,QUALITY,,,,1014,1014767,117256,126023,117281.34,125891.94,-25.34,131.06,-122.85,245.16,False,False,nan,True,0.9677,75.35,98.11,True,0,NORMAL,1,0.98,0,750.8,46.8,35.4,0.0,12,55,20,30,60,0.9999144963445625,0.17320508075688776
2026-08-31T21:03:43.699,121462953,P009,ambient_light,QUALITY,,,,1015,1014807,117301,126125,117281.73,125896.6,19.27,228.4,-35.04,240.96,False,False,nan,True,0.9677,75.35,98.11,True,0,NORMAL,1,0.98,0,750.8,46.8,35.4,0.0,12,55,20,30,60,0.9999144963445625,0.17320508075688776
2026-08-31T21:03:43.816,121463062,P009,ambient_light,QUALITY,,,,1016,1014847,117321,126176,117282.52,125902.19,38.48,273.81,42.17,236.98,False,False,nan,True,0.9677,75.35,98.11,True,0,NORMAL,1,0.98,0,750.8,46.8,35.4,0.0,12,55,20,30,60,0.9998489885977783,0.17320508075688776
2026-08-31T21:03:43.826,121463078,P009,ambient_light,QUALITY,,,,1017,1014887,117344,126238,117283.75,125908.91,60.25,329.09,113.9,234.52,False,False,nan,True,0.9677,75.35,98.11,True,0,NORMAL,1,0.98,0,750.8,46.8,35.4,0.0,12,55,20,30,60,0.9998489885977783,0.17320508075688776
2026-08-31T21:03:43.836,121463093,P009,ambient_light,QUALITY,,,,1018,1014927,117402,126369,117286.12,125918.11,115.88,450.89,198.15,233.79,False,False,nan,True,0.9677,75.35,98.11,True,0,NORMAL,1,0.98,0,750.8,46.8,35.4,0.0,12,55,20,30,60,0.9998489885977783,0.17320508075688776
2026-08-31T21:03:43.860,121463109,P009,ambient_light,QUALITY,,,,1019,1014967,117468,126542,117289.76,125930.59,178.24,611.41,301.47,235.15,False,False,nan,True,0.9677,75.35,98.11,True,0,NORMAL,1,0.98,0,750.8,46.8,35.4,0.0,12,55,20,30,60,0.9998489885977783,0.17320508075688776
2026-08-31T21:03:43.901,121463156,P009,ambient_light,QUALITY,,,,1020,1015007,117511,126647,117294.18,125944.91,216.82,702.09,401.62,238.48,False,False,nan,True,0.9677,75.35,98.11,True,0,NORMAL,1,0.98,0,750.8,46.8,35.4,0.0,12,55,20,30,60,0.9998489885977783,0.17320508075688776
2026-08-31T21:03:44.018,121463265,P009,ambient_light,QUALITY,,,,1021,1015047,117549,126738,117299.27,125960.77,249.73,777.23,495.52,243.62,False,False,nan,True,0.9677,75.35,98.11,True,0,NORMAL,1,0.98,0,750.8,46.8,35.4,0.0,12,55,20,30,60,0.9994023213901397,0.17320508075688776
2026-08-31T21:03:44.028,121463281,P009,ambient_light,QUALITY,,,,1022,1015087,117501,126619,117303.3,125973.94,197.7,645.06,532.91,249.4,False,False,nan,True,0.9677,75.35,98.11,True,0,NORMAL,1,0.98,0,750.8,46.8,35.4,0.0,12,55,20,30,60,0.9994023213901397,0.17320508075688776
2026-08-31T21:03:44.038,121463296,P009,ambient_light,QUALITY,,,,1023,1015127,117294,126073,117303.12,125975.92,-9.12,97.08,423.95,252.89,True,True,840.0,True,0.9643,74.88,98.11,True,0,NORMAL,1,0.98,0,750.8,46.8,35.4,0.0,12,55,20,30,60,0.9994023213901397,0.17320508075688776
2026-08-31T21:03:44.060,121463312,P009,ambient_light,QUALITY,,,,1024,1015167,117086,125597,117298.77,125968.34,-212.77,-371.34,225.13,252.34,False,False,nan,True,0.9643,74.88,98.11,True,0,NORMAL,1,0.98,0,750.8,46.8,35.4,0.0,12,55,20,30,60,0.9994023213901397,0.17320508075688776
2026-08-31T21:03:44.108,121463359,P009,ambient_light,QUALITY,,,,1025,1015207,117050,125535,117293.8,125959.68,-243.8,-424.68,62.68,248.55,False,False,nan,True,0.9643,74.88,98.11,True,0,NORMAL,1,0.98,0,750.8,46.8,35.4,0.0,12,55,20,30,60,0.9994023213901397,0.17320508075688776
2026-08-31T21:03:44.217,121463468,P009,ambient_light,QUALITY,,,,1026,1015247,117108,125688,117290.08,125954.25,-182.08,-266.25,-19.56,243.97,False,False,nan,True,0.9643,74.88,98.11,True,0,NORMAL,1,0.98,0,750.8,46.8,35.4,0.0,12,55,20,30,60,0.9998489885977783,0.17320508075688776
2026-08-31T21:03:44.227,121463484,P009,ambient_light,QUALITY,,,,1027,1015287,117148,125807,117287.23,125951.3,-139.23,-144.3,-50.74,240.1,False,False,nan,True,0.9643,74.88,98.11,True,0,NORMAL,1,0.98,0,750.8,46.8,35.4,0.0,12,55,20,30,60,0.9998489885977783,0.17320508075688776
2026-08-31T21:03:44.236,121463484,P009,ambient_light,QUALITY,,,,1028,1015327,117170,125874,117284.89,125949.76,-114.89,-75.76,-57.0,236.44,False,False,nan,True,0.9643,74.88,98.11,True,0,NORMAL,1,0.98,0,750.8,46.8,35.4,0.0,12,55,20,30,60,0.9998489885977783,0.17320508075688776
2026-08-31T21:03:44.262,121463515,P009,ambient_light,QUALITY,,,,1029,1015367,117158,125821,117282.35,125947.18,-124.35,-126.18,-74.29,233.2,False,False,nan,True,0.9643,74.88,98.11,True,0,NORMAL,1,0.98,0,750.8,46.8,35.4,0.0,12,55,20,30,60,0.9998489885977783,0.17320508075688776
2026-08-31T21:03:44.300,121463546,P009,ambient_light,QUALITY,,,,1030,1015407,117133,125751,117279.37,125943.26,-146.37,-192.26,-103.78,230.61,False,False,nan,True,0.9643,74.88,98.11,True,0,NORMAL,1,0.98,0,750.8,46.8,35.4,0.0,12,55,20,30,60,0.9998489885977783,0.17320508075688776
2026-08-31T21:03:44.417,121463671,P009,ambient_light,QUALITY,,,,1031,1015447,117127,125739,117276.32,125939.17,-149.32,-200.17,-127.88,228.55,False,False,nan,True,0.9643,74.88,98.11,True,0,NORMAL,1,0.97,0,768.2,47.9,38.4,0.06,17,70,21,30,60,0.9994678584126655,0.17320508075688776
2026-08-31T21:03:44.429,121463687,P009,ambient_light,QUALITY,,,,1032,1015487,117155,125840,117273.89,125937.19,-118.89,-97.19,-120.21,226.39,False,False,nan,True,0.9643,74.88,98.11,True,0,NORMAL,1,0.97,0,768.2,47.9,38.4,0.06,17,70,21,30,60,0.9994678584126655,0.17320508075688776
2026-08-31T21:03:44.440,121463687,P009,ambient_light,QUALITY,,,,1033,1015527,117226,126017,117272.93,125938.78,-46.93,78.22,-70.6,223.27,False,False,nan,True,0.9643,74.88,98.11,True,0,NORMAL,1,0.97,0,768.2,47.9,38.4,0.06,17,70,21,30,60,0.9994678584126655,0.17320508075688776
2026-08-31T21:03:44.460,121463703,P009,ambient_light,QUALITY,,,,1034,1015567,117284,126156,117273.15,125943.12,10.85,212.88,0.27,218.81,False,False,nan,True,0.9643,74.88,98.11,True,0,NORMAL,1,0.97,0,768.2,47.9,38.4,0.06,17,70,21,30,60,0.9994678584126655,0.17320508075688776
2026-08-31T21:03:44.500,121463750,P009,ambient_light,QUALITY,,,,1035,1015607,117316,126234,117274.01,125948.95,41.99,285.05,71.46,215.86,False,False,nan,True,0.9643,74.88,98.11,True,0,NORMAL,1,0.97,0,768.2,47.9,38.4,0.06,17,70,21,30,60,0.9994678584126655,0.17320508075688776
2026-08-31T21:03:44.618,121463875,P009,ambient_light,QUALITY,,,,1036,1015647,117344,126274,117275.41,125955.45,68.59,318.55,133.24,214.21,False,False,nan,True,0.9643,74.88,98.11,True,0,NORMAL,1,0.97,0,768.2,47.9,38.4,0.06,17,70,21,30,60,0.9998489885977783,0.17320508075688776
2026-08-31T21:03:44.627,121463875,P009,ambient_light,QUALITY,,,,1037,1015687,117381,126343,117277.52,125963.2,103.48,379.8,194.88,213.83,False,False,nan,True,0.9643,74.88,98.11,True,0,NORMAL,1,0.97,0,768.2,47.9,38.4,0.06,17,70,21,30,60,0.9998489885977783,0.17320508075688776
2026-08-31T21:03:44.636,121463890,P009,ambient_light,QUALITY,,,,1038,1015727,117420,126470,117280.37,125973.33,139.63,496.67,270.33,214.96,False,False,nan,True,0.9643,74.88,98.11,True,0,NORMAL,1,0.97,0,768.2,47.9,38.4,0.06,17,70,21,30,60,0.9998489885977783,0.17320508075688776
2026-08-31T21:03:44.660,121463906,P009,ambient_light,QUALITY,,,,1039,1015767,117492,126630,117284.6,125986.46,207.4,643.54,363.63,217.93,False,False,nan,True,0.9643,74.88,98.11,True,0,NORMAL,1,0.97,0,768.2,47.9,38.4,0.06,17,70,21,30,60,0.9998489885977783,0.17320508075688776
2026-08-31T21:03:44.700,121463953,P009,ambient_light,QUALITY,,,,1040,1015807,117558,126768,117290.07,126002.09,267.93,765.91,464.2,222.85,False,False,nan,True,0.9643,74.88,98.11,True,0,NORMAL,1,0.97,0,768.2,47.9,38.4,0.06,17,70,21,30,60,0.9998489885977783,0.17320508075688776
2026-08-31T21:03:44.817,121464062,P009,ambient_light,QUALITY,,,,1041,1015847,117523,126685,117294.73,126015.75,228.27,669.25,515.46,228.71,False,False,nan,True,0.9643,74.88,98.11,True,0,NORMAL,1,0.97,0,768.2,47.9,38.4,0.06,17,70,21,30,60,0.9999144963445625,0.17320508075688776
2026-08-31T21:03:44.827,121464078,P009,ambient_light,QUALITY,,,,1042,1015887,117303,126141,117294.89,126018.26,8.11,122.74,417.28,232.48,True,True,760.0,True,0.9651,75.83,98.11,True,0,NORMAL,1,0.97,0,768.2,47.9,38.4,0.06,17,70,21,30,60,0.9999144963445625,0.17320508075688776
2026-08-31T21:03:44.836,121464093,P009,ambient_light,QUALITY,,,,1043,1015927,117043,125529,117289.85,126008.48,-246.85,-479.48,193.09,231.69,False,False,nan,True,0.9651,75.83,98.11,True,0,NORMAL,1,0.97,0,768.2,47.9,38.4,0.06,17,70,21,30,60,0.9999144963445625,0.17320508075688776
2026-08-31T21:03:44.860,121464109,P009,ambient_light,QUALITY,,,,1044,1015967,116956,125331,117283.17,125994.93,-327.17,-663.93,-21.16,227.48,False,False,nan,True,0.9651,75.83,98.11,True,0,NORMAL,1,0.97,0,768.2,47.9,38.4,0.06,17,70,21,30,60,0.9999144963445625,0.17320508075688776
2026-08-31T21:03:44.900,121464156,P009,ambient_light,QUALITY,,,,1045,1016007,116988,125417,117277.27,125983.38,-289.27,-566.38,-157.47,226.08,False,False,nan,True,0.9651,75.83,98.11,True,0,NORMAL,1,0.97,0,768.2,47.9,38.4,0.06,17,70,21,30,60,0.9999144963445625,0.17320508075688776
2026-08-31T21:03:45.017,121464265,P009,ambient_light,QUALITY,,,,1046,1016047,117049,125601,117272.7,125975.73,-223.7,-374.73,-211.78,225.79,False,False,nan,True,0.9651,75.83,98.11,True,0,NORMAL,1,0.97,0,768.2,47.9,38.4,0.06,17,70,21,30,60,0.9999144963445625,0.17320508075688776
2026-08-31T21:03:45.028,121464281,P009,ambient_light,QUALITY,,,,1047,1016087,117139,125809,117270.03,125972.39,-131.03,-163.39,-199.68,225.27,False,False,nan,True,0.9651,75.83,98.11,True,0,NORMAL,1,0.97,0,768.2,47.9,38.4,0.06,17,70,21,30,60,0.9999144963445625,0.17320508075688776
2026-08-31T21:03:45.037,121464281,P009,ambient_light,QUALITY,,,,1048,1016127,117159,125870,117267.81,125970.34,-108.81,-100.34,-174.85,224.26,False,False,nan,True,0.9651,75.83,98.11,True,0,NORMAL,1,0.97,0,768.2,47.9,38.4,0.06,17,70,21,30,60,0.9999144963445625,0.17320508075688776
2026-08-31T21:03:45.061,121464312,P009,ambient_light,QUALITY,,,,1049,1016167,117110,125735,117264.66,125965.64,-154.66,-230.64,-188.8,223.55,False,False,nan,True,0.9651,75.83,98.11,True,0,NORMAL,1,0.97,0,768.2,47.9,38.4,0.06,17,70,21,30,60,0.9999144963445625,0.17320508075688776
2026-08-31T21:03:45.100,121464343,P009,ambient_light,QUALITY,,,,1050,1016207,117033,125572,117260.02,125957.77,-227.02,-385.77,-238.04,223.84,False,False,nan,True,0.9651,75.83,98.11,True,0,NORMAL,1,0.97,0,768.2,47.9,38.4,0.06,17,70,21,30,60,0.9999144963445625,0.17320508075688776
2026-08-31T21:03:45.216,121464468,P009,ambient_light,QUALITY,,,,1051,1016247,117038,125573,117255.59,125950.07,-217.59,-377.07,-272.8,224.82,False,False,nan,True,0.9651,75.83,98.11,True,0,NORMAL,1,0.97,0,768.2,47.9,38.4,0.06,17,70,21,30,60,0.9994678584126655,0.17320508075688776
2026-08-31T21:03:45.228,121464484,P009,ambient_light,QUALITY,,,,1052,1016287,117111,125747,117252.7,125946.01,-141.7,-199.01,-254.35,225.41,False,False,nan,True,0.9651,75.83,98.11,True,0,NORMAL,1,0.97,0,768.2,47.9,38.4,0.06,17,70,21,30,60,0.9994678584126655,0.17320508075688776
2026-08-31T21:03:45.239,121464484,P009,ambient_light,QUALITY,,,,1053,1016327,117210,126004,117251.84,125947.16,-41.84,56.84,-176.55,224.44,False,False,nan,True,0.9651,75.83,98.11,True,0,NORMAL,1,0.97,0,768.2,47.9,38.4,0.06,17,70,21,30,60,0.9994678584126655,0.17320508075688776
2026-08-31T21:03:45.261,121464515,P009,ambient_light,QUALITY,,,,1054,1016367,117319,126238,117253.19,125952.98,65.81,285.02,-61.16,221.17,False,False,nan,True,0.9651,75.83,98.11,True,0,NORMAL,1,0.97,0,768.2,47.9,38.4,0.06,17,70,21,30,60,0.9994678584126655,0.17320508075688776
2026-08-31T21:03:45.300,121464546,P009,ambient_light,QUALITY,,,,1055,1016407,117370,126395,117255.52,125961.83,114.48,433.17,62.42,218.0,False,False,nan,True,0.9651,75.83,98.11,True,0,NORMAL,1,0.97,0,768.2,47.9,38.4,0.06,17,70,21,30,60,0.9994678584126655,0.17320508075688776
2026-08-31T21:03:45.418,121464671,P009,ambient_light,QUALITY,,,,1056,1016447,117402,126463,117258.45,125971.85,143.55,491.15,169.6,217.03,False,False,nan,True,0.9651,75.83,98.11,True,0,NORMAL,1,0.97,0,768.2,47.9,38.4,0.06,17,70,21,30,60,0.9998489885977783,0.17320508075688776
2026-08-31T21:03:45.427,121464671,P009,ambient_light,QUALITY,,,,1057,1016487,117398,126465,117261.24,125981.71,136.76,483.29,248.03,217.65,False,False,nan,True,0.9651,75.83,98.11,True,0,NORMAL,1,0.97,0,768.2,47.9,38.4,0.06,17,70,21,30,60,0.9998489885977783,0.17320508075688776
2026-08-31T21:03:45.436,121464687,P009,ambient_light,QUALITY,,,,1058,1016527,117399,126447,117264.0,125991.02,135.0,455.98,300.01,219.29,False,False,nan,True,0.9651,75.83,98.11,True,0,NORMAL,1,0.97,0,768.2,47.9,38.4,0.06,17,70,21,30,60,0.9998489885977783,0.17320508075688776
2026-08-31T21:03:45.459,121464703,P009,ambient_light,QUALITY,,,,1059,1016567,117352,126320,117265.76,125997.59,86.24,322.41,305.61,221.02,False,False,nan,True,0.9651,75.83,98.11,True,0,NORMAL,1,0.97,0,768.2,47.9,38.4,0.06,17,70,21,30,60,0.9998489885977783,0.17320508075688776
2026-08-31T21:03:45.500,121464750,P009,ambient_light,QUALITY,,,,1060,1016607,117150,125800,117263.45,125993.64,-113.45,-193.64,180.8,220.22,True,True,720.0,True,0.9567,76.8,98.11,True,0,NORMAL,1,0.97,0,768.2,47.9,38.4,0.06,17,70,21,30,60,0.9998489885977783,0.17320508075688776
2026-08-31T21:03:45.617,121464875,P009,ambient_light,QUALITY,,,,1061,1016647,116909,125217,117256.36,125978.11,-347.36,-761.11,-54.68,216.91,False,False,nan,True,0.9567,76.8,98.11,True,0,NORMAL,1,0.97,0,768.2,47.9,38.4,0.06,17,70,21,30,60,0.9999144963445625,0.17320508075688776
2026-08-31T21:03:45.628,121464875,P009,ambient_light,QUALITY,,,,1062,1016687,116845,125084,117248.13,125960.23,-403.13,-876.23,-260.07,217.77,False,False,nan,True,0.9567,76.8,98.11,True,0,NORMAL,1,0.97,0,768.2,47.9,38.4,0.06,17,70,21,30,60,0.9999144963445625,0.17320508075688776
2026-08-31T21:03:45.638,121464890,P009,ambient_light,QUALITY,,,,1063,1016727,116910,125252,117241.37,125946.06,-331.37,-694.06,-368.56,220.78,False,False,nan,True,0.9567,76.8,98.11,True,0,NORMAL,1,0.97,0,768.2,47.9,38.4,0.06,17,70,21,30,60,0.9999144963445625,0.17320508075688776
2026-08-31T21:03:45.660,121464906,P009,ambient_light,QUALITY,,,,1064,1016767,116993,125436,117236.4,125935.86,-243.4,-499.86,-401.39,224.4,False,False,nan,True,0.9567,76.8,98.11,True,0,NORMAL,1,0.97,0,768.2,47.9,38.4,0.06,17,70,21,30,60,0.9999144963445625,0.17320508075688776
2026-08-31T21:03:45.700,121464953,P009,ambient_light,QUALITY,,,,1065,1016807,117051,125577,117232.69,125928.68,-181.69,-351.68,-388.96,227.69,False,False,nan,True,0.9567,76.8,98.11,True,0,NORMAL,1,0.97,0,768.2,47.9,38.4,0.06,17,70,21,30,60,0.9999144963445625,0.17320508075688776
2026-08-31T21:03:45.817,121465062,P009,ambient_light,QUALITY,,,,1066,1016847,117048,125607,117228.99,125922.25,-180.99,-315.25,-370.53,230.55,False,False,nan,True,0.9567,76.8,98.11,True,0,NORMAL,1,0.97,0,768.2,47.9,38.4,0.06,17,70,21,30,60,0.9998489885977783,0.17320508075688776
2026-08-31T21:03:45.827,121465078,P009,ambient_light,QUALITY,,,,1067,1016887,116993,125449,117224.27,125912.78,-231.27,-463.78,-393.85,233.81,False,False,nan,True,0.9567,76.8,98.11,True,0,NORMAL,1,0.97,0,768.2,47.9,38.4,0.06,17,70,21,30,60,0.9998489885977783,0.17320508075688776
2026-08-31T21:03:45.838,121465093,P009,ambient_light,QUALITY,,,,1068,1016927,116931,125283,117218.41,125900.19,-287.41,-617.19,-449.68,238.13,False,False,nan,True,0.9567,76.8,98.11,True,0,NORMAL,1,0.97,0,768.2,47.9,38.4,0.06,17,70,21,30,60,0.9998489885977783,0.17320508075688776
2026-08-31T21:03:45.860,121465109,P009,ambient_light,QUALITY,,,,1069,1016967,116920,125275,117212.44,125887.69,-292.44,-612.69,-490.43,243.17,False,False,nan,True,0.9567,76.8,98.11,True,0,NORMAL,1,0.97,0,768.2,47.9,38.4,0.06,17,70,21,30,60,0.9998489885977783,0.17320508075688776
2026-08-31T21:03:45.900,121465156,P009,ambient_light,QUALITY,,,,1070,1017007,117012,125487,117208.43,125879.67,-196.43,-392.67,-465.99,247.63,False,False,nan,True,0.9567,76.8,98.11,True,0,NORMAL,1,0.97,0,768.2,47.9,38.4,0.06,17,70,21,30,60,0.9998489885977783,0.17320508075688776
2026-08-31T21:03:46.018,121465265,P009,ambient_light,QUALITY,,,,1071,1017047,117124,125740,117206.74,125876.88,-82.74,-136.88,-383.71,250.35,False,False,nan,True,0.9567,76.8,98.11,True,0,NORMAL,1,0.97,0,768.2,47.9,38.4,0.06,17,70,21,30,60,0.9998489885977783,0.17320508075688776
2026-08-31T21:03:46.028,121465281,P009,ambient_light,QUALITY,,,,1072,1017087,117208,125979,117206.77,125878.91,1.23,100.09,-262.76,250.6,False,False,nan,True,0.9567,76.8,98.11,True,0,NORMAL,1,0.97,0,768.2,47.9,38.4,0.06,17,70,21,30,60,0.9998489885977783,0.17320508075688776
2026-08-31T21:03:46.038,121465296,P009,ambient_light,QUALITY,,,,1073,1017127,117272,126109,117208.07,125883.52,63.93,225.48,-140.7,248.4,False,False,nan,True,0.9567,76.8,98.11,True,0,NORMAL,1,0.97,0,768.2,47.9,38.4,0.06,17,70,21,30,60,0.9998489885977783,0.17320508075688776
2026-08-31T21:03:46.060,121465312,P009,ambient_light,QUALITY,,,,1074,1017167,117290,126164,117209.71,125889.12,80.29,274.88,-36.81,244.17,False,False,nan,True,0.9567,76.8,98.11,True,0,NORMAL,1,0.97,0,768.2,47.9,38.4,0.06,17,70,21,30,60,0.9998489885977783,0.17320508075688776
2026-08-31T21:03:46.102,121465359,P009,ambient_light,QUALITY,,,,1075,1017207,117291,126158,117211.34,125894.5,79.66,263.5,38.27,240.05,False,False,nan,True,0.9567,76.8,98.11,True,0,NORMAL,1,0.97,0,768.2,47.9,38.4,0.06,17,70,21,30,60,0.9998489885977783,0.17320508075688776
2026-08-31T21:03:46.217,121465468,P009,ambient_light,QUALITY,,,,1076,1017247,117298,126161,117213.07,125899.83,84.93,261.17,94.0,237.13,False,False,nan,True,0.9567,76.8,98.11,True,0,NORMAL,1,0.97,0,768.2,47.9,38.4,0.06,17,70,21,30,60,0.9994678584126655,0.17320508075688776
2026-08-31T21:03:46.229,121465484,P009,ambient_light,QUALITY,,,,1077,1017287,117326,126223,117215.33,125906.29,110.67,316.71,149.67,235.38,False,False,nan,True,0.9567,76.8,98.11,True,0,NORMAL,1,0.97,0,768.2,47.9,38.4,0.06,17,70,21,30,60,0.9994678584126655,0.17320508075688776
2026-08-31T21:03:46.238,121465484,P009,ambient_light,QUALITY,,,,1078,1017327,117315,126163,117217.32,125911.42,97.68,251.58,175.15,234.18,False,False,nan,True,0.9567,76.8,98.11,True,0,NORMAL,1,0.97,0,768.2,47.9,38.4,0.06,17,70,21,30,60,0.9994678584126655,0.17320508075688776
2026-08-31T21:03:46.261,121465515,P009,ambient_light,QUALITY,,,,1079,1017367,117111,125676,117215.2,125906.71,-104.2,-230.71,73.68,230.97,True,True,760.0,True,0.9567,76.8,98.11,True,0,NORMAL,1,0.97,0,768.2,47.9,38.4,0.06,17,70,21,30,60,0.9994678584126655,0.17320508075688776
2026-08-31T21:03:46.300,121465546,P009,ambient_light,QUALITY,,,,1080,1017407,116891,125189,117208.71,125892.36,-317.71,-703.36,-120.58,228.76,False,False,nan,True,0.9567,76.8,98.11,True,0,NORMAL,1,0.97,0,768.2,47.9,38.4,0.06,17,70,21,30,60,0.9994678584126655,0.17320508075688776
2026-08-31T21:03:46.418,121465671,P009,ambient_light,QUALITY,,,,1081,1017447,116831,125052,117201.16,125875.55,-370.16,-823.55,-296.32,230.11,False,False,nan,True,0.9567,76.8,98.11,True,0,NORMAL,1,0.97,0,768.2,47.9,38.4,0.06,17,70,21,30,60,0.9999144963445625,0.17320508075688776
2026-08-31T21:03:46.429,121465687,P009,ambient_light,QUALITY,,,,1082,1017487,116849,125117,117194.11,125860.38,-345.11,-743.38,-408.09,233.67,False,False,nan,True,0.9567,76.8,98.11,True,0,NORMAL,1,0.97,0,768.2,47.9,38.4,0.06,17,70,21,30,60,0.9999144963445625,0.17320508075688776
2026-08-31T21:03:46.439,121465687,P009,ambient_light,QUALITY,,,,1083,1017527,116879,125159,117187.8,125846.35,-308.8,-687.35,-477.9,238.56,False,False,nan,True,0.9567,76.8,98.11,True,0,NORMAL,1,0.97,0,768.2,47.9,38.4,0.06,17,70,21,30,60,0.9999144963445625,0.17320508075688776
2026-08-31T21:03:46.460,121465718,P009,ambient_light,QUALITY,,,,1084,1017567,116899,125207,117182.03,125833.56,-283.03,-626.56,-515.07,244.09,False,False,nan,True,0.9567,76.8,98.11,True,0,NORMAL,1,0.97,0,768.2,47.9,38.4,0.06,17,70,21,30,60,0.9999144963445625,0.17320508075688776
2026-08-31T21:03:46.500,121465750,P009,ambient_light,QUALITY,,,,1085,1017607,116913,125232,117176.65,125821.53,-263.65,-589.53,-533.68,249.88,False,False,nan,True,0.9567,76.8,98.11,True,0,NORMAL,1,0.97,0,768.2,47.9,38.4,0.06,17,70,21,30,60,0.9999144963445625,0.17320508075688776
2026-08-31T21:03:46.617,121465875,P009,ambient_light,QUALITY,,,,1086,1017647,116898,125218,117171.08,125809.46,-273.08,-591.46,-548.13,255.84,False,False,nan,True,0.9567,76.8,98.11,True,0,NORMAL,1,0.97,0,768.2,47.9,38.4,0.06,17,70,21,30,60,0.9999144963445625,0.17320508075688776
2026-08-31T21:03:46.629,121465875,P009,ambient_light,QUALITY,,,,1087,1017687,116892,125211,117165.5,125797.49,-273.5,-586.49,-557.72,261.88,False,False,nan,True,0.9567,76.8,98.11,True,0,NORMAL,1,0.97,0,768.2,47.9,38.4,0.06,17,70,21,30,60,0.9999144963445625,0.17320508075688776
2026-08-31T21:03:46.640,121465890,P009,ambient_light,QUALITY,,,,1088,1017727,116895,125252,117160.09,125786.59,-265.09,-534.59,-551.94,267.68,False,False,nan,True,0.9567,76.8,98.11,True,0,NORMAL,1,0.97,0,768.2,47.9,38.4,0.06,17,70,21,30,60,0.9999144963445625,0.17320508075688776
2026-08-31T21:03:46.662,121465906,P009,ambient_light,QUALITY,,,,1089,1017767,116938,125324,117155.65,125777.34,-217.65,-453.34,-527.29,272.87,False,False,nan,True,0.9567,76.8,98.11,True,0,NORMAL,1,0.97,0,768.2,47.9,38.4,0.06,17,70,21,30,60,0.9999144963445625,0.17320508075688776
2026-08-31T21:03:46.699,121465953,P009,ambient_light,QUALITY,,,,1090,1017807,116951,125383,117151.55,125769.45,-200.55,-386.45,-492.08,277.26,False,False,nan,True,0.9567,76.8,98.11,True,0,NORMAL,1,0.97,0,768.2,47.9,38.4,0.06,17,70,21,30,60,0.9999144963445625,0.17320508075688776
2026-08-31T21:03:46.817,121466062,P009,ambient_light,QUALITY,,,,1091,1017847,116974,125414,117148.0,125762.34,-174.0,-348.34,-456.14,280.84,False,False,nan,True,0.9567,76.8,98.11,True,0,NORMAL,1,0.97,0,768.2,47.9,38.4,0.06,17,70,21,30,60,0.9999144963445625,0.17320508075688776
2026-08-31T21:03:46.828,121466078,P009,ambient_light,QUALITY,,,,1092,1017887,116987,125473,117144.78,125756.55,-157.78,-283.55,-413.0,283.48,False,False,nan,True,0.9567,76.8,98.11,True,0,NORMAL,1,0.97,0,768.2,47.9,38.4,0.06,17,70,21,30,60,0.9999144963445625,0.17320508075688776
2026-08-31T21:03:46.838,121466093,P009,ambient_light,QUALITY,,,,1093,1017927,117058,125633,117143.05,125754.09,-85.05,-121.09,-340.02,284.61,False,False,nan,True,0.9567,76.8,98.11,True,0,NORMAL,1,0.97,0,768.2,47.9,38.4,0.06,17,70,21,30,60,0.9999144963445625,0.17320508075688776
2026-08-31T21:03:46.860,121466109,P009,ambient_light,QUALITY,,,,1094,1017967,117143,125823,117143.05,125755.46,-0.05,67.54,-238.13,283.68,False,False,nan,True,0.9567,76.8,98.11,True,0,NORMAL,1,0.97,0,768.2,47.9,38.4,0.06,17,70,21,30,60,0.9999144963445625,0.17320508075688776
2026-08-31T21:03:46.900,121466156,P009,ambient_light,QUALITY,,,,1095,1018007,117206,125979,117144.3,125759.93,61.7,219.07,-123.83,280.48,False,False,nan,True,0.9567,76.8,98.11,True,0,NORMAL,1,0.97,0,768.2,47.9,38.4,0.06,17,70,21,30,60,0.9999144963445625,0.17320508075688776
2026-08-31T21:03:47.016,121466265,P009,ambient_light,QUALITY,,,,1096,1018047,117218,126001,117145.78,125764.75,72.22,236.25,-33.81,275.55,False,False,nan,True,0.9567,76.8,98.11,True,0,NORMAL,1,0.97,0,768.2,47.9,38.4,0.06,17,70,21,30,60,0.9999144963445625,0.17320508075688776
2026-08-31T21:03:47.028,121466281,P009,ambient_light,QUALITY,,,,1097,1018087,117028,125547,117143.42,125760.4,-115.42,-213.4,-78.71,271.61,False,False,nan,True,0.9567,76.8,98.11,True,0,NORMAL,1,0.97,0,768.2,47.9,38.4,0.06,17,70,21,30,60,0.9999144963445625,0.17320508075688776
2026-08-31T21:03:47.038,121466281,P009,ambient_light,QUALITY,,,,1098,1018127,116693,124742,117134.41,125740.03,-441.41,-998.03,-308.54,272.35,False,False,nan,True,0.9567,76.8,98.11,True,0,NORMAL,1,0.97,0,768.2,47.9,38.4,0.06,17,70,21,30,60,0.9999144963445625,0.17320508075688776
2026-08-31T21:03:47.070,121466328,P009,ambient_light,QUALITY,,,,1099,1018177,116509,124318,117121.91,125711.59,-612.91,-1393.59,-579.8,278.5,False,False,nan,True,0.9567,76.8,98.11,True,0,NORMAL,1,0.97,0,768.2,47.9,38.4,0.06,17,70,21,30,60,0.9999144963445625,0.17320508075688776
2026-08-31T21:03:47.093,121466343,P009,ambient_light,QUALITY,,,,1100,1018207,116539,124403,117110.25,125685.42,-571.25,-1282.42,-755.46,288.04,False,False,nan,True,0.9567,76.8,98.11,True,0,NORMAL,1,0.97,0,768.2,47.9,38.4,0.06,17,70,21,30,60,0.9999144963445625,0.17320508075688776
2026-08-31T21:03:47.215,121466468,P009,ambient_light,QUALITY,,,,1101,1018247,116611,124604,117100.27,125663.8,-489.27,-1059.8,-831.54,298.91,False,False,nan,True,0.9567,76.8,98.11,True,0,NORMAL,1,0.97,0,768.2,47.9,38.4,0.06,17,70,21,30,60,0.9999144963445625,0.17320508075688776
2026-08-31T21:03:47.226,121466484,P009,ambient_light,QUALITY,,,,1102,1018297,116654,124633,117091.34,125643.18,-437.34,-1010.18,-876.2,310.45,False,False,nan,True,0.9567,76.8,98.11,True,0,NORMAL,1,0.97,0,768.2,47.9,38.4,0.06,17,70,21,30,60,0.9999144963445625,0.17320508075688776
2026-08-31T21:03:47.236,121466484,P009,ambient_light,QUALITY,,,,1103,1018337,116639,124648,117082.3,125623.27,-443.3,-975.27,-900.97,322.27,False,False,nan,True,0.9567,76.8,98.11,True,0,NORMAL,1,0.97,0,768.2,47.9,38.4,0.06,17,70,21,30,60,0.9999144963445625,0.17320508075688776
2026-08-31T21:03:47.270,121466515,P009,ambient_light,QUALITY,,,,1104,1018377,116578,124479,117072.21,125600.39,-494.21,-1121.39,-956.07,334.94,False,False,nan,True,0.9567,76.8,98.11,True,0,NORMAL,1,0.97,0,768.2,47.9,38.4,0.06,17,70,21,30,60,0.9999144963445625,0.17320508075688776
2026-08-31T21:03:47.417,121466671,P009,ambient_light,QUALITY,,,,1105,1018417,116520,124302,117061.16,125574.42,-541.16,-1272.42,-1035.16,348.95,False,False,nan,True,0.9567,76.8,98.11,True,0,NORMAL,1,0.97,0,768.2,47.9,38.4,0.06,17,70,21,30,60,0.9999144963445625,0.17320508075688776
2026-08-31T21:03:47.428,121466671,P009,ambient_light,QUALITY,,,,1106,1018457,116536,124345,117050.66,125549.84,-514.66,-1204.84,-1077.58,363.52,False,False,nan,True,0.9567,76.8,98.11,True,0,NORMAL,1,0.97,0,768.2,47.9,38.4,0.06,17,70,21,30,60,0.9999144963445625,0.17320508075688776
2026-08-31T21:03:47.439,121466687,P009,ambient_light,QUALITY,,,,1107,1018497,116624,124584,117042.13,125530.52,-418.13,-946.52,-1044.81,377.14,False,False,nan,True,0.9567,76.8,98.11,True,0,NORMAL,1,0.97,0,768.2,47.9,38.4,0.06,17,70,21,30,60,0.9999144963445625,0.17320508075688776
2026-08-31T21:03:47.449,121466703,P009,ambient_light,QUALITY,,,,1108,1018537,116744,124843,117036.17,125516.77,-292.17,-673.77,-952.05,388.64,False,False,nan,True,0.9567,76.8,98.11,True,0,NORMAL,1,0.97,0,768.2,47.9,38.4,0.06,17,70,21,30,60,0.9999144963445625,0.17320508075688776
2026-08-31T21:03:47.470,121466718,P009,ambient_light,QUALITY,,,,1109,1018577,116830,125081,117032.05,125508.05,-202.05,-427.05,-820.8,397.29,False,False,nan,True,0.9567,76.8,98.11,True,0,NORMAL,1,0.97,0,768.2,47.9,38.4,0.06,17,70,21,30,60,0.9999144963445625,0.17320508075688776
2026-08-31T21:03:47.615,121466859,P009,ambient_light,QUALITY,,,,1110,1018617,116877,125164,117028.95,125501.16,-151.95,-337.16,-699.89,403.34,False,False,nan,True,0.9567,76.8,98.11,True,0,NORMAL,1,0.97,0,768.2,47.9,38.4,0.06,17,70,21,30,60,0.9999144963445625,0.17320508075688776
2026-08-31T21:03:47.626,121466875,P009,ambient_light,QUALITY,,,,1111,1018657,116873,125177,117025.83,125494.68,-152.83,-317.68,-604.34,407.36,False,False,nan,True,0.9567,76.8,98.6,True,0,NORMAL,1,0.97,0,768.2,47.9,38.4,0.06,17,70,21,30,60,0.9999144963445625,0.17320508075688776
2026-08-31T21:03:47.637,121466890,P009,ambient_light,QUALITY,,,,1112,1018697,116839,125041,117022.09,125485.61,-183.09,-444.61,-564.41,410.5,False,False,nan,True,0.9567,76.8,98.6,True,0,NORMAL,1,0.97,0,768.2,47.9,38.4,0.06,17,70,21,30,60,0.9999144963445625,0.17320508075688776
2026-08-31T21:03:47.646,121466890,P009,ambient_light,QUALITY,,,,1113,1018737,116820,125075,117018.05,125477.4,-198.05,-402.4,-523.9,412.77,False,False,nan,True,0.9567,76.8,98.6,True,0,NORMAL,1,0.97,0,768.2,47.9,38.4,0.06,17,70,21,30,60,0.9999144963445625,0.17320508075688776
2026-08-31T21:03:47.670,121466921,P009,ambient_light,QUALITY,,,,1114,1018777,116864,125142,117014.98,125470.69,-150.98,-328.69,-475.1,414.01,False,False,nan,True,0.9567,76.8,98.6,True,0,NORMAL,1,0.97,0,768.2,47.9,38.4,0.06,17,70,21,30,60,0.9999144963445625,0.17320508075688776
2026-08-31T21:03:47.816,121467062,P009,ambient_light,QUALITY,,,,1115,1018817,116905,125232,117012.77,125465.91,-107.77,-233.91,-414.8,414.03,False,False,nan,True,0.9567,76.8,98.6,True,0,NORMAL,1,0.97,0,768.2,47.9,38.4,0.06,17,70,21,30,60,0.9999144963445625,0.17320508075688776
2026-08-31T21:03:47.827,121467078,P009,ambient_light,QUALITY,,,,1116,1018857,116750,124887,117007.52,125454.34,-257.52,-567.34,-452.94,414.81,False,False,nan,True,0.9567,76.8,98.6,True,0,NORMAL,1,0.97,0,768.2,47.9,38.4,0.06,17,70,21,30,60,0.9999144963445625,0.17320508075688776
2026-08-31T21:03:47.841,121467093,P009,ambient_light,QUALITY,,,,1117,1018897,116458,124139,116996.52,125428.03,-538.52,-1289.03,-661.96,419.75,False,False,nan,True,0.9567,76.8,98.6,True,0,NORMAL,1,0.97,0,768.2,47.9,38.4,0.06,17,70,21,30,60,0.9999144963445625,0.17320508075688776
2026-08-31T21:03:47.850,121467093,P009,ambient_light,QUALITY,,,,1118,1018937,116298,123757,116982.55,125394.61,-684.55,-1637.61,-905.87,429.47,False,False,nan,True,0.9567,76.8,98.6,True,0,NORMAL,1,0.97,0,768.2,47.9,38.4,0.06,17,70,21,30,60,0.9999144963445625,0.17320508075688776
2026-08-31T21:03:47.869,121467125,P009,ambient_light,QUALITY,,,,1119,1018977,116342,123841,116969.74,125363.54,-627.74,-1522.54,-1060.04,442.08,False,False,nan,True,0.9567,76.8,98.6,True,0,NORMAL,1,0.97,0,768.2,47.9,38.4,0.06,17,70,21,30,60,0.9999144963445625,0.17320508075688776
2026-08-31T21:03:48.016,121467265,P009,ambient_light,QUALITY,,,,1120,1019017,116486,124184,116960.07,125339.95,-474.07,-1155.95,-1084.02,454.92,False,False,nan,True,0.9567,76.8,98.6,True,0,NORMAL,1,0.97,0,768.2,47.9,38.4,0.06,17,70,21,30,60,0.9999144963445625,0.17320508075688776
2026-08-31T21:03:48.026,121467281,P009,ambient_light,QUALITY,,,,1121,1019057,116604,124436,116952.95,125321.87,-348.95,-885.87,-1034.48,466.51,False,False,nan,True,0.9567,76.8,98.6,True,0,NORMAL,1,0.97,0,768.2,47.9,38.4,0.06,17,70,21,30,60,0.9999144963445625,0.17320508075688776
2026-08-31T21:03:48.037,121467281,P009,ambient_light,QUALITY,,,,1122,1019097,116684,124675,116947.57,125308.93,-263.57,-633.93,-934.34,475.87,False,False,nan,True,0.9567,76.8,98.6,True,0,NORMAL,1,0.97,0,768.2,47.9,38.4,0.06,17,70,21,30,60,0.9999144963445625,0.17320508075688776
2026-08-31T21:03:48.046,121467296,P009,ambient_light,QUALITY,,,,1123,1019137,116650,124594,116941.62,125294.63,-291.62,-700.63,-875.91,483.87,False,False,nan,True,0.9567,76.8,98.6,True,0,NORMAL,1,0.97,0,768.2,47.9,38.4,0.06,17,70,21,30,60,0.9999144963445625,0.17320508075688776
2026-08-31T21:03:48.070,121467328,P009,ambient_light,QUALITY,,,,1124,1019177,116533,124364,116933.45,125276.02,-400.45,-912.02,-884.94,491.89,False,False,nan,True,0.9567,76.8,98.6,True,0,NORMAL,1,0.97,0,768.2,47.9,38.4,0.06,17,70,21,30,60,0.9999144963445625,0.17320508075688776
2026-08-31T21:03:48.216,121467468,P009,ambient_light,QUALITY,,,,1125,1019217,116495,124330,116924.68,125257.1,-429.68,-927.1,-895.48,499.96,False,False,nan,True,0.9567,76.8,98.6,True,0,NORMAL,1,0.97,0,768.2,47.9,38.4,0.06,17,70,21,30,60,0.9999144963445625,0.17320508075688776
2026-08-31T21:03:48.227,121467484,P009,ambient_light,QUALITY,,,,1126,1019257,116605,124569,116918.29,125243.34,-313.29,-674.34,-840.2,506.77,False,False,nan,True,0.9567,76.8,98.6,True,0,NORMAL,1,0.97,0,768.2,47.9,38.4,0.06,17,70,21,30,60,0.9999144963445625,0.17320508075688776
2026-08-31T21:03:48.237,121467484,P009,ambient_light,QUALITY,,,,1127,1019297,116812,124998,116916.16,125238.43,-104.16,-240.43,-690.25,510.44,False,False,nan,True,0.9567,76.8,98.6,True,0,NORMAL,1,0.97,0,768.2,47.9,38.4,0.06,17,70,21,30,60,0.9999144963445625,0.17320508075688776
2026-08-31T21:03:48.247,121467500,P009,ambient_light,QUALITY,,,,1128,1019337,116913,125287,116916.1,125239.4,-3.1,47.6,-505.79,510.35,False,False,nan,True,0.9567,76.8,98.6,True,0,NORMAL,1,0.97,0,768.2,47.9,38.4,0.06,17,70,21,30,60,0.9999144963445625,0.17320508075688776
2026-08-31T21:03:48.269,121467515,P009,ambient_light,QUALITY,,,,1129,1019377,117016,125520,116918.1,125245.01,97.9,274.99,-310.59,506.35,False,False,nan,True,0.9567,76.8,98.6,True,0,NORMAL,1,0.97,0,768.2,47.9,38.4,0.06,17,70,21,30,60,0.9999144963445625,0.17320508075688776
2026-08-31T21:03:48.415,121467671,P009,ambient_light,QUALITY,,,,1130,1019417,117056,125553,116920.86,125251.16,135.14,301.84,-157.49,499.37,False,False,nan,True,0.9567,76.8,98.6,True,0,NORMAL,1,0.97,0,768.2,47.9,38.4,0.06,17,70,21,30,60,0.9994678584126655,0.17320508075688776
2026-08-31T21:03:48.427,121467671,P009,ambient_light,QUALITY,,,,1131,1019457,117080,125603,116924.04,125258.2,155.96,344.8,-31.92,490.02,False,False,nan,True,0.9567,76.8,98.6,True,0,NORMAL,1,0.97,0,768.2,47.9,38.4,0.06,17,70,21,30,60,0.9994678584126655,0.17320508075688776
2026-08-31T21:03:48.436,121467687,P009,ambient_light,QUALITY,,,,1132,1019497,117067,125631,116926.9,125265.66,140.1,365.34,67.4,481.57,False,False,nan,True,0.9567,76.8,98.6,True,0,NORMAL,1,0.97,0,768.2,47.9,38.4,0.06,17,70,21,30,60,0.9994678584126655,0.17320508075688776
2026-08-31T21:03:48.447,121467703,P009,ambient_light,QUALITY,,,,1133,1019537,117227,125866,116932.9,125277.66,294.1,588.34,197.63,475.89,False,False,nan,True,0.9567,76.8,98.6,True,0,NORMAL,1,0.97,0,768.2,47.9,38.4,0.06,17,70,21,30,60,0.9994678584126655,0.17320508075688776
2026-08-31T21:03:48.470,121467718,P009,ambient_light,QUALITY,,,,1134,1019577,117242,125976,116939.08,125291.63,302.92,684.37,319.32,472.76,False,False,nan,True,0.9567,76.8,98.6,True,0,NORMAL,1,0.97,0,768.2,47.9,38.4,0.06,17,70,21,30,60,0.9994678584126655,0.17320508075688776
2026-08-31T21:03:48.616,121467859,P009,ambient_light,QUALITY,,,,1135,1019617,117139,125670,116943.08,125299.2,195.92,370.8,332.19,469.95,False,False,nan,True,0.9567,76.8,98.6,True,0,NORMAL,1,0.97,0,768.2,47.9,38.4,0.06,17,70,21,30,60,0.9999144963445625,0.17320508075688776
2026-08-31T21:03:48.626,121467875,P009,ambient_light,QUALITY,,,,1136,1019657,116903,125094,116942.27,125295.1,-39.27,-201.1,198.86,464.53,True,False,nan,True,0.9567,76.8,98.6,True,0,NORMAL,1,0.97,0,768.2,47.9,38.4,0.06,17,70,21,30,60,0.9999144963445625,0.17320508075688776
2026-08-31T21:03:48.634,121467890,P009,ambient_light,QUALITY,,,,1137,1019697,116833,124885,116940.09,125286.9,-107.09,-401.9,48.67,456.21,False,False,nan,True,0.9567,76.8,98.6,True,0,NORMAL,1,0.97,0,768.2,47.9,38.4,0.06,17,70,21,30,60,0.9999144963445625,0.17320508075688776
2026-08-31T21:03:48.646,121467890,P009,ambient_light,QUALITY,,,,1138,1019737,116807,124907,116937.42,125279.3,-130.42,-372.3,-56.57,448.22,False,False,nan,True,0.9567,76.8,98.6,True,0,NORMAL,1,0.97,0,768.2,47.9,38.4,0.06,17,70,21,30,60,0.9999144963445625,0.17320508075688776
2026-08-31T21:03:48.670,121467921,P009,ambient_light,QUALITY,,,,1139,1019777,116903,125035,116936.73,125274.41,-33.73,-239.41,-102.28,441.3,False,False,nan,True,0.9567,76.8,98.6,True,0,NORMAL,1,0.97,0,768.2,47.9,38.4,0.06,17,70,21,30,60,0.9999144963445625,0.17320508075688776
2026-08-31T21:03:48.816,121468062,P009,ambient_light,QUALITY,,,,1140,1019817,117032,125387,116938.64,125276.66,93.36,110.34,-49.13,433.46,False,False,nan,True,0.9567,76.8,98.6,True,0,NORMAL,1,0.97,0,768.2,47.9,38.4,0.06,17,70,21,30,60,0.9999144963445625,0.17320508075688776
2026-08-31T21:03:48.828,121468078,P009,ambient_light,QUALITY,,,,1141,1019857,117114,125572,116942.15,125282.57,171.85,289.43,35.51,425.5,False,False,nan,True,0.9567,76.8,98.6,True,0,NORMAL,1,0.97,0,768.2,47.9,38.4,0.06,17,70,21,30,60,0.9999144963445625,0.17320508075688776
2026-08-31T21:03:48.837,121468093,P009,ambient_light,QUALITY,,,,1142,1019897,117164,125615,116946.59,125289.22,217.41,325.78,108.08,419.15,False,False,nan,True,0.9567,76.8,98.6,True,0,NORMAL,1,0.97,0,768.2,47.9,38.4,0.06,17,70,21,30,60,0.9999144963445625,0.17320508075688776
2026-08-31T21:03:48.846,121468093,P009,ambient_light,QUALITY,,,,1143,1019937,117020,125371,116948.05,125290.85,71.95,80.15,101.1,412.79,False,False,nan,True,0.9567,76.8,98.6,True,0,NORMAL,1,0.97,0,768.2,47.9,38.4,0.06,17,70,21,30,60,0.9999144963445625,0.17320508075688776
2026-08-31T21:03:48.869,121468125,P009,ambient_light,QUALITY,,,,1144,1019977,116903,125068,116947.16,125286.4,-44.16,-218.4,21.22,404.96,False,False,nan,True,0.9567,76.8,98.6,True,0,NORMAL,1,0.97,0,768.2,47.9,38.4,0.06,17,70,21,30,60,0.9999144963445625,0.17320508075688776
2026-08-31T21:03:49.015,121468265,P009,ambient_light,QUALITY,,,,1145,1020017,116792,124888,116944.05,125278.43,-152.05,-390.43,-81.69,398.49,False,False,nan,True,0.9567,76.8,98.6,True,0,NORMAL,1,0.97,0,768.2,47.9,38.4,0.06,17,70,21,30,60,0.9994678584126655,0.17320508075688776
2026-08-31T21:03:49.026,121468281,P009,ambient_light,QUALITY,,,,1146,1020057,116788,124858,116940.94,125270.02,-152.94,-412.02,-164.27,393.81,False,False,nan,True,0.9567,76.8,98.6,True,0,NORMAL,1,0.97,0,768.2,47.9,38.4,0.06,17,70,21,30,60,0.9994678584126655,0.17320508075688776
2026-08-31T21:03:49.038,121468296,P009,ambient_light,QUALITY,,,,1147,1020097,116922,125150,116940.56,125267.62,-18.56,-117.62,-152.61,388.98,False,False,nan,True,0.9567,76.8,98.6,True,0,NORMAL,1,0.97,0,768.2,47.9,38.4,0.06,17,70,21,30,60,0.9994678584126655,0.17320508075688776
2026-08-31T21:03:49.046,121468296,P009,ambient_light,QUALITY,,,,1148,1020137,117085,125567,116943.45,125273.61,141.55,293.39,-41.11,382.03,False,False,nan,True,0.9567,76.8,98.6,True,0,NORMAL,1,0.97,0,768.2,47.9,38.4,0.06,17,70,21,30,60,0.9994678584126655,0.17320508075688776
2026-08-31T21:03:49.068,121468312,P009,ambient_light,QUALITY,,,,1149,1020177,117286,125906,116950.3,125286.26,335.7,619.74,124.1,376.87,False,False,nan,True,0.9567,76.8,98.6,True,0,NORMAL,1,0.97,0,768.2,47.9,38.4,0.06,17,70,21,30,60,0.9994678584126655,0.17320508075688776
2026-08-31T21:03:49.215,121468468,P009,ambient_light,QUALITY,,,,1150,1020217,117333,126125,116957.96,125303.03,375.04,821.97,298.57,375.3,False,False,nan,True,0.9567,76.8,98.6,True,0,NORMAL,1,0.97,0,768.2,47.9,38.4,0.06,17,70,21,30,60,0.9998489885977783,0.17320508075688776
2026-08-31T21:03:49.226,121468484,P009,ambient_light,QUALITY,,,,1151,1020257,117384,126174,116966.48,125320.45,417.52,853.55,437.31,376.54,False,False,nan,True,0.9567,76.8,98.6,True,0,NORMAL,1,0.97,0,768.2,47.9,38.4,0.06,17,70,21,30,60,0.9998489885977783,0.17320508075688776
2026-08-31T21:03:49.239,121468484,P009,ambient_light,QUALITY,,,,1152,1020297,117302,126065,116973.2,125335.34,328.8,729.66,510.4,379.22,False,False,nan,True,0.9567,76.8,98.6,True,0,NORMAL,1,0.97,0,768.2,47.9,38.4,0.06,17,70,21,30,60,0.9998489885977783,0.17320508075688776
2026-08-31T21:03:49.248,121468500,P009,ambient_light,QUALITY,,,,1153,1020337,117163,125642,116976.99,125341.48,186.01,300.52,457.93,380.79,True,True,680.0,True,0.9422,77.92,98.6,True,0,NORMAL,1,0.97,0,768.2,47.9,38.4,0.06,17,70,21,30,60,0.9998489885977783,0.17320508075688776
2026-08-31T21:03:49.269,121468515,P009,ambient_light,QUALITY,,,,1154,1020377,116941,125143,116976.27,125337.51,-35.27,-194.51,294.82,379.07,False,False,nan,True,0.9422,77.92,98.6,True,0,NORMAL,1,0.97,0,768.2,47.9,38.4,0.06,17,70,21,30,60,0.9998489885977783,0.17320508075688776
2026-08-31T21:03:49.416,121468671,P009,ambient_light,QUALITY,,,,1155,1020417,116983,125169,116976.41,125334.14,6.59,-165.14,179.83,375.09,False,False,nan,True,0.9422,77.92,98.6,True,0,NORMAL,1,0.96,0,772.4,42.8,47.0,0.19,17,95,22,30,60,1.0008066746380142,0.17320508075688776
2026-08-31T21:03:49.429,121468687,P009,ambient_light,QUALITY,,,,1156,1020457,117089,125451,116978.66,125336.48,110.34,114.52,163.5,370.86,False,False,nan,True,0.9422,77.92,98.6,True,0,NORMAL,1,0.96,0,772.4,42.8,47.0,0.19,17,95,22,30,60,1.0008066746380142,0.17320508075688776
2026-08-31T21:03:49.441,121468687,P009,ambient_light,QUALITY,,,,1157,1020497,117219,125727,116983.46,125344.29,235.54,382.71,218.31,367.81,False,False,nan,True,0.9422,77.92,98.6,True,0,NORMAL,1,0.96,0,772.4,42.8,47.0,0.19,17,95,22,30,60,1.0008066746380142,0.17320508075688776
2026-08-31T21:03:49.451,121468703,P009,ambient_light,QUALITY,,,,1158,1020537,117277,125913,116989.33,125355.66,287.67,557.34,303.06,366.51,False,False,nan,True,0.9422,77.92,98.6,True,0,NORMAL,1,0.96,0,772.4,42.8,47.0,0.19,17,95,22,30,60,1.0008066746380142,0.17320508075688776
2026-08-31T21:03:49.469,121468718,P009,ambient_light,QUALITY,,,,1159,1020577,117293,125929,116995.4,125367.13,297.6,561.87,367.76,366.54,False,False,nan,True,0.9422,77.92,98.6,True,0,NORMAL,1,0.96,0,772.4,42.8,47.0,0.19,17,95,22,30,60,1.0008066746380142,0.17320508075688776
2026-08-31T21:03:49.617,121468875,P009,ambient_light,QUALITY,,,,1160,1020617,117279,125808,117001.07,125375.95,277.93,432.05,383.83,366.88,False,False,nan,True,0.9422,77.92,98.6,True,0,NORMAL,1,0.96,0,772.4,42.8,47.0,0.19,17,95,22,30,60,0.9998489885977783,0.17320508075688776
2026-08-31T21:03:49.626,121468875,P009,ambient_light,QUALITY,,,,1161,1020657,117253,125798,117006.11,125384.39,246.89,413.61,391.28,367.37,False,False,nan,True,0.9422,77.92,98.6,True,0,NORMAL,1,0.96,0,772.4,42.8,47.0,0.19,17,95,22,30,60,0.9998489885977783,0.17320508075688776
2026-08-31T21:03:49.636,121468890,P009,ambient_light,QUALITY,,,,1162,1020697,117310,125879,117012.19,125394.28,297.81,484.72,414.64,368.32,False,False,nan,True,0.9422,77.92,98.6,True,0,NORMAL,1,0.96,0,772.4,42.8,47.0,0.19,17,95,22,30,60,0.9998489885977783,0.17320508075688776
2026-08-31T21:03:49.645,121468890,P009,ambient_light,QUALITY,,,,1163,1020737,117332,125949,117018.59,125405.38,313.41,543.62,446.89,369.89,False,False,nan,True,0.9422,77.92,98.6,True,0,NORMAL,1,0.96,0,772.4,42.8,47.0,0.19,17,95,22,30,60,0.9998489885977783,0.17320508075688776
2026-08-31T21:03:49.669,121468921,P009,ambient_light,QUALITY,,,,1164,1020777,117392,126058,117026.05,125418.43,365.95,639.57,495.06,372.39,False,False,nan,True,0.9422,77.92,98.6,True,0,NORMAL,1,0.96,0,772.4,42.8,47.0,0.19,17,95,22,30,60,0.9998489885977783,0.17320508075688776
2026-08-31T21:03:49.816,121469062,P009,ambient_light,QUALITY,,,,1165,1020817,117442,126217,117034.38,125434.4,407.62,782.6,566.94,376.28,False,False,nan,True,0.9422,77.92,98.6,True,0,NORMAL,1,0.96,0,772.4,42.8,47.0,0.19,17,95,22,30,60,0.9998489885977783,0.17320508075688776
2026-08-31T21:03:49.827,121469078,P009,ambient_light,QUALITY,,,,1166,1020857,117529,126352,117044.27,125452.75,484.73,899.25,650.02,381.76,False,False,nan,True,0.9422,77.92,98.6,True,0,NORMAL,1,0.96,0,772.4,42.8,47.0,0.19,17,95,22,30,60,0.9998489885977783,0.17320508075688776
2026-08-31T21:03:49.837,121469093,P009,ambient_light,QUALITY,,,,1167,1020897,117603,126544,117055.44,125474.58,547.56,1069.42,754.87,389.22,False,False,nan,True,0.9422,77.92,98.6,True,0,NORMAL,1,0.96,0,772.4,42.8,47.0,0.19,17,95,22,30,60,0.9998489885977783,0.17320508075688776
2026-08-31T21:03:49.846,121469093,P009,ambient_light,QUALITY,,,,1168,1020937,117734,126834,117069.01,125501.77,664.99,1332.23,899.21,399.42,False,False,nan,True,0.9422,77.92,98.6,True,0,NORMAL,1,0.96,0,772.4,42.8,47.0,0.19,17,95,22,30,60,0.9998489885977783,0.17320508075688776
2026-08-31T21:03:49.870,121469125,P009,ambient_light,QUALITY,,,,1169,1020977,117851,127157,117084.65,125534.87,766.35,1622.13,1079.94,413.03,False,False,nan,True,0.9422,77.92,98.6,True,0,NORMAL,1,0.96,0,772.4,42.8,47.0,0.19,17,95,22,30,60,0.9998489885977783,0.17320508075688776
2026-08-31T21:03:50.016,121469265,P009,ambient_light,QUALITY,,,,1170,1021017,117879,127195,117100.54,125568.07,778.46,1626.93,1216.69,429.1,False,False,nan,True,0.9422,77.92,98.6,True,0,NORMAL,1,0.96,0,772.4,42.8,47.0,0.19,17,95,22,30,60,0.9999144963445625,0.17320508075688776
2026-08-31T21:03:50.026,121469281,P009,ambient_light,QUALITY,,,,1171,1021057,117741,126809,117113.35,125592.89,627.65,1216.11,1216.54,444.85,True,True,720.0,True,0.9389,78.43,98.6,True,0,NORMAL,1,0.96,0,772.4,42.8,47.0,0.19,17,95,22,30,60,0.9999144963445625,0.17320508075688776
2026-08-31T21:03:50.037,121469281,P009,ambient_light,QUALITY,,,,1172,1021097,117495,126254,117120.98,125606.11,374.02,647.89,1074.38,457.44,False,False,nan,True,0.9389,78.43,98.6,True,0,NORMAL,1,0.96,0,772.4,42.8,47.0,0.19,17,95,22,30,60,0.9999144963445625,0.17320508075688776
2026-08-31T21:03:50.046,121469296,P009,ambient_light,QUALITY,,,,1173,1021137,117358,125922,117125.73,125612.43,232.27,309.57,883.18,465.96,False,False,nan,True,0.9389,78.43,98.6,True,0,NORMAL,1,0.96,0,772.4,42.8,47.0,0.19,17,95,22,30,60,0.9999144963445625,0.17320508075688776
2026-08-31T21:03:50.071,121469328,P009,ambient_light,QUALITY,,,,1174,1021177,117350,125921,117130.21,125618.6,219.79,302.4,737.98,471.4,False,False,nan,True,0.9389,78.43,98.6,True,0,NORMAL,1,0.96,0,772.4,42.8,47.0,0.19,17,95,22,30,60,0.9999144963445625,0.17320508075688776
2026-08-31T21:03:50.216,121469468,P009,ambient_light,QUALITY,,,,1175,1021217,117431,126105,117136.23,125628.33,294.77,476.67,672.66,475.42,False,False,nan,True,0.9389,78.43,98.6,True,0,NORMAL,1,0.96,0,772.4,42.8,47.0,0.19,17,95,22,30,60,0.9999144963445625,0.17320508075688776
2026-08-31T21:03:50.227,121469484,P009,ambient_light,QUALITY,,,,1176,1021257,117546,126373,117144.42,125643.22,401.58,729.78,686.94,479.65,False,False,nan,True,0.9389,78.43,98.6,True,0,NORMAL,1,0.96,0,772.4,42.8,47.0,0.19,17,95,22,30,60,0.9999144963445625,0.17320508075688776
2026-08-31T21:03:50.236,121469484,P009,ambient_light,QUALITY,,,,1177,1021297,117617,126528,117153.88,125660.91,463.12,867.09,731.97,484.7,False,False,nan,True,0.9389,78.43,98.6,True,0,NORMAL,1,0.96,0,772.4,42.8,47.0,0.19,17,95,22,30,60,0.9999144963445625,0.17320508075688776
2026-08-31T21:03:50.245,121469500,P009,ambient_light,QUALITY,,,,1178,1021337,117569,126422,117162.18,125676.13,406.82,745.87,735.45,489.71,False,False,nan,True,0.9389,78.43,98.6,True,0,NORMAL,1,0.96,0,772.4,42.8,47.0,0.19,17,95,22,30,60,0.9999144963445625,0.17320508075688776
2026-08-31T21:03:50.270,121469515,P009,ambient_light,QUALITY,,,,1179,1021377,117508,126251,117169.09,125687.63,338.91,563.37,692.43,493.77,True,False,nan,True,0.9389,78.43,98.6,True,0,NORMAL,1,0.96,0,772.4,42.8,47.0,0.19,17,95,22,30,60,0.9999144963445625,0.17320508075688776
2026-08-31T21:03:50.415,121469671,P009,ambient_light,QUALITY,,,,1180,1021417,117513,126260,117175.97,125699.08,337.03,560.92,659.55,497.08,False,False,nan,True,0.9389,78.43,98.6,True,0,NORMAL,1,0.96,0,772.4,42.8,47.0,0.19,17,95,22,30,60,0.9994678584126655,0.17320508075688776
2026-08-31T21:03:50.427,121469671,P009,ambient_light,QUALITY,,,,1181,1021457,117536,126336,117183.17,125711.82,352.83,624.18,650.71,500.16,False,False,nan,True,0.9389,78.43,98.6,True,0,NORMAL,1,0.96,0,772.4,42.8,47.0,0.19,17,95,22,30,60,0.9994678584126655,0.17320508075688776
2026-08-31T21:03:50.437,121469687,P009,ambient_light,QUALITY,,,,1182,1021497,117590,126431,117191.3,125726.2,398.7,704.8,664.23,503.44,False,False,nan,True,0.9389,78.43,98.6,True,0,NORMAL,1,0.96,0,772.4,42.8,47.0,0.19,17,95,22,30,60,0.9994678584126655,0.17320508075688776
2026-08-31T21:03:50.447,121469703,P009,ambient_light,QUALITY,,,,1183,1021537,117623,126502,117199.94,125741.72,423.06,760.28,688.24,507.13,False,False,nan,True,0.9389,78.43,98.6,True,0,NORMAL,1,0.96,0,772.4,42.8,47.0,0.19,17,95,22,30,60,0.9994678584126655,0.17320508075688776
2026-08-31T21:03:50.469,121469718,P009,ambient_light,QUALITY,,,,1184,1021577,117641,126536,117208.76,125757.6,432.24,778.4,710.78,511.21,False,False,nan,True,0.9389,78.43,98.6,True,0,NORMAL,1,0.96,0,772.4,42.8,47.0,0.19,17,95,22,30,60,0.9994678584126655,0.17320508075688776
2026-08-31T21:03:50.616,121469859,P009,ambient_light,QUALITY,,,,1185,1021617,117683,126634,117218.24,125775.13,464.76,858.87,747.8,515.94,False,False,nan,True,0.9389,78.43,98.6,True,0,NORMAL,1,0.96,0,772.4,42.8,47.0,0.19,17,95,22,30,60,0.9999144963445625,0.17320508075688776
2026-08-31T21:03:50.626,121469875,P009,ambient_light,QUALITY,,,,1186,1021657,117730,126739,117228.48,125794.41,501.52,944.59,797.0,521.56,False,False,nan,True,0.9389,78.43,98.6,True,0,NORMAL,1,0.96,0,772.4,42.8,47.0,0.19,17,95,22,30,60,0.9999144963445625,0.17320508075688776
2026-08-31T21:03:50.639,121469890,P009,ambient_light,QUALITY,,,,1187,1021697,117733,126737,117238.57,125813.26,494.43,923.74,828.69,527.7,False,False,nan,True,0.9389,78.43,98.6,True,0,NORMAL,1,0.96,0,772.4,42.8,47.0,0.19,17,95,22,30,60,0.9999144963445625,0.17320508075688776
2026-08-31T21:03:50.649,121469906,P009,ambient_light,QUALITY,,,,1188,1021737,117588,126353,117245.56,125824.05,342.44,528.95,753.75,532.22,True,True,680.0,True,0.9394,80.54,98.6,True,0,NORMAL,1,0.96,0,772.4,42.8,47.0,0.19,17,95,22,30,60,0.9999144963445625,0.17320508075688776
2026-08-31T21:03:50.669,121469921,P009,ambient_light,QUALITY,,,,1189,1021777,117467,126073,117249.99,125829.03,217.01,243.97,626.31,534.1,False,False,nan,True,0.9394,80.54,98.6,True,0,NORMAL,1,0.96,0,772.4,42.8,47.0,0.19,17,95,22,30,60,0.9999144963445625,0.17320508075688776
2026-08-31T21:03:50.816,121470062,P009,ambient_light,QUALITY,,,,1190,1021817,117427,125971,117253.53,125831.87,173.47,139.13,504.51,533.51,False,False,nan,True,0.9394,80.54,98.6,True,0,NORMAL,1,0.96,0,772.4,42.8,47.0,0.19,17,95,22,30,60,0.9994678584126655,0.17320508075688776
2026-08-31T21:03:50.826,121470078,P009,ambient_light,QUALITY,,,,1191,1021857,117399,125934,117256.44,125833.91,142.56,100.09,403.41,530.91,False,False,nan,True,0.9394,80.54,98.6,True,0,NORMAL,1,0.96,0,772.4,42.8,47.0,0.19,17,95,22,30,60,0.9994678584126655,0.17320508075688776
2026-08-31T21:03:50.836,121470093,P009,ambient_light,QUALITY,,,,1192,1021897,117353,125861,117258.37,125834.45,94.63,26.55,309.19,526.48,False,False,nan,True,0.9394,80.54,98.6,True,0,NORMAL,1,0.96,0,772.4,42.8,47.0,0.19,17,95,22,30,60,0.9994678584126655,0.17320508075688776
2026-08-31T21:03:50.846,121470093,P009,ambient_light,QUALITY,,,,1193,1021937,117316,125794,117259.52,125833.63,56.48,-39.63,221.99,520.39,False,False,nan,True,0.9394,80.54,98.6,True,0,NORMAL,1,0.96,0,772.4,42.8,47.0,0.19,17,95,22,30,60,0.9994678584126655,0.17320508075688776
2026-08-31T21:03:50.869,121470125,P009,ambient_light,QUALITY,,,,1194,1021977,117319,125834,117260.71,125833.64,58.29,0.36,166.58,513.31,False,False,nan,True,0.9394,80.54,98.6,True,0,NORMAL,1,0.96,0,772.4,42.8,47.0,0.19,17,95,22,30,60,0.9994678584126655,0.17320508075688776
2026-08-31T21:03:51.016,121470265,P009,ambient_light,QUALITY,,,,1195,1022017,117326,125842,117262.02,125833.8,63.98,8.2,126.98,505.58,False,False,nan,True,0.9394,80.54,98.6,True,0,NORMAL,1,0.96,0,772.4,42.8,47.0,0.19,17,95,22,30,60,0.9999144963445625,0.17320508075688776
2026-08-31T21:03:51.026,121470281,P009,ambient_light,QUALITY,,,,1196,1022057,117313,125835,117263.04,125833.83,49.96,1.17,95.53,497.38,False,False,nan,True,0.9394,80.54,98.6,True,0,NORMAL,1,0.96,0,772.4,42.8,47.0,0.19,17,95,22,30,60,0.9999144963445625,0.17320508075688776
2026-08-31T21:03:51.036,121470281,P009,ambient_light,QUALITY,,,,1197,1022097,117385,126042,117265.48,125837.99,119.52,204.01,122.65,489.89,False,False,nan,True,0.9394,80.54,98.6,True,0,NORMAL,1,0.96,0,772.4,42.8,47.0,0.19,17,95,22,30,60,0.9999144963445625,0.17320508075688776
2026-08-31T21:03:51.047,121470296,P009,ambient_light,QUALITY,,,,1198,1022137,117552,126460,117271.2,125850.43,280.8,609.57,244.38,484.98,False,False,nan,True,0.9394,80.54,98.6,True,0,NORMAL,1,0.96,0,772.4,42.8,47.0,0.19,17,95,22,30,60,0.9999144963445625,0.17320508075688776
2026-08-31T21:03:51.069,121470328,P009,ambient_light,QUALITY,,,,1199,1022177,117738,126909,117280.54,125871.6,457.46,1037.4,442.63,484.13,False,False,nan,True,0.9394,80.54,98.6,True,0,NORMAL,1,0.96,0,772.4,42.8,47.0,0.19,17,95,22,30,60,0.9999144963445625,0.17320508075688776
2026-08-31T21:03:51.215,121470468,P009,ambient_light,QUALITY,,,,1200,1022217,117835,127150,117291.62,125897.17,543.38,1252.83,645.18,487.35,False,False,nan,True,0.9394,80.54,98.6,True,0,NORMAL,1,0.96,0,772.4,42.8,47.0,0.19,17,95,22,30,60,0.9999144963445625,0.17320508075688776
2026-08-31T21:03:51.226,121470484,P009,ambient_light,QUALITY,,,,1201,1022257,117888,127292,117303.55,125925.07,584.45,1366.93,825.62,494.12,False,False,nan,True,0.9394,80.54,98.6,True,0,NORMAL,1,0.96,0,772.4,42.8,47.0,0.19,17,95,22,30,60,0.9999144963445625,0.17320508075688776
2026-08-31T21:03:51.236,121470484,P009,ambient_light,QUALITY,,,,1202,1022297,117959,127463,117316.66,125955.83,642.34,1507.17,996.01,504.16,False,False,nan,True,0.9394,80.54,98.6,True,0,NORMAL,1,0.96,0,772.4,42.8,47.0,0.19,17,95,22,30,60,0.9999144963445625,0.17320508075688776
2026-08-31T21:03:51.246,121470500,P009,ambient_light,QUALITY,,,,1203,1022337,118019,127625,117330.71,125989.21,688.29,1635.79,1155.95,517.19,False,False,nan,True,0.9394,80.54,98.6,True,0,NORMAL,1,0.96,0,772.4,42.8,47.0,0.19,17,95,22,30,60,0.9999144963445625,0.17320508075688776
2026-08-31T21:03:51.270,121470515,P009,ambient_light,QUALITY,,,,1204,1022377,118060,127731,117345.3,126024.05,714.7,1706.95,1293.7,532.72,False,False,nan,True,0.9394,80.54,98.6,True,0,NORMAL,1,0.96,0,772.4,42.8,47.0,0.19,17,95,22,30,60,0.9999144963445625,0.17320508075688776
2026-08-31T21:03:51.416,121470671,P009,ambient_light,QUALITY,,,,1205,1022417,118034,127660,117359.07,126056.77,674.93,1603.23,1371.09,549.49,False,False,nan,True,0.9394,80.54,98.6,True,0,NORMAL,1,0.96,0,772.4,42.8,47.0,0.19,17,95,22,30,60,0.9999144963445625,0.17320508075688776
2026-08-31T21:03:51.426,121470671,P009,ambient_light,QUALITY,,,,1206,1022457,117889,127317,117369.67,126081.97,519.33,1235.03,1337.07,565.24,True,True,720.0,True,0.9432,81.63,98.6,True,0,NORMAL,1,0.96,0,772.4,42.8,47.0,0.19,17,95,22,30,60,0.9999144963445625,0.17320508075688776
2026-08-31T21:03:51.437,121470687,P009,ambient_light,QUALITY,,,,1207,1022497,117786,127063,117378.0,126101.59,408.0,961.41,1243.16,578.8,False,False,nan,True,0.9432,81.63,98.6,True,0,NORMAL,1,0.96,0,772.4,42.8,47.0,0.19,17,95,22,30,60,0.9999144963445625,0.17320508075688776
2026-08-31T21:03:51.446,121470703,P009,ambient_light,QUALITY,,,,1208,1022537,117742,126970,117385.28,126118.95,356.72,851.05,1145.13,590.13,False,False,nan,True,0.9432,81.63,98.6,True,0,NORMAL,1,0.96,0,772.4,42.8,47.0,0.19,17,95,22,30,60,0.9999144963445625,0.17320508075688776
2026-08-31T21:03:51.469,121470718,P009,ambient_light,QUALITY,,,,1209,1022577,117758,127017,117392.73,126136.91,365.27,880.09,1078.87,599.9,False,False,nan,True,0.9432,81.63,98.6,True,0,NORMAL,1,0.96,0,772.4,42.8,47.0,0.19,17,95,22,30,60,0.9999144963445625,0.17320508075688776
2026-08-31T21:03:51.615,121470859,P009,ambient_light,QUALITY,,,,1210,1022617,117830,127192,117401.48,126158.02,428.52,1033.98,1067.65,609.26,False,False,nan,True,0.9432,81.63,98.6,True,0,NORMAL,1,0.96,0,772.4,42.8,47.0,0.19,17,95,22,30,60,0.9999144963445625,0.17320508075688776
2026-08-31T21:03:51.626,121470875,P009,ambient_light,QUALITY,,,,1211,1022657,117906,127385,117411.57,126182.55,494.43,1202.45,1101.35,619.1,False,False,nan,True,0.9432,81.63,98.09,True,0,NORMAL,1,0.96,0,772.4,42.8,47.0,0.19,17,95,22,30,60,0.9999144963445625,0.17320508075688776
2026-08-31T21:03:51.639,121470890,P009,ambient_light,QUALITY,,,,1212,1022697,117897,127387,117421.28,126206.64,475.72,1180.36,1121.1,629.14,False,False,nan,True,0.9432,81.63,98.09,True,0,NORMAL,1,0.96,0,772.4,42.8,47.0,0.19,17,95,22,30,60,0.9999144963445625,0.17320508075688776
2026-08-31T21:03:51.648,121470906,P009,ambient_light,QUALITY,,,,1213,1022737,117858,127308,117430.02,126228.66,427.98,1079.34,1110.66,638.77,True,False,nan,True,0.9432,81.63,98.09,True,0,NORMAL,1,0.96,0,772.4,42.8,47.0,0.19,17,95,22,30,60,0.9999144963445625,0.17320508075688776
2026-08-31T21:03:51.670,121470921,P009,ambient_light,QUALITY,,,,1214,1022777,117810,127179,117437.62,126247.67,372.38,931.33,1065.83,647.31,False,False,nan,True,0.9432,81.63,98.09,True,0,NORMAL,1,0.96,0,772.4,42.8,47.0,0.19,17,95,22,30,60,0.9999144963445625,0.17320508075688776
2026-08-31T21:03:51.816,121471062,P009,ambient_light,QUALITY,,,,1215,1022817,117742,127045,117443.7,126263.62,298.3,781.38,994.72,654.26,False,False,nan,True,0.9432,81.63,98.09,True,0,NORMAL,1,0.96,0,772.4,42.8,47.0,0.19,17,95,22,30,60,0.9999144963445625,0.17320508075688776
2026-08-31T21:03:51.830,121471078,P009,ambient_light,QUALITY,,,,1216,1022857,117729,127050,117449.41,126279.34,279.59,770.66,938.7,659.95,False,False,nan,True,0.9432,81.63,98.09,True,0,NORMAL,1,0.96,0,772.4,42.8,47.0,0.19,17,95,22,30,60,0.9999144963445625,0.17320508075688776
2026-08-31T21:03:51.841,121471093,P009,ambient_light,QUALITY,,,,1217,1022897,117827,127282,117456.96,126299.4,370.04,982.6,949.68,665.74,False,False,nan,True,0.9432,81.63,98.09,True,0,NORMAL,1,0.96,0,772.4,42.8,47.0,0.19,17,95,22,30,60,0.9999144963445625,0.17320508075688776
2026-08-31T21:03:51.850,121471093,P009,ambient_light,QUALITY,,,,1218,1022937,117880,127437,117465.42,126322.15,414.58,1114.85,990.97,672.25,False,False,nan,True,0.9432,81.63,98.09,True,0,NORMAL,1,0.96,0,772.4,42.8,47.0,0.19,17,95,22,30,60,0.9999144963445625,0.17320508075688776
2026-08-31T21:03:51.870,121471125,P009,ambient_light,QUALITY,,,,1219,1022977,117904,127508,117474.2,126345.87,429.8,1162.13,1033.76,679.48,False,False,nan,True,0.9432,81.63,98.09,True,0,NORMAL,1,0.96,0,772.4,42.8,47.0,0.19,17,95,22,30,60,0.9999144963445625,0.17320508075688776
2026-08-31T21:03:52.016,121471265,P009,ambient_light,QUALITY,,,,1220,1023017,117898,127512,117482.67,126369.19,415.33,1142.81,1061.02,687.11,False,False,nan,True,0.9432,81.63,98.09,True,0,NORMAL,1,0.96,0,772.4,42.8,47.0,0.19,17,95,22,30,60,0.9994678584126655,0.17320508075688776
2026-08-31T21:03:52.027,121471281,P009,ambient_light,QUALITY,,,,1221,1023057,117873,127483,117490.48,126391.46,382.52,1091.54,1068.65,694.74,False,False,nan,True,0.9432,81.63,98.09,True,0,NORMAL,1,0.96,0,772.4,42.8,47.0,0.19,17,95,22,30,60,0.9994678584126655,0.17320508075688776
2026-08-31T21:03:52.037,121471281,P009,ambient_light,QUALITY,,,,1222,1023097,117764,127231,117495.95,126408.25,268.05,822.75,1007.18,700.99,True,True,640.0,True,0.9532,84.51,98.09,True,0,NORMAL,1,0.96,0,772.4,42.8,47.0,0.19,17,95,22,30,60,0.9994678584126655,0.17320508075688776
2026-08-31T21:03:52.046,121471296,P009,ambient_light,QUALITY,,,,1223,1023137,117576,126807,117497.55,126416.23,78.45,390.77,853.08,704.03,False,False,nan,True,0.9532,84.51,98.09,True,0,NORMAL,1,0.96,0,772.4,42.8,47.0,0.19,17,95,22,30,60,0.9994678584126655,0.17320508075688776
2026-08-31T21:03:52.070,121471328,P009,ambient_light,QUALITY,,,,1224,1023177,117411,126441,117495.81,126416.72,-84.81,24.28,645.88,702.86,False,False,nan,True,0.9532,84.51,98.09,True,0,NORMAL,1,0.96,0,772.4,42.8,47.0,0.19,17,95,22,30,60,0.9994678584126655,0.17320508075688776
2026-08-31T21:03:52.216,121471468,P009,ambient_light,QUALITY,,,,1225,1023217,117326,126286,117492.41,126414.1,-166.41,-128.1,452.38,697.86,False,False,nan,True,0.9532,84.51,98.09,True,0,NORMAL,1,0.96,0,772.4,42.8,47.0,0.19,17,95,22,30,60,0.9999144963445625,0.17320508075688776
2026-08-31T21:03:52.227,121471484,P009,ambient_light,QUALITY,,,,1226,1023257,117323,126285,117489.02,126411.52,-166.02,-126.52,307.66,690.05,False,False,nan,True,0.9532,84.51,98.09,True,0,NORMAL,1,0.96,0,772.4,42.8,47.0,0.19,17,95,22,30,60,0.9999144963445625,0.17320508075688776
2026-08-31T21:03:52.237,121471484,P009,ambient_light,QUALITY,,,,1227,1023297,117321,126302,117485.66,126409.34,-164.66,-107.34,203.91,680.33,False,False,nan,True,0.9532,84.51,98.09,True,0,NORMAL,1,0.96,0,772.4,42.8,47.0,0.19,17,95,22,30,60,0.9999144963445625,0.17320508075688776
2026-08-31T21:03:52.246,121471500,P009,ambient_light,QUALITY,,,,1228,1023337,117334,126392,117482.63,126408.99,-148.63,-16.99,148.68,669.7,False,False,nan,True,0.9532,84.51,98.09,True,0,NORMAL,1,0.96,0,772.4,42.8,47.0,0.19,17,95,22,30,60,0.9999144963445625,0.17320508075688776
2026-08-31T21:03:52.269,121471515,P009,ambient_light,QUALITY,,,,1229,1023377,117341,126397,117479.8,126408.75,-138.8,-11.75,108.57,658.47,False,False,nan,True,0.9532,84.51,98.09,True,0,NORMAL,1,0.96,0,772.4,42.8,47.0,0.19,17,95,22,30,60,0.9999144963445625,0.17320508075688776
2026-08-31T21:03:52.416,121471671,P009,ambient_light,QUALITY,,,,1230,1023417,117314,126351,117476.48,126407.59,-162.48,-56.59,67.28,646.65,False,False,nan,True,0.9532,84.51,98.09,True,0,NORMAL,1,0.96,0,772.4,42.8,47.0,0.19,17,95,22,30,60,0.9999144963445625,0.17320508075688776
2026-08-31T21:03:52.427,121471671,P009,ambient_light,QUALITY,,,,1231,1023457,117314,126382,117473.23,126407.08,-159.23,-25.08,44.19,634.6,False,False,nan,True,0.9532,84.51,98.09,True,0,NORMAL,1,0.96,0,772.4,42.8,47.0,0.19,17,95,22,30,60,0.9999144963445625,0.17320508075688776
2026-08-31T21:03:52.438,121471687,P009,ambient_light,QUALITY,,,,1232,1023497,117362,126510,117471.01,126409.13,-109.01,100.87,58.36,623.08,False,False,nan,True,0.9532,84.51,98.09,True,0,NORMAL,1,0.96,0,772.4,42.8,47.0,0.19,17,95,22,30,60,0.9999144963445625,0.17320508075688776
2026-08-31T21:03:52.448,121471703,P009,ambient_light,QUALITY,,,,1233,1023537,117389,126608,117469.37,126413.11,-80.37,194.89,92.49,612.46,False,False,nan,True,0.9532,84.51,98.09,True,0,NORMAL,1,0.96,0,772.4,42.8,47.0,0.19,17,95,22,30,60,0.9999144963445625,0.17320508075688776
2026-08-31T21:03:52.469,121471718,P009,ambient_light,QUALITY,,,,1234,1023577,117394,126659,117467.86,126418.02,-73.86,240.98,129.61,602.81,False,False,nan,True,0.9532,84.51,98.09,True,0,NORMAL,1,0.96,0,772.4,42.8,47.0,0.19,17,95,22,30,60,0.9999144963445625,0.17320508075688776
