pc_time,pc_monotonic_ms,trial_id,label,expected_state,reference_hr_bpm,reference_spo2_pct,action_marker,seq,t_ms,red,ir,red_dc,ir_dc,red_ac,ir_ac,filtered_ir,envelope,peak_candidate,beat_accepted,ibi_ms,finger,sqi,hr_bpm,spo2_pct,valid,fifo_overflow,rhythm_state,rhythm_valid,rhythm_confidence,model_calibrated,rhythm_ibi_mean_ms,rhythm_sdnn_ms,rhythm_rmssd_ms,rhythm_pnn50,rhythm_beat_count,rhythm_inference_us,rhythm_inference_count,rhythm_model_bytes,rhythm_classifier_state_bytes,imu_accel_g,imu_gyro_dps
2026-08-31T20:57:48.263,121107515,P003,finger_reposition,TRANSITION,,,,1,659367,115180,118940,115354.12,119432.59,-174.12,-492.59,-767.37,505.11,False,False,nan,True,0.7049,71.22,98.3,True,0,IRREGULAR,1,0.71,0,821.4,283.4,472.3,0.46,14,53,10,30,60,0.9992517200385497,0.30000000000000004
2026-08-31T20:57:48.305,121107562,P003,finger_reposition,TRANSITION,,,,2,659407,115270,119111,115352.45,119426.16,-82.45,-315.16,-654.32,508.09,False,False,nan,True,0.7049,71.22,98.3,True,0,IRREGULAR,1,0.71,0,821.4,283.4,472.3,0.46,14,53,10,30,60,0.9992517200385497,0.30000000000000004
2026-08-31T20:57:48.419,121107671,P003,finger_reposition,TRANSITION,,,,3,659447,115276,119144,115350.91,119420.52,-74.91,-276.52,-559.87,509.13,False,False,nan,True,0.7049,71.22,98.3,True,0,IRREGULAR,1,0.71,0,821.4,283.4,472.3,0.46,14,53,10,30,60,0.9992342067803723,0.17320508075688776
2026-08-31T20:57:48.427,121107671,P003,finger_reposition,TRANSITION,,,,4,659487,115274,119112,115349.38,119414.35,-75.38,-302.35,-495.49,508.85,False,False,nan,True,0.7049,71.22,98.3,True,0,IRREGULAR,1,0.71,0,821.4,283.4,472.3,0.46,14,53,10,30,60,0.9992342067803723,0.17320508075688776
2026-08-31T20:57:48.438,121107687,P003,finger_reposition,TRANSITION,,,,5,659527,115250,119078,115347.39,119407.62,-97.39,-329.62,-454.02,507.76,False,False,nan,True,0.7049,71.22,98.3,True,0,IRREGULAR,1,0.71,0,821.4,283.4,472.3,0.46,14,53,10,30,60,0.9992342067803723,0.17320508075688776
2026-08-31T20:57:48.463,121107718,P003,finger_reposition,TRANSITION,,,,6,659567,115225,119021,115344.95,119399.89,-119.95,-378.89,-435.24,506.31,False,False,nan,True,0.7049,71.22,98.3,True,0,IRREGULAR,1,0.71,0,821.4,283.4,472.3,0.46,14,53,10,30,60,0.9992342067803723,0.17320508075688776
2026-08-31T20:57:48.503,121107750,P003,finger_reposition,TRANSITION,,,,7,659607,115220,119020,115342.45,119392.29,-122.45,-372.29,-419.5,504.57,False,False,nan,True,0.7049,71.22,98.3,True,0,IRREGULAR,1,0.71,0,821.4,283.4,472.3,0.46,14,53,10,30,60,0.9992342067803723,0.17320508075688776
2026-08-31T20:57:48.620,121107875,P003,finger_reposition,TRANSITION,,,,8,659647,115225,119037,115340.09,119385.18,-115.09,-348.18,-401.67,502.51,False,False,nan,True,0.7049,71.22,98.3,True,0,IRREGULAR,1,0.71,0,821.4,283.4,472.3,0.46,14,53,10,30,60,0.9994668578797398,0.24494897427831783
2026-08-31T20:57:48.627,121107875,P003,finger_reposition,TRANSITION,,,,9,659687,115049,118616,115334.27,119369.8,-285.27,-753.8,-489.7,502.26,False,False,nan,True,0.7049,71.22,98.3,True,0,IRREGULAR,1,0.71,0,821.4,283.4,472.3,0.46,14,53,10,30,60,0.9994668578797398,0.24494897427831783
2026-08-31T20:57:48.638,121107890,P003,finger_reposition,TRANSITION,,,,10,659727,114655,117762,115320.69,119337.64,-665.69,-1575.64,-761.19,507.44,False,False,nan,True,0.7049,71.22,98.3,True,0,IRREGULAR,1,0.71,0,821.4,283.4,472.3,0.46,14,53,10,30,60,0.9994668578797398,0.24494897427831783
2026-08-31T20:57:48.662,121107906,P003,finger_reposition,TRANSITION,,,,11,659767,114439,117338,115303.05,119297.65,-864.05,-1959.65,-1060.8,518.5,False,False,nan,True,0.7049,71.22,98.3,True,0,IRREGULAR,1,0.71,0,821.4,283.4,472.3,0.46,14,53,10,30,60,0.9994668578797398,0.24494897427831783
2026-08-31T20:57:48.702,121107953,P003,finger_reposition,TRANSITION,,,,12,659807,114407,117279,115285.13,119257.27,-878.13,-1978.27,-1290.17,533.94,False,False,nan,True,0.7049,71.22,98.3,True,0,IRREGULAR,1,0.71,0,821.4,283.4,472.3,0.46,14,53,10,30,60,0.9994668578797398,0.24494897427831783
2026-08-31T20:57:48.822,121108078,P003,finger_reposition,TRANSITION,,,,13,659847,114412,117309,115267.67,119218.3,-855.67,-1909.3,-1444.95,552.16,False,False,nan,True,0.7049,71.22,98.3,True,0,IRREGULAR,1,0.71,0,821.4,283.4,472.3,0.46,14,53,10,30,60,0.9992342067803723,0.24494897427831783
2026-08-31T20:57:48.832,121108078,P003,finger_reposition,TRANSITION,,,,14,659887,114401,117298,115250.34,119179.9,-849.34,-1881.9,-1554.19,572.2,False,False,nan,True,0.7049,71.22,98.3,True,0,IRREGULAR,1,0.71,0,821.4,283.4,472.3,0.46,14,53,10,30,60,0.9992342067803723,0.24494897427831783
2026-08-31T20:57:48.840,121108093,P003,finger_reposition,TRANSITION,,,,15,659927,114360,117224,115232.53,119140.78,-872.53,-1916.78,-1644.84,593.65,False,False,nan,True,0.7049,71.22,98.3,True,0,IRREGULAR,1,0.71,0,821.4,283.4,472.3,0.46,14,53,10,30,60,0.9992342067803723,0.24494897427831783
2026-08-31T20:57:48.863,121108109,P003,finger_reposition,TRANSITION,,,,16,659967,114248,116990,115212.84,119097.77,-964.84,-2107.77,-1760.57,616.99,False,False,nan,True,0.7049,71.22,98.68,True,0,IRREGULAR,1,0.71,0,821.4,283.4,472.3,0.46,14,53,10,30,60,0.9992342067803723,0.24494897427831783
2026-08-31T20:57:48.902,121108156,P003,finger_reposition,TRANSITION,,,,17,660007,114078,116643,115190.15,119048.67,-1112.15,-2405.67,-1921.85,643.09,False,False,nan,True,0.7049,71.22,98.68,True,0,IRREGULAR,1,0.71,0,821.4,283.4,472.3,0.46,14,53,10,30,60,0.9992342067803723,0.24494897427831783
2026-08-31T20:57:49.023,121108281,P003,finger_reposition,TRANSITION,,,,18,660047,113998,116490,115166.3,118997.5,-1168.3,-2507.5,-2068.26,671.59,False,False,nan,True,0.7049,71.22,98.68,True,0,IRREGULAR,1,0.71,0,821.4,283.4,472.3,0.46,14,53,10,30,60,0.9992342067803723,0.24494897427831783
2026-08-31T20:57:49.031,121108281,P003,finger_reposition,TRANSITION,,,,19,660087,114021,116555,115143.4,118948.65,-1122.4,-2393.65,-2149.61,701.15,False,False,nan,True,0.7049,71.22,98.68,True,0,IRREGULAR,1,0.71,0,821.4,283.4,472.3,0.46,14,53,10,30,60,0.9992342067803723,0.24494897427831783
2026-08-31T20:57:49.041,121108296,P003,finger_reposition,TRANSITION,,,,20,660127,114054,116625,115121.61,118902.17,-1067.61,-2277.17,-2181.5,730.76,False,False,nan,True,0.7049,71.22,98.68,True,0,IRREGULAR,1,0.71,0,821.4,283.4,472.3,0.46,14,53,10,30,60,0.9992342067803723,0.24494897427831783
2026-08-31T20:57:49.063,121108312,P003,finger_reposition,TRANSITION,,,,21,660167,114077,116698,115100.72,118858.09,-1023.72,-2160.09,-2176.14,759.66,False,False,nan,True,0.7049,71.22,98.68,True,0,IRREGULAR,1,0.71,0,821.4,283.4,472.3,0.46,14,53,10,30,60,0.9992342067803723,0.24494897427831783
2026-08-31T20:57:49.105,121108359,P003,finger_reposition,TRANSITION,,,,22,660207,114161,116886,115081.92,118818.64,-920.92,-1932.64,-2115.27,786.78,False,False,nan,True,0.7049,71.22,98.68,True,0,IRREGULAR,1,0.71,0,821.4,283.4,472.3,0.46,14,53,10,30,60,0.9992342067803723,0.24494897427831783
2026-08-31T20:57:49.220,121108468,P003,finger_reposition,TRANSITION,,,,23,660247,114229,117039,115064.87,118783.05,-835.87,-1744.05,-2022.46,811.49,False,False,nan,True,0.7049,71.22,98.68,True,0,IRREGULAR,1,0.71,0,821.4,283.4,472.3,0.46,14,53,10,30,60,0.9990180178555339,0.24494897427831783
2026-08-31T20:57:49.232,121108484,P003,finger_reposition,TRANSITION,,,,24,660287,114315,117212,115049.87,118751.62,-734.87,-1539.62,-1901.75,833.3,False,False,nan,True,0.7049,71.22,98.68,True,0,IRREGULAR,1,0.71,0,821.4,283.4,472.3,0.46,14,53,10,30,60,0.9990180178555339,0.24494897427831783
2026-08-31T20:57:49.240,121108484,P003,finger_reposition,TRANSITION,,,,25,660327,114410,117383,115037.07,118724.25,-627.07,-1341.25,-1761.63,851.86,False,False,nan,True,0.7049,71.22,98.68,True,0,IRREGULAR,1,0.71,0,821.4,283.4,472.3,0.46,14,53,10,30,60,0.9990180178555339,0.24494897427831783
2026-08-31T20:57:49.263,121108515,P003,finger_reposition,TRANSITION,,,,26,660367,114483,117553,115025.99,118700.83,-542.99,-1147.83,-1608.18,866.99,False,False,nan,True,0.7049,71.22,98.68,True,0,IRREGULAR,1,0.71,0,821.4,283.4,472.3,0.46,14,53,10,30,60,0.9990180178555339,0.24494897427831783
2026-08-31T20:57:49.303,121108546,P003,finger_reposition,TRANSITION,,,,27,660407,114618,117848,115017.84,118683.77,-399.84,-835.77,-1415.08,877.95,False,False,nan,True,0.7049,71.22,98.68,True,0,IRREGULAR,1,0.71,0,821.4,283.4,472.3,0.46,14,53,10,30,60,0.9990180178555339,0.24494897427831783
2026-08-31T20:57:49.419,121108671,P003,finger_reposition,TRANSITION,,,,28,660447,114679,117994,115011.06,118669.98,-332.06,-675.98,-1230.3,885.0,False,False,nan,True,0.7049,71.22,98.68,True,0,COLLECTING,0,,0,,,,,11,53,10,30,60,0.9992342067803723,0.30000000000000004
2026-08-31T20:57:49.430,121108687,P003,finger_reposition,TRANSITION,,,,29,660487,114553,117685,115001.9,118650.27,-448.9,-965.27,-1164.04,890.58,False,False,nan,True,0.7049,71.22,98.68,True,0,COLLECTING,0,,0,,,,,11,53,10,30,60,0.9992342067803723,0.30000000000000004
2026-08-31T20:57:49.439,121108687,P003,finger_reposition,TRANSITION,,,,30,660527,114355,117271,114988.96,118622.69,-633.96,-1351.69,-1210.96,896.99,False,False,nan,True,0.7049,71.22,98.68,True,0,COLLECTING,0,,0,,,,,11,53,10,30,60,0.9992342067803723,0.30000000000000004
2026-08-31T20:57:49.463,121108718,P003,finger_reposition,TRANSITION,,,,31,660567,114342,117269,114976.02,118595.62,-634.02,-1326.62,-1239.87,903.84,False,False,nan,True,0.7049,71.22,98.68,True,0,COLLECTING,0,,0,,,,,11,53,10,30,60,0.9992342067803723,0.30000000000000004
2026-08-31T20:57:49.503,121108750,P003,finger_reposition,TRANSITION,,,,32,660607,114458,117491,114965.66,118573.52,-507.66,-1082.52,-1200.53,909.78,False,False,nan,True,0.7049,71.22,98.68,True,0,COLLECTING,0,,0,,,,,11,53,10,30,60,0.9992342067803723,0.30000000000000004
2026-08-31T20:57:49.619,121108875,P003,finger_reposition,TRANSITION,,,,33,660647,114511,117615,114956.57,118554.35,-445.57,-939.35,-1135.24,914.29,False,False,nan,True,0.7049,71.22,98.68,True,0,COLLECTING,0,,0,,,,,11,53,10,30,60,0.9992342067803723,0.17320508075688776
2026-08-31T20:57:49.634,121108890,P003,finger_reposition,TRANSITION,,,,34,660687,114549,117712,114948.42,118537.51,-399.42,-825.51,-1057.81,917.16,False,False,nan,True,0.7049,71.22,98.68,True,0,COLLECTING,0,,0,,,,,11,53,10,30,60,0.9992342067803723,0.17320508075688776
2026-08-31T20:57:49.640,121108890,P003,finger_reposition,TRANSITION,,,,35,660727,114574,117761,114940.93,118521.98,-366.93,-760.98,-983.6,918.49,False,False,nan,True,0.7049,71.22,98.68,True,0,COLLECTING,0,,0,,,,,11,53,10,30,60,0.9992342067803723,0.17320508075688776
2026-08-31T20:57:49.663,121108906,P003,finger_reposition,TRANSITION,,,,36,660767,114543,117681,114932.97,118505.16,-389.97,-824.16,-943.74,918.99,False,False,nan,True,0.7049,71.22,98.68,True,0,COLLECTING,0,,0,,,,,11,53,10,30,60,0.9992342067803723,0.17320508075688776
2026-08-31T20:57:49.703,121108953,P003,finger_reposition,TRANSITION,,,,37,660807,114505,117603,114924.41,118487.11,-419.41,-884.11,-928.83,919.19,False,False,nan,True,0.7049,71.22,98.68,True,0,COLLECTING,0,,0,,,,,11,53,10,30,60,0.9992342067803723,0.17320508075688776
2026-08-31T20:57:49.822,121109078,P003,finger_reposition,TRANSITION,,,,38,660847,114551,117718,114916.94,118471.73,-365.94,-753.73,-885.05,918.5,False,False,nan,True,0.7049,71.22,98.68,True,0,COLLECTING,0,,0,,,,,11,53,10,30,60,0.9994668578797398,0.17320508075688776
2026-08-31T20:57:49.827,121109078,P003,finger_reposition,TRANSITION,,,,39,660887,114655,117962,114911.7,118461.53,-256.7,-499.53,-788.67,915.91,False,False,nan,True,0.7049,71.22,98.68,True,0,COLLECTING,0,,0,,,,,11,53,10,30,60,0.9994668578797398,0.17320508075688776
2026-08-31T20:57:49.839,121109093,P003,finger_reposition,TRANSITION,,,,40,660927,114769,118186,114908.84,118456.02,-139.84,-270.02,-659.01,910.77,False,False,nan,True,0.7049,71.22,98.68,True,0,COLLECTING,0,,0,,,,,11,53,10,30,60,0.9994668578797398,0.17320508075688776
2026-08-31T20:57:49.862,121109109,P003,finger_reposition,TRANSITION,,,,41,660967,114817,118306,114907.01,118453.02,-90.01,-147.02,-531.01,903.18,False,False,nan,True,0.7049,71.22,98.68,True,0,COLLECTING,0,,0,,,,,11,53,10,30,60,0.9994668578797398,0.17320508075688776
2026-08-31T20:57:49.902,121109156,P003,finger_reposition,TRANSITION,,,,42,661007,114869,118407,114906.25,118452.1,-37.25,-45.1,-409.54,893.3,False,False,nan,True,0.7049,71.22,98.68,True,0,COLLECTING,0,,0,,,,,11,53,10,30,60,0.9994668578797398,0.17320508075688776
2026-08-31T20:57:50.019,121109265,P003,finger_reposition,TRANSITION,,,,43,661047,114895,118464,114906.02,118452.34,-11.02,11.66,-304.24,881.52,False,False,nan,True,0.7049,71.22,98.68,True,0,COLLECTING,0,,0,,,,,11,53,10,30,60,0.9994668578797398,0.24494897427831783
2026-08-31T20:57:50.027,121109281,P003,finger_reposition,TRANSITION,,,,44,661087,114840,118333,114904.7,118449.95,-64.7,-116.95,-257.42,869.04,False,False,nan,True,0.7049,71.22,98.68,True,0,COLLECTING,0,,0,,,,,11,53,10,30,60,0.9994668578797398,0.24494897427831783
2026-08-31T20:57:50.038,121109281,P003,finger_reposition,TRANSITION,,,,45,661127,114714,118071,114900.89,118442.38,-186.89,-371.38,-285.91,857.38,False,False,nan,True,0.7049,71.22,98.68,True,0,COLLECTING,0,,0,,,,,11,53,10,30,60,0.9994668578797398,0.24494897427831783
2026-08-31T20:57:50.063,121109312,P003,finger_reposition,TRANSITION,,,,46,661167,114608,117862,114895.03,118430.77,-287.03,-568.77,-356.62,847.36,False,False,nan,True,0.7049,71.22,98.68,True,0,COLLECTING,0,,0,,,,,11,53,10,30,60,0.9994668578797398,0.24494897427831783
2026-08-31T20:57:50.103,121109359,P003,finger_reposition,TRANSITION,,,,47,661207,114563,117757,114888.39,118417.29,-325.39,-660.29,-432.54,839.06,False,False,nan,True,0.7049,71.22,98.68,True,0,COLLECTING,0,,0,,,,,11,53,10,30,60,0.9994668578797398,0.24494897427831783
2026-08-31T20:57:50.221,121109468,P003,finger_reposition,TRANSITION,,,,48,661247,114378,117368,114878.18,118396.3,-500.18,-1028.3,-581.48,833.91,False,False,nan,True,0.7049,71.22,98.68,True,0,COLLECTING,0,,0,,,,,10,53,10,30,60,0.9992342067803723,0.24494897427831783
2026-08-31T20:57:50.230,121109484,P003,finger_reposition,TRANSITION,,,,49,661287,114133,116882,114863.27,118366.02,-730.27,-1484.02,-807.11,833.38,False,False,nan,True,0.7049,71.22,98.68,True,0,COLLECTING,0,,0,,,,,10,53,10,30,60,0.9992342067803723,0.24494897427831783
2026-08-31T20:57:50.239,121109484,P003,finger_reposition,TRANSITION,,,,50,661327,114058,116719,114847.17,118333.08,-789.17,-1614.08,-1008.85,836.89,False,False,nan,True,0.7049,71.22,98.68,True,0,COLLECTING,0,,0,,,,,10,53,10,30,60,0.9992342067803723,0.24494897427831783
2026-08-31T20:57:50.263,121109515,P003,finger_reposition,TRANSITION,,,,51,661367,114040,116704,114831.03,118300.5,-791.03,-1596.5,-1155.77,843.26,False,False,nan,True,0.7049,71.22,98.68,True,0,COLLECTING,0,,0,,,,,10,53,10,30,60,0.9992342067803723,0.24494897427831783
2026-08-31T20:57:50.303,121109546,P003,finger_reposition,TRANSITION,,,,52,661407,114137,116922,114817.15,118272.93,-680.15,-1350.93,-1204.56,850.49,False,False,nan,True,0.7049,71.22,98.68,True,0,COLLECTING,0,,0,,,,,10,53,10,30,60,0.9992342067803723,0.24494897427831783
2026-08-31T20:57:50.419,121109671,P003,finger_reposition,TRANSITION,,,,53,661447,114207,117083,114804.95,118249.13,-597.95,-1166.13,-1194.95,857.38,False,False,nan,True,0.7049,71.22,98.68,True,0,COLLECTING,0,,0,,,,,10,53,10,30,60,0.9992342067803723,0.24494897427831783
2026-08-31T20:57:50.432,121109687,P003,finger_reposition,TRANSITION,,,,54,661487,114183,117042,114792.51,118224.99,-609.51,-1182.99,-1191.96,864.07,False,False,nan,True,0.7049,71.22,98.68,True,0,COLLECTING,0,,0,,,,,10,53,10,30,60,0.9992342067803723,0.24494897427831783
2026-08-31T20:57:50.442,121109687,P003,finger_reposition,TRANSITION,,,,55,661527,114116,116876,114778.98,118198.02,-662.98,-1322.02,-1224.47,871.28,False,False,nan,True,0.7049,71.22,98.68,True,0,COLLECTING,0,,0,,,,,10,53,10,30,60,0.9992342067803723,0.24494897427831783
2026-08-31T20:57:50.463,121109718,P003,finger_reposition,TRANSITION,,,,56,661567,113976,116583,114762.91,118165.72,-786.91,-1582.72,-1314.04,880.13,False,False,nan,True,0.7049,71.22,98.68,True,0,COLLECTING,0,,0,,,,,10,53,10,30,60,0.9992342067803723,0.24494897427831783
2026-08-31T20:57:50.504,121109750,P003,finger_reposition,TRANSITION,,,,57,661607,113853,116335,114744.72,118129.1,-891.72,-1794.1,-1434.05,891.21,False,False,nan,True,0.7049,71.22,98.68,True,0,COLLECTING,0,,0,,,,,10,53,10,30,60,0.9992342067803723,0.24494897427831783
2026-08-31T20:57:50.620,121109875,P003,finger_reposition,TRANSITION,,,,58,661647,113833,116301,114726.48,118092.54,-893.48,-1791.54,-1523.42,903.86,False,False,nan,True,0.7049,71.22,98.68,True,0,COLLECTING,0,,0,,,,,10,53,10,30,60,0.9994668578797398,0.24494897427831783
2026-08-31T20:57:50.630,121109875,P003,finger_reposition,TRANSITION,,,,59,661687,113841,116352,114708.77,118057.73,-867.77,-1705.73,-1569.0,917.16,False,False,nan,True,0.7049,71.22,98.68,True,0,COLLECTING,0,,0,,,,,10,53,10,30,60,0.9994668578797398,0.24494897427831783
2026-08-31T20:57:50.640,121109890,P003,finger_reposition,TRANSITION,,,,60,661727,113821,116304,114691.02,118022.65,-870.02,-1718.65,-1606.41,930.94,False,False,nan,True,0.7049,71.22,98.68,True,0,COLLECTING,0,,0,,,,,10,53,10,30,60,0.9994668578797398,0.24494897427831783
2026-08-31T20:57:50.662,121109906,P003,finger_reposition,TRANSITION,,,,61,661767,113842,116361,114674.04,117989.41,-832.04,-1628.41,-1611.91,944.56,False,False,nan,True,0.7049,71.22,98.68,True,0,COLLECTING,0,,0,,,,,10,53,10,30,60,0.9994668578797398,0.24494897427831783
2026-08-31T20:57:50.704,121109953,P003,finger_reposition,TRANSITION,,,,62,661807,113881,116436,114658.18,117958.34,-777.18,-1522.34,-1589.52,957.46,False,False,nan,True,0.7049,71.22,98.68,True,0,COLLECTING,0,,0,,,,,10,53,10,30,60,0.9994668578797398,0.24494897427831783
2026-08-31T20:57:50.819,121110078,P003,finger_reposition,TRANSITION,,,ACTION_START,63,661847,113894,116471,114642.9,117928.59,-748.9,-1457.59,-1556.54,969.44,False,False,nan,True,0.7049,71.22,98.68,True,0,COLLECTING,0,,0,,,,,9,53,10,30,60,0.9992342067803723,0.17320508075688776
2026-08-31T20:57:50.834,121110078,P003,finger_reposition,TRANSITION,,,,64,661887,113922,116536,114628.48,117900.74,-706.48,-1364.74,-1508.59,980.23,False,False,nan,True,0.7049,71.22,98.68,True,0,COLLECTING,0,,0,,,,,9,53,10,30,60,0.9992342067803723,0.17320508075688776
2026-08-31T20:57:50.840,121110093,P003,finger_reposition,TRANSITION,,,,65,661927,113958,116607,114615.08,117874.87,-657.08,-1267.87,-1448.41,989.59,False,False,nan,True,0.7049,71.22,98.68,True,0,COLLECTING,0,,0,,,,,9,53,10,30,60,0.9992342067803723,0.17320508075688776
2026-08-31T20:57:50.863,121110109,P003,finger_reposition,TRANSITION,,,,66,661967,113911,116517,114601.0,117847.71,-690.0,-1330.71,-1418.98,998.18,False,False,nan,True,0.7049,71.22,98.68,True,0,COLLECTING,0,,0,,,,,9,53,10,30,60,0.9992342067803723,0.17320508075688776
2026-08-31T20:57:50.903,121110156,P003,finger_reposition,TRANSITION,,,,67,662007,113684,116032,114582.66,117811.4,-898.66,-1779.4,-1509.09,1008.4,False,False,nan,True,0.7049,71.22,98.68,True,0,COLLECTING,0,,0,,,,,9,53,10,30,60,0.9992342067803723,0.17320508075688776
2026-08-31T20:57:51.020,121110265,P003,finger_reposition,TRANSITION,,,,68,662047,113509,115668,114561.18,117768.53,-1052.18,-2100.53,-1656.95,1021.37,False,False,nan,True,0.7049,71.22,98.68,True,0,COLLECTING,0,,0,,,,,9,53,10,30,60,0.9992342067803723,0.24494897427831783
2026-08-31T20:57:51.031,121110281,P003,finger_reposition,TRANSITION,,,,69,662087,113493,115663,114539.81,117726.42,-1046.81,-2063.42,-1758.57,1036.11,False,False,nan,True,0.7049,71.22,98.68,True,0,COLLECTING,0,,0,,,,,9,53,10,30,60,0.9992342067803723,0.24494897427831783
2026-08-31T20:57:51.040,121110296,P003,finger_reposition,TRANSITION,,,,70,662127,113525,115733,114519.52,117686.55,-994.52,-1953.55,-1807.31,1051.54,False,False,nan,True,0.7049,71.22,98.68,True,0,COLLECTING,0,,0,,,,,9,53,10,30,60,0.9992342067803723,0.24494897427831783
2026-08-31T20:57:51.063,121110312,P003,finger_reposition,TRANSITION,,,,71,662167,113527,115725,114499.66,117647.32,-972.66,-1922.32,-1836.07,1067.23,False,False,nan,True,0.7049,71.22,98.68,True,0,COLLECTING,0,,0,,,,,9,53,10,30,60,0.9992342067803723,0.24494897427831783
2026-08-31T20:57:51.102,121110359,P003,finger_reposition,TRANSITION,,,,72,662207,113511,115713,114479.89,117608.63,-968.89,-1895.63,-1850.96,1082.9,False,False,nan,True,0.7049,71.22,98.68,True,0,COLLECTING,0,,0,,,,,9,53,10,30,60,0.9992342067803723,0.24494897427831783
2026-08-31T20:57:51.224,121110468,P003,finger_reposition,TRANSITION,,,,73,662247,113437,115564,114459.03,117567.74,-1022.03,-2003.74,-1889.15,1099.03,False,False,nan,True,0.7049,71.22,98.68,True,0,COLLECTING,0,,0,,,,,9,53,10,30,60,0.9992342067803723,0.17320508075688776
2026-08-31T20:57:51.232,121110484,P003,finger_reposition,TRANSITION,,,,74,662287,113304,115283,114435.93,117522.05,-1131.93,-2239.05,-1976.63,1116.58,False,False,nan,True,0.7049,71.22,98.68,True,0,COLLECTING,0,,0,,,,,9,53,10,30,60,0.9992342067803723,0.17320508075688776
2026-08-31T20:57:51.239,121110484,P003,finger_reposition,TRANSITION,,,,75,662327,113153,114970,114410.27,117471.01,-1257.27,-2501.01,-2107.72,1136.4,False,False,nan,True,0.7049,71.22,98.68,True,0,COLLECTING,0,,0,,,,,9,53,10,30,60,0.9992342067803723,0.17320508075688776
2026-08-31T20:57:51.263,121110515,P003,finger_reposition,TRANSITION,,,,76,662367,112961,114547,114381.29,117412.53,-1420.29,-2865.53,-2297.17,1159.62,False,False,nan,True,0.7049,71.22,98.68,True,0,COLLECTING,0,,0,,,,,9,53,10,30,60,0.9992342067803723,0.17320508075688776
2026-08-31T20:57:51.303,121110546,P003,finger_reposition,TRANSITION,,,,77,662407,112773,114195,114349.12,117348.18,-1576.12,-3153.18,-2511.18,1186.65,False,False,nan,True,0.7049,71.22,98.68,True,0,COLLECTING,0,,0,,,,,9,53,10,30,60,0.9992342067803723,0.17320508075688776
2026-08-31T20:57:51.419,121110671,P003,finger_reposition,TRANSITION,,,,78,662447,112666,113962,114315.46,117280.45,-1649.46,-3318.45,-2713.0,1217.17,False,False,nan,True,0.7049,71.22,98.68,True,0,COLLECTING,0,,0,,,,,8,53,10,30,60,1.0000969952959562,0.24494897427831783
2026-08-31T20:57:51.430,121110687,P003,finger_reposition,TRANSITION,,,,79,662487,112554,113740,114280.23,117209.64,-1726.23,-3469.64,-2902.16,1250.87,False,False,nan,True,0.7049,71.22,98.68,True,0,COLLECTING,0,,0,,,,,8,53,10,30,60,1.0000969952959562,0.24494897427831783
2026-08-31T20:57:51.439,121110687,P003,finger_reposition,TRANSITION,,,,80,662527,112414,113448,114242.91,117134.41,-1828.91,-3686.41,-3098.22,1287.82,False,False,nan,True,0.7049,71.22,98.68,True,0,COLLECTING,0,,0,,,,,8,53,10,30,60,1.0000969952959562,0.24494897427831783
2026-08-31T20:57:51.464,121110718,P003,finger_reposition,TRANSITION,,,,81,662567,112338,113324,114204.8,117058.2,-1866.8,-3734.2,-3257.21,1327.21,False,False,nan,True,0.7049,71.22,98.68,True,0,COLLECTING,0,,0,,,,,8,53,10,30,60,1.0000969952959562,0.24494897427831783
2026-08-31T20:57:51.502,121110750,P003,finger_reposition,TRANSITION,,,,82,662607,112383,113411,114168.37,116985.25,-1785.37,-3574.25,-3336.47,1367.39,False,False,nan,True,0.7049,71.22,98.68,True,0,COLLECTING,0,,0,,,,,8,53,10,30,60,1.0000969952959562,0.24494897427831783
2026-08-31T20:57:51.620,121110875,P003,finger_reposition,TRANSITION,,,,83,662647,112491,113635,114134.82,116918.24,-1643.82,-3283.24,-3323.16,1406.51,False,False,nan,True,0.7049,71.22,98.68,True,0,COLLECTING,0,,0,,,,,8,53,10,30,60,1.0000969952959562,0.24494897427831783
2026-08-31T20:57:51.631,121110875,P003,finger_reposition,TRANSITION,,,,84,662687,112601,113863,114104.14,116857.14,-1503.14,-2994.14,-3240.91,1443.2,False,False,nan,True,0.7049,71.22,98.68,True,0,COLLECTING,0,,0,,,,,8,53,10,30,60,1.0000969952959562,0.24494897427831783
2026-08-31T20:57:51.641,121110890,P003,finger_reposition,TRANSITION,,,,85,662727,112692,114024,114075.9,116800.48,-1383.9,-2776.48,-3124.8,1476.83,False,False,nan,True,0.7049,71.22,98.68,True,0,COLLECTING,0,,0,,,,,8,53,10,30,60,1.0000969952959562,0.24494897427831783
2026-08-31T20:57:51.663,121110921,P003,finger_reposition,TRANSITION,,,,86,662767,112580,113764,114045.98,116739.75,-1465.98,-2975.75,-3087.54,1509.04,False,False,nan,True,0.7049,71.22,98.68,True,0,COLLECTING,0,,0,,,,,8,53,10,30,60,1.0000969952959562,0.24494897427831783
2026-08-31T20:57:51.702,121110953,P003,finger_reposition,TRANSITION,,,,87,662807,112481,113556,114014.69,116676.08,-1533.69,-3120.08,-3095.67,1540.78,False,False,nan,True,0.7049,71.22,98.68,True,0,COLLECTING,0,,0,,,,,8,53,10,30,60,1.0000969952959562,0.24494897427831783
2026-08-31T20:57:51.819,121111062,P003,finger_reposition,TRANSITION,,,,88,662847,112577,113747,113985.94,116617.5,-1408.94,-2870.5,-3039.38,1570.75,False,False,nan,True,0.7049,71.22,98.68,True,0,COLLECTING,0,,0,,,,,8,53,10,30,60,0.9992342067803723,0.24494897427831783
2026-08-31T20:57:51.830,121111078,P003,finger_reposition,TRANSITION,,,,89,662897,112767,114115,113961.56,116567.45,-1194.56,-2452.45,-2892.65,1597.19,False,False,nan,True,0.7049,71.22,98.68,True,0,COLLECTING,0,,0,,,,,8,53,10,30,60,0.9992342067803723,0.24494897427831783
2026-08-31T20:57:51.840,121111093,P003,finger_reposition,TRANSITION,,,,90,662927,112970,114493,113941.73,116525.96,-971.73,-2032.96,-2677.73,1618.8,False,False,nan,True,0.7049,71.22,98.68,True,0,COLLECTING,0,,0,,,,,8,53,10,30,60,0.9992342067803723,0.24494897427831783
2026-08-31T20:57:51.873,121111125,P003,finger_reposition,TRANSITION,,,,91,662977,113009,114561,113923.08,116486.66,-914.08,-1925.66,-2489.71,1636.22,False,False,nan,True,0.7049,71.22,98.68,True,0,COLLECTING,0,,0,,,,,8,53,10,30,60,0.9992342067803723,0.24494897427831783
2026-08-31T20:57:52.018,121111265,P003,finger_reposition,TRANSITION,,,,92,663017,112915,114319,113902.91,116443.31,-987.91,-2124.31,-2398.36,1651.46,False,False,nan,True,0.7049,71.22,98.68,True,0,COLLECTING,0,,0,,,,,7,53,10,30,60,0.9992342067803723,0.24494897427831783
2026-08-31T20:57:52.029,121111281,P003,finger_reposition,TRANSITION,,,,93,663047,112817,114167,113881.2,116397.79,-1064.2,-2230.79,-2356.47,1665.56,False,False,nan,True,0.7049,71.22,98.68,True,0,COLLECTING,0,,0,,,,,7,53,10,30,60,0.9992342067803723,0.24494897427831783
2026-08-31T20:57:52.042,121111296,P003,finger_reposition,TRANSITION,,,,94,663097,112752,114001,113858.61,116349.85,-1106.61,-2348.85,-2354.56,1679.34,False,False,nan,True,0.7049,71.22,98.68,True,0,COLLECTING,0,,0,,,,,7,53,10,30,60,0.9992342067803723,0.24494897427831783
2026-08-31T20:57:52.049,121111296,P003,finger_reposition,TRANSITION,,,,95,663137,112733,113988,113836.09,116302.62,-1103.09,-2314.62,-2344.58,1692.64,False,False,nan,True,0.7049,71.22,98.68,True,0,COLLECTING,0,,0,,,,,7,53,10,30,60,0.9992342067803723,0.24494897427831783
2026-08-31T20:57:52.073,121111328,P003,finger_reposition,TRANSITION,,,,96,663177,112777,114046,113814.91,116257.48,-1037.91,-2211.48,-2311.3,1705.02,False,False,nan,True,0.7049,71.22,98.68,True,0,COLLECTING,0,,0,,,,,7,53,10,30,60,0.9992342067803723,0.24494897427831783
2026-08-31T20:57:52.218,121111468,P003,finger_reposition,TRANSITION,,,,97,663217,112915,114361,113796.91,116219.55,-881.91,-1858.55,-2198.12,1714.88,False,False,nan,True,0.7049,71.22,98.68,True,0,COLLECTING,0,,0,,,,,7,53,10,30,60,0.9992342067803723,0.30000000000000004
2026-08-31T20:57:52.229,121111484,P003,finger_reposition,TRANSITION,,,,98,663257,113031,114637,113781.59,116187.91,-750.59,-1550.91,-2036.31,1721.31,False,False,nan,True,0.7049,71.22,98.68,True,0,COLLECTING,0,,0,,,,,7,53,10,30,60,0.9992342067803723,0.30000000000000004
2026-08-31T20:57:52.241,121111484,P003,finger_reposition,TRANSITION,,,,99,663297,113204,114898,113770.04,116162.11,-566.04,-1264.11,-1843.26,1723.75,False,False,nan,True,0.7049,71.22,98.68,True,0,COLLECTING,0,,0,,,,,7,53,10,30,60,0.9992342067803723,0.30000000000000004
2026-08-31T20:57:52.250,121111500,P003,finger_reposition,TRANSITION,,,,100,663337,113311,115125,113760.86,116141.37,-449.86,-1016.37,-1636.54,1722.0,False,False,nan,True,0.7049,71.22,98.68,True,0,COLLECTING,0,,0,,,,,7,53,10,30,60,0.9992342067803723,0.30000000000000004
2026-08-31T20:57:52.273,121111531,P003,finger_reposition,TRANSITION,,,,101,663377,113435,115411,113754.34,116126.76,-319.34,-715.76,-1406.34,1715.69,False,False,nan,True,0.7049,71.22,98.68,True,0,COLLECTING,0,,0,,,,,7,53,10,30,60,0.9992342067803723,0.30000000000000004
2026-08-31T20:57:52.419,121111671,P003,finger_reposition,TRANSITION,,,,102,663417,113599,115778,113751.23,116119.78,-152.23,-341.78,-1140.2,1704.18,False,False,nan,True,0.7049,71.22,98.68,True,0,COLLECTING,0,,0,,,,,7,53,10,30,60,0.9992342067803723,0.24494897427831783
2026-08-31T20:57:52.431,121111687,P003,finger_reposition,TRANSITION,,,,103,663457,113692,115876,113750.05,116114.91,-58.05,-238.91,-914.88,1688.39,False,False,nan,True,0.7049,71.22,98.68,True,0,COLLECTING,0,,0,,,,,7,53,10,30,60,0.9992342067803723,0.24494897427831783
2026-08-31T20:57:52.440,121111687,P003,finger_reposition,TRANSITION,,,,104,663497,113756,116127,113750.16,116115.15,5.84,11.85,-683.2,1668.29,False,False,nan,True,0.7049,71.22,98.68,True,0,COLLECTING,0,,0,,,,,7,53,10,30,60,0.9992342067803723,0.24494897427831783
2026-08-31T20:57:52.449,121111703,P003,finger_reposition,TRANSITION,,,,105,663537,113745,116099,113750.06,116114.83,-5.06,-15.83,-516.35,1645.25,False,False,nan,True,0.7049,71.22,98.68,True,0,COLLECTING,0,,0,,,,,7,53,10,30,60,0.9992342067803723,0.24494897427831783
2026-08-31T20:57:52.473,121111718,P003,finger_reposition,TRANSITION,,,,106,663577,113597,115757,113747.0,116107.67,-150.0,-350.67,-474.93,1621.84,False,False,nan,True,0.7049,71.22,98.68,True,0,COLLECTING,0,,0,,,,,7,53,10,30,60,0.9992342067803723,0.24494897427831783
2026-08-31T20:57:52.618,121111875,P003,finger_reposition,TRANSITION,,,,107,663617,113469,115546,113741.44,116096.44,-272.44,-550.44,-493.81,1599.28,False,False,nan,True,0.7049,71.22,98.68,True,0,COLLECTING,0,,0,,,,,7,53,10,30,60,0.9992342067803723,0.30000000000000004
2026-08-31T20:57:52.629,121111875,P003,finger_reposition,TRANSITION,,,,108,663657,113585,115757,113738.31,116089.65,-153.31,-332.65,-453.52,1576.37,False,False,nan,True,0.7049,71.22,98.68,True,0,COLLECTING,0,,0,,,,,7,53,10,30,60,0.9992342067803723,0.30000000000000004
2026-08-31T20:57:52.641,121111890,P003,finger_reposition,TRANSITION,,,,109,663697,113676,115997,113737.06,116087.8,-61.06,-90.8,-362.84,1552.1,False,False,nan,True,0.7049,71.22,98.68,True,0,COLLECTING,0,,0,,,,,7,53,10,30,60,0.9992342067803723,0.30000000000000004
2026-08-31T20:57:52.651,121111906,P003,finger_reposition,TRANSITION,,,,110,663737,113791,116247,113738.14,116090.98,52.86,156.02,-233.13,1525.72,False,False,nan,True,0.7049,71.22,98.68,True,0,COLLECTING,0,,0,,,,,7,53,10,30,60,0.9992342067803723,0.30000000000000004
2026-08-31T20:57:52.673,121111921,P003,finger_reposition,TRANSITION,,,,111,663777,113968,116594,113742.73,116101.05,225.27,492.95,-51.61,1496.24,False,False,nan,True,0.7049,71.22,98.68,True,0,COLLECTING,0,,0,,,,,7,53,10,30,60,0.9992342067803723,0.30000000000000004
2026-08-31T20:57:52.818,121112062,P003,finger_reposition,TRANSITION,,,,112,663817,114111,116875,113750.1,116116.52,360.9,758.48,150.91,1469.33,False,False,nan,True,0.7049,71.22,98.68,True,0,COLLECTING,0,,0,,,,,7,53,10,30,60,0.9992342067803723,0.17320508075688776
2026-08-31T20:57:52.830,121112078,P003,finger_reposition,TRANSITION,,,,113,663857,114174,116994,113758.58,116134.07,415.42,859.93,328.17,1446.51,False,False,nan,True,0.7049,71.22,98.68,True,0,COLLECTING,0,,0,,,,,7,53,10,30,60,0.9992342067803723,0.17320508075688776
2026-08-31T20:57:52.837,121112093,P003,finger_reposition,TRANSITION,,,,114,663897,114310,117324,113769.61,116157.87,540.39,1166.13,537.66,1428.33,False,False,nan,True,0.7049,71.22,98.68,True,0,COLLECTING,0,,0,,,,,7,53,10,30,60,0.9992342067803723,0.17320508075688776
2026-08-31T20:57:52.850,121112093,P003,finger_reposition,TRANSITION,,,,115,663937,114609,117897,113786.4,116192.65,822.6,1704.35,829.33,1416.35,False,False,nan,True,0.7049,71.22,98.68,True,0,COLLECTING,0,,0,,,,,7,53,10,30,60,0.9992342067803723,0.17320508075688776
2026-08-31T20:57:52.872,121112125,P003,finger_reposition,TRANSITION,,,,116,663977,115012,118803,113810.91,116244.85,1201.09,2558.15,1261.54,1413.25,False,False,nan,True,0.7049,71.22,97.54,True,0,COLLECTING,0,,0,,,,,7,53,10,30,60,0.9992342067803723,0.17320508075688776
2026-08-31T20:57:53.019,121112265,P003,finger_reposition,TRANSITION,,,,117,664017,115569,119963,113846.08,116319.21,1722.92,3643.79,1857.1,1422.13,False,False,nan,True,0.7049,71.22,97.54,True,0,COLLECTING,0,,0,,,,,7,53,10,30,60,0.9994668578797398,0.24494897427831783
2026-08-31T20:57:53.032,121112281,P003,finger_reposition,TRANSITION,,,,118,664057,115959,120830,113888.34,116409.43,2070.66,4420.57,2497.97,1443.65,False,False,nan,True,0.7049,71.22,97.54,True,0,COLLECTING,0,,0,,,,,7,53,10,30,60,0.9994668578797398,0.24494897427831783
2026-08-31T20:57:53.043,121112296,P003,finger_reposition,TRANSITION,,,,119,664097,116163,121221,113933.83,116505.66,2229.17,4715.34,3052.31,1475.82,False,False,nan,True,0.7049,71.22,97.54,True,0,COLLECTING,0,,0,,,,,7,53,10,30,60,0.9994668578797398,0.24494897427831783
2026-08-31T20:57:53.049,121112296,P003,finger_reposition,TRANSITION,,,,120,664137,116258,121412,113980.31,116603.79,2277.69,4808.21,3491.28,1516.13,False,False,nan,True,0.7049,71.22,97.54,True,0,COLLECTING,0,,0,,,,,7,53,10,30,60,0.9994668578797398,0.24494897427831783
2026-08-31T20:57:53.090,121112343,P003,finger_reposition,TRANSITION,,,,121,664177,116179,121175,114024.29,116695.21,2154.71,4479.79,3738.41,1560.58,False,False,nan,True,0.7049,71.22,97.54,True,0,COLLECTING,0,,0,,,,,7,53,10,30,60,0.9994668578797398,0.24494897427831783
2026-08-31T20:57:53.219,121112468,P003,finger_reposition,TRANSITION,,,,122,664217,115856,120399,114060.92,116769.29,1795.08,3629.71,3711.24,1603.59,True,False,nan,True,0.7049,71.22,97.54,True,0,COLLECTING,0,,0,,,,,7,53,10,30,60,0.9994668578797398,0.17320508075688776
2026-08-31T20:57:53.229,121112484,P003,finger_reposition,TRANSITION,,,,123,664257,114465,117519,114069.0,116784.28,396.0,734.72,2967.11,1630.86,False,False,nan,True,0.7049,71.22,97.54,True,0,COLLECTING,0,,0,,,,,7,53,10,30,60,0.9994668578797398,0.17320508075688776
2026-08-31T20:57:53.241,121112484,P003,finger_reposition,TRANSITION,,,,124,664297,113073,114799,114049.08,116744.58,-976.08,-1945.58,1738.94,1633.02,False,False,nan,True,0.7049,71.22,97.54,True,0,COLLECTING,0,,0,,,,,7,53,10,30,60,0.9994668578797398,0.17320508075688776
2026-08-31T20:57:53.249,121112500,P003,finger_reposition,TRANSITION,,,,125,664337,58982,51029,112947.73,115430.27,-53965.73,-64401.27,-14796.12,1896.28,False,False,nan,True,0.7049,71.22,97.54,True,0,COLLECTING,0,,0,,,,,7,53,10,30,60,0.9994668578797398,0.17320508075688776
2026-08-31T20:57:53.270,121112515,P003,finger_reposition,TRANSITION,,,,126,664377,12823,10968,nan,nan,nan,nan,nan,nan,False,False,nan,False,0.0,nan,nan,False,0,COLLECTING,0,,0,,,,,7,53,10,30,60,0.9994668578797398,0.17320508075688776
2026-08-31T20:57:53.416,121112671,P003,finger_reposition,TRANSITION,,,,127,664417,7546,6663,nan,nan,nan,nan,nan,nan,False,False,nan,False,0.0,nan,nan,False,0,NO_FINGER,0,,0,,,,,0,53,10,30,60,0.9990180178555339,0.24494897427831783
2026-08-31T20:57:53.426,121112671,P003,finger_reposition,TRANSITION,,,,128,664457,5235,4763,nan,nan,nan,nan,nan,nan,False,False,nan,False,0.0,nan,nan,False,0,NO_FINGER,0,,0,,,,,0,53,10,30,60,0.9990180178555339,0.24494897427831783
2026-08-31T20:57:53.433,121112687,P003,finger_reposition,TRANSITION,,,,129,664497,4266,3906,nan,nan,nan,nan,nan,nan,False,False,nan,False,0.0,nan,nan,False,0,NO_FINGER,0,,0,,,,,0,53,10,30,60,0.9990180178555339,0.24494897427831783
2026-08-31T20:57:53.439,121112687,P003,finger_reposition,TRANSITION,,,,130,664537,3624,3382,nan,nan,nan,nan,nan,nan,False,False,nan,False,0.0,nan,nan,False,0,NO_FINGER,0,,0,,,,,0,53,10,30,60,0.9990180178555339,0.24494897427831783
2026-08-31T20:57:53.469,121112718,P003,finger_reposition,TRANSITION,,,,131,664577,3272,3096,nan,nan,nan,nan,nan,nan,False,False,nan,False,0.0,nan,nan,False,0,NO_FINGER,0,,0,,,,,0,53,10,30,60,0.9990180178555339,0.24494897427831783
2026-08-31T20:57:53.616,121112859,P003,finger_reposition,TRANSITION,,,,132,664617,3039,2875,nan,nan,nan,nan,nan,nan,False,False,nan,False,0.0,nan,nan,False,0,NO_FINGER,0,,0,,,,,0,53,10,30,60,0.9992342067803723,0.24494897427831783
2026-08-31T20:57:53.627,121112875,P003,finger_reposition,TRANSITION,,,,133,664657,3028,2852,nan,nan,nan,nan,nan,nan,False,False,nan,False,0.0,nan,nan,False,0,NO_FINGER,0,,0,,,,,0,53,10,30,60,0.9992342067803723,0.24494897427831783
2026-08-31T20:57:53.635,121112890,P003,finger_reposition,TRANSITION,,,,134,664697,2972,2856,nan,nan,nan,nan,nan,nan,False,False,nan,False,0.0,nan,nan,False,0,NO_FINGER,0,,0,,,,,0,53,10,30,60,0.9992342067803723,0.24494897427831783
2026-08-31T20:57:53.637,121112890,P003,finger_reposition,TRANSITION,,,,135,664737,3135,2984,nan,nan,nan,nan,nan,nan,False,False,nan,False,0.0,nan,nan,False,0,NO_FINGER,0,,0,,,,,0,53,10,30,60,0.9992342067803723,0.24494897427831783
2026-08-31T20:57:53.669,121112921,P003,finger_reposition,TRANSITION,,,,136,664777,3289,3155,nan,nan,nan,nan,nan,nan,False,False,nan,False,0.0,nan,nan,False,0,NO_FINGER,0,,0,,,,,0,53,10,30,60,0.9992342067803723,0.24494897427831783
2026-08-31T20:57:53.818,121113062,P003,finger_reposition,TRANSITION,,,,137,664817,3505,3376,nan,nan,nan,nan,nan,nan,False,False,nan,False,0.0,nan,nan,False,0,NO_FINGER,0,,0,,,,,0,53,10,30,60,0.9987852622060459,0.17320508075688776
2026-08-31T20:57:53.828,121113078,P003,finger_reposition,TRANSITION,,,,138,664857,3774,3619,nan,nan,nan,nan,nan,nan,False,False,nan,False,0.0,nan,nan,False,0,NO_FINGER,0,,0,,,,,0,53,10,30,60,0.9987852622060459,0.17320508075688776
2026-08-31T20:57:53.836,121113093,P003,finger_reposition,TRANSITION,,,,139,664897,4016,3933,nan,nan,nan,nan,nan,nan,False,False,nan,False,0.0,nan,nan,False,0,NO_FINGER,0,,0,,,,,0,53,10,30,60,0.9987852622060459,0.17320508075688776
2026-08-31T20:57:53.840,121113093,P003,finger_reposition,TRANSITION,,,,140,664937,4456,4391,nan,nan,nan,nan,nan,nan,False,False,nan,False,0.0,nan,nan,False,0,NO_FINGER,0,,0,,,,,0,53,10,30,60,0.9987852622060459,0.17320508075688776
2026-08-31T20:57:53.869,121113125,P003,finger_reposition,TRANSITION,,,,141,664977,4909,4846,nan,nan,nan,nan,nan,nan,False,False,nan,False,0.0,nan,nan,False,0,NO_FINGER,0,,0,,,,,0,53,10,30,60,0.9987852622060459,0.17320508075688776
2026-08-31T20:57:54.015,121113265,P003,finger_reposition,TRANSITION,,,,142,665017,5448,5283,nan,nan,nan,nan,nan,nan,False,False,nan,False,0.0,nan,nan,False,0,NO_FINGER,0,,0,,,,,0,53,10,30,60,0.9994668578797398,0.24494897427831783
2026-08-31T20:57:54.024,121113281,P003,finger_reposition,TRANSITION,,,,143,665057,5656,5544,nan,nan,nan,nan,nan,nan,False,False,nan,False,0.0,nan,nan,False,0,NO_FINGER,0,,0,,,,,0,53,10,30,60,0.9994668578797398,0.24494897427831783
2026-08-31T20:57:54.032,121113281,P003,finger_reposition,TRANSITION,,,,144,665097,5911,5724,nan,nan,nan,nan,nan,nan,False,False,nan,False,0.0,nan,nan,False,0,NO_FINGER,0,,0,,,,,0,53,10,30,60,0.9994668578797398,0.24494897427831783
2026-08-31T20:57:54.039,121113296,P003,finger_reposition,TRANSITION,,,,145,665137,6315,6087,nan,nan,nan,nan,nan,nan,False,False,nan,False,0.0,nan,nan,False,0,NO_FINGER,0,,0,,,,,0,53,10,30,60,0.9994668578797398,0.24494897427831783
2026-08-31T20:57:54.069,121113312,P003,finger_reposition,TRANSITION,,,,146,665177,6564,6312,nan,nan,nan,nan,nan,nan,False,False,nan,False,0.0,nan,nan,False,0,NO_FINGER,0,,0,,,,,0,53,10,30,60,0.9994668578797398,0.24494897427831783
2026-08-31T20:57:54.216,121113468,P003,finger_reposition,TRANSITION,,,,147,665217,6689,6444,nan,nan,nan,nan,nan,nan,False,False,nan,False,0.0,nan,nan,False,0,NO_FINGER,0,,0,,,,,0,53,10,30,60,0.9992342067803723,0.24494897427831783
2026-08-31T20:57:54.233,121113484,P003,finger_reposition,TRANSITION,,,,148,665257,6639,6388,nan,nan,nan,nan,nan,nan,False,False,nan,False,0.0,nan,nan,False,0,NO_FINGER,0,,0,,,,,0,53,10,30,60,0.9992342067803723,0.24494897427831783
2026-08-31T20:57:54.237,121113484,P003,finger_reposition,TRANSITION,,,,149,665297,6439,6229,nan,nan,nan,nan,nan,nan,False,False,nan,False,0.0,nan,nan,False,0,NO_FINGER,0,,0,,,,,0,53,10,30,60,0.9992342067803723,0.24494897427831783
2026-08-31T20:57:54.245,121113500,P003,finger_reposition,TRANSITION,,,,150,665337,6193,5996,nan,nan,nan,nan,nan,nan,False,False,nan,False,0.0,nan,nan,False,0,NO_FINGER,0,,0,,,,,0,53,10,30,60,0.9992342067803723,0.24494897427831783
2026-08-31T20:57:54.269,121113515,P003,finger_reposition,TRANSITION,,,,151,665377,6008,5819,nan,nan,nan,nan,nan,nan,False,False,nan,False,0.0,nan,nan,False,0,NO_FINGER,0,,0,,,,,0,53,10,30,60,0.9992342067803723,0.24494897427831783
2026-08-31T20:57:54.416,121113671,P003,finger_reposition,TRANSITION,,,,152,665417,6140,5977,nan,nan,nan,nan,nan,nan,False,False,nan,False,0.0,nan,nan,False,0,NO_FINGER,0,,0,,,,,0,53,10,30,60,0.9990180178555339,0.30000000000000004
2026-08-31T20:57:54.425,121113671,P003,finger_reposition,TRANSITION,,,,153,665457,6288,6105,nan,nan,nan,nan,nan,nan,False,False,nan,False,0.0,nan,nan,False,0,NO_FINGER,0,,0,,,,,0,53,10,30,60,0.9990180178555339,0.30000000000000004
2026-08-31T20:57:54.435,121113687,P003,finger_reposition,TRANSITION,,,,154,665497,6258,6064,nan,nan,nan,nan,nan,nan,False,False,nan,False,0.0,nan,nan,False,0,NO_FINGER,0,,0,,,,,0,53,10,30,60,0.9990180178555339,0.30000000000000004
2026-08-31T20:57:54.441,121113687,P003,finger_reposition,TRANSITION,,,,155,665537,5839,5635,nan,nan,nan,nan,nan,nan,False,False,nan,False,0.0,nan,nan,False,0,NO_FINGER,0,,0,,,,,0,53,10,30,60,0.9990180178555339,0.30000000000000004
2026-08-31T20:57:54.469,121113718,P003,finger_reposition,TRANSITION,,,,156,665577,5327,5103,nan,nan,nan,nan,nan,nan,False,False,nan,False,0.0,nan,nan,False,0,NO_FINGER,0,,0,,,,,0,53,10,30,60,0.9990180178555339,0.30000000000000004
2026-08-31T20:57:54.616,121113875,P003,finger_reposition,TRANSITION,,,,157,665617,5312,5025,nan,nan,nan,nan,nan,nan,False,False,nan,False,0.0,nan,nan,False,0,NO_FINGER,0,,0,,,,,0,53,10,30,60,0.9992342067803723,0.24494897427831783
2026-08-31T20:57:54.624,121113875,P003,finger_reposition,TRANSITION,,,,158,665657,5561,5134,nan,nan,nan,nan,nan,nan,False,False,nan,False,0.0,nan,nan,False,0,NO_FINGER,0,,0,,,,,0,53,10,30,60,0.9992342067803723,0.24494897427831783
2026-08-31T20:57:54.631,121113875,P003,finger_reposition,TRANSITION,,,,159,665697,6035,5429,nan,nan,nan,nan,nan,nan,False,False,nan,False,0.0,nan,nan,False,0,NO_FINGER,0,,0,,,,,0,53,10,30,60,0.9992342067803723,0.24494897427831783
2026-08-31T20:57:54.641,121113890,P003,finger_reposition,TRANSITION,,,,160,665737,7279,6454,nan,nan,nan,nan,nan,nan,False,False,nan,False,0.0,nan,nan,False,0,NO_FINGER,0,,0,,,,,0,53,10,30,60,0.9992342067803723,0.24494897427831783
2026-08-31T20:57:54.670,121113921,P003,finger_reposition,TRANSITION,,,,161,665777,11340,9955,nan,nan,nan,nan,nan,nan,False,False,nan,False,0.0,nan,nan,False,0,NO_FINGER,0,,0,,,,,0,53,10,30,60,0.9992342067803723,0.24494897427831783
2026-08-31T20:57:54.816,121114062,P003,finger_reposition,TRANSITION,,,,162,665817,31477,25673,nan,nan,nan,nan,nan,nan,False,False,nan,False,0.0,nan,nan,False,0,NO_FINGER,0,,0,,,,,0,53,10,30,60,0.9994668578797398,0.24494897427831783
2026-08-31T20:57:54.825,121114078,P003,finger_reposition,TRANSITION,,,,163,665857,80592,70208,80592.0,70208.0,0.0,0.0,0.0,0.0,False,False,nan,True,0.0,nan,nan,False,0,NO_FINGER,0,,0,,,,,0,53,10,30,60,0.9994668578797398,0.24494897427831783
2026-08-31T20:57:54.836,121114093,P003,finger_reposition,TRANSITION,,,,164,665897,104121,105786,81062.58,70919.56,23058.42,34866.44,8716.61,174.33,False,False,nan,True,0.075,nan,nan,False,0,NO_FINGER,0,,0,,,,,0,53,10,30,60,0.9994668578797398,0.24494897427831783
2026-08-31T20:57:54.844,121114093,P003,finger_reposition,TRANSITION,,,,165,665937,106300,110823,81567.33,71717.63,24732.67,39105.37,16313.8,497.12,False,False,nan,True,0.075,nan,nan,False,0,NO_FINGER,0,,0,,,,,0,53,10,30,60,0.9994668578797398,0.24494897427831783
2026-08-31T20:57:54.872,121114125,P003,finger_reposition,TRANSITION,,,,166,665977,107516,113539,82086.3,72554.06,25429.7,40984.94,22481.58,936.81,False,False,nan,True,0.075,nan,nan,False,0,NO_FINGER,0,,0,,,,,0,53,10,30,60,0.9994668578797398,0.24494897427831783
2026-08-31T20:57:55.018,121114265,P003,finger_reposition,TRANSITION,,,,167,666017,107995,114574,82604.48,73394.46,25390.52,41179.54,27156.07,1461.2,False,False,nan,True,0.075,nan,nan,False,0,COLLECTING,0,,0,,,,,0,53,10,30,60,0.9992342067803723,0.24494897427831783
2026-08-31T20:57:55.031,121114281,P003,finger_reposition,TRANSITION,,,,168,666057,108110,114753,83114.59,74221.63,24995.41,40531.37,30499.9,2041.97,False,False,nan,True,0.075,nan,nan,False,0,COLLECTING,0,,0,,,,,0,53,10,30,60,0.9992342067803723,0.24494897427831783
2026-08-31T20:57:55.042,121114296,P003,finger_reposition,TRANSITION,,,,169,666097,108113,114919,83614.55,75035.58,24498.45,39883.42,32845.78,2658.05,False,False,nan,True,0.075,nan,nan,False,0,COLLECTING,0,,0,,,,,0,53,10,30,60,0.9992342067803723,0.24494897427831783
2026-08-31T20:57:55.051,121114296,P003,finger_reposition,TRANSITION,,,,170,666137,108118,115016,84104.62,75835.19,24013.38,39180.81,34429.54,3293.48,False,False,nan,True,0.075,nan,nan,False,0,COLLECTING,0,,0,,,,,0,53,10,30,60,0.9992342067803723,0.24494897427831783
2026-08-31T20:57:55.075,121114328,P003,finger_reposition,TRANSITION,,,,171,666177,108209,115291,84586.71,76624.3,23622.29,38666.7,35488.82,3937.38,False,False,nan,True,0.075,nan,nan,False,0,COLLECTING,0,,0,,,,,0,53,10,30,60,0.9992342067803723,0.24494897427831783
2026-08-31T20:57:55.218,121114468,P003,finger_reposition,TRANSITION,,,,172,666217,108256,115418,85060.09,77400.18,23195.91,38017.82,36121.07,4581.06,False,False,nan,True,0.075,nan,nan,False,0,COLLECTING,0,,0,,,,,0,53,10,30,60,0.9994668578797398,0.30000000000000004
2026-08-31T20:57:55.229,121114484,P003,finger_reposition,TRANSITION,,,,173,666257,108391,115736,85526.71,78166.9,22864.29,37569.1,36483.08,5219.1,False,False,nan,True,0.075,nan,nan,False,0,COLLECTING,0,,0,,,,,0,53,10,30,60,0.9994668578797398,0.30000000000000004
2026-08-31T20:57:55.239,121114484,P003,finger_reposition,TRANSITION,,,,174,666297,108547,116139,85987.12,78926.34,22559.88,37212.66,36665.48,5848.02,False,False,nan,True,0.075,nan,nan,False,0,COLLECTING,0,,0,,,,,0,53,10,30,60,0.9994668578797398,0.30000000000000004
2026-08-31T20:57:55.248,121114500,P003,finger_reposition,TRANSITION,,,,175,666337,108591,116225,86439.2,79672.32,22151.8,36552.68,36637.28,6463.81,True,True,nan,True,0.075,nan,nan,False,0,COLLECTING,0,,0,,,,,0,53,10,30,60,0.9994668578797398,0.30000000000000004
2026-08-31T20:57:55.272,121114515,P003,finger_reposition,TRANSITION,,,,176,666377,108609,116264,86882.59,80404.16,21726.41,35859.84,36442.92,7063.39,False,False,nan,True,0.075,nan,nan,False,0,COLLECTING,0,,0,,,,,0,53,10,30,60,0.9994668578797398,0.30000000000000004
2026-08-31T20:57:55.418,121114671,P003,finger_reposition,TRANSITION,,,,177,666417,108637,116364,87317.68,81123.35,21319.32,35240.65,36142.35,7644.97,False,False,nan,True,0.075,nan,nan,False,0,COLLECTING,0,,0,,,,,0,53,10,30,60,0.9994668578797398,0.24494897427831783
2026-08-31T20:57:55.429,121114687,P003,finger_reposition,TRANSITION,,,,178,666457,108718,116516,87745.69,81831.2,20972.31,34684.8,35777.96,8207.63,False,False,nan,True,0.075,nan,nan,False,0,COLLECTING,0,,0,,,,,0,53,10,30,60,0.9994668578797398,0.24494897427831783
2026-08-31T20:57:55.440,121114687,P003,finger_reposition,TRANSITION,,,,179,666497,108702,116504,88164.81,82524.66,20537.19,33979.34,35328.3,8750.04,False,False,nan,True,0.075,nan,nan,False,0,COLLECTING,0,,0,,,,,0,53,10,30,60,0.9994668578797398,0.24494897427831783
2026-08-31T20:57:55.448,121114703,P003,finger_reposition,TRANSITION,,,,180,666537,108794,116731,88577.4,83208.78,20216.6,33522.22,34876.78,9272.58,False,False,nan,True,0.075,nan,nan,False,0,COLLECTING,0,,0,,,,,0,53,10,30,60,0.9994668578797398,0.24494897427831783
2026-08-31T20:57:55.476,121114734,P003,finger_reposition,TRANSITION,,,,181,666577,108828,116761,88982.41,83879.83,19845.59,32881.17,34377.88,9774.69,False,False,nan,True,0.075,nan,nan,False,0,COLLECTING,0,,0,,,,,0,53,10,30,60,0.9994668578797398,0.24494897427831783
2026-08-31T20:57:55.618,121114875,P003,finger_reposition,TRANSITION,,,,182,666617,108678,116409,89376.33,84530.41,19301.67,31878.59,33753.05,10254.25,False,False,nan,True,0.075,nan,nan,False,0,COLLECTING,0,,0,,,,,0,53,10,30,60,0.9992342067803723,0.24494897427831783
2026-08-31T20:57:55.629,121114875,P003,finger_reposition,TRANSITION,,,,183,666657,108656,116405,89761.92,85167.91,18894.08,31237.09,33124.06,10711.65,False,False,nan,True,0.075,nan,nan,False,0,COLLECTING,0,,0,,,,,0,53,10,30,60,0.9992342067803723,0.24494897427831783
2026-08-31T20:57:55.636,121114890,P003,finger_reposition,TRANSITION,,,,184,666697,108757,116716,90141.82,85798.87,18615.18,30917.13,32572.33,11148.86,False,False,nan,True,0.075,nan,nan,False,0,COLLECTING,0,,0,,,,,0,53,10,30,60,0.9992342067803723,0.24494897427831783
2026-08-31T20:57:55.649,121114906,P003,finger_reposition,TRANSITION,,,,185,666737,108910,117097,90517.19,86424.83,18392.81,30672.17,32097.29,11567.83,False,False,nan,True,0.075,nan,nan,False,0,COLLECTING,0,,0,,,,,0,53,10,30,60,0.9992342067803723,0.24494897427831783
2026-08-31T20:57:55.673,121114921,P003,finger_reposition,TRANSITION,,,,186,666777,108990,117330,90886.64,87042.93,18103.36,30287.07,31644.74,11969.37,False,False,nan,True,0.075,nan,nan,False,0,COLLECTING,0,,0,,,,,0,53,10,30,60,0.9992342067803723,0.24494897427831783
2026-08-31T20:57:55.818,121115062,P003,finger_reposition,TRANSITION,,,,187,666817,109058,117542,91250.07,87652.91,17807.93,29889.09,31205.82,12354.1,False,False,nan,True,0.075,nan,nan,False,0,COLLECTING,0,,0,,,,,0,53,10,30,60,0.9994668578797398,0.17320508075688776
2026-08-31T20:57:55.829,121115078,P003,finger_reposition,TRANSITION,,,,188,666857,109056,117603,91606.19,88251.91,17449.81,29351.09,30742.14,12721.86,False,False,nan,True,0.075,nan,nan,False,0,COLLECTING,0,,0,,,,,0,53,10,30,60,0.9994668578797398,0.17320508075688776
2026-08-31T20:57:55.840,121115093,P003,finger_reposition,TRANSITION,,,,189,666897,109004,117582,91954.14,88838.52,17049.86,28743.48,30242.48,13072.27,False,False,nan,True,0.075,nan,nan,False,0,COLLECTING,0,,0,,,,,0,53,10,30,60,0.9994668578797398,0.17320508075688776
2026-08-31T20:57:55.850,121115093,P003,finger_reposition,TRANSITION,,,,190,666937,108972,117572,92294.5,89413.19,16677.5,28158.81,29721.56,13405.26,False,False,nan,True,0.075,nan,nan,False,0,COLLECTING,0,,0,,,,,0,53,10,30,60,0.9994668578797398,0.17320508075688776
2026-08-31T20:57:55.873,121115125,P003,finger_reposition,TRANSITION,,,,191,666977,108995,117672,92628.51,89978.37,16366.49,27693.63,29214.58,13721.44,False,False,nan,True,0.075,nan,nan,False,0,COLLECTING,0,,0,,,,,0,53,10,30,60,0.9994668578797398,0.17320508075688776
2026-08-31T20:57:56.018,121115265,P003,finger_reposition,TRANSITION,,,,192,667017,109024,117792,92956.41,90534.64,16067.59,27257.36,28725.27,14021.52,False,False,nan,True,0.075,nan,nan,False,0,COLLECTING,0,,0,,,,,0,53,10,30,60,0.9992342067803723,0.24494897427831783
2026-08-31T20:57:56.029,121115281,P003,finger_reposition,TRANSITION,,,,193,667057,109083,117952,93278.95,91082.98,15804.05,26869.02,28261.21,14306.31,False,False,nan,True,0.075,nan,nan,False,0,COLLECTING,0,,0,,,,,0,53,10,30,60,0.9992342067803723,0.24494897427831783
2026-08-31T20:57:56.039,121115296,P003,finger_reposition,TRANSITION,,,,194,667097,109109,118044,93595.55,91622.2,15513.45,26421.8,27801.36,14576.21,False,False,nan,True,0.075,nan,nan,False,0,COLLECTING,0,,0,,,,,0,53,10,30,60,0.9992342067803723,0.24494897427831783
2026-08-31T20:57:56.049,121115296,P003,finger_reposition,TRANSITION,,,,195,667137,109114,118058,93905.91,92150.92,15208.09,25907.08,27327.79,14831.25,False,False,nan,True,0.075,nan,nan,False,0,COLLECTING,0,,0,,,,,0,53,10,30,60,0.9992342067803723,0.24494897427831783
2026-08-31T20:57:56.075,121115328,P003,finger_reposition,TRANSITION,,,,196,667177,109128,118106,94210.36,92670.02,14917.64,25435.98,26854.83,15071.72,False,False,nan,True,0.075,nan,nan,False,0,COLLECTING,0,,0,,,,,0,53,10,30,60,0.9992342067803723,0.24494897427831783
2026-08-31T20:57:56.218,121115468,P003,finger_reposition,TRANSITION,,,,197,667217,109118,118104,94508.52,93178.7,14609.48,24925.3,26372.45,15297.73,False,False,nan,True,0.075,nan,nan,False,0,COLLECTING,0,,0,,,,,0,53,10,30,60,0.9992342067803723,0.17320508075688776
2026-08-31T20:57:56.231,121115484,P003,finger_reposition,TRANSITION,,,,198,667257,109124,118133,94800.83,93677.79,14323.17,24455.21,25893.14,15509.64,False,False,nan,True,0.075,nan,nan,False,0,COLLECTING,0,,0,,,,,0,53,10,30,60,0.9992342067803723,0.17320508075688776
2026-08-31T20:57:56.237,121115484,P003,finger_reposition,TRANSITION,,,,199,667297,109122,118154,95087.25,94167.31,14034.75,23986.69,25416.53,15707.78,False,False,nan,True,0.075,nan,nan,False,0,COLLECTING,0,,0,,,,,0,53,10,30,60,0.9992342067803723,0.17320508075688776
2026-08-31T20:57:56.250,121115500,P003,finger_reposition,TRANSITION,,,,200,667337,109054,117984,95366.59,94643.65,13687.41,23340.35,24897.48,15891.57,False,False,nan,True,0.075,nan,nan,False,0,COLLECTING,0,,0,,,,,0,53,10,30,60,0.9992342067803723,0.17320508075688776
2026-08-31T20:57:56.272,121115515,P003,finger_reposition,TRANSITION,,,,201,667377,108869,117560,95636.63,95101.98,13232.37,22458.02,24287.62,16059.49,False,False,nan,True,0.075,nan,nan,False,0,COLLECTING,0,,0,,,,,0,53,10,30,60,0.9992342067803723,0.17320508075688776
2026-08-31T20:57:56.418,121115671,P003,finger_reposition,TRANSITION,,,,202,667417,108656,117026,95897.02,95540.45,12758.98,21485.55,23587.1,16210.04,False,False,nan,True,0.075,nan,nan,False,0,COLLECTING,0,,0,,,,,0,53,10,30,60,1.0000969952959562,0.24494897427831783
2026-08-31T20:57:56.433,121115687,P003,finger_reposition,TRANSITION,,,,203,667457,108488,116631,96148.84,95962.27,12339.16,20668.73,22857.51,16342.99,False,False,nan,True,0.075,nan,nan,False,0,COLLECTING,0,,0,,,,,0,53,10,30,60,1.0000969952959562,0.24494897427831783
2026-08-31T20:57:56.443,121115687,P003,finger_reposition,TRANSITION,,,,204,667497,108458,116582,96395.02,96374.66,12062.98,20207.34,22194.97,16460.03,False,False,nan,True,0.075,nan,nan,False,0,COLLECTING,0,,0,,,,,0,53,10,30,60,1.0000969952959562,0.24494897427831783
2026-08-31T20:57:56.450,121115703,P003,finger_reposition,TRANSITION,,,,205,667537,108474,116619,96636.6,96779.55,11837.4,19839.45,21606.09,16562.96,False,False,nan,True,0.075,nan,nan,False,0,COLLECTING,0,,0,,,,,0,53,10,30,60,1.0000969952959562,0.24494897427831783
2026-08-31T20:57:56.472,121115718,P003,finger_reposition,TRANSITION,,,,206,667577,108506,116722,96873.99,97178.4,11632.01,19543.6,21090.47,16653.51,False,False,nan,True,0.075,nan,nan,False,0,COLLECTING,0,,0,,,,,0,53,10,30,60,1.0000969952959562,0.24494897427831783
2026-08-31T20:57:56.619,121115875,P003,finger_reposition,TRANSITION,,,,207,667617,108525,116779,97107.02,97570.41,11417.98,19208.59,20620.0,16732.84,False,False,nan,True,0.075,nan,nan,False,0,COLLECTING,0,,0,,,,,0,53,10,30,60,0.9992342067803723,0.17320508075688776
2026-08-31T20:57:56.629,121115875,P003,finger_reposition,TRANSITION,,,,208,667657,108495,116733,97334.77,97953.66,11160.23,18779.34,20159.83,16801.38,False,False,nan,True,0.075,nan,nan,False,0,COLLECTING,0,,0,,,,,0,53,10,30,60,0.9992342067803723,0.17320508075688776
2026-08-31T20:57:56.640,121115890,P003,finger_reposition,TRANSITION,,,,209,667697,108498,116735,97558.04,98329.29,10939.96,18405.71,19721.3,16859.77,False,False,nan,True,0.075,nan,nan,False,0,COLLECTING,0,,0,,,,,0,53,10,30,60,0.9992342067803723,0.17320508075688776
2026-08-31T20:57:56.649,121115906,P003,finger_reposition,TRANSITION,,,,210,667737,108475,116711,97776.38,98696.92,10698.62,18014.08,19294.5,16908.47,False,False,nan,True,0.075,nan,nan,False,0,COLLECTING,0,,0,,,,,0,53,10,30,60,0.9992342067803723,0.17320508075688776
2026-08-31T20:57:56.673,121115921,P003,finger_reposition,TRANSITION,,,,211,667777,108502,116786,97990.89,99058.7,10511.11,17727.3,18902.7,16948.35,False,False,nan,True,0.075,nan,nan,False,0,COLLECTING,0,,0,,,,,0,53,10,30,60,0.9992342067803723,0.17320508075688776
2026-08-31T20:57:56.819,121116062,P003,finger_reposition,TRANSITION,,,,212,667817,108540,116890,98201.88,99415.33,10338.12,17474.67,18545.69,16980.3,False,False,nan,True,0.075,nan,nan,False,0,COLLECTING,0,,0,,,,,0,53,10,30,60,0.9992342067803723,0.24494897427831783
2026-08-31T20:57:56.829,121116078,P003,finger_reposition,TRANSITION,,,,213,667857,108614,117085,98410.12,99768.72,10203.88,17316.28,18238.34,17005.46,False,False,nan,True,0.075,nan,nan,False,0,COLLECTING,0,,0,,,,,0,53,10,30,60,0.9992342067803723,0.24494897427831783
2026-08-31T20:57:56.837,121116093,P003,finger_reposition,TRANSITION,,,,214,667897,108688,117252,98615.67,100118.38,10072.33,17133.62,17962.16,17024.6,False,False,nan,True,0.075,nan,nan,False,0,COLLECTING,0,,0,,,,,0,53,10,30,60,0.9992342067803723,0.24494897427831783
2026-08-31T20:57:56.849,121116093,P003,finger_reposition,TRANSITION,,,,215,667937,108701,117312,98817.38,100462.26,9883.62,16849.74,17684.05,17037.79,False,False,nan,True,0.075,nan,nan,False,0,COLLECTING,0,,0,,,,,0,53,10,30,60,0.9992342067803723,0.24494897427831783
2026-08-31T20:57:56.872,121116125,P003,finger_reposition,TRANSITION,,,,216,667977,108735,117392,99015.73,100800.85,9719.27,16591.15,17410.83,17045.25,False,False,nan,True,0.075,nan,nan,False,0,COLLECTING,0,,0,,,,,0,53,10,30,60,0.9992342067803723,0.24494897427831783
2026-08-31T20:57:57.018,121116265,P003,finger_reposition,TRANSITION,,,,217,668017,108718,117363,99209.77,101132.09,9508.23,16230.91,17115.85,17046.66,False,False,nan,True,0.075,nan,nan,False,0,COLLECTING,0,,0,,,,,0,53,10,30,60,0.9992342067803723,0.24494897427831783
2026-08-31T20:57:57.029,121116281,P003,finger_reposition,TRANSITION,,,,218,668057,108675,117266,99399.08,101454.77,9275.92,15811.23,16789.69,17041.52,False,False,nan,True,0.075,nan,nan,False,0,COLLECTING,0,,0,,,,,0,53,10,30,60,0.9992342067803723,0.24494897427831783
2026-08-31T20:57:57.037,121116281,P003,finger_reposition,TRANSITION,,,,219,668097,108658,117236,99584.26,101770.4,9073.74,15465.6,16458.67,17029.86,False,False,nan,True,0.075,nan,nan,False,0,COLLECTING,0,,0,,,,,0,53,10,30,60,0.9992342067803723,0.24494897427831783
2026-08-31T20:57:57.050,121116296,P003,finger_reposition,TRANSITION,,,,220,668137,108669,117281,99765.95,102080.61,8903.05,15200.39,16144.1,17012.15,False,False,nan,True,0.075,nan,nan,False,0,COLLECTING,0,,0,,,,,0,53,10,30,60,0.9992342067803723,0.24494897427831783
2026-08-31T20:57:57.075,121116328,P003,finger_reposition,TRANSITION,,,,221,668177,108565,117050,99941.94,102380.0,8623.06,14670.0,15775.57,16987.42,False,False,nan,True,0.075,nan,nan,False,0,COLLECTING,0,,0,,,,,0,53,10,30,60,0.9992342067803723,0.24494897427831783
2026-08-31T20:57:57.221,121116468,P003,finger_reposition,TRANSITION,,,,222,668217,108385,116625,100110.8,102664.9,8274.2,13960.1,15321.71,16954.1,False,False,nan,True,0.075,nan,nan,False,0,COLLECTING,0,,0,,,,,0,53,10,30,60,0.9992342067803723,0.24494897427831783
2026-08-31T20:57:57.232,121116484,P003,finger_reposition,TRANSITION,,,,223,668257,108349,116580,100275.56,102943.2,8073.44,13636.8,14900.48,16913.03,False,False,nan,True,0.075,nan,nan,False,0,COLLECTING,0,,0,,,,,0,53,10,30,60,0.9992342067803723,0.24494897427831783
2026-08-31T20:57:57.241,121116500,P003,finger_reposition,TRANSITION,,,,224,668297,108492,116934,100439.89,103223.02,8052.11,13710.98,14603.11,16866.83,False,False,nan,True,0.075,nan,nan,False,0,COLLECTING,0,,0,,,,,0,53,10,30,60,0.9992342067803723,0.24494897427831783
2026-08-31T20:57:57.250,121116500,P003,finger_reposition,TRANSITION,,,,225,668337,108636,117365,100603.81,103505.85,8032.19,13859.15,14417.12,16817.84,False,False,nan,True,0.075,nan,nan,False,0,COLLECTING,0,,0,,,,,0,53,10,30,60,0.9992342067803723,0.24494897427831783
2026-08-31T20:57:57.272,121116515,P003,finger_reposition,TRANSITION,,,,226,668377,108744,117673,100766.62,103789.2,7977.38,13883.8,14283.79,16767.15,False,False,nan,True,0.075,nan,nan,False,0,COLLECTING,0,,0,,,,,0,53,10,30,60,0.9992342067803723,0.24494897427831783
2026-08-31T20:57:57.417,121116671,P003,finger_reposition,TRANSITION,,,,227,668417,108777,117837,100926.83,104070.15,7850.17,13766.85,14154.55,16714.9,False,False,nan,True,0.075,nan,nan,False,0,COLLECTING,0,,0,,,,,0,53,10,30,60,0.9992342067803723,0.30000000000000004
2026-08-31T20:57:57.429,121116687,P003,finger_reposition,TRANSITION,,,,228,668457,108761,117893,101083.51,104346.6,7677.49,13546.4,14002.51,16660.65,False,False,nan,True,0.075,nan,nan,False,0,COLLECTING,0,,0,,,,,0,53,10,30,60,0.9992342067803723,0.30000000000000004
2026-08-31T20:57:57.440,121116687,P003,finger_reposition,TRANSITION,,,,229,668497,108706,117843,101235.96,104616.53,7470.04,13226.47,13808.5,16603.61,False,False,nan,True,0.075,nan,nan,False,0,COLLECTING,0,,0,,,,,0,53,10,30,60,0.9992342067803723,0.30000000000000004
2026-08-31T20:57:57.451,121116703,P003,finger_reposition,TRANSITION,,,,230,668537,108666,117823,101384.56,104880.66,7281.44,12942.34,13591.96,16543.38,False,False,nan,True,0.075,nan,nan,False,0,COLLECTING,0,,0,,,,,0,53,10,30,60,0.9992342067803723,0.30000000000000004
2026-08-31T20:57:57.473,121116718,P003,finger_reposition,TRANSITION,,,,231,668577,108648,117858,101529.83,105140.21,7118.17,12717.79,13373.42,16479.98,False,False,nan,True,0.075,nan,nan,False,0,COLLECTING,0,,0,,,,,0,53,10,30,60,0.9992342067803723,0.30000000000000004
2026-08-31T20:57:57.617,121116875,P003,finger_reposition,TRANSITION,,,,232,668617,108652,117930,101672.27,105396.01,6979.73,12533.99,13163.56,16413.65,False,False,nan,True,0.075,nan,nan,False,0,COLLECTING,0,,0,,,,,0,53,10,30,60,1.0003294457327545,0.17320508075688776
2026-08-31T20:57:57.629,121116875,P003,finger_reposition,TRANSITION,,,,233,668657,108715,118082,101813.12,105649.73,6901.88,12432.27,12980.74,16344.99,False,False,nan,True,0.075,nan,nan,False,0,COLLECTING,0,,0,,,,,0,53,10,30,60,1.0003294457327545,0.17320508075688776
2026-08-31T20:57:57.641,121116890,P003,finger_reposition,TRANSITION,,,,234,668697,108787,118254,101952.6,105901.81,6834.4,12352.19,12823.6,16274.57,False,False,nan,True,0.075,nan,nan,False,0,COLLECTING,0,,0,,,,,0,53,10,30,60,1.0003294457327545,0.17320508075688776
2026-08-31T20:57:57.651,121116906,P003,finger_reposition,TRANSITION,,,,235,668737,108839,118402,102090.33,106151.81,6748.67,12250.19,12680.25,16202.68,False,False,nan,True,0.075,nan,nan,False,0,COLLECTING,0,,0,,,,,0,53,10,30,60,1.0003294457327545,0.17320508075688776
2026-08-31T20:57:57.672,121116921,P003,finger_reposition,TRANSITION,,,,236,668777,108885,118517,102226.22,106399.12,6658.78,12117.88,12539.66,16129.42,False,False,nan,True,0.075,nan,nan,False,0,COLLECTING,0,,0,,,,,0,53,10,30,60,1.0003294457327545,0.17320508075688776
2026-08-31T20:57:57.818,121117062,P003,finger_reposition,TRANSITION,,,,237,668817,108910,118597,102359.89,106643.08,6550.11,11953.92,12393.22,16054.7,False,False,nan,True,0.075,nan,nan,False,0,COLLECTING,0,,0,,,,,0,53,10,30,60,0.9992342067803723,0.24494897427831783
2026-08-31T20:57:57.828,121117078,P003,finger_reposition,TRANSITION,,,,238,668857,108939,118678,102491.48,106883.77,6447.52,11794.23,12243.47,15978.47,False,False,nan,True,0.075,nan,nan,False,0,COLLECTING,0,,0,,,,,0,53,10,30,60,0.9992342067803723,0.24494897427831783
2026-08-31T20:57:57.841,121117093,P003,finger_reposition,TRANSITION,,,,239,668897,108936,118672,102620.37,107119.54,6315.63,11552.46,12070.72,15900.32,False,False,nan,True,0.075,nan,nan,False,0,COLLECTING,0,,0,,,,,0,53,10,30,60,0.9992342067803723,0.24494897427831783
2026-08-31T20:57:57.848,121117093,P003,finger_reposition,TRANSITION,,,,240,668937,108805,118364,102744.06,107344.43,6060.94,11019.57,11807.93,15818.47,False,False,nan,True,0.075,nan,nan,False,0,COLLECTING,0,,0,,,,,0,53,10,30,60,0.9992342067803723,0.24494897427831783
2026-08-31T20:57:57.873,121117125,P003,finger_reposition,TRANSITION,,,,241,668977,108218,117166,102853.54,107540.86,5364.46,9625.14,11262.24,15727.34,False,False,nan,True,0.075,nan,nan,False,0,COLLECTING,0,,0,,,,,0,53,10,30,60,0.9992342067803723,0.24494897427831783
2026-08-31T20:57:58.018,121117265,P003,finger_reposition,TRANSITION,,,,242,669017,94619,85111,102688.85,107092.27,-8069.85,-21981.27,2951.36,15471.82,False,False,nan,True,0.075,nan,nan,False,0,COLLECTING,0,,0,,,,,0,53,10,30,60,0.9992342067803723,0.17320508075688776
2026-08-31T20:57:58.026,121117281,P003,finger_reposition,TRANSITION,,,,243,669057,16485,14173,nan,nan,nan,nan,nan,nan,False,False,nan,False,0.0,nan,nan,False,0,COLLECTING,0,,0,,,,,0,53,10,30,60,0.9992342067803723,0.17320508075688776
2026-08-31T20:57:58.034,121117281,P003,finger_reposition,TRANSITION,,,,244,669097,7766,7019,nan,nan,nan,nan,nan,nan,False,False,nan,False,0.0,nan,nan,False,0,COLLECTING,0,,0,,,,,0,53,10,30,60,0.9992342067803723,0.17320508075688776
2026-08-31T20:57:58.043,121117296,P003,finger_reposition,TRANSITION,,,,245,669137,5228,4833,nan,nan,nan,nan,nan,nan,False,False,nan,False,0.0,nan,nan,False,0,COLLECTING,0,,0,,,,,0,53,10,30,60,0.9992342067803723,0.17320508075688776
2026-08-31T20:57:58.069,121117312,P003,finger_reposition,TRANSITION,,,,246,669177,4272,4058,nan,nan,nan,nan,nan,nan,False,False,nan,False,0.0,nan,nan,False,0,COLLECTING,0,,0,,,,,0,53,10,30,60,0.9992342067803723,0.17320508075688776
2026-08-31T20:57:58.215,121117468,P003,finger_reposition,TRANSITION,,,,247,669217,3721,3580,nan,nan,nan,nan,nan,nan,False,False,nan,False,0.0,nan,nan,False,0,NO_FINGER,0,,0,,,,,0,53,10,30,60,0.9992342067803723,0.24494897427831783
2026-08-31T20:57:58.225,121117468,P003,finger_reposition,TRANSITION,,,,248,669257,3340,3243,nan,nan,nan,nan,nan,nan,False,False,nan,False,0.0,nan,nan,False,0,NO_FINGER,0,,0,,,,,0,53,10,30,60,0.9992342067803723,0.24494897427831783
2026-08-31T20:57:58.232,121117484,P003,finger_reposition,TRANSITION,,,,249,669297,3068,2987,nan,nan,nan,nan,nan,nan,False,False,nan,False,0.0,nan,nan,False,0,NO_FINGER,0,,0,,,,,0,53,10,30,60,0.9992342067803723,0.24494897427831783
2026-08-31T20:57:58.240,121117484,P003,finger_reposition,TRANSITION,,,,250,669337,2829,2729,nan,nan,nan,nan,nan,nan,False,False,nan,False,0.0,nan,nan,False,0,NO_FINGER,0,,0,,,,,0,53,10,30,60,0.9992342067803723,0.24494897427831783
2026-08-31T20:57:58.280,121117531,P003,finger_reposition,TRANSITION,,,,251,669387,2718,2589,nan,nan,nan,nan,nan,nan,False,False,nan,False,0.0,nan,nan,False,0,NO_FINGER,0,,0,,,,,0,53,10,30,60,0.9992342067803723,0.24494897427831783
2026-08-31T20:57:58.416,121117671,P003,finger_reposition,TRANSITION,,,,252,669417,2737,2614,nan,nan,nan,nan,nan,nan,False,False,nan,False,0.0,nan,nan,False,0,NO_FINGER,0,,0,,,,,0,53,10,30,60,0.9992342067803723,0.24494897427831783
2026-08-31T20:57:58.426,121117671,P003,finger_reposition,TRANSITION,,,,253,669467,2750,2615,nan,nan,nan,nan,nan,nan,False,False,nan,False,0.0,nan,nan,False,0,NO_FINGER,0,,0,,,,,0,53,10,30,60,0.9992342067803723,0.24494897427831783
2026-08-31T20:57:58.434,121117687,P003,finger_reposition,TRANSITION,,,,254,669507,2769,2614,nan,nan,nan,nan,nan,nan,False,False,nan,False,0.0,nan,nan,False,0,NO_FINGER,0,,0,,,,,0,53,10,30,60,0.9992342067803723,0.24494897427831783
2026-08-31T20:57:58.441,121117687,P003,finger_reposition,TRANSITION,,,,255,669537,2795,2681,nan,nan,nan,nan,nan,nan,False,False,nan,False,0.0,nan,nan,False,0,NO_FINGER,0,,0,,,,,0,53,10,30,60,0.9992342067803723,0.24494897427831783
2026-08-31T20:57:58.479,121117734,P003,finger_reposition,TRANSITION,,,,256,669587,2801,2627,nan,nan,nan,nan,nan,nan,False,False,nan,False,0.0,nan,nan,False,0,NO_FINGER,0,,0,,,,,0,53,10,30,60,0.9992342067803723,0.24494897427831783
2026-08-31T20:57:58.616,121117875,P003,finger_reposition,TRANSITION,,,,257,669627,2802,2664,nan,nan,nan,nan,nan,nan,False,False,nan,False,0.0,nan,nan,False,0,NO_FINGER,0,,0,,,,,0,53,10,30,60,0.9992342067803723,0.30000000000000004
2026-08-31T20:57:58.624,121117875,P003,finger_reposition,TRANSITION,,,,258,669667,2795,2650,nan,nan,nan,nan,nan,nan,False,False,nan,False,0.0,nan,nan,False,0,NO_FINGER,0,,0,,,,,0,53,10,30,60,0.9992342067803723,0.30000000000000004
2026-08-31T20:57:58.633,121117890,P003,finger_reposition,TRANSITION,,,,259,669707,2780,2651,nan,nan,nan,nan,nan,nan,False,False,nan,False,0.0,nan,nan,False,0,NO_FINGER,0,,0,,,,,0,53,10,30,60,0.9992342067803723,0.30000000000000004
2026-08-31T20:57:58.639,121117890,P003,finger_reposition,TRANSITION,,,,260,669747,2755,2600,nan,nan,nan,nan,nan,nan,False,False,nan,False,0.0,nan,nan,False,0,NO_FINGER,0,,0,,,,,0,53,10,30,60,0.9992342067803723,0.30000000000000004
2026-08-31T20:57:58.679,121117937,P003,finger_reposition,TRANSITION,,,,261,669787,2739,2630,nan,nan,nan,nan,nan,nan,False,False,nan,False,0.0,nan,nan,False,0,NO_FINGER,0,,0,,,,,0,53,10,30,60,0.9992342067803723,0.30000000000000004
2026-08-31T20:57:58.816,121118062,P003,finger_reposition,TRANSITION,,,,262,669827,2719,2581,nan,nan,nan,nan,nan,nan,False,False,nan,False,0.0,nan,nan,False,0,NO_FINGER,0,,0,,,,,0,53,10,30,60,0.9994668578797398,0.17320508075688776
2026-08-31T20:57:58.826,121118078,P003,finger_reposition,TRANSITION,,,,263,669867,2711,2577,nan,nan,nan,nan,nan,nan,False,False,nan,False,0.0,nan,nan,False,0,NO_FINGER,0,,0,,,,,0,53,10,30,60,0.9994668578797398,0.17320508075688776
2026-08-31T20:57:58.834,121118078,P003,finger_reposition,TRANSITION,,,,264,669907,2666,2572,nan,nan,nan,nan,nan,nan,False,False,nan,False,0.0,nan,nan,False,0,NO_FINGER,0,,0,,,,,0,53,10,30,60,0.9994668578797398,0.17320508075688776
2026-08-31T20:57:58.837,121118093,P003,finger_reposition,TRANSITION,,,,265,669947,2675,2525,nan,nan,nan,nan,nan,nan,False,False,nan,False,0.0,nan,nan,False,0,NO_FINGER,0,,0,,,,,0,53,10,30,60,0.9994668578797398,0.17320508075688776
2026-08-31T20:57:58.880,121118125,P003,finger_reposition,TRANSITION,,,,266,669987,2699,2599,nan,nan,nan,nan,nan,nan,False,False,nan,False,0.0,nan,nan,False,0,NO_FINGER,0,,0,,,,,0,53,10,30,60,0.9994668578797398,0.17320508075688776
2026-08-31T20:57:59.017,121118265,P003,finger_reposition,TRANSITION,,,,267,670027,2731,2621,nan,nan,nan,nan,nan,nan,False,False,nan,False,0.0,nan,nan,False,0,NO_FINGER,0,,0,,,,,0,53,10,30,60,0.9994668578797398,0.24494897427831783
2026-08-31T20:57:59.026,121118281,P003,finger_reposition,TRANSITION,,,,268,670067,2790,2691,nan,nan,nan,nan,nan,nan,False,False,nan,False,0.0,nan,nan,False,0,NO_FINGER,0,,0,,,,,0,53,10,30,60,0.9994668578797398,0.24494897427831783
2026-08-31T20:57:59.034,121118281,P003,finger_reposition,TRANSITION,,,,269,670107,2870,2763,nan,nan,nan,nan,nan,nan,False,False,nan,False,0.0,nan,nan,False,0,NO_FINGER,0,,0,,,,,0,53,10,30,60,0.9994668578797398,0.24494897427831783
2026-08-31T20:57:59.038,121118281,P003,finger_reposition,TRANSITION,,,,270,670147,2936,2835,nan,nan,nan,nan,nan,nan,False,False,nan,False,0.0,nan,nan,False,0,NO_FINGER,0,,0,,,,,0,53,10,30,60,0.9994668578797398,0.24494897427831783
2026-08-31T20:57:59.088,121118343,P003,finger_reposition,TRANSITION,,,,271,670187,2973,2950,nan,nan,nan,nan,nan,nan,False,False,nan,False,0.0,nan,nan,False,0,NO_FINGER,0,,0,,,,,0,53,10,30,60,0.9994668578797398,0.24494897427831783
2026-08-31T20:57:59.215,121118468,P003,finger_reposition,TRANSITION,,,,272,670227,3037,2987,nan,nan,nan,nan,nan,nan,False,False,nan,False,0.0,nan,nan,False,0,NO_FINGER,0,,0,,,,,0,53,10,30,60,0.9992342067803723,0.17320508075688776
2026-08-31T20:57:59.224,121118468,P003,finger_reposition,TRANSITION,,,,273,670267,3002,2984,nan,nan,nan,nan,nan,nan,False,False,nan,False,0.0,nan,nan,False,0,NO_FINGER,0,,0,,,,,0,53,10,30,60,0.9992342067803723,0.17320508075688776
2026-08-31T20:57:59.231,121118484,P003,finger_reposition,TRANSITION,,,,274,670307,2990,2970,nan,nan,nan,nan,nan,nan,False,False,nan,False,0.0,nan,nan,False,0,NO_FINGER,0,,0,,,,,0,53,10,30,60,0.9992342067803723,0.17320508075688776
2026-08-31T20:57:59.239,121118484,P003,finger_reposition,TRANSITION,,,,275,670347,3045,3044,nan,nan,nan,nan,nan,nan,False,False,nan,False,0.0,nan,nan,False,0,NO_FINGER,0,,0,,,,,0,53,10,30,60,0.9992342067803723,0.17320508075688776
2026-08-31T20:57:59.279,121118531,P003,finger_reposition,TRANSITION,,,,276,670387,3114,3129,nan,nan,nan,nan,nan,nan,False,False,nan,False,0.0,nan,nan,False,0,NO_FINGER,0,,0,,,,,0,53,10,30,60,0.9992342067803723,0.17320508075688776
2026-08-31T20:57:59.417,121118671,P003,finger_reposition,TRANSITION,,,,277,670427,3181,3205,nan,nan,nan,nan,nan,nan,False,False,nan,False,0.0,nan,nan,False,0,NO_FINGER,0,,0,,,,,0,53,10,30,60,0.9992342067803723,0.30000000000000004
2026-08-31T20:57:59.424,121118671,P003,finger_reposition,TRANSITION,,,,278,670467,3305,3339,nan,nan,nan,nan,nan,nan,False,False,nan,False,0.0,nan,nan,False,0,NO_FINGER,0,,0,,,,,0,53,10,30,60,0.9992342067803723,0.30000000000000004
2026-08-31T20:57:59.436,121118687,P003,finger_reposition,TRANSITION,,,,279,670507,3682,3752,nan,nan,nan,nan,nan,nan,False,False,nan,False,0.0,nan,nan,False,0,NO_FINGER,0,,0,,,,,0,53,10,30,60,0.9992342067803723,0.30000000000000004
2026-08-31T20:57:59.438,121118687,P003,finger_reposition,TRANSITION,,,,280,670547,5195,5594,nan,nan,nan,nan,nan,nan,False,False,nan,False,0.0,nan,nan,False,0,NO_FINGER,0,,0,,,,,0,53,10,30,60,0.9992342067803723,0.30000000000000004
2026-08-31T20:57:59.479,121118734,P003,finger_reposition,TRANSITION,,,,281,670587,10241,11324,nan,nan,nan,nan,nan,nan,False,False,nan,False,0.0,nan,nan,False,0,NO_FINGER,0,,0,,,,,0,53,10,30,60,0.9992342067803723,0.30000000000000004
2026-08-31T20:57:59.616,121118875,P003,finger_reposition,TRANSITION,,,,282,670627,30125,30804,nan,nan,nan,nan,nan,nan,False,False,nan,False,0.0,nan,nan,False,0,NO_FINGER,0,,0,,,,,0,53,10,30,60,0.9992342067803723,0.30000000000000004
2026-08-31T20:57:59.624,121118875,P003,finger_reposition,TRANSITION,,,,283,670667,83162,81424,83162.0,81424.0,0.0,0.0,0.0,0.0,False,False,nan,True,0.0,nan,nan,False,0,NO_FINGER,0,,0,,,,,0,53,10,30,60,0.9992342067803723,0.30000000000000004
2026-08-31T20:57:59.634,121118890,P003,finger_reposition,TRANSITION,,,,284,670707,106860,104625,83635.96,81888.02,23224.04,22736.98,5684.24,113.68,False,False,nan,True,0.075,nan,nan,False,0,NO_FINGER,0,,0,,,,,0,53,10,30,60,0.9992342067803723,0.30000000000000004
2026-08-31T20:57:59.645,121118890,P003,finger_reposition,TRANSITION,,,,285,670747,109333,108617,84149.9,82422.6,25183.1,26194.4,10811.78,327.65,False,False,nan,True,0.075,nan,nan,False,0,NO_FINGER,0,,0,,,,,0,53,10,30,60,0.9992342067803723,0.30000000000000004
2026-08-31T20:57:59.683,121118937,P003,finger_reposition,TRANSITION,,,,286,670787,111051,112301,84687.92,83020.17,26363.08,29280.83,15429.04,629.67,False,False,nan,True,0.075,nan,nan,False,0,NO_FINGER,0,,0,,,,,0,53,10,30,60,0.9992342067803723,0.30000000000000004
2026-08-31T20:57:59.823,121119078,P003,finger_reposition,TRANSITION,,,,287,670827,112930,116040,85252.77,83680.57,27677.23,32359.43,19661.64,1010.31,False,False,nan,True,0.075,nan,nan,False,0,COLLECTING,0,,0,,,,,0,53,10,30,60,0.9992342067803723,0.24494897427831783
2026-08-31T20:57:59.830,121119078,P003,finger_reposition,TRANSITION,,,,288,670867,114323,118947,85834.17,84385.9,28488.83,34561.1,23386.51,1457.84,False,False,nan,True,0.075,nan,nan,False,0,COLLECTING,0,,0,,,,,0,53,10,30,60,0.9992342067803723,0.24494897427831783
2026-08-31T20:57:59.837,121119093,P003,finger_reposition,TRANSITION,,,,289,670907,115005,120998,86417.59,85118.14,28587.41,35879.86,26509.84,1958.88,False,False,nan,True,0.075,nan,nan,False,0,COLLECTING,0,,0,,,,,0,53,10,30,60,0.9992342067803723,0.24494897427831783
2026-08-31T20:57:59.848,121119093,P003,finger_reposition,TRANSITION,,,,290,670947,115436,121875,86997.95,85853.28,28438.05,36021.72,28887.81,2497.46,False,False,nan,True,0.075,nan,nan,False,0,COLLECTING,0,,0,,,,,0,53,10,30,60,0.9992342067803723,0.24494897427831783
2026-08-31T20:57:59.883,121119140,P003,finger_reposition,TRANSITION,,,,291,670987,115594,122267,87569.88,86581.55,28024.12,35685.45,30587.22,3059.25,False,False,nan,True,0.075,nan,nan,False,0,COLLECTING,0,,0,,,,,0,53,10,30,60,0.9992342067803723,0.24494897427831783
2026-08-31T20:58:00.019,121119265,P003,finger_reposition,TRANSITION,,,,292,671027,115647,122487,88131.41,87299.66,27515.59,35187.34,31737.25,3632.81,False,False,nan,True,0.075,nan,nan,False,0,COLLECTING,0,,0,,,,,0,53,10,30,60,0.9994668578797398,0.24494897427831783
2026-08-31T20:58:00.029,121119281,P003,finger_reposition,TRANSITION,,,,293,671067,115664,122571,88682.06,88005.09,26981.94,34565.91,32444.41,4209.04,False,False,nan,True,0.075,nan,nan,False,0,COLLECTING,0,,0,,,,,0,53,10,30,60,0.9994668578797398,0.24494897427831783
2026-08-31T20:58:00.037,121119281,P003,finger_reposition,TRANSITION,,,,294,671107,115656,122619,89221.54,88697.38,26434.46,33921.62,32813.72,4781.14,False,False,nan,True,0.075,nan,nan,False,0,COLLECTING,0,,0,,,,,0,53,10,30,60,0.9994668578797398,0.24494897427831783
2026-08-31T20:58:00.048,121119296,P003,finger_reposition,TRANSITION,,,,295,671147,115522,122272,89747.55,89368.87,25774.45,32903.13,32836.07,5342.24,False,False,nan,True,0.075,nan,nan,False,0,COLLECTING,0,,0,,,,,0,53,10,30,60,0.9994668578797398,0.24494897427831783
2026-08-31T20:58:00.084,121119328,P003,finger_reposition,TRANSITION,,,,296,671187,115334,121749,90259.27,90016.47,25074.73,31732.53,32560.19,5886.59,True,True,nan,True,0.075,nan,nan,False,0,COLLECTING,0,,0,,,,,0,53,10,30,60,0.9994668578797398,0.24494897427831783
2026-08-31T20:58:00.220,121119468,P003,finger_reposition,TRANSITION,,,,297,671227,115139,121409,90756.87,90644.32,24382.13,30764.68,32111.31,6411.09,False,False,nan,True,0.075,nan,nan,False,0,COLLECTING,0,,0,,,,,0,53,10,30,60,0.9992342067803723,0.30000000000000004
2026-08-31T20:58:00.231,121119484,P003,finger_reposition,TRANSITION,,,,298,671267,115124,121353,91244.21,91258.49,23879.79,30094.51,31607.11,6915.01,False,False,nan,True,0.075,nan,nan,False,0,COLLECTING,0,,0,,,,,0,53,10,30,60,0.9992342067803723,0.30000000000000004
2026-08-31T20:58:00.240,121119484,P003,finger_reposition,TRANSITION,,,,299,671307,115161,121442,91722.55,91862.16,23438.45,29579.84,31100.29,7398.71,False,False,nan,True,0.075,nan,nan,False,0,COLLECTING,0,,0,,,,,0,53,10,30,60,0.9992342067803723,0.30000000000000004
2026-08-31T20:58:00.249,121119500,P003,finger_reposition,TRANSITION,,,,300,671347,115265,121678,92193.4,92458.48,23071.6,29219.52,30630.1,7863.34,False,False,nan,True,0.075,nan,nan,False,0,COLLECTING,0,,0,,,,,0,53,10,30,60,0.9992342067803723,0.30000000000000004
2026-08-31T20:58:00.283,121119531,P003,finger_reposition,TRANSITION,,,,301,671387,115247,121774,92654.47,93044.8,22592.53,28729.2,30154.88,8309.17,False,False,nan,True,0.075,nan,nan,False,0,COLLECTING,0,,0,,,,,0,53,10,30,60,0.9992342067803723,0.30000000000000004
2026-08-31T20:58:00.419,121119671,P003,finger_reposition,TRANSITION,,,,302,671427,115276,121803,93106.9,93619.96,22169.1,28183.04,29661.92,8736.23,False,False,nan,True,0.075,nan,nan,False,0,COLLECTING,0,,0,,,,,0,53,10,30,60,0.9992342067803723,0.30000000000000004
2026-08-31T20:58:00.431,121119687,P003,finger_reposition,TRANSITION,,,,303,671467,115259,121770,93549.94,94182.96,21709.06,27587.04,29143.2,9144.37,False,False,nan,True,0.075,nan,nan,False,0,COLLECTING,0,,0,,,,,0,53,10,30,60,0.9992342067803723,0.30000000000000004
2026-08-31T20:58:00.438,121119687,P003,finger_reposition,TRANSITION,,,,304,671507,115261,121812,93984.16,94735.54,21276.84,27076.46,28626.51,9534.01,False,False,nan,True,0.075,nan,nan,False,0,COLLECTING,0,,0,,,,,0,53,10,30,60,0.9992342067803723,0.30000000000000004
2026-08-31T20:58:00.449,121119703,P003,finger_reposition,TRANSITION,,,,305,671547,115278,121903,94410.03,95278.89,20867.97,26624.11,28125.91,9905.85,False,False,nan,True,0.075,nan,nan,False,0,COLLECTING,0,,0,,,,,0,53,10,30,60,0.9992342067803723,0.30000000000000004
2026-08-31T20:58:00.482,121119734,P003,finger_reposition,TRANSITION,,,,306,671587,115321,121970,94828.25,95812.71,20492.75,26157.29,27633.76,10260.41,False,False,nan,True,0.075,nan,nan,False,0,COLLECTING,0,,0,,,,,0,53,10,30,60,0.9992342067803723,0.30000000000000004
2026-08-31T20:58:00.619,121119875,P003,finger_reposition,TRANSITION,,,,307,671627,115366,122069,95239.01,96337.84,20126.99,25731.16,27158.11,10598.36,False,False,nan,True,0.075,nan,nan,False,0,COLLECTING,0,,0,,,,,0,53,10,30,60,0.9992342067803723,0.24494897427831783
2026-08-31T20:58:00.629,121119875,P003,finger_reposition,TRANSITION,,,,308,671667,115380,122155,95641.83,96854.18,19738.17,25300.82,26693.79,10920.27,False,False,nan,True,0.075,nan,nan,False,0,COLLECTING,0,,0,,,,,0,53,10,30,60,0.9992342067803723,0.24494897427831783
2026-08-31T20:58:00.636,121119890,P003,finger_reposition,TRANSITION,,,,309,671707,115467,122289,96038.33,97362.88,19428.67,24926.12,26251.87,11226.9,False,False,nan,True,0.075,nan,nan,False,0,COLLECTING,0,,0,,,,,0,53,10,30,60,0.9992342067803723,0.24494897427831783
2026-08-31T20:58:00.650,121119906,P003,finger_reposition,TRANSITION,,,,310,671747,115479,122351,96427.14,97862.64,19051.86,24488.36,25810.99,11518.58,False,False,nan,True,0.075,nan,nan,False,0,COLLECTING,0,,0,,,,,0,53,10,30,60,0.9992342067803723,0.24494897427831783
2026-08-31T20:58:00.683,121119937,P003,finger_reposition,TRANSITION,,,,311,671787,115529,122453,96809.18,98354.45,18719.82,24098.55,25382.88,11795.87,False,False,nan,True,0.075,nan,nan,False,0,COLLECTING,0,,0,,,,,0,53,10,30,60,0.9992342067803723,0.24494897427831783
2026-08-31T20:58:00.818,121120062,P003,finger_reposition,TRANSITION,,,,312,671827,115548,122506,97183.95,98837.48,18364.05,23668.52,24954.29,12059.04,False,False,nan,True,0.075,nan,nan,False,0,COLLECTING,0,,0,,,,,0,53,10,30,60,0.9992342067803723,0.17320508075688776
2026-08-31T20:58:00.829,121120078,P003,finger_reposition,TRANSITION,,,,313,671867,115465,122409,97549.57,99308.91,17915.43,23100.09,24490.74,12307.67,False,False,nan,True,0.075,nan,nan,False,0,COLLECTING,0,,0,,,,,0,53,10,30,60,0.9992342067803723,0.17320508075688776
2026-08-31T20:58:00.837,121120093,P003,finger_reposition,TRANSITION,,,,314,671907,115301,121969,97904.6,99762.11,17396.4,22206.89,23919.78,12539.91,False,False,nan,True,0.075,nan,nan,False,0,COLLECTING,0,,0,,,,,0,53,10,30,60,0.9992342067803723,0.17320508075688776
2026-08-31T20:58:00.850,121120093,P003,finger_reposition,TRANSITION,,,,315,671947,115144,121667,98249.39,100200.21,16894.61,21466.79,23306.53,12755.25,False,False,nan,True,0.075,nan,nan,False,0,COLLECTING,0,,0,,,,,0,53,10,30,60,0.9992342067803723,0.17320508075688776
2026-08-31T20:58:00.882,121120140,P003,finger_reposition,TRANSITION,,,,316,671987,115180,121743,98588.0,100631.07,16592.0,21111.93,22757.88,12955.3,False,False,nan,True,0.075,nan,nan,False,0,COLLECTING,0,,0,,,,,0,53,10,30,60,0.9992342067803723,0.17320508075688776
2026-08-31T20:58:01.018,121120265,P003,finger_reposition,TRANSITION,,,,317,672027,115207,121827,98920.38,101054.99,16286.62,20772.01,22261.41,13141.42,False,False,nan,True,0.075,nan,nan,False,0,COLLECTING,0,,0,,,,,0,53,10,30,60,0.9992342067803723,0.17320508075688776
2026-08-31T20:58:01.030,121120281,P003,finger_reposition,TRANSITION,,,,318,672067,115226,121855,99246.49,101470.99,15979.51,20384.01,21792.06,13314.43,False,False,nan,True,0.075,nan,nan,False,0,COLLECTING,0,,0,,,,,0,53,10,30,60,0.9992342067803723,0.17320508075688776
2026-08-31T20:58:01.041,121120296,P003,finger_reposition,TRANSITION,,,,319,672107,115239,121961,99566.34,101880.79,15672.66,20080.21,21364.1,13475.43,False,False,nan,True,0.075,nan,nan,False,0,COLLECTING,0,,0,,,,,0,53,10,30,60,0.9992342067803723,0.17320508075688776
2026-08-31T20:58:01.051,121120296,P003,finger_reposition,TRANSITION,,,,320,672147,115280,122043,99880.62,102284.03,15399.38,19758.97,20962.82,13625.17,False,False,nan,True,0.075,nan,nan,False,0,COLLECTING,0,,0,,,,,0,53,10,30,60,0.9992342067803723,0.17320508075688776
2026-08-31T20:58:01.084,121120328,P003,finger_reposition,TRANSITION,,,,321,672187,115313,122121,100189.27,102680.77,15123.73,19440.23,20582.17,13764.31,False,False,nan,True,0.075,nan,nan,False,0,COLLECTING,0,,0,,,,,0,53,10,30,60,0.9992342067803723,0.17320508075688776
2026-08-31T20:58:01.219,121120468,P003,finger_reposition,TRANSITION,,,,322,672227,115312,122135,100491.72,103069.86,14820.28,19065.14,20202.91,13893.08,False,False,nan,True,0.075,nan,nan,False,0,COLLECTING,0,,0,,,,,0,53,10,30,60,0.9994668578797398,0.24494897427831783
2026-08-31T20:58:01.229,121120484,P003,finger_reposition,TRANSITION,,,,323,672267,115360,122242,100789.09,103453.3,14570.91,18788.7,19849.36,14012.21,False,False,nan,True,0.075,nan,nan,False,0,COLLECTING,0,,0,,,,,0,53,10,30,60,0.9994668578797398,0.24494897427831783
2026-08-31T20:58:01.241,121120500,P003,finger_reposition,TRANSITION,,,,324,672307,115370,122298,101080.7,103830.2,14289.3,18467.8,19503.97,14122.04,False,False,nan,True,0.075,nan,nan,False,0,COLLECTING,0,,0,,,,,0,53,10,30,60,0.9994668578797398,0.24494897427831783
2026-08-31T20:58:01.250,121120500,P003,finger_reposition,TRANSITION,,,,325,672347,115420,122398,101367.49,104201.55,14052.51,18196.45,19177.09,14223.15,False,False,nan,True,0.075,nan,nan,False,0,COLLECTING,0,,0,,,,,0,53,10,30,60,0.9994668578797398,0.24494897427831783
2026-08-31T20:58:01.283,121120531,P003,finger_reposition,TRANSITION,,,,326,672387,115430,122460,101648.74,104566.73,13781.26,17893.27,18856.13,14315.81,False,False,nan,True,0.075,nan,nan,False,0,COLLECTING,0,,0,,,,,0,53,10,30,60,0.9994668578797398,0.24494897427831783
2026-08-31T20:58:01.418,121120671,P003,finger_reposition,TRANSITION,,,,327,672427,115471,122542,101925.19,104926.23,13545.81,17615.77,18546.04,14400.41,False,False,nan,True,0.075,nan,nan,False,0,COLLECTING,0,,0,,,,,0,53,10,30,60,0.9994668578797398,0.24494897427831783
2026-08-31T20:58:01.430,121120687,P003,finger_reposition,TRANSITION,,,,328,672467,115512,122648,102196.92,105280.67,13315.08,17367.33,18251.36,14477.43,False,False,nan,True,0.075,nan,nan,False,0,COLLECTING,0,,0,,,,,0,53,10,30,60,0.9994668578797398,0.24494897427831783
2026-08-31T20:58:01.441,121120687,P003,finger_reposition,TRANSITION,,,,329,672507,115569,122753,102464.37,105630.12,13104.63,17122.88,17969.24,14547.27,False,False,nan,True,0.075,nan,nan,False,0,COLLECTING,0,,0,,,,,0,53,10,30,60,0.9994668578797398,0.24494897427831783
2026-08-31T20:58:01.449,121120703,P003,finger_reposition,TRANSITION,,,,330,672547,115548,122729,102726.04,105972.09,12821.96,16756.91,17666.16,14609.64,False,False,nan,True,0.075,nan,nan,False,0,COLLECTING,0,,0,,,,,0,53,10,30,60,0.9994668578797398,0.24494897427831783
2026-08-31T20:58:01.483,121120734,P003,finger_reposition,TRANSITION,,,,331,672587,115352,122315,102978.55,106298.95,12373.45,16016.05,17253.63,14662.52,False,False,nan,True,0.075,nan,nan,False,0,COLLECTING,0,,0,,,,,0,53,10,30,60,0.9994668578797398,0.24494897427831783
2026-08-31T20:58:01.618,121120875,P003,finger_reposition,TRANSITION,,,,332,672627,115225,122031,103223.48,106613.59,12001.52,15417.41,16794.57,14705.16,False,False,nan,True,0.075,nan,nan,False,0,COLLECTING,0,,0,,,,,0,53,10,30,60,0.9992342067803723,0.24494897427831783
2026-08-31T20:58:01.629,121120875,P003,finger_reposition,TRANSITION,,,,333,672667,115171,121917,103462.44,106919.66,11708.56,14997.34,16345.26,14737.97,False,False,nan,True,0.075,nan,nan,False,0,COLLECTING,0,,0,,,,,0,53,10,30,60,0.9992342067803723,0.24494897427831783
2026-08-31T20:58:01.642,121120890,P003,finger_reposition,TRANSITION,,,,334,672707,115228,122063,103697.75,107222.53,11530.25,14840.47,15969.07,14762.59,False,False,nan,True,0.075,nan,nan,False,0,COLLECTING,0,,0,,,,,0,53,10,30,60,0.9992342067803723,0.24494897427831783
2026-08-31T20:58:01.653,121120906,P003,finger_reposition,TRANSITION,,,,335,672747,115261,122140,103929.02,107520.88,11331.98,14619.12,15631.58,14779.97,False,False,nan,True,0.075,nan,nan,False,0,COLLECTING,0,,0,,,,,0,53,10,30,60,0.9992342067803723,0.24494897427831783
2026-08-31T20:58:01.683,121120937,P003,finger_reposition,TRANSITION,,,,336,672787,115251,122147,104155.45,107813.41,11095.55,14333.59,15307.08,14790.51,False,False,nan,True,0.075,nan,nan,False,0,COLLECTING,0,,0,,,,,0,53,10,30,60,0.9992342067803723,0.24494897427831783
2026-08-31T20:58:01.819,121121062,P003,finger_reposition,TRANSITION,,,,337,672827,115233,122136,104377.01,108099.86,10855.99,14036.14,14989.35,14794.49,False,False,nan,True,0.075,nan,nan,False,0,COLLECTING,0,,0,,,,,0,53,10,30,60,0.9992342067803723,0.30000000000000004
2026-08-31T20:58:01.829,121121078,P003,finger_reposition,TRANSITION,,,,338,672867,115175,122014,104592.97,108378.14,10582.03,13635.86,14650.97,14791.62,False,False,nan,True,0.075,nan,nan,False,0,COLLECTING,0,,0,,,,,0,53,10,30,60,0.9992342067803723,0.30000000000000004
2026-08-31T20:58:01.843,121121093,P003,finger_reposition,TRANSITION,,,,339,672907,115139,121970,104803.89,108649.98,10335.11,13320.02,14318.24,14782.15,False,False,nan,True,0.075,nan,nan,False,0,COLLECTING,0,,0,,,,,0,53,10,30,60,0.9992342067803723,0.30000000000000004
2026-08-31T20:58:01.853,121121109,P003,finger_reposition,TRANSITION,,,,340,672947,115159,122045,105010.99,108917.88,10148.01,13127.12,14020.46,14766.92,False,False,nan,True,0.075,nan,nan,False,0,COLLECTING,0,,0,,,,,0,53,10,30,60,0.9992342067803723,0.30000000000000004
2026-08-31T20:58:01.882,121121140,P003,finger_reposition,TRANSITION,,,,341,672987,115232,122178,105215.41,109183.08,10016.59,12994.92,13764.07,14746.86,False,False,nan,True,0.075,nan,nan,False,0,COLLECTING,0,,0,,,,,0,53,10,30,60,0.9992342067803723,0.30000000000000004
2026-08-31T20:58:02.017,121121265,P003,finger_reposition,TRANSITION,,,,342,673027,115252,122250,105416.15,109444.41,9835.85,12805.59,13524.45,14722.41,False,False,nan,True,0.075,nan,nan,False,0,COLLECTING,0,,0,,,,,0,53,10,30,60,0.9992342067803723,0.17320508075688776
2026-08-31T20:58:02.029,121121281,P003,finger_reposition,TRANSITION,,,,343,673067,115232,122231,105612.47,109700.15,9619.53,12530.85,13276.05,14693.48,False,False,nan,True,0.075,nan,nan,False,0,COLLECTING,0,,0,,,,,0,53,10,30,60,0.9992342067803723,0.17320508075688776
2026-08-31T20:58:02.042,121121296,P003,finger_reposition,TRANSITION,,,,344,673107,115258,122318,105805.38,109952.51,9452.62,12365.49,13048.41,14660.58,False,False,nan,True,0.075,nan,nan,False,0,COLLECTING,0,,0,,,,,0,53,10,30,60,0.9992342067803723,0.17320508075688776
2026-08-31T20:58:02.049,121121296,P003,finger_reposition,TRANSITION,,,,345,673147,115281,122405,105994.9,110201.55,9286.1,12203.45,12837.17,14624.11,False,False,nan,True,0.075,nan,nan,False,0,COLLECTING,0,,0,,,,,0,53,10,30,60,0.9992342067803723,0.17320508075688776
2026-08-31T20:58:02.095,121121343,P003,finger_reposition,TRANSITION,,,,346,673187,115297,122464,106180.94,110446.8,9116.06,12017.2,12632.18,14584.28,False,False,nan,True,0.075,nan,nan,False,0,COLLECTING,0,,0,,,,,0,53,10,30,60,0.9992342067803723,0.17320508075688776
2026-08-31T20:58:02.218,121121468,P003,finger_reposition,TRANSITION,,,,347,673227,115280,122440,106362.92,110686.67,8917.08,11753.33,12412.46,14540.84,False,False,nan,True,0.075,nan,nan,False,0,COLLECTING,0,,0,,,,,0,53,10,30,60,0.9992342067803723,0.17320508075688776
2026-08-31T20:58:02.230,121121484,P003,finger_reposition,TRANSITION,,,,348,673267,115182,122212,106539.3,110917.18,8642.7,11294.82,12133.05,14492.68,False,False,nan,True,0.075,nan,nan,False,0,COLLECTING,0,,0,,,,,0,53,10,30,60,0.9992342067803723,0.17320508075688776
2026-08-31T20:58:02.240,121121484,P003,finger_reposition,TRANSITION,,,,349,673307,114994,121843,106708.4,111135.7,8285.6,10707.3,11776.62,14438.36,False,False,nan,True,0.075,nan,nan,False,0,COLLECTING,0,,0,,,,,0,53,10,30,60,0.9992342067803723,0.17320508075688776
2026-08-31T20:58:02.248,121121500,P003,finger_reposition,TRANSITION,,,,350,673347,114850,121535,106871.23,111343.68,7978.77,10191.32,11380.29,14377.2,False,False,nan,True,0.075,nan,nan,False,0,COLLECTING,0,,0,,,,,0,53,10,30,60,0.9992342067803723,0.17320508075688776
2026-08-31T20:58:02.285,121121531,P003,finger_reposition,TRANSITION,,,,351,673387,114787,121441,107029.54,111545.62,7757.46,9895.38,11009.06,14309.84,False,False,nan,True,0.075,nan,nan,False,0,COLLECTING,0,,0,,,,,0,53,10,30,60,0.9992342067803723,0.17320508075688776
2026-08-31T20:58:02.420,121121671,P003,finger_reposition,TRANSITION,,,,352,673427,114769,121451,107184.33,111743.73,7584.67,9707.27,10683.61,14237.31,False,False,nan,True,0.075,nan,nan,False,0,COLLECTING,0,,0,,,,,0,53,10,30,60,0.9992342067803723,0.30000000000000004
2026-08-31T20:58:02.433,121121687,P003,finger_reposition,TRANSITION,,,,353,673467,114753,121424,107335.7,111937.34,7417.3,9486.66,10384.38,14160.26,False,False,nan,True,0.075,nan,nan,False,0,COLLECTING,0,,0,,,,,0,53,10,30,60,0.9992342067803723,0.30000000000000004
2026-08-31T20:58:02.445,121121703,P003,finger_reposition,TRANSITION,,,,354,673507,114694,121344,107482.87,112125.47,7211.13,9218.53,10092.92,14078.91,False,False,nan,True,0.075,nan,nan,False,0,COLLECTING,0,,0,,,,,0,53,10,30,60,0.9992342067803723,0.30000000000000004
2026-08-31T20:58:02.457,121121703,P003,finger_reposition,TRANSITION,,,,355,673547,114647,121256,107626.15,112308.08,7020.85,8947.92,9806.67,13993.46,False,False,nan,True,0.075,nan,nan,False,0,COLLECTING,0,,0,,,,,0,53,10,30,60,0.9992342067803723,0.30000000000000004
2026-08-31T20:58:02.482,121121734,P003,finger_reposition,TRANSITION,,,,356,673587,114614,121207,107765.91,112486.05,6848.09,8720.95,9535.24,13904.3,False,False,nan,True,0.075,nan,nan,False,0,COLLECTING,0,,0,,,,,0,53,10,30,60,0.9992342067803723,0.30000000000000004
2026-08-31T20:58:02.619,121121875,P003,finger_reposition,TRANSITION,,,,357,673627,114591,121210,107902.41,112660.53,6688.59,8549.47,9288.79,13811.99,False,False,nan,True,0.075,nan,nan,False,0,COLLECTING,0,,0,,,,,0,53,10,30,60,0.9992342067803723,0.17320508075688776
2026-08-31T20:58:02.633,121121890,P003,finger_reposition,TRANSITION,,,,358,673667,114556,121141,108035.48,112830.14,6520.52,8310.86,9044.31,13716.64,False,False,nan,True,0.075,nan,nan,False,0,COLLECTING,0,,0,,,,,0,53,10,30,60,0.9992342067803723,0.17320508075688776
2026-08-31T20:58:02.642,121121890,P003,finger_reposition,TRANSITION,,,,359,673707,114570,121207,108166.16,112997.68,6403.84,8209.32,8835.56,13619.01,False,False,nan,True,0.075,nan,nan,False,0,COLLECTING,0,,0,,,,,0,53,10,30,60,0.9992342067803723,0.17320508075688776
2026-08-31T20:58:02.650,121121906,P003,finger_reposition,TRANSITION,,,,360,673747,114587,121248,108294.58,113162.69,6292.42,8085.31,8648.0,13519.59,False,False,nan,True,0.075,nan,nan,False,0,COLLECTING,0,,0,,,,,0,53,10,30,60,0.9992342067803723,0.17320508075688776
2026-08-31T20:58:02.683,121121937,P003,finger_reposition,TRANSITION,,,,361,673787,114549,121215,108419.66,113323.73,6129.34,7891.27,8458.82,13418.38,False,False,nan,True,0.075,nan,nan,False,0,COLLECTING,0,,0,,,,,0,53,10,30,60,0.9992342067803723,0.17320508075688776
2026-08-31T20:58:02.819,121122062,P003,finger_reposition,TRANSITION,,,,362,673827,114549,121244,108542.25,113482.14,6006.75,7761.86,8284.58,13315.7,False,False,nan,True,0.075,nan,nan,False,0,COLLECTING,0,,0,,,,,0,53,10,30,60,1.0003294457327545,0.30000000000000004
2026-08-31T20:58:02.830,121122078,P003,finger_reposition,TRANSITION,,,,363,673867,114559,121290,108662.59,113638.3,5896.41,7651.7,8126.36,13211.92,False,False,nan,True,0.075,nan,nan,False,0,COLLECTING,0,,0,,,,,0,53,10,30,60,1.0003294457327545,0.30000000000000004
2026-08-31T20:58:02.838,121122093,P003,finger_reposition,TRANSITION,,,,364,673907,114517,121254,108779.67,113790.61,5737.33,7463.39,7960.62,13106.89,False,False,nan,True,0.075,nan,nan,False,0,COLLECTING,0,,0,,,,,0,53,10,30,60,1.0003294457327545,0.30000000000000004
2026-08-31T20:58:02.849,121122093,P003,finger_reposition,TRANSITION,,,,365,673947,114470,121155,108893.48,113937.9,5576.52,7217.1,7774.74,13000.25,False,False,nan,True,0.075,nan,nan,False,0,COLLECTING,0,,0,,,,,0,53,10,30,60,1.0003294457327545,0.30000000000000004
2026-08-31T20:58:02.882,121122140,P003,finger_reposition,TRANSITION,,,,366,673987,114355,120924,109002.7,114077.62,5352.3,6846.38,7542.65,12891.09,False,False,nan,True,0.075,nan,nan,False,0,COLLECTING,0,,0,,,,,0,53,10,30,60,1.0003294457327545,0.30000000000000004
2026-08-31T20:58:03.018,121122265,P003,finger_reposition,TRANSITION,,,,367,674027,114147,120532,109105.59,114206.7,5041.41,6325.3,7238.31,12778.04,False,False,nan,True,0.075,nan,nan,False,0,COLLECTING,0,,0,,,,,0,53,10,30,60,0.9994668578797398,0.24494897427831783
2026-08-31T20:58:03.030,121122281,P003,finger_reposition,TRANSITION,,,,368,674067,113938,120102,109202.23,114324.61,4735.77,5777.39,6873.08,12659.94,False,False,nan,True,0.075,nan,nan,False,0,COLLECTING,0,,0,,,,,0,53,10,30,60,0.9994668578797398,0.24494897427831783
2026-08-31T20:58:03.041,121122296,P003,finger_reposition,TRANSITION,,,,369,674107,113749,119758,109293.17,114433.27,4455.83,5324.73,6485.99,12536.46,False,False,nan,True,0.075,nan,nan,False,0,COLLECTING,0,,0,,,,,0,53,10,30,60,0.9994668578797398,0.24494897427831783
2026-08-31T20:58:03.049,121122296,P003,finger_reposition,TRANSITION,,,,370,674147,113657,119587,109380.45,114536.35,4276.55,5050.65,6127.16,12408.27,False,False,nan,True,0.075,nan,nan,False,0,COLLECTING,0,,0,,,,,0,53,10,30,60,0.9994668578797398,0.24494897427831783
2026-08-31T20:58:03.082,121122328,P003,finger_reposition,TRANSITION,,,,371,674187,113582,119464,109464.48,114634.91,4117.52,4829.09,5802.64,12276.16,False,False,nan,True,0.075,nan,nan,False,0,COLLECTING,0,,0,,,,,0,53,10,30,60,0.9994668578797398,0.24494897427831783
2026-08-31T20:58:03.220,121122468,P003,finger_reposition,TRANSITION,,,,372,674227,113581,119489,109546.8,114731.98,4034.2,4757.02,5541.23,12141.46,False,False,nan,True,0.075,nan,nan,False,0,COLLECTING,0,,0,,,,,0,53,10,30,60,0.9992342067803723,0.24494897427831783
2026-08-31T20:58:03.235,121122484,P003,finger_reposition,TRANSITION,,,,373,674267,113576,119513,109627.39,114827.6,3948.61,4685.4,5327.28,12005.18,False,False,nan,True,0.075,nan,nan,False,0,COLLECTING,0,,0,,,,,0,53,10,30,60,0.9992342067803723,0.24494897427831783
2026-08-31T20:58:03.250,121122500,P003,finger_reposition,TRANSITION,,,,374,674307,113532,119459,109705.48,114920.23,3826.52,4538.77,5130.15,11867.68,False,False,nan,True,0.075,nan,nan,False,0,COLLECTING,0,,0,,,,,0,53,10,30,60,0.9992342067803723,0.24494897427831783
2026-08-31T20:58:03.256,121122500,P003,finger_reposition,TRANSITION,,,,375,674347,113487,119378,109781.12,115009.38,3705.88,4368.62,4939.77,11729.12,False,False,nan,True,0.075,nan,nan,False,0,COLLECTING,0,,0,,,,,0,53,10,30,60,0.9992342067803723,0.24494897427831783
2026-08-31T20:58:03.283,121122531,P003,finger_reposition,TRANSITION,,,,376,674387,113462,119346,109854.73,115096.12,3607.27,4249.88,4767.3,11589.88,False,False,nan,True,0.075,nan,nan,False,0,COLLECTING,0,,0,,,,,0,53,10,30,60,0.9992342067803723,0.24494897427831783
2026-08-31T20:58:03.418,121122671,P003,finger_reposition,TRANSITION,,,,377,674427,113459,119362,109926.82,115181.44,3532.18,4180.56,4620.61,11450.5,False,False,nan,True,0.075,nan,nan,False,0,COLLECTING,0,,0,,,,,0,53,10,30,60,0.9992342067803723,0.30000000000000004
2026-08-31T20:58:03.430,121122687,P003,finger_reposition,TRANSITION,,,,378,674467,113479,119410,109997.87,115266.01,3481.13,4143.99,4501.46,11311.52,False,False,nan,True,0.075,nan,nan,False,0,COLLECTING,0,,0,,,,,0,53,10,30,60,0.9992342067803723,0.30000000000000004
2026-08-31T20:58:03.437,121122687,P003,finger_reposition,TRANSITION,,,,379,674507,113498,119480,110067.87,115350.29,3430.13,4129.71,4408.52,11173.46,False,False,nan,True,0.075,nan,nan,False,0,COLLECTING,0,,0,,,,,0,53,10,30,60,0.9992342067803723,0.30000000000000004
2026-08-31T20:58:03.449,121122703,P003,finger_reposition,TRANSITION,,,,380,674547,113518,119504,110136.87,115433.36,3381.13,4070.64,4324.05,11036.47,False,False,nan,True,0.075,nan,nan,False,0,COLLECTING,0,,0,,,,,0,53,10,30,60,0.9992342067803723,0.30000000000000004
2026-08-31T20:58:03.482,121122734,P003,finger_reposition,TRANSITION,,,,381,674587,113567,119626,110205.47,115517.21,3361.53,4108.79,4270.24,10901.15,False,False,nan,True,0.075,nan,nan,False,0,COLLECTING,0,,0,,,,,0,53,10,30,60,0.9992342067803723,0.30000000000000004
2026-08-31T20:58:03.619,121122875,P003,finger_reposition,TRANSITION,,,,382,674627,113606,119716,110273.48,115601.19,3332.52,4114.81,4231.38,10767.75,False,False,nan,True,0.075,nan,nan,False,0,COLLECTING,0,,0,,,,,0,53,10,30,60,0.9992342067803723,0.30000000000000004
2026-08-31T20:58:03.630,121122875,P003,finger_reposition,TRANSITION,,,,383,674667,113734,120013,110342.69,115689.42,3391.31,4323.58,4254.43,10637.48,False,False,nan,True,0.775,nan,89.39,False,0,COLLECTING,0,,0,,,,,0,53,10,30,60,0.9992342067803723,0.30000000000000004
2026-08-31T20:58:03.638,121122890,P003,finger_reposition,TRANSITION,,,,384,674707,113901,120335,110413.85,115782.34,3487.15,4552.66,4328.99,10511.31,False,False,nan,True,0.775,nan,89.39,False,0,COLLECTING,0,,0,,,,,0,53,10,30,60,0.9992342067803723,0.30000000000000004
2026-08-31T20:58:03.650,121122906,P003,finger_reposition,TRANSITION,,,,385,674747,113861,120224,110482.8,115871.17,3378.2,4352.83,4334.95,10387.79,False,False,nan,True,0.775,nan,89.39,False,0,COLLECTING,0,,0,,,,,0,53,10,30,60,0.9992342067803723,0.30000000000000004
2026-08-31T20:58:03.684,121122937,P003,finger_reposition,TRANSITION,,,,386,674787,113703,119889,110547.2,115951.53,3155.8,3937.47,4235.58,10264.74,True,False,nan,True,0.775,nan,89.39,False,0,COLLECTING,0,,0,,,,,0,53,10,30,60,0.9992342067803723,0.30000000000000004
2026-08-31T20:58:03.818,121123062,P003,finger_reposition,TRANSITION,,,,387,674827,113650,119765,110609.26,116027.8,3040.74,3737.2,4110.98,10141.67,False,False,nan,True,0.775,nan,89.39,False,0,COLLECTING,0,,0,,,,,0,53,10,30,60,0.9992342067803723,0.24494897427831783
2026-08-31T20:58:03.829,121123078,P003,finger_reposition,TRANSITION,,,,388,674867,113644,119746,110669.95,116102.16,2974.05,3643.84,3994.2,10018.72,False,False,nan,True,0.775,nan,89.39,False,0,COLLECTING,0,,0,,,,,0,53,10,30,60,0.9992342067803723,0.24494897427831783
2026-08-31T20:58:03.841,121123093,P003,finger_reposition,TRANSITION,,,,389,674907,113650,119775,110729.55,116175.62,2920.45,3599.38,3895.49,9896.25,False,False,nan,True,0.775,nan,89.39,False,0,COLLECTING,0,,0,,,,,0,53,10,30,60,0.9992342067803723,0.24494897427831783
2026-08-31T20:58:03.850,121123093,P003,finger_reposition,TRANSITION,,,,390,674947,113710,119887,110789.16,116249.84,2920.84,3637.16,3830.91,9774.95,False,False,nan,True,0.775,nan,89.39,False,0,COLLECTING,0,,0,,,,,0,53,10,30,60,0.9992342067803723,0.24494897427831783
2026-08-31T20:58:03.883,121123140,P003,finger_reposition,TRANSITION,,,,391,674987,113741,119936,110848.2,116323.57,2892.8,3612.43,3776.29,9654.97,False,False,nan,True,0.775,nan,89.39,False,0,COLLECTING,0,,0,,,,,0,53,10,30,60,0.9992342067803723,0.24494897427831783
2026-08-31T20:58:04.018,121123265,P003,finger_reposition,TRANSITION,,,,392,675027,113722,119909,110905.68,116395.28,2816.32,3513.72,3710.65,9536.09,False,False,nan,True,0.775,nan,89.39,False,0,COLLECTING,0,,0,,,,,0,53,10,30,60,0.9992342067803723,0.30000000000000004
2026-08-31T20:58:04.029,121123281,P003,finger_reposition,TRANSITION,,,,393,675067,113684,119815,110961.24,116463.67,2722.76,3351.33,3620.82,9417.78,False,False,nan,True,0.775,nan,89.39,False,0,COLLECTING,0,,0,,,,,0,53,10,30,60,0.9992342067803723,0.30000000000000004
2026-08-31T20:58:04.041,121123296,P003,finger_reposition,TRANSITION,,,,394,675107,113623,119700,111014.48,116528.4,2608.52,3171.6,3508.51,9299.6,False,False,nan,True,0.775,nan,89.39,False,0,COLLECTING,0,,0,,,,,0,53,10,30,60,0.9992342067803723,0.30000000000000004
2026-08-31T20:58:04.052,121123296,P003,finger_reposition,TRANSITION,,,,395,675147,113617,119683,111066.52,116591.49,2550.48,3091.51,3404.26,9181.69,False,False,nan,True,0.775,nan,89.39,False,0,COLLECTING,0,,0,,,,,0,53,10,30,60,0.9992342067803723,0.30000000000000004
2026-08-31T20:58:04.084,121123328,P003,finger_reposition,TRANSITION,,,,396,675187,113645,119754,111118.09,116654.74,2526.91,3099.26,3328.01,9064.62,False,False,nan,True,0.775,nan,89.39,False,0,COLLECTING,0,,0,,,,,0,53,10,30,60,0.9992342067803723,0.30000000000000004
2026-08-31T20:58:04.217,121123468,P003,finger_reposition,TRANSITION,,,,397,675227,113676,119815,111169.25,116717.95,2506.75,3097.05,3270.27,8948.73,False,False,nan,True,0.775,nan,89.39,False,0,COLLECTING,0,,0,,,,,0,53,10,30,60,0.9992342067803723,0.24494897427831783
2026-08-31T20:58:04.230,121123484,P003,finger_reposition,TRANSITION,,,,398,675267,113705,119894,111219.97,116781.47,2485.03,3112.53,3230.84,8834.37,False,False,nan,True,0.775,nan,89.39,False,0,COLLECTING,0,,0,,,,,0,53,10,30,60,0.9992342067803723,0.24494897427831783
2026-08-31T20:58:04.237,121123484,P003,finger_reposition,TRANSITION,,,,399,675307,113729,119936,111270.15,116844.56,2458.85,3091.44,3195.99,8721.6,False,False,nan,True,0.775,nan,89.39,False,0,COLLECTING,0,,0,,,,,0,53,10,30,60,0.9992342067803723,0.24494897427831783
2026-08-31T20:58:04.250,121123500,P003,finger_reposition,TRANSITION,,,,400,675347,113751,119975,111319.77,116907.17,2431.23,3067.83,3163.95,8610.45,False,False,nan,True,0.775,nan,89.39,False,0,COLLECTING,0,,0,,,,,0,53,10,30,60,0.9992342067803723,0.24494897427831783
2026-08-31T20:58:04.284,121123531,P003,finger_reposition,TRANSITION,,,,401,675387,113765,120017,111368.67,116969.37,2396.33,3047.63,3134.87,8500.94,False,False,nan,True,0.775,nan,89.39,False,0,COLLECTING,0,,0,,,,,0,53,10,30,60,0.9992342067803723,0.24494897427831783
2026-08-31T20:58:04.418,121123671,P003,finger_reposition,TRANSITION,,,,402,675427,113763,120016,111416.55,117030.3,2346.45,2985.7,3097.58,8392.87,False,False,nan,True,0.775,nan,89.39,False,0,COLLECTING,0,,0,,,,,0,53,10,30,60,0.9992342067803723,0.30000000000000004
2026-08-31T20:58:04.429,121123687,P003,finger_reposition,TRANSITION,,,,403,675467,113674,119802,111461.7,117085.73,2212.3,2716.27,3002.25,8285.06,False,False,nan,True,0.775,nan,89.39,False,0,COLLECTING,0,,0,,,,,0,53,10,30,60,0.9992342067803723,0.30000000000000004
2026-08-31T20:58:04.439,121123687,P003,finger_reposition,TRANSITION,,,,404,675507,113574,119582,111503.95,117135.66,2070.05,2446.34,2863.27,8176.62,False,False,nan,True,0.775,nan,89.39,False,0,COLLECTING,0,,0,,,,,0,53,10,30,60,0.9992342067803723,0.30000000000000004
2026-08-31T20:58:04.450,121123703,P003,finger_reposition,TRANSITION,,,,405,675547,113544,119505,111544.75,117183.05,1999.25,2321.95,2727.94,8067.65,False,False,nan,True,0.775,nan,89.39,False,0,COLLECTING,0,,0,,,,,0,53,10,30,60,0.9992342067803723,0.30000000000000004
2026-08-31T20:58:04.485,121123734,P003,finger_reposition,TRANSITION,,,,406,675587,113573,119576,111585.31,117230.91,1987.69,2345.09,2632.23,7958.94,False,False,nan,True,0.775,nan,89.39,False,0,COLLECTING,0,,0,,,,,0,53,10,30,60,0.9992342067803723,0.30000000000000004
2026-08-31T20:58:04.618,121123875,P003,finger_reposition,TRANSITION,,,,407,675627,113659,119741,111626.79,117281.11,2032.21,2459.89,2589.15,7851.55,False,False,nan,True,0.775,nan,89.39,False,0,COLLECTING,0,,0,,,,,0,53,10,30,60,0.9994668578797398,0.24494897427831783
2026-08-31T20:58:04.629,121123875,P003,finger_reposition,TRANSITION,,,,408,675667,113682,119782,111667.89,117331.12,2014.11,2450.88,2554.58,7745.61,False,False,nan,True,0.775,nan,89.39,False,0,COLLECTING,0,,0,,,,,0,53,10,30,60,0.9994668578797398,0.24494897427831783
2026-08-31T20:58:04.638,121123890,P003,finger_reposition,TRANSITION,,,,409,675707,113628,119669,111707.09,117377.88,1920.91,2291.12,2488.71,7640.47,False,False,nan,True,0.775,nan,89.39,False,0,COLLECTING,0,,0,,,,,0,53,10,30,60,0.9994668578797398,0.24494897427831783
2026-08-31T20:58:04.649,121123906,P003,finger_reposition,TRANSITION,,,,410,675747,113615,119618,111745.25,117422.69,1869.75,2195.31,2415.36,7535.97,False,False,nan,True,0.775,nan,89.39,False,0,COLLECTING,0,,0,,,,,0,53,10,30,60,0.9994668578797398,0.24494897427831783
2026-08-31T20:58:04.682,121123937,P003,finger_reposition,TRANSITION,,,,411,675787,113595,119591,111782.24,117466.05,1812.76,2124.95,2342.76,7432.1,False,False,nan,True,0.775,nan,89.39,False,0,COLLECTING,0,,0,,,,,0,53,10,30,60,0.9994668578797398,0.24494897427831783
2026-08-31T20:58:04.819,121124062,P003,finger_reposition,TRANSITION,,,,412,675827,113631,119665,111819.22,117510.03,1811.78,2154.97,2295.81,7329.38,False,False,nan,True,0.775,nan,89.39,False,0,COLLECTING,0,,0,,,,,0,53,10,30,60,0.9992342067803723,0.24494897427831783
2026-08-31T20:58:04.829,121124078,P003,finger_reposition,TRANSITION,,,,413,675867,113682,119781,111856.48,117555.45,1825.52,2225.55,2278.25,7228.35,False,False,nan,True,0.775,nan,89.39,False,0,COLLECTING,0,,0,,,,,0,53,10,30,60,0.9992342067803723,0.24494897427831783
2026-08-31T20:58:04.838,121124093,P003,finger_reposition,TRANSITION,,,,414,675907,113757,119935,111894.48,117603.05,1862.52,2331.95,2291.67,7129.62,False,False,nan,True,0.775,nan,89.39,False,0,COLLECTING,0,,0,,,,,0,53,10,30,60,0.9992342067803723,0.24494897427831783
2026-08-31T20:58:04.849,121124093,P003,finger_reposition,TRANSITION,,,,415,675947,113829,120087,111933.17,117652.73,1895.83,2434.27,2327.32,7033.57,False,False,nan,True,0.775,nan,89.39,False,0,COLLECTING,0,,0,,,,,0,53,10,30,60,0.9992342067803723,0.24494897427831783
2026-08-31T20:58:04.883,121124140,P003,finger_reposition,TRANSITION,,,,416,675987,113842,120115,111971.35,117701.97,1870.65,2413.03,2348.75,6939.88,False,False,nan,True,0.775,nan,89.39,False,0,COLLECTING,0,,0,,,,,0,53,10,30,60,0.9992342067803723,0.24494897427831783
2026-08-31T20:58:05.018,121124265,P003,finger_reposition,TRANSITION,,,,417,676027,113882,120207,112009.56,117752.07,1872.44,2454.93,2375.29,6848.59,False,False,nan,True,0.775,nan,89.39,False,0,COLLECTING,0,,0,,,,,0,53,10,30,60,0.9998809929186573,0.17320508075688776
2026-08-31T20:58:05.030,121124281,P003,finger_reposition,TRANSITION,,,,418,676077,113925,120282,112047.88,117802.67,1877.12,2479.33,2401.3,6759.64,False,False,nan,True,0.775,nan,89.39,False,0,COLLECTING,0,,0,,,,,0,53,10,30,60,0.9998809929186573,0.17320508075688776
2026-08-31T20:58:05.041,121124296,P003,finger_reposition,TRANSITION,,,,419,676117,113912,120239,112085.16,117851.4,1826.84,2387.6,2397.88,6672.41,True,True,1330.0,True,0.775,nan,89.39,False,0,COLLECTING,0,,0,,,,,0,53,10,30,60,0.9998809929186573,0.17320508075688776
2026-08-31T20:58:05.050,121124296,P003,finger_reposition,TRANSITION,,,,420,676157,113814,119928,112119.73,117892.93,1694.27,2035.07,2307.18,6585.1,False,False,nan,True,0.775,nan,89.39,False,0,COLLECTING,0,,0,,,,,0,53,10,30,60,0.9998809929186573,0.17320508075688776
2026-08-31T20:58:05.092,121124343,P003,finger_reposition,TRANSITION,,,,421,676197,113662,119603,112150.58,117927.13,1511.42,1675.87,2149.35,6496.39,False,False,nan,True,0.775,nan,89.39,False,0,COLLECTING,0,,0,,,,,0,53,10,30,60,0.9998809929186573,0.17320508075688776
2026-08-31T20:58:05.218,121124468,P003,finger_reposition,TRANSITION,,,,422,676237,113602,119480,112179.61,117958.19,1422.39,1521.81,1992.46,6406.31,False,False,nan,True,0.775,nan,89.39,False,0,COLLECTING,0,,0,,,,,1,53,10,30,60,0.9994668578797398,0.24494897427831783
2026-08-31T20:58:05.230,121124484,P003,finger_reposition,TRANSITION,,,,423,676277,113628,119595,112208.58,117990.92,1419.42,1604.08,1895.37,6316.09,False,False,nan,True,0.775,nan,89.39,False,0,COLLECTING,0,,0,,,,,1,53,10,30,60,0.9994668578797398,0.24494897427831783
2026-08-31T20:58:05.236,121124484,P003,finger_reposition,TRANSITION,,,,424,676317,113714,119737,112238.69,118025.84,1475.31,1711.16,1849.31,6226.75,False,False,nan,True,0.775,nan,89.39,False,0,COLLECTING,0,,0,,,,,1,53,10,30,60,0.9994668578797398,0.24494897427831783
2026-08-31T20:58:05.248,121124500,P003,finger_reposition,TRANSITION,,,,425,676357,113798,119911,112269.88,118063.55,1528.12,1847.45,1848.85,6139.2,False,False,nan,True,0.775,nan,89.39,False,0,COLLECTING,0,,0,,,,,1,53,10,30,60,0.9994668578797398,0.24494897427831783
2026-08-31T20:58:05.295,121124546,P003,finger_reposition,TRANSITION,,,,426,676397,113838,119980,112301.23,118101.88,1536.77,1878.12,1856.17,6053.53,False,False,nan,True,0.775,nan,89.39,False,0,COLLECTING,0,,0,,,,,1,53,10,30,60,0.9994668578797398,0.24494897427831783
2026-08-31T20:58:05.419,121124671,P003,finger_reposition,TRANSITION,,,,427,676437,113860,119992,112332.41,118139.68,1527.59,1852.32,1855.21,5969.57,False,False,nan,True,0.775,nan,89.39,False,0,COLLECTING,0,,0,,,,,1,53,10,30,60,0.9994668578797398,0.17320508075688776
2026-08-31T20:58:05.429,121124687,P003,finger_reposition,TRANSITION,,,,428,676477,113853,119948,112362.82,118175.84,1490.18,1772.16,1834.44,5886.87,False,False,nan,True,0.775,nan,89.39,False,0,COLLECTING,0,,0,,,,,1,53,10,30,60,0.9994668578797398,0.17320508075688776
2026-08-31T20:58:05.437,121124687,P003,finger_reposition,TRANSITION,,,,429,676517,113874,119976,112393.05,118211.84,1480.95,1764.16,1816.87,5805.47,False,False,nan,True,0.775,nan,89.39,False,0,COLLECTING,0,,0,,,,,1,53,10,30,60,0.9994668578797398,0.17320508075688776
2026-08-31T20:58:05.449,121124703,P003,finger_reposition,TRANSITION,,,,430,676557,113914,120109,112423.47,118249.79,1490.53,1859.21,1827.46,5725.91,False,False,nan,True,0.775,nan,89.39,False,0,COLLECTING,0,,0,,,,,1,53,10,30,60,0.9994668578797398,0.17320508075688776
2026-08-31T20:58:05.492,121124750,P003,finger_reposition,TRANSITION,,,,431,676597,113957,120205,112454.14,118288.89,1502.86,1916.11,1849.62,5648.38,False,False,nan,True,0.775,nan,89.39,False,0,COLLECTING,0,,0,,,,,1,53,10,30,60,0.9994668578797398,0.17320508075688776
2026-08-31T20:58:05.617,121124875,P003,finger_reposition,TRANSITION,,,,432,676637,113982,120284,112484.7,118328.79,1497.3,1955.21,1876.02,5572.93,False,False,nan,True,0.775,nan,89.39,False,0,COLLECTING,0,,0,,,,,1,53,10,30,60,0.9992342067803723,0.24494897427831783
2026-08-31T20:58:05.630,121124875,P003,finger_reposition,TRANSITION,,,,433,676677,114015,120368,112515.3,118369.57,1499.7,1998.43,1906.62,5499.61,False,False,nan,True,0.775,nan,89.39,False,0,COLLECTING,0,,0,,,,,1,53,10,30,60,0.9992342067803723,0.24494897427831783
2026-08-31T20:58:05.641,121124890,P003,finger_reposition,TRANSITION,,,,434,676717,114076,120469,112546.52,118411.56,1529.48,2057.44,1944.32,5428.5,False,False,nan,True,0.775,nan,89.39,False,0,COLLECTING,0,,0,,,,,1,53,10,30,60,0.9992342067803723,0.24494897427831783
2026-08-31T20:58:05.650,121124906,P003,finger_reposition,TRANSITION,,,,435,676757,114062,120474,112576.83,118452.81,1485.17,2021.19,1963.54,5359.2,False,False,nan,True,0.775,nan,89.39,False,0,COLLECTING,0,,0,,,,,1,53,10,30,60,0.9992342067803723,0.24494897427831783
2026-08-31T20:58:05.693,121124937,P003,finger_reposition,TRANSITION,,,,436,676797,114082,120547,112606.93,118494.7,1475.07,2052.3,1985.73,5291.73,False,False,nan,True,0.775,nan,89.39,False,0,COLLECTING,0,,0,,,,,1,53,10,30,60,0.9992342067803723,0.24494897427831783
2026-08-31T20:58:05.818,121125062,P003,finger_reposition,TRANSITION,,,,437,676837,114078,120505,112636.35,118534.9,1441.65,1970.1,1981.82,5225.53,True,True,720.0,True,0.775,nan,89.39,False,0,COLLECTING,0,,0,,,,,1,53,10,30,60,0.9992342067803723,0.24494897427831783
2026-08-31T20:58:05.830,121125078,P003,finger_reposition,TRANSITION,,,,438,676877,113898,120113,112661.59,118566.46,1236.41,1546.54,1873.0,5158.48,False,False,nan,True,0.775,nan,89.39,False,0,COLLECTING,0,,0,,,,,1,53,10,30,60,0.9992342067803723,0.24494897427831783
2026-08-31T20:58:05.843,121125093,P003,finger_reposition,TRANSITION,,,,439,676917,113721,119684,112682.77,118588.81,1038.23,1095.19,1678.55,5088.88,False,False,nan,True,0.775,nan,89.39,False,0,COLLECTING,0,,0,,,,,1,53,10,30,60,0.9992342067803723,0.24494897427831783
2026-08-31T20:58:05.851,121125109,P003,finger_reposition,TRANSITION,,,,440,676957,113631,119521,112701.73,118607.45,929.27,913.55,1487.3,5016.85,False,False,nan,True,0.775,nan,89.39,False,0,COLLECTING,0,,0,,,,,1,53,10,30,60,0.9992342067803723,0.24494897427831783
2026-08-31T20:58:05.892,121125140,P003,finger_reposition,TRANSITION,,,,441,676997,113672,119600,112721.14,118627.3,950.86,972.7,1358.65,4943.69,False,False,nan,True,0.775,nan,89.39,False,0,COLLECTING,0,,0,,,,,1,53,10,30,60,0.9992342067803723,0.24494897427831783
2026-08-31T20:58:06.018,121125265,P003,finger_reposition,TRANSITION,,,,442,677037,113682,119599,112740.36,118646.74,941.64,952.26,1257.05,4869.96,False,False,nan,True,0.775,nan,89.39,False,0,COLLECTING,0,,0,,,,,2,53,10,30,60,0.9992342067803723,0.24494897427831783
2026-08-31T20:58:06.029,121125281,P003,finger_reposition,TRANSITION,,,,443,677077,113762,119692,112760.79,118667.65,1001.21,1024.35,1198.88,4796.53,False,False,nan,True,0.775,nan,89.39,False,0,COLLECTING,0,,0,,,,,2,53,10,30,60,0.9992342067803723,0.24494897427831783
2026-08-31T20:58:06.036,121125281,P003,finger_reposition,TRANSITION,,,,444,677117,113753,119712,112780.63,118688.54,972.37,1023.46,1155.02,4723.7,False,False,nan,True,0.775,nan,89.39,False,0,COLLECTING,0,,0,,,,,2,53,10,30,60,0.9992342067803723,0.24494897427831783
2026-08-31T20:58:06.049,121125296,P003,finger_reposition,TRANSITION,,,,445,677157,113649,119595,112798.0,118706.67,851.0,888.33,1088.35,4651.0,False,False,nan,True,0.775,nan,89.39,False,0,COLLECTING,0,,0,,,,,2,53,10,30,60,0.9992342067803723,0.24494897427831783
2026-08-31T20:58:06.093,121125343,P003,finger_reposition,TRANSITION,,,,446,677197,113646,119459,112814.96,118721.72,831.04,737.28,1000.58,4577.99,False,False,nan,True,0.775,nan,89.39,False,0,COLLECTING,0,,0,,,,,2,53,10,30,60,0.9992342067803723,0.24494897427831783
2026-08-31T20:58:06.218,121125468,P003,finger_reposition,TRANSITION,,,,447,677237,113674,119520,112832.14,118737.69,841.86,782.31,946.01,4505.35,False,False,nan,True,0.775,nan,89.39,False,0,COLLECTING,0,,0,,,,,2,53,10,30,60,0.9992342067803723,0.17320508075688776
2026-08-31T20:58:06.229,121125484,P003,finger_reposition,TRANSITION,,,,448,677277,113768,119643,112850.86,118755.8,917.14,887.2,931.31,4433.87,False,False,nan,True,0.775,nan,89.39,False,0,COLLECTING,0,,0,,,,,2,53,10,30,60,0.9992342067803723,0.17320508075688776
2026-08-31T20:58:06.242,121125500,P003,finger_reposition,TRANSITION,,,,449,677317,113746,119675,112868.77,118774.18,877.23,900.82,923.69,4363.66,False,False,nan,True,0.775,nan,89.39,False,0,COLLECTING,0,,0,,,,,2,53,10,30,60,0.9992342067803723,0.17320508075688776
2026-08-31T20:58:06.251,121125500,P003,finger_reposition,TRANSITION,,,,450,677357,113863,119877,112888.65,118796.23,974.35,1080.77,962.96,4295.65,False,False,nan,True,0.775,nan,89.39,False,0,COLLECTING,0,,0,,,,,2,53,10,30,60,0.9992342067803723,0.17320508075688776
2026-08-31T20:58:06.295,121125546,P003,finger_reposition,TRANSITION,,,,451,677397,113932,119995,112909.52,118820.21,1022.48,1174.79,1015.92,4230.06,False,False,nan,True,0.775,nan,89.39,False,0,COLLECTING,0,,0,,,,,2,53,10,30,60,0.9992342067803723,0.17320508075688776
2026-08-31T20:58:06.418,121125671,P003,finger_reposition,TRANSITION,,,,452,677437,113955,120087,112930.42,118845.55,1024.58,1241.45,1072.3,4166.9,False,False,nan,True,0.775,nan,89.39,False,0,COLLECTING,0,,0,,,,,2,53,10,30,60,0.9992342067803723,0.24494897427831783
2026-08-31T20:58:06.433,121125687,P003,finger_reposition,TRANSITION,,,,453,677477,113987,120183,112951.55,118872.3,1035.45,1310.7,1131.9,4106.2,False,False,nan,True,0.775,nan,89.39,False,0,COLLECTING,0,,0,,,,,2,53,10,30,60,0.9992342067803723,0.24494897427831783
2026-08-31T20:58:06.442,121125687,P003,finger_reposition,TRANSITION,,,,454,677517,114023,120231,112972.98,118899.47,1050.02,1331.53,1181.81,4047.71,False,False,nan,True,0.775,nan,89.39,False,0,COLLECTING,0,,0,,,,,2,53,10,30,60,0.9992342067803723,0.24494897427831783
2026-08-31T20:58:06.452,121125703,P003,finger_reposition,TRANSITION,,,,455,677557,114094,120308,112995.41,118927.64,1098.59,1380.36,1231.45,3991.39,False,False,nan,True,0.775,nan,89.39,False,0,COLLECTING,0,,0,,,,,2,53,10,30,60,0.9992342067803723,0.24494897427831783
2026-08-31T20:58:06.494,121125750,P003,finger_reposition,TRANSITION,,,,456,677597,114029,120175,113016.08,118952.59,1012.92,1222.41,1229.19,3936.14,False,False,nan,True,0.775,nan,89.39,False,0,COLLECTING,0,,0,,,,,2,53,10,30,60,0.9992342067803723,0.24494897427831783
2026-08-31T20:58:06.618,121125875,P003,finger_reposition,TRANSITION,,,,457,677637,113871,119799,113033.18,118969.52,837.82,829.48,1129.26,3880.01,False,False,nan,True,0.775,nan,89.39,False,0,COLLECTING,0,,0,,,,,2,53,10,30,60,0.9992342067803723,0.24494897427831783
2026-08-31T20:58:06.629,121125875,P003,finger_reposition,TRANSITION,,,,458,677677,113771,119501,113047.94,118980.15,723.06,520.85,977.16,3821.95,False,False,nan,True,0.775,nan,89.39,False,0,COLLECTING,0,,0,,,,,2,53,10,30,60,0.9992342067803723,0.24494897427831783
2026-08-31T20:58:06.640,121125890,P003,finger_reposition,TRANSITION,,,,459,677717,113747,119457,113061.92,118989.69,685.08,467.31,849.7,3762.5,False,False,nan,True,0.775,nan,89.39,False,0,COLLECTING,0,,0,,,,,2,53,10,30,60,0.9992342067803723,0.24494897427831783
2026-08-31T20:58:06.652,121125906,P003,finger_reposition,TRANSITION,,,,460,677757,113726,119519,113075.2,119000.27,650.8,518.73,766.95,3702.59,False,False,nan,True,0.775,nan,89.39,False,0,COLLECTING,0,,0,,,,,2,53,10,30,60,0.9992342067803723,0.24494897427831783
2026-08-31T20:58:06.694,121125937,P003,finger_reposition,TRANSITION,,,,461,677797,113810,119632,113089.9,119012.91,720.1,619.09,729.99,3643.14,False,False,nan,True,0.775,nan,89.39,False,0,COLLECTING,0,,0,,,,,2,53,10,30,60,0.9992342067803723,0.24494897427831783
2026-08-31T20:58:06.818,121126062,P003,finger_reposition,TRANSITION,,,,462,677837,113885,119694,113105.8,119026.53,779.2,667.47,714.36,3584.56,False,False,nan,True,0.775,nan,89.39,False,0,COLLECTING,0,,0,,,,,2,53,10,30,60,0.9994668578797398,0.24494897427831783
2026-08-31T20:58:06.831,121126078,P003,finger_reposition,TRANSITION,,,,463,677877,113851,119694,113120.7,119039.88,730.3,654.12,699.3,3526.86,False,False,nan,True,0.775,nan,89.39,False,0,COLLECTING,0,,0,,,,,2,53,10,30,60,0.9994668578797398,0.24494897427831783
2026-08-31T20:58:06.839,121126093,P003,finger_reposition,TRANSITION,,,,464,677917,113875,119654,113135.79,119052.16,739.21,601.84,674.93,3469.82,False,False,nan,True,0.775,nan,89.39,False,0,COLLECTING,0,,0,,,,,2,53,10,30,60,0.9994668578797398,0.24494897427831783
2026-08-31T20:58:06.852,121126109,P003,finger_reposition,TRANSITION,,,,465,677957,113817,119658,113149.41,119064.28,667.59,593.72,654.63,3413.52,False,False,nan,True,0.775,nan,89.39,False,0,COLLECTING,0,,0,,,,,2,53,10,30,60,0.9994668578797398,0.24494897427831783
2026-08-31T20:58:06.892,121126140,P003,finger_reposition,TRANSITION,,,,466,677997,113896,119778,113164.34,119078.55,731.66,699.45,665.83,3358.56,False,False,nan,True,0.775,nan,89.39,False,0,COLLECTING,0,,0,,,,,2,53,10,30,60,0.9994668578797398,0.24494897427831783
2026-08-31T20:58:07.018,121126265,P003,finger_reposition,TRANSITION,,,,467,678037,113966,119989,113180.38,119096.77,785.62,892.23,722.43,3305.84,False,False,nan,True,0.775,nan,89.39,False,0,COLLECTING,0,,0,,,,,2,53,10,30,60,0.9994668578797398,0.17320508075688776
2026-08-31T20:58:07.028,121126281,P003,finger_reposition,TRANSITION,,,,468,678077,114076,120183,113198.29,119118.49,877.71,1064.51,807.95,3255.88,False,False,nan,True,0.775,nan,89.39,False,0,COLLECTING,0,,0,,,,,2,53,10,30,60,0.9994668578797398,0.17320508075688776
2026-08-31T20:58:07.038,121126281,P003,finger_reposition,TRANSITION,,,,469,678117,114127,120300,113216.86,119142.12,910.14,1157.88,895.43,3208.67,False,False,nan,True,0.775,nan,89.39,False,0,COLLECTING,0,,0,,,,,2,53,10,30,60,0.9994668578797398,0.17320508075688776
2026-08-31T20:58:07.053,121126296,P003,finger_reposition,TRANSITION,,,,470,678157,114213,120393,113236.78,119167.14,976.22,1225.86,978.04,3164.06,False,False,nan,True,0.775,nan,89.39,False,0,COLLECTING,0,,0,,,,,2,53,10,30,60,0.9994668578797398,0.17320508075688776
2026-08-31T20:58:07.096,121126343,P003,finger_reposition,TRANSITION,,,,471,678197,114257,120490,113257.19,119193.6,999.81,1296.4,1057.63,3121.93,False,False,nan,True,0.775,nan,89.39,False,0,COLLECTING,0,,0,,,,,2,53,10,30,60,0.9994668578797398,0.17320508075688776
2026-08-31T20:58:07.218,121126468,P003,finger_reposition,TRANSITION,,,,472,678237,114313,120594,113278.3,119221.61,1034.7,1372.39,1136.32,3082.22,False,False,nan,True,0.775,nan,89.39,False,0,COLLECTING,0,,0,,,,,2,53,10,30,60,0.9992342067803723,0.24494897427831783
2026-08-31T20:58:07.229,121126484,P003,finger_reposition,TRANSITION,,,,473,678277,114359,120719,113299.92,119251.55,1059.08,1467.45,1219.1,3044.96,False,False,nan,True,0.775,nan,89.39,False,0,COLLECTING,0,,0,,,,,2,53,10,30,60,0.9992342067803723,0.24494897427831783
2026-08-31T20:58:07.237,121126484,P003,finger_reposition,TRANSITION,,,,474,678317,114413,120810,113322.18,119282.73,1090.82,1527.27,1296.14,3009.98,False,False,nan,True,0.775,nan,89.39,False,0,COLLECTING,0,,0,,,,,2,53,10,30,60,0.9992342067803723,0.24494897427831783
2026-08-31T20:58:07.248,121126500,P003,finger_reposition,TRANSITION,,,,475,678357,114392,120809,113343.58,119313.25,1048.42,1495.75,1346.05,2976.7,False,False,nan,True,0.775,nan,89.39,False,0,COLLECTING,0,,0,,,,,2,53,10,30,60,0.9992342067803723,0.24494897427831783
2026-08-31T20:58:07.293,121126546,P003,finger_reposition,TRANSITION,,,,476,678397,114255,120437,113361.8,119335.73,893.2,1101.27,1284.85,2942.87,True,False,nan,True,0.775,nan,89.39,False,0,COLLECTING,0,,0,,,,,2,53,10,30,60,0.9992342067803723,0.24494897427831783
2026-08-31T20:58:07.421,121126671,P003,finger_reposition,TRANSITION,,,,477,678437,114140,120138,113377.37,119351.77,762.63,786.23,1160.2,2907.21,False,False,nan,True,0.775,nan,89.39,False,0,COLLECTING,0,,0,,,,,2,53,10,30,60,1.0003294457327545,0.17320508075688776
2026-08-31T20:58:07.429,121126687,P003,finger_reposition,TRANSITION,,,,478,678477,114189,120231,113393.6,119369.36,795.4,861.64,1085.56,2870.78,False,False,nan,True,0.775,nan,89.39,False,0,COLLECTING,0,,0,,,,,2,53,10,30,60,1.0003294457327545,0.17320508075688776
2026-08-31T20:58:07.440,121126687,P003,finger_reposition,TRANSITION,,,,479,678517,114287,120448,113411.47,119390.93,875.53,1057.07,1078.44,2834.93,False,False,nan,True,0.775,nan,89.39,False,0,COLLECTING,0,,0,,,,,2,53,10,30,60,1.0003294457327545,0.17320508075688776
2026-08-31T20:58:07.447,121126703,P003,finger_reposition,TRANSITION,,,,480,678557,114391,120667,113431.06,119416.45,959.94,1250.55,1121.46,2800.66,False,False,nan,True,0.775,nan,89.39,False,0,COLLECTING,0,,0,,,,,2,53,10,30,60,1.0003294457327545,0.17320508075688776
2026-08-31T20:58:07.492,121126750,P003,finger_reposition,TRANSITION,,,,481,678597,114462,120808,113451.68,119444.28,1010.32,1363.72,1182.03,2768.29,False,False,nan,True,0.775,nan,89.39,False,0,COLLECTING,0,,0,,,,,2,53,10,30,60,1.0003294457327545,0.17320508075688776
2026-08-31T20:58:07.617,121126875,P003,finger_reposition,TRANSITION,,,,482,678637,114437,120749,113471.38,119470.38,965.62,1278.62,1206.18,2737.05,False,False,nan,True,0.775,nan,89.39,False,0,COLLECTING,0,,0,,,,,2,53,10,30,60,0.9994668578797398,0.24494897427831783
2026-08-31T20:58:07.630,121126875,P003,finger_reposition,TRANSITION,,,,483,678677,114307,120440,113488.09,119489.77,818.91,950.23,1142.19,2705.15,True,False,nan,True,0.7276,nan,92.14,False,0,COLLECTING,0,,0,,,,,2,53,10,30,60,0.9994668578797398,0.24494897427831783
2026-08-31T20:58:07.638,121126890,P003,finger_reposition,TRANSITION,,,,484,678717,114014,119757,113498.61,119495.11,515.39,261.89,922.12,2669.49,False,False,nan,True,0.7276,nan,92.14,False,0,COLLECTING,0,,0,,,,,2,53,10,30,60,0.9994668578797398,0.24494897427831783
2026-08-31T20:58:07.652,121126906,P003,finger_reposition,TRANSITION,,,,485,678757,113093,117771,113490.5,119460.62,-397.5,-1689.62,269.18,2621.48,False,False,nan,True,0.7276,nan,92.14,False,0,COLLECTING,0,,0,,,,,2,53,10,30,60,0.9994668578797398,0.24494897427831783
2026-08-31T20:58:07.693,121126937,P003,finger_reposition,TRANSITION,,,,486,678797,111413,114186,113448.95,119355.13,-2035.95,-5169.13,-1090.4,2590.86,False,False,nan,True,0.7276,nan,92.14,False,0,COLLECTING,0,,0,,,,,2,53,10,30,60,0.9994668578797398,0.24494897427831783
2026-08-31T20:58:07.816,121127062,P003,finger_reposition,TRANSITION,,,,487,678837,60119,49610,nan,nan,nan,nan,nan,nan,False,False,nan,False,0.0,nan,nan,False,0,COLLECTING,0,,0,,,,,2,53,10,30,60,0.9992342067803723,0.24494897427831783
2026-08-31T20:58:07.825,121127078,P003,finger_reposition,TRANSITION,,,,488,678877,11598,12358,nan,nan,nan,nan,nan,nan,False,False,nan,False,0.0,nan,nan,False,0,COLLECTING,0,,0,,,,,2,53,10,30,60,0.9992342067803723,0.24494897427831783
2026-08-31T20:58:07.833,121127078,P003,finger_reposition,TRANSITION,,,,489,678917,6842,7446,nan,nan,nan,nan,nan,nan,False,False,nan,False,0.0,nan,nan,False,0,COLLECTING,0,,0,,,,,2,53,10,30,60,0.9992342067803723,0.24494897427831783
2026-08-31T20:58:07.849,121127093,P003,finger_reposition,TRANSITION,,,,490,678957,5239,5652,nan,nan,nan,nan,nan,nan,False,False,nan,False,0.0,nan,nan,False,0,COLLECTING,0,,0,,,,,2,53,10,30,60,0.9992342067803723,0.24494897427831783
2026-08-31T20:58:07.890,121127140,P003,finger_reposition,TRANSITION,,,,491,678997,4355,4632,nan,nan,nan,nan,nan,nan,False,False,nan,False,0.0,nan,nan,False,0,COLLECTING,0,,0,,,,,2,53,10,30,60,0.9992342067803723,0.24494897427831783
2026-08-31T20:58:08.016,121127265,P003,finger_reposition,TRANSITION,,,,492,679037,3773,3971,nan,nan,nan,nan,nan,nan,False,False,nan,False,0.0,nan,nan,False,0,NO_FINGER,0,,0,,,,,0,53,10,30,60,0.9994668578797398,0.17320508075688776
2026-08-31T20:58:08.024,121127281,P003,finger_reposition,TRANSITION,,,,493,679077,3401,3576,nan,nan,nan,nan,nan,nan,False,False,nan,False,0.0,nan,nan,False,0,NO_FINGER,0,,0,,,,,0,53,10,30,60,0.9994668578797398,0.17320508075688776
2026-08-31T20:58:08.032,121127281,P003,finger_reposition,TRANSITION,,,,494,679117,3157,3304,nan,nan,nan,nan,nan,nan,False,False,nan,False,0.0,nan,nan,False,0,NO_FINGER,0,,0,,,,,0,53,10,30,60,0.9994668578797398,0.17320508075688776
2026-08-31T20:58:08.050,121127296,P003,finger_reposition,TRANSITION,,,,495,679157,2876,3007,nan,nan,nan,nan,nan,nan,False,False,nan,False,0.0,nan,nan,False,0,NO_FINGER,0,,0,,,,,0,53,10,30,60,0.9994668578797398,0.17320508075688776
2026-08-31T20:58:08.099,121127343,P003,finger_reposition,TRANSITION,,,,496,679197,2618,2738,nan,nan,nan,nan,nan,nan,False,False,nan,False,0.0,nan,nan,False,0,NO_FINGER,0,,0,,,,,0,53,10,30,60,0.9994668578797398,0.17320508075688776
2026-08-31T20:58:08.215,121127468,P003,finger_reposition,TRANSITION,,,,497,679237,2421,2543,nan,nan,nan,nan,nan,nan,False,False,nan,False,0.0,nan,nan,False,0,NO_FINGER,0,,0,,,,,0,53,10,30,60,0.9992342067803723,0.24494897427831783
2026-08-31T20:58:08.226,121127484,P003,finger_reposition,TRANSITION,,,,498,679277,2282,2418,nan,nan,nan,nan,nan,nan,False,False,nan,False,0.0,nan,nan,False,0,NO_FINGER,0,,0,,,,,0,53,10,30,60,0.9992342067803723,0.24494897427831783
2026-08-31T20:58:08.232,121127484,P003,finger_reposition,TRANSITION,,,,499,679317,2245,2392,nan,nan,nan,nan,nan,nan,False,False,nan,False,0.0,nan,nan,False,0,NO_FINGER,0,,0,,,,,0,53,10,30,60,0.9992342067803723,0.24494897427831783
2026-08-31T20:58:08.249,121127500,P003,finger_reposition,TRANSITION,,,,500,679357,2242,2409,nan,nan,nan,nan,nan,nan,False,False,nan,False,0.0,nan,nan,False,0,NO_FINGER,0,,0,,,,,0,53,10,30,60,0.9992342067803723,0.24494897427831783
2026-08-31T20:58:08.290,121127546,P003,finger_reposition,TRANSITION,,,,501,679397,2205,2379,nan,nan,nan,nan,nan,nan,False,False,nan,False,0.0,nan,nan,False,0,NO_FINGER,0,,0,,,,,0,53,10,30,60,0.9992342067803723,0.24494897427831783
2026-08-31T20:58:08.416,121127671,P003,finger_reposition,TRANSITION,,,,502,679437,2187,2361,nan,nan,nan,nan,nan,nan,False,False,nan,False,0.0,nan,nan,False,0,NO_FINGER,0,,0,,,,,0,53,10,30,60,0.9987852622060459,0.24494897427831783
2026-08-31T20:58:08.426,121127671,P003,finger_reposition,TRANSITION,,,,503,679477,2168,2356,nan,nan,nan,nan,nan,nan,False,False,nan,False,0.0,nan,nan,False,0,NO_FINGER,0,,0,,,,,0,53,10,30,60,0.9987852622060459,0.24494897427831783
2026-08-31T20:58:08.434,121127687,P003,finger_reposition,TRANSITION,,,,504,679517,2183,2386,nan,nan,nan,nan,nan,nan,False,False,nan,False,0.0,nan,nan,False,0,NO_FINGER,0,,0,,,,,0,53,10,30,60,0.9987852622060459,0.24494897427831783
2026-08-31T20:58:08.450,121127703,P003,finger_reposition,TRANSITION,,,,505,679557,2172,2371,nan,nan,nan,nan,nan,nan,False,False,nan,False,0.0,nan,nan,False,0,NO_FINGER,0,,0,,,,,0,53,10,30,60,0.9987852622060459,0.24494897427831783
2026-08-31T20:58:08.490,121127734,P003,finger_reposition,TRANSITION,,,,506,679597,2180,2377,nan,nan,nan,nan,nan,nan,False,False,nan,False,0.0,nan,nan,False,0,NO_FINGER,0,,0,,,,,0,53,10,30,60,0.9987852622060459,0.24494897427831783
2026-08-31T20:58:08.615,121127859,P003,finger_reposition,TRANSITION,,,,507,679637,2175,2389,nan,nan,nan,nan,nan,nan,False,False,nan,False,0.0,nan,nan,False,0,NO_FINGER,0,,0,,,,,0,53,10,30,60,0.9992342067803723,0.17320508075688776
2026-08-31T20:58:08.624,121127875,P003,finger_reposition,TRANSITION,,,,508,679677,2178,2399,nan,nan,nan,nan,nan,nan,False,False,nan,False,0.0,nan,nan,False,0,NO_FINGER,0,,0,,,,,0,53,10,30,60,0.9992342067803723,0.17320508075688776
2026-08-31T20:58:08.630,121127875,P003,finger_reposition,TRANSITION,,,,509,679717,2179,2396,nan,nan,nan,nan,nan,nan,False,False,nan,False,0.0,nan,nan,False,0,NO_FINGER,0,,0,,,,,0,53,10,30,60,0.9992342067803723,0.17320508075688776
2026-08-31T20:58:08.648,121127906,P003,finger_reposition,TRANSITION,,,,510,679757,2182,2408,nan,nan,nan,nan,nan,nan,False,False,nan,False,0.0,nan,nan,False,0,NO_FINGER,0,,0,,,,,0,53,10,30,60,0.9992342067803723,0.17320508075688776
2026-08-31T20:58:08.692,121127937,P003,finger_reposition,TRANSITION,,,,511,679797,2184,2409,nan,nan,nan,nan,nan,nan,False,False,nan,False,0.0,nan,nan,False,0,NO_FINGER,0,,0,,,,,0,53,10,30,60,0.9992342067803723,0.17320508075688776
2026-08-31T20:58:08.817,121128062,P003,finger_reposition,TRANSITION,,,,512,679837,2190,2416,nan,nan,nan,nan,nan,nan,False,False,nan,False,0.0,nan,nan,False,0,NO_FINGER,0,,0,,,,,0,53,10,30,60,0.9992342067803723,0.30000000000000004
2026-08-31T20:58:08.826,121128078,P003,finger_reposition,TRANSITION,,,,513,679877,2194,2422,nan,nan,nan,nan,nan,nan,False,False,nan,False,0.0,nan,nan,False,0,NO_FINGER,0,,0,,,,,0,53,10,30,60,0.9992342067803723,0.30000000000000004
2026-08-31T20:58:08.834,121128078,P003,finger_reposition,TRANSITION,,,,514,679917,2244,2473,nan,nan,nan,nan,nan,nan,False,False,nan,False,0.0,nan,nan,False,0,NO_FINGER,0,,0,,,,,0,53,10,30,60,0.9992342067803723,0.30000000000000004
2026-08-31T20:58:08.850,121128093,P003,finger_reposition,TRANSITION,,,,515,679957,2297,2543,nan,nan,nan,nan,nan,nan,False,False,nan,False,0.0,nan,nan,False,0,NO_FINGER,0,,0,,,,,0,53,10,30,60,0.9992342067803723,0.30000000000000004
2026-08-31T20:58:08.889,121128140,P003,finger_reposition,TRANSITION,,,,516,679997,2441,2698,nan,nan,nan,nan,nan,nan,False,False,nan,False,0.0,nan,nan,False,0,NO_FINGER,0,,0,,,,,0,53,10,30,60,0.9992342067803723,0.30000000000000004
2026-08-31T20:58:09.016,121128265,P003,finger_reposition,TRANSITION,,,,517,680037,2540,2797,nan,nan,nan,nan,nan,nan,False,False,nan,False,0.0,nan,nan,False,0,NO_FINGER,0,,0,,,,,0,53,10,30,60,0.9992342067803723,0.24494897427831783
2026-08-31T20:58:09.024,121128281,P003,finger_reposition,TRANSITION,,,,518,680077,2596,2868,nan,nan,nan,nan,nan,nan,False,False,nan,False,0.0,nan,nan,False,0,NO_FINGER,0,,0,,,,,0,53,10,30,60,0.9992342067803723,0.24494897427831783
2026-08-31T20:58:09.031,121128281,P003,finger_reposition,TRANSITION,,,,519,680117,2649,2919,nan,nan,nan,nan,nan,nan,False,False,nan,False,0.0,nan,nan,False,0,NO_FINGER,0,,0,,,,,0,53,10,30,60,0.9992342067803723,0.24494897427831783
2026-08-31T20:58:09.049,121128296,P003,finger_reposition,TRANSITION,,,,520,680157,2679,2950,nan,nan,nan,nan,nan,nan,False,False,nan,False,0.0,nan,nan,False,0,NO_FINGER,0,,0,,,,,0,53,10,30,60,0.9992342067803723,0.24494897427831783
2026-08-31T20:58:09.089,121128343,P003,finger_reposition,TRANSITION,,,,521,680197,2709,2980,nan,nan,nan,nan,nan,nan,False,False,nan,False,0.0,nan,nan,False,0,NO_FINGER,0,,0,,,,,0,53,10,30,60,0.9992342067803723,0.24494897427831783
2026-08-31T20:58:09.215,121128468,P003,finger_reposition,TRANSITION,,,,522,680237,2727,3009,nan,nan,nan,nan,nan,nan,False,False,nan,False,0.0,nan,nan,False,0,NO_FINGER,0,,0,,,,,0,53,10,30,60,0.9992342067803723,0.24494897427831783
2026-08-31T20:58:09.224,121128468,P003,finger_reposition,TRANSITION,,,,523,680277,2769,3054,nan,nan,nan,nan,nan,nan,False,False,nan,False,0.0,nan,nan,False,0,NO_FINGER,0,,0,,,,,0,53,10,30,60,0.9992342067803723,0.24494897427831783
2026-08-31T20:58:09.229,121128484,P003,finger_reposition,TRANSITION,,,,524,680317,2869,3182,nan,nan,nan,nan,nan,nan,False,False,nan,False,0.0,nan,nan,False,0,NO_FINGER,0,,0,,,,,0,53,10,30,60,0.9992342067803723,0.24494897427831783
2026-08-31T20:58:09.250,121128500,P003,finger_reposition,TRANSITION,,,,525,680357,2982,3299,nan,nan,nan,nan,nan,nan,False,False,nan,False,0.0,nan,nan,False,0,NO_FINGER,0,,0,,,,,0,53,10,30,60,0.9992342067803723,0.24494897427831783
2026-08-31T20:58:09.290,121128546,P003,finger_reposition,TRANSITION,,,,526,680397,3201,3540,nan,nan,nan,nan,nan,nan,False,False,nan,False,0.0,nan,nan,False,0,NO_FINGER,0,,0,,,,,0,53,10,30,60,0.9992342067803723,0.24494897427831783
2026-08-31T20:58:09.415,121128671,P003,finger_reposition,TRANSITION,,,,527,680437,3608,4011,nan,nan,nan,nan,nan,nan,False,False,nan,False,0.0,nan,nan,False,0,NO_FINGER,0,,0,,,,,0,53,10,30,60,0.9994668578797398,0.24494897427831783
2026-08-31T20:58:09.426,121128671,P003,finger_reposition,TRANSITION,,,,528,680477,4534,5100,nan,nan,nan,nan,nan,nan,False,False,nan,False,0.0,nan,nan,False,0,NO_FINGER,0,,0,,,,,0,53,10,30,60,0.9994668578797398,0.24494897427831783
2026-08-31T20:58:09.433,121128687,P003,finger_reposition,TRANSITION,,,,529,680517,6726,7713,nan,nan,nan,nan,nan,nan,False,False,nan,False,0.0,nan,nan,False,0,NO_FINGER,0,,0,,,,,0,53,10,30,60,0.9994668578797398,0.24494897427831783
2026-08-31T20:58:09.449,121128703,P003,finger_reposition,TRANSITION,,,,530,680557,11081,12889,nan,nan,nan,nan,nan,nan,False,False,nan,False,0.0,nan,nan,False,0,NO_FINGER,0,,0,,,,,0,53,10,30,60,0.9994668578797398,0.24494897427831783
2026-08-31T20:58:09.490,121128734,P003,finger_reposition,TRANSITION,,,,531,680597,19076,21608,nan,nan,nan,nan,nan,nan,False,False,nan,False,0.0,nan,nan,False,0,NO_FINGER,0,,0,,,,,0,53,10,30,60,0.9994668578797398,0.24494897427831783
2026-08-31T20:58:09.615,121128859,P003,finger_reposition,TRANSITION,,,,532,680637,33894,35070,nan,nan,nan,nan,nan,nan,False,False,nan,False,0.0,nan,nan,False,0,NO_FINGER,0,,0,,,,,0,53,10,30,60,0.9992342067803723,0.24494897427831783
2026-08-31T20:58:09.625,121128875,P003,finger_reposition,TRANSITION,,,,533,680677,68048,64282,68048.0,64282.0,0.0,0.0,0.0,0.0,False,False,nan,True,0.0,nan,nan,False,0,NO_FINGER,0,,0,,,,,0,53,10,30,60,0.9992342067803723,0.24494897427831783
2026-08-31T20:58:09.633,121128890,P003,finger_reposition,TRANSITION,,,,534,680717,110524,102905,68897.52,65054.46,41626.48,37850.54,9462.63,189.25,False,False,nan,True,0.075,nan,nan,False,0,NO_FINGER,0,,0,,,,,0,53,10,30,60,0.9992342067803723,0.24494897427831783
2026-08-31T20:58:09.652,121128906,P003,finger_reposition,TRANSITION,,,,535,680757,109529,106047,69710.16,65874.31,39818.84,40172.69,17140.15,528.27,False,False,nan,True,0.075,nan,nan,False,0,NO_FINGER,0,,0,,,,,0,53,10,30,60,0.9992342067803723,0.24494897427831783
2026-08-31T20:58:09.694,121128937,P003,finger_reposition,TRANSITION,,,,536,680797,110778,109673,70531.52,66750.29,40246.48,42922.71,23585.79,989.42,False,False,nan,True,0.075,nan,nan,False,0,NO_FINGER,0,,0,,,,,0,53,10,30,60,0.9992342067803723,0.24494897427831783
2026-08-31T20:58:09.819,121129062,P003,finger_reposition,TRANSITION,,,,537,680837,110975,111681,71340.38,67648.91,39634.62,44032.09,28697.37,1543.58,False,False,nan,True,0.075,nan,nan,False,0,COLLECTING,0,,0,,,,,0,53,10,30,60,0.9990180178555339,0.17320508075688776
2026-08-31T20:58:09.829,121129078,P003,finger_reposition,TRANSITION,,,,538,680877,111742,114197,72148.41,68579.87,39593.59,45617.13,32927.31,2171.25,False,False,nan,True,0.075,nan,nan,False,0,COLLECTING,0,,0,,,,,0,53,10,30,60,0.9990180178555339,0.17320508075688776
2026-08-31T20:58:09.836,121129093,P003,finger_reposition,TRANSITION,,,,539,680917,112815,116669,72961.74,69541.65,39853.26,47127.35,36477.32,2857.38,False,False,nan,True,0.075,nan,nan,False,0,COLLECTING,0,,0,,,,,0,53,10,30,60,0.9990180178555339,0.17320508075688776
2026-08-31T20:58:09.848,121129093,P003,finger_reposition,TRANSITION,,,,540,680957,113698,118735,73776.47,70525.52,39921.53,48209.48,39410.36,3588.44,False,False,nan,True,0.075,nan,nan,False,0,COLLECTING,0,,0,,,,,0,53,10,30,60,0.9990180178555339,0.17320508075688776
2026-08-31T20:58:09.892,121129140,P003,finger_reposition,TRANSITION,,,,541,680997,114382,120231,74588.58,71519.62,39793.42,48711.38,41735.61,4351.38,False,False,nan,True,0.075,nan,nan,False,0,COLLECTING,0,,0,,,,,0,53,10,30,60,0.9990180178555339,0.17320508075688776
2026-08-31T20:58:10.018,121129265,P003,finger_reposition,TRANSITION,,,,542,681037,114704,121322,75390.88,72515.67,39313.12,48806.33,43503.29,5134.42,False,False,nan,True,0.075,nan,nan,False,0,COLLECTING,0,,0,,,,,0,53,10,30,60,0.9994668578797398,0.17320508075688776
2026-08-31T20:58:10.030,121129281,P003,finger_reposition,TRANSITION,,,,543,681077,114998,122044,76183.02,73506.24,38814.98,48537.76,44761.91,5926.97,False,False,nan,True,0.075,nan,nan,False,0,COLLECTING,0,,0,,,,,0,53,10,30,60,0.9994668578797398,0.17320508075688776
2026-08-31T20:58:10.036,121129281,P003,finger_reposition,TRANSITION,,,,544,681117,115254,122538,76964.45,74486.88,38289.55,48051.12,45584.21,6720.11,False,False,nan,True,0.075,nan,nan,False,0,COLLECTING,0,,0,,,,,0,53,10,30,60,0.9994668578797398,0.17320508075688776
2026-08-31T20:58:10.049,121129296,P003,finger_reposition,TRANSITION,,,,545,681157,115448,122934,77734.12,75455.82,37713.88,47478.18,46057.71,7506.86,False,False,nan,True,0.075,nan,nan,False,0,COLLECTING,0,,0,,,,,0,53,10,30,60,0.9994668578797398,0.17320508075688776
2026-08-31T20:58:10.094,121129343,P003,finger_reposition,TRANSITION,,,,546,681197,115634,123277,78492.12,76412.24,37141.88,46864.76,46259.47,8281.92,False,False,nan,True,0.075,nan,nan,False,0,COLLECTING,0,,0,,,,,0,53,10,30,60,0.9994668578797398,0.17320508075688776
2026-08-31T20:58:10.223,121129468,P003,finger_reposition,TRANSITION,,,,547,681237,115759,123524,79237.45,77354.48,36521.55,46169.52,46236.98,9041.02,True,True,nan,True,0.075,nan,nan,False,0,COLLECTING,0,,0,,,,,0,53,10,30,60,0.9994668578797398,0.30000000000000004
2026-08-31T20:58:10.231,121129484,P003,finger_reposition,TRANSITION,,,,548,681277,115859,123718,79969.88,78281.75,35889.12,45436.25,46036.8,9780.93,False,False,nan,True,0.075,nan,nan,False,0,COLLECTING,0,,0,,,,,0,53,10,30,60,0.9994668578797398,0.30000000000000004
2026-08-31T20:58:10.243,121129500,P003,finger_reposition,TRANSITION,,,,549,681317,115932,123871,80689.12,79193.53,35242.88,44677.47,45696.97,10499.25,False,False,nan,True,0.075,nan,nan,False,0,COLLECTING,0,,0,,,,,0,53,10,30,60,0.9994668578797398,0.30000000000000004
2026-08-31T20:58:10.251,121129500,P003,finger_reposition,TRANSITION,,,,550,681357,115906,123780,81393.46,80085.26,34512.54,43694.74,45196.41,11193.2,False,False,nan,True,0.075,nan,nan,False,0,COLLECTING,0,,0,,,,,0,53,10,30,60,0.9994668578797398,0.30000000000000004
2026-08-31T20:58:10.292,121129546,P003,finger_reposition,TRANSITION,,,,551,681397,115696,123315,82079.51,80949.85,33616.49,42365.15,44488.6,11859.11,False,False,nan,True,0.075,nan,nan,False,0,COLLECTING,0,,0,,,,,0,53,10,30,60,0.9994668578797398,0.30000000000000004
2026-08-31T20:58:10.419,121129671,P003,finger_reposition,TRANSITION,,,,552,681437,115485,122851,82747.62,81787.88,32737.38,41063.12,43632.23,12494.57,False,False,nan,True,0.075,nan,nan,False,0,COLLECTING,0,,0,,,,,0,53,10,30,60,0.9992342067803723,0.24494897427831783
2026-08-31T20:58:10.428,121129671,P003,finger_reposition,TRANSITION,,,,553,681477,115400,122654,83400.66,82605.2,31999.34,40048.8,42736.38,13099.4,False,False,nan,True,0.075,nan,nan,False,0,COLLECTING,0,,0,,,,,0,53,10,30,60,0.9992342067803723,0.24494897427831783
2026-08-31T20:58:10.439,121129687,P003,finger_reposition,TRANSITION,,,,554,681517,115447,122740,84041.59,83407.89,31405.41,39332.11,41885.31,13675.12,False,False,nan,True,0.075,nan,nan,False,0,COLLECTING,0,,0,,,,,0,53,10,30,60,0.9992342067803723,0.24494897427831783
2026-08-31T20:58:10.448,121129703,P003,finger_reposition,TRANSITION,,,,555,681557,115486,122849,84670.48,84196.71,30815.52,38652.29,41077.05,14223.16,False,False,nan,True,0.075,nan,nan,False,0,COLLECTING,0,,0,,,,,0,53,10,30,60,0.9992342067803723,0.24494897427831783
2026-08-31T20:58:10.492,121129750,P003,finger_reposition,TRANSITION,,,,556,681597,115538,122956,85287.84,84971.9,30250.16,37984.1,40303.82,14744.77,False,False,nan,True,0.075,nan,nan,False,0,COLLECTING,0,,0,,,,,0,53,10,30,60,0.9992342067803723,0.24494897427831783
2026-08-31T20:58:10.617,121129875,P003,finger_reposition,TRANSITION,,,,557,681637,115531,122942,85892.7,85731.3,29638.3,37210.7,39530.54,15240.49,False,False,nan,True,0.075,nan,nan,False,0,COLLECTING,0,,0,,,,,0,53,10,30,60,0.9992342067803723,0.24494897427831783
2026-08-31T20:58:10.630,121129875,P003,finger_reposition,TRANSITION,,,,558,681677,115495,122866,86484.74,86473.99,29010.26,36392.01,38745.91,15710.6,False,False,nan,True,0.075,nan,nan,False,0,COLLECTING,0,,0,,,,,0,53,10,30,60,0.9992342067803723,0.24494897427831783
2026-08-31T20:58:10.637,121129890,P003,finger_reposition,TRANSITION,,,,559,681717,115473,122813,87064.51,87200.77,28408.49,35612.23,37962.48,16155.64,False,False,nan,True,0.075,nan,nan,False,0,COLLECTING,0,,0,,,,,0,53,10,30,60,0.9992342067803723,0.24494897427831783
2026-08-31T20:58:10.648,121129906,P003,finger_reposition,TRANSITION,,,,560,681757,115484,122863,87632.9,87914.02,27851.1,34948.98,37209.11,16576.71,False,False,nan,True,0.075,nan,nan,False,0,COLLECTING,0,,0,,,,,0,53,10,30,60,0.9992342067803723,0.24494897427831783
2026-08-31T20:58:10.693,121129937,P003,finger_reposition,TRANSITION,,,,561,681797,115518,122959,88190.6,88614.91,27327.4,34344.09,36492.85,16975.03,False,False,nan,True,0.075,nan,nan,False,0,COLLECTING,0,,0,,,,,0,53,10,30,60,0.9992342067803723,0.24494897427831783
2026-08-31T20:58:10.818,121130062,P003,finger_reposition,TRANSITION,,,,562,681837,115574,123080,88738.27,89304.22,26835.73,33775.78,35813.59,17351.8,False,False,nan,True,0.075,nan,nan,False,0,COLLECTING,0,,0,,,,,0,53,10,30,60,0.9992342067803723,0.24494897427831783
2026-08-31T20:58:10.829,121130078,P003,finger_reposition,TRANSITION,,,,563,681877,115633,123206,89276.16,89982.26,26356.84,33223.74,35166.12,17708.09,False,False,nan,True,0.075,nan,nan,False,0,COLLECTING,0,,0,,,,,0,53,10,30,60,0.9992342067803723,0.24494897427831783
2026-08-31T20:58:10.839,121130093,P003,finger_reposition,TRANSITION,,,,564,681917,115659,123284,89803.82,90648.29,25855.18,32635.71,34533.52,18044.59,False,False,nan,True,0.075,nan,nan,False,0,COLLECTING,0,,0,,,,,0,53,10,30,60,0.9992342067803723,0.24494897427831783
2026-08-31T20:58:10.849,121130093,P003,finger_reposition,TRANSITION,,,,565,681957,115676,123354,90321.27,91302.41,25354.73,32051.59,33913.04,18361.96,False,False,nan,True,0.075,nan,nan,False,0,COLLECTING,0,,0,,,,,0,53,10,30,60,0.9992342067803723,0.24494897427831783
2026-08-31T20:58:10.895,121130140,P003,finger_reposition,TRANSITION,,,,566,681997,115686,123379,90828.56,91943.94,24857.44,31435.06,33293.55,18660.59,False,False,nan,True,0.075,nan,nan,False,0,COLLECTING,0,,0,,,,,0,53,10,30,60,0.9992342067803723,0.24494897427831783
2026-08-31T20:58:11.018,121130265,P003,finger_reposition,TRANSITION,,,,567,682037,115672,123383,91325.43,92572.72,24346.57,30810.28,32672.73,18940.84,False,False,nan,True,0.075,nan,nan,False,0,COLLECTING,0,,0,,,,,0,53,10,30,60,0.9994668578797398,0.17320508075688776
2026-08-31T20:58:11.029,121130281,P003,finger_reposition,TRANSITION,,,,568,682077,115668,123365,91812.28,93188.56,23855.72,30176.44,32048.66,19202.99,False,False,nan,True,0.075,nan,nan,False,0,COLLECTING,0,,0,,,,,0,53,10,30,60,0.9994668578797398,0.17320508075688776
2026-08-31T20:58:11.038,121130281,P003,finger_reposition,TRANSITION,,,,569,682117,115518,123024,92286.4,93785.27,23231.6,29238.73,31346.17,19445.86,False,False,nan,True,0.075,nan,nan,False,0,COLLECTING,0,,0,,,,,0,53,10,30,60,0.9994668578797398,0.17320508075688776
2026-08-31T20:58:11.051,121130296,P003,finger_reposition,TRANSITION,,,,570,682157,115258,122415,92745.83,94357.87,22512.17,28057.13,30523.91,19667.42,False,False,nan,True,0.075,nan,nan,False,0,COLLECTING,0,,0,,,,,0,53,10,30,60,0.9994668578797398,0.17320508075688776
2026-08-31T20:58:11.094,121130343,P003,finger_reposition,TRANSITION,,,,571,682197,115109,122102,93193.09,94912.75,21915.91,27189.25,29690.25,19867.87,False,False,nan,True,0.075,nan,nan,False,0,COLLECTING,0,,0,,,,,0,53,10,30,60,0.9994668578797398,0.17320508075688776
2026-08-31T20:58:11.218,121130468,P003,finger_reposition,TRANSITION,,,,572,682237,115149,122192,93632.21,95458.34,21516.79,26733.66,28951.1,20049.54,False,False,nan,True,0.075,nan,nan,False,0,COLLECTING,0,,0,,,,,0,53,10,30,60,0.9994668578797398,0.30000000000000004
2026-08-31T20:58:11.228,121130484,P003,finger_reposition,TRANSITION,,,,573,682277,115232,122385,94064.2,95996.87,21167.8,26388.13,28310.36,20214.75,False,False,nan,True,0.075,nan,nan,False,0,COLLECTING,0,,0,,,,,0,53,10,30,60,0.9994668578797398,0.30000000000000004
2026-08-31T20:58:11.237,121130484,P003,finger_reposition,TRANSITION,,,,574,682317,115305,122568,94489.02,96528.29,20815.98,26039.71,27742.7,20365.31,False,False,nan,True,0.075,nan,nan,False,0,COLLECTING,0,,0,,,,,0,53,10,30,60,0.9994668578797398,0.30000000000000004
2026-08-31T20:58:11.251,121130500,P003,finger_reposition,TRANSITION,,,,575,682357,115354,122679,94906.31,97051.3,20447.69,25627.7,27213.95,20502.29,False,False,nan,True,0.075,nan,nan,False,0,COLLECTING,0,,0,,,,,0,53,10,30,60,0.9994668578797398,0.30000000000000004
2026-08-31T20:58:11.294,121130546,P003,finger_reposition,TRANSITION,,,,576,682397,115334,122634,95314.87,97562.96,20019.13,25071.04,26678.22,20625.8,False,False,nan,True,0.075,nan,nan,False,0,COLLECTING,0,,0,,,,,0,53,10,30,60,0.9994668578797398,0.30000000000000004
2026-08-31T20:58:11.417,121130671,P003,finger_reposition,TRANSITION,,,,577,682437,115278,122510,95714.13,98061.9,19563.87,24448.1,26120.69,20735.7,False,False,nan,True,0.075,nan,nan,False,0,COLLECTING,0,,0,,,,,0,53,10,30,60,0.9992342067803723,0.24494897427831783
2026-08-31T20:58:11.428,121130671,P003,finger_reposition,TRANSITION,,,,578,682477,115253,122470,96104.91,98550.06,19148.09,23919.94,25570.5,20832.4,False,False,nan,True,0.075,nan,nan,False,0,COLLECTING,0,,0,,,,,0,53,10,30,60,0.9992342067803723,0.24494897427831783
2026-08-31T20:58:11.437,121130687,P003,finger_reposition,TRANSITION,,,,579,682527,115248,122491,96487.77,99028.88,18760.23,23462.12,25043.41,20916.62,False,False,nan,True,0.075,nan,nan,False,0,COLLECTING,0,,0,,,,,0,53,10,30,60,0.9992342067803723,0.24494897427831783
2026-08-31T20:58:11.449,121130703,P003,finger_reposition,TRANSITION,,,,580,682557,115285,122575,96863.71,99499.8,18421.29,23075.2,24551.35,20989.31,False,False,nan,True,0.075,nan,nan,False,0,COLLECTING,0,,0,,,,,0,53,10,30,60,0.9992342067803723,0.24494897427831783
2026-08-31T20:58:11.503,121130750,P003,finger_reposition,TRANSITION,,,,581,682607,115321,122673,97232.86,99963.27,18088.14,22709.73,24090.95,21051.35,False,False,nan,True,0.075,nan,nan,False,0,COLLECTING,0,,0,,,,,0,53,10,30,60,0.9992342067803723,0.24494897427831783
2026-08-31T20:58:11.619,121130875,P003,finger_reposition,TRANSITION,,,,582,682647,115360,122728,97595.4,100418.56,17764.6,22309.44,23645.57,21103.23,False,False,nan,True,0.075,nan,nan,False,0,COLLECTING,0,,0,,,,,0,53,10,30,60,0.9987852622060459,0.30000000000000004
2026-08-31T20:58:11.632,121130875,P003,finger_reposition,TRANSITION,,,,583,682687,115412,122867,97951.73,100867.53,17460.27,21999.47,23234.04,21145.85,False,False,nan,True,0.075,nan,nan,False,0,COLLECTING,0,,0,,,,,0,53,10,30,60,0.9987852622060459,0.30000000000000004
2026-08-31T20:58:11.638,121130890,P003,finger_reposition,TRANSITION,,,,584,682727,115447,122917,98301.63,101308.52,17145.37,21608.48,22827.65,21179.49,False,False,nan,True,0.075,nan,nan,False,0,COLLECTING,0,,0,,,,,0,53,10,30,60,0.9987852622060459,0.30000000000000004
2026-08-31T20:58:11.662,121130906,P003,finger_reposition,TRANSITION,,,,585,682767,115466,122976,98644.92,101741.88,16821.08,21234.12,22429.27,21204.48,False,False,nan,True,0.075,nan,nan,False,0,COLLECTING,0,,0,,,,,0,53,10,30,60,0.9987852622060459,0.30000000000000004
2026-08-31T20:58:11.702,121130953,P003,finger_reposition,TRANSITION,,,,586,682807,115447,122925,98980.96,102165.54,16466.04,20759.46,22011.82,21220.63,False,False,nan,True,0.075,nan,nan,False,0,COLLECTING,0,,0,,,,,0,53,10,30,60,0.9987852622060459,0.30000000000000004
2026-08-31T20:58:11.820,121131078,P003,finger_reposition,TRANSITION,,,,587,682847,115268,122516,99306.7,102572.55,15961.3,19943.45,21494.73,21226.11,False,False,nan,True,0.075,nan,nan,False,0,COLLECTING,0,,0,,,,,0,53,10,30,60,0.9992342067803723,0.30000000000000004
2026-08-31T20:58:11.831,121131078,P003,finger_reposition,TRANSITION,,,,588,682887,115069,122058,99621.95,102962.26,15447.05,19095.74,20894.98,21219.49,False,False,nan,True,0.075,nan,nan,False,0,COLLECTING,0,,0,,,,,0,53,10,30,60,0.9992342067803723,0.30000000000000004
2026-08-31T20:58:11.839,121131093,P003,finger_reposition,TRANSITION,,,,589,682927,115012,121912,99929.75,103341.25,15082.25,18570.75,20313.92,21201.38,False,False,nan,True,0.075,nan,nan,False,0,COLLECTING,0,,0,,,,,0,53,10,30,60,0.9992342067803723,0.30000000000000004
2026-08-31T20:58:11.863,121131109,P003,finger_reposition,TRANSITION,,,,590,682967,115058,122009,100232.31,103714.6,14825.69,18294.4,19809.04,21173.53,False,False,nan,True,0.075,nan,nan,False,0,COLLECTING,0,,0,,,,,0,53,10,30,60,0.9992342067803723,0.30000000000000004
2026-08-31T20:58:11.902,121131156,P003,finger_reposition,TRANSITION,,,,591,683007,115129,122215,100530.25,104084.61,14598.75,18130.39,19389.38,21137.85,False,False,nan,True,0.075,nan,nan,False,0,COLLECTING,0,,0,,,,,0,53,10,30,60,0.9992342067803723,0.30000000000000004
2026-08-31T20:58:12.019,121131265,P003,finger_reposition,TRANSITION,,,,592,683047,115213,122473,100823.91,104452.38,14389.09,18020.62,19047.19,21096.03,False,False,nan,True,0.075,nan,nan,False,0,COLLECTING,0,,0,,,,,0,53,10,30,60,0.9994668578797398,0.30000000000000004
2026-08-31T20:58:12.031,121131281,P003,finger_reposition,TRANSITION,,,,593,683087,115244,122526,101112.3,104813.84,14131.7,17712.16,18713.43,21048.38,False,False,nan,True,0.075,nan,nan,False,0,COLLECTING,0,,0,,,,,0,53,10,30,60,0.9994668578797398,0.30000000000000004
2026-08-31T20:58:12.040,121131296,P003,finger_reposition,TRANSITION,,,,594,683127,115209,122420,101394.24,105165.97,13814.76,17254.03,18348.58,20994.38,False,False,nan,True,0.075,nan,nan,False,0,COLLECTING,0,,0,,,,,0,53,10,30,60,0.9994668578797398,0.30000000000000004
2026-08-31T20:58:12.062,121131312,P003,finger_reposition,TRANSITION,,,,595,683167,115169,122310,101669.73,105508.85,13499.27,16801.15,17961.72,20933.73,False,False,nan,True,0.075,nan,nan,False,0,COLLECTING,0,,0,,,,,0,53,10,30,60,0.9994668578797398,0.30000000000000004
2026-08-31T20:58:12.102,121131359,P003,finger_reposition,TRANSITION,,,,596,683207,115186,122337,101940.06,105845.41,13245.94,16491.59,17594.19,20866.94,False,False,nan,True,0.075,nan,nan,False,0,COLLECTING,0,,0,,,,,0,53,10,30,60,0.9994668578797398,0.30000000000000004
2026-08-31T20:58:12.218,121131468,P003,finger_reposition,TRANSITION,,,,597,683247,115203,122480,102205.32,106178.11,12997.68,16301.89,17271.11,20795.03,False,False,nan,True,0.075,nan,nan,False,0,COLLECTING,0,,0,,,,,0,53,10,30,60,0.9992342067803723,0.30000000000000004
2026-08-31T20:58:12.230,121131484,P003,finger_reposition,TRANSITION,,,,598,683287,115284,122643,102466.89,106507.41,12817.11,16135.59,16987.23,20718.87,False,False,nan,True,0.075,nan,nan,False,0,COLLECTING,0,,0,,,,,0,53,10,30,60,0.9992342067803723,0.30000000000000004
2026-08-31T20:58:12.239,121131484,P003,finger_reposition,TRANSITION,,,,599,683327,115316,122773,102723.88,106832.72,12592.12,15940.28,16725.5,20639.0,False,False,nan,True,0.075,nan,nan,False,0,COLLECTING,0,,0,,,,,0,53,10,30,60,0.9992342067803723,0.30000000000000004
2026-08-31T20:58:12.263,121131515,P003,finger_reposition,TRANSITION,,,,600,683367,115370,122899,102976.8,107154.05,12393.2,15744.95,16480.36,20555.83,False,False,nan,True,0.075,nan,nan,False,0,COLLECTING,0,,0,,,,,0,53,10,30,60,0.9992342067803723,0.30000000000000004
2026-08-31T20:58:12.301,121131546,P003,finger_reposition,TRANSITION,,,,601,683407,115425,123010,103225.76,107471.16,12199.24,15538.84,16244.98,20469.61,False,False,nan,True,0.075,nan,nan,False,0,COLLECTING,0,,0,,,,,0,53,10,30,60,0.9992342067803723,0.30000000000000004
2026-08-31T20:58:12.422,121131671,P003,finger_reposition,TRANSITION,,,,602,683447,115425,123080,103469.74,107783.34,11955.26,15296.66,16007.9,20380.38,False,False,nan,True,0.075,nan,nan,False,0,COLLECTING,0,,0,,,,,0,53,10,30,60,0.9992342067803723,0.30000000000000004
2026-08-31T20:58:12.430,121131687,P003,finger_reposition,TRANSITION,,,,603,683487,115426,123080,103708.87,108089.27,11717.13,14990.73,15753.61,20287.84,False,False,nan,True,0.075,nan,nan,False,0,COLLECTING,0,,0,,,,,0,53,10,30,60,0.9992342067803723,0.30000000000000004
2026-08-31T20:58:12.439,121131687,P003,finger_reposition,TRANSITION,,,,604,683527,115347,122832,103941.63,108384.12,11405.37,14447.88,15427.17,20190.63,False,False,nan,True,0.075,nan,nan,False,0,COLLECTING,0,,0,,,,,0,53,10,30,60,0.9992342067803723,0.30000000000000004
2026-08-31T20:58:12.462,121131718,P003,finger_reposition,TRANSITION,,,,605,683567,115095,122205,104164.7,108660.54,10930.3,13544.46,14956.5,20085.95,False,False,nan,True,0.075,nan,nan,False,0,COLLECTING,0,,0,,,,,0,53,10,30,60,0.9992342067803723,0.30000000000000004
2026-08-31T20:58:12.501,121131750,P003,finger_reposition,TRANSITION,,,,606,683607,114901,121901,104379.43,108925.35,10521.57,12975.65,14461.28,19973.45,False,False,nan,True,0.075,nan,nan,False,0,COLLECTING,0,,0,,,,,0,53,10,30,60,0.9992342067803723,0.30000000000000004
2026-08-31T20:58:12.619,121131875,P003,finger_reposition,TRANSITION,,,,607,683647,114991,121962,104591.66,109186.09,10399.34,12775.91,14039.94,19854.78,False,False,nan,True,0.075,nan,nan,False,0,COLLECTING,0,,0,,,,,0,53,10,30,60,0.9987852622060459,0.24494897427831783
2026-08-31T20:58:12.631,121131875,P003,finger_reposition,TRANSITION,,,,608,683687,115006,122061,104799.95,109443.59,10206.05,12617.41,13684.31,19731.37,False,False,nan,True,0.075,nan,nan,False,0,COLLECTING,0,,0,,,,,0,53,10,30,60,0.9987852622060459,0.24494897427831783
2026-08-31T20:58:12.640,121131890,P003,finger_reposition,TRANSITION,,,,609,683727,115052,122212,105004.99,109698.95,10047.01,12513.05,13391.49,19604.58,False,False,nan,True,0.075,nan,nan,False,0,COLLECTING,0,,0,,,,,0,53,10,30,60,0.9987852622060459,0.24494897427831783
2026-08-31T20:58:12.664,121131921,P003,finger_reposition,TRANSITION,,,,610,683767,115124,122296,105207.38,109950.89,9916.62,12345.11,13129.9,19475.08,False,False,nan,True,0.075,nan,nan,False,0,COLLECTING,0,,0,,,,,0,53,10,30,60,0.9987852622060459,0.24494897427831783
2026-08-31T20:58:12.702,121131953,P003,finger_reposition,TRANSITION,,,,611,683807,115125,122347,105405.73,110198.81,9719.27,12148.19,12884.47,19343.27,False,False,nan,True,0.075,nan,nan,False,0,COLLECTING,0,,0,,,,,0,53,10,30,60,0.9987852622060459,0.24494897427831783
2026-08-31T20:58:12.819,121132078,P003,finger_reposition,TRANSITION,,,,612,683847,115058,122206,105598.77,110438.95,9459.23,11767.05,12605.12,19208.51,False,False,nan,True,0.075,nan,nan,False,0,COLLECTING,0,,0,,,,,0,53,10,30,60,0.9992342067803723,0.24494897427831783
2026-08-31T20:58:12.832,121132078,P003,finger_reposition,TRANSITION,,,,613,683887,115021,122135,105787.22,110672.88,9233.78,11462.12,12319.37,19070.72,False,False,nan,True,0.075,nan,nan,False,0,COLLECTING,0,,0,,,,,0,53,10,30,60,0.9992342067803723,0.24494897427831783
2026-08-31T20:58:12.838,121132093,P003,finger_reposition,TRANSITION,,,,614,683927,115068,122227,105972.84,110903.96,9095.16,11323.04,12070.29,18930.71,False,False,nan,True,0.075,nan,nan,False,0,COLLECTING,0,,0,,,,,0,53,10,30,60,0.9992342067803723,0.24494897427831783
2026-08-31T20:58:12.863,121132109,P003,finger_reposition,TRANSITION,,,,615,683967,115125,122409,106155.88,111134.06,8969.12,11274.94,11871.45,18789.53,False,False,nan,True,0.075,nan,nan,False,0,COLLECTING,0,,0,,,,,0,53,10,30,60,0.9992342067803723,0.24494897427831783
2026-08-31T20:58:12.903,121132156,P003,finger_reposition,TRANSITION,,,,616,684007,115202,122540,106336.8,111362.18,8865.2,11177.82,11698.04,18647.7,False,False,nan,True,0.075,nan,nan,False,0,COLLECTING,0,,0,,,,,0,53,10,30,60,0.9992342067803723,0.24494897427831783
2026-08-31T20:58:13.019,121132265,P003,finger_reposition,TRANSITION,,,,617,684047,115250,122647,106515.07,111587.88,8734.93,11059.12,11538.31,18505.51,False,False,nan,True,0.075,nan,nan,False,0,COLLECTING,0,,0,,,,,0,53,10,30,60,0.9994668578797398,0.24494897427831783
2026-08-31T20:58:13.031,121132281,P003,finger_reposition,TRANSITION,,,,618,684087,115267,122781,106690.11,111811.73,8576.89,10969.27,11396.05,18363.32,False,False,nan,True,0.075,nan,nan,False,0,COLLECTING,0,,0,,,,,0,53,10,30,60,0.9994668578797398,0.24494897427831783
2026-08-31T20:58:13.039,121132296,P003,finger_reposition,TRANSITION,,,,619,684127,115334,122874,106862.98,112032.98,8471.02,10841.02,11257.29,18221.2,False,False,nan,True,0.075,nan,nan,False,0,COLLECTING,0,,0,,,,,0,53,10,30,60,0.9994668578797398,0.24494897427831783
2026-08-31T20:58:13.062,121132312,P003,finger_reposition,TRANSITION,,,,620,684167,115355,122940,107032.83,112251.12,8322.17,10688.88,11115.19,18079.08,False,False,nan,True,0.075,nan,nan,False,0,COLLECTING,0,,0,,,,,0,53,10,30,60,0.9994668578797398,0.24494897427831783
2026-08-31T20:58:13.103,121132359,P003,finger_reposition,TRANSITION,,,,621,684207,115343,122861,107199.03,112463.31,8143.97,10397.69,10935.82,17936.21,False,False,nan,True,0.075,nan,nan,False,0,COLLECTING,0,,0,,,,,0,53,10,30,60,0.9994668578797398,0.24494897427831783
2026-08-31T20:58:13.219,121132468,P003,finger_reposition,TRANSITION,,,,622,684247,115128,122306,107357.61,112660.16,7770.39,9645.84,10613.32,17789.76,False,False,nan,True,0.075,nan,nan,False,0,COLLECTING,0,,0,,,,,0,53,10,30,60,1.0000969952959562,0.24494897427831783
2026-08-31T20:58:13.232,121132484,P003,finger_reposition,TRANSITION,,,,623,684287,114846,121755,107507.38,112842.06,7338.62,8912.94,10188.22,17637.73,False,False,nan,True,0.075,nan,nan,False,0,COLLECTING,0,,0,,,,,0,53,10,30,60,1.0000969952959562,0.24494897427831783
2026-08-31T20:58:13.241,121132484,P003,finger_reposition,TRANSITION,,,,624,684327,114819,121679,107653.61,113018.8,7165.39,8660.2,9806.22,17481.1,False,False,nan,True,0.075,nan,nan,False,0,COLLECTING,0,,0,,,,,0,53,10,30,60,1.0000969952959562,0.24494897427831783
2026-08-31T20:58:13.262,121132515,P003,finger_reposition,TRANSITION,,,,625,684367,114881,121818,107798.16,113194.79,7082.84,8623.21,9510.46,17321.68,False,False,nan,True,0.075,nan,nan,False,0,COLLECTING,0,,0,,,,,0,53,10,30,60,1.0000969952959562,0.24494897427831783
2026-08-31T20:58:13.303,121132546,P003,finger_reposition,TRANSITION,,,,626,684407,114961,122019,107941.41,113371.27,7019.59,8647.73,9294.78,17161.15,False,False,nan,True,0.075,nan,nan,False,0,COLLECTING,0,,0,,,,,0,53,10,30,60,1.0000969952959562,0.24494897427831783
2026-08-31T20:58:13.418,121132671,P003,finger_reposition,TRANSITION,,,,627,684447,114963,122139,108081.84,113546.62,6881.16,8592.38,9119.18,17000.31,False,False,nan,True,0.075,nan,nan,False,0,COLLECTING,0,,0,,,,,0,53,10,30,60,0.9992342067803723,0.30000000000000004
2026-08-31T20:58:13.427,121132671,P003,finger_reposition,TRANSITION,,,,628,684487,115018,122158,108220.57,113718.85,6797.43,8439.15,8949.17,16839.28,False,False,nan,True,0.075,nan,nan,False,0,COLLECTING,0,,0,,,,,0,53,10,30,60,0.9992342067803723,0.30000000000000004
2026-08-31T20:58:13.437,121132687,P003,finger_reposition,TRANSITION,,,,629,684527,114940,122064,108354.96,113885.76,6585.04,8178.24,8756.44,16677.63,False,False,nan,True,0.075,nan,nan,False,0,COLLECTING,0,,0,,,,,0,53,10,30,60,0.9992342067803723,0.30000000000000004
2026-08-31T20:58:13.462,121132718,P003,finger_reposition,TRANSITION,,,,630,684567,114935,122024,108486.56,114048.52,6448.44,7975.48,8561.2,16515.3,False,False,nan,True,0.075,nan,nan,False,0,COLLECTING,0,,0,,,,,0,53,10,30,60,0.9992342067803723,0.30000000000000004
2026-08-31T20:58:13.503,121132750,P003,finger_reposition,TRANSITION,,,,631,684607,114951,122107,108615.85,114209.7,6335.15,7897.3,8395.22,16352.9,False,False,nan,True,0.075,nan,nan,False,0,COLLECTING,0,,0,,,,,0,53,10,30,60,0.9992342067803723,0.30000000000000004
2026-08-31T20:58:13.619,121132875,P003,finger_reposition,TRANSITION,,,,632,684647,115029,122237,108744.12,114370.24,6284.88,7866.76,8263.11,16191.1,False,False,nan,True,0.075,nan,nan,False,0,COLLECTING,0,,0,,,,,0,53,10,30,60,0.9992342067803723,0.24494897427831783
2026-08-31T20:58:13.626,121132875,P003,finger_reposition,TRANSITION,,,,633,684687,115074,122402,108870.71,114530.88,6203.29,7871.12,8165.11,16030.58,False,False,nan,True,0.775,nan,88.87,False,0,COLLECTING,0,,0,,,,,0,53,10,30,60,0.9992342067803723,0.24494897427831783
2026-08-31T20:58:13.638,121132890,P003,finger_reposition,TRANSITION,,,,634,684727,115125,122548,108995.8,114691.22,6129.2,7856.78,8088.03,15871.73,False,False,nan,True,0.775,nan,88.87,False,0,COLLECTING,0,,0,,,,,0,53,10,30,60,0.9992342067803723,0.24494897427831783
2026-08-31T20:58:13.663,121132921,P003,finger_reposition,TRANSITION,,,,635,684767,115223,122672,109120.34,114850.84,6102.66,7821.16,8021.31,15714.72,False,False,nan,True,0.775,nan,88.87,False,0,COLLECTING,0,,0,,,,,0,53,10,30,60,0.9992342067803723,0.24494897427831783
2026-08-31T20:58:13.702,121132953,P003,finger_reposition,TRANSITION,,,,636,684807,115251,122804,109242.95,115009.9,6008.05,7794.1,7964.51,15559.72,False,False,nan,True,0.775,nan,88.87,False,0,COLLECTING,0,,0,,,,,0,53,10,30,60,0.9992342067803723,0.24494897427831783
2026-08-31T20:58:13.819,121133062,P003,finger_reposition,TRANSITION,,,,637,684847,115313,122878,109364.35,115167.26,5948.65,7710.74,7901.07,15406.55,False,False,nan,True,0.775,nan,88.87,False,0,COLLECTING,0,,0,,,,,0,53,10,30,60,0.9992342067803723,0.17320508075688776
2026-08-31T20:58:13.831,121133078,P003,finger_reposition,TRANSITION,,,,638,684887,115310,122906,109483.27,115322.03,5826.73,7583.97,7821.79,15254.85,False,False,nan,True,0.775,nan,88.87,False,0,COLLECTING,0,,0,,,,,0,53,10,30,60,0.9992342067803723,0.17320508075688776
2026-08-31T20:58:13.838,121133093,P003,finger_reposition,TRANSITION,,,,639,684927,115171,122637,109597.02,115468.33,5573.98,7168.67,7658.51,15102.92,False,False,nan,True,0.775,nan,88.87,False,0,COLLECTING,0,,0,,,,,0,53,10,30,60,0.9992342067803723,0.17320508075688776
2026-08-31T20:58:13.862,121133109,P003,finger_reposition,TRANSITION,,,,640,684967,114954,122029,109704.16,115599.54,5249.84,6429.46,7351.25,14947.89,False,False,nan,True,0.775,nan,88.87,False,0,COLLECTING,0,,0,,,,,0,53,10,30,60,0.9992342067803723,0.17320508075688776
2026-08-31T20:58:13.903,121133156,P003,finger_reposition,TRANSITION,,,,641,685007,114747,121635,109805.02,115720.25,4941.98,5914.75,6992.12,14788.78,False,False,nan,True,0.775,nan,88.87,False,0,COLLECTING,0,,0,,,,,0,53,10,30,60,0.9992342067803723,0.17320508075688776
2026-08-31T20:58:14.019,121133265,P003,finger_reposition,TRANSITION,,,,642,685047,114756,121618,109904.04,115838.2,4851.96,5779.8,6689.04,14626.78,False,False,nan,True,0.775,nan,88.87,False,0,COLLECTING,0,,0,,,,,0,53,10,30,60,0.9992342067803723,0.24494897427831783
2026-08-31T20:58:14.031,121133281,P003,finger_reposition,TRANSITION,,,,643,685087,114830,121780,110002.55,115957.04,4827.45,5822.96,6472.52,14463.7,False,False,nan,True,0.775,nan,88.87,False,0,COLLECTING,0,,0,,,,,0,53,10,30,60,0.9992342067803723,0.24494897427831783
2026-08-31T20:58:14.042,121133296,P003,finger_reposition,TRANSITION,,,,644,685127,114879,121957,110100.09,116077.04,4778.91,5879.96,6324.38,14300.91,False,False,nan,True,0.775,nan,88.87,False,0,COLLECTING,0,,0,,,,,0,53,10,30,60,0.9992342067803723,0.24494897427831783
2026-08-31T20:58:14.062,121133312,P003,finger_reposition,TRANSITION,,,,645,685167,114885,122027,110195.78,116196.04,4689.22,5830.96,6201.03,14138.91,False,False,nan,True,0.775,nan,88.87,False,0,COLLECTING,0,,0,,,,,0,53,10,30,60,0.9992342067803723,0.24494897427831783
2026-08-31T20:58:14.102,121133359,P003,finger_reposition,TRANSITION,,,,646,685207,114868,121962,110289.23,116311.36,4578.77,5650.64,6063.43,13977.4,False,False,nan,True,0.775,nan,88.87,False,0,COLLECTING,0,,0,,,,,0,53,10,30,60,0.9992342067803723,0.24494897427831783
2026-08-31T20:58:14.219,121133468,P003,finger_reposition,TRANSITION,,,,647,685247,114799,121826,110379.42,116421.65,4419.58,5404.35,5898.66,13815.83,False,False,nan,True,0.775,nan,88.87,False,0,COLLECTING,0,,0,,,,,0,53,10,30,60,0.9992342067803723,0.24494897427831783
2026-08-31T20:58:14.233,121133484,P003,finger_reposition,TRANSITION,,,,648,685287,114771,121768,110467.25,116528.58,4303.75,5239.42,5733.85,13654.19,False,False,nan,True,0.775,nan,88.87,False,0,COLLECTING,0,,0,,,,,0,53,10,30,60,0.9992342067803723,0.24494897427831783
2026-08-31T20:58:14.239,121133484,P003,finger_reposition,TRANSITION,,,,649,685327,114791,121850,110553.73,116635.01,4237.27,5214.99,5604.14,13493.19,False,False,nan,True,0.775,nan,88.87,False,0,COLLECTING,0,,0,,,,,0,53,10,30,60,0.9992342067803723,0.24494897427831783
2026-08-31T20:58:14.264,121133515,P003,finger_reposition,TRANSITION,,,,650,685367,114846,121986,110639.57,116742.03,4206.43,5243.97,5514.09,13333.6,False,False,nan,True,0.775,nan,88.87,False,0,COLLECTING,0,,0,,,,,0,53,10,30,60,0.9992342067803723,0.24494897427831783
2026-08-31T20:58:14.301,121133546,P003,finger_reposition,TRANSITION,,,,651,685407,114904,122132,110724.86,116849.83,4179.14,5282.17,5456.11,13176.05,False,False,nan,True,0.775,nan,88.87,False,0,COLLECTING,0,,0,,,,,0,53,10,30,60,0.9992342067803723,0.24494897427831783
2026-08-31T20:58:14.419,121133671,P003,finger_reposition,TRANSITION,,,,652,685447,114949,122212,110809.34,116957.07,4139.66,5254.93,5405.82,13020.65,False,False,nan,True,0.775,nan,88.87,False,0,COLLECTING,0,,0,,,,,0,53,10,30,60,0.9992342067803723,0.17320508075688776
2026-08-31T20:58:14.431,121133687,P003,finger_reposition,TRANSITION,,,,653,685487,114971,122290,110892.58,117063.73,4078.42,5226.27,5360.93,12867.46,False,False,nan,True,0.775,nan,88.87,False,0,COLLECTING,0,,0,,,,,0,53,10,30,60,0.9992342067803723,0.17320508075688776
2026-08-31T20:58:14.439,121133687,P003,finger_reposition,TRANSITION,,,,654,685527,114979,122323,110974.3,117168.91,4004.7,5154.09,5309.22,12716.29,False,False,nan,True,0.775,nan,88.87,False,0,COLLECTING,0,,0,,,,,0,53,10,30,60,0.9992342067803723,0.17320508075688776
2026-08-31T20:58:14.463,121133718,P003,finger_reposition,TRANSITION,,,,655,685567,114991,122355,111054.64,117272.63,3936.36,5082.37,5252.51,12567.01,False,False,nan,True,0.775,nan,88.87,False,0,COLLECTING,0,,0,,,,,0,53,10,30,60,0.9992342067803723,0.17320508075688776
2026-08-31T20:58:14.503,121133750,P003,finger_reposition,TRANSITION,,,,656,685607,114955,122267,111132.65,117372.52,3822.35,4894.48,5163.0,12418.93,False,False,nan,True,0.775,nan,88.87,False,0,COLLECTING,0,,0,,,,,0,53,10,30,60,0.9992342067803723,0.17320508075688776
2026-08-31T20:58:14.619,121133875,P003,finger_reposition,TRANSITION,,,,657,685647,114733,121749,111204.66,117460.05,3528.34,4288.95,4944.49,12269.45,False,False,nan,True,0.775,nan,88.87,False,0,COLLECTING,0,,0,,,,,0,53,10,30,60,0.9992342067803723,0.24494897427831783
2026-08-31T20:58:14.631,121133875,P003,finger_reposition,TRANSITION,,,,658,685687,114519,121277,111270.95,117536.39,3248.05,3740.61,4643.52,12116.93,False,False,nan,True,0.775,nan,88.87,False,0,COLLECTING,0,,0,,,,,0,53,10,30,60,0.9992342067803723,0.24494897427831783
2026-08-31T20:58:14.639,121133890,P003,finger_reposition,TRANSITION,,,,659,685727,114491,121223,111335.34,117610.12,3155.66,3612.88,4385.86,11962.31,False,False,nan,True,0.775,nan,88.87,False,0,COLLECTING,0,,0,,,,,0,53,10,30,60,0.9992342067803723,0.24494897427831783
2026-08-31T20:58:14.663,121133906,P003,finger_reposition,TRANSITION,,,,660,685767,114569,121402,111400.02,117685.96,3168.98,3716.04,4218.4,11807.43,False,False,nan,True,0.775,nan,88.87,False,0,COLLECTING,0,,0,,,,,0,53,10,30,60,0.9992342067803723,0.24494897427831783
2026-08-31T20:58:14.702,121133953,P003,finger_reposition,TRANSITION,,,,661,685807,114654,121607,111465.09,117764.38,3188.91,3842.62,4124.46,11653.77,False,False,nan,True,0.775,nan,88.87,False,0,COLLECTING,0,,0,,,,,0,53,10,30,60,0.9992342067803723,0.24494897427831783
2026-08-31T20:58:14.824,121134078,P003,finger_reposition,TRANSITION,,,,662,685847,114715,121773,111530.09,117844.55,3184.91,3928.45,4075.45,11502.2,False,False,nan,True,0.775,nan,88.87,False,0,COLLECTING,0,,0,,,,,0,53,10,30,60,0.9992342067803723,0.17320508075688776
2026-08-31T20:58:14.832,121134078,P003,finger_reposition,TRANSITION,,,,663,685887,114694,121735,111593.38,117922.37,3100.62,3812.63,4009.75,11352.35,False,False,nan,True,0.775,nan,88.87,False,0,COLLECTING,0,,0,,,,,0,53,10,30,60,0.9992342067803723,0.17320508075688776
2026-08-31T20:58:14.842,121134093,P003,finger_reposition,TRANSITION,,,,664,685927,114636,121608,111654.23,117996.08,2981.77,3611.92,3910.29,11203.51,False,False,nan,True,0.775,nan,88.87,False,0,COLLECTING,0,,0,,,,,0,53,10,30,60,0.9992342067803723,0.17320508075688776
2026-08-31T20:58:14.863,121134109,P003,finger_reposition,TRANSITION,,,,665,685967,114633,121581,111713.8,118067.77,2919.2,3513.23,3811.03,11055.66,False,False,nan,True,0.775,nan,88.87,False,0,COLLECTING,0,,0,,,,,0,53,10,30,60,0.9992342067803723,0.17320508075688776
2026-08-31T20:58:14.902,121134156,P003,finger_reposition,TRANSITION,,,,666,686007,114657,121641,111772.67,118139.23,2884.33,3501.77,3733.71,10909.22,False,False,nan,True,0.775,nan,88.87,False,0,COLLECTING,0,,0,,,,,0,53,10,30,60,0.9992342067803723,0.17320508075688776
2026-08-31T20:58:15.019,121134265,P003,finger_reposition,TRANSITION,,,,667,686047,114717,121783,111831.55,118212.11,2885.45,3570.89,3693.01,10764.9,False,False,nan,True,0.775,nan,88.87,False,0,COLLECTING,0,,0,,,,,0,53,10,30,60,0.9992342067803723,0.24494897427831783
2026-08-31T20:58:15.030,121134281,P003,finger_reposition,TRANSITION,,,,668,686087,114780,121957,111890.52,118287.01,2889.48,3669.99,3687.25,10623.35,False,False,nan,True,0.775,nan,88.87,False,0,COLLECTING,0,,0,,,,,0,53,10,30,60,0.9992342067803723,0.24494897427831783
2026-08-31T20:58:15.038,121134296,P003,finger_reposition,TRANSITION,,,,669,686127,114855,122111,111949.81,118363.48,2905.19,3747.52,3702.32,10484.93,False,False,nan,True,0.775,nan,88.87,False,0,COLLECTING,0,,0,,,,,0,53,10,30,60,0.9992342067803723,0.24494897427831783
2026-08-31T20:58:15.062,121134312,P003,finger_reposition,TRANSITION,,,,670,686167,114892,122199,112008.66,118440.2,2883.34,3758.8,3716.44,10349.56,False,False,nan,True,0.775,nan,88.87,False,0,COLLECTING,0,,0,,,,,0,53,10,30,60,0.9992342067803723,0.24494897427831783
2026-08-31T20:58:15.103,121134359,P003,finger_reposition,TRANSITION,,,,671,686207,114913,122258,112066.74,118516.55,2846.26,3741.45,3722.69,10217.02,False,False,nan,True,0.775,nan,88.87,False,0,COLLECTING,0,,0,,,,,0,53,10,30,60,0.9992342067803723,0.24494897427831783
2026-08-31T20:58:15.220,121134468,P003,finger_reposition,TRANSITION,,,,672,686247,114923,122269,112123.87,118591.6,2799.13,3677.4,3711.37,10086.91,True,False,nan,True,0.775,nan,88.87,False,0,COLLECTING,0,,0,,,,,0,53,10,30,60,0.9992342067803723,0.24494897427831783
2026-08-31T20:58:15.230,121134484,P003,finger_reposition,TRANSITION,,,,673,686287,114789,121930,112177.17,118658.37,2611.83,3271.63,3601.43,9957.2,False,False,nan,True,0.775,nan,88.87,False,0,COLLECTING,0,,0,,,,,0,53,10,30,60,0.9992342067803723,0.24494897427831783
2026-08-31T20:58:15.241,121134484,P003,finger_reposition,TRANSITION,,,,674,686327,114534,121354,112224.3,118712.28,2309.7,2641.72,3361.51,9825.28,False,False,nan,True,0.775,nan,88.87,False,0,COLLECTING,0,,0,,,,,0,53,10,30,60,0.9992342067803723,0.24494897427831783
2026-08-31T20:58:15.263,121134515,P003,finger_reposition,TRANSITION,,,,675,686367,114442,121142,112268.66,118760.88,2173.34,2381.12,3116.41,9691.1,False,False,nan,True,0.775,nan,88.87,False,0,COLLECTING,0,,0,,,,,0,53,10,30,60,0.9992342067803723,0.24494897427831783
2026-08-31T20:58:15.303,121134546,P003,finger_reposition,TRANSITION,,,,676,686407,114478,121239,112312.84,118810.44,2165.16,2428.56,2944.45,9556.17,False,False,nan,True,0.775,nan,88.87,False,0,COLLECTING,0,,0,,,,,0,53,10,30,60,0.9992342067803723,0.24494897427831783
2026-08-31T20:58:15.419,121134671,P003,finger_reposition,TRANSITION,,,,677,686447,114548,121436,112357.55,118862.95,2190.45,2573.05,2851.6,9422.08,False,False,nan,True,0.775,nan,88.87,False,0,COLLECTING,0,,0,,,,,0,53,10,30,60,0.9992342067803723,0.30000000000000004
2026-08-31T20:58:15.426,121134671,P003,finger_reposition,TRANSITION,,,,678,686487,114637,121648,112403.13,118918.65,2233.87,2729.35,2821.04,9290.06,False,False,nan,True,0.775,nan,88.87,False,0,COLLECTING,0,,0,,,,,0,53,10,30,60,0.9992342067803723,0.30000000000000004
2026-08-31T20:58:15.438,121134687,P003,finger_reposition,TRANSITION,,,,679,686527,114692,121769,112448.91,118975.66,2243.09,2793.34,2814.11,9160.54,False,False,nan,True,0.775,nan,88.87,False,0,COLLECTING,0,,0,,,,,0,53,10,30,60,0.9992342067803723,0.30000000000000004
2026-08-31T20:58:15.462,121134718,P003,finger_reposition,TRANSITION,,,,680,686567,114653,121680,112492.98,119029.74,2160.02,2650.26,2773.15,9032.79,False,False,nan,True,0.775,nan,88.87,False,0,COLLECTING,0,,0,,,,,0,53,10,30,60,0.9992342067803723,0.30000000000000004
2026-08-31T20:58:15.505,121134750,P003,finger_reposition,TRANSITION,,,,681,686607,114595,121565,112535.02,119080.45,2059.98,2484.55,2701.0,8906.16,False,False,nan,True,0.775,nan,88.87,False,0,COLLECTING,0,,0,,,,,0,53,10,30,60,0.9992342067803723,0.30000000000000004
2026-08-31T20:58:15.619,121134875,P003,finger_reposition,TRANSITION,,,,682,686647,114622,121596,112576.77,119130.76,2045.23,2465.24,2642.06,8780.87,False,False,nan,True,0.775,nan,88.87,False,0,COLLECTING,0,,0,,,,,0,53,10,30,60,0.9992342067803723,0.30000000000000004
2026-08-31T20:58:15.626,121134875,P003,finger_reposition,TRANSITION,,,,683,686687,114675,121714,112618.73,119182.42,2056.27,2531.58,2614.44,8657.54,False,False,nan,True,0.775,nan,88.87,False,0,COLLECTING,0,,0,,,,,0,53,10,30,60,0.9992342067803723,0.30000000000000004
2026-08-31T20:58:15.639,121134890,P003,finger_reposition,TRANSITION,,,,684,686727,114730,121858,112660.95,119235.93,2069.05,2622.07,2616.35,8536.72,False,False,nan,True,0.775,nan,88.87,False,0,COLLECTING,0,,0,,,,,0,53,10,30,60,0.9992342067803723,0.30000000000000004
2026-08-31T20:58:15.663,121134906,P003,finger_reposition,TRANSITION,,,,685,686767,114798,122010,112703.7,119291.41,2094.3,2718.59,2641.91,8418.82,False,False,nan,True,0.775,nan,88.87,False,0,COLLECTING,0,,0,,,,,0,53,10,30,60,0.9992342067803723,0.30000000000000004
2026-08-31T20:58:15.702,121134953,P003,finger_reposition,TRANSITION,,,,686,686807,114847,122129,112746.56,119348.16,2100.44,2780.84,2676.64,8303.98,False,False,nan,True,0.775,nan,88.87,False,0,COLLECTING,0,,0,,,,,0,53,10,30,60,0.9992342067803723,0.30000000000000004
2026-08-31T20:58:15.818,121135062,P003,finger_reposition,TRANSITION,,,,687,686847,114890,122219,112789.43,119405.58,2100.57,2813.42,2710.84,8192.12,False,False,nan,True,0.775,nan,88.87,False,0,COLLECTING,0,,0,,,,,0,53,10,30,60,0.9992342067803723,0.24494897427831783
2026-08-31T20:58:15.832,121135078,P003,finger_reposition,TRANSITION,,,,688,686887,114907,122278,112831.78,119463.02,2075.22,2814.98,2736.87,8083.01,False,False,nan,True,0.775,nan,88.87,False,0,COLLECTING,0,,0,,,,,0,53,10,30,60,0.9992342067803723,0.24494897427831783
2026-08-31T20:58:15.838,121135093,P003,finger_reposition,TRANSITION,,,,689,686927,114801,121998,112871.16,119513.73,1929.84,2484.27,2673.72,7974.83,False,False,nan,True,0.775,nan,88.87,False,0,COLLECTING,0,,0,,,,,0,53,10,30,60,0.9992342067803723,0.24494897427831783
2026-08-31T20:58:15.863,121135109,P003,finger_reposition,TRANSITION,,,,690,686967,114541,121377,112904.56,119550.99,1636.44,1826.01,2461.79,7864.57,False,False,nan,True,0.775,nan,88.87,False,0,COLLECTING,0,,0,,,,,0,53,10,30,60,0.9992342067803723,0.24494897427831783
2026-08-31T20:58:15.903,121135156,P003,finger_reposition,TRANSITION,,,,691,687007,114387,121039,112934.21,119580.75,1452.79,1458.25,2210.91,7751.49,False,False,nan,True,0.775,nan,88.87,False,0,COLLECTING,0,,0,,,,,0,53,10,30,60,0.9992342067803723,0.24494897427831783
2026-08-31T20:58:16.019,121135265,P003,finger_reposition,TRANSITION,,,,692,687047,114408,121109,112963.69,119611.31,1444.31,1497.69,2032.6,7637.11,False,False,nan,True,0.775,nan,88.87,False,0,COLLECTING,0,,0,,,,,0,53,10,30,60,0.9992342067803723,0.30000000000000004
2026-08-31T20:58:16.027,121135281,P003,finger_reposition,TRANSITION,,,,693,687087,114488,121286,112994.17,119644.8,1493.83,1641.2,1934.75,7523.07,False,False,nan,True,0.775,nan,88.87,False,0,COLLECTING,0,,0,,,,,0,53,10,30,60,0.9992342067803723,0.30000000000000004
2026-08-31T20:58:16.040,121135296,P003,finger_reposition,TRANSITION,,,,694,687127,114538,121425,113025.05,119680.41,1512.95,1744.59,1887.21,7410.35,False,False,nan,True,0.775,nan,88.87,False,0,COLLECTING,0,,0,,,,,0,53,10,30,60,0.9992342067803723,0.30000000000000004
2026-08-31T20:58:16.063,121135312,P003,finger_reposition,TRANSITION,,,,695,687167,114591,121564,113056.37,119718.08,1534.63,1845.92,1876.89,7299.68,False,False,nan,True,0.775,nan,88.87,False,0,COLLECTING,0,,0,,,,,0,53,10,30,60,0.9992342067803723,0.30000000000000004
2026-08-31T20:58:16.103,121135359,P003,finger_reposition,TRANSITION,,,,696,687207,114578,121526,113086.8,119754.23,1491.2,1771.77,1850.61,7190.7,False,False,nan,True,0.775,nan,88.87,False,0,COLLECTING,0,,0,,,,,0,53,10,30,60,0.9992342067803723,0.30000000000000004
2026-08-31T20:58:16.219,121135468,P003,finger_reposition,TRANSITION,,,,697,687247,114533,121432,113115.72,119787.79,1417.28,1644.21,1799.01,7082.86,False,False,nan,True,0.775,nan,88.87,False,0,COLLECTING,0,,0,,,,,0,53,10,30,60,0.9992342067803723,0.30000000000000004
2026-08-31T20:58:16.227,121135484,P003,finger_reposition,TRANSITION,,,,698,687287,114562,121490,113144.64,119821.84,1417.36,1668.16,1766.3,6976.53,False,False,nan,True,0.775,nan,88.87,False,0,COLLECTING,0,,0,,,,,0,53,10,30,60,0.9992342067803723,0.30000000000000004
2026-08-31T20:58:16.238,121135484,P003,finger_reposition,TRANSITION,,,,699,687327,114613,121615,113174.01,119857.7,1438.99,1757.3,1764.05,6872.28,False,False,nan,True,0.775,nan,88.87,False,0,COLLECTING,0,,0,,,,,0,53,10,30,60,0.9992342067803723,0.30000000000000004
2026-08-31T20:58:16.263,121135515,P003,finger_reposition,TRANSITION,,,,700,687367,114715,121806,113204.83,119896.66,1510.17,1909.34,1800.37,6770.85,False,False,nan,True,0.775,nan,88.87,False,0,COLLECTING,0,,0,,,,,0,53,10,30,60,0.9992342067803723,0.30000000000000004
2026-08-31T20:58:16.302,121135546,P003,finger_reposition,TRANSITION,,,,701,687407,114804,122011,113236.81,119938.95,1567.19,2072.05,1868.29,6672.79,False,False,nan,True,0.775,nan,88.87,False,0,COLLECTING,0,,0,,,,,0,53,10,30,60,0.9992342067803723,0.30000000000000004
2026-08-31T20:58:16.419,121135671,P003,finger_reposition,TRANSITION,,,,702,687447,114884,122173,113269.76,119983.63,1614.24,2189.37,1948.56,6578.31,False,False,nan,True,0.775,nan,88.87,False,0,COLLECTING,0,,0,,,,,0,53,10,30,60,0.9994668578797398,0.17320508075688776
2026-08-31T20:58:16.428,121135671,P003,finger_reposition,TRANSITION,,,,703,687487,114919,122266,113302.74,120029.28,1616.26,2236.72,2020.6,6487.15,False,False,nan,True,0.775,nan,88.87,False,0,COLLECTING,0,,0,,,,,0,53,10,30,60,0.9994668578797398,0.17320508075688776
2026-08-31T20:58:16.439,121135687,P003,finger_reposition,TRANSITION,,,,704,687527,114938,122321,113335.45,120075.12,1602.55,2245.88,2076.92,6398.95,False,False,nan,True,0.775,nan,88.87,False,0,COLLECTING,0,,0,,,,,0,53,10,30,60,0.9994668578797398,0.17320508075688776
2026-08-31T20:58:16.464,121135718,P003,finger_reposition,TRANSITION,,,,705,687567,114836,122070,113365.45,120115.02,1470.55,1954.98,2046.44,6311.9,False,False,nan,True,0.775,nan,88.87,False,0,COLLECTING,0,,0,,,,,0,53,10,30,60,0.9994668578797398,0.17320508075688776
2026-08-31T20:58:16.502,121135750,P003,finger_reposition,TRANSITION,,,,706,687607,114346,120982,113385.06,120132.35,960.94,849.65,1747.24,6220.61,False,False,nan,True,0.775,nan,88.87,False,0,COLLECTING,0,,0,,,,,0,53,10,30,60,0.9994668578797398,0.17320508075688776
2026-08-31T20:58:16.618,121135875,P003,finger_reposition,TRANSITION,,,,707,687647,112639,117442,113370.14,120078.55,-731.14,-2636.55,651.29,6109.22,False,False,nan,True,0.775,nan,88.87,False,0,COLLECTING,0,,0,,,,,0,53,10,30,60,0.9992342067803723,0.24494897427831783
2026-08-31T20:58:16.631,121135875,P003,finger_reposition,TRANSITION,,,,708,687687,100876,86281,113120.26,119402.59,-12244.26,-33121.59,-7791.93,6142.88,False,False,nan,True,0.775,nan,88.87,False,0,COLLECTING,0,,0,,,,,0,53,10,30,60,0.9992342067803723,0.24494897427831783
2026-08-31T20:58:16.638,121135890,P003,finger_reposition,TRANSITION,,,,709,687727,22256,19946,nan,nan,nan,nan,nan,nan,False,False,nan,False,0.0,nan,nan,False,0,COLLECTING,0,,0,,,,,0,53,10,30,60,0.9992342067803723,0.24494897427831783
2026-08-31T20:58:16.660,121135906,P003,finger_reposition,TRANSITION,,,,710,687767,10007,9953,nan,nan,nan,nan,nan,nan,False,False,nan,False,0.0,nan,nan,False,0,COLLECTING,0,,0,,,,,0,53,10,30,60,0.9992342067803723,0.24494897427831783
2026-08-31T20:58:16.699,121135953,P003,finger_reposition,TRANSITION,,,,711,687807,6515,6729,nan,nan,nan,nan,nan,nan,False,False,nan,False,0.0,nan,nan,False,0,COLLECTING,0,,0,,,,,0,53,10,30,60,0.9992342067803723,0.24494897427831783
2026-08-31T20:58:16.816,121136062,P003,finger_reposition,TRANSITION,,,,712,687847,5132,5297,nan,nan,nan,nan,nan,nan,False,False,nan,False,0.0,nan,nan,False,0,NO_FINGER,0,,0,,,,,0,53,10,30,60,0.9992342067803723,0.17320508075688776
2026-08-31T20:58:16.825,121136078,P003,finger_reposition,TRANSITION,,,,713,687887,4219,4280,nan,nan,nan,nan,nan,nan,False,False,nan,False,0.0,nan,nan,False,0,NO_FINGER,0,,0,,,,,0,53,10,30,60,0.9992342067803723,0.17320508075688776
2026-08-31T20:58:16.836,121136093,P003,finger_reposition,TRANSITION,,,,714,687927,3500,3476,nan,nan,nan,nan,nan,nan,False,False,nan,False,0.0,nan,nan,False,0,NO_FINGER,0,,0,,,,,0,53,10,30,60,0.9992342067803723,0.17320508075688776
2026-08-31T20:58:16.861,121136109,P003,finger_reposition,TRANSITION,,,,715,687967,2681,2646,nan,nan,nan,nan,nan,nan,False,False,nan,False,0.0,nan,nan,False,0,NO_FINGER,0,,0,,,,,0,53,10,30,60,0.9992342067803723,0.17320508075688776
2026-08-31T20:58:16.899,121136156,P003,finger_reposition,TRANSITION,,,,716,688007,2022,2023,nan,nan,nan,nan,nan,nan,False,False,nan,False,0.0,nan,nan,False,0,NO_FINGER,0,,0,,,,,0,53,10,30,60,0.9992342067803723,0.17320508075688776
2026-08-31T20:58:17.016,121136265,P003,finger_reposition,TRANSITION,,,,717,688047,1673,1675,nan,nan,nan,nan,nan,nan,False,False,nan,False,0.0,nan,nan,False,0,NO_FINGER,0,,0,,,,,0,53,10,30,60,0.9992342067803723,0.17320508075688776
2026-08-31T20:58:17.024,121136281,P003,finger_reposition,TRANSITION,,,,718,688087,1505,1511,nan,nan,nan,nan,nan,nan,False,False,nan,False,0.0,nan,nan,False,0,NO_FINGER,0,,0,,,,,0,53,10,30,60,0.9992342067803723,0.17320508075688776
2026-08-31T20:58:17.034,121136281,P003,finger_reposition,TRANSITION,,,,719,688127,1405,1417,nan,nan,nan,nan,nan,nan,False,False,nan,False,0.0,nan,nan,False,0,NO_FINGER,0,,0,,,,,0,53,10,30,60,0.9992342067803723,0.17320508075688776
2026-08-31T20:58:17.059,121136312,P003,finger_reposition,TRANSITION,,,,720,688167,1360,1364,nan,nan,nan,nan,nan,nan,False,False,nan,False,0.0,nan,nan,False,0,NO_FINGER,0,,0,,,,,0,53,10,30,60,0.9992342067803723,0.17320508075688776
2026-08-31T20:58:17.099,121136343,P003,finger_reposition,TRANSITION,,,,721,688207,1315,1330,nan,nan,nan,nan,nan,nan,False,False,nan,False,0.0,nan,nan,False,0,NO_FINGER,0,,0,,,,,0,53,10,30,60,0.9992342067803723,0.17320508075688776
2026-08-31T20:58:17.216,121136468,P003,finger_reposition,TRANSITION,,,,722,688247,1302,1313,nan,nan,nan,nan,nan,nan,False,False,nan,False,0.0,nan,nan,False,0,NO_FINGER,0,,0,,,,,0,53,10,30,60,0.9994668578797398,0.30000000000000004
2026-08-31T20:58:17.225,121136468,P003,finger_reposition,TRANSITION,,,,723,688287,1285,1304,nan,nan,nan,nan,nan,nan,False,False,nan,False,0.0,nan,nan,False,0,NO_FINGER,0,,0,,,,,0,53,10,30,60,0.9994668578797398,0.30000000000000004
2026-08-31T20:58:17.232,121136484,P003,finger_reposition,TRANSITION,,,,724,688327,1289,1299,nan,nan,nan,nan,nan,nan,False,False,nan,False,0.0,nan,nan,False,0,NO_FINGER,0,,0,,,,,0,53,10,30,60,0.9994668578797398,0.30000000000000004
2026-08-31T20:58:17.260,121136515,P003,finger_reposition,TRANSITION,,,,725,688367,1271,1288,nan,nan,nan,nan,nan,nan,False,False,nan,False,0.0,nan,nan,False,0,NO_FINGER,0,,0,,,,,0,53,10,30,60,0.9994668578797398,0.30000000000000004
2026-08-31T20:58:17.300,121136546,P003,finger_reposition,TRANSITION,,,,726,688407,1266,1286,nan,nan,nan,nan,nan,nan,False,False,nan,False,0.0,nan,nan,False,0,NO_FINGER,0,,0,,,,,0,53,10,30,60,0.9994668578797398,0.30000000000000004
2026-08-31T20:58:17.417,121136671,P003,finger_reposition,TRANSITION,,,,727,688447,1265,1280,nan,nan,nan,nan,nan,nan,False,False,nan,False,0.0,nan,nan,False,0,NO_FINGER,0,,0,,,,,0,53,10,30,60,0.9992342067803723,0.30000000000000004
2026-08-31T20:58:17.425,121136671,P003,finger_reposition,TRANSITION,,,,728,688487,1257,1278,nan,nan,nan,nan,nan,nan,False,False,nan,False,0.0,nan,nan,False,0,NO_FINGER,0,,0,,,,,0,53,10,30,60,0.9992342067803723,0.30000000000000004
2026-08-31T20:58:17.433,121136687,P003,finger_reposition,TRANSITION,,,,729,688527,1263,1286,nan,nan,nan,nan,nan,nan,False,False,nan,False,0.0,nan,nan,False,0,NO_FINGER,0,,0,,,,,0,53,10,30,60,0.9992342067803723,0.30000000000000004
2026-08-31T20:58:17.459,121136703,P003,finger_reposition,TRANSITION,,,,730,688567,1266,1286,nan,nan,nan,nan,nan,nan,False,False,nan,False,0.0,nan,nan,False,0,NO_FINGER,0,,0,,,,,0,53,10,30,60,0.9992342067803723,0.30000000000000004
2026-08-31T20:58:17.499,121136750,P003,finger_reposition,TRANSITION,,,,731,688607,1266,1288,nan,nan,nan,nan,nan,nan,False,False,nan,False,0.0,nan,nan,False,0,NO_FINGER,0,,0,,,,,0,53,10,30,60,0.9992342067803723,0.30000000000000004
2026-08-31T20:58:17.615,121136859,P003,finger_reposition,TRANSITION,,,,732,688647,1262,1286,nan,nan,nan,nan,nan,nan,False,False,nan,False,0.0,nan,nan,False,0,NO_FINGER,0,,0,,,,,0,53,10,30,60,0.9994668578797398,0.24494897427831783
2026-08-31T20:58:17.624,121136875,P003,finger_reposition,TRANSITION,,,,733,688687,1252,1279,nan,nan,nan,nan,nan,nan,False,False,nan,False,0.0,nan,nan,False,0,NO_FINGER,0,,0,,,,,0,53,10,30,60,0.9994668578797398,0.24494897427831783
2026-08-31T20:58:17.632,121136890,P003,finger_reposition,TRANSITION,,,,734,688727,1257,1282,nan,nan,nan,nan,nan,nan,False,False,nan,False,0.0,nan,nan,False,0,NO_FINGER,0,,0,,,,,0,53,10,30,60,0.9994668578797398,0.24494897427831783
2026-08-31T20:58:17.659,121136906,P003,finger_reposition,TRANSITION,,,,735,688767,1255,1282,nan,nan,nan,nan,nan,nan,False,False,nan,False,0.0,nan,nan,False,0,NO_FINGER,0,,0,,,,,0,53,10,30,60,0.9994668578797398,0.24494897427831783
2026-08-31T20:58:17.700,121136953,P003,finger_reposition,TRANSITION,,,,736,688807,1254,1285,nan,nan,nan,nan,nan,nan,False,False,nan,False,0.0,nan,nan,False,0,NO_FINGER,0,,0,,,,,0,53,10,30,60,0.9994668578797398,0.24494897427831783
2026-08-31T20:58:17.816,121137062,P003,finger_reposition,TRANSITION,,,,737,688847,1249,1282,nan,nan,nan,nan,nan,nan,False,False,nan,False,0.0,nan,nan,False,0,NO_FINGER,0,,0,,,,,0,53,10,30,60,0.9992342067803723,0.30000000000000004
2026-08-31T20:58:17.824,121137078,P003,finger_reposition,TRANSITION,,,,738,688887,1249,1274,nan,nan,nan,nan,nan,nan,False,False,nan,False,0.0,nan,nan,False,0,NO_FINGER,0,,0,,,,,0,53,10,30,60,0.9992342067803723,0.30000000000000004
2026-08-31T20:58:17.833,121137078,P003,finger_reposition,TRANSITION,,,,739,688927,1244,1285,nan,nan,nan,nan,nan,nan,False,False,nan,False,0.0,nan,nan,False,0,NO_FINGER,0,,0,,,,,0,53,10,30,60,0.9992342067803723,0.30000000000000004
2026-08-31T20:58:17.859,121137109,P003,finger_reposition,TRANSITION,,,,740,688967,1243,1286,nan,nan,nan,nan,nan,nan,False,False,nan,False,0.0,nan,nan,False,0,NO_FINGER,0,,0,,,,,0,53,10,30,60,0.9992342067803723,0.30000000000000004
2026-08-31T20:58:17.903,121137156,P003,finger_reposition,TRANSITION,,,,741,689007,1239,1277,nan,nan,nan,nan,nan,nan,False,False,nan,False,0.0,nan,nan,False,0,NO_FINGER,0,,0,,,,,0,53,10,30,60,0.9992342067803723,0.30000000000000004
2026-08-31T20:58:18.016,121137265,P003,finger_reposition,TRANSITION,,,,742,689047,1244,1277,nan,nan,nan,nan,nan,nan,False,False,nan,False,0.0,nan,nan,False,0,NO_FINGER,0,,0,,,,,0,53,10,30,60,0.9994668578797398,0.24494897427831783
2026-08-31T20:58:18.024,121137281,P003,finger_reposition,TRANSITION,,,,743,689087,1251,1286,nan,nan,nan,nan,nan,nan,False,False,nan,False,0.0,nan,nan,False,0,NO_FINGER,0,,0,,,,,0,53,10,30,60,0.9994668578797398,0.24494897427831783
2026-08-31T20:58:18.031,121137281,P003,finger_reposition,TRANSITION,,,,744,689127,1246,1293,nan,nan,nan,nan,nan,nan,False,False,nan,False,0.0,nan,nan,False,0,NO_FINGER,0,,0,,,,,0,53,10,30,60,0.9994668578797398,0.24494897427831783
2026-08-31T20:58:18.059,121137312,P003,finger_reposition,TRANSITION,,,,745,689167,1247,1277,nan,nan,nan,nan,nan,nan,False,False,nan,False,0.0,nan,nan,False,0,NO_FINGER,0,,0,,,,,0,53,10,30,60,0.9994668578797398,0.24494897427831783
2026-08-31T20:58:18.100,121137343,P003,finger_reposition,TRANSITION,,,,746,689207,1238,1278,nan,nan,nan,nan,nan,nan,False,False,nan,False,0.0,nan,nan,False,0,NO_FINGER,0,,0,,,,,0,53,10,30,60,0.9994668578797398,0.24494897427831783
2026-08-31T20:58:18.217,121137468,P003,finger_reposition,TRANSITION,,,,747,689247,1255,1283,nan,nan,nan,nan,nan,nan,False,False,nan,False,0.0,nan,nan,False,0,NO_FINGER,0,,0,,,,,0,53,10,30,60,0.9992342067803723,0.17320508075688776
2026-08-31T20:58:18.224,121137468,P003,finger_reposition,TRANSITION,,,,748,689297,1248,1286,nan,nan,nan,nan,nan,nan,False,False,nan,False,0.0,nan,nan,False,0,NO_FINGER,0,,0,,,,,0,53,10,30,60,0.9992342067803723,0.17320508075688776
2026-08-31T20:58:18.235,121137484,P003,finger_reposition,TRANSITION,,,,749,689337,1252,1250,nan,nan,nan,nan,nan,nan,False,False,nan,False,0.0,nan,nan,False,0,NO_FINGER,0,,0,,,,,0,53,10,30,60,0.9992342067803723,0.17320508075688776
2026-08-31T20:58:18.259,121137515,P003,finger_reposition,TRANSITION,,,,750,689367,1255,1286,nan,nan,nan,nan,nan,nan,False,False,nan,False,0.0,nan,nan,False,0,NO_FINGER,0,,0,,,,,0,53,10,30,60,0.9992342067803723,0.17320508075688776
2026-08-31T20:58:18.420,121137671,P003,finger_reposition,TRANSITION,,,,751,689417,1260,1241,nan,nan,nan,nan,nan,nan,False,False,nan,False,0.0,nan,nan,False,0,NO_FINGER,0,,0,,,,,0,53,10,30,60,0.9992342067803723,0.24494897427831783
2026-08-31T20:58:18.433,121137687,P003,finger_reposition,TRANSITION,,,,752,689457,1260,1259,nan,nan,nan,nan,nan,nan,False,False,nan,False,0.0,nan,nan,False,0,NO_FINGER,0,,0,,,,,0,53,10,30,60,0.9992342067803723,0.24494897427831783
2026-08-31T20:58:18.436,121137687,P003,finger_reposition,TRANSITION,,,,753,689497,1259,1255,nan,nan,nan,nan,nan,nan,False,False,nan,False,0.0,nan,nan,False,0,NO_FINGER,0,,0,,,,,0,53,10,30,60,0.9992342067803723,0.24494897427831783
2026-08-31T20:58:18.443,121137687,P003,finger_reposition,TRANSITION,,,,754,689537,1255,1262,nan,nan,nan,nan,nan,nan,False,False,nan,False,0.0,nan,nan,False,0,NO_FINGER,0,,0,,,,,0,53,10,30,60,0.9992342067803723,0.24494897427831783
2026-08-31T20:58:18.470,121137718,P003,finger_reposition,TRANSITION,,,,755,689577,1259,1251,nan,nan,nan,nan,nan,nan,False,False,nan,False,0.0,nan,nan,False,0,NO_FINGER,0,,0,,,,,0,53,10,30,60,0.9992342067803723,0.24494897427831783
2026-08-31T20:58:18.616,121137859,P003,finger_reposition,TRANSITION,,,,756,689617,1254,1302,nan,nan,nan,nan,nan,nan,False,False,nan,False,0.0,nan,nan,False,0,NO_FINGER,0,,0,,,,,0,53,10,30,60,0.9992342067803723,0.24494897427831783
2026-08-31T20:58:18.624,121137875,P003,finger_reposition,TRANSITION,,,,757,689657,1258,1271,nan,nan,nan,nan,nan,nan,False,False,nan,False,0.0,nan,nan,False,0,NO_FINGER,0,,0,,,,,0,53,10,30,60,0.9992342067803723,0.24494897427831783
2026-08-31T20:58:18.633,121137890,P003,finger_reposition,TRANSITION,,,,758,689697,1248,1276,nan,nan,nan,nan,nan,nan,False,False,nan,False,0.0,nan,nan,False,0,NO_FINGER,0,,0,,,,,0,53,10,30,60,0.9992342067803723,0.24494897427831783
2026-08-31T20:58:18.641,121137890,P003,finger_reposition,TRANSITION,,,,759,689737,1261,1290,nan,nan,nan,nan,nan,nan,False,False,nan,False,0.0,nan,nan,False,0,NO_FINGER,0,,0,,,,,0,53,10,30,60,0.9992342067803723,0.24494897427831783
2026-08-31T20:58:18.669,121137921,P003,finger_reposition,TRANSITION,,,,760,689777,1260,1312,nan,nan,nan,nan,nan,nan,False,False,nan,False,0.0,nan,nan,False,0,NO_FINGER,0,,0,,,,,0,53,10,30,60,0.9992342067803723,0.24494897427831783
2026-08-31T20:58:18.816,121138062,P003,finger_reposition,TRANSITION,,,,761,689817,1259,1287,nan,nan,nan,nan,nan,nan,False,False,nan,False,0.0,nan,nan,False,0,NO_FINGER,0,,0,,,,,0,53,10,30,60,0.9994668578797398,0.24494897427831783
2026-08-31T20:58:18.824,121138078,P003,finger_reposition,TRANSITION,,,,762,689857,1259,1287,nan,nan,nan,nan,nan,nan,False,False,nan,False,0.0,nan,nan,False,0,NO_FINGER,0,,0,,,,,0,53,10,30,60,0.9994668578797398,0.24494897427831783
2026-08-31T20:58:18.832,121138078,P003,finger_reposition,TRANSITION,,,,763,689897,1254,1302,nan,nan,nan,nan,nan,nan,False,False,nan,False,0.0,nan,nan,False,0,NO_FINGER,0,,0,,,,,0,53,10,30,60,0.9994668578797398,0.24494897427831783
2026-08-31T20:58:18.838,121138093,P003,finger_reposition,TRANSITION,,,,764,689937,1260,1267,nan,nan,nan,nan,nan,nan,False,False,nan,False,0.0,nan,nan,False,0,NO_FINGER,0,,0,,,,,0,53,10,30,60,0.9994668578797398,0.24494897427831783
2026-08-31T20:58:18.869,121138125,P003,finger_reposition,TRANSITION,,,,765,689977,1255,1304,nan,nan,nan,nan,nan,nan,False,False,nan,False,0.0,nan,nan,False,0,NO_FINGER,0,,0,,,,,0,53,10,30,60,0.9994668578797398,0.24494897427831783
2026-08-31T20:58:19.016,121138265,P003,finger_reposition,TRANSITION,,,,766,690017,1260,1256,nan,nan,nan,nan,nan,nan,False,False,nan,False,0.0,nan,nan,False,0,NO_FINGER,0,,0,,,,,0,53,10,30,60,0.9992342067803723,0.24494897427831783
2026-08-31T20:58:19.026,121138281,P003,finger_reposition,TRANSITION,,,,767,690057,1260,1303,nan,nan,nan,nan,nan,nan,False,False,nan,False,0.0,nan,nan,False,0,NO_FINGER,0,,0,,,,,0,53,10,30,60,0.9992342067803723,0.24494897427831783
2026-08-31T20:58:19.035,121138281,P003,finger_reposition,TRANSITION,,,,768,690097,1265,1297,nan,nan,nan,nan,nan,nan,False,False,nan,False,0.0,nan,nan,False,0,NO_FINGER,0,,0,,,,,0,53,10,30,60,0.9992342067803723,0.24494897427831783
2026-08-31T20:58:19.038,121138281,P003,finger_reposition,TRANSITION,,,,769,690137,1215,1313,nan,nan,nan,nan,nan,nan,False,False,nan,False,0.0,nan,nan,False,0,NO_FINGER,0,,0,,,,,0,53,10,30,60,0.9992342067803723,0.24494897427831783
2026-08-31T20:58:19.070,121138328,P003,finger_reposition,TRANSITION,,,,770,690177,1258,1320,nan,nan,nan,nan,nan,nan,False,False,nan,False,0.0,nan,nan,False,0,NO_FINGER,0,,0,,,,,0,53,10,30,60,0.9992342067803723,0.24494897427831783
2026-08-31T20:58:19.216,121138468,P003,finger_reposition,TRANSITION,,,,771,690217,1205,1299,nan,nan,nan,nan,nan,nan,False,False,nan,False,0.0,nan,nan,False,0,NO_FINGER,0,,0,,,,,0,53,10,30,60,0.9994668578797398,0.30000000000000004
2026-08-31T20:58:19.224,121138468,P003,finger_reposition,TRANSITION,,,,772,690257,1213,1329,nan,nan,nan,nan,nan,nan,False,False,nan,False,0.0,nan,nan,False,0,NO_FINGER,0,,0,,,,,0,53,10,30,60,0.9994668578797398,0.30000000000000004
2026-08-31T20:58:19.236,121138484,P003,finger_reposition,TRANSITION,,,,773,690297,1212,1321,nan,nan,nan,nan,nan,nan,False,False,nan,False,0.0,nan,nan,False,0,NO_FINGER,0,,0,,,,,0,53,10,30,60,0.9994668578797398,0.30000000000000004
2026-08-31T20:58:19.239,121138484,P003,finger_reposition,TRANSITION,,,,774,690337,1261,1343,nan,nan,nan,nan,nan,nan,False,False,nan,False,0.0,nan,nan,False,0,NO_FINGER,0,,0,,,,,0,53,10,30,60,0.9994668578797398,0.30000000000000004
2026-08-31T20:58:19.268,121138515,P003,finger_reposition,TRANSITION,,,,775,690377,1216,1309,nan,nan,nan,nan,nan,nan,False,False,nan,False,0.0,nan,nan,False,0,NO_FINGER,0,,0,,,,,0,53,10,30,60,0.9994668578797398,0.30000000000000004
2026-08-31T20:58:19.416,121138671,P003,finger_reposition,TRANSITION,,,,776,690417,1275,1333,nan,nan,nan,nan,nan,nan,False,False,nan,False,0.0,nan,nan,False,0,NO_FINGER,0,,0,,,,,0,53,10,30,60,0.9992342067803723,0.30000000000000004
2026-08-31T20:58:19.423,121138671,P003,finger_reposition,TRANSITION,,,,777,690457,1251,1317,nan,nan,nan,nan,nan,nan,False,False,nan,False,0.0,nan,nan,False,0,NO_FINGER,0,,0,,,,,0,53,10,30,60,0.9992342067803723,0.30000000000000004
2026-08-31T20:58:19.431,121138687,P003,finger_reposition,TRANSITION,,,,778,690497,1282,1324,nan,nan,nan,nan,nan,nan,False,False,nan,False,0.0,nan,nan,False,0,NO_FINGER,0,,0,,,,,0,53,10,30,60,0.9992342067803723,0.30000000000000004
2026-08-31T20:58:19.438,121138687,P003,finger_reposition,TRANSITION,,,,779,690537,1285,1305,nan,nan,nan,nan,nan,nan,False,False,nan,False,0.0,nan,nan,False,0,NO_FINGER,0,,0,,,,,0,53,10,30,60,0.9992342067803723,0.30000000000000004
2026-08-31T20:58:19.470,121138718,P003,finger_reposition,TRANSITION,,,,780,690577,1385,1460,nan,nan,nan,nan,nan,nan,False,False,nan,False,0.0,nan,nan,False,0,NO_FINGER,0,,0,,,,,0,53,10,30,60,0.9992342067803723,0.30000000000000004
2026-08-31T20:58:19.616,121138859,P003,finger_reposition,TRANSITION,,,,781,690617,1477,1596,nan,nan,nan,nan,nan,nan,False,False,nan,False,0.0,nan,nan,False,0,NO_FINGER,0,,0,,,,,0,53,10,30,60,0.9994668578797398,0.24494897427831783
2026-08-31T20:58:19.624,121138875,P003,finger_reposition,TRANSITION,,,,782,690657,1848,2048,nan,nan,nan,nan,nan,nan,False,False,nan,False,0.0,nan,nan,False,0,NO_FINGER,0,,0,,,,,0,53,10,30,60,0.9994668578797398,0.24494897427831783
2026-08-31T20:58:19.633,121138890,P003,finger_reposition,TRANSITION,,,,783,690697,2632,3007,nan,nan,nan,nan,nan,nan,False,False,nan,False,0.0,nan,nan,False,0,NO_FINGER,0,,0,,,,,0,53,10,30,60,0.9994668578797398,0.24494897427831783
2026-08-31T20:58:19.644,121138890,P003,finger_reposition,TRANSITION,,,,784,690737,5248,6179,nan,nan,nan,nan,nan,nan,False,False,nan,False,0.0,nan,nan,False,0,NO_FINGER,0,,0,,,,,0,53,10,30,60,0.9994668578797398,0.24494897427831783
2026-08-31T20:58:19.669,121138921,P003,finger_reposition,TRANSITION,,,,785,690777,16433,19190,nan,nan,nan,nan,nan,nan,False,False,nan,False,0.0,nan,nan,False,0,NO_FINGER,0,,0,,,,,0,53,10,30,60,0.9994668578797398,0.24494897427831783
2026-08-31T20:58:19.817,121139062,P003,finger_reposition,TRANSITION,,,,786,690817,68430,80896,68430.0,80896.0,0.0,0.0,0.0,0.0,False,False,nan,True,0.0,nan,nan,False,0,NO_FINGER,0,,0,,,,,0,53,10,30,60,0.9992342067803723,0.24494897427831783
2026-08-31T20:58:19.826,121139078,P003,finger_reposition,TRANSITION,,,,787,690857,112319,107851,69307.78,81435.1,43011.22,26415.9,6603.97,132.08,False,False,nan,True,0.075,nan,nan,False,0,NO_FINGER,0,,0,,,,,0,53,10,30,60,0.9992342067803723,0.24494897427831783
2026-08-31T20:58:19.838,121139093,P003,finger_reposition,TRANSITION,,,,788,690897,116705,115092,70255.73,82108.24,46449.27,32983.76,13198.92,393.42,False,False,nan,True,0.075,nan,nan,False,0,NO_FINGER,0,,0,,,,,0,53,10,30,60,0.9992342067803723,0.24494897427831783
2026-08-31T20:58:19.845,121139093,P003,finger_reposition,TRANSITION,,,,789,690937,118659,120148,71223.79,82869.04,47435.21,37278.96,19218.93,769.93,False,False,nan,True,0.075,nan,nan,False,0,NO_FINGER,0,,0,,,,,0,53,10,30,60,0.9992342067803723,0.24494897427831783
2026-08-31T20:58:19.872,121139125,P003,finger_reposition,TRANSITION,,,,790,690977,119039,121668,72180.09,83645.02,46858.91,38022.98,23919.94,1232.93,False,False,nan,True,0.075,nan,nan,False,0,NO_FINGER,0,,0,,,,,0,53,10,30,60,0.9992342067803723,0.24494897427831783
2026-08-31T20:58:20.017,121139265,P003,finger_reposition,TRANSITION,,,,791,691017,119055,122036,73117.59,84412.84,45937.41,37623.16,27345.75,1755.18,False,False,nan,True,0.075,nan,nan,False,0,COLLECTING,0,,0,,,,,0,53,10,30,60,0.9992342067803723,0.24494897427831783
2026-08-31T20:58:20.029,121139281,P003,finger_reposition,TRANSITION,,,,792,691057,118933,122014,74033.9,85164.86,44899.1,36849.14,29721.6,2314.51,False,False,nan,True,0.075,nan,nan,False,0,COLLECTING,0,,0,,,,,0,53,10,30,60,0.9992342067803723,0.24494897427831783
2026-08-31T20:58:20.037,121139281,P003,finger_reposition,TRANSITION,,,,793,691097,118918,122123,74931.58,85904.02,43986.42,36218.98,31345.94,2895.14,False,False,nan,True,0.075,nan,nan,False,0,COLLECTING,0,,0,,,,,0,53,10,30,60,0.9992342067803723,0.24494897427831783
2026-08-31T20:58:20.048,121139296,P003,finger_reposition,TRANSITION,,,,794,691137,118975,122377,75812.45,86633.48,43162.55,35743.52,32445.34,3486.14,False,False,nan,True,0.075,nan,nan,False,0,COLLECTING,0,,0,,,,,0,53,10,30,60,0.9992342067803723,0.24494897427831783
2026-08-31T20:58:20.081,121139328,P003,finger_reposition,TRANSITION,,,,795,691177,119009,122641,76676.38,87353.63,42332.62,35287.37,33155.84,4079.54,False,False,nan,True,0.075,nan,nan,False,0,COLLECTING,0,,0,,,,,0,53,10,30,60,0.9992342067803723,0.24494897427831783
2026-08-31T20:58:20.217,121139468,P003,finger_reposition,TRANSITION,,,,796,691217,119059,122777,77524.03,88062.1,41534.97,34714.9,33545.61,4668.86,False,False,nan,True,0.075,nan,nan,False,0,COLLECTING,0,,0,,,,,0,53,10,30,60,0.9994668578797398,0.30000000000000004
2026-08-31T20:58:20.230,121139484,P003,finger_reposition,TRANSITION,,,,797,691257,119000,122833,78353.55,88757.52,40646.45,34075.48,33678.08,5249.04,False,False,nan,True,0.075,nan,nan,False,0,COLLECTING,0,,0,,,,,0,53,10,30,60,0.9994668578797398,0.30000000000000004
2026-08-31T20:58:20.239,121139484,P003,finger_reposition,TRANSITION,,,,798,691297,118982,122778,79166.12,89437.92,39815.88,33340.08,33593.58,5815.93,True,True,nan,True,0.075,nan,nan,False,0,COLLECTING,0,,0,,,,,0,53,10,30,60,0.9994668578797398,0.30000000000000004
2026-08-31T20:58:20.249,121139500,P003,finger_reposition,TRANSITION,,,,799,691337,118903,122697,79960.85,90103.1,38942.15,32593.9,33343.66,6366.49,False,False,nan,True,0.075,nan,nan,False,0,COLLECTING,0,,0,,,,,0,53,10,30,60,0.9994668578797398,0.30000000000000004
2026-08-31T20:58:20.271,121139515,P003,finger_reposition,TRANSITION,,,,800,691377,118944,122656,80740.52,90754.16,38203.48,31901.84,32983.2,6898.82,False,False,nan,True,0.075,nan,nan,False,0,COLLECTING,0,,0,,,,,0,53,10,30,60,0.9994668578797398,0.30000000000000004
2026-08-31T20:58:20.418,121139671,P003,finger_reposition,TRANSITION,,,,801,691417,118892,122698,81503.55,91393.03,37388.45,31304.97,32563.64,7412.12,False,False,nan,True,0.075,nan,nan,False,0,COLLECTING,0,,0,,,,,0,53,10,30,60,0.9992342067803723,0.30000000000000004
2026-08-31T20:58:20.429,121139671,P003,finger_reposition,TRANSITION,,,,802,691457,118887,122766,82251.22,92020.49,36635.78,30745.51,32109.11,7906.06,False,False,nan,True,0.075,nan,nan,False,0,COLLECTING,0,,0,,,,,0,53,10,30,60,0.9992342067803723,0.30000000000000004
2026-08-31T20:58:20.436,121139687,P003,finger_reposition,TRANSITION,,,,803,691497,118892,122832,82984.03,92636.72,35907.97,30195.28,31630.65,8380.55,False,False,nan,True,0.075,nan,nan,False,0,COLLECTING,0,,0,,,,,0,53,10,30,60,0.9992342067803723,0.30000000000000004
2026-08-31T20:58:20.448,121139703,P003,finger_reposition,TRANSITION,,,,804,691537,118939,122890,83703.13,93241.78,35235.87,29648.22,31135.04,8835.64,False,False,nan,True,0.075,nan,nan,False,0,COLLECTING,0,,0,,,,,0,53,10,30,60,0.9992342067803723,0.30000000000000004
2026-08-31T20:58:20.472,121139718,P003,finger_reposition,TRANSITION,,,,805,691577,118899,122929,84407.05,93835.52,34491.95,29093.48,30624.65,9271.42,False,False,nan,True,0.075,nan,nan,False,0,COLLECTING,0,,0,,,,,0,53,10,30,60,0.9992342067803723,0.30000000000000004
2026-08-31T20:58:20.619,121139875,P003,finger_reposition,TRANSITION,,,,806,691617,118973,122996,85098.37,94418.73,33874.63,28577.27,30112.8,9688.25,False,False,nan,True,0.075,nan,nan,False,0,COLLECTING,0,,0,,,,,0,53,10,30,60,0.9994668578797398,0.24494897427831783
2026-08-31T20:58:20.629,121139875,P003,finger_reposition,TRANSITION,,,,807,691657,118972,123022,85775.84,94990.8,33196.16,28031.2,29592.4,10086.33,False,False,nan,True,0.075,nan,nan,False,0,COLLECTING,0,,0,,,,,0,53,10,30,60,0.9994668578797398,0.24494897427831783
2026-08-31T20:58:20.636,121139890,P003,finger_reposition,TRANSITION,,,,808,691697,118848,122767,86437.28,95546.32,32410.72,27220.68,28999.47,10464.6,False,False,nan,True,0.075,nan,nan,False,0,COLLECTING,0,,0,,,,,0,53,10,30,60,0.9994668578797398,0.24494897427831783
2026-08-31T20:58:20.649,121139906,P003,finger_reposition,TRANSITION,,,,809,691737,118594,122176,87080.41,96078.91,31513.59,26097.09,28273.88,10820.78,False,False,nan,True,0.075,nan,nan,False,0,COLLECTING,0,,0,,,,,0,53,10,30,60,0.9994668578797398,0.24494897427831783
2026-08-31T20:58:20.672,121139921,P003,finger_reposition,TRANSITION,,,,810,691777,118317,121583,87705.15,96588.99,30611.85,24994.01,27453.91,11153.44,False,False,nan,True,0.075,nan,nan,False,0,COLLECTING,0,,0,,,,,0,53,10,30,60,0.9994668578797398,0.24494897427831783
2026-08-31T20:58:20.818,121140062,P003,finger_reposition,TRANSITION,,,,811,691817,118165,121162,88314.34,97080.45,29850.66,24081.55,26610.82,11462.59,False,False,nan,True,0.075,nan,nan,False,0,COLLECTING,0,,0,,,,,0,53,10,30,60,0.9987852622060459,0.24494897427831783
2026-08-31T20:58:20.832,121140078,P003,finger_reposition,TRANSITION,,,,812,691857,118219,121226,88912.44,97563.37,29306.56,23662.63,25873.77,11750.81,False,False,nan,True,0.075,nan,nan,False,0,COLLECTING,0,,0,,,,,0,53,10,30,60,0.9987852622060459,0.24494897427831783
2026-08-31T20:58:20.840,121140093,P003,finger_reposition,TRANSITION,,,,813,691897,118307,121403,89500.33,98040.16,28806.67,23362.84,25246.04,12020.72,False,False,nan,True,0.075,nan,nan,False,0,COLLECTING,0,,0,,,,,0,53,10,30,60,0.9987852622060459,0.24494897427831783
2026-08-31T20:58:20.849,121140093,P003,finger_reposition,TRANSITION,,,,814,691937,118343,121539,90077.18,98510.13,28265.82,23028.87,24691.75,12274.14,False,False,nan,True,0.075,nan,nan,False,0,COLLECTING,0,,0,,,,,0,53,10,30,60,0.9987852622060459,0.24494897427831783
2026-08-31T20:58:20.872,121140125,P003,finger_reposition,TRANSITION,,,,815,691977,118343,121517,90642.49,98970.27,27700.51,22546.73,24155.49,12511.77,False,False,nan,True,0.075,nan,nan,False,0,COLLECTING,0,,0,,,,,0,53,10,30,60,0.9987852622060459,0.24494897427831783
2026-08-31T20:58:21.019,121140265,P003,finger_reposition,TRANSITION,,,,816,692017,118282,121408,91195.28,99419.03,27086.72,21988.97,23613.86,12733.81,False,False,nan,True,0.075,nan,nan,False,0,COLLECTING,0,,0,,,,,0,53,10,30,60,0.9992342067803723,0.30000000000000004
2026-08-31T20:58:21.029,121140281,P003,finger_reposition,TRANSITION,,,,817,692057,118242,121347,91736.22,99857.59,26505.78,21489.41,23082.75,12940.79,False,False,nan,True,0.075,nan,nan,False,0,COLLECTING,0,,0,,,,,0,53,10,30,60,0.9992342067803723,0.30000000000000004
2026-08-31T20:58:21.037,121140281,P003,finger_reposition,TRANSITION,,,,818,692097,118289,121405,92267.27,100288.54,26021.73,21116.46,22591.18,13133.79,False,False,nan,True,0.075,nan,nan,False,0,COLLECTING,0,,0,,,,,0,53,10,30,60,0.9992342067803723,0.30000000000000004
2026-08-31T20:58:21.049,121140296,P003,finger_reposition,TRANSITION,,,,819,692137,118304,121507,92788.01,100712.91,25515.99,20794.09,22141.91,13313.96,False,False,nan,True,0.075,nan,nan,False,0,COLLECTING,0,,0,,,,,0,53,10,30,60,0.9992342067803723,0.30000000000000004
2026-08-31T20:58:21.073,121140328,P003,finger_reposition,TRANSITION,,,,820,692177,118358,121632,93299.41,101131.29,25058.59,20500.71,21731.61,13482.31,False,False,nan,True,0.075,nan,nan,False,0,COLLECTING,0,,0,,,,,0,53,10,30,60,0.9992342067803723,0.30000000000000004
2026-08-31T20:58:21.219,121140468,P003,finger_reposition,TRANSITION,,,,821,692217,118427,121816,93801.96,101544.98,24625.04,20271.02,21366.46,13639.99,False,False,nan,True,0.075,nan,nan,False,0,COLLECTING,0,,0,,,,,0,53,10,30,60,0.9992342067803723,0.30000000000000004
2026-08-31T20:58:21.229,121140484,P003,finger_reposition,TRANSITION,,,,822,692257,118502,121992,94295.96,101953.92,24206.04,20038.08,21034.36,13787.88,False,False,nan,True,0.075,nan,nan,False,0,COLLECTING,0,,0,,,,,0,53,10,30,60,0.9992342067803723,0.30000000000000004
2026-08-31T20:58:21.243,121140500,P003,finger_reposition,TRANSITION,,,,823,692297,118571,122160,94781.46,102358.05,23789.54,19801.95,20726.26,13926.65,False,False,nan,True,0.075,nan,nan,False,0,COLLECTING,0,,0,,,,,0,53,10,30,60,0.9992342067803723,0.30000000000000004
2026-08-31T20:58:21.249,121140500,P003,finger_reposition,TRANSITION,,,,824,692337,118630,122291,95258.43,102756.7,23371.57,19534.3,20428.27,14056.68,False,False,nan,True,0.075,nan,nan,False,0,COLLECTING,0,,0,,,,,0,53,10,30,60,0.9992342067803723,0.30000000000000004
2026-08-31T20:58:21.273,121140531,P003,finger_reposition,TRANSITION,,,,825,692377,118646,122349,95726.18,103148.55,22919.82,19200.45,20121.32,14177.97,False,False,nan,True,0.075,nan,nan,False,0,COLLECTING,0,,0,,,,,0,53,10,30,60,0.9992342067803723,0.30000000000000004
2026-08-31T20:58:21.418,121140671,P003,finger_reposition,TRANSITION,,,,826,692417,118521,122041,96182.08,103526.4,22338.92,18514.6,19719.64,14288.81,False,False,nan,True,0.075,nan,nan,False,0,COLLECTING,0,,0,,,,,0,53,10,30,60,0.9987852622060459,0.24494897427831783
2026-08-31T20:58:21.429,121140687,P003,finger_reposition,TRANSITION,,,,827,692457,118211,121316,96622.66,103882.19,21588.34,17433.81,19148.18,14385.99,False,False,nan,True,0.075,nan,nan,False,0,COLLECTING,0,,0,,,,,0,53,10,30,60,0.9987852622060459,0.24494897427831783
2026-08-31T20:58:21.442,121140687,P003,finger_reposition,TRANSITION,,,,828,692497,117916,120638,97048.52,104217.3,20867.48,16420.7,18466.31,14467.6,False,False,nan,True,0.075,nan,nan,False,0,COLLECTING,0,,0,,,,,0,53,10,30,60,0.9987852622060459,0.24494897427831783
2026-08-31T20:58:21.450,121140703,P003,finger_reposition,TRANSITION,,,,829,692537,117857,120471,97464.7,104542.38,20392.3,15928.62,17831.89,14534.89,False,False,nan,True,0.075,nan,nan,False,0,COLLECTING,0,,0,,,,,0,53,10,30,60,0.9987852622060459,0.24494897427831783
2026-08-31T20:58:21.473,121140718,P003,finger_reposition,TRANSITION,,,,830,692577,117910,120619,97873.6,104863.91,20036.4,15755.09,17312.69,14590.44,False,False,nan,True,0.075,nan,nan,False,0,COLLECTING,0,,0,,,,,0,53,10,30,60,0.9987852622060459,0.24494897427831783
2026-08-31T20:58:21.618,121140875,P003,finger_reposition,TRANSITION,,,,831,692617,117977,120759,98275.67,105181.8,19701.33,15577.2,16878.81,14636.21,False,False,nan,True,0.075,nan,nan,False,0,COLLECTING,0,,0,,,,,0,53,10,30,60,1.0000969952959562,0.17320508075688776
2026-08-31T20:58:21.629,121140875,P003,finger_reposition,TRANSITION,,,,832,692657,117996,120831,98670.08,105494.79,19325.92,15336.21,16493.16,14673.35,False,False,nan,True,0.075,nan,nan,False,0,COLLECTING,0,,0,,,,,0,53,10,30,60,1.0000969952959562,0.17320508075688776
2026-08-31T20:58:21.641,121140890,P003,finger_reposition,TRANSITION,,,,833,692697,117971,120774,99056.09,105800.38,18914.91,14973.62,16113.28,14702.15,False,False,nan,True,0.075,nan,nan,False,0,COLLECTING,0,,0,,,,,0,53,10,30,60,1.0000969952959562,0.17320508075688776
2026-08-31T20:58:21.650,121140906,P003,finger_reposition,TRANSITION,,,,834,692737,117922,120667,99433.41,106097.71,18488.59,14569.29,15727.28,14722.65,False,False,nan,True,0.075,nan,nan,False,0,COLLECTING,0,,0,,,,,0,53,10,30,60,1.0000969952959562,0.17320508075688776
2026-08-31T20:58:21.673,121140921,P003,finger_reposition,TRANSITION,,,,835,692777,117920,120675,99803.15,106389.26,18116.85,14285.74,15366.9,14735.53,False,False,nan,True,0.075,nan,nan,False,0,COLLECTING,0,,0,,,,,0,53,10,30,60,1.0000969952959562,0.17320508075688776
2026-08-31T20:58:21.818,121141062,P003,finger_reposition,TRANSITION,,,,836,692817,117968,120784,100166.45,106677.16,17801.55,14106.84,15051.88,14741.86,False,False,nan,True,0.075,nan,nan,False,0,COLLECTING,0,,0,,,,,0,53,10,30,60,0.9992342067803723,0.24494897427831783
2026-08-31T20:58:21.830,121141078,P003,finger_reposition,TRANSITION,,,,837,692857,118055,121000,100524.22,106963.61,17530.78,14036.39,14798.01,14742.98,False,False,nan,True,0.075,nan,nan,False,0,COLLECTING,0,,0,,,,,0,53,10,30,60,0.9992342067803723,0.24494897427831783
2026-08-31T20:58:21.842,121141093,P003,finger_reposition,TRANSITION,,,,838,692897,118121,121191,100876.16,107248.16,17244.84,13942.84,14584.22,14739.81,False,False,nan,True,0.075,nan,nan,False,0,COLLECTING,0,,0,,,,,0,53,10,30,60,0.9992342067803723,0.24494897427831783
2026-08-31T20:58:21.850,121141093,P003,finger_reposition,TRANSITION,,,,839,692937,118197,121360,101222.57,107530.39,16974.43,13829.61,14395.57,14732.92,False,False,nan,True,0.075,nan,nan,False,0,COLLECTING,0,,0,,,,,0,53,10,30,60,0.9992342067803723,0.24494897427831783
2026-08-31T20:58:21.874,121141125,P003,finger_reposition,TRANSITION,,,,840,692977,118233,121464,101562.78,107809.06,16670.22,13654.94,14210.41,14722.47,False,False,nan,True,0.075,nan,nan,False,0,COLLECTING,0,,0,,,,,0,53,10,30,60,0.9992342067803723,0.24494897427831783
2026-08-31T20:58:22.018,121141265,P003,finger_reposition,TRANSITION,,,,841,693017,118266,121536,101896.84,108083.6,16369.16,13452.4,14020.91,14708.44,False,False,nan,True,0.075,nan,nan,False,0,COLLECTING,0,,0,,,,,0,53,10,30,60,0.9992342067803723,0.30000000000000004
2026-08-31T20:58:22.029,121141281,P003,finger_reposition,TRANSITION,,,,842,693057,118284,121604,102224.59,108354.01,16059.41,13249.99,13828.18,14690.84,False,False,nan,True,0.075,nan,nan,False,0,COLLECTING,0,,0,,,,,0,53,10,30,60,0.9992342067803723,0.30000000000000004
2026-08-31T20:58:22.042,121141296,P003,finger_reposition,TRANSITION,,,,843,693097,118297,121649,102546.03,108619.91,15750.97,13029.09,13628.41,14669.59,False,False,nan,True,0.075,nan,nan,False,0,COLLECTING,0,,0,,,,,0,53,10,30,60,0.9992342067803723,0.30000000000000004
2026-08-31T20:58:22.050,121141296,P003,finger_reposition,TRANSITION,,,,844,693137,118275,121614,102860.61,108879.79,15414.39,12734.21,13404.86,14644.29,False,False,nan,True,0.075,nan,nan,False,0,COLLECTING,0,,0,,,,,0,53,10,30,60,0.9992342067803723,0.30000000000000004
2026-08-31T20:58:22.073,121141328,P003,finger_reposition,TRANSITION,,,,845,693177,118056,121111,103164.52,109124.41,14891.48,11986.59,13050.29,14612.41,False,False,nan,True,0.075,nan,nan,False,0,COLLECTING,0,,0,,,,,0,53,10,30,60,0.9992342067803723,0.30000000000000004
2026-08-31T20:58:22.217,121141468,P003,finger_reposition,TRANSITION,,,,846,693217,117768,120455,103456.59,109351.02,14311.41,11103.98,12563.71,14571.44,False,False,nan,True,0.075,nan,nan,False,0,COLLECTING,0,,0,,,,,0,53,10,30,60,0.9994668578797398,0.24494897427831783
2026-08-31T20:58:22.228,121141484,P003,finger_reposition,TRANSITION,,,,847,693257,117691,120287,103741.27,109569.74,13949.73,10717.26,12102.1,14522.05,False,False,nan,True,0.075,nan,nan,False,0,COLLECTING,0,,0,,,,,0,53,10,30,60,0.9994668578797398,0.24494897427831783
2026-08-31T20:58:22.242,121141500,P003,finger_reposition,TRANSITION,,,,848,693297,117761,120449,104021.66,109787.33,13739.34,10661.67,11741.99,14466.45,False,False,nan,True,0.075,nan,nan,False,0,COLLECTING,0,,0,,,,,0,53,10,30,60,0.9994668578797398,0.24494897427831783
2026-08-31T20:58:22.250,121141500,P003,finger_reposition,TRANSITION,,,,849,693337,117849,120680,104298.21,110005.18,13550.79,10674.82,11475.2,14406.63,False,False,nan,True,0.075,nan,nan,False,0,COLLECTING,0,,0,,,,,0,53,10,30,60,0.9994668578797398,0.24494897427831783
2026-08-31T20:58:22.272,121141515,P003,finger_reposition,TRANSITION,,,,850,693377,117942,120899,104571.09,110223.05,13370.91,10675.95,11275.38,14344.0,False,False,nan,True,0.075,nan,nan,False,0,COLLECTING,0,,0,,,,,0,53,10,30,60,0.9994668578797398,0.24494897427831783
2026-08-31T20:58:22.418,121141671,P003,finger_reposition,TRANSITION,,,,851,693417,117950,120948,104838.66,110437.55,13111.34,10510.45,11084.15,14278.8,False,False,nan,True,0.075,nan,nan,False,0,COLLECTING,0,,0,,,,,0,53,10,30,60,0.9992342067803723,0.17320508075688776
2026-08-31T20:58:22.429,121141687,P003,finger_reposition,TRANSITION,,,,852,693457,117894,120812,105099.77,110645.05,12794.23,10166.95,10854.85,14210.32,False,False,nan,True,0.075,nan,nan,False,0,COLLECTING,0,,0,,,,,0,53,10,30,60,0.9992342067803723,0.17320508075688776
2026-08-31T20:58:22.443,121141687,P003,finger_reposition,TRANSITION,,,,853,693497,117858,120764,105354.94,110847.43,12503.06,9916.57,10620.28,14138.52,False,False,nan,True,0.075,nan,nan,False,0,COLLECTING,0,,0,,,,,0,53,10,30,60,0.9992342067803723,0.17320508075688776
2026-08-31T20:58:22.451,121141703,P003,finger_reposition,TRANSITION,,,,854,693537,117878,120843,105605.4,111047.34,12272.6,9795.66,10414.12,14064.04,False,False,nan,True,0.075,nan,nan,False,0,COLLECTING,0,,0,,,,,0,53,10,30,60,0.9992342067803723,0.17320508075688776
2026-08-31T20:58:22.473,121141718,P003,finger_reposition,TRANSITION,,,,855,693577,117935,120977,105851.99,111245.94,12083.01,9731.06,10243.36,13987.62,False,False,nan,True,0.075,nan,nan,False,0,COLLECTING,0,,0,,,,,0,53,10,30,60,0.9992342067803723,0.17320508075688776
2026-08-31T20:58:22.619,121141875,P003,finger_reposition,TRANSITION,,,,856,693617,117997,121143,106094.89,111443.88,11902.11,9699.12,10107.3,13910.02,False,False,nan,True,0.075,nan,nan,False,0,COLLECTING,0,,0,,,,,0,53,10,30,60,0.9992342067803723,0.17320508075688776
2026-08-31T20:58:22.630,121141875,P003,finger_reposition,TRANSITION,,,,857,693657,118066,121316,106334.31,111641.32,11731.69,9674.68,9999.15,13831.8,False,False,nan,True,0.075,nan,nan,False,0,COLLECTING,0,,0,,,,,0,53,10,30,60,0.9992342067803723,0.17320508075688776
2026-08-31T20:58:22.640,121141890,P003,finger_reposition,TRANSITION,,,,858,693697,118104,121450,106569.7,111837.49,11534.3,9612.51,9902.49,13753.21,False,False,nan,True,0.075,nan,nan,False,0,COLLECTING,0,,0,,,,,0,53,10,30,60,0.9992342067803723,0.17320508075688776
2026-08-31T20:58:22.650,121141906,P003,finger_reposition,TRANSITION,,,,859,693737,118159,121566,106801.49,112032.06,11357.51,9533.94,9810.35,13674.35,False,False,nan,True,0.075,nan,nan,False,0,COLLECTING,0,,0,,,,,0,53,10,30,60,0.9992342067803723,0.17320508075688776
2026-08-31T20:58:22.673,121141921,P003,finger_reposition,TRANSITION,,,,860,693777,118200,121698,107029.46,112225.38,11170.54,9472.62,9725.92,13595.39,False,False,nan,True,0.075,nan,nan,False,0,COLLECTING,0,,0,,,,,0,53,10,30,60,0.9992342067803723,0.17320508075688776
2026-08-31T20:58:22.818,121142062,P003,finger_reposition,TRANSITION,,,,861,693817,118247,121814,107253.81,112417.16,10993.19,9396.84,9643.65,13516.35,False,False,nan,True,0.075,nan,nan,False,0,COLLECTING,0,,0,,,,,0,53,10,30,60,0.9992342067803723,0.17320508075688776
2026-08-31T20:58:22.829,121142078,P003,finger_reposition,TRANSITION,,,,862,693857,118157,121630,107471.88,112601.41,10685.12,9028.59,9489.88,13435.82,False,False,nan,True,0.075,nan,nan,False,0,COLLECTING,0,,0,,,,,0,53,10,30,60,0.9992342067803723,0.17320508075688776
2026-08-31T20:58:22.839,121142093,P003,finger_reposition,TRANSITION,,,,863,693897,117909,121021,107680.62,112769.8,10228.38,8251.2,9180.21,13350.71,False,False,nan,True,0.075,nan,nan,False,0,COLLECTING,0,,0,,,,,0,53,10,30,60,0.9992342067803723,0.17320508075688776
2026-08-31T20:58:22.849,121142093,P003,finger_reposition,TRANSITION,,,,864,693937,117712,120587,107881.24,112926.15,9830.76,7660.85,8800.37,13259.7,False,False,nan,True,0.075,nan,nan,False,0,COLLECTING,0,,0,,,,,0,53,10,30,60,0.9992342067803723,0.17320508075688776
2026-08-31T20:58:22.873,121142125,P003,finger_reposition,TRANSITION,,,,865,693977,117699,120569,108077.59,113079.01,9621.41,7489.99,8472.78,13163.96,False,False,nan,True,0.075,nan,nan,False,0,COLLECTING,0,,0,,,,,0,53,10,30,60,0.9992342067803723,0.17320508075688776
2026-08-31T20:58:23.021,121142265,P003,finger_reposition,TRANSITION,,,,866,694017,117799,120805,108272.02,113233.53,9526.98,7571.47,8247.45,13065.63,False,False,nan,True,0.075,nan,nan,False,0,COLLECTING,0,,0,,,,,0,53,10,30,60,0.9992342067803723,0.24494897427831783
2026-08-31T20:58:23.029,121142281,P003,finger_reposition,TRANSITION,,,,867,694057,117911,121081,108464.8,113390.48,9446.2,7690.52,8108.22,12966.49,False,False,nan,True,0.075,nan,nan,False,0,COLLECTING,0,,0,,,,,0,53,10,30,60,0.9992342067803723,0.24494897427831783
2026-08-31T20:58:23.036,121142281,P003,finger_reposition,TRANSITION,,,,868,694097,117972,121256,108654.95,113547.8,9317.05,7708.2,8008.21,12867.32,False,False,nan,True,0.075,nan,nan,False,0,COLLECTING,0,,0,,,,,0,53,10,30,60,0.9992342067803723,0.24494897427831783
2026-08-31T20:58:23.048,121142296,P003,finger_reposition,TRANSITION,,,,869,694137,117949,121211,108840.83,113701.06,9108.17,7509.94,7883.64,12767.65,False,False,nan,True,0.075,nan,nan,False,0,COLLECTING,0,,0,,,,,0,53,10,30,60,0.9992342067803723,0.24494897427831783
2026-08-31T20:58:23.087,121142343,P003,finger_reposition,TRANSITION,,,,870,694177,117903,121105,109022.07,113849.14,8880.93,7255.86,7726.7,12666.83,False,False,nan,True,0.075,nan,nan,False,0,COLLECTING,0,,0,,,,,0,53,10,30,60,0.9992342067803723,0.24494897427831783
2026-08-31T20:58:23.218,121142468,P003,finger_reposition,TRANSITION,,,,871,694217,117902,121122,109199.67,113994.6,8702.33,7127.4,7576.87,12565.03,False,False,nan,True,0.075,nan,nan,False,0,COLLECTING,0,,0,,,,,0,53,10,30,60,0.9992342067803723,0.30000000000000004
2026-08-31T20:58:23.229,121142484,P003,finger_reposition,TRANSITION,,,,872,694257,117942,121251,109374.52,114139.73,8567.48,7111.27,7460.47,12462.94,False,False,nan,True,0.075,nan,nan,False,0,COLLECTING,0,,0,,,,,0,53,10,30,60,0.9992342067803723,0.30000000000000004
2026-08-31T20:58:23.236,121142484,P003,finger_reposition,TRANSITION,,,,873,694297,118018,121415,109547.38,114285.23,8470.62,7129.77,7377.8,12361.23,False,False,nan,True,0.075,nan,nan,False,0,COLLECTING,0,,0,,,,,0,53,10,30,60,0.9992342067803723,0.30000000000000004
2026-08-31T20:58:23.249,121142500,P003,finger_reposition,TRANSITION,,,,874,694337,118097,121611,109718.38,114431.75,8378.62,7179.25,7328.16,12260.57,False,False,nan,True,0.075,nan,nan,False,0,COLLECTING,0,,0,,,,,0,53,10,30,60,0.9992342067803723,0.30000000000000004
2026-08-31T20:58:23.274,121142531,P003,finger_reposition,TRANSITION,,,,875,694377,118177,121799,109887.55,114579.09,8289.45,7219.91,7301.1,12161.38,False,False,nan,True,0.075,nan,nan,False,0,COLLECTING,0,,0,,,,,0,53,10,30,60,0.9992342067803723,0.30000000000000004
2026-08-31T20:58:23.418,121142671,P003,finger_reposition,TRANSITION,,,,876,694417,118222,121933,110054.23,114726.17,8167.77,7206.83,7277.53,12063.71,False,False,nan,True,0.075,nan,nan,False,0,COLLECTING,0,,0,,,,,0,53,10,30,60,0.9990180178555339,0.24494897427831783
2026-08-31T20:58:23.431,121142687,P003,finger_reposition,TRANSITION,,,,877,694457,118260,122046,110218.35,114872.57,8041.65,7173.43,7251.5,11967.46,False,False,nan,True,0.075,nan,nan,False,0,COLLECTING,0,,0,,,,,0,53,10,30,60,0.9990180178555339,0.24494897427831783
2026-08-31T20:58:23.440,121142687,P003,finger_reposition,TRANSITION,,,,878,694497,118303,122110,110380.05,115017.32,7922.95,7092.68,7211.8,11872.35,False,False,nan,True,0.075,nan,nan,False,0,COLLECTING,0,,0,,,,,0,53,10,30,60,0.9990180178555339,0.24494897427831783
2026-08-31T20:58:23.449,121142703,P003,finger_reposition,TRANSITION,,,,879,694537,118209,121915,110536.62,115155.27,7672.38,6759.73,7098.78,11776.88,False,False,nan,True,0.075,nan,nan,False,0,COLLECTING,0,,0,,,,,0,53,10,30,60,0.9990180178555339,0.24494897427831783
2026-08-31T20:58:23.472,121142718,P003,finger_reposition,TRANSITION,,,,880,694577,117930,121270,110684.49,115277.57,7245.51,5992.43,6822.19,11677.78,False,False,nan,True,0.075,nan,nan,False,0,COLLECTING,0,,0,,,,,0,53,10,30,60,0.9990180178555339,0.24494897427831783
2026-08-31T20:58:23.618,121142875,P003,finger_reposition,TRANSITION,,,,881,694617,117686,120675,110824.52,115385.52,6861.48,5289.48,6439.02,11573.01,False,False,nan,True,0.075,nan,nan,False,0,COLLECTING,0,,0,,,,,0,53,10,30,60,0.9992342067803723,0.30000000000000004
2026-08-31T20:58:23.631,121142875,P003,finger_reposition,TRANSITION,,,,882,694657,117616,120524,110960.35,115488.29,6655.65,5035.71,6088.19,11463.31,False,False,nan,True,0.075,nan,nan,False,0,COLLECTING,0,,0,,,,,0,53,10,30,60,0.9992342067803723,0.30000000000000004
2026-08-31T20:58:23.638,121142890,P003,finger_reposition,TRANSITION,,,,883,694697,117674,120664,111094.62,115591.8,6579.38,5072.2,5834.19,11350.73,False,False,nan,True,0.075,nan,nan,False,0,COLLECTING,0,,0,,,,,0,53,10,30,60,0.9992342067803723,0.30000000000000004
2026-08-31T20:58:23.649,121142906,P003,finger_reposition,TRANSITION,,,,884,694737,117780,120900,111228.34,115697.97,6551.66,5202.03,5676.15,11237.24,False,False,nan,True,0.075,nan,nan,False,0,COLLECTING,0,,0,,,,,0,53,10,30,60,0.9992342067803723,0.30000000000000004
2026-08-31T20:58:23.673,121142921,P003,finger_reposition,TRANSITION,,,,885,694777,117823,121028,111360.23,115804.57,6462.77,5223.43,5562.97,11123.75,False,False,nan,True,0.075,nan,nan,False,0,COLLECTING,0,,0,,,,,0,53,10,30,60,0.9992342067803723,0.30000000000000004
2026-08-31T20:58:23.819,121143062,P003,finger_reposition,TRANSITION,,,,886,694817,117813,121001,111489.28,115908.5,6323.72,5092.5,5445.35,11010.19,False,False,nan,True,0.775,nan,78.76,False,0,COLLECTING,0,,0,,,,,0,53,10,30,60,0.9992342067803723,0.24494897427831783
2026-08-31T20:58:23.832,121143078,P003,finger_reposition,TRANSITION,,,,887,694857,117770,120917,111614.9,116008.67,6155.1,4908.33,5311.1,10896.2,False,False,nan,True,0.775,nan,78.76,False,0,COLLECTING,0,,0,,,,,0,53,10,30,60,0.9992342067803723,0.24494897427831783
2026-08-31T20:58:23.842,121143093,P003,finger_reposition,TRANSITION,,,,888,694897,117748,120891,111737.56,116106.32,6010.44,4784.68,5179.49,10781.87,False,False,nan,True,0.775,nan,78.76,False,0,COLLECTING,0,,0,,,,,0,53,10,30,60,0.9992342067803723,0.24494897427831783
2026-08-31T20:58:23.850,121143093,P003,finger_reposition,TRANSITION,,,,889,694937,117762,120949,111858.05,116203.17,5903.95,4745.83,5071.08,10667.65,False,False,nan,True,0.775,nan,78.76,False,0,COLLECTING,0,,0,,,,,0,53,10,30,60,0.9992342067803723,0.24494897427831783
2026-08-31T20:58:23.874,121143125,P003,finger_reposition,TRANSITION,,,,890,694977,117830,121083,111977.49,116300.77,5852.51,4782.23,4998.87,10554.28,False,False,nan,True,0.775,nan,78.76,False,0,COLLECTING,0,,0,,,,,0,53,10,30,60,0.9992342067803723,0.24494897427831783
2026-08-31T20:58:24.019,121143265,P003,finger_reposition,TRANSITION,,,,891,695017,117908,121278,112096.1,116400.31,5811.9,4877.69,4968.57,10442.56,False,False,nan,True,0.775,nan,78.76,False,0,COLLECTING,0,,0,,,,,0,53,10,30,60,0.9992342067803723,0.30000000000000004
2026-08-31T20:58:24.031,121143281,P003,finger_reposition,TRANSITION,,,,892,695057,117972,121449,112213.62,116501.29,5758.38,4947.71,4963.36,10332.98,False,False,nan,True,0.775,nan,78.76,False,0,COLLECTING,0,,0,,,,,0,53,10,30,60,0.9992342067803723,0.30000000000000004
2026-08-31T20:58:24.043,121143296,P003,finger_reposition,TRANSITION,,,,893,695097,118023,121565,112329.8,116602.56,5693.2,4962.44,4963.13,10225.58,False,False,nan,True,0.775,nan,78.76,False,0,COLLECTING,0,,0,,,,,0,53,10,30,60,0.9992342067803723,0.30000000000000004
2026-08-31T20:58:24.050,121143296,P003,finger_reposition,TRANSITION,,,,894,695137,118061,121642,112444.43,116703.35,5616.57,4938.65,4957.01,10120.21,False,False,nan,True,0.775,nan,78.76,False,0,COLLECTING,0,,0,,,,,0,53,10,30,60,0.9992342067803723,0.30000000000000004
2026-08-31T20:58:24.073,121143328,P003,finger_reposition,TRANSITION,,,,895,695177,118092,121734,112557.38,116803.96,5534.62,4930.04,4950.27,10016.81,False,False,nan,True,0.775,nan,78.76,False,0,COLLECTING,0,,0,,,,,0,53,10,30,60,0.9992342067803723,0.30000000000000004
2026-08-31T20:58:24.221,121143468,P003,finger_reposition,TRANSITION,,,,896,695217,118076,121716,112667.76,116902.2,5408.24,4813.8,4916.15,9914.8,False,False,nan,True,0.775,nan,78.76,False,0,COLLECTING,0,,0,,,,,0,53,10,30,60,0.9994668578797398,0.17320508075688776
2026-08-31T20:58:24.230,121143484,P003,finger_reposition,TRANSITION,,,,897,695257,117854,121209,112771.48,116988.34,5082.52,4220.66,4742.28,9811.35,False,False,nan,True,0.775,nan,78.76,False,0,COLLECTING,0,,0,,,,,0,53,10,30,60,0.9994668578797398,0.17320508075688776
2026-08-31T20:58:24.238,121143484,P003,finger_reposition,TRANSITION,,,,898,695297,117543,120456,112866.91,117057.69,4676.09,3398.31,4406.29,9703.25,False,False,nan,True,0.775,nan,78.76,False,0,COLLECTING,0,,0,,,,,0,53,10,30,60,0.9994668578797398,0.17320508075688776
2026-08-31T20:58:24.250,121143500,P003,finger_reposition,TRANSITION,,,,899,695337,117401,120134,112957.59,117119.21,4443.41,3014.79,4058.41,9590.35,False,False,nan,True,0.775,nan,78.76,False,0,COLLECTING,0,,0,,,,,0,53,10,30,60,0.9994668578797398,0.17320508075688776
2026-08-31T20:58:24.273,121143531,P003,finger_reposition,TRANSITION,,,,900,695377,117440,120229,113047.24,117181.41,4392.76,3047.59,3805.71,9474.66,False,False,nan,True,0.775,nan,78.76,False,0,COLLECTING,0,,0,,,,,0,53,10,30,60,0.9994668578797398,0.17320508075688776
2026-08-31T20:58:24.419,121143671,P003,finger_reposition,TRANSITION,,,,901,695417,117524,120441,113136.77,117246.6,4387.23,3194.4,3652.88,9358.22,False,False,nan,True,0.775,nan,78.76,False,0,COLLECTING,0,,0,,,,,0,53,10,30,60,0.9992342067803723,0.17320508075688776
2026-08-31T20:58:24.429,121143687,P003,finger_reposition,TRANSITION,,,,902,695457,117597,120619,113225.98,117314.05,4371.02,3304.95,3565.9,9242.38,False,False,nan,True,0.775,nan,78.76,False,0,COLLECTING,0,,0,,,,,0,53,10,30,60,0.9992342067803723,0.17320508075688776
2026-08-31T20:58:24.439,121143687,P003,finger_reposition,TRANSITION,,,,903,695497,117628,120680,113314.02,117381.37,4313.98,3298.63,3499.08,9127.51,False,False,nan,True,0.775,nan,78.76,False,0,COLLECTING,0,,0,,,,,0,53,10,30,60,0.9992342067803723,0.17320508075688776
2026-08-31T20:58:24.449,121143703,P003,finger_reposition,TRANSITION,,,,904,695537,117572,120554,113399.17,117444.82,4172.83,3109.18,3401.61,9012.99,False,False,nan,True,0.775,nan,78.76,False,0,COLLECTING,0,,0,,,,,0,53,10,30,60,0.9992342067803723,0.17320508075688776
2026-08-31T20:58:24.474,121143718,P003,finger_reposition,TRANSITION,,,,905,695577,117504,120410,113481.27,117504.12,4022.73,2905.88,3277.67,8898.29,False,False,nan,True,0.775,nan,78.76,False,0,COLLECTING,0,,0,,,,,0,53,10,30,60,0.9992342067803723,0.17320508075688776
2026-08-31T20:58:24.620,121143875,P003,finger_reposition,TRANSITION,,,,906,695617,117512,120420,113561.88,117562.45,3950.12,2857.55,3172.64,8783.77,False,False,nan,True,0.775,nan,78.76,False,0,COLLECTING,0,,0,,,,,0,53,10,30,60,0.9992342067803723,0.30000000000000004
2026-08-31T20:58:24.632,121143890,P003,finger_reposition,TRANSITION,,,,907,695657,117561,120545,113641.87,117622.09,3919.13,2922.91,3110.21,8670.3,False,False,nan,True,0.775,nan,78.76,False,0,COLLECTING,0,,0,,,,,0,53,10,30,60,0.9992342067803723,0.30000000000000004
2026-08-31T20:58:24.642,121143890,P003,finger_reposition,TRANSITION,,,,908,695697,117644,120739,113721.91,117684.43,3922.09,3054.57,3096.3,8558.82,False,False,nan,True,0.775,nan,78.76,False,0,COLLECTING,0,,0,,,,,0,53,10,30,60,0.9992342067803723,0.30000000000000004
2026-08-31T20:58:24.650,121143906,P003,finger_reposition,TRANSITION,,,,909,695737,117715,120901,113801.77,117748.76,3913.23,3152.24,3110.29,8449.85,False,False,nan,True,0.775,nan,78.76,False,0,COLLECTING,0,,0,,,,,0,53,10,30,60,0.9992342067803723,0.30000000000000004
2026-08-31T20:58:24.674,121143921,P003,finger_reposition,TRANSITION,,,,910,695777,117774,121030,113881.21,117814.38,3892.79,3215.62,3136.62,8343.59,False,False,nan,True,0.775,nan,78.76,False,0,COLLECTING,0,,0,,,,,0,53,10,30,60,0.9992342067803723,0.30000000000000004
2026-08-31T20:58:24.818,121144062,P003,finger_reposition,TRANSITION,,,,911,695817,117805,121124,113959.69,117880.58,3845.31,3243.42,3163.32,8239.98,False,False,nan,True,0.775,nan,78.76,False,0,COLLECTING,0,,0,,,,,0,53,10,30,60,0.9994668578797398,0.17320508075688776
2026-08-31T20:58:24.831,121144078,P003,finger_reposition,TRANSITION,,,,912,695857,117834,121202,114037.17,117947.01,3796.83,3254.99,3186.24,8138.91,False,False,nan,True,0.775,nan,78.76,False,0,COLLECTING,0,,0,,,,,0,53,10,30,60,0.9994668578797398,0.17320508075688776
2026-08-31T20:58:24.841,121144093,P003,finger_reposition,TRANSITION,,,,913,695897,117853,121246,114113.49,118012.98,3739.51,3233.02,3197.93,8040.09,False,False,nan,True,0.775,nan,78.76,False,0,COLLECTING,0,,0,,,,,0,53,10,30,60,0.9994668578797398,0.17320508075688776
2026-08-31T20:58:24.849,121144093,P003,finger_reposition,TRANSITION,,,,914,695937,117772,121049,114186.66,118073.7,3585.34,2975.3,3142.27,7942.13,True,False,nan,True,0.775,nan,78.76,False,0,COLLECTING,0,,0,,,,,0,53,10,30,60,0.9994668578797398,0.17320508075688776
2026-08-31T20:58:24.873,121144125,P003,finger_reposition,TRANSITION,,,,915,695977,117482,120366,114252.57,118119.55,3229.43,2246.45,2918.32,7841.65,False,False,nan,True,0.775,nan,78.76,False,0,COLLECTING,0,,0,,,,,0,53,10,30,60,0.9994668578797398,0.17320508075688776
2026-08-31T20:58:25.018,121144265,P003,finger_reposition,TRANSITION,,,,916,696017,117234,119800,114312.2,118153.16,2921.8,1646.84,2600.45,7736.83,False,False,nan,True,0.775,nan,78.76,False,0,COLLECTING,0,,0,,,,,0,53,10,30,60,1.0003294457327545,0.24494897427831783
2026-08-31T20:58:25.030,121144281,P003,finger_reposition,TRANSITION,,,,917,696057,117205,119744,114370.05,118184.98,2834.95,1559.02,2340.09,7628.9,False,False,nan,True,0.775,nan,78.76,False,0,COLLECTING,0,,0,,,,,0,53,10,30,60,1.0003294457327545,0.24494897427831783
2026-08-31T20:58:25.042,121144296,P003,finger_reposition,TRANSITION,,,,918,696107,117294,119985,114428.53,118220.98,2865.47,1764.02,2196.08,7520.24,False,False,nan,True,0.775,nan,78.76,False,0,COLLECTING,0,,0,,,,,0,53,10,30,60,1.0003294457327545,0.24494897427831783
2026-08-31T20:58:25.050,121144296,P003,finger_reposition,TRANSITION,,,,919,696137,117400,120233,114487.96,118261.22,2912.04,1971.78,2140.0,7412.63,False,False,nan,True,0.775,nan,78.76,False,0,COLLECTING,0,,0,,,,,0,53,10,30,60,1.0003294457327545,0.24494897427831783
2026-08-31T20:58:25.084,121144328,P003,finger_reposition,TRANSITION,,,,920,696187,117480,120429,114547.8,118304.58,2932.2,2124.42,2136.11,7307.1,False,False,nan,True,0.775,nan,78.76,False,0,COLLECTING,0,,0,,,,,0,53,10,30,60,1.0003294457327545,0.24494897427831783
2026-08-31T20:58:25.218,121144468,P003,finger_reposition,TRANSITION,,,,921,696217,117502,120466,114606.89,118347.8,2895.11,2118.2,2131.63,7203.59,False,False,nan,True,0.775,nan,78.76,False,0,COLLECTING,0,,0,,,,,0,53,10,30,60,0.9992342067803723,0.24494897427831783
2026-08-31T20:58:25.230,121144484,P003,finger_reposition,TRANSITION,,,,922,696267,117474,120423,114664.23,118389.3,2809.77,2033.7,2107.15,7101.67,False,False,nan,True,0.775,nan,78.76,False,0,COLLECTING,0,,0,,,,,0,53,10,30,60,0.9992342067803723,0.24494897427831783
2026-08-31T20:58:25.243,121144500,P003,finger_reposition,TRANSITION,,,,923,696307,117484,120400,114720.63,118429.52,2763.37,1970.48,2072.98,7001.09,False,False,nan,True,0.775,nan,78.76,False,0,COLLECTING,0,,0,,,,,0,53,10,30,60,0.9992342067803723,0.24494897427831783
2026-08-31T20:58:25.250,121144500,P003,finger_reposition,TRANSITION,,,,924,696347,117529,120549,114776.8,118471.91,2752.2,2077.09,2074.01,6902.55,False,False,nan,True,0.775,nan,78.76,False,0,COLLECTING,0,,0,,,,,0,53,10,30,60,0.9992342067803723,0.24494897427831783
2026-08-31T20:58:25.283,121144531,P003,finger_reposition,TRANSITION,,,,925,696387,117608,120721,114833.42,118516.89,2774.58,2204.11,2106.53,6806.63,False,False,nan,True,0.775,nan,78.76,False,0,COLLECTING,0,,0,,,,,0,53,10,30,60,0.9992342067803723,0.24494897427831783
2026-08-31T20:58:25.419,121144671,P003,finger_reposition,TRANSITION,,,,926,696427,117677,120813,114890.3,118562.81,2786.7,2250.19,2142.45,6713.35,False,False,nan,True,0.775,nan,78.76,False,0,COLLECTING,0,,0,,,,,0,53,10,30,60,0.9987852622060459,0.24494897427831783
2026-08-31T20:58:25.429,121144687,P003,finger_reposition,TRANSITION,,,,927,696467,117726,120974,114947.01,118611.04,2778.99,2362.96,2197.58,6623.03,False,False,nan,True,0.775,nan,78.76,False,0,COLLECTING,0,,0,,,,,0,53,10,30,60,0.9987852622060459,0.24494897427831783
2026-08-31T20:58:25.437,121144687,P003,finger_reposition,TRANSITION,,,,928,696507,117781,121140,115003.69,118661.62,2777.31,2478.38,2267.78,6535.93,False,False,nan,True,0.775,nan,78.76,False,0,COLLECTING,0,,0,,,,,0,53,10,30,60,0.9987852622060459,0.24494897427831783
2026-08-31T20:58:25.449,121144703,P003,finger_reposition,TRANSITION,,,,929,696547,117810,121141,115059.81,118711.2,2750.19,2429.8,2308.28,6451.37,False,False,nan,True,0.775,nan,78.76,False,0,COLLECTING,0,,0,,,,,0,53,10,30,60,0.9987852622060459,0.24494897427831783
2026-08-31T20:58:25.482,121144734,P003,finger_reposition,TRANSITION,,,,930,696587,117815,121203,115114.91,118761.04,2700.09,2441.96,2341.7,6369.18,False,False,nan,True,0.775,nan,78.76,False,0,COLLECTING,0,,0,,,,,0,53,10,30,60,0.9987852622060459,0.24494897427831783
2026-08-31T20:58:25.619,121144875,P003,finger_reposition,TRANSITION,,,,931,696627,117815,121208,115168.91,118809.98,2646.09,2398.02,2355.78,6288.91,False,False,nan,True,0.775,nan,78.76,False,0,COLLECTING,0,,0,,,,,0,53,10,30,60,0.9992342067803723,0.24494897427831783
2026-08-31T20:58:25.629,121144875,P003,finger_reposition,TRANSITION,,,,932,696667,117673,120865,115218.99,118851.08,2454.01,2013.92,2270.32,6208.54,True,True,730.0,True,0.775,nan,78.76,False,0,COLLECTING,0,,0,,,,,0,53,10,30,60,0.9992342067803723,0.24494897427831783
2026-08-31T20:58:25.641,121144890,P003,finger_reposition,TRANSITION,,,,933,696707,117344,120005,115261.49,118874.16,2082.51,1130.84,1985.45,6124.08,False,False,nan,True,0.775,nan,78.76,False,0,COLLECTING,0,,0,,,,,0,53,10,30,60,0.9992342067803723,0.24494897427831783
2026-08-31T20:58:25.650,121144906,P003,finger_reposition,TRANSITION,,,,934,696747,117061,119422,115297.48,118885.11,1763.52,536.89,1623.31,6034.06,False,False,nan,True,0.775,nan,78.76,False,0,COLLECTING,0,,0,,,,,0,53,10,30,60,0.9992342067803723,0.24494897427831783
2026-08-31T20:58:25.683,121144937,P003,finger_reposition,TRANSITION,,,,935,696787,117004,119307,115331.62,118893.55,1672.38,413.45,1320.85,5939.8,False,False,nan,True,0.775,nan,78.76,False,0,COLLECTING,0,,0,,,,,0,53,10,30,60,0.9992342067803723,0.24494897427831783
2026-08-31T20:58:25.818,121145062,P003,finger_reposition,TRANSITION,,,,936,696827,117076,119480,115366.51,118905.27,1709.49,574.73,1134.32,5843.69,False,False,nan,True,0.775,nan,78.76,False,0,COLLECTING,0,,0,,,,,1,53,10,30,60,0.9994668578797398,0.17320508075688776
2026-08-31T20:58:25.831,121145078,P003,finger_reposition,TRANSITION,,,,937,696867,117200,119789,115403.18,118922.95,1796.82,866.05,1067.25,5748.16,False,False,nan,True,0.775,nan,78.76,False,0,COLLECTING,0,,0,,,,,1,53,10,30,60,0.9994668578797398,0.17320508075688776
2026-08-31T20:58:25.840,121145093,P003,finger_reposition,TRANSITION,,,,938,696907,117224,119839,115439.59,118941.27,1784.41,897.73,1024.87,5653.69,False,False,nan,True,0.775,nan,78.76,False,0,COLLECTING,0,,0,,,,,1,53,10,30,60,0.9994668578797398,0.17320508075688776
2026-08-31T20:58:25.848,121145093,P003,finger_reposition,TRANSITION,,,,939,696947,117142,119648,115473.64,118955.4,1668.36,692.6,941.8,5559.46,False,False,nan,True,0.775,nan,78.76,False,0,COLLECTING,0,,0,,,,,1,53,10,30,60,0.9994668578797398,0.17320508075688776
2026-08-31T20:58:25.883,121145140,P003,finger_reposition,TRANSITION,,,,940,696987,117077,119521,115505.71,118966.71,1571.29,554.29,844.93,5465.17,False,False,nan,True,0.775,nan,78.76,False,0,COLLECTING,0,,0,,,,,1,53,10,30,60,0.9994668578797398,0.17320508075688776
2026-08-31T20:58:26.019,121145265,P003,finger_reposition,TRANSITION,,,,941,697027,117103,119639,115537.66,118980.16,1565.34,658.84,798.4,5371.83,False,False,nan,True,0.775,nan,78.76,False,0,COLLECTING,0,,0,,,,,1,53,10,30,60,0.9994668578797398,0.24494897427831783
2026-08-31T20:58:26.029,121145281,P003,finger_reposition,TRANSITION,,,,942,697067,117205,119820,115571.0,118996.95,1634.0,823.05,804.57,5280.48,False,False,nan,True,0.775,nan,78.76,False,0,COLLECTING,0,,0,,,,,1,53,10,30,60,0.9994668578797398,0.24494897427831783
2026-08-31T20:58:26.039,121145296,P003,finger_reposition,TRANSITION,,,,943,697107,117240,120054,115604.38,119018.09,1635.62,1035.91,862.4,5192.12,False,False,nan,True,0.775,nan,78.76,False,0,COLLECTING,0,,0,,,,,1,53,10,30,60,0.9994668578797398,0.24494897427831783
2026-08-31T20:58:26.051,121145296,P003,finger_reposition,TRANSITION,,,,944,697147,117247,120134,115637.23,119040.41,1609.77,1093.59,920.2,5106.68,False,False,nan,True,0.775,nan,78.76,False,0,COLLECTING,0,,0,,,,,1,53,10,30,60,0.9994668578797398,0.24494897427831783
2026-08-31T20:58:26.094,121145343,P003,finger_reposition,TRANSITION,,,,945,697187,117330,120389,115671.09,119067.38,1658.91,1321.62,1020.55,5024.96,False,False,nan,True,0.775,nan,78.76,False,0,COLLECTING,0,,0,,,,,1,53,10,30,60,0.9994668578797398,0.24494897427831783
2026-08-31T20:58:26.218,121145468,P003,finger_reposition,TRANSITION,,,,946,697227,117464,120763,115706.95,119101.3,1757.05,1661.7,1180.84,4948.08,False,False,nan,True,0.775,nan,78.76,False,0,COLLECTING,0,,0,,,,,1,53,10,30,60,0.9992342067803723,0.24494897427831783
2026-08-31T20:58:26.230,121145484,P003,finger_reposition,TRANSITION,,,,947,697267,117606,121134,115744.93,119141.95,1861.07,1992.05,1383.64,4876.79,False,False,nan,True,0.775,nan,78.76,False,0,COLLECTING,0,,0,,,,,1,53,10,30,60,0.9992342067803723,0.24494897427831783
2026-08-31T20:58:26.238,121145484,P003,finger_reposition,TRANSITION,,,,948,697307,117750,121383,115785.03,119186.77,1964.97,2196.23,1586.79,4810.99,False,False,nan,True,0.775,nan,78.76,False,0,COLLECTING,0,,0,,,,,1,53,10,30,60,0.9992342067803723,0.24494897427831783
2026-08-31T20:58:26.249,121145500,P003,finger_reposition,TRANSITION,,,,949,697347,117705,121257,115823.43,119228.18,1881.57,2028.82,1697.3,4748.72,False,False,nan,True,0.775,nan,78.76,False,0,COLLECTING,0,,0,,,,,1,53,10,30,60,0.9992342067803723,0.24494897427831783
2026-08-31T20:58:26.283,121145531,P003,finger_reposition,TRANSITION,,,,950,697387,117484,120854,115856.64,119260.7,1627.36,1593.3,1671.3,4687.17,True,True,720.0,True,0.775,nan,78.76,False,0,COLLECTING,0,,0,,,,,1,53,10,30,60,0.9992342067803723,0.24494897427831783
2026-08-31T20:58:26.420,121145671,P003,finger_reposition,TRANSITION,,,,951,697427,117393,120590,115887.37,119287.28,1505.63,1302.72,1579.15,4625.01,False,False,nan,True,0.775,nan,78.76,False,0,COLLECTING,0,,0,,,,,2,53,10,30,60,0.9994668578797398,0.30000000000000004
2026-08-31T20:58:26.432,121145687,P003,finger_reposition,TRANSITION,,,,952,697467,117511,120788,115919.84,119317.3,1591.16,1470.7,1552.04,4563.55,False,False,nan,True,0.775,nan,78.76,False,0,COLLECTING,0,,0,,,,,2,53,10,30,60,0.9994668578797398,0.30000000000000004
2026-08-31T20:58:26.444,121145687,P003,finger_reposition,TRANSITION,,,,953,697507,117630,121054,115954.04,119352.03,1675.96,1701.97,1589.52,4504.07,False,False,nan,True,0.775,nan,78.76,False,0,COLLECTING,0,,0,,,,,2,53,10,30,60,0.9994668578797398,0.30000000000000004
2026-08-31T20:58:26.452,121145703,P003,finger_reposition,TRANSITION,,,,954,697547,117763,121408,115990.22,119393.15,1772.78,2014.85,1695.85,4447.9,False,False,nan,True,0.775,nan,78.76,False,0,COLLECTING,0,,0,,,,,2,53,10,30,60,0.9994668578797398,0.30000000000000004
2026-08-31T20:58:26.482,121145734,P003,finger_reposition,TRANSITION,,,,955,697587,117898,121635,116028.38,119437.98,1869.62,2197.02,1821.15,4395.37,False,False,nan,True,0.775,nan,78.76,False,0,COLLECTING,0,,0,,,,,2,53,10,30,60,0.9994668578797398,0.30000000000000004
2026-08-31T20:58:26.618,121145875,P003,finger_reposition,TRANSITION,,,,956,697627,117929,121750,116066.39,119484.23,1862.61,2265.77,1932.3,4346.11,False,False,nan,True,0.775,nan,78.76,False,0,COLLECTING,0,,0,,,,,2,53,10,30,60,0.9994668578797398,0.24494897427831783
2026-08-31T20:58:26.630,121145875,P003,finger_reposition,TRANSITION,,,,957,697667,117899,121769,116103.04,119529.92,1795.96,2239.08,2009.0,4299.37,False,False,nan,True,0.775,nan,78.76,False,0,COLLECTING,0,,0,,,,,2,53,10,30,60,0.9994668578797398,0.24494897427831783
2026-08-31T20:58:26.640,121145890,P003,finger_reposition,TRANSITION,,,,958,697707,117945,121895,116139.88,119577.23,1805.12,2317.77,2086.19,4255.1,False,False,nan,True,0.775,nan,78.76,False,0,COLLECTING,0,,0,,,,,2,53,10,30,60,0.9994668578797398,0.24494897427831783
2026-08-31T20:58:26.648,121145906,P003,finger_reposition,TRANSITION,,,,959,697747,118019,122014,116177.46,119625.96,1841.54,2388.04,2161.65,4213.23,False,False,nan,True,0.775,nan,78.76,False,0,COLLECTING,0,,0,,,,,2,53,10,30,60,0.9994668578797398,0.24494897427831783
2026-08-31T20:58:26.683,121145937,P003,finger_reposition,TRANSITION,,,,960,697787,118082,122133,116215.55,119676.1,1866.45,2456.9,2235.46,4173.68,False,False,nan,True,0.775,nan,78.76,False,0,COLLECTING,0,,0,,,,,2,53,10,30,60,0.9994668578797398,0.24494897427831783
2026-08-31T20:58:26.820,121146078,P003,finger_reposition,TRANSITION,,,,961,697827,118122,122257,116253.68,119727.72,1868.32,2529.28,2308.92,4136.38,False,False,nan,True,0.775,nan,78.76,False,0,COLLECTING,0,,0,,,,,2,53,10,30,60,1.0000969952959562,0.24494897427831783
2026-08-31T20:58:26.831,121146078,P003,finger_reposition,TRANSITION,,,,962,697867,118150,122309,116291.61,119779.34,1858.39,2529.66,2364.1,4100.94,False,False,nan,True,0.775,nan,78.76,False,0,COLLECTING,0,,0,,,,,2,53,10,30,60,1.0000969952959562,0.24494897427831783
2026-08-31T20:58:26.839,121146093,P003,finger_reposition,TRANSITION,,,,963,697907,118180,122421,116329.38,119832.18,1850.62,2588.82,2420.28,4067.32,False,False,nan,True,0.775,nan,78.76,False,0,COLLECTING,0,,0,,,,,2,53,10,30,60,1.0000969952959562,0.24494897427831783
2026-08-31T20:58:26.848,121146093,P003,finger_reposition,TRANSITION,,,,964,697947,118197,122422,116366.73,119883.98,1830.27,2538.02,2449.72,4034.97,False,False,nan,True,0.775,nan,78.76,False,0,COLLECTING,0,,0,,,,,2,53,10,30,60,1.0000969952959562,0.24494897427831783
2026-08-31T20:58:26.884,121146140,P003,finger_reposition,TRANSITION,,,,965,697987,118036,122006,116400.11,119926.41,1635.89,2079.59,2357.18,4001.42,True,True,600.0,True,0.9259,87.8,78.76,True,0,COLLECTING,0,,0,,,,,2,53,10,30,60,1.0000969952959562,0.24494897427831783
2026-08-31T20:58:27.018,121146265,P003,finger_reposition,TRANSITION,,,,966,698027,117783,121433,116427.77,119956.55,1355.23,1476.45,2137.0,3964.13,False,False,nan,True,0.9259,87.8,78.76,True,0,COLLECTING,0,,0,,,,,3,53,10,30,60,0.9992342067803723,0.24494897427831783
2026-08-31T20:58:27.030,121146281,P003,finger_reposition,TRANSITION,,,,967,698067,117650,121094,116452.21,119979.3,1197.79,1114.7,1881.43,3922.47,False,False,nan,True,0.9259,87.8,78.76,True,0,COLLECTING,0,,0,,,,,3,53,10,30,60,0.9992342067803723,0.24494897427831783
2026-08-31T20:58:27.041,121146296,P003,finger_reposition,TRANSITION,,,,968,698107,117483,120641,116472.83,119992.53,1010.17,648.47,1573.19,3875.49,False,False,nan,True,0.9259,87.8,78.76,True,0,COLLECTING,0,,0,,,,,3,53,10,30,60,0.9992342067803723,0.24494897427831783
2026-08-31T20:58:27.049,121146296,P003,finger_reposition,TRANSITION,,,,969,698147,116992,119377,116483.21,119980.22,508.79,-603.22,1029.09,3818.56,False,False,nan,True,0.9259,87.8,78.76,True,0,COLLECTING,0,,0,,,,,3,53,10,30,60,0.9992342067803723,0.24494897427831783
2026-08-31T20:58:27.085,121146328,P003,finger_reposition,TRANSITION,,,,970,698187,114482,110476,116443.19,119790.13,-1961.19,-9314.13,-1556.72,3773.32,False,False,nan,True,0.9259,87.8,78.76,True,0,COLLECTING,0,,0,,,,,3,53,10,30,60,0.9992342067803723,0.24494897427831783
2026-08-31T20:58:27.216,121146468,P003,finger_reposition,TRANSITION,,,,971,698227,38044,33973,nan,nan,nan,nan,nan,nan,False,False,nan,False,0.0,nan,nan,False,0,COLLECTING,0,,0,,,,,3,53,10,30,60,0.9992342067803723,0.24494897427831783
2026-08-31T20:58:27.225,121146468,P003,finger_reposition,TRANSITION,,,,972,698267,9476,10451,nan,nan,nan,nan,nan,nan,False,False,nan,False,0.0,nan,nan,False,0,COLLECTING,0,,0,,,,,3,53,10,30,60,0.9992342067803723,0.24494897427831783
2026-08-31T20:58:27.234,121146484,P003,finger_reposition,TRANSITION,,,,973,698307,6098,6697,nan,nan,nan,nan,nan,nan,False,False,nan,False,0.0,nan,nan,False,0,COLLECTING,0,,0,,,,,3,53,10,30,60,0.9992342067803723,0.24494897427831783
2026-08-31T20:58:27.241,121146484,P003,finger_reposition,TRANSITION,,,,974,698347,5081,5535,nan,nan,nan,nan,nan,nan,False,False,nan,False,0.0,nan,nan,False,0,COLLECTING,0,,0,,,,,3,53,10,30,60,0.9992342067803723,0.24494897427831783
2026-08-31T20:58:27.280,121146531,P003,finger_reposition,TRANSITION,,,,975,698387,4783,5196,nan,nan,nan,nan,nan,nan,False,False,nan,False,0.0,nan,nan,False,0,COLLECTING,0,,0,,,,,3,53,10,30,60,0.9992342067803723,0.24494897427831783
2026-08-31T20:58:27.416,121146671,P003,finger_reposition,TRANSITION,,,,976,698427,4704,5027,nan,nan,nan,nan,nan,nan,False,False,nan,False,0.0,nan,nan,False,0,NO_FINGER,0,,0,,,,,0,53,10,30,60,0.9992342067803723,0.24494897427831783
2026-08-31T20:58:27.425,121146671,P003,finger_reposition,TRANSITION,,,,977,698467,4498,4863,nan,nan,nan,nan,nan,nan,False,False,nan,False,0.0,nan,nan,False,0,NO_FINGER,0,,0,,,,,0,53,10,30,60,0.9992342067803723,0.24494897427831783
2026-08-31T20:58:27.433,121146687,P003,finger_reposition,TRANSITION,,,,978,698507,4536,4834,nan,nan,nan,nan,nan,nan,False,False,nan,False,0.0,nan,nan,False,0,NO_FINGER,0,,0,,,,,0,53,10,30,60,0.9992342067803723,0.24494897427831783
2026-08-31T20:58:27.439,121146687,P003,finger_reposition,TRANSITION,,,,979,698547,4475,4767,nan,nan,nan,nan,nan,nan,False,False,nan,False,0.0,nan,nan,False,0,NO_FINGER,0,,0,,,,,0,53,10,30,60,0.9992342067803723,0.24494897427831783
2026-08-31T20:58:27.479,121146734,P003,finger_reposition,TRANSITION,,,,980,698587,4351,4629,nan,nan,nan,nan,nan,nan,False,False,nan,False,0.0,nan,nan,False,0,NO_FINGER,0,,0,,,,,0,53,10,30,60,0.9992342067803723,0.24494897427831783
2026-08-31T20:58:27.616,121146859,P003,finger_reposition,TRANSITION,,,,981,698627,4289,4565,nan,nan,nan,nan,nan,nan,False,False,nan,False,0.0,nan,nan,False,0,NO_FINGER,0,,0,,,,,0,53,10,30,60,0.9992342067803723,0.17320508075688776
2026-08-31T20:58:27.624,121146875,P003,finger_reposition,TRANSITION,,,,982,698667,4314,4625,nan,nan,nan,nan,nan,nan,False,False,nan,False,0.0,nan,nan,False,0,NO_FINGER,0,,0,,,,,0,53,10,30,60,0.9992342067803723,0.17320508075688776
2026-08-31T20:58:27.632,121146890,P003,finger_reposition,TRANSITION,,,,983,698707,4332,4698,nan,nan,nan,nan,nan,nan,False,False,nan,False,0.0,nan,nan,False,0,NO_FINGER,0,,0,,,,,0,53,10,30,60,0.9992342067803723,0.17320508075688776
2026-08-31T20:58:27.640,121146890,P003,finger_reposition,TRANSITION,,,,984,698747,4258,4594,nan,nan,nan,nan,nan,nan,False,False,nan,False,0.0,nan,nan,False,0,NO_FINGER,0,,0,,,,,0,53,10,30,60,0.9992342067803723,0.17320508075688776
2026-08-31T20:58:27.679,121146937,P003,finger_reposition,TRANSITION,,,,985,698787,4108,4467,nan,nan,nan,nan,nan,nan,False,False,nan,False,0.0,nan,nan,False,0,NO_FINGER,0,,0,,,,,0,53,10,30,60,0.9992342067803723,0.17320508075688776
2026-08-31T20:58:27.815,121147062,P003,finger_reposition,TRANSITION,,,,986,698827,4000,4381,nan,nan,nan,nan,nan,nan,False,False,nan,False,0.0,nan,nan,False,0,NO_FINGER,0,,0,,,,,0,53,10,30,60,0.9992342067803723,0.30000000000000004
2026-08-31T20:58:27.824,121147078,P003,finger_reposition,TRANSITION,,,,987,698867,4020,4352,nan,nan,nan,nan,nan,nan,False,False,nan,False,0.0,nan,nan,False,0,NO_FINGER,0,,0,,,,,0,53,10,30,60,0.9992342067803723,0.30000000000000004
2026-08-31T20:58:27.832,121147078,P003,finger_reposition,TRANSITION,,,,988,698907,3938,4314,nan,nan,nan,nan,nan,nan,False,False,nan,False,0.0,nan,nan,False,0,NO_FINGER,0,,0,,,,,0,53,10,30,60,0.9992342067803723,0.30000000000000004
2026-08-31T20:58:27.838,121147093,P003,finger_reposition,TRANSITION,,,,989,698947,3923,4274,nan,nan,nan,nan,nan,nan,False,False,nan,False,0.0,nan,nan,False,0,NO_FINGER,0,,0,,,,,0,53,10,30,60,0.9992342067803723,0.30000000000000004
2026-08-31T20:58:27.879,121147125,P003,finger_reposition,TRANSITION,,,,990,698987,3900,4266,nan,nan,nan,nan,nan,nan,False,False,nan,False,0.0,nan,nan,False,0,NO_FINGER,0,,0,,,,,0,53,10,30,60,0.9992342067803723,0.30000000000000004
2026-08-31T20:58:28.016,121147265,P003,finger_reposition,TRANSITION,,,,991,699027,3928,4312,nan,nan,nan,nan,nan,nan,False,False,nan,False,0.0,nan,nan,False,0,NO_FINGER,0,,0,,,,,0,53,10,30,60,0.9992342067803723,0.24494897427831783
2026-08-31T20:58:28.026,121147281,P003,finger_reposition,TRANSITION,,,,992,699067,3960,4363,nan,nan,nan,nan,nan,nan,False,False,nan,False,0.0,nan,nan,False,0,NO_FINGER,0,,0,,,,,0,53,10,30,60,0.9992342067803723,0.24494897427831783
2026-08-31T20:58:28.033,121147281,P003,finger_reposition,TRANSITION,,,,993,699107,3979,4414,nan,nan,nan,nan,nan,nan,False,False,nan,False,0.0,nan,nan,False,0,NO_FINGER,0,,0,,,,,0,53,10,30,60,0.9992342067803723,0.24494897427831783
2026-08-31T20:58:28.042,121147296,P003,finger_reposition,TRANSITION,,,,994,699147,4019,4466,nan,nan,nan,nan,nan,nan,False,False,nan,False,0.0,nan,nan,False,0,NO_FINGER,0,,0,,,,,0,53,10,30,60,0.9992342067803723,0.24494897427831783
2026-08-31T20:58:28.080,121147328,P003,finger_reposition,TRANSITION,,,,995,699187,4057,4516,nan,nan,nan,nan,nan,nan,False,False,nan,False,0.0,nan,nan,False,0,NO_FINGER,0,,0,,,,,0,53,10,30,60,0.9992342067803723,0.24494897427831783
2026-08-31T20:58:28.214,121147468,P003,finger_reposition,TRANSITION,,,,996,699227,4122,4613,nan,nan,nan,nan,nan,nan,False,False,nan,False,0.0,nan,nan,False,0,NO_FINGER,0,,0,,,,,0,53,10,30,60,0.9992342067803723,0.17320508075688776
2026-08-31T20:58:28.223,121147468,P003,finger_reposition,TRANSITION,,,,997,699267,4210,4726,nan,nan,nan,nan,nan,nan,False,False,nan,False,0.0,nan,nan,False,0,NO_FINGER,0,,0,,,,,0,53,10,30,60,0.9992342067803723,0.17320508075688776
2026-08-31T20:58:28.231,121147484,P003,finger_reposition,TRANSITION,,,,998,699307,4319,4846,nan,nan,nan,nan,nan,nan,False,False,nan,False,0.0,nan,nan,False,0,NO_FINGER,0,,0,,,,,0,53,10,30,60,0.9992342067803723,0.17320508075688776
2026-08-31T20:58:28.236,121147484,P003,finger_reposition,TRANSITION,,,,999,699347,4385,4933,nan,nan,nan,nan,nan,nan,False,False,nan,False,0.0,nan,nan,False,0,NO_FINGER,0,,0,,,,,0,53,10,30,60,0.9992342067803723,0.17320508075688776
2026-08-31T20:58:28.279,121147531,P003,finger_reposition,TRANSITION,,,,1000,699387,4420,4991,nan,nan,nan,nan,nan,nan,False,False,nan,False,0.0,nan,nan,False,0,NO_FINGER,0,,0,,,,,0,53,10,30,60,0.9992342067803723,0.17320508075688776
2026-08-31T20:58:28.416,121147671,P003,finger_reposition,TRANSITION,,,,1001,699427,4549,5157,nan,nan,nan,nan,nan,nan,False,False,nan,False,0.0,nan,nan,False,0,NO_FINGER,0,,0,,,,,0,53,10,30,60,0.9992342067803723,0.30000000000000004
2026-08-31T20:58:28.422,121147671,P003,finger_reposition,TRANSITION,,,,1002,699467,4691,5337,nan,nan,nan,nan,nan,nan,False,False,nan,False,0.0,nan,nan,False,0,NO_FINGER,0,,0,,,,,0,53,10,30,60,0.9992342067803723,0.30000000000000004
2026-08-31T20:58:28.428,121147671,P003,finger_reposition,TRANSITION,,,,1003,699507,4806,5473,nan,nan,nan,nan,nan,nan,False,False,nan,False,0.0,nan,nan,False,0,NO_FINGER,0,,0,,,,,0,53,10,30,60,0.9992342067803723,0.30000000000000004
2026-08-31T20:58:28.436,121147687,P003,finger_reposition,TRANSITION,,,,1004,699547,4849,5539,nan,nan,nan,nan,nan,nan,False,False,nan,False,0.0,nan,nan,False,0,NO_FINGER,0,,0,,,,,0,53,10,30,60,0.9992342067803723,0.30000000000000004
2026-08-31T20:58:28.479,121147734,P003,finger_reposition,TRANSITION,,,,1005,699587,4913,5610,nan,nan,nan,nan,nan,nan,False,False,nan,False,0.0,nan,nan,False,0,NO_FINGER,0,,0,,,,,0,53,10,30,60,0.9992342067803723,0.30000000000000004
2026-08-31T20:58:28.615,121147859,P003,finger_reposition,TRANSITION,,,,1006,699627,4958,5659,nan,nan,nan,nan,nan,nan,False,False,nan,False,0.0,nan,nan,False,0,NO_FINGER,0,,0,,,,,0,53,10,30,60,0.9992342067803723,0.30000000000000004
2026-08-31T20:58:28.624,121147875,P003,finger_reposition,TRANSITION,,,,1007,699667,5028,5756,nan,nan,nan,nan,nan,nan,False,False,nan,False,0.0,nan,nan,False,0,NO_FINGER,0,,0,,,,,0,53,10,30,60,0.9992342067803723,0.30000000000000004
2026-08-31T20:58:28.634,121147890,P003,finger_reposition,TRANSITION,,,,1008,699707,5114,5881,nan,nan,nan,nan,nan,nan,False,False,nan,False,0.0,nan,nan,False,0,NO_FINGER,0,,0,,,,,0,53,10,30,60,0.9992342067803723,0.30000000000000004
2026-08-31T20:58:28.636,121147890,P003,finger_reposition,TRANSITION,,,,1009,699747,5221,6007,nan,nan,nan,nan,nan,nan,False,False,nan,False,0.0,nan,nan,False,0,NO_FINGER,0,,0,,,,,0,53,10,30,60,0.9992342067803723,0.30000000000000004
2026-08-31T20:58:28.679,121147937,P003,finger_reposition,TRANSITION,,,,1010,699787,5348,6164,nan,nan,nan,nan,nan,nan,False,False,nan,False,0.0,nan,nan,False,0,NO_FINGER,0,,0,,,,,0,53,10,30,60,0.9992342067803723,0.30000000000000004
2026-08-31T20:58:28.815,121148062,P003,finger_reposition,TRANSITION,,,,1011,699827,5462,6310,nan,nan,nan,nan,nan,nan,False,False,nan,False,0.0,nan,nan,False,0,NO_FINGER,0,,0,,,,,0,53,10,30,60,0.9992342067803723,0.30000000000000004
2026-08-31T20:58:28.825,121148078,P003,finger_reposition,TRANSITION,,,,1012,699867,5509,6380,nan,nan,nan,nan,nan,nan,False,False,nan,False,0.0,nan,nan,False,0,NO_FINGER,0,,0,,,,,0,53,10,30,60,0.9992342067803723,0.30000000000000004
2026-08-31T20:58:28.834,121148078,P003,finger_reposition,TRANSITION,,,,1013,699907,5538,6405,nan,nan,nan,nan,nan,nan,False,False,nan,False,0.0,nan,nan,False,0,NO_FINGER,0,,0,,,,,0,53,10,30,60,0.9992342067803723,0.30000000000000004
2026-08-31T20:58:28.840,121148093,P003,finger_reposition,TRANSITION,,,,1014,699947,5550,6416,nan,nan,nan,nan,nan,nan,False,False,nan,False,0.0,nan,nan,False,0,NO_FINGER,0,,0,,,,,0,53,10,30,60,0.9992342067803723,0.30000000000000004
2026-08-31T20:58:28.880,121148125,P003,finger_reposition,TRANSITION,,,,1015,699987,5553,6430,nan,nan,nan,nan,nan,nan,False,False,nan,False,0.0,nan,nan,False,0,NO_FINGER,0,,0,,,,,0,53,10,30,60,0.9992342067803723,0.30000000000000004
2026-08-31T20:58:29.014,121148265,P003,finger_reposition,TRANSITION,,,,1016,700027,5566,6457,nan,nan,nan,nan,nan,nan,False,False,nan,False,0.0,nan,nan,False,0,NO_FINGER,0,,0,,,,,0,53,10,30,60,0.9994668578797398,0.30000000000000004
2026-08-31T20:58:29.023,121148281,P003,finger_reposition,TRANSITION,,,,1017,700067,5630,6540,nan,nan,nan,nan,nan,nan,False,False,nan,False,0.0,nan,nan,False,0,NO_FINGER,0,,0,,,,,0,53,10,30,60,0.9994668578797398,0.30000000000000004
2026-08-31T20:58:29.031,121148281,P003,finger_reposition,TRANSITION,,,,1018,700107,5734,6677,nan,nan,nan,nan,nan,nan,False,False,nan,False,0.0,nan,nan,False,0,NO_FINGER,0,,0,,,,,0,53,10,30,60,0.9994668578797398,0.30000000000000004
2026-08-31T20:58:29.037,121148281,P003,finger_reposition,TRANSITION,,,,1019,700147,5851,6800,nan,nan,nan,nan,nan,nan,False,False,nan,False,0.0,nan,nan,False,0,NO_FINGER,0,,0,,,,,0,53,10,30,60,0.9994668578797398,0.30000000000000004
2026-08-31T20:58:29.085,121148343,P003,finger_reposition,TRANSITION,,,,1020,700187,5940,6931,nan,nan,nan,nan,nan,nan,False,False,nan,False,0.0,nan,nan,False,0,NO_FINGER,0,,0,,,,,0,53,10,30,60,0.9994668578797398,0.30000000000000004
2026-08-31T20:58:29.215,121148468,P003,finger_reposition,TRANSITION,,,,1021,700227,6103,7131,nan,nan,nan,nan,nan,nan,False,False,nan,False,0.0,nan,nan,False,0,NO_FINGER,0,,0,,,,,0,53,10,30,60,0.9992342067803723,0.24494897427831783
2026-08-31T20:58:29.225,121148468,P003,finger_reposition,TRANSITION,,,,1022,700267,6267,7334,nan,nan,nan,nan,nan,nan,False,False,nan,False,0.0,nan,nan,False,0,NO_FINGER,0,,0,,,,,0,53,10,30,60,0.9992342067803723,0.24494897427831783
2026-08-31T20:58:29.232,121148484,P003,finger_reposition,TRANSITION,,,,1023,700307,6574,7718,nan,nan,nan,nan,nan,nan,False,False,nan,False,0.0,nan,nan,False,0,NO_FINGER,0,,0,,,,,0,53,10,30,60,0.9992342067803723,0.24494897427831783
2026-08-31T20:58:29.239,121148484,P003,finger_reposition,TRANSITION,,,,1024,700347,6862,8063,nan,nan,nan,nan,nan,nan,False,False,nan,False,0.0,nan,nan,False,0,NO_FINGER,0,,0,,,,,0,53,10,30,60,0.9992342067803723,0.24494897427831783
2026-08-31T20:58:29.279,121148531,P003,finger_reposition,TRANSITION,,,,1025,700387,7024,8253,nan,nan,nan,nan,nan,nan,False,False,nan,False,0.0,nan,nan,False,0,NO_FINGER,0,,0,,,,,0,53,10,30,60,0.9992342067803723,0.24494897427831783
2026-08-31T20:58:29.416,121148671,P003,finger_reposition,TRANSITION,,,,1026,700427,7303,8581,nan,nan,nan,nan,nan,nan,False,False,nan,False,0.0,nan,nan,False,0,NO_FINGER,0,,0,,,,,0,53,10,30,60,0.9994668578797398,0.24494897427831783
2026-08-31T20:58:29.423,121148671,P003,finger_reposition,TRANSITION,,,,1027,700467,7781,9172,nan,nan,nan,nan,nan,nan,False,False,nan,False,0.0,nan,nan,False,0,NO_FINGER,0,,0,,,,,0,53,10,30,60,0.9994668578797398,0.24494897427831783
2026-08-31T20:58:29.432,121148687,P003,finger_reposition,TRANSITION,,,,1028,700507,8903,10532,nan,nan,nan,nan,nan,nan,False,False,nan,False,0.0,nan,nan,False,0,NO_FINGER,0,,0,,,,,0,53,10,30,60,0.9994668578797398,0.24494897427831783
2026-08-31T20:58:29.438,121148687,P003,finger_reposition,TRANSITION,,,,1029,700547,10400,12295,nan,nan,nan,nan,nan,nan,False,False,nan,False,0.0,nan,nan,False,0,NO_FINGER,0,,0,,,,,0,53,10,30,60,0.9994668578797398,0.24494897427831783
2026-08-31T20:58:29.479,121148734,P003,finger_reposition,TRANSITION,,,,1030,700587,11812,13902,nan,nan,nan,nan,nan,nan,False,False,nan,False,0.0,nan,nan,False,0,NO_FINGER,0,,0,,,,,0,53,10,30,60,0.9994668578797398,0.24494897427831783
2026-08-31T20:58:29.615,121148859,P003,finger_reposition,TRANSITION,,,,1031,700627,12851,15062,nan,nan,nan,nan,nan,nan,False,False,nan,False,0.0,nan,nan,False,0,NO_FINGER,0,,0,,,,,0,53,10,30,60,0.9992342067803723,0.24494897427831783
2026-08-31T20:58:29.624,121148875,P003,finger_reposition,TRANSITION,,,,1032,700667,16412,18822,nan,nan,nan,nan,nan,nan,False,False,nan,False,0.0,nan,nan,False,0,NO_FINGER,0,,0,,,,,0,53,10,30,60,0.9992342067803723,0.24494897427831783
2026-08-31T20:58:29.632,121148890,P003,finger_reposition,TRANSITION,,,,1033,700707,34866,35145,nan,nan,nan,nan,nan,nan,False,False,nan,False,0.0,nan,nan,False,0,NO_FINGER,0,,0,,,,,0,53,10,30,60,0.9992342067803723,0.24494897427831783
2026-08-31T20:58:29.639,121148890,P003,finger_reposition,TRANSITION,,,,1034,700747,79752,71888,79752.0,71888.0,0.0,0.0,0.0,0.0,False,False,nan,True,0.0,nan,nan,False,0,NO_FINGER,0,,0,,,,,0,53,10,30,60,0.9992342067803723,0.24494897427831783
2026-08-31T20:58:29.681,121148937,P003,finger_reposition,TRANSITION,,,,1035,700787,104154,102649,80240.04,72503.22,23913.96,30145.78,7536.45,150.73,False,False,nan,True,0.075,nan,nan,False,0,NO_FINGER,0,,0,,,,,0,53,10,30,60,0.9992342067803723,0.24494897427831783
2026-08-31T20:58:29.817,121149062,P003,finger_reposition,TRANSITION,,,,1036,700827,108036,109226,80795.96,73237.67,27240.04,35988.33,14649.42,440.7,False,False,nan,True,0.075,nan,nan,False,0,COLLECTING,0,,0,,,,,0,53,10,30,60,0.9992342067803723,0.24494897427831783
2026-08-31T20:58:29.830,121149078,P003,finger_reposition,TRANSITION,,,,1037,700867,109338,113040,81366.8,74033.72,27971.2,39006.28,20738.63,846.66,False,False,nan,True,0.075,nan,nan,False,0,COLLECTING,0,,0,,,,,0,53,10,30,60,0.9992342067803723,0.24494897427831783
2026-08-31T20:58:29.839,121149093,P003,finger_reposition,TRANSITION,,,,1038,700907,110982,116826,81959.11,74889.56,29022.89,41936.44,26038.08,1350.49,False,False,nan,True,0.075,nan,nan,False,0,COLLECTING,0,,0,,,,,0,53,10,30,60,0.9992342067803723,0.24494897427831783
2026-08-31T20:58:29.849,121149093,P003,finger_reposition,TRANSITION,,,,1039,700947,112131,119283,82562.55,75777.43,29568.45,43505.57,30404.96,1931.58,False,False,nan,True,0.075,nan,nan,False,0,COLLECTING,0,,0,,,,,0,53,10,30,60,0.9992342067803723,0.24494897427831783
2026-08-31T20:58:29.882,121149125,P003,finger_reposition,TRANSITION,,,,1040,700987,112624,120429,83163.77,76670.46,29460.23,43758.54,33743.35,2567.81,False,False,nan,True,0.075,nan,nan,False,0,COLLECTING,0,,0,,,,,0,53,10,30,60,0.9992342067803723,0.24494897427831783
2026-08-31T20:58:30.018,121149265,P003,finger_reposition,TRANSITION,,,,1041,701027,112980,121200,83760.1,77561.05,29219.9,43638.95,36217.25,3240.8,False,False,nan,True,0.075,nan,nan,False,0,COLLECTING,0,,0,,,,,0,53,10,30,60,0.9994668578797398,0.30000000000000004
2026-08-31T20:58:30.031,121149281,P003,finger_reposition,TRANSITION,,,,1042,701067,113160,121654,84348.1,78442.91,28811.9,43211.09,37965.71,3935.3,False,False,nan,True,0.075,nan,nan,False,0,COLLECTING,0,,0,,,,,0,53,10,30,60,0.9994668578797398,0.30000000000000004
2026-08-31T20:58:30.041,121149296,P003,finger_reposition,TRANSITION,,,,1043,701107,113293,121962,84927.0,79313.3,28366.0,42648.7,39136.46,4639.32,False,False,nan,True,0.075,nan,nan,False,0,COLLECTING,0,,0,,,,,0,53,10,30,60,0.9994668578797398,0.30000000000000004
2026-08-31T20:58:30.049,121149296,P003,finger_reposition,TRANSITION,,,,1044,701147,113405,122241,85496.56,80171.85,27908.44,42069.15,39869.63,5343.93,False,False,nan,True,0.075,nan,nan,False,0,COLLECTING,0,,0,,,,,0,53,10,30,60,0.9994668578797398,0.30000000000000004
2026-08-31T20:58:30.082,121149328,P003,finger_reposition,TRANSITION,,,,1045,701187,113480,122438,86056.23,81017.17,27423.77,41420.83,40257.43,6042.2,False,False,nan,True,0.075,nan,nan,False,0,COLLECTING,0,,0,,,,,0,53,10,30,60,0.9994668578797398,0.30000000000000004
2026-08-31T20:58:30.218,121149468,P003,finger_reposition,TRANSITION,,,,1046,701227,113561,122618,86606.33,81849.19,26954.67,40768.81,40385.27,6729.06,False,False,nan,True,0.075,nan,nan,False,0,COLLECTING,0,,0,,,,,0,53,10,30,60,0.9994668578797398,0.24494897427831783
2026-08-31T20:58:30.228,121149484,P003,finger_reposition,TRANSITION,,,,1047,701267,113567,122598,87145.54,82664.16,26421.46,39933.84,40272.41,7399.93,True,True,nan,True,0.075,nan,nan,False,0,COLLECTING,0,,0,,,,,0,53,10,30,60,0.9994668578797398,0.24494897427831783
2026-08-31T20:58:30.236,121149484,P003,finger_reposition,TRANSITION,,,,1048,701307,113472,122420,87672.07,83459.28,25799.93,38960.72,39944.49,8050.82,False,False,nan,True,0.075,nan,nan,False,0,COLLECTING,0,,0,,,,,0,53,10,30,60,0.9994668578797398,0.24494897427831783
2026-08-31T20:58:30.249,121149500,P003,finger_reposition,TRANSITION,,,,1049,701347,113485,122455,88188.33,84239.2,25296.67,38215.8,39512.32,8680.05,False,False,nan,True,0.075,nan,nan,False,0,COLLECTING,0,,0,,,,,0,53,10,30,60,0.9994668578797398,0.24494897427831783
2026-08-31T20:58:30.282,121149531,P003,finger_reposition,TRANSITION,,,,1050,701387,113550,122571,88695.56,85005.83,24854.44,37565.17,39025.53,9286.96,False,False,nan,True,0.075,nan,nan,False,0,COLLECTING,0,,0,,,,,0,53,10,30,60,0.9994668578797398,0.24494897427831783
2026-08-31T20:58:30.417,121149671,P003,finger_reposition,TRANSITION,,,,1051,701427,113593,122683,89193.51,85759.38,24399.49,36923.62,38500.05,9871.22,False,False,nan,True,0.075,nan,nan,False,0,COLLECTING,0,,0,,,,,0,53,10,30,60,0.9992342067803723,0.17320508075688776
2026-08-31T20:58:30.431,121149687,P003,finger_reposition,TRANSITION,,,,1052,701467,113657,122806,89682.78,86500.3,23974.22,36305.7,37951.46,10432.83,False,False,nan,True,0.075,nan,nan,False,0,COLLECTING,0,,0,,,,,0,53,10,30,60,0.9992342067803723,0.17320508075688776
2026-08-31T20:58:30.441,121149687,P003,finger_reposition,TRANSITION,,,,1053,701507,113705,122919,90163.23,87228.68,23541.77,35690.32,37386.18,10971.89,False,False,nan,True,0.075,nan,nan,False,0,COLLECTING,0,,0,,,,,0,53,10,30,60,0.9992342067803723,0.17320508075688776
2026-08-31T20:58:30.449,121149703,P003,finger_reposition,TRANSITION,,,,1054,701547,113730,122986,90634.56,87943.83,23095.44,35042.17,36800.18,11488.46,False,False,nan,True,0.075,nan,nan,False,0,COLLECTING,0,,0,,,,,0,53,10,30,60,0.9992342067803723,0.17320508075688776
2026-08-31T20:58:30.485,121149734,P003,finger_reposition,TRANSITION,,,,1055,701587,113769,123050,91097.25,88645.95,22671.75,34404.05,36201.15,11982.71,False,False,nan,True,0.075,nan,nan,False,0,COLLECTING,0,,0,,,,,0,53,10,30,60,0.9992342067803723,0.17320508075688776
2026-08-31T20:58:30.619,121149875,P003,finger_reposition,TRANSITION,,,,1056,701627,113770,123055,91550.7,89334.13,22219.3,33720.87,35581.08,12454.68,False,False,nan,True,0.075,nan,nan,False,0,COLLECTING,0,,0,,,,,0,53,10,30,60,0.9994668578797398,0.24494897427831783
2026-08-31T20:58:30.629,121149875,P003,finger_reposition,TRANSITION,,,,1057,701667,113518,122588,91990.05,89999.21,21527.95,32588.79,34833.01,12902.25,False,False,nan,True,0.075,nan,nan,False,0,COLLECTING,0,,0,,,,,0,53,10,30,60,0.9994668578797398,0.24494897427831783
2026-08-31T20:58:30.643,121149890,P003,finger_reposition,TRANSITION,,,,1058,701707,111532,118192,92380.88,90563.07,19151.12,27628.93,33031.99,13304.84,False,False,nan,True,0.075,nan,nan,False,0,COLLECTING,0,,0,,,,,0,53,10,30,60,0.9994668578797398,0.24494897427831783
2026-08-31T20:58:30.652,121149906,P003,finger_reposition,TRANSITION,,,,1059,701747,40976,38362,nan,nan,nan,nan,nan,nan,False,False,nan,False,0.0,nan,nan,False,0,COLLECTING,0,,0,,,,,0,53,10,30,60,0.9994668578797398,0.24494897427831783
2026-08-31T20:58:30.679,121149937,P003,finger_reposition,TRANSITION,,,,1060,701787,9386,10663,nan,nan,nan,nan,nan,nan,False,False,nan,False,0.0,nan,nan,False,0,COLLECTING,0,,0,,,,,0,53,10,30,60,0.9994668578797398,0.24494897427831783
2026-08-31T20:58:30.816,121150062,P003,finger_reposition,TRANSITION,,,,1061,701827,5934,6914,nan,nan,nan,nan,nan,nan,False,False,nan,False,0.0,nan,nan,False,0,NO_FINGER,0,,0,,,,,0,53,10,30,60,0.9994668578797398,0.24494897427831783
2026-08-31T20:58:30.824,121150078,P003,finger_reposition,TRANSITION,,,,1062,701867,4695,5403,nan,nan,nan,nan,nan,nan,False,False,nan,False,0.0,nan,nan,False,0,NO_FINGER,0,,0,,,,,0,53,10,30,60,0.9994668578797398,0.24494897427831783
2026-08-31T20:58:30.833,121150078,P003,finger_reposition,TRANSITION,,,,1063,701907,4073,4605,nan,nan,nan,nan,nan,nan,False,False,nan,False,0.0,nan,nan,False,0,NO_FINGER,0,,0,,,,,0,53,10,30,60,0.9994668578797398,0.24494897427831783
2026-08-31T20:58:30.842,121150093,P003,finger_reposition,TRANSITION,,,,1064,701947,3583,3993,nan,nan,nan,nan,nan,nan,False,False,nan,False,0.0,nan,nan,False,0,NO_FINGER,0,,0,,,,,0,53,10,30,60,0.9994668578797398,0.24494897427831783
2026-08-31T20:58:30.880,121150125,P003,finger_reposition,TRANSITION,,,,1065,701987,3192,3524,nan,nan,nan,nan,nan,nan,False,False,nan,False,0.0,nan,nan,False,0,NO_FINGER,0,,0,,,,,0,53,10,30,60,0.9994668578797398,0.24494897427831783
2026-08-31T20:58:31.015,121150265,P003,finger_reposition,TRANSITION,,,,1066,702027,2984,3286,nan,nan,nan,nan,nan,nan,False,False,nan,False,0.0,nan,nan,False,0,NO_FINGER,0,,0,,,,,0,53,10,30,60,0.9994668578797398,0.24494897427831783
2026-08-31T20:58:31.027,121150281,P003,finger_reposition,TRANSITION,,,,1067,702067,2847,3136,nan,nan,nan,nan,nan,nan,False,False,nan,False,0.0,nan,nan,False,0,NO_FINGER,0,,0,,,,,0,53,10,30,60,0.9994668578797398,0.24494897427831783
2026-08-31T20:58:31.035,121150281,P003,finger_reposition,TRANSITION,,,,1068,702107,2867,3163,nan,nan,nan,nan,nan,nan,False,False,nan,False,0.0,nan,nan,False,0,NO_FINGER,0,,0,,,,,0,53,10,30,60,0.9994668578797398,0.24494897427831783
2026-08-31T20:58:31.045,121150296,P003,finger_reposition,TRANSITION,,,,1069,702147,2969,3283,nan,nan,nan,nan,nan,nan,False,False,nan,False,0.0,nan,nan,False,0,NO_FINGER,0,,0,,,,,0,53,10,30,60,0.9994668578797398,0.24494897427831783
2026-08-31T20:58:31.081,121150328,P003,finger_reposition,TRANSITION,,,,1070,702187,3087,3416,nan,nan,nan,nan,nan,nan,False,False,nan,False,0.0,nan,nan,False,0,NO_FINGER,0,,0,,,,,0,53,10,30,60,0.9994668578797398,0.24494897427831783
2026-08-31T20:58:31.216,121150468,P003,finger_reposition,TRANSITION,,,,1071,702227,3159,3505,nan,nan,nan,nan,nan,nan,False,False,nan,False,0.0,nan,nan,False,0,NO_FINGER,0,,0,,,,,0,53,10,30,60,0.9994668578797398,0.24494897427831783
2026-08-31T20:58:31.224,121150468,P003,finger_reposition,TRANSITION,,,,1072,702267,3256,3603,nan,nan,nan,nan,nan,nan,False,False,nan,False,0.0,nan,nan,False,0,NO_FINGER,0,,0,,,,,0,53,10,30,60,0.9994668578797398,0.24494897427831783
2026-08-31T20:58:31.234,121150484,P003,finger_reposition,TRANSITION,,,,1073,702307,3366,3743,nan,nan,nan,nan,nan,nan,False,False,nan,False,0.0,nan,nan,False,0,NO_FINGER,0,,0,,,,,0,53,10,30,60,0.9994668578797398,0.24494897427831783
2026-08-31T20:58:31.241,121150500,P003,finger_reposition,TRANSITION,,,,1074,702347,3978,4557,nan,nan,nan,nan,nan,nan,False,False,nan,False,0.0,nan,nan,False,0,NO_FINGER,0,,0,,,,,0,53,10,30,60,0.9994668578797398,0.24494897427831783
2026-08-31T20:58:31.279,121150531,P003,finger_reposition,TRANSITION,,,,1075,702387,7415,8940,nan,nan,nan,nan,nan,nan,False,False,nan,False,0.0,nan,nan,False,0,NO_FINGER,0,,0,,,,,0,53,10,30,60,0.9994668578797398,0.24494897427831783
2026-08-31T20:58:31.417,121150671,P003,finger_reposition,TRANSITION,,,,1076,702427,20748,24412,nan,nan,nan,nan,nan,nan,False,False,nan,False,0.0,nan,nan,False,0,NO_FINGER,0,,0,,,,,0,53,10,30,60,0.9992342067803723,0.17320508075688776
2026-08-31T20:58:31.426,121150671,P003,finger_reposition,TRANSITION,,,,1077,702467,79219,80211,79219.0,80211.0,0.0,0.0,0.0,0.0,False,False,nan,True,0.0,nan,nan,False,0,NO_FINGER,0,,0,,,,,0,53,10,30,60,0.9992342067803723,0.17320508075688776
2026-08-31T20:58:31.434,121150687,P003,finger_reposition,TRANSITION,,,,1078,702507,105149,105521,79737.6,80717.2,25411.4,24803.8,6200.95,124.02,False,False,nan,True,0.075,nan,nan,False,0,NO_FINGER,0,,0,,,,,0,53,10,30,60,0.9992342067803723,0.17320508075688776
2026-08-31T20:58:31.443,121150687,P003,finger_reposition,TRANSITION,,,,1079,702547,106388,108796,80270.61,81278.78,26117.39,27517.22,11530.02,352.14,False,False,nan,True,0.075,nan,nan,False,0,NO_FINGER,0,,0,,,,,0,53,10,30,60,0.9992342067803723,0.17320508075688776
2026-08-31T20:58:31.482,121150734,P003,finger_reposition,TRANSITION,,,,1080,702587,107238,111625,80809.96,81885.7,26428.04,29739.3,16082.34,666.74,False,False,nan,True,0.075,nan,nan,False,0,NO_FINGER,0,,0,,,,,0,53,10,30,60,0.9992342067803723,0.17320508075688776
2026-08-31T20:58:31.618,121150875,P003,finger_reposition,TRANSITION,,,,1081,702627,108063,113689,81355.02,82521.77,26707.98,31167.23,19853.56,1050.48,False,False,nan,True,0.075,nan,nan,False,0,COLLECTING,0,,0,,,,,0,53,10,30,60,0.9994668578797398,0.24494897427831783
2026-08-31T20:58:31.629,121150875,P003,finger_reposition,TRANSITION,,,,1082,702667,108555,114711,81899.02,83165.55,26655.98,31545.45,22776.53,1485.0,False,False,nan,True,0.075,nan,nan,False,0,COLLECTING,0,,0,,,,,0,53,10,30,60,0.9994668578797398,0.24494897427831783
2026-08-31T20:58:31.638,121150890,P003,finger_reposition,TRANSITION,,,,1083,702707,108904,115327,82439.12,83808.77,26464.88,31518.23,24961.96,1954.54,False,False,nan,True,0.075,nan,nan,False,0,COLLECTING,0,,0,,,,,0,53,10,30,60,0.9994668578797398,0.24494897427831783
2026-08-31T20:58:31.650,121150906,P003,finger_reposition,TRANSITION,,,,1084,702747,109088,115755,82972.1,84447.7,26115.9,31307.3,26548.29,2446.41,False,False,nan,True,0.075,nan,nan,False,0,COLLECTING,0,,0,,,,,0,53,10,30,60,0.9994668578797398,0.24494897427831783
2026-08-31T20:58:31.683,121150937,P003,finger_reposition,TRANSITION,,,,1085,702787,109211,116041,83496.88,85079.56,25714.12,30961.44,27651.58,2950.52,False,False,nan,True,0.075,nan,nan,False,0,COLLECTING,0,,0,,,,,0,53,10,30,60,0.9994668578797398,0.24494897427831783
2026-08-31T20:58:31.817,121151062,P003,finger_reposition,TRANSITION,,,,1086,702827,109306,116271,84013.06,85703.39,25292.94,30567.61,28380.59,3459.12,False,False,nan,True,0.075,nan,nan,False,0,COLLECTING,0,,0,,,,,0,53,10,30,60,0.9994668578797398,0.24494897427831783
2026-08-31T20:58:31.829,121151078,P003,finger_reposition,TRANSITION,,,,1087,702867,109387,116473,84520.54,86318.78,24866.46,30154.22,28823.99,3966.42,False,False,nan,True,0.075,nan,nan,False,0,COLLECTING,0,,0,,,,,0,53,10,30,60,0.9994668578797398,0.24494897427831783
2026-08-31T20:58:31.836,121151093,P003,finger_reposition,TRANSITION,,,,1088,702907,109510,116743,85020.33,86927.27,24489.67,29815.73,29071.93,4468.53,False,False,nan,True,0.075,nan,nan,False,0,COLLECTING,0,,0,,,,,0,53,10,30,60,0.9994668578797398,0.24494897427831783
2026-08-31T20:58:31.849,121151093,P003,finger_reposition,TRANSITION,,,,1089,702947,109585,116929,85511.62,87527.3,24073.38,29401.7,29154.37,4962.24,False,False,nan,True,0.075,nan,nan,False,0,COLLECTING,0,,0,,,,,0,53,10,30,60,0.9994668578797398,0.24494897427831783
2026-08-31T20:58:31.882,121151140,P003,finger_reposition,TRANSITION,,,,1090,702987,109648,117066,85994.35,88118.07,23653.65,28947.93,29102.76,5445.05,True,True,nan,True,0.075,nan,nan,False,0,COLLECTING,0,,0,,,,,0,53,10,30,60,0.9994668578797398,0.24494897427831783
2026-08-31T20:58:32.018,121151265,P003,finger_reposition,TRANSITION,,,,1091,703027,109688,117169,86468.23,88699.09,23219.77,28469.91,28944.55,5915.04,False,False,nan,True,0.075,nan,nan,False,0,COLLECTING,0,,0,,,,,0,53,10,30,60,0.9992342067803723,0.30000000000000004
2026-08-31T20:58:32.029,121151281,P003,finger_reposition,TRANSITION,,,,1092,703067,109729,117230,86933.45,89269.7,22795.55,27960.3,28698.49,6370.71,False,False,nan,True,0.075,nan,nan,False,0,COLLECTING,0,,0,,,,,0,53,10,30,60,0.9992342067803723,0.30000000000000004
2026-08-31T20:58:32.042,121151296,P003,finger_reposition,TRANSITION,,,,1093,703107,109756,117298,87389.9,89830.27,22366.1,27467.73,28390.8,6811.11,False,False,nan,True,0.075,nan,nan,False,0,COLLECTING,0,,0,,,,,0,53,10,30,60,0.9992342067803723,0.30000000000000004
2026-08-31T20:58:32.049,121151296,P003,finger_reposition,TRANSITION,,,,1094,703157,109784,117366,87837.78,90380.98,21946.22,26985.02,28039.36,7235.68,False,False,nan,True,0.075,nan,nan,False,0,COLLECTING,0,,0,,,,,0,53,10,30,60,0.9992342067803723,0.30000000000000004
2026-08-31T20:58:32.096,121151343,P003,finger_reposition,TRANSITION,,,,1095,703197,109830,117428,88277.62,90921.91,21552.38,26506.09,27656.04,7644.09,False,False,nan,True,0.075,nan,nan,False,0,COLLECTING,0,,0,,,,,0,53,10,30,60,0.9992342067803723,0.30000000000000004
2026-08-31T20:58:32.218,121151468,P003,finger_reposition,TRANSITION,,,,1096,703237,109855,117564,88709.17,91454.76,21145.83,26109.24,27269.34,8036.59,False,False,nan,True,0.075,nan,nan,False,0,COLLECTING,0,,0,,,,,0,53,10,30,60,0.9992342067803723,0.30000000000000004
2026-08-31T20:58:32.231,121151484,P003,finger_reposition,TRANSITION,,,,1097,703277,109946,117721,89133.91,91980.09,20812.09,25740.91,26887.23,8413.6,False,False,nan,True,0.075,nan,nan,False,0,COLLECTING,0,,0,,,,,0,53,10,30,60,0.9992342067803723,0.30000000000000004
2026-08-31T20:58:32.242,121151500,P003,finger_reposition,TRANSITION,,,,1098,703317,110063,117550,89552.48,92491.48,20510.52,25058.52,26430.05,8773.93,False,False,nan,True,0.075,nan,nan,False,0,COLLECTING,0,,0,,,,,0,53,10,30,60,0.9992342067803723,0.30000000000000004
2026-08-31T20:58:32.250,121151500,P003,finger_reposition,TRANSITION,,,,1099,703357,76940,76524,89300.23,92172.13,-12360.23,-15648.13,15910.51,8916.67,False,False,nan,True,0.075,nan,nan,False,0,COLLECTING,0,,0,,,,,0,53,10,30,60,0.9992342067803723,0.30000000000000004
2026-08-31T20:58:32.290,121151546,P003,finger_reposition,TRANSITION,,,,1100,703397,22937,25231,nan,nan,nan,nan,nan,nan,False,False,nan,False,0.0,nan,nan,False,0,COLLECTING,0,,0,,,,,0,53,10,30,60,0.9992342067803723,0.30000000000000004
2026-08-31T20:58:32.415,121151671,P003,finger_reposition,TRANSITION,,,,1101,703437,18893,21543,nan,nan,nan,nan,nan,nan,False,False,nan,False,0.0,nan,nan,False,0,NO_FINGER,0,,0,,,,,0,53,10,30,60,0.9992342067803723,0.24494897427831783
2026-08-31T20:58:32.424,121151671,P003,finger_reposition,TRANSITION,,,,1102,703477,18582,21208,nan,nan,nan,nan,nan,nan,False,False,nan,False,0.0,nan,nan,False,0,NO_FINGER,0,,0,,,,,0,53,10,30,60,0.9992342067803723,0.24494897427831783
2026-08-31T20:58:32.430,121151687,P003,finger_reposition,TRANSITION,,,,1103,703517,18333,20955,nan,nan,nan,nan,nan,nan,False,False,nan,False,0.0,nan,nan,False,0,NO_FINGER,0,,0,,,,,0,53,10,30,60,0.9992342067803723,0.24494897427831783
2026-08-31T20:58:32.449,121151703,P003,finger_reposition,TRANSITION,,,,1104,703557,17208,19743,nan,nan,nan,nan,nan,nan,False,False,nan,False,0.0,nan,nan,False,0,NO_FINGER,0,,0,,,,,0,53,10,30,60,0.9992342067803723,0.24494897427831783
2026-08-31T20:58:32.489,121151734,P003,finger_reposition,TRANSITION,,,,1105,703597,15561,18071,nan,nan,nan,nan,nan,nan,False,False,nan,False,0.0,nan,nan,False,0,NO_FINGER,0,,0,,,,,0,53,10,30,60,0.9992342067803723,0.24494897427831783
2026-08-31T20:58:32.617,121151875,P003,finger_reposition,TRANSITION,,,,1106,703637,14475,16982,nan,nan,nan,nan,nan,nan,False,False,nan,False,0.0,nan,nan,False,0,NO_FINGER,0,,0,,,,,0,53,10,30,60,0.9992342067803723,0.30000000000000004
2026-08-31T20:58:32.626,121151875,P003,finger_reposition,TRANSITION,,,,1107,703677,15373,17990,nan,nan,nan,nan,nan,nan,False,False,nan,False,0.0,nan,nan,False,0,NO_FINGER,0,,0,,,,,0,53,10,30,60,0.9992342067803723,0.30000000000000004
2026-08-31T20:58:32.634,121151890,P003,finger_reposition,TRANSITION,,,,1108,703717,15504,18022,nan,nan,nan,nan,nan,nan,False,False,nan,False,0.0,nan,nan,False,0,NO_FINGER,0,,0,,,,,0,53,10,30,60,0.9992342067803723,0.30000000000000004
2026-08-31T20:58:32.649,121151906,P003,finger_reposition,TRANSITION,,,,1109,703757,14910,17411,nan,nan,nan,nan,nan,nan,False,False,nan,False,0.0,nan,nan,False,0,NO_FINGER,0,,0,,,,,0,53,10,30,60,0.9992342067803723,0.30000000000000004
2026-08-31T20:58:32.690,121151937,P003,finger_reposition,TRANSITION,,,,1110,703797,14140,16639,nan,nan,nan,nan,nan,nan,False,False,nan,False,0.0,nan,nan,False,0,NO_FINGER,0,,0,,,,,0,53,10,30,60,0.9992342067803723,0.30000000000000004
2026-08-31T20:58:32.815,121152062,P003,finger_reposition,TRANSITION,,,,1111,703837,13707,16119,nan,nan,nan,nan,nan,nan,False,False,nan,False,0.0,nan,nan,False,0,NO_FINGER,0,,0,,,,,0,53,10,30,60,0.9992342067803723,0.24494897427831783
2026-08-31T20:58:32.824,121152078,P003,finger_reposition,TRANSITION,,,,1112,703877,13764,16174,nan,nan,nan,nan,nan,nan,False,False,nan,False,0.0,nan,nan,False,0,NO_FINGER,0,,0,,,,,0,53,10,30,60,0.9992342067803723,0.24494897427831783
2026-08-31T20:58:32.830,121152078,P003,finger_reposition,TRANSITION,,,,1113,703917,15744,18086,nan,nan,nan,nan,nan,nan,False,False,nan,False,0.0,nan,nan,False,0,NO_FINGER,0,,0,,,,,0,53,10,30,60,0.9992342067803723,0.24494897427831783
2026-08-31T20:58:32.849,121152093,P003,finger_reposition,TRANSITION,,,,1114,703957,27699,29944,nan,nan,nan,nan,nan,nan,False,False,nan,False,0.0,nan,nan,False,0,NO_FINGER,0,,0,,,,,0,53,10,30,60,0.9992342067803723,0.24494897427831783
2026-08-31T20:58:32.890,121152140,P003,finger_reposition,TRANSITION,,,,1115,703997,71837,69331,71837.0,69331.0,0.0,0.0,0.0,0.0,False,False,nan,True,0.0,nan,nan,False,0,NO_FINGER,0,,0,,,,,0,53,10,30,60,0.9992342067803723,0.24494897427831783
2026-08-31T20:58:33.017,121152265,P003,finger_reposition,TRANSITION,,,,1116,704037,96642,99981,72333.1,69944.0,24308.9,30037.0,7509.25,150.18,False,False,nan,True,0.075,nan,nan,False,0,COLLECTING,0,,0,,,,,0,53,10,30,60,0.9992342067803723,0.17320508075688776
2026-08-31T20:58:33.029,121152281,P003,finger_reposition,TRANSITION,,,,1117,704077,105332,109775,72993.08,70740.62,32338.92,39034.38,15390.53,454.99,False,False,nan,True,0.075,nan,nan,False,0,COLLECTING,0,,0,,,,,0,53,10,30,60,0.9992342067803723,0.17320508075688776
2026-08-31T20:58:33.037,121152281,P003,finger_reposition,TRANSITION,,,,1118,704117,106754,111679,73668.3,71559.38,33085.7,40119.62,21572.8,877.35,False,False,nan,True,0.075,nan,nan,False,0,COLLECTING,0,,0,,,,,0,53,10,30,60,0.9992342067803723,0.17320508075688776
2026-08-31T20:58:33.052,121152296,P003,finger_reposition,TRANSITION,,,,1119,704157,107006,112559,74335.05,72379.38,32670.95,40179.62,26224.51,1384.29,False,False,nan,True,0.075,nan,nan,False,0,COLLECTING,0,,0,,,,,0,53,10,30,60,0.9992342067803723,0.17320508075688776
2026-08-31T20:58:33.092,121152343,P003,finger_reposition,TRANSITION,,,,1120,704197,107566,113855,74999.67,73208.89,32566.33,40646.11,29829.91,1953.2,False,False,nan,True,0.075,nan,nan,False,0,COLLECTING,0,,0,,,,,0,53,10,30,60,0.9992342067803723,0.17320508075688776
2026-08-31T20:58:33.218,121152468,P003,finger_reposition,TRANSITION,,,,1121,704237,108195,115040,75663.58,74045.52,32531.42,40994.48,32621.05,2566.56,False,False,nan,True,0.075,nan,nan,False,0,COLLECTING,0,,0,,,,,0,53,10,30,60,0.9992342067803723,0.24494897427831783
2026-08-31T20:58:33.230,121152484,P003,finger_reposition,TRANSITION,,,,1122,704277,108839,116174,76327.09,74888.09,32511.91,41285.91,34787.27,3210.97,False,False,nan,True,0.075,nan,nan,False,0,COLLECTING,0,,0,,,,,0,53,10,30,60,0.9992342067803723,0.24494897427831783
2026-08-31T20:58:33.236,121152484,P003,finger_reposition,TRANSITION,,,,1123,704317,109352,117168,76987.59,75733.69,32364.41,41434.31,36449.03,3875.74,False,False,nan,True,0.075,nan,nan,False,0,COLLECTING,0,,0,,,,,0,53,10,30,60,0.9992342067803723,0.24494897427831783
2026-08-31T20:58:33.249,121152500,P003,finger_reposition,TRANSITION,,,,1124,704357,109548,117525,77638.8,76569.52,31909.2,40955.48,37575.64,4549.73,False,False,nan,True,0.075,nan,nan,False,0,COLLECTING,0,,0,,,,,0,53,10,30,60,0.9992342067803723,0.24494897427831783
2026-08-31T20:58:33.292,121152546,P003,finger_reposition,TRANSITION,,,,1125,704397,109830,118045,78282.62,77399.02,31547.38,40645.98,38343.23,5225.6,False,False,nan,True,0.075,nan,nan,False,0,COLLECTING,0,,0,,,,,0,53,10,30,60,0.9992342067803723,0.24494897427831783
2026-08-31T20:58:33.420,121152671,P003,finger_reposition,TRANSITION,,,,1126,704437,110110,118568,78919.16,78222.41,31190.84,40345.59,38843.82,5897.97,False,False,nan,True,0.075,nan,nan,False,0,COLLECTING,0,,0,,,,,0,53,10,30,60,0.9992342067803723,0.24494897427831783
2026-08-31T20:58:33.430,121152687,P003,finger_reposition,TRANSITION,,,,1127,704477,110307,118896,79546.92,79035.88,30760.08,39860.12,39097.9,6561.97,False,False,nan,True,0.075,nan,nan,False,0,COLLECTING,0,,0,,,,,0,53,10,30,60,0.9992342067803723,0.24494897427831783
2026-08-31T20:58:33.437,121152687,P003,finger_reposition,TRANSITION,,,,1128,704517,110472,119247,80165.42,79840.09,30306.58,39406.91,39175.15,7214.23,False,False,nan,True,0.075,nan,nan,False,0,COLLECTING,0,,0,,,,,0,53,10,30,60,0.9992342067803723,0.24494897427831783
2026-08-31T20:58:33.449,121152703,P003,finger_reposition,TRANSITION,,,,1129,704557,110610,119472,80774.31,80632.73,29835.69,38839.27,39091.18,7851.77,True,True,nan,True,0.075,nan,nan,False,0,COLLECTING,0,,0,,,,,0,53,10,30,60,0.9992342067803723,0.24494897427831783
2026-08-31T20:58:33.491,121152750,P003,finger_reposition,TRANSITION,,,,1130,704597,110703,119711,81372.88,81414.3,29330.12,38296.7,38892.56,8472.58,False,False,nan,True,0.075,nan,nan,False,0,COLLECTING,0,,0,,,,,0,53,10,30,60,0.9992342067803723,0.24494897427831783
2026-08-31T20:58:33.618,121152875,P003,finger_reposition,TRANSITION,,,,1131,704637,110754,119789,81960.51,82181.79,28793.49,37607.21,38571.23,9074.56,False,False,nan,True,0.075,nan,nan,False,0,COLLECTING,0,,0,,,,,0,53,10,30,60,0.9992342067803723,0.17320508075688776
2026-08-31T20:58:33.628,121152875,P003,finger_reposition,TRANSITION,,,,1132,704677,110806,119922,82537.41,82936.59,28268.59,36985.41,38174.77,9656.56,False,False,nan,True,0.075,nan,nan,False,0,COLLECTING,0,,0,,,,,0,53,10,30,60,0.9992342067803723,0.17320508075688776
2026-08-31T20:58:33.638,121152890,P003,finger_reposition,TRANSITION,,,,1133,704717,110984,120220,83106.34,83682.27,27877.66,36537.73,37765.52,10218.74,False,False,nan,True,0.075,nan,nan,False,0,COLLECTING,0,,0,,,,,0,53,10,30,60,0.9992342067803723,0.17320508075688776
2026-08-31T20:58:33.649,121152906,P003,finger_reposition,TRANSITION,,,,1134,704757,111118,120493,83666.58,84418.48,27451.42,36074.52,37342.77,10761.22,False,False,nan,True,0.075,nan,nan,False,0,COLLECTING,0,,0,,,,,0,53,10,30,60,0.9992342067803723,0.17320508075688776
2026-08-31T20:58:33.693,121152937,P003,finger_reposition,TRANSITION,,,,1135,704797,111177,120572,84216.79,85141.55,26960.21,35430.45,36864.69,11283.29,False,False,nan,True,0.075,nan,nan,False,0,COLLECTING,0,,0,,,,,0,53,10,30,60,0.9992342067803723,0.17320508075688776
2026-08-31T20:58:33.818,121153062,P003,finger_reposition,TRANSITION,,,,1136,704837,111209,120708,84756.63,85852.88,26452.37,34855.12,36362.3,11784.87,False,False,nan,True,0.075,nan,nan,False,0,COLLECTING,0,,0,,,,,0,53,10,30,60,0.9992342067803723,0.30000000000000004
2026-08-31T20:58:33.830,121153078,P003,finger_reposition,TRANSITION,,,,1137,704877,111308,120884,85287.66,86553.5,26020.34,34330.5,35854.35,12266.26,False,False,nan,True,0.075,nan,nan,False,0,COLLECTING,0,,0,,,,,0,53,10,30,60,0.9992342067803723,0.30000000000000004
2026-08-31T20:58:33.842,121153093,P003,finger_reposition,TRANSITION,,,,1138,704917,111323,120977,85808.36,87241.97,25514.64,33735.03,35324.52,12727.42,False,False,nan,True,0.075,nan,nan,False,0,COLLECTING,0,,0,,,,,0,53,10,30,60,0.9992342067803723,0.30000000000000004
2026-08-31T20:58:33.848,121153093,P003,finger_reposition,TRANSITION,,,,1139,704957,111372,121004,86319.63,87917.21,25052.37,33086.79,34765.09,13168.18,False,False,nan,True,0.075,nan,nan,False,0,COLLECTING,0,,0,,,,,0,53,10,30,60,0.9992342067803723,0.30000000000000004
2026-08-31T20:58:33.893,121153140,P003,finger_reposition,TRANSITION,,,,1140,704997,111422,121077,86821.68,88580.41,24600.32,32496.59,34197.96,13588.77,False,False,nan,True,0.075,nan,nan,False,0,COLLECTING,0,,0,,,,,0,53,10,30,60,0.9992342067803723,0.30000000000000004
2026-08-31T20:58:34.017,121153265,P003,finger_reposition,TRANSITION,,,,1141,705037,111448,121134,87314.2,89231.48,24133.8,31902.52,33624.1,13989.48,False,False,nan,True,0.075,nan,nan,False,0,COLLECTING,0,,0,,,,,0,53,10,30,60,0.9992342067803723,0.24494897427831783
2026-08-31T20:58:34.029,121153281,P003,finger_reposition,TRANSITION,,,,1142,705077,111456,121159,87797.04,89870.02,23658.96,31288.98,33040.32,14370.5,False,False,nan,True,0.075,nan,nan,False,0,COLLECTING,0,,0,,,,,0,53,10,30,60,0.9992342067803723,0.24494897427831783
2026-08-31T20:58:34.041,121153296,P003,finger_reposition,TRANSITION,,,,1143,705117,111405,121095,88269.2,90494.52,23135.8,30600.48,32430.36,14731.69,False,False,nan,True,0.075,nan,nan,False,0,COLLECTING,0,,0,,,,,0,53,10,30,60,0.9992342067803723,0.24494897427831783
2026-08-31T20:58:34.049,121153296,P003,finger_reposition,TRANSITION,,,,1144,705157,111323,120964,88730.27,91103.91,22592.73,29860.09,31787.79,15072.82,False,False,nan,True,0.075,nan,nan,False,0,COLLECTING,0,,0,,,,,0,53,10,30,60,0.9992342067803723,0.24494897427831783
2026-08-31T20:58:34.092,121153343,P003,finger_reposition,TRANSITION,,,,1145,705197,111275,120836,89181.16,91698.55,22093.84,29137.45,31125.21,15393.86,False,False,nan,True,0.075,nan,nan,False,0,COLLECTING,0,,0,,,,,0,53,10,30,60,0.9992342067803723,0.24494897427831783
2026-08-31T20:58:34.217,121153468,P003,finger_reposition,TRANSITION,,,,1146,705237,111248,120836,89622.5,92281.3,21625.5,28554.7,30482.58,15695.64,False,False,nan,True,0.075,nan,nan,False,0,COLLECTING,0,,0,,,,,0,53,10,30,60,0.9992342067803723,0.17320508075688776
2026-08-31T20:58:34.230,121153484,P003,finger_reposition,TRANSITION,,,,1147,705277,111234,120788,90054.73,92851.44,21179.27,27936.56,29846.07,15978.65,False,False,nan,True,0.075,nan,nan,False,0,COLLECTING,0,,0,,,,,0,53,10,30,60,0.9992342067803723,0.17320508075688776
2026-08-31T20:58:34.241,121153484,P003,finger_reposition,TRANSITION,,,,1148,705317,111049,120390,90474.61,93402.21,20574.39,26987.79,29131.5,16241.7,False,False,nan,True,0.075,nan,nan,False,0,COLLECTING,0,,0,,,,,0,53,10,30,60,0.9992342067803723,0.17320508075688776
2026-08-31T20:58:34.249,121153500,P003,finger_reposition,TRANSITION,,,,1149,705357,110823,120014,90881.58,93934.45,19941.42,26079.55,28368.52,16484.24,False,False,nan,True,0.075,nan,nan,False,0,COLLECTING,0,,0,,,,,0,53,10,30,60,0.9992342067803723,0.17320508075688776
2026-08-31T20:58:34.293,121153546,P003,finger_reposition,TRANSITION,,,,1150,705397,110673,119729,91277.41,94450.34,19395.59,25278.66,27596.05,16706.48,False,False,nan,True,0.075,nan,nan,False,0,COLLECTING,0,,0,,,,,0,53,10,30,60,0.9992342067803723,0.17320508075688776
2026-08-31T20:58:34.418,121153671,P003,finger_reposition,TRANSITION,,,,1151,705437,110380,119144,91659.46,94944.21,18720.54,24199.79,26746.99,16907.29,False,False,nan,True,0.075,nan,nan,False,0,COLLECTING,0,,0,,,,,0,53,10,30,60,0.9992342067803723,0.17320508075688776
2026-08-31T20:58:34.428,121153671,P003,finger_reposition,TRANSITION,,,,1152,705477,109840,117874,92023.07,95402.8,17816.93,22471.2,25678.04,17082.7,False,False,nan,True,0.075,nan,nan,False,0,COLLECTING,0,,0,,,,,0,53,10,30,60,0.9992342067803723,0.17320508075688776
2026-08-31T20:58:34.441,121153687,P003,finger_reposition,TRANSITION,,,,1153,705517,78474,78238,91752.09,95059.51,-13278.09,-16821.51,15053.15,17042.11,False,False,nan,True,0.075,nan,nan,False,0,COLLECTING,0,,0,,,,,0,53,10,30,60,0.9992342067803723,0.17320508075688776
2026-08-31T20:58:34.449,121153703,P003,finger_reposition,TRANSITION,,,,1154,705557,33847,35270,nan,nan,nan,nan,nan,nan,False,False,nan,False,0.0,nan,nan,False,0,COLLECTING,0,,0,,,,,0,53,10,30,60,0.9992342067803723,0.17320508075688776
2026-08-31T20:58:34.489,121153734,P003,finger_reposition,TRANSITION,,,,1155,705597,21696,24768,nan,nan,nan,nan,nan,nan,False,False,nan,False,0.0,nan,nan,False,0,COLLECTING,0,,0,,,,,0,53,10,30,60,0.9992342067803723,0.17320508075688776
2026-08-31T20:58:34.616,121153859,P003,finger_reposition,TRANSITION,,,,1156,705637,17647,20794,nan,nan,nan,nan,nan,nan,False,False,nan,False,0.0,nan,nan,False,0,NO_FINGER,0,,0,,,,,0,53,10,30,60,0.9992342067803723,0.30000000000000004
2026-08-31T20:58:34.624,121153875,P003,finger_reposition,TRANSITION,,,,1157,705677,15474,18533,nan,nan,nan,nan,nan,nan,False,False,nan,False,0.0,nan,nan,False,0,NO_FINGER,0,,0,,,,,0,53,10,30,60,0.9992342067803723,0.30000000000000004
2026-08-31T20:58:34.633,121153890,P003,finger_reposition,TRANSITION,,,,1158,705717,14688,17752,nan,nan,nan,nan,nan,nan,False,False,nan,False,0.0,nan,nan,False,0,NO_FINGER,0,,0,,,,,0,53,10,30,60,0.9992342067803723,0.30000000000000004
2026-08-31T20:58:34.650,121153906,P003,finger_reposition,TRANSITION,,,,1159,705757,14871,18010,nan,nan,nan,nan,nan,nan,False,False,nan,False,0.0,nan,nan,False,0,NO_FINGER,0,,0,,,,,0,53,10,30,60,0.9992342067803723,0.30000000000000004
2026-08-31T20:58:34.690,121153937,P003,finger_reposition,TRANSITION,,,,1160,705797,15012,18172,nan,nan,nan,nan,nan,nan,False,False,nan,False,0.0,nan,nan,False,0,NO_FINGER,0,,0,,,,,0,53,10,30,60,0.9992342067803723,0.30000000000000004
2026-08-31T20:58:34.815,121154062,P003,finger_reposition,TRANSITION,,,,1161,705837,15237,18391,nan,nan,nan,nan,nan,nan,False,False,nan,False,0.0,nan,nan,False,0,NO_FINGER,0,,0,,,,,0,53,10,30,60,0.9992342067803723,0.17320508075688776
2026-08-31T20:58:34.824,121154078,P003,finger_reposition,TRANSITION,,,,1162,705877,15455,18586,nan,nan,nan,nan,nan,nan,False,False,nan,False,0.0,nan,nan,False,0,NO_FINGER,0,,0,,,,,0,53,10,30,60,0.9992342067803723,0.17320508075688776
2026-08-31T20:58:34.832,121154078,P003,finger_reposition,TRANSITION,,,,1163,705917,15561,18647,nan,nan,nan,nan,nan,nan,False,False,nan,False,0.0,nan,nan,False,0,NO_FINGER,0,,0,,,,,0,53,10,30,60,0.9992342067803723,0.17320508075688776
2026-08-31T20:58:34.849,121154093,P003,finger_reposition,TRANSITION,,,,1164,705957,15805,18876,nan,nan,nan,nan,nan,nan,False,False,nan,False,0.0,nan,nan,False,0,NO_FINGER,0,,0,,,,,0,53,10,30,60,0.9992342067803723,0.17320508075688776
2026-08-31T20:58:34.890,121154140,P003,finger_reposition,TRANSITION,,,,1165,705997,16765,19826,nan,nan,nan,nan,nan,nan,False,False,nan,False,0.0,nan,nan,False,0,NO_FINGER,0,,0,,,,,0,53,10,30,60,0.9992342067803723,0.17320508075688776
2026-08-31T20:58:35.016,121154265,P003,finger_reposition,TRANSITION,,,,1166,706037,17458,20466,nan,nan,nan,nan,nan,nan,False,False,nan,False,0.0,nan,nan,False,0,NO_FINGER,0,,0,,,,,0,53,10,30,60,0.9992342067803723,0.24494897427831783
2026-08-31T20:58:35.025,121154281,P003,finger_reposition,TRANSITION,,,,1167,706077,17933,20869,nan,nan,nan,nan,nan,nan,False,False,nan,False,0.0,nan,nan,False,0,NO_FINGER,0,,0,,,,,0,53,10,30,60,0.9992342067803723,0.24494897427831783
2026-08-31T20:58:35.034,121154281,P003,finger_reposition,TRANSITION,,,,1168,706117,18145,21043,nan,nan,nan,nan,nan,nan,False,False,nan,False,0.0,nan,nan,False,0,NO_FINGER,0,,0,,,,,0,53,10,30,60,0.9992342067803723,0.24494897427831783
2026-08-31T20:58:35.049,121154296,P003,finger_reposition,TRANSITION,,,,1169,706157,18214,21123,nan,nan,nan,nan,nan,nan,False,False,nan,False,0.0,nan,nan,False,0,NO_FINGER,0,,0,,,,,0,53,10,30,60,0.9992342067803723,0.24494897427831783
2026-08-31T20:58:35.092,121154343,P003,finger_reposition,TRANSITION,,,,1170,706197,18444,21324,nan,nan,nan,nan,nan,nan,False,False,nan,False,0.0,nan,nan,False,0,NO_FINGER,0,,0,,,,,0,53,10,30,60,0.9992342067803723,0.24494897427831783
2026-08-31T20:58:35.215,121154468,P003,finger_reposition,TRANSITION,,,,1171,706237,19515,22298,nan,nan,nan,nan,nan,nan,False,False,nan,False,0.0,nan,nan,False,0,NO_FINGER,0,,0,,,,,0,53,10,30,60,0.9992342067803723,0.24494897427831783
2026-08-31T20:58:35.225,121154468,P003,finger_reposition,TRANSITION,,,,1172,706277,19864,22484,nan,nan,nan,nan,nan,nan,False,False,nan,False,0.0,nan,nan,False,0,NO_FINGER,0,,0,,,,,0,53,10,30,60,0.9992342067803723,0.24494897427831783
2026-08-31T20:58:35.232,121154484,P003,finger_reposition,TRANSITION,,,,1173,706317,20344,22788,nan,nan,nan,nan,nan,nan,False,False,nan,False,0.0,nan,nan,False,0,NO_FINGER,0,,0,,,,,0,53,10,30,60,0.9992342067803723,0.24494897427831783
2026-08-31T20:58:35.249,121154500,P003,finger_reposition,TRANSITION,,,,1174,706357,22010,23814,nan,nan,nan,nan,nan,nan,False,False,nan,False,0.0,nan,nan,False,0,NO_FINGER,0,,0,,,,,0,53,10,30,60,0.9992342067803723,0.24494897427831783
2026-08-31T20:58:35.290,121154546,P003,finger_reposition,TRANSITION,,,,1175,706397,22044,23461,nan,nan,nan,nan,nan,nan,False,False,nan,False,0.0,nan,nan,False,0,NO_FINGER,0,,0,,,,,0,53,10,30,60,0.9992342067803723,0.24494897427831783
2026-08-31T20:58:35.415,121154671,P003,finger_reposition,TRANSITION,,,,1176,706437,21340,22867,nan,nan,nan,nan,nan,nan,False,False,nan,False,0.0,nan,nan,False,0,NO_FINGER,0,,0,,,,,0,53,10,30,60,0.9992342067803723,0.30000000000000004
2026-08-31T20:58:35.425,121154671,P003,finger_reposition,TRANSITION,,,,1177,706477,23417,24919,nan,nan,nan,nan,nan,nan,False,False,nan,False,0.0,nan,nan,False,0,NO_FINGER,0,,0,,,,,0,53,10,30,60,0.9992342067803723,0.30000000000000004
2026-08-31T20:58:35.434,121154687,P003,finger_reposition,TRANSITION,,,,1178,706517,50168,48421,nan,nan,nan,nan,nan,nan,False,False,nan,False,0.0,nan,nan,False,0,NO_FINGER,0,,0,,,,,0,53,10,30,60,0.9992342067803723,0.30000000000000004
2026-08-31T20:58:35.450,121154703,P003,finger_reposition,TRANSITION,,,,1179,706557,99623,99634,99623.0,99634.0,0.0,0.0,0.0,0.0,False,False,nan,True,0.0,nan,nan,False,0,NO_FINGER,0,,0,,,,,0,53,10,30,60,0.9992342067803723,0.30000000000000004
2026-08-31T20:58:35.492,121154750,P003,finger_reposition,TRANSITION,,,,1180,706597,110623,114130,99843.0,99923.92,10780.0,14206.08,3551.52,71.03,False,False,nan,True,0.075,nan,nan,False,0,NO_FINGER,0,,0,,,,,0,53,10,30,60,0.9992342067803723,0.30000000000000004
2026-08-31T20:58:35.618,121154875,P003,finger_reposition,TRANSITION,,,,1181,706637,111509,116523,100076.32,100255.91,11432.68,16267.09,6730.41,204.22,False,False,nan,True,0.075,nan,nan,False,0,COLLECTING,0,,0,,,,,0,53,10,30,60,0.9992342067803723,0.30000000000000004
2026-08-31T20:58:35.629,121154875,P003,finger_reposition,TRANSITION,,,,1182,706677,112157,118051,100317.94,100611.8,11839.06,17439.2,9407.61,388.29,False,False,nan,True,0.075,nan,nan,False,0,COLLECTING,0,,0,,,,,0,53,10,30,60,0.9992342067803723,0.30000000000000004
2026-08-31T20:58:35.638,121154890,P003,finger_reposition,TRANSITION,,,,1183,706717,112230,118306,100556.18,100965.69,11673.82,17340.31,11390.78,608.34,False,False,nan,True,0.075,nan,nan,False,0,COLLECTING,0,,0,,,,,0,53,10,30,60,0.9992342067803723,0.30000000000000004
2026-08-31T20:58:35.649,121154906,P003,finger_reposition,TRANSITION,,,,1184,706757,112268,118429,100790.41,101314.95,11477.59,17114.05,12821.6,852.6,False,False,nan,True,0.075,nan,nan,False,0,COLLECTING,0,,0,,,,,0,53,10,30,60,0.9992342067803723,0.30000000000000004
2026-08-31T20:58:35.693,121154937,P003,finger_reposition,TRANSITION,,,,1185,706797,112359,118601,101021.79,101660.67,11337.21,16940.33,13851.28,1112.57,False,False,nan,True,0.075,nan,nan,False,0,COLLECTING,0,,0,,,,,0,53,10,30,60,0.9992342067803723,0.30000000000000004
2026-08-31T20:58:35.818,121155062,P003,finger_reposition,TRANSITION,,,,1186,706837,112381,118660,101248.98,102000.66,11132.02,16659.34,14553.3,1381.39,False,False,nan,True,0.075,nan,nan,False,0,COLLECTING,0,,0,,,,,0,53,10,30,60,0.9992342067803723,0.24494897427831783
2026-08-31T20:58:35.831,121155078,P003,finger_reposition,TRANSITION,,,,1187,706877,112415,118745,101472.3,102335.55,10942.7,16409.45,15017.34,1654.11,False,False,nan,True,0.075,nan,nan,False,0,COLLECTING,0,,0,,,,,0,53,10,30,60,0.9992342067803723,0.24494897427831783
2026-08-31T20:58:35.840,121155093,P003,finger_reposition,TRANSITION,,,,1188,706917,112441,118810,101691.67,102665.04,10749.33,16144.96,15299.24,1927.01,False,False,nan,True,0.075,nan,nan,False,0,COLLECTING,0,,0,,,,,0,53,10,30,60,0.9992342067803723,0.24494897427831783
2026-08-31T20:58:35.849,121155093,P003,finger_reposition,TRANSITION,,,,1189,706957,112603,119137,101909.9,102994.48,10693.1,16142.52,15510.06,2198.67,False,False,nan,True,0.075,nan,nan,False,0,COLLECTING,0,,0,,,,,0,53,10,30,60,0.9992342067803723,0.24494897427831783
2026-08-31T20:58:35.893,121155140,P003,finger_reposition,TRANSITION,,,,1190,706997,112879,119666,102129.28,103327.91,10749.72,16338.09,15717.07,2469.04,False,False,nan,True,0.075,nan,nan,False,0,COLLECTING,0,,0,,,,,0,53,10,30,60,0.9992342067803723,0.24494897427831783
2026-08-31T20:58:36.018,121155265,P003,finger_reposition,TRANSITION,,,,1191,707037,113150,120122,102349.7,103663.79,10800.3,16458.21,15902.36,2737.71,False,False,nan,True,0.075,nan,nan,False,0,COLLECTING,0,,0,,,,,0,53,10,30,60,0.9992342067803723,0.17320508075688776
2026-08-31T20:58:36.028,121155281,P003,finger_reposition,TRANSITION,,,,1192,707077,113237,120277,102567.44,103996.05,10669.56,16280.95,15997.0,3002.89,False,False,nan,True,0.075,nan,nan,False,0,COLLECTING,0,,0,,,,,0,53,10,30,60,0.9992342067803723,0.17320508075688776
2026-08-31T20:58:36.041,121155296,P003,finger_reposition,TRANSITION,,,,1193,707117,113175,120121,102779.59,104318.55,10395.41,15802.45,15948.36,3261.8,True,True,nan,True,0.075,nan,nan,False,0,COLLECTING,0,,0,,,,,0,53,10,30,60,0.9992342067803723,0.17320508075688776
2026-08-31T20:58:36.050,121155296,P003,finger_reposition,TRANSITION,,,,1194,707157,113163,120096,102987.26,104634.1,10175.74,15461.9,15826.75,3513.1,False,False,nan,True,0.075,nan,nan,False,0,COLLECTING,0,,0,,,,,0,53,10,30,60,0.9992342067803723,0.17320508075688776
2026-08-31T20:58:36.093,121155343,P003,finger_reposition,TRANSITION,,,,1195,707197,113277,120304,103193.05,104947.5,10083.95,15356.5,15709.19,3757.02,False,False,nan,True,0.075,nan,nan,False,0,COLLECTING,0,,0,,,,,0,53,10,30,60,0.9992342067803723,0.17320508075688776
2026-08-31T20:58:36.217,121155468,P003,finger_reposition,TRANSITION,,,,1196,707237,113374,120506,103396.67,105258.67,9977.33,15247.33,15593.72,3993.76,False,False,nan,True,0.075,nan,nan,False,0,COLLECTING,0,,0,,,,,0,53,10,30,60,0.9992342067803723,0.17320508075688776
2026-08-31T20:58:36.230,121155484,P003,finger_reposition,TRANSITION,,,,1197,707277,113500,120772,103598.74,105568.94,9901.26,15203.06,15496.06,4223.8,False,False,nan,True,0.075,nan,nan,False,0,COLLECTING,0,,0,,,,,0,53,10,30,60,0.9992342067803723,0.17320508075688776
2026-08-31T20:58:36.241,121155500,P003,finger_reposition,TRANSITION,,,,1198,707317,113470,120684,103796.16,105871.24,9673.84,14812.76,15325.23,4445.83,False,False,nan,True,0.075,nan,nan,False,0,COLLECTING,0,,0,,,,,0,53,10,30,60,0.9992342067803723,0.17320508075688776
2026-08-31T20:58:36.250,121155500,P003,finger_reposition,TRANSITION,,,,1199,707357,112757,119395,103975.38,106141.72,8781.62,13253.28,14807.24,4653.06,False,False,nan,True,0.075,nan,nan,False,0,COLLECTING,0,,0,,,,,0,53,10,30,60,0.9992342067803723,0.17320508075688776
2026-08-31T20:58:36.293,121155546,P003,finger_reposition,TRANSITION,,,,1200,707397,80160,76262,103499.08,105544.12,-23339.08,-29282.12,3784.9,4635.7,False,False,nan,True,0.075,nan,nan,False,0,COLLECTING,0,,0,,,,,0,53,10,30,60,0.9992342067803723,0.17320508075688776
2026-08-31T20:58:36.416,121155671,P003,finger_reposition,TRANSITION,,,,1201,707437,27070,28328,nan,nan,nan,nan,nan,nan,False,False,nan,False,0.0,nan,nan,False,0,COLLECTING,0,,0,,,,,0,53,10,30,60,0.9992342067803723,0.24494897427831783
2026-08-31T20:58:36.425,121155671,P003,finger_reposition,TRANSITION,,,,1202,707477,14572,16948,nan,nan,nan,nan,nan,nan,False,False,nan,False,0.0,nan,nan,False,0,COLLECTING,0,,0,,,,,0,53,10,30,60,0.9992342067803723,0.24494897427831783
2026-08-31T20:58:36.433,121155687,P003,finger_reposition,TRANSITION,,,,1203,707517,11008,13293,nan,nan,nan,nan,nan,nan,False,False,nan,False,0.0,nan,nan,False,0,COLLECTING,0,,0,,,,,0,53,10,30,60,0.9992342067803723,0.24494897427831783
2026-08-31T20:58:36.449,121155703,P003,finger_reposition,TRANSITION,,,,1204,707557,9861,12040,nan,nan,nan,nan,nan,nan,False,False,nan,False,0.0,nan,nan,False,0,COLLECTING,0,,0,,,,,0,53,10,30,60,0.9992342067803723,0.24494897427831783
2026-08-31T20:58:36.489,121155734,P003,finger_reposition,TRANSITION,,,,1205,707597,9400,11534,nan,nan,nan,nan,nan,nan,False,False,nan,False,0.0,nan,nan,False,0,COLLECTING,0,,0,,,,,0,53,10,30,60,0.9992342067803723,0.24494897427831783
2026-08-31T20:58:36.616,121155875,P003,finger_reposition,TRANSITION,,,,1206,707637,9423,11582,nan,nan,nan,nan,nan,nan,False,False,nan,False,0.0,nan,nan,False,0,NO_FINGER,0,,0,,,,,0,53,10,30,60,0.9992342067803723,0.24494897427831783
2026-08-31T20:58:36.625,121155875,P003,finger_reposition,TRANSITION,,,,1207,707677,9817,12067,nan,nan,nan,nan,nan,nan,False,False,nan,False,0.0,nan,nan,False,0,NO_FINGER,0,,0,,,,,0,53,10,30,60,0.9992342067803723,0.24494897427831783
2026-08-31T20:58:36.634,121155890,P003,finger_reposition,TRANSITION,,,,1208,707717,10174,12512,nan,nan,nan,nan,nan,nan,False,False,nan,False,0.0,nan,nan,False,0,NO_FINGER,0,,0,,,,,0,53,10,30,60,0.9992342067803723,0.24494897427831783
2026-08-31T20:58:36.650,121155906,P003,finger_reposition,TRANSITION,,,,1209,707757,12260,14905,nan,nan,nan,nan,nan,nan,False,False,nan,False,0.0,nan,nan,False,0,NO_FINGER,0,,0,,,,,0,53,10,30,60,0.9992342067803723,0.24494897427831783
2026-08-31T20:58:36.689,121155937,P003,finger_reposition,TRANSITION,,,,1210,707797,13587,16275,nan,nan,nan,nan,nan,nan,False,False,nan,False,0.0,nan,nan,False,0,NO_FINGER,0,,0,,,,,0,53,10,30,60,0.9992342067803723,0.24494897427831783
2026-08-31T20:58:36.815,121156062,P003,finger_reposition,TRANSITION,,,,1211,707837,14579,17284,nan,nan,nan,nan,nan,nan,False,False,nan,False,0.0,nan,nan,False,0,NO_FINGER,0,,0,,,,,0,53,10,30,60,0.9992342067803723,0.17320508075688776
2026-08-31T20:58:36.824,121156078,P003,finger_reposition,TRANSITION,,,,1212,707877,15614,18281,nan,nan,nan,nan,nan,nan,False,False,nan,False,0.0,nan,nan,False,0,NO_FINGER,0,,0,,,,,0,53,10,30,60,0.9992342067803723,0.17320508075688776
2026-08-31T20:58:36.833,121156078,P003,finger_reposition,TRANSITION,,,,1213,707917,15575,18186,nan,nan,nan,nan,nan,nan,False,False,nan,False,0.0,nan,nan,False,0,NO_FINGER,0,,0,,,,,0,53,10,30,60,0.9992342067803723,0.17320508075688776
2026-08-31T20:58:36.850,121156093,P003,finger_reposition,TRANSITION,,,,1214,707957,14992,17618,nan,nan,nan,nan,nan,nan,False,False,nan,False,0.0,nan,nan,False,0,NO_FINGER,0,,0,,,,,0,53,10,30,60,0.9992342067803723,0.17320508075688776
2026-08-31T20:58:36.890,121156140,P003,finger_reposition,TRANSITION,,,,1215,707997,14461,17086,nan,nan,nan,nan,nan,nan,False,False,nan,False,0.0,nan,nan,False,0,NO_FINGER,0,,0,,,,,0,53,10,30,60,0.9992342067803723,0.17320508075688776
2026-08-31T20:58:37.015,121156265,P003,finger_reposition,TRANSITION,,,,1216,708037,13820,16414,nan,nan,nan,nan,nan,nan,False,False,nan,False,0.0,nan,nan,False,0,NO_FINGER,0,,0,,,,,0,53,10,30,60,0.9992342067803723,0.24494897427831783
2026-08-31T20:58:37.025,121156281,P003,finger_reposition,TRANSITION,,,,1217,708077,14125,16805,nan,nan,nan,nan,nan,nan,False,False,nan,False,0.0,nan,nan,False,0,NO_FINGER,0,,0,,,,,0,53,10,30,60,0.9992342067803723,0.24494897427831783
2026-08-31T20:58:37.036,121156281,P003,finger_reposition,TRANSITION,,,,1218,708117,14957,17711,nan,nan,nan,nan,nan,nan,False,False,nan,False,0.0,nan,nan,False,0,NO_FINGER,0,,0,,,,,0,53,10,30,60,0.9992342067803723,0.24494897427831783
2026-08-31T20:58:37.049,121156296,P003,finger_reposition,TRANSITION,,,,1219,708157,15834,18627,nan,nan,nan,nan,nan,nan,False,False,nan,False,0.0,nan,nan,False,0,NO_FINGER,0,,0,,,,,0,53,10,30,60,0.9992342067803723,0.24494897427831783
2026-08-31T20:58:37.090,121156343,P003,finger_reposition,TRANSITION,,,,1220,708197,16092,18901,nan,nan,nan,nan,nan,nan,False,False,nan,False,0.0,nan,nan,False,0,NO_FINGER,0,,0,,,,,0,53,10,30,60,0.9992342067803723,0.24494897427831783
2026-08-31T20:58:37.216,121156468,P003,finger_reposition,TRANSITION,,,,1221,708237,15778,18653,nan,nan,nan,nan,nan,nan,False,False,nan,False,0.0,nan,nan,False,0,NO_FINGER,0,,0,,,,,0,53,10,30,60,0.9992342067803723,0.30000000000000004
2026-08-31T20:58:37.226,121156484,P003,finger_reposition,TRANSITION,,,,1222,708277,15264,18163,nan,nan,nan,nan,nan,nan,False,False,nan,False,0.0,nan,nan,False,0,NO_FINGER,0,,0,,,,,0,53,10,30,60,0.9992342067803723,0.30000000000000004
2026-08-31T20:58:37.235,121156484,P003,finger_reposition,TRANSITION,,,,1223,708317,15252,18179,nan,nan,nan,nan,nan,nan,False,False,nan,False,0.0,nan,nan,False,0,NO_FINGER,0,,0,,,,,0,53,10,30,60,0.9992342067803723,0.30000000000000004
2026-08-31T20:58:37.249,121156500,P003,finger_reposition,TRANSITION,,,,1224,708357,15507,18400,nan,nan,nan,nan,nan,nan,False,False,nan,False,0.0,nan,nan,False,0,NO_FINGER,0,,0,,,,,0,53,10,30,60,0.9992342067803723,0.30000000000000004
2026-08-31T20:58:37.289,121156546,P003,finger_reposition,TRANSITION,,,,1225,708397,15213,18048,nan,nan,nan,nan,nan,nan,False,False,nan,False,0.0,nan,nan,False,0,NO_FINGER,0,,0,,,,,0,53,10,30,60,0.9992342067803723,0.30000000000000004
2026-08-31T20:58:37.416,121156671,P003,finger_reposition,TRANSITION,,,,1226,708437,14577,17303,nan,nan,nan,nan,nan,nan,False,False,nan,False,0.0,nan,nan,False,0,NO_FINGER,0,,0,,,,,0,53,10,30,60,0.9992342067803723,0.24494897427831783
2026-08-31T20:58:37.424,121156671,P003,finger_reposition,TRANSITION,,,,1227,708477,13644,16286,nan,nan,nan,nan,nan,nan,False,False,nan,False,0.0,nan,nan,False,0,NO_FINGER,0,,0,,,,,0,53,10,30,60,0.9992342067803723,0.24494897427831783
2026-08-31T20:58:37.431,121156687,P003,finger_reposition,TRANSITION,,,,1228,708517,12896,15486,nan,nan,nan,nan,nan,nan,False,False,nan,False,0.0,nan,nan,False,0,NO_FINGER,0,,0,,,,,0,53,10,30,60,0.9992342067803723,0.24494897427831783
2026-08-31T20:58:37.449,121156703,P003,finger_reposition,TRANSITION,,,,1229,708557,12092,14589,nan,nan,nan,nan,nan,nan,False,False,nan,False,0.0,nan,nan,False,0,NO_FINGER,0,,0,,,,,0,53,10,30,60,0.9992342067803723,0.24494897427831783
2026-08-31T20:58:37.490,121156734,P003,finger_reposition,TRANSITION,,,,1230,708597,10897,13250,nan,nan,nan,nan,nan,nan,False,False,nan,False,0.0,nan,nan,False,0,NO_FINGER,0,,0,,,,,0,53,10,30,60,0.9992342067803723,0.24494897427831783
2026-08-31T20:58:37.615,121156859,P003,finger_reposition,TRANSITION,,,,1231,708637,9641,11784,nan,nan,nan,nan,nan,nan,False,False,nan,False,0.0,nan,nan,False,0,NO_FINGER,0,,0,,,,,0,53,10,30,60,0.9987852622060459,0.30000000000000004
2026-08-31T20:58:37.625,121156875,P003,finger_reposition,TRANSITION,,,,1232,708677,8314,10155,nan,nan,nan,nan,nan,nan,False,False,nan,False,0.0,nan,nan,False,0,NO_FINGER,0,,0,,,,,0,53,10,30,60,0.9987852622060459,0.30000000000000004
2026-08-31T20:58:37.633,121156890,P003,finger_reposition,TRANSITION,,,,1233,708717,6910,8389,nan,nan,nan,nan,nan,nan,False,False,nan,False,0.0,nan,nan,False,0,NO_FINGER,0,,0,,,,,0,53,10,30,60,0.9987852622060459,0.30000000000000004
2026-08-31T20:58:37.649,121156906,P003,finger_reposition,TRANSITION,,,,1234,708757,6266,7586,nan,nan,nan,nan,nan,nan,False,False,nan,False,0.0,nan,nan,False,0,NO_FINGER,0,,0,,,,,0,53,10,30,60,0.9987852622060459,0.30000000000000004
2026-08-31T20:58:37.689,121156937,P003,finger_reposition,TRANSITION,,,,1235,708797,5976,7225,nan,nan,nan,nan,nan,nan,False,False,nan,False,0.0,nan,nan,False,0,NO_FINGER,0,,0,,,,,0,53,10,30,60,0.9987852622060459,0.30000000000000004
2026-08-31T20:58:37.815,121157062,P003,finger_reposition,TRANSITION,,,,1236,708837,5745,6936,nan,nan,nan,nan,nan,nan,False,False,nan,False,0.0,nan,nan,False,0,NO_FINGER,0,,0,,,,,0,53,10,30,60,0.9992342067803723,0.17320508075688776
2026-08-31T20:58:37.824,121157078,P003,finger_reposition,TRANSITION,,,,1237,708877,5821,7058,nan,nan,nan,nan,nan,nan,False,False,nan,False,0.0,nan,nan,False,0,NO_FINGER,0,,0,,,,,0,53,10,30,60,0.9992342067803723,0.17320508075688776
2026-08-31T20:58:37.831,121157078,P003,finger_reposition,TRANSITION,,,,1238,708917,5880,7175,nan,nan,nan,nan,nan,nan,False,False,nan,False,0.0,nan,nan,False,0,NO_FINGER,0,,0,,,,,0,53,10,30,60,0.9992342067803723,0.17320508075688776
2026-08-31T20:58:37.849,121157093,P003,finger_reposition,TRANSITION,,,,1239,708957,5873,7193,nan,nan,nan,nan,nan,nan,False,False,nan,False,0.0,nan,nan,False,0,NO_FINGER,0,,0,,,,,0,53,10,30,60,0.9992342067803723,0.17320508075688776
2026-08-31T20:58:37.889,121157140,P003,finger_reposition,TRANSITION,,,,1240,708997,5881,7226,nan,nan,nan,nan,nan,nan,False,False,nan,False,0.0,nan,nan,False,0,NO_FINGER,0,,0,,,,,0,53,10,30,60,0.9992342067803723,0.17320508075688776
2026-08-31T20:58:38.016,121157265,P003,finger_reposition,TRANSITION,,,,1241,709037,5911,7261,nan,nan,nan,nan,nan,nan,False,False,nan,False,0.0,nan,nan,False,0,NO_FINGER,0,,0,,,,,0,53,10,30,60,0.9992342067803723,0.30000000000000004
2026-08-31T20:58:38.026,121157281,P003,finger_reposition,TRANSITION,,,,1242,709077,5862,7191,nan,nan,nan,nan,nan,nan,False,False,nan,False,0.0,nan,nan,False,0,NO_FINGER,0,,0,,,,,0,53,10,30,60,0.9992342067803723,0.30000000000000004
2026-08-31T20:58:38.033,121157281,P003,finger_reposition,TRANSITION,,,,1243,709117,5765,7049,nan,nan,nan,nan,nan,nan,False,False,nan,False,0.0,nan,nan,False,0,NO_FINGER,0,,0,,,,,0,53,10,30,60,0.9992342067803723,0.30000000000000004
2026-08-31T20:58:38.049,121157296,P003,finger_reposition,TRANSITION,,,,1244,709157,5658,6900,nan,nan,nan,nan,nan,nan,False,False,nan,False,0.0,nan,nan,False,0,NO_FINGER,0,,0,,,,,0,53,10,30,60,0.9992342067803723,0.30000000000000004
2026-08-31T20:58:38.091,121157343,P003,finger_reposition,TRANSITION,,,,1245,709197,5651,6876,nan,nan,nan,nan,nan,nan,False,False,nan,False,0.0,nan,nan,False,0,NO_FINGER,0,,0,,,,,0,53,10,30,60,0.9992342067803723,0.30000000000000004
2026-08-31T20:58:38.215,121157468,P003,finger_reposition,TRANSITION,,,,1246,709237,5739,6966,nan,nan,nan,nan,nan,nan,False,False,nan,False,0.0,nan,nan,False,0,NO_FINGER,0,,0,,,,,0,53,10,30,60,0.9987852622060459,0.30000000000000004
2026-08-31T20:58:38.225,121157468,P003,finger_reposition,TRANSITION,,,,1247,709277,5736,6951,nan,nan,nan,nan,nan,nan,False,False,nan,False,0.0,nan,nan,False,0,NO_FINGER,0,,0,,,,,0,53,10,30,60,0.9987852622060459,0.30000000000000004
2026-08-31T20:58:38.231,121157484,P003,finger_reposition,TRANSITION,,,,1248,709317,5655,6870,nan,nan,nan,nan,nan,nan,False,False,nan,False,0.0,nan,nan,False,0,NO_FINGER,0,,0,,,,,0,53,10,30,60,0.9987852622060459,0.30000000000000004
2026-08-31T20:58:38.249,121157500,P003,finger_reposition,TRANSITION,,,,1249,709357,5625,6821,nan,nan,nan,nan,nan,nan,False,False,nan,False,0.0,nan,nan,False,0,NO_FINGER,0,,0,,,,,0,53,10,30,60,0.9987852622060459,0.30000000000000004
2026-08-31T20:58:38.289,121157546,P003,finger_reposition,TRANSITION,,,,1250,709397,5589,6779,nan,nan,nan,nan,nan,nan,False,False,nan,False,0.0,nan,nan,False,0,NO_FINGER,0,,0,,,,,0,53,10,30,60,0.9987852622060459,0.30000000000000004
2026-08-31T20:58:38.416,121157671,P003,finger_reposition,TRANSITION,,,,1251,709437,5597,6777,nan,nan,nan,nan,nan,nan,False,False,nan,False,0.0,nan,nan,False,0,NO_FINGER,0,,0,,,,,0,53,10,30,60,0.9987852622060459,0.24494897427831783
2026-08-31T20:58:38.424,121157671,P003,finger_reposition,TRANSITION,,,,1252,709477,5682,6889,nan,nan,nan,nan,nan,nan,False,False,nan,False,0.0,nan,nan,False,0,NO_FINGER,0,,0,,,,,0,53,10,30,60,0.9987852622060459,0.24494897427831783
2026-08-31T20:58:38.431,121157687,P003,finger_reposition,TRANSITION,,,,1253,709517,5959,7215,nan,nan,nan,nan,nan,nan,False,False,nan,False,0.0,nan,nan,False,0,NO_FINGER,0,,0,,,,,0,53,10,30,60,0.9987852622060459,0.24494897427831783
2026-08-31T20:58:38.449,121157703,P003,finger_reposition,TRANSITION,,,,1254,709557,6216,7484,nan,nan,nan,nan,nan,nan,False,False,nan,False,0.0,nan,nan,False,0,NO_FINGER,0,,0,,,,,0,53,10,30,60,0.9987852622060459,0.24494897427831783
2026-08-31T20:58:38.489,121157734,P003,finger_reposition,TRANSITION,,,,1255,709597,6370,7647,nan,nan,nan,nan,nan,nan,False,False,nan,False,0.0,nan,nan,False,0,NO_FINGER,0,,0,,,,,0,53,10,30,60,0.9987852622060459,0.24494897427831783
2026-08-31T20:58:38.616,121157859,P003,finger_reposition,TRANSITION,,,,1256,709637,6563,7869,nan,nan,nan,nan,nan,nan,False,False,nan,False,0.0,nan,nan,False,0,NO_FINGER,0,,0,,,,,0,53,10,30,60,0.9992342067803723,0.24494897427831783
2026-08-31T20:58:38.624,121157875,P003,finger_reposition,TRANSITION,,,,1257,709677,6853,8191,nan,nan,nan,nan,nan,nan,False,False,nan,False,0.0,nan,nan,False,0,NO_FINGER,0,,0,,,,,0,53,10,30,60,0.9992342067803723,0.24494897427831783
2026-08-31T20:58:38.632,121157890,P003,finger_reposition,TRANSITION,,,,1258,709717,7241,8620,nan,nan,nan,nan,nan,nan,False,False,nan,False,0.0,nan,nan,False,0,NO_FINGER,0,,0,,,,,0,53,10,30,60,0.9992342067803723,0.24494897427831783
